gene,target_herb_degree,target_idf,network_degree_unweighted,network_degree_weighted,in_STRING,matched_stratum,Z_meta_equal,measured_in_CAP_primary,syndrome_code,frozen_target_weight,measured_weight_normalized,alignment_contribution
ABCB1,28,2.7859957645113047,21.0,16.63,True,D2_U3,-9.244803810105765,True,PDOL,0.0014432498221752,0.0023907244052065856,-0.022101778090166682
ABCB11,18,3.2088526153313386,18.0,15.145999999999999,True,D1_U3,,False,PDOL,0.0015683137590584,0.0,0.0
ABCC1,60,2.042417730324468,4.0,3.299,True,D1_U3,-1.5812475234293173,True,PDOL,0.0030594523946712,0.005067942773403137,-0.008013671959325216
ABCG2,63,1.9944085111381071,27.0,21.456999999999997,True,D2_U3,,False,PDOL,0.0032269194911155,0.0,0.0
ACHE,95,1.5889434030299427,30.0,24.661000000000005,True,D2_U4,,False,PDOL,0.0035228167047795,0.0,0.0
ACP1,24,2.9344157696295783,17.0,13.466,True,D1_U3,-4.322366262742755,True,PDOL,0.0036908497004117,0.006113844130896778,-0.026426273607056034
ADORA1,31,2.6875556916980523,18.0,14.756999999999998,True,D1_U3,,False,PDOL,0.0025154681443826,0.0,0.0
ADORA2A,35,2.569772656041669,33.0,28.406,True,D2_U3,4.208253074992976,True,PDOL,0.0031031883888349,0.005140390874228496,0.0216320657031379
ADORA2B,31,2.6875556916980523,8.0,6.59,True,D1_U3,6.194930504803826,True,PDOL,0.0025154681443826,0.004166839996024731,0.025813284200010257
ADORA3,74,1.8358034809614685,5.0,4.574,True,D1_U4,0.3497821693270508,True,PDOL,0.0037895743907895,0.006277380285938146,0.002195715694106307
ADRA1A,2,5.054679305829669,12.0,10.276,True,D1_U1,,False,PDOL,0.0,0.0,0.0
ADRA1B,2,5.054679305829669,13.0,10.910000000000002,True,D1_U1,,False,PDOL,0.0,0.0,0.0
ADRA1D,1,5.460144413937834,19.0,15.749,True,D2_U1,,False,PDOL,0.0,0.0,0.0
ADRA2A,2,5.054679305829669,18.0,14.803999999999998,True,D1_U1,-0.5922268373153505,True,PDOL,0.0001676057584321,0.00027763674104103853,-0.00016442392906927523
ADRA2B,13,3.5142342648825204,5.0,4.398000000000001,True,D1_U2,,False,PDOL,0.0005765316823806,0.0,0.0
ADRA2C,2,5.054679305829669,9.0,7.438,True,D1_U1,,False,PDOL,0.0,0.0,0.0
ADRB1,1,5.460144413937834,28.0,24.29,True,D2_U1,,False,PDOL,0.0003246705031484,0.0,0.0
ADRB2,25,2.8951950564762967,64.0,53.324000000000005,True,D3_U3,-5.584192512554655,True,PDOL,0.0025068117913144,0.004152500860677367,-0.023188364214571315
AGTR1,1,5.460144413937834,46.0,38.625,True,D3_U1,,False,PDOL,6.627406812735347e-05,0.0,0.0
AKR1B1,113,1.4170931461032836,42.0,37.897,True,D3_U4,-4.081977169265002,True,PDOL,0.0060534896234242,0.01002752618224694,-0.04093213294013906
AKR1B10,87,1.6759547800195724,40.0,35.381,True,D3_U4,,False,PDOL,0.0045662698866927,0.0,0.0
AKR1C2,44,2.3466291047274592,29.0,26.800000000000004,True,D2_U3,,False,PDOL,0.0015520744321504,0.0,0.0
AKR1C3,45,2.324650198008684,61.0,56.412,True,D3_U3,-4.992401538846224,True,PDOL,0.0015375374526609,0.002546910628719523,-0.01271520054212315
AKR1C4,44,2.3466291047274592,30.0,27.675,True,D2_U3,,False,PDOL,0.0015520744321504,0.0,0.0
AKT1,67,1.9337838893216723,435.0,367.50600000000003,True,D4_U4,-1.7440732459487165,True,PDOL,0.0045346573257114,0.00751160039741965,-0.013100781287397358
ALDH2,2,5.054679305829669,67.0,59.902,True,D3_U1,2.3419342157906966,True,PDOL,0.0006716738229704,0.0011126188801420217,0.0026056802245393285
ALK,51,2.2020478759163518,66.0,56.75900000000001,True,D3_U3,,False,PDOL,0.0023236070987028,0.0,0.0
ALOX12,79,1.7712649598238974,30.0,25.554000000000002,True,D2_U4,1.4542277060112994,True,PDOL,0.0033293466370434,0.0055150190467897365,0.00802009349702166
ALOX15,116,1.391117659700023,44.0,37.713,True,D3_U4,-4.2244541453378535,True,PDOL,0.0116226813456082,0.01925281924165153,-0.0813326520548352
ALOX5,105,1.4898525003857117,44.0,38.684,True,D3_U4,9.021832479512788,True,PDOL,0.0068877003949304,0.011409385386303702,0.1029335636494333
ALPI,46,2.3031439927877204,7.0,5.943999999999999,True,D1_U3,,False,PDOL,0.0025886307141171,0.0,0.0
ALPL,46,2.3031439927877204,24.0,19.775999999999996,True,D2_U3,9.99672616508083,True,PDOL,0.0025886307141171,0.004288032833414643,0.04286629002252185
AMY1A,83,1.7224747956544653,2.0,1.9020000000000001,True,D1_U4,,False,PDOL,0.0043229228575911,0.0,0.0
ANPEP,2,5.054679305829669,59.0,50.354000000000006,True,D3_U1,8.848331678022056,True,PDOL,0.0,0.0,0.0
AOC3,5,4.361532125269724,38.0,32.681000000000004,True,D3_U2,2.5635597985384377,True,PDOL,0.0005752742322458,0.0009529342221873223,0.002442903862650915
AOX1,5,4.361532125269724,88.0,80.817,True,D4_U2,,False,PDOL,0.0012992920963058,0.0,0.0
APEX1,91,1.6315030174487386,84.0,70.339,True,D4_U4,-5.2414174329799454,True,PDOL,0.004931664045989,0.008169236823640158,-0.04281838030156924
APOBEC3G,10,3.755396321699408,28.0,23.294000000000004,True,D2_U2,-0.8721796337723124,True,PDOL,0.0005060113075429,0.0008382010956565033,-0.0007310619246372401
APP,94,1.599414702897238,212.0,178.41299999999998,True,D4_U4,3.407337841223016,True,PDOL,0.0042308672275263,0.007008376083352797,0.023879905034330337
AR,71,1.8766254754817235,140.0,118.24,True,D4_U4,-1.3336668796787785,True,PDOL,0.0143420414202717,0.023757403546566986,-0.03168446225721954
ATR,3,4.7669972333778885,106.0,89.698,True,D4_U1,-4.566839099445882,True,PDOL,0.0004416400443145,0.0007315709422142038,-0.0033409667829222894
AURKA,11,3.6683849447097785,122.0,104.144,True,D4_U2,6.362200615838401,True,PDOL,0.0007803265289625,0.0012926006628631538,0.008223784733301083
AURKB,59,2.058947032275678,158.0,133.927,True,D4_U3,6.689665913304518,True,PDOL,0.0024526043577518,0.004062706957798929,0.02717815225133259
AVPR2,49,2.241268589069633,26.0,22.086000000000002,True,D2_U3,,False,PDOL,0.0021813335389727,0.0,0.0
AXL,51,2.2020478759163518,32.0,26.95,True,D2_U3,-6.015778224812396,True,PDOL,0.0023236070987028,0.0038490246897156396,-0.023154878915156635
BACE1,96,1.578580615994396,41.0,33.926,True,D3_U4,,False,PDOL,0.0051873852851804,0.0,0.0
BBOX1,1,5.460144413937834,51.0,41.60199999999999,True,D3_U1,,False,PDOL,0.0,0.0,0.0
BCHE,79,1.7712649598238974,20.0,15.821000000000003,True,D2_U4,,False,PDOL,0.0032634778858859,0.0,0.0
BCL2,51,2.2020478759163518,277.0,232.608,True,D4_U3,-5.780873706615038,True,PDOL,0.0035490037310585,0.0058788781426787565,-0.03398505207940548
BCL2L1,43,2.369101960579518,139.0,118.73299999999999,True,D4_U3,-1.60672107932677,True,PDOL,0.0018666935739385,0.003092153427416345,-0.004968228092342362
BCR,8,3.95606701716156,23.0,19.337999999999997,True,D2_U2,1.5582726487324583,True,PDOL,0.0002336704618034,0.0003870720558740984,0.0006031637977572494
BRAF,11,3.6683849447097785,94.0,81.59299999999998,True,D4_U2,0.8840279126077919,True,PDOL,0.0007803265289625,0.0012926006628631538,0.001142695065826362
CA1,117,1.3826069700321142,12.0,9.564,True,D1_U4,2.411233113262115,True,PDOL,0.0052645063609018,0.008720585753756909,0.02102736513650052
CA12,113,1.4170931461032836,2.0,1.545,True,D1_U4,,False,PDOL,0.0053466311858873,0.0,0.0
CA13,52,2.182999680945657,1.0,0.854,True,D1_U3,-1.864251497219108,True,PDOL,0.0041873793104967,0.006936338919047058,-0.012931080215052647
CA14,99,1.5481214085096875,1.0,0.85,True,D1_U4,,False,PDOL,0.0052035576697682,0.0,0.0
CA2,117,1.3826069700321142,21.0,17.167,True,D2_U4,0.3178661903218973,True,PDOL,0.0052645063609018,0.008720585753756909,0.0027719793709221198
CA3,97,1.568324115827207,4.0,3.096,True,D1_U4,,False,PDOL,0.0052362033329059,0.0,0.0
CA4,111,1.4347927232026845,7.0,5.308999999999999,True,D1_U4,8.855560966591357,True,PDOL,0.0051694408959326,0.008563111057621739,0.0758311520344619
CA5A,97,1.568324115827207,2.0,1.583,True,D1_U4,,False,PDOL,0.0052362033329059,0.0,0.0
CA5B,97,1.568324115827207,2.0,1.609,True,D1_U4,-7.797463299108372,True,PDOL,0.0052362033329059,0.008673702159017183,-0.06763287425233354
CA6,100,1.5381710776565196,6.0,4.981,True,D1_U4,-3.9082288950882655,True,PDOL,0.005170112540631,0.008564223628257412,-0.033470946247953284
CA7,113,1.4170931461032836,5.0,3.808,True,D1_U4,,False,PDOL,0.0053466311858873,0.0,0.0
CA9,103,1.5089006953564064,14.0,11.239999999999998,True,D1_U4,,False,PDOL,0.0055660933007035,0.0,0.0
CACNA1C,2,5.054679305829669,121.0,103.215,True,D4_U1,,False,PDOL,0.0003005607817421,0.0,0.0
CACNA1D,1,5.460144413937834,97.0,82.534,True,D4_U1,1.8528425583995385,True,PDOL,0.0003246705031484,0.0005378124310853763,0.0009964817607513042
CAMK2B,50,2.221465961773453,81.0,69.56099999999999,True,D4_U3,,False,PDOL,0.0022941530283858,0.0,0.0
CARM1,10,3.755396321699408,63.0,56.17399999999999,True,D3_U2,-1.952849450998261,True,PDOL,0.0005755323362736,0.0009533617681248742,-0.001861772005485392
CBR1,23,2.975237764149833,37.0,34.451,True,D3_U3,1.4650999820657578,True,PDOL,0.002750252336466,0.004555756931503388,0.006674639398641565
CCR4,49,2.241268589069633,20.0,15.860999999999999,True,D2_U3,-2.6207776266780702,True,PDOL,0.0021813335389727,0.003613350403645243,-0.009469787895221628
CD38,67,1.9337838893216723,99.0,82.366,True,D4_U4,2.2261423043995325,True,PDOL,0.0036633062611718,0.0060682187849709366,0.013508718549575732
CDC25B,32,2.6567840330312986,41.0,36.07,True,D3_U3,-5.30776168915212,True,PDOL,0.00359029034638,0.005947268879570532,-0.03156668591407113
CDK6,69,1.90479635244842,64.0,55.172000000000004,True,D3_U4,-3.5328012994464384,True,PDOL,0.0032099732375301,0.005317278575830386,-0.018784888662212295
CES1,13,3.5142342648825204,34.0,28.137,True,D2_U2,4.881546353699304,True,PDOL,0.0015613463403562,0.0025863497389826294,0.0126253861377218
CES2,12,3.588342237036242,24.0,19.915000000000003,True,D2_U2,-0.8889126599783478,True,PDOL,0.001675315174413,0.002775137618132949,-0.002466854961940536
CHRM1,6,4.207381445442466,37.0,30.544000000000004,True,D3_U2,,False,PDOL,0.0002715191199713,0.0,0.0
CHRM2,6,4.207381445442466,27.0,21.977999999999994,True,D2_U2,,False,PDOL,0.0002715191199713,0.0,0.0
CHRM3,4,4.543853682063679,9.0,7.875,True,D1_U1,,False,PDOL,0.000293233016552,0.0,0.0
CHRM4,6,4.207381445442466,8.0,6.57,True,D1_U2,,False,PDOL,0.0002715191199713,0.0,0.0
CHRM5,5,4.361532125269724,7.0,6.402,True,D1_U2,,False,PDOL,0.0002814670786892,0.0,0.0
CHRNA3,3,4.7669972333778885,18.0,15.431999999999999,True,D1_U1,,False,PDOL,0.0003076333606772,0.0,0.0
CHRNA7,10,3.755396321699408,13.0,11.094,True,D1_U2,2.4982435086335006,True,PDOL,0.0016748859211138,0.0027744265656715903,0.006931193157869387
CLK1,1,5.460144413937834,10.0,8.269,True,D1_U1,-0.8980011408784694,True,PDOL,0.0003246705031484,0.0005378124310853763,-0.0004829561766932911
CNR1,16,3.3200782504415627,40.0,34.199,True,D3_U2,1.7746309628518888,True,PDOL,0.0056904429121302,0.009426144065592714,0.016727927119103418
CNR2,16,3.3200782504415627,10.0,8.564,True,D1_U2,-5.767700255497101,True,PDOL,0.0056904429121302,0.009426144065592714,-0.05436717353547158
CSNK1D,1,5.460144413937834,83.0,71.60600000000001,True,D4_U1,6.590724192704918,True,PDOL,0.0003246705031484,0.0005378124310853763,0.0035445734006918357
CSNK2A1,49,2.241268589069633,74.0,61.39800000000001,True,D3_U3,-2.768573447526141,True,PDOL,0.0024140820627082,0.0039988952811991696,-0.011071235294965601
CTBP2,8,3.95606701716156,54.0,46.076,True,D3_U2,5.0176015404803564,True,PDOL,0.0007358931693038,0.0012189973852398286,0.006116443158020891
CTSD,12,3.588342237036242,41.0,33.330999999999996,True,D3_U2,11.211974798231353,True,PDOL,0.0005544416168647,0.0009184252679850525,0.010297360958707286
CTSL,39,2.4644121403838426,24.0,20.576000000000004,True,D2_U3,3.613217406348844,True,PDOL,0.0040037365543485,0.0066321371015812475,0.023963353216725335
CXCL8,94,1.599414702897238,211.0,174.51399999999998,True,D4_U4,-0.9900714197639008,True,PDOL,0.0158528139802766,0.026259978481567876,-0.02599925417821539
CXCR1,49,2.241268589069633,75.0,64.64699999999999,True,D3_U3,6.949492877891695,True,PDOL,0.0021813335389727,0.003613350403645243,0.0251109528954597
CYP19A1,115,1.3997014033914144,65.0,57.426,True,D3_U4,2.843194812265676,True,PDOL,0.0062587175148072,0.010367483493184938,0.029476775284073446
CYP1A1,79,1.7712649598238974,101.0,93.85399999999998,True,D4_U4,,False,PDOL,0.0033168659082174,0.0,0.0
CYP1A2,86,1.6873834758431951,91.0,83.499,True,D4_U4,,False,PDOL,0.0084506609020677,0.0,0.0
CYP1B1,78,1.7838437420307574,68.0,61.660000000000004,True,D3_U4,8.476596914117073,True,PDOL,0.0033404209012959,0.005533363420308007,0.04690409129327114
CYP2A13,10,3.755396321699408,52.0,48.011,True,D3_U2,,False,PDOL,0.001271240489146,0.0,0.0
CYP2A6,66,1.948598975106813,84.0,77.206,True,D4_U4,,False,PDOL,0.0035018844022237,0.0,0.0
CYP2B6,14,3.445241393395569,84.0,73.36799999999998,True,D4_U2,,False,PDOL,0.0011997059542362,0.0,0.0
CYP2C19,105,1.4898525003857117,60.0,51.43999999999999,True,D3_U4,,False,PDOL,0.004297136892208,0.0,0.0
CYP2C8,51,2.2020478759163518,70.0,62.368999999999986,True,D3_U3,,False,PDOL,0.0022439240178657,0.0,0.0
CYP2C9,106,1.4804627600358728,89.0,81.19600000000001,True,D4_U4,,False,PDOL,0.0046147126660705,0.0,0.0
CYP2D6,105,1.4898525003857117,48.0,43.664,True,D3_U4,-2.839741328725197,True,PDOL,0.0038111885483107,0.006313183854447188,-0.01792780910731432
CYP2E1,4,4.543853682063679,109.0,99.743,True,D4_U1,-5.775080361622667,True,PDOL,0.0013326924737701,0.002207587607303752,-0.01274899583750147
CYP2J2,51,2.2020478759163518,33.0,29.669,True,D2_U3,-3.631365226288877,True,PDOL,0.002325354423011,0.00385191910951964,-0.013987725108787237
CYP3A4,134,1.2480168160593494,117.0,107.55499999999999,True,D4_U4,,False,PDOL,0.0178893439989278,0.0,0.0
CYP3A5,1,5.460144413937834,81.0,72.753,True,D4_U1,,False,PDOL,6.627406812735347e-05,0.0,0.0
DAO,29,2.7520942128356234,23.0,20.528999999999996,True,D2_U3,,False,PDOL,0.0029422520426449,0.0,0.0
DAPK1,82,1.734450986701181,25.0,22.162,True,D2_U4,2.159051727431104,True,PDOL,0.0041943707155187,0.006947920089788231,0.015000918871910553
DHFR,11,3.6683849447097785,44.0,39.083000000000006,True,D3_U2,7.066766448827854,True,PDOL,0.0012156976837138,0.002013787271719395,0.014230964326863204
DNMT1,8,3.95606701716156,128.0,111.362,True,D4_U2,-4.1684828193914,True,PDOL,0.0009704272584161,0.0016075000284264398,-0.0067008362506668015
DNMT3B,2,5.054679305829669,91.0,79.14200000000001,True,D4_U1,-0.3323985810152821,True,PDOL,0.0,0.0,-0.0
DPP4,82,1.734450986701181,51.0,43.902,True,D3_U4,-6.380240653937316,True,PDOL,0.0039345550545322,0.006517538854307363,-0.04158346636186788
DRD1,74,1.8358034809614685,32.0,27.140000000000004,True,D2_U4,,False,PDOL,0.0102644796079497,0.0,0.0
DRD2,11,3.6683849447097785,67.0,57.809000000000005,True,D3_U2,,False,PDOL,0.0008112062067918,0.0,0.0
DRD3,4,4.543853682063679,21.0,16.906000000000002,True,D2_U1,,False,PDOL,0.0005551786507492,0.0,0.0
DRD4,2,5.054679305829669,32.0,25.142,True,D2_U1,-3.352598425011793,True,PDOL,8.726419650770308e-05,0.00014455199722614864,-0.00048462479823269496
DRD5,2,5.054679305829669,21.0,18.168,True,D2_U1,,False,PDOL,8.726419650770308e-05,0.0,0.0
DUSP3,75,1.822558254211448,13.0,12.047999999999998,True,D1_U4,7.581376307314052,True,PDOL,0.0041891138741699,0.00693921220102651,0.052608778972286975
DYRK1A,11,3.6683849447097785,31.0,24.544999999999998,True,D2_U2,2.6761675772553914,True,PDOL,0.0005621974291715,0.0009312726693698819,0.002492241723351758
DYRK1B,1,5.460144413937834,9.0,7.327,True,D1_U1,-2.653862519082846,True,PDOL,0.0003246705031484,0.0005378124310853763,-0.0014272802531543063
EBP,2,5.054679305829669,15.0,12.859000000000002,True,D1_U1,0.1141884149878733,True,PDOL,0.0,0.0,0.0
EDNRA,1,5.460144413937834,23.0,19.941999999999997,True,D2_U1,,False,PDOL,0.0002678348703659,0.0,0.0
EGFR,97,1.568324115827207,506.0,428.06200000000007,True,D4_U4,,False,PDOL,0.0042563730927543,0.0,0.0
EGLN1,23,2.975237764149833,35.0,29.538999999999998,True,D2_U3,4.995698260205372,True,PDOL,0.006750512824443,0.011182135974721643,0.055862577234296815
EHMT2,138,1.2188176613670871,101.0,86.722,True,D4_U4,-2.3677495286164345,True,PDOL,0.0167646132078543,0.027770361945695477,-0.06575326140642823
ENPP2,1,5.460144413937834,8.0,6.714,True,D1_U1,-4.344658446263556,True,PDOL,0.0,0.0,-0.0
EP300,7,4.073850052817943,390.0,338.03700000000003,True,D4_U2,6.953264094236429,True,PDOL,0.0002608618838111,0.00043211428987077684,0.003004604776364945
EPHB4,11,3.6683849447097785,22.0,18.684,True,D2_U2,1.3131085470560244,True,PDOL,0.0007803265289625,0.0012926006628631538,0.00169732497833589
EPHX2,73,1.849226501293609,52.0,43.11000000000001,True,D3_U4,-9.578015104069204,True,PDOL,0.0035040820381676,0.005804465947459769,-0.05559526251582502
ERBB2,41,2.4156219762144104,229.0,190.97500000000002,True,D4_U3,-7.653680365880861,True,PDOL,0.0026787770812419,0.004437359108474326,-0.03396212828489255
ERN1,4,4.543853682063679,65.0,51.351,True,D3_U1,,False,PDOL,4.91247500015465e-05,0.0,0.0
ESR1,117,1.3826069700321142,256.0,218.70499999999998,True,D4_U4,-1.8768301969543448,True,PDOL,0.006137866722067,0.010167295739718174,-0.01908228766566833
ESR2,43,2.369101960579518,59.0,51.397999999999996,True,D3_U3,-1.8456425486263568,True,PDOL,0.0025278331519224,0.0041873224688729945,-0.007728300513371162
ESRRA,39,2.4644121403838426,23.0,19.002000000000002,True,D2_U3,5.928154596728167,True,PDOL,0.0022731583047806,0.003765456924114765,0.022322210773472847
ESRRB,4,4.543853682063679,23.0,18.432,True,D2_U1,,False,PDOL,0.0011146119244695,0.0,0.0
F10,5,4.361532125269724,31.0,26.27,True,D2_U2,,False,PDOL,0.0021587114181888,0.0,0.0
F2,59,2.058947032275678,88.0,77.32799999999999,True,D4_U3,,False,PDOL,0.0036398676288925,0.0,0.0
F3,60,2.042417730324468,57.0,47.352,True,D3_U3,,False,PDOL,0.0051922598128193,0.0,0.0
FABP2,63,1.9944085111381071,6.0,4.918,True,D1_U3,,False,PDOL,0.0047310222365773,0.0,0.0
FABP3,70,1.8906117174564636,9.0,7.167,True,D1_U4,,False,PDOL,0.0051429731331899,0.0,0.0
FABP4,73,1.849226501293609,32.0,26.402,True,D2_U4,,False,PDOL,0.0058625507299201,0.0,0.0
FABP5,63,1.9944085111381071,12.0,9.649999999999999,True,D1_U3,3.770009936787962,True,PDOL,0.0047310222365773,0.00783687629735067,0.029545101514390073
FASN,51,2.2020478759163518,78.0,64.767,True,D3_U3,-1.6192161308849082,True,PDOL,0.0028587328145872,0.004735453421014785,-0.007667722566361263
FDPS,3,4.7669972333778885,32.0,28.755,True,D2_U1,2.450906140760815,True,PDOL,0.0052396164825907,0.008679355996713678,0.021272286910194758
FLT3,76,1.8094861726440952,96.0,78.057,True,D4_U4,3.015094603400984,True,PDOL,0.003244535433723,0.00537453040061244,0.016204717606701096
FLT4,11,3.6683849447097785,75.0,63.114999999999995,True,D3_U2,-4.601762940880709,True,PDOL,0.0007803265289625,0.0012926006628631538,-0.005948241827721501
FOLH1,5,4.361532125269724,23.0,18.802000000000007,True,D2_U2,,False,PDOL,0.0006764398344912,0.0,0.0
FUCA1,1,5.460144413937834,7.0,5.457,True,D1_U1,0.0375691642084063,True,PDOL,0.0,0.0,0.0
FUT7,26,2.85745472849345,11.0,9.043,True,D1_U3,8.436325742267826,True,PDOL,0.0018164280222846,0.0030088892002300676,0.02538396941553257
FYN,6,4.207381445442466,175.0,153.58500000000004,True,D4_U2,-6.3648172398840845,True,PDOL,0.0012822537930871,0.002124036594150998,-0.013519104732596947
GAA,108,1.4619437122686354,12.0,11.084,True,D1_U4,4.485763384093747,True,PDOL,0.0084098336853909,0.013930779222331886,0.06249017934743035
GABRR1,16,3.3200782504415627,8.0,6.106999999999999,True,D1_U2,,False,PDOL,0.013905831490391,0.0,0.0
GBA,97,1.568324115827207,57.0,49.833000000000006,True,D3_U4,,False,PDOL,0.0042471385781259,0.0,0.0
GBA2,3,4.7669972333778885,31.0,28.819,True,D2_U1,5.438194405433518,True,PDOL,0.0010112826218147,0.0016751764021629059,0.009109934938356564
GLO1,74,1.8358034809614685,21.0,17.227,True,D2_U4,-2.907573447480508,True,PDOL,0.0031154105048921,0.005160636649209557,-0.01500493009333649
GLRA1,13,3.5142342648825204,7.0,5.806,True,D1_U2,,False,PDOL,0.0016568004995108,0.0,0.0
GLRA2,2,5.054679305829669,2.0,1.5619999999999998,True,D1_U1,,False,PDOL,5.780622496984259e-05,0.0,0.0
GPBAR1,3,4.7669972333778885,24.0,19.283,True,D2_U1,-2.3795300043762517,True,PDOL,0.0,0.0,-0.0
GPR35,70,1.8906117174564636,2.0,1.805,True,D1_U4,-1.418493101954256,True,PDOL,0.0027384025240683,0.004536127872652299,-0.00643446609693972
GRIA1,5,4.361532125269724,79.0,68.036,True,D3_U2,,False,PDOL,0.0006764398344912,0.0,0.0
GRIA2,5,4.361532125269724,66.0,56.599999999999994,True,D3_U2,,False,PDOL,0.0006764398344912,0.0,0.0
GRIA4,5,4.361532125269724,46.0,39.918,True,D3_U2,,False,PDOL,0.0006764398344912,0.0,0.0
GRIK2,5,4.361532125269724,30.0,24.987000000000002,True,D2_U2,,False,PDOL,0.0006764398344912,0.0,0.0
GRIK5,5,4.361532125269724,12.0,10.273,True,D1_U2,1.024885907907631,True,PDOL,0.0006764398344912,0.0011205137157298754,0.0011483987168687663
GRK6,7,4.073850052817943,13.0,11.231000000000002,True,D1_U2,7.813995614827874,True,PDOL,0.0006206714837216,0.0010281341739662325,0.00803383592682682
GRM1,5,4.361532125269724,46.0,40.019999999999996,True,D3_U2,,False,PDOL,0.0006764398344912,0.0,0.0
GRM2,5,4.361532125269724,18.0,15.54,True,D1_U2,-4.065128909672421,True,PDOL,0.0006764398344912,0.0011205137157298754,-0.004555032699497981
GRM3,5,4.361532125269724,17.0,13.956,True,D1_U2,,False,PDOL,0.0006764398344912,0.0,0.0
GRM4,5,4.361532125269724,12.0,10.181,True,D1_U2,,False,PDOL,0.0006764398344912,0.0,0.0
GRM5,21,3.0622491411394632,51.0,42.406,True,D3_U3,,False,PDOL,0.0030127141126979,0.0,0.0
GRM8,5,4.361532125269724,4.0,3.407,True,D1_U2,,False,PDOL,0.0006764398344912,0.0,0.0
GSK3B,86,1.6873834758431951,193.0,168.907,True,D4_U4,5.03921309607063,True,PDOL,0.0097589206330146,0.01616552406059462,0.08146152055099327
GSTP1,10,3.755396321699408,73.0,60.245000000000005,True,D3_U2,-1.0526649516805533,True,PDOL,0.0005755323362736,0.0009533617681248742,-0.0010035705195772576
HCAR2,63,1.9944085111381071,7.0,5.556,True,D1_U3,5.282998631903989,True,PDOL,0.0034577185448164,0.005727665428684516,0.03025924862374407
HDAC1,5,4.361532125269724,339.0,297.95300000000003,True,D4_U2,-0.5066796147825338,True,PDOL,0.0005933145012642,0.0009828176912556076,-0.0004979736892068505
HDAC10,1,5.460144413937834,26.0,19.378999999999998,True,D2_U1,,False,PDOL,0.0001227576489177,0.0,0.0
HDAC2,5,4.361532125269724,237.0,207.34300000000002,True,D4_U2,0.3323394648615353,True,PDOL,0.0005933145012642,0.0009828176912556076,0.0003266291055683383
HDAC3,5,4.361532125269724,112.0,91.82599999999998,True,D4_U2,0.6948595756683236,True,PDOL,0.0005933145012642,0.0009828176912556076,0.0006829202839051929
HDAC6,5,4.361532125269724,101.0,81.79899999999999,True,D4_U2,-0.5486838057343507,True,PDOL,0.0005933145012642,0.0009828176912556076,-0.0005392561511811749
HDAC8,5,4.361532125269724,69.0,55.091,True,D3_U2,-3.773220283508206,True,PDOL,0.0005933145012642,0.0009828176912556076,-0.0037083876476363643
HIF1A,101,1.5283187812135075,191.0,160.465,True,D4_U4,5.79732261472079,True,PDOL,0.0040619476158392,0.006728562961623309,0.039007650221991506
HKDC1,7,4.073850052817943,55.0,49.115,True,D3_U2,-5.231866975289558,True,PDOL,0.0044777479069822,0.0074173306915436684,-0.03880648748988898
HMGCR,6,4.207381445442466,70.0,59.829,True,D3_U2,7.060877664669711,True,PDOL,0.0001076074565535,0.00017825034073236859,0.001258603849596947
HRH1,2,5.054679305829669,8.0,6.503,True,D1_U1,,False,PDOL,0.0001176526696445,0.0,0.0
HRH3,2,5.054679305829669,5.0,3.7689999999999997,True,D1_U1,,False,PDOL,0.0001676057584321,0.0,0.0
HRH4,1,5.460144413937834,2.0,1.463,True,D1_U1,,False,PDOL,0.0,0.0,0.0
HSD11B1,57,2.0928485839513598,25.0,22.029999999999998,True,D2_U3,,False,PDOL,0.0025862355896167,0.0,0.0
HSD11B2,5,4.361532125269724,23.0,19.876000000000005,True,D2_U2,,False,PDOL,0.0009252662476681,0.0,0.0
HSD17B1,70,1.8906117174564636,35.0,29.495,True,D2_U4,,False,PDOL,0.0054176097132558,0.0,0.0
HSD17B2,70,1.8906117174564636,32.0,28.866,True,D2_U4,,False,PDOL,0.0054176097132558,0.0,0.0
HSD17B3,12,3.588342237036242,42.0,38.18300000000001,True,D3_U2,,False,PDOL,0.0005467019334257,0.0,0.0
HSP90AA1,3,4.7669972333778885,360.0,306.643,True,D4_U1,1.7148068103164067,True,PDOL,0.0003109982426159,0.0005151645107966167,0.0008834076115473584
HSP90AB1,24,2.9344157696295783,306.0,261.081,True,D4_U3,-1.852809616675148,True,PDOL,0.0037668475058858,0.006239733499111104,-0.011561038232643124
HSPA1A,12,3.588342237036242,51.0,43.149,True,D3_U2,6.833934156170928,True,PDOL,0.0005499305037653,0.000910952668289784,0.0062253905544806
HSPA8,39,2.4644121403838426,203.0,175.42600000000002,True,D4_U3,-4.606829220770813,True,PDOL,0.0025863437882084,0.00428424457063517,-0.019736783076930803
HTR1A,53,2.1643075479335048,36.0,28.774999999999995,True,D2_U3,,False,PDOL,0.0021064305572225,0.0,0.0
HTR1B,1,5.460144413937834,32.0,25.380999999999997,True,D2_U1,,False,PDOL,0.0,0.0,0.0
HTR1D,1,5.460144413937834,21.0,16.686999999999998,True,D2_U1,,False,PDOL,0.0,0.0,0.0
HTR1E,2,5.054679305829669,20.0,15.457,True,D2_U1,,False,PDOL,0.0,0.0,0.0
HTR2A,6,4.207381445442466,29.0,24.971999999999998,True,D2_U2,,False,PDOL,7.263641054626529e-05,0.0,0.0
HTR2B,2,5.054679305829669,19.0,16.302,True,D2_U1,,False,PDOL,0.0,0.0,0.0
HTR2C,3,4.7669972333778885,22.0,18.963,True,D2_U1,,False,PDOL,0.0,0.0,0.0
HTR3A,3,4.7669972333778885,38.0,30.176,True,D3_U1,,False,PDOL,0.0001580666424915,0.0,0.0
HTR4,1,5.460144413937834,4.0,3.564,True,D1_U1,,False,PDOL,0.0,0.0,0.0
HTR5A,2,5.054679305829669,14.0,11.208,True,D1_U1,,False,PDOL,0.0,0.0,0.0
HTR6,3,4.7669972333778885,14.0,12.336000000000002,True,D1_U1,,False,PDOL,0.0,0.0,0.0
HTR7,57,2.0928485839513598,25.0,22.216,True,D2_U3,,False,PDOL,0.0047996893374315,0.0,0.0
IDH1,97,1.568324115827207,87.0,72.00400000000002,True,D4_U4,8.658981587476042,True,PDOL,0.0050546487939012,0.008372959445866947,0.07250130167444549
IDO1,47,2.282090583589888,58.0,48.634,True,D3_U3,-3.062888338070816,True,PDOL,0.00300697643581,0.004981017035662871,-0.015256298990263872
IGF1R,59,2.058947032275678,151.0,129.654,True,D4_U3,3.5317601659932008,True,PDOL,0.0024526043577518,0.004062706957798929,0.014348506599657676
INSR,42,2.3920914788042165,79.0,68.16799999999999,True,D3_U3,0.4618508694319702,True,PDOL,0.0023853157797565,0.003951244310699789,0.0018248856202348234
JAK2,1,5.460144413937834,210.0,183.557,True,D4_U1,8.807769715419894,True,PDOL,0.0003246705031484,0.0005378124310853763,0.004736928043090127
KAT2B,4,4.543853682063679,171.0,150.77200000000002,True,D4_U1,2.399676573892402,True,PDOL,5.196433092649137e-05,8.607823277536032e-05,0.0002065599187130893
KCNA3,1,5.460144413937834,19.0,16.046,True,D2_U1,-4.922428200085983,True,PDOL,0.0,0.0,-0.0
KCNA5,1,5.460144413937834,23.0,18.999,True,D2_U1,,False,PDOL,0.0003246705031484,0.0,0.0
KCNH2,44,2.3466291047274592,35.0,29.212999999999997,True,D2_U3,-1.105942489598427,True,PDOL,0.0046960792012515,0.007778993617538884,-0.008603119567951227
KDM2A,1,5.460144413937834,12.0,9.288,True,D1_U1,6.634614642840275,True,PDOL,0.0,0.0,0.0
KDM4E,132,1.2629424662760251,,,False,NO_STRING_U4,,False,PDOL,0.0109972320608137,0.0,0.0
KDM5C,1,5.460144413937834,34.0,27.465,True,D2_U1,3.88109699995408,True,PDOL,0.0,0.0,0.0
KDM7A,1,5.460144413937834,8.0,6.108,True,D1_U1,7.608320670793933,True,PDOL,0.0,0.0,0.0
KDR,59,2.058947032275678,155.0,134.25700000000003,True,D4_U3,,False,PDOL,0.0024526043577518,0.0,0.0
KIT,6,4.207381445442466,173.0,142.006,True,D4_U2,-6.683795079181286,True,PDOL,0.0005339560994787,0.0008844912770601961,-0.0059117584451937105
KMT2A,100,1.5381710776565196,125.0,110.949,True,D4_U4,-5.954776715314525,True,PDOL,0.0108339237899275,0.017946252693585102,-0.10686592766691114
LDHA,6,4.207381445442466,73.0,63.38100000000001,True,D3_U2,8.8002229806558,True,PDOL,0.0002518705177511,0.0004172202098954953,0.003671630879116374
LIMK1,1,5.460144413937834,30.0,26.435999999999996,True,D2_U1,6.002404240608286,True,PDOL,0.0003246705031484,0.0005378124310853763,0.003228167616998714
MAN1B1,1,5.460144413937834,17.0,14.476,True,D1_U1,-1.564862123041237,True,PDOL,0.0,0.0,-0.0
MAOA,38,2.489729948368133,58.0,51.863,True,D3_U3,,False,PDOL,0.0031426540079728,0.0,0.0
MAOB,30,2.719304390012633,56.0,50.373000000000005,True,D3_U3,,False,PDOL,0.0029267078208707,0.0,0.0
MAP2K1,58,2.07575415059206,82.0,71.711,True,D4_U3,3.337184676844667,True,PDOL,0.0041449338315965,0.006866028539833257,0.02291320523390971
MAP2K7,1,5.460144413937834,39.0,36.033,True,D3_U1,-0.7291174506508413,True,PDOL,0.0,0.0,-0.0
MAP3K7,1,5.460144413937834,121.0,103.87299999999999,True,D4_U1,1.405167218157566,True,PDOL,0.0,0.0,0.0
MAP3K8,10,3.755396321699408,16.0,14.76,True,D1_U2,4.738432540246925,True,PDOL,0.0005755323362736,0.0009533617681248742,0.004517440424710247
MAPK1,120,1.3575010489010375,230.0,204.362,True,D4_U4,5.901195882560853,True,PDOL,0.0058001615934155,0.009607891622408979,0.05669805048225078
MAPK14,55,2.1279399037626296,144.0,124.14499999999998,True,D4_U3,10.443131718931946,True,PDOL,0.0042012986614435,0.006959396141367027,0.0726778905885226
MAPK9,17,3.2629198366016143,148.0,132.40099999999998,True,D4_U3,-3.104280348866961,True,PDOL,0.0038025686662757,0.006298905132888077,-0.01955356742340169
MAPKAPK2,50,2.221465961773453,27.0,23.753999999999998,True,D2_U3,7.059532770072961,True,PDOL,0.0022941530283858,0.003800234408464543,0.026827879340514275
MAPT,135,1.240636708761727,116.0,99.056,True,D4_U4,-3.688724528309841,True,PDOL,0.0123285723178788,0.02042211838092242,-0.07533156899175579
MCL1,23,2.975237764149833,79.0,65.401,True,D3_U3,6.637293654607583,True,PDOL,0.0026089317557151,0.004321661242615695,0.028684134742976673
MERTK,1,5.460144413937834,18.0,14.454999999999998,True,D1_U1,5.2187743703089,True,PDOL,0.0003246705031484,0.0005378124310853763,0.0028067217313818833
MET,65,1.9636368524713528,126.0,107.123,True,D4_U4,,False,PDOL,0.0037251688060724,0.0,0.0
MGAM,1,5.460144413937834,33.0,28.824,True,D2_U1,9.560287137877864,True,PDOL,0.0,0.0,0.0
MGLL,25,2.8951950564762967,75.0,67.161,True,D3_U3,1.8863264792495864,True,PDOL,0.0040659093751773,0.00673512556401662,0.012704645692475355
MIF,9,3.850706501503733,22.0,18.514000000000003,True,D2_U2,-2.1577471943737674,True,PDOL,0.0031175512900838,0.005164182831807653,-0.01114300101656614
MMP1,67,1.9337838893216723,45.0,36.199999999999996,True,D3_U4,,False,PDOL,0.0040076313700629,0.0,0.0
MMP12,65,1.9636368524713528,16.0,12.245,True,D1_U4,,False,PDOL,0.0028855524975235,0.0,0.0
MMP13,67,1.9337838893216723,31.0,25.31,True,D2_U4,,False,PDOL,0.0028416837484385,0.0,0.0
MMP14,2,5.054679305829669,35.0,29.804000000000006,True,D2_U1,0.8249424636771492,True,PDOL,0.0,0.0,0.0
MMP2,88,1.6646552247656392,91.0,75.099,True,D4_U4,,False,PDOL,0.0044341488099027,0.0,0.0
MMP3,84,1.7106403380074624,53.0,44.187,True,D3_U4,,False,PDOL,0.0045566395407885,0.0,0.0
MMP9,92,1.620692101344523,163.0,133.21599999999998,True,D4_U4,11.38441496215716,True,PDOL,0.0044726981024197,0.007408965756503596,0.08434674061244958
MPG,65,1.9636368524713528,10.0,7.95,True,D1_U4,2.1781150864414465,True,PDOL,0.0030172213853746,0.004997987660275376,0.010886192324693983
MPO,2,5.054679305829669,76.0,62.386,True,D3_U1,6.599150252240168,True,PDOL,0.0,0.0,0.0
MTNR1A,2,5.054679305829669,14.0,11.878,True,D1_U1,,False,PDOL,0.0002658613496056,0.0,0.0
MTNR1B,2,5.054679305829669,36.0,31.176000000000002,True,D2_U1,,False,PDOL,0.0002658613496056,0.0,0.0
MYLK,1,5.460144413937834,42.0,36.315000000000005,True,D3_U1,2.295942517837012,True,PDOL,0.0003246705031484,0.0005378124310853763,0.0012347864271502033
NEK2,51,2.2020478759163518,93.0,79.732,True,D4_U3,5.673148596503959,True,PDOL,0.0023236070987028,0.0038490246897156396,0.021836089016369367
NEK6,51,2.2020478759163518,7.0,5.7509999999999994,True,D1_U3,2.830837924157839,True,PDOL,0.0023236070987028,0.0038490246897156396,0.010895965062666891
NFKB1,102,1.518562606268143,240.0,202.792,True,D4_U4,7.552469280388262,True,PDOL,0.005576205210448,0.009236910810746561,0.06976148514384964
NOS2,22,3.017797378568629,34.0,29.873,True,D2_U3,,False,PDOL,0.0036412747872349,0.0,0.0
NQO1,4,4.543853682063679,34.0,27.721999999999998,True,D2_U1,-0.2641474922531057,True,PDOL,0.0020377807395397,0.003375557073781567,-0.0008916449359966327
NQO2,9,3.850706501503733,,,False,NO_STRING_U2,8.654648113870152,True,PDOL,0.0004299831010943,0.0007122613686265643,0.0061643715105664685
NR1H4,40,2.439719527793472,46.0,38.949,True,D3_U3,,False,PDOL,0.0043270595576677,0.0,0.0
NR1I2,39,2.4644121403838426,43.0,34.839,True,D3_U3,,False,PDOL,0.0037088594849369,0.0,0.0
NR3C1,6,4.207381445442466,89.0,75.465,True,D4_U2,0.7701821235692285,True,PDOL,0.0013763821328373,0.0022799589546493473,0.0017559836293425128
NR3C2,1,5.460144413937834,24.0,19.866999999999997,True,D2_U1,-7.366043700647282,True,PDOL,0.0,0.0,-0.0
NT5E,2,5.054679305829669,122.0,103.113,True,D4_U1,-7.461736924343431,True,PDOL,0.0001996103177601,0.0003306518738944853,-0.002467237296541829
NUAK1,59,2.058947032275678,3.0,2.543,True,D1_U3,-4.604455952919585,True,PDOL,0.0024526043577518,0.004062706957798929,-0.018706555236805093
ODC1,13,3.5142342648825204,24.0,21.121999999999996,True,D2_U2,-3.720103074496836,True,PDOL,0.0012420009544325,0.0020573582947521064,-0.007653584917648879
OPRD1,9,3.850706501503733,15.0,13.218,True,D1_U2,,False,PDOL,0.0003874042100789,0.0,0.0
OPRK1,8,3.95606701716156,,,False,NO_STRING_U2,,False,PDOL,0.0005831684054148,0.0,0.0
OPRM1,9,3.850706501503733,46.0,38.205,True,D3_U2,,False,PDOL,0.0002597204254836,0.0,0.0
OXER1,2,5.054679305829669,,,False,NO_STRING_U1,4.041596832670729,True,PDOL,0.0,0.0,0.0
OXTR,1,5.460144413937834,26.0,21.112000000000002,True,D2_U1,-0.5956984117191482,True,PDOL,0.0,0.0,-0.0
PARP1,45,2.324650198008684,158.0,131.22699999999998,True,D4_U3,-2.4659847570357925,True,PDOL,0.0030686014280885,0.0050830980272883065,-0.01253484225381167
PCNA,1,5.460144413937834,152.0,133.97,True,D4_U1,3.381222286333229,True,PDOL,0.0,0.0,0.0
PDE4B,3,4.7669972333778885,35.0,28.542,True,D2_U1,0.4691640529785575,True,PDOL,5.153721130417129e-05,8.537071472177466e-05,4.0052870524544006e-05
PDE4D,3,4.7669972333778885,36.0,30.516000000000002,True,D2_U1,-1.6561778156561155,True,PDOL,5.153721130417129e-05,8.537071472177466e-05,-0.00014138908382891013
PDE5A,72,1.862832153349388,34.0,27.962999999999997,True,D2_U4,1.6485397955862475,True,PDOL,0.003524929795076,0.005838999983403461,0.009625823839068045
PDGFRB,11,3.6683849447097785,151.0,126.837,True,D4_U2,,False,PDOL,0.0007803265289625,0.0,0.0
PDPK1,7,4.073850052817943,47.0,41.127,True,D3_U2,4.157831038323178,True,PDOL,0.0007795685700352,0.0012913451138391399,0.0053691947955073534
PGR,1,5.460144413937834,73.0,62.239,True,D3_U1,,False,PDOL,0.0,0.0,0.0
PHF8,1,5.460144413937834,41.0,35.586999999999996,True,D3_U1,0.7367585087142349,True,PDOL,0.0,0.0,0.0
PIK3CA,11,3.6683849447097785,196.0,171.49,True,D4_U2,4.255011427305268,True,PDOL,0.0006026669569969,0.000998309911538775,0.004247820081589599
PIK3CB,10,3.755396321699408,154.0,137.429,True,D4_U2,6.610542125891412,True,PDOL,0.0003936588106948,0.0006520906578974872,0.004310672763931584
PIK3CG,51,2.2020478759163518,85.0,73.089,True,D4_U3,6.213084091256363,True,PDOL,0.0022439240178657,0.0037170307111872437,0.02309422437838879
PIM1,79,1.7712649598238974,11.0,9.272,True,D1_U4,-0.06872709694195,True,PDOL,0.0033983441288687,0.005629312487239413,-0.00038688630502703284
PIM3,1,5.460144413937834,1.0,0.705,True,D1_U1,7.7880809460643645,True,PDOL,0.0003246705031484,0.0005378124310853763,0.004188526747092573
PKN1,51,2.2020478759163518,22.0,19.196999999999996,True,D2_U3,2.527029023192576,True,PDOL,0.0023236070987028,0.0038490246897156396,0.00972659710189622
PLA2G2A,5,4.361532125269724,34.0,27.45,True,D2_U2,,False,PDOL,0.0014880648493064,0.0,0.0
PLG,67,1.9337838893216723,107.0,92.678,True,D4_U4,,False,PDOL,0.0030257259959357,0.0,0.0
PLK1,59,2.058947032275678,267.0,228.95,True,D4_U3,4.526551873387975,True,PDOL,0.0024526043577518,0.004062706957798929,0.0183900537908511
PLK4,11,3.6683849447097785,72.0,59.699000000000005,True,D3_U2,2.576577153305466,True,PDOL,0.0007803265289625,0.0012926006628631538,0.003330485336280703
PNP,32,2.6567840330312986,59.0,52.839999999999996,True,D3_U3,1.526582699771623,True,PDOL,0.0026658602046422,0.004415962471764956,0.006741331912237115
POLA1,5,4.361532125269724,81.0,71.08699999999999,True,D4_U2,-3.8485183625517143,True,PDOL,0.0005291597629972,0.0008765462085725917,-0.003373404179316704
POLB,110,1.443761393185445,31.0,26.99,True,D2_U4,0.8499730427402369,True,PDOL,0.0092550773731187,0.015330914307435927,0.013030863881881146
PPARA,101,1.5283187812135075,122.0,100.01799999999999,True,D4_U4,-4.149047958812504,True,PDOL,0.0082746239431858,0.013706806057364344,-0.056870195694146405
PPARD,98,1.558171744363189,34.0,26.888,True,D2_U4,-4.830811773960327,True,PDOL,0.006426568076395,0.010645525747443308,-0.05142653112074694
PPARG,103,1.5089006953564064,169.0,143.717,True,D4_U4,8.73955768121418,True,PDOL,0.0063691110009507,0.010550348855400144,0.09220538237870156
PRKCA,60,2.042417730324468,148.0,127.10000000000002,True,D4_U3,-4.9722402935643615,True,PDOL,0.0040822404071337,0.0067621777043048,-0.033623172453586876
PRKCD,1,5.460144413937834,69.0,61.88999999999999,True,D3_U1,9.782232300818103,True,PDOL,0.0003246705031484,0.0005378124310853763,0.005261006135144878
PRKCE,1,5.460144413937834,60.0,52.715,True,D3_U1,-0.3281262872935231,True,PDOL,0.0003246705031484,0.0005378124310853763,-0.0001764703962723483
PRMT1,4,4.543853682063679,75.0,63.477,True,D3_U1,-2.704612489671792,True,PDOL,0.0,0.0,-0.0
PTAFR,3,4.7669972333778885,12.0,9.183000000000002,True,D1_U1,5.73103237181907,True,PDOL,0.0001109565843372,0.0001837981269892063,0.0010533530156548536
PTGES,12,3.588342237036242,21.0,18.064999999999998,True,D2_U2,,False,PDOL,0.0016027934963373,0.0,0.0
PTGS1,71,1.8766254754817235,57.0,48.494,True,D3_U4,3.07679513272364,True,PDOL,0.0035883927252659,0.005944125495078389,0.018288856391555683
PTGS2,89,1.6534819241675138,106.0,87.70999999999998,True,D4_U4,2.0268123518699994,True,PDOL,0.0040458736992314,0.006701936729538552,0.013583568144879965
PTK2,59,2.058947032275678,158.0,139.677,True,D4_U3,1.048861535110396,True,PDOL,0.0024526043577518,0.004062706957798929,0.0042612170564606715
PTK2B,5,4.361532125269724,57.0,50.344,True,D3_U2,9.625556247812332,True,PDOL,0.0014160433508324,0.0023456572421836548,0.022578255722727123
PTPN1,90,1.6424320879809289,35.0,30.333,True,D2_U4,6.321739459296797,True,PDOL,0.0102742762897666,0.01701920394818425,0.10759097316505621
PTPN11,31,2.6875556916980523,173.0,152.384,True,D4_U3,-0.5131117096196629,True,PDOL,0.0037744815671367,0.006252379221468348,-0.0032081689915180807
PTPN2,35,2.569772656041669,19.0,16.578,True,D2_U3,2.311998820996356,True,PDOL,0.0037147526879187,0.006153439116264042,0.014226743981875322
PTPN6,38,2.489729948368133,82.0,73.61999999999999,True,D4_U3,6.603334290305119,True,PDOL,0.0039786089641826,0.006590513577967638,0.04351936430011519
PTPRF,35,2.569772656041669,17.0,14.934999999999999,True,D1_U3,-0.6431338632525161,True,PDOL,0.0038145217902269,0.0063187053259728225,-0.00406377336704715
PTPRS,46,2.3031439927877204,25.0,21.340999999999998,True,D2_U3,-5.285499760740807,True,PDOL,0.0026700308774378,0.004422871136561148,-0.02337708433408137
PYGL,49,2.241268589069633,46.0,39.906,True,D3_U3,9.824895092824327,True,PDOL,0.0021813335389727,0.003613350403645243,0.03550078864942895
RELA,24,2.9344157696295783,198.0,169.79200000000003,True,D4_U3,2.8798811629185077,True,PDOL,0.0024620288845126,0.004078318562795081,0.011745072805374436
RORB,3,4.7669972333778885,16.0,13.974,True,D1_U1,,False,PDOL,0.0007347931199711,0.0,0.0
RORC,111,1.4347927232026845,36.0,30.413999999999994,True,D2_U4,-7.795590779077749,True,PDOL,0.0080056234530319,0.013261210272807652,-0.10337896852211045
RXRA,7,4.073850052817943,67.0,58.204,True,D3_U2,6.540856369625618,True,PDOL,0.0064231169246726,0.010639808959869846,0.0695934622067644
SAE1,3,4.7669972333778885,22.0,18.495,True,D2_U1,-2.548500502621025,True,PDOL,5.451624085932569e-05,9.030543811609688e-05,-0.00023014345442828478
SENP6,1,5.460144413937834,11.0,8.928999999999998,True,D1_U1,2.765674184981997,True,PDOL,0.0,0.0,0.0
SENP7,1,5.460144413937834,7.0,5.9559999999999995,True,D1_U1,-2.7324245348801623,True,PDOL,0.0,0.0,-0.0
SENP8,3,4.7669972333778885,17.0,14.641000000000002,True,D1_U1,,False,PDOL,0.0,0.0,0.0
SHBG,22,3.017797378568629,20.0,15.725999999999997,True,D2_U3,,False,PDOL,0.0019398540590847,0.0,0.0
SIGMAR1,1,5.460144413937834,31.0,26.253999999999998,True,D2_U1,-3.0691063559686143,True,PDOL,0.0,0.0,-0.0
SIRT2,6,4.207381445442466,53.0,45.153,True,D3_U2,3.065567957524462,True,PDOL,0.0009201241897747,0.0015241736548423255,0.004672457917987582
SIRT3,2,5.054679305829669,53.0,47.016,True,D3_U1,,False,PDOL,0.0010507747488177,0.0,0.0
SLC15A2,2,5.054679305829669,,,False,NO_STRING_U1,1.9711736960403197,True,PDOL,0.0,0.0,0.0
SLC1A1,5,4.361532125269724,10.0,7.850999999999999,True,D1_U2,,False,PDOL,0.0006764398344912,0.0,0.0
SLC22A1,28,2.7859957645113047,15.0,11.719000000000001,True,D1_U3,4.786671231463516,True,PDOL,0.0018098470650768,0.002997987930910945,0.01435038258116625
SLC22A12,4,4.543853682063679,12.0,10.215,True,D1_U1,,False,PDOL,0.0006231741528432,0.0,0.0
SLC28A1,31,2.6875556916980523,6.0,4.814000000000001,True,D1_U3,,False,PDOL,0.0025157440482515,0.0,0.0
SLC28A2,31,2.6875556916980523,9.0,7.11,True,D1_U3,,False,PDOL,0.0025157440482515,0.0,0.0
SLC28A3,33,2.6269310698816177,5.0,3.9539999999999997,True,D1_U3,,False,PDOL,0.0024589950729713,0.0,0.0
SLC47A1,9,3.850706501503733,16.0,12.276000000000002,True,D1_U2,,False,PDOL,0.0005792771714371,0.0,0.0
SLC5A1,11,3.6683849447097785,20.0,16.554,True,D2_U2,,False,PDOL,0.0020048320777438,0.0,0.0
SLC5A2,10,3.755396321699408,16.0,13.217999999999998,True,D1_U2,,False,PDOL,0.002052385211438,0.0,0.0
SLC6A15,1,5.460144413937834,,,False,NO_STRING_U1,,False,PDOL,0.0001270902718206,0.0,0.0
SLC6A2,2,5.054679305829669,16.0,12.665,True,D1_U1,,False,PDOL,0.0001676057584321,0.0,0.0
SLC6A3,2,5.054679305829669,41.0,34.881,True,D3_U1,,False,PDOL,0.0001676057584321,0.0,0.0
SLC6A4,2,5.054679305829669,31.0,25.977999999999998,True,D2_U1,,False,PDOL,0.0001676057584321,0.0,0.0
SLCO1B1,81,1.746572347233526,35.0,28.55,True,D2_U4,,False,PDOL,0.0088221532743979,0.0,0.0
SLCO1B3,82,1.734450986701181,17.0,13.575,True,D1_U4,,False,PDOL,0.0087609267808719,0.0,0.0
SLCO2B1,81,1.746572347233526,10.0,7.3790000000000004,True,D1_U4,,False,PDOL,0.0088221532743979,0.0,0.0
SMAD3,12,3.588342237036242,194.0,170.077,True,D4_U2,-6.460064852574141,True,PDOL,0.0005499305037653,0.000910952668289784,-0.005884813314777464
SOAT1,52,2.182999680945657,13.0,11.006,True,D1_U3,4.830223690713539,True,PDOL,0.004664758423404,0.007727111159741509,0.037323675384560405
SOAT2,2,5.054679305829669,16.0,13.381,True,D1_U1,-5.186215531401684,True,PDOL,0.0001141606954313,0.00018910569500131454,-0.0009807428924923274
SRC,66,1.948598975106813,407.0,350.792,True,D4_U4,-1.1204492866407774,True,PDOL,0.0028525561389172,0.0047252218387617145,-0.005294371438459985
STAT3,19,3.157559320943788,324.0,276.914,True,D4_U3,9.263149471649829,True,PDOL,0.0016891962397528,0.0027981314208469594,0.025919509592625296
SYK,69,1.90479635244842,144.0,127.54900000000002,True,D4_U4,7.988888768549974,True,PDOL,0.0034016417805203,0.005634775003958429,0.045015590742429626
TAS2R31,2,5.054679305829669,5.0,3.8209999999999997,True,D1_U1,,False,PDOL,0.000370388034066,0.0,0.0
TBXAS1,16,3.3200782504415627,3.0,2.556,True,D1_U2,6.671715904736223,True,PDOL,0.0013914368870284,0.0023048969575550425,0.015377617690498108
TEK,11,3.6683849447097785,75.0,61.166,True,D3_U2,,False,PDOL,0.0007803265289625,0.0,0.0
TERT,67,1.9337838893216723,87.0,75.00499999999998,True,D4_U4,,False,PDOL,0.0054412603317795,0.0,0.0
TGM2,4,4.543853682063679,5.0,4.289,True,D1_U1,-1.6695317315701406,True,PDOL,0.0004406779044256,0.0007299771701047091,-0.001218720048811586
THRA,1,5.460144413937834,29.0,25.253,True,D2_U1,-4.165620376075705,True,PDOL,0.0,0.0,-0.0
THRB,104,1.4993312443402556,29.0,24.858999999999995,True,D2_U4,,False,PDOL,0.0136624664720124,0.0,0.0
TLR2,63,1.9944085111381071,142.0,120.90199999999999,True,D4_U3,7.758485339040539,True,PDOL,0.0047310222365773,0.00783687629735067,0.060802289856869474
TNKS,42,2.3920914788042165,29.0,24.611,True,D2_U3,-1.3234256823701926,True,PDOL,0.0026063282344873,0.004317348543841622,-0.005713689942663557
TNKS2,42,2.3920914788042165,21.0,18.846,True,D2_U3,,False,PDOL,0.0026063282344873,0.0,0.0
TOP1,50,2.221465961773453,55.0,44.23800000000001,True,D3_U3,5.649820280135493,True,PDOL,0.0039159578146345,0.0064867327702810345,0.03664887435735328
TOP2A,83,1.7224747956544653,137.0,116.97500000000001,True,D4_U4,5.2501016444263335,True,PDOL,0.0052729678351993,0.00873460207497604,0.045857548717241375
TRPV1,37,2.515705434771393,53.0,44.499,True,D3_U3,-3.049921275272325,True,PDOL,0.010285625069893,0.01703800305364793,-0.051964568001475656
TTR,64,1.9789043246021416,52.0,43.791,True,D3_U4,,False,PDOL,0.0028241361851763,0.0,0.0
TUBB3,1,5.460144413937834,39.0,32.553,True,D3_U1,,False,PDOL,0.0003306940746354,0.0,0.0
TYR,77,1.7965827678081872,37.0,32.139,True,D3_U4,,False,PDOL,0.0035488227406556,0.0,0.0
UBE2N,14,3.445241393395569,117.0,101.08500000000001,True,D4_U2,-1.694799222077935,True,PDOL,0.0117773011342888,0.019508944894083256,-0.033063744630053606
UGT1A1,109,1.4528112287053627,71.0,60.75,True,D3_U4,,False,PDOL,0.0329540279649971,0.0,0.0
VCP,4,4.543853682063679,186.0,157.872,True,D4_U1,5.023882193029381,True,PDOL,0.0015502692059736,0.002568000611131485,0.012901332541952035
VDR,3,4.7669972333778885,,,False,NO_STRING_U1,8.26112645395708,True,PDOL,0.0,0.0,0.0
XDH,73,1.849226501293609,43.0,37.22599999999999,True,D3_U4,,False,PDOL,0.0047773807549932,0.0,0.0
XIAP,2,5.054679305829669,87.0,74.72899999999998,True,D4_U1,4.389811795150285,True,PDOL,0.0,0.0,0.0
XPO1,11,3.6683849447097785,96.0,80.62199999999999,True,D4_U2,1.0126041095678593,True,PDOL,0.0017074894974986,0.0028284339624247605,0.0028640838539926165
ABCB1,28,2.7859957645113047,21.0,16.63,True,D2_U3,-9.244803810105765,True,PHOL,0.0024221918087533,0.004066739740990203,-0.03759621105221476
ABCB11,18,3.2088526153313386,18.0,15.145999999999999,True,D1_U3,,False,PHOL,0.0038824365574605,0.0,0.0
ABCC1,60,2.042417730324468,4.0,3.299,True,D1_U3,-1.5812475234293173,True,PHOL,0.0034242462443413,0.005749139368102588,-0.009090812387662206
ABCG2,63,1.9944085111381071,27.0,21.456999999999997,True,D2_U3,,False,PHOL,0.0040194197079397,0.0,0.0
ACHE,95,1.5889434030299427,30.0,24.661000000000005,True,D2_U4,,False,PHOL,0.005199610582502,0.0,0.0
ACP1,24,2.9344157696295783,17.0,13.466,True,D1_U3,-4.322366262742755,True,PHOL,0.0066247594621141,0.011122642097013318,-0.048076132952692696
ADORA1,31,2.6875556916980523,18.0,14.756999999999998,True,D1_U3,,False,PHOL,0.0020060561237356,0.0,0.0
ADORA2A,35,2.569772656041669,33.0,28.406,True,D2_U3,4.208253074992976,True,PHOL,0.0025876758914833,0.004344579296597396,0.018283089184456813
ADORA2B,31,2.6875556916980523,8.0,6.59,True,D1_U3,6.194930504803826,True,PHOL,0.0020060561237356,0.00336806859455581,0.020864950878685538
ADORA3,74,1.8358034809614685,5.0,4.574,True,D1_U4,0.3497821693270508,True,PHOL,0.0037746121457178,0.006337386314470156,0.0022167047329389347
ADRA1A,2,5.054679305829669,12.0,10.276,True,D1_U1,,False,PHOL,8.287267253063713e-05,0.0,0.0
ADRA1B,2,5.054679305829669,13.0,10.910000000000002,True,D1_U1,,False,PHOL,8.287267253063713e-05,0.0,0.0
ADRA1D,1,5.460144413937834,19.0,15.749,True,D2_U1,,False,PHOL,8.952036966309286e-05,0.0,0.0
ADRA2A,2,5.054679305829669,18.0,14.803999999999998,True,D1_U1,-0.5922268373153505,True,PHOL,0.0001273183516532,0.00021376118875240116,-0.00012659511275560421
ADRA2B,13,3.5142342648825204,5.0,4.398000000000001,True,D1_U2,,False,PHOL,0.0004908048652685,0.0,0.0
ADRA2C,2,5.054679305829669,9.0,7.438,True,D1_U1,,False,PHOL,8.287267253063713e-05,0.0,0.0
ADRB1,1,5.460144413937834,28.0,24.29,True,D2_U1,,False,PHOL,0.0,0.0,0.0
ADRB2,25,2.8951950564762967,64.0,53.324000000000005,True,D3_U3,-5.584192512554655,True,PHOL,0.0034099492333015,0.005725135396673564,-0.03197025821546614
AGTR1,1,5.460144413937834,46.0,38.625,True,D3_U1,,False,PHOL,4.119035413945991e-05,0.0,0.0
AKR1B1,113,1.4170931461032836,42.0,37.897,True,D3_U4,-4.081977169265002,True,PHOL,0.0089093357946826,0.014958332288602202,-0.0610595708923537
AKR1B10,87,1.6759547800195724,40.0,35.381,True,D3_U4,,False,PHOL,0.0077759976646147,0.0,0.0
AKR1C2,44,2.3466291047274592,29.0,26.800000000000004,True,D2_U3,,False,PHOL,0.0023104797020796,0.0,0.0
AKR1C3,45,2.324650198008684,61.0,56.412,True,D3_U3,-4.992401538846224,True,PHOL,0.0022888393764972,0.003842847630607453,-0.019185038424596214
AKR1C4,44,2.3466291047274592,30.0,27.675,True,D2_U3,,False,PHOL,0.0023104797020796,0.0,0.0
AKT1,67,1.9337838893216723,435.0,367.50600000000003,True,D4_U4,-1.7440732459487165,True,PHOL,0.0032179778070532,0.005402824906877814,-0.009422922372630961
ALDH2,2,5.054679305829669,67.0,59.902,True,D3_U1,2.3419342157906966,True,PHOL,0.000578364448676,0.0009710451830060394,0.0022741239391605825
ALK,51,2.2020478759163518,66.0,56.75900000000001,True,D3_U3,,False,PHOL,0.0022141654041527,0.0,0.0
ALOX12,79,1.7712649598238974,30.0,25.554000000000002,True,D2_U4,1.4542277060112994,True,PHOL,0.0040143744949556,0.006739935390276169,0.009801400781265684
ALOX15,116,1.391117659700023,44.0,37.713,True,D3_U4,-4.2244541453378535,True,PHOL,0.0087208586368798,0.014641888501972422,-0.061853986577732056
ALOX5,105,1.4898525003857117,44.0,38.684,True,D3_U4,9.021832479512788,True,PHOL,0.0062684962062412,0.010524493785357275,0.09495021986316676
ALPI,46,2.3031439927877204,7.0,5.943999999999999,True,D1_U3,,False,PHOL,0.0028331596972224,0.0,0.0
ALPL,46,2.3031439927877204,24.0,19.775999999999996,True,D2_U3,9.99672616508083,True,PHOL,0.0028331596972224,0.0047567344136946466,0.04755177137372169
AMY1A,83,1.7224747956544653,2.0,1.9020000000000001,True,D1_U4,,False,PHOL,0.0042874817440232,0.0,0.0
ANPEP,2,5.054679305829669,59.0,50.354000000000006,True,D3_U1,8.848331678022056,True,PHOL,0.0,0.0,0.0
AOC3,5,4.361532125269724,38.0,32.681000000000004,True,D3_U2,2.5635597985384377,True,PHOL,0.0007642128985736,0.001283075499626177,0.003289240769331288
AOX1,5,4.361532125269724,88.0,80.817,True,D4_U2,,False,PHOL,0.0012428904337709,0.0,0.0
APEX1,91,1.6315030174487386,84.0,70.339,True,D4_U4,-5.2414174329799454,True,PHOL,0.0066020091061374,0.011084445379297665,-0.05809820524596478
APOBEC3G,10,3.755396321699408,28.0,23.294000000000004,True,D2_U2,-0.8721796337723124,True,PHOL,0.0004382822717948,0.0007358541656520472,-0.000641797016708233
APP,94,1.599414702897238,212.0,178.41299999999998,True,D4_U4,3.407337841223016,True,PHOL,0.0055134429646115,0.009256796894796237,0.03154103434815493
AR,71,1.8766254754817235,140.0,118.24,True,D4_U4,-1.3336668796787785,True,PHOL,0.0121371939813527,0.02037774586211612,-0.027177124738815547
ATR,3,4.7669972333778885,106.0,89.698,True,D4_U1,-4.566839099445882,True,PHOL,0.0001603896573489,0.0002692862684232642,-0.0012297870595792417
AURKA,11,3.6683849447097785,122.0,104.144,True,D4_U2,6.362200615838401,True,PHOL,0.0002935922480357,0.00049292680225352,0.003136099204860599
AURKB,59,2.058947032275678,158.0,133.927,True,D4_U3,6.689665913304518,True,PHOL,0.0022148714787274,0.00371865920410428,0.02487658772089251
AVPR2,49,2.241268589069633,26.0,22.086000000000002,True,D2_U3,,False,PHOL,0.0022536019428129,0.0,0.0
AXL,51,2.2020478759163518,32.0,26.95,True,D2_U3,-6.015778224812396,True,PHOL,0.0022141654041527,0.003717473739962812,-0.022363497576180186
BACE1,96,1.578580615994396,41.0,33.926,True,D3_U4,,False,PHOL,0.0063371823713344,0.0,0.0
BBOX1,1,5.460144413937834,51.0,41.60199999999999,True,D3_U1,,False,PHOL,4.53650521941349e-05,0.0,0.0
BCHE,79,1.7712649598238974,20.0,15.821000000000003,True,D2_U4,,False,PHOL,0.0039448570299915,0.0,0.0
BCL2,51,2.2020478759163518,277.0,232.608,True,D4_U3,-5.780873706615038,True,PHOL,0.0033373035445997,0.00560316689352382,-0.03239120016854771
BCL2L1,43,2.369101960579518,139.0,118.73299999999999,True,D4_U3,-1.60672107932677,True,PHOL,0.0025538924653796,0.00428785860213124,-0.006889392801216882
BCR,8,3.95606701716156,23.0,19.337999999999997,True,D2_U2,1.5582726487324583,True,PHOL,0.0007196248299455,0.0012082143470086963,0.0018827273707497988
BRAF,11,3.6683849447097785,94.0,81.59299999999998,True,D4_U2,0.8840279126077919,True,PHOL,0.0002935922480357,0.00049292680225352,0.0004357610520646131
CA1,117,1.3826069700321142,12.0,9.564,True,D1_U4,2.411233113262115,True,PHOL,0.0063315751008266,0.010630400116351026,0.025632372767771035
CA12,113,1.4170931461032836,2.0,1.545,True,D1_U4,,False,PHOL,0.006126470440247,0.0,0.0
CA13,52,2.182999680945657,1.0,0.854,True,D1_U3,-1.864251497219108,True,PHOL,0.0045542620287214,0.0076463797442270776,-0.01425477488648119
CA14,99,1.5481214085096875,1.0,0.85,True,D1_U4,,False,PHOL,0.005075939393591,0.0,0.0
CA2,117,1.3826069700321142,21.0,17.167,True,D2_U4,0.3178661903218973,True,PHOL,0.0063315751008266,0.010630400116351026,0.0033790447865819544
CA3,97,1.568324115827207,4.0,3.096,True,D1_U4,,False,PHOL,0.0050406806211445,0.0,0.0
CA4,111,1.4347927232026845,7.0,5.308999999999999,True,D1_U4,8.855560966591357,True,PHOL,0.0051457625841318,0.0086394797979934,0.07650744007076495
CA5A,97,1.568324115827207,2.0,1.583,True,D1_U4,,False,PHOL,0.0050406806211445,0.0,0.0
CA5B,97,1.568324115827207,2.0,1.609,True,D1_U4,-7.797463299108372,True,PHOL,0.0050406806211445,0.008463052401369651,-0.06599034049811084
CA6,100,1.5381710776565196,6.0,4.981,True,D1_U4,-3.9082288950882655,True,PHOL,0.0049930223229568,0.008383036485814378,-0.03276282542243895
CA7,113,1.4170931461032836,5.0,3.808,True,D1_U4,,False,PHOL,0.006126470440247,0.0,0.0
CA9,103,1.5089006953564064,14.0,11.239999999999998,True,D1_U4,,False,PHOL,0.0062160793493007,0.0,0.0
CACNA1C,2,5.054679305829669,121.0,103.215,True,D4_U1,,False,PHOL,0.0,0.0,0.0
CACNA1D,1,5.460144413937834,97.0,82.534,True,D4_U1,1.8528425583995385,True,PHOL,0.0,0.0,0.0
CAMK2B,50,2.221465961773453,81.0,69.56099999999999,True,D4_U3,,False,PHOL,0.0022336903447273,0.0,0.0
CARM1,10,3.755396321699408,63.0,56.17399999999999,True,D3_U2,-1.952849450998261,True,PHOL,0.0003005560389573,0.0005046186613319279,-0.0009854442757455328
CBR1,23,2.975237764149833,37.0,34.451,True,D3_U3,1.4650999820657578,True,PHOL,0.0038537892263183,0.006470320700215341,0.009479666741845198
CCR4,49,2.241268589069633,20.0,15.860999999999999,True,D2_U3,-2.6207776266780702,True,PHOL,0.0022536019428129,0.003783685729631408,-0.009916198906599083
CD38,67,1.9337838893216723,99.0,82.366,True,D4_U4,2.2261423043995325,True,PHOL,0.0032287110042116,0.005420845411808186,0.012067573296836309
CDC25B,32,2.6567840330312986,41.0,36.07,True,D3_U3,-5.30776168915212,True,PHOL,0.0063262706425077,0.010621494194296487,-0.05637635996603856
CDK6,69,1.90479635244842,64.0,55.172000000000004,True,D3_U4,-3.5328012994464384,True,PHOL,0.0039713552853762,0.006667708274079051,-0.02355568845499624
CES1,13,3.5142342648825204,34.0,28.137,True,D2_U2,4.881546353699304,True,PHOL,0.0017514921130376,0.0029406682643300006,0.014355008443179374
CES2,12,3.588342237036242,24.0,19.915000000000003,True,D2_U2,-0.8889126599783478,True,PHOL,0.0020650141251735,0.0034670561506322524,-0.003081910105152807
CHRM1,6,4.207381445442466,37.0,30.544000000000004,True,D3_U2,,False,PHOL,0.0003082551843023,0.0,0.0
CHRM2,6,4.207381445442466,27.0,21.977999999999994,True,D2_U2,,False,PHOL,0.0003082551843023,0.0,0.0
CHRM3,4,4.543853682063679,9.0,7.875,True,D1_U1,,False,PHOL,0.0003329069332957,0.0,0.0
CHRM4,6,4.207381445442466,8.0,6.57,True,D1_U2,,False,PHOL,0.0003082551843023,0.0,0.0
CHRM5,5,4.361532125269724,7.0,6.402,True,D1_U2,,False,PHOL,0.0003195490845195,0.0,0.0
CHRNA3,3,4.7669972333778885,18.0,15.431999999999999,True,D1_U1,,False,PHOL,0.0002710995625623,0.0,0.0
CHRNA7,10,3.755396321699408,13.0,11.094,True,D1_U2,2.4982435086335006,True,PHOL,0.0019895123602678,0.003340292437392323,0.008344863898652945
CLK1,1,5.460144413937834,10.0,8.269,True,D1_U1,-0.8980011408784694,True,PHOL,0.0,0.0,-0.0
CNR1,16,3.3200782504415627,40.0,34.199,True,D3_U2,1.7746309628518888,True,PHOL,0.0018754213249606,0.003148739255807865,0.005587850177303851
CNR2,16,3.3200782504415627,10.0,8.564,True,D1_U2,-5.767700255497101,True,PHOL,0.0018754213249606,0.003148739255807865,-0.018160984210216776
CSNK1D,1,5.460144413937834,83.0,71.60600000000001,True,D4_U1,6.590724192704918,True,PHOL,0.0,0.0,0.0
CSNK2A1,49,2.241268589069633,74.0,61.39800000000001,True,D3_U3,-2.768573447526141,True,PHOL,0.0039259741431953,0.0065915155903569535,-0.018249095042416858
CTBP2,8,3.95606701716156,54.0,46.076,True,D3_U2,5.0176015404803564,True,PHOL,0.0003606176560761,0.0006054591333219968,0.0030379526800543527
CTSD,12,3.588342237036242,41.0,33.330999999999996,True,D3_U2,11.211974798231353,True,PHOL,0.0006261689111056,0.0010513065010637488,0.011787221995143534
CTSL,39,2.4644121403838426,24.0,20.576000000000004,True,D2_U3,3.613217406348844,True,PHOL,0.0026944795329967,0.004523897305953793,0.016345824490406887
CXCL8,94,1.599414702897238,211.0,174.51399999999998,True,D4_U4,-0.9900714197639008,True,PHOL,0.0121684194969836,0.020430171951945256,-0.020227329350483065
CXCR1,49,2.241268589069633,75.0,64.64699999999999,True,D3_U3,6.949492877891695,True,PHOL,0.0022536019428129,0.003783685729631408,0.02629469703025391
CYP19A1,115,1.3997014033914144,65.0,57.426,True,D3_U4,2.843194812265676,True,PHOL,0.0063982213551637,0.010742295867183543,0.03054243988139926
CYP1A1,79,1.7712649598238974,101.0,93.85399999999998,True,D4_U4,,False,PHOL,0.0042329133008226,0.0,0.0
CYP1A2,86,1.6873834758431951,91.0,83.499,True,D4_U4,,False,PHOL,0.0064045364277983,0.0,0.0
CYP1B1,78,1.7838437420307574,68.0,61.660000000000004,True,D3_U4,8.476596914117073,True,PHOL,0.0042629736789813,0.007157321072781389,0.060669725718883814
CYP2A13,10,3.755396321699408,52.0,48.011,True,D3_U2,,False,PHOL,0.0007108082946692,0.0,0.0
CYP2A6,66,1.948598975106813,84.0,77.206,True,D4_U4,,False,PHOL,0.0034448425972194,0.0,0.0
CYP2B6,14,3.445241393395569,84.0,73.36799999999998,True,D4_U2,,False,PHOL,0.0020141005877603,0.0,0.0
CYP2C19,105,1.4898525003857117,60.0,51.43999999999999,True,D3_U4,,False,PHOL,0.004339860423801,0.0,0.0
CYP2C8,51,2.2020478759163518,70.0,62.368999999999986,True,D3_U3,,False,PHOL,0.0022141654041527,0.0,0.0
CYP2C9,106,1.4804627600358728,89.0,81.19600000000001,True,D4_U4,,False,PHOL,0.0060042312610438,0.0,0.0
CYP2D6,105,1.4898525003857117,48.0,43.664,True,D3_U4,-2.839741328725197,True,PHOL,0.0041716288492272,0.007003957640557505,-0.019889427976531766
CYP2E1,4,4.543853682063679,109.0,99.743,True,D4_U1,-5.775080361622667,True,PHOL,0.0008021628319184,0.0013467915528072264,-0.00777782944781631
CYP2J2,51,2.2020478759163518,33.0,29.669,True,D2_U3,-3.631365226288877,True,PHOL,0.0022141654041527,0.003717473739962812,-0.013499504868943015
CYP3A4,134,1.2480168160593494,117.0,107.55499999999999,True,D4_U4,,False,PHOL,0.0137891861839879,0.0,0.0
CYP3A5,1,5.460144413937834,81.0,72.753,True,D4_U1,,False,PHOL,4.119035413945991e-05,0.0,0.0
DAO,29,2.7520942128356234,23.0,20.528999999999996,True,D2_U3,,False,PHOL,0.0018012672979933,0.0,0.0
DAPK1,82,1.734450986701181,25.0,22.162,True,D2_U4,2.159051727431104,True,PHOL,0.0051561254601338,0.008656878552095364,0.01869064859206277
DHFR,11,3.6683849447097785,44.0,39.083000000000006,True,D3_U2,7.066766448827854,True,PHOL,0.0018396810520269,0.003088733112707198,0.02182735553026285
DNMT1,8,3.95606701716156,128.0,111.362,True,D4_U2,-4.1684828193914,True,PHOL,0.0013723384191548,0.002304088044182183,-0.009604551426538563
DNMT3B,2,5.054679305829669,91.0,79.14200000000001,True,D4_U1,-0.3323985810152821,True,PHOL,0.0,0.0,-0.0
DPP4,82,1.734450986701181,51.0,43.902,True,D3_U4,-6.380240653937316,True,PHOL,0.0042678825732971,0.007165562862521673,-0.045718015483804234
DRD1,74,1.8358034809614685,32.0,27.140000000000004,True,D2_U4,,False,PHOL,0.0099806427730394,0.0,0.0
DRD2,11,3.6683849447097785,67.0,57.809000000000005,True,D3_U2,,False,PHOL,0.0004862598638443,0.0,0.0
DRD3,4,4.543853682063679,21.0,16.906000000000002,True,D2_U1,,False,PHOL,7.449756462027111e-05,0.0,0.0
DRD4,2,5.054679305829669,32.0,25.142,True,D2_U1,-3.352598425011793,True,PHOL,8.287267253063713e-05,0.00013913910104248673,-0.0004664775310125977
DRD5,2,5.054679305829669,21.0,18.168,True,D2_U1,,False,PHOL,8.287267253063713e-05,0.0,0.0
DUSP3,75,1.822558254211448,13.0,12.047999999999998,True,D1_U4,7.581376307314052,True,PHOL,0.0046431594482158,0.007795634096183387,0.05910163563729432
DYRK1A,11,3.6683849447097785,31.0,24.544999999999998,True,D2_U2,2.6761675772553914,True,PHOL,0.0005124708961324,0.0008604131810994647,0.002302609858301559
DYRK1B,1,5.460144413937834,9.0,7.327,True,D1_U1,-2.653862519082846,True,PHOL,0.0,0.0,-0.0
EBP,2,5.054679305829669,15.0,12.859000000000002,True,D1_U1,0.1141884149878733,True,PHOL,0.0001280336232917,0.000214962094307188,2.454618083141154e-05
EDNRA,1,5.460144413937834,23.0,19.941999999999997,True,D2_U1,,False,PHOL,9.247972072633566e-05,0.0,0.0
EGFR,97,1.568324115827207,506.0,428.06200000000007,True,D4_U4,,False,PHOL,0.004301887169006,0.0,0.0
EGLN1,23,2.975237764149833,35.0,29.538999999999998,True,D2_U3,4.995698260205372,True,PHOL,0.0071435739943459,0.011993705928046692,0.059916935838157714
EHMT2,138,1.2188176613670871,101.0,86.722,True,D4_U4,-2.3677495286164345,True,PHOL,0.0169564340156498,0.028469010516724288,-0.06740748623115025
ENPP2,1,5.460144413937834,8.0,6.714,True,D1_U1,-4.344658446263556,True,PHOL,0.0,0.0,-0.0
EP300,7,4.073850052817943,390.0,338.03700000000003,True,D4_U2,6.953264094236429,True,PHOL,0.0004102706885111,0.0006888241086036286,0.004789575941598025
EPHB4,11,3.6683849447097785,22.0,18.684,True,D2_U2,1.3131085470560244,True,PHOL,0.0002935922480357,0.00049292680225352,0.0006472663971120919
EPHX2,73,1.849226501293609,52.0,43.11000000000001,True,D3_U4,-9.578015104069204,True,PHOL,0.0036477371565752,0.0061243695093520355,-0.058659303663474695
ERBB2,41,2.4156219762144104,229.0,190.97500000000002,True,D4_U3,-7.653680365880861,True,PHOL,0.0021405390231937,0.003593858703222447,-0.027506245794603694
ERN1,4,4.543853682063679,65.0,51.351,True,D3_U1,,False,PHOL,0.0001716256611656,0.0,0.0
ESR1,117,1.3826069700321142,256.0,218.70499999999998,True,D4_U4,-1.8768301969543448,True,PHOL,0.0052984917602271,0.008895904498874183,-0.016696102192709075
ESR2,43,2.369101960579518,59.0,51.397999999999996,True,D3_U3,-1.8456425486263568,True,PHOL,0.0048047828285873,0.008066991724284794,-0.014888783165756717
ESRRA,39,2.4644121403838426,23.0,19.002000000000002,True,D2_U3,5.928154596728167,True,PHOL,0.0023611736581032,0.003964293296710379,0.023500943529672292
ESRRB,4,4.543853682063679,23.0,18.432,True,D2_U1,,False,PHOL,0.0012605679445308,0.0,0.0
F10,5,4.361532125269724,31.0,26.27,True,D2_U2,,False,PHOL,0.0001555877448808,0.0,0.0
F2,59,2.058947032275678,88.0,77.32799999999999,True,D4_U3,,False,PHOL,0.0027384931436862,0.0,0.0
F3,60,2.042417730324468,57.0,47.352,True,D3_U3,,False,PHOL,0.0054871078185291,0.0,0.0
FABP2,63,1.9944085111381071,6.0,4.918,True,D1_U3,,False,PHOL,0.0038524408216885,0.0,0.0
FABP3,70,1.8906117174564636,9.0,7.167,True,D1_U4,,False,PHOL,0.004757334525425,0.0,0.0
FABP4,73,1.849226501293609,32.0,26.402,True,D2_U4,,False,PHOL,0.0057678482455113,0.0,0.0
FABP5,63,1.9944085111381071,12.0,9.649999999999999,True,D1_U3,3.770009936787962,True,PHOL,0.0038524408216885,0.006468056795814738,0.024384638391930467
FASN,51,2.2020478759163518,78.0,64.767,True,D3_U3,-1.6192161308849082,True,PHOL,0.0025967290993601,0.0043597791829660055,-0.007059424780154782
FDPS,3,4.7669972333778885,32.0,28.755,True,D2_U1,2.450906140760815,True,PHOL,0.0013956438634584,0.0023432167276284644,0.005743004266878065
FLT3,76,1.8094861726440952,96.0,78.057,True,D4_U4,3.015094603400984,True,PHOL,0.0039233041598993,0.006587032821016234,0.019860527111071204
FLT4,11,3.6683849447097785,75.0,63.114999999999995,True,D3_U2,-4.601762940880709,True,PHOL,0.0002935922480357,0.00049292680225352,-0.002268332291177082
FOLH1,5,4.361532125269724,23.0,18.802000000000007,True,D2_U2,,False,PHOL,0.0008512051332735,0.0,0.0
FUCA1,1,5.460144413937834,7.0,5.457,True,D1_U1,0.0375691642084063,True,PHOL,5.354089094682591e-05,8.98924966200544e-05,3.3771859666224326e-06
FUT7,26,2.85745472849345,11.0,9.043,True,D1_U3,8.436325742267826,True,PHOL,0.0019654458843903,0.0032998860197325313,0.02783891337481927
FYN,6,4.207381445442466,175.0,153.58500000000004,True,D4_U2,-6.3648172398840845,True,PHOL,0.0011672229238969,0.001959709315361559,-0.012473191635574686
GAA,108,1.4619437122686354,12.0,11.084,True,D1_U4,4.485763384093747,True,PHOL,0.0058371115429318,0.009800220361760419,0.04396146965483486
GABRR1,16,3.3200782504415627,8.0,6.106999999999999,True,D1_U2,,False,PHOL,0.0106922327856488,0.0,0.0
GBA,97,1.568324115827207,57.0,49.833000000000006,True,D3_U4,,False,PHOL,0.0052711020897311,0.0,0.0
GBA2,3,4.7669972333778885,31.0,28.819,True,D2_U1,5.438194405433518,True,PHOL,0.0012491449198227,0.00209725227760292,0.011405265602842902
GLO1,74,1.8358034809614685,21.0,17.227,True,D2_U4,-2.907573447480508,True,PHOL,0.0038211844361883,0.0064155788770083,-0.01865376679300615
GLRA1,13,3.5142342648825204,7.0,5.806,True,D1_U2,,False,PHOL,0.0009566594563527,0.0,0.0
GLRA2,2,5.054679305829669,2.0,1.5619999999999998,True,D1_U1,,False,PHOL,0.0001197581972986,0.0,0.0
GPBAR1,3,4.7669972333778885,24.0,19.283,True,D2_U1,-2.3795300043762517,True,PHOL,0.0001207467162767,0.00020272773935655622,-0.00048239673851829384
GPR35,70,1.8906117174564636,2.0,1.805,True,D1_U4,-1.418493101954256,True,PHOL,0.0046951959163986,0.007883000741704612,-0.011181982174808276
GRIA1,5,4.361532125269724,79.0,68.036,True,D3_U2,,False,PHOL,0.0008512051332735,0.0,0.0
GRIA2,5,4.361532125269724,66.0,56.599999999999994,True,D3_U2,,False,PHOL,0.0008512051332735,0.0,0.0
GRIA4,5,4.361532125269724,46.0,39.918,True,D3_U2,,False,PHOL,0.0008512051332735,0.0,0.0
GRIK2,5,4.361532125269724,30.0,24.987000000000002,True,D2_U2,,False,PHOL,0.0008512051332735,0.0,0.0
GRIK5,5,4.361532125269724,12.0,10.273,True,D1_U2,1.024885907907631,True,PHOL,0.0008512051332735,0.0014291311409396195,0.0014646963669009702
GRK6,7,4.073850052817943,13.0,11.231000000000002,True,D1_U2,7.813995614827874,True,PHOL,0.0020358115783968,0.003418026525032099,0.02670844427796618
GRM1,5,4.361532125269724,46.0,40.019999999999996,True,D3_U2,,False,PHOL,0.0008512051332735,0.0,0.0
GRM2,5,4.361532125269724,18.0,15.54,True,D1_U2,-4.065128909672421,True,PHOL,0.0008512051332735,0.0014291311409396195,-0.005809602316746778
GRM3,5,4.361532125269724,17.0,13.956,True,D1_U2,,False,PHOL,0.0008512051332735,0.0,0.0
GRM4,5,4.361532125269724,12.0,10.181,True,D1_U2,,False,PHOL,0.0008512051332735,0.0,0.0
GRM5,21,3.0622491411394632,51.0,42.406,True,D3_U3,,False,PHOL,0.0015078652706146,0.0,0.0
GRM8,5,4.361532125269724,4.0,3.407,True,D1_U2,,False,PHOL,0.0008512051332735,0.0,0.0
GSK3B,86,1.6873834758431951,193.0,168.907,True,D4_U4,5.03921309607063,True,PHOL,0.0057611292274346,0.009672649827945443,0.048742543686688004
GSTP1,10,3.755396321699408,73.0,60.245000000000005,True,D3_U2,-1.0526649516805533,True,PHOL,0.0003005560389573,0.0005046186613319279,-0.0005311943787480794
HCAR2,63,1.9944085111381071,7.0,5.556,True,D1_U3,5.282998631903989,True,PHOL,0.0043241095030024,0.007259965084806496,0.038354385610703444
HDAC1,5,4.361532125269724,339.0,297.95300000000003,True,D4_U2,-0.5066796147825338,True,PHOL,0.0004443369792694,0.0007460197187754802,-0.0003779929837293345
HDAC10,1,5.460144413937834,26.0,19.378999999999998,True,D2_U1,,False,PHOL,0.0,0.0,0.0
HDAC2,5,4.361532125269724,237.0,207.34300000000002,True,D4_U2,0.3323394648615353,True,PHOL,0.0004443369792694,0.0007460197187754802,0.00024793179411399614
HDAC3,5,4.361532125269724,112.0,91.82599999999998,True,D4_U2,0.6948595756683236,True,PHOL,0.0004443369792694,0.0007460197187754802,0.0005183789452285323
HDAC6,5,4.361532125269724,101.0,81.79899999999999,True,D4_U2,-0.5486838057343507,True,PHOL,0.0004443369792694,0.0007460197187754802,-0.0004093289384506005
HDAC8,5,4.361532125269724,69.0,55.091,True,D3_U2,-3.773220283508206,True,PHOL,0.0004443369792694,0.0007460197187754802,-0.0028148967347807296
HIF1A,101,1.5283187812135075,191.0,160.465,True,D4_U4,5.79732261472079,True,PHOL,0.0053559564721335,0.00899238489599624,0.052131756317832664
HKDC1,7,4.073850052817943,55.0,49.115,True,D3_U2,-5.231866975289558,True,PHOL,0.0057477202978864,0.009650136901231407,-0.050488232560575705
HMGCR,6,4.207381445442466,70.0,59.829,True,D3_U2,7.060877664669711,True,PHOL,0.0002467962786406,0.0004143586939107025,0.0029257360469957926
HRH1,2,5.054679305829669,8.0,6.503,True,D1_U1,,False,PHOL,8.287267253063713e-05,0.0,0.0
HRH3,2,5.054679305829669,5.0,3.7689999999999997,True,D1_U1,,False,PHOL,0.0002101910241838,0.0,0.0
HRH4,1,5.460144413937834,2.0,1.463,True,D1_U1,,False,PHOL,8.952036966309286e-05,0.0,0.0
HSD11B1,57,2.0928485839513598,25.0,22.029999999999998,True,D2_U3,,False,PHOL,0.0027560967007477,0.0,0.0
HSD11B2,5,4.361532125269724,23.0,19.876000000000005,True,D2_U2,,False,PHOL,0.0012268166413937,0.0,0.0
HSD17B1,70,1.8906117174564636,35.0,29.495,True,D2_U4,,False,PHOL,0.0044736702544636,0.0,0.0
HSD17B2,70,1.8906117174564636,32.0,28.866,True,D2_U4,,False,PHOL,0.0044736702544636,0.0,0.0
HSD17B3,12,3.588342237036242,42.0,38.18300000000001,True,D3_U2,,False,PHOL,0.0018574056193709,0.0,0.0
HSP90AA1,3,4.7669972333778885,360.0,306.643,True,D4_U1,1.7148068103164067,True,PHOL,0.0003085107487645,0.0005179742240021011,0.0008882257268871589
HSP90AB1,24,2.9344157696295783,306.0,261.081,True,D4_U3,-1.852809616675148,True,PHOL,0.0017417775380209,0.002924357975382414,-0.005418278579389202
HSPA1A,12,3.588342237036242,51.0,43.149,True,D3_U2,6.833934156170928,True,PHOL,0.0003384929197199,0.0005683127998757617,0.003883812254460101
HSPA8,39,2.4644121403838426,203.0,175.42600000000002,True,D4_U3,-4.606829220770813,True,PHOL,0.0020367309797954,0.0034195701543153364,-0.01575337570937565
HTR1A,53,2.1643075479335048,36.0,28.774999999999995,True,D2_U3,,False,PHOL,0.0024197308913677,0.0,0.0
HTR1B,1,5.460144413937834,32.0,25.380999999999997,True,D2_U1,,False,PHOL,0.0001585990801117,0.0,0.0
HTR1D,1,5.460144413937834,21.0,16.686999999999998,True,D2_U1,,False,PHOL,0.0001585990801117,0.0,0.0
HTR1E,2,5.054679305829669,20.0,15.457,True,D2_U1,,False,PHOL,0.0002296943364628,0.0,0.0
HTR2A,6,4.207381445442466,29.0,24.971999999999998,True,D2_U2,,False,PHOL,0.0004733865845105,0.0,0.0
HTR2B,2,5.054679305829669,19.0,16.302,True,D2_U1,,False,PHOL,0.0002296943364628,0.0,0.0
HTR2C,3,4.7669972333778885,22.0,18.963,True,D2_U1,,False,PHOL,0.0002166215105235,0.0,0.0
HTR3A,3,4.7669972333778885,38.0,30.176,True,D3_U1,,False,PHOL,0.0003366936641395,0.0,0.0
HTR4,1,5.460144413937834,4.0,3.564,True,D1_U1,,False,PHOL,0.0001585990801117,0.0,0.0
HTR5A,2,5.054679305829669,14.0,11.208,True,D1_U1,,False,PHOL,0.0002296943364628,0.0,0.0
HTR6,3,4.7669972333778885,14.0,12.336000000000002,True,D1_U1,,False,PHOL,0.0002166215105235,0.0,0.0
HTR7,57,2.0928485839513598,25.0,22.216,True,D2_U3,,False,PHOL,0.0039010804761734,0.0,0.0
IDH1,97,1.568324115827207,87.0,72.00400000000002,True,D4_U4,8.658981587476042,True,PHOL,0.0070937472681643,0.011910049329591573,0.1031288978508648
IDO1,47,2.282090583589888,58.0,48.634,True,D3_U3,-3.062888338070816,True,PHOL,0.002908975355663,0.004884025138589146,-0.014959223639829397
IGF1R,59,2.058947032275678,151.0,129.654,True,D4_U3,3.5317601659932008,True,PHOL,0.0022148714787274,0.00371865920410428,0.013133412447959476
INSR,42,2.3920914788042165,79.0,68.16799999999999,True,D3_U3,0.4618508694319702,True,PHOL,0.0032902779920771,0.00552421332651291,0.0025513627277776634
JAK2,1,5.460144413937834,210.0,183.557,True,D4_U1,8.807769715419894,True,PHOL,0.0,0.0,0.0
KAT2B,4,4.543853682063679,171.0,150.77200000000002,True,D4_U1,2.399676573892402,True,PHOL,0.0004233259546927,0.0007107432520909666,0.0017055539320947944
KCNA3,1,5.460144413937834,19.0,16.046,True,D2_U1,-4.922428200085983,True,PHOL,0.0002315181974045,0.0003887075543500812,-0.0019133850271192947
KCNA5,1,5.460144413937834,23.0,18.999,True,D2_U1,,False,PHOL,0.0,0.0,0.0
KCNH2,44,2.3466291047274592,35.0,29.212999999999997,True,D2_U3,-1.105942489598427,True,PHOL,0.004740318919035,0.00795876002195282,-0.008801930872794933
KDM2A,1,5.460144413937834,12.0,9.288,True,D1_U1,6.634614642840275,True,PHOL,4.53650521941349e-05,7.616566943347849e-05,0.0005053298657050883
KDM4E,132,1.2629424662760251,,,False,NO_STRING_U4,,False,PHOL,0.0104087056915789,0.0,0.0
KDM5C,1,5.460144413937834,34.0,27.465,True,D2_U1,3.88109699995408,True,PHOL,4.53650521941349e-05,7.616566943347849e-05,0.00029560635113776753
KDM7A,1,5.460144413937834,8.0,6.108,True,D1_U1,7.608320670793933,True,PHOL,4.53650521941349e-05,7.616566943347849e-05,0.0005794928371555921
KDR,59,2.058947032275678,155.0,134.25700000000003,True,D4_U3,,False,PHOL,0.0022148714787274,0.0,0.0
KIT,6,4.207381445442466,173.0,142.006,True,D4_U2,-6.683795079181286,True,PHOL,0.0003263318103418,0.0005478949012503417,-0.0036620172448855503
KMT2A,100,1.5381710776565196,125.0,110.949,True,D4_U4,-5.954776715314525,True,PHOL,0.0108314055865347,0.018185392003375524,-0.10828994886056753
LDHA,6,4.207381445442466,73.0,63.38100000000001,True,D3_U2,8.8002229806558,True,PHOL,0.0001596901651989,0.00026811185584593,0.0023594441152016282
LIMK1,1,5.460144413937834,30.0,26.435999999999996,True,D2_U1,6.002404240608286,True,PHOL,0.0,0.0,0.0
MAN1B1,1,5.460144413937834,17.0,14.476,True,D1_U1,-1.564862123041237,True,PHOL,5.354089094682591e-05,8.98924966200544e-05,-0.00014066936310633556
MAOA,38,2.489729948368133,58.0,51.863,True,D3_U3,,False,PHOL,0.0022741910698799,0.0,0.0
MAOB,30,2.719304390012633,56.0,50.373000000000005,True,D3_U3,,False,PHOL,0.0016877861057282,0.0,0.0
MAP2K1,58,2.07575415059206,82.0,71.711,True,D4_U3,3.337184676844667,True,PHOL,0.0028451705632209,0.004776900061148037,0.015941397686881582
MAP2K7,1,5.460144413937834,39.0,36.033,True,D3_U1,-0.7291174506508413,True,PHOL,0.0,0.0,-0.0
MAP3K7,1,5.460144413937834,121.0,103.87299999999999,True,D4_U1,1.405167218157566,True,PHOL,0.0,0.0,0.0
MAP3K8,10,3.755396321699408,16.0,14.76,True,D1_U2,4.738432540246925,True,PHOL,0.0003005560389573,0.0005046186613319279,0.00239110148527105
MAPK1,120,1.3575010489010375,230.0,204.362,True,D4_U4,5.901195882560853,True,PHOL,0.0054121029349548,0.009086652018379472,0.05362211347712421
MAPK14,55,2.1279399037626296,144.0,124.14499999999998,True,D4_U3,10.443131718931946,True,PHOL,0.0028548903302436,0.004793219067215819,0.050056218076630916
MAPK9,17,3.2629198366016143,148.0,132.40099999999998,True,D4_U3,-3.104280348866961,True,PHOL,0.0014738759631988,0.0024745645374450393,-0.007681742065593696
MAPKAPK2,50,2.221465961773453,27.0,23.753999999999998,True,D2_U3,7.059532770072961,True,PHOL,0.0022336903447273,0.003750255145418917,0.026475049095219583
MAPT,135,1.240636708761727,116.0,99.056,True,D4_U4,-3.688724528309841,True,PHOL,0.0096819153799658,0.01625545503965553,-0.059961895723615176
MCL1,23,2.975237764149833,79.0,65.401,True,D3_U3,6.637293654607583,True,PHOL,0.0039325224483353,0.006602509869444486,0.04382279686094783
MERTK,1,5.460144413937834,18.0,14.454999999999998,True,D1_U1,5.2187743703089,True,PHOL,0.0,0.0,0.0
MET,65,1.9636368524713528,126.0,107.123,True,D4_U4,,False,PHOL,0.0027330044599009,0.0,0.0
MGAM,1,5.460144413937834,33.0,28.824,True,D2_U1,9.560287137877864,True,PHOL,5.354089094682591e-05,8.98924966200544e-05,0.0008593980792284355
MGLL,25,2.8951950564762967,75.0,67.161,True,D3_U3,1.8863264792495864,True,PHOL,0.0077791907107515,0.01306087482495366,0.024637074024474393
MIF,9,3.850706501503733,22.0,18.514000000000003,True,D2_U2,-2.1577471943737674,True,PHOL,0.0013568026606532,0.002278004277291153,-0.004915357338096426
MMP1,67,1.9337838893216723,45.0,36.199999999999996,True,D3_U4,,False,PHOL,0.0041092266403945,0.0,0.0
MMP12,65,1.9636368524713528,16.0,12.245,True,D1_U4,,False,PHOL,0.0026650423337143,0.0,0.0
MMP13,67,1.9337838893216723,31.0,25.31,True,D2_U4,,False,PHOL,0.0026245259773012,0.0,0.0
MMP14,2,5.054679305829669,35.0,29.804000000000006,True,D2_U1,0.8249424636771492,True,PHOL,0.0003511585822739,0.00058957781822327,0.0004863677778945028
MMP2,88,1.6646552247656392,91.0,75.099,True,D4_U4,,False,PHOL,0.0042220192573947,0.0,0.0
MMP3,84,1.7106403380074624,53.0,44.187,True,D3_U4,,False,PHOL,0.0041925522591657,0.0,0.0
MMP9,92,1.620692101344523,163.0,133.21599999999998,True,D4_U4,11.38441496215716,True,PHOL,0.0043698414618251,0.007336746772245745,0.08352456972751271
MPG,65,1.9636368524713528,10.0,7.95,True,D1_U4,2.1781150864414465,True,PHOL,0.0029096922399033,0.00488522875162226,0.01064059044462596
MPO,2,5.054679305829669,76.0,62.386,True,D3_U1,6.599150252240168,True,PHOL,4.9564995532677726e-05,8.321716569526721e-05,0.0005491625799886344
MTNR1A,2,5.054679305829669,14.0,11.878,True,D1_U1,,False,PHOL,0.0001849532617224,0.0,0.0
MTNR1B,2,5.054679305829669,36.0,31.176000000000002,True,D2_U1,,False,PHOL,0.0001849532617224,0.0,0.0
MYLK,1,5.460144413937834,42.0,36.315000000000005,True,D3_U1,2.295942517837012,True,PHOL,0.0,0.0,0.0
NEK2,51,2.2020478759163518,93.0,79.732,True,D4_U3,5.673148596503959,True,PHOL,0.0022141654041527,0.003717473739962812,0.021089780930410352
NEK6,51,2.2020478759163518,7.0,5.7509999999999994,True,D1_U3,2.830837924157839,True,PHOL,0.0022141654041527,0.003717473739962812,0.010523565645147606
NFKB1,102,1.518562606268143,240.0,202.792,True,D4_U4,7.552469280388262,True,PHOL,0.0057433268605085,0.00964276053808804,0.07282665274205011
NOS2,22,3.017797378568629,34.0,29.873,True,D2_U3,,False,PHOL,0.0065956290405147,0.0,0.0
NQO1,4,4.543853682063679,34.0,27.721999999999998,True,D2_U1,-0.2641474922531057,True,PHOL,0.0005098437240414,0.000856002289645584,-0.00022611085817279762
NQO2,9,3.850706501503733,,,False,NO_STRING_U2,8.654648113870152,True,PHOL,0.0007295083616601,0.0012248083058602822,0.010600284894166187
NR1H4,40,2.439719527793472,46.0,38.949,True,D3_U3,,False,PHOL,0.0072210710804272,0.0,0.0
NR1I2,39,2.4644121403838426,43.0,34.839,True,D3_U3,,False,PHOL,0.0093749445562392,0.0,0.0
NR3C1,6,4.207381445442466,89.0,75.465,True,D4_U2,0.7701821235692285,True,PHOL,0.0013870847273988,0.0023288463633012756,0.0017936358375538516
NR3C2,1,5.460144413937834,24.0,19.866999999999997,True,D2_U1,-7.366043700647282,True,PHOL,0.0001383039418952,0.00023220544913422865,-0.0017104354858511576
NT5E,2,5.054679305829669,122.0,103.113,True,D4_U1,-7.461736924343431,True,PHOL,0.0002481217740438,0.0004165841348577048,-0.0031084412211633996
NUAK1,59,2.058947032275678,3.0,2.543,True,D1_U3,-4.604455952919585,True,PHOL,0.0022148714787274,0.00371865920410428,-0.017122402509217156
ODC1,13,3.5142342648825204,24.0,21.121999999999996,True,D2_U2,-3.720103074496836,True,PHOL,0.0016737032259044,0.0028100645864673423,-0.010453729907651841
OPRD1,9,3.850706501503733,15.0,13.218,True,D1_U2,,False,PHOL,0.0004493872938703,0.0,0.0
OPRK1,8,3.95606701716156,,,False,NO_STRING_U2,,False,PHOL,0.0005327802264211,0.0,0.0
OPRM1,9,3.850706501503733,46.0,38.205,True,D3_U2,,False,PHOL,0.0004123314996634,0.0,0.0
OXER1,2,5.054679305829669,,,False,NO_STRING_U1,4.041596832670729,True,PHOL,0.0014798691523328,0.00248462680433011,0.010041859822749369
OXTR,1,5.460144413937834,26.0,21.112000000000002,True,D2_U1,-0.5956984117191482,True,PHOL,5.354089094682591e-05,8.98924966200544e-05,-5.35488174620353e-05
PARP1,45,2.324650198008684,158.0,131.22699999999998,True,D4_U3,-2.4659847570357925,True,PHOL,0.0038596748074327,0.0064802022985802005,-0.015980080090807078
PCNA,1,5.460144413937834,152.0,133.97,True,D4_U1,3.381222286333229,True,PHOL,0.0,0.0,0.0
PDE4B,3,4.7669972333778885,35.0,28.542,True,D2_U1,0.4691640529785575,True,PHOL,7.877522347985922e-05,0.00013225968759914854,6.205149107969438e-05
PDE4D,3,4.7669972333778885,36.0,30.516000000000002,True,D2_U1,-1.6561778156561155,True,PHOL,7.877522347985922e-05,0.00013225968759914854,-0.00021904556050731806
PDE5A,72,1.862832153349388,34.0,27.962999999999997,True,D2_U4,1.6485397955862475,True,PHOL,0.0039423076399524,0.006618938720156745,0.0109115838847251
PDGFRB,11,3.6683849447097785,151.0,126.837,True,D4_U2,,False,PHOL,0.0002935922480357,0.0,0.0
PDPK1,7,4.073850052817943,47.0,41.127,True,D3_U2,4.157831038323178,True,PHOL,0.0006507165887157,0.0010925208325321518,0.00454251702751686
PGR,1,5.460144413937834,73.0,62.239,True,D3_U1,,False,PHOL,0.0001383039418952,0.0,0.0
PHF8,1,5.460144413937834,41.0,35.586999999999996,True,D3_U1,0.7367585087142349,True,PHOL,4.53650521941349e-05,7.616566943347849e-05,5.611570502703099e-05
PIK3CA,11,3.6683849447097785,196.0,171.49,True,D4_U2,4.255011427305268,True,PHOL,0.0006672942800411,0.0011203539528834142,0.004767118872145555
PIK3CB,10,3.755396321699408,154.0,137.429,True,D4_U2,6.610542125891412,True,PHOL,0.0006831220066944,0.0011469279197996159,0.007581815329196367
PIK3CG,51,2.2020478759163518,85.0,73.089,True,D4_U3,6.213084091256363,True,PHOL,0.0022141654041527,0.003717473739962812,0.023096976953426242
PIM1,79,1.7712649598238974,11.0,9.272,True,D1_U4,-0.06872709694195,True,PHOL,0.0042463348205274,0.007129385255859437,-0.0004899819516159606
PIM3,1,5.460144413937834,1.0,0.705,True,D1_U1,7.7880809460643645,True,PHOL,0.0,0.0,0.0
PKN1,51,2.2020478759163518,22.0,19.196999999999996,True,D2_U3,2.527029023192576,True,PHOL,0.0022141654041527,0.003717473739962812,0.009394164033842278
PLA2G2A,5,4.361532125269724,34.0,27.45,True,D2_U2,,False,PHOL,0.0008842030445935,0.0,0.0
PLG,67,1.9337838893216723,107.0,92.678,True,D4_U4,,False,PHOL,0.0030301379798249,0.0,0.0
PLK1,59,2.058947032275678,267.0,228.95,True,D4_U3,4.526551873387975,True,PHOL,0.0022148714787274,0.00371865920410428,0.016832703786829665
PLK4,11,3.6683849447097785,72.0,59.699000000000005,True,D3_U2,2.576577153305466,True,PHOL,0.0002935922480357,0.00049292680225352,0.0012700639369383408
PNP,32,2.6567840330312986,59.0,52.839999999999996,True,D3_U3,1.526582699771623,True,PHOL,0.0023035245449133,0.003867503298992207,0.005904063627551181
POLA1,5,4.361532125269724,81.0,71.08699999999999,True,D4_U2,-3.8485183625517143,True,PHOL,0.0010033241003007,0.0016845313311030482,-0.006482949760043762
POLB,110,1.443761393185445,31.0,26.99,True,D2_U4,0.8499730427402369,True,PHOL,0.0057764566299456,0.009698383775476924,0.008243364767304667
PPARA,101,1.5283187812135075,122.0,100.01799999999999,True,D4_U4,-4.149047958812504,True,PHOL,0.0060953893719104,0.010233856008420687,-0.042460759382518934
PPARD,98,1.558171744363189,34.0,26.888,True,D2_U4,-4.830811773960327,True,PHOL,0.0057317991059305,0.009623406010714392,-0.046488863062159665
PPARG,103,1.5089006953564064,169.0,143.717,True,D4_U4,8.73955768121418,True,PHOL,0.0060467932958873,0.010152265610457513,0.08872631089760052
PRKCA,60,2.042417730324468,148.0,127.10000000000002,True,D4_U3,-4.9722402935643615,True,PHOL,0.00352364357251,0.005916022545211485,-0.029415885676935736
PRKCD,1,5.460144413937834,69.0,61.88999999999999,True,D3_U1,9.782232300818103,True,PHOL,0.0,0.0,0.0
PRKCE,1,5.460144413937834,60.0,52.715,True,D3_U1,-0.3281262872935231,True,PHOL,0.0,0.0,-0.0
PRMT1,4,4.543853682063679,75.0,63.477,True,D3_U1,-2.704612489671792,True,PHOL,0.0002183221114699,0.00036655198149171994,-0.0009913810672564493
PTAFR,3,4.7669972333778885,12.0,9.183000000000002,True,D1_U1,5.73103237181907,True,PHOL,0.0001356875978362,0.000227812737408267,0.0013056021727994953
PTGES,12,3.588342237036242,21.0,18.064999999999998,True,D2_U2,,False,PHOL,0.0015717973042006,0.0,0.0
PTGS1,71,1.8766254754817235,57.0,48.494,True,D3_U4,3.07679513272364,True,PHOL,0.0035416212922909,0.0059462062438026386,0.018295258429102877
PTGS2,89,1.6534819241675138,106.0,87.70999999999998,True,D4_U4,2.0268123518699994,True,PHOL,0.0055673827668507,0.00934735914366298,0.018945342969741107
PTK2,59,2.058947032275678,158.0,139.677,True,D4_U3,1.048861535110396,True,PHOL,0.0022148714787274,0.00371865920410428,0.0039003586013692188
PTK2B,5,4.361532125269724,57.0,50.344,True,D3_U2,9.625556247812332,True,PHOL,0.0014025412614075,0.0023547971162036644,0.022666232094204642
PTPN1,90,1.6424320879809289,35.0,30.333,True,D2_U4,6.321739459296797,True,PHOL,0.0085597356207477,0.014371370960576776,0.09085206288567031
PTPN11,31,2.6875556916980523,173.0,152.384,True,D4_U3,-0.5131117096196629,True,PHOL,0.0064350158745238,0.010804072037671615,-0.005543695874103678
PTPN2,35,2.569772656041669,19.0,16.578,True,D2_U3,2.311998820996356,True,PHOL,0.0061807112887194,0.010377107268956992,0.02399185977118128
PTPN6,38,2.489729948368133,82.0,73.61999999999999,True,D4_U3,6.603334290305119,True,PHOL,0.0070695238255486,0.0118693793725746,0.07837747981556212
PTPRF,35,2.569772656041669,17.0,14.934999999999999,True,D1_U3,-0.6431338632525161,True,PHOL,0.0062499062374839,0.01049328215114405,-0.0067485850880639455
PTPRS,46,2.3031439927877204,25.0,21.340999999999998,True,D2_U3,-5.285499760740807,True,PHOL,0.0049815500503312,0.008363775109883124,-0.04420673134217717
PYGL,49,2.241268589069633,46.0,39.906,True,D3_U3,9.824895092824327,True,PHOL,0.0022536019428129,0.003783685729631408,0.03717431535784506
RELA,24,2.9344157696295783,198.0,169.79200000000003,True,D4_U3,2.8798811629185077,True,PHOL,0.0041298832919717,0.006933868923352198,0.01996871849850803
RORB,3,4.7669972333778885,16.0,13.974,True,D1_U1,,False,PHOL,0.0001659527787756,0.0,0.0
RORC,111,1.4347927232026845,36.0,30.413999999999994,True,D2_U4,-7.795590779077749,True,PHOL,0.0063768246795736,0.010706371911602123,-0.08346249415146252
RXRA,7,4.073850052817943,67.0,58.204,True,D3_U2,6.540856369625618,True,PHOL,0.0031642411783712,0.005312603776322342,0.0347489782496551
SAE1,3,4.7669972333778885,22.0,18.495,True,D2_U1,-2.548500502621025,True,PHOL,0.0001129422779677,0.00018962447506814606,-0.00048325807002041826
SENP6,1,5.460144413937834,11.0,8.928999999999998,True,D1_U1,2.765674184981997,True,PHOL,8.952036966309286e-05,0.00015030025434873085,0.00041568153344851306
SENP7,1,5.460144413937834,7.0,5.9559999999999995,True,D1_U1,-2.7324245348801623,True,PHOL,8.952036966309286e-05,0.00015030025434873085,-0.000410684102581201
SENP8,3,4.7669972333778885,17.0,14.641000000000002,True,D1_U1,,False,PHOL,0.0003978853778005,0.0,0.0
SHBG,22,3.017797378568629,20.0,15.725999999999997,True,D2_U3,,False,PHOL,0.0021307861554039,0.0,0.0
SIGMAR1,1,5.460144413937834,31.0,26.253999999999998,True,D2_U1,-3.0691063559686143,True,PHOL,8.952036966309286e-05,0.00015030025434873085,-0.0004612874659253892
SIRT2,6,4.207381445442466,53.0,45.153,True,D3_U2,3.065567957524462,True,PHOL,0.0008506847360806,0.0014282574198999321,0.004378420181541793
SIRT3,2,5.054679305829669,53.0,47.016,True,D3_U1,,False,PHOL,0.0007451683768673,0.0,0.0
SLC15A2,2,5.054679305829669,,,False,NO_STRING_U1,1.9711736960403197,True,PHOL,3.721826610657355e-05,6.24876202286617e-05,0.00012317395332289493
SLC1A1,5,4.361532125269724,10.0,7.850999999999999,True,D1_U2,,False,PHOL,0.0008512051332735,0.0,0.0
SLC22A1,28,2.7859957645113047,15.0,11.719000000000001,True,D1_U3,4.786671231463516,True,PHOL,0.0016464155201015,0.0027642498837554957,0.0132315553951488
SLC22A12,4,4.543853682063679,12.0,10.215,True,D1_U1,,False,PHOL,0.0033161610152075,0.0,0.0
SLC28A1,31,2.6875556916980523,6.0,4.814000000000001,True,D1_U3,,False,PHOL,0.0020286912862829,0.0,0.0
SLC28A2,31,2.6875556916980523,9.0,7.11,True,D1_U3,,False,PHOL,0.0020286912862829,0.0,0.0
SLC28A3,33,2.6269310698816177,5.0,3.9539999999999997,True,D1_U3,,False,PHOL,0.0021161403694208,0.0,0.0
SLC47A1,9,3.850706501503733,16.0,12.276000000000002,True,D1_U2,,False,PHOL,0.0011054387964714,0.0,0.0
SLC5A1,11,3.6683849447097785,20.0,16.554,True,D2_U2,,False,PHOL,0.0019418065142588,0.0,0.0
SLC5A2,10,3.755396321699408,16.0,13.217999999999998,True,D1_U2,,False,PHOL,0.0018286303708368,0.0,0.0
SLC6A15,1,5.460144413937834,,,False,NO_STRING_U1,,False,PHOL,0.0,0.0,0.0
SLC6A2,2,5.054679305829669,16.0,12.665,True,D1_U1,,False,PHOL,0.0002101910241838,0.0,0.0
SLC6A3,2,5.054679305829669,41.0,34.881,True,D3_U1,,False,PHOL,0.0002101910241838,0.0,0.0
SLC6A4,2,5.054679305829669,31.0,25.977999999999998,True,D2_U1,,False,PHOL,0.0002101910241838,0.0,0.0
SLCO1B1,81,1.746572347233526,35.0,28.55,True,D2_U4,,False,PHOL,0.0068404103907521,0.0,0.0
SLCO1B3,82,1.734450986701181,17.0,13.575,True,D1_U4,,False,PHOL,0.0067929373612685,0.0,0.0
SLCO2B1,81,1.746572347233526,10.0,7.3790000000000004,True,D1_U4,,False,PHOL,0.0068404103907521,0.0,0.0
SMAD3,12,3.588342237036242,194.0,170.077,True,D4_U2,-6.460064852574141,True,PHOL,0.0004250730406732,0.0007136765226776106,-0.004610396620256964
SOAT1,52,2.182999680945657,13.0,11.006,True,D1_U3,4.830223690713539,True,PHOL,0.0049536593371864,0.008316947987794516,0.04017271920507737
SOAT2,2,5.054679305829669,16.0,13.381,True,D1_U1,-5.186215531401684,True,PHOL,0.0005178523574352,0.0008694483873393711,-0.004509146730171594
SRC,66,1.948598975106813,407.0,350.792,True,D4_U4,-1.1204492866407774,True,PHOL,0.0033668135115972,0.005652712662405687,-0.006333577870177741
STAT3,19,3.157559320943788,324.0,276.914,True,D4_U3,9.263149471649829,True,PHOL,0.0012250695790272,0.0020568309761861106,0.01905273277033137
SYK,69,1.90479635244842,144.0,127.54900000000002,True,D4_U4,7.988888768549974,True,PHOL,0.0051522234466714,0.008650327265297979,0.06910650233402063
TAS2R31,2,5.054679305829669,5.0,3.8209999999999997,True,D1_U1,,False,PHOL,0.0003233688674062,0.0,0.0
TBXAS1,16,3.3200782504415627,3.0,2.556,True,D1_U2,6.671715904736223,True,PHOL,0.0012941520211602,0.002172816965326883,0.014496417505652058
TEK,11,3.6683849447097785,75.0,61.166,True,D3_U2,,False,PHOL,0.0002935922480357,0.0,0.0
TERT,67,1.9337838893216723,87.0,75.00499999999998,True,D4_U4,,False,PHOL,0.0056452583664758,0.0,0.0
TGM2,4,4.543853682063679,5.0,4.289,True,D1_U1,-1.6695317315701406,True,PHOL,7.072553603190297e-05,0.00011874466218751408,-0.00019824798147663177
THRA,1,5.460144413937834,29.0,25.253,True,D2_U1,-4.165620376075705,True,PHOL,0.0,0.0,-0.0
THRB,104,1.4993312443402556,29.0,24.858999999999995,True,D2_U4,,False,PHOL,0.0098412876897004,0.0,0.0
TLR2,63,1.9944085111381071,142.0,120.90199999999999,True,D4_U3,7.758485339040539,True,PHOL,0.0038524408216885,0.006468056795814738,0.05018232382241017
TNKS,42,2.3920914788042165,29.0,24.611,True,D2_U3,-1.3234256823701926,True,PHOL,0.0033973898456315,0.0057040488085778095,-0.007548884686764972
TNKS2,42,2.3920914788042165,21.0,18.846,True,D2_U3,,False,PHOL,0.0033973898456315,0.0,0.0
TOP1,50,2.221465961773453,55.0,44.23800000000001,True,D3_U3,5.649820280135493,True,PHOL,0.0061568301138016,0.010337011962404972,0.058402259821198794
TOP2A,83,1.7224747956544653,137.0,116.97500000000001,True,D4_U4,5.2501016444263335,True,PHOL,0.0088775013251441,0.014904883795407853,0.07825215492425418
TRPV1,37,2.515705434771393,53.0,44.499,True,D3_U3,-3.049921275272325,True,PHOL,0.004467533697575,0.007500767183872346,-0.02287674941495675
TTR,64,1.9789043246021416,52.0,43.791,True,D3_U4,,False,PHOL,0.003615915713798,0.0,0.0
TUBB3,1,5.460144413937834,39.0,32.553,True,D3_U1,,False,PHOL,0.0018497831486506,0.0,0.0
TYR,77,1.7965827678081872,37.0,32.139,True,D3_U4,,False,PHOL,0.004687205024087,0.0,0.0
UBE2N,14,3.445241393395569,117.0,101.08500000000001,True,D4_U2,-1.694799222077935,True,PHOL,0.005163647437455,0.008669507578414585,-0.014693074699695802
UGT1A1,109,1.4528112287053627,71.0,60.75,True,D3_U4,,False,PHOL,0.0391453273308791,0.0,0.0
VCP,4,4.543853682063679,186.0,157.872,True,D4_U1,5.023882193029381,True,PHOL,0.0008060701085177,0.0013533516761500566,0.006799079386716735
VDR,3,4.7669972333778885,,,False,NO_STRING_U1,8.26112645395708,True,PHOL,0.0,0.0,0.0
XDH,73,1.849226501293609,43.0,37.22599999999999,True,D3_U4,,False,PHOL,0.0042676191832399,0.0,0.0
XIAP,2,5.054679305829669,87.0,74.72899999999998,True,D4_U1,4.389811795150285,True,PHOL,7.227267953253238e-05,0.00012134223928123842,0.0005326695932467287
XPO1,11,3.6683849447097785,96.0,80.62199999999999,True,D4_U2,1.0126041095678593,True,PHOL,0.0017531512098265,0.002943453805434213,0.0029805534197058386
ABCB1,28,2.7859957645113047,21.0,16.63,True,D2_U3,-9.244803810105765,True,WHIL,0.0046090337467601,0.007583238545619652,-0.07010555259948546
ABCB11,18,3.2088526153313386,18.0,15.145999999999999,True,D1_U3,,False,WHIL,0.0049551327801027,0.0,0.0
ABCC1,60,2.042417730324468,4.0,3.299,True,D1_U3,-1.5812475234293173,True,WHIL,0.0032357401371303,0.005323759963515902,-0.008418182257641672
ABCG2,63,1.9944085111381071,27.0,21.456999999999997,True,D2_U3,,False,WHIL,0.003763922615314,0.0,0.0
ACHE,95,1.5889434030299427,30.0,24.661000000000005,True,D2_U4,,False,WHIL,0.0056120604309618,0.0,0.0
ACP1,24,2.9344157696295783,17.0,13.466,True,D1_U3,-4.322366262742755,True,WHIL,0.0091306670025017,0.015022677152073427,-0.0649335128981986
ADORA1,31,2.6875556916980523,18.0,14.756999999999998,True,D1_U3,,False,WHIL,0.0032116234946332,0.0,0.0
ADORA2A,35,2.569772656041669,33.0,28.406,True,D2_U3,4.208253074992976,True,WHIL,0.003804837531349,0.006260095328620264,0.02634406541641539
ADORA2B,31,2.6875556916980523,8.0,6.59,True,D1_U3,6.194930504803826,True,WHIL,0.0032116234946332,0.005284080876092535,0.03273451380915617
ADORA3,74,1.8358034809614685,5.0,4.574,True,D1_U4,0.3497821693270508,True,WHIL,0.0043436728412579,0.007146640517124123,0.002499767423480272
ADRA1A,2,5.054679305829669,12.0,10.276,True,D1_U1,,False,WHIL,0.0,0.0,0.0
ADRA1B,2,5.054679305829669,13.0,10.910000000000002,True,D1_U1,,False,WHIL,0.0,0.0,0.0
ADRA1D,1,5.460144413937834,19.0,15.749,True,D2_U1,,False,WHIL,0.0,0.0,0.0
ADRA2A,2,5.054679305829669,18.0,14.803999999999998,True,D1_U1,-0.5922268373153505,True,WHIL,6.382342157905244e-05,0.00010500861074662795,-6.21889174333542e-05
ADRA2B,13,3.5142342648825204,5.0,4.398000000000001,True,D1_U2,,False,WHIL,0.0006243669692198,0.0,0.0
ADRA2C,2,5.054679305829669,9.0,7.438,True,D1_U1,,False,WHIL,0.0,0.0,0.0
ADRB1,1,5.460144413937834,28.0,24.29,True,D2_U1,,False,WHIL,0.0001011541734577,0.0,0.0
ADRB2,25,2.8951950564762967,64.0,53.324000000000005,True,D3_U3,-5.584192512554655,True,WHIL,0.0029293688370152,0.004819687574387143,-0.026914063265745396
AGTR1,1,5.460144413937834,46.0,38.625,True,D3_U1,,False,WHIL,0.0001261841427591,0.0,0.0
AKR1B1,113,1.4170931461032836,42.0,37.897,True,D3_U4,-4.081977169265002,True,WHIL,0.0087525036054167,0.01440048529866526,-0.0587824522154879
AKR1B10,87,1.6759547800195724,40.0,35.381,True,D3_U4,,False,WHIL,0.0088973734829721,0.0,0.0
AKR1C2,44,2.3466291047274592,29.0,26.800000000000004,True,D2_U3,,False,WHIL,0.0040571375256453,0.0,0.0
AKR1C3,45,2.324650198008684,61.0,56.412,True,D3_U3,-4.992401538846224,True,WHIL,0.004019137721142,0.006612683213383363,-0.03301316985039769
AKR1C4,44,2.3466291047274592,30.0,27.675,True,D2_U3,,False,WHIL,0.0040571375256453,0.0,0.0
AKT1,67,1.9337838893216723,435.0,367.50600000000003,True,D4_U4,-1.7440732459487165,True,WHIL,0.0035998842006469,0.0059228858216328565,-0.010329946700318846
ALDH2,2,5.054679305829669,67.0,59.902,True,D3_U1,2.3419342157906966,True,WHIL,0.0005066049447569,0.0008335166014313843,0.0019520410483217356
ALK,51,2.2020478759163518,66.0,56.75900000000001,True,D3_U3,,False,WHIL,0.0027394076098641,0.0,0.0
ALOX12,79,1.7712649598238974,30.0,25.554000000000002,True,D2_U4,1.4542277060112994,True,WHIL,0.0043883993010501,0.007220228916025246,0.010499856933427844
ALOX15,116,1.391117659700023,44.0,37.713,True,D3_U4,-4.2244541453378535,True,WHIL,0.0067123811314222,0.011043873862818193,-0.04665433872037069
ALOX5,105,1.4898525003857117,44.0,38.684,True,D3_U4,9.021832479512788,True,WHIL,0.0052517786929693,0.008640746153265625,0.07795536429275701
ALPI,46,2.3031439927877204,7.0,5.943999999999999,True,D1_U3,,False,WHIL,0.0028416709831429,0.0,0.0
ALPL,46,2.3031439927877204,24.0,19.775999999999996,True,D2_U3,9.99672616508083,True,WHIL,0.0028416709831429,0.004675398384419718,0.046738677361705235
AMY1A,83,1.7224747956544653,2.0,1.9020000000000001,True,D1_U4,,False,WHIL,0.0043133339567822,0.0,0.0
ANPEP,2,5.054679305829669,59.0,50.354000000000006,True,D3_U1,8.848331678022056,True,WHIL,0.0001269376940294,0.00020885045915154652,0.0018479781336800806
AOC3,5,4.361532125269724,38.0,32.681000000000004,True,D3_U2,2.5635597985384377,True,WHIL,0.0003849027400799,0.0006332800875975975,0.0016234513737801014
AOX1,5,4.361532125269724,88.0,80.817,True,D4_U2,,False,WHIL,0.0012477253859038,0.0,0.0
APEX1,91,1.6315030174487386,84.0,70.339,True,D4_U4,-5.2414174329799454,True,WHIL,0.0056397845506907,0.009279131797169283,-0.048635803164601615
APOBEC3G,10,3.755396321699408,28.0,23.294000000000004,True,D2_U2,-0.8721796337723124,True,WHIL,0.0006308915293466,0.0010380051929125278,-0.0009053269890082071
APP,94,1.599414702897238,212.0,178.41299999999998,True,D4_U4,3.407337841223016,True,WHIL,0.005647133144388,0.00929122243092102,0.03165833378009729
AR,71,1.8766254754817235,140.0,118.24,True,D4_U4,-1.3336668796787785,True,WHIL,0.0050937735758162,0.008380780494380442,-0.011177169371213136
ATR,3,4.7669972333778885,106.0,89.698,True,D4_U1,-4.566839099445882,True,WHIL,0.0,0.0,-0.0
AURKA,11,3.6683849447097785,122.0,104.144,True,D4_U2,6.362200615838401,True,WHIL,0.0011677375310447,0.0019212773746362,0.012223552096106819
AURKB,59,2.058947032275678,158.0,133.927,True,D4_U3,6.689665913304518,True,WHIL,0.0030429628961408,0.00500658376457455,0.033492372751978174
AVPR2,49,2.241268589069633,26.0,22.086000000000002,True,D2_U3,,False,WHIL,0.0027466776943591,0.0,0.0
AXL,51,2.2020478759163518,32.0,26.95,True,D2_U3,-6.015778224812396,True,WHIL,0.0027394076098641,0.004507144560156007,-0.027113982101068152
BACE1,96,1.578580615994396,41.0,33.926,True,D3_U4,,False,WHIL,0.0057161279376878,0.0,0.0
BBOX1,1,5.460144413937834,51.0,41.60199999999999,True,D3_U1,,False,WHIL,0.0002501515370644,0.0,0.0
BCHE,79,1.7712649598238974,20.0,15.821000000000003,True,D2_U4,,False,WHIL,0.0039229651120595,0.0,0.0
BCL2,51,2.2020478759163518,277.0,232.608,True,D4_U3,-5.780873706615038,True,WHIL,0.0029043313613513,0.0047784934410890385,-0.02762386709082404
BCL2L1,43,2.369101960579518,139.0,118.73299999999999,True,D4_U3,-1.60672107932677,True,WHIL,0.0031369935112289,0.005161292240142915,-0.008292757038803307
BCR,8,3.95606701716156,23.0,19.337999999999997,True,D2_U2,1.5582726487324583,True,WHIL,0.001633130731411,0.002686988334849464,0.004187060429659092
BRAF,11,3.6683849447097785,94.0,81.59299999999998,True,D4_U2,0.8840279126077919,True,WHIL,0.0011677375310447,0.0019212773746362,0.0016984628270402184
CA1,117,1.3826069700321142,12.0,9.564,True,D1_U4,2.411233113262115,True,WHIL,0.0061811104889935,0.010169774814041771,0.024521697786036585
CA12,113,1.4170931461032836,2.0,1.545,True,D1_U4,,False,WHIL,0.0063352850803698,0.0,0.0
CA13,52,2.182999680945657,1.0,0.854,True,D1_U3,-1.864251497219108,True,WHIL,0.0036986485525892,0.0060853827096429445,-0.011344683827603131
CA14,99,1.5481214085096875,1.0,0.85,True,D1_U4,,False,WHIL,0.0059396962892588,0.0,0.0
CA2,117,1.3826069700321142,21.0,17.167,True,D2_U4,0.3178661903218973,True,WHIL,0.0061811104889935,0.010169774814041771,0.0032326275765710392
CA3,97,1.568324115827207,4.0,3.096,True,D1_U4,,False,WHIL,0.0057062726430314,0.0,0.0
CA4,111,1.4347927232026845,7.0,5.308999999999999,True,D1_U4,8.855560966591357,True,WHIL,0.0055894741972934,0.009196356223787045,0.08143889321023805
CA5A,97,1.568324115827207,2.0,1.583,True,D1_U4,,False,WHIL,0.0057062726430314,0.0,0.0
CA5B,97,1.568324115827207,2.0,1.609,True,D1_U4,-7.797463299108372,True,WHIL,0.0057062726430314,0.00938852458801555,-0.0732066759078278
CA6,100,1.5381710776565196,6.0,4.981,True,D1_U4,-3.9082288950882655,True,WHIL,0.0056306457325064,0.009264095708886071,-0.036206206536331755
CA7,113,1.4170931461032836,5.0,3.808,True,D1_U4,,False,WHIL,0.0063352850803698,0.0,0.0
CA9,103,1.5089006953564064,14.0,11.239999999999998,True,D1_U4,,False,WHIL,0.0063576109554027,0.0,0.0
CACNA1C,2,5.054679305829669,121.0,103.215,True,D4_U1,,False,WHIL,9.364256116926546e-05,0.0,0.0
CACNA1D,1,5.460144413937834,97.0,82.534,True,D4_U1,1.8528425583995385,True,WHIL,0.0001011541734577,0.00016642885892383403,0.0003083664727599525
CAMK2B,50,2.221465961773453,81.0,69.56099999999999,True,D4_U3,,False,WHIL,0.0027635642382225,0.0,0.0
CARM1,10,3.755396321699408,63.0,56.17399999999999,True,D3_U2,-1.952849450998261,True,WHIL,0.0011258632468491,0.001852381657349356,-0.003617422502593939
CBR1,23,2.975237764149833,37.0,34.451,True,D3_U3,1.4650999820657578,True,WHIL,0.0027685403892,0.004555076692429137,0.00667364278038608
CCR4,49,2.241268589069633,20.0,15.860999999999999,True,D2_U3,-2.6207776266780702,True,WHIL,0.0027466776943591,0.00451910602279688,-0.01184357195713218
CD38,67,1.9337838893216723,99.0,82.366,True,D4_U4,2.2261423043995325,True,WHIL,0.0040338450963003,0.006636881242804108,0.014774642103881972
CDC25B,32,2.6567840330312986,41.0,36.07,True,D3_U3,-5.30776168915212,True,WHIL,0.0078689419444044,0.012946762194569935,-0.06871832837490133
CDK6,69,1.90479635244842,64.0,55.172000000000004,True,D3_U4,-3.5328012994464384,True,WHIL,0.0039067167919045,0.0064277171726101825,-0.02270784757987144
CES1,13,3.5142342648825204,34.0,28.137,True,D2_U2,4.881546353699304,True,WHIL,0.0015672446246857,0.0025785859903252315,0.012587487038772242
CES2,12,3.588342237036242,24.0,19.915000000000003,True,D2_U2,-0.8889126599783478,True,WHIL,0.0014806325879221,0.002436083294144703,-0.0021654652809269836
CHRM1,6,4.207381445442466,37.0,30.544000000000004,True,D3_U2,,False,WHIL,0.0004191455629106,0.0,0.0
CHRM2,6,4.207381445442466,27.0,21.977999999999994,True,D2_U2,,False,WHIL,0.0004191455629106,0.0,0.0
CHRM3,4,4.543853682063679,9.0,7.875,True,D1_U1,,False,WHIL,0.0003519806800723,0.0,0.0
CHRM4,6,4.207381445442466,8.0,6.57,True,D1_U2,,False,WHIL,0.0004191455629106,0.0,0.0
CHRM5,5,4.361532125269724,7.0,6.402,True,D1_U2,,False,WHIL,0.0003378574996086,0.0,0.0
CHRNA3,3,4.7669972333778885,18.0,15.431999999999999,True,D1_U1,,False,WHIL,0.0003692660559758,0.0,0.0
CHRNA7,10,3.755396321699408,13.0,11.094,True,D1_U2,2.4982435086335006,True,WHIL,0.0016398156451311,0.002697987016608312,0.0067402285506191805
CLK1,1,5.460144413937834,10.0,8.269,True,D1_U1,-0.8980011408784694,True,WHIL,0.0001011541734577,0.00016642885892383403,-0.00014945330518870479
CNR1,16,3.3200782504415627,40.0,34.199,True,D3_U2,1.7746309628518888,True,WHIL,0.0013645591384012,0.0022451077654563594,0.0039842377555180716
CNR2,16,3.3200782504415627,10.0,8.564,True,D1_U2,-5.767700255497101,True,WHIL,0.0013645591384012,0.0022451077654563594,-0.01294910863244117
CSNK1D,1,5.460144413937834,83.0,71.60600000000001,True,D4_U1,6.590724192704918,True,WHIL,0.0001011541734577,0.00016642885892383403,0.0010968867068735866
CSNK2A1,49,2.241268589069633,74.0,61.39800000000001,True,D3_U3,-2.768573447526141,True,WHIL,0.0035093624453327,0.0057739504694891836,-0.01598560595715885
CTBP2,8,3.95606701716156,54.0,46.076,True,D3_U2,5.0176015404803564,True,WHIL,0.0005620540360364,0.0009247469350356595,0.004640011645789414
CTSD,12,3.588342237036242,41.0,33.330999999999996,True,D3_U2,11.211974798231353,True,WHIL,0.0019280154991929,0.003172161943988629,0.035566199771909085
CTSL,39,2.4644121403838426,24.0,20.576000000000004,True,D2_U3,3.613217406348844,True,WHIL,0.0028987292091724,0.004769276225794981,0.017232431874728144
CXCL8,94,1.599414702897238,211.0,174.51399999999998,True,D4_U4,-0.9900714197639008,True,WHIL,0.0051390625685676,0.008455294428188395,-0.008371345359038284
CXCR1,49,2.241268589069633,75.0,64.64699999999999,True,D3_U3,6.949492877891695,True,WHIL,0.0027466776943591,0.00451910602279688,0.03140549511986438
CYP19A1,115,1.3997014033914144,65.0,57.426,True,D3_U4,2.843194812265676,True,WHIL,0.0057746704031095,0.00950105935325195,0.027013362664194223
CYP1A1,79,1.7712649598238974,101.0,93.85399999999998,True,D4_U4,,False,WHIL,0.0044390574581304,0.0,0.0
CYP1A2,86,1.6873834758431951,91.0,83.499,True,D4_U4,,False,WHIL,0.0069918683139375,0.0,0.0
CYP1B1,78,1.7838437420307574,68.0,61.660000000000004,True,D3_U4,8.476596914117073,True,WHIL,0.0044022466117984,0.0072430118823451385,0.06139609217080009
CYP2A13,10,3.755396321699408,52.0,48.011,True,D3_U2,,False,WHIL,0.0017354935348102,0.0,0.0
CYP2A6,66,1.948598975106813,84.0,77.206,True,D4_U4,,False,WHIL,0.0047054310945075,0.0,0.0
CYP2B6,14,3.445241393395569,84.0,73.36799999999998,True,D4_U2,,False,WHIL,0.0022165912338771,0.0,0.0
CYP2C19,105,1.4898525003857117,60.0,51.43999999999999,True,D3_U4,,False,WHIL,0.0051265604642324,0.0,0.0
CYP2C8,51,2.2020478759163518,70.0,62.368999999999986,True,D3_U3,,False,WHIL,0.0026986126572188,0.0,0.0
CYP2C9,106,1.4804627600358728,89.0,81.19600000000001,True,D4_U4,,False,WHIL,0.0054397939448434,0.0,0.0
CYP2D6,105,1.4898525003857117,48.0,43.664,True,D3_U4,-2.839741328725197,True,WHIL,0.0054160523383879,0.008911025415343813,-0.025305007153272437
CYP2E1,4,4.543853682063679,109.0,99.743,True,D4_U1,-5.775080361622667,True,WHIL,0.0004721061235314,0.0007767557258835425,-0.0044858267383280056
CYP2J2,51,2.2020478759163518,33.0,29.669,True,D2_U3,-3.631365226288877,True,WHIL,0.0027394076098641,0.004507144560156007,-0.0163670880256076
CYP3A4,134,1.2480168160593494,117.0,107.55499999999999,True,D4_U4,,False,WHIL,0.0092564768337399,0.0,0.0
CYP3A5,1,5.460144413937834,81.0,72.753,True,D4_U1,,False,WHIL,0.0001261841427591,0.0,0.0
DAO,29,2.7520942128356234,23.0,20.528999999999996,True,D2_U3,,False,WHIL,0.0026055008996422,0.0,0.0
DAPK1,82,1.734450986701181,25.0,22.162,True,D2_U4,2.159051727431104,True,WHIL,0.0043530877580186,0.007162130870114862,0.015463411027209129
DHFR,11,3.6683849447097785,44.0,39.083000000000006,True,D3_U2,7.066766448827854,True,WHIL,0.0016700809398509,0.0027477824752931306,0.01941793700507865
DNMT1,8,3.95606701716156,128.0,111.362,True,D4_U2,-4.1684828193914,True,WHIL,0.0015599057869912,0.0025665114081150015,-0.010698458710499414
DNMT3B,2,5.054679305829669,91.0,79.14200000000001,True,D4_U1,-0.3323985810152821,True,WHIL,0.0001269376940294,0.00020885045915154652,-6.942159626636419e-05
DPP4,82,1.734450986701181,51.0,43.902,True,D3_U4,-6.380240653937316,True,WHIL,0.0042517045063046,0.0069953251089684395,-0.04463185764774893
DRD1,74,1.8358034809614685,32.0,27.140000000000004,True,D2_U4,,False,WHIL,0.0050135837169605,0.0,0.0
DRD2,11,3.6683849447097785,67.0,57.809000000000005,True,D3_U2,,False,WHIL,0.0004938059998149,0.0,0.0
DRD3,4,4.543853682063679,21.0,16.906000000000002,True,D2_U1,,False,WHIL,5.376881656319109e-05,0.0,0.0
DRD4,2,5.054679305829669,32.0,25.142,True,D2_U1,-3.352598425011793,True,WHIL,5.98135731028816e-05,9.841121111856755e-05,-0.0003299332713996126
DRD5,2,5.054679305829669,21.0,18.168,True,D2_U1,,False,WHIL,5.98135731028816e-05,0.0,0.0
DUSP3,75,1.822558254211448,13.0,12.047999999999998,True,D1_U4,7.581376307314052,True,WHIL,0.0060925442058217,0.010024056798229286,0.07599614671326586
DYRK1A,11,3.6683849447097785,31.0,24.544999999999998,True,D2_U2,2.6761675772553914,True,WHIL,0.0012572041091299,0.0020684766447559492,0.005535590131005889
DYRK1B,1,5.460144413937834,9.0,7.327,True,D1_U1,-2.653862519082846,True,WHIL,0.0001011541734577,0.00016642885892383403,-0.0004416793107916898
EBP,2,5.054679305829669,15.0,12.859000000000002,True,D1_U1,0.1141884149878733,True,WHIL,0.0006204258078967,0.0010207859520331595,0.00011656192990455375
EDNRA,1,5.460144413937834,23.0,19.941999999999997,True,D2_U1,,False,WHIL,0.0,0.0,0.0
EGFR,97,1.568324115827207,506.0,428.06200000000007,True,D4_U4,,False,WHIL,0.0056112360105216,0.0,0.0
EGLN1,23,2.975237764149833,35.0,29.538999999999998,True,D2_U3,4.995698260205372,True,WHIL,0.0100199331667631,0.016485785869574728,0.08235801178675277
EHMT2,138,1.2188176613670871,101.0,86.722,True,D4_U4,-2.3677495286164345,True,WHIL,0.0158977192132503,0.0261565012862191,-0.06193204359070043
ENPP2,1,5.460144413937834,8.0,6.714,True,D1_U1,-4.344658446263556,True,WHIL,0.0001371201017982,0.00022560356431894945,-0.0009801704312254872
EP300,7,4.073850052817943,390.0,338.03700000000003,True,D4_U2,6.953264094236429,True,WHIL,0.0005538979503053,0.0009113277354602751,0.006336702421057726
EPHB4,11,3.6683849447097785,22.0,18.684,True,D2_U2,1.3131085470560244,True,WHIL,0.0011677375310447,0.0019212773746362,0.002522845741900154
EPHX2,73,1.849226501293609,52.0,43.11000000000001,True,D3_U4,-9.578015104069204,True,WHIL,0.0037292355733133,0.006135707503796104,-0.05876789914550983
ERBB2,41,2.4156219762144104,229.0,190.97500000000002,True,D4_U3,-7.653680365880861,True,WHIL,0.0037306957249938,0.006138109889874053,-0.046979131147748175
ERN1,4,4.543853682063679,65.0,51.351,True,D3_U1,,False,WHIL,0.0002593394940295,0.0,0.0
ESR1,117,1.3826069700321142,256.0,218.70499999999998,True,D4_U4,-1.8768301969543448,True,WHIL,0.0052676295218419,0.008666825505921964,-0.016266159821248457
ESR2,43,2.369101960579518,59.0,51.397999999999996,True,D3_U3,-1.8456425486263568,True,WHIL,0.00449832063585,0.007401082376607198,-0.013659752540154923
ESRRA,39,2.4644121403838426,23.0,19.002000000000002,True,D2_U3,5.928154596728167,True,WHIL,0.002409623604106,0.0039645512701954756,0.0235024728363738
ESRRB,4,4.543853682063679,23.0,18.432,True,D2_U1,,False,WHIL,0.0012368778510496,0.0,0.0
F10,5,4.361532125269724,31.0,26.27,True,D2_U2,,False,WHIL,0.0008727962883913,0.0,0.0
F2,59,2.058947032275678,88.0,77.32799999999999,True,D4_U3,,False,WHIL,0.0033499717874979,0.0,0.0
F3,60,2.042417730324468,57.0,47.352,True,D3_U3,,False,WHIL,0.0044344704323711,0.0,0.0
FABP2,63,1.9944085111381071,6.0,4.918,True,D1_U3,,False,WHIL,0.0033898161280881,0.0,0.0
FABP3,70,1.8906117174564636,9.0,7.167,True,D1_U4,,False,WHIL,0.0038317575655635,0.0,0.0
FABP4,73,1.849226501293609,32.0,26.402,True,D2_U4,,False,WHIL,0.0044073382705584,0.0,0.0
FABP5,63,1.9944085111381071,12.0,9.649999999999999,True,D1_U3,3.770009936787962,True,WHIL,0.0033898161280881,0.005577261035059813,0.021026329522235807
FASN,51,2.2020478759163518,78.0,64.767,True,D3_U3,-1.6192161308849082,True,WHIL,0.002929403795347,0.004819745091294974,-0.007804208998578176
FDPS,3,4.7669972333778885,32.0,28.755,True,D2_U1,2.450906140760815,True,WHIL,0.0,0.0,0.0
FLT3,76,1.8094861726440952,96.0,78.057,True,D4_U4,3.015094603400984,True,WHIL,0.0040176773836648,0.006610280521614291,0.01993062112768589
FLT4,11,3.6683849447097785,75.0,63.114999999999995,True,D3_U2,-4.601762940880709,True,WHIL,0.0011677375310447,0.0019212773746362,-0.008841263021753448
FOLH1,5,4.361532125269724,23.0,18.802000000000007,True,D2_U2,,False,WHIL,0.0002560459160465,0.0,0.0
FUCA1,1,5.460144413937834,7.0,5.457,True,D1_U1,0.0375691642084063,True,WHIL,0.0002952346689436,0.0004857493011653785,1.8249195259600712e-05
FUT7,26,2.85745472849345,11.0,9.043,True,D1_U3,8.436325742267826,True,WHIL,0.0024135493787451,0.003971010343224734,0.03350073678135862
FYN,6,4.207381445442466,175.0,153.58500000000004,True,D4_U2,-6.3648172398840845,True,WHIL,0.0012879222133753,0.0021190171104936593,-0.0134871566364794
GAA,108,1.4619437122686354,12.0,11.084,True,D1_U4,4.485763384093747,True,WHIL,0.005591363413389,0.009199464549111682,0.04126662122767368
GABRR1,16,3.3200782504415627,8.0,6.106999999999999,True,D1_U2,,False,WHIL,0.0033885098416366,0.0,0.0
GBA,97,1.568324115827207,57.0,49.833000000000006,True,D3_U4,,False,WHIL,0.0043910944629497,0.0,0.0
GBA2,3,4.7669972333778885,31.0,28.819,True,D2_U1,5.438194405433518,True,WHIL,0.0013125708717604,0.002159571523117584,0.011744169775151586
GLO1,74,1.8358034809614685,21.0,17.227,True,D2_U4,-2.907573447480508,True,WHIL,0.0040683272816958,0.006693614747437736,-0.019462176507313907
GLRA1,13,3.5142342648825204,7.0,5.806,True,D1_U2,,False,WHIL,0.0004547249357182,0.0,0.0
GLRA2,2,5.054679305829669,2.0,1.5619999999999998,True,D1_U1,,False,WHIL,0.0,0.0,0.0
GPBAR1,3,4.7669972333778885,24.0,19.283,True,D2_U1,-2.3795300043762517,True,WHIL,0.000585114886784,0.0009626889293651459,-0.002290747192305215
GPR35,70,1.8906117174564636,2.0,1.805,True,D1_U4,-1.418493101954256,True,WHIL,0.0042192217689599,0.006941881294183459,-0.00984701073038452
GRIA1,5,4.361532125269724,79.0,68.036,True,D3_U2,,False,WHIL,0.0002560459160465,0.0,0.0
GRIA2,5,4.361532125269724,66.0,56.599999999999994,True,D3_U2,,False,WHIL,0.0002560459160465,0.0,0.0
GRIA4,5,4.361532125269724,46.0,39.918,True,D3_U2,,False,WHIL,0.0002560459160465,0.0,0.0
GRIK2,5,4.361532125269724,30.0,24.987000000000002,True,D2_U2,,False,WHIL,0.0002560459160465,0.0,0.0
GRIK5,5,4.361532125269724,12.0,10.273,True,D1_U2,1.024885907907631,True,WHIL,0.0002560459160465,0.000421272085798285,0.0004317558241295167
GRK6,7,4.073850052817943,13.0,11.231000000000002,True,D1_U2,7.813995614827874,True,WHIL,0.0018558021179593,0.0030533493411377378,0.023858858362187863
GRM1,5,4.361532125269724,46.0,40.019999999999996,True,D3_U2,,False,WHIL,0.0002560459160465,0.0,0.0
GRM2,5,4.361532125269724,18.0,15.54,True,D1_U2,-4.065128909672421,True,WHIL,0.0002560459160465,0.000421272085798285,-0.0017125253348166088
GRM3,5,4.361532125269724,17.0,13.956,True,D1_U2,,False,WHIL,0.0002560459160465,0.0,0.0
GRM4,5,4.361532125269724,12.0,10.181,True,D1_U2,,False,WHIL,0.0002560459160465,0.0,0.0
GRM5,21,3.0622491411394632,51.0,42.406,True,D3_U3,,False,WHIL,0.0028227685382469,0.0,0.0
GRM8,5,4.361532125269724,4.0,3.407,True,D1_U2,,False,WHIL,0.0002560459160465,0.0,0.0
GSK3B,86,1.6873834758431951,193.0,168.907,True,D4_U4,5.03921309607063,True,WHIL,0.0049168723361561,0.008089725064313052,0.040765848487697154
GSTP1,10,3.755396321699408,73.0,60.245000000000005,True,D3_U2,-1.0526649516805533,True,WHIL,0.0011258632468491,0.001852381657349356,-0.0019499372478276032
HCAR2,63,1.9944085111381071,7.0,5.556,True,D1_U3,5.282998631903989,True,WHIL,0.0050489160418922,0.008306976439343302,0.043885745164309334
HDAC1,5,4.361532125269724,339.0,297.95300000000003,True,D4_U2,-0.5066796147825338,True,WHIL,0.0002643845761477,0.0004349916747994918,-0.0002204014142210157
HDAC10,1,5.460144413937834,26.0,19.378999999999998,True,D2_U1,,False,WHIL,0.0,0.0,0.0
HDAC2,5,4.361532125269724,237.0,207.34300000000002,True,D4_U2,0.3323394648615353,True,WHIL,0.0002643845761477,0.0004349916747994918,0.00014456490042208612
HDAC3,5,4.361532125269724,112.0,91.82599999999998,True,D4_U2,0.6948595756683236,True,WHIL,0.0002643845761477,0.0004349916747994918,0.0003022581305704283
HDAC6,5,4.361532125269724,101.0,81.79899999999999,True,D4_U2,-0.5486838057343507,True,WHIL,0.0002643845761477,0.0004349916747994918,-0.0002386728875917442
HDAC8,5,4.361532125269724,69.0,55.091,True,D3_U2,-3.773220283508206,True,WHIL,0.0002643845761477,0.0004349916747994918,-0.0016413194105106479
HIF1A,101,1.5283187812135075,191.0,160.465,True,D4_U4,5.79732261472079,True,WHIL,0.0048816577022745,0.008031786462928642,0.04656285729814452
HKDC1,7,4.073850052817943,55.0,49.115,True,D3_U2,-5.231866975289558,True,WHIL,0.0037670541943764,0.0061979304426473284,-0.03242674759802835
HMGCR,6,4.207381445442466,70.0,59.829,True,D3_U2,7.060877664669711,True,WHIL,0.0003548269518126,0.0005837964236867385,0.004122115128723747
HRH1,2,5.054679305829669,8.0,6.503,True,D1_U1,,False,WHIL,0.0,0.0,0.0
HRH3,2,5.054679305829669,5.0,3.7689999999999997,True,D1_U1,,False,WHIL,6.382342157905244e-05,0.0,0.0
HRH4,1,5.460144413937834,2.0,1.463,True,D1_U1,,False,WHIL,0.0,0.0,0.0
HSD11B1,57,2.0928485839513598,25.0,22.029999999999998,True,D2_U3,,False,WHIL,0.0032789419474719,0.0,0.0
HSD11B2,5,4.361532125269724,23.0,19.876000000000005,True,D2_U2,,False,WHIL,0.0011522471167181,0.0,0.0
HSD17B1,70,1.8906117174564636,35.0,29.495,True,D2_U4,,False,WHIL,0.0040358702424904,0.0,0.0
HSD17B2,70,1.8906117174564636,32.0,28.866,True,D2_U4,,False,WHIL,0.0040358702424904,0.0,0.0
HSD17B3,12,3.588342237036242,42.0,38.18300000000001,True,D3_U2,,False,WHIL,0.0019707609435307,0.0,0.0
HSP90AA1,3,4.7669972333778885,360.0,306.643,True,D4_U1,1.7148068103164067,True,WHIL,0.000945103900613,0.001554978488448248,0.0026664877018865675
HSP90AB1,24,2.9344157696295783,306.0,261.081,True,D4_U3,-1.852809616675148,True,WHIL,0.0015167217538663,0.002495460762244106,-0.004623613698321375
HSPA1A,12,3.588342237036242,51.0,43.149,True,D3_U2,6.833934156170928,True,WHIL,0.0010757806355754,0.0017699807878519313,0.012095932161867643
HSPA8,39,2.4644121403838426,203.0,175.42600000000002,True,D4_U3,-4.606829220770813,True,WHIL,0.0036546330266796,0.006012964009537304,-0.02770069830257968
HTR1A,53,2.1643075479335048,36.0,28.774999999999995,True,D2_U3,,False,WHIL,0.0027798187655798,0.0,0.0
HTR1B,1,5.460144413937834,32.0,25.380999999999997,True,D2_U1,,False,WHIL,9.71717256838234e-05,0.0,0.0
HTR1D,1,5.460144413937834,21.0,16.686999999999998,True,D2_U1,,False,WHIL,9.71717256838234e-05,0.0,0.0
HTR1E,2,5.054679305829669,20.0,15.457,True,D2_U1,,False,WHIL,8.995584616260147e-05,0.0,0.0
HTR2A,6,4.207381445442466,29.0,24.971999999999998,True,D2_U2,,False,WHIL,0.0002975616023087,0.0,0.0
HTR2B,2,5.054679305829669,19.0,16.302,True,D2_U1,,False,WHIL,8.995584616260147e-05,0.0,0.0
HTR2C,3,4.7669972333778885,22.0,18.963,True,D2_U1,,False,WHIL,0.0001904653576455,0.0,0.0
HTR3A,3,4.7669972333778885,38.0,30.176,True,D3_U1,,False,WHIL,0.0001450270728411,0.0,0.0
HTR4,1,5.460144413937834,4.0,3.564,True,D1_U1,,False,WHIL,9.71717256838234e-05,0.0,0.0
HTR5A,2,5.054679305829669,14.0,11.208,True,D1_U1,,False,WHIL,8.995584616260147e-05,0.0,0.0
HTR6,3,4.7669972333778885,14.0,12.336000000000002,True,D1_U1,,False,WHIL,8.483609816526278e-05,0.0,0.0
HTR7,57,2.0928485839513598,25.0,22.216,True,D2_U3,,False,WHIL,0.004462061271584,0.0,0.0
IDH1,97,1.568324115827207,87.0,72.00400000000002,True,D4_U4,8.658981587476042,True,WHIL,0.0078903446839794,0.01298197610027004,0.11241069202129231
IDO1,47,2.282090583589888,58.0,48.634,True,D3_U3,-3.062888338070816,True,WHIL,0.0031811922103435,0.005234012314936831,-0.01603119528073905
IGF1R,59,2.058947032275678,151.0,129.654,True,D4_U3,3.5317601659932008,True,WHIL,0.0030429628961408,0.00500658376457455,0.017682053107432677
INSR,42,2.3920914788042165,79.0,68.16799999999999,True,D3_U3,0.4618508694319702,True,WHIL,0.0033389750644572,0.005493612284668875,0.0025372296099964724
JAK2,1,5.460144413937834,210.0,183.557,True,D4_U1,8.807769715419894,True,WHIL,0.0001011541734577,0.00016642885892383403,0.0014658670634012355
KAT2B,4,4.543853682063679,171.0,150.77200000000002,True,D4_U1,2.399676573892402,True,WHIL,0.0004406870842583,0.0007250620124561691,0.0017399143259103499
KCNA3,1,5.460144413937834,19.0,16.046,True,D2_U1,-4.922428200085983,True,WHIL,0.0,0.0,-0.0
KCNA5,1,5.460144413937834,23.0,18.999,True,D2_U1,,False,WHIL,0.0001011541734577,0.0,0.0
KCNH2,44,2.3466291047274592,35.0,29.212999999999997,True,D2_U3,-1.105942489598427,True,WHIL,0.0034793236192585,0.005724527619437116,-0.00633099832721524
KDM2A,1,5.460144413937834,12.0,9.288,True,D1_U1,6.634614642840275,True,WHIL,0.0002501515370644,0.0004115740700415179,0.0027306353517108236
KDM4E,132,1.2629424662760251,,,False,NO_STRING_U4,,False,WHIL,0.0239888856064495,0.0,0.0
KDM5C,1,5.460144413937834,34.0,27.465,True,D2_U1,3.88109699995408,True,WHIL,0.0002501515370644,0.0004115740700415179,0.0015973588884970254
KDM7A,1,5.460144413937834,8.0,6.108,True,D1_U1,7.608320670793933,True,WHIL,0.0002501515370644,0.0004115740700415179,0.0031313875046596706
KDR,59,2.058947032275678,155.0,134.25700000000003,True,D4_U3,,False,WHIL,0.0030429628961408,0.0,0.0
KIT,6,4.207381445442466,173.0,142.006,True,D4_U2,-6.683795079181286,True,WHIL,0.0008101826168025,0.0013329926371327778,-0.008909449628652947
KMT2A,100,1.5381710776565196,125.0,110.949,True,D4_U4,-5.954776715314525,True,WHIL,0.005857815616709,0.009637858088799228,-0.05739129293268739
LDHA,6,4.207381445442466,73.0,63.38100000000001,True,D3_U2,8.8002229806558,True,WHIL,0.0,0.0,0.0
LIMK1,1,5.460144413937834,30.0,26.435999999999996,True,D2_U1,6.002404240608286,True,WHIL,0.0001011541734577,0.00016642885892383403,0.0009989732885640195
MAN1B1,1,5.460144413937834,17.0,14.476,True,D1_U1,-1.564862123041237,True,WHIL,0.0002952346689436,0.0004857493011653785,-0.0007601306826874514
MAOA,38,2.489729948368133,58.0,51.863,True,D3_U3,,False,WHIL,0.0046256156116975,0.0,0.0
MAOB,30,2.719304390012633,56.0,50.373000000000005,True,D3_U3,,False,WHIL,0.0026288537366526,0.0,0.0
MAP2K1,58,2.07575415059206,82.0,71.711,True,D4_U3,3.337184676844667,True,WHIL,0.0028767768164301,0.00473315797629659,0.015795422271582094
MAP2K7,1,5.460144413937834,39.0,36.033,True,D3_U1,-0.7291174506508413,True,WHIL,0.0,0.0,-0.0
MAP3K7,1,5.460144413937834,121.0,103.87299999999999,True,D4_U1,1.405167218157566,True,WHIL,0.0,0.0,0.0
MAP3K8,10,3.755396321699408,16.0,14.76,True,D1_U2,4.738432540246925,True,WHIL,0.0011258632468491,0.001852381657349356,0.008777385522140718
MAPK1,120,1.3575010489010375,230.0,204.362,True,D4_U4,5.901195882560853,True,WHIL,0.0072125690666763,0.011866832565027545,0.0700285034717796
MAPK14,55,2.1279399037626296,144.0,124.14499999999998,True,D4_U3,10.443131718931946,True,WHIL,0.0029112307926842,0.004789845068458502,0.05002098296318874
MAPK9,17,3.2629198366016143,148.0,132.40099999999998,True,D4_U3,-3.104280348866961,True,WHIL,0.0013846980314812,0.002278242265800975,-0.007072302695684107
MAPKAPK2,50,2.221465961773453,27.0,23.753999999999998,True,D2_U3,7.059532770072961,True,WHIL,0.0027635642382225,0.004546889436276386,0.03209891497729172
MAPT,135,1.240636708761727,116.0,99.056,True,D4_U4,-3.688724528309841,True,WHIL,0.0094926569020597,0.01561825876641566,-0.057611454201167644
MCL1,23,2.975237764149833,79.0,65.401,True,D3_U3,6.637293654607583,True,WHIL,0.0025583605097298,0.004209267950058245,0.027938147455464656
MERTK,1,5.460144413937834,18.0,14.454999999999998,True,D1_U1,5.2187743703089,True,WHIL,0.0001011541734577,0.00016642885892383403,0.0008685546634314607
MET,65,1.9636368524713528,126.0,107.123,True,D4_U4,,False,WHIL,0.0030974915636033,0.0,0.0
MGAM,1,5.460144413937834,33.0,28.824,True,D2_U1,9.560287137877864,True,WHIL,0.0002952346689436,0.0004857493011653785,0.004643902796164529
MGLL,25,2.8951950564762967,75.0,67.161,True,D3_U3,1.8863264792495864,True,WHIL,0.0094440801039207,0.015538335409740436,0.029310373526854856
MIF,9,3.850706501503733,22.0,18.514000000000003,True,D2_U2,-2.1577471943737674,True,WHIL,0.0004822617190565,0.0007934647168935989,-0.0017120962667117386
MMP1,67,1.9337838893216723,45.0,36.199999999999996,True,D3_U4,,False,WHIL,0.0045456189160896,0.0,0.0
MMP12,65,1.9636368524713528,16.0,12.245,True,D1_U4,,False,WHIL,0.0034270752972587,0.0,0.0
MMP13,67,1.9337838893216723,31.0,25.31,True,D2_U4,,False,WHIL,0.0034235367703946,0.0,0.0
MMP14,2,5.054679305829669,35.0,29.804000000000006,True,D2_U1,0.8249424636771492,True,WHIL,0.0004902296686928,0.0008065743763431572,0.0006653774531593842
MMP2,88,1.6646552247656392,91.0,75.099,True,D4_U4,,False,WHIL,0.0048483127906945,0.0,0.0
MMP3,84,1.7106403380074624,53.0,44.187,True,D3_U4,,False,WHIL,0.0043718525013336,0.0,0.0
MMP9,92,1.620692101344523,163.0,133.21599999999998,True,D4_U4,11.38441496215716,True,WHIL,0.0048520904213494,0.007983139445631796,0.09088337214983763
MPG,65,1.9636368524713528,10.0,7.95,True,D1_U4,2.1781150864414465,True,WHIL,0.0037467534400699,0.006164529632191032,0.013427054992690628
MPO,2,5.054679305829669,76.0,62.386,True,D3_U1,6.599150252240168,True,WHIL,0.0002733108244653,0.0004496780220967705,0.0029674928329467627
MTNR1A,2,5.054679305829669,14.0,11.878,True,D1_U1,,False,WHIL,0.0001600441434794,0.0,0.0
MTNR1B,2,5.054679305829669,36.0,31.176000000000002,True,D2_U1,,False,WHIL,0.0001600441434794,0.0,0.0
MYLK,1,5.460144413937834,42.0,36.315000000000005,True,D3_U1,2.295942517837012,True,WHIL,0.0001011541734577,0.00016642885892383403,0.0003821110933983284
NEK2,51,2.2020478759163518,93.0,79.732,True,D4_U3,5.673148596503959,True,WHIL,0.0027394076098641,0.004507144560156007,0.025569700835689504
NEK6,51,2.2020478759163518,7.0,5.7509999999999994,True,D1_U3,2.830837924157839,True,WHIL,0.0027394076098641,0.004507144560156007,0.012758995750551326
NFKB1,102,1.518562606268143,240.0,202.792,True,D4_U4,7.552469280388262,True,WHIL,0.0052925182539541,0.008707774911605425,0.06576520252043558
NOS2,22,3.017797378568629,34.0,29.873,True,D2_U3,,False,WHIL,0.0085604265807846,0.0,0.0
NQO1,4,4.543853682063679,34.0,27.721999999999998,True,D2_U1,-0.2641474922531057,True,WHIL,0.0009040777388536,0.001487478186144885,-0.0003929136326513697
NQO2,9,3.850706501503733,,,False,NO_STRING_U2,8.654648113870152,True,WHIL,0.0016430301289331,0.0027032758035452123,0.023395900834423392
NR1H4,40,2.439719527793472,46.0,38.949,True,D3_U3,,False,WHIL,0.0084635825175804,0.0,0.0
NR1I2,39,2.4644121403838426,43.0,34.839,True,D3_U3,,False,WHIL,0.0090811148118418,0.0,0.0
NR3C1,6,4.207381445442466,89.0,75.465,True,D4_U2,0.7701821235692285,True,WHIL,0.0016617131241431,0.0027340149166019765,0.0021056894143384576
NR3C2,1,5.460144413937834,24.0,19.866999999999997,True,D2_U1,-7.366043700647282,True,WHIL,0.0006701937559803,0.0011026691065032794,-0.008122308825856848
NT5E,2,5.054679305829669,122.0,103.113,True,D4_U1,-7.461736924343431,True,WHIL,0.0003192444999543,0.0005252526517585785,-0.003919297106236287
NUAK1,59,2.058947032275678,3.0,2.543,True,D1_U3,-4.604455952919585,True,WHIL,0.0030429628961408,0.00500658376457455,-0.023052594418585832
ODC1,13,3.5142342648825204,24.0,21.121999999999996,True,D2_U2,-3.720103074496836,True,WHIL,0.0024073409529998,0.003960795626647215,-0.014734567988143927
OPRD1,9,3.850706501503733,15.0,13.218,True,D1_U2,,False,WHIL,0.0007958523237024,0.0,0.0
OPRK1,8,3.95606701716156,,,False,NO_STRING_U2,,False,WHIL,0.0006742678480366,0.0,0.0
OPRM1,9,3.850706501503733,46.0,38.205,True,D3_U2,,False,WHIL,0.0011511778728952,0.0,0.0
OXER1,2,5.054679305829669,,,False,NO_STRING_U1,4.041596832670729,True,WHIL,7.323328501698965e-05,0.00012049064951055384,0.00048697462742829334
OXTR,1,5.460144413937834,26.0,21.112000000000002,True,D2_U1,-0.5956984117191482,True,WHIL,0.0002952346689436,0.0004857493011653785,-0.0002893600871979021
PARP1,45,2.324650198008684,158.0,131.22699999999998,True,D4_U3,-2.4659847570357925,True,WHIL,0.0034633522252915,0.005698249901153329,-0.01405179739802482
PCNA,1,5.460144413937834,152.0,133.97,True,D4_U1,3.381222286333229,True,WHIL,0.0,0.0,0.0
PDE4B,3,4.7669972333778885,35.0,28.542,True,D2_U1,0.4691640529785575,True,WHIL,0.000257755609258,0.00042408504230391806,0.00019896545725488923
PDE4D,3,4.7669972333778885,36.0,30.516000000000002,True,D2_U1,-1.6561778156561155,True,WHIL,0.000257755609258,0.00042408504230391806,-0.0007023602390153344
PDE5A,72,1.862832153349388,34.0,27.962999999999997,True,D2_U4,1.6485397955862475,True,WHIL,0.003908307429817,0.006430334247553207,0.010600661906012611
PDGFRB,11,3.6683849447097785,151.0,126.837,True,D4_U2,,False,WHIL,0.0011677375310447,0.0,0.0
PDPK1,7,4.073850052817943,47.0,41.127,True,D3_U2,4.157831038323178,True,WHIL,0.0006298277207631,0.0010362549097298046,0.004308572827289365
PGR,1,5.460144413937834,73.0,62.239,True,D3_U1,,False,WHIL,0.0006701937559803,0.0,0.0
PHF8,1,5.460144413937834,41.0,35.586999999999996,True,D3_U1,0.7367585087142349,True,WHIL,0.0002501515370644,0.0004115740700415179,0.0003032306980692368
PIK3CA,11,3.6683849447097785,196.0,171.49,True,D4_U2,4.255011427305268,True,WHIL,0.0015823309421612,0.0026034074931558598,0.011077528633310345
PIK3CB,10,3.755396321699408,154.0,137.429,True,D4_U2,6.610542125891412,True,WHIL,0.001550290506958,0.0025506913976353768,0.0168614529342175
PIK3CG,51,2.2020478759163518,85.0,73.089,True,D4_U3,6.213084091256363,True,WHIL,0.0026986126572188,0.004440024665973407,0.027586246616945222
PIM1,79,1.7712649598238974,11.0,9.272,True,D1_U4,-0.06872709694195,True,WHIL,0.0040482607490902,0.0066605993017082085,-0.00045776365389998454
PIM3,1,5.460144413937834,1.0,0.705,True,D1_U1,7.7880809460643645,True,WHIL,0.0001011541734577,0.00016642885892383403,0.0012961614250599461
PKN1,51,2.2020478759163518,22.0,19.196999999999996,True,D2_U3,2.527029023192576,True,WHIL,0.0027394076098641,0.004507144560156007,0.011389685115238767
PLA2G2A,5,4.361532125269724,34.0,27.45,True,D2_U2,,False,WHIL,0.0005353469387003,0.0,0.0
PLG,67,1.9337838893216723,107.0,92.678,True,D4_U4,,False,WHIL,0.0033719722127095,0.0,0.0
PLK1,59,2.058947032275678,267.0,228.95,True,D4_U3,4.526551873387975,True,WHIL,0.0030429628961408,0.00500658376457455,0.02266256111880875
PLK4,11,3.6683849447097785,72.0,59.699000000000005,True,D3_U2,2.576577153305466,True,WHIL,0.0011677375310447,0.0019212773746362,0.004950319388650339
PNP,32,2.6567840330312986,59.0,52.839999999999996,True,D3_U3,1.526582699771623,True,WHIL,0.0037015848874433,0.006090213858398172,0.009297215114140034
POLA1,5,4.361532125269724,81.0,71.08699999999999,True,D4_U2,-3.8485183625517143,True,WHIL,0.000590597914626,0.0009717101495086061,-0.0037396443534617424
POLB,110,1.443761393185445,31.0,26.99,True,D2_U4,0.8499730427402369,True,WHIL,0.0054332405915557,0.00893930523083563,0.007598168467037076
PPARA,101,1.5283187812135075,122.0,100.01799999999999,True,D4_U4,-4.149047958812504,True,WHIL,0.0046989558048533,0.0077311872165342745,-0.03207706653995886
PPARD,98,1.558171744363189,34.0,26.888,True,D2_U4,-4.830811773960327,True,WHIL,0.0046353767246291,0.007626580620370792,-0.036842575455944875
PPARG,103,1.5089006953564064,169.0,143.717,True,D4_U4,8.73955768121418,True,WHIL,0.0046392531247717,0.007632958457591071,0.06670868071842878
PRKCA,60,2.042417730324468,148.0,127.10000000000002,True,D4_U3,-4.9722402935643615,True,WHIL,0.0037941509151166,0.006242512649779445,-0.03103927293031859
PRKCD,1,5.460144413937834,69.0,61.88999999999999,True,D3_U1,9.782232300818103,True,WHIL,0.0001011541734577,0.00016642885892383403,0.0016280457595530286
PRKCE,1,5.460144413937834,60.0,52.715,True,D3_U1,-0.3281262872935231,True,WHIL,0.0001011541734577,0.00016642885892383403,-5.4609683577175196e-05
PRMT1,4,4.543853682063679,75.0,63.477,True,D3_U1,-2.704612489671792,True,WHIL,0.0001949742904719,0.00032079100222485573,-0.0008676153511916764
PTAFR,3,4.7669972333778885,12.0,9.183000000000002,True,D1_U1,5.73103237181907,True,WHIL,0.0006733865291867,0.001107922173019274,0.006349537839029587
PTGES,12,3.588342237036242,21.0,18.064999999999998,True,D2_U2,,False,WHIL,0.0011016765631791,0.0,0.0
PTGS1,71,1.8766254754817235,57.0,48.494,True,D3_U4,3.07679513272364,True,WHIL,0.0039948474976818,0.006572718533377583,0.02022290839225861
PTGS2,89,1.6534819241675138,106.0,87.70999999999998,True,D4_U4,2.0268123518699994,True,WHIL,0.0052059787609633,0.008565391571620656,0.017360441435963932
PTK2,59,2.058947032275678,158.0,139.677,True,D4_U3,1.048861535110396,True,WHIL,0.0030429628961408,0.00500658376457455,0.005251213132970448
PTK2B,5,4.361532125269724,57.0,50.344,True,D3_U2,9.625556247812332,True,WHIL,0.0013102820963921,0.0021558058033271056,0.020750830019285304
PTPN1,90,1.6424320879809289,35.0,30.333,True,D2_U4,6.321739459296797,True,WHIL,0.0094078350426038,0.015478701447142555,0.09785231771707552
PTPN11,31,2.6875556916980523,173.0,152.384,True,D4_U3,-0.5131117096196629,True,WHIL,0.0080751656813738,0.013286061899699539,-0.006817233935467497
PTPN2,35,2.569772656041669,19.0,16.578,True,D2_U3,2.311998820996356,True,WHIL,0.0083365430317492,0.01371610578898804,0.03171162041280164
PTPN6,38,2.489729948368133,82.0,73.61999999999999,True,D4_U3,6.603334290305119,True,WHIL,0.0090595342871593,0.01490564256771651,0.09842694068643407
PTPRF,35,2.569772656041669,17.0,14.934999999999999,True,D1_U3,-0.6431338632525161,True,WHIL,0.0083365430317492,0.01371610578898804,-0.00882129210485208
PTPRS,46,2.3031439927877204,25.0,21.340999999999998,True,D2_U3,-5.285499760740807,True,WHIL,0.0037824977276443,0.006223339672258636,-0.03289346034873179
PYGL,49,2.241268589069633,46.0,39.906,True,D3_U3,9.824895092824327,True,WHIL,0.0027466776943591,0.00451910602279688,0.04439974258732993
RELA,24,2.9344157696295783,198.0,169.79200000000003,True,D4_U3,2.8798811629185077,True,WHIL,0.002799161472022,0.0046054575289174,0.013263170384150438
RORB,3,4.7669972333778885,16.0,13.974,True,D1_U1,,False,WHIL,0.0001402888602472,0.0,0.0
RORC,111,1.4347927232026845,36.0,30.413999999999994,True,D2_U4,-7.795590779077749,True,WHIL,0.0056022880688134,0.009217438873593501,-0.07185538148969829
RXRA,7,4.073850052817943,67.0,58.204,True,D3_U2,6.540856369625618,True,WHIL,0.0001315232896988,0.00021639513505227397,0.001415409497462662
SAE1,3,4.7669972333778885,22.0,18.495,True,D2_U1,-2.548500502621025,True,WHIL,6.906528504479726e-05,0.00011363304338660456,-0.00028959386818511846
SENP6,1,5.460144413937834,11.0,8.928999999999998,True,D1_U1,2.765674184981997,True,WHIL,0.0,0.0,0.0
SENP7,1,5.460144413937834,7.0,5.9559999999999995,True,D1_U1,-2.7324245348801623,True,WHIL,0.0,0.0,-0.0
SENP8,3,4.7669972333778885,17.0,14.641000000000002,True,D1_U1,,False,WHIL,0.0001958942630361,0.0,0.0
SHBG,22,3.017797378568629,20.0,15.725999999999997,True,D2_U3,,False,WHIL,0.0029002865424315,0.0,0.0
SIGMAR1,1,5.460144413937834,31.0,26.253999999999998,True,D2_U1,-3.0691063559686143,True,WHIL,0.0,0.0,-0.0
SIRT2,6,4.207381445442466,53.0,45.153,True,D3_U2,3.065567957524462,True,WHIL,0.0004147908035687,0.0006824548881209213,0.002092111837479438
SIRT3,2,5.054679305829669,53.0,47.016,True,D3_U1,,False,WHIL,0.0004083670461719,0.0,0.0
SLC15A2,2,5.054679305829669,,,False,NO_STRING_U1,1.9711736960403197,True,WHIL,0.0002508349642498,0.0004126985120960141,0.0008135004514386407
SLC1A1,5,4.361532125269724,10.0,7.850999999999999,True,D1_U2,,False,WHIL,0.0002560459160465,0.0,0.0
SLC22A1,28,2.7859957645113047,15.0,11.719000000000001,True,D1_U3,4.786671231463516,True,WHIL,0.0017718638322191,0.002915245764802294,0.013954323035024996
SLC22A12,4,4.543853682063679,12.0,10.215,True,D1_U1,,False,WHIL,0.0016579615111709,0.0,0.0
SLC28A1,31,2.6875556916980523,6.0,4.814000000000001,True,D1_U3,,False,WHIL,0.0033919112457095,0.0,0.0
SLC28A2,31,2.6875556916980523,9.0,7.11,True,D1_U3,,False,WHIL,0.0033919112457095,0.0,0.0
SLC28A3,33,2.6269310698816177,5.0,3.9539999999999997,True,D1_U3,,False,WHIL,0.0034357485527837,0.0,0.0
SLC47A1,9,3.850706501503733,16.0,12.276000000000002,True,D1_U2,,False,WHIL,0.0003220867866421,0.0,0.0
SLC5A1,11,3.6683849447097785,20.0,16.554,True,D2_U2,,False,WHIL,0.0011129279786945,0.0,0.0
SLC5A2,10,3.755396321699408,16.0,13.217999999999998,True,D1_U2,,False,WHIL,0.0011393258069966,0.0,0.0
SLC6A15,1,5.460144413937834,,,False,NO_STRING_U1,,False,WHIL,0.0,0.0,0.0
SLC6A2,2,5.054679305829669,16.0,12.665,True,D1_U1,,False,WHIL,6.382342157905244e-05,0.0,0.0
SLC6A3,2,5.054679305829669,41.0,34.881,True,D3_U1,,False,WHIL,6.382342157905244e-05,0.0,0.0
SLC6A4,2,5.054679305829669,31.0,25.977999999999998,True,D2_U1,,False,WHIL,6.382342157905244e-05,0.0,0.0
SLCO1B1,81,1.746572347233526,35.0,28.55,True,D2_U4,,False,WHIL,0.0052014385048597,0.0,0.0
SLCO1B3,82,1.734450986701181,17.0,13.575,True,D1_U4,,False,WHIL,0.0051653400795617,0.0,0.0
SLCO2B1,81,1.746572347233526,10.0,7.3790000000000004,True,D1_U4,,False,WHIL,0.0052014385048597,0.0,0.0
SMAD3,12,3.588342237036242,194.0,170.077,True,D4_U2,-6.460064852574141,True,WHIL,0.0011309522928029,0.0018607546594920318,-0.012020595775048038
SOAT1,52,2.182999680945657,13.0,11.006,True,D1_U3,4.830223690713539,True,WHIL,0.0041135524000494,0.006768023588763818,0.03269106787775506
SOAT2,2,5.054679305829669,16.0,13.381,True,D1_U1,-5.186215531401684,True,WHIL,0.0005080586147937,0.0008359083232675334,-0.0043352007289580215
SRC,66,1.948598975106813,407.0,350.792,True,D4_U4,-1.1204492866407774,True,WHIL,0.0040235760133065,0.006619985530976984,-0.0074173580657554295
STAT3,19,3.157559320943788,324.0,276.914,True,D4_U3,9.263149471649829,True,WHIL,0.001137429587246,0.001871411745465154,0.017335166721244823
SYK,69,1.90479635244842,144.0,127.54900000000002,True,D4_U4,7.988888768549974,True,WHIL,0.0044107670950444,0.007257030624781943,0.05797561045134366
TAS2R31,2,5.054679305829669,5.0,3.8209999999999997,True,D1_U1,,False,WHIL,0.0,0.0,0.0
TBXAS1,16,3.3200782504415627,3.0,2.556,True,D1_U2,6.671715904736223,True,WHIL,0.0018634473149449,0.0030659279759786763,0.02045500044011267
TEK,11,3.6683849447097785,75.0,61.166,True,D3_U2,,False,WHIL,0.0011677375310447,0.0,0.0
TERT,67,1.9337838893216723,87.0,75.00499999999998,True,D4_U4,,False,WHIL,0.005101059779467,0.0,0.0
TGM2,4,4.543853682063679,5.0,4.289,True,D1_U1,-1.6695317315701406,True,WHIL,0.0004766594244694,0.000784247267295475,-0.0013093256981469652
THRA,1,5.460144413937834,29.0,25.253,True,D2_U1,-4.165620376075705,True,WHIL,0.0,0.0,-0.0
THRB,104,1.4993312443402556,29.0,24.858999999999995,True,D2_U4,,False,WHIL,0.0067127766488278,0.0,0.0
TLR2,63,1.9944085111381071,142.0,120.90199999999999,True,D4_U3,7.758485339040539,True,WHIL,0.0033898161280881,0.005577261035059813,0.04327109797251362
TNKS,42,2.3920914788042165,29.0,24.611,True,D2_U3,-1.3234256823701926,True,WHIL,0.003259479229562,0.005362817868199858,-0.007097290896649459
TNKS2,42,2.3920914788042165,21.0,18.846,True,D2_U3,,False,WHIL,0.003259479229562,0.0,0.0
TOP1,50,2.221465961773453,55.0,44.23800000000001,True,D3_U3,5.649820280135493,True,WHIL,0.0081230036519455,0.013364769664128154,0.07550854668773085
TOP2A,83,1.7224747956544653,137.0,116.97500000000001,True,D4_U4,5.2501016444263335,True,WHIL,0.0084170972540818,0.013848641569233605,0.07270677587570423
TRPV1,37,2.515705434771393,53.0,44.499,True,D3_U3,-3.049921275272325,True,WHIL,0.0037980159209235,0.006248871739910762,-0.01905856686600182
TTR,64,1.9789043246021416,52.0,43.791,True,D3_U4,,False,WHIL,0.0043605934821788,0.0,0.0
TUBB3,1,5.460144413937834,39.0,32.553,True,D3_U1,,False,WHIL,0.0015530950305724,0.0,0.0
TYR,77,1.7965827678081872,37.0,32.139,True,D3_U4,,False,WHIL,0.0055922305499219,0.0,0.0
UBE2N,14,3.445241393395569,117.0,101.08500000000001,True,D4_U2,-1.694799222077935,True,WHIL,0.0027416406373878,0.004510818558074346,-0.007644931783159115
UGT1A1,109,1.4528112287053627,71.0,60.75,True,D3_U4,,False,WHIL,0.0168166935255303,0.0,0.0
VCP,4,4.543853682063679,186.0,157.872,True,D4_U1,5.023882193029381,True,WHIL,0.0,0.0,0.0
VDR,3,4.7669972333778885,,,False,NO_STRING_U1,8.26112645395708,True,WHIL,0.0001197131607443,0.0001969639418700895,0.001627144030658661
XDH,73,1.849226501293609,43.0,37.22599999999999,True,D3_U4,,False,WHIL,0.0040221789111468,0.0,0.0
XIAP,2,5.054679305829669,87.0,74.72899999999998,True,D4_U1,4.389811795150285,True,WHIL,0.0,0.0,0.0
XPO1,11,3.6683849447097785,96.0,80.62199999999999,True,D4_U2,1.0126041095678593,True,WHIL,0.001265776751511,0.0020825812045647957,0.0021088302862510948
