family,syndrome,term_id,term_name,n_frozen_targets,A_self,A_other1,A_other2,Delta,empirical_p_upper,BH_q_primary_family,primary_positive
GO_BP,PDOL,GO:0000086,G2/M transition of mitotic cell cycle,6,-0.8074190192393071,-0.41620240727795055,0.2651853506942635,-0.7319104909474636,0.7883211678832117,0.8491008206429069,False
GO_BP,PDOL,GO:0000122,negative regulation of transcription by RNA polymerase II,42,1.359115007330208,1.6105566273749083,0.4139580795392588,0.3468576538731245,0.38576142385761425,0.7997537654547503,False
GO_BP,PDOL,GO:0000165,MAPK cascade,13,-0.6415781589637968,-1.3848649408705365,-0.6454078652247658,0.3735582440838543,0.3578642135786421,0.7997537654547503,False
GO_BP,PDOL,GO:0000209,protein polyubiquitination,6,3.7666636711157855,1.8538264672189833,0.10254103702255209,2.7884799189950176,0.035596440355964404,0.7997537654547503,False
GO_BP,PDOL,GO:0000226,microtubule cytoskeleton organization,12,0.3830335562044315,0.05401608711074726,0.21693954613777913,0.24755573958016833,0.37876212378762125,0.7997537654547503,False
GO_BP,PDOL,GO:0000278,mitotic cell cycle,20,-0.7820537527833796,0.07325313900999905,0.5982511003242935,-1.117805872450526,0.8642135786421358,0.8950032193063057,False
GO_BP,PDOL,GO:0000280,nuclear division,6,-0.047099112636613594,-0.09652378393307429,0.18334080300375677,-0.09050762217195484,0.4961503849615039,0.7997537654547503,False
GO_BP,PDOL,GO:0000302,response to reactive oxygen species,18,-0.517890847270384,-0.7568471984014651,-0.6353849366959838,0.17822522027834042,0.40885911408859116,0.7997537654547503,False
GO_BP,PDOL,GO:0000723,telomere maintenance,7,-0.4183721304132289,-0.18359812686037552,-0.5114181471973887,-0.07086399338434685,0.47905209479052097,0.7997537654547503,False
GO_BP,PDOL,GO:0000902,cell morphogenesis,12,-0.5631076364915399,-0.6892012718801819,-0.3429283990862613,-0.04704280100831837,0.48655134486551344,0.7997537654547503,False
GO_BP,PDOL,GO:0001101,response to acid chemical,10,-0.9156921496936223,-0.962245598444004,-0.5065328076210365,-0.18130294666110203,0.5208479152084792,0.7997537654547503,False
GO_BP,PDOL,GO:0001501,skeletal system development,8,-1.1460713837889756,-1.6256164277061442,-1.1415937132904728,0.23753368670933295,0.4156584341565843,0.7997537654547503,False
GO_BP,PDOL,GO:0001503,ossification,11,-0.7475573354283335,-0.9722759005559586,-0.783217404587894,0.13018931714359283,0.42315768423157685,0.7997537654547503,False
GO_BP,PDOL,GO:0001508,action potential,6,0.3404169705286444,0.38681691707195176,-0.7859610935151747,0.5399890587502558,0.27407259274072593,0.7997537654547503,False
GO_BP,PDOL,GO:0001516,prostaglandin biosynthetic process,6,-0.41806650537074835,-0.42545771704315516,-0.4938756690209496,0.04160018766130402,0.41525847415258477,0.7997537654547503,False
GO_BP,PDOL,GO:0001523,retinoid metabolic process,16,1.4567980940744343,1.695283218654465,2.030625619340506,-0.4061563249230513,0.6057394260573943,0.7997537654547503,False
GO_BP,PDOL,GO:0001525,angiogenesis,12,0.17195770679716949,-0.5323610920129128,-0.6618663002352325,0.7690714029212421,0.26377362263773624,0.7997537654547503,False
GO_BP,PDOL,GO:0001558,regulation of cell growth,18,-0.2697773428677048,-0.7627408149436763,-0.7001877072260729,0.46168691821716984,0.33056694330566944,0.7997537654547503,False
GO_BP,PDOL,GO:0001568,blood vessel development,16,-0.4919478161690902,-0.769718890063115,-1.1129628680747712,0.4493930628998528,0.33256674332566744,0.7997537654547503,False
GO_BP,PDOL,GO:0001649,osteoblast differentiation,6,-1.1059617674695958,-1.3065102009136618,-1.0424060385385503,0.06849635225651007,0.44145585441455854,0.7997537654547503,False
GO_BP,PDOL,GO:0001654,eye development,12,-1.1462824145554151,-1.0957033335445856,-1.838394481119546,0.3207664927766507,0.34026597340265974,0.7997537654547503,False
GO_BP,PDOL,GO:0001659,temperature homeostasis,6,-1.2783984881852855,-1.9331129211064904,-1.689617892269236,0.5329669185025778,0.2983701629837016,0.7997537654547503,False
GO_BP,PDOL,GO:0001666,response to hypoxia,28,-1.057500864573443,-0.9082685238060151,-0.15657982558770503,-0.5250766898765828,0.6593340665933407,0.8026224404586569,False
GO_BP,PDOL,GO:0001667,ameboidal-type cell migration,7,-1.003670554810097,-1.5380163546475214,-1.248212538874269,0.3894438919507981,0.34566543345665435,0.7997537654547503,False
GO_BP,PDOL,GO:0001676,long-chain fatty acid metabolic process,22,-0.303580561814792,-0.4679480868406581,0.17690406060323796,-0.15805854869608194,0.5281471852814719,0.7997537654547503,False
GO_BP,PDOL,GO:0001678,intracellular glucose homeostasis,7,0.0449692510281536,1.2393084854225371,1.3434644477296576,-1.2464172155479438,0.8613138686131386,0.8929882377291735,False
GO_BP,PDOL,GO:0001775,cell activation,33,-0.04262506826270965,-0.12575474910478343,-0.1965845195670919,0.11854456607322802,0.44515548445155484,0.7997537654547503,False
GO_BP,PDOL,GO:0001817,regulation of cytokine production,46,-0.14933132352624479,0.192489441966213,0.006115350970157234,-0.2486337199944299,0.5642435756424358,0.7997537654547503,False
GO_BP,PDOL,GO:0001818,negative regulation of cytokine production,15,0.07436471372303581,1.4212481382565632,1.6444907596145955,-1.4585047352125433,0.8926107389261074,0.9161004952136365,False
GO_BP,PDOL,GO:0001819,positive regulation of cytokine production,33,-0.9867077242691508,-0.4472049654773854,-0.16820529032529596,-0.6790025963678101,0.7051294870512949,0.8111878568959611,False
GO_BP,PDOL,GO:0001822,kidney development,6,-0.8269729373478816,-1.6428053043270954,-1.0502806253666328,0.5195700274989825,0.24687531246875313,0.7997537654547503,False
GO_BP,PDOL,GO:0001889,liver development,8,1.5937318131334866,2.4934280768711754,0.9933339691538462,-0.1496492098790243,0.5226477352264773,0.7997537654547503,False
GO_BP,PDOL,GO:0001890,placenta development,6,-0.20756343455203383,-0.2625545625471061,-0.40085099814311315,0.12413934579307576,0.42885711428857115,0.7997537654547503,False
GO_BP,PDOL,GO:0001894,tissue homeostasis,9,-0.8274158088060501,0.24379516708927249,0.4018984033951079,-1.1502625940482403,0.8363163683631637,0.8752148041009853,False
GO_BP,PDOL,GO:0001906,cell killing,5,1.72477430183693,0.8705381774911437,-0.41608051269051605,1.4975454694366162,0.13018698130186981,0.7997537654547503,False
GO_BP,PDOL,GO:0001932,regulation of protein phosphorylation,22,-0.986262041700184,-1.225390289815606,0.6415403176724128,-0.6943370556285874,0.7067293270672933,0.8114556552195615,False
GO_BP,PDOL,GO:0001934,positive regulation of protein phosphorylation,19,-1.4560681134590248,-1.9924928360154928,-0.6576131054688346,-0.1310151427168611,0.53004699530047,0.7997537654547503,False
GO_BP,PDOL,GO:0001936,regulation of endothelial cell proliferation,12,-0.3710792304826047,-0.5693544389881569,-0.7610368161763992,0.2941163970996733,0.36696330366963303,0.7997537654547503,False
GO_BP,PDOL,GO:0001938,positive regulation of endothelial cell proliferation,10,-0.6146144357764076,-0.8149018908139875,-0.6192330755247518,0.10245304739296202,0.43555644435556445,0.7997537654547503,False
GO_BP,PDOL,GO:0001944,vasculature development,17,-0.5458556677307953,-0.801040936667416,-1.036925200800565,0.3731274010031952,0.35726427357264273,0.7997537654547503,False
GO_BP,PDOL,GO:0001952,regulation of cell-matrix adhesion,13,-0.9467919508307977,-1.1829506793528293,-0.7700366448521154,0.029701711271674647,0.45465453454654536,0.7997537654547503,False
GO_BP,PDOL,GO:0001954,positive regulation of cell-matrix adhesion,7,-0.24694037900630855,-0.6654888022762996,-0.608668979301778,0.39013851178273024,0.30456954304569545,0.7997537654547503,False
GO_BP,PDOL,GO:0001959,regulation of cytokine-mediated signaling pathway,14,-0.418133279794521,1.1194790349804835,2.527447401186587,-2.2415964978780565,0.9719028097190281,0.9754376191883385,False
GO_BP,PDOL,GO:0001960,negative regulation of cytokine-mediated signaling pathway,6,-0.302952328728306,0.5892693037665097,1.3874421300543647,-1.2913080456387431,0.8681131886811319,0.8982466776537027,False
GO_BP,PDOL,GO:0001963,"synaptic transmission, dopaminergic",8,0.8731696175143507,0.8922402461189654,-0.5781639947660719,0.716131491837904,0.2655734426557344,0.7997537654547503,False
GO_BP,PDOL,GO:0001964,startle response,5,-0.14173888117711403,-0.29437027639134106,-0.3396509839053002,0.17527174897120662,0.34066593340665935,0.7997537654547503,False
GO_BP,PDOL,GO:0001975,response to amphetamine,6,0.3585067126355013,-0.8863158139064704,-0.9917810978649083,1.2975551685211906,0.13638636136386362,0.7997537654547503,False
GO_BP,PDOL,GO:0002009,morphogenesis of an epithelium,6,-1.2159672998608249,-1.7077460491979615,-1.5151866689254465,0.39549905920087913,0.34556544345565443,0.7997537654547503,False
GO_BP,PDOL,GO:0002027,regulation of heart rate,11,-0.019149091925853855,-0.21831059792669866,0.12863464492051424,0.025688884577238353,0.4644535546445355,0.7997537654547503,False
GO_BP,PDOL,GO:0002040,sprouting angiogenesis,5,-0.6333279024204062,-1.2500978258197792,-0.4076452064575275,0.19554361371824724,0.38886111388861117,0.7997537654547503,False
GO_BP,PDOL,GO:0002064,epithelial cell development,5,-1.1742949010545451,-1.1307755506161614,-1.4647056153526081,0.12344568192983973,0.40435956404359563,0.7997537654547503,False
GO_BP,PDOL,GO:0002090,regulation of receptor internalization,5,-1.1545825246816328,-0.6609550005958126,-0.7544358514332187,-0.4468870986671172,0.6175382461753824,0.7997537654547503,False
GO_BP,PDOL,GO:0002218,activation of innate immune response,12,-1.0318203080366166,-0.12351102178939082,-0.18784342943359664,-0.8761430824251228,0.7571242875712428,0.8360881703240718,False
GO_BP,PDOL,GO:0002220,innate immune response activating cell surface receptor signaling pathway,8,-1.0941812682794665,-0.5697259537130654,-1.045356400903232,-0.2866400909713178,0.5600439956004399,0.7997537654547503,False
GO_BP,PDOL,GO:0002221,pattern recognition receptor signaling pathway,8,-0.45953776619507414,0.5731912587645261,0.08817286148874137,-0.790219826321708,0.7371262873712628,0.8273044668681058,False
GO_BP,PDOL,GO:0002223,stimulatory C-type lectin receptor signaling pathway,5,-1.2943478044727341,-1.0091886361053317,-1.0682726625950305,-0.255617155122553,0.5474452554744526,0.7997537654547503,False
GO_BP,PDOL,GO:0002224,toll-like receptor signaling pathway,5,0.17262059444672867,0.29516499500027504,-0.6700827570024153,0.3600794754477988,0.3712628737126287,0.7997537654547503,False
GO_BP,PDOL,GO:0002237,response to molecule of bacterial origin,27,0.9123151777170906,0.677292194671471,0.5773382413409444,0.284999959710883,0.38366163383661633,0.7997537654547503,False
GO_BP,PDOL,GO:0002250,adaptive immune response,5,-0.45374881864667516,-0.7731839454457825,-1.117352908892369,0.4915196085224006,0.31256874312568744,0.7997537654547503,False
GO_BP,PDOL,GO:0002252,immune effector process,12,-0.35248119032858977,-0.2778520439915349,-0.7989487654586551,0.18591921439650522,0.42045795420457954,0.7997537654547503,False
GO_BP,PDOL,GO:0002253,activation of immune response,24,-0.36590807048708013,-0.21214337809454437,0.04687110418724058,-0.2832719335334282,0.5740425957404259,0.7997537654547503,False
GO_BP,PDOL,GO:0002262,myeloid cell homeostasis,5,0.047068238449870924,1.231675713264738,1.830827612758212,-1.4841834245616041,0.9229077092290771,0.939775474149713,False
GO_BP,PDOL,GO:0002263,cell activation involved in immune response,8,-0.31643788842942844,0.040157152588143286,-0.7205525311080839,0.023759800830541855,0.47505249475052497,0.7997537654547503,False
GO_BP,PDOL,GO:0002274,myeloid leukocyte activation,9,0.7584505560082834,0.4866513330802912,-0.22728247103066812,0.6287661249834718,0.29557044295570445,0.7997537654547503,False
GO_BP,PDOL,GO:0002366,leukocyte activation involved in immune response,7,-0.011432155174903822,0.20898454883488196,-0.7902962517846008,0.27922369629995564,0.38716128387161286,0.7997537654547503,False
GO_BP,PDOL,GO:0002376,immune system process,71,-0.4446542257282582,-0.3331259048418187,0.02246009752906101,-0.2893213220718793,0.591940805919408,0.7997537654547503,False
GO_BP,PDOL,GO:0002429,immune response-activating cell surface receptor signaling pathway,20,-0.38568917356722754,-0.508773510903793,-0.48459335060731523,0.11099425718832656,0.4507549245075492,0.7997537654547503,False
GO_BP,PDOL,GO:0002431,Fc receptor mediated stimulatory signaling pathway,8,-1.0473323055742403,-0.42022166786382437,0.21548922967041834,-0.9449660864775373,0.7758224177582241,0.8429672113995097,False
GO_BP,PDOL,GO:0002443,leukocyte mediated immunity,6,-0.5625670049884481,-1.2209289533774887,-0.6034951582661481,0.3496450508333703,0.3013698630136986,0.7997537654547503,False
GO_BP,PDOL,GO:0002444,myeloid leukocyte mediated immunity,5,-0.38720936896355757,-1.1836316287970077,-0.7437830542876571,0.5764979725787749,0.23917608239176083,0.7997537654547503,False
GO_BP,PDOL,GO:0002521,leukocyte differentiation,19,-0.16529510902955102,-0.21406507688823329,-0.8277240083792541,0.35559943360419266,0.37966203379662034,0.7997537654547503,False
GO_BP,PDOL,GO:0002573,myeloid leukocyte differentiation,11,-0.49678818646713746,-0.6302138194220677,-0.9935599062969633,0.31509867639237804,0.3845615438456154,0.7997537654547503,False
GO_BP,PDOL,GO:0002673,regulation of acute inflammatory response,5,-0.9467057984215388,-0.8760268415407285,-0.6734951530331867,-0.17194480113458122,0.5203479652034797,0.7997537654547503,False
GO_BP,PDOL,GO:0002682,regulation of immune system process,72,-0.3700032760755962,-0.3699383051270944,0.4494550632357625,-0.40976165512993024,0.6251374862513749,0.7997537654547503,False
GO_BP,PDOL,GO:0002683,negative regulation of immune system process,25,-0.5076744980005683,-0.258600205009937,0.36412885722788035,-0.5604388241095399,0.6685331466853315,0.8033058431305515,False
GO_BP,PDOL,GO:0002684,positive regulation of immune system process,49,-0.6481898170016757,-0.3420790159751656,0.43132079123022865,-0.6928107046292071,0.7122287771222878,0.8139805682764243,False
GO_BP,PDOL,GO:0002685,regulation of leukocyte migration,11,0.04133204666007721,-0.33740428458908894,-0.6464206565670452,0.5332445172381443,0.29887011298870114,0.7997537654547503,False
GO_BP,PDOL,GO:0002687,positive regulation of leukocyte migration,7,0.5058291460433196,0.3790784416013516,-0.07915242960126745,0.35586614004327755,0.3711628837116288,0.7997537654547503,False
GO_BP,PDOL,GO:0002688,regulation of leukocyte chemotaxis,7,0.5166276528956696,0.13239029191012402,-0.2170704892761344,0.5589677515786747,0.2850714928507149,0.7997537654547503,False
GO_BP,PDOL,GO:0002690,positive regulation of leukocyte chemotaxis,5,0.7315485243139677,0.6013451041855055,0.20060964889657687,0.3305711477729265,0.3755624437556244,0.7997537654547503,False
GO_BP,PDOL,GO:0002694,regulation of leukocyte activation,21,-0.8799340584153992,-0.5983101474724696,0.583542756118495,-0.8725503627384119,0.7687231276872313,0.8410037500922803,False
GO_BP,PDOL,GO:0002695,negative regulation of leukocyte activation,8,0.2955613598924753,1.5390610128187467,3.4504845994052964,-2.1992114462195467,0.9749025097490251,0.9776181156257634,False
GO_BP,PDOL,GO:0002696,positive regulation of leukocyte activation,17,-1.279390487006225,-0.8753297811519182,-0.15555763462448877,-0.7639467791180214,0.7383261673832616,0.8280293465980505,False
GO_BP,PDOL,GO:0002697,regulation of immune effector process,11,-0.9720392882652736,0.368169822981215,0.9460043403812615,-1.629126369946512,0.9225077492250775,0.939775474149713,False
GO_BP,PDOL,GO:0002699,positive regulation of immune effector process,7,-0.4933976907480405,0.17874986507425972,0.6276312547867448,-0.8965882506785428,0.785021497850215,0.848232666350347,False
GO_BP,PDOL,GO:0002703,regulation of leukocyte mediated immunity,7,-1.2113952962089176,-0.3858573897167051,0.034473376212428304,-1.0357032894567793,0.8077192280771923,0.8588355158123443,False
GO_BP,PDOL,GO:0002752,cell surface pattern recognition receptor signaling pathway,5,-0.5467965710957305,0.14277501574856993,-0.6568012522369052,-0.28978345285156293,0.5645435456454354,0.7997537654547503,False
GO_BP,PDOL,GO:0002757,immune response-activating signaling pathway,23,-0.3626591004293353,-0.22664668371543184,-0.06065511462975293,-0.21900820125674292,0.5546445355464453,0.7997537654547503,False
GO_BP,PDOL,GO:0002758,innate immune response-activating signaling pathway,11,-1.028484971643263,-0.1439378990922101,-0.33449642694218973,-0.7892678086260629,0.7282271772822718,0.8242357582423576,False
GO_BP,PDOL,GO:0002764,immune response-regulating signaling pathway,26,-0.3792386300204753,-0.5083759001813138,-0.4250780449580717,0.08748834254921745,0.45965403459654036,0.7997537654547503,False
GO_BP,PDOL,GO:0002768,immune response-regulating cell surface receptor signaling pathway,23,-0.40194925153531547,-0.8000705676282964,-0.8721512061527683,0.4341616353552169,0.3551644835516448,0.7997537654547503,False
GO_BP,PDOL,GO:0002791,regulation of peptide secretion,16,0.019416833547769855,0.12953445665388358,0.8133435969508893,-0.4520221932546166,0.6407359264073592,0.8009199080091991,False
GO_BP,PDOL,GO:0002792,negative regulation of peptide secretion,5,-0.25714837278955427,-0.6790843266761483,-1.0133833922701436,0.5890854866835917,0.198980101989801,0.7997537654547503,False
GO_BP,PDOL,GO:0002793,positive regulation of peptide secretion,8,-0.13176946463452188,-0.1593680880838223,0.28579457455047486,-0.19498270786784816,0.5372462753724627,0.7997537654547503,False
GO_BP,PDOL,GO:0002831,regulation of response to biotic stimulus,36,-1.3200974641231484,0.10301121699996305,1.1326150344036845,-1.9379105898249722,0.9458054194580542,0.9580886067237432,False
GO_BP,PDOL,GO:0002832,negative regulation of response to biotic stimulus,8,-0.627150058868637,0.7190579995274938,1.3564291254997092,-1.6648936213822385,0.9332066793320668,0.9476813706915642,False
GO_BP,PDOL,GO:0002833,positive regulation of response to biotic stimulus,19,-1.107727711203742,-0.26399915504089766,0.18322506723476073,-1.0673406673006736,0.8025197480251974,0.8560483664552205,False
GO_BP,PDOL,GO:0002861,regulation of inflammatory response to antigenic stimulus,5,-1.1330425015853234,-1.07308789263896,-1.1500654078069927,-0.021465851362347133,0.46635336466353366,0.7997537654547503,False
GO_BP,PDOL,GO:0002933,lipid hydroxylation,5,1.209594080497576,0.7618207902937763,0.19262684023882853,0.7323702652312736,0.26017398260173985,0.7997537654547503,False
GO_BP,PDOL,GO:0003006,developmental process involved in reproduction,15,-0.01681597645441492,0.4911688313664187,0.6950306603974851,-0.6099157223363668,0.6878312168783122,0.8055371886185417,False
GO_BP,PDOL,GO:0003007,heart morphogenesis,6,-0.9554115323769204,-0.9978536092119683,-0.46073651818473027,-0.22611646867857116,0.5466453354664533,0.7997537654547503,False
GO_BP,PDOL,GO:0003008,system process,111,-0.6768083872006228,-1.1258850645730747,-0.7660622981002149,0.2691652941360221,0.40685931406859316,0.7997537654547503,False
GO_BP,PDOL,GO:0003012,muscle system process,20,-0.038816791156609395,-0.8193594173917182,-0.5352990217559751,0.6385124284172373,0.27787221277872215,0.7997537654547503,False
GO_BP,PDOL,GO:0003013,circulatory system process,65,-0.64855570930071,-0.827536614867906,-0.7919715596090464,0.16119837793776615,0.44015598440155984,0.7997537654547503,False
GO_BP,PDOL,GO:0003014,renal system process,12,-0.07873797236191674,0.3399547996119218,0.15726502360218625,-0.32734788396897074,0.5773422657734226,0.7997537654547503,False
GO_BP,PDOL,GO:0003015,heart process,7,0.2147631798662252,0.24077408958511237,-0.19117383725053935,0.18996305369893868,0.35376462353764626,0.7997537654547503,False
GO_BP,PDOL,GO:0003018,vascular process in circulatory system,47,-0.8966207349871026,-1.2268351639241402,-1.3732606190441599,0.4034271564970474,0.36566343365663434,0.7997537654547503,False
GO_BP,PDOL,GO:0003044,regulation of systemic arterial blood pressure mediated by a chemical signal,6,-0.7124887952840397,-0.5102382012902986,-0.8260518476663116,-0.044343770805734595,0.48295170482951705,0.7997537654547503,False
GO_BP,PDOL,GO:0003073,regulation of systemic arterial blood pressure,10,0.22165150189885657,-0.2932592565460536,0.0166988885024113,0.3599316859206777,0.36796320367963203,0.7997537654547503,False
GO_BP,PDOL,GO:0005975,carbohydrate metabolic process,16,0.2553316687319368,0.22554856107148255,0.11935662115946302,0.08287907761646401,0.43755624437556245,0.7997537654547503,False
GO_BP,PDOL,GO:0005996,monosaccharide metabolic process,6,0.6758059921352295,0.7565351348773844,1.124729564405751,-0.2648263575063381,0.587041295870413,0.7997537654547503,False
GO_BP,PDOL,GO:0006066,alcohol metabolic process,27,0.015614168134211447,0.23518299429661774,1.0795882414949258,-0.6417714497615603,0.6937306269373062,0.8066234370351785,False
GO_BP,PDOL,GO:0006081,aldehyde metabolic process,5,-1.0145903167373815,-0.7564283829778161,-0.8237536322086795,-0.22449930914413374,0.5698430156984302,0.7997537654547503,False
GO_BP,PDOL,GO:0006091,generation of precursor metabolites and energy,8,0.9619070555440494,0.6212450491825289,0.3764905552438443,0.4630392533308628,0.33806619338066196,0.7997537654547503,False
GO_BP,PDOL,GO:0006109,regulation of carbohydrate metabolic process,11,-0.6449696768298405,-0.8946328036691356,-0.5600461705562041,0.0823698102828293,0.45965403459654036,0.7997537654547503,False
GO_BP,PDOL,GO:0006110,regulation of glycolytic process,6,-1.1124427440144111,-0.9962418989186147,-1.0406433312090044,-0.09400012895060161,0.5097490250974902,0.7997537654547503,False
GO_BP,PDOL,GO:0006139,nucleobase-containing compound metabolic process,53,0.6293387428323789,0.3319247966863468,0.049074478456522325,0.43883910526094433,0.3437656234376562,0.7997537654547503,False
GO_BP,PDOL,GO:0006140,regulation of nucleotide metabolic process,10,-0.9845600444418747,-0.9689260820333189,-1.3932548171904446,0.19653040517000697,0.416958304169583,0.7997537654547503,False
GO_BP,PDOL,GO:0006163,purine nucleotide metabolic process,14,-0.541773325351125,-0.2716350659325124,-0.035314966739806185,-0.3882983090149657,0.6182381761823817,0.7997537654547503,False
GO_BP,PDOL,GO:0006195,purine nucleotide catabolic process,8,-0.41951172272697657,-0.27815042797704864,-0.3722628667187802,-0.09430507537906213,0.5098490150984901,0.7997537654547503,False
GO_BP,PDOL,GO:0006259,DNA metabolic process,22,0.5715493241020365,0.6313995547407354,0.5076233587351402,0.002037867364098722,0.48155184481551844,0.7997537654547503,False
GO_BP,PDOL,GO:0006260,DNA replication,11,2.515759763040216,1.986067973333553,1.5716964091501182,0.7368775717983804,0.25507449255074494,0.7997537654547503,False
GO_BP,PDOL,GO:0006261,DNA-templated DNA replication,6,0.286461977281335,0.0365049470223891,-0.08686684027356438,0.3116429239069226,0.36006399360063995,0.7997537654547503,False
GO_BP,PDOL,GO:0006281,DNA repair,12,1.1954247759889802,0.5189897745465514,-0.3853757565334456,1.1286177669824273,0.1743825617438256,0.7997537654547503,False
GO_BP,PDOL,GO:0006282,regulation of DNA repair,14,1.030638307301588,0.1515900597699331,-0.024142296527197887,0.9669144256802202,0.20807919208079192,0.7997537654547503,False
GO_BP,PDOL,GO:0006302,double-strand break repair,9,2.4689183576456597,1.256495499301827,0.016589441018769354,1.8323758874853615,0.0770922907709229,0.7997537654547503,False
GO_BP,PDOL,GO:0006325,chromatin organization,37,-0.06958193218826142,1.3332171946773355,1.1967658722297305,-1.3345734656417945,0.8654134586541345,0.8958493666227273,False
GO_BP,PDOL,GO:0006338,chromatin remodeling,35,0.10139300754701011,0.9946769511573916,0.9626427581233015,-0.8772668470933365,0.7602239776022398,0.8377552075300945,False
GO_BP,PDOL,GO:0006351,DNA-templated transcription,14,1.126275954982035,1.5157945441543814,0.2561430488482067,0.2403071584807408,0.41175882411758824,0.7997537654547503,False
GO_BP,PDOL,GO:0006352,DNA-templated transcription initiation,5,0.04665428280597175,0.5426192201540818,-0.180365464711636,-0.13447259491525115,0.5163483651634837,0.7997537654547503,False
GO_BP,PDOL,GO:0006355,regulation of DNA-templated transcription,81,0.3063350565235385,0.1642343420890576,-0.44922026861654996,0.44882801978728465,0.35836416358364165,0.7997537654547503,False
GO_BP,PDOL,GO:0006357,regulation of transcription by RNA polymerase II,64,0.8765637879390643,1.0509461402459348,0.28527590166655614,0.20845276698281878,0.43045695430456954,0.7997537654547503,False
GO_BP,PDOL,GO:0006366,transcription by RNA polymerase II,12,1.1398296649589728,1.1395028404806198,-0.28463219374760446,0.7123943415924651,0.27647235276472354,0.7997537654547503,False
GO_BP,PDOL,GO:0006367,transcription initiation at RNA polymerase II promoter,5,0.04665428280597175,0.5426192201540818,-0.180365464711636,-0.13447259491525115,0.5163483651634837,0.7997537654547503,False
GO_BP,PDOL,GO:0006396,RNA processing,5,-0.5840308318044605,-0.6188580931408645,-0.14808884359857094,-0.20055736343474273,0.5186481351864813,0.7997537654547503,False
GO_BP,PDOL,GO:0006417,regulation of translation,7,-0.8560158942187057,-0.16500026156207637,-0.03872816166955877,-0.7541516826028881,0.7246275372462754,0.8225216770100822,False
GO_BP,PDOL,GO:0006457,protein folding,5,-0.5034791797463848,-0.8379078160637436,-0.4561597922328923,0.14355462440193323,0.40515948405159485,0.7997537654547503,False
GO_BP,PDOL,GO:0006468,protein phosphorylation,43,-1.836918957914646,-2.152207589366016,-0.8567044813695397,-0.33246292254686827,0.5938406159384062,0.7997537654547503,False
GO_BP,PDOL,GO:0006470,protein dephosphorylation,7,1.5008206141398013,4.593426600444963,5.63341773361256,-3.61260155288896,0.9992000799920008,0.9996272711335108,False
GO_BP,PDOL,GO:0006508,proteolysis,22,-1.4148882161193235,-1.4929081567047946,-1.7586396733170984,0.210885698891623,0.39806019398060194,0.7997537654547503,False
GO_BP,PDOL,GO:0006511,ubiquitin-dependent protein catabolic process,5,2.8192070911232805,1.0199302886014145,0.047619893082024405,2.285432000281561,0.048795120487951205,0.7997537654547503,False
GO_BP,PDOL,GO:0006575,modified amino acid metabolic process,5,-1.0301475901637684,-0.7441693523285277,-0.3759597460793417,-0.4700830409598338,0.6331366863313669,0.7997700096049865,False
GO_BP,PDOL,GO:0006576,biogenic amine metabolic process,10,0.5150100935631854,-0.3444765401034761,-0.657232668512134,1.0158646978709904,0.19088091190880913,0.7997537654547503,False
GO_BP,PDOL,GO:0006584,catecholamine metabolic process,9,0.501196594165196,-0.4922733867502883,-1.0136754811103776,1.254171028095529,0.147985201479852,0.7997537654547503,False
GO_BP,PDOL,GO:0006629,lipid metabolic process,70,0.6767707521211105,0.9895600953254665,0.8663105496793797,-0.2511645703813127,0.5849415058494151,0.7997537654547503,False
GO_BP,PDOL,GO:0006631,fatty acid metabolic process,37,-0.32399886895046737,-0.4594655793507016,0.04665128144387663,-0.1175917199970549,0.5237476252374762,0.7997537654547503,False
GO_BP,PDOL,GO:0006633,fatty acid biosynthetic process,20,0.09368769493268346,-0.430921520690575,-0.46957671623395325,0.5439368133949476,0.3063693630636936,0.7997537654547503,False
GO_BP,PDOL,GO:0006636,unsaturated fatty acid biosynthetic process,10,-0.28864908287888014,-0.45635260549884593,-0.6330084473568787,0.2560314435489821,0.3544645535446455,0.7997537654547503,False
GO_BP,PDOL,GO:0006638,neutral lipid metabolic process,5,0.9277449740451207,1.2728609152971722,0.5002795678475088,0.04117473247278025,0.46665333466653336,0.7997537654547503,False
GO_BP,PDOL,GO:0006639,acylglycerol metabolic process,5,0.9277449740451207,1.2728609152971722,0.5002795678475088,0.04117473247278025,0.46665333466653336,0.7997537654547503,False
GO_BP,PDOL,GO:0006641,triglyceride metabolic process,5,0.9277449740451207,1.2728609152971722,0.5002795678475088,0.04117473247278025,0.46665333466653336,0.7997537654547503,False
GO_BP,PDOL,GO:0006644,phospholipid metabolic process,9,0.8842238200607319,0.05325354465260329,-0.165820011129097,0.9405070532989788,0.15328467153284672,0.7997537654547503,False
GO_BP,PDOL,GO:0006650,glycerophospholipid metabolic process,6,0.44578459176796387,0.00044385803144836934,0.15127303856044025,0.3699261434720196,0.23057694230576942,0.7997537654547503,False
GO_BP,PDOL,GO:0006665,sphingolipid metabolic process,5,-0.16390147799748608,0.13646336283167884,-0.4333377879738375,-0.015464265426406748,0.4844515548445156,0.7997537654547503,False
GO_BP,PDOL,GO:0006690,icosanoid metabolic process,31,-1.1074099029309163,-0.9020393283407923,-0.165627143425425,-0.5735766670478077,0.6575342465753424,0.8021183808124269,False
GO_BP,PDOL,GO:0006692,prostanoid metabolic process,13,-0.7860192614917774,-0.4101030068706642,-0.011512809937875366,-0.5752113530875076,0.6846315368463154,0.8051565046655605,False
GO_BP,PDOL,GO:0006693,prostaglandin metabolic process,12,-0.7475761333756021,-0.4060984414953444,0.26003000227284495,-0.6745419137643525,0.7250274972502749,0.8226041186477572,False
GO_BP,PDOL,GO:0006694,steroid biosynthetic process,11,0.9911905860347875,0.6065600733080009,0.9462159109525021,0.21480259390453604,0.37436256374362564,0.7997537654547503,False
GO_BP,PDOL,GO:0006706,steroid catabolic process,6,0.5686244148923506,0.12946186810936444,0.23915966236027908,0.38431364965752884,0.3254674532546745,0.7997537654547503,False
GO_BP,PDOL,GO:0006720,isoprenoid metabolic process,21,1.4047951465207664,1.5169478246757782,1.7529710216722996,-0.23016427665327233,0.5495450454954505,0.7997537654547503,False
GO_BP,PDOL,GO:0006721,terpenoid metabolic process,21,1.4047951465207664,1.5169478246757782,1.7529710216722996,-0.23016427665327233,0.5495450454954505,0.7997537654547503,False
GO_BP,PDOL,GO:0006753,nucleoside phosphate metabolic process,16,-0.6894506337323544,-0.4759778207854959,-0.3629349346156028,-0.26999425603180505,0.5686431356864313,0.7997537654547503,False
GO_BP,PDOL,GO:0006778,porphyrin-containing compound metabolic process,6,3.938878281350266,3.9942762994534546,2.01972412619434,0.9318780685263688,0.1735826417358264,0.7997537654547503,False
GO_BP,PDOL,GO:0006787,porphyrin-containing compound catabolic process,5,4.996696359209116,4.5698376763425035,2.702290550601778,1.360632245736975,0.0801919808019198,0.7997537654547503,False
GO_BP,PDOL,GO:0006790,sulfur compound metabolic process,6,-1.2820124013465173,-1.3670290638425546,-1.1690684680888828,-0.013963635380798589,0.4684531546845315,0.7997537654547503,False
GO_BP,PDOL,GO:0006793,phosphorus metabolic process,25,0.11991092932645805,-0.3061613848653904,-0.45780761254304697,0.5018954280306768,0.2999700029997,0.7997537654547503,False
GO_BP,PDOL,GO:0006796,phosphate-containing compound metabolic process,51,-1.4325589302958583,-0.9489168991012247,0.7703901707884653,-1.3432955661394788,0.8715128487151285,0.899576561973269,False
GO_BP,PDOL,GO:0006805,xenobiotic metabolic process,34,1.7145725935656966,1.7869933309186208,1.2157105975421227,0.21322062933532493,0.41315868413158685,0.7997537654547503,False
GO_BP,PDOL,GO:0006810,transport,115,0.9940448012313294,0.25661610816769637,-1.603987839228641,1.667730666761802,0.08899110088991101,0.7997537654547503,False
GO_BP,PDOL,GO:0006811,monoatomic ion transport,36,0.8473856127778197,0.4224830263974002,-1.4357018807154098,1.3539950399368244,0.1401859814018598,0.7997537654547503,False
GO_BP,PDOL,GO:0006812,monoatomic cation transport,28,0.019667678665072755,-0.3839778894852428,-0.965359648908651,0.6943364478620196,0.27317268273172685,0.7997537654547503,False
GO_BP,PDOL,GO:0006814,sodium ion transport,8,0.09537464073748582,-0.20754080229313018,-0.480102786836508,0.4391964353023049,0.26647335266473354,0.7997537654547503,False
GO_BP,PDOL,GO:0006816,calcium ion transport,14,0.1721998734389978,-0.35501933628257715,-0.3598239782490373,0.529621530704805,0.30726927307269275,0.7997537654547503,False
GO_BP,PDOL,GO:0006820,monoatomic anion transport,5,2.1075543796612166,2.0638221114891246,0.7645196206759974,0.6933835135786555,0.21207879212078792,0.7997537654547503,False
GO_BP,PDOL,GO:0006821,chloride transport,5,2.1075543796612166,2.0638221114891246,0.7645196206759974,0.6933835135786555,0.21207879212078792,0.7997537654547503,False
GO_BP,PDOL,GO:0006836,neurotransmitter transport,9,-0.8861553841585329,-1.2574927970296295,-1.7154122699688892,0.6002971493407264,0.22867713228677133,0.7997537654547503,False
GO_BP,PDOL,GO:0006865,amino acid transport,7,-0.6723951018193423,-0.6010035626292407,-1.7470058214086537,0.5016095901996048,0.2566743325667433,0.7997537654547503,False
GO_BP,PDOL,GO:0006869,lipid transport,24,1.997573183048078,1.858435155534706,0.312244252607849,0.9122334789768005,0.21937806219378062,0.7997537654547503,False
GO_BP,PDOL,GO:0006873,intracellular monoatomic ion homeostasis,20,0.18818832739787827,0.17711402332558188,1.1297289149031762,-0.46523314171650076,0.6375362463753624,0.7997700096049865,False
GO_BP,PDOL,GO:0006874,intracellular calcium ion homeostasis,15,0.5509648223157507,-0.42692530176584886,-0.5823143973576487,1.0555846718774995,0.17538246175382463,0.7997537654547503,False
GO_BP,PDOL,GO:0006886,intracellular protein transport,8,-1.301643226640086,-1.2513684953562059,-1.3298649456080787,-0.011026506157943539,0.4697530246975302,0.7997537654547503,False
GO_BP,PDOL,GO:0006897,endocytosis,27,-0.1147498468684207,-0.6348325436430753,-0.8960717877146838,0.6507023188104588,0.27647235276472354,0.7997537654547503,False
GO_BP,PDOL,GO:0006898,receptor-mediated endocytosis,11,0.08402094937421176,-0.3237145895709867,-1.4972793869587981,0.9945179376391042,0.17638236176382363,0.7997537654547503,False
GO_BP,PDOL,GO:0006909,phagocytosis,14,-0.18152348073585953,-0.39517962869274825,0.002729480097834717,0.014701593561597254,0.45425457454254575,0.7997537654547503,False
GO_BP,PDOL,GO:0006913,nucleocytoplasmic transport,5,-1.1873283864085828,-1.0545421379711146,-1.5179862240615019,0.09893579460772539,0.43185681431856815,0.7997537654547503,False
GO_BP,PDOL,GO:0006914,autophagy,8,-0.2432154701926829,-0.9111814826965201,-0.6206006514307331,0.5226755968709437,0.29417058294170584,0.7997537654547503,False
GO_BP,PDOL,GO:0006915,apoptotic process,37,-1.4404863475457446,-1.0826039220627806,-0.8299716735010184,-0.484198549763845,0.6472352764723528,0.8020133445239224,False
GO_BP,PDOL,GO:0006935,chemotaxis,24,-0.5954330380117367,-0.9455060460725615,-1.4736053710387331,0.6141226705439107,0.28517148285171484,0.7997537654547503,False
GO_BP,PDOL,GO:0006936,muscle contraction,19,0.041097434114585184,-0.6979122411743863,-0.5465974727949457,0.6633522910992512,0.272972702729727,0.7997537654547503,False
GO_BP,PDOL,GO:0006937,regulation of muscle contraction,19,-1.0144243789575615,-1.4455370680054171,-1.1036683959344353,0.2601783530123647,0.35896410358964104,0.7997537654547503,False
GO_BP,PDOL,GO:0006939,smooth muscle contraction,9,-0.6860047674170665,-1.0725983389876228,-0.9696058933758149,0.33509734876465236,0.34896510348965104,0.7997537654547503,False
GO_BP,PDOL,GO:0006940,regulation of smooth muscle contraction,12,-0.6230099072751359,-0.9810026124119885,-1.1193299089857036,0.42715635342371006,0.28647135286471354,0.7997537654547503,False
GO_BP,PDOL,GO:0006941,striated muscle contraction,8,1.1391328977043902,0.5527873194866098,0.5316974872618677,0.5968904943301514,0.27007299270072993,0.7997537654547503,False
GO_BP,PDOL,GO:0006942,regulation of striated muscle contraction,9,-1.1848787473393965,-1.0397382131444788,-0.7616336825719153,-0.28419279948119947,0.5718428157184282,0.7997537654547503,False
GO_BP,PDOL,GO:0006950,response to stress,137,-0.500806996434496,-1.0691450511615854,-0.7982527487695269,0.4328919035310602,0.36176382361763826,0.7997537654547503,False
GO_BP,PDOL,GO:0006952,defense response,57,0.8965777235445775,0.35282464937195707,-0.4386299807731853,0.9394803892451917,0.21327867213278673,0.7997537654547503,False
GO_BP,PDOL,GO:0006954,inflammatory response,30,0.48206210216153733,0.3082322628440681,-0.12809334194575794,0.39199264171238224,0.35466453354664534,0.7997537654547503,False
GO_BP,PDOL,GO:0006955,immune response,39,0.7182477205415646,0.14639301940546734,-1.0418148699037846,1.1659586457907232,0.1643835616438356,0.7997537654547503,False
GO_BP,PDOL,GO:0006959,humoral immune response,6,0.9517676149790956,0.3409312513433764,-0.5451391125875135,1.053871545601164,0.15958404159584041,0.7997537654547503,False
GO_BP,PDOL,GO:0006970,response to osmotic stress,5,-0.3670322201059535,0.10386727921522187,0.7091982522351429,-0.7735649858311359,0.8184181581841816,0.8647994988263649,False
GO_BP,PDOL,GO:0006974,DNA damage response,26,0.5212837750772955,0.251097457257499,-0.46429673328390786,0.6278834130905,0.27747225277472254,0.7997537654547503,False
GO_BP,PDOL,GO:0006979,response to oxidative stress,34,-1.2277709057298414,-1.337910293007412,-1.3746306783664297,0.1284995799570794,0.43255674432556745,0.7997537654547503,False
GO_BP,PDOL,GO:0006986,response to unfolded protein,7,1.2572634444075743,0.2714163069977837,1.2148906605641416,0.5141099606266116,0.32266773322667736,0.7997537654547503,False
GO_BP,PDOL,GO:0006996,organelle organization,47,1.3297004604865366,1.5956859289962233,1.2611501737271646,-0.09871759087515741,0.5213478652134786,0.7997537654547503,False
GO_BP,PDOL,GO:0006997,nucleus organization,5,-0.1868948886424226,-0.49015350190539864,-0.5689042414211757,0.3426339830208645,0.36066393360663934,0.7997537654547503,False
GO_BP,PDOL,GO:0006998,nuclear envelope organization,5,-0.1868948886424226,-0.49015350190539864,-0.5689042414211757,0.3426339830208645,0.36066393360663934,0.7997537654547503,False
GO_BP,PDOL,GO:0007005,mitochondrion organization,9,0.06995145997606816,-0.1112057300931835,-0.8039695060145986,0.5275390780299591,0.3100689931006899,0.7997537654547503,False
GO_BP,PDOL,GO:0007010,cytoskeleton organization,23,-0.2645690004078127,-0.37874282851852403,0.44866387391209567,-0.29952952310459857,0.579042095790421,0.7997537654547503,False
GO_BP,PDOL,GO:0007017,microtubule-based process,16,-0.2919741416839612,-0.3497232721428558,-0.2095840105732905,-0.01232050032588805,0.48535146485351466,0.7997537654547503,False
GO_BP,PDOL,GO:0007018,microtubule-based movement,5,0.11902922033592644,0.10370732566830297,0.33841868442227807,-0.10203378470936408,0.5055494450554945,0.7997537654547503,False
GO_BP,PDOL,GO:0007049,cell cycle,27,-0.5817837473380001,0.2234444061260088,1.0586001502271911,-1.2228060255146,0.8532146785321468,0.8865552165920176,False
GO_BP,PDOL,GO:0007051,spindle organization,9,-0.7619760187148337,-1.1341723724667914,-1.0552858383522117,0.33275308669466797,0.32766723327667235,0.7997537654547503,False
GO_BP,PDOL,GO:0007052,mitotic spindle organization,6,-0.48590002069168153,-0.8016665366059529,-0.724660539424274,0.27726351732343185,0.3578642135786421,0.7997537654547503,False
GO_BP,PDOL,GO:0007059,chromosome segregation,9,-0.7915536390327222,0.15518178026704138,0.46008776761297626,-1.099188412972731,0.8237176282371763,0.8674614086746142,False
GO_BP,PDOL,GO:0007088,regulation of mitotic nuclear division,7,-0.9182137460685488,-1.2690427410700122,-0.6529051084607131,0.04276017869681392,0.42295770422957707,0.7997537654547503,False
GO_BP,PDOL,GO:0007155,cell adhesion,18,-1.9931751029668585,-0.8582388980183445,-0.1487012771060783,-1.4897050154046472,0.9064093590640936,0.9268070352676334,False
GO_BP,PDOL,GO:0007162,negative regulation of cell adhesion,19,-1.0759545412866425,-0.9888125102619202,0.17393153849335324,-0.668514055402359,0.708929107089291,0.8119051075073555,False
GO_BP,PDOL,GO:0007166,cell surface receptor signaling pathway,103,-1.2441621325484953,-1.9687923590336283,-1.4567225898401197,0.4685953418883788,0.35076492350764926,0.7997537654547503,False
GO_BP,PDOL,GO:0007167,enzyme-linked receptor protein signaling pathway,47,-1.7315018983038941,-2.1225371735172263,-0.2957338737827776,-0.5223663746538922,0.6581341865813418,0.8025190185515059,False
GO_BP,PDOL,GO:0007169,cell surface receptor protein tyrosine kinase signaling pathway,42,-1.7338352123447105,-2.4389913891662993,-0.6602401491585685,-0.18421944318227657,0.5538446155384461,0.7997537654547503,False
GO_BP,PDOL,GO:0007173,epidermal growth factor receptor signaling pathway,16,-1.392987002521375,-1.4756804862724677,0.11666618805890258,-0.7134798534145925,0.7058294170582942,0.8112184852241692,False
GO_BP,PDOL,GO:0007178,cell surface receptor protein serine/threonine kinase signaling pathway,7,-1.1159357327960513,-1.0522249132255788,-1.238260286985291,0.029306867309383478,0.45145485451454853,0.7997537654547503,False
GO_BP,PDOL,GO:0007179,transforming growth factor beta receptor signaling pathway,6,-1.3724729757904897,-1.2492197049323626,-1.1535468836306806,-0.17108968150896797,0.5087491250874913,0.7997537654547503,False
GO_BP,PDOL,GO:0007186,G protein-coupled receptor signaling pathway,91,-1.4775625372285224,-1.6965227712612532,-1.9014596677149826,0.32142868225959553,0.39346065393460655,0.7997537654547503,False
GO_BP,PDOL,GO:0007187,"G protein-coupled receptor signaling pathway, coupled to cyclic nucleotide second messenger",26,-0.182491691473901,-0.29456297220278327,-1.2204372264855297,0.5750084078702555,0.3013698630136986,0.7997537654547503,False
GO_BP,PDOL,GO:0007188,adenylate cyclase-modulating G protein-coupled receptor signaling pathway,50,-1.0318703228467279,-1.6852728798719225,-2.4025057796694393,1.0120190069239532,0.20617938206179381,0.7997537654547503,False
GO_BP,PDOL,GO:0007189,adenylate cyclase-activating G protein-coupled receptor signaling pathway,20,1.2114314717359436,0.08652298167291743,-0.6564689033601734,1.4964044325795716,0.11678832116788321,0.7997537654547503,False
GO_BP,PDOL,GO:0007193,adenylate cyclase-inhibiting G protein-coupled receptor signaling pathway,35,-2.373573969882328,-2.1612162009643243,-2.668341369860119,0.04120481552989341,0.46725327467253275,0.7997537654547503,False
GO_BP,PDOL,GO:0007196,adenylate cyclase-inhibiting G protein-coupled glutamate receptor signaling pathway,6,-0.8314345557723644,-1.109792071501497,-1.7186690846716652,0.5827960223142168,0.27817218278172184,0.7997537654547503,False
GO_BP,PDOL,GO:0007197,adenylate cyclase-inhibiting G protein-coupled acetylcholine receptor signaling pathway,8,-1.187360047733033,-1.2284681272435154,-1.2157041964770021,0.034726114127225705,0.4226577342265773,0.7997537654547503,False
GO_BP,PDOL,GO:0007198,adenylate cyclase-inhibiting serotonin receptor signaling pathway,6,-1.1051156140505651,-0.6016022310420293,-0.8870221940115687,-0.3608034015237662,0.6035396460353964,0.7997537654547503,False
GO_BP,PDOL,GO:0007200,phospholipase C-activating G protein-coupled receptor signaling pathway,29,-0.805685006048246,-1.0943183116594233,-1.4906441702120772,0.48679623488750423,0.32836716328367166,0.7997537654547503,False
GO_BP,PDOL,GO:0007204,positive regulation of cytosolic calcium ion concentration,18,-0.27863373275576847,-1.0299681258582343,-1.9364826370139319,1.2045916486803148,0.16228377162283772,0.7997537654547503,False
GO_BP,PDOL,GO:0007210,serotonin receptor signaling pathway,9,-0.501676834426511,-0.3243360635308355,-0.7248156631732501,0.02289902892553175,0.4637536246375362,0.7997537654547503,False
GO_BP,PDOL,GO:0007212,G protein-coupled dopamine receptor signaling pathway,6,0.43931111992943467,0.7893717202314322,-0.9031743851906477,0.49621245240904244,0.30156984301569845,0.7997537654547503,False
GO_BP,PDOL,GO:0007213,G protein-coupled acetylcholine receptor signaling pathway,8,-1.187360047733033,-1.2284681272435154,-1.2157041964770021,0.034726114127225705,0.4226577342265773,0.7997537654547503,False
GO_BP,PDOL,GO:0007215,glutamate receptor signaling pathway,16,-1.377680455440453,-1.1502303998507895,-2.1267154025416732,0.2607924457557784,0.40335966403359663,0.7997537654547503,False
GO_BP,PDOL,GO:0007216,G protein-coupled glutamate receptor signaling pathway,7,-0.78922246339734,-1.0482108243040738,-1.6267263089496933,0.5482461032295435,0.29127087291270876,0.7997537654547503,False
GO_BP,PDOL,GO:0007218,neuropeptide signaling pathway,6,-0.6741077413243693,-0.3219896164436963,-0.6866741316562339,-0.1697758672744042,0.5078492150784921,0.7997537654547503,False
GO_BP,PDOL,GO:0007254,JNK cascade,5,-0.35059301115387337,-0.8251952081781909,-0.9741231121130587,0.5490661489917514,0.2598740125987401,0.7997537654547503,False
GO_BP,PDOL,GO:0007267,cell-cell signaling,75,1.2561604868471812,0.5355420822799267,-0.7596174562029842,1.36819817380871,0.13508649135086492,0.7997537654547503,False
GO_BP,PDOL,GO:0007268,chemical synaptic transmission,55,0.26755711716889075,-0.5617133257246905,-1.399201090671216,1.248014325366844,0.15658434156584342,0.7997537654547503,False
GO_BP,PDOL,GO:0007271,"synaptic transmission, cholinergic",5,-0.16274773119891256,-0.10735854257867461,0.800498852992599,-0.5093178864058747,0.6526347365263474,0.8020133445239224,False
GO_BP,PDOL,GO:0007275,multicellular organism development,115,-0.1156033513896911,0.306228025511822,-0.5909262008817988,0.026745736295297307,0.48125187481251874,0.7997537654547503,False
GO_BP,PDOL,GO:0007276,gamete generation,5,0.4145850230016075,0.8982019612431504,0.1532951021968901,-0.11116350871841274,0.5082491750824918,0.7997537654547503,False
GO_BP,PDOL,GO:0007346,regulation of mitotic cell cycle,22,-1.5938846006131053,-1.1025645808295155,0.07206565831926935,-1.0786351393579823,0.8092190780921907,0.8593476935492291,False
GO_BP,PDOL,GO:0007399,nervous system development,62,-0.6736902783275593,-0.9088492570517172,-0.4445337695190499,0.003001234957824117,0.48565143485651435,0.7997537654547503,False
GO_BP,PDOL,GO:0007409,axonogenesis,7,-0.4699741982601554,0.03454972115287667,0.22327176741383406,-0.5988849425435108,0.677032296770323,0.8033058431305515,False
GO_BP,PDOL,GO:0007411,axon guidance,5,-0.6224452025448142,0.0033155864149556264,0.25285305431473126,-0.7505295229096576,0.7450254974502549,0.8300850467202744,False
GO_BP,PDOL,GO:0007416,synapse assembly,5,0.96783836651795,1.4041477000037212,0.995283299711427,-0.23187713333962412,0.5576442355764424,0.7997537654547503,False
GO_BP,PDOL,GO:0007417,central nervous system development,27,0.447070793799453,0.038194856727836346,-0.1524088700927938,0.5041778004819317,0.31596840315968405,0.7997537654547503,False
GO_BP,PDOL,GO:0007420,brain development,17,-0.023002729985655834,-0.1967908300041463,-0.8432407609184686,0.49701306547565155,0.29587041295870414,0.7997537654547503,False
GO_BP,PDOL,GO:0007423,sensory organ development,16,-1.0510082225543573,-0.6715328527823362,-0.643531207110983,-0.39347619260769773,0.6151384861513849,0.7997537654547503,False
GO_BP,PDOL,GO:0007507,heart development,18,-0.30170703315074177,-0.6507836453452839,-0.13212877257255135,0.08974917580817587,0.46025397460253975,0.7997537654547503,False
GO_BP,PDOL,GO:0007548,sex differentiation,10,0.019083631174308457,0.5344609775819307,0.7876416602780645,-0.6419676877556891,0.6976302369763023,0.80794593146476,False
GO_BP,PDOL,GO:0007565,female pregnancy,13,-1.0773991615128469,-1.2877674321048718,-1.1609908752735194,0.1469799921763486,0.43195680431956807,0.7997537654547503,False
GO_BP,PDOL,GO:0007584,response to nutrient,14,-1.1592633241554655,-1.1841824826769833,-1.4175994361905564,0.14162763527830435,0.43055694430556946,0.7997537654547503,False
GO_BP,PDOL,GO:0007586,digestion,12,-0.2648732547021659,0.6486578435971512,0.3214105772365369,-0.7499074651190099,0.7332266773322668,0.8270669679235981,False
GO_BP,PDOL,GO:0007589,body fluid secretion,6,-0.5981310374532687,-0.8784302097387404,-0.9378508354138282,0.3100094851230156,0.3638636136386361,0.7997537654547503,False
GO_BP,PDOL,GO:0007596,blood coagulation,16,-1.1846937054840838,-1.600572267354178,-1.259682455205625,0.24543365579581766,0.4026597340265973,0.7997537654547503,False
GO_BP,PDOL,GO:0007599,hemostasis,17,-1.2511018619918297,-1.7091095047040827,-1.389679463750316,0.2982926222353697,0.38536146385361464,0.7997537654547503,False
GO_BP,PDOL,GO:0007600,sensory perception,20,-0.15072655859128997,-0.7763459940122931,-1.0066650405186264,0.7407789586741698,0.21727827217278273,0.7997537654547503,False
GO_BP,PDOL,GO:0007610,behavior,40,-0.28989001111857665,-0.8883385236633657,-1.1013320348386892,0.7049452681324508,0.27187281271872815,0.7997537654547503,False
GO_BP,PDOL,GO:0007611,learning or memory,23,-0.3008487671405621,-0.2823417129834612,-0.2223430159263634,-0.04850640268564976,0.5030496950304969,0.7997537654547503,False
GO_BP,PDOL,GO:0007612,learning,16,-0.6393080450968196,-0.5356363323857031,-1.4858589089319973,0.37143957556203056,0.36696330366963303,0.7997537654547503,False
GO_BP,PDOL,GO:0007613,memory,11,0.31265371764387306,0.7437433572827149,0.21769105437095315,-0.16806348818296096,0.5345465453454654,0.7997537654547503,False
GO_BP,PDOL,GO:0007617,mating behavior,5,0.18857948258781018,0.7805568393775083,-0.0874925654806516,-0.15795265436061814,0.5182481751824818,0.7997537654547503,False
GO_BP,PDOL,GO:0007623,circadian rhythm,18,0.9770160085555769,0.8784946987218794,0.6902665063448233,0.19263540602222562,0.42395760423957607,0.7997537654547503,False
GO_BP,PDOL,GO:0007626,locomotory behavior,13,-0.17662814089166537,0.05379134574926975,-0.6332528749203632,0.11310262369388133,0.42285771422857715,0.7997537654547503,False
GO_BP,PDOL,GO:0007631,feeding behavior,7,-0.7130510796079135,-1.1261228756726351,-1.1000799298422677,0.4000503231495378,0.28717128287171284,0.7997537654547503,False
GO_BP,PDOL,GO:0007632,visual behavior,5,0.08145809130170287,0.4786943659793828,-0.3546195096462087,0.019420663135115812,0.45755424457554245,0.7997537654547503,False
GO_BP,PDOL,GO:0008015,blood circulation,53,-0.7728303592780684,-0.7831077921669574,-0.3502261544409633,-0.2061633859741081,0.5583441655834417,0.7997537654547503,False
GO_BP,PDOL,GO:0008016,regulation of heart contraction,21,-0.7572600233270402,-1.1310757827200737,-0.8695288414117613,0.24304228873887734,0.40145985401459855,0.7997537654547503,False
GO_BP,PDOL,GO:0008064,regulation of actin polymerization or depolymerization,6,0.8242126127168387,0.28884508635081946,0.756485795203996,0.3015471719394309,0.25407459254074594,0.7997537654547503,False
GO_BP,PDOL,GO:0008104,intracellular protein localization,25,-1.6482796718182224,-1.9369866461367085,-1.8909269069689383,0.26567710473460093,0.40055994400559947,0.7997537654547503,False
GO_BP,PDOL,GO:0008202,steroid metabolic process,35,1.1909617974607893,1.7356920097579678,1.7030501116970895,-0.5284092632667392,0.6484351564843516,0.8020133445239224,False
GO_BP,PDOL,GO:0008203,cholesterol metabolic process,12,1.4514449275080035,0.8399879348439003,1.0076194881981118,0.5276412159869974,0.2956704329567043,0.7997537654547503,False
GO_BP,PDOL,GO:0008210,estrogen metabolic process,12,1.772148283423073,1.7232776881534382,1.174607712126481,0.32320558328311355,0.3648635136486351,0.7997537654547503,False
GO_BP,PDOL,GO:0008217,regulation of blood pressure,20,-0.3859891506445063,-0.45496644267051706,-0.08114122509525469,-0.11793531676162039,0.5215478452154785,0.7997537654547503,False
GO_BP,PDOL,GO:0008219,cell death,38,-1.3898980636920442,-0.901204118727717,-0.40689454036606976,-0.7358487341451507,0.7267273272672733,0.8237064402060642,False
GO_BP,PDOL,GO:0008277,regulation of G protein-coupled receptor signaling pathway,14,0.3254121510290631,0.4485400360531289,0.09338060334138312,0.05445183133180709,0.46165383461653836,0.7997537654547503,False
GO_BP,PDOL,GO:0008283,cell population proliferation,16,-1.1850138145458586,-1.4392223881516348,-0.7266015181933816,-0.10210186137335042,0.514048595140486,0.7997537654547503,False
GO_BP,PDOL,GO:0008284,positive regulation of cell population proliferation,60,-2.0339576352216575,-1.9224857891673337,-1.596427492177115,-0.2745009945494332,0.5798420157984202,0.7997537654547503,False
GO_BP,PDOL,GO:0008285,negative regulation of cell population proliferation,33,0.458853268952721,0.48526632306328116,0.6595453798226043,-0.11355258249022177,0.5130486951304869,0.7997537654547503,False
GO_BP,PDOL,GO:0008286,insulin receptor signaling pathway,8,-0.20928286485486086,-0.6143280512126827,0.3313061330933245,-0.06777190579518175,0.5016498350164984,0.7997537654547503,False
GO_BP,PDOL,GO:0008306,associative learning,11,-0.26619654065511705,-0.27772339346290914,-1.2420395912620579,0.4936849517073664,0.32566743325667435,0.7997537654547503,False
GO_BP,PDOL,GO:0008360,regulation of cell shape,5,-0.49031902408408456,-0.5428075102032772,-0.1783704148244865,-0.12973006157020273,0.49925007499250074,0.7997537654547503,False
GO_BP,PDOL,GO:0008361,regulation of cell size,6,1.33747302934445,0.8323844082053532,0.8478356382484994,0.4973630061175236,0.31156884311568844,0.7997537654547503,False
GO_BP,PDOL,GO:0008406,gonad development,8,0.01209248298006285,0.09115659554892608,-0.15961823968005642,0.046323305045628024,0.44945505449455053,0.7997537654547503,False
GO_BP,PDOL,GO:0008542,visual learning,5,0.08145809130170287,0.4786943659793828,-0.3546195096462087,0.019420663135115812,0.45755424457554245,0.7997537654547503,False
GO_BP,PDOL,GO:0008544,epidermis development,8,-1.0252225067268879,-1.0985862931928687,-1.0377882955068867,0.04296478762298994,0.45115488451154884,0.7997537654547503,False
GO_BP,PDOL,GO:0008584,male gonad development,5,0.7001525260686021,0.6125679875498287,-0.5433962623194384,0.665566663453407,0.25517448255174485,0.7997537654547503,False
GO_BP,PDOL,GO:0008585,female gonad development,5,-0.5404465631124131,-0.28253971398234407,0.24408667172521473,-0.5212200419838484,0.6774322567743226,0.8033058431305515,False
GO_BP,PDOL,GO:0008589,regulation of smoothened signaling pathway,5,0.5607377474643834,-0.2360461028476396,0.14395059506197708,0.6067855013572147,0.28077192280771923,0.7997537654547503,False
GO_BP,PDOL,GO:0008593,regulation of Notch signaling pathway,5,-1.3242648697059922,-1.7113956137213644,-1.6394088003702156,0.3511373373397977,0.34806519348065196,0.7997537654547503,False
GO_BP,PDOL,GO:0008610,lipid biosynthetic process,37,0.09709458327675374,-0.27488905841871997,-0.17870184882088833,0.3238900368965579,0.38666133386661333,0.7997537654547503,False
GO_BP,PDOL,GO:0008654,phospholipid biosynthetic process,7,0.8650024376471974,0.09454592772964752,-0.0341422612203963,0.8348006043925718,0.1730826917308269,0.7997537654547503,False
GO_BP,PDOL,GO:0009056,catabolic process,84,0.6379371534785143,0.2058324026358769,0.08565258124416406,0.49219466153849384,0.34536546345365465,0.7997537654547503,False
GO_BP,PDOL,GO:0009057,macromolecule catabolic process,22,0.7014524940468659,-0.6913161147494721,-0.6331942476608111,1.3637076752520074,0.12488751124887511,0.7997537654547503,False
GO_BP,PDOL,GO:0009058,biosynthetic process,98,-0.1683317577659446,-0.5532470693950249,-0.5781047927313301,0.39734417329723287,0.3798620137986201,0.7997537654547503,False
GO_BP,PDOL,GO:0009059,macromolecule biosynthetic process,43,0.17138903826957116,0.00700291040084766,-0.9294999169365917,0.6326375415374432,0.2947705229477052,0.7997537654547503,False
GO_BP,PDOL,GO:0009100,glycoprotein metabolic process,6,-0.868266389080634,-1.2188918934305204,-1.385522366339207,0.4339407408042296,0.33626637336266374,0.7997537654547503,False
GO_BP,PDOL,GO:0009117,nucleotide metabolic process,14,-0.541773325351125,-0.2716350659325124,-0.035314966739806185,-0.3882983090149657,0.6182381761823817,0.7997537654547503,False
GO_BP,PDOL,GO:0009141,nucleoside triphosphate metabolic process,7,0.7627199558428245,1.513381773472279,0.8746946565993149,-0.4313182591929724,0.6148385161483851,0.7997537654547503,False
GO_BP,PDOL,GO:0009144,purine nucleoside triphosphate metabolic process,7,0.7627199558428245,1.513381773472279,0.8746946565993149,-0.4313182591929724,0.6148385161483851,0.7997537654547503,False
GO_BP,PDOL,GO:0009150,purine ribonucleotide metabolic process,12,-0.3983120126834892,-0.26061982906042297,-0.24812085598561345,-0.143941670160471,0.5317468253174683,0.7997537654547503,False
GO_BP,PDOL,GO:0009154,purine ribonucleotide catabolic process,8,-0.41951172272697657,-0.27815042797704864,-0.3722628667187802,-0.09430507537906213,0.5098490150984901,0.7997537654547503,False
GO_BP,PDOL,GO:0009166,nucleotide catabolic process,9,-0.2666985517898985,-0.2044323670338904,-0.4168736827372663,0.04395447309567985,0.44115588441155884,0.7997537654547503,False
GO_BP,PDOL,GO:0009205,purine ribonucleoside triphosphate metabolic process,7,0.7627199558428245,1.513381773472279,0.8746946565993149,-0.4313182591929724,0.6148385161483851,0.7997537654547503,False
GO_BP,PDOL,GO:0009259,ribonucleotide metabolic process,12,-0.3983120126834892,-0.26061982906042297,-0.24812085598561345,-0.143941670160471,0.5317468253174683,0.7997537654547503,False
GO_BP,PDOL,GO:0009261,ribonucleotide catabolic process,8,-0.41951172272697657,-0.27815042797704864,-0.3722628667187802,-0.09430507537906213,0.5098490150984901,0.7997537654547503,False
GO_BP,PDOL,GO:0009266,response to temperature stimulus,14,1.2095284564638065,-0.09031411841191708,0.18480358448229625,1.162283723428617,0.17028297170282972,0.7997537654547503,False
GO_BP,PDOL,GO:0009267,cellular response to starvation,5,1.1985974504647887,1.0753385536567415,2.145916970738646,-0.41203031173290516,0.6043395660433957,0.7997537654547503,False
GO_BP,PDOL,GO:0009299,mRNA transcription,5,2.2013439751601758,1.2921430893356451,-0.16357529236120216,1.6370600766729542,0.09989001099890012,0.7997537654547503,False
GO_BP,PDOL,GO:0009308,amine metabolic process,12,0.33343090195245967,-0.4431022299021365,-0.9525209684552441,1.03124250113115,0.1897810218978102,0.7997537654547503,False
GO_BP,PDOL,GO:0009311,oligosaccharide metabolic process,5,0.24781253764443353,-0.7916305539596434,-0.8403978630503699,1.0638267461494402,0.19338066193380662,0.7997537654547503,False
GO_BP,PDOL,GO:0009314,response to radiation,24,-0.7810208919477822,-0.8273663715000876,-0.7721027643440781,0.018713675974300625,0.4677532246775322,0.7997537654547503,False
GO_BP,PDOL,GO:0009404,toxin metabolic process,7,0.6794555248509604,0.19037599552111104,0.5271155262286091,0.3207097639761003,0.35676432356764326,0.7997537654547503,False
GO_BP,PDOL,GO:0009408,response to heat,9,1.596446629988975,-0.23550377118771687,-0.2913406472454007,1.8598688392055338,0.074992500749925,0.7997537654547503,False
GO_BP,PDOL,GO:0009410,response to xenobiotic stimulus,61,1.5101701473944658,1.8998397394918618,0.9354428603537445,0.09252884747166257,0.45515448455154484,0.7997537654547503,False
GO_BP,PDOL,GO:0009411,response to UV,15,-1.175997001117572,-1.164503571527518,-1.2414808245115672,0.02699519690197061,0.45355464453554645,0.7997537654547503,False
GO_BP,PDOL,GO:0009416,response to light stimulus,20,-1.0433757162885737,-0.989523300438158,-1.3021977789705312,0.10248482341577092,0.43815618438156184,0.7997537654547503,False
GO_BP,PDOL,GO:0009581,detection of external stimulus,7,0.3821720500631672,-0.40640314234938046,-0.7673029637079711,0.9690251030918429,0.11998800119988001,0.7997537654547503,False
GO_BP,PDOL,GO:0009582,detection of abiotic stimulus,7,0.3821720500631672,-0.40640314234938046,-0.7673029637079711,0.9690251030918429,0.11998800119988001,0.7997537654547503,False
GO_BP,PDOL,GO:0009605,response to external stimulus,86,-0.2995258764321975,-1.0219948186328047,-1.2701664386963425,0.8465547522323762,0.24147585241475852,0.7997537654547503,False
GO_BP,PDOL,GO:0009607,response to biotic stimulus,56,-0.2378650840941094,-0.46467768614223964,-0.881028916871295,0.434988217412658,0.3461653834616538,0.7997537654547503,False
GO_BP,PDOL,GO:0009611,response to wounding,31,-1.1244120383633807,-1.7608937158276734,-1.6781392347517663,0.5951044369263392,0.29317068293170684,0.7997537654547503,False
GO_BP,PDOL,GO:0009612,response to mechanical stimulus,16,-0.7387528894735889,-0.310918291120329,0.5907860614482672,-0.878686774637558,0.7853214678532147,0.848232666350347,False
GO_BP,PDOL,GO:0009615,response to virus,20,-0.14390646092906775,-0.39717453885433207,-1.150205544988593,0.6297835809923947,0.27677232276772323,0.7997537654547503,False
GO_BP,PDOL,GO:0009617,response to bacterium,35,0.476285419012887,0.27305568821576115,0.15409495514800028,0.2627100973310063,0.40405959404059594,0.7997537654547503,False
GO_BP,PDOL,GO:0009628,response to abiotic stimulus,67,-0.7013258005052467,-0.8197220248554862,0.03329532429905251,-0.3081124502270299,0.5938406159384062,0.7997537654547503,False
GO_BP,PDOL,GO:0009636,response to toxic substance,23,-0.8826474491731355,-0.4286791932804414,0.00669598197738471,-0.6716558435216071,0.7112288771122888,0.813627754799685,False
GO_BP,PDOL,GO:0009653,anatomical structure morphogenesis,46,-1.494249908038153,-1.5987710046986305,-1.6587820847377786,0.1345266366800515,0.44065593440655937,0.7997537654547503,False
GO_BP,PDOL,GO:0009712,catechol-containing compound metabolic process,9,0.501196594165196,-0.4922733867502883,-1.0136754811103776,1.254171028095529,0.147985201479852,0.7997537654547503,False
GO_BP,PDOL,GO:0009719,response to endogenous stimulus,95,1.2983661421640829,1.8693023929451946,1.1784372489009045,-0.2255036787589666,0.5675432456754325,0.7997537654547503,False
GO_BP,PDOL,GO:0009725,response to hormone,78,0.8068680954914706,1.4056227627562008,0.7105663479602943,-0.25122645986677683,0.5708429157084292,0.7997537654547503,False
GO_BP,PDOL,GO:0009743,response to carbohydrate,9,-0.12687106578446053,-0.27978193551460956,-0.4840811729630967,0.25506048845439266,0.39516048395160486,0.7997537654547503,False
GO_BP,PDOL,GO:0009746,response to hexose,7,0.05788129452360964,-0.12197273181414518,-0.3636614692189191,0.3006983950401418,0.37576242375762425,0.7997537654547503,False
GO_BP,PDOL,GO:0009749,response to glucose,5,-0.33373715250857877,-0.5303256796888354,-0.5126136483702852,0.18773251152098153,0.3965603439656034,0.7997537654547503,False
GO_BP,PDOL,GO:0009755,hormone-mediated signaling pathway,20,1.1687249099262262,0.8699810346471893,-0.9749693286653915,1.2212190569353274,0.15708429157084292,0.7997537654547503,False
GO_BP,PDOL,GO:0009790,embryo development,16,0.27550433630658255,0.14780217171720592,-1.0718718858597347,0.737539193377847,0.26417358264173585,0.7997537654547503,False
GO_BP,PDOL,GO:0009820,alkaloid metabolic process,7,0.4807689964541089,0.05316689280111289,0.40927280689740597,0.2495491466048495,0.37466253374662534,0.7997537654547503,False
GO_BP,PDOL,GO:0009822,alkaloid catabolic process,5,0.734531289760913,0.4509150733340501,0.6275088236327708,0.1953193412775025,0.37296270372962703,0.7997537654547503,False
GO_BP,PDOL,GO:0009887,animal organ morphogenesis,18,-1.736421361506428,-2.0094575150168077,-1.9032662249465981,0.21994050847527502,0.41055894410558946,0.7997537654547503,False
GO_BP,PDOL,GO:0009888,tissue development,47,-1.9225982865137823,-2.135933144637062,-2.557182136765385,0.42395935418744113,0.3545645435456454,0.7997537654547503,False
GO_BP,PDOL,GO:0009889,regulation of biosynthetic process,153,0.3449381498693701,0.4775054656583499,0.36179049710348027,-0.07470983151154498,0.5155484451554845,0.7997537654547503,False
GO_BP,PDOL,GO:0009890,negative regulation of biosynthetic process,81,1.2740382571040871,1.7730370614879294,1.2171396915979256,-0.22105011943884034,0.5693430656934306,0.7997537654547503,False
GO_BP,PDOL,GO:0009891,positive regulation of biosynthetic process,109,0.016827520337553387,0.2800418733219275,-0.802265770108617,0.27793946873089814,0.39786021397860216,0.7997537654547503,False
GO_BP,PDOL,GO:0009892,negative regulation of metabolic process,107,2.0706671241754293,2.3404296310257107,1.4439369684080494,0.17848382445854938,0.43495650434956507,0.7997537654547503,False
GO_BP,PDOL,GO:0009893,positive regulation of metabolic process,137,-0.01224654195827042,-0.0827081506937357,-0.8786954276126488,0.4684552471949219,0.34356564343565643,0.7997537654547503,False
GO_BP,PDOL,GO:0009894,regulation of catabolic process,54,-0.7162606291262789,-1.1261922482637845,-0.4720433175008561,0.08285715375604141,0.46595340465953405,0.7997537654547503,False
GO_BP,PDOL,GO:0009895,negative regulation of catabolic process,25,-1.1533400040521258,-1.647584164029751,-1.6393075163813144,0.49010583615340697,0.33356664333566644,0.7997537654547503,False
GO_BP,PDOL,GO:0009896,positive regulation of catabolic process,28,-0.7709760909986777,-1.4993129726614656,-1.3771745109581308,0.6672676508111205,0.2862713728627137,0.7997537654547503,False
GO_BP,PDOL,GO:0009966,regulation of signal transduction,150,-0.48960665500768163,-0.9997714935243651,-0.91135607772678,0.4659571306178909,0.3464653534646535,0.7997537654547503,False
GO_BP,PDOL,GO:0009967,positive regulation of signal transduction,111,-1.2522766287948204,-1.6869178757852479,-1.7195165138657738,0.45094056603069044,0.35376462353764626,0.7997537654547503,False
GO_BP,PDOL,GO:0009968,negative regulation of signal transduction,66,0.3643035518721483,0.44046772560900277,0.4758284107470194,-0.09384451630586282,0.528047195280472,0.7997537654547503,False
GO_BP,PDOL,GO:0010001,glial cell differentiation,12,-0.007458636600641834,-0.41450369503698936,0.16612348575670488,0.11673146803950041,0.4266573342665733,0.7997537654547503,False
GO_BP,PDOL,GO:0010038,response to metal ion,20,-0.025740934550435364,-0.045913742149687055,-0.30236134047725294,0.14839660676303465,0.43145685431456854,0.7997537654547503,False
GO_BP,PDOL,GO:0010039,response to iron ion,5,-0.9727008224417494,-0.689853762011299,-0.8679392092751087,-0.19380433679854547,0.5289471052894711,0.7997537654547503,False
GO_BP,PDOL,GO:0010212,response to ionizing radiation,6,0.9311808784401735,0.7068121060304137,0.9992826575129244,0.07813349666850444,0.43775622437756223,0.7997537654547503,False
GO_BP,PDOL,GO:0010232,vascular transport,11,0.308027296641117,-0.27338469939964904,-0.9717464827067006,0.9305928876942919,0.19258074192580743,0.7997537654547503,False
GO_BP,PDOL,GO:0010256,endomembrane system organization,8,-0.04188150785605692,-0.6771384458646407,-0.9075398500914058,0.7504576401219664,0.21427857214278573,0.7997537654547503,False
GO_BP,PDOL,GO:0010332,response to gamma radiation,5,0.682226904057624,0.7738659148631314,1.2544356906168912,-0.33192389868238725,0.5789421057894211,0.7997537654547503,False
GO_BP,PDOL,GO:0010389,regulation of G2/M transition of mitotic cell cycle,6,-0.8649682055964245,-0.18845876135019052,0.4246257197036085,-0.9830516847731335,0.8016198380161984,0.8555486526603896,False
GO_BP,PDOL,GO:0010467,gene expression,38,0.14786838200281416,0.11984003839723176,-0.7675528677415314,0.471724796674964,0.33686631336866313,0.7997537654547503,False
GO_BP,PDOL,GO:0010468,regulation of gene expression,135,0.24560837824166304,0.20864106288440196,0.1053926529647935,0.0885915203170653,0.45965403459654036,0.7997537654547503,False
GO_BP,PDOL,GO:0010498,proteasomal protein catabolic process,6,2.7862048096761804,0.9613334183537265,0.07872856633340863,2.266173817332613,0.04999500049995,0.7997537654547503,False
GO_BP,PDOL,GO:0010506,regulation of autophagy,21,-0.8134318871703359,-1.3688839031362972,-1.6056281547478448,0.673824141771735,0.28997100289971,0.7997537654547503,False
GO_BP,PDOL,GO:0010507,negative regulation of autophagy,11,-1.5365721306506201,-1.824164238172394,-2.010241275113083,0.3806306259921184,0.36566343365663434,0.7997537654547503,False
GO_BP,PDOL,GO:0010508,positive regulation of autophagy,9,-0.31810087088390365,-0.6726653413234243,-1.0893866184966765,0.5629251090261467,0.29687031296870314,0.7997537654547503,False
GO_BP,PDOL,GO:0010543,regulation of platelet activation,7,-1.032273947399814,-0.7741720131434641,-0.6713832144427146,-0.30949633360672457,0.575042495750425,0.7997537654547503,False
GO_BP,PDOL,GO:0010556,regulation of macromolecule biosynthetic process,141,0.27101185376601666,0.4175979030463051,0.2724000156505539,-0.07398710558241284,0.5151484851514848,0.7997537654547503,False
GO_BP,PDOL,GO:0010557,positive regulation of macromolecule biosynthetic process,99,-0.15233876843418356,0.2008310112723726,-1.002516363681535,0.2485039077703977,0.41185881411858816,0.7997537654547503,False
GO_BP,PDOL,GO:0010558,negative regulation of macromolecule biosynthetic process,77,1.4727643358649383,1.9830188920405996,1.2320287690313176,-0.13475949467102044,0.5405459454054594,0.7997537654547503,False
GO_BP,PDOL,GO:0010562,positive regulation of phosphorus metabolic process,14,-0.9188191488972272,-0.696136736709509,-1.0031250038084336,-0.06918827863825583,0.5075492450754925,0.7997537654547503,False
GO_BP,PDOL,GO:0010564,regulation of cell cycle process,27,-1.8283334845442951,-1.2352266817577073,-0.34891437398382436,-1.0362629566735293,0.8041195880411959,0.8570438788505572,False
GO_BP,PDOL,GO:0010565,regulation of ketone metabolic process,14,2.0789519673462165,2.8555049006314204,1.287108405995258,0.00764531403287716,0.47315268473152683,0.7997537654547503,False
GO_BP,PDOL,GO:0010574,regulation of vascular endothelial growth factor production,6,-1.168201227615612,-0.6194311980556136,-1.0454363582224373,-0.33576744947658654,0.5949405059494051,0.7997537654547503,False
GO_BP,PDOL,GO:0010575,positive regulation of vascular endothelial growth factor production,6,-1.168201227615612,-0.6194311980556136,-1.0454363582224373,-0.33576744947658654,0.5949405059494051,0.7997537654547503,False
GO_BP,PDOL,GO:0010594,regulation of endothelial cell migration,15,-1.6809213359181219,-1.8992549266822778,-1.496901467605204,0.01715686122561899,0.48425157484251574,0.7997537654547503,False
GO_BP,PDOL,GO:0010595,positive regulation of endothelial cell migration,13,-1.705443375006874,-1.895241213420541,-1.3759504755788452,-0.06984753050718084,0.5122487751224878,0.7997537654547503,False
GO_BP,PDOL,GO:0010604,positive regulation of macromolecule metabolic process,118,0.10547665983152177,0.0895965003576947,-0.7251818470150978,0.4232693331602233,0.3598640135986401,0.7997537654547503,False
GO_BP,PDOL,GO:0010605,negative regulation of macromolecule metabolic process,90,1.5509267883094011,1.8442048373753264,1.4211602732475506,-0.08175576700203746,0.5283471652834717,0.7997537654547503,False
GO_BP,PDOL,GO:0010608,post-transcriptional regulation of gene expression,12,-0.9889623236247694,-0.7473591397433598,-0.7139571799441691,-0.25830416378100496,0.5649435056494351,0.7997537654547503,False
GO_BP,PDOL,GO:0010611,regulation of cardiac muscle hypertrophy,7,0.1945588865730209,-0.015122450397476776,-0.4879724066193478,0.44610631508143317,0.32456754324567544,0.7997537654547503,False
GO_BP,PDOL,GO:0010628,positive regulation of gene expression,61,-0.32637664285799495,-0.14147492244933682,-1.0674645231306945,0.2780930799320207,0.39786021397860216,0.7997537654547503,False
GO_BP,PDOL,GO:0010629,negative regulation of gene expression,49,0.6911782795959039,1.5775189630604223,1.7586230802164884,-0.9768927420425514,0.7847215278472153,0.848232666350347,False
GO_BP,PDOL,GO:0010632,regulation of epithelial cell migration,7,-1.3455464950915734,-1.34844438339373,-1.1144212354015532,-0.11411368569393177,0.505949405059494,0.7997537654547503,False
GO_BP,PDOL,GO:0010634,positive regulation of epithelial cell migration,7,-1.3455464950915734,-1.34844438339373,-1.1144212354015532,-0.11411368569393177,0.505949405059494,0.7997537654547503,False
GO_BP,PDOL,GO:0010638,positive regulation of organelle organization,26,0.3019009710451234,-0.5545115664855848,-0.12513611462173896,0.6417248115987852,0.2802719728027197,0.7997537654547503,False
GO_BP,PDOL,GO:0010639,negative regulation of organelle organization,16,-0.7425100637186499,-0.7842038543060361,-0.5570849852286784,-0.07186564395129258,0.49995000499950004,0.7997537654547503,False
GO_BP,PDOL,GO:0010646,regulation of cell communication,183,-0.3586260202439541,-0.8887627864734865,-1.3043957451150692,0.7379532455503237,0.274972502749725,0.7997537654547503,False
GO_BP,PDOL,GO:0010647,positive regulation of cell communication,120,-1.1114216312298517,-1.4891302328254943,-1.8366730156554412,0.551479993010616,0.3220677932206779,0.7997537654547503,False
GO_BP,PDOL,GO:0010648,negative regulation of cell communication,80,-0.10577914246909505,-0.15607726312485298,-0.010704251717508379,-0.022388385047914364,0.49605039496050396,0.7997537654547503,False
GO_BP,PDOL,GO:0010656,negative regulation of muscle cell apoptotic process,9,-1.2152047448837613,-0.7953089343314427,-0.8917460213550649,-0.3716772670405075,0.6018398160183982,0.7997537654547503,False
GO_BP,PDOL,GO:0010660,regulation of muscle cell apoptotic process,12,-0.520490703713023,-0.27823275328257424,-0.0655807851764858,-0.34858393448349295,0.5965403459654035,0.7997537654547503,False
GO_BP,PDOL,GO:0010662,regulation of striated muscle cell apoptotic process,7,0.08347377817027885,0.38287817303527555,0.7198738491892605,-0.4679022329419891,0.6299370062993701,0.7997700096049865,False
GO_BP,PDOL,GO:0010664,negative regulation of striated muscle cell apoptotic process,5,-1.2560515307417197,-0.4983801079490611,-0.8119622069430875,-0.6008803732956454,0.6833316668333167,0.8049124664998288,False
GO_BP,PDOL,GO:0010665,regulation of cardiac muscle cell apoptotic process,6,0.09247936616427153,0.3484480103389932,0.46791944794420937,-0.31570436297732973,0.5836416358364164,0.7997537654547503,False
GO_BP,PDOL,GO:0010720,positive regulation of cell development,15,-0.30713884070415287,-0.9015185680233646,-0.4238055634025863,0.3555232250088226,0.3658634136586341,0.7997537654547503,False
GO_BP,PDOL,GO:0010721,negative regulation of cell development,7,0.17011031725631848,0.08414980385409973,0.177334271816171,0.039368279421183094,0.4306569343065693,0.7997537654547503,False
GO_BP,PDOL,GO:0010743,regulation of macrophage derived foam cell differentiation,6,0.16089252135210194,-0.5624495076603487,-1.1968497096508626,1.0405421300077076,0.19588041195880412,0.7997537654547503,False
GO_BP,PDOL,GO:0010803,regulation of tumor necrosis factor-mediated signaling pathway,7,-0.6722797406614118,0.5434531430207853,1.3712852011181818,-1.6296489127308953,0.9247075292470753,0.941403358032698,False
GO_BP,PDOL,GO:0010810,regulation of cell-substrate adhesion,17,-0.289716395923905,-0.8135146168881531,-0.21623424129810268,0.22515803316922284,0.39316068393160686,0.7997537654547503,False
GO_BP,PDOL,GO:0010811,positive regulation of cell-substrate adhesion,9,0.33167450653627745,-0.36699582032506006,-0.37153504271751797,0.7009399380575665,0.21727827217278273,0.7997537654547503,False
GO_BP,PDOL,GO:0010812,negative regulation of cell-substrate adhesion,5,-0.9042912509135197,-1.147870478781663,-0.3273905309188978,-0.16666074606323933,0.5294470552944706,0.7997537654547503,False
GO_BP,PDOL,GO:0010817,regulation of hormone levels,50,0.8199272730744738,1.2115645420309267,1.3554541883215776,-0.46358209210177836,0.6378362163783622,0.7997700096049865,False
GO_BP,PDOL,GO:0010821,regulation of mitochondrion organization,10,-0.0016903453179226901,-0.8042644033202223,-0.37015729354693516,0.5855205031156561,0.30556944305569445,0.7997537654547503,False
GO_BP,PDOL,GO:0010876,lipid localization,24,1.997573183048078,1.858435155534706,0.312244252607849,0.9122334789768005,0.21937806219378062,0.7997537654547503,False
GO_BP,PDOL,GO:0010883,regulation of lipid storage,5,0.2004350204154552,0.3770881324932348,0.5419488178098666,-0.2590834547360955,0.557944205579442,0.7997537654547503,False
GO_BP,PDOL,GO:0010906,regulation of glucose metabolic process,5,-0.24538366084442262,-0.18007974866886428,0.3013087758806603,-0.3059981744503206,0.5721427857214278,0.7997537654547503,False
GO_BP,PDOL,GO:0010948,negative regulation of cell cycle process,6,-1.2430067237201885,-0.6334893395371245,-0.5302514193605221,-0.6611363442713651,0.7071292870712929,0.8115166904104097,False
GO_BP,PDOL,GO:0010959,regulation of metal ion transport,23,-0.08244484641611562,-0.1732145547398393,-1.0758913237810364,0.5421080928443223,0.30646935306469353,0.7997537654547503,False
GO_BP,PDOL,GO:0010970,transport along microtubule,5,0.11902922033592644,0.10370732566830297,0.33841868442227807,-0.10203378470936408,0.5055494450554945,0.7997537654547503,False
GO_BP,PDOL,GO:0010975,regulation of neuron projection development,17,0.21344622964876536,-0.7652350317842098,-0.1646889470149753,0.6784082190483579,0.28117188281171884,0.7997537654547503,False
GO_BP,PDOL,GO:0010976,positive regulation of neuron projection development,5,-0.8307998651103503,-0.7813765326839608,-0.7397750159281912,-0.07022409080427439,0.47435256474352566,0.7997537654547503,False
GO_BP,PDOL,GO:0010977,negative regulation of neuron projection development,6,-0.1322621557351465,-0.48289520762634486,0.0762670364367112,0.07105192985967035,0.44155584441555845,0.7997537654547503,False
GO_BP,PDOL,GO:0012501,programmed cell death,38,-1.3898980636920442,-0.901204118727717,-0.40689454036606976,-0.7358487341451507,0.7267273272672733,0.8237064402060642,False
GO_BP,PDOL,GO:0014059,regulation of dopamine secretion,6,-0.6294240305582999,-1.2953143640693892,-1.5361086103229702,0.7862874566378799,0.20067993200679932,0.7997537654547503,False
GO_BP,PDOL,GO:0014061,regulation of norepinephrine secretion,5,-0.6590053106321857,-1.0791209374227178,-0.6709955176756248,0.21605291691698558,0.35506449355064496,0.7997537654547503,False
GO_BP,PDOL,GO:0014072,response to isoquinoline alkaloid,7,-0.6726040829121857,-1.2249341344474571,-1.277741547920764,0.5787337582719251,0.2685731426857314,0.7997537654547503,False
GO_BP,PDOL,GO:0014074,response to purine-containing compound,11,0.10822107052281382,-0.3552255455189965,0.33915555249674406,0.11625606703394004,0.4032596740325967,0.7997537654547503,False
GO_BP,PDOL,GO:0014075,response to amine,8,0.1693016039163725,-0.9164331688977276,-1.280962495493943,1.2679994361122078,0.14378562143785623,0.7997537654547503,False
GO_BP,PDOL,GO:0014743,regulation of muscle hypertrophy,7,0.1945588865730209,-0.015122450397476776,-0.4879724066193478,0.44610631508143317,0.32456754324567544,0.7997537654547503,False
GO_BP,PDOL,GO:0014910,regulation of smooth muscle cell migration,6,0.2088021093819625,0.11178873697117798,1.0927603524257414,-0.3934724353164972,0.609039096090391,0.7997537654547503,False
GO_BP,PDOL,GO:0015031,protein transport,10,-1.1850358641707255,-1.0565748857007287,-1.598643992741496,0.1425735750503867,0.42255774422557746,0.7997537654547503,False
GO_BP,PDOL,GO:0015698,inorganic anion transport,7,2.111744291913126,1.9930607070989572,0.3728335148203875,0.9287971809534536,0.18298170182981702,0.7997537654547503,False
GO_BP,PDOL,GO:0015718,monocarboxylic acid transport,20,1.9863331340235142,1.7278071131018387,0.13873757228382003,1.0530607913306849,0.1892810718928107,0.7997537654547503,False
GO_BP,PDOL,GO:0015721,bile acid and bile salt transport,6,2.2319760751776507,2.038899097602412,1.1348123609022276,0.645120345925331,0.2863713628637136,0.7997537654547503,False
GO_BP,PDOL,GO:0015849,organic acid transport,26,1.1983479061222793,1.112993052790647,-0.15735123028123052,0.720526994867571,0.2625737426257374,0.7997537654547503,False
GO_BP,PDOL,GO:0015850,organic hydroxy compound transport,15,1.2486784961148003,1.5194603956704031,0.29573047275006603,0.3410830619045657,0.37196280371962803,0.7997537654547503,False
GO_BP,PDOL,GO:0015908,fatty acid transport,14,1.14832717259463,0.6972196358661206,-0.6335200680697498,1.1164773886964445,0.17498250174982502,0.7997537654547503,False
GO_BP,PDOL,GO:0015909,long-chain fatty acid transport,9,0.42936077395787525,-0.10411618076047563,-1.3755201535686972,1.1691789411224616,0.16828317168283172,0.7997537654547503,False
GO_BP,PDOL,GO:0015931,nucleobase-containing compound transport,5,-0.41181946514084167,-1.0035969138961807,-0.6351820622927866,0.407570022953642,0.30546945305469453,0.7997537654547503,False
GO_BP,PDOL,GO:0015980,energy derivation by oxidation of organic compounds,7,1.0365266689790014,0.6595861114547377,0.47930033394061256,0.46708344628132625,0.32956704329567044,0.7997537654547503,False
GO_BP,PDOL,GO:0016032,viral process,12,-0.2624524286810415,-1.0737684733947908,-1.6602036236065256,1.1045336198196167,0.15108489151084892,0.7997537654547503,False
GO_BP,PDOL,GO:0016042,lipid catabolic process,21,0.5376832813733807,0.3624276816144135,0.7005460879896437,0.00619639657135207,0.46705329467053297,0.7997537654547503,False
GO_BP,PDOL,GO:0016043,cellular component organization,119,-0.18858450730030854,-0.23879225638500723,-0.27121526515491723,0.06641925346965369,0.4707529247075293,0.7997537654547503,False
GO_BP,PDOL,GO:0016052,carbohydrate catabolic process,6,0.8192177313912267,0.4805971955140992,-0.26295338452872197,0.7103958258985381,0.25907409259074093,0.7997537654547503,False
GO_BP,PDOL,GO:0016070,RNA metabolic process,23,1.0179434441952546,1.2910955380929308,0.5801378059612832,0.08232677216814765,0.4644535546445355,0.7997537654547503,False
GO_BP,PDOL,GO:0016071,mRNA metabolic process,8,1.8759933030089322,0.8368043834799949,-0.017023708338315416,1.4661029654380924,0.12108789121087891,0.7997537654547503,False
GO_BP,PDOL,GO:0016098,monoterpenoid metabolic process,6,0.6632153684308797,0.20334317623379064,0.6758656264285109,0.22361096709972894,0.3748625137486251,0.7997537654547503,False
GO_BP,PDOL,GO:0016101,diterpenoid metabolic process,16,1.4567980940744343,1.695283218654465,2.030625619340506,-0.4061563249230513,0.6057394260573943,0.7997537654547503,False
GO_BP,PDOL,GO:0016125,sterol metabolic process,15,2.7453021234484747,2.4632103415949214,2.142044059722313,0.44267492278985765,0.32266773322667736,0.7997537654547503,False
GO_BP,PDOL,GO:0016137,glycoside metabolic process,7,-0.6086604380268353,0.026925782532251093,1.3494940764067838,-1.2968703674963526,0.8934106589341065,0.9165194835185485,False
GO_BP,PDOL,GO:0016192,vesicle-mediated transport,19,-0.0709740498919042,-0.5018934050000552,-1.2788830782253853,0.819414191720816,0.2283771622837716,0.7997537654547503,False
GO_BP,PDOL,GO:0016236,macroautophagy,5,-0.08976420973495507,-0.6776988556783503,-0.9890972755889854,0.7436338558987129,0.23727627237276272,0.7997537654547503,False
GO_BP,PDOL,GO:0016239,positive regulation of macroautophagy,5,-0.9527798016095325,-0.5867982842645926,-1.0190795274383235,-0.14984089575807447,0.5081491850814919,0.7997537654547503,False
GO_BP,PDOL,GO:0016241,regulation of macroautophagy,9,-1.2269092966938853,-1.3093749540201385,-1.1256120050983998,-0.009415817134616145,0.46855314468553144,0.7997537654547503,False
GO_BP,PDOL,GO:0016310,phosphorylation,43,-1.836918957914646,-2.152207589366016,-0.8567044813695397,-0.33246292254686827,0.5938406159384062,0.7997537654547503,False
GO_BP,PDOL,GO:0016311,dephosphorylation,9,0.40630889036505974,1.6163850512540756,3.871108438003641,-2.337437854263799,0.9809019098090191,0.983423508548888,False
GO_BP,PDOL,GO:0016477,cell migration,42,-1.5092075199875585,-1.4794534007793751,-1.9996253868208054,0.23033187381253173,0.41125887411258877,0.7997537654547503,False
GO_BP,PDOL,GO:0016485,protein processing,10,-0.21768764410205058,-0.37217259827271254,-0.6264114529844526,0.281604381526532,0.32886711328867113,0.7997537654547503,False
GO_BP,PDOL,GO:0016525,negative regulation of angiogenesis,7,-0.08025740638288718,0.419947617639776,0.9296291611723347,-0.7550457957889425,0.7708229177082292,0.8413560881152622,False
GO_BP,PDOL,GO:0016567,protein ubiquitination,10,2.5276122473468283,1.676587069041676,0.024105699711524108,1.6772658629702284,0.0913908609139086,0.7997537654547503,False
GO_BP,PDOL,GO:0017015,regulation of transforming growth factor beta receptor signaling pathway,8,-0.23673327345465744,-0.8543018627444562,-1.6039932498680622,0.9924142828516018,0.20387961203879612,0.7997537654547503,False
GO_BP,PDOL,GO:0017157,regulation of exocytosis,5,-0.8360886705210432,-0.5849004375050588,-0.6927141315716566,-0.19728138598268552,0.5317468253174683,0.7997537654547503,False
GO_BP,PDOL,GO:0018105,peptidyl-serine phosphorylation,7,-0.19543281585307926,-1.0218095591874183,-1.2068378721208812,0.9188908998010706,0.21847815218478153,0.7997537654547503,False
GO_BP,PDOL,GO:0018108,peptidyl-tyrosine phosphorylation,14,-1.6362933271833222,-1.1539106501136716,0.0036244636290150094,-1.061150233940994,0.8002199780021998,0.8552248223453517,False
GO_BP,PDOL,GO:0018205,peptidyl-lysine modification,9,1.9133850846382734,2.808809069070785,3.1403631892181494,-1.0612010445061937,0.8351164883511649,0.8748599295362475,False
GO_BP,PDOL,GO:0018958,phenol-containing compound metabolic process,12,0.036924886256040464,-0.523658350941271,-0.9727887104037988,0.7851484169285754,0.19608039196080393,0.7997537654547503,False
GO_BP,PDOL,GO:0019058,viral life cycle,9,-0.6207618443670422,-1.0441818937426672,-1.6513698424071777,0.7270140237078804,0.20837916208379162,0.7997537654547503,False
GO_BP,PDOL,GO:0019098,reproductive behavior,6,0.20271763974021015,0.7553320366834015,-0.25813596754065826,-0.04588039483116149,0.47525247475252475,0.7997537654547503,False
GO_BP,PDOL,GO:0019216,regulation of lipid metabolic process,30,1.5081997423417017,1.7331116185788626,0.5094567141180105,0.3869155759932652,0.35156484351564843,0.7997537654547503,False
GO_BP,PDOL,GO:0019217,regulation of fatty acid metabolic process,11,2.150314266557978,2.731299902762503,0.7563881077458138,0.4064702613038198,0.3431656834316568,0.7997537654547503,False
GO_BP,PDOL,GO:0019218,regulation of steroid metabolic process,9,2.1292010135831685,2.4987614879184727,2.3333813826362775,-0.2868704216942066,0.5678432156784322,0.7997537654547503,False
GO_BP,PDOL,GO:0019219,regulation of nucleobase-containing compound metabolic process,97,1.5198261708404572,0.9149649849711842,-0.3397557814109274,1.2322215690603289,0.1588841115888411,0.7997537654547503,False
GO_BP,PDOL,GO:0019221,cytokine-mediated signaling pathway,21,-0.9348886569415013,-0.20431102192366413,-0.3915166734407487,-0.6369748092592948,0.6957304269573042,0.8078606676667982,False
GO_BP,PDOL,GO:0019222,regulation of metabolic process,184,1.4739615841496028,1.4765656449159372,0.7136124197038265,0.3788725518397209,0.37676232376762325,0.7997537654547503,False
GO_BP,PDOL,GO:0019229,regulation of vasoconstriction,18,-1.2519422960364233,-1.6931513491498373,-1.4461079797334597,0.31768736840522527,0.37136286371362864,0.7997537654547503,False
GO_BP,PDOL,GO:0019233,sensory perception of pain,8,0.5158231071519251,-0.24666092014808408,-0.6770136957603241,0.9776604151061292,0.12038796120387961,0.7997537654547503,False
GO_BP,PDOL,GO:0019318,hexose metabolic process,6,0.6758059921352295,0.7565351348773844,1.124729564405751,-0.2648263575063381,0.587041295870413,0.7997537654547503,False
GO_BP,PDOL,GO:0019369,arachidonate metabolic process,20,-0.9352019267217663,-0.8490789935952716,-0.24352393155165958,-0.3889004641483007,0.6026397360263973,0.7997537654547503,False
GO_BP,PDOL,GO:0019373,epoxygenase P450 pathway,11,-0.9834504739937167,-0.9673904575933155,-0.6113331415219522,-0.1940886744360828,0.5394460553944606,0.7997537654547503,False
GO_BP,PDOL,GO:0019433,triglyceride catabolic process,5,0.9277449740451207,1.2728609152971722,0.5002795678475088,0.04117473247278025,0.46665333466653336,0.7997537654547503,False
GO_BP,PDOL,GO:0019538,protein metabolic process,102,-1.079981069235849,-0.9535188801174596,0.8351843507589967,-1.0208138045566175,0.7948205179482052,0.8513984948495309,False
GO_BP,PDOL,GO:0019637,organophosphate metabolic process,25,0.11991092932645805,-0.3061613848653904,-0.45780761254304697,0.5018954280306768,0.2999700029997,0.7997537654547503,False
GO_BP,PDOL,GO:0019693,ribose phosphate metabolic process,12,-0.3983120126834892,-0.26061982906042297,-0.24812085598561345,-0.143941670160471,0.5317468253174683,0.7997537654547503,False
GO_BP,PDOL,GO:0019722,calcium-mediated signaling,12,1.4609271722647452,0.28643260163330786,-1.1694791012822034,1.902450422089193,0.068993100689931,0.7997537654547503,False
GO_BP,PDOL,GO:0019725,cellular homeostasis,33,0.3476233213750734,1.5730084146232022,2.3049444285285965,-1.5913531002008259,0.9091090890910909,0.9283571315857296,False
GO_BP,PDOL,GO:0019748,secondary metabolic process,15,-0.49976170724879676,-0.40152750807004084,0.8626542172194689,-0.7303250618235108,0.7128287171282872,0.8139805682764243,False
GO_BP,PDOL,GO:0019752,carboxylic acid metabolic process,52,0.9082585245914673,1.2809828441637139,1.2937228123201288,-0.37909430365045405,0.6077392260773923,0.7997537654547503,False
GO_BP,PDOL,GO:0019941,modification-dependent protein catabolic process,5,2.8192070911232805,1.0199302886014145,0.047619893082024405,2.285432000281561,0.048795120487951205,0.7997537654547503,False
GO_BP,PDOL,GO:0019953,sexual reproduction,7,0.6401814924788304,0.5670334771804164,-0.030878889876023424,0.37210419882663387,0.3651634836516348,0.7997537654547503,False
GO_BP,PDOL,GO:0021537,telencephalon development,8,0.26931626810313525,-0.10121846274698752,-1.1543149560107389,0.8970829774819984,0.1775822417758224,0.7997537654547503,False
GO_BP,PDOL,GO:0021543,pallium development,5,-0.08385866000530467,-0.44268260971777795,-0.9529362904058403,0.6139507900565044,0.22157784221577842,0.7997537654547503,False
GO_BP,PDOL,GO:0021700,developmental maturation,6,0.26563292481691436,-0.07458474330193893,-0.7612639777229743,0.683557285329371,0.27377262273772623,0.7997537654547503,False
GO_BP,PDOL,GO:0021782,glial cell development,10,0.1245407624544974,-0.2886082813467008,0.4475553678218274,0.04506721921693409,0.45285471452854714,0.7997537654547503,False
GO_BP,PDOL,GO:0021953,central nervous system neuron differentiation,7,2.0710448050190364,1.9358632039904133,1.3959273109347166,0.4051495475564715,0.33796620337966204,0.7997537654547503,False
GO_BP,PDOL,GO:0021954,central nervous system neuron development,5,1.982653537507618,2.022124565126625,1.4528407628418976,0.24517087352335665,0.38566143385661433,0.7997537654547503,False
GO_BP,PDOL,GO:0022008,neurogenesis,37,-0.4585642007161952,-0.8372229785961445,-0.5318730318261607,0.22598380449495736,0.413958604139586,0.7997537654547503,False
GO_BP,PDOL,GO:0022402,cell cycle process,25,-0.6780198669907043,-0.31323208327454466,0.16442093279641892,-0.6036142917516414,0.6784321567843216,0.8036098440269869,False
GO_BP,PDOL,GO:0022407,regulation of cell-cell adhesion,26,-1.328155047589282,-0.7935700530640655,-0.06505235055776516,-0.8988438457783667,0.7698230176982301,0.8413560881152622,False
GO_BP,PDOL,GO:0022408,negative regulation of cell-cell adhesion,13,-0.6587138982046573,-0.5641561590840551,0.43370885734113845,-0.593490247333199,0.6755324467553244,0.8033058431305515,False
GO_BP,PDOL,GO:0022409,positive regulation of cell-cell adhesion,16,-1.0864400542487347,-0.5582901991351846,0.03419302856462319,-0.8243914689634539,0.7604239576042395,0.8377552075300945,False
GO_BP,PDOL,GO:0022411,cellular component disassembly,18,-1.5551878767234855,-1.480416708679418,-1.3145071133712116,-0.15772596569817066,0.5266473352664733,0.7997537654547503,False
GO_BP,PDOL,GO:0022414,reproductive process,35,-0.526225958853036,0.07742765043810641,0.03453457419177657,-0.5822070711679775,0.685031496850315,0.8051565046655605,False
GO_BP,PDOL,GO:0022600,digestive system process,10,0.008065495755950674,1.3612968458166945,0.7782802941692718,-1.0617230742370325,0.8293170682931706,0.8719846954868655,False
GO_BP,PDOL,GO:0022603,regulation of anatomical structure morphogenesis,36,0.40455426581607284,0.23324125728141967,0.7436161121840085,-0.08387441891664121,0.5106489351064893,0.7997537654547503,False
GO_BP,PDOL,GO:0022604,regulation of cell morphogenesis,8,-1.1534858267818602,-1.1927935228490907,-0.7407221499399329,-0.18672799038734844,0.5152484751524847,0.7997537654547503,False
GO_BP,PDOL,GO:0022607,cellular component assembly,47,1.6006436143914256,1.5286224223735723,0.36264052107584066,0.655012142666719,0.29027097290270976,0.7997537654547503,False
GO_BP,PDOL,GO:0022617,extracellular matrix disassembly,8,-1.491630696393236,-1.529751230216014,-1.7264476335986199,0.13646873551408079,0.415958404159584,0.7997537654547503,False
GO_BP,PDOL,GO:0023051,regulation of signaling,182,-0.35012700596137125,-0.860262823652368,-1.272672213515596,0.7163405126226106,0.2812718728127187,0.7997537654547503,False
GO_BP,PDOL,GO:0023056,positive regulation of signaling,119,-1.1066696237109765,-1.4864843452871295,-1.830508142462127,0.5518266201636517,0.3217678232176782,0.7997537654547503,False
GO_BP,PDOL,GO:0023057,negative regulation of signaling,79,-0.09720238983126833,-0.11962298032762905,0.027824067568704775,-0.05130293345180619,0.5088491150884912,0.7997537654547503,False
GO_BP,PDOL,GO:0030001,metal ion transport,25,0.23351552071633724,-0.26763925167715735,-0.7544277253452791,0.7445490092275555,0.25877412258774124,0.7997537654547503,False
GO_BP,PDOL,GO:0030003,intracellular monoatomic cation homeostasis,19,0.24567261853661046,0.22541371224150275,0.9407686596624557,-0.3374185674153687,0.5957404259574043,0.7997537654547503,False
GO_BP,PDOL,GO:0030029,actin filament-based process,13,-0.11094914667397607,-0.4153524689438343,0.3781180182389088,-0.0923319213215133,0.501949805019498,0.7997537654547503,False
GO_BP,PDOL,GO:0030030,cell projection organization,25,0.024769018493755773,-0.4960913114680896,0.010646489210505032,0.26749142962254807,0.39966003399660033,0.7997537654547503,False
GO_BP,PDOL,GO:0030031,cell projection assembly,5,-0.5124638807272129,-1.222467884007395,-0.9866976688420478,0.5921188956975084,0.2101789821017898,0.7997537654547503,False
GO_BP,PDOL,GO:0030036,actin cytoskeleton organization,9,-0.3694585299099004,-0.632490083689497,0.6920307863047558,-0.3992288812175298,0.6058394160583942,0.7997537654547503,False
GO_BP,PDOL,GO:0030048,actin filament-based movement,5,0.33430961375486107,0.2703123108209898,-0.15314333978045866,0.2757251282345955,0.3243675632436756,0.7997537654547503,False
GO_BP,PDOL,GO:0030097,hemopoiesis,23,-0.4415542862359693,-0.5386326752117994,-1.016914786748756,0.33621944474430837,0.37496250374962503,0.7997537654547503,False
GO_BP,PDOL,GO:0030098,lymphocyte differentiation,9,0.2685056459459718,0.3221832070438294,-0.1637345976933467,0.18928134127073046,0.41745825417458254,0.7997537654547503,False
GO_BP,PDOL,GO:0030099,myeloid cell differentiation,13,-0.4042219394737842,-0.2386920888067164,-0.21460480303115634,-0.17757349355484783,0.5452454754524547,0.7997537654547503,False
GO_BP,PDOL,GO:0030100,regulation of endocytosis,15,-0.21439572867989107,-0.44886986502060877,-0.37596873626271043,0.19802357196176854,0.402959704029597,0.7997537654547503,False
GO_BP,PDOL,GO:0030111,regulation of Wnt signaling pathway,14,-0.4859714458473797,-0.6062626456886645,-0.8665218226970954,0.2504207883455002,0.41305869413058693,0.7997537654547503,False
GO_BP,PDOL,GO:0030154,cell differentiation,89,-1.1169190679761705,-0.7908472880986387,-0.5299158256271185,-0.4565375111132919,0.6461353864613538,0.8020133445239224,False
GO_BP,PDOL,GO:0030155,regulation of cell adhesion,44,-0.6346040613462078,-0.8437667142243389,-0.25991826225333176,-0.08276157310737253,0.5150484951504849,0.7997537654547503,False
GO_BP,PDOL,GO:0030162,regulation of proteolysis,10,-0.12465305049343889,-0.7722815486279104,-0.21408951152767938,0.36853247958435603,0.3731626837316268,0.7997537654547503,False
GO_BP,PDOL,GO:0030163,protein catabolic process,16,0.8572836608466585,-0.5851791304664281,-0.5148053543109641,1.4072759032353546,0.11028897110288971,0.7997537654547503,False
GO_BP,PDOL,GO:0030168,platelet activation,12,-1.303129609935367,-1.35315650804928,-1.0568308410847218,-0.09813593536836618,0.5034496550344966,0.7997537654547503,False
GO_BP,PDOL,GO:0030177,positive regulation of Wnt signaling pathway,11,-0.5743169013012761,-0.3991786916875307,-0.6791429638711808,-0.035156073521920406,0.48855114488551143,0.7997537654547503,False
GO_BP,PDOL,GO:0030182,neuron differentiation,27,0.0529114272992537,-0.5433133896005194,-0.48307812345246653,0.5661071838257467,0.3117688231176882,0.7997537654547503,False
GO_BP,PDOL,GO:0030193,regulation of blood coagulation,5,-0.7105327996671433,-0.8611394734171998,-0.8060634629615285,0.12306866852222087,0.42855714428557146,0.7997537654547503,False
GO_BP,PDOL,GO:0030198,extracellular matrix organization,11,-1.6604020788842317,-1.5702384029052825,-1.6719378714928996,-0.039313941685140685,0.48225177482251774,0.7997537654547503,False
GO_BP,PDOL,GO:0030217,T cell differentiation,6,0.955216169448381,1.068393829734669,0.3843064568390267,0.22886602616153318,0.39066093390660933,0.7997537654547503,False
GO_BP,PDOL,GO:0030225,macrophage differentiation,5,-0.4570104519826752,-0.13344436252258554,-0.06760243428885063,-0.3564870535769571,0.5854414558544145,0.7997537654547503,False
GO_BP,PDOL,GO:0030258,lipid modification,10,0.64476447577417,0.007554752198132798,-0.3021218850921011,0.7920480422211541,0.22497750224977503,0.7997537654547503,False
GO_BP,PDOL,GO:0030278,regulation of ossification,7,0.3970236903761514,0.4104231917270899,0.6669190119030122,-0.1416474114388997,0.5084491550844915,0.7997537654547503,False
GO_BP,PDOL,GO:0030307,positive regulation of cell growth,9,-0.36604393414920344,-0.822602451386192,-0.18778325322453793,0.1391489181561616,0.43955604439556045,0.7997537654547503,False
GO_BP,PDOL,GO:0030308,negative regulation of cell growth,6,-0.10325117741711573,0.21136044576277763,-0.3087515861749021,-0.054555607211053486,0.48685131486851313,0.7997537654547503,False
GO_BP,PDOL,GO:0030334,regulation of cell migration,57,-1.4522787928483987,-2.127873313885022,-2.1469011704412417,0.685108449314733,0.282971702829717,0.7997537654547503,False
GO_BP,PDOL,GO:0030335,positive regulation of cell migration,42,-1.6399822390423289,-2.3109730156944783,-2.108138761805439,0.56957364970763,0.32216778322167783,0.7997537654547503,False
GO_BP,PDOL,GO:0030336,negative regulation of cell migration,15,-0.3185081447292372,-0.8460273998667245,-0.7656549358940034,0.48733302315112664,0.3163683631636836,0.7997537654547503,False
GO_BP,PDOL,GO:0030500,regulation of bone mineralization,5,0.7210583390187775,0.1418009407961702,-0.3111192348126414,0.8057174860270131,0.14108589141085892,0.7997537654547503,False
GO_BP,PDOL,GO:0030512,negative regulation of transforming growth factor beta receptor signaling pathway,6,-0.18678952357995163,-0.5559886355489972,-1.1353705830593743,0.6588900857242342,0.2803719628037196,0.7997537654547503,False
GO_BP,PDOL,GO:0030518,nuclear receptor-mediated steroid hormone signaling pathway,15,0.8511502126305588,0.4553139460438798,-0.8750847462813394,1.0610356127492886,0.1937806219378062,0.7997537654547503,False
GO_BP,PDOL,GO:0030522,intracellular receptor signaling pathway,27,1.2684775207728913,1.607580068696325,0.029749944043307597,0.449812514403075,0.35176482351764826,0.7997537654547503,False
GO_BP,PDOL,GO:0030534,adult behavior,13,-0.18343027258565187,-0.06417960404780952,-1.0359200324285436,0.3666195456525247,0.3638636136386361,0.7997537654547503,False
GO_BP,PDOL,GO:0030574,collagen catabolic process,9,-1.3879614661486739,-1.566965911290657,-1.8050285810192694,0.2980357800062894,0.3611638836116388,0.7997537654547503,False
GO_BP,PDOL,GO:0030593,neutrophil chemotaxis,7,0.06780303241096021,0.221994894585582,-1.066466595985368,0.49003888311085325,0.32656734326567344,0.7997537654547503,False
GO_BP,PDOL,GO:0030595,leukocyte chemotaxis,10,-0.1862794477231208,-0.22800056165229607,-1.1312188696302516,0.49333026791815304,0.3027697230276972,0.7997537654547503,False
GO_BP,PDOL,GO:0030638,polyketide metabolic process,5,-0.6636776875503992,-0.05094058655233199,1.1348678565049282,-1.2056413225266973,0.8797120287971203,0.9053474599769574,False
GO_BP,PDOL,GO:0030705,cytoskeleton-dependent intracellular transport,5,0.11902922033592644,0.10370732566830297,0.33841868442227807,-0.10203378470936408,0.5055494450554945,0.7997537654547503,False
GO_BP,PDOL,GO:0030808,regulation of nucleotide biosynthetic process,5,0.5751747058184892,-0.1343246171495953,-1.0408909629179177,1.1627824958522457,0.16148385161483853,0.7997537654547503,False
GO_BP,PDOL,GO:0030811,regulation of nucleotide catabolic process,6,-1.1124427440144111,-0.9962418989186147,-1.0406433312090044,-0.09400012895060161,0.5097490250974902,0.7997537654547503,False
GO_BP,PDOL,GO:0030832,regulation of actin filament length,6,0.8242126127168387,0.28884508635081946,0.756485795203996,0.3015471719394309,0.25407459254074594,0.7997537654547503,False
GO_BP,PDOL,GO:0030833,regulation of actin filament polymerization,5,0.9888312582137488,0.33628505206138015,0.6270175472420726,0.5071799585620225,0.1782821717828217,0.7997537654547503,False
GO_BP,PDOL,GO:0030855,epithelial cell differentiation,19,-1.9502108611623916,-1.8831169896004492,-1.9443122396654502,-0.036496246529442056,0.48985101489851013,0.7997537654547503,False
GO_BP,PDOL,GO:0030879,mammary gland development,6,-0.7476632128125351,-1.2100982166463277,-1.189895857492804,0.4523338242570307,0.34356564343565643,0.7997537654547503,False
GO_BP,PDOL,GO:0030900,forebrain development,8,0.26931626810313525,-0.10121846274698752,-1.1543149560107389,0.8970829774819984,0.1775822417758224,0.7997537654547503,False
GO_BP,PDOL,GO:0030901,midbrain development,5,-0.6217659989559129,-1.3276783293257772,-1.2977215751812101,0.6909339532975808,0.23407659234076592,0.7997537654547503,False
GO_BP,PDOL,GO:0031099,regeneration,9,-0.9204025542601393,-0.6087107778040882,0.5290175003572185,-0.8805559155367044,0.764023597640236,0.8398765664640392,False
GO_BP,PDOL,GO:0031100,animal organ regeneration,6,-0.7518104161805195,-0.4310451208715744,0.7129859057723076,-0.892780808630886,0.7743225677432257,0.842728924133609,False
GO_BP,PDOL,GO:0031110,regulation of microtubule polymerization or depolymerization,6,0.6962783613461225,0.4755851762892099,1.2675750038807407,-0.17530172873885275,0.5177482251774822,0.7997537654547503,False
GO_BP,PDOL,GO:0031175,neuron projection development,17,0.43986119811942775,0.05437780621142628,0.45545346575569423,0.1849455621358675,0.4243575642435756,0.7997537654547503,False
GO_BP,PDOL,GO:0031281,positive regulation of cyclase activity,8,-0.6605637868269474,-1.532287404653679,-1.1281065995213535,0.6696332152605688,0.2773722627737226,0.7997537654547503,False
GO_BP,PDOL,GO:0031294,lymphocyte costimulation,8,-0.8607356773398835,-0.2681044956646201,1.0141753030657248,-1.2337710810404359,0.8742125787421258,0.9017665568686685,False
GO_BP,PDOL,GO:0031295,T cell costimulation,8,-0.8607356773398835,-0.2681044956646201,1.0141753030657248,-1.2337710810404359,0.8742125787421258,0.9017665568686685,False
GO_BP,PDOL,GO:0031333,negative regulation of protein-containing complex assembly,9,-0.7108971380121177,-1.397520987498028,-0.982231654987967,0.47897918323087973,0.3260673932606739,0.7997537654547503,False
GO_BP,PDOL,GO:0031334,positive regulation of protein-containing complex assembly,14,0.2591189688263392,-0.4160888846644597,-0.3136486270086059,0.623987724662872,0.270972902709729,0.7997537654547503,False
GO_BP,PDOL,GO:0031344,regulation of cell projection organization,25,-0.5107995643431382,-1.256871491728496,-0.29332084194347824,0.2642966024928489,0.4036596340365963,0.7997537654547503,False
GO_BP,PDOL,GO:0031345,negative regulation of cell projection organization,10,-0.6230793878795362,-0.9756023894174273,-0.36203629147564764,0.04573995256700125,0.46395360463953605,0.7997537654547503,False
GO_BP,PDOL,GO:0031346,positive regulation of cell projection organization,13,0.013009876476289808,-0.6383487852706997,-0.06090992245071793,0.36263923033699863,0.3638636136386361,0.7997537654547503,False
GO_BP,PDOL,GO:0031347,regulation of defense response,58,-0.8473820430458916,-0.29345045957395227,0.5370682147823667,-0.9691909206500988,0.7844215578442156,0.848232666350347,False
GO_BP,PDOL,GO:0031348,negative regulation of defense response,22,-0.49664309527343503,0.04739259396619989,0.20877819884501228,-0.6247284916790411,0.6933306669333067,0.8066234370351785,False
GO_BP,PDOL,GO:0031349,positive regulation of defense response,27,-1.851703181720089,-1.4163053055962118,-1.0287647059133052,-0.6291681759653305,0.6857314268573143,0.8051565046655605,False
GO_BP,PDOL,GO:0031396,regulation of protein ubiquitination,11,1.4686377944195068,-0.7860017800183663,-1.4353238148969325,2.579300591877156,0.025897410258974102,0.7997537654547503,False
GO_BP,PDOL,GO:0031398,positive regulation of protein ubiquitination,5,2.4004805406745606,0.3481495253847019,-0.7380973667214226,2.595454461342921,0.025397460253974602,0.7997537654547503,False
GO_BP,PDOL,GO:0031399,regulation of protein modification process,36,-0.09651810024071766,-1.1337963160289688,-0.16981729855952743,0.5552887070535304,0.3213678632136786,0.7997537654547503,False
GO_BP,PDOL,GO:0031400,negative regulation of protein modification process,8,0.13616134737522462,0.47194516329190017,1.2194913978284068,-0.709556933184929,0.7131286871312869,0.8140103062864444,False
GO_BP,PDOL,GO:0031401,positive regulation of protein modification process,25,-0.09073074967427688,-1.5719722623438923,-0.8721102562002706,1.1313105095978047,0.1790820917908209,0.7997537654547503,False
GO_BP,PDOL,GO:0031507,heterochromatin formation,8,0.8660019698277863,1.817526699062886,1.5916028779470521,-0.8385628186771827,0.7562243775622438,0.8356859709542623,False
GO_BP,PDOL,GO:0031623,receptor internalization,6,0.6130960638217038,0.38465865760331636,-1.171666216631287,1.006599843335689,0.20417958204179582,0.7997537654547503,False
GO_BP,PDOL,GO:0031644,regulation of nervous system process,14,-0.4854471607214664,-0.1329300195419149,-0.16344407752293952,-0.3372601121890392,0.5847415258474152,0.7997537654547503,False
GO_BP,PDOL,GO:0031647,regulation of protein stability,15,-1.5290537317867117,-1.815112480099531,-1.6170647797121516,0.18703489811912966,0.42695730426957307,0.7997537654547503,False
GO_BP,PDOL,GO:0031663,lipopolysaccharide-mediated signaling pathway,5,1.1080211905194939,-0.06525971365692113,-0.2004538432760161,1.2408779689859624,0.15148485151484853,0.7997537654547503,False
GO_BP,PDOL,GO:0031664,regulation of lipopolysaccharide-mediated signaling pathway,5,1.323613686577641,3.1304073582726497,3.4741342458401507,-1.978657115478759,0.9687031296870313,0.9728606538487782,False
GO_BP,PDOL,GO:0031667,response to nutrient levels,27,-0.20492296955492337,-0.15108383014007712,0.8195333537611501,-0.5391477313654599,0.6687331266873313,0.8033058431305515,False
GO_BP,PDOL,GO:0031669,cellular response to nutrient levels,10,0.6865527238043614,0.7091621632335271,1.5881503334040343,-0.4621035245144194,0.6321367863213678,0.7997700096049865,False
GO_BP,PDOL,GO:0031960,response to corticosteroid,15,2.100245085121916,2.3392262046272,0.8511593774043614,0.5050522941061351,0.30586941305869414,0.7997537654547503,False
GO_BP,PDOL,GO:0032006,regulation of TOR signaling,13,0.2468944764268291,-0.8066494708343154,-1.2833905422415224,1.291914482964748,0.14678532146785322,0.7997537654547503,False
GO_BP,PDOL,GO:0032008,positive regulation of TOR signaling,11,-1.307134702361265,-1.4549503993130266,-1.5752329367708091,0.2079569656806528,0.41245875412458755,0.7997537654547503,False
GO_BP,PDOL,GO:0032024,positive regulation of insulin secretion,6,0.019890539388694038,0.21519343488006878,0.6142272765198138,-0.39481981631124724,0.6014398560143985,0.7997537654547503,False
GO_BP,PDOL,GO:0032101,regulation of response to external stimulus,75,-1.111255839692302,-0.921772030040199,-0.2557187347803106,-0.5225104572820471,0.655034496550345,0.8020133445239224,False
GO_BP,PDOL,GO:0032102,negative regulation of response to external stimulus,31,-1.1742723561099682,-0.72739870333909,-0.31952854570159583,-0.6508087315896253,0.6941305869413059,0.8066356432115538,False
GO_BP,PDOL,GO:0032103,positive regulation of response to external stimulus,38,-1.2515661832299407,-0.9847554769874969,-0.8892816767743255,-0.31454760634902956,0.5915408459154085,0.7997537654547503,False
GO_BP,PDOL,GO:0032200,telomere organization,7,-0.4183721304132289,-0.18359812686037552,-0.5114181471973887,-0.07086399338434685,0.47905209479052097,0.7997537654547503,False
GO_BP,PDOL,GO:0032204,regulation of telomere maintenance,11,-1.134727818136908,-0.863911623717795,-0.5360604784509546,-0.4347417670525333,0.6133386661333866,0.7997537654547503,False
GO_BP,PDOL,GO:0032206,positive regulation of telomere maintenance,8,-0.6002487104972812,-0.5281165339561285,-0.11327793372253837,-0.27955147665794783,0.5542445755424458,0.7997537654547503,False
GO_BP,PDOL,GO:0032271,regulation of protein polymerization,9,1.3690338314507928,0.5704239726158697,1.701974374186327,0.2328346580496945,0.34166583341665835,0.7997537654547503,False
GO_BP,PDOL,GO:0032273,positive regulation of protein polymerization,6,1.3693125757754367,0.5430087471952532,1.445448826769254,0.37508378879318316,0.29257074292570745,0.7997537654547503,False
GO_BP,PDOL,GO:0032309,icosanoid secretion,5,0.26620060397227213,1.211828323919736,1.5368930496435897,-1.1081600828093907,0.8415158484151585,0.8794761434977538,False
GO_BP,PDOL,GO:0032355,response to estradiol,14,-1.067576785101619,-1.0349951717950177,-0.9804482759215589,-0.05985506124333062,0.49865013498650135,0.7997537654547503,False
GO_BP,PDOL,GO:0032368,regulation of lipid transport,14,0.47560745382647546,-0.425402515384719,-1.5302974364872723,1.4534574297624712,0.1110888911108889,0.7997537654547503,False
GO_BP,PDOL,GO:0032370,positive regulation of lipid transport,9,0.7113705327968936,0.12541351283996885,-0.9002190299466377,1.098773291350228,0.1473852614738526,0.7997537654547503,False
GO_BP,PDOL,GO:0032371,regulation of sterol transport,7,1.02812463217482,0.14609543135746705,-0.73831108996647,1.3242324614793215,0.14138586141385862,0.7997537654547503,False
GO_BP,PDOL,GO:0032373,positive regulation of sterol transport,6,0.7157358417418124,0.3088801775392162,-0.6518280897123452,0.8872097978283768,0.22817718228177183,0.7997537654547503,False
GO_BP,PDOL,GO:0032374,regulation of cholesterol transport,7,1.02812463217482,0.14609543135746705,-0.73831108996647,1.3242324614793215,0.14138586141385862,0.7997537654547503,False
GO_BP,PDOL,GO:0032376,positive regulation of cholesterol transport,6,0.7157358417418124,0.3088801775392162,-0.6518280897123452,0.8872097978283768,0.22817718228177183,0.7997537654547503,False
GO_BP,PDOL,GO:0032386,regulation of intracellular transport,13,-0.23897496343768762,-1.0917661856695546,-0.1415224842566234,0.37766937152540137,0.36726327367263273,0.7997537654547503,False
GO_BP,PDOL,GO:0032388,positive regulation of intracellular transport,9,-0.3652279673893592,-1.2749914711166017,-1.250866440675485,0.897700988506684,0.2323767623237676,0.7997537654547503,False
GO_BP,PDOL,GO:0032434,regulation of proteasomal ubiquitin-dependent protein catabolic process,11,0.21908428331482963,-1.136399108859004,-1.6923302248326941,1.6334489501606788,0.10158984101589841,0.7997537654547503,False
GO_BP,PDOL,GO:0032436,positive regulation of proteasomal ubiquitin-dependent protein catabolic process,8,0.21562227131176437,-1.1930938972668264,-1.4066867613476262,1.5155126006189907,0.12308769123087691,0.7997537654547503,False
GO_BP,PDOL,GO:0032446,protein modification by small protein conjugation,11,2.4880385377240386,1.6088544223679115,-0.031067907003259496,1.6991452800417126,0.08969103089691031,0.7997537654547503,False
GO_BP,PDOL,GO:0032465,regulation of cytokinesis,8,-0.7300670982075462,-0.2839928260902637,0.4590463440350542,-0.8175938571799415,0.7570242975702429,0.8360881703240718,False
GO_BP,PDOL,GO:0032467,positive regulation of cytokinesis,5,-0.13867507636435886,0.2722584649124738,0.7593747309416561,-0.6544916742914237,0.6987301269873013,0.8082197217747331,False
GO_BP,PDOL,GO:0032479,regulation of type I interferon production,9,-0.2186880188516205,0.3562996722952317,0.156678883762013,-0.4751772968802428,0.6314368563143685,0.7997700096049865,False
GO_BP,PDOL,GO:0032481,positive regulation of type I interferon production,7,-0.06761947114182314,0.04171611989678729,0.3302840234691595,-0.25361954282479654,0.5577442255774423,0.7997537654547503,False
GO_BP,PDOL,GO:0032496,response to lipopolysaccharide,26,0.8859198140627857,0.22148329264837924,0.014726950784368373,0.767814692346412,0.24847515248475152,0.7997537654547503,False
GO_BP,PDOL,GO:0032502,developmental process,150,-0.01231715965322735,0.7698534023468196,0.02593470603847856,-0.41021121384587644,0.6181381861813818,0.7997537654547503,False
GO_BP,PDOL,GO:0032526,response to retinoic acid,9,0.2892797331635152,-0.8455199085157475,-1.2523533390694404,1.3382163569561092,0.137986201379862,0.7997537654547503,False
GO_BP,PDOL,GO:0032535,regulation of cellular component size,12,1.5022193184206154,0.6802337088720273,1.135034407153368,0.5945852604079178,0.26547345265473454,0.7997537654547503,False
GO_BP,PDOL,GO:0032642,regulation of chemokine production,8,0.5723941883423411,0.9258679618389651,0.16637664563037075,0.026271884607673157,0.46505349465053497,0.7997537654547503,False
GO_BP,PDOL,GO:0032649,regulation of type II interferon production,5,-0.538940068823244,0.2363359365691189,0.7523462901211013,-1.033281182168354,0.8131186881311869,0.8615339507480088,False
GO_BP,PDOL,GO:0032651,regulation of interleukin-1 beta production,6,-1.1192520511825381,-0.6662047754210971,-0.7832878862935374,-0.3945057203252209,0.6008399160083991,0.7997537654547503,False
GO_BP,PDOL,GO:0032652,regulation of interleukin-1 production,7,-0.8749539131694937,0.11032379209074678,0.3132594679900333,-1.0867455432098838,0.8211178882111789,0.8663885640290794,False
GO_BP,PDOL,GO:0032663,regulation of interleukin-2 production,5,-0.2025188432821721,0.3987857581806488,1.0258342500497717,-0.9148288473973823,0.7827217278272173,0.8477522995212629,False
GO_BP,PDOL,GO:0032675,regulation of interleukin-6 production,9,-0.5926166292476595,1.364820872751299,1.5618538519316205,-2.055953991589119,0.9649035096490352,0.9706031331102866,False
GO_BP,PDOL,GO:0032677,regulation of interleukin-8 production,7,-0.2908699948319826,0.7471796164137201,0.157132159810047,-0.7430258829438662,0.7233276672332767,0.8216440491873143,False
GO_BP,PDOL,GO:0032680,regulation of tumor necrosis factor production,12,-0.2863678113489873,1.109323957575498,1.7768370809308933,-1.729448330602183,0.9333066693330667,0.9476813706915642,False
GO_BP,PDOL,GO:0032722,positive regulation of chemokine production,5,-0.6733668593866532,-0.3338274625985942,-0.6196389204230283,-0.19663366787584197,0.5372462753724627,0.7997537654547503,False
GO_BP,PDOL,GO:0032731,positive regulation of interleukin-1 beta production,5,-1.0487396770133606,-0.5278462474429183,-0.8568140289653282,-0.3564095388092373,0.5877412258774123,0.7997537654547503,False
GO_BP,PDOL,GO:0032732,positive regulation of interleukin-1 production,5,-1.0487396770133606,-0.5278462474429183,-0.8568140289653282,-0.3564095388092373,0.5877412258774123,0.7997537654547503,False
GO_BP,PDOL,GO:0032755,positive regulation of interleukin-6 production,6,-0.8648835407889227,0.3355045637848451,0.1128234923820694,-1.08904756887238,0.8173182681731826,0.8646133578323904,False
GO_BP,PDOL,GO:0032757,positive regulation of interleukin-8 production,7,-0.2908699948319826,0.7471796164137201,0.157132159810047,-0.7430258829438662,0.7233276672332767,0.8216440491873143,False
GO_BP,PDOL,GO:0032760,positive regulation of tumor necrosis factor production,7,-0.4615687662559849,0.1712859977571687,0.12457421821276124,-0.60949887424095,0.677032296770323,0.8033058431305515,False
GO_BP,PDOL,GO:0032774,RNA biosynthetic process,20,0.6786462871818307,1.1217647010725584,0.0869646503325811,0.07428161147926093,0.46685331466853314,0.7997537654547503,False
GO_BP,PDOL,GO:0032787,monocarboxylic acid metabolic process,44,1.0216278471643672,1.2316859097548407,1.1555351439166295,-0.17198267967136793,0.5465453454654534,0.7997537654547503,False
GO_BP,PDOL,GO:0032868,response to insulin,20,0.2747546291283341,0.12772396187677368,0.5377614794502732,-0.05798809153518936,0.5030496950304969,0.7997537654547503,False
GO_BP,PDOL,GO:0032869,cellular response to insulin stimulus,15,0.17967240358990583,0.27069859012979924,1.198669199049507,-0.5550114909997474,0.6711328867113289,0.8033058431305515,False
GO_BP,PDOL,GO:0032870,cellular response to hormone stimulus,57,1.7956314673721112,2.2398375759944664,0.9354483682477085,0.2079884952510238,0.4233576642335766,0.7997537654547503,False
GO_BP,PDOL,GO:0032879,regulation of localization,113,-0.4873023562583649,-0.6248596735635039,-0.2601516351482711,-0.044796701902477365,0.5037496250374962,0.7997537654547503,False
GO_BP,PDOL,GO:0032880,regulation of protein localization,58,0.5580140246612114,-0.008059785881179487,0.4422564459466504,0.34091569462847593,0.37496250374962503,0.7997537654547503,False
GO_BP,PDOL,GO:0032886,regulation of microtubule-based process,13,0.5881977094045235,-0.2720557850408027,0.7770743019359264,0.33568845095696165,0.37046295370462956,0.7997537654547503,False
GO_BP,PDOL,GO:0032890,regulation of organic acid transport,10,-0.5108154572236174,-0.9236242468151461,-1.1826011159935683,0.5422972241807398,0.3167683231676832,0.7997537654547503,False
GO_BP,PDOL,GO:0032922,circadian regulation of gene expression,11,0.6574198701828003,0.6884479283101353,0.010443181623045746,0.3079743152162098,0.37836216378362164,0.7997537654547503,False
GO_BP,PDOL,GO:0032928,regulation of superoxide anion generation,6,-0.06603555676147341,-0.008284903881408828,0.5144527290869548,-0.3191194693642464,0.5828417158284172,0.7997537654547503,False
GO_BP,PDOL,GO:0032930,positive regulation of superoxide anion generation,6,-0.06603555676147341,-0.008284903881408828,0.5144527290869548,-0.3191194693642464,0.5828417158284172,0.7997537654547503,False
GO_BP,PDOL,GO:0032940,secretion by cell,7,-0.9411297228253785,-0.11988315615921008,0.23659014198533201,-0.9994832157384395,0.8078192180781922,0.8588355158123443,False
GO_BP,PDOL,GO:0032944,regulation of mononuclear cell proliferation,7,-0.023858800459293936,-0.17932218479798515,0.20926482948328062,-0.038830122801941674,0.47215278472152783,0.7997537654547503,False
GO_BP,PDOL,GO:0032946,positive regulation of mononuclear cell proliferation,5,-0.252572808778123,-0.9996818233994035,-0.9107704686178149,0.7026533372304862,0.23997600239976002,0.7997537654547503,False
GO_BP,PDOL,GO:0032956,regulation of actin cytoskeleton organization,9,0.5654709931932976,0.09595447256015535,0.6942360179347206,0.1703757479458597,0.3397660233976602,0.7997537654547503,False
GO_BP,PDOL,GO:0032963,collagen metabolic process,10,-1.5335808021922788,-1.6118629900414208,-1.839045089148665,0.19187323740276407,0.39936006399360063,0.7997537654547503,False
GO_BP,PDOL,GO:0032970,regulation of actin filament-based process,14,0.30512726983807203,-0.18266060763582115,-0.005540648779417453,0.39922789804569137,0.28487151284871515,0.7997537654547503,False
GO_BP,PDOL,GO:0033013,tetrapyrrole metabolic process,6,3.938878281350266,3.9942762994534546,2.01972412619434,0.9318780685263688,0.1735826417358264,0.7997537654547503,False
GO_BP,PDOL,GO:0033015,tetrapyrrole catabolic process,5,4.996696359209116,4.5698376763425035,2.702290550601778,1.360632245736975,0.0801919808019198,0.7997537654547503,False
GO_BP,PDOL,GO:0033036,macromolecule localization,48,-0.017752104486402166,-0.3077804187697355,-1.2063915395113367,0.7393338746541339,0.268973102689731,0.7997537654547503,False
GO_BP,PDOL,GO:0033043,regulation of organelle organization,44,-0.568585321250913,-1.0928898157433016,-0.9263930546486522,0.44105611394506383,0.3487651234876512,0.7997537654547503,False
GO_BP,PDOL,GO:0033044,regulation of chromosome organization,17,-0.5605589375719274,-0.5712904556879977,-0.16988815616284553,-0.18996963164650582,0.5383461653834617,0.7997537654547503,False
GO_BP,PDOL,GO:0033121,regulation of purine nucleotide catabolic process,6,-1.1124427440144111,-0.9962418989186147,-1.0406433312090044,-0.09400012895060161,0.5097490250974902,0.7997537654547503,False
GO_BP,PDOL,GO:0033143,regulation of intracellular steroid hormone receptor signaling pathway,7,-0.9311615021125124,-0.997149457631553,-1.3917471849291556,0.2632868191678419,0.34566543345665435,0.7997537654547503,False
GO_BP,PDOL,GO:0033146,regulation of intracellular estrogen receptor signaling pathway,5,-0.6690566962480432,-0.5625221913746935,-1.067545756115574,0.14597727749709055,0.3575642435756424,0.7997537654547503,False
GO_BP,PDOL,GO:0033157,regulation of intracellular protein transport,10,0.1676110431035386,-0.6758062930245577,-0.010728144535909808,0.5108782618837724,0.3247675232476752,0.7997537654547503,False
GO_BP,PDOL,GO:0033273,response to vitamin,8,-1.2617036864616342,-0.9491187232659016,-1.0413795672951534,-0.2664545411811068,0.5755424457554245,0.7997537654547503,False
GO_BP,PDOL,GO:0033365,protein localization to organelle,18,-1.5743040851913512,-1.9378071400460355,-1.5130047508919844,0.15110186027765882,0.43355664433556645,0.7997537654547503,False
GO_BP,PDOL,GO:0033500,carbohydrate homeostasis,16,-0.2784094041862011,0.2674403219309231,0.3108478392591014,-0.5675534847812134,0.6757324267573243,0.8033058431305515,False
GO_BP,PDOL,GO:0033554,cellular response to stress,73,1.2025086169728858,0.19690802442272956,0.2799823195418045,0.9640634449906187,0.21587841215878412,0.7997537654547503,False
GO_BP,PDOL,GO:0033555,multicellular organismal response to stress,7,-0.9611714776843321,-1.067406076986747,-1.2710891141939469,0.20807611790601488,0.39036096390360964,0.7997537654547503,False
GO_BP,PDOL,GO:0033559,unsaturated fatty acid metabolic process,29,-1.0809942998005415,-0.8576551982794459,0.02085526073102087,-0.6625943310263289,0.6837316268373163,0.8049124664998288,False
GO_BP,PDOL,GO:0033628,regulation of cell adhesion mediated by integrin,6,-0.9141954528751405,-0.38434484814123454,-0.11298213689811691,-0.6655319603554648,0.7365263473652635,0.8272002173432764,False
GO_BP,PDOL,GO:0033674,positive regulation of kinase activity,10,-0.7705444387255388,-0.9163786239802812,-0.29897453243311517,-0.1628678605188406,0.5132486751324867,0.7997537654547503,False
GO_BP,PDOL,GO:0033993,response to lipid,81,0.8668119598565395,0.7793433802876454,-0.25366278532240755,0.6039716623739205,0.3023697630236976,0.7997537654547503,False
GO_BP,PDOL,GO:0034097,response to cytokine,39,-1.1197500562047535,-0.7852570529083355,-1.442228390455362,-0.006007334522904806,0.49185081491850813,0.7997537654547503,False
GO_BP,PDOL,GO:0034103,regulation of tissue remodeling,7,-1.3217799516312643,-1.2487937186910008,-0.9122784712681947,-0.2412438566516666,0.5611438856114389,0.7997537654547503,False
GO_BP,PDOL,GO:0034110,regulation of homotypic cell-cell adhesion,7,-0.9351467232498494,-0.7536538973493527,-0.7974458635363064,-0.1595968428070198,0.5211478852114788,0.7997537654547503,False
GO_BP,PDOL,GO:0034220,monoatomic ion transmembrane transport,34,1.284400727836369,0.5957055661300847,-1.6375402602211908,1.805318074881922,0.0785921407859214,0.7997537654547503,False
GO_BP,PDOL,GO:0034284,response to monosaccharide,8,-0.04594808536995449,-0.26370309991137525,-0.3046516572728492,0.23822929322215775,0.39576042395760425,0.7997537654547503,False
GO_BP,PDOL,GO:0034308,primary alcohol metabolic process,17,-0.15099205930917065,-0.04218613783498158,0.7853257229508035,-0.5225618518670816,0.6517348265173483,0.8020133445239224,False
GO_BP,PDOL,GO:0034329,cell junction assembly,9,0.4323471972206709,1.1182674896217613,1.3526363049744743,-0.8031047000774469,0.7365263473652635,0.8272002173432764,False
GO_BP,PDOL,GO:0034330,cell junction organization,21,-0.12438599678832013,0.705817133423319,1.064680622250361,-1.0096348746251602,0.7932206779322067,0.8513984948495309,False
GO_BP,PDOL,GO:0034405,response to fluid shear stress,6,-0.3035263154247936,-0.7564024016661886,-0.03402633881465991,0.09168805481563064,0.44635536446355367,0.7997537654547503,False
GO_BP,PDOL,GO:0034502,protein localization to chromosome,7,-0.4623320032172348,-0.2956085650148912,-0.5372810291275678,-0.04588720614600528,0.47365263473652636,0.7997537654547503,False
GO_BP,PDOL,GO:0034504,protein localization to nucleus,6,-1.3452962637055061,-1.6054779179804315,-1.6342612055183332,0.2745732980438762,0.38006199380061995,0.7997537654547503,False
GO_BP,PDOL,GO:0034599,cellular response to oxidative stress,21,-0.6288484720339388,-0.5781900635553172,-0.8176826513549572,0.06908788542119837,0.43845615438456154,0.7997537654547503,False
GO_BP,PDOL,GO:0034605,cellular response to heat,7,2.4293670004282246,0.4851267831330243,0.2896637839408459,2.0419717168912896,0.063993600639936,0.7997537654547503,False
GO_BP,PDOL,GO:0034612,response to tumor necrosis factor,7,1.1345272441967709,1.20000562178038,-0.46680617166013133,0.7679275191366465,0.25777422257774224,0.7997537654547503,False
GO_BP,PDOL,GO:0034614,cellular response to reactive oxygen species,13,-0.17886714332282752,-0.5056170750125591,-0.5350707535567557,0.34147677096182993,0.32626737326267374,0.7997537654547503,False
GO_BP,PDOL,GO:0034644,cellular response to UV,10,-0.7211921094186398,-0.8610654740680694,-0.9791554985616802,0.19891837689623504,0.37346265373462656,0.7997537654547503,False
GO_BP,PDOL,GO:0034654,nucleobase-containing compound biosynthetic process,28,0.9120780441135988,0.5459748791443547,-0.47317225556074943,0.8756767323217962,0.23417658234176583,0.7997537654547503,False
GO_BP,PDOL,GO:0034655,nucleobase-containing compound catabolic process,12,-0.5205072721821935,-0.24499151993446538,-0.35597187972118455,-0.22002557235436854,0.5504449555044496,0.7997537654547503,False
GO_BP,PDOL,GO:0034762,regulation of transmembrane transport,24,-0.8504851911328478,-0.0339490590331935,-0.4625185405831148,-0.6022513913246936,0.681031896810319,0.8040587070325225,False
GO_BP,PDOL,GO:0034763,negative regulation of transmembrane transport,5,-0.7674702772045552,-0.8926970523738198,-1.1655569081128816,0.2616567030387955,0.37746225377462256,0.7997537654547503,False
GO_BP,PDOL,GO:0034764,positive regulation of transmembrane transport,12,0.061372005456034336,0.6788312476633376,0.021064108185365058,-0.288575672468317,0.5744425557444256,0.7997537654547503,False
GO_BP,PDOL,GO:0034765,regulation of monoatomic ion transmembrane transport,16,0.06578414532986208,0.4222771517913451,-0.9110709429015992,0.3101810408849891,0.37806219378062195,0.7997537654547503,False
GO_BP,PDOL,GO:0034767,positive regulation of monoatomic ion transmembrane transport,6,1.5764751913444839,1.6410845600150847,-0.4786197864204178,0.9952428045471504,0.20157984201579843,0.7997537654547503,False
GO_BP,PDOL,GO:0034976,response to endoplasmic reticulum stress,9,2.382671077285535,1.0244094184951114,0.6851434670095922,1.5278946345331832,0.09309069093090691,0.7997537654547503,False
GO_BP,PDOL,GO:0035094,response to nicotine,13,-0.560712140874858,-0.5951722883736008,-0.5441000169190052,0.008924011771444973,0.48295170482951705,0.7997537654547503,False
GO_BP,PDOL,GO:0035150,regulation of tube size,34,-0.987704469474296,-1.1100775127398075,-1.048005647268912,0.09133711053006377,0.45625437456254375,0.7997537654547503,False
GO_BP,PDOL,GO:0035235,ionotropic glutamate receptor signaling pathway,8,-0.9874823870298123,-0.42805848114909417,-1.2271954131793268,-0.1598554398656018,0.519048095190481,0.7997537654547503,False
GO_BP,PDOL,GO:0035239,tube morphogenesis,17,-0.7128150694109286,-1.0833927700622732,-1.4621884993350351,0.5599755652877255,0.29717028297170284,0.7997537654547503,False
GO_BP,PDOL,GO:0035249,"synaptic transmission, glutamatergic",7,-0.5820941114918609,-0.4051809717839846,-1.1460560469196523,0.19352439785995756,0.37696230376962303,0.7997537654547503,False
GO_BP,PDOL,GO:0035270,endocrine system development,6,-0.737559918595218,-0.6386605547549402,-1.0194263428752781,0.0914835302198912,0.39236076392360764,0.7997537654547503,False
GO_BP,PDOL,GO:0035295,tube development,23,-1.32329063001353,-1.340274573789314,-1.2529979858188416,-0.026654350209452282,0.49245075492450757,0.7997537654547503,False
GO_BP,PDOL,GO:0035296,regulation of tube diameter,34,-0.987704469474296,-1.1100775127398075,-1.048005647268912,0.09133711053006377,0.45625437456254375,0.7997537654547503,False
GO_BP,PDOL,GO:0035335,peptidyl-tyrosine dephosphorylation,7,1.5008206141398013,4.593426600444963,5.63341773361256,-3.61260155288896,0.9992000799920008,0.9996272711335108,False
GO_BP,PDOL,GO:0035556,intracellular signal transduction,84,0.5456872634663216,-0.14065498754539188,-1.040747963376596,1.1363887389273155,0.1705829417058294,0.7997537654547503,False
GO_BP,PDOL,GO:0035590,purinergic nucleotide receptor signaling pathway,5,-0.8829263368573441,-1.6706975105390387,-0.5759855359015484,0.24041518636294956,0.40315968403159685,0.7997537654547503,False
GO_BP,PDOL,GO:0035725,sodium ion transmembrane transport,7,0.12556719226246701,-0.16039747746688798,-0.36976595332089446,0.3906489076563583,0.27997200279972,0.7997537654547503,False
GO_BP,PDOL,GO:0035924,cellular response to vascular endothelial growth factor stimulus,9,-1.014508167199185,-1.0341289643091436,-0.7936630351723688,-0.10061216745842871,0.4861513848615138,0.7997537654547503,False
GO_BP,PDOL,GO:0035966,response to topologically incorrect protein,8,0.8798000822368093,0.07941526236962229,0.8927410282489561,0.3937219369275201,0.33936606339366066,0.7997537654547503,False
GO_BP,PDOL,GO:0035967,cellular response to topologically incorrect protein,5,0.8631106636338708,0.8397680154368957,1.9655722348730877,-0.539559461521121,0.654934506549345,0.8020133445239224,False
GO_BP,PDOL,GO:0036119,response to platelet-derived growth factor,5,0.3668906298833023,0.4239595819227316,2.4650929124641685,-1.0776356173101478,0.8237176282371763,0.8674614086746142,False
GO_BP,PDOL,GO:0036120,cellular response to platelet-derived growth factor stimulus,5,0.3668906298833023,0.4239595819227316,2.4650929124641685,-1.0776356173101478,0.8237176282371763,0.8674614086746142,False
GO_BP,PDOL,GO:0036211,protein modification process,72,0.07610006108768516,0.8330194098289467,2.3600838614984956,-1.5204515745760359,0.8968103189681031,0.9187986630408763,False
GO_BP,PDOL,GO:0036293,response to decreased oxygen levels,28,-1.057500864573443,-0.9082685238060151,-0.15657982558770503,-0.5250766898765828,0.6593340665933407,0.8026224404586569,False
GO_BP,PDOL,GO:0036294,cellular response to decreased oxygen levels,11,-0.08288195835557825,0.31965957114892707,1.4928524319764063,-0.9891379599182448,0.7855214478552145,0.848232666350347,False
GO_BP,PDOL,GO:0038084,vascular endothelial growth factor signaling pathway,6,-1.1213045719443147,-0.8687036401339563,-0.5215528260337382,-0.42617633886046735,0.6091390860913909,0.7997537654547503,False
GO_BP,PDOL,GO:0038093,Fc receptor signaling pathway,12,-1.0673899766447688,-0.8640354972372036,-0.4131377840341877,-0.42880333600907306,0.6117388261173883,0.7997537654547503,False
GO_BP,PDOL,GO:0038094,Fc-gamma receptor signaling pathway,8,-1.0473323055742403,-0.42022166786382437,0.21548922967041834,-0.9449660864775373,0.7758224177582241,0.8429672113995097,False
GO_BP,PDOL,GO:0038096,Fc-gamma receptor signaling pathway involved in phagocytosis,8,-1.0473323055742403,-0.42022166786382437,0.21548922967041834,-0.9449660864775373,0.7758224177582241,0.8429672113995097,False
GO_BP,PDOL,GO:0038127,ERBB signaling pathway,17,-1.2785178918670101,-1.4681937891204597,0.03357044856009903,-0.5612062215868298,0.6628337166283371,0.8033058431305515,False
GO_BP,PDOL,GO:0038128,ERBB2 signaling pathway,5,-0.9120913916740921,-1.1791279608705105,-0.08818628104573623,-0.2784342707159687,0.5626437356264373,0.7997537654547503,False
GO_BP,PDOL,GO:0039531,regulation of cytoplasmic pattern recognition receptor signaling pathway,13,-1.7452205741666924,-1.4436998793736548,-1.0760090896894954,-0.4853660896351173,0.6374362563743625,0.7997700096049865,False
GO_BP,PDOL,GO:0039532,negative regulation of cytoplasmic pattern recognition receptor signaling pathway,5,-0.7365161027975053,-0.47787279602132465,-0.51905751877344,-0.23805094540012306,0.5436456354364564,0.7997537654547503,False
GO_BP,PDOL,GO:0040008,regulation of growth,23,-0.701740999833096,-0.9939299914545059,-0.7540470441533131,0.1722475179708135,0.42745725427457254,0.7997537654547503,False
GO_BP,PDOL,GO:0040011,locomotion,25,-0.6701241137367323,-0.988194633266599,-1.539888503158174,0.5939174544756541,0.2913708629137086,0.7997537654547503,False
GO_BP,PDOL,GO:0040012,regulation of locomotion,65,-1.7197316523289488,-2.177741049859512,-2.1686744548328982,0.45347610001725625,0.34926507349265073,0.7997537654547503,False
GO_BP,PDOL,GO:0040013,negative regulation of locomotion,16,-0.25048920690627335,-0.6038542420168298,-0.05678154252036482,0.07982868536232396,0.44935506449355067,0.7997537654547503,False
GO_BP,PDOL,GO:0040017,positive regulation of locomotion,43,-1.6693368303149632,-2.3095910037925127,-2.1781329415558197,0.5745251423592028,0.32156784321567844,0.7997537654547503,False
GO_BP,PDOL,GO:0040029,epigenetic regulation of gene expression,14,0.34971723842321967,1.5648844144703347,0.8777404511869304,-0.871595194405413,0.7601239876012399,0.8377552075300945,False
GO_BP,PDOL,GO:0042058,regulation of epidermal growth factor receptor signaling pathway,5,-0.7643524122994088,-0.3435012685067901,1.070825641562947,-1.1280145988274872,0.8329167083291671,0.8741982944562687,False
GO_BP,PDOL,GO:0042060,wound healing,22,-0.9849575508136108,-1.3577432788394297,-1.2575089721966752,0.32266857470444155,0.37006299370062995,0.7997537654547503,False
GO_BP,PDOL,GO:0042063,gliogenesis,13,-0.045267693916671944,-0.40216305066667835,0.2050320118499844,0.05329782549167503,0.44855514448555145,0.7997537654547503,False
GO_BP,PDOL,GO:0042110,T cell activation,11,-0.013728536621680852,0.21966829057695358,0.5577004721152435,-0.4024129179677794,0.6213378662133786,0.7997537654547503,False
GO_BP,PDOL,GO:0042113,B cell activation,5,-0.5050072478160054,0.14412052230700578,0.618806041034618,-0.8864705294868173,0.7777222277772223,0.8442913537456276,False
GO_BP,PDOL,GO:0042127,regulation of cell population proliferation,88,-1.763413769659624,-1.683407024897973,-1.302221761904587,-0.27059937625834385,0.575042495750425,0.7997537654547503,False
GO_BP,PDOL,GO:0042167,heme catabolic process,5,4.996696359209116,4.5698376763425035,2.702290550601778,1.360632245736975,0.0801919808019198,0.7997537654547503,False
GO_BP,PDOL,GO:0042168,heme metabolic process,5,4.996696359209116,4.5698376763425035,2.702290550601778,1.360632245736975,0.0801919808019198,0.7997537654547503,False
GO_BP,PDOL,GO:0042176,regulation of protein catabolic process,23,-0.3607231535080842,-0.86865565348084,-0.24103721706757877,0.1941232817661252,0.42505749425057493,0.7997537654547503,False
GO_BP,PDOL,GO:0042177,negative regulation of protein catabolic process,9,-0.44296402185360906,-0.16933628077273757,0.37723801753422054,-0.5469148902343506,0.6572342765723428,0.8021183808124269,False
GO_BP,PDOL,GO:0042178,xenobiotic catabolic process,13,-0.26656272208362614,-0.11707949608486516,0.4676739197709238,-0.44185993392665546,0.6245375462453755,0.7997537654547503,False
GO_BP,PDOL,GO:0042180,ketone metabolic process,13,-0.9340394754378245,-0.11167532193449493,0.9439086914359635,-1.3501561601885588,0.8963103689631037,0.9184875250158365,False
GO_BP,PDOL,GO:0042220,response to cocaine,13,-0.8267486742441194,-0.852893922580748,-1.4361344313065956,0.3177655026995524,0.3467653234676532,0.7997537654547503,False
GO_BP,PDOL,GO:0042306,regulation of protein import into nucleus,7,-0.821190437233674,-1.3762976940567258,-1.1836038148364638,0.4587603172129209,0.29827017298270175,0.7997537654547503,False
GO_BP,PDOL,GO:0042307,positive regulation of protein import into nucleus,7,-0.821190437233674,-1.3762976940567258,-1.1836038148364638,0.4587603172129209,0.29827017298270175,0.7997537654547503,False
GO_BP,PDOL,GO:0042310,vasoconstriction,9,-0.7702669196080231,-0.9457108541005601,-0.8998477798860823,0.1525123973852981,0.40135986401359863,0.7997537654547503,False
GO_BP,PDOL,GO:0042311,vasodilation,11,-0.12178838684997122,0.1566311262760012,-0.07333548181863171,-0.16343620907865597,0.5301469853014699,0.7997537654547503,False
GO_BP,PDOL,GO:0042325,regulation of phosphorylation,25,-0.9767455853987255,-1.2277607859670367,0.5044344224278541,-0.6150824036291341,0.6852314768523148,0.8051565046655605,False
GO_BP,PDOL,GO:0042326,negative regulation of phosphorylation,5,0.5242864712227652,1.4875583735511644,2.8185177088394027,-1.6287515699725184,0.916008399160084,0.9335625670882389,False
GO_BP,PDOL,GO:0042327,positive regulation of phosphorylation,20,-1.274672575244016,-1.941609013789054,-0.73465553455071,0.063459698925866,0.46795320467953205,0.7997537654547503,False
GO_BP,PDOL,GO:0042330,taxis,24,-0.5954330380117367,-0.9455060460725615,-1.4736053710387331,0.6141226705439107,0.28517148285171484,0.7997537654547503,False
GO_BP,PDOL,GO:0042391,regulation of membrane potential,44,1.2216830840390873,-0.08425091902503888,-1.437316551054732,1.9824668190789727,0.05799420057994201,0.7997537654547503,False
GO_BP,PDOL,GO:0042417,dopamine metabolic process,8,0.5262975000707165,-0.46212255011648457,-0.9565841343057965,1.235650842281857,0.15108489151084892,0.7997537654547503,False
GO_BP,PDOL,GO:0042440,pigment metabolic process,6,3.557616996244494,3.1868719409355086,2.163291709723829,0.8825351709148248,0.15448455154484553,0.7997537654547503,False
GO_BP,PDOL,GO:0042445,hormone metabolic process,27,0.9419196619110891,1.2766556021926287,1.386759715860883,-0.3897879971156669,0.6051394860513949,0.7997537654547503,False
GO_BP,PDOL,GO:0042446,hormone biosynthetic process,7,-0.21297356806762294,-0.03765772192787053,0.34592078354403144,-0.3671050988757034,0.6260373962603739,0.7997537654547503,False
GO_BP,PDOL,GO:0042542,response to hydrogen peroxide,10,-0.8181826469536589,-0.5406121840292483,-0.7940883750261776,-0.15083236742594608,0.5081491850814919,0.7997537654547503,False
GO_BP,PDOL,GO:0042572,retinol metabolic process,12,0.03769460513162769,0.07082703168971274,0.9245863904244794,-0.4600121059254684,0.6318368163183682,0.7997700096049865,False
GO_BP,PDOL,GO:0042573,retinoic acid metabolic process,6,3.7098298024688017,3.8735244210596003,2.343055646354856,0.6015397687615733,0.265973402659734,0.7997537654547503,False
GO_BP,PDOL,GO:0042592,homeostatic process,74,-0.6424581479567592,0.17490347577008009,0.5851481633431606,-1.0224839675133794,0.8006199380061993,0.8554569200614185,False
GO_BP,PDOL,GO:0042593,glucose homeostasis,16,-0.2784094041862011,0.2674403219309231,0.3108478392591014,-0.5675534847812134,0.6757324267573243,0.8033058431305515,False
GO_BP,PDOL,GO:0042594,response to starvation,5,1.1985974504647887,1.0753385536567415,2.145916970738646,-0.41203031173290516,0.6043395660433957,0.7997537654547503,False
GO_BP,PDOL,GO:0042632,cholesterol homeostasis,7,-0.13195300082635986,0.355777949397145,0.5619792001273488,-0.5908315755886068,0.7355264473552645,0.8272002173432764,False
GO_BP,PDOL,GO:0042742,defense response to bacterium,14,-0.41856787877438334,0.28887092934687086,0.7963951980006627,-0.9612009424481502,0.7831216878312168,0.8477930832870911,False
GO_BP,PDOL,GO:0042749,regulation of circadian sleep/wake cycle,6,-0.2911160960076002,-0.6337687172013339,-0.4239643596934297,0.23775044243978166,0.3905609439056094,0.7997537654547503,False
GO_BP,PDOL,GO:0042752,regulation of circadian rhythm,17,0.44261837378688884,-0.3751316351907243,-0.7023975158966136,0.9813829493305578,0.20887911208879112,0.7997537654547503,False
GO_BP,PDOL,GO:0042759,long-chain fatty acid biosynthetic process,12,0.36248804324773287,-0.07930419666512428,0.11717383333268747,0.3435532249139513,0.35606439356064395,0.7997537654547503,False
GO_BP,PDOL,GO:0042789,mRNA transcription by RNA polymerase II,5,2.2013439751601758,1.2921430893356451,-0.16357529236120216,1.6370600766729542,0.09989001099890012,0.7997537654547503,False
GO_BP,PDOL,GO:0042908,xenobiotic transport,10,-1.2921919361050769,0.23811358065549773,0.3406699095264231,-1.5815836811960373,0.9251074892510749,0.9416057089375881,False
GO_BP,PDOL,GO:0042981,regulation of apoptotic process,94,-2.380791148958623,-1.9683982195053948,-1.7196600722113207,-0.5367620031002653,0.6683331666833316,0.8033058431305515,False
GO_BP,PDOL,GO:0043010,camera-type eye development,11,-1.0070787182845715,-0.9236136771411332,-1.457990221213297,0.18372323089264353,0.38606139386061394,0.7997537654547503,False
GO_BP,PDOL,GO:0043062,extracellular structure organization,11,-1.6604020788842317,-1.5702384029052825,-1.6719378714928996,-0.039313941685140685,0.48225177482251774,0.7997537654547503,False
GO_BP,PDOL,GO:0043065,positive regulation of apoptotic process,26,-0.7554681373213457,-0.42908319927316796,-0.31291801138525327,-0.384467531992135,0.6091390860913909,0.7997537654547503,False
GO_BP,PDOL,GO:0043066,negative regulation of apoptotic process,70,-1.8993889148521956,-2.137221711136059,-1.9867636124793608,0.16260374695551438,0.4470552944705529,0.7997537654547503,False
GO_BP,PDOL,GO:0043067,regulation of programmed cell death,99,-2.50987190926735,-2.2336681057121157,-1.8608604520982257,-0.4626076303621791,0.6435356464353564,0.801209583750324,False
GO_BP,PDOL,GO:0043068,positive regulation of programmed cell death,29,-0.8286859750007851,-0.4604706610531874,-0.35691216635463496,-0.41999456129687396,0.6220377962203779,0.7997537654547503,False
GO_BP,PDOL,GO:0043069,negative regulation of programmed cell death,74,-1.9993165989593111,-2.3841516690616222,-2.1570894306632704,0.2713039509031352,0.41215878412158785,0.7997537654547503,False
GO_BP,PDOL,GO:0043085,positive regulation of catalytic activity,22,-1.0508449976613612,-1.7799961738532044,-1.1107670925648288,0.3945366355476554,0.3548645135486451,0.7997537654547503,False
GO_BP,PDOL,GO:0043086,negative regulation of catalytic activity,6,0.077817973583151,-0.3143166857380655,0.19214045165788923,0.1389060906232391,0.43525647435256476,0.7997537654547503,False
GO_BP,PDOL,GO:0043114,regulation of vascular permeability,5,-1.0802419121203892,-1.2522416415568893,-0.3593582572762524,-0.2744419627038184,0.5592440755924407,0.7997537654547503,False
GO_BP,PDOL,GO:0043122,regulation of canonical NF-kappaB signal transduction,16,0.8925387928197073,0.7580366059770903,0.09406951879100409,0.46648573043566005,0.32656734326567344,0.7997537654547503,False
GO_BP,PDOL,GO:0043123,positive regulation of canonical NF-kappaB signal transduction,11,1.7485405219850667,0.7547866734050509,-0.8215311863283252,1.781912778446704,0.0806919308069193,0.7997537654547503,False
GO_BP,PDOL,GO:0043124,negative regulation of canonical NF-kappaB signal transduction,5,-0.27746497513563334,0.06449968373601021,0.5983642784034984,-0.6088969562053876,0.6835316468353164,0.8049124664998288,False
GO_BP,PDOL,GO:0043161,proteasome-mediated ubiquitin-dependent protein catabolic process,5,2.8192070911232805,1.0199302886014145,0.047619893082024405,2.285432000281561,0.048795120487951205,0.7997537654547503,False
GO_BP,PDOL,GO:0043170,macromolecule metabolic process,134,-0.7465089582471743,-0.6046708572378531,0.7885443399139163,-0.8384456995852059,0.7487251274872513,0.8312385080277551,False
GO_BP,PDOL,GO:0043200,response to amino acid,10,-0.9156921496936223,-0.962245598444004,-0.5065328076210365,-0.18130294666110203,0.5208479152084792,0.7997537654547503,False
GO_BP,PDOL,GO:0043207,response to external biotic stimulus,53,0.06472671890781022,-0.2452625170777531,-0.6858788077330084,0.5302973813131909,0.31826817318268175,0.7997537654547503,False
GO_BP,PDOL,GO:0043244,regulation of protein-containing complex disassembly,6,-1.0364473734275566,-0.9248879082966162,-0.8918784136513683,-0.12806421245356425,0.48775122487751227,0.7997537654547503,False
GO_BP,PDOL,GO:0043254,regulation of protein-containing complex assembly,23,0.05589965119124167,-0.34355544372393126,0.4033816547573389,0.025986545674537856,0.45855414458554145,0.7997537654547503,False
GO_BP,PDOL,GO:0043255,regulation of carbohydrate biosynthetic process,6,-0.17800889131980527,-0.459002519412344,-0.12068552409872513,0.11183513043572932,0.44225577442255776,0.7997537654547503,False
GO_BP,PDOL,GO:0043266,regulation of potassium ion transport,9,1.0151617586163846,1.011622911262355,-0.8107413156241317,0.9147209607972729,0.2181781821817818,0.7997537654547503,False
GO_BP,PDOL,GO:0043268,positive regulation of potassium ion transport,5,1.6110241191708812,1.4339761910692406,-0.5975434963409046,1.1928077718067132,0.1683831616838316,0.7997537654547503,False
GO_BP,PDOL,GO:0043269,regulation of monoatomic ion transport,32,-0.8940176640621956,-0.7049384102535117,-1.1733346836263083,0.04511888287771437,0.47185281471852814,0.7997537654547503,False
GO_BP,PDOL,GO:0043270,positive regulation of monoatomic ion transport,13,0.7875436419308197,0.46160202849049664,-0.8889500806114145,1.0012176679912785,0.1934806519348065,0.7997537654547503,False
GO_BP,PDOL,GO:0043271,negative regulation of monoatomic ion transport,8,-0.7729765016958049,-0.37558960815681647,-0.9135999701550748,-0.1283817125398593,0.5111488851114888,0.7997537654547503,False
GO_BP,PDOL,GO:0043278,response to morphine,7,-0.6726040829121857,-1.2249341344474571,-1.277741547920764,0.5787337582719251,0.2685731426857314,0.7997537654547503,False
GO_BP,PDOL,GO:0043279,response to alkaloid,20,-0.3135196602347534,-1.5079387375986668,-1.4348476800545586,1.1578735485918594,0.16748325167483252,0.7997537654547503,False
GO_BP,PDOL,GO:0043401,steroid hormone receptor signaling pathway,15,0.8511502126305588,0.4553139460438798,-0.8750847462813394,1.0610356127492886,0.1937806219378062,0.7997537654547503,False
GO_BP,PDOL,GO:0043405,regulation of MAP kinase activity,6,-0.2559597328206648,-0.4548086063159427,0.6097391313751936,-0.33342499535029024,0.5802419758024198,0.7997537654547503,False
GO_BP,PDOL,GO:0043406,positive regulation of MAP kinase activity,5,-1.1070121815304512,-1.2172395892049221,-0.6386324706771567,-0.17907615158941181,0.5153484651534846,0.7997537654547503,False
GO_BP,PDOL,GO:0043408,regulation of MAPK cascade,61,-1.2183800981120556,-0.9758765787872519,0.5168412020916664,-0.9888624097642629,0.791020897910209,0.8504428674982262,False
GO_BP,PDOL,GO:0043409,negative regulation of MAPK cascade,11,0.2156644475801084,0.5812901846369448,1.908814096432118,-1.029387692954423,0.8056194380561944,0.8572758003872191,False
GO_BP,PDOL,GO:0043410,positive regulation of MAPK cascade,48,-0.9649564528731318,-1.2618088017822715,-0.442542224478745,-0.1127809397426236,0.5207479252074793,0.7997537654547503,False
GO_BP,PDOL,GO:0043412,macromolecule modification,74,-0.12197767336377291,0.5941613744002432,2.173525920434999,-1.505821320781394,0.8929107089291071,0.916207436480645,False
GO_BP,PDOL,GO:0043434,response to peptide hormone,37,-0.433222449329418,-0.1891187982914782,0.23123225691970314,-0.45427917864353046,0.6371362863713629,0.7997700096049865,False
GO_BP,PDOL,GO:0043436,oxoacid metabolic process,52,0.9082585245914673,1.2809828441637139,1.2937228123201288,-0.37909430365045405,0.6077392260773923,0.7997537654547503,False
GO_BP,PDOL,GO:0043467,regulation of generation of precursor metabolites and energy,11,-0.5732611612414014,-0.7673459140422841,-0.5930539622116989,0.10693877688559017,0.4487551244875512,0.7997537654547503,False
GO_BP,PDOL,GO:0043470,regulation of carbohydrate catabolic process,6,-1.1124427440144111,-0.9962418989186147,-1.0406433312090044,-0.09400012895060161,0.5097490250974902,0.7997537654547503,False
GO_BP,PDOL,GO:0043473,pigmentation,5,-0.272522287930341,-0.34421655540736157,-0.45579936710067454,0.12748567332367705,0.36176382361763826,0.7997537654547503,False
GO_BP,PDOL,GO:0043484,regulation of RNA splicing,5,-0.8358347590814553,-0.8091938631468977,0.47415028952399574,-0.6683129722700043,0.7191280871912809,0.8186619917429323,False
GO_BP,PDOL,GO:0043487,regulation of RNA stability,6,-0.35145925660447186,-0.7183105645092821,-0.7928318239305236,0.40411193761543096,0.33726627337266274,0.7997537654547503,False
GO_BP,PDOL,GO:0043488,regulation of mRNA stability,6,-0.35145925660447186,-0.7183105645092821,-0.7928318239305236,0.40411193761543096,0.33726627337266274,0.7997537654547503,False
GO_BP,PDOL,GO:0043491,phosphatidylinositol 3-kinase/protein kinase B signal transduction,10,-0.8288213134533345,-1.675708888213736,-1.0178991502364225,0.5179827057717449,0.32216778322167783,0.7997537654547503,False
GO_BP,PDOL,GO:0043502,regulation of muscle adaptation,8,0.07741223504148083,-0.1400972981241603,-0.5890931874279423,0.4420074778175321,0.32666733326667335,0.7997537654547503,False
GO_BP,PDOL,GO:0043523,regulation of neuron apoptotic process,23,-0.8253171366703017,-0.761677185579049,-0.8528517993133828,-0.018052644224085812,0.48655134486551344,0.7997537654547503,False
GO_BP,PDOL,GO:0043524,negative regulation of neuron apoptotic process,13,-1.018539296785422,-1.2070158871731016,-1.343208826679969,0.25657306014111336,0.39536046395360464,0.7997537654547503,False
GO_BP,PDOL,GO:0043525,positive regulation of neuron apoptotic process,7,-0.4979480369313562,-0.5161211884633993,-0.9243665231017941,0.22229581885124056,0.38666133386661333,0.7997537654547503,False
GO_BP,PDOL,GO:0043535,regulation of blood vessel endothelial cell migration,8,-1.2574915871092789,-1.2847475350279272,-1.299796682114766,0.03478052146206778,0.47355264473552644,0.7997537654547503,False
GO_BP,PDOL,GO:0043536,positive regulation of blood vessel endothelial cell migration,7,-1.3443252790738212,-1.3311564030738572,-1.1877337947710556,-0.08488018015136478,0.5102489751024898,0.7997537654547503,False
GO_BP,PDOL,GO:0043542,endothelial cell migration,5,-0.8281086437153374,-0.8602472228460734,-0.9462487066952434,0.07513932105532095,0.39716028397160286,0.7997537654547503,False
GO_BP,PDOL,GO:0043549,regulation of kinase activity,12,-0.4002545495758296,-0.40379099832187526,0.5690063721359561,-0.48286223648287,0.6404359564043596,0.8009199080091991,False
GO_BP,PDOL,GO:0043588,skin development,7,-1.3550670190115648,-1.3301185717522388,-1.0226388086544573,-0.17868832880821683,0.5229477052294771,0.7997537654547503,False
GO_BP,PDOL,GO:0043627,response to estrogen,7,0.431411165690205,0.3401588608349402,-0.4930642420511273,0.5078638562982986,0.3231676832316768,0.7997537654547503,False
GO_BP,PDOL,GO:0043632,modification-dependent macromolecule catabolic process,5,2.8192070911232805,1.0199302886014145,0.047619893082024405,2.285432000281561,0.048795120487951205,0.7997537654547503,False
GO_BP,PDOL,GO:0043687,post-translational protein modification,18,1.8412798438485618,1.0113045621781678,-0.494922632112487,1.5830888788157214,0.10008999100089991,0.7997537654547503,False
GO_BP,PDOL,GO:0043933,protein-containing complex organization,26,1.2339565682083449,0.0002924276730638562,-0.4640152030525499,1.465817955898088,0.11868813118688132,0.7997537654547503,False
GO_BP,PDOL,GO:0044057,regulation of system process,60,-1.12703308264015,-1.3055342285275817,-1.2777587003066142,0.16461338177694795,0.43375662433756623,0.7997537654547503,False
GO_BP,PDOL,GO:0044085,cellular component biogenesis,48,1.6164521553592692,1.596539731402022,0.3757807198345414,0.6302919297409875,0.2973702629737026,0.7997537654547503,False
GO_BP,PDOL,GO:0044087,regulation of cellular component biogenesis,45,-0.23891411525691872,-0.5280990038553081,0.550388938184678,-0.2500590824216037,0.5658434156584341,0.7997537654547503,False
GO_BP,PDOL,GO:0044089,positive regulation of cellular component biogenesis,23,0.004110240823577759,-0.6739717819185536,-0.25745327248212885,0.4698227680239189,0.3147685231476852,0.7997537654547503,False
GO_BP,PDOL,GO:0044092,negative regulation of molecular function,9,-0.17762896417251914,-0.01813451521527093,0.9358927485800065,-0.636508080854887,0.6875312468753124,0.8055371886185417,False
GO_BP,PDOL,GO:0044093,positive regulation of molecular function,26,-0.8266145262238943,-1.8965634506840177,-1.349347132153218,0.7963407651947235,0.2522747725227477,0.7997537654547503,False
GO_BP,PDOL,GO:0044281,small molecule metabolic process,80,0.7410252227762649,1.227044969112957,1.372271355753305,-0.558632939656866,0.6694330566943306,0.8033058431305515,False
GO_BP,PDOL,GO:0044282,small molecule catabolic process,14,0.15949183252850252,-0.005700672232595187,0.38354020247359316,-0.02942793259199647,0.4714528547145285,0.7997537654547503,False
GO_BP,PDOL,GO:0044283,small molecule biosynthetic process,35,-0.012148199153647827,-0.43322284501349173,-0.27252099819263403,0.34072372244941507,0.37266273372662734,0.7997537654547503,False
GO_BP,PDOL,GO:0044403,biological process involved in symbiotic interaction,8,-1.0511380256873666,-1.3441490840555443,-1.8546374270648558,0.5482552298728336,0.2765723427657234,0.7997537654547503,False
GO_BP,PDOL,GO:0044409,symbiont entry into host,6,-0.8154569671703383,-0.9321509725317503,-1.2895956489886053,0.2954163435898395,0.3244675532446755,0.7997537654547503,False
GO_BP,PDOL,GO:0044419,biological process involved in interspecies interaction between organisms,64,-0.6065980204134176,-1.0294752276645895,-1.7844509739072165,0.8003650803724853,0.2460753924607539,0.7997537654547503,False
GO_BP,PDOL,GO:0044597,daunorubicin metabolic process,5,-0.6636776875503992,-0.05094058655233199,1.1348678565049282,-1.2056413225266973,0.8797120287971203,0.9053474599769574,False
GO_BP,PDOL,GO:0044598,doxorubicin metabolic process,5,-0.6636776875503992,-0.05094058655233199,1.1348678565049282,-1.2056413225266973,0.8797120287971203,0.9053474599769574,False
GO_BP,PDOL,GO:0044703,multi-organism reproductive process,14,-1.350640985953268,-1.4610357241433833,-1.294491988128472,0.027122870182659797,0.4791520847915208,0.7997537654547503,False
GO_BP,PDOL,GO:0044706,multi-multicellular organism process,14,-1.350640985953268,-1.4610357241433833,-1.294491988128472,0.027122870182659797,0.4791520847915208,0.7997537654547503,False
GO_BP,PDOL,GO:0044770,cell cycle phase transition,8,-0.9124333049437319,-0.5208363037049256,0.1767516470638554,-0.7403909766231968,0.7896210378962104,0.8493280756962226,False
GO_BP,PDOL,GO:0044772,mitotic cell cycle phase transition,7,-0.8346856013901561,-0.44172385592944924,0.2526631819672964,-0.7401552644090797,0.7924207579242076,0.8513984948495309,False
GO_BP,PDOL,GO:0044839,cell cycle G2/M phase transition,7,-0.8853899193974761,-0.495631273344247,0.18850199270566884,-0.7318252790781871,0.7886211378862114,0.8492284687776045,False
GO_BP,PDOL,GO:0045087,innate immune response,18,-0.024455919302613982,0.33311527274449687,-0.013000817391006367,-0.18451314697935922,0.5501449855014499,0.7997537654547503,False
GO_BP,PDOL,GO:0045088,regulation of innate immune response,32,-1.1747237913447803,0.21916531113462898,1.2326031656718983,-1.900608029748044,0.9434056594340566,0.9558645780799708,False
GO_BP,PDOL,GO:0045089,positive regulation of innate immune response,17,-1.3136332272011086,-0.877702280829618,-0.6998439317261934,-0.5248601209232029,0.6514348565143485,0.8020133445239224,False
GO_BP,PDOL,GO:0045137,development of primary sexual characteristics,8,0.01209248298006285,0.09115659554892608,-0.15961823968005642,0.046323305045628024,0.44945505449455053,0.7997537654547503,False
GO_BP,PDOL,GO:0045165,cell fate commitment,5,-0.26177665576690085,-0.6219607651474962,-1.5303524653297533,0.814379959471724,0.22287771222877711,0.7997537654547503,False
GO_BP,PDOL,GO:0045184,establishment of protein localization,15,-1.4676956695017804,-1.4243499082747726,-1.441847021979332,-0.03459720437472824,0.49185081491850813,0.7997537654547503,False
GO_BP,PDOL,GO:0045187,"regulation of circadian sleep/wake cycle, sleep",6,-0.2911160960076002,-0.6337687172013339,-0.4239643596934297,0.23775044243978166,0.3905609439056094,0.7997537654547503,False
GO_BP,PDOL,GO:0045229,external encapsulating structure organization,11,-1.6604020788842317,-1.5702384029052825,-1.6719378714928996,-0.039313941685140685,0.48225177482251774,0.7997537654547503,False
GO_BP,PDOL,GO:0045321,leukocyte activation,23,0.34507910036160616,0.3568230698375257,0.04652314724832938,0.1434059918186786,0.43475652434756523,0.7997537654547503,False
GO_BP,PDOL,GO:0045428,regulation of nitric oxide biosynthetic process,13,-1.2023337986257383,-1.3030410365484162,-0.8996494357832318,-0.10098856245991428,0.5131486851314868,0.7997537654547503,False
GO_BP,PDOL,GO:0045429,positive regulation of nitric oxide biosynthetic process,11,-1.077661287945985,-1.2249565212820341,-0.9024028995182203,-0.013981577545857826,0.48235176482351766,0.7997537654547503,False
GO_BP,PDOL,GO:0045471,response to ethanol,20,0.07483744300982037,-0.9810290892457508,-0.7779358230146936,0.9543198991400426,0.21397860213978603,0.7997537654547503,False
GO_BP,PDOL,GO:0045595,regulation of cell differentiation,64,-0.47333014670568463,-1.16387131645348,-1.4402580456008844,0.8287345343214977,0.24347565243475652,0.7997537654547503,False
GO_BP,PDOL,GO:0045596,negative regulation of cell differentiation,21,-0.19026321882956398,-0.013318099123276092,0.42565695895,-0.39643264874292594,0.6156384361563844,0.7997537654547503,False
GO_BP,PDOL,GO:0045597,positive regulation of cell differentiation,45,-0.3938999636089697,-1.5982269725596598,-2.100011393273118,1.4552192193074192,0.11678832116788321,0.7997537654547503,False
GO_BP,PDOL,GO:0045598,regulation of fat cell differentiation,11,-0.6052831712853732,-0.7159581034493685,-1.1240427916207953,0.3147172762497087,0.36796320367963203,0.7997537654547503,False
GO_BP,PDOL,GO:0045600,positive regulation of fat cell differentiation,6,-0.8990552775783418,-0.9715721524314234,-1.1757047259752202,0.17458316162498,0.42915708429157085,0.7997537654547503,False
GO_BP,PDOL,GO:0045619,regulation of lymphocyte differentiation,6,-0.9315716624851161,-0.3055985025893402,0.22571674531880553,-0.8916307838498488,0.7665233476652334,0.8409116894217751,False
GO_BP,PDOL,GO:0045621,positive regulation of lymphocyte differentiation,5,-1.1093232672438638,-1.0112718099839169,-0.8997871030420226,-0.15379381073089404,0.5089491050894911,0.7997537654547503,False
GO_BP,PDOL,GO:0045637,regulation of myeloid cell differentiation,9,-0.5499723094348287,-0.2711846574085681,-0.02144832196184859,-0.4036558197496203,0.6287371262873712,0.7997537654547503,False
GO_BP,PDOL,GO:0045639,positive regulation of myeloid cell differentiation,6,-0.571885641004124,-0.677751423957489,-0.79356473697696,0.1637724394631005,0.39476052394760525,0.7997537654547503,False
GO_BP,PDOL,GO:0045646,regulation of erythrocyte differentiation,6,-0.8314853945809311,-0.7547004110269839,-1.1947998351181734,0.14326472849164762,0.3712628737126287,0.7997537654547503,False
GO_BP,PDOL,GO:0045648,positive regulation of erythrocyte differentiation,5,-0.8029982377957932,-0.8644110721319477,-1.0022910570114933,0.1303528267759273,0.39806019398060194,0.7997537654547503,False
GO_BP,PDOL,GO:0045664,regulation of neuron differentiation,6,-0.28641030122750755,-0.8030717372661459,-0.7767784554124854,0.5035147951118081,0.3147685231476852,0.7997537654547503,False
GO_BP,PDOL,GO:0045667,regulation of osteoblast differentiation,7,0.37155298142818155,-0.48489823983042396,-0.7695768072485732,0.9987905049676802,0.17118288171182883,0.7997537654547503,False
GO_BP,PDOL,GO:0045732,positive regulation of protein catabolic process,14,-0.3073437198868684,-1.1270233938758376,-1.1256997332450058,0.8190178436735531,0.24467553244675533,0.7997537654547503,False
GO_BP,PDOL,GO:0045739,positive regulation of DNA repair,8,1.326523561292092,0.46625963737279624,0.36888710980970324,0.9089501877008423,0.20707929207079293,0.7997537654547503,False
GO_BP,PDOL,GO:0045744,negative regulation of G protein-coupled receptor signaling pathway,9,1.1212709243348724,0.5537830644000894,-0.64156845526321,1.1651636197664328,0.1690830916908309,0.7997537654547503,False
GO_BP,PDOL,GO:0045745,positive regulation of G protein-coupled receptor signaling pathway,7,-0.6779412962470523,-0.6586108189362302,-0.39558974147658343,-0.15084101604064548,0.5129487051294871,0.7997537654547503,False
GO_BP,PDOL,GO:0045761,regulation of adenylate cyclase activity,9,-1.0279228570669465,-1.4354587411180508,-1.4986366335887167,0.43912483028643723,0.3013698630136986,0.7997537654547503,False
GO_BP,PDOL,GO:0045762,positive regulation of adenylate cyclase activity,7,-1.1139447837066982,-1.7454945837670846,-1.1690713464744842,0.3433381814140861,0.3685631436856314,0.7997537654547503,False
GO_BP,PDOL,GO:0045765,regulation of angiogenesis,21,0.5069242710680569,0.7025789971806649,0.9725803718662288,-0.33065541345538996,0.5847415258474152,0.7997537654547503,False
GO_BP,PDOL,GO:0045766,positive regulation of angiogenesis,12,0.4044140254652198,0.24286185642390595,-0.3336724697090815,0.44981933210780756,0.31866813318668136,0.7997537654547503,False
GO_BP,PDOL,GO:0045776,negative regulation of blood pressure,7,0.17179449404061448,0.05861135786286488,0.14881597873079144,0.06808082574378632,0.43665633436656337,0.7997537654547503,False
GO_BP,PDOL,GO:0045777,positive regulation of blood pressure,7,0.2458055044061554,-0.17954132464621905,0.6613868977098321,0.0048827178743489075,0.46255374462553744,0.7997537654547503,False
GO_BP,PDOL,GO:0045778,positive regulation of ossification,5,0.8014356858205661,0.5434115259236181,0.9477444059474169,0.05585771988504862,0.39486051394860516,0.7997537654547503,False
GO_BP,PDOL,GO:0045785,positive regulation of cell adhesion,27,-0.729283452282586,-0.7176958939512542,-0.18030241257441584,-0.28028429901975094,0.567943205679432,0.7997537654547503,False
GO_BP,PDOL,GO:0045786,negative regulation of cell cycle,7,-0.7830840696658479,-0.580675994755047,-0.8196790030156424,-0.08290657078050312,0.5168483151684832,0.7997537654547503,False
GO_BP,PDOL,GO:0045787,positive regulation of cell cycle,23,-1.7019901623268208,-1.5448553157381735,-0.5263094940935432,-0.6664077574109624,0.6999300069993001,0.8092076167877283,False
GO_BP,PDOL,GO:0045807,positive regulation of endocytosis,7,-1.3604062567669732,-1.115220298679794,-1.3200237626899693,-0.14278422608209151,0.5172482751724827,0.7997537654547503,False
GO_BP,PDOL,GO:0045814,"negative regulation of gene expression, epigenetic",9,0.7270139373581952,1.6753721924889629,1.343051927722876,-0.7821981227477244,0.7358264173582642,0.8272002173432764,False
GO_BP,PDOL,GO:0045823,positive regulation of heart contraction,6,0.519062500526022,0.5460561204592626,2.4576406646439657,-0.9827858920255922,0.8078192180781922,0.8588355158123443,False
GO_BP,PDOL,GO:0045824,negative regulation of innate immune response,7,-0.5407719083234787,0.8644989848516187,1.37389834915969,-1.6599705753291327,0.9295070492950704,0.9448507799089768,False
GO_BP,PDOL,GO:0045833,negative regulation of lipid metabolic process,8,2.3392965015621767,2.5703656203868293,1.1366308686634699,0.48579825703702717,0.291970802919708,0.7997537654547503,False
GO_BP,PDOL,GO:0045834,positive regulation of lipid metabolic process,19,0.06854706304744339,-0.20291110768609277,-0.5483370042000083,0.44417111899049394,0.3461653834616538,0.7997537654547503,False
GO_BP,PDOL,GO:0045840,positive regulation of mitotic nuclear division,5,-0.6246498451432018,-1.0145891462706838,-0.5034391857296363,0.13436432085695826,0.3805619438056194,0.7997537654547503,False
GO_BP,PDOL,GO:0045859,regulation of protein kinase activity,11,-0.14568074285809277,-0.32179696890975285,0.7658116991818315,-0.3676881079941321,0.5994400559944005,0.7997537654547503,False
GO_BP,PDOL,GO:0045860,positive regulation of protein kinase activity,10,-0.7705444387255388,-0.9163786239802812,-0.29897453243311517,-0.1628678605188406,0.5132486751324867,0.7997537654547503,False
GO_BP,PDOL,GO:0045862,positive regulation of proteolysis,5,-0.09345647813653421,-0.45038236493176004,-0.482166120900549,0.37281776477962025,0.34426557344265574,0.7997537654547503,False
GO_BP,PDOL,GO:0045892,negative regulation of DNA-templated transcription,49,0.724427389014027,1.0108791806128419,0.047071161239750504,0.19545221808773083,0.43355664433556645,0.7997537654547503,False
GO_BP,PDOL,GO:0045893,positive regulation of DNA-templated transcription,58,0.04147270345448079,0.3213983980592811,-0.950001747599523,0.35577437822460173,0.38586141385861417,0.7997537654547503,False
GO_BP,PDOL,GO:0045907,positive regulation of vasoconstriction,9,-1.0674853566126776,-1.3136891904009091,-1.0212307493205015,0.0999746132480277,0.40835916408359163,0.7997537654547503,False
GO_BP,PDOL,GO:0045913,positive regulation of carbohydrate metabolic process,7,-1.3694672498019511,-0.9041605908470695,-0.3199683245045517,-0.7574027921261406,0.7242275772422758,0.8224666492341303,False
GO_BP,PDOL,GO:0045923,positive regulation of fatty acid metabolic process,6,-0.20826335254877967,-0.24795624599224916,-0.7798050350472017,0.3056172879709457,0.38506149385061494,0.7997537654547503,False
GO_BP,PDOL,GO:0045926,negative regulation of growth,7,-0.13634240221137145,0.20446221965951306,-0.35157656061889286,-0.06278523173168155,0.49065093490650935,0.7997537654547503,False
GO_BP,PDOL,GO:0045927,positive regulation of growth,13,-0.647978127632436,-1.0141819588842071,-0.3326926175824449,0.02545916060089004,0.4774522547745225,0.7997537654547503,False
GO_BP,PDOL,GO:0045931,positive regulation of mitotic cell cycle,12,-1.4772118218496908,-1.1865610618067186,-0.15924024871064332,-0.8043111665910099,0.7413258674132587,0.8288882260019403,False
GO_BP,PDOL,GO:0045933,positive regulation of muscle contraction,9,-0.31044476274844,-0.7756927710090555,-0.29129149288993467,0.22304736920105506,0.33186681331866813,0.7997537654547503,False
GO_BP,PDOL,GO:0045934,negative regulation of nucleobase-containing compound metabolic process,56,0.6254148697887252,0.8597585938605556,-0.37662763852666753,0.38384939212178115,0.37716228377162286,0.7997537654547503,False
GO_BP,PDOL,GO:0045936,negative regulation of phosphate metabolic process,6,0.41467162963692633,1.2707191227937704,2.5664018966366795,-1.5038888800782986,0.8947105289471053,0.9172497865218955,False
GO_BP,PDOL,GO:0045937,positive regulation of phosphate metabolic process,22,-1.5976730805995396,-2.2900628285470015,-1.0344050617824485,0.0645608645651854,0.46715328467153283,0.7997537654547503,False
GO_BP,PDOL,GO:0045944,positive regulation of transcription by RNA polymerase II,44,0.49227708478069043,0.9609136284054249,-0.41315687816359675,0.21839870965977637,0.43005699430056993,0.7997537654547503,False
GO_BP,PDOL,GO:0045981,positive regulation of nucleotide metabolic process,8,-0.8955264728835935,-1.0450293442003091,-1.3782851145858401,0.31613075650948097,0.37966203379662034,0.7997537654547503,False
GO_BP,PDOL,GO:0045987,positive regulation of smooth muscle contraction,6,-0.5709768601356182,-0.829094255050472,-0.6584270463368488,0.17278379055804216,0.33486651334866513,0.7997537654547503,False
GO_BP,PDOL,GO:0046034,ATP metabolic process,7,0.7627199558428245,1.513381773472279,0.8746946565993149,-0.4313182591929724,0.6148385161483851,0.7997537654547503,False
GO_BP,PDOL,GO:0046149,pigment catabolic process,5,4.996696359209116,4.5698376763425035,2.702290550601778,1.360632245736975,0.0801919808019198,0.7997537654547503,False
GO_BP,PDOL,GO:0046165,alcohol biosynthetic process,6,3.064348224949153,2.445776998405381,1.6414254806201798,1.0207469854363724,0.19118088191180882,0.7997537654547503,False
GO_BP,PDOL,GO:0046209,nitric oxide metabolic process,7,-0.4503402832189176,-0.4869327183946216,0.035743586682717446,-0.22474571736296553,0.5488451154884512,0.7997537654547503,False
GO_BP,PDOL,GO:0046320,regulation of fatty acid oxidation,5,-0.2662821594853376,-0.6173445778287355,-0.9638245154611943,0.5243023871596273,0.32056794320567944,0.7997537654547503,False
GO_BP,PDOL,GO:0046328,regulation of JNK cascade,13,-0.48604779045157687,-0.3670320078334829,1.0160079297623623,-0.8105357514160165,0.7437256274372562,0.829512854243651,False
GO_BP,PDOL,GO:0046330,positive regulation of JNK cascade,7,0.06851769548285665,0.15912316254020853,1.4844766881687885,-0.7532822298716418,0.7319268073192681,0.8267022863769553,False
GO_BP,PDOL,GO:0046394,carboxylic acid biosynthetic process,26,-0.1213205873422245,-0.5907095946769079,-0.6357873641169239,0.49192789205469145,0.3244675532446755,0.7997537654547503,False
GO_BP,PDOL,GO:0046395,carboxylic acid catabolic process,6,0.05931819625246859,0.22648234028462363,0.3911150423376232,-0.24948049505865483,0.559044095590441,0.7997537654547503,False
GO_BP,PDOL,GO:0046425,regulation of receptor signaling pathway via JAK-STAT,7,-0.4177921630022691,-0.10356218281927934,0.5743356542252782,-0.6531788987052686,0.7691230876912308,0.8410037500922803,False
GO_BP,PDOL,GO:0046427,positive regulation of receptor signaling pathway via JAK-STAT,6,-0.5373425670905989,-0.4808569147669623,-0.5716701312795699,-0.011079044067332844,0.43585641435856415,0.7997537654547503,False
GO_BP,PDOL,GO:0046434,organophosphate catabolic process,10,-0.2860901824254067,-0.23084440542763213,-0.43429377272365255,0.04647890665023563,0.4383561643835616,0.7997537654547503,False
GO_BP,PDOL,GO:0046456,icosanoid biosynthetic process,11,-0.7049900421591077,-0.6738705033972213,-1.0031693208332835,0.1335298699561448,0.40435956404359563,0.7997537654547503,False
GO_BP,PDOL,GO:0046457,prostanoid biosynthetic process,8,-0.6594774314399612,-0.6005125925389434,-0.7896498874439026,0.035603808551461835,0.43395660433956607,0.7997537654547503,False
GO_BP,PDOL,GO:0046461,neutral lipid catabolic process,5,0.9277449740451207,1.2728609152971722,0.5002795678475088,0.04117473247278025,0.46665333466653336,0.7997537654547503,False
GO_BP,PDOL,GO:0046464,acylglycerol catabolic process,5,0.9277449740451207,1.2728609152971722,0.5002795678475088,0.04117473247278025,0.46665333466653336,0.7997537654547503,False
GO_BP,PDOL,GO:0046486,glycerolipid metabolic process,11,0.83881352239439,0.5276312581958792,0.4626204138423084,0.34368768637529623,0.32086791320867913,0.7997537654547503,False
GO_BP,PDOL,GO:0046496,nicotinamide nucleotide metabolic process,6,0.2079639360290499,0.5789343768668678,0.4968130171537711,-0.3299097609812695,0.5724427557244276,0.7997537654547503,False
GO_BP,PDOL,GO:0046503,glycerolipid catabolic process,6,0.88847616124646,1.2002736921786958,0.47862664425609736,0.04902599302906341,0.46555344465553444,0.7997537654547503,False
GO_BP,PDOL,GO:0046545,development of primary female sexual characteristics,5,-0.5404465631124131,-0.28253971398234407,0.24408667172521473,-0.5212200419838484,0.6774322567743226,0.8033058431305515,False
GO_BP,PDOL,GO:0046546,development of primary male sexual characteristics,5,0.7001525260686021,0.6125679875498287,-0.5433962623194384,0.665566663453407,0.25517448255174485,0.7997537654547503,False
GO_BP,PDOL,GO:0046618,xenobiotic export from cell,5,-1.0371596118938824,-0.06847126658410455,0.3099088640381599,-1.1578784106209101,0.8617138286171383,0.8932050316563028,False
GO_BP,PDOL,GO:0046626,regulation of insulin receptor signaling pathway,7,1.1781840074883614,2.6599234858023073,4.039808227814457,-2.1716818493200205,0.9721027897210279,0.9754376191883385,False
GO_BP,PDOL,GO:0046649,lymphocyte activation,16,-0.311394440979507,-0.038170219303419184,0.08503178847287259,-0.3348252255642337,0.5921407859214078,0.7997537654547503,False
GO_BP,PDOL,GO:0046660,female sex differentiation,5,-0.5404465631124131,-0.28253971398234407,0.24408667172521473,-0.5212200419838484,0.6774322567743226,0.8033058431305515,False
GO_BP,PDOL,GO:0046661,male sex differentiation,6,0.5607929254404946,0.7828486663259142,-0.27384221733554187,0.3062897009453085,0.35476452354764526,0.7997537654547503,False
GO_BP,PDOL,GO:0046676,negative regulation of insulin secretion,5,-0.25714837278955427,-0.6790843266761483,-1.0133833922701436,0.5890854866835917,0.198980101989801,0.7997537654547503,False
GO_BP,PDOL,GO:0046683,response to organophosphorus,9,0.13897022387562072,-0.14935065812261714,0.5473208736977511,-0.06001488391194623,0.47455254474552544,0.7997537654547503,False
GO_BP,PDOL,GO:0046718,symbiont entry into host cell,6,-0.8154569671703383,-0.9321509725317503,-1.2895956489886053,0.2954163435898395,0.3244675532446755,0.7997537654547503,False
GO_BP,PDOL,GO:0046777,protein autophosphorylation,17,-1.1656705155940026,-1.8108365020716048,-1.3348385949777297,0.4071670329306647,0.35336466353364665,0.7997537654547503,False
GO_BP,PDOL,GO:0046822,regulation of nucleocytoplasmic transport,8,-0.2441302710031928,-1.1810572885881383,-1.127325566863562,0.9100611567226575,0.2288771122887711,0.7997537654547503,False
GO_BP,PDOL,GO:0046824,positive regulation of nucleocytoplasmic transport,8,-0.2441302710031928,-1.1810572885881383,-1.127325566863562,0.9100611567226575,0.2288771122887711,0.7997537654547503,False
GO_BP,PDOL,GO:0046883,regulation of hormone secretion,22,-0.0337372549939446,0.018665542609104004,0.38698715240648973,-0.23656360250174147,0.5532446755324467,0.7997537654547503,False
GO_BP,PDOL,GO:0046887,positive regulation of hormone secretion,10,-0.00233268819803255,0.07269765307557823,0.3362689250156619,-0.20681597724365264,0.5477452254774523,0.7997537654547503,False
GO_BP,PDOL,GO:0046888,negative regulation of hormone secretion,7,-0.4198303346612881,-1.144707221832598,-1.0485701064858044,0.676808329497913,0.23807619238076191,0.7997537654547503,False
GO_BP,PDOL,GO:0046889,positive regulation of lipid biosynthetic process,13,-0.49310434303867917,-0.3850919588153131,-0.15463088196303415,-0.22324292264950557,0.5569443055694431,0.7997537654547503,False
GO_BP,PDOL,GO:0046890,regulation of lipid biosynthetic process,17,-0.5222598726375862,-0.4701547300299468,-0.2560107082867509,-0.1591771534792374,0.5335466453354665,0.7997537654547503,False
GO_BP,PDOL,GO:0046902,regulation of mitochondrial membrane permeability,5,0.07957845539801393,-0.6769932271260336,-0.9359463336753497,0.8860482357987056,0.20687931206879312,0.7997537654547503,False
GO_BP,PDOL,GO:0046903,secretion,19,-1.330669677320789,-0.8534178755835087,-0.5740680595717501,-0.6169267097431594,0.6811318868113189,0.8040587070325225,False
GO_BP,PDOL,GO:0046907,intracellular transport,18,-0.7209116432679366,-0.7244886476547236,-0.8909317018958569,0.08679853150735373,0.4527547245275472,0.7997537654547503,False
GO_BP,PDOL,GO:0046942,carboxylic acid transport,26,1.1983479061222793,1.112993052790647,-0.15735123028123052,0.720526994867571,0.2625737426257374,0.7997537654547503,False
GO_BP,PDOL,GO:0048009,insulin-like growth factor receptor signaling pathway,6,-0.5486001589510957,-1.0798398254831119,-0.31217511845590445,0.14740731301841248,0.41575842415758424,0.7997537654547503,False
GO_BP,PDOL,GO:0048010,vascular endothelial growth factor receptor signaling pathway,9,-0.9385185583549528,-1.3366863975222059,-0.9142255725059005,0.1869374266591003,0.40005999400059994,0.7997537654547503,False
GO_BP,PDOL,GO:0048013,ephrin receptor signaling pathway,7,-1.1441719982751952,-0.8319504141245616,0.2676912442177635,-0.8620424133217962,0.7541245875412459,0.8346824891978887,False
GO_BP,PDOL,GO:0048148,behavioral response to cocaine,6,-0.7183701615816842,-1.0133953402979152,-1.7583782710618483,0.6675166440981974,0.2425757424257574,0.7997537654547503,False
GO_BP,PDOL,GO:0048167,regulation of synaptic plasticity,16,0.35674001106088704,-0.37999961880701444,-0.4410850463592691,0.7672823436440288,0.25517448255174485,0.7997537654547503,False
GO_BP,PDOL,GO:0048168,regulation of neuronal synaptic plasticity,6,-0.9514554653856577,-1.1933198810267784,-0.9768561979378274,0.1336325740966453,0.40305969403059694,0.7997537654547503,False
GO_BP,PDOL,GO:0048169,regulation of long-term neuronal synaptic plasticity,5,-0.8752125474699449,-1.1697847837425528,-0.7939951624886639,0.1066774256456634,0.41115888411158885,0.7997537654547503,False
GO_BP,PDOL,GO:0048259,regulation of receptor-mediated endocytosis,6,-1.2189984759106225,-0.707925310167346,-0.6467426019762295,-0.5416645198388348,0.6544345565443456,0.8020133445239224,False
GO_BP,PDOL,GO:0048285,organelle fission,6,-0.047099112636613594,-0.09652378393307429,0.18334080300375677,-0.09050762217195484,0.4961503849615039,0.7997537654547503,False
GO_BP,PDOL,GO:0048384,retinoic acid receptor signaling pathway,5,2.2013439751601758,1.2921430893356451,-0.16357529236120216,1.6370600766729542,0.09989001099890012,0.7997537654547503,False
GO_BP,PDOL,GO:0048468,cell development,52,-0.2542457963911523,-0.6668345332984172,-0.7171962066438988,0.4377695735800057,0.35576442355764426,0.7997537654547503,False
GO_BP,PDOL,GO:0048469,cell maturation,5,0.2904142095409179,-0.05621842445252109,-0.8671887126532055,0.7521177780937812,0.25777422257774224,0.7997537654547503,False
GO_BP,PDOL,GO:0048511,rhythmic process,22,0.6665415059794105,0.61826882727486,0.5645615610151088,0.0751263118344262,0.46395360463953605,0.7997537654547503,False
GO_BP,PDOL,GO:0048513,animal organ development,90,0.08855593204505115,0.36662185417343757,-1.4047278522179465,0.6076089310673056,0.3006699330066993,0.7997537654547503,False
GO_BP,PDOL,GO:0048514,blood vessel morphogenesis,16,-0.4919478161690902,-0.769718890063115,-1.1129628680747712,0.4493930628998528,0.33256674332566744,0.7997537654547503,False
GO_BP,PDOL,GO:0048519,negative regulation of biological process,183,0.8812525260558912,1.0228089311579445,0.2213649382776067,0.2591655913381157,0.41685831416858316,0.7997537654547503,False
GO_BP,PDOL,GO:0048520,positive regulation of behavior,5,-0.2707556417353809,-0.6420005557607701,-0.78331195880985,0.4419006155499292,0.29757024297570245,0.7997537654547503,False
GO_BP,PDOL,GO:0048523,negative regulation of cellular process,178,0.6839122467640774,0.8750528118063136,0.31203353908698145,0.09036907131742988,0.46415358464153583,0.7997537654547503,False
GO_BP,PDOL,GO:0048545,response to steroid hormone,33,1.661490524747203,1.7731283543593952,0.11705454289558864,0.716399076119711,0.2722727727227277,0.7997537654547503,False
GO_BP,PDOL,GO:0048568,embryonic organ development,7,1.5145610133927208,1.3768178519237595,-0.28497794943310195,0.968641062147392,0.21477852214778523,0.7997537654547503,False
GO_BP,PDOL,GO:0048583,regulation of response to stimulus,180,-0.9565040330268664,-1.5700478264202375,-1.6358218531920399,0.6464308067792723,0.296970302969703,0.7997537654547503,False
GO_BP,PDOL,GO:0048584,positive regulation of response to stimulus,132,-1.4990630094497044,-2.0158537592336216,-2.1340385218104005,0.5758831310723067,0.31966803319668036,0.7997537654547503,False
GO_BP,PDOL,GO:0048585,negative regulation of response to stimulus,84,-0.013026043675305793,-0.15240385864145284,-0.29402941501484636,0.2101905931528438,0.41915808419158085,0.7997537654547503,False
GO_BP,PDOL,GO:0048598,embryonic morphogenesis,8,-1.005581118834719,-1.1443471656028843,-1.0837728060838254,0.10847886700863585,0.42745725427457254,0.7997537654547503,False
GO_BP,PDOL,GO:0048608,reproductive structure development,10,0.019083631174308457,0.5344609775819307,0.7876416602780645,-0.6419676877556891,0.6976302369763023,0.80794593146476,False
GO_BP,PDOL,GO:0048609,multicellular organismal reproductive process,17,0.07677066196915625,0.9280976099345449,-0.1283009701718095,-0.32312765791221143,0.5927407259274072,0.7997537654547503,False
GO_BP,PDOL,GO:0048638,regulation of developmental growth,11,0.42244419027190083,0.031727647694473705,0.05041175949969899,0.3813744866748145,0.3685631436856314,0.7997537654547503,False
GO_BP,PDOL,GO:0048639,positive regulation of developmental growth,6,0.3402891488494417,0.09214319246879094,0.5807794192981437,0.003827842965974382,0.47695230476952305,0.7997537654547503,False
GO_BP,PDOL,GO:0048646,anatomical structure formation involved in morphogenesis,16,-0.16370143020285532,-0.7713793459763759,-0.8985668594364363,0.6712716725035508,0.28317168283171684,0.7997537654547503,False
GO_BP,PDOL,GO:0048660,regulation of smooth muscle cell proliferation,16,-1.0460059238241302,-1.349419859518079,-1.0252617632728622,0.1413348875713405,0.4453554644535546,0.7997537654547503,False
GO_BP,PDOL,GO:0048661,positive regulation of smooth muscle cell proliferation,13,-1.1029304233932289,-1.386177458791927,-0.898520042337663,0.039418327171566236,0.4684531546845315,0.7997537654547503,False
GO_BP,PDOL,GO:0048666,neuron development,21,0.8290020019765532,0.4802472952753542,0.31182566643916054,0.43296552111929576,0.3518648135186481,0.7997537654547503,False
GO_BP,PDOL,GO:0048667,cell morphogenesis involved in neuron differentiation,8,-0.4248172937478913,0.13224924939709923,0.4241647009326608,-0.7030242689127713,0.7153284671532847,0.8157254449993597,False
GO_BP,PDOL,GO:0048678,response to axon injury,5,-0.325435858947039,-0.5204100193746896,-0.3830056265867871,0.12627196403369928,0.4022597740225977,0.7997537654547503,False
GO_BP,PDOL,GO:0048699,generation of neurons,30,-0.38732524253715783,-0.7949984538459615,-0.7226298182100748,0.37148889349086023,0.36036396360363965,0.7997537654547503,False
GO_BP,PDOL,GO:0048708,astrocyte differentiation,6,-0.08504896351440311,-0.27176993059027965,-0.0023219406981551402,0.0519969721298143,0.43145685431456854,0.7997537654547503,False
GO_BP,PDOL,GO:0048729,tissue morphogenesis,7,-1.1951534319505297,-1.7527382646410972,-1.5574874041850244,0.4599594024625311,0.3271672832716728,0.7997537654547503,False
GO_BP,PDOL,GO:0048731,system development,108,-0.1169119300939408,0.11520048460990456,-0.8299945629560482,0.24048510907913107,0.41275872412758724,0.7997537654547503,False
GO_BP,PDOL,GO:0048732,gland development,19,0.4081298116887385,1.0485761410667722,-0.38655373362587164,0.07711860796828823,0.45635436456354367,0.7997537654547503,False
GO_BP,PDOL,GO:0048771,tissue remodeling,9,-1.5386481096475597,-1.2669655482959408,-0.988448681499477,-0.4109409947498508,0.6192380761923808,0.7997537654547503,False
GO_BP,PDOL,GO:0048812,neuron projection morphogenesis,10,-0.1997067671002399,-0.015897971484333327,0.21753926096304751,-0.30052741183959697,0.5663433656634337,0.7997537654547503,False
GO_BP,PDOL,GO:0048856,anatomical structure development,139,-0.2697942020494133,0.24496400106294214,-0.4321044188013193,-0.17622399318022472,0.5418458154184581,0.7997537654547503,False
GO_BP,PDOL,GO:0048858,cell projection morphogenesis,10,-0.1997067671002399,-0.015897971484333327,0.21753926096304751,-0.30052741183959697,0.5663433656634337,0.7997537654547503,False
GO_BP,PDOL,GO:0048869,cellular developmental process,90,-1.0761857045266832,-0.7249077018664056,-0.4455907840966066,-0.490936461545177,0.6554344565543445,0.8020133445239224,False
GO_BP,PDOL,GO:0048870,cell motility,42,-1.5092075199875585,-1.4794534007793751,-1.9996253868208054,0.23033187381253173,0.41125887411258877,0.7997537654547503,False
GO_BP,PDOL,GO:0048871,multicellular organismal-level homeostasis,27,-1.5511438305835672,-1.2766514852662987,-0.6884572075895463,-0.5685894841556447,0.6675332466753324,0.8033058431305515,False
GO_BP,PDOL,GO:0048872,homeostasis of number of cells,9,-0.8151684087232045,-0.5718177795960285,0.1488690012406813,-0.6036940195455309,0.6751324867513249,0.8033058431305515,False
GO_BP,PDOL,GO:0048878,chemical homeostasis,51,-0.16082105710667374,0.25083777079111647,0.43929643475416325,-0.5058881598793136,0.6477352264773523,0.8020133445239224,False
GO_BP,PDOL,GO:0048880,sensory system development,12,-1.1462824145554151,-1.0957033335445856,-1.838394481119546,0.3207664927766507,0.34026597340265974,0.7997537654547503,False
GO_BP,PDOL,GO:0050433,regulation of catecholamine secretion,11,-0.9245453257840236,-1.7062856535925575,-1.5997567413373097,0.72847587168091,0.23277672232776722,0.7997537654547503,False
GO_BP,PDOL,GO:0050670,regulation of lymphocyte proliferation,7,-0.023858800459293936,-0.17932218479798515,0.20926482948328062,-0.038830122801941674,0.47215278472152783,0.7997537654547503,False
GO_BP,PDOL,GO:0050671,positive regulation of lymphocyte proliferation,5,-0.252572808778123,-0.9996818233994035,-0.9107704686178149,0.7026533372304862,0.23997600239976002,0.7997537654547503,False
GO_BP,PDOL,GO:0050678,regulation of epithelial cell proliferation,18,-0.9620459901131359,-1.1266699767295134,-1.0544702073855692,0.12852410194440533,0.42245775422457754,0.7997537654547503,False
GO_BP,PDOL,GO:0050679,positive regulation of epithelial cell proliferation,14,-1.1930243011597534,-1.4898703968497282,-0.7313433617808321,-0.08241742184447332,0.5083491650834917,0.7997537654547503,False
GO_BP,PDOL,GO:0050708,regulation of protein secretion,23,-0.16601361790384078,0.1317709589947667,0.7654571085176207,-0.6146276516600344,0.6944305569443056,0.8066356432115538,False
GO_BP,PDOL,GO:0050709,negative regulation of protein secretion,9,-0.861047748025712,-1.2061484480561167,-1.1704726160061227,0.32726278400540754,0.35376462353764626,0.7997537654547503,False
GO_BP,PDOL,GO:0050714,positive regulation of protein secretion,11,-0.07191411713754209,0.22337650243648904,0.5242493208106537,-0.4457270287611134,0.6275372462753724,0.7997537654547503,False
GO_BP,PDOL,GO:0050727,regulation of inflammatory response,34,-0.6900061077668235,-0.21085090016719765,0.6878237313708868,-0.928492523368668,0.775022497750225,0.842728924133609,False
GO_BP,PDOL,GO:0050728,negative regulation of inflammatory response,16,-0.5001436430446254,-0.05035910235299568,0.8457318388280045,-0.8978300112821298,0.7749225077492251,0.842728924133609,False
GO_BP,PDOL,GO:0050729,positive regulation of inflammatory response,11,-1.2600367073267804,-0.9243469588552383,-0.7841389942032566,-0.405793730797533,0.6118388161183882,0.7997537654547503,False
GO_BP,PDOL,GO:0050730,regulation of peptidyl-tyrosine phosphorylation,5,-0.922872132718916,-0.503480533194253,0.5632272900231202,-0.9527455111333496,0.789021097890211,0.8493081726310128,False
GO_BP,PDOL,GO:0050764,regulation of phagocytosis,6,0.39004261340273855,-0.06637582055059948,-0.5509818504915495,0.6987214489238129,0.1907809219078092,0.7997537654547503,False
GO_BP,PDOL,GO:0050767,regulation of neurogenesis,12,0.5063755397040764,-0.13221923920822048,0.06488858219253267,0.5400408682119203,0.30016998300169984,0.7997537654547503,False
GO_BP,PDOL,GO:0050769,positive regulation of neurogenesis,8,0.4887970262244567,-0.4295134956834133,0.29423044849691027,0.5564385498177082,0.29127087291270876,0.7997537654547503,False
GO_BP,PDOL,GO:0050773,regulation of dendrite development,5,0.18321745016201654,-0.8427878973542341,-0.7278289431718076,0.9685258704250373,0.1962803719628037,0.7997537654547503,False
GO_BP,PDOL,GO:0050776,regulation of immune response,51,-0.3084259150599078,0.09181584767035406,1.1170300461423412,-0.9128488619662555,0.7708229177082292,0.8413560881152622,False
GO_BP,PDOL,GO:0050777,negative regulation of immune response,12,-0.33289490541762984,0.14930460626734482,0.5320760110735047,-0.6735852140880545,0.712928707129287,0.8139805682764243,False
GO_BP,PDOL,GO:0050778,positive regulation of immune response,29,-0.7013658410569179,-0.7943852299063945,-0.3708834393259955,-0.11873150644072294,0.5308469153084692,0.7997537654547503,False
GO_BP,PDOL,GO:0050790,regulation of catalytic activity,28,-0.7530693525500136,-1.6022316592829307,-0.8462507456377648,0.4711718499103341,0.3398660133986601,0.7997537654547503,False
GO_BP,PDOL,GO:0050792,regulation of viral process,5,1.1703662867493705,1.358907597904452,0.036081087292615596,0.47287194415083666,0.31926807319268075,0.7997537654547503,False
GO_BP,PDOL,GO:0050793,regulation of developmental process,89,0.04697743006597924,-0.37392408069781236,-0.17500985351887768,0.32144439717432427,0.38786121387861217,0.7997537654547503,False
GO_BP,PDOL,GO:0050795,regulation of behavior,14,-0.09637110605700676,-0.0889075219735514,-1.422493287319363,0.6593292985894504,0.29217078292170784,0.7997537654547503,False
GO_BP,PDOL,GO:0050796,regulation of insulin secretion,14,0.11738047444788309,0.27686846470822435,1.0064483761342482,-0.5242779459733532,0.6706329367063294,0.8033058431305515,False
GO_BP,PDOL,GO:0050801,monoatomic ion homeostasis,26,0.31769986783659104,0.4350376501018987,0.8815074022866701,-0.3405726583576934,0.6000399960003999,0.7997537654547503,False
GO_BP,PDOL,GO:0050803,regulation of synapse structure or activity,17,0.49100195181452727,0.46216427962062895,1.1471412984117473,-0.3136508372016608,0.5829417058294171,0.7997537654547503,False
GO_BP,PDOL,GO:0050804,modulation of chemical synaptic transmission,50,-0.26818051737914916,-0.7056618276283515,-1.7490212579765874,0.9591610254233203,0.207979202079792,0.7997537654547503,False
GO_BP,PDOL,GO:0050805,negative regulation of synaptic transmission,10,-1.0154902026083354,-1.4816217046788644,-1.220231692039763,0.33543649575097834,0.37196280371962803,0.7997537654547503,False
GO_BP,PDOL,GO:0050806,positive regulation of synaptic transmission,10,-0.05957691986455084,0.3797201020451866,-0.40781296533335126,-0.0455304882204685,0.48395160483951605,0.7997537654547503,False
GO_BP,PDOL,GO:0050807,regulation of synapse organization,17,0.49100195181452727,0.46216427962062895,1.1471412984117473,-0.3136508372016608,0.5829417058294171,0.7997537654547503,False
GO_BP,PDOL,GO:0050808,synapse organization,15,0.23917153807086933,0.8332006484985693,0.6870217438753516,-0.5209396581160911,0.6555344465553444,0.8020133445239224,False
GO_BP,PDOL,GO:0050810,regulation of steroid biosynthetic process,5,-0.34541528434875335,0.1137006831747509,1.1558991872919122,-0.9802152195820849,0.7945205479452054,0.8513984948495309,False
GO_BP,PDOL,GO:0050817,coagulation,16,-1.1846937054840838,-1.600572267354178,-1.259682455205625,0.24543365579581766,0.4026597340265973,0.7997537654547503,False
GO_BP,PDOL,GO:0050818,regulation of coagulation,5,-0.7105327996671433,-0.8611394734171998,-0.8060634629615285,0.12306866852222087,0.42855714428557146,0.7997537654547503,False
GO_BP,PDOL,GO:0050821,protein stabilization,8,-0.9765271171466698,-1.1928234236892181,-1.1679610321816651,0.20386511078877168,0.37236276372362764,0.7997537654547503,False
GO_BP,PDOL,GO:0050848,regulation of calcium-mediated signaling,5,0.7107271587823243,-0.24202945692841962,0.29094174946638857,0.6862710125133398,0.28087191280871915,0.7997537654547503,False
GO_BP,PDOL,GO:0050851,antigen receptor-mediated signaling pathway,10,0.21533059890422818,-0.20929093989193828,-0.428820109826399,0.5343861237633969,0.3233676632336766,0.7997537654547503,False
GO_BP,PDOL,GO:0050852,T cell receptor signaling pathway,6,2.0918476783208155,1.8533234116426642,1.7244202447179484,0.3029758501405091,0.298970102989701,0.7997537654547503,False
GO_BP,PDOL,GO:0050854,regulation of antigen receptor-mediated signaling pathway,5,0.44915869307513084,3.6660065040919596,4.871503143356619,-3.8195961306491584,0.9998000199980002,0.9998000199980001,False
GO_BP,PDOL,GO:0050858,negative regulation of antigen receptor-mediated signaling pathway,5,0.44915869307513084,3.6660065040919596,4.871503143356619,-3.8195961306491584,0.9998000199980002,0.9998000199980001,False
GO_BP,PDOL,GO:0050863,regulation of T cell activation,14,-0.9559986568528901,-0.25364059729435473,1.441804745083858,-1.5500807307476419,0.9227077292270773,0.939775474149713,False
GO_BP,PDOL,GO:0050864,regulation of B cell activation,5,-0.69043636332459,-0.7227414736638109,-0.9849917101276517,0.1634302285711413,0.40245975402459755,0.7997537654547503,False
GO_BP,PDOL,GO:0050865,regulation of cell activation,27,-1.1837968105596066,-0.8111236995392133,0.3938982271948615,-0.9751840743874307,0.7942205779422058,0.8513984948495309,False
GO_BP,PDOL,GO:0050866,negative regulation of cell activation,11,-0.04403613297563237,1.0010923898413913,2.9017533889308673,-1.9954590223617616,0.9599040095990401,0.9665126430558322,False
GO_BP,PDOL,GO:0050867,positive regulation of cell activation,18,-1.4330534159293886,-0.9295092633894156,-0.15722869650295576,-0.8896844359832029,0.7748225177482252,0.842728924133609,False
GO_BP,PDOL,GO:0050868,negative regulation of T cell activation,5,0.2749611622462776,2.3390819631015485,3.382491052140656,-2.585825345374825,0.9921007899210079,0.9931618602845598,False
GO_BP,PDOL,GO:0050870,positive regulation of T cell activation,11,-1.0002910688915754,-0.5047555477233908,0.6827631629332027,-1.0892948764964814,0.8404159584041596,0.8788236457855556,False
GO_BP,PDOL,GO:0050871,positive regulation of B cell activation,5,-0.69043636332459,-0.7227414736638109,-0.9849917101276517,0.1634302285711413,0.40245975402459755,0.7997537654547503,False
GO_BP,PDOL,GO:0050877,nervous system process,49,-0.16025077484745062,-1.0606149841159191,-1.1059330713529276,0.9230232528869728,0.21447855214478553,0.7997537654547503,False
GO_BP,PDOL,GO:0050878,regulation of body fluid levels,25,-1.311064884408964,-1.8929375345180808,-1.6813526868130257,0.4760802262565893,0.3311668833116688,0.7997537654547503,False
GO_BP,PDOL,GO:0050890,cognition,25,-0.42232942300331056,-0.4957425057641475,-0.39772572138837603,0.02440469057295125,0.47665233476652336,0.7997537654547503,False
GO_BP,PDOL,GO:0050892,intestinal absorption,5,1.3986779149521273,0.7842010420326082,-0.494000309922081,1.2535775488968637,0.15458454154584542,0.7997537654547503,False
GO_BP,PDOL,GO:0050900,leukocyte migration,13,-0.6275310614727518,-0.6293459403849253,-1.485384999465357,0.4298344084523893,0.33526647335266474,0.7997537654547503,False
GO_BP,PDOL,GO:0050905,neuromuscular process,9,0.2757339984331113,-0.20298883422829278,0.03348726231809312,0.36048478438821113,0.29387061293870614,0.7997537654547503,False
GO_BP,PDOL,GO:0050906,detection of stimulus involved in sensory perception,8,0.48501488240828455,-0.32168619282605193,-0.6820324175311561,0.9868741875868885,0.12168783121687832,0.7997537654547503,False
GO_BP,PDOL,GO:0050920,regulation of chemotaxis,16,0.022691429286128675,-0.24622095847296577,-0.036109998692617815,0.1638569078689205,0.4193580641935806,0.7997537654547503,False
GO_BP,PDOL,GO:0050921,positive regulation of chemotaxis,10,0.26066740285547685,-0.07852606775193059,-0.3619635336311811,0.4809122035470327,0.33696630336966304,0.7997537654547503,False
GO_BP,PDOL,GO:0050922,negative regulation of chemotaxis,5,-0.1443349198786345,-0.051216371222888676,0.9202058281129922,-0.5788296483236863,0.7625237476252374,0.8388836715764248,False
GO_BP,PDOL,GO:0050951,sensory perception of temperature stimulus,7,1.7439032976504534,-1.2096790925205059,-1.328643623896681,3.013064655859047,0.022897710228977103,0.7997537654547503,False
GO_BP,PDOL,GO:0050994,regulation of lipid catabolic process,8,-0.45797638623199044,-0.9475790775753165,-0.7655097694856514,0.39856803729849355,0.34256574342565743,0.7997537654547503,False
GO_BP,PDOL,GO:0050995,negative regulation of lipid catabolic process,5,-0.6649106421277544,-1.189874511623668,-0.867820769622517,0.363936998495338,0.31966803319668036,0.7997537654547503,False
GO_BP,PDOL,GO:0051046,regulation of secretion,42,-0.8244540639005832,-0.5427027748954464,-0.2473915161515434,-0.4294069183770883,0.6231376862313769,0.7997537654547503,False
GO_BP,PDOL,GO:0051047,positive regulation of secretion,20,-0.24852488442978246,-0.35625210012589587,-0.11791316348201139,-0.011442252625828847,0.47905209479052097,0.7997537654547503,False
GO_BP,PDOL,GO:0051048,negative regulation of secretion,13,-1.010279363988919,-1.4897384413439732,-1.3097103280242357,0.3894450206951856,0.32166783321667836,0.7997537654547503,False
GO_BP,PDOL,GO:0051049,regulation of transport,96,-0.9063145260707376,-0.9979806483973719,-0.7751187348955325,-0.01976483442428545,0.49545045495450457,0.7997537654547503,False
GO_BP,PDOL,GO:0051050,positive regulation of transport,54,-0.41561089419950015,-0.5920589890213396,-1.0470067988835747,0.40392199975295695,0.35666433356664334,0.7997537654547503,False
GO_BP,PDOL,GO:0051051,negative regulation of transport,21,-1.0871312212991127,-1.3870177042548324,-1.611862373602867,0.41230881762973715,0.3467653234676532,0.7997537654547503,False
GO_BP,PDOL,GO:0051052,regulation of DNA metabolic process,27,0.5540163487231023,0.11441452303855959,0.6397901853993515,0.1769139945041468,0.42725727427257276,0.7997537654547503,False
GO_BP,PDOL,GO:0051053,negative regulation of DNA metabolic process,7,-1.1530135538362654,-0.5350609423609576,-0.8776097423529517,-0.44667821147931064,0.6213378662133786,0.7997537654547503,False
GO_BP,PDOL,GO:0051054,positive regulation of DNA metabolic process,19,0.01665275431191519,-0.7424149930293277,-0.372685107969038,0.574202804811098,0.3057694230576942,0.7997537654547503,False
GO_BP,PDOL,GO:0051056,regulation of small GTPase mediated signal transduction,7,-1.338454718959333,-1.4177641828059229,-0.13551936342193396,-0.5618129458454045,0.6619338066193381,0.8033058431305515,False
GO_BP,PDOL,GO:0051057,positive regulation of small GTPase mediated signal transduction,6,-1.1763639262903423,-1.3612660352240527,-0.3225741853379732,-0.33444381600932926,0.573942605739426,0.7997537654547503,False
GO_BP,PDOL,GO:0051093,negative regulation of developmental process,35,0.08463394058165571,0.32522475563279335,1.1136100660196306,-0.6347834702445563,0.6891310868913109,0.8055371886185417,False
GO_BP,PDOL,GO:0051094,positive regulation of developmental process,64,0.036978391422772365,-0.9865142488042314,-1.8947124964021622,1.4775917640259693,0.11358864113588642,0.7997537654547503,False
GO_BP,PDOL,GO:0051098,regulation of binding,5,0.12993823161020907,-0.12008061867007214,0.5777211306300656,-0.09888202436978766,0.49355064493550643,0.7997537654547503,False
GO_BP,PDOL,GO:0051128,regulation of cellular component organization,97,-0.6568399526921129,-1.104218258181364,-0.7131665146033329,0.25185243370023547,0.40975902409759024,0.7997537654547503,False
GO_BP,PDOL,GO:0051129,negative regulation of cellular component organization,34,-0.3854462688656664,-0.4547420561876094,-0.11108673047069115,-0.10253187553651616,0.5269473052694731,0.7997537654547503,False
GO_BP,PDOL,GO:0051130,positive regulation of cellular component organization,51,-0.5490875583027823,-1.2582338782585338,-1.4072266424192195,0.7836427020360943,0.24777522247775222,0.7997537654547503,False
GO_BP,PDOL,GO:0051147,regulation of muscle cell differentiation,6,0.6156724088747151,-0.25976784893621335,-0.5089246827042154,1.0000186746949296,0.202979702029797,0.7997537654547503,False
GO_BP,PDOL,GO:0051169,nuclear transport,5,-1.1873283864085828,-1.0545421379711146,-1.5179862240615019,0.09893579460772539,0.43185681431856815,0.7997537654547503,False
GO_BP,PDOL,GO:0051174,regulation of phosphorus metabolic process,17,-1.1107623835039906,-0.7507350761979458,-1.1165577063106211,-0.1771159922497072,0.5388461153884612,0.7997537654547503,False
GO_BP,PDOL,GO:0051179,localization,130,0.47356796442840804,-0.4076662486264194,-2.0161785579453078,1.6854903677142716,0.08409159084091591,0.7997537654547503,False
GO_BP,PDOL,GO:0051222,positive regulation of protein transport,21,-0.0441636298260145,-0.43224170307898824,-0.324928440762551,0.3344214420947551,0.37636236376362364,0.7997537654547503,False
GO_BP,PDOL,GO:0051223,regulation of protein transport,35,0.13717274239513114,-0.1531406030005253,0.5790034860034229,-0.07575869910631766,0.5090490950904909,0.7997537654547503,False
GO_BP,PDOL,GO:0051224,negative regulation of protein transport,9,-0.861047748025712,-1.2061484480561167,-1.1704726160061227,0.32726278400540754,0.35376462353764626,0.7997537654547503,False
GO_BP,PDOL,GO:0051225,spindle assembly,6,-0.9692996642585269,-1.0297350347842111,-1.0324893698098239,0.06181253803849074,0.43095690430956907,0.7997537654547503,False
GO_BP,PDOL,GO:0051234,establishment of localization,121,0.7528076604479441,0.07464387089368864,-1.684328062951775,1.5576497564769873,0.10138986101389862,0.7997537654547503,False
GO_BP,PDOL,GO:0051239,regulation of multicellular organismal process,153,-1.359019463143895,-1.2353722782378118,-0.9126810683739316,-0.28499278983802334,0.583941605839416,0.7997537654547503,False
GO_BP,PDOL,GO:0051240,positive regulation of multicellular organismal process,100,-0.8720389412032783,-0.96434696070134,-1.003713967613822,0.1119915229543027,0.45745425457454253,0.7997537654547503,False
GO_BP,PDOL,GO:0051241,negative regulation of multicellular organismal process,55,-1.138796926858756,-0.6547237790869943,-0.1602382340602232,-0.7313159202851474,0.7225277472252775,0.8215330070491493,False
GO_BP,PDOL,GO:0051246,regulation of protein metabolic process,60,-0.6145746302479349,-0.9894161176396151,0.21085808834468123,-0.22529561560046796,0.5701429857014298,0.7997537654547503,False
GO_BP,PDOL,GO:0051247,positive regulation of protein metabolic process,39,-0.541706544066294,-1.4942122449171806,-1.0695644746036428,0.7401818156941176,0.27477252274772523,0.7997537654547503,False
GO_BP,PDOL,GO:0051248,negative regulation of protein metabolic process,24,-0.6875848003091282,-0.09193080949177251,0.9141454044339868,-1.0986920977802352,0.8154184581541846,0.8633842498103131,False
GO_BP,PDOL,GO:0051249,regulation of lymphocyte activation,20,-1.2392808112038838,-0.6446956608491508,0.5221160687715046,-1.1779910151650608,0.8417158284171583,0.8794887423514849,False
GO_BP,PDOL,GO:0051250,negative regulation of lymphocyte activation,5,0.2749611622462776,2.3390819631015485,3.382491052140656,-2.585825345374825,0.9921007899210079,0.9931618602845598,False
GO_BP,PDOL,GO:0051251,positive regulation of lymphocyte activation,17,-1.279390487006225,-0.8753297811519182,-0.15555763462448877,-0.7639467791180214,0.7383261673832616,0.8280293465980505,False
GO_BP,PDOL,GO:0051252,regulation of RNA metabolic process,87,0.7966124332847465,0.6988404340188723,-0.37121663511437025,0.6328005338324955,0.30456954304569545,0.7997537654547503,False
GO_BP,PDOL,GO:0051253,negative regulation of RNA metabolic process,52,0.7166766665835931,0.8593115752499693,-0.15635195249233472,0.3651968552047758,0.3798620137986201,0.7997537654547503,False
GO_BP,PDOL,GO:0051254,positive regulation of RNA metabolic process,59,-0.0471742403889313,0.5141238517650625,-0.690664227462831,0.04109594745995294,0.48625137486251374,0.7997537654547503,False
GO_BP,PDOL,GO:0051259,protein complex oligomerization,9,1.623237592297498,0.18374492859952632,0.003319665004661738,1.529705295495404,0.11638836116388361,0.7997537654547503,False
GO_BP,PDOL,GO:0051260,protein homooligomerization,9,1.623237592297498,0.18374492859952632,0.003319665004661738,1.529705295495404,0.11638836116388361,0.7997537654547503,False
GO_BP,PDOL,GO:0051276,chromosome organization,13,0.6182234675005448,1.7002218482823956,2.181723917846714,-1.3227494155640098,0.8634136586341365,0.8945707156094219,False
GO_BP,PDOL,GO:0051279,regulation of release of sequestered calcium ion into cytosol,6,1.020379532221613,1.3251536793171623,-0.00440726894932676,0.3600063270376952,0.36146385361463856,0.7997537654547503,False
GO_BP,PDOL,GO:0051302,regulation of cell division,11,-0.6205962815504302,-0.02846643839049759,0.5240778342634527,-0.8684019794869078,0.7609239076092391,0.8379115029673503,False
GO_BP,PDOL,GO:0051338,regulation of transferase activity,13,-0.0034497589846452926,-0.4541068593598423,0.34762358026513435,0.04979188056270868,0.46135386461353867,0.7997537654547503,False
GO_BP,PDOL,GO:0051349,positive regulation of lyase activity,7,-1.1139447837066982,-1.7454945837670846,-1.1690713464744842,0.3433381814140861,0.3685631436856314,0.7997537654547503,False
GO_BP,PDOL,GO:0051384,response to glucocorticoid,13,2.3031690541624026,2.4789352764019026,0.9850490548369948,0.5711768885429538,0.2802719728027197,0.7997537654547503,False
GO_BP,PDOL,GO:0051402,neuron apoptotic process,5,-0.6047857316609789,-0.21289187595291947,-0.4354276476081409,-0.28062596988044874,0.5593440655934406,0.7997537654547503,False
GO_BP,PDOL,GO:0051481,negative regulation of cytosolic calcium ion concentration,5,-0.6578968007822739,-0.9611337879445521,-0.3550238775179782,0.00018203194899124586,0.4303569643035696,0.7997537654547503,False
GO_BP,PDOL,GO:0051493,regulation of cytoskeleton organization,21,0.6961381182235898,-0.1954148480802633,0.9294908542122825,0.32910011515758025,0.3698630136986301,0.7997537654547503,False
GO_BP,PDOL,GO:0051494,negative regulation of cytoskeleton organization,5,-0.6590468503388497,-0.8476255187468709,-0.07483751122849983,-0.19781533535116436,0.5185481451854814,0.7997537654547503,False
GO_BP,PDOL,GO:0051495,positive regulation of cytoskeleton organization,9,1.0541464037745165,0.2660477160957313,1.0622732154559844,0.38998593799865866,0.3047695230476952,0.7997537654547503,False
GO_BP,PDOL,GO:0051580,regulation of neurotransmitter uptake,5,0.18029737611667881,0.6259081642180937,-0.3094444013588329,0.02206549468704841,0.458054194580542,0.7997537654547503,False
GO_BP,PDOL,GO:0051588,regulation of neurotransmitter transport,7,0.24657750131157063,0.4425438213352795,-0.23756780669436622,0.144089493991114,0.4186581341865813,0.7997537654547503,False
GO_BP,PDOL,GO:0051591,response to cAMP,6,-0.6784762855329941,-0.2154900047370549,0.7560804162987328,-0.948771491313833,0.834016598340166,0.8748052406405495,False
GO_BP,PDOL,GO:0051604,protein maturation,15,-0.34351301079245045,-0.5831831302251135,-0.784313392000765,0.34023525032048885,0.31896810318968105,0.7997537654547503,False
GO_BP,PDOL,GO:0051606,detection of stimulus,10,0.6292368871354,-0.27880589302883163,-0.6627487772337288,1.1000142222666802,0.11018898110188981,0.7997537654547503,False
GO_BP,PDOL,GO:0051607,defense response to virus,11,1.1186324556344491,0.6383107673012908,-0.8206617952841659,1.2098079696258868,0.1663833616638336,0.7997537654547503,False
GO_BP,PDOL,GO:0051640,organelle localization,9,0.09808459457368492,-0.07051222002212472,-0.1260279192841242,0.19635466422680936,0.40815918408159185,0.7997537654547503,False
GO_BP,PDOL,GO:0051641,cellular localization,35,-1.5375923966102027,-2.1463755403230236,-1.9416562264652424,0.5064234867839301,0.33166683331666835,0.7997537654547503,False
GO_BP,PDOL,GO:0051649,establishment of localization in cell,27,-1.0940339089456552,-1.1900186062842122,-1.6093306848575941,0.3056407366252478,0.3828617138286171,0.7997537654547503,False
GO_BP,PDOL,GO:0051656,establishment of organelle localization,8,0.1793117597806429,0.056416504400855244,-0.05600563757609232,0.17910632636826143,0.40985901409859016,0.7997537654547503,False
GO_BP,PDOL,GO:0051668,localization within membrane,6,-0.8548049170384574,-1.6382823241037965,-0.6442175488815312,0.2864450194542064,0.35676432356764326,0.7997537654547503,False
GO_BP,PDOL,GO:0051701,biological process involved in interaction with host,7,-0.7228490722482177,-1.0510123039659391,-1.5646990401422347,0.5850065998058693,0.23597640235976403,0.7997537654547503,False
GO_BP,PDOL,GO:0051707,response to other organism,53,0.06472671890781022,-0.2452625170777531,-0.6858788077330084,0.5302973813131909,0.31826817318268175,0.7997537654547503,False
GO_BP,PDOL,GO:0051726,regulation of cell cycle,37,-1.9755771113955354,-1.4812038163292214,-0.9253357895369572,-0.7723073084624461,0.7353264673532647,0.8272002173432764,False
GO_BP,PDOL,GO:0051781,positive regulation of cell division,7,-0.30910414048977786,0.20519871831914607,0.5088510912216518,-0.6661290452601768,0.6931306869313069,0.8066234370351785,False
GO_BP,PDOL,GO:0051783,regulation of nuclear division,8,-0.9182756639994486,-1.2382518797077267,-0.7778764243729727,0.08978848804090112,0.4126587341265873,0.7997537654547503,False
GO_BP,PDOL,GO:0051785,positive regulation of nuclear division,6,-0.64193067363644,-0.9841600406518501,-0.6589056080777799,0.17960215072837504,0.3735626437356264,0.7997537654547503,False
GO_BP,PDOL,GO:0051881,regulation of mitochondrial membrane potential,10,-0.033283320198331114,-0.17864465740919708,0.14413872445711273,-0.01603035372228894,0.47395260473952605,0.7997537654547503,False
GO_BP,PDOL,GO:0051893,regulation of focal adhesion assembly,8,-1.1816550500508245,-1.1934193232361725,-0.13868514149972758,-0.5156028176828744,0.6466353364663534,0.8020133445239224,False
GO_BP,PDOL,GO:0051896,regulation of phosphatidylinositol 3-kinase/protein kinase B signal transduction,35,-1.5325970680909342,-1.3465325257150154,0.14891518036725385,-0.9337883954170535,0.7787221277872213,0.8447889564311997,False
GO_BP,PDOL,GO:0051897,positive regulation of phosphatidylinositol 3-kinase/protein kinase B signal transduction,29,-2.110225213323932,-1.6708070009356504,-0.049830620515758914,-1.2499064025982274,0.8474152584741526,0.8829856106108,False
GO_BP,PDOL,GO:0051898,negative regulation of phosphatidylinositol 3-kinase/protein kinase B signal transduction,6,0.3291697751488695,-0.1495685253618581,0.42266643750719135,0.1926208190762029,0.37976202379762025,0.7997537654547503,False
GO_BP,PDOL,GO:0051899,membrane depolarization,8,1.0628359606722093,1.1469097117964817,0.03712428063056555,0.47081896445868565,0.30116988301169884,0.7997537654547503,False
GO_BP,PDOL,GO:0051924,regulation of calcium ion transport,17,-0.09770527078149886,0.057115383845216465,-0.5864217266409141,0.16694790061634995,0.41445855414458554,0.7997537654547503,False
GO_BP,PDOL,GO:0051928,positive regulation of calcium ion transport,6,0.8684479845041522,0.9000231640736606,-0.2305468362067163,0.5337098205706801,0.294970502949705,0.7997537654547503,False
GO_BP,PDOL,GO:0051930,regulation of sensory perception of pain,5,0.3897919034413021,0.16250053905874942,0.3747592777082902,0.1211619950577823,0.41425857414258577,0.7997537654547503,False
GO_BP,PDOL,GO:0051931,regulation of sensory perception,5,0.3897919034413021,0.16250053905874942,0.3747592777082902,0.1211619950577823,0.41425857414258577,0.7997537654547503,False
GO_BP,PDOL,GO:0051952,regulation of amine transport,13,-0.9674085681643397,-1.8824892820813384,-1.548410869205087,0.748041507478873,0.2333766623337666,0.7997537654547503,False
GO_BP,PDOL,GO:0051953,negative regulation of amine transport,5,-0.6137900104032414,-1.0266640600310433,-0.8167947639291304,0.3079394015768454,0.30926907309269075,0.7997537654547503,False
GO_BP,PDOL,GO:0051960,regulation of nervous system development,14,0.9347149590583156,0.17084691472406263,0.15559539461454472,0.7714938043890119,0.24477552244775522,0.7997537654547503,False
GO_BP,PDOL,GO:0051961,negative regulation of nervous system development,5,0.8198160046432418,0.8583395920811664,-0.2540121821463563,0.5176522996758367,0.29417058294170584,0.7997537654547503,False
GO_BP,PDOL,GO:0051962,positive regulation of nervous system development,9,0.6637678220454304,-0.2814886600282369,0.3844994602430172,0.6122624219380403,0.2772722727727227,0.7997537654547503,False
GO_BP,PDOL,GO:0051963,regulation of synapse assembly,8,0.6380139636098352,1.1584587701258036,1.1249097571036004,-0.5036703000048668,0.6442355764423557,0.8015657764367105,False
GO_BP,PDOL,GO:0051966,"regulation of synaptic transmission, glutamatergic",14,-0.3761738622408902,-0.6584768436043522,-1.7042761961887434,0.8052026576556576,0.24447555244475552,0.7997537654547503,False
GO_BP,PDOL,GO:0051967,"negative regulation of synaptic transmission, glutamatergic",5,-0.9570427486877825,-1.2677185376650366,-1.2896124068460155,0.32162272356774346,0.35596440355964404,0.7997537654547503,False
GO_BP,PDOL,GO:0051983,regulation of chromosome segregation,6,-1.2000151513524826,-0.7022463890013426,-0.7813173150763537,-0.45823329931363443,0.6321367863213678,0.7997700096049865,False
GO_BP,PDOL,GO:0055074,calcium ion homeostasis,17,0.442872168757066,-0.48568964469506437,-0.7456916097052885,1.0585627959572423,0.17638236176382363,0.7997537654547503,False
GO_BP,PDOL,GO:0055080,monoatomic cation homeostasis,24,0.36787895409559423,0.33460303199425717,0.5220139235328389,-0.060429523667953844,0.5066493350664933,0.7997537654547503,False
GO_BP,PDOL,GO:0055082,intracellular chemical homeostasis,28,0.1171128958752861,0.7824687656944206,1.7648746619293794,-1.156558817936614,0.8265173482651735,0.8698226197168905,False
GO_BP,PDOL,GO:0055085,transmembrane transport,50,1.6340154466626495,1.1380120005107195,-1.1921692534242538,1.6610940731194166,0.0963903609639036,0.7997537654547503,False
GO_BP,PDOL,GO:0055086,nucleobase-containing small molecule metabolic process,18,-0.8649683870980083,-0.5827425128801373,-0.43920609087836426,-0.3539940852187575,0.5985401459854015,0.7997537654547503,False
GO_BP,PDOL,GO:0055088,lipid homeostasis,10,-0.07253399569197795,0.13392933550624755,0.056342892996509256,-0.16767010994335635,0.5283471652834717,0.7997537654547503,False
GO_BP,PDOL,GO:0055092,sterol homeostasis,7,-0.13195300082635986,0.355777949397145,0.5619792001273488,-0.5908315755886068,0.7355264473552645,0.8272002173432764,False
GO_BP,PDOL,GO:0055094,response to lipoprotein particle,6,-0.3095581491640796,-0.4332348123284577,-1.0478553191801294,0.430986916590214,0.35596440355964404,0.7997537654547503,False
GO_BP,PDOL,GO:0055117,regulation of cardiac muscle contraction,9,-1.1848787473393965,-1.0397382131444788,-0.7616336825719153,-0.28419279948119947,0.5718428157184282,0.7997537654547503,False
GO_BP,PDOL,GO:0060047,heart contraction,5,0.33430961375486107,0.2703123108209898,-0.15314333978045866,0.2757251282345955,0.3243675632436756,0.7997537654547503,False
GO_BP,PDOL,GO:0060048,cardiac muscle contraction,5,0.33430961375486107,0.2703123108209898,-0.15314333978045866,0.2757251282345955,0.3243675632436756,0.7997537654547503,False
GO_BP,PDOL,GO:0060078,regulation of postsynaptic membrane potential,20,-0.09573805425508886,-1.7557775305481909,-2.2132182079262663,1.8887598149821399,0.07089291070892911,0.7997537654547503,False
GO_BP,PDOL,GO:0060079,excitatory postsynaptic potential,12,0.4316188646457885,-1.3602058290444696,-1.444919939014454,1.8341817486752503,0.0750924907509249,0.7997537654547503,False
GO_BP,PDOL,GO:0060249,anatomical structure homeostasis,9,-0.8274158088060501,0.24379516708927249,0.4018984033951079,-1.1502625940482403,0.8363163683631637,0.8752148041009853,False
GO_BP,PDOL,GO:0060255,regulation of macromolecule metabolic process,160,0.7842999564857989,0.4386387526861078,0.7058082156812775,0.21207647230210624,0.42625737426257376,0.7997537654547503,False
GO_BP,PDOL,GO:0060284,regulation of cell development,28,-0.5206323730710837,-0.9726498412737955,-0.7444697780311735,0.3379274365814008,0.3668633136686331,0.7997537654547503,False
GO_BP,PDOL,GO:0060322,head development,19,-0.14808831803908168,-0.27250194068267125,-0.9844600743278459,0.4803926894661769,0.30256974302569745,0.7997537654547503,False
GO_BP,PDOL,GO:0060326,cell chemotaxis,15,-0.29581273314076456,-0.42910974642308825,-1.3683673817103965,0.6029258309259777,0.2766723327667233,0.7997537654547503,False
GO_BP,PDOL,GO:0060338,regulation of type I interferon-mediated signaling pathway,5,1.1232727903028386,3.372015111827796,5.0203559255463,-3.0729127283842104,0.9968003199680032,0.9976530148524925,False
GO_BP,PDOL,GO:0060341,regulation of cellular localization,27,0.04441070900761137,-0.41126511395974197,0.2674142289290111,0.1163361515229768,0.4500549945005499,0.7997537654547503,False
GO_BP,PDOL,GO:0060348,bone development,5,-1.0594267559914428,-1.6918869689552587,-1.0855903745933644,0.3293119157828688,0.38586141385861417,0.7997537654547503,False
GO_BP,PDOL,GO:0060416,response to growth hormone,5,-0.014993705586065836,-0.663253711169359,-0.09609357298864438,0.3646799364929359,0.34836516348365165,0.7997537654547503,False
GO_BP,PDOL,GO:0060429,epithelium development,27,-2.4901053385859573,-2.494304788476318,-2.6062338138336902,0.06016396256904688,0.46155384461553844,0.7997537654547503,False
GO_BP,PDOL,GO:0060491,regulation of cell projection assembly,6,-0.07672041753606385,-1.0259052462317775,-0.6590069601479224,0.765735685653786,0.2521747825217478,0.7997537654547503,False
GO_BP,PDOL,GO:0060627,regulation of vesicle-mediated transport,13,-1.396713524565187,-1.230458410038473,-0.735651114028972,-0.4136587625314645,0.6186381361863814,0.7997537654547503,False
GO_BP,PDOL,GO:0060759,regulation of response to cytokine stimulus,15,-0.22063773546309354,1.2343329157015503,2.4583603750832257,-2.0669843808554815,0.9591040895910409,0.9661164290284981,False
GO_BP,PDOL,GO:0060760,positive regulation of response to cytokine stimulus,5,-0.8839792198747667,-0.9867415362433939,-0.9719170622701966,0.09535007938202855,0.42895710428957107,0.7997537654547503,False
GO_BP,PDOL,GO:0060761,negative regulation of response to cytokine stimulus,6,-0.302952328728306,0.5892693037665097,1.3874421300543647,-1.2913080456387431,0.8681131886811319,0.8982466776537027,False
GO_BP,PDOL,GO:0060828,regulation of canonical Wnt signaling pathway,11,-0.4871385988218498,-0.7202208580647862,-0.7498129102560449,0.24787828533856576,0.405959404059594,0.7997537654547503,False
GO_BP,PDOL,GO:0061008,hepaticobiliary system development,8,1.5937318131334866,2.4934280768711754,0.9933339691538462,-0.1496492098790243,0.5226477352264773,0.7997537654547503,False
GO_BP,PDOL,GO:0061013,regulation of mRNA catabolic process,6,-0.35145925660447186,-0.7183105645092821,-0.7928318239305236,0.40411193761543096,0.33726627337266274,0.7997537654547503,False
GO_BP,PDOL,GO:0061024,membrane organization,15,-0.7552618727427789,-0.932183136257172,-0.6906677082830087,0.056163549527311396,0.42855714428557146,0.7997537654547503,False
GO_BP,PDOL,GO:0061041,regulation of wound healing,11,-0.4946001235604214,-0.7171109039330648,-0.8824920397580682,0.3052013482851451,0.33656634336566343,0.7997537654547503,False
GO_BP,PDOL,GO:0061045,negative regulation of wound healing,6,-0.690030700433309,-0.7768095192978839,-0.8548012724665044,0.1257746954488851,0.39986001399860016,0.7997537654547503,False
GO_BP,PDOL,GO:0061136,regulation of proteasomal protein catabolic process,11,0.21908428331482963,-1.136399108859004,-1.6923302248326941,1.6334489501606788,0.10158984101589841,0.7997537654547503,False
GO_BP,PDOL,GO:0061337,cardiac conduction,5,-0.48114380035064996,-0.5935182891510771,-0.8068748551005523,0.2190527717751648,0.3565643435656434,0.7997537654547503,False
GO_BP,PDOL,GO:0061458,reproductive system development,10,0.019083631174308457,0.5344609775819307,0.7876416602780645,-0.6419676877556891,0.6976302369763023,0.80794593146476,False
GO_BP,PDOL,GO:0061564,axon development,11,0.11318038650539906,0.3090522977506245,0.890095861286751,-0.4863936930132886,0.6383361663833617,0.8000571126604533,False
GO_BP,PDOL,GO:0061919,process utilizing autophagic mechanism,8,-0.2432154701926829,-0.9111814826965201,-0.6206006514307331,0.5226755968709437,0.29417058294170584,0.7997537654547503,False
GO_BP,PDOL,GO:0062012,regulation of small molecule metabolic process,29,0.7143593999324698,1.5127361346482129,0.5926915537777265,-0.3383544442805,0.5985401459854015,0.7997537654547503,False
GO_BP,PDOL,GO:0062013,positive regulation of small molecule metabolic process,19,-0.9948690121394126,-0.6123584125032248,-0.2156208540025929,-0.5808793788865038,0.6759324067593241,0.8033058431305515,False
GO_BP,PDOL,GO:0062014,negative regulation of small molecule metabolic process,7,2.26476753730411,2.6976316251400605,1.151324350838005,0.34028954931507727,0.3421657834216578,0.7997537654547503,False
GO_BP,PDOL,GO:0062197,cellular response to chemical stress,25,-0.770035601486908,-0.45578609092034894,-0.3836885355630095,-0.35029828824522874,0.5915408459154085,0.7997537654547503,False
GO_BP,PDOL,GO:0062207,regulation of pattern recognition receptor signaling pathway,15,-1.8891185557619887,-1.4922799530663362,-1.0684705493212527,-0.6087433045681943,0.679032096790321,0.8037770540438373,False
GO_BP,PDOL,GO:0062208,positive regulation of pattern recognition receptor signaling pathway,5,-1.149404177657639,-0.9664982917888189,-0.6751043369095714,-0.3286028633084438,0.577042295770423,0.7997537654547503,False
GO_BP,PDOL,GO:0065003,protein-containing complex assembly,21,1.164820312281444,0.10052608941774838,-0.3995748659569135,1.3143447005510265,0.1436856314368563,0.7997537654547503,False
GO_BP,PDOL,GO:0065008,regulation of biological quality,173,0.8099093416218559,0.519043858301764,-0.502922488479627,0.8018486567107874,0.2625737426257374,0.7997537654547503,False
GO_BP,PDOL,GO:0065009,regulation of molecular function,35,-1.1194752213186034,-1.6095298805183986,-0.5064341550041683,-0.06149320355731991,0.5103489651034897,0.7997537654547503,False
GO_BP,PDOL,GO:0070098,chemokine-mediated signaling pathway,6,-0.9228300999362601,-0.8554236593981243,-0.5121310946034565,-0.23905272293546964,0.5437456254374563,0.7997537654547503,False
GO_BP,PDOL,GO:0070141,response to UV-A,6,-1.0629422822753083,-1.2261629895657697,-1.1193059387726254,0.10979218189388917,0.42645735426457354,0.7997537654547503,False
GO_BP,PDOL,GO:0070167,regulation of biomineral tissue development,5,0.7210583390187775,0.1418009407961702,-0.3111192348126414,0.8057174860270131,0.14108589141085892,0.7997537654547503,False
GO_BP,PDOL,GO:0070201,regulation of establishment of protein localization,38,0.0536302940187199,-0.23281800522573828,0.7483612595276266,-0.20414133313222424,0.5509449055094491,0.7997537654547503,False
GO_BP,PDOL,GO:0070252,actin-mediated cell contraction,5,0.33430961375486107,0.2703123108209898,-0.15314333978045866,0.2757251282345955,0.3243675632436756,0.7997537654547503,False
GO_BP,PDOL,GO:0070293,renal absorption,6,-0.3603359248883824,-0.5383087548929409,-0.39585658917793887,0.10674674714705751,0.39976002399760024,0.7997537654547503,False
GO_BP,PDOL,GO:0070301,cellular response to hydrogen peroxide,8,-0.634560778326983,-0.27975530821820577,-0.6704191191961936,-0.15947356461978335,0.5436456354364564,0.7997537654547503,False
GO_BP,PDOL,GO:0070372,regulation of ERK1 and ERK2 cascade,33,-0.2418939706826688,0.1799579157520043,2.2940329790682226,-1.4788894180927823,0.8981101889811018,0.9199290182603538,False
GO_BP,PDOL,GO:0070373,negative regulation of ERK1 and ERK2 cascade,5,1.0427227454670032,1.7529569975721535,3.705001669415501,-1.6862565880268239,0.9263073692630737,0.9422122338950629,False
GO_BP,PDOL,GO:0070374,positive regulation of ERK1 and ERK2 cascade,25,-0.39347658932182805,-0.4932818555282194,0.41396203055447567,-0.3538166768349562,0.6028397160283971,0.7997537654547503,False
GO_BP,PDOL,GO:0070482,response to oxygen levels,29,-0.8340967194647755,-0.891955182594932,-0.0985549161837416,-0.3388416700754387,0.6009399060093991,0.7997537654547503,False
GO_BP,PDOL,GO:0070507,regulation of microtubule cytoskeleton organization,9,0.893471073236857,0.07129913421255116,0.6383198089518151,0.5386616016546739,0.31156884311568844,0.7997537654547503,False
GO_BP,PDOL,GO:0070542,response to fatty acid,8,-0.8315775081535867,-0.3092513722583511,0.8479625849518908,-1.1009331145003565,0.8325167483251675,0.8741706040300167,False
GO_BP,PDOL,GO:0070555,response to interleukin-1,9,-0.5339868384231513,-0.4049998106387484,-1.040316679940194,0.1886714068663199,0.4276572342765723,0.7997537654547503,False
GO_BP,PDOL,GO:0070588,calcium ion transmembrane transport,10,0.799812509851422,-0.32348680542248237,-0.5195824037467601,1.2213471144360433,0.14478552144785523,0.7997537654547503,False
GO_BP,PDOL,GO:0070633,transepithelial transport,5,-0.3376611521361109,0.10045040499128449,-0.20346808728901655,-0.2861523109872449,0.5756424357564244,0.7997537654547503,False
GO_BP,PDOL,GO:0070647,protein modification by small protein conjugation or removal,13,2.410967368870832,1.5781015353887042,-0.09049471409045229,1.667163958221706,0.09319068093190681,0.7997537654547503,False
GO_BP,PDOL,GO:0070663,regulation of leukocyte proliferation,10,-0.33143822241740023,-0.549212952455855,0.43440261840827943,-0.27403305539361245,0.5596440355964404,0.7997537654547503,False
GO_BP,PDOL,GO:0070665,positive regulation of leukocyte proliferation,7,-0.41633810620528905,-1.0826443242916997,-0.47754379435980676,0.3637559531204642,0.3484651534846515,0.7997537654547503,False
GO_BP,PDOL,GO:0070741,response to interleukin-6,5,-1.1699225098263473,-0.8795933411673771,-1.2323562220968078,-0.11394772819425492,0.5041495850414959,0.7997537654547503,False
GO_BP,PDOL,GO:0070828,heterochromatin organization,8,0.8660019698277863,1.817526699062886,1.5916028779470521,-0.8385628186771827,0.7562243775622438,0.8356859709542623,False
GO_BP,PDOL,GO:0070848,response to growth factor,35,-0.19022004592703137,-0.11316934658159666,0.4340919153401416,-0.35068133030630383,0.6002399760023998,0.7997537654547503,False
GO_BP,PDOL,GO:0070849,response to epidermal growth factor,8,-0.9294126131069332,-0.8059854822815109,1.0689788893662864,-1.060909316649321,0.8053194680531947,0.8572758003872191,False
GO_BP,PDOL,GO:0070887,cellular response to chemical stimulus,181,1.025464210447538,0.8169855052867798,0.07004376677930998,0.5819495744144931,0.32256774322567744,0.7997537654547503,False
GO_BP,PDOL,GO:0070925,organelle assembly,11,1.1311989074912228,0.6711438368990392,-0.2401091538907721,0.9156815659870892,0.22467753224677534,0.7997537654547503,False
GO_BP,PDOL,GO:0070988,demethylation,6,0.7438359824251585,0.24470433497223484,0.45475143398827295,0.3941080979449046,0.33466653334666535,0.7997537654547503,False
GO_BP,PDOL,GO:0070989,oxidative demethylation,6,0.7438359824251585,0.24470433497223484,0.45475143398827295,0.3941080979449046,0.33466653334666535,0.7997537654547503,False
GO_BP,PDOL,GO:0071071,regulation of phospholipid biosynthetic process,5,-0.26090804151525226,0.9521454095814164,0.6850376279998154,-1.0794995603058681,0.8184181581841816,0.8647994988263649,False
GO_BP,PDOL,GO:0071073,positive regulation of phospholipid biosynthetic process,5,-0.26090804151525226,0.9521454095814164,0.6850376279998154,-1.0794995603058681,0.8184181581841816,0.8647994988263649,False
GO_BP,PDOL,GO:0071214,cellular response to abiotic stimulus,19,-0.36029406909810624,-0.46360335287039994,0.20152283878434665,-0.2292538120550796,0.5464453554644536,0.7997537654547503,False
GO_BP,PDOL,GO:0071216,cellular response to biotic stimulus,20,0.5505368566823782,0.5977682307594695,0.17885778730404084,0.16222384765062303,0.4273572642735726,0.7997537654547503,False
GO_BP,PDOL,GO:0071219,cellular response to molecule of bacterial origin,19,0.8688628998804597,0.7266781742268386,0.3694939086294731,0.32077685845230386,0.36776322367763226,0.7997537654547503,False
GO_BP,PDOL,GO:0071222,cellular response to lipopolysaccharide,18,0.8401289794421842,0.2377858136035322,-0.2765894373024849,0.8595307912916605,0.22247775222477753,0.7997537654547503,False
GO_BP,PDOL,GO:0071229,cellular response to acid chemical,8,-0.7943833598384359,-0.8068584453195778,-0.5227776801703437,-0.1295652970934752,0.49575042495750427,0.7997537654547503,False
GO_BP,PDOL,GO:0071230,cellular response to amino acid stimulus,7,-0.7213296709961401,-0.7518503465496951,-0.692779906215351,0.0009854553863829496,0.44455554444555545,0.7997537654547503,False
GO_BP,PDOL,GO:0071248,cellular response to metal ion,10,-0.3986940620013342,-0.43443145129383925,-0.3891510024638066,0.013097164877488687,0.4587541245875412,0.7997537654547503,False
GO_BP,PDOL,GO:0071300,cellular response to retinoic acid,5,0.6672656159189365,-0.22405330325608888,-0.42643067120892353,0.9925076031514427,0.1912808719128087,0.7997537654547503,False
GO_BP,PDOL,GO:0071312,cellular response to alkaloid,5,1.2219791947802676,-0.283894851837019,-0.36342747707177936,1.5456403592346668,0.100989901009899,0.7997537654547503,False
GO_BP,PDOL,GO:0071322,cellular response to carbohydrate stimulus,5,0.019147252180782066,-0.4779573422685503,-0.6141299966165987,0.5651909216233566,0.2576742325767423,0.7997537654547503,False
GO_BP,PDOL,GO:0071326,cellular response to monosaccharide stimulus,5,0.019147252180782066,-0.4779573422685503,-0.6141299966165987,0.5651909216233566,0.2576742325767423,0.7997537654547503,False
GO_BP,PDOL,GO:0071331,cellular response to hexose stimulus,5,0.019147252180782066,-0.4779573422685503,-0.6141299966165987,0.5651909216233566,0.2576742325767423,0.7997537654547503,False
GO_BP,PDOL,GO:0071345,cellular response to cytokine stimulus,30,-0.6985970577636891,-0.43373864410690527,-0.9015450195374273,-0.03095522594152278,0.49765023497650235,0.7997537654547503,False
GO_BP,PDOL,GO:0071347,cellular response to interleukin-1,5,0.4499393028714461,0.6099410908149323,-0.7068702052937161,0.49840386011083804,0.32366763323667636,0.7997537654547503,False
GO_BP,PDOL,GO:0071354,cellular response to interleukin-6,5,-1.1699225098263473,-0.8795933411673771,-1.2323562220968078,-0.11394772819425492,0.5041495850414959,0.7997537654547503,False
GO_BP,PDOL,GO:0071356,cellular response to tumor necrosis factor,6,1.1681293739885406,1.255759821243528,-0.39032871342125225,0.7354138200774027,0.264973502649735,0.7997537654547503,False
GO_BP,PDOL,GO:0071363,cellular response to growth factor stimulus,34,-0.132852882513179,-0.018384365707214568,0.2568774455022942,-0.2520994224107188,0.5741425857414258,0.7997537654547503,False
GO_BP,PDOL,GO:0071364,cellular response to epidermal growth factor stimulus,7,-0.9592175623418732,-0.7374690743570951,0.8422710205092082,-1.0116185354179297,0.7983201679832017,0.8537793387023273,False
GO_BP,PDOL,GO:0071375,cellular response to peptide hormone stimulus,30,-0.5834548378610867,-0.10350929512174181,0.6735595804511966,-0.8684799805258141,0.7589241075892411,0.8377552075300945,False
GO_BP,PDOL,GO:0071383,cellular response to steroid hormone stimulus,22,2.4255369829224005,2.4564729037113064,0.505557942281328,0.9445215599260832,0.20627937206279373,0.7997537654547503,False
GO_BP,PDOL,GO:0071384,cellular response to corticosteroid stimulus,6,2.656223118403753,2.911921791407048,1.7805453474500312,0.30998954897521314,0.34726527347265274,0.7997537654547503,False
GO_BP,PDOL,GO:0071385,cellular response to glucocorticoid stimulus,5,2.892192594409411,3.1689800651235087,2.0828891367850315,0.2662579934551408,0.3558644135586441,0.7997537654547503,False
GO_BP,PDOL,GO:0071396,cellular response to lipid,52,1.6882567076687836,1.6625386327548708,0.06494333842112501,0.8245157220807856,0.24707529247075294,0.7997537654547503,False
GO_BP,PDOL,GO:0071398,cellular response to fatty acid,5,-1.1160992332635529,-0.13664820996368995,0.8807325622483955,-1.4881414094059056,0.9109089091090891,0.9289722585815072,False
GO_BP,PDOL,GO:0071402,cellular response to lipoprotein particle stimulus,6,-0.3095581491640796,-0.4332348123284577,-1.0478553191801294,0.430986916590214,0.35596440355964404,0.7997537654547503,False
GO_BP,PDOL,GO:0071404,cellular response to low-density lipoprotein particle stimulus,6,-0.3095581491640796,-0.4332348123284577,-1.0478553191801294,0.430986916590214,0.35596440355964404,0.7997537654547503,False
GO_BP,PDOL,GO:0071453,cellular response to oxygen levels,11,-0.08288195835557825,0.31965957114892707,1.4928524319764063,-0.9891379599182448,0.7855214478552145,0.848232666350347,False
GO_BP,PDOL,GO:0071456,cellular response to hypoxia,11,-0.08288195835557825,0.31965957114892707,1.4928524319764063,-0.9891379599182448,0.7855214478552145,0.848232666350347,False
GO_BP,PDOL,GO:0071466,cellular response to xenobiotic stimulus,37,1.7719366060369284,1.8514453223883565,1.1370733410790603,0.27767727430321987,0.39276072392760725,0.7997537654547503,False
GO_BP,PDOL,GO:0071478,cellular response to radiation,10,-0.7211921094186398,-0.8610654740680694,-0.9791554985616802,0.19891837689623504,0.37346265373462656,0.7997537654547503,False
GO_BP,PDOL,GO:0071482,cellular response to light stimulus,10,-0.7211921094186398,-0.8610654740680694,-0.9791554985616802,0.19891837689623504,0.37346265373462656,0.7997537654547503,False
GO_BP,PDOL,GO:0071495,cellular response to endogenous stimulus,75,2.174722882023647,2.58852238611266,1.5029097029643055,0.12900683748516428,0.45265473452654736,0.7997537654547503,False
GO_BP,PDOL,GO:0071498,cellular response to fluid shear stress,6,-0.3035263154247936,-0.7564024016661886,-0.03402633881465991,0.09168805481563064,0.44635536446355367,0.7997537654547503,False
GO_BP,PDOL,GO:0071559,response to transforming growth factor beta,8,-0.4074305452319689,-0.08895683956817911,-0.8284115129674819,0.05125363103586161,0.44725527447255276,0.7997537654547503,False
GO_BP,PDOL,GO:0071560,cellular response to transforming growth factor beta stimulus,8,-0.4074305452319689,-0.08895683956817911,-0.8284115129674819,0.05125363103586161,0.44725527447255276,0.7997537654547503,False
GO_BP,PDOL,GO:0071621,granulocyte chemotaxis,7,0.06780303241096021,0.221994894585582,-1.066466595985368,0.49003888311085325,0.32656734326567344,0.7997537654547503,False
GO_BP,PDOL,GO:0071674,mononuclear cell migration,6,-0.8713372101264464,-0.7911095433476326,-1.2329965490793944,0.14071583608706717,0.38306169383061695,0.7997537654547503,False
GO_BP,PDOL,GO:0071675,regulation of mononuclear cell migration,7,-0.5794994091465121,-0.8335807657504091,-0.20365191769462096,-0.06088306742399707,0.49245075492450757,0.7997537654547503,False
GO_BP,PDOL,GO:0071677,positive regulation of mononuclear cell migration,5,-0.6611478280201881,-0.4150024208490048,0.4521541916103665,-0.679723713400869,0.7031296870312969,0.8099057187562071,False
GO_BP,PDOL,GO:0071695,anatomical structure maturation,6,0.26563292481691436,-0.07458474330193893,-0.7612639777229743,0.683557285329371,0.27377262273772623,0.7997537654547503,False
GO_BP,PDOL,GO:0071705,nitrogen compound transport,18,-1.3234854093902924,-0.8597028998927988,-1.1428590902034557,-0.3222044143421652,0.5757424257574243,0.7997537654547503,False
GO_BP,PDOL,GO:0071715,icosanoid transport,9,1.284581781478368,1.0175890807681165,0.17852216705552396,0.6865261575665478,0.27387261273872615,0.7997537654547503,False
GO_BP,PDOL,GO:0071763,nuclear membrane organization,5,-0.1868948886424226,-0.49015350190539864,-0.5689042414211757,0.3426339830208645,0.36066393360663934,0.7997537654547503,False
GO_BP,PDOL,GO:0071825,protein-lipid complex organization,5,1.2428336112859182,0.7683534503242148,-0.09442493209238435,0.905869352170003,0.2308769123087691,0.7997537654547503,False
GO_BP,PDOL,GO:0071827,plasma lipoprotein particle organization,5,1.2428336112859182,0.7683534503242148,-0.09442493209238435,0.905869352170003,0.2308769123087691,0.7997537654547503,False
GO_BP,PDOL,GO:0071840,cellular component organization or biogenesis,120,-0.1742728826444247,-0.20351510676163256,-0.26189338933733075,0.058431365405056945,0.47065293470652936,0.7997537654547503,False
GO_BP,PDOL,GO:0071867,response to monoamine,19,-0.04238042450874808,-0.44826722938372254,-1.2412408906362709,0.8023736355012486,0.24787521247875213,0.7997537654547503,False
GO_BP,PDOL,GO:0071868,cellular response to monoamine stimulus,19,-0.04238042450874808,-0.44826722938372254,-1.2412408906362709,0.8023736355012486,0.24787521247875213,0.7997537654547503,False
GO_BP,PDOL,GO:0071869,response to catecholamine,19,-0.04238042450874808,-0.44826722938372254,-1.2412408906362709,0.8023736355012486,0.24787521247875213,0.7997537654547503,False
GO_BP,PDOL,GO:0071870,cellular response to catecholamine stimulus,19,-0.04238042450874808,-0.44826722938372254,-1.2412408906362709,0.8023736355012486,0.24787521247875213,0.7997537654547503,False
GO_BP,PDOL,GO:0071875,adrenergic receptor signaling pathway,11,-0.9070507257662992,-0.9014585219710362,-1.27702830723711,0.18219268883777384,0.36806319368063195,0.7997537654547503,False
GO_BP,PDOL,GO:0071880,adenylate cyclase-activating adrenergic receptor signaling pathway,7,-0.7412525444449278,-0.6238798043231308,-1.105522497315022,0.12344860637414856,0.39976002399760024,0.7997537654547503,False
GO_BP,PDOL,GO:0071897,DNA biosynthetic process,7,0.41198993627921904,-0.31495298093296614,-0.6647107357833358,0.9018217946373701,0.21937806219378062,0.7997537654547503,False
GO_BP,PDOL,GO:0071900,regulation of protein serine/threonine kinase activity,7,-0.06719614199243337,-0.4499618784001406,0.44051078912492,-0.06247059735482305,0.49065093490650935,0.7997537654547503,False
GO_BP,PDOL,GO:0071902,positive regulation of protein serine/threonine kinase activity,6,-0.8772600700860753,-1.1756039310202553,-0.7138040611573409,0.06744392600272275,0.42205779422057793,0.7997537654547503,False
GO_BP,PDOL,GO:0072001,renal system development,6,-0.8269729373478816,-1.6428053043270954,-1.0502806253666328,0.5195700274989825,0.24687531246875313,0.7997537654547503,False
GO_BP,PDOL,GO:0072330,monocarboxylic acid biosynthetic process,23,-0.08382317419977757,-0.4356233365331762,-0.30864667766439674,0.28831183289900886,0.38446155384461556,0.7997537654547503,False
GO_BP,PDOL,GO:0072348,sulfur compound transport,5,-0.6772014368925623,-0.47700093620068357,-1.2730207643567033,0.19780941338613112,0.36626337366263373,0.7997537654547503,False
GO_BP,PDOL,GO:0072359,circulatory system development,28,-0.31327259058345835,-0.6347945877552361,-0.753886327089593,0.3810678668389562,0.36076392360763926,0.7997537654547503,False
GO_BP,PDOL,GO:0072521,purine-containing compound metabolic process,19,-0.7956486513846459,-0.33536452899656655,-0.3458588413864357,-0.4550369661931448,0.6371362863713629,0.7997700096049865,False
GO_BP,PDOL,GO:0072523,purine-containing compound catabolic process,8,-0.41951172272697657,-0.27815042797704864,-0.3722628667187802,-0.09430507537906213,0.5098490150984901,0.7997537654547503,False
GO_BP,PDOL,GO:0072524,pyridine-containing compound metabolic process,8,-0.32534135647933116,-0.1647715212878373,-0.1487484310116449,-0.16858138032959005,0.5258474152584741,0.7997537654547503,False
GO_BP,PDOL,GO:0072531,pyrimidine-containing compound transmembrane transport,5,-1.1208425599293736,-1.6579620932310064,-1.2607418168788675,0.33850939512556333,0.32386761323867613,0.7997537654547503,False
GO_BP,PDOL,GO:0072593,reactive oxygen species metabolic process,7,-0.4644388686533694,-0.34884152006597624,0.6059094209218624,-0.5929728190813125,0.6781321867813219,0.8034578820598953,False
GO_BP,PDOL,GO:0072594,establishment of protein localization to organelle,7,-1.375447757444989,-1.1201139444691277,-1.0791950213231607,-0.27579327454884495,0.5654434556544345,0.7997537654547503,False
GO_BP,PDOL,GO:0080090,regulation of primary metabolic process,149,2.1249788576161324,1.9318869172257618,0.5469954774193622,0.8855376602935703,0.22897710228977103,0.7997537654547503,False
GO_BP,PDOL,GO:0080134,regulation of response to stress,88,0.027408324297201598,-0.17159804569793258,0.8764427890045023,-0.3250140473560833,0.593940605939406,0.7997537654547503,False
GO_BP,PDOL,GO:0080135,regulation of cellular response to stress,40,0.8188476923494623,-0.10727831966106723,0.663264130455303,0.5408547869523445,0.31386861313868614,0.7997537654547503,False
GO_BP,PDOL,GO:0080164,regulation of nitric oxide metabolic process,14,-1.152208099222953,-1.1801294006025396,-0.7558093451564338,-0.18423872634346639,0.5424457554244576,0.7997537654547503,False
GO_BP,PDOL,GO:0086003,cardiac muscle cell contraction,5,0.33430961375486107,0.2703123108209898,-0.15314333978045866,0.2757251282345955,0.3243675632436756,0.7997537654547503,False
GO_BP,PDOL,GO:0086004,regulation of cardiac muscle cell contraction,5,-0.8031986555033589,-0.8830280599746795,-0.7701850197560518,0.023407884362006803,0.44945505449455053,0.7997537654547503,False
GO_BP,PDOL,GO:0086091,regulation of heart rate by cardiac conduction,5,-0.48114380035064996,-0.5935182891510771,-0.8068748551005523,0.2190527717751648,0.3565643435656434,0.7997537654547503,False
GO_BP,PDOL,GO:0090066,regulation of anatomical structure size,46,0.29440503549250535,-0.24505235808648257,-0.22540885460215712,0.5296356418368252,0.31966803319668036,0.7997537654547503,False
GO_BP,PDOL,GO:0090068,positive regulation of cell cycle process,18,-1.5525160944021443,-1.5509996639460688,-0.716591226569375,-0.4187206491444224,0.6167383261673832,0.7997537654547503,False
GO_BP,PDOL,GO:0090087,regulation of peptide transport,17,-0.08281431777840093,0.19998775232936133,0.997485977210457,-0.68155118254831,0.7233276672332767,0.8216440491873143,False
GO_BP,PDOL,GO:0090092,regulation of transmembrane receptor protein serine/threonine kinase signaling pathway,14,-0.4783563131595656,-0.9078820940966061,-1.5003874849311858,0.7257784763543302,0.26517348265173485,0.7997537654547503,False
GO_BP,PDOL,GO:0090100,positive regulation of transmembrane receptor protein serine/threonine kinase signaling pathway,6,-0.4963622712086273,-0.823715226429941,-0.9121689966063881,0.37157984030953717,0.2856714328567143,0.7997537654547503,False
GO_BP,PDOL,GO:0090101,negative regulation of transmembrane receptor protein serine/threonine kinase signaling pathway,6,-0.18678952357995163,-0.5559886355489972,-1.1353705830593743,0.6588900857242342,0.2803719628037196,0.7997537654547503,False
GO_BP,PDOL,GO:0090109,regulation of cell-substrate junction assembly,8,-1.1816550500508245,-1.1934193232361725,-0.13868514149972758,-0.5156028176828744,0.6466353364663534,0.8020133445239224,False
GO_BP,PDOL,GO:0090181,regulation of cholesterol metabolic process,5,-0.2641719824226367,-0.054851112302747106,0.862068541111732,-0.6677806968271291,0.7593240675932407,0.8377552075300945,False
GO_BP,PDOL,GO:0090257,regulation of muscle system process,25,-0.51626585144724,-1.0031776905767211,-1.1379162085839347,0.5542810981330879,0.30786921307869214,0.7997537654547503,False
GO_BP,PDOL,GO:0090263,positive regulation of canonical Wnt signaling pathway,8,-0.6247352711499963,-0.5364056131272464,-0.535382166859458,-0.08884138115664397,0.49395060493950604,0.7997537654547503,False
GO_BP,PDOL,GO:0090276,regulation of peptide hormone secretion,15,0.07395798486815176,0.274214380956212,0.9928222627929942,-0.5595603370064514,0.686931306869313,0.805352973342786,False
GO_BP,PDOL,GO:0090277,positive regulation of peptide hormone secretion,7,-0.0481073377882164,0.10523610030099828,0.48993558181636815,-0.34569317884689965,0.5845415458454155,0.7997537654547503,False
GO_BP,PDOL,GO:0090278,negative regulation of peptide hormone secretion,5,-0.25714837278955427,-0.6790843266761483,-1.0133833922701436,0.5890854866835917,0.198980101989801,0.7997537654547503,False
GO_BP,PDOL,GO:0090287,regulation of cellular response to growth factor stimulus,14,-0.2690662931311066,-0.6036319540566779,-0.615309140992411,0.34040425439343786,0.37996200379962003,0.7997537654547503,False
GO_BP,PDOL,GO:0090303,positive regulation of wound healing,7,-0.31459481255012034,-0.7474303143522055,-0.795076389871821,0.45665853956189295,0.2943705629437056,0.7997537654547503,False
GO_BP,PDOL,GO:0090304,nucleic acid metabolic process,39,1.6148637957289647,1.4081725530098765,0.618441795251312,0.6015566215983703,0.30526947305269475,0.7997537654547503,False
GO_BP,PDOL,GO:0090316,positive regulation of intracellular protein transport,9,-0.3652279673893592,-1.2749914711166017,-1.250866440675485,0.897700988506684,0.2323767623237676,0.7997537654547503,False
GO_BP,PDOL,GO:0090322,regulation of superoxide metabolic process,7,-0.06372935317549004,0.14284803031568527,0.6819054423526523,-0.4761060895096588,0.6379362063793621,0.7997700096049865,False
GO_BP,PDOL,GO:0090330,regulation of platelet aggregation,6,-1.1541524492176976,-0.7753113737307443,-0.7524483541982303,-0.3902725852532103,0.6057394260573943,0.7997537654547503,False
GO_BP,PDOL,GO:0090398,cellular senescence,5,2.031613675971891,-0.8758365284572901,-1.1911623503952251,3.0651131153981486,0.003999600039996,0.7997537654547503,False
GO_BP,PDOL,GO:0090407,organophosphate biosynthetic process,10,0.6656853007412044,-0.35324811807984774,-0.638824720774663,1.1617217201684598,0.12868713128687131,0.7997537654547503,False
GO_BP,PDOL,GO:0090559,regulation of membrane permeability,5,0.07957845539801393,-0.6769932271260336,-0.9359463336753497,0.8860482357987056,0.20687931206879312,0.7997537654547503,False
GO_BP,PDOL,GO:0090596,sensory organ morphogenesis,5,-0.6750550362060885,-1.42733286889648,-2.1543859817339728,1.1158043891091378,0.11988801119888011,0.7997537654547503,False
GO_BP,PDOL,GO:0095500,acetylcholine receptor signaling pathway,10,-1.0248743381244754,-0.9354003808194592,-0.6488835766759026,-0.23273235937679448,0.5322467753224678,0.7997537654547503,False
GO_BP,PDOL,GO:0097006,regulation of plasma lipoprotein particle levels,5,1.2428336112859182,0.7683534503242148,-0.09442493209238435,0.905869352170003,0.2308769123087691,0.7997537654547503,False
GO_BP,PDOL,GO:0097009,energy homeostasis,5,-0.6879125767451119,-1.040294544195798,-1.000592164232536,0.33253077746905524,0.36546345365463456,0.7997537654547503,False
GO_BP,PDOL,GO:0097190,apoptotic signaling pathway,18,-1.081591604799401,-0.9748874625295177,-1.4601599954623983,0.13593212419655698,0.42875712428757123,0.7997537654547503,False
GO_BP,PDOL,GO:0097191,extrinsic apoptotic signaling pathway,7,0.09400522266018405,-0.35491390168589587,-0.8898679912696504,0.7163961691379572,0.24677532246775322,0.7997537654547503,False
GO_BP,PDOL,GO:0097193,intrinsic apoptotic signaling pathway,9,-0.2755712041292154,-0.4852578604343855,-1.1132668751775479,0.5236911636767514,0.25747425257474255,0.7997537654547503,False
GO_BP,PDOL,GO:0097237,cellular response to toxic substance,11,-0.5832585538691926,-0.30500380664324755,0.2915766321568608,-0.5765449666259992,0.6968303169683032,0.80794593146476,False
GO_BP,PDOL,GO:0097267,omega-hydroxylase P450 pathway,6,-0.8312284643414357,-0.7916977245606094,-0.6842442346392588,-0.09325748474150164,0.49125087491250874,0.7997537654547503,False
GO_BP,PDOL,GO:0097305,response to alcohol,28,-0.45903233875716676,-1.560426684298273,-0.9958118801549682,0.8190869434694538,0.24537546245375463,0.7997537654547503,False
GO_BP,PDOL,GO:0097306,cellular response to alcohol,8,-0.8892789643924557,-1.2944684400277027,-0.7452104427775461,0.1305604770101687,0.41175882411758824,0.7997537654547503,False
GO_BP,PDOL,GO:0097435,supramolecular fiber organization,9,-0.21663367515979728,-0.4320890460068021,-0.07810725273875818,0.03846447421298285,0.44955504449555045,0.7997537654547503,False
GO_BP,PDOL,GO:0097485,neuron projection guidance,5,-0.6224452025448142,0.0033155864149556264,0.25285305431473126,-0.7505295229096576,0.7450254974502549,0.8300850467202744,False
GO_BP,PDOL,GO:0097529,myeloid leukocyte migration,9,-0.3147467249636363,-0.26046618947505873,-1.1901872588515858,0.410579999199686,0.35356464353564643,0.7997537654547503,False
GO_BP,PDOL,GO:0097530,granulocyte migration,7,0.06780303241096021,0.221994894585582,-1.066466595985368,0.49003888311085325,0.32656734326567344,0.7997537654547503,False
GO_BP,PDOL,GO:0097553,calcium ion transmembrane import into cytosol,7,1.6701908811805286,-0.3590589496945962,-0.8478662967856109,2.273653504420632,0.0486951304869513,0.7997537654547503,False
GO_BP,PDOL,GO:0097746,blood vessel diameter maintenance,34,-0.987704469474296,-1.1100775127398075,-1.048005647268912,0.09133711053006377,0.45625437456254375,0.7997537654547503,False
GO_BP,PDOL,GO:0098542,defense response to other organism,21,0.9148534474257233,0.7976353133656702,-0.28131240629431614,0.6566919938900463,0.284971502849715,0.7997537654547503,False
GO_BP,PDOL,GO:0098586,cellular response to virus,6,-0.8575921137443814,-0.920543007866319,-0.7110443755897002,-0.04179842201637174,0.4757524247575243,0.7997537654547503,False
GO_BP,PDOL,GO:0098609,cell-cell adhesion,10,-1.4530411521476863,-0.12687089670799298,0.2596464644645922,-1.5194289360259858,0.9042095790420958,0.9253664618230939,False
GO_BP,PDOL,GO:0098655,monoatomic cation transmembrane transport,24,0.36946929690405056,-0.3423927496128836,-1.1431905358348655,1.112260939627925,0.1850814918508149,0.7997537654547503,False
GO_BP,PDOL,GO:0098656,monoatomic anion transmembrane transport,5,2.1075543796612166,2.0638221114891246,0.7645196206759974,0.6933835135786555,0.21207879212078792,0.7997537654547503,False
GO_BP,PDOL,GO:0098657,import into cell,41,0.27940478359996224,-0.7129553456415852,-1.3653312464484335,1.3185480796449716,0.13658634136586342,0.7997537654547503,False
GO_BP,PDOL,GO:0098659,inorganic cation import across plasma membrane,6,2.5882207808620326,0.8123425225659889,-0.26433619070912373,2.3142176149336,0.05419458054194581,0.7997537654547503,False
GO_BP,PDOL,GO:0098664,G protein-coupled serotonin receptor signaling pathway,12,-0.9012859458996996,-0.4650048166903798,-0.8596699312704105,-0.2389485719193044,0.5536446355364464,0.7997537654547503,False
GO_BP,PDOL,GO:0098739,import across plasma membrane,10,1.2484586707981569,0.024775006865563755,-0.6492160715134807,1.5606792031221153,0.12378762123787622,0.7997537654547503,False
GO_BP,PDOL,GO:0098754,detoxification,14,-0.6219002407670318,-0.2665394509700374,0.4328465122861319,-0.7050537714250791,0.7413258674132587,0.8288882260019403,False
GO_BP,PDOL,GO:0098771,inorganic ion homeostasis,25,0.46237468929690917,0.34972536383611197,0.6906917888030983,-0.057833887022695984,0.4971502849715029,0.7997537654547503,False
GO_BP,PDOL,GO:0098773,skin epidermis development,5,-0.9207171704570097,-1.0034511543026594,-1.5224701941473924,0.34224350376801616,0.34526547345265474,0.7997537654547503,False
GO_BP,PDOL,GO:0098815,modulation of excitatory postsynaptic potential,7,-0.7134937830099174,-0.6209513651137968,-0.8214649019694465,0.007714350531704217,0.45155484451554845,0.7997537654547503,False
GO_BP,PDOL,GO:0098869,cellular oxidant detoxification,6,-0.48684508001487886,-0.5073288347820751,-0.3485245742234791,-0.05891837551210172,0.4664533546645335,0.7997537654547503,False
GO_BP,PDOL,GO:0098916,anterograde trans-synaptic signaling,55,0.26755711716889075,-0.5617133257246905,-1.399201090671216,1.248014325366844,0.15658434156584342,0.7997537654547503,False
GO_BP,PDOL,GO:0098926,postsynaptic signal transduction,12,-1.3437647785505853,-0.9427167283033361,-1.3177115525326648,-0.2135506381325849,0.532046795320468,0.7997537654547503,False
GO_BP,PDOL,GO:0099111,microtubule-based transport,5,0.11902922033592644,0.10370732566830297,0.33841868442227807,-0.10203378470936408,0.5055494450554945,0.7997537654547503,False
GO_BP,PDOL,GO:0099170,postsynaptic modulation of chemical synaptic transmission,5,-0.7588883744425463,-0.8845072094027213,-1.3022429490658027,0.3344867047917157,0.31586841315868414,0.7997537654547503,False
GO_BP,PDOL,GO:0099171,presynaptic modulation of chemical synaptic transmission,13,0.047030358057398726,-0.34247864305137404,-0.9066599807135508,0.6715996699398612,0.23807619238076191,0.7997537654547503,False
GO_BP,PDOL,GO:0099175,regulation of postsynapse organization,11,-0.382845031655096,-0.4645585325577359,0.02346195885304259,-0.16229674480274933,0.5316468353164684,0.7997537654547503,False
GO_BP,PDOL,GO:0099177,regulation of trans-synaptic signaling,51,-0.1556225480963363,-0.6589725342114487,-1.7812805609842235,1.0645039995014998,0.18418158184181582,0.7997537654547503,False
GO_BP,PDOL,GO:0099505,regulation of presynaptic membrane potential,7,1.6493834897518604,1.9011677042156259,-0.4274094465203823,0.9125043609042387,0.19958004199580043,0.7997537654547503,False
GO_BP,PDOL,GO:0099536,synaptic signaling,62,0.8041348351427791,-0.29131067619093565,-1.560142913205356,1.7298616298409248,0.07999200079992001,0.7997537654547503,False
GO_BP,PDOL,GO:0099537,trans-synaptic signaling,59,1.0344087874724537,-0.20201950130834626,-1.3080556213113743,1.789446348782314,0.07479252074792521,0.7997537654547503,False
GO_BP,PDOL,GO:0099565,"chemical synaptic transmission, postsynaptic",13,0.3976951382602716,-1.3803396923023123,-1.476460735664755,1.8260953522438053,0.074992500749925,0.7997537654547503,False
GO_BP,PDOL,GO:0099587,inorganic ion import across plasma membrane,6,2.5882207808620326,0.8123425225659889,-0.26433619070912373,2.3142176149336,0.05419458054194581,0.7997537654547503,False
GO_BP,PDOL,GO:0104004,cellular response to environmental stimulus,19,-0.36029406909810624,-0.46360335287039994,0.20152283878434665,-0.2292538120550796,0.5464453554644536,0.7997537654547503,False
GO_BP,PDOL,GO:0106027,neuron projection organization,6,-0.15096938618836353,-0.39569655397725395,-0.29677375316731797,0.19526576738392243,0.4022597740225977,0.7997537654547503,False
GO_BP,PDOL,GO:0110053,regulation of actin filament organization,8,0.662402257274304,0.18537850195995884,0.6939679466478615,0.22272903297039381,0.3093690630936906,0.7997537654547503,False
GO_BP,PDOL,GO:0110075,regulation of ferroptosis,5,-0.15813962172140109,-0.7555696312389695,0.2588918936964871,0.09019924704984011,0.40185981401859816,0.7997537654547503,False
GO_BP,PDOL,GO:0120031,plasma membrane bounded cell projection assembly,5,-0.5124638807272129,-1.222467884007395,-0.9866976688420478,0.5921188956975084,0.2101789821017898,0.7997537654547503,False
GO_BP,PDOL,GO:0120032,regulation of plasma membrane bounded cell projection assembly,6,-0.07672041753606385,-1.0259052462317775,-0.6590069601479224,0.765735685653786,0.2521747825217478,0.7997537654547503,False
GO_BP,PDOL,GO:0120035,regulation of plasma membrane bounded cell projection organization,25,-0.5107995643431382,-1.256871491728496,-0.29332084194347824,0.2642966024928489,0.4036596340365963,0.7997537654547503,False
GO_BP,PDOL,GO:0120036,plasma membrane bounded cell projection organization,25,0.024769018493755773,-0.4960913114680896,0.010646489210505032,0.26749142962254807,0.39966003399660033,0.7997537654547503,False
GO_BP,PDOL,GO:0120039,plasma membrane bounded cell projection morphogenesis,10,-0.1997067671002399,-0.015897971484333327,0.21753926096304751,-0.30052741183959697,0.5663433656634337,0.7997537654547503,False
GO_BP,PDOL,GO:0120161,regulation of cold-induced thermogenesis,12,-1.1390619907965116,-0.7504008863666973,-1.2082912098597538,-0.15971594268328604,0.5352464753524647,0.7997537654547503,False
GO_BP,PDOL,GO:0120162,positive regulation of cold-induced thermogenesis,12,-1.1390619907965116,-0.7504008863666973,-1.2082912098597538,-0.15971594268328604,0.5352464753524647,0.7997537654547503,False
GO_BP,PDOL,GO:0120178,steroid hormone biosynthetic process,5,-0.23748973867671722,0.010972046633680232,0.43884487214550916,-0.4623981980663119,0.6677332266773323,0.8033058431305515,False
GO_BP,PDOL,GO:0120254,olefinic compound metabolic process,34,-0.8087737922968073,-0.5436722297798896,0.6676888849100182,-0.8707821198618717,0.7488251174882512,0.8312385080277551,False
GO_BP,PDOL,GO:0140115,export across plasma membrane,7,-0.11021883292781555,0.14938966678736995,-0.3182023509768115,-0.02581249083309478,0.46835316468353166,0.7997537654547503,False
GO_BP,PDOL,GO:0140352,export from cell,15,-1.0730277658352179,0.0811532721890457,0.11986938981229656,-1.173539096835889,0.84001599840016,0.8786935343121923,False
GO_BP,PDOL,GO:0140374,antiviral innate immune response,6,0.9404860489336566,0.7440090319352034,-0.5421179926781802,0.839540529305145,0.2233776622337766,0.7997537654547503,False
GO_BP,PDOL,GO:0140448,signaling receptor ligand precursor processing,5,-0.5595667936281483,-0.5358184692645748,-0.8314264921841817,0.12405568709622994,0.38376162383761625,0.7997537654547503,False
GO_BP,PDOL,GO:0140546,defense response to symbiont,21,0.9148534474257233,0.7976353133656702,-0.28131240629431614,0.6566919938900463,0.284971502849715,0.7997537654547503,False
GO_BP,PDOL,GO:0140694,membraneless organelle assembly,10,1.281208140490019,0.7804758768823908,-0.06792414819932695,0.924932276148487,0.21707829217078292,0.7997537654547503,False
GO_BP,PDOL,GO:0141060,disruption of anatomical structure in another organism,5,1.8420702388085133,0.8731274359478255,-0.6617470011598767,1.7363800214145388,0.10158984101589841,0.7997537654547503,False
GO_BP,PDOL,GO:0141091,transforming growth factor beta receptor superfamily signaling pathway,7,-1.1159357327960513,-1.0522249132255788,-1.238260286985291,0.029306867309383478,0.45145485451454853,0.7997537654547503,False
GO_BP,PDOL,GO:0141124,intracellular signaling cassette,40,-0.07299166654697657,-1.2907921388169572,-1.261075498306931,1.2029421520149677,0.16298370162983702,0.7997537654547503,False
GO_BP,PDOL,GO:0141137,"positive regulation of gene expression, epigenetic",5,-0.20790769123248432,0.5794126123298804,-0.08558554076850632,-0.45482122701317135,0.6261373862613738,0.7997537654547503,False
GO_BP,PDOL,GO:0141161,regulation of cAMP/PKA signal transduction,5,-0.7272233273357203,-0.6770315979788105,-0.5817483685786624,-0.09783334405698385,0.49825017498250174,0.7997537654547503,False
GO_BP,PDOL,GO:0141187,nucleic acid biosynthetic process,25,1.0517895151163195,1.020988067542711,-0.06544720764913442,0.5740190851695312,0.31416858314168583,0.7997537654547503,False
GO_BP,PDOL,GO:0141193,nuclear receptor-mediated signaling pathway,20,1.3140342450250755,1.09884994750468,-0.268899563294252,0.8990590529198614,0.22567743225677434,0.7997537654547503,False
GO_BP,PDOL,GO:0150063,visual system development,12,-1.1462824145554151,-1.0957033335445856,-1.838394481119546,0.3207664927766507,0.34026597340265974,0.7997537654547503,False
GO_BP,PDOL,GO:0150076,neuroinflammatory response,5,0.5374641890882792,0.37698051636176244,1.039887060987316,-0.17096959958626012,0.5171482851714828,0.7997537654547503,False
GO_BP,PDOL,GO:0150104,transport across blood-brain barrier,11,0.308027296641117,-0.27338469939964904,-0.9717464827067006,0.9305928876942919,0.19258074192580743,0.7997537654547503,False
GO_BP,PDOL,GO:0150116,regulation of cell-substrate junction organization,8,-1.1816550500508245,-1.1934193232361725,-0.13868514149972758,-0.5156028176828744,0.6466353364663534,0.8020133445239224,False
GO_BP,PDOL,GO:0150117,positive regulation of cell-substrate junction organization,5,-0.9577472249761918,-1.1350071271927065,0.15872173467326592,-0.4696045287164715,0.6425357464253575,0.801209583750324,False
GO_BP,PDOL,GO:0160108,animal gross anatomical part developmental process,134,-0.21489718325429583,0.2883457151714671,-0.48634189463281247,-0.11589909352362315,0.5189481051894811,0.7997537654547503,False
GO_BP,PDOL,GO:1900015,regulation of cytokine production involved in inflammatory response,13,0.07314366304245325,-0.05496201729294889,-0.3476358474883137,0.2744425954330845,0.37136286371362864,0.7997537654547503,False
GO_BP,PDOL,GO:1900016,negative regulation of cytokine production involved in inflammatory response,8,0.002042462032937799,-0.13089811932606787,-0.6741925030229513,0.4045877732074474,0.34096590340965904,0.7997537654547503,False
GO_BP,PDOL,GO:1900034,regulation of cellular response to heat,5,1.0992664468082807,0.18762551214389858,0.2561024746884644,0.8774024533920992,0.2323767623237676,0.7997537654547503,False
GO_BP,PDOL,GO:1900037,regulation of cellular response to hypoxia,6,0.5650890901895733,-0.30195628155308013,0.46318248281328656,0.48447598955947013,0.28557144285571445,0.7997537654547503,False
GO_BP,PDOL,GO:1900046,regulation of hemostasis,5,-0.7105327996671433,-0.8611394734171998,-0.8060634629615285,0.12306866852222087,0.42855714428557146,0.7997537654547503,False
GO_BP,PDOL,GO:1900076,regulation of cellular response to insulin stimulus,7,1.0036279470772307,2.308266218225662,3.8767668309814933,-2.088888577526347,0.9687031296870313,0.9728606538487782,False
GO_BP,PDOL,GO:1900087,positive regulation of G1/S transition of mitotic cell cycle,6,-1.3516957186130865,-1.4581539482531045,-1.1766166901319086,-0.03431039942058001,0.48975102489751027,0.7997537654547503,False
GO_BP,PDOL,GO:1900180,regulation of protein localization to nucleus,14,-0.6401247403192072,-1.1076142632687924,-0.9274761295680888,0.37742045609923336,0.36676332366763326,0.7997537654547503,False
GO_BP,PDOL,GO:1900182,positive regulation of protein localization to nucleus,12,-0.8777917937156104,-1.11142917213337,-0.9323624866867452,0.14410403569444707,0.42005799420057993,0.7997537654547503,False
GO_BP,PDOL,GO:1900271,regulation of long-term synaptic potentiation,6,-0.02340987619351335,-0.6255923933902965,-0.3125166674862776,0.4456446542447737,0.32986701329867013,0.7997537654547503,False
GO_BP,PDOL,GO:1900371,regulation of purine nucleotide biosynthetic process,5,0.5751747058184892,-0.1343246171495953,-1.0408909629179177,1.1627824958522457,0.16148385161483853,0.7997537654547503,False
GO_BP,PDOL,GO:1900542,regulation of purine nucleotide metabolic process,10,-0.9845600444418747,-0.9689260820333189,-1.3932548171904446,0.19653040517000697,0.416958304169583,0.7997537654547503,False
GO_BP,PDOL,GO:1900544,positive regulation of purine nucleotide metabolic process,8,-0.8955264728835935,-1.0450293442003091,-1.3782851145858401,0.31613075650948097,0.37966203379662034,0.7997537654547503,False
GO_BP,PDOL,GO:1901099,negative regulation of signal transduction in absence of ligand,7,-0.7998221445886582,-0.7707780948649094,-1.0436426938979442,0.10738824979276862,0.43645635436456354,0.7997537654547503,False
GO_BP,PDOL,GO:1901135,carbohydrate derivative metabolic process,25,-1.0594384021264056,-0.5393986429883412,0.07496733880014506,-0.8272227500323075,0.7511248875112488,0.8330010600835651,False
GO_BP,PDOL,GO:1901136,carbohydrate derivative catabolic process,12,-0.48019046582803315,-0.5211571548783076,-0.6719218684668554,0.11634904584454842,0.41545845415458454,0.7997537654547503,False
GO_BP,PDOL,GO:1901184,regulation of ERBB signaling pathway,5,-0.7643524122994088,-0.3435012685067901,1.070825641562947,-1.1280145988274872,0.8329167083291671,0.8741982944562687,False
GO_BP,PDOL,GO:1901222,regulation of non-canonical NF-kappaB signal transduction,5,-0.5870579494887278,0.17850281439090282,-0.1918785791342018,-0.5803700671170783,0.6903309669033096,0.8055371886185417,False
GO_BP,PDOL,GO:1901264,carbohydrate derivative transport,6,-0.13556912992942327,-0.843280045062598,-0.33000914760573,0.4510754664047407,0.28177182281771823,0.7997537654547503,False
GO_BP,PDOL,GO:1901292,nucleoside phosphate catabolic process,9,-0.2666985517898985,-0.2044323670338904,-0.4168736827372663,0.04395447309567985,0.44115588441155884,0.7997537654547503,False
GO_BP,PDOL,GO:1901342,regulation of vasculature development,21,0.5069242710680569,0.7025789971806649,0.9725803718662288,-0.33065541345538996,0.5847415258474152,0.7997537654547503,False
GO_BP,PDOL,GO:1901343,negative regulation of vasculature development,7,-0.08025740638288718,0.419947617639776,0.9296291611723347,-0.7550457957889425,0.7708229177082292,0.8413560881152622,False
GO_BP,PDOL,GO:1901652,response to peptide,39,-1.1197500562047535,-0.7852570529083355,-1.442228390455362,-0.006007334522904806,0.49185081491850813,0.7997537654547503,False
GO_BP,PDOL,GO:1901654,response to ketone,16,-0.7854698290218525,-1.0587870570148903,-0.981187196551594,0.23451729776138963,0.40885911408859116,0.7997537654547503,False
GO_BP,PDOL,GO:1901655,cellular response to ketone,8,-0.20337985818621163,-0.4637470246896918,-0.8046427288143633,0.43081501856581594,0.33996600339966004,0.7997537654547503,False
GO_BP,PDOL,GO:1901698,response to nitrogen compound,94,-1.2711200270235514,-1.4203143388752675,-1.004526071741362,-0.0586998217152368,0.5121487851214879,0.7997537654547503,False
GO_BP,PDOL,GO:1901699,cellular response to nitrogen compound,69,-0.9048182483898304,-0.7387474902349036,-0.7214580843025357,-0.1747154611211108,0.5449455054494551,0.7997537654547503,False
GO_BP,PDOL,GO:1901700,response to oxygen-containing compound,146,-0.5614535080721172,-0.8286545458067577,-0.45861048176267044,0.08217900571259684,0.46925307469253075,0.7997537654547503,False
GO_BP,PDOL,GO:1901701,cellular response to oxygen-containing compound,113,-0.19873962074386475,-0.40174670123135975,-0.4772458352641857,0.24075664750390796,0.41055894410558946,0.7997537654547503,False
GO_BP,PDOL,GO:1901796,regulation of signal transduction by p53 class mediator,10,-0.6538452594555891,-1.2204673309426843,-1.2332599384199276,0.5730183752257169,0.2873712628737126,0.7997537654547503,False
GO_BP,PDOL,GO:1901800,positive regulation of proteasomal protein catabolic process,8,0.21562227131176437,-1.1930938972668264,-1.4066867613476262,1.5155126006189907,0.12308769123087691,0.7997537654547503,False
GO_BP,PDOL,GO:1901873,regulation of post-translational protein modification,15,0.9981019324994985,-0.5740574476830999,-1.5559411742854234,2.0631012434837603,0.055194480551944806,0.7997537654547503,False
GO_BP,PDOL,GO:1901874,negative regulation of post-translational protein modification,5,-0.8081967721622013,-0.8505078559783137,-1.097083987770495,0.16559914971220302,0.38616138386161386,0.7997537654547503,False
GO_BP,PDOL,GO:1901875,positive regulation of post-translational protein modification,7,2.5030513218721477,0.46929656103957856,-0.8517298082907561,2.6942679454977365,0.021597840215978402,0.7997537654547503,False
GO_BP,PDOL,GO:1901888,regulation of cell junction assembly,15,-0.5084927615377369,-0.08344755414850119,0.6891988834711246,-0.8113684261990486,0.7359264073592641,0.8272002173432764,False
GO_BP,PDOL,GO:1901890,positive regulation of cell junction assembly,5,-0.4410924260825956,-0.7159149922082574,0.008405729614290256,-0.08733779478561199,0.48925107489251074,0.7997537654547503,False
GO_BP,PDOL,GO:1901987,regulation of cell cycle phase transition,14,-1.3714274485939715,-0.8205068542351258,0.19189551414403833,-1.0571217785484277,0.8048195180481952,0.8572042204063617,False
GO_BP,PDOL,GO:1901989,positive regulation of cell cycle phase transition,8,-1.3471626817239326,-1.1137229413478904,-0.42273290126583074,-0.578934760417072,0.6654334566543346,0.8033058431305515,False
GO_BP,PDOL,GO:1901990,regulation of mitotic cell cycle phase transition,14,-1.3714274485939715,-0.8205068542351258,0.19189551414403833,-1.0571217785484277,0.8048195180481952,0.8572042204063617,False
GO_BP,PDOL,GO:1901992,positive regulation of mitotic cell cycle phase transition,8,-1.3471626817239326,-1.1137229413478904,-0.42273290126583074,-0.578934760417072,0.6654334566543346,0.8033058431305515,False
GO_BP,PDOL,GO:1902105,regulation of leukocyte differentiation,8,-0.8289247847144551,-0.4111542558456866,-0.08878992407658026,-0.5789526947533217,0.6976302369763023,0.80794593146476,False
GO_BP,PDOL,GO:1902107,positive regulation of leukocyte differentiation,6,-0.9089112601521449,-0.8252119465657672,-0.7145733145453367,-0.13901862959659284,0.5034496550344966,0.7997537654547503,False
GO_BP,PDOL,GO:1902115,regulation of organelle assembly,9,-0.18158243545190322,-0.661333601962742,-0.5839733838764773,0.4410710574677065,0.32986701329867013,0.7997537654547503,False
GO_BP,PDOL,GO:1902175,regulation of oxidative stress-induced intrinsic apoptotic signaling pathway,7,-0.9655864569636298,-0.8665725430076625,-0.9910016330686109,-0.03679936892549307,0.48635136486351366,0.7997537654547503,False
GO_BP,PDOL,GO:1902476,chloride transmembrane transport,5,2.1075543796612166,2.0638221114891246,0.7645196206759974,0.6933835135786555,0.21207879212078792,0.7997537654547503,False
GO_BP,PDOL,GO:1902531,regulation of intracellular signal transduction,128,-0.7004951410403512,-1.3445012607027977,-0.45166758935929796,0.19758928399069664,0.4320567943205679,0.7997537654547503,False
GO_BP,PDOL,GO:1902532,negative regulation of intracellular signal transduction,47,0.06178761832143476,-0.2291520338852408,0.3172825795934281,0.017722345467341118,0.4794520547945205,0.7997537654547503,False
GO_BP,PDOL,GO:1902533,positive regulation of intracellular signal transduction,91,-0.5858203054460265,-1.330353728164299,-1.377260517278604,0.767986817275425,0.260973902609739,0.7997537654547503,False
GO_BP,PDOL,GO:1902644,tertiary alcohol metabolic process,6,-0.685393290335364,-0.030893223012158237,1.1601406401192242,-1.250016998888897,0.8868113188681132,0.9115477646173445,False
GO_BP,PDOL,GO:1902652,secondary alcohol metabolic process,13,1.228571264457947,0.8795065223023221,1.2976434686721705,0.1399962689707006,0.42475752424757524,0.7997537654547503,False
GO_BP,PDOL,GO:1902679,negative regulation of RNA biosynthetic process,50,0.6806067611840124,0.9604325020906974,0.009867695361945329,0.19545666245769105,0.43245675432456754,0.7997537654547503,False
GO_BP,PDOL,GO:1902680,positive regulation of RNA biosynthetic process,59,-0.0471742403889313,0.5141238517650625,-0.690664227462831,0.04109594745995294,0.48625137486251374,0.7997537654547503,False
GO_BP,PDOL,GO:1902749,regulation of cell cycle G2/M phase transition,6,-0.8649682055964245,-0.18845876135019052,0.4246257197036085,-0.9830516847731335,0.8016198380161984,0.8555486526603896,False
GO_BP,PDOL,GO:1902806,regulation of cell cycle G1/S phase transition,7,-1.2316748980856236,-0.785423066006048,0.05657655945700681,-0.867251644811103,0.7534246575342466,0.8345626975763962,False
GO_BP,PDOL,GO:1902808,positive regulation of cell cycle G1/S phase transition,6,-1.3516957186130865,-1.4581539482531045,-1.1766166901319086,-0.03431039942058001,0.48975102489751027,0.7997537654547503,False
GO_BP,PDOL,GO:1902850,microtubule cytoskeleton organization involved in mitosis,7,-0.5923703822759346,-0.9439726068576028,-0.9571774614212031,0.3582046518634683,0.31356864313568644,0.7997537654547503,False
GO_BP,PDOL,GO:1902893,regulation of miRNA transcription,13,-0.2651718860730538,-0.19175870309529933,-1.1246514341745006,0.3930331825618462,0.3688631136886311,0.7997537654547503,False
GO_BP,PDOL,GO:1902894,negative regulation of miRNA transcription,8,-0.5872088553661378,-0.4369023847016819,-0.8112818020325275,0.036883238000966934,0.47855214478552144,0.7997537654547503,False
GO_BP,PDOL,GO:1902895,positive regulation of miRNA transcription,9,-0.1751177736504226,0.09322211570391725,-0.9870929996762069,0.2718176683357222,0.40155984401559847,0.7997537654547503,False
GO_BP,PDOL,GO:1902903,regulation of supramolecular fiber organization,16,0.4744753734119378,0.10838526501656245,1.1450696489369854,-0.1522520835648361,0.5205479452054794,0.7997537654547503,False
GO_BP,PDOL,GO:1902904,negative regulation of supramolecular fiber organization,5,-0.6953273621395263,-1.169012598084539,-0.017161809572650625,-0.10224015831093147,0.48755124487551244,0.7997537654547503,False
GO_BP,PDOL,GO:1902905,positive regulation of supramolecular fiber organization,9,0.7339726907312383,0.22680860235635228,0.8931431750918704,0.17399680200712697,0.39116088391160886,0.7997537654547503,False
GO_BP,PDOL,GO:1903034,regulation of response to wounding,14,-0.5556543478817294,-0.23236062588857717,-0.21169650349640426,-0.3336257831892387,0.5920407959204079,0.7997537654547503,False
GO_BP,PDOL,GO:1903035,negative regulation of response to wounding,9,-0.7486400957225705,-0.26931948107866666,-0.07636194125577526,-0.5757993845553495,0.696030396960304,0.8078924250432099,False
GO_BP,PDOL,GO:1903036,positive regulation of response to wounding,7,-0.31459481255012034,-0.7474303143522055,-0.795076389871821,0.45665853956189295,0.2943705629437056,0.7997537654547503,False
GO_BP,PDOL,GO:1903037,regulation of leukocyte cell-cell adhesion,18,-0.7465367923844857,-0.28279439756547126,0.6886449229565019,-0.949462055080001,0.7924207579242076,0.8513984948495309,False
GO_BP,PDOL,GO:1903038,negative regulation of leukocyte cell-cell adhesion,7,0.055813119906466375,0.4694578898816402,1.5107027434416,-0.9342671967551537,0.7812218778122187,0.8467156989720203,False
GO_BP,PDOL,GO:1903039,positive regulation of leukocyte cell-cell adhesion,14,-0.9493930271056427,-0.46106725660819126,0.1862779410951937,-0.8119983693491439,0.7568243175682432,0.8360881703240718,False
GO_BP,PDOL,GO:1903047,mitotic cell cycle process,17,-0.9049401639149989,-0.5622316566329397,-0.48579911103231804,-0.38092478008236996,0.6143385661433857,0.7997537654547503,False
GO_BP,PDOL,GO:1903076,regulation of protein localization to plasma membrane,8,0.06397561431168035,-0.1768943202196653,-0.8397416005102327,0.5722935746766293,0.30996900309969005,0.7997537654547503,False
GO_BP,PDOL,GO:1903115,regulation of actin filament-based movement,5,-0.8031986555033589,-0.8830280599746795,-0.7701850197560518,0.023407884362006803,0.44945505449455053,0.7997537654547503,False
GO_BP,PDOL,GO:1903131,mononuclear cell differentiation,16,0.3896405781777081,0.37241413787227273,-0.4459186121612761,0.42639281532220974,0.36026397360263973,0.7997537654547503,False
GO_BP,PDOL,GO:1903169,regulation of calcium ion transmembrane transport,9,0.24842043985715184,1.0491537833075626,-0.30121793308340256,-0.12554748525492815,0.5161483851614839,0.7997537654547503,False
GO_BP,PDOL,GO:1903311,regulation of mRNA metabolic process,7,-0.44811597275754483,-0.8108646661543184,-0.723258374574255,0.31894554760674193,0.3608639136086391,0.7997537654547503,False
GO_BP,PDOL,GO:1903320,regulation of protein modification by small protein conjugation or removal,15,0.9981019324994985,-0.5740574476830999,-1.5559411742854234,2.0631012434837603,0.055194480551944806,0.7997537654547503,False
GO_BP,PDOL,GO:1903321,negative regulation of protein modification by small protein conjugation or removal,5,-0.8081967721622013,-0.8505078559783137,-1.097083987770495,0.16559914971220302,0.38616138386161386,0.7997537654547503,False
GO_BP,PDOL,GO:1903322,positive regulation of protein modification by small protein conjugation or removal,7,2.5030513218721477,0.46929656103957856,-0.8517298082907561,2.6942679454977365,0.021597840215978402,0.7997537654547503,False
GO_BP,PDOL,GO:1903350,response to dopamine,18,0.2663138335688559,-0.3484411866946597,-1.3620756852631994,1.1215722695477854,0.17798220177982202,0.7997537654547503,False
GO_BP,PDOL,GO:1903351,cellular response to dopamine,18,0.2663138335688559,-0.3484411866946597,-1.3620756852631994,1.1215722695477854,0.17798220177982202,0.7997537654547503,False
GO_BP,PDOL,GO:1903376,regulation of oxidative stress-induced neuron intrinsic apoptotic signaling pathway,5,-1.048791820864214,-0.9194206008016336,-1.1470787253304162,-0.015542157798189127,0.47425257474252575,0.7997537654547503,False
GO_BP,PDOL,GO:1903426,regulation of reactive oxygen species biosynthetic process,6,-0.18406290585157842,-0.3956897751751787,-0.8353050354376464,0.4314344994548342,0.31186881311868814,0.7997537654547503,False
GO_BP,PDOL,GO:1903427,negative regulation of reactive oxygen species biosynthetic process,5,-0.3578044646670044,-0.5935824354716492,-0.907081881601913,0.39252769386977676,0.34426557344265574,0.7997537654547503,False
GO_BP,PDOL,GO:1903432,regulation of TORC1 signaling,7,-0.23977191947958632,-0.8179827375964277,-1.2940732291906356,0.8162560639139455,0.24387561243875613,0.7997537654547503,False
GO_BP,PDOL,GO:1903522,regulation of blood circulation,38,-1.5872307770272152,-2.0065808420841984,-1.5427235485613622,0.18742141829556513,0.42845715428457154,0.7997537654547503,False
GO_BP,PDOL,GO:1903524,positive regulation of blood circulation,6,0.519062500526022,0.5460561204592626,2.4576406646439657,-0.9827858920255922,0.8078192180781922,0.8588355158123443,False
GO_BP,PDOL,GO:1903530,regulation of secretion by cell,40,-0.7540248640285062,-0.6412113015922178,-0.4368619686332006,-0.21498822891579705,0.5491450854914508,0.7997537654547503,False
GO_BP,PDOL,GO:1903531,negative regulation of secretion by cell,13,-1.010279363988919,-1.4897384413439732,-1.3097103280242357,0.3894450206951856,0.32166783321667836,0.7997537654547503,False
GO_BP,PDOL,GO:1903532,positive regulation of secretion by cell,18,-0.06389339550161577,-0.2910736175888674,-0.16394678159408854,0.1636168040898622,0.4163583641635836,0.7997537654547503,False
GO_BP,PDOL,GO:1903555,regulation of tumor necrosis factor superfamily cytokine production,12,-0.2863678113489873,1.109323957575498,1.7768370809308933,-1.729448330602183,0.9333066693330667,0.9476813706915642,False
GO_BP,PDOL,GO:1903557,positive regulation of tumor necrosis factor superfamily cytokine production,7,-0.4615687662559849,0.1712859977571687,0.12457421821276124,-0.60949887424095,0.677032296770323,0.8033058431305515,False
GO_BP,PDOL,GO:1903573,negative regulation of response to endoplasmic reticulum stress,6,0.036422233345900085,-0.23873531879971718,0.31995903242783574,-0.004189623468159195,0.45415458454154584,0.7997537654547503,False
GO_BP,PDOL,GO:1903578,regulation of ATP metabolic process,10,-0.9845600444418747,-0.9689260820333189,-1.3932548171904446,0.19653040517000697,0.416958304169583,0.7997537654547503,False
GO_BP,PDOL,GO:1903580,positive regulation of ATP metabolic process,8,-0.8955264728835935,-1.0450293442003091,-1.3782851145858401,0.31613075650948097,0.37966203379662034,0.7997537654547503,False
GO_BP,PDOL,GO:1903706,regulation of hemopoiesis,14,-1.0846025602824885,-0.6917127039802554,-0.558347717229899,-0.45957234967741134,0.639036096390361,0.8006308576851094,False
GO_BP,PDOL,GO:1903708,positive regulation of hemopoiesis,6,-0.9089112601521449,-0.8252119465657672,-0.7145733145453367,-0.13901862959659284,0.5034496550344966,0.7997537654547503,False
GO_BP,PDOL,GO:1903725,regulation of phospholipid metabolic process,7,-0.5062092353666032,0.2919558914762747,0.3688085366277064,-0.8365914494185938,0.7734226577342266,0.8425554092635429,False
GO_BP,PDOL,GO:1903727,positive regulation of phospholipid metabolic process,6,-0.21791201019166342,0.8376572480006433,0.6000743327786189,-0.9367778005812946,0.7825217478252174,0.8477318934773189,False
GO_BP,PDOL,GO:1903828,negative regulation of protein localization,17,0.10285369544538432,-0.6870800437777546,-0.34539476445401435,0.6190910995612688,0.29947005299470053,0.7997537654547503,False
GO_BP,PDOL,GO:1903829,positive regulation of protein localization,34,0.0323177944876626,-0.5317339961883578,-0.19498577365111505,0.395677679407399,0.36306369363063695,0.7997537654547503,False
GO_BP,PDOL,GO:1903844,regulation of cellular response to transforming growth factor beta stimulus,8,-0.23673327345465744,-0.8543018627444562,-1.6039932498680622,0.9924142828516018,0.20387961203879612,0.7997537654547503,False
GO_BP,PDOL,GO:1903900,regulation of viral life cycle,5,1.1703662867493705,1.358907597904452,0.036081087292615596,0.47287194415083666,0.31926807319268075,0.7997537654547503,False
GO_BP,PDOL,GO:1904018,positive regulation of vasculature development,12,0.4044140254652198,0.24286185642390595,-0.3336724697090815,0.44981933210780756,0.31866813318668136,0.7997537654547503,False
GO_BP,PDOL,GO:1904062,regulation of monoatomic cation transmembrane transport,15,0.14540961341756434,0.45357733231706215,-0.7613869479204394,0.29931442121925295,0.38606139386061394,0.7997537654547503,False
GO_BP,PDOL,GO:1904064,positive regulation of cation transmembrane transport,6,1.5764751913444839,1.6410845600150847,-0.4786197864204178,0.9952428045471504,0.20157984201579843,0.7997537654547503,False
GO_BP,PDOL,GO:1904263,positive regulation of TORC1 signaling,6,-1.6129099870193466,-1.5499697740092746,-1.6960190654156402,0.010084432693110879,0.47295270472952705,0.7997537654547503,False
GO_BP,PDOL,GO:1904356,regulation of telomere maintenance via telomere lengthening,5,-0.23185453594886474,0.5245548227542842,-0.19567043027667064,-0.39629673218767153,0.6208379162083791,0.7997537654547503,False
GO_BP,PDOL,GO:1904375,regulation of protein localization to cell periphery,10,0.12990548831693904,-0.2913605248748547,-0.9136558578949441,0.7324136797018385,0.26547345265473454,0.7997537654547503,False
GO_BP,PDOL,GO:1904385,cellular response to angiotensin,9,-0.3562133031864865,0.02953718106638133,0.4358777860079097,-0.588920786723632,0.6728327167283271,0.8033058431305515,False
GO_BP,PDOL,GO:1904645,response to amyloid-beta,16,-1.2397786230213914,-1.3168122501462025,-1.5078671571837565,0.172561080643588,0.41525847415258477,0.7997537654547503,False
GO_BP,PDOL,GO:1904646,cellular response to amyloid-beta,10,-0.521556493020208,-0.5649630646280084,-0.9289096911713856,0.2253798848794889,0.38606139386061394,0.7997537654547503,False
GO_BP,PDOL,GO:1904705,regulation of vascular associated smooth muscle cell proliferation,10,-0.927230505540944,-0.9477192088874733,-0.7176602001480956,-0.09454080102315954,0.5162483751624838,0.7997537654547503,False
GO_BP,PDOL,GO:1904707,positive regulation of vascular associated smooth muscle cell proliferation,8,-0.9310491212540788,-0.9124615349852156,-0.596231108024875,-0.17670279974903347,0.5282471752824718,0.7997537654547503,False
GO_BP,PDOL,GO:1904892,regulation of receptor signaling pathway via STAT,8,-0.3953374235971673,-0.1411048120017465,0.2685082418803333,-0.45903913853646067,0.654034596540346,0.8020133445239224,False
GO_BP,PDOL,GO:1904894,positive regulation of receptor signaling pathway via STAT,6,-0.5373425670905989,-0.4808569147669623,-0.5716701312795699,-0.011079044067332844,0.43585641435856415,0.7997537654547503,False
GO_BP,PDOL,GO:1904950,negative regulation of establishment of protein localization,9,-0.861047748025712,-1.2061484480561167,-1.1704726160061227,0.32726278400540754,0.35376462353764626,0.7997537654547503,False
GO_BP,PDOL,GO:1904951,positive regulation of establishment of protein localization,23,-0.08276657449834197,-0.49386665325854945,-0.24239455473388613,0.2853640294978758,0.39446055394460555,0.7997537654547503,False
GO_BP,PDOL,GO:1905039,carboxylic acid transmembrane transport,5,-0.7905768214587501,-0.5800987496693224,-0.46790746706578695,-0.2665737130911954,0.5667433256674332,0.7997537654547503,False
GO_BP,PDOL,GO:1905144,response to acetylcholine,11,-1.0269638709454723,-0.9670102043288261,-0.7685391638026647,-0.15918918687972683,0.5046495350464953,0.7997537654547503,False
GO_BP,PDOL,GO:1905145,cellular response to acetylcholine,10,-1.0248743381244754,-0.9354003808194592,-0.6488835766759026,-0.23273235937679448,0.5322467753224678,0.7997537654547503,False
GO_BP,PDOL,GO:1905475,regulation of protein localization to membrane,11,0.09303445272831584,-0.20729854369971712,-0.7627922951366831,0.5780798721465159,0.3053694630536946,0.7997537654547503,False
GO_BP,PDOL,GO:1905477,positive regulation of protein localization to membrane,6,-0.8251533284300658,-1.2051507982863172,-0.6136934414751176,0.08426879145065158,0.43315668433156684,0.7997537654547503,False
GO_BP,PDOL,GO:1905521,regulation of macrophage migration,5,0.0728815723443641,-0.2056803008568659,0.4142801560289528,-0.03141835524167935,0.45595440455954406,0.7997537654547503,False
GO_BP,PDOL,GO:1905897,regulation of response to endoplasmic reticulum stress,8,-0.24944803729689866,-0.33391726064381055,0.26379665911910816,-0.21438773653454746,0.5484451554844516,0.7997537654547503,False
GO_BP,PDOL,GO:1905952,regulation of lipid localization,15,0.5465823096925414,-0.14904963132467552,-0.7926759643285588,1.0174451075191586,0.18618138186181382,0.7997537654547503,False
GO_BP,PDOL,GO:1905953,negative regulation of lipid localization,5,0.06371250336077534,-0.044047444815954524,0.1700947219393875,0.0006888647990588581,0.46715328467153283,0.7997537654547503,False
GO_BP,PDOL,GO:1905954,positive regulation of lipid localization,9,0.7113705327968936,0.12541351283996885,-0.9002190299466377,1.098773291350228,0.1473852614738526,0.7997537654547503,False
GO_BP,PDOL,GO:1990089,response to nerve growth factor,6,0.5840551148854709,0.45152745398829447,1.1746515899612702,-0.22903440708931144,0.5554444555544445,0.7997537654547503,False
GO_BP,PDOL,GO:1990090,cellular response to nerve growth factor stimulus,6,0.5840551148854709,0.45152745398829447,1.1746515899612702,-0.22903440708931144,0.5554444555544445,0.7997537654547503,False
GO_BP,PDOL,GO:1990266,neutrophil migration,7,0.06780303241096021,0.221994894585582,-1.066466595985368,0.49003888311085325,0.32656734326567344,0.7997537654547503,False
GO_BP,PDOL,GO:1990708,conditioned place preference,6,-0.5910293393641544,-1.0548641862113135,-1.4701669111950186,0.6714862093390117,0.22647735226477353,0.7997537654547503,False
GO_BP,PDOL,GO:1990748,cellular detoxification,9,-0.4639108546241278,-0.2032422888483921,0.36299287839615235,-0.543786149398008,0.6923307669233076,0.8059970122390746,False
GO_BP,PDOL,GO:1990776,response to angiotensin,10,-0.4435154628242271,-0.07024360142504409,0.4293866070024563,-0.6230869656129332,0.6812318768123188,0.8040587070325225,False
GO_BP,PDOL,GO:1990806,ligand-gated ion channel signaling pathway,9,-0.9940113490084435,-0.41064029933722096,-1.2640805880691264,-0.15665090530526982,0.5196480351964804,0.7997537654547503,False
GO_BP,PDOL,GO:1990840,response to lectin,5,-1.2943478044727341,-1.0091886361053317,-1.0682726625950305,-0.255617155122553,0.5474452554744526,0.7997537654547503,False
GO_BP,PDOL,GO:1990858,cellular response to lectin,5,-1.2943478044727341,-1.0091886361053317,-1.0682726625950305,-0.255617155122553,0.5474452554744526,0.7997537654547503,False
GO_BP,PDOL,GO:1990868,response to chemokine,6,-0.9228300999362601,-0.8554236593981243,-0.5121310946034565,-0.23905272293546964,0.5437456254374563,0.7997537654547503,False
GO_BP,PDOL,GO:1990869,cellular response to chemokine,6,-0.9228300999362601,-0.8554236593981243,-0.5121310946034565,-0.23905272293546964,0.5437456254374563,0.7997537654547503,False
GO_BP,PDOL,GO:2000026,regulation of multicellular organismal development,57,0.08912323526619186,0.11809500599197253,0.33675469982806155,-0.1383016176438252,0.5325467453254674,0.7997537654547503,False
GO_BP,PDOL,GO:2000045,regulation of G1/S transition of mitotic cell cycle,7,-1.2316748980856236,-0.785423066006048,0.05657655945700681,-0.867251644811103,0.7534246575342466,0.8345626975763962,False
GO_BP,PDOL,GO:2000058,regulation of ubiquitin-dependent protein catabolic process,14,0.11849895919464831,-1.1051749801983113,-1.5573450962144229,1.4497589974010154,0.12518748125187482,0.7997537654547503,False
GO_BP,PDOL,GO:2000060,positive regulation of ubiquitin-dependent protein catabolic process,10,0.14903925980065705,-1.188936095636547,-1.2951962763480438,1.3911054457929524,0.14158584141585842,0.7997537654547503,False
GO_BP,PDOL,GO:2000106,regulation of leukocyte apoptotic process,8,0.4449644994813599,-0.32875718888768674,-0.2757068595086791,0.7471965236795428,0.24737526247375263,0.7997537654547503,False
GO_BP,PDOL,GO:2000107,negative regulation of leukocyte apoptotic process,5,0.8015685383421198,-0.32433881320018376,-0.5040524486410707,1.215764169262747,0.16428357164283572,0.7997537654547503,False
GO_BP,PDOL,GO:2000145,regulation of cell motility,59,-1.5668957854999706,-2.1763053755182393,-2.3381746002201345,0.6903442023692161,0.280971902809719,0.7997537654547503,False
GO_BP,PDOL,GO:2000146,negative regulation of cell motility,15,-0.3185081447292372,-0.8460273998667245,-0.7656549358940034,0.48733302315112664,0.3163683631636836,0.7997537654547503,False
GO_BP,PDOL,GO:2000147,positive regulation of cell motility,42,-1.6399822390423289,-2.3109730156944783,-2.108138761805439,0.56957364970763,0.32216778322167783,0.7997537654547503,False
GO_BP,PDOL,GO:2000181,negative regulation of blood vessel morphogenesis,7,-0.08025740638288718,0.419947617639776,0.9296291611723347,-0.7550457957889425,0.7708229177082292,0.8413560881152622,False
GO_BP,PDOL,GO:2000191,regulation of fatty acid transport,5,-0.25197636562939596,-0.8371117460436459,-1.548276476600466,0.94071774569266,0.22087791220877911,0.7997537654547503,False
GO_BP,PDOL,GO:2000209,regulation of anoikis,6,-1.2351314358099466,-0.8630533176297486,-0.9412596294133203,-0.33297496228841217,0.5735426457354265,0.7997537654547503,False
GO_BP,PDOL,GO:2000278,regulation of DNA biosynthetic process,6,-0.6910067395768473,-0.3655872590039759,-0.48684592526776327,-0.26479014744097773,0.5702429757024298,0.7997537654547503,False
GO_BP,PDOL,GO:2000351,regulation of endothelial cell apoptotic process,7,0.24284823733007768,0.05291199584620007,0.6584961238144627,-0.1128558225002537,0.50994900509949,0.7997537654547503,False
GO_BP,PDOL,GO:2000377,regulation of reactive oxygen species metabolic process,25,-0.5607631691984821,-0.7684789980401526,-0.978723518409705,0.3128380890264467,0.3711628837116288,0.7997537654547503,False
GO_BP,PDOL,GO:2000378,negative regulation of reactive oxygen species metabolic process,10,-0.4639644295199077,-0.6589532231185347,-1.309781198600762,0.5204027813397406,0.29147085291470853,0.7997537654547503,False
GO_BP,PDOL,GO:2000379,positive regulation of reactive oxygen species metabolic process,12,-0.21122490675939684,-0.4353796308664001,-0.08308747996891126,0.04800864865825885,0.4627537246275372,0.7997537654547503,False
GO_BP,PDOL,GO:2000463,positive regulation of excitatory postsynaptic potential,5,-0.6223590945015349,-0.1365788514129334,-0.3132951852846764,-0.39742207615273,0.5991400859914009,0.7997537654547503,False
GO_BP,PDOL,GO:2000573,positive regulation of DNA biosynthetic process,6,-0.6910067395768473,-0.3655872590039759,-0.48684592526776327,-0.26479014744097773,0.5702429757024298,0.7997537654547503,False
GO_BP,PDOL,GO:2000628,regulation of miRNA metabolic process,14,-0.3545082122018311,-0.26368420333336057,-1.1565842392178887,0.35562600907379355,0.3778622137786221,0.7997537654547503,False
GO_BP,PDOL,GO:2000629,negative regulation of miRNA metabolic process,8,-0.5872088553661378,-0.4369023847016819,-0.8112818020325275,0.036883238000966934,0.47855214478552144,0.7997537654547503,False
GO_BP,PDOL,GO:2000630,positive regulation of miRNA metabolic process,10,-0.27825979234228315,-0.004357375666203313,-1.0106533764948369,0.229245583738237,0.416958304169583,0.7997537654547503,False
GO_BP,PDOL,GO:2000772,regulation of cellular senescence,5,-0.44080795212021656,-0.6483781857810637,-1.1374977625572564,0.45213002204894354,0.25877412258774124,0.7997537654547503,False
GO_BP,PDOL,GO:2000779,regulation of double-strand break repair,7,2.595118545251127,1.2193926032132656,0.14870816134906223,1.9110681629699633,0.06529347065293471,0.7997537654547503,False
GO_BP,PDOL,GO:2000811,negative regulation of anoikis,6,-1.2351314358099466,-0.8630533176297486,-0.9412596294133203,-0.33297496228841217,0.5735426457354265,0.7997537654547503,False
GO_BP,PDOL,GO:2001057,reactive nitrogen species metabolic process,7,-0.4503402832189176,-0.4869327183946216,0.035743586682717446,-0.22474571736296553,0.5488451154884512,0.7997537654547503,False
GO_BP,PDOL,GO:2001141,regulation of RNA biosynthetic process,84,0.7616054263299521,0.755611870569518,-0.29238033096330224,0.5299896565268443,0.33396660333966605,0.7997537654547503,False
GO_BP,PDOL,GO:2001169,regulation of ATP biosynthetic process,5,0.5751747058184892,-0.1343246171495953,-1.0408909629179177,1.1627824958522457,0.16148385161483853,0.7997537654547503,False
GO_BP,PDOL,GO:2001233,regulation of apoptotic signaling pathway,25,-0.5264136412770404,-0.533781210444776,-1.1068354043677138,0.29389466612920456,0.40675932406759324,0.7997537654547503,False
GO_BP,PDOL,GO:2001234,negative regulation of apoptotic signaling pathway,21,-0.15094422276311706,-0.3118381640895594,-0.9402673807117183,0.4751085496375218,0.3451654834516548,0.7997537654547503,False
GO_BP,PDOL,GO:2001236,regulation of extrinsic apoptotic signaling pathway,13,-0.22845888351800156,-0.3311554263226211,-1.3133179048043275,0.5937777820454727,0.30726927307269275,0.7997537654547503,False
GO_BP,PDOL,GO:2001237,negative regulation of extrinsic apoptotic signaling pathway,12,0.01787289520876656,-0.23201045986358979,-1.3650028493255377,0.8163795498033303,0.2502749725027497,0.7997537654547503,False
GO_BP,PDOL,GO:2001239,regulation of extrinsic apoptotic signaling pathway in absence of ligand,7,-0.7998221445886582,-0.7707780948649094,-1.0436426938979442,0.10738824979276862,0.43645635436456354,0.7997537654547503,False
GO_BP,PDOL,GO:2001240,negative regulation of extrinsic apoptotic signaling pathway in absence of ligand,7,-0.7998221445886582,-0.7707780948649094,-1.0436426938979442,0.10738824979276862,0.43645635436456354,0.7997537654547503,False
GO_BP,PDOL,GO:2001242,regulation of intrinsic apoptotic signaling pathway,18,-1.2257136955462165,-1.100961207427029,-0.668574506717497,-0.34094583847395343,0.6052394760523948,0.7997537654547503,False
GO_BP,PDOL,GO:2001243,negative regulation of intrinsic apoptotic signaling pathway,14,-0.8426013721483689,-0.9811813169621099,-0.35052049091775533,-0.17675046820843632,0.5478452154784521,0.7997537654547503,False
GO_BP,PDOL,GO:2001251,negative regulation of chromosome organization,6,-1.1596553722443408,-0.6967344669514198,-0.8663237478574861,-0.37812626483988776,0.5957404259574043,0.7997537654547503,False
GO_BP,PDOL,GO:2001252,positive regulation of chromosome organization,8,-0.6002487104972812,-0.5281165339561285,-0.11327793372253837,-0.27955147665794783,0.5542445755424458,0.7997537654547503,False
GO_BP,PHOL,GO:0000086,G2/M transition of mitotic cell cycle,6,-0.41620240727795055,-0.8074190192393071,0.2651853506942635,-0.14508557300542874,0.5416458354164584,0.7997537654547503,False
GO_BP,PHOL,GO:0000122,negative regulation of transcription by RNA polymerase II,42,1.6105566273749083,1.359115007330208,0.4139580795392588,0.7240200839401749,0.2736726327367263,0.7997537654547503,False
GO_BP,PHOL,GO:0000165,MAPK cascade,13,-1.3848649408705365,-0.6415781589637968,-0.6454078652247658,-0.7413719287762552,0.7230276972302769,0.8216440491873143,False
GO_BP,PHOL,GO:0000209,protein polyubiquitination,6,1.8538264672189833,3.7666636711157855,0.10254103702255209,-0.08077588685018555,0.502049795020498,0.7997537654547503,False
GO_BP,PHOL,GO:0000226,microtubule cytoskeleton organization,12,0.05401608711074726,0.3830335562044315,0.21693954613777913,-0.24597046406035808,0.55994400559944,0.7997537654547503,False
GO_BP,PHOL,GO:0000278,mitotic cell cycle,20,0.07325313900999905,-0.7820537527833796,0.5982511003242935,0.1651544652395421,0.39306069393060694,0.7997537654547503,False
GO_BP,PHOL,GO:0000280,nuclear division,6,-0.09652378393307429,-0.047099112636613594,0.18334080300375677,-0.16464462911664587,0.5265473452654734,0.7997537654547503,False
GO_BP,PHOL,GO:0000302,response to reactive oxygen species,18,-0.7568471984014651,-0.517890847270384,-0.6353849366959838,-0.18020930641828115,0.5232476752324767,0.7997537654547503,False
GO_BP,PHOL,GO:0000723,telomere maintenance,7,-0.18359812686037552,-0.4183721304132289,-0.5114181471973887,0.28129701194493323,0.3825617438256174,0.7997537654547503,False
GO_BP,PHOL,GO:0000902,cell morphogenesis,12,-0.6892012718801819,-0.5631076364915399,-0.3429283990862613,-0.23618325409128127,0.5589441055894411,0.7997537654547503,False
GO_BP,PHOL,GO:0001101,response to acid chemical,10,-0.962245598444004,-0.9156921496936223,-0.5065328076210365,-0.25113311978667463,0.5547445255474452,0.7997537654547503,False
GO_BP,PHOL,GO:0001501,skeletal system development,8,-1.6256164277061442,-1.1460713837889756,-1.1415937132904728,-0.4817838791664202,0.6403359664033597,0.8009199080091991,False
GO_BP,PHOL,GO:0001503,ossification,11,-0.9722759005559586,-0.7475573354283335,-0.783217404587894,-0.20688853054784484,0.5400459954004599,0.7997537654547503,False
GO_BP,PHOL,GO:0001508,action potential,6,0.38681691707195176,0.3404169705286444,-0.7859610935151747,0.6095889785652169,0.26917308269173085,0.7997537654547503,False
GO_BP,PHOL,GO:0001516,prostaglandin biosynthetic process,6,-0.42545771704315516,-0.41806650537074835,-0.4938756690209496,0.03051337015269384,0.4326567343265673,0.7997537654547503,False
GO_BP,PHOL,GO:0001523,retinoid metabolic process,16,1.695283218654465,1.4567980940744343,2.030625619340506,-0.04842863805300501,0.47215278472152783,0.7997537654547503,False
GO_BP,PHOL,GO:0001525,angiogenesis,12,-0.5323610920129128,0.17195770679716949,-0.6618663002352325,-0.2874067952938813,0.5742425757424258,0.7997537654547503,False
GO_BP,PHOL,GO:0001558,regulation of cell growth,18,-0.7627408149436763,-0.2697773428677048,-0.7001877072260729,-0.2777582898967874,0.5745425457454254,0.7997537654547503,False
GO_BP,PHOL,GO:0001568,blood vessel development,16,-0.769718890063115,-0.4919478161690902,-1.1129628680747712,0.0327364520588157,0.45025497450254975,0.7997537654547503,False
GO_BP,PHOL,GO:0001649,osteoblast differentiation,6,-1.3065102009136618,-1.1059617674695958,-1.0424060385385503,-0.2323262979095888,0.559044095590441,0.7997537654547503,False
GO_BP,PHOL,GO:0001654,eye development,12,-1.0957033335445856,-1.1462824145554151,-1.838394481119546,0.396635114292895,0.2826717328267173,0.7997537654547503,False
GO_BP,PHOL,GO:0001659,temperature homeostasis,6,-1.9331129211064904,-1.2783984881852855,-1.689617892269236,-0.44910473087922953,0.6327367263273672,0.7997700096049865,False
GO_BP,PHOL,GO:0001666,response to hypoxia,28,-0.9082685238060151,-1.057500864573443,-0.15657982558770503,-0.30122817872544105,0.5834416558344165,0.7997537654547503,False
GO_BP,PHOL,GO:0001667,ameboidal-type cell migration,7,-1.5380163546475214,-1.003670554810097,-1.248212538874269,-0.41207480780533823,0.6151384861513849,0.7997537654547503,False
GO_BP,PHOL,GO:0001676,long-chain fatty acid metabolic process,22,-0.4679480868406581,-0.303580561814792,0.17690406060323796,-0.40460983623488106,0.5961403859614038,0.7997537654547503,False
GO_BP,PHOL,GO:0001678,intracellular glucose homeostasis,7,1.2393084854225371,0.0449692510281536,1.3434644477296576,0.5450916360436315,0.30456954304569545,0.7997537654547503,False
GO_BP,PHOL,GO:0001775,cell activation,33,-0.12575474910478343,-0.04262506826270965,-0.1965845195670919,-0.006149955189882664,0.48135186481351866,0.7997537654547503,False
GO_BP,PHOL,GO:0001817,regulation of cytokine production,46,0.192489441966213,-0.14933132352624479,0.006115350970157234,0.2640974282442568,0.3772622737726227,0.7997537654547503,False
GO_BP,PHOL,GO:0001818,negative regulation of cytokine production,15,1.4212481382565632,0.07436471372303581,1.6444907596145955,0.5618204015877475,0.30786921307869214,0.7997537654547503,False
GO_BP,PHOL,GO:0001819,positive regulation of cytokine production,33,-0.4472049654773854,-0.9867077242691508,-0.16820529032529596,0.1302515418198379,0.4296570342965703,0.7997537654547503,False
GO_BP,PHOL,GO:0001822,kidney development,6,-1.6428053043270954,-0.8269729373478816,-1.0502806253666328,-0.7041785229698382,0.7284271572842715,0.8242357582423576,False
GO_BP,PHOL,GO:0001889,liver development,8,2.4934280768711754,1.5937318131334866,0.9933339691538462,1.199895185727509,0.11738826117388261,0.7997537654547503,False
GO_BP,PHOL,GO:0001890,placenta development,6,-0.2625545625471061,-0.20756343455203383,-0.40085099814311315,0.0416526538004674,0.45725427457254275,0.7997537654547503,False
GO_BP,PHOL,GO:0001894,tissue homeostasis,9,0.24379516708927249,-0.8274158088060501,0.4018984033951079,0.4565538697947436,0.3310668933106689,0.7997537654547503,False
GO_BP,PHOL,GO:0001906,cell killing,5,0.8705381774911437,1.72477430183693,-0.41608051269051605,0.21619128291793677,0.38736126387361264,0.7997537654547503,False
GO_BP,PHOL,GO:0001932,regulation of protein phosphorylation,22,-1.225390289815606,-0.986262041700184,0.6415403176724128,-1.0530294278017203,0.8056194380561944,0.8572758003872191,False
GO_BP,PHOL,GO:0001934,positive regulation of protein phosphorylation,19,-1.9924928360154928,-1.4560681134590248,-0.6576131054688346,-0.935652226551563,0.7713228677132287,0.8413560881152622,False
GO_BP,PHOL,GO:0001936,regulation of endothelial cell proliferation,12,-0.5693544389881569,-0.3710792304826047,-0.7610368161763992,-0.0032964156586549054,0.46165383461653836,0.7997537654547503,False
GO_BP,PHOL,GO:0001938,positive regulation of endothelial cell proliferation,10,-0.8149018908139875,-0.6146144357764076,-0.6192330755247518,-0.19797813516340768,0.5462453754624538,0.7997537654547503,False
GO_BP,PHOL,GO:0001944,vasculature development,17,-0.801040936667416,-0.5458556677307953,-1.036925200800565,-0.009650502401735928,0.46955304469553044,0.7997537654547503,False
GO_BP,PHOL,GO:0001952,regulation of cell-matrix adhesion,13,-1.1829506793528293,-0.9467919508307977,-0.7700366448521154,-0.32453638151137265,0.595040495950405,0.7997537654547503,False
GO_BP,PHOL,GO:0001954,positive regulation of cell-matrix adhesion,7,-0.6654888022762996,-0.24694037900630855,-0.608668979301778,-0.23768412312225629,0.5773422657734226,0.7997537654547503,False
GO_BP,PHOL,GO:0001959,regulation of cytokine-mediated signaling pathway,14,1.1194790349804835,-0.418133279794521,2.527447401186587,0.06482197428445047,0.459054094590541,0.7997537654547503,False
GO_BP,PHOL,GO:0001960,negative regulation of cytokine-mediated signaling pathway,6,0.5892693037665097,-0.302952328728306,1.3874421300543647,0.04702440310348033,0.4577542245775422,0.7997537654547503,False
GO_BP,PHOL,GO:0001963,"synaptic transmission, dopaminergic",8,0.8922402461189654,0.8731696175143507,-0.5781639947660719,0.7447374347448259,0.25997400259974,0.7997537654547503,False
GO_BP,PHOL,GO:0001964,startle response,5,-0.29437027639134106,-0.14173888117711403,-0.3396509839053002,-0.05367534385013395,0.49625037496250374,0.7997537654547503,False
GO_BP,PHOL,GO:0001975,response to amphetamine,6,-0.8863158139064704,0.3585067126355013,-0.9917810978649083,-0.5696786212917669,0.6787321267873213,0.8037617290902489,False
GO_BP,PHOL,GO:0002009,morphogenesis of an epithelium,6,-1.7077460491979615,-1.2159672998608249,-1.5151866689254465,-0.3421690648048257,0.5957404259574043,0.7997537654547503,False
GO_BP,PHOL,GO:0002027,regulation of heart rate,11,-0.21831059792669866,-0.019149091925853855,0.12863464492051424,-0.2730533744240288,0.5666433356664333,0.7997537654547503,False
GO_BP,PHOL,GO:0002040,sprouting angiogenesis,5,-1.2500978258197792,-0.6333279024204062,-0.4076452064575275,-0.7296112713808124,0.7323267673232676,0.8267022863769553,False
GO_BP,PHOL,GO:0002064,epithelial cell development,5,-1.1307755506161614,-1.1742949010545451,-1.4647056153526081,0.18872470758741522,0.37146285371462856,0.7997537654547503,False
GO_BP,PHOL,GO:0002090,regulation of receptor internalization,5,-0.6609550005958126,-1.1545825246816328,-0.7544358514332187,0.2935541874616131,0.3758624137586241,0.7997537654547503,False
GO_BP,PHOL,GO:0002218,activation of innate immune response,12,-0.12351102178939082,-1.0318203080366166,-0.18784342943359664,0.4863208469457158,0.33536646335366466,0.7997537654547503,False
GO_BP,PHOL,GO:0002220,innate immune response activating cell surface receptor signaling pathway,8,-0.5697259537130654,-1.0941812682794665,-1.045356400903232,0.5000428808782837,0.3220677932206779,0.7997537654547503,False
GO_BP,PHOL,GO:0002221,pattern recognition receptor signaling pathway,8,0.5731912587645261,-0.45953776619507414,0.08817286148874137,0.7588737111176925,0.24577542245775422,0.7997537654547503,False
GO_BP,PHOL,GO:0002223,stimulatory C-type lectin receptor signaling pathway,5,-1.0091886361053317,-1.2943478044727341,-1.0682726625950305,0.1721215974285506,0.4086591340865913,0.7997537654547503,False
GO_BP,PHOL,GO:0002224,toll-like receptor signaling pathway,5,0.29516499500027504,0.17262059444672867,-0.6700827570024153,0.5438960762781183,0.30586941305869414,0.7997537654547503,False
GO_BP,PHOL,GO:0002237,response to molecule of bacterial origin,27,0.677292194671471,0.9123151777170906,0.5773382413409444,-0.06753451485754658,0.4928507149285071,0.7997537654547503,False
GO_BP,PHOL,GO:0002250,adaptive immune response,5,-0.7731839454457825,-0.45374881864667516,-1.117352908892369,0.012366918323739595,0.47565243475652436,0.7997537654547503,False
GO_BP,PHOL,GO:0002252,immune effector process,12,-0.2778520439915349,-0.35248119032858977,-0.7989487654586551,0.29786293390208757,0.38536146385361464,0.7997537654547503,False
GO_BP,PHOL,GO:0002253,activation of immune response,24,-0.21214337809454437,-0.36590807048708013,0.04687110418724058,-0.05262489494462458,0.5032496750324967,0.7997537654547503,False
GO_BP,PHOL,GO:0002262,myeloid cell homeostasis,5,1.231675713264738,0.047068238449870924,1.830827612758212,0.2927277876606966,0.37736226377362264,0.7997537654547503,False
GO_BP,PHOL,GO:0002263,cell activation involved in immune response,8,0.040157152588143286,-0.31643788842942844,-0.7205525311080839,0.5586523623568995,0.31026897310268975,0.7997537654547503,False
GO_BP,PHOL,GO:0002274,myeloid leukocyte activation,9,0.4866513330802912,0.7584505560082834,-0.22728247103066812,0.22106729059148356,0.41375862413758624,0.7997537654547503,False
GO_BP,PHOL,GO:0002366,leukocyte activation involved in immune response,7,0.20898454883488196,-0.011432155174903822,-0.7902962517846008,0.6098487523146343,0.28557144285571445,0.7997537654547503,False
GO_BP,PHOL,GO:0002376,immune system process,71,-0.3331259048418187,-0.4446542257282582,0.02246009752906101,-0.12202884074222012,0.5174482551744826,0.7997537654547503,False
GO_BP,PHOL,GO:0002429,immune response-activating cell surface receptor signaling pathway,20,-0.508773510903793,-0.38568917356722754,-0.48459335060731523,-0.07363224881652158,0.5107489251074893,0.7997537654547503,False
GO_BP,PHOL,GO:0002431,Fc receptor mediated stimulatory signaling pathway,8,-0.42022166786382437,-1.0473323055742403,0.21548922967041834,-0.004300129911913364,0.47115288471152883,0.7997537654547503,False
GO_BP,PHOL,GO:0002443,leukocyte mediated immunity,6,-1.2209289533774887,-0.5625670049884481,-0.6034951582661481,-0.6378978717501906,0.6964303569643036,0.80794593146476,False
GO_BP,PHOL,GO:0002444,myeloid leukocyte mediated immunity,5,-1.1836316287970077,-0.38720936896355757,-0.7437830542876571,-0.6181354171714003,0.6871312868713129,0.805352973342786,False
GO_BP,PHOL,GO:0002521,leukocyte differentiation,19,-0.21406507688823329,-0.16529510902955102,-0.8277240083792541,0.28244448181616927,0.40005999400059994,0.7997537654547503,False
GO_BP,PHOL,GO:0002573,myeloid leukocyte differentiation,11,-0.6302138194220677,-0.49678818646713746,-0.9935599062969633,0.11496022695998276,0.44895510448955106,0.7997537654547503,False
GO_BP,PHOL,GO:0002673,regulation of acute inflammatory response,5,-0.8760268415407285,-0.9467057984215388,-0.6734951530331867,-0.06592636581336575,0.49025097490250974,0.7997537654547503,False
GO_BP,PHOL,GO:0002682,regulation of immune system process,72,-0.3699383051270944,-0.3700032760755962,0.4494550632357625,-0.4096641987071776,0.6108389161083891,0.7997537654547503,False
GO_BP,PHOL,GO:0002683,negative regulation of immune system process,25,-0.258600205009937,-0.5076744980005683,0.36412885722788035,-0.18682738462359305,0.5251474852514748,0.7997537654547503,False
GO_BP,PHOL,GO:0002684,positive regulation of immune system process,49,-0.3420790159751656,-0.6481898170016757,0.43132079123022865,-0.2336445030894421,0.5553444655534446,0.7997537654547503,False
GO_BP,PHOL,GO:0002685,regulation of leukocyte migration,11,-0.33740428458908894,0.04133204666007721,-0.6464206565670452,-0.03485997963560494,0.47485251474852513,0.7997537654547503,False
GO_BP,PHOL,GO:0002687,positive regulation of leukocyte migration,7,0.3790784416013516,0.5058291460433196,-0.07915242960126745,0.16574008338032553,0.42185781421857815,0.7997537654547503,False
GO_BP,PHOL,GO:0002688,regulation of leukocyte chemotaxis,7,0.13239029191012402,0.5166276528956696,-0.2170704892761344,-0.017388289899643583,0.46605339466053397,0.7997537654547503,False
GO_BP,PHOL,GO:0002690,positive regulation of leukocyte chemotaxis,5,0.6013451041855055,0.7315485243139677,0.20060964889657687,0.1352660175802332,0.42825717428257176,0.7997537654547503,False
GO_BP,PHOL,GO:0002694,regulation of leukocyte activation,21,-0.5983101474724696,-0.8799340584153992,0.583542756118495,-0.4501144963240175,0.6345365463453655,0.7997700096049865,False
GO_BP,PHOL,GO:0002695,negative regulation of leukocyte activation,8,1.5390610128187467,0.2955613598924753,3.4504845994052964,-0.333961966830139,0.5848415158484151,0.7997537654547503,False
GO_BP,PHOL,GO:0002696,positive regulation of leukocyte activation,17,-0.8753297811519182,-1.279390487006225,-0.15555763462448877,-0.15785572033656137,0.5227477252274773,0.7997537654547503,False
GO_BP,PHOL,GO:0002697,regulation of immune effector process,11,0.368169822981215,-0.9720392882652736,0.9460043403812615,0.38118729692322106,0.3555644435556444,0.7997537654547503,False
GO_BP,PHOL,GO:0002699,positive regulation of immune effector process,7,0.17874986507425972,-0.4933976907480405,0.6276312547867448,0.1116330830549076,0.44725527447255276,0.7997537654547503,False
GO_BP,PHOL,GO:0002703,regulation of leukocyte mediated immunity,7,-0.3858573897167051,-1.2113952962089176,0.034473376212428304,0.20260357028153958,0.4076592340765923,0.7997537654547503,False
GO_BP,PHOL,GO:0002752,cell surface pattern recognition receptor signaling pathway,5,0.14277501574856993,-0.5467965710957305,-0.6568012522369052,0.7445739274148877,0.23597640235976403,0.7997537654547503,False
GO_BP,PHOL,GO:0002757,immune response-activating signaling pathway,23,-0.22664668371543184,-0.3626591004293353,-0.06065511462975293,-0.014989576185887726,0.49175082491750827,0.7997537654547503,False
GO_BP,PHOL,GO:0002758,innate immune response-activating signaling pathway,11,-0.1439378990922101,-1.028484971643263,-0.33449642694218973,0.5375528002005162,0.3213678632136786,0.7997537654547503,False
GO_BP,PHOL,GO:0002764,immune response-regulating signaling pathway,26,-0.5083759001813138,-0.3792386300204753,-0.4250780449580717,-0.1062175626920403,0.5189481051894811,0.7997537654547503,False
GO_BP,PHOL,GO:0002768,immune response-regulating cell surface receptor signaling pathway,23,-0.8000705676282964,-0.40194925153531547,-0.8721512061527683,-0.1630203387842546,0.5365463453654634,0.7997537654547503,False
GO_BP,PHOL,GO:0002791,regulation of peptide secretion,16,0.12953445665388358,0.019416833547769855,0.8133435969508893,-0.28684575859544603,0.5854414558544145,0.7997537654547503,False
GO_BP,PHOL,GO:0002792,negative regulation of peptide secretion,5,-0.6790843266761483,-0.25714837278955427,-1.0133833922701436,-0.04381844414629932,0.45795420457954206,0.7997537654547503,False
GO_BP,PHOL,GO:0002793,positive regulation of peptide secretion,8,-0.1593680880838223,-0.13176946463452188,0.28579457455047486,-0.2363806430417988,0.5621437856214379,0.7997537654547503,False
GO_BP,PHOL,GO:0002831,regulation of response to biotic stimulus,36,0.10301121699996305,-1.3200974641231484,1.1326150344036845,0.19675243185969502,0.4313568643135686,0.7997537654547503,False
GO_BP,PHOL,GO:0002832,negative regulation of response to biotic stimulus,8,0.7190579995274938,-0.627150058868637,1.3564291254997092,0.3544184662119577,0.3605639436056394,0.7997537654547503,False
GO_BP,PHOL,GO:0002833,positive regulation of response to biotic stimulus,19,-0.26399915504089766,-1.107727711203742,0.18322506723476073,0.198252166943593,0.42385761423857615,0.7997537654547503,False
GO_BP,PHOL,GO:0002861,regulation of inflammatory response to antigenic stimulus,5,-1.07308789263896,-1.1330425015853234,-1.1500654078069927,0.06846606205719818,0.44865513448655137,0.7997537654547503,False
GO_BP,PHOL,GO:0002933,lipid hydroxylation,5,0.7618207902937763,1.209594080497576,0.19262684023882853,0.060710329925574014,0.44815518448155184,0.7997537654547503,False
GO_BP,PHOL,GO:0003006,developmental process involved in reproduction,15,0.4911688313664187,-0.01681597645441492,0.6950306603974851,0.15206148939488362,0.4076592340765923,0.7997537654547503,False
GO_BP,PHOL,GO:0003007,heart morphogenesis,6,-0.9978536092119683,-0.9554115323769204,-0.46073651818473027,-0.289779583931143,0.5709429057094291,0.7997537654547503,False
GO_BP,PHOL,GO:0003008,system process,111,-1.1258850645730747,-0.6768083872006228,-0.7660622981002149,-0.40444972192265594,0.611038896110389,0.7997537654547503,False
GO_BP,PHOL,GO:0003012,muscle system process,20,-0.8193594173917182,-0.038816791156609395,-0.5352990217559751,-0.532301510935426,0.6593340665933407,0.8026224404586569,False
GO_BP,PHOL,GO:0003013,circulatory system process,65,-0.827536614867906,-0.64855570930071,-0.7919715596090464,-0.10727298041302769,0.5186481351864813,0.7997537654547503,False
GO_BP,PHOL,GO:0003014,renal system process,12,0.3399547996119218,-0.07873797236191674,0.15726502360218625,0.3006912739917871,0.37046295370462956,0.7997537654547503,False
GO_BP,PHOL,GO:0003015,heart process,7,0.24077408958511237,0.2147631798662252,-0.19117383725053935,0.22897941827726945,0.37766223377662234,0.7997537654547503,False
GO_BP,PHOL,GO:0003018,vascular process in circulatory system,47,-1.2268351639241402,-0.8966207349871026,-1.3732606190441599,-0.09189448690850899,0.522047795220478,0.7997537654547503,False
GO_BP,PHOL,GO:0003044,regulation of systemic arterial blood pressure mediated by a chemical signal,6,-0.5102382012902986,-0.7124887952840397,-0.8260518476663116,0.2590321201848771,0.38516148385161486,0.7997537654547503,False
GO_BP,PHOL,GO:0003073,regulation of systemic arterial blood pressure,10,-0.2932592565460536,0.22165150189885657,0.0166988885024113,-0.4124344517466876,0.6199380061993801,0.7997537654547503,False
GO_BP,PHOL,GO:0005975,carbohydrate metabolic process,16,0.22554856107148255,0.2553316687319368,0.11935662115946302,0.03820441612578265,0.44245575442455753,0.7997537654547503,False
GO_BP,PHOL,GO:0005996,monosaccharide metabolic process,6,0.7565351348773844,0.6758059921352295,1.124729564405751,-0.14373264339310576,0.5424457554244576,0.7997537654547503,False
GO_BP,PHOL,GO:0006066,alcohol metabolic process,27,0.23518299429661774,0.015614168134211447,1.0795882414949258,-0.31241821051795093,0.5700429957004299,0.7997537654547503,False
GO_BP,PHOL,GO:0006081,aldehyde metabolic process,5,-0.7564283829778161,-1.0145903167373815,-0.8237536322086795,0.16274359149521433,0.37466253374662534,0.7997537654547503,False
GO_BP,PHOL,GO:0006091,generation of precursor metabolites and energy,8,0.6212450491825289,0.9619070555440494,0.3764905552438443,-0.04795375621141795,0.49505049495050496,0.7997537654547503,False
GO_BP,PHOL,GO:0006109,regulation of carbohydrate metabolic process,11,-0.8946328036691356,-0.6449696768298405,-0.5600461705562041,-0.29212487997611325,0.5832416758324167,0.7997537654547503,False
GO_BP,PHOL,GO:0006110,regulation of glycolytic process,6,-0.9962418989186147,-1.1124427440144111,-1.0406433312090044,0.08030113869309308,0.46425357464253575,0.7997537654547503,False
GO_BP,PHOL,GO:0006139,nucleobase-containing compound metabolic process,53,0.3319247966863468,0.6293387428323789,0.049074478456522325,-0.007281813958103844,0.47995200479952005,0.7997537654547503,False
GO_BP,PHOL,GO:0006140,regulation of nucleotide metabolic process,10,-0.9689260820333189,-0.9845600444418747,-1.3932548171904446,0.2199813487828407,0.42075792420757924,0.7997537654547503,False
GO_BP,PHOL,GO:0006163,purine nucleotide metabolic process,14,-0.2716350659325124,-0.541773325351125,-0.035314966739806185,0.016909080112953168,0.44725527447255276,0.7997537654547503,False
GO_BP,PHOL,GO:0006195,purine nucleotide catabolic process,8,-0.27815042797704864,-0.41951172272697657,-0.3722628667187802,0.11773686674582978,0.39816018398160186,0.7997537654547503,False
GO_BP,PHOL,GO:0006259,DNA metabolic process,22,0.6313995547407354,0.5715493241020365,0.5076233587351402,0.09181321332214698,0.45755424457554245,0.7997537654547503,False
GO_BP,PHOL,GO:0006260,DNA replication,11,1.986067973333553,2.515759763040216,1.5716964091501182,-0.05766011276161431,0.5023497650234976,0.7997537654547503,False
GO_BP,PHOL,GO:0006261,DNA-templated DNA replication,6,0.0365049470223891,0.286461977281335,-0.08686684027356438,-0.0632926214814962,0.49845015498450157,0.7997537654547503,False
GO_BP,PHOL,GO:0006281,DNA repair,12,0.5189897745465514,1.1954247759889802,-0.3853757565334456,0.11396526481878405,0.44745525447455253,0.7997537654547503,False
GO_BP,PHOL,GO:0006282,regulation of DNA repair,14,0.1515900597699331,1.030638307301588,-0.024142296527197887,-0.35165794561726194,0.6023397660233977,0.7997537654547503,False
GO_BP,PHOL,GO:0006302,double-strand break repair,9,1.256495499301827,2.4689183576456597,0.016589441018769354,0.013741599969612439,0.48125187481251874,0.7997537654547503,False
GO_BP,PHOL,GO:0006325,chromatin organization,37,1.3332171946773355,-0.06958193218826142,1.1967658722297305,0.7696252246566009,0.26517348265173485,0.7997537654547503,False
GO_BP,PHOL,GO:0006338,chromatin remodeling,35,0.9946769511573916,0.10139300754701011,0.9626427581233015,0.4626590683222358,0.35026497350264973,0.7997537654547503,False
GO_BP,PHOL,GO:0006351,DNA-templated transcription,14,1.5157945441543814,1.126275954982035,0.2561430488482067,0.8245850422392607,0.2455754424557544,0.7997537654547503,False
GO_BP,PHOL,GO:0006352,DNA-templated transcription initiation,5,0.5426192201540818,0.04665428280597175,-0.180365464711636,0.6094748111069139,0.29187081291870814,0.7997537654547503,False
GO_BP,PHOL,GO:0006355,regulation of DNA-templated transcription,81,0.1642343420890576,0.3063350565235385,-0.44922026861654996,0.23567694813556334,0.42875712428757123,0.7997537654547503,False
GO_BP,PHOL,GO:0006357,regulation of transcription by RNA polymerase II,64,1.0509461402459348,0.8765637879390643,0.28527590166655614,0.4700262954431246,0.35226477352264773,0.7997537654547503,False
GO_BP,PHOL,GO:0006366,transcription by RNA polymerase II,12,1.1395028404806198,1.1398296649589728,-0.28463219374760446,0.7119041048749356,0.27747225277472254,0.7997537654547503,False
GO_BP,PHOL,GO:0006367,transcription initiation at RNA polymerase II promoter,5,0.5426192201540818,0.04665428280597175,-0.180365464711636,0.6094748111069139,0.29187081291870814,0.7997537654547503,False
GO_BP,PHOL,GO:0006396,RNA processing,5,-0.6188580931408645,-0.5840308318044605,-0.14808884359857094,-0.25279825543934875,0.5532446755324467,0.7997537654547503,False
GO_BP,PHOL,GO:0006417,regulation of translation,7,-0.16500026156207637,-0.8560158942187057,-0.03872816166955877,0.28237176638205586,0.38646135386461355,0.7997537654547503,False
GO_BP,PHOL,GO:0006457,protein folding,5,-0.8379078160637436,-0.5034791797463848,-0.4561597922328923,-0.3580883300741051,0.5999400059994,0.7997537654547503,False
GO_BP,PHOL,GO:0006468,protein phosphorylation,43,-2.152207589366016,-1.836918957914646,-0.8567044813695397,-0.8053958697239234,0.7419258074192581,0.8288882260019403,False
GO_BP,PHOL,GO:0006470,protein dephosphorylation,7,4.593426600444963,1.5008206141398013,5.63341773361256,1.0263074265687826,0.19918008199180082,0.7997537654547503,False
GO_BP,PHOL,GO:0006508,proteolysis,22,-1.4929081567047946,-1.4148882161193235,-1.7586396733170984,0.09385578801341632,0.42405759424057593,0.7997537654547503,False
GO_BP,PHOL,GO:0006511,ubiquitin-dependent protein catabolic process,5,1.0199302886014145,2.8192070911232805,0.047619893082024405,-0.4134832035012379,0.6219378062193781,0.7997537654547503,False
GO_BP,PHOL,GO:0006575,modified amino acid metabolic process,5,-0.7441693523285277,-1.0301475901637684,-0.3759597460793417,-0.041115684206972536,0.47295270472952705,0.7997537654547503,False
GO_BP,PHOL,GO:0006576,biogenic amine metabolic process,10,-0.3444765401034761,0.5150100935631854,-0.657232668512134,-0.2733652526290018,0.5753424657534246,0.7997537654547503,False
GO_BP,PHOL,GO:0006584,catecholamine metabolic process,9,-0.4922733867502883,0.501196594165196,-1.0136754811103776,-0.2360339432776975,0.5592440755924407,0.7997537654547503,False
GO_BP,PHOL,GO:0006629,lipid metabolic process,70,0.9895600953254665,0.6767707521211105,0.8663105496793797,0.21801944442522136,0.44395560443955606,0.7997537654547503,False
GO_BP,PHOL,GO:0006631,fatty acid metabolic process,37,-0.4594655793507016,-0.32399886895046737,0.04665128144387663,-0.32079178559740623,0.5765423457654234,0.7997537654547503,False
GO_BP,PHOL,GO:0006633,fatty acid biosynthetic process,20,-0.430921520690575,0.09368769493268346,-0.46957671623395325,-0.2429770100399401,0.5434456554344566,0.7997537654547503,False
GO_BP,PHOL,GO:0006636,unsaturated fatty acid biosynthetic process,10,-0.45635260549884593,-0.28864908287888014,-0.6330084473568787,0.004476159619033471,0.44345565443455653,0.7997537654547503,False
GO_BP,PHOL,GO:0006638,neutral lipid metabolic process,5,1.2728609152971722,0.9277449740451207,0.5002795678475088,0.5588486443508573,0.32056794320567944,0.7997537654547503,False
GO_BP,PHOL,GO:0006639,acylglycerol metabolic process,5,1.2728609152971722,0.9277449740451207,0.5002795678475088,0.5588486443508573,0.32056794320567944,0.7997537654547503,False
GO_BP,PHOL,GO:0006641,triglyceride metabolic process,5,1.2728609152971722,0.9277449740451207,0.5002795678475088,0.5588486443508573,0.32056794320567944,0.7997537654547503,False
GO_BP,PHOL,GO:0006644,phospholipid metabolic process,9,0.05325354465260329,0.8842238200607319,-0.165820011129097,-0.30594835981321417,0.6148385161483851,0.7997537654547503,False
GO_BP,PHOL,GO:0006650,glycerophospholipid metabolic process,6,0.00044385803144836934,0.44578459176796387,0.15127303856044025,-0.2980849571327537,0.6499350064993501,0.8020133445239224,False
GO_BP,PHOL,GO:0006665,sphingolipid metabolic process,5,0.13646336283167884,-0.16390147799748608,-0.4333377879738375,0.43508299581734067,0.35296470352964704,0.7997537654547503,False
GO_BP,PHOL,GO:0006690,icosanoid metabolic process,31,-0.9020393283407923,-1.1074099029309163,-0.165627143425425,-0.26552080516262155,0.5545445455454454,0.7997537654547503,False
GO_BP,PHOL,GO:0006692,prostanoid metabolic process,13,-0.4101030068706642,-0.7860192614917774,-0.011512809937875366,-0.011336971155837816,0.4497550244975502,0.7997537654547503,False
GO_BP,PHOL,GO:0006693,prostaglandin metabolic process,12,-0.4060984414953444,-0.7475761333756021,0.26003000227284495,-0.16232537594396582,0.5172482751724827,0.7997537654547503,False
GO_BP,PHOL,GO:0006694,steroid biosynthetic process,11,0.6065600733080009,0.9911905860347875,0.9462159109525021,-0.362143175185644,0.6033396660333966,0.7997537654547503,False
GO_BP,PHOL,GO:0006706,steroid catabolic process,6,0.12946186810936444,0.5686244148923506,0.23915966236027908,-0.2744301705169504,0.5660433956604339,0.7997537654547503,False
GO_BP,PHOL,GO:0006720,isoprenoid metabolic process,21,1.5169478246757782,1.4047951465207664,1.7529710216722996,-0.06193525942075495,0.49005099490050996,0.7997537654547503,False
GO_BP,PHOL,GO:0006721,terpenoid metabolic process,21,1.5169478246757782,1.4047951465207664,1.7529710216722996,-0.06193525942075495,0.49005099490050996,0.7997537654547503,False
GO_BP,PHOL,GO:0006753,nucleoside phosphate metabolic process,16,-0.4759778207854959,-0.6894506337323544,-0.3629349346156028,0.05021496338848275,0.43945605439456054,0.7997537654547503,False
GO_BP,PHOL,GO:0006778,porphyrin-containing compound metabolic process,6,3.9942762994534546,3.938878281350266,2.01972412619434,1.0149750956811516,0.11938806119388061,0.7997537654547503,False
GO_BP,PHOL,GO:0006787,porphyrin-containing compound catabolic process,5,4.5698376763425035,4.996696359209116,2.702290550601778,0.7203442214370566,0.15098490150984903,0.7997537654547503,False
GO_BP,PHOL,GO:0006790,sulfur compound metabolic process,6,-1.3670290638425546,-1.2820124013465173,-1.1690684680888828,-0.1414886291248545,0.5208479152084792,0.7997537654547503,False
GO_BP,PHOL,GO:0006793,phosphorus metabolic process,25,-0.3061613848653904,0.11991092932645805,-0.45780761254304697,-0.13721304325709593,0.5091490850914908,0.7997537654547503,False
GO_BP,PHOL,GO:0006796,phosphate-containing compound metabolic process,51,-0.9489168991012247,-1.4325589302958583,0.7703901707884653,-0.6178325193475281,0.686931306869313,0.805352973342786,False
GO_BP,PHOL,GO:0006805,xenobiotic metabolic process,34,1.7869933309186208,1.7145725935656966,1.2157105975421227,0.321851735364711,0.36336366363363665,0.7997537654547503,False
GO_BP,PHOL,GO:0006810,transport,115,0.25661610816769637,0.9940448012313294,-1.603987839228641,0.5615876271663522,0.3056694330566943,0.7997537654547503,False
GO_BP,PHOL,GO:0006811,monoatomic ion transport,36,0.4224830263974002,0.8473856127778197,-1.4357018807154098,0.7166411603661953,0.28487151284871515,0.7997537654547503,False
GO_BP,PHOL,GO:0006812,monoatomic cation transport,28,-0.3839778894852428,0.019667678665072755,-0.965359648908651,0.0888680956365463,0.44995500449955006,0.7997537654547503,False
GO_BP,PHOL,GO:0006814,sodium ion transport,8,-0.20754080229313018,0.09537464073748582,-0.480102786836508,-0.015176729243619097,0.4687531246875312,0.7997537654547503,False
GO_BP,PHOL,GO:0006816,calcium ion transport,14,-0.35501933628257715,0.1721998734389978,-0.3598239782490373,-0.26120728387755743,0.5591440855914409,0.7997537654547503,False
GO_BP,PHOL,GO:0006820,monoatomic anion transport,5,2.0638221114891246,2.1075543796612166,0.7645196206759974,0.6277851113205175,0.20567943205679431,0.7997537654547503,False
GO_BP,PHOL,GO:0006821,chloride transport,5,2.0638221114891246,2.1075543796612166,0.7645196206759974,0.6277851113205175,0.20567943205679431,0.7997537654547503,False
GO_BP,PHOL,GO:0006836,neurotransmitter transport,9,-1.2574927970296295,-0.8861553841585329,-1.7154122699688892,0.043291030034081635,0.44835516448355167,0.7997537654547503,False
GO_BP,PHOL,GO:0006865,amino acid transport,7,-0.6010035626292407,-0.6723951018193423,-1.7470058214086537,0.6086968989847572,0.2248775122487751,0.7997537654547503,False
GO_BP,PHOL,GO:0006869,lipid transport,24,1.858435155534706,1.997573183048078,0.312244252607849,0.7035264377067425,0.281971802819718,0.7997537654547503,False
GO_BP,PHOL,GO:0006873,intracellular monoatomic ion homeostasis,20,0.17711402332558188,0.18818832739787827,1.1297289149031762,-0.48184459782494526,0.6419358064193581,0.801209583750324,False
GO_BP,PHOL,GO:0006874,intracellular calcium ion homeostasis,15,-0.42692530176584886,0.5509648223157507,-0.5823143973576487,-0.4112505142448999,0.6217378262173783,0.7997537654547503,False
GO_BP,PHOL,GO:0006886,intracellular protein transport,8,-1.2513684953562059,-1.301643226640086,-1.3298649456080787,0.06438559076787631,0.45385461453854614,0.7997537654547503,False
GO_BP,PHOL,GO:0006897,endocytosis,27,-0.6348325436430753,-0.1147498468684207,-0.8960717877146838,-0.12942172635152305,0.5090490950904909,0.7997537654547503,False
GO_BP,PHOL,GO:0006898,receptor-mediated endocytosis,11,-0.3237145895709867,0.08402094937421176,-1.4972793869587981,0.38291462922130654,0.3251674832516748,0.7997537654547503,False
GO_BP,PHOL,GO:0006909,phagocytosis,14,-0.39517962869274825,-0.18152348073585953,0.002729480097834717,-0.3057826283737358,0.587041295870413,0.7997537654547503,False
GO_BP,PHOL,GO:0006913,nucleocytoplasmic transport,5,-1.0545421379711146,-1.1873283864085828,-1.5179862240615019,0.2981151672639277,0.36946305369463056,0.7997537654547503,False
GO_BP,PHOL,GO:0006914,autophagy,8,-0.9111814826965201,-0.2432154701926829,-0.6206006514307331,-0.47927342188481215,0.6433356664333567,0.801209583750324,False
GO_BP,PHOL,GO:0006915,apoptotic process,37,-1.0826039220627806,-1.4404863475457446,-0.8299716735010184,0.05262508846060099,0.45625437456254375,0.7997537654547503,False
GO_BP,PHOL,GO:0006935,chemotaxis,24,-0.9455060460725615,-0.5954330380117367,-1.4736053710387331,0.08901315845267344,0.43355664433556645,0.7997537654547503,False
GO_BP,PHOL,GO:0006936,muscle contraction,19,-0.6979122411743863,0.041097434114585184,-0.5465974727949457,-0.44516222183420606,0.6302369763023697,0.7997700096049865,False
GO_BP,PHOL,GO:0006937,regulation of muscle contraction,19,-1.4455370680054171,-1.0144243789575615,-1.1036683959344353,-0.3864906805594188,0.6120387961203879,0.7997537654547503,False
GO_BP,PHOL,GO:0006939,smooth muscle contraction,9,-1.0725983389876228,-0.6860047674170665,-0.9696058933758149,-0.24479300859118203,0.5558444155584441,0.7997537654547503,False
GO_BP,PHOL,GO:0006940,regulation of smooth muscle contraction,12,-0.9810026124119885,-0.6230099072751359,-1.1193299089857036,-0.10983270428156866,0.5091490850914908,0.7997537654547503,False
GO_BP,PHOL,GO:0006941,striated muscle contraction,8,0.5527873194866098,1.1391328977043902,0.5316974872618677,-0.28262787299651926,0.5857414258574143,0.7997537654547503,False
GO_BP,PHOL,GO:0006942,regulation of striated muscle contraction,9,-1.0397382131444788,-1.1848787473393965,-0.7616336825719153,-0.06648199818882294,0.5036496350364964,0.7997537654547503,False
GO_BP,PHOL,GO:0006950,response to stress,137,-1.0691450511615854,-0.500806996434496,-0.7982527487695269,-0.419615178559574,0.6196380361963804,0.7997537654547503,False
GO_BP,PHOL,GO:0006952,defense response,57,0.35282464937195707,0.8965777235445775,-0.4386299807731853,0.12385077798626096,0.43215678432156784,0.7997537654547503,False
GO_BP,PHOL,GO:0006954,inflammatory response,30,0.3082322628440681,0.48206210216153733,-0.12809334194575794,0.13124788273617838,0.4173582641735826,0.7997537654547503,False
GO_BP,PHOL,GO:0006955,immune response,39,0.14639301940546734,0.7182477205415646,-1.0418148699037846,0.3081765940865773,0.37106289371062895,0.7997537654547503,False
GO_BP,PHOL,GO:0006959,humoral immune response,6,0.3409312513433764,0.9517676149790956,-0.5451391125875135,0.13761700014758532,0.39606039396060394,0.7997537654547503,False
GO_BP,PHOL,GO:0006970,response to osmotic stress,5,0.10386727921522187,-0.3670322201059535,0.7091982522351429,-0.06721573684937282,0.5016498350164984,0.7997537654547503,False
GO_BP,PHOL,GO:0006974,DNA damage response,26,0.251097457257499,0.5212837750772955,-0.46429673328390786,0.22260393636080517,0.3872612738726127,0.7997537654547503,False
GO_BP,PHOL,GO:0006979,response to oxidative stress,34,-1.337910293007412,-1.2277709057298414,-1.3746306783664297,-0.03670950095927639,0.47155284471552844,0.7997537654547503,False
GO_BP,PHOL,GO:0006986,response to unfolded protein,7,0.2714163069977837,1.2572634444075743,1.2148906605641416,-0.9646607454880742,0.7838216178382161,0.848232666350347,False
GO_BP,PHOL,GO:0006996,organelle organization,47,1.5956859289962233,1.3297004604865366,1.2611501737271646,0.3002606118893727,0.39486051394860516,0.7997537654547503,False
GO_BP,PHOL,GO:0006997,nucleus organization,5,-0.49015350190539864,-0.1868948886424226,-0.5689042414211757,-0.11225393687359952,0.5169483051694831,0.7997537654547503,False
GO_BP,PHOL,GO:0006998,nuclear envelope organization,5,-0.49015350190539864,-0.1868948886424226,-0.5689042414211757,-0.11225393687359952,0.5169483051694831,0.7997537654547503,False
GO_BP,PHOL,GO:0007005,mitochondrion organization,9,-0.1112057300931835,0.06995145997606816,-0.8039695060145986,0.25580329292608167,0.39976002399760024,0.7997537654547503,False
GO_BP,PHOL,GO:0007010,cytoskeleton organization,23,-0.37874282851852403,-0.2645690004078127,0.44866387391209567,-0.4707902652706655,0.6352364763523648,0.7997700096049865,False
GO_BP,PHOL,GO:0007017,microtubule-based process,16,-0.3497232721428558,-0.2919741416839612,-0.2095840105732905,-0.09894419601422999,0.5155484451554845,0.7997537654547503,False
GO_BP,PHOL,GO:0007018,microtubule-based movement,5,0.10370732566830297,0.11902922033592644,0.33841868442227807,-0.12501662671079927,0.516048395160484,0.7997537654547503,False
GO_BP,PHOL,GO:0007049,cell cycle,27,0.2234444061260088,-0.5817837473380001,1.0586001502271911,-0.014963795318586715,0.4747525247475253,0.7997537654547503,False
GO_BP,PHOL,GO:0007051,spindle organization,9,-1.1341723724667914,-0.7619760187148337,-1.0552858383522117,-0.2255414439332687,0.5681431856814319,0.7997537654547503,False
GO_BP,PHOL,GO:0007052,mitotic spindle organization,6,-0.8016665366059529,-0.48590002069168153,-0.724660539424274,-0.19638625654797515,0.5498450154984501,0.7997537654547503,False
GO_BP,PHOL,GO:0007059,chromosome segregation,9,0.15518178026704138,-0.7915536390327222,0.46008776761297626,0.32091471597691434,0.37836216378362164,0.7997537654547503,False
GO_BP,PHOL,GO:0007088,regulation of mitotic nuclear division,7,-1.2690427410700122,-0.9182137460685488,-0.6529051084607131,-0.48348331380538134,0.6402359764023597,0.8009199080091991,False
GO_BP,PHOL,GO:0007155,cell adhesion,18,-0.8582388980183445,-1.9931751029668585,-0.1487012771060783,0.212699292018124,0.37916208379162086,0.7997537654547503,False
GO_BP,PHOL,GO:0007162,negative regulation of cell adhesion,19,-0.9888125102619202,-1.0759545412866425,0.17393153849335324,-0.5378010088652756,0.6648335166483351,0.8033058431305515,False
GO_BP,PHOL,GO:0007166,cell surface receptor signaling pathway,103,-1.9687923590336283,-1.2441621325484953,-1.4567225898401197,-0.6183499978393208,0.690930906909309,0.8055696672485216,False
GO_BP,PHOL,GO:0007167,enzyme-linked receptor protein signaling pathway,47,-2.1225371735172263,-1.7315018983038941,-0.2957338737827776,-1.1089192874738905,0.811918808119188,0.8608473090162664,False
GO_BP,PHOL,GO:0007169,cell surface receptor protein tyrosine kinase signaling pathway,42,-2.4389913891662993,-1.7338352123447105,-0.6602401491585685,-1.24195370841466,0.83991600839916,0.8786935343121923,False
GO_BP,PHOL,GO:0007173,epidermal growth factor receptor signaling pathway,16,-1.4756804862724677,-1.392987002521375,0.11666618805890258,-0.8375200790412315,0.7466253374662534,0.8305696646879167,False
GO_BP,PHOL,GO:0007178,cell surface receptor protein serine/threonine kinase signaling pathway,7,-1.0522249132255788,-1.1159357327960513,-1.238260286985291,0.12487309666509239,0.4286571342865713,0.7997537654547503,False
GO_BP,PHOL,GO:0007179,transforming growth factor beta receptor signaling pathway,6,-1.2492197049323626,-1.3724729757904897,-1.1535468836306806,0.01379022477822267,0.4637536246375362,0.7997537654547503,False
GO_BP,PHOL,GO:0007186,G protein-coupled receptor signaling pathway,91,-1.6965227712612532,-1.4775625372285224,-1.9014596677149826,-0.007011668789500769,0.49865013498650135,0.7997537654547503,False
GO_BP,PHOL,GO:0007187,"G protein-coupled receptor signaling pathway, coupled to cyclic nucleotide second messenger",26,-0.29456297220278327,-0.182491691473901,-1.2204372264855297,0.40690148677693205,0.33956604339566043,0.7997537654547503,False
GO_BP,PHOL,GO:0007188,adenylate cyclase-modulating G protein-coupled receptor signaling pathway,50,-1.6852728798719225,-1.0318703228467279,-2.4025057796694393,0.03191517138616118,0.4841515848415158,0.7997537654547503,False
GO_BP,PHOL,GO:0007189,adenylate cyclase-activating G protein-coupled receptor signaling pathway,20,0.08652298167291743,1.2114314717359436,-0.6564689033601734,-0.19095830251496765,0.5413458654134586,0.7997537654547503,False
GO_BP,PHOL,GO:0007193,adenylate cyclase-inhibiting G protein-coupled receptor signaling pathway,35,-2.1612162009643243,-2.373573969882328,-2.668341369860119,0.3597414689068992,0.37766223377662234,0.7997537654547503,False
GO_BP,PHOL,GO:0007196,adenylate cyclase-inhibiting G protein-coupled glutamate receptor signaling pathway,6,-1.109792071501497,-0.8314345557723644,-1.7186690846716652,0.16525974872051763,0.3955604439556044,0.7997537654547503,False
GO_BP,PHOL,GO:0007197,adenylate cyclase-inhibiting G protein-coupled acetylcholine receptor signaling pathway,8,-1.2284681272435154,-1.187360047733033,-1.2157041964770021,-0.02693600513849792,0.44965503449655037,0.7997537654547503,False
GO_BP,PHOL,GO:0007198,adenylate cyclase-inhibiting serotonin receptor signaling pathway,6,-0.6016022310420293,-1.1051156140505651,-0.8870221940115687,0.3944666729890376,0.31816818318168183,0.7997537654547503,False
GO_BP,PHOL,GO:0007200,phospholipase C-activating G protein-coupled receptor signaling pathway,29,-1.0943183116594233,-0.805685006048246,-1.4906441702120772,0.05384627647073836,0.4684531546845315,0.7997537654547503,False
GO_BP,PHOL,GO:0007204,positive regulation of cytosolic calcium ion concentration,18,-1.0299681258582343,-0.27863373275576847,-1.9364826370139319,0.07759005902661587,0.4624537546245375,0.7997537654547503,False
GO_BP,PHOL,GO:0007210,serotonin receptor signaling pathway,9,-0.3243360635308355,-0.501676834426511,-0.7248156631732501,0.28891018526904505,0.38246175382461756,0.7997537654547503,False
GO_BP,PHOL,GO:0007212,G protein-coupled dopamine receptor signaling pathway,6,0.7893717202314322,0.43931111992943467,-0.9031743851906477,1.0213033528620388,0.1693830616938306,0.7997537654547503,False
GO_BP,PHOL,GO:0007213,G protein-coupled acetylcholine receptor signaling pathway,8,-1.2284681272435154,-1.187360047733033,-1.2157041964770021,-0.02693600513849792,0.44965503449655037,0.7997537654547503,False
GO_BP,PHOL,GO:0007215,glutamate receptor signaling pathway,16,-1.1502303998507895,-1.377680455440453,-2.1267154025416732,0.6019675291402735,0.30826917308269175,0.7997537654547503,False
GO_BP,PHOL,GO:0007216,G protein-coupled glutamate receptor signaling pathway,7,-1.0482108243040738,-0.78922246339734,-1.6267263089496933,0.15976356186944285,0.4032596740325967,0.7997537654547503,False
GO_BP,PHOL,GO:0007218,neuropeptide signaling pathway,6,-0.3219896164436963,-0.6741077413243693,-0.6866741316562339,0.3584013200466053,0.2973702629737026,0.7997537654547503,False
GO_BP,PHOL,GO:0007254,JNK cascade,5,-0.8251952081781909,-0.35059301115387337,-0.9741231121130587,-0.16283714654472492,0.5225477452254774,0.7997537654547503,False
GO_BP,PHOL,GO:0007267,cell-cell signaling,75,0.5355420822799267,1.2561604868471812,-0.7596174562029842,0.2872705669578282,0.398960103989601,0.7997537654547503,False
GO_BP,PHOL,GO:0007268,chemical synaptic transmission,55,-0.5617133257246905,0.26755711716889075,-1.399201090671216,0.004108661026472227,0.49435056494350565,0.7997537654547503,False
GO_BP,PHOL,GO:0007271,"synaptic transmission, cholinergic",5,-0.10735854257867461,-0.16274773119891256,0.800498852992599,-0.4262341034755178,0.6336366363363664,0.7997700096049865,False
GO_BP,PHOL,GO:0007275,multicellular organism development,115,0.306228025511822,-0.1156033513896911,-0.5909262008817988,0.659492801647567,0.2800719928007199,0.7997537654547503,False
GO_BP,PHOL,GO:0007276,gamete generation,5,0.8982019612431504,0.4145850230016075,0.1532951021968901,0.6142618986439017,0.285971402859714,0.7997537654547503,False
GO_BP,PHOL,GO:0007346,regulation of mitotic cell cycle,22,-1.1025645808295155,-1.5938846006131053,0.07206565831926935,-0.3416551096825975,0.5996400359964004,0.7997537654547503,False
GO_BP,PHOL,GO:0007399,nervous system development,62,-0.9088492570517172,-0.6736902783275593,-0.4445337695190499,-0.34973723312841254,0.5998400159984002,0.7997537654547503,False
GO_BP,PHOL,GO:0007409,axonogenesis,7,0.03454972115287667,-0.4699741982601554,0.22327176741383406,0.15790093657603735,0.40935906409359063,0.7997537654547503,False
GO_BP,PHOL,GO:0007411,axon guidance,5,0.0033155864149556264,-0.6224452025448142,0.25285305431473126,0.1881116605299971,0.38396160383961603,0.7997537654547503,False
GO_BP,PHOL,GO:0007416,synapse assembly,5,1.4041477000037212,0.96783836651795,0.995283299711427,0.4225868668890327,0.33796620337966204,0.7997537654547503,False
GO_BP,PHOL,GO:0007417,central nervous system development,27,0.038194856727836346,0.447070793799453,-0.1524088700927938,-0.10913610512549327,0.5027497250274973,0.7997537654547503,False
GO_BP,PHOL,GO:0007420,brain development,17,-0.1967908300041463,-0.023002729985655834,-0.8432407609184686,0.23633091544791587,0.36966303369663034,0.7997537654547503,False
GO_BP,PHOL,GO:0007423,sensory organ development,16,-0.6715328527823362,-1.0510082225543573,-0.643531207110983,0.175736862050334,0.3722627737226277,0.7997537654547503,False
GO_BP,PHOL,GO:0007507,heart development,18,-0.6507836453452839,-0.30170703315074177,-0.13212877257255135,-0.4338657424836373,0.6240375962403759,0.7997537654547503,False
GO_BP,PHOL,GO:0007548,sex differentiation,10,0.5344609775819307,0.019083631174308457,0.7876416602780645,0.1310983318557442,0.41175882411758824,0.7997537654547503,False
GO_BP,PHOL,GO:0007565,female pregnancy,13,-1.2877674321048718,-1.0773991615128469,-1.1609908752735194,-0.16857241371168863,0.5420457954204579,0.7997537654547503,False
GO_BP,PHOL,GO:0007584,response to nutrient,14,-1.1841824826769833,-1.1592633241554655,-1.4175994361905564,0.10424889749602761,0.42645735426457354,0.7997537654547503,False
GO_BP,PHOL,GO:0007586,digestion,12,0.6486578435971512,-0.2648732547021659,0.3214105772365369,0.6203891823299656,0.2843715628437156,0.7997537654547503,False
GO_BP,PHOL,GO:0007589,body fluid secretion,6,-0.8784302097387404,-0.5981310374532687,-0.9378508354138282,-0.11043927330519199,0.5091490850914908,0.7997537654547503,False
GO_BP,PHOL,GO:0007596,blood coagulation,16,-1.600572267354178,-1.1846937054840838,-1.259682455205625,-0.37838418700932364,0.6067393260673932,0.7997537654547503,False
GO_BP,PHOL,GO:0007599,hemostasis,17,-1.7091095047040827,-1.2511018619918297,-1.389679463750316,-0.38871884183300986,0.6117388261173883,0.7997537654547503,False
GO_BP,PHOL,GO:0007600,sensory perception,20,-0.7763459940122931,-0.15072655859128997,-1.0066650405186264,-0.1976501944573349,0.5314468553144686,0.7997537654547503,False
GO_BP,PHOL,GO:0007610,behavior,40,-0.8883385236633657,-0.28989001111857665,-1.1013320348386892,-0.19272750068473277,0.53994600539946,0.7997537654547503,False
GO_BP,PHOL,GO:0007611,learning or memory,23,-0.2823417129834612,-0.3008487671405621,-0.2223430159263634,-0.02074582144999848,0.49205079492050796,0.7997537654547503,False
GO_BP,PHOL,GO:0007612,learning,16,-0.5356363323857031,-0.6393080450968196,-1.4858589089319973,0.5269471446287054,0.3184681531846815,0.7997537654547503,False
GO_BP,PHOL,GO:0007613,memory,11,0.7437433572827149,0.31265371764387306,0.21769105437095315,0.4785709712753018,0.32756724327567244,0.7997537654547503,False
GO_BP,PHOL,GO:0007617,mating behavior,5,0.7805568393775083,0.18857948258781018,-0.0874925654806516,0.730013380823929,0.24777522247775222,0.7997537654547503,False
GO_BP,PHOL,GO:0007623,circadian rhythm,18,0.8784946987218794,0.9770160085555769,0.6902665063448233,0.04485344127167923,0.47085291470852914,0.7997537654547503,False
GO_BP,PHOL,GO:0007626,locomotory behavior,13,0.05379134574926975,-0.17662814089166537,-0.6332528749203632,0.458731853655284,0.2705729427057294,0.7997537654547503,False
GO_BP,PHOL,GO:0007631,feeding behavior,7,-1.1261228756726351,-0.7130510796079135,-1.1000799298422677,-0.21955737094754457,0.5489451054894511,0.7997537654547503,False
GO_BP,PHOL,GO:0007632,visual behavior,5,0.4786943659793828,0.08145809130170287,-0.3546195096462087,0.6152750751516357,0.2826717328267173,0.7997537654547503,False
GO_BP,PHOL,GO:0008015,blood circulation,53,-0.7831077921669574,-0.7728303592780684,-0.3502261544409633,-0.22157953530744146,0.5497450254974503,0.7997537654547503,False
GO_BP,PHOL,GO:0008016,regulation of heart contraction,21,-1.1310757827200737,-0.7572600233270402,-0.8695288414117613,-0.3176813503506729,0.5871412858714129,0.7997537654547503,False
GO_BP,PHOL,GO:0008064,regulation of actin polymerization or depolymerization,6,0.28884508635081946,0.8242126127168387,0.756485795203996,-0.5015041176095978,0.7681231876812319,0.8410037500922803,False
GO_BP,PHOL,GO:0008104,intracellular protein localization,25,-1.9369866461367085,-1.6482796718182224,-1.8909269069689383,-0.1673833567431282,0.5468453154684532,0.7997537654547503,False
GO_BP,PHOL,GO:0008202,steroid metabolic process,35,1.7356920097579678,1.1909617974607893,1.7030501116970895,0.28868605517902846,0.38296170382961703,0.7997537654547503,False
GO_BP,PHOL,GO:0008203,cholesterol metabolic process,12,0.8399879348439003,1.4514449275080035,1.0076194881981118,-0.3895442730091574,0.6198380161983802,0.7997537654547503,False
GO_BP,PHOL,GO:0008210,estrogen metabolic process,12,1.7232776881534382,1.772148283423073,1.174607712126481,0.249899690378661,0.36866313368663134,0.7997537654547503,False
GO_BP,PHOL,GO:0008217,regulation of blood pressure,20,-0.45496644267051706,-0.3859891506445063,-0.08114122509525469,-0.22140125480063658,0.5482451754824518,0.7997537654547503,False
GO_BP,PHOL,GO:0008219,cell death,38,-0.901204118727717,-1.3898980636920442,-0.40689454036606976,-0.0028078166986600372,0.47565243475652436,0.7997537654547503,False
GO_BP,PHOL,GO:0008277,regulation of G protein-coupled receptor signaling pathway,14,0.4485400360531289,0.3254121510290631,0.09338060334138312,0.23914365886790578,0.40955904409559046,0.7997537654547503,False
GO_BP,PHOL,GO:0008283,cell population proliferation,16,-1.4392223881516348,-1.1850138145458586,-0.7266015181933816,-0.4834147217820147,0.6492350764923508,0.8020133445239224,False
GO_BP,PHOL,GO:0008284,positive regulation of cell population proliferation,60,-1.9224857891673337,-2.0339576352216575,-1.596427492177115,-0.10729322546794728,0.5108489151084892,0.7997537654547503,False
GO_BP,PHOL,GO:0008285,negative regulation of cell population proliferation,33,0.48526632306328116,0.458853268952721,0.6595453798226043,-0.07393300132438146,0.48625137486251374,0.7997537654547503,False
GO_BP,PHOL,GO:0008286,insulin receptor signaling pathway,8,-0.6143280512126827,-0.20928286485486086,0.3313061330933245,-0.6753396853319146,0.7010298970102989,0.8095290914040059,False
GO_BP,PHOL,GO:0008306,associative learning,11,-0.27772339346290914,-0.26619654065511705,-1.2420395912620579,0.4763946724956783,0.32456754324567544,0.7997537654547503,False
GO_BP,PHOL,GO:0008360,regulation of cell shape,5,-0.5428075102032772,-0.49031902408408456,-0.1783704148244865,-0.20846279074899166,0.5397460253974603,0.7997537654547503,False
GO_BP,PHOL,GO:0008361,regulation of cell size,6,0.8323844082053532,1.33747302934445,0.8478356382484994,-0.2602699255911215,0.5643435656434357,0.7997537654547503,False
GO_BP,PHOL,GO:0008406,gonad development,8,0.09115659554892608,0.01209248298006285,-0.15961823968005642,0.16491947389892286,0.3955604439556044,0.7997537654547503,False
GO_BP,PHOL,GO:0008542,visual learning,5,0.4786943659793828,0.08145809130170287,-0.3546195096462087,0.6152750751516357,0.2826717328267173,0.7997537654547503,False
GO_BP,PHOL,GO:0008544,epidermis development,8,-1.0985862931928687,-1.0252225067268879,-1.0377882955068867,-0.06708089207598134,0.5087491250874913,0.7997537654547503,False
GO_BP,PHOL,GO:0008584,male gonad development,5,0.6125679875498287,0.7001525260686021,-0.5433962623194384,0.5341898556752468,0.30696930306969306,0.7997537654547503,False
GO_BP,PHOL,GO:0008585,female gonad development,5,-0.28253971398234407,-0.5404465631124131,0.24408667172521473,-0.13435976828874485,0.5221477852214779,0.7997537654547503,False
GO_BP,PHOL,GO:0008589,regulation of smoothened signaling pathway,5,-0.2360461028476396,0.5607377474643834,0.14395059506197708,-0.5883902741108198,0.6798320167983202,0.8040469645226531,False
GO_BP,PHOL,GO:0008593,regulation of Notch signaling pathway,5,-1.7113956137213644,-1.3242648697059922,-1.6394088003702156,-0.22955877868326047,0.5541445855414459,0.7997537654547503,False
GO_BP,PHOL,GO:0008610,lipid biosynthetic process,37,-0.27488905841871997,0.09709458327675374,-0.17870184882088833,-0.2340854256466527,0.5437456254374563,0.7997537654547503,False
GO_BP,PHOL,GO:0008654,phospholipid biosynthetic process,7,0.09454592772964752,0.8650024376471974,-0.0341422612203963,-0.320884160483753,0.6217378262173783,0.7997537654547503,False
GO_BP,PHOL,GO:0009056,catabolic process,84,0.2058324026358769,0.6379371534785143,0.08565258124416406,-0.1559624647254623,0.5493450654934506,0.7997537654547503,False
GO_BP,PHOL,GO:0009057,macromolecule catabolic process,22,-0.6913161147494721,0.7014524940468659,-0.6331942476608111,-0.7254452379424995,0.7323267673232676,0.8267022863769553,False
GO_BP,PHOL,GO:0009058,biosynthetic process,98,-0.5532470693950249,-0.1683317577659446,-0.5781047927313301,-0.1800287941463875,0.5500449955004499,0.7997537654547503,False
GO_BP,PHOL,GO:0009059,macromolecule biosynthetic process,43,0.00700291040084766,0.17138903826957116,-0.9294999169365917,0.38605834973435793,0.3427657234276572,0.7997537654547503,False
GO_BP,PHOL,GO:0009100,glycoprotein metabolic process,6,-1.2188918934305204,-0.868266389080634,-1.385522366339207,-0.09199751572059989,0.5109489051094891,0.7997537654547503,False
GO_BP,PHOL,GO:0009117,nucleotide metabolic process,14,-0.2716350659325124,-0.541773325351125,-0.035314966739806185,0.016909080112953168,0.44725527447255276,0.7997537654547503,False
GO_BP,PHOL,GO:0009141,nucleoside triphosphate metabolic process,7,1.513381773472279,0.7627199558428245,0.8746946565993149,0.6946744672512093,0.264973502649735,0.7997537654547503,False
GO_BP,PHOL,GO:0009144,purine nucleoside triphosphate metabolic process,7,1.513381773472279,0.7627199558428245,0.8746946565993149,0.6946744672512093,0.264973502649735,0.7997537654547503,False
GO_BP,PHOL,GO:0009150,purine ribonucleotide metabolic process,12,-0.26061982906042297,-0.3983120126834892,-0.24812085598561345,0.06259660527412836,0.4286571342865713,0.7997537654547503,False
GO_BP,PHOL,GO:0009154,purine ribonucleotide catabolic process,8,-0.27815042797704864,-0.41951172272697657,-0.3722628667187802,0.11773686674582978,0.39816018398160186,0.7997537654547503,False
GO_BP,PHOL,GO:0009166,nucleotide catabolic process,9,-0.2044323670338904,-0.2666985517898985,-0.4168736827372663,0.13735375022969204,0.3865613438656134,0.7997537654547503,False
GO_BP,PHOL,GO:0009205,purine ribonucleoside triphosphate metabolic process,7,1.513381773472279,0.7627199558428245,0.8746946565993149,0.6946744672512093,0.264973502649735,0.7997537654547503,False
GO_BP,PHOL,GO:0009259,ribonucleotide metabolic process,12,-0.26061982906042297,-0.3983120126834892,-0.24812085598561345,0.06259660527412836,0.4286571342865713,0.7997537654547503,False
GO_BP,PHOL,GO:0009261,ribonucleotide catabolic process,8,-0.27815042797704864,-0.41951172272697657,-0.3722628667187802,0.11773686674582978,0.39816018398160186,0.7997537654547503,False
GO_BP,PHOL,GO:0009266,response to temperature stimulus,14,-0.09031411841191708,1.2095284564638065,0.18480358448229625,-0.7874801388849684,0.7357264273572642,0.8272002173432764,False
GO_BP,PHOL,GO:0009267,cellular response to starvation,5,1.0753385536567415,1.1985974504647887,2.145916970738646,-0.596918656944976,0.6776322367763223,0.8033058431305515,False
GO_BP,PHOL,GO:0009299,mRNA transcription,5,1.2921430893356451,2.2013439751601758,-0.16357529236120216,0.27325874793615834,0.37666233376662334,0.7997537654547503,False
GO_BP,PHOL,GO:0009308,amine metabolic process,12,-0.4431022299021365,0.33343090195245967,-0.9525209684552441,-0.13355719665074423,0.5282471752824718,0.7997537654547503,False
GO_BP,PHOL,GO:0009311,oligosaccharide metabolic process,5,-0.7916305539596434,0.24781253764443353,-0.8403978630503699,-0.49533789125667527,0.6607339266073393,0.8031778640317787,False
GO_BP,PHOL,GO:0009314,response to radiation,24,-0.8273663715000876,-0.7810208919477822,-0.7721027643440781,-0.050804543354157516,0.47265273472652736,0.7997537654547503,False
GO_BP,PHOL,GO:0009404,toxin metabolic process,7,0.19037599552111104,0.6794555248509604,0.5271155262286091,-0.4129095300186737,0.6318368163183682,0.7997700096049865,False
GO_BP,PHOL,GO:0009408,response to heat,9,-0.23550377118771687,1.596446629988975,-0.2913406472454007,-0.8880567625595039,0.7669233076692331,0.8410037500922803,False
GO_BP,PHOL,GO:0009410,response to xenobiotic stimulus,61,1.8998397394918618,1.5101701473944658,0.9354428603537445,0.6770332356177566,0.27387261273872615,0.7997537654547503,False
GO_BP,PHOL,GO:0009411,response to UV,15,-1.164503571527518,-1.175997001117572,-1.2414808245115672,0.04423534128705153,0.43445655434456554,0.7997537654547503,False
GO_BP,PHOL,GO:0009416,response to light stimulus,20,-0.989523300438158,-1.0433757162885737,-1.3021977789705312,0.18326344719139442,0.38846115388461155,0.7997537654547503,False
GO_BP,PHOL,GO:0009581,detection of external stimulus,7,-0.40640314234938046,0.3821720500631672,-0.7673029637079711,-0.2138376855269785,0.5754424557544245,0.7997537654547503,False
GO_BP,PHOL,GO:0009582,detection of abiotic stimulus,7,-0.40640314234938046,0.3821720500631672,-0.7673029637079711,-0.2138376855269785,0.5754424557544245,0.7997537654547503,False
GO_BP,PHOL,GO:0009605,response to external stimulus,86,-1.0219948186328047,-0.2995258764321975,-1.2701664386963425,-0.23714866106853472,0.5495450454954505,0.7997537654547503,False
GO_BP,PHOL,GO:0009607,response to biotic stimulus,56,-0.46467768614223964,-0.2378650840941094,-0.881028916871295,0.0947693143404626,0.4423557644235576,0.7997537654547503,False
GO_BP,PHOL,GO:0009611,response to wounding,31,-1.7608937158276734,-1.1244120383633807,-1.6781392347517663,-0.35961807927010003,0.6037396260373963,0.7997537654547503,False
GO_BP,PHOL,GO:0009612,response to mechanical stimulus,16,-0.310918291120329,-0.7387528894735889,0.5907860614482672,-0.23693487710766814,0.5543445655434457,0.7997537654547503,False
GO_BP,PHOL,GO:0009615,response to virus,20,-0.39717453885433207,-0.14390646092906775,-1.150205544988593,0.2498814641044983,0.37306269373062695,0.7997537654547503,False
GO_BP,PHOL,GO:0009617,response to bacterium,35,0.27305568821576115,0.476285419012887,0.15409495514800028,-0.04213449886468251,0.4854514548545146,0.7997537654547503,False
GO_BP,PHOL,GO:0009628,response to abiotic stimulus,67,-0.8197220248554862,-0.7013258005052467,0.03329532429905251,-0.48570678675238904,0.6311368863113689,0.7997700096049865,False
GO_BP,PHOL,GO:0009636,response to toxic substance,23,-0.4286791932804414,-0.8826474491731355,0.00669598197738471,0.009296540317433988,0.44575542445755423,0.7997537654547503,False
GO_BP,PHOL,GO:0009653,anatomical structure morphogenesis,46,-1.5987710046986305,-1.494249908038153,-1.6587820847377786,-0.022255008310664737,0.48685131486851313,0.7997537654547503,False
GO_BP,PHOL,GO:0009712,catechol-containing compound metabolic process,9,-0.4922733867502883,0.501196594165196,-1.0136754811103776,-0.2360339432776975,0.5592440755924407,0.7997537654547503,False
GO_BP,PHOL,GO:0009719,response to endogenous stimulus,95,1.8693023929451946,1.2983661421640829,1.1784372489009045,0.6309006974127009,0.2836716328367163,0.7997537654547503,False
GO_BP,PHOL,GO:0009725,response to hormone,78,1.4056227627562008,0.8068680954914706,0.7105663479602943,0.6469055410303184,0.2772722727727227,0.7997537654547503,False
GO_BP,PHOL,GO:0009743,response to carbohydrate,9,-0.27978193551460956,-0.12687106578446053,-0.4840811729630967,0.02569418385916905,0.46615338466153383,0.7997537654547503,False
GO_BP,PHOL,GO:0009746,response to hexose,7,-0.12197273181414518,0.05788129452360964,-0.3636614692189191,0.030917355533509563,0.46235376462353767,0.7997537654547503,False
GO_BP,PHOL,GO:0009749,response to glucose,5,-0.5303256796888354,-0.33373715250857877,-0.5126136483702852,-0.10715027924940335,0.5073492650734927,0.7997537654547503,False
GO_BP,PHOL,GO:0009755,hormone-mediated signaling pathway,20,0.8699810346471893,1.1687249099262262,-0.9749693286653915,0.773103244016772,0.2606739326067393,0.7997537654547503,False
GO_BP,PHOL,GO:0009790,embryo development,16,0.14780217171720592,0.27550433630658255,-1.0718718858597347,0.545985946493782,0.31686831316868314,0.7997537654547503,False
GO_BP,PHOL,GO:0009820,alkaloid metabolic process,7,0.05316689280111289,0.4807689964541089,0.40927280689740597,-0.3918540088746446,0.6233376662333766,0.7997537654547503,False
GO_BP,PHOL,GO:0009822,alkaloid catabolic process,5,0.4509150733340501,0.734531289760913,0.6275088236327708,-0.23010498336279173,0.5766423357664233,0.7997537654547503,False
GO_BP,PHOL,GO:0009887,animal organ morphogenesis,18,-2.0094575150168077,-1.736421361506428,-1.9032662249465981,-0.18961372179029468,0.5495450454954505,0.7997537654547503,False
GO_BP,PHOL,GO:0009888,tissue development,47,-2.135933144637062,-1.9225982865137823,-2.557182136765385,0.10395706700252161,0.4360563943605639,0.7997537654547503,False
GO_BP,PHOL,GO:0009889,regulation of biosynthetic process,153,0.4775054656583499,0.3449381498693701,0.36179049710348027,0.12414114217192468,0.43915608439156084,0.7997537654547503,False
GO_BP,PHOL,GO:0009890,negative regulation of biosynthetic process,81,1.7730370614879294,1.2740382571040871,1.2171396915979256,0.5274480871369231,0.3394660533946605,0.7997537654547503,False
GO_BP,PHOL,GO:0009891,positive regulation of biosynthetic process,109,0.2800418733219275,0.016827520337553387,-0.802265770108617,0.6727609982074593,0.27287271272872715,0.7997537654547503,False
GO_BP,PHOL,GO:0009892,negative regulation of metabolic process,107,2.3404296310257107,2.0706671241754293,1.4439369684080494,0.5831275847339712,0.3000699930006999,0.7997537654547503,False
GO_BP,PHOL,GO:0009893,positive regulation of metabolic process,137,-0.0827081506937357,-0.01224654195827042,-0.8786954276126488,0.36276283409172394,0.35796420357964204,0.7997537654547503,False
GO_BP,PHOL,GO:0009894,regulation of catabolic process,54,-1.1261922482637845,-0.7162606291262789,-0.4720433175008561,-0.532040274950217,0.6668333166683331,0.8033058431305515,False
GO_BP,PHOL,GO:0009895,negative regulation of catabolic process,25,-1.647584164029751,-1.1533400040521258,-1.6393075163813144,-0.25126040381303105,0.573042695730427,0.7997537654547503,False
GO_BP,PHOL,GO:0009896,positive regulation of catabolic process,28,-1.4993129726614656,-0.7709760909986777,-1.3771745109581308,-0.42523767168306126,0.6348365163483651,0.7997700096049865,False
GO_BP,PHOL,GO:0009966,regulation of signal transduction,150,-0.9997714935243651,-0.48960665500768163,-0.91135607772678,-0.2992901271571343,0.5763423657634237,0.7997537654547503,False
GO_BP,PHOL,GO:0009967,positive regulation of signal transduction,111,-1.6869178757852479,-1.2522766287948204,-1.7195165138657738,-0.2010213044549507,0.5466453354664533,0.7997537654547503,False
GO_BP,PHOL,GO:0009968,negative regulation of signal transduction,66,0.44046772560900277,0.3643035518721483,0.4758284107470194,0.020401744299418934,0.47835216478352166,0.7997537654547503,False
GO_BP,PHOL,GO:0010001,glial cell differentiation,12,-0.41450369503698936,-0.007458636600641834,0.16612348575670488,-0.4938361196150209,0.6513348665133487,0.8020133445239224,False
GO_BP,PHOL,GO:0010038,response to metal ion,20,-0.045913742149687055,-0.025740934550435364,-0.30236134047725294,0.1181373953641571,0.41905809419058093,0.7997537654547503,False
GO_BP,PHOL,GO:0010039,response to iron ion,5,-0.689853762011299,-0.9727008224417494,-0.8679392092751087,0.23046625384713004,0.39366063393660633,0.7997537654547503,False
GO_BP,PHOL,GO:0010212,response to ionizing radiation,6,0.7068121060304137,0.9311808784401735,0.9992826575129244,-0.2584196619461353,0.5692430756924307,0.7997537654547503,False
GO_BP,PHOL,GO:0010232,vascular transport,11,-0.27338469939964904,0.308027296641117,-0.9717464827067006,0.05847489363314273,0.47135286471352866,0.7997537654547503,False
GO_BP,PHOL,GO:0010256,endomembrane system organization,8,-0.6771384458646407,-0.04188150785605692,-0.9075398500914058,-0.2024277668909093,0.5573442655734426,0.7997537654547503,False
GO_BP,PHOL,GO:0010332,response to gamma radiation,5,0.7738659148631314,0.682226904057624,1.2544356906168912,-0.19446538247412615,0.5472452754724527,0.7997537654547503,False
GO_BP,PHOL,GO:0010389,regulation of G2/M transition of mitotic cell cycle,6,-0.18845876135019052,-0.8649682055964245,0.4246257197036085,0.03171248159621748,0.4687531246875312,0.7997537654547503,False
GO_BP,PHOL,GO:0010467,gene expression,38,0.11984003839723176,0.14786838200281416,-0.7675528677415314,0.42968228126659036,0.32116788321167883,0.7997537654547503,False
GO_BP,PHOL,GO:0010468,regulation of gene expression,135,0.20864106288440196,0.24560837824166304,0.1053926529647935,0.03314054728117369,0.4647535246475352,0.7997537654547503,False
GO_BP,PHOL,GO:0010498,proteasomal protein catabolic process,6,0.9613334183537265,2.7862048096761804,0.07872856633340863,-0.47113326965106794,0.6455354464553544,0.8020133445239224,False
GO_BP,PHOL,GO:0010506,regulation of autophagy,21,-1.3688839031362972,-0.8134318871703359,-1.6056281547478448,-0.1593538821772067,0.5405459454054594,0.7997537654547503,False
GO_BP,PHOL,GO:0010507,negative regulation of autophagy,11,-1.824164238172394,-1.5365721306506201,-2.010241275113083,-0.05075753529054228,0.5032496750324967,0.7997537654547503,False
GO_BP,PHOL,GO:0010508,positive regulation of autophagy,9,-0.6726653413234243,-0.31810087088390365,-1.0893866184966765,0.031078403366865848,0.47755224477552244,0.7997537654547503,False
GO_BP,PHOL,GO:0010543,regulation of platelet activation,7,-0.7741720131434641,-1.032273947399814,-0.6713832144427146,0.07765656777780017,0.44795520447955206,0.7997537654547503,False
GO_BP,PHOL,GO:0010556,regulation of macromolecule biosynthetic process,141,0.4175979030463051,0.27101185376601666,0.2724000156505539,0.14589196833801982,0.4283571642835716,0.7997537654547503,False
GO_BP,PHOL,GO:0010557,positive regulation of macromolecule biosynthetic process,99,0.2008310112723726,-0.15233876843418356,-1.002516363681535,0.7782585773302318,0.24487551244875513,0.7997537654547503,False
GO_BP,PHOL,GO:0010558,negative regulation of macromolecule biosynthetic process,77,1.9830188920405996,1.4727643358649383,1.2320287690313176,0.6306223395924717,0.30646935306469353,0.7997537654547503,False
GO_BP,PHOL,GO:0010562,positive regulation of phosphorus metabolic process,14,-0.696136736709509,-0.9188191488972272,-1.0031250038084336,0.2648353396433214,0.40815918408159185,0.7997537654547503,False
GO_BP,PHOL,GO:0010564,regulation of cell cycle process,27,-1.2352266817577073,-1.8283334845442951,-0.34891437398382436,-0.14660275249364751,0.5400459954004599,0.7997537654547503,False
GO_BP,PHOL,GO:0010565,regulation of ketone metabolic process,14,2.8555049006314204,2.0789519673462165,1.287108405995258,1.1724747139606833,0.13888611138886112,0.7997537654547503,False
GO_BP,PHOL,GO:0010574,regulation of vascular endothelial growth factor production,6,-0.6194311980556136,-1.168201227615612,-1.0454363582224373,0.4873875948634111,0.264973502649735,0.7997537654547503,False
GO_BP,PHOL,GO:0010575,positive regulation of vascular endothelial growth factor production,6,-0.6194311980556136,-1.168201227615612,-1.0454363582224373,0.4873875948634111,0.264973502649735,0.7997537654547503,False
GO_BP,PHOL,GO:0010594,regulation of endothelial cell migration,15,-1.8992549266822778,-1.6809213359181219,-1.496901467605204,-0.3103435249206148,0.5902409759024098,0.7997537654547503,False
GO_BP,PHOL,GO:0010595,positive regulation of endothelial cell migration,13,-1.895241213420541,-1.705443375006874,-1.3759504755788452,-0.35454428812768124,0.6037396260373963,0.7997537654547503,False
GO_BP,PHOL,GO:0010604,positive regulation of macromolecule metabolic process,118,0.0895965003576947,0.10547665983152177,-0.7251818470150978,0.3994490939494827,0.3464653534646535,0.7997537654547503,False
GO_BP,PHOL,GO:0010605,negative regulation of macromolecule metabolic process,90,1.8442048373753264,1.5509267883094011,1.4211602732475506,0.3581613065968505,0.3838616138386161,0.7997537654547503,False
GO_BP,PHOL,GO:0010608,post-transcriptional regulation of gene expression,12,-0.7473591397433598,-0.9889623236247694,-0.7139571799441691,0.10410061204110954,0.44885511448855114,0.7997537654547503,False
GO_BP,PHOL,GO:0010611,regulation of cardiac muscle hypertrophy,7,-0.015122450397476776,0.1945588865730209,-0.4879724066193478,0.13158430962568668,0.420957904209579,0.7997537654547503,False
GO_BP,PHOL,GO:0010628,positive regulation of gene expression,61,-0.14147492244933682,-0.32637664285799495,-1.0674645231306945,0.555445660545008,0.3007699230076992,0.7997537654547503,False
GO_BP,PHOL,GO:0010629,negative regulation of gene expression,49,1.5775189630604223,0.6911782795959039,1.7586230802164884,0.35261828315422616,0.3842615738426157,0.7997537654547503,False
GO_BP,PHOL,GO:0010632,regulation of epithelial cell migration,7,-1.34844438339373,-1.3455464950915734,-1.1144212354015532,-0.11846051814716674,0.5108489151084892,0.7997537654547503,False
GO_BP,PHOL,GO:0010634,positive regulation of epithelial cell migration,7,-1.34844438339373,-1.3455464950915734,-1.1144212354015532,-0.11846051814716674,0.5108489151084892,0.7997537654547503,False
GO_BP,PHOL,GO:0010638,positive regulation of organelle organization,26,-0.5545115664855848,0.3019009710451234,-0.12513611462173896,-0.6428939946972769,0.6972302769723028,0.80794593146476,False
GO_BP,PHOL,GO:0010639,negative regulation of organelle organization,16,-0.7842038543060361,-0.7425100637186499,-0.5570849852286784,-0.13440632983237188,0.5327467253274673,0.7997537654547503,False
GO_BP,PHOL,GO:0010646,regulation of cell communication,183,-0.8887627864734865,-0.3586260202439541,-1.3043957451150692,-0.05725190379397482,0.5029497050294971,0.7997537654547503,False
GO_BP,PHOL,GO:0010647,positive regulation of cell communication,120,-1.4891302328254943,-1.1114216312298517,-1.8366730156554412,-0.015082909382847731,0.48075192480751927,0.7997537654547503,False
GO_BP,PHOL,GO:0010648,negative regulation of cell communication,80,-0.15607726312485298,-0.10577914246909505,-0.010704251717508379,-0.09783556603155127,0.5173482651734826,0.7997537654547503,False
GO_BP,PHOL,GO:0010656,negative regulation of muscle cell apoptotic process,9,-0.7953089343314427,-1.2152047448837613,-0.8917460213550649,0.25816644878797035,0.39236076392360764,0.7997537654547503,False
GO_BP,PHOL,GO:0010660,regulation of muscle cell apoptotic process,12,-0.27823275328257424,-0.520490703713023,-0.0655807851764858,0.014802991162180146,0.4754524547545245,0.7997537654547503,False
GO_BP,PHOL,GO:0010662,regulation of striated muscle cell apoptotic process,7,0.38287817303527555,0.08347377817027885,0.7198738491892605,-0.01879564064449407,0.49105089491050896,0.7997537654547503,False
GO_BP,PHOL,GO:0010664,negative regulation of striated muscle cell apoptotic process,5,-0.4983801079490611,-1.2560515307417197,-0.8119622069430875,0.5356267608933425,0.31086891310868914,0.7997537654547503,False
GO_BP,PHOL,GO:0010665,regulation of cardiac muscle cell apoptotic process,6,0.3484480103389932,0.09247936616427153,0.46791944794420937,0.06824860328475274,0.46205379462053797,0.7997537654547503,False
GO_BP,PHOL,GO:0010720,positive regulation of cell development,15,-0.9015185680233646,-0.30713884070415287,-0.4238055634025863,-0.536046365969995,0.6638336166383362,0.8033058431305515,False
GO_BP,PHOL,GO:0010721,negative regulation of cell development,7,0.08414980385409973,0.17011031725631848,0.177334271816171,-0.08957249068214501,0.5029497050294971,0.7997537654547503,False
GO_BP,PHOL,GO:0010743,regulation of macrophage derived foam cell differentiation,6,-0.5624495076603487,0.16089252135210194,-1.1968497096508626,-0.044470913510968435,0.49335066493350666,0.7997537654547503,False
GO_BP,PHOL,GO:0010803,regulation of tumor necrosis factor-mediated signaling pathway,7,0.5434531430207853,-0.6722797406614118,1.3712852011181818,0.19395041279240033,0.41585841415858416,0.7997537654547503,False
GO_BP,PHOL,GO:0010810,regulation of cell-substrate adhesion,17,-0.8135146168881531,-0.289716395923905,-0.21623424129810268,-0.5605392982771492,0.6713328667133287,0.8033058431305515,False
GO_BP,PHOL,GO:0010811,positive regulation of cell-substrate adhesion,9,-0.36699582032506006,0.33167450653627745,-0.37153504271751797,-0.3470655522344398,0.6061393860613938,0.7997537654547503,False
GO_BP,PHOL,GO:0010812,negative regulation of cell-substrate adhesion,5,-1.147870478781663,-0.9042912509135197,-0.3273905309188978,-0.5320295878654542,0.6627337266273373,0.8033058431305515,False
GO_BP,PHOL,GO:0010817,regulation of hormone levels,50,1.2115645420309267,0.8199272730744738,1.3554541883215776,0.12387381133290098,0.45055494450554945,0.7997537654547503,False
GO_BP,PHOL,GO:0010821,regulation of mitochondrion organization,10,-0.8042644033202223,-0.0016903453179226901,-0.37015729354693516,-0.6183405838877933,0.6896310368963103,0.8055371886185417,False
GO_BP,PHOL,GO:0010876,lipid localization,24,1.858435155534706,1.997573183048078,0.312244252607849,0.7035264377067425,0.281971802819718,0.7997537654547503,False
GO_BP,PHOL,GO:0010883,regulation of lipid storage,5,0.3770881324932348,0.2004350204154552,0.5419488178098666,0.005896213380573889,0.47155284471552844,0.7997537654547503,False
GO_BP,PHOL,GO:0010906,regulation of glucose metabolic process,5,-0.18007974866886428,-0.24538366084442262,0.3013087758806603,-0.2080423061869831,0.5511448855114488,0.7997537654547503,False
GO_BP,PHOL,GO:0010948,negative regulation of cell cycle process,6,-0.6334893395371245,-1.2430067237201885,-0.5302514193605221,0.2531397320032308,0.39666033396660333,0.7997537654547503,False
GO_BP,PHOL,GO:0010959,regulation of metal ion transport,23,-0.1732145547398393,-0.08244484641611562,-1.0758913237810364,0.4059535303587367,0.35766423357664234,0.7997537654547503,False
GO_BP,PHOL,GO:0010970,transport along microtubule,5,0.10370732566830297,0.11902922033592644,0.33841868442227807,-0.12501662671079927,0.516048395160484,0.7997537654547503,False
GO_BP,PHOL,GO:0010975,regulation of neuron projection development,17,-0.7652350317842098,0.21344622964876536,-0.1646889470149753,-0.7896136731011049,0.7362263773622638,0.8272002173432764,False
GO_BP,PHOL,GO:0010976,positive regulation of neuron projection development,5,-0.7813765326839608,-0.8307998651103503,-0.7397750159281912,0.003910907835309896,0.47005299470052997,0.7997537654547503,False
GO_BP,PHOL,GO:0010977,negative regulation of neuron projection development,6,-0.48289520762634486,-0.1322621557351465,0.0762670364367112,-0.45489764797712723,0.6351364863513649,0.7997700096049865,False
GO_BP,PHOL,GO:0012501,programmed cell death,38,-0.901204118727717,-1.3898980636920442,-0.40689454036606976,-0.0028078166986600372,0.47565243475652436,0.7997537654547503,False
GO_BP,PHOL,GO:0014059,regulation of dopamine secretion,6,-1.2953143640693892,-0.6294240305582999,-1.5361086103229702,-0.21254804362875412,0.5427457254274572,0.7997537654547503,False
GO_BP,PHOL,GO:0014061,regulation of norepinephrine secretion,5,-1.0791209374227178,-0.6590053106321857,-0.6709955176756248,-0.41412052326881255,0.6399360063993601,0.8009199080091991,False
GO_BP,PHOL,GO:0014072,response to isoquinoline alkaloid,7,-1.2249341344474571,-0.6726040829121857,-1.277741547920764,-0.2497613190309822,0.5566443355664433,0.7997537654547503,False
GO_BP,PHOL,GO:0014074,response to purine-containing compound,11,-0.3552255455189965,0.10822107052281382,0.33915555249674406,-0.5789138570287754,0.7023297670232976,0.8095290914040059,False
GO_BP,PHOL,GO:0014075,response to amine,8,-0.9164331688977276,0.1693016039163725,-1.280962495493943,-0.36060272310894237,0.5917408259174083,0.7997537654547503,False
GO_BP,PHOL,GO:0014743,regulation of muscle hypertrophy,7,-0.015122450397476776,0.1945588865730209,-0.4879724066193478,0.13158430962568668,0.420957904209579,0.7997537654547503,False
GO_BP,PHOL,GO:0014910,regulation of smooth muscle cell migration,6,0.11178873697117798,0.2088021093819625,1.0927603524257414,-0.538992493932674,0.6625337466253375,0.8033058431305515,False
GO_BP,PHOL,GO:0015031,protein transport,10,-1.0565748857007287,-1.1850358641707255,-1.598643992741496,0.33526504275538205,0.37716228377162286,0.7997537654547503,False
GO_BP,PHOL,GO:0015698,inorganic anion transport,7,1.9930607070989572,2.111744291913126,0.3728335148203875,0.7507718037322004,0.2181781821817818,0.7997537654547503,False
GO_BP,PHOL,GO:0015718,monocarboxylic acid transport,20,1.7278071131018387,1.9863331340235142,0.13873757228382003,0.6652717599481714,0.2943705629437056,0.7997537654547503,False
GO_BP,PHOL,GO:0015721,bile acid and bile salt transport,6,2.038899097602412,2.2319760751776507,1.1348123609022276,0.3555048795624729,0.3722627737226277,0.7997537654547503,False
GO_BP,PHOL,GO:0015849,organic acid transport,26,1.112993052790647,1.1983479061222793,-0.15735123028123052,0.5924947148701227,0.30556944305569445,0.7997537654547503,False
GO_BP,PHOL,GO:0015850,organic hydroxy compound transport,15,1.5194603956704031,1.2486784961148003,0.29573047275006603,0.74725591123797,0.26407359264073593,0.7997537654547503,False
GO_BP,PHOL,GO:0015908,fatty acid transport,14,0.6972196358661206,1.14832717259463,-0.6335200680697498,0.43981608360368046,0.34926507349265073,0.7997537654547503,False
GO_BP,PHOL,GO:0015909,long-chain fatty acid transport,9,-0.10411618076047563,0.42936077395787525,-1.3755201535686972,0.3689635090449353,0.36326367363263673,0.7997537654547503,False
GO_BP,PHOL,GO:0015931,nucleobase-containing compound transport,5,-1.0035969138961807,-0.41181946514084167,-0.6351820622927866,-0.4800961501793666,0.6534346565343465,0.8020133445239224,False
GO_BP,PHOL,GO:0015980,energy derivation by oxidation of organic compounds,7,0.6595861114547377,1.0365266689790014,0.47930033394061256,-0.09832739000506929,0.5070492950704929,0.7997537654547503,False
GO_BP,PHOL,GO:0016032,viral process,12,-1.0737684733947908,-0.2624524286810415,-1.6602036236065256,-0.11244044725100721,0.5037496250374962,0.7997537654547503,False
GO_BP,PHOL,GO:0016042,lipid catabolic process,21,0.3624276816144135,0.5376832813733807,0.7005460879896437,-0.2566870030670987,0.547045295470453,0.7997537654547503,False
GO_BP,PHOL,GO:0016043,cellular component organization,119,-0.23879225638500723,-0.18858450730030854,-0.27121526515491723,-0.008892370157394358,0.48195180481951805,0.7997537654547503,False
GO_BP,PHOL,GO:0016052,carbohydrate catabolic process,6,0.4805971955140992,0.8192177313912267,-0.26295338452872197,0.20246502208284683,0.41435856414358563,0.7997537654547503,False
GO_BP,PHOL,GO:0016070,RNA metabolic process,23,1.2910955380929308,1.0179434441952546,0.5801378059612832,0.49205491301466187,0.34226577342265774,0.7997537654547503,False
GO_BP,PHOL,GO:0016071,mRNA metabolic process,8,0.8368043834799949,1.8759933030089322,-0.017023708338315416,-0.09268041385531356,0.5038496150384961,0.7997537654547503,False
GO_BP,PHOL,GO:0016098,monoterpenoid metabolic process,6,0.20334317623379064,0.6632153684308797,0.6758656264285109,-0.4661973211959046,0.6468353164683531,0.8020133445239224,False
GO_BP,PHOL,GO:0016101,diterpenoid metabolic process,16,1.695283218654465,1.4567980940744343,2.030625619340506,-0.04842863805300501,0.47215278472152783,0.7997537654547503,False
GO_BP,PHOL,GO:0016125,sterol metabolic process,15,2.4632103415949214,2.7453021234484747,2.142044059722313,0.01953725000952744,0.43615638436156384,0.7997537654547503,False
GO_BP,PHOL,GO:0016137,glycoside metabolic process,7,0.026925782532251093,-0.6086604380268353,1.3494940764067838,-0.3434910366577231,0.6204379562043796,0.7997537654547503,False
GO_BP,PHOL,GO:0016192,vesicle-mediated transport,19,-0.5018934050000552,-0.0709740498919042,-1.2788830782253853,0.17303515905858957,0.40995900409959,0.7997537654547503,False
GO_BP,PHOL,GO:0016236,macroautophagy,5,-0.6776988556783503,-0.08976420973495507,-0.9890972755889854,-0.1382681130163801,0.5175482451754825,0.7997537654547503,False
GO_BP,PHOL,GO:0016239,positive regulation of macroautophagy,5,-0.5867982842645926,-0.9527798016095325,-1.0190795274383235,0.39913138025933537,0.36426357364263573,0.7997537654547503,False
GO_BP,PHOL,GO:0016241,regulation of macroautophagy,9,-1.3093749540201385,-1.2269092966938853,-1.1256120050983998,-0.13311430312399608,0.5207479252074793,0.7997537654547503,False
GO_BP,PHOL,GO:0016310,phosphorylation,43,-2.152207589366016,-1.836918957914646,-0.8567044813695397,-0.8053958697239234,0.7419258074192581,0.8288882260019403,False
GO_BP,PHOL,GO:0016311,dephosphorylation,9,1.6163850512540756,0.40630889036505974,3.871108438003641,-0.5223236129302748,0.6918308169183082,0.8058158843150031,False
GO_BP,PHOL,GO:0016477,cell migration,42,-1.4794534007793751,-1.5092075199875585,-1.9996253868208054,0.2749630526248068,0.37366263373662634,0.7997537654547503,False
GO_BP,PHOL,GO:0016485,protein processing,10,-0.37217259827271254,-0.21768764410205058,-0.6264114529844526,0.04987695027053901,0.416958304169583,0.7997537654547503,False
GO_BP,PHOL,GO:0016525,negative regulation of angiogenesis,7,0.419947617639776,-0.08025740638288718,0.9296291611723347,-0.004738259754947793,0.45755424457554245,0.7997537654547503,False
GO_BP,PHOL,GO:0016567,protein ubiquitination,10,1.676587069041676,2.5276122473468283,0.024105699711524108,0.40072809551249966,0.3608639136086391,0.7997537654547503,False
GO_BP,PHOL,GO:0017015,regulation of transforming growth factor beta receptor signaling pathway,8,-0.8543018627444562,-0.23673327345465744,-1.6039932498680622,0.06606139891690366,0.45095490450954906,0.7997537654547503,False
GO_BP,PHOL,GO:0017157,regulation of exocytosis,5,-0.5849004375050588,-0.8360886705210432,-0.6927141315716566,0.17950096354129108,0.40255974402559747,0.7997537654547503,False
GO_BP,PHOL,GO:0018105,peptidyl-serine phosphorylation,7,-1.0218095591874183,-0.19543281585307926,-1.2068378721208812,-0.32067421520043804,0.5883411658834117,0.7997537654547503,False
GO_BP,PHOL,GO:0018108,peptidyl-tyrosine phosphorylation,14,-1.1539106501136716,-1.6362933271833222,0.0036244636290150094,-0.33757621833651796,0.591040895910409,0.7997537654547503,False
GO_BP,PHOL,GO:0018205,peptidyl-lysine modification,9,2.808809069070785,1.9133850846382734,3.1403631892181494,0.2819349321425739,0.35326467353264673,0.7997537654547503,False
GO_BP,PHOL,GO:0018958,phenol-containing compound metabolic process,12,-0.523658350941271,0.036924886256040464,-0.9727887104037988,-0.05572643886739187,0.4801519848015198,0.7997537654547503,False
GO_BP,PHOL,GO:0019058,viral life cycle,9,-1.0441818937426672,-0.6207618443670422,-1.6513698424071777,0.09188394964444258,0.41475852414758524,0.7997537654547503,False
GO_BP,PHOL,GO:0019098,reproductive behavior,6,0.7553320366834015,0.20271763974021015,-0.25813596754065826,0.7830412005836256,0.23537646235376464,0.7997537654547503,False
GO_BP,PHOL,GO:0019216,regulation of lipid metabolic process,30,1.7331116185788626,1.5081997423417017,0.5094567141180105,0.7242833903490065,0.24177582241775822,0.7997537654547503,False
GO_BP,PHOL,GO:0019217,regulation of fatty acid metabolic process,11,2.731299902762503,2.150314266557978,0.7563881077458138,1.2779487156106069,0.11608839116088392,0.7997537654547503,False
GO_BP,PHOL,GO:0019218,regulation of steroid metabolic process,9,2.4987614879184727,2.1292010135831685,2.3333813826362775,0.26747028980874976,0.34096590340965904,0.7997537654547503,False
GO_BP,PHOL,GO:0019219,regulation of nucleobase-containing compound metabolic process,97,0.9149649849711842,1.5198261708404572,-0.3397557814109274,0.3249297902564192,0.40175982401759824,0.7997537654547503,False
GO_BP,PHOL,GO:0019221,cytokine-mediated signaling pathway,21,-0.20431102192366413,-0.9348886569415013,-0.3915166734407487,0.4588916432674608,0.3508649135086491,0.7997537654547503,False
GO_BP,PHOL,GO:0019222,regulation of metabolic process,184,1.4765656449159372,1.4739615841496028,0.7136124197038265,0.3827786429892226,0.37416258374162586,0.7997537654547503,False
GO_BP,PHOL,GO:0019229,regulation of vasoconstriction,18,-1.6931513491498373,-1.2519422960364233,-1.4461079797334597,-0.34412621126489595,0.5932406759324068,0.7997537654547503,False
GO_BP,PHOL,GO:0019233,sensory perception of pain,8,-0.24666092014808408,0.5158231071519251,-0.6770136957603241,-0.1660656258438846,0.5507449255074492,0.7997537654547503,False
GO_BP,PHOL,GO:0019318,hexose metabolic process,6,0.7565351348773844,0.6758059921352295,1.124729564405751,-0.14373264339310576,0.5424457554244576,0.7997537654547503,False
GO_BP,PHOL,GO:0019369,arachidonate metabolic process,20,-0.8490789935952716,-0.9352019267217663,-0.24352393155165958,-0.25971606445855866,0.549045095490451,0.7997537654547503,False
GO_BP,PHOL,GO:0019373,epoxygenase P450 pathway,11,-0.9673904575933155,-0.9834504739937167,-0.6113331415219522,-0.16999864983548119,0.521947805219478,0.7997537654547503,False
GO_BP,PHOL,GO:0019433,triglyceride catabolic process,5,1.2728609152971722,0.9277449740451207,0.5002795678475088,0.5588486443508573,0.32056794320567944,0.7997537654547503,False
GO_BP,PHOL,GO:0019538,protein metabolic process,102,-0.9535188801174596,-1.079981069235849,0.8351843507589967,-0.8311205208790334,0.7491250874912508,0.8313742967652487,False
GO_BP,PHOL,GO:0019637,organophosphate metabolic process,25,-0.3061613848653904,0.11991092932645805,-0.45780761254304697,-0.13721304325709593,0.5091490850914908,0.7997537654547503,False
GO_BP,PHOL,GO:0019693,ribose phosphate metabolic process,12,-0.26061982906042297,-0.3983120126834892,-0.24812085598561345,0.06259660527412836,0.4286571342865713,0.7997537654547503,False
GO_BP,PHOL,GO:0019722,calcium-mediated signaling,12,0.28643260163330786,1.4609271722647452,-1.1694791012822034,0.14070856614203697,0.43255674432556745,0.7997537654547503,False
GO_BP,PHOL,GO:0019725,cellular homeostasis,33,1.5730084146232022,0.3476233213750734,2.3049444285285965,0.24672453967136732,0.40945905409459055,0.7997537654547503,False
GO_BP,PHOL,GO:0019748,secondary metabolic process,15,-0.40152750807004084,-0.49976170724879676,0.8626542172194689,-0.5829737630553768,0.6558344165583442,0.8020133445239224,False
GO_BP,PHOL,GO:0019752,carboxylic acid metabolic process,52,1.2809828441637139,0.9082585245914673,1.2937228123201288,0.17999217570791592,0.4400559944005599,0.7997537654547503,False
GO_BP,PHOL,GO:0019941,modification-dependent protein catabolic process,5,1.0199302886014145,2.8192070911232805,0.047619893082024405,-0.4134832035012379,0.6219378062193781,0.7997537654547503,False
GO_BP,PHOL,GO:0019953,sexual reproduction,7,0.5670334771804164,0.6401814924788304,-0.030878889876023424,0.2623821758790129,0.397960203979602,0.7997537654547503,False
GO_BP,PHOL,GO:0021537,telencephalon development,8,-0.10121846274698752,0.26931626810313525,-1.1543149560107389,0.34128088120681427,0.31056894310568944,0.7997537654547503,False
GO_BP,PHOL,GO:0021543,pallium development,5,-0.44268260971777795,-0.08385866000530467,-0.9529362904058403,0.07571486548779449,0.41995800419958,0.7997537654547503,False
GO_BP,PHOL,GO:0021700,developmental maturation,6,-0.07458474330193893,0.26563292481691436,-0.7612639777229743,0.17323078315109103,0.40705929407059294,0.7997537654547503,False
GO_BP,PHOL,GO:0021782,glial cell development,10,-0.2886082813467008,0.1245407624544974,0.4475553678218274,-0.5746563464848632,0.6868313168683132,0.805352973342786,False
GO_BP,PHOL,GO:0021953,central nervous system neuron differentiation,7,1.9358632039904133,2.0710448050190364,1.3959273109347166,0.20237714601353685,0.40275972402759724,0.7997537654547503,False
GO_BP,PHOL,GO:0021954,central nervous system neuron development,5,2.022124565126625,1.982653537507618,1.4528407628418976,0.3043774149518672,0.36826317368263173,0.7997537654547503,False
GO_BP,PHOL,GO:0022008,neurogenesis,37,-0.8372229785961445,-0.4585642007161952,-0.5318730318261607,-0.3420043623249665,0.5895410458954105,0.7997537654547503,False
GO_BP,PHOL,GO:0022402,cell cycle process,25,-0.31323208327454466,-0.6780198669907043,0.16442093279641892,-0.05643261617740197,0.4884511548845116,0.7997537654547503,False
GO_BP,PHOL,GO:0022407,regulation of cell-cell adhesion,26,-0.7935700530640655,-1.328155047589282,-0.06505235055776516,-0.09696635399054188,0.49295070492950704,0.7997537654547503,False
GO_BP,PHOL,GO:0022408,negative regulation of cell-cell adhesion,13,-0.5641561590840551,-0.6587138982046573,0.43370885734113845,-0.4516536386522957,0.630936906309369,0.7997700096049865,False
GO_BP,PHOL,GO:0022409,positive regulation of cell-cell adhesion,16,-0.5582901991351846,-1.0864400542487347,0.03419302856462319,-0.03216668629312891,0.47015298470152983,0.7997537654547503,False
GO_BP,PHOL,GO:0022411,cellular component disassembly,18,-1.480416708679418,-1.5551878767234855,-1.3145071133712116,-0.04556921363206956,0.47285271472852713,0.7997537654547503,False
GO_BP,PHOL,GO:0022414,reproductive process,35,0.07742765043810641,-0.526225958853036,0.03453457419177657,0.32327334276873615,0.3708629137086291,0.7997537654547503,False
GO_BP,PHOL,GO:0022600,digestive system process,10,1.3612968458166945,0.008065495755950674,0.7782802941692718,0.9681239508540833,0.18988101189881013,0.7997537654547503,False
GO_BP,PHOL,GO:0022603,regulation of anatomical structure morphogenesis,36,0.23324125728141967,0.40455426581607284,0.7436161121840085,-0.34084393171862104,0.5909409059094091,0.7997537654547503,False
GO_BP,PHOL,GO:0022604,regulation of cell morphogenesis,8,-1.1927935228490907,-1.1534858267818602,-0.7407221499399329,-0.2456895344881942,0.5543445655434457,0.7997537654547503,False
GO_BP,PHOL,GO:0022607,cellular component assembly,47,1.5286224223735723,1.6006436143914256,0.36264052107584066,0.5469803546399392,0.3234676532346765,0.7997537654547503,False
GO_BP,PHOL,GO:0022617,extracellular matrix disassembly,8,-1.529751230216014,-1.491630696393236,-1.7264476335986199,0.07928793477991403,0.41785821417858215,0.7997537654547503,False
GO_BP,PHOL,GO:0023051,regulation of signaling,182,-0.860262823652368,-0.35012700596137125,-1.272672213515596,-0.048863213913884374,0.5005499450054994,0.7997537654547503,False
GO_BP,PHOL,GO:0023056,positive regulation of signaling,119,-1.4864843452871295,-1.1066696237109765,-1.830508142462127,-0.017895462200577583,0.48125187481251874,0.7997537654547503,False
GO_BP,PHOL,GO:0023057,negative regulation of signaling,79,-0.11962298032762905,-0.09720238983126833,0.027824067568704775,-0.08493381919634727,0.5116488351164884,0.7997537654547503,False
GO_BP,PHOL,GO:0030001,metal ion transport,25,-0.26763925167715735,0.23351552071633724,-0.7544277253452791,-0.007183149362686436,0.47985201479852013,0.7997537654547503,False
GO_BP,PHOL,GO:0030003,intracellular monoatomic cation homeostasis,19,0.22541371224150275,0.24567261853661046,0.9407686596624557,-0.3678069268580303,0.6026397360263973,0.7997537654547503,False
GO_BP,PHOL,GO:0030029,actin filament-based process,13,-0.4153524689438343,-0.11094914667397607,0.3781180182389088,-0.5489369047263006,0.6659334066593341,0.8033058431305515,False
GO_BP,PHOL,GO:0030030,cell projection organization,25,-0.4960913114680896,0.024769018493755773,0.010646489210505032,-0.51379906532022,0.6564343565643436,0.8021183808124269,False
GO_BP,PHOL,GO:0030031,cell projection assembly,5,-1.222467884007395,-0.5124638807272129,-0.9866976688420478,-0.47288710922276467,0.6457354264573543,0.8020133445239224,False
GO_BP,PHOL,GO:0030036,actin cytoskeleton organization,9,-0.632490083689497,-0.3694585299099004,0.6920307863047558,-0.7937762118869247,0.7449255074492551,0.8300850467202744,False
GO_BP,PHOL,GO:0030048,actin filament-based movement,5,0.2703123108209898,0.33430961375486107,-0.15314333978045866,0.17972917383378856,0.37436256374362564,0.7997537654547503,False
GO_BP,PHOL,GO:0030097,hemopoiesis,23,-0.5386326752117994,-0.4415542862359693,-1.016914786748756,0.19060186128056333,0.4016598340165983,0.7997537654547503,False
GO_BP,PHOL,GO:0030098,lymphocyte differentiation,9,0.3221832070438294,0.2685056459459718,-0.1637345976933467,0.2697976829175168,0.3945605439456054,0.7997537654547503,False
GO_BP,PHOL,GO:0030099,myeloid cell differentiation,13,-0.2386920888067164,-0.4042219394737842,-0.21460480303115634,0.07072128244575385,0.46435356464353567,0.7997537654547503,False
GO_BP,PHOL,GO:0030100,regulation of endocytosis,15,-0.44886986502060877,-0.21439572867989107,-0.37596873626271043,-0.153687632549308,0.5192480751924807,0.7997537654547503,False
GO_BP,PHOL,GO:0030111,regulation of Wnt signaling pathway,14,-0.6062626456886645,-0.4859714458473797,-0.8665218226970954,0.06998398858357302,0.46695330466953305,0.7997537654547503,False
GO_BP,PHOL,GO:0030154,cell differentiation,89,-0.7908472880986387,-1.1169190679761705,-0.5299158256271185,0.032570158703005725,0.47605239476052397,0.7997537654547503,False
GO_BP,PHOL,GO:0030155,regulation of cell adhesion,44,-0.8437667142243389,-0.6346040613462078,-0.25991826225333176,-0.3965055524245691,0.6012398760123988,0.7997537654547503,False
GO_BP,PHOL,GO:0030162,regulation of proteolysis,10,-0.7722815486279104,-0.12465305049343889,-0.21408951152767938,-0.6029102676173512,0.6792320767923208,0.8037770540438373,False
GO_BP,PHOL,GO:0030163,protein catabolic process,16,-0.5851791304664281,0.8572836608466585,-0.5148053543109641,-0.7564182837342753,0.7592240775922408,0.8377552075300945,False
GO_BP,PHOL,GO:0030168,platelet activation,12,-1.35315650804928,-1.303129609935367,-1.0568308410847218,-0.17317628253923556,0.5325467453254674,0.7997537654547503,False
GO_BP,PHOL,GO:0030177,positive regulation of Wnt signaling pathway,11,-0.3991786916875307,-0.5743169013012761,-0.6791429638711808,0.22755124089869777,0.406959304069593,0.7997537654547503,False
GO_BP,PHOL,GO:0030182,neuron differentiation,27,-0.5433133896005194,0.0529114272992537,-0.48307812345246653,-0.328230041523913,0.5935406459354065,0.7997537654547503,False
GO_BP,PHOL,GO:0030193,regulation of blood coagulation,5,-0.8611394734171998,-0.7105327996671433,-0.8060634629615285,-0.10284134210286378,0.5144485551444855,0.7997537654547503,False
GO_BP,PHOL,GO:0030198,extracellular matrix organization,11,-1.5702384029052825,-1.6604020788842317,-1.6719378714928996,0.0959315722832832,0.40815918408159185,0.7997537654547503,False
GO_BP,PHOL,GO:0030217,T cell differentiation,6,1.068393829734669,0.955216169448381,0.3843064568390267,0.3986325165909651,0.3444655534446555,0.7997537654547503,False
GO_BP,PHOL,GO:0030225,macrophage differentiation,5,-0.13344436252258554,-0.4570104519826752,-0.06760243428885063,0.12886208061317736,0.42755724427557246,0.7997537654547503,False
GO_BP,PHOL,GO:0030258,lipid modification,10,0.007554752198132798,0.64476447577417,-0.3021218850921011,-0.16376654314290165,0.5107489251074893,0.7997537654547503,False
GO_BP,PHOL,GO:0030278,regulation of ossification,7,0.4104231917270899,0.3970236903761514,0.6669190119030122,-0.12154815941249192,0.5232476752324767,0.7997537654547503,False
GO_BP,PHOL,GO:0030307,positive regulation of cell growth,9,-0.822602451386192,-0.36604393414920344,-0.18778325322453793,-0.5456888576993213,0.6557344265573443,0.8020133445239224,False
GO_BP,PHOL,GO:0030308,negative regulation of cell growth,6,0.21136044576277763,-0.10325117741711573,-0.3087515861749021,0.41736182755878654,0.34406559344065596,0.7997537654547503,False
GO_BP,PHOL,GO:0030334,regulation of cell migration,57,-2.127873313885022,-1.4522787928483987,-2.1469011704412417,-0.3282833322402019,0.5892410758924107,0.7997537654547503,False
GO_BP,PHOL,GO:0030335,positive regulation of cell migration,42,-2.3109730156944783,-1.6399822390423289,-2.108138761805439,-0.4369125152705944,0.6334366563343665,0.7997700096049865,False
GO_BP,PHOL,GO:0030336,negative regulation of cell migration,15,-0.8460273998667245,-0.3185081447292372,-0.7656549358940034,-0.3039458595551042,0.5751424857514249,0.7997537654547503,False
GO_BP,PHOL,GO:0030500,regulation of bone mineralization,5,0.1418009407961702,0.7210583390187775,-0.3111192348126414,-0.06316861130689783,0.5171482851714828,0.7997537654547503,False
GO_BP,PHOL,GO:0030512,negative regulation of transforming growth factor beta receptor signaling pathway,6,-0.5559886355489972,-0.18678952357995163,-1.1353705830593743,0.10509141777066577,0.42945705429457054,0.7997537654547503,False
GO_BP,PHOL,GO:0030518,nuclear receptor-mediated steroid hormone signaling pathway,15,0.4553139460438798,0.8511502126305588,-0.8750847462813394,0.4672812128692701,0.34236576342365765,0.7997537654547503,False
GO_BP,PHOL,GO:0030522,intracellular receptor signaling pathway,27,1.607580068696325,1.2684775207728913,0.029749944043307597,0.9584663362882256,0.21977802219778023,0.7997537654547503,False
GO_BP,PHOL,GO:0030534,adult behavior,13,-0.06417960404780952,-0.18343027258565187,-1.0359200324285436,0.5454955484592882,0.30756924307569244,0.7997537654547503,False
GO_BP,PHOL,GO:0030574,collagen catabolic process,9,-1.566965911290657,-1.3879614661486739,-1.8050285810192694,0.029529112293314563,0.44315568443155684,0.7997537654547503,False
GO_BP,PHOL,GO:0030593,neutrophil chemotaxis,7,0.221994894585582,0.06780303241096021,-1.066466595985368,0.7213266763727859,0.26247375262473754,0.7997537654547503,False
GO_BP,PHOL,GO:0030595,leukocyte chemotaxis,10,-0.22800056165229607,-0.1862794477231208,-1.1312188696302516,0.43074859702439017,0.30386961303869614,0.7997537654547503,False
GO_BP,PHOL,GO:0030638,polyketide metabolic process,5,-0.05094058655233199,-0.6636776875503992,1.1348678565049282,-0.28653567102959643,0.595940405959404,0.7997537654547503,False
GO_BP,PHOL,GO:0030705,cytoskeleton-dependent intracellular transport,5,0.10370732566830297,0.11902922033592644,0.33841868442227807,-0.12501662671079927,0.516048395160484,0.7997537654547503,False
GO_BP,PHOL,GO:0030808,regulation of nucleotide biosynthetic process,5,-0.1343246171495953,0.5751747058184892,-1.0408909629179177,0.09853351140011898,0.4296570342965703,0.7997537654547503,False
GO_BP,PHOL,GO:0030811,regulation of nucleotide catabolic process,6,-0.9962418989186147,-1.1124427440144111,-1.0406433312090044,0.08030113869309308,0.46425357464253575,0.7997537654547503,False
GO_BP,PHOL,GO:0030832,regulation of actin filament length,6,0.28884508635081946,0.8242126127168387,0.756485795203996,-0.5015041176095978,0.7681231876812319,0.8410037500922803,False
GO_BP,PHOL,GO:0030833,regulation of actin filament polymerization,5,0.33628505206138015,0.9888312582137488,0.6270175472420726,-0.4716393506665305,0.7734226577342266,0.8425554092635429,False
GO_BP,PHOL,GO:0030855,epithelial cell differentiation,19,-1.8831169896004492,-1.9502108611623916,-1.9443122396654502,0.06414456081347164,0.4460553944605539,0.7997537654547503,False
GO_BP,PHOL,GO:0030879,mammary gland development,6,-1.2100982166463277,-0.7476632128125351,-1.189895857492804,-0.2413186814936581,0.5612438756124387,0.7997537654547503,False
GO_BP,PHOL,GO:0030900,forebrain development,8,-0.10121846274698752,0.26931626810313525,-1.1543149560107389,0.34128088120681427,0.31056894310568944,0.7997537654547503,False
GO_BP,PHOL,GO:0030901,midbrain development,5,-1.3276783293257772,-0.6217659989559129,-1.2977215751812101,-0.3679345422572158,0.6035396460353964,0.7997537654547503,False
GO_BP,PHOL,GO:0031099,regeneration,9,-0.6087107778040882,-0.9204025542601393,0.5290175003572185,-0.41301825085262783,0.6183381661833817,0.7997537654547503,False
GO_BP,PHOL,GO:0031100,animal organ regeneration,6,-0.4310451208715744,-0.7518104161805195,0.7129859057723076,-0.4116328656674685,0.6167383261673832,0.7997537654547503,False
GO_BP,PHOL,GO:0031110,regulation of microtubule polymerization or depolymerization,6,0.4755851762892099,0.6962783613461225,1.2675750038807407,-0.5063415063242218,0.6555344465553444,0.8020133445239224,False
GO_BP,PHOL,GO:0031175,neuron projection development,17,0.05437780621142628,0.43986119811942775,0.45545346575569423,-0.39327952572613467,0.617038296170383,0.7997537654547503,False
GO_BP,PHOL,GO:0031281,positive regulation of cyclase activity,8,-1.532287404653679,-0.6605637868269474,-1.1281065995213535,-0.6379522114795285,0.6907309269073093,0.8055371886185417,False
GO_BP,PHOL,GO:0031294,lymphocyte costimulation,8,-0.2681044956646201,-0.8607356773398835,1.0141753030657248,-0.3448243085275407,0.6078392160783922,0.7997537654547503,False
GO_BP,PHOL,GO:0031295,T cell costimulation,8,-0.2681044956646201,-0.8607356773398835,1.0141753030657248,-0.3448243085275407,0.6078392160783922,0.7997537654547503,False
GO_BP,PHOL,GO:0031333,negative regulation of protein-containing complex assembly,9,-1.397520987498028,-0.7108971380121177,-0.982231654987967,-0.5509565909979854,0.6613338666133387,0.8033058431305515,False
GO_BP,PHOL,GO:0031334,positive regulation of protein-containing complex assembly,14,-0.4160888846644597,0.2591189688263392,-0.3136486270086059,-0.38882405557332633,0.5963403659634037,0.7997537654547503,False
GO_BP,PHOL,GO:0031344,regulation of cell projection organization,25,-1.256871491728496,-0.5107995643431382,-0.29332084194347824,-0.8548112885851877,0.7544245575442455,0.8346824891978887,False
GO_BP,PHOL,GO:0031345,negative regulation of cell projection organization,10,-0.9756023894174273,-0.6230793878795362,-0.36203629147564764,-0.48304454973983535,0.6473352664733527,0.8020133445239224,False
GO_BP,PHOL,GO:0031346,positive regulation of cell projection organization,13,-0.6383487852706997,0.013009876476289808,-0.06090992245071793,-0.6143987622834857,0.6854314568543146,0.8051565046655605,False
GO_BP,PHOL,GO:0031347,regulation of defense response,58,-0.29345045957395227,-0.8473820430458916,0.5370682147823667,-0.1382935454421898,0.5215478452154785,0.7997537654547503,False
GO_BP,PHOL,GO:0031348,negative regulation of defense response,22,0.04739259396619989,-0.49664309527343503,0.20877819884501228,0.19132504218041124,0.40245975402459755,0.7997537654547503,False
GO_BP,PHOL,GO:0031349,positive regulation of defense response,27,-1.4163053055962118,-1.851703181720089,-1.0287647059133052,0.0239286382204853,0.48005199480051997,0.7997537654547503,False
GO_BP,PHOL,GO:0031396,regulation of protein ubiquitination,11,-0.7860017800183663,1.4686377944195068,-1.4353238148969325,-0.8026587697796534,0.7463253674632536,0.8304333617993407,False
GO_BP,PHOL,GO:0031398,positive regulation of protein ubiquitination,5,0.3481495253847019,2.4004805406745606,-0.7380973667214226,-0.48304206159186713,0.648035196480352,0.8020133445239224,False
GO_BP,PHOL,GO:0031399,regulation of protein modification process,36,-1.1337963160289688,-0.09651810024071766,-0.16981729855952743,-1.0006286166288463,0.7892210778922107,0.8493081726310128,False
GO_BP,PHOL,GO:0031400,negative regulation of protein modification process,8,0.47194516329190017,0.13616134737522462,1.2194913978284068,-0.2058812093099155,0.5462453754624538,0.7997537654547503,False
GO_BP,PHOL,GO:0031401,positive regulation of protein modification process,25,-1.5719722623438923,-0.09073074967427688,-0.8721102562002706,-1.0905517594066185,0.8092190780921907,0.8593476935492291,False
GO_BP,PHOL,GO:0031507,heterochromatin formation,8,1.817526699062886,0.8660019698277863,1.5916028779470521,0.5887242751754667,0.2873712628737126,0.7997537654547503,False
GO_BP,PHOL,GO:0031623,receptor internalization,6,0.38465865760331636,0.6130960638217038,-1.171666216631287,0.663943734008108,0.27617238276172384,0.7997537654547503,False
GO_BP,PHOL,GO:0031644,regulation of nervous system process,14,-0.1329300195419149,-0.4854471607214664,-0.16344407752293952,0.19151559958028802,0.4193580641935806,0.7997537654547503,False
GO_BP,PHOL,GO:0031647,regulation of protein stability,15,-1.815112480099531,-1.5290537317867117,-1.6170647797121516,-0.24205322435009946,0.5663433656634337,0.7997537654547503,False
GO_BP,PHOL,GO:0031663,lipopolysaccharide-mediated signaling pathway,5,-0.06525971365692113,1.1080211905194939,-0.2004538432760161,-0.51904338727866,0.6686331366863314,0.8033058431305515,False
GO_BP,PHOL,GO:0031664,regulation of lipopolysaccharide-mediated signaling pathway,5,3.1304073582726497,1.323613686577641,3.4741342458401507,0.7315333920637537,0.2598740125987401,0.7997537654547503,False
GO_BP,PHOL,GO:0031667,response to nutrient levels,27,-0.15108383014007712,-0.20492296955492337,0.8195333537611501,-0.45838902224319045,0.6353364663533647,0.7997700096049865,False
GO_BP,PHOL,GO:0031669,cellular response to nutrient levels,10,0.7091621632335271,0.6865527238043614,1.5881503334040343,-0.42818936537067087,0.6273372662733727,0.7997537654547503,False
GO_BP,PHOL,GO:0031960,response to corticosteroid,15,2.3392262046272,2.100245085121916,0.8511593774043614,0.8635239733640614,0.18318168183181682,0.7997537654547503,False
GO_BP,PHOL,GO:0032006,regulation of TOR signaling,13,-0.8066494708343154,0.2468944764268291,-1.2833905422415224,-0.2884014379269687,0.5768423157684232,0.7997537654547503,False
GO_BP,PHOL,GO:0032008,positive regulation of TOR signaling,11,-1.4549503993130266,-1.307134702361265,-1.5752329367708091,-0.013766579746989693,0.48525147485251474,0.7997537654547503,False
GO_BP,PHOL,GO:0032024,positive regulation of insulin secretion,6,0.21519343488006878,0.019890539388694038,0.6142272765198138,-0.10186547307418511,0.5142485751424858,0.7997537654547503,False
GO_BP,PHOL,GO:0032101,regulation of response to external stimulus,75,-0.921772030040199,-1.111255839692302,-0.2557187347803106,-0.23828474280389278,0.5574442555744425,0.7997537654547503,False
GO_BP,PHOL,GO:0032102,negative regulation of response to external stimulus,31,-0.72739870333909,-1.1742723561099682,-0.31952854570159583,0.019501747566691985,0.4520547945205479,0.7997537654547503,False
GO_BP,PHOL,GO:0032103,positive regulation of response to external stimulus,38,-0.9847554769874969,-1.2515661832299407,-0.8892816767743255,0.0856684530146361,0.47005299470052997,0.7997537654547503,False
GO_BP,PHOL,GO:0032200,telomere organization,7,-0.18359812686037552,-0.4183721304132289,-0.5114181471973887,0.28129701194493323,0.3825617438256174,0.7997537654547503,False
GO_BP,PHOL,GO:0032204,regulation of telomere maintenance,11,-0.863911623717795,-1.134727818136908,-0.5360604784509546,-0.028517475423863625,0.4871512848715128,0.7997537654547503,False
GO_BP,PHOL,GO:0032206,positive regulation of telomere maintenance,8,-0.5281165339561285,-0.6002487104972812,-0.11327793372253837,-0.17135321184621866,0.53004699530047,0.7997537654547503,False
GO_BP,PHOL,GO:0032271,regulation of protein polymerization,9,0.5704239726158697,1.3690338314507928,1.701974374186327,-0.9650801302026901,0.8456154384561544,0.8817914999943857,False
GO_BP,PHOL,GO:0032273,positive regulation of protein polymerization,6,0.5430087471952532,1.3693125757754367,1.445448826769254,-0.8643719540770922,0.8226177382261773,0.8670835619140789,False
GO_BP,PHOL,GO:0032309,icosanoid secretion,5,1.211828323919736,0.26620060397227213,1.5368930496435897,0.3102814971118051,0.35256474352564743,0.7997537654547503,False
GO_BP,PHOL,GO:0032355,response to estradiol,14,-1.0349951717950177,-1.067576785101619,-0.9804482759215589,-0.010982641283428851,0.4684531546845315,0.7997537654547503,False
GO_BP,PHOL,GO:0032368,regulation of lipid transport,14,-0.425402515384719,0.47560745382647546,-1.5302974364872723,0.10194247594567946,0.42515748425157485,0.7997537654547503,False
GO_BP,PHOL,GO:0032370,positive regulation of lipid transport,9,0.12541351283996885,0.7113705327968936,-0.9002190299466377,0.21983776141484093,0.36166383361663834,0.7997537654547503,False
GO_BP,PHOL,GO:0032371,regulation of sterol transport,7,0.14609543135746705,1.02812463217482,-0.73831108996647,0.0011886602532920065,0.47605239476052397,0.7997537654547503,False
GO_BP,PHOL,GO:0032373,positive regulation of sterol transport,6,0.3088801775392162,0.7157358417418124,-0.6518280897123452,0.2769263015244826,0.3715628437156284,0.7997537654547503,False
GO_BP,PHOL,GO:0032374,regulation of cholesterol transport,7,0.14609543135746705,1.02812463217482,-0.73831108996647,0.0011886602532920065,0.47605239476052397,0.7997537654547503,False
GO_BP,PHOL,GO:0032376,positive regulation of cholesterol transport,6,0.3088801775392162,0.7157358417418124,-0.6518280897123452,0.2769263015244826,0.3715628437156284,0.7997537654547503,False
GO_BP,PHOL,GO:0032386,regulation of intracellular transport,13,-1.0917661856695546,-0.23897496343768762,-0.1415224842566234,-0.9015174618223991,0.7655234476552345,0.8404057553428331,False
GO_BP,PHOL,GO:0032388,positive regulation of intracellular transport,9,-1.2749914711166017,-0.3652279673893592,-1.250866440675485,-0.4669442670841796,0.6376362363763624,0.7997700096049865,False
GO_BP,PHOL,GO:0032434,regulation of proteasomal ubiquitin-dependent protein catabolic process,11,-1.136399108859004,0.21908428331482963,-1.6923302248326941,-0.39977613810007173,0.6139386061393861,0.7997537654547503,False
GO_BP,PHOL,GO:0032436,positive regulation of proteasomal ubiquitin-dependent protein catabolic process,8,-1.1930938972668264,0.21562227131176437,-1.4066867613476262,-0.5975616522488955,0.6764323567643236,0.8033058431305515,False
GO_BP,PHOL,GO:0032446,protein modification by small protein conjugation,11,1.6088544223679115,2.4880385377240386,-0.031067907003259496,0.3803691070075219,0.36436356364363565,0.7997537654547503,False
GO_BP,PHOL,GO:0032465,regulation of cytokinesis,8,-0.2839928260902637,-0.7300670982075462,0.4590463440350542,-0.1484824490040177,0.5293470652934706,0.7997537654547503,False
GO_BP,PHOL,GO:0032467,positive regulation of cytokinesis,5,0.2722584649124738,-0.13867507636435886,0.7593747309416561,-0.03809136237617483,0.4831516848315168,0.7997537654547503,False
GO_BP,PHOL,GO:0032479,regulation of type I interferon production,9,0.3562996722952317,-0.2186880188516205,0.156678883762013,0.3873042398400354,0.34836516348365165,0.7997537654547503,False
GO_BP,PHOL,GO:0032481,positive regulation of type I interferon production,7,0.04171611989678729,-0.06761947114182314,0.3302840234691595,-0.0896161562668809,0.4981501849815019,0.7997537654547503,False
GO_BP,PHOL,GO:0032496,response to lipopolysaccharide,26,0.22148329264837924,0.8859198140627857,0.014726950784368373,-0.22884008977519782,0.5501449855014499,0.7997537654547503,False
GO_BP,PHOL,GO:0032502,developmental process,150,0.7698534023468196,-0.01231715965322735,0.02593470603847856,0.763044629154194,0.26277372262773724,0.7997537654547503,False
GO_BP,PHOL,GO:0032526,response to retinoic acid,9,-0.8455199085157475,0.2892797331635152,-1.2523533390694404,-0.36398310556278496,0.5997400259974003,0.7997537654547503,False
GO_BP,PHOL,GO:0032535,regulation of cellular component size,12,0.6802337088720273,1.5022193184206154,1.135034407153368,-0.6383931539149644,0.7245275472452755,0.8225216770100822,False
GO_BP,PHOL,GO:0032642,regulation of chemokine production,8,0.9258679618389651,0.5723941883423411,0.16637664563037075,0.5564825448526092,0.31786821317868214,0.7997537654547503,False
GO_BP,PHOL,GO:0032649,regulation of type II interferon production,5,0.2363359365691189,-0.538940068823244,0.7523462901211013,0.1296328259201902,0.42475752424757524,0.7997537654547503,False
GO_BP,PHOL,GO:0032651,regulation of interleukin-1 beta production,6,-0.6662047754210971,-1.1192520511825381,-0.7832878862935374,0.2850651933169406,0.3705629437056294,0.7997537654547503,False
GO_BP,PHOL,GO:0032652,regulation of interleukin-1 production,7,0.11032379209074678,-0.8749539131694937,0.3132594679900333,0.39117101468047694,0.3488651134886511,0.7997537654547503,False
GO_BP,PHOL,GO:0032663,regulation of interleukin-2 production,5,0.3987857581806488,-0.2025188432821721,1.0258342500497717,-0.012871945203150992,0.47925207479252074,0.7997537654547503,False
GO_BP,PHOL,GO:0032675,regulation of interleukin-6 production,9,1.364820872751299,-0.5926166292476595,1.5618538519316205,0.8802022614093183,0.22807719228077192,0.7997537654547503,False
GO_BP,PHOL,GO:0032677,regulation of interleukin-8 production,7,0.7471796164137201,-0.2908699948319826,0.157132159810047,0.8140485339246879,0.2425757424257574,0.7997537654547503,False
GO_BP,PHOL,GO:0032680,regulation of tumor necrosis factor production,12,1.109323957575498,-0.2863678113489873,1.7768370809308933,0.3640893227845451,0.36226377362263773,0.7997537654547503,False
GO_BP,PHOL,GO:0032722,positive regulation of chemokine production,5,-0.3338274625985942,-0.6733668593866532,-0.6196389204230283,0.31267542730624653,0.37536246375362464,0.7997537654547503,False
GO_BP,PHOL,GO:0032731,positive regulation of interleukin-1 beta production,5,-0.5278462474429183,-1.0487396770133606,-0.8568140289653282,0.42493060554642603,0.3213678632136786,0.7997537654547503,False
GO_BP,PHOL,GO:0032732,positive regulation of interleukin-1 production,5,-0.5278462474429183,-1.0487396770133606,-0.8568140289653282,0.42493060554642603,0.3213678632136786,0.7997537654547503,False
GO_BP,PHOL,GO:0032755,positive regulation of interleukin-6 production,6,0.3355045637848451,-0.8648835407889227,0.1128234923820694,0.7115345879882717,0.2628737126287371,0.7997537654547503,False
GO_BP,PHOL,GO:0032757,positive regulation of interleukin-8 production,7,0.7471796164137201,-0.2908699948319826,0.157132159810047,0.8140485339246879,0.2425757424257574,0.7997537654547503,False
GO_BP,PHOL,GO:0032760,positive regulation of tumor necrosis factor production,7,0.1712859977571687,-0.4615687662559849,0.12457421821276124,0.33978327177878054,0.3588641135886411,0.7997537654547503,False
GO_BP,PHOL,GO:0032774,RNA biosynthetic process,20,1.1217647010725584,0.6786462871818307,0.0869646503325811,0.7389592323153525,0.27207279272072793,0.7997537654547503,False
GO_BP,PHOL,GO:0032787,monocarboxylic acid metabolic process,44,1.2316859097548407,1.0216278471643672,1.1555351439166295,0.14310441421434228,0.4500549945005499,0.7997537654547503,False
GO_BP,PHOL,GO:0032868,response to insulin,20,0.12772396187677368,0.2747546291283341,0.5377614794502732,-0.2785340924125299,0.5843415658434157,0.7997537654547503,False
GO_BP,PHOL,GO:0032869,cellular response to insulin stimulus,15,0.27069859012979924,0.17967240358990583,1.198669199049507,-0.4184722111899072,0.6293370662933707,0.7997700096049865,False
GO_BP,PHOL,GO:0032870,cellular response to hormone stimulus,57,2.2398375759944664,1.7956314673721112,0.9354483682477085,0.8742976581845565,0.22037796220377961,0.7997537654547503,False
GO_BP,PHOL,GO:0032879,regulation of localization,113,-0.6248596735635039,-0.4873023562583649,-0.2601516351482711,-0.2511326778601859,0.5636436356364364,0.7997537654547503,False
GO_BP,PHOL,GO:0032880,regulation of protein localization,58,-0.008059785881179487,0.5580140246612114,0.4422564459466504,-0.5081950211851104,0.6547345265473453,0.8020133445239224,False
GO_BP,PHOL,GO:0032886,regulation of microtubule-based process,13,-0.2720557850408027,0.5881977094045235,0.7770743019359264,-0.9546917907110277,0.7845215478452154,0.848232666350347,False
GO_BP,PHOL,GO:0032890,regulation of organic acid transport,10,-0.9236242468151461,-0.5108154572236174,-1.1826011159935683,-0.07691596020655322,0.5067493250674933,0.7997537654547503,False
GO_BP,PHOL,GO:0032922,circadian regulation of gene expression,11,0.6884479283101353,0.6574198701828003,0.010443181623045746,0.3545164024072123,0.36826317368263173,0.7997537654547503,False
GO_BP,PHOL,GO:0032928,regulation of superoxide anion generation,6,-0.008284903881408828,-0.06603555676147341,0.5144527290869548,-0.23249349004414951,0.5534446555344466,0.7997537654547503,False
GO_BP,PHOL,GO:0032930,positive regulation of superoxide anion generation,6,-0.008284903881408828,-0.06603555676147341,0.5144527290869548,-0.23249349004414951,0.5534446555344466,0.7997537654547503,False
GO_BP,PHOL,GO:0032940,secretion by cell,7,-0.11988315615921008,-0.9411297228253785,0.23659014198533201,0.23238663426081319,0.38446155384461556,0.7997537654547503,False
GO_BP,PHOL,GO:0032944,regulation of mononuclear cell proliferation,7,-0.17932218479798515,-0.023858800459293936,0.20926482948328062,-0.2720251993099785,0.5689431056894311,0.7997537654547503,False
GO_BP,PHOL,GO:0032946,positive regulation of mononuclear cell proliferation,5,-0.9996818233994035,-0.252572808778123,-0.9107704686178149,-0.4180101847014346,0.6181381861813818,0.7997537654547503,False
GO_BP,PHOL,GO:0032956,regulation of actin cytoskeleton organization,9,0.09595447256015535,0.5654709931932976,0.6942360179347206,-0.5338990330038538,0.7483251674832517,0.8312385080277551,False
GO_BP,PHOL,GO:0032963,collagen metabolic process,10,-1.6118629900414208,-1.5335808021922788,-1.839045089148665,0.07444995562905099,0.42715728427157285,0.7997537654547503,False
GO_BP,PHOL,GO:0032970,regulation of actin filament-based process,14,-0.18266060763582115,0.30512726983807203,-0.005540648779417453,-0.33245391816514847,0.6223377662233777,0.7997537654547503,False
GO_BP,PHOL,GO:0033013,tetrapyrrole metabolic process,6,3.9942762994534546,3.938878281350266,2.01972412619434,1.0149750956811516,0.11938806119388061,0.7997537654547503,False
GO_BP,PHOL,GO:0033015,tetrapyrrole catabolic process,5,4.5698376763425035,4.996696359209116,2.702290550601778,0.7203442214370566,0.15098490150984903,0.7997537654547503,False
GO_BP,PHOL,GO:0033036,macromolecule localization,48,-0.3077804187697355,-0.017752104486402166,-1.2063915395113367,0.30429140322913395,0.3992600739926007,0.7997537654547503,False
GO_BP,PHOL,GO:0033043,regulation of organelle organization,44,-1.0928898157433016,-0.568585321250913,-0.9263930546486522,-0.345400627793519,0.5947405259474052,0.7997537654547503,False
GO_BP,PHOL,GO:0033044,regulation of chromosome organization,17,-0.5712904556879977,-0.5605589375719274,-0.16988815616284553,-0.2060669088206113,0.5517448255174483,0.7997537654547503,False
GO_BP,PHOL,GO:0033121,regulation of purine nucleotide catabolic process,6,-0.9962418989186147,-1.1124427440144111,-1.0406433312090044,0.08030113869309308,0.46425357464253575,0.7997537654547503,False
GO_BP,PHOL,GO:0033143,regulation of intracellular steroid hormone receptor signaling pathway,7,-0.997149457631553,-0.9311615021125124,-1.3917471849291556,0.16430488588928094,0.41625837416258377,0.7997537654547503,False
GO_BP,PHOL,GO:0033146,regulation of intracellular estrogen receptor signaling pathway,5,-0.5625221913746935,-0.6690566962480432,-1.067545756115574,0.3057790348071151,0.35526447355264473,0.7997537654547503,False
GO_BP,PHOL,GO:0033157,regulation of intracellular protein transport,10,-0.6758062930245577,0.1676110431035386,-0.010728144535909808,-0.7542477423083721,0.7327267273272673,0.8267022863769553,False
GO_BP,PHOL,GO:0033273,response to vitamin,8,-0.9491187232659016,-1.2617036864616342,-1.0413795672951534,0.20242290361249216,0.37376262373762625,0.7997537654547503,False
GO_BP,PHOL,GO:0033365,protein localization to organelle,18,-1.9378071400460355,-1.5743040851913512,-1.5130047508919844,-0.3941527220043677,0.6153384661533846,0.7997537654547503,False
GO_BP,PHOL,GO:0033500,carbohydrate homeostasis,16,0.2674403219309231,-0.2784094041862011,0.3108478392591014,0.2512211043944729,0.3691630836916308,0.7997537654547503,False
GO_BP,PHOL,GO:0033554,cellular response to stress,73,0.19690802442272956,1.2025086169728858,0.2799823195418045,-0.5443374438346156,0.6518348165183482,0.8020133445239224,False
GO_BP,PHOL,GO:0033555,multicellular organismal response to stress,7,-1.067406076986747,-0.9611714776843321,-1.2710891141939469,0.04872421895239243,0.45065493450654937,0.7997537654547503,False
GO_BP,PHOL,GO:0033559,unsaturated fatty acid metabolic process,29,-0.8576551982794459,-1.0809942998005415,0.02085526073102087,-0.3275856787446856,0.5756424357564244,0.7997537654547503,False
GO_BP,PHOL,GO:0033628,regulation of cell adhesion mediated by integrin,6,-0.38434484814123454,-0.9141954528751405,-0.11298213689811691,0.12924394674539413,0.38716128387161286,0.7997537654547503,False
GO_BP,PHOL,GO:0033674,positive regulation of kinase activity,10,-0.9163786239802812,-0.7705444387255388,-0.29897453243311517,-0.3816191384009543,0.6040395960403959,0.7997537654547503,False
GO_BP,PHOL,GO:0033993,response to lipid,81,0.7793433802876454,0.8668119598565395,-0.25366278532240755,0.4727687930205794,0.33196680331966805,0.7997537654547503,False
GO_BP,PHOL,GO:0034097,response to cytokine,39,-0.7852570529083355,-1.1197500562047535,-1.442228390455362,0.49573217042172246,0.32226777322267774,0.7997537654547503,False
GO_BP,PHOL,GO:0034103,regulation of tissue remodeling,7,-1.2487937186910008,-1.3217799516312643,-0.9122784712681947,-0.1317645072412712,0.526047395260474,0.7997537654547503,False
GO_BP,PHOL,GO:0034110,regulation of homotypic cell-cell adhesion,7,-0.7536538973493527,-0.9351467232498494,-0.7974458635363064,0.11264239604372517,0.43645635436456354,0.7997537654547503,False
GO_BP,PHOL,GO:0034220,monoatomic ion transmembrane transport,34,0.5957055661300847,1.284400727836369,-1.6375402602211908,0.7722753323224957,0.268973102689731,0.7997537654547503,False
GO_BP,PHOL,GO:0034284,response to monosaccharide,8,-0.26370309991137525,-0.04594808536995449,-0.3046516572728492,-0.0884032285899734,0.5015498450154985,0.7997537654547503,False
GO_BP,PHOL,GO:0034308,primary alcohol metabolic process,17,-0.04218613783498158,-0.15099205930917065,0.7853257229508035,-0.359352969655798,0.5821417858214178,0.7997537654547503,False
GO_BP,PHOL,GO:0034329,cell junction assembly,9,1.1182674896217613,0.4323471972206709,1.3526363049744743,0.22577573852418864,0.40575942405759424,0.7997537654547503,False
GO_BP,PHOL,GO:0034330,cell junction organization,21,0.705817133423319,-0.12438599678832013,1.064680622250361,0.23566982069229847,0.41315868413158685,0.7997537654547503,False
GO_BP,PHOL,GO:0034405,response to fluid shear stress,6,-0.7564024016661886,-0.3035263154247936,-0.03402633881465991,-0.5876260745464619,0.6766323367663234,0.8033058431305515,False
GO_BP,PHOL,GO:0034502,protein localization to chromosome,7,-0.2956085650148912,-0.4623320032172348,-0.5372810291275678,0.2041979511575101,0.4076592340765923,0.7997537654547503,False
GO_BP,PHOL,GO:0034504,protein localization to nucleus,6,-1.6054779179804315,-1.3452962637055061,-1.6342612055183332,-0.11569918336851193,0.5105489451054894,0.7997537654547503,False
GO_BP,PHOL,GO:0034599,cellular response to oxidative stress,21,-0.5781900635553172,-0.6288484720339388,-0.8176826513549572,0.1450754981391308,0.39016098390160986,0.7997537654547503,False
GO_BP,PHOL,GO:0034605,cellular response to heat,7,0.4851267831330243,2.4293670004282246,0.2896637839408459,-0.874388609051511,0.7651234876512348,0.8403609298774416,False
GO_BP,PHOL,GO:0034612,response to tumor necrosis factor,7,1.20000562178038,1.1345272441967709,-0.46680617166013133,0.8661450855120603,0.22747725227477253,0.7997537654547503,False
GO_BP,PHOL,GO:0034614,cellular response to reactive oxygen species,13,-0.5056170750125591,-0.17886714332282752,-0.5350707535567557,-0.14864812657276755,0.5101489851014899,0.7997537654547503,False
GO_BP,PHOL,GO:0034644,cellular response to UV,10,-0.8610654740680694,-0.7211921094186398,-0.9791554985616802,-0.010891670077909477,0.45025497450254975,0.7997537654547503,False
GO_BP,PHOL,GO:0034654,nucleobase-containing compound biosynthetic process,28,0.5459748791443547,0.9120780441135988,-0.47317225556074943,0.32652198486793005,0.3942605739426057,0.7997537654547503,False
GO_BP,PHOL,GO:0034655,nucleobase-containing compound catabolic process,12,-0.24499151993446538,-0.5205072721821935,-0.35597187972118455,0.19324805601722367,0.3722627737226277,0.7997537654547503,False
GO_BP,PHOL,GO:0034762,regulation of transmembrane transport,24,-0.0339490590331935,-0.8504851911328478,-0.4625185405831148,0.6225528068247879,0.2977702229777022,0.7997537654547503,False
GO_BP,PHOL,GO:0034763,negative regulation of transmembrane transport,5,-0.8926970523738198,-0.7674702772045552,-1.1655569081128816,0.07381654028489859,0.44375562443755623,0.7997537654547503,False
GO_BP,PHOL,GO:0034764,positive regulation of transmembrane transport,12,0.6788312476633376,0.061372005456034336,0.021064108185365058,0.6376131908426379,0.28917108289171084,0.7997537654547503,False
GO_BP,PHOL,GO:0034765,regulation of monoatomic ion transmembrane transport,16,0.4222771517913451,0.06578414532986208,-0.9110709429015992,0.8449205505772137,0.2385761423857614,0.7997537654547503,False
GO_BP,PHOL,GO:0034767,positive regulation of monoatomic ion transmembrane transport,6,1.6410845600150847,1.5764751913444839,-0.4786197864204178,1.0921568575530518,0.18788121187881213,0.7997537654547503,False
GO_BP,PHOL,GO:0034976,response to endoplasmic reticulum stress,9,1.0244094184951114,2.382671077285535,0.6851434670095922,-0.5094978536524524,0.6754324567543246,0.8033058431305515,False
GO_BP,PHOL,GO:0035094,response to nicotine,13,-0.5951722883736008,-0.560712140874858,-0.5441000169190052,-0.042766209476669204,0.49565043495650435,0.7997537654547503,False
GO_BP,PHOL,GO:0035150,regulation of tube size,34,-1.1100775127398075,-0.987704469474296,-1.048005647268912,-0.09222245436820353,0.5197480251974802,0.7997537654547503,False
GO_BP,PHOL,GO:0035235,ionotropic glutamate receptor signaling pathway,8,-0.42805848114909417,-0.9874823870298123,-1.2271954131793268,0.6792804189554753,0.270972902709729,0.7997537654547503,False
GO_BP,PHOL,GO:0035239,tube morphogenesis,17,-1.0833927700622732,-0.7128150694109286,-1.4621884993350351,0.0041090143107087584,0.4657534246575342,0.7997537654547503,False
GO_BP,PHOL,GO:0035249,"synaptic transmission, glutamatergic",7,-0.4051809717839846,-0.5820941114918609,-1.1460560469196523,0.45889410742177195,0.3056694330566943,0.7997537654547503,False
GO_BP,PHOL,GO:0035270,endocrine system development,6,-0.6386605547549402,-0.737559918595218,-1.0194263428752781,0.23983257598030783,0.32556744325567444,0.7997537654547503,False
GO_BP,PHOL,GO:0035295,tube development,23,-1.340274573789314,-1.32329063001353,-1.2529979858188416,-0.05213026587312819,0.48535146485351466,0.7997537654547503,False
GO_BP,PHOL,GO:0035296,regulation of tube diameter,34,-1.1100775127398075,-0.987704469474296,-1.048005647268912,-0.09222245436820353,0.5197480251974802,0.7997537654547503,False
GO_BP,PHOL,GO:0035335,peptidyl-tyrosine dephosphorylation,7,4.593426600444963,1.5008206141398013,5.63341773361256,1.0263074265687826,0.19918008199180082,0.7997537654547503,False
GO_BP,PHOL,GO:0035556,intracellular signal transduction,84,-0.14065498754539188,0.5456872634663216,-1.040747963376596,0.1068753624097453,0.44715528447155284,0.7997537654547503,False
GO_BP,PHOL,GO:0035590,purinergic nucleotide receptor signaling pathway,5,-1.6706975105390387,-0.8829263368573441,-0.5759855359015484,-0.9412415741595924,0.7745225477452254,0.842728924133609,False
GO_BP,PHOL,GO:0035725,sodium ion transmembrane transport,7,-0.16039747746688798,0.12556719226246701,-0.36976595332089446,-0.03829809693767426,0.48235176482351766,0.7997537654547503,False
GO_BP,PHOL,GO:0035924,cellular response to vascular endothelial growth factor stimulus,9,-1.0341289643091436,-1.014508167199185,-0.7936630351723688,-0.13004336312336673,0.5253474652534746,0.7997537654547503,False
GO_BP,PHOL,GO:0035966,response to topologically incorrect protein,8,0.07941526236962229,0.8798000822368093,0.8927410282489561,-0.8068552928732604,0.7411258874112588,0.8288882260019403,False
GO_BP,PHOL,GO:0035967,cellular response to topologically incorrect protein,5,0.8397680154368957,0.8631106636338708,1.9655722348730877,-0.5745734338165834,0.6754324567543246,0.8033058431305515,False
GO_BP,PHOL,GO:0036119,response to platelet-derived growth factor,5,0.4239595819227316,0.3668906298833023,2.4650929124641685,-0.9920321892510038,0.795920407959204,0.8521865726948238,False
GO_BP,PHOL,GO:0036120,cellular response to platelet-derived growth factor stimulus,5,0.4239595819227316,0.3668906298833023,2.4650929124641685,-0.9920321892510038,0.795920407959204,0.8521865726948238,False
GO_BP,PHOL,GO:0036211,protein modification process,72,0.8330194098289467,0.07610006108768516,2.3600838614984956,-0.38507255146414354,0.6222377762223777,0.7997537654547503,False
GO_BP,PHOL,GO:0036293,response to decreased oxygen levels,28,-0.9082685238060151,-1.057500864573443,-0.15657982558770503,-0.30122817872544105,0.5834416558344165,0.7997537654547503,False
GO_BP,PHOL,GO:0036294,cellular response to decreased oxygen levels,11,0.31965957114892707,-0.08288195835557825,1.4928524319764063,-0.38532566566148696,0.6072392760723928,0.7997537654547503,False
GO_BP,PHOL,GO:0038084,vascular endothelial growth factor signaling pathway,6,-0.8687036401339563,-1.1213045719443147,-0.5215528260337382,-0.047274941144929805,0.48135186481351866,0.7997537654547503,False
GO_BP,PHOL,GO:0038093,Fc receptor signaling pathway,12,-0.8640354972372036,-1.0673899766447688,-0.4131377840341877,-0.12377161689772542,0.5177482251774822,0.7997537654547503,False
GO_BP,PHOL,GO:0038094,Fc-gamma receptor signaling pathway,8,-0.42022166786382437,-1.0473323055742403,0.21548922967041834,-0.004300129911913364,0.47115288471152883,0.7997537654547503,False
GO_BP,PHOL,GO:0038096,Fc-gamma receptor signaling pathway involved in phagocytosis,8,-0.42022166786382437,-1.0473323055742403,0.21548922967041834,-0.004300129911913364,0.47115288471152883,0.7997537654547503,False
GO_BP,PHOL,GO:0038127,ERBB signaling pathway,17,-1.4681937891204597,-1.2785178918670101,0.03357044856009903,-0.8457200674670041,0.7475252474752525,0.8311756137287198,False
GO_BP,PHOL,GO:0038128,ERBB2 signaling pathway,5,-1.1791279608705105,-0.9120913916740921,-0.08818628104573623,-0.6789891245105963,0.6978302169783022,0.807977589178242,False
GO_BP,PHOL,GO:0039531,regulation of cytoplasmic pattern recognition receptor signaling pathway,13,-1.4436998793736548,-1.7452205741666924,-1.0760090896894954,-0.03308504744556107,0.49345065493450657,0.7997537654547503,False
GO_BP,PHOL,GO:0039532,negative regulation of cytoplasmic pattern recognition receptor signaling pathway,5,-0.47787279602132465,-0.7365161027975053,-0.51905751877344,0.14991401476414806,0.42305769423057693,0.7997537654547503,False
GO_BP,PHOL,GO:0040008,regulation of growth,23,-0.9939299914545059,-0.701740999833096,-0.7540470441533131,-0.26603596946130126,0.5755424457554245,0.7997537654547503,False
GO_BP,PHOL,GO:0040011,locomotion,25,-0.988194633266599,-0.6701241137367323,-1.539888503158174,0.11681167518085411,0.42505749425057493,0.7997537654547503,False
GO_BP,PHOL,GO:0040012,regulation of locomotion,65,-2.177741049859512,-1.7197316523289488,-2.1686744548328982,-0.23353799627858818,0.5534446555344466,0.7997537654547503,False
GO_BP,PHOL,GO:0040013,negative regulation of locomotion,16,-0.6038542420168298,-0.25048920690627335,-0.05678154252036482,-0.4502188673035107,0.6346365363463654,0.7997700096049865,False
GO_BP,PHOL,GO:0040017,positive regulation of locomotion,43,-2.3095910037925127,-1.6693368303149632,-2.1781329415558197,-0.3858561178571214,0.6213378662133786,0.7997537654547503,False
GO_BP,PHOL,GO:0040029,epigenetic regulation of gene expression,14,1.5648844144703347,0.34971723842321967,0.8777404511869304,0.9511555696652596,0.21487851214878512,0.7997537654547503,False
GO_BP,PHOL,GO:0042058,regulation of epidermal growth factor receptor signaling pathway,5,-0.3435012685067901,-0.7643524122994088,1.070825641562947,-0.49673788313855916,0.6518348165183482,0.8020133445239224,False
GO_BP,PHOL,GO:0042060,wound healing,22,-1.3577432788394297,-0.9849575508136108,-1.2575089721966752,-0.23651001733428667,0.5583441655834417,0.7997537654547503,False
GO_BP,PHOL,GO:0042063,gliogenesis,13,-0.40216305066667835,-0.045267693916671944,0.2050320118499844,-0.4820452096333346,0.648035196480352,0.8020133445239224,False
GO_BP,PHOL,GO:0042110,T cell activation,11,0.21966829057695358,-0.013728536621680852,0.5577004721152435,-0.05231767716982777,0.48275172482751727,0.7997537654547503,False
GO_BP,PHOL,GO:0042113,B cell activation,5,0.14412052230700578,-0.5050072478160054,0.618806041034618,0.08722112569769946,0.43345665433456654,0.7997537654547503,False
GO_BP,PHOL,GO:0042127,regulation of cell population proliferation,88,-1.683407024897973,-1.763413769659624,-1.302221761904587,-0.1505892591158675,0.5253474652534746,0.7997537654547503,False
GO_BP,PHOL,GO:0042167,heme catabolic process,5,4.5698376763425035,4.996696359209116,2.702290550601778,0.7203442214370566,0.15098490150984903,0.7997537654547503,False
GO_BP,PHOL,GO:0042168,heme metabolic process,5,4.5698376763425035,4.996696359209116,2.702290550601778,0.7203442214370566,0.15098490150984903,0.7997537654547503,False
GO_BP,PHOL,GO:0042176,regulation of protein catabolic process,23,-0.86865565348084,-0.3607231535080842,-0.24103721706757877,-0.5677754681930085,0.670932906709329,0.8033058431305515,False
GO_BP,PHOL,GO:0042177,negative regulation of protein catabolic process,9,-0.16933628077273757,-0.44296402185360906,0.37723801753422054,-0.13647327861304331,0.5216478352164784,0.7997537654547503,False
GO_BP,PHOL,GO:0042178,xenobiotic catabolic process,13,-0.11707949608486516,-0.26656272208362614,0.4676739197709238,-0.21763509492851402,0.5323467653234677,0.7997537654547503,False
GO_BP,PHOL,GO:0042180,ketone metabolic process,13,-0.11167532193449493,-0.9340394754378245,0.9439086914359635,-0.11660992993356441,0.4968503149685031,0.7997537654547503,False
GO_BP,PHOL,GO:0042220,response to cocaine,13,-0.852893922580748,-0.8267486742441194,-1.4361344313065956,0.2785476301946094,0.3481651834816518,0.7997537654547503,False
GO_BP,PHOL,GO:0042306,regulation of protein import into nucleus,7,-1.3762976940567258,-0.821190437233674,-1.1836038148364638,-0.37390056802165694,0.6023397660233977,0.7997537654547503,False
GO_BP,PHOL,GO:0042307,positive regulation of protein import into nucleus,7,-1.3762976940567258,-0.821190437233674,-1.1836038148364638,-0.37390056802165694,0.6023397660233977,0.7997537654547503,False
GO_BP,PHOL,GO:0042310,vasoconstriction,9,-0.9457108541005601,-0.7702669196080231,-0.8998477798860823,-0.1106535043535074,0.5030496950304969,0.7997537654547503,False
GO_BP,PHOL,GO:0042311,vasodilation,11,0.1566311262760012,-0.12178838684997122,-0.07333548181863171,0.25419306061030267,0.40835916408359163,0.7997537654547503,False
GO_BP,PHOL,GO:0042325,regulation of phosphorylation,25,-1.2277607859670367,-0.9767455853987255,0.5044344224278541,-0.991605204481601,0.7877212278772123,0.8491008206429069,False
GO_BP,PHOL,GO:0042326,negative regulation of phosphorylation,5,1.4875583735511644,0.5242864712227652,2.8185177088394027,-0.1838437164799196,0.5516448355164484,0.7997537654547503,False
GO_BP,PHOL,GO:0042327,positive regulation of phosphorylation,20,-1.941609013789054,-1.274672575244016,-0.73465553455071,-0.9369449588916909,0.7714228577142286,0.8413560881152622,False
GO_BP,PHOL,GO:0042330,taxis,24,-0.9455060460725615,-0.5954330380117367,-1.4736053710387331,0.08901315845267344,0.43355664433556645,0.7997537654547503,False
GO_BP,PHOL,GO:0042391,regulation of membrane potential,44,-0.08425091902503888,1.2216830840390873,-1.437316551054732,0.023565814482783512,0.48695130486951305,0.7997537654547503,False
GO_BP,PHOL,GO:0042417,dopamine metabolic process,8,-0.46212255011648457,0.5262975000707165,-0.9565841343057965,-0.2469792329989446,0.5646435356464353,0.7997537654547503,False
GO_BP,PHOL,GO:0042440,pigment metabolic process,6,3.1868719409355086,3.557616996244494,2.163291709723829,0.3264175879513469,0.280971902809719,0.7997537654547503,False
GO_BP,PHOL,GO:0042445,hormone metabolic process,27,1.2766556021926287,0.9419196619110891,1.386759715860883,0.1123159133066427,0.43695630436956306,0.7997537654547503,False
GO_BP,PHOL,GO:0042446,hormone biosynthetic process,7,-0.03765772192787053,-0.21297356806762294,0.34592078354403144,-0.10413132966607477,0.5010498950104989,0.7997537654547503,False
GO_BP,PHOL,GO:0042542,response to hydrogen peroxide,10,-0.5406121840292483,-0.8181826469536589,-0.7940883750261776,0.26552332696066994,0.3277672232776722,0.7997537654547503,False
GO_BP,PHOL,GO:0042572,retinol metabolic process,12,0.07082703168971274,0.03769460513162769,0.9245863904244794,-0.41031346608834085,0.6053394660533946,0.7997537654547503,False
GO_BP,PHOL,GO:0042573,retinoic acid metabolic process,6,3.8735244210596003,3.7098298024688017,2.343055646354856,0.8470816966477717,0.16798320167983202,0.7997537654547503,False
GO_BP,PHOL,GO:0042592,homeostatic process,74,0.17490347577008009,-0.6424581479567592,0.5851481633431606,0.20355846807687938,0.400959904009599,0.7997537654547503,False
GO_BP,PHOL,GO:0042593,glucose homeostasis,16,0.2674403219309231,-0.2784094041862011,0.3108478392591014,0.2512211043944729,0.3691630836916308,0.7997537654547503,False
GO_BP,PHOL,GO:0042594,response to starvation,5,1.0753385536567415,1.1985974504647887,2.145916970738646,-0.596918656944976,0.6776322367763223,0.8033058431305515,False
GO_BP,PHOL,GO:0042632,cholesterol homeostasis,7,0.355777949397145,-0.13195300082635986,0.5619792001273488,0.14076484974665054,0.38346165383461656,0.7997537654547503,False
GO_BP,PHOL,GO:0042742,defense response to bacterium,14,0.28887092934687086,-0.41856787877438334,0.7963951980006627,0.09995726973373117,0.45225477452254775,0.7997537654547503,False
GO_BP,PHOL,GO:0042749,regulation of circadian sleep/wake cycle,6,-0.6337687172013339,-0.2911160960076002,-0.4239643596934297,-0.2762284893508189,0.5735426457354265,0.7997537654547503,False
GO_BP,PHOL,GO:0042752,regulation of circadian rhythm,17,-0.3751316351907243,0.44261837378688884,-0.7023975158966136,-0.24524206413586191,0.5714428557144285,0.7997537654547503,False
GO_BP,PHOL,GO:0042759,long-chain fatty acid biosynthetic process,12,-0.07930419666512428,0.36248804324773287,0.11717383333268747,-0.31913513495533447,0.5680431956804319,0.7997537654547503,False
GO_BP,PHOL,GO:0042789,mRNA transcription by RNA polymerase II,5,1.2921430893356451,2.2013439751601758,-0.16357529236120216,0.27325874793615834,0.37666233376662334,0.7997537654547503,False
GO_BP,PHOL,GO:0042908,xenobiotic transport,10,0.23811358065549773,-1.2921919361050769,0.3406699095264231,0.7138745939448246,0.26677332266773324,0.7997537654547503,False
GO_BP,PHOL,GO:0042981,regulation of apoptotic process,94,-1.9683982195053948,-2.380791148958623,-1.7196600722113207,0.08182739107957726,0.45215478452154784,0.7997537654547503,False
GO_BP,PHOL,GO:0043010,camera-type eye development,11,-0.9236136771411332,-1.0070787182845715,-1.457990221213297,0.30892079260780103,0.3100689931006899,0.7997537654547503,False
GO_BP,PHOL,GO:0043062,extracellular structure organization,11,-1.5702384029052825,-1.6604020788842317,-1.6719378714928996,0.0959315722832832,0.40815918408159185,0.7997537654547503,False
GO_BP,PHOL,GO:0043065,positive regulation of apoptotic process,26,-0.42908319927316796,-0.7554681373213457,-0.31291801138525327,0.10510987508013148,0.42675732426757323,0.7997537654547503,False
GO_BP,PHOL,GO:0043066,negative regulation of apoptotic process,70,-2.137221711136059,-1.8993889148521956,-1.9867636124793608,-0.19414544747028106,0.5617438256174383,0.7997537654547503,False
GO_BP,PHOL,GO:0043067,regulation of programmed cell death,99,-2.2336681057121157,-2.50987190926735,-1.8608604520982257,-0.04830192502932773,0.49395060493950604,0.7997537654547503,False
GO_BP,PHOL,GO:0043068,positive regulation of programmed cell death,29,-0.4604706610531874,-0.8286859750007851,-0.35691216635463496,0.13232840962452258,0.41925807419258077,0.7997537654547503,False
GO_BP,PHOL,GO:0043069,negative regulation of programmed cell death,74,-2.3841516690616222,-1.9993165989593111,-2.1570894306632704,-0.3059486542503316,0.5956404359564044,0.7997537654547503,False
GO_BP,PHOL,GO:0043085,positive regulation of catalytic activity,22,-1.7799961738532044,-1.0508449976613612,-1.1107670925648288,-0.6991901287401094,0.7061293870612939,0.8113639900434214,False
GO_BP,PHOL,GO:0043086,negative regulation of catalytic activity,6,-0.3143166857380655,0.077817973583151,0.19214045165788923,-0.44929589835858563,0.6373362663733627,0.7997700096049865,False
GO_BP,PHOL,GO:0043114,regulation of vascular permeability,5,-1.2522416415568893,-1.0802419121203892,-0.3593582572762524,-0.5324415568585685,0.6634336566343366,0.8033058431305515,False
GO_BP,PHOL,GO:0043122,regulation of canonical NF-kappaB signal transduction,16,0.7580366059770903,0.8925387928197073,0.09406951879100409,0.26473245017173463,0.39816018398160186,0.7997537654547503,False
GO_BP,PHOL,GO:0043123,positive regulation of canonical NF-kappaB signal transduction,11,0.7547866734050509,1.7485405219850667,-0.8215311863283252,0.29128200557668016,0.3975602439756024,0.7997537654547503,False
GO_BP,PHOL,GO:0043124,negative regulation of canonical NF-kappaB signal transduction,5,0.06449968373601021,-0.27746497513563334,0.5983642784034984,-0.0959499678979223,0.5048495150484952,0.7997537654547503,False
GO_BP,PHOL,GO:0043161,proteasome-mediated ubiquitin-dependent protein catabolic process,5,1.0199302886014145,2.8192070911232805,0.047619893082024405,-0.4134832035012379,0.6219378062193781,0.7997537654547503,False
GO_BP,PHOL,GO:0043170,macromolecule metabolic process,134,-0.6046708572378531,-0.7465089582471743,0.7885443399139163,-0.625688548071224,0.6853314668533147,0.8051565046655605,False
GO_BP,PHOL,GO:0043200,response to amino acid,10,-0.962245598444004,-0.9156921496936223,-0.5065328076210365,-0.25113311978667463,0.5547445255474452,0.7997537654547503,False
GO_BP,PHOL,GO:0043207,response to external biotic stimulus,53,-0.2452625170777531,0.06472671890781022,-0.6858788077330084,0.06531352733484597,0.4510548945105489,0.7997537654547503,False
GO_BP,PHOL,GO:0043244,regulation of protein-containing complex disassembly,6,-0.9248879082966162,-1.0364473734275566,-0.8918784136513683,0.03927498524284623,0.47725227477252274,0.7997537654547503,False
GO_BP,PHOL,GO:0043254,regulation of protein-containing complex assembly,23,-0.34355544372393126,0.05589965119124167,0.4033816547573389,-0.5731960966982216,0.669033096690331,0.8033058431305515,False
GO_BP,PHOL,GO:0043255,regulation of carbohydrate biosynthetic process,6,-0.459002519412344,-0.17800889131980527,-0.12068552409872513,-0.3096553117030788,0.5868413158684131,0.7997537654547503,False
GO_BP,PHOL,GO:0043266,regulation of potassium ion transport,9,1.011622911262355,1.0151617586163846,-0.8107413156241317,0.9094126897662285,0.22247775222477753,0.7997537654547503,False
GO_BP,PHOL,GO:0043268,positive regulation of potassium ion transport,5,1.4339761910692406,1.6110241191708812,-0.5975434963409046,0.9272358796542524,0.22027797220277973,0.7997537654547503,False
GO_BP,PHOL,GO:0043269,regulation of monoatomic ion transport,32,-0.7049384102535117,-0.8940176640621956,-1.1733346836263083,0.32873776359074025,0.3788621137886211,0.7997537654547503,False
GO_BP,PHOL,GO:0043270,positive regulation of monoatomic ion transport,13,0.46160202849049664,0.7875436419308197,-0.8889500806114145,0.512305247830794,0.32836716328367166,0.7997537654547503,False
GO_BP,PHOL,GO:0043271,negative regulation of monoatomic ion transport,8,-0.37558960815681647,-0.7729765016958049,-0.9135999701550748,0.4676986277686234,0.3143685631436856,0.7997537654547503,False
GO_BP,PHOL,GO:0043278,response to morphine,7,-1.2249341344474571,-0.6726040829121857,-1.277741547920764,-0.2497613190309822,0.5566443355664433,0.7997537654547503,False
GO_BP,PHOL,GO:0043279,response to alkaloid,20,-1.5079387375986668,-0.3135196602347534,-1.4348476800545586,-0.6337550674540108,0.6894310568943106,0.8055371886185417,False
GO_BP,PHOL,GO:0043401,steroid hormone receptor signaling pathway,15,0.4553139460438798,0.8511502126305588,-0.8750847462813394,0.4672812128692701,0.34236576342365765,0.7997537654547503,False
GO_BP,PHOL,GO:0043405,regulation of MAP kinase activity,6,-0.4548086063159427,-0.2559597328206648,0.6097391313751936,-0.6316983055932072,0.6936306369363063,0.8066234370351785,False
GO_BP,PHOL,GO:0043406,positive regulation of MAP kinase activity,5,-1.2172395892049221,-1.1070121815304512,-0.6386324706771567,-0.3444172631011182,0.5963403659634037,0.7997537654547503,False
GO_BP,PHOL,GO:0043408,regulation of MAPK cascade,61,-0.9758765787872519,-1.2183800981120556,0.5168412020916664,-0.6251071307770573,0.688931106889311,0.8055371886185417,False
GO_BP,PHOL,GO:0043409,negative regulation of MAPK cascade,11,0.5812901846369448,0.2156644475801084,1.908814096432118,-0.4809490873691683,0.6426357364263574,0.801209583750324,False
GO_BP,PHOL,GO:0043410,positive regulation of MAPK cascade,48,-1.2618088017822715,-0.9649564528731318,-0.442542224478745,-0.5580594631063331,0.6724327567243276,0.8033058431305515,False
GO_BP,PHOL,GO:0043412,macromolecule modification,74,0.5941613744002432,-0.12197767336377291,2.173525920434999,-0.43161274913536984,0.6360363963603639,0.7997700096049865,False
GO_BP,PHOL,GO:0043434,response to peptide hormone,37,-0.1891187982914782,-0.433222449329418,0.23123225691970314,-0.08812370208662078,0.5246475352464753,0.7997537654547503,False
GO_BP,PHOL,GO:0043436,oxoacid metabolic process,52,1.2809828441637139,0.9082585245914673,1.2937228123201288,0.17999217570791592,0.4400559944005599,0.7997537654547503,False
GO_BP,PHOL,GO:0043467,regulation of generation of precursor metabolites and energy,11,-0.7673459140422841,-0.5732611612414014,-0.5930539622116989,-0.18418835231573405,0.5524447555244476,0.7997537654547503,False
GO_BP,PHOL,GO:0043470,regulation of carbohydrate catabolic process,6,-0.9962418989186147,-1.1124427440144111,-1.0406433312090044,0.08030113869309308,0.46425357464253575,0.7997537654547503,False
GO_BP,PHOL,GO:0043473,pigmentation,5,-0.34421655540736157,-0.272522287930341,-0.45579936710067454,0.0199442721081462,0.45655434456554345,0.7997537654547503,False
GO_BP,PHOL,GO:0043484,regulation of RNA splicing,5,-0.8091938631468977,-0.8358347590814553,0.47415028952399574,-0.6283516283681678,0.7082291770822917,0.8118982370682843,False
GO_BP,PHOL,GO:0043487,regulation of RNA stability,6,-0.7183105645092821,-0.35145925660447186,-0.7928318239305236,-0.14616502424178435,0.5286471352864713,0.7997537654547503,False
GO_BP,PHOL,GO:0043488,regulation of mRNA stability,6,-0.7183105645092821,-0.35145925660447186,-0.7928318239305236,-0.14616502424178435,0.5286471352864713,0.7997537654547503,False
GO_BP,PHOL,GO:0043491,phosphatidylinositol 3-kinase/protein kinase B signal transduction,10,-1.675708888213736,-0.8288213134533345,-1.0178991502364225,-0.7523486563688575,0.7284271572842715,0.8242357582423576,False
GO_BP,PHOL,GO:0043502,regulation of muscle adaptation,8,-0.1400972981241603,0.07741223504148083,-0.5890931874279423,0.11574317806907039,0.43195680431956807,0.7997537654547503,False
GO_BP,PHOL,GO:0043523,regulation of neuron apoptotic process,23,-0.761677185579049,-0.8253171366703017,-0.8528517993133828,0.07740728241279338,0.44155584441555845,0.7997537654547503,False
GO_BP,PHOL,GO:0043524,negative regulation of neuron apoptotic process,13,-1.2070158871731016,-1.018539296785422,-1.343208826679969,-0.026141825440405997,0.48655134486551344,0.7997537654547503,False
GO_BP,PHOL,GO:0043525,positive regulation of neuron apoptotic process,7,-0.5161211884633993,-0.4979480369313562,-0.9243665231017941,0.19503609155317592,0.37766223377662234,0.7997537654547503,False
GO_BP,PHOL,GO:0043535,regulation of blood vessel endothelial cell migration,8,-1.2847475350279272,-1.2574915871092789,-1.299796682114766,-0.006103400415904847,0.4861513848615138,0.7997537654547503,False
GO_BP,PHOL,GO:0043536,positive regulation of blood vessel endothelial cell migration,7,-1.3311564030738572,-1.3443252790738212,-1.1877337947710556,-0.06512686615141883,0.5037496250374962,0.7997537654547503,False
GO_BP,PHOL,GO:0043542,endothelial cell migration,5,-0.8602472228460734,-0.8281086437153374,-0.9462487066952434,0.026931452359217012,0.43055694430556946,0.7997537654547503,False
GO_BP,PHOL,GO:0043549,regulation of kinase activity,12,-0.40379099832187526,-0.4002545495758296,0.5690063721359561,-0.4881669096019385,0.6475352464753524,0.8020133445239224,False
GO_BP,PHOL,GO:0043588,skin development,7,-1.3301185717522388,-1.3550670190115648,-1.0226388086544573,-0.14126565791922774,0.5313468653134686,0.7997537654547503,False
GO_BP,PHOL,GO:0043627,response to estrogen,7,0.3401588608349402,0.431411165690205,-0.4930642420511273,0.37098539901540134,0.35876412358764126,0.7997537654547503,False
GO_BP,PHOL,GO:0043632,modification-dependent macromolecule catabolic process,5,1.0199302886014145,2.8192070911232805,0.047619893082024405,-0.4134832035012379,0.6219378062193781,0.7997537654547503,False
GO_BP,PHOL,GO:0043687,post-translational protein modification,18,1.0113045621781678,1.8412798438485618,-0.494922632112487,0.3381259563101304,0.3885611438856114,0.7997537654547503,False
GO_BP,PHOL,GO:0043933,protein-containing complex organization,26,0.0002924276730638562,1.2339565682083449,-0.4640152030525499,-0.3846782549048336,0.6122387761223878,0.7997537654547503,False
GO_BP,PHOL,GO:0044057,regulation of system process,60,-1.3055342285275817,-1.12703308264015,-1.2777587003066142,-0.10313833705419961,0.5130486951304869,0.7997537654547503,False
GO_BP,PHOL,GO:0044085,cellular component biogenesis,48,1.596539731402022,1.6164521553592692,0.3757807198345414,0.6004232938051166,0.3080691930806919,0.7997537654547503,False
GO_BP,PHOL,GO:0044087,regulation of cellular component biogenesis,45,-0.5280990038553081,-0.23891411525691872,0.550388938184678,-0.6838364153191877,0.7081291870812919,0.8118982370682843,False
GO_BP,PHOL,GO:0044089,positive regulation of cellular component biogenesis,23,-0.6739717819185536,0.004110240823577759,-0.25745327248212885,-0.5473002660892781,0.6526347365263474,0.8020133445239224,False
GO_BP,PHOL,GO:0044092,negative regulation of molecular function,9,-0.01813451521527093,-0.17762896417251914,0.9358927485800065,-0.3972664074190146,0.6142385761423858,0.7997537654547503,False
GO_BP,PHOL,GO:0044093,positive regulation of molecular function,26,-1.8965634506840177,-0.8266145262238943,-1.349347132153218,-0.8085826214954615,0.7443255674432556,0.8299841924313643,False
GO_BP,PHOL,GO:0044281,small molecule metabolic process,80,1.227044969112957,0.7410252227762649,1.372271355753305,0.17039667984817197,0.4617538246175382,0.7997537654547503,False
GO_BP,PHOL,GO:0044282,small molecule catabolic process,14,-0.005700672232595187,0.15949183252850252,0.38354020247359316,-0.277216689733643,0.561043895610439,0.7997537654547503,False
GO_BP,PHOL,GO:0044283,small molecule biosynthetic process,35,-0.43322284501349173,-0.012148199153647827,-0.27252099819263403,-0.2908882463403508,0.5629437056294371,0.7997537654547503,False
GO_BP,PHOL,GO:0044403,biological process involved in symbiotic interaction,8,-1.3441490840555443,-1.0511380256873666,-1.8546374270648558,0.10873864232056696,0.41555844415558446,0.7997537654547503,False
GO_BP,PHOL,GO:0044409,symbiont entry into host,6,-0.9321509725317503,-0.8154569671703383,-1.2895956489886053,0.12037533554772151,0.4016598340165983,0.7997537654547503,False
GO_BP,PHOL,GO:0044419,biological process involved in interspecies interaction between organisms,64,-1.0294752276645895,-0.6065980204134176,-1.7844509739072165,0.16604926949572762,0.41885811418858115,0.7997537654547503,False
GO_BP,PHOL,GO:0044597,daunorubicin metabolic process,5,-0.05094058655233199,-0.6636776875503992,1.1348678565049282,-0.28653567102959643,0.595940405959404,0.7997537654547503,False
GO_BP,PHOL,GO:0044598,doxorubicin metabolic process,5,-0.05094058655233199,-0.6636776875503992,1.1348678565049282,-0.28653567102959643,0.595940405959404,0.7997537654547503,False
GO_BP,PHOL,GO:0044703,multi-organism reproductive process,14,-1.4610357241433833,-1.350640985953268,-1.294491988128472,-0.13846923710251335,0.5347465253474653,0.7997537654547503,False
GO_BP,PHOL,GO:0044706,multi-multicellular organism process,14,-1.4610357241433833,-1.350640985953268,-1.294491988128472,-0.13846923710251335,0.5347465253474653,0.7997537654547503,False
GO_BP,PHOL,GO:0044770,cell cycle phase transition,8,-0.5208363037049256,-0.9124333049437319,0.1767516470638554,-0.15299547476498737,0.5473452654734526,0.7997537654547503,False
GO_BP,PHOL,GO:0044772,mitotic cell cycle phase transition,7,-0.44172385592944924,-0.8346856013901561,0.2526631819672964,-0.15071264621801939,0.545945405459454,0.7997537654547503,False
GO_BP,PHOL,GO:0044839,cell cycle G2/M phase transition,7,-0.495631273344247,-0.8853899193974761,0.18850199270566884,-0.14718730999834334,0.5445455454454554,0.7997537654547503,False
GO_BP,PHOL,GO:0045087,innate immune response,18,0.33311527274449687,-0.024455919302613982,-0.013000817391006367,0.35184364109130706,0.37546245375462456,0.7997537654547503,False
GO_BP,PHOL,GO:0045088,regulation of innate immune response,32,0.21916531113462898,-1.1747237913447803,1.2326031656718983,0.19022562397106998,0.4326567343265673,0.7997537654547503,False
GO_BP,PHOL,GO:0045089,positive regulation of innate immune response,17,-0.877702280829618,-1.3136332272011086,-0.6998439317261934,0.129036298634033,0.44515548445155484,0.7997537654547503,False
GO_BP,PHOL,GO:0045137,development of primary sexual characteristics,8,0.09115659554892608,0.01209248298006285,-0.15961823968005642,0.16491947389892286,0.3955604439556044,0.7997537654547503,False
GO_BP,PHOL,GO:0045165,cell fate commitment,5,-0.6219607651474962,-0.26177665576690085,-1.5303524653297533,0.27410379540083085,0.38166183381661833,0.7997537654547503,False
GO_BP,PHOL,GO:0045184,establishment of protein localization,15,-1.4243499082747726,-1.4676956695017804,-1.441847021979332,0.03042143746578363,0.4767523247675233,0.7997537654547503,False
GO_BP,PHOL,GO:0045187,"regulation of circadian sleep/wake cycle, sleep",6,-0.6337687172013339,-0.2911160960076002,-0.4239643596934297,-0.2762284893508189,0.5735426457354265,0.7997537654547503,False
GO_BP,PHOL,GO:0045229,external encapsulating structure organization,11,-1.5702384029052825,-1.6604020788842317,-1.6719378714928996,0.0959315722832832,0.40815918408159185,0.7997537654547503,False
GO_BP,PHOL,GO:0045321,leukocyte activation,23,0.3568230698375257,0.34507910036160616,0.04652314724832938,0.16102194603255793,0.41145885411458855,0.7997537654547503,False
GO_BP,PHOL,GO:0045428,regulation of nitric oxide biosynthetic process,13,-1.3030410365484162,-1.2023337986257383,-0.8996494357832318,-0.2520494193439311,0.5644435556444356,0.7997537654547503,False
GO_BP,PHOL,GO:0045429,positive regulation of nitric oxide biosynthetic process,11,-1.2249565212820341,-1.077661287945985,-0.9024028995182203,-0.23492442754993148,0.5569443055694431,0.7997537654547503,False
GO_BP,PHOL,GO:0045471,response to ethanol,20,-0.9810290892457508,0.07483744300982037,-0.7779358230146936,-0.6294798992433143,0.6904309569043096,0.8055371886185417,False
GO_BP,PHOL,GO:0045595,regulation of cell differentiation,64,-1.16387131645348,-0.47333014670568463,-1.4402580456008844,-0.20707722030019537,0.5427457254274572,0.7997537654547503,False
GO_BP,PHOL,GO:0045596,negative regulation of cell differentiation,21,-0.013318099123276092,-0.19026321882956398,0.42565695895,-0.1310149691834941,0.525947405259474,0.7997537654547503,False
GO_BP,PHOL,GO:0045597,positive regulation of cell differentiation,45,-1.5982269725596598,-0.3938999636089697,-2.100011393273118,-0.351271294118616,0.6114388561143885,0.7997537654547503,False
GO_BP,PHOL,GO:0045598,regulation of fat cell differentiation,11,-0.7159581034493685,-0.6052831712853732,-1.1240427916207953,0.1487048780037158,0.40275972402759724,0.7997537654547503,False
GO_BP,PHOL,GO:0045600,positive regulation of fat cell differentiation,6,-0.9715721524314234,-0.8990552775783418,-1.1757047259752202,0.06580784934535777,0.458054194580542,0.7997537654547503,False
GO_BP,PHOL,GO:0045619,regulation of lymphocyte differentiation,6,-0.3055985025893402,-0.9315716624851161,0.22571674531880553,0.04732895599381515,0.46015398460153983,0.7997537654547503,False
GO_BP,PHOL,GO:0045621,positive regulation of lymphocyte differentiation,5,-1.0112718099839169,-1.1093232672438638,-0.8997871030420226,-0.006716624840973795,0.47535246475352466,0.7997537654547503,False
GO_BP,PHOL,GO:0045637,regulation of myeloid cell differentiation,9,-0.2711846574085681,-0.5499723094348287,-0.02144832196184859,0.014525658289770482,0.4527547245275472,0.7997537654547503,False
GO_BP,PHOL,GO:0045639,positive regulation of myeloid cell differentiation,6,-0.677751423957489,-0.571885641004124,-0.79356473697696,0.004973765033052913,0.46985301469853014,0.7997537654547503,False
GO_BP,PHOL,GO:0045646,regulation of erythrocyte differentiation,6,-0.7547004110269839,-0.8314853945809311,-1.1947998351181734,0.25844220382256844,0.3334666533346665,0.7997537654547503,False
GO_BP,PHOL,GO:0045648,positive regulation of erythrocyte differentiation,5,-0.8644110721319477,-0.8029982377957932,-1.0022910570114933,0.038233575271695575,0.45355464453554645,0.7997537654547503,False
GO_BP,PHOL,GO:0045664,regulation of neuron differentiation,6,-0.8030717372661459,-0.28641030122750755,-0.7767784554124854,-0.27147735894614944,0.5632436756324367,0.7997537654547503,False
GO_BP,PHOL,GO:0045667,regulation of osteoblast differentiation,7,-0.48489823983042396,0.37155298142818155,-0.7695768072485732,-0.2858863269202281,0.5825417458254175,0.7997537654547503,False
GO_BP,PHOL,GO:0045732,positive regulation of protein catabolic process,14,-1.1270233938758376,-0.3073437198868684,-1.1256997332450058,-0.41050166730990045,0.6177382261773823,0.7997537654547503,False
GO_BP,PHOL,GO:0045739,positive regulation of DNA repair,8,0.46625963737279624,1.326523561292092,0.36888710980970324,-0.3814456981781014,0.613038696130387,0.7997537654547503,False
GO_BP,PHOL,GO:0045744,negative regulation of G protein-coupled receptor signaling pathway,9,0.5537830644000894,1.1212709243348724,-0.64156845526321,0.3139318298642582,0.37106289371062895,0.7997537654547503,False
GO_BP,PHOL,GO:0045745,positive regulation of G protein-coupled receptor signaling pathway,7,-0.6586108189362302,-0.6779412962470523,-0.39558974147658343,-0.1218453000744123,0.5214478552144786,0.7997537654547503,False
GO_BP,PHOL,GO:0045761,regulation of adenylate cyclase activity,9,-1.4354587411180508,-1.0279228570669465,-1.4986366335887167,-0.1721789957902191,0.5301469853014699,0.7997537654547503,False
GO_BP,PHOL,GO:0045762,positive regulation of adenylate cyclase activity,7,-1.7454945837670846,-1.1139447837066982,-1.1690713464744842,-0.6039865186764934,0.6794320567943206,0.8037770540438373,False
GO_BP,PHOL,GO:0045765,regulation of angiogenesis,21,0.7025789971806649,0.5069242710680569,0.9725803718662288,-0.037173324286478016,0.46915308469153083,0.7997537654547503,False
GO_BP,PHOL,GO:0045766,positive regulation of angiogenesis,12,0.24286185642390595,0.4044140254652198,-0.3336724697090815,0.2074910785458368,0.38736126387361264,0.7997537654547503,False
GO_BP,PHOL,GO:0045776,negative regulation of blood pressure,7,0.05861135786286488,0.17179449404061448,0.14881597873079144,-0.10169387852283808,0.5118488151184881,0.7997537654547503,False
GO_BP,PHOL,GO:0045777,positive regulation of blood pressure,7,-0.17954132464621905,0.2458055044061554,0.6613868977098321,-0.6331375257042128,0.6973302669733027,0.80794593146476,False
GO_BP,PHOL,GO:0045778,positive regulation of ossification,5,0.5434115259236181,0.8014356858205661,0.9477444059474169,-0.3311785199603734,0.6757324267573243,0.8033058431305515,False
GO_BP,PHOL,GO:0045785,positive regulation of cell adhesion,27,-0.7176958939512542,-0.729283452282586,-0.18030241257441584,-0.26290296152275333,0.5489451054894511,0.7997537654547503,False
GO_BP,PHOL,GO:0045786,negative regulation of cell cycle,7,-0.580675994755047,-0.7830840696658479,-0.8196790030156424,0.2207055415856981,0.34136586341365865,0.7997537654547503,False
GO_BP,PHOL,GO:0045787,positive regulation of cell cycle,23,-1.5448553157381735,-1.7019901623268208,-0.5263094940935432,-0.4307054875279914,0.6297370262973703,0.7997700096049865,False
GO_BP,PHOL,GO:0045807,positive regulation of endocytosis,7,-1.115220298679794,-1.3604062567669732,-1.3200237626899693,0.2249947110486772,0.4022597740225977,0.7997537654547503,False
GO_BP,PHOL,GO:0045814,"negative regulation of gene expression, epigenetic",9,1.6753721924889629,0.7270139373581952,1.343051927722876,0.6403392599484272,0.27877212278772123,0.7997537654547503,False
GO_BP,PHOL,GO:0045823,positive regulation of heart contraction,6,0.5460561204592626,0.519062500526022,2.4576406646439657,-0.9422954621257312,0.8028197180281972,0.8560483664552205,False
GO_BP,PHOL,GO:0045824,negative regulation of innate immune response,7,0.8644989848516187,-0.5407719083234787,1.37389834915969,0.4479357644335131,0.33256674332566744,0.7997537654547503,False
GO_BP,PHOL,GO:0045833,negative regulation of lipid metabolic process,8,2.5703656203868293,2.3392965015621767,1.1366308686634699,0.832401935274006,0.18268173182681732,0.7997537654547503,False
GO_BP,PHOL,GO:0045834,positive regulation of lipid metabolic process,19,-0.20291110768609277,0.06854706304744339,-0.5483370042000083,0.03698386289018968,0.4684531546845315,0.7997537654547503,False
GO_BP,PHOL,GO:0045840,positive regulation of mitotic nuclear division,5,-1.0145891462706838,-0.6246498451432018,-0.5034391857296363,-0.45054463083426466,0.6357364263573643,0.7997700096049865,False
GO_BP,PHOL,GO:0045859,regulation of protein kinase activity,11,-0.32179696890975285,-0.14568074285809277,0.7658116991818315,-0.6318624470716222,0.6906309369063094,0.8055371886185417,False
GO_BP,PHOL,GO:0045860,positive regulation of protein kinase activity,10,-0.9163786239802812,-0.7705444387255388,-0.29897453243311517,-0.3816191384009543,0.6040395960403959,0.7997537654547503,False
GO_BP,PHOL,GO:0045862,positive regulation of proteolysis,5,-0.45038236493176004,-0.09345647813653421,-0.482166120900549,-0.16257106541321842,0.5158484151584841,0.7997537654547503,False
GO_BP,PHOL,GO:0045892,negative regulation of DNA-templated transcription,49,1.0108791806128419,0.724427389014027,0.047071161239750504,0.6251299054859532,0.30116988301169884,0.7997537654547503,False
GO_BP,PHOL,GO:0045893,positive regulation of DNA-templated transcription,58,0.3213983980592811,0.04147270345448079,-0.950001747599523,0.7756629201318022,0.2652734726527347,0.7997537654547503,False
GO_BP,PHOL,GO:0045907,positive regulation of vasoconstriction,9,-1.3136891904009091,-1.0674853566126776,-1.0212307493205015,-0.26933113743431947,0.5621437856214379,0.7997537654547503,False
GO_BP,PHOL,GO:0045913,positive regulation of carbohydrate metabolic process,7,-0.9041605908470695,-1.3694672498019511,-0.3199683245045517,-0.05944280369381805,0.5094490550944906,0.7997537654547503,False
GO_BP,PHOL,GO:0045923,positive regulation of fatty acid metabolic process,6,-0.24795624599224916,-0.20826335254877967,-0.7798050350472017,0.24607794780574152,0.39686031396860316,0.7997537654547503,False
GO_BP,PHOL,GO:0045926,negative regulation of growth,7,0.20446221965951306,-0.13634240221137145,-0.35157656061889286,0.4484217010746452,0.33526647335266474,0.7997537654547503,False
GO_BP,PHOL,GO:0045927,positive regulation of growth,13,-1.0141819588842071,-0.647978127632436,-0.3326926175824449,-0.5238465862767667,0.6558344165583442,0.8020133445239224,False
GO_BP,PHOL,GO:0045931,positive regulation of mitotic cell cycle,12,-1.1865610618067186,-1.4772118218496908,-0.15924024871064332,-0.3683350265265516,0.6045395460453955,0.7997537654547503,False
GO_BP,PHOL,GO:0045933,positive regulation of muscle contraction,9,-0.7756927710090555,-0.31044476274844,-0.29129149288993467,-0.47482464318986817,0.668033196680332,0.8033058431305515,False
GO_BP,PHOL,GO:0045934,negative regulation of nucleobase-containing compound metabolic process,56,0.8597585938605556,0.6254148697887252,-0.37662763852666753,0.7353649782295268,0.2705729427057294,0.7997537654547503,False
GO_BP,PHOL,GO:0045936,negative regulation of phosphate metabolic process,6,1.2707191227937704,0.41467162963692633,2.5664018966366795,-0.21981764034303253,0.5621437856214379,0.7997537654547503,False
GO_BP,PHOL,GO:0045937,positive regulation of phosphate metabolic process,22,-2.2900628285470015,-1.5976730805995396,-1.0344050617824485,-0.9740237573560075,0.7825217478252174,0.8477318934773189,False
GO_BP,PHOL,GO:0045944,positive regulation of transcription by RNA polymerase II,44,0.9609136284054249,0.49227708478069043,-0.41315687816359675,0.9213535250968781,0.2298770122987701,0.7997537654547503,False
GO_BP,PHOL,GO:0045981,positive regulation of nucleotide metabolic process,8,-1.0450293442003091,-0.8955264728835935,-1.3782851145858401,0.09187644953440777,0.46215378462153783,0.7997537654547503,False
GO_BP,PHOL,GO:0045987,positive regulation of smooth muscle contraction,6,-0.829094255050472,-0.5709768601356182,-0.6584270463368488,-0.21439230181423852,0.5513448655134486,0.7997537654547503,False
GO_BP,PHOL,GO:0046034,ATP metabolic process,7,1.513381773472279,0.7627199558428245,0.8746946565993149,0.6946744672512093,0.264973502649735,0.7997537654547503,False
GO_BP,PHOL,GO:0046149,pigment catabolic process,5,4.5698376763425035,4.996696359209116,2.702290550601778,0.7203442214370566,0.15098490150984903,0.7997537654547503,False
GO_BP,PHOL,GO:0046165,alcohol biosynthetic process,6,2.445776998405381,3.064348224949153,1.6414254806201798,0.09289014562071474,0.41875812418758124,0.7997537654547503,False
GO_BP,PHOL,GO:0046209,nitric oxide metabolic process,7,-0.4869327183946216,-0.4503402832189176,0.035743586682717446,-0.2796343701265215,0.5805419458054195,0.7997537654547503,False
GO_BP,PHOL,GO:0046320,regulation of fatty acid oxidation,5,-0.6173445778287355,-0.2662821594853376,-0.9638245154611943,-0.0022912403554695704,0.48085191480851913,0.7997537654547503,False
GO_BP,PHOL,GO:0046328,regulation of JNK cascade,13,-0.3670320078334829,-0.48604779045157687,1.0160079297623623,-0.6320120774888756,0.6903309669033096,0.8055371886185417,False
GO_BP,PHOL,GO:0046330,positive regulation of JNK cascade,7,0.15912316254020853,0.06851769548285665,1.4844766881687885,-0.617374029285614,0.6858314168583142,0.8051565046655605,False
GO_BP,PHOL,GO:0046394,carboxylic acid biosynthetic process,26,-0.5907095946769079,-0.1213205873422245,-0.6357873641169239,-0.21215561894733365,0.5321467853214679,0.7997537654547503,False
GO_BP,PHOL,GO:0046395,carboxylic acid catabolic process,6,0.22648234028462363,0.05931819625246859,0.3911150423376232,0.001265720989577751,0.4814518548145185,0.7997537654547503,False
GO_BP,PHOL,GO:0046425,regulation of receptor signaling pathway via JAK-STAT,7,-0.10356218281927934,-0.4177921630022691,0.5743356542252782,-0.1818339284307839,0.5727427257274272,0.7997537654547503,False
GO_BP,PHOL,GO:0046427,positive regulation of receptor signaling pathway via JAK-STAT,6,-0.4808569147669623,-0.5373425670905989,-0.5716701312795699,0.07364943441812205,0.4246575342465753,0.7997537654547503,False
GO_BP,PHOL,GO:0046434,organophosphate catabolic process,10,-0.23084440542763213,-0.2860901824254067,-0.43429377272365255,0.12934757214689746,0.388961103889611,0.7997537654547503,False
GO_BP,PHOL,GO:0046456,icosanoid biosynthetic process,11,-0.6738705033972213,-0.7049900421591077,-1.0031693208332835,0.1802091780989742,0.38076192380761925,0.7997537654547503,False
GO_BP,PHOL,GO:0046457,prostanoid biosynthetic process,8,-0.6005125925389434,-0.6594774314399612,-0.7896498874439026,0.1240510669029885,0.40075992400759924,0.7997537654547503,False
GO_BP,PHOL,GO:0046461,neutral lipid catabolic process,5,1.2728609152971722,0.9277449740451207,0.5002795678475088,0.5588486443508573,0.32056794320567944,0.7997537654547503,False
GO_BP,PHOL,GO:0046464,acylglycerol catabolic process,5,1.2728609152971722,0.9277449740451207,0.5002795678475088,0.5588486443508573,0.32056794320567944,0.7997537654547503,False
GO_BP,PHOL,GO:0046486,glycerolipid metabolic process,11,0.5276312581958792,0.83881352239439,0.4626204138423084,-0.12308570992247003,0.5204479552044795,0.7997537654547503,False
GO_BP,PHOL,GO:0046496,nicotinamide nucleotide metabolic process,6,0.5789343768668678,0.2079639360290499,0.4968130171537711,0.2265459002754573,0.4022597740225977,0.7997537654547503,False
GO_BP,PHOL,GO:0046503,glycerolipid catabolic process,6,1.2002736921786958,0.88847616124646,0.47862664425609736,0.5167222894274172,0.33286671332866713,0.7997537654547503,False
GO_BP,PHOL,GO:0046545,development of primary female sexual characteristics,5,-0.28253971398234407,-0.5404465631124131,0.24408667172521473,-0.13435976828874485,0.5221477852214779,0.7997537654547503,False
GO_BP,PHOL,GO:0046546,development of primary male sexual characteristics,5,0.6125679875498287,0.7001525260686021,-0.5433962623194384,0.5341898556752468,0.30696930306969306,0.7997537654547503,False
GO_BP,PHOL,GO:0046618,xenobiotic export from cell,5,-0.06847126658410455,-1.0371596118938824,0.3099088640381599,0.2951541073437567,0.36066393360663934,0.7997537654547503,False
GO_BP,PHOL,GO:0046626,regulation of insulin receptor signaling pathway,7,2.6599234858023073,1.1781840074883614,4.039808227814457,0.05092736815089838,0.47705229477052297,0.7997537654547503,False
GO_BP,PHOL,GO:0046649,lymphocyte activation,16,-0.038170219303419184,-0.311394440979507,0.08503178847287259,0.07501110694989804,0.43495650434956507,0.7997537654547503,False
GO_BP,PHOL,GO:0046660,female sex differentiation,5,-0.28253971398234407,-0.5404465631124131,0.24408667172521473,-0.13435976828874485,0.5221477852214779,0.7997537654547503,False
GO_BP,PHOL,GO:0046661,male sex differentiation,6,0.7828486663259142,0.5607929254404946,-0.27384221733554187,0.6393733122734379,0.28177182281771823,0.7997537654547503,False
GO_BP,PHOL,GO:0046676,negative regulation of insulin secretion,5,-0.6790843266761483,-0.25714837278955427,-1.0133833922701436,-0.04381844414629932,0.45795420457954206,0.7997537654547503,False
GO_BP,PHOL,GO:0046683,response to organophosphorus,9,-0.14935065812261714,0.13897022387562072,0.5473208736977511,-0.49249620690930307,0.6814318568143186,0.8040587070325225,False
GO_BP,PHOL,GO:0046718,symbiont entry into host cell,6,-0.9321509725317503,-0.8154569671703383,-1.2895956489886053,0.12037533554772151,0.4016598340165983,0.7997537654547503,False
GO_BP,PHOL,GO:0046777,protein autophosphorylation,17,-1.8108365020716048,-1.1656705155940026,-1.3348385949777297,-0.5605819467857387,0.6654334566543346,0.8033058431305515,False
GO_BP,PHOL,GO:0046822,regulation of nucleocytoplasmic transport,8,-1.1810572885881383,-0.2441302710031928,-1.127325566863562,-0.49532936965476093,0.6497350264973503,0.8020133445239224,False
GO_BP,PHOL,GO:0046824,positive regulation of nucleocytoplasmic transport,8,-1.1810572885881383,-0.2441302710031928,-1.127325566863562,-0.49532936965476093,0.6497350264973503,0.8020133445239224,False
GO_BP,PHOL,GO:0046883,regulation of hormone secretion,22,0.018665542609104004,-0.0337372549939446,0.38698715240648973,-0.15795940609716858,0.5175482451754825,0.7997537654547503,False
GO_BP,PHOL,GO:0046887,positive regulation of hormone secretion,10,0.07269765307557823,-0.00233268819803255,0.3362689250156619,-0.09427046533323645,0.49845015498450157,0.7997537654547503,False
GO_BP,PHOL,GO:0046888,negative regulation of hormone secretion,7,-1.144707221832598,-0.4198303346612881,-1.0485701064858044,-0.4105070012590517,0.6135386461353864,0.7997537654547503,False
GO_BP,PHOL,GO:0046889,positive regulation of lipid biosynthetic process,13,-0.3850919588153131,-0.49310434303867917,-0.15463088196303415,-0.061224346314456446,0.5070492950704929,0.7997537654547503,False
GO_BP,PHOL,GO:0046890,regulation of lipid biosynthetic process,17,-0.4701547300299468,-0.5222598726375862,-0.2560107082867509,-0.08101943956777824,0.5125487451254874,0.7997537654547503,False
GO_BP,PHOL,GO:0046902,regulation of mitochondrial membrane permeability,5,-0.6769932271260336,0.07957845539801393,-0.9359463336753497,-0.24880928798736568,0.561043895610439,0.7997537654547503,False
GO_BP,PHOL,GO:0046903,secretion,19,-0.8534178755835087,-1.330669677320789,-0.5740680595717501,0.09895099286276077,0.45295470452954706,0.7997537654547503,False
GO_BP,PHOL,GO:0046907,intracellular transport,18,-0.7244886476547236,-0.7209116432679366,-0.8909317018958569,0.08143302492717308,0.46515348465153483,0.7997537654547503,False
GO_BP,PHOL,GO:0046942,carboxylic acid transport,26,1.112993052790647,1.1983479061222793,-0.15735123028123052,0.5924947148701227,0.30556944305569445,0.7997537654547503,False
GO_BP,PHOL,GO:0048009,insulin-like growth factor receptor signaling pathway,6,-1.0798398254831119,-0.5486001589510957,-0.31217511845590445,-0.6494521867796118,0.6963303669633036,0.80794593146476,False
GO_BP,PHOL,GO:0048010,vascular endothelial growth factor receptor signaling pathway,9,-1.3366863975222059,-0.9385185583549528,-0.9142255725059005,-0.41031433209177925,0.619038096190381,0.7997537654547503,False
GO_BP,PHOL,GO:0048013,ephrin receptor signaling pathway,7,-0.8319504141245616,-1.1441719982751952,0.2676912442177635,-0.39371003709584573,0.607039296070393,0.7997537654547503,False
GO_BP,PHOL,GO:0048148,behavioral response to cocaine,6,-1.0133953402979152,-0.7183701615816842,-1.7583782710618483,0.22497887602385092,0.38376162383761625,0.7997537654547503,False
GO_BP,PHOL,GO:0048167,regulation of synaptic plasticity,16,-0.37999961880701444,0.35674001106088704,-0.4410850463592691,-0.33782710115782344,0.5936406359364064,0.7997537654547503,False
GO_BP,PHOL,GO:0048168,regulation of neuronal synaptic plasticity,6,-1.1933198810267784,-0.9514554653856577,-0.9768561979378274,-0.22916404936503587,0.5526447355264473,0.7997537654547503,False
GO_BP,PHOL,GO:0048169,regulation of long-term neuronal synaptic plasticity,5,-1.1697847837425528,-0.8752125474699449,-0.7939951624886639,-0.33518092876324834,0.593040695930407,0.7997537654547503,False
GO_BP,PHOL,GO:0048259,regulation of receptor-mediated endocytosis,6,-0.707925310167346,-1.2189984759106225,-0.6467426019762295,0.22494522877608003,0.39746025397460255,0.7997537654547503,False
GO_BP,PHOL,GO:0048285,organelle fission,6,-0.09652378393307429,-0.047099112636613594,0.18334080300375677,-0.16464462911664587,0.5265473452654734,0.7997537654547503,False
GO_BP,PHOL,GO:0048384,retinoic acid receptor signaling pathway,5,1.2921430893356451,2.2013439751601758,-0.16357529236120216,0.27325874793615834,0.37666233376662334,0.7997537654547503,False
GO_BP,PHOL,GO:0048468,cell development,52,-0.6668345332984172,-0.2542457963911523,-0.7171962066438988,-0.18111353178089168,0.5483451654834517,0.7997537654547503,False
GO_BP,PHOL,GO:0048469,cell maturation,5,-0.05621842445252109,0.2904142095409179,-0.8671887126532055,0.23216882710362272,0.38816118388161186,0.7997537654547503,False
GO_BP,PHOL,GO:0048511,rhythmic process,22,0.61826882727486,0.6665415059794105,0.5645615610151088,0.002717293777600327,0.48485151484851513,0.7997537654547503,False
GO_BP,PHOL,GO:0048513,animal organ development,90,0.36662185417343757,0.08855593204505115,-1.4047278522179465,1.0247078142598853,0.20207979202079793,0.7997537654547503,False
GO_BP,PHOL,GO:0048514,blood vessel morphogenesis,16,-0.769718890063115,-0.4919478161690902,-1.1129628680747712,0.0327364520588157,0.45025497450254975,0.7997537654547503,False
GO_BP,PHOL,GO:0048519,negative regulation of biological process,183,1.0228089311579445,0.8812525260558912,0.2213649382776067,0.47150019899119555,0.35096490350964904,0.7997537654547503,False
GO_BP,PHOL,GO:0048520,positive regulation of behavior,5,-0.6420005557607701,-0.2707556417353809,-0.78331195880985,-0.1149667554881546,0.5004499550044995,0.7997537654547503,False
GO_BP,PHOL,GO:0048523,negative regulation of cellular process,178,0.8750528118063136,0.6839122467640774,0.31203353908698145,0.3770799188807842,0.37136286371362864,0.7997537654547503,False
GO_BP,PHOL,GO:0048545,response to steroid hormone,33,1.7731283543593952,1.661490524747203,0.11705454289558864,0.8838558205379994,0.21077892210778923,0.7997537654547503,False
GO_BP,PHOL,GO:0048568,embryonic organ development,7,1.3768178519237595,1.5145610133927208,-0.28497794943310195,0.7620263199439501,0.24727527247275272,0.7997537654547503,False
GO_BP,PHOL,GO:0048583,regulation of response to stimulus,180,-1.5700478264202375,-0.9565040330268664,-1.6358218531920399,-0.27388488331078453,0.5697430256974303,0.7997537654547503,False
GO_BP,PHOL,GO:0048584,positive regulation of response to stimulus,132,-2.0158537592336216,-1.4990630094497044,-2.1340385218104005,-0.19930299360356907,0.5440455954404559,0.7997537654547503,False
GO_BP,PHOL,GO:0048585,negative regulation of response to stimulus,84,-0.15240385864145284,-0.013026043675305793,-0.29402941501484636,0.001123870703623242,0.47775222477752227,0.7997537654547503,False
GO_BP,PHOL,GO:0048598,embryonic morphogenesis,8,-1.1443471656028843,-1.005581118834719,-1.0837728060838254,-0.09967020314361208,0.5014498550144986,0.7997537654547503,False
GO_BP,PHOL,GO:0048608,reproductive structure development,10,0.5344609775819307,0.019083631174308457,0.7876416602780645,0.1310983318557442,0.41175882411758824,0.7997537654547503,False
GO_BP,PHOL,GO:0048609,multicellular organismal reproductive process,17,0.9280976099345449,0.07677066196915625,-0.1283009701718095,0.9538627640358716,0.21597840215978403,0.7997537654547503,False
GO_BP,PHOL,GO:0048638,regulation of developmental growth,11,0.031727647694473705,0.42244419027190083,0.05041175949969899,-0.20470032719132622,0.5565443455654434,0.7997537654547503,False
GO_BP,PHOL,GO:0048639,positive regulation of developmental growth,6,0.09214319246879094,0.3402891488494417,0.5807794192981437,-0.3683910916050018,0.6009399060093991,0.7997537654547503,False
GO_BP,PHOL,GO:0048646,anatomical structure formation involved in morphogenesis,16,-0.7713793459763759,-0.16370143020285532,-0.8985668594364363,-0.2402452011567301,0.5645435456454354,0.7997537654547503,False
GO_BP,PHOL,GO:0048660,regulation of smooth muscle cell proliferation,16,-1.349419859518079,-1.0460059238241302,-1.0252617632728622,-0.3137860159695829,0.5871412858714129,0.7997537654547503,False
GO_BP,PHOL,GO:0048661,positive regulation of smooth muscle cell proliferation,13,-1.386177458791927,-1.1029304233932289,-0.898520042337663,-0.3854522259264812,0.6091390860913909,0.7997537654547503,False
GO_BP,PHOL,GO:0048666,neuron development,21,0.4802472952753542,0.8290020019765532,0.31182566643916054,-0.09016653893250265,0.5171482851714828,0.7997537654547503,False
GO_BP,PHOL,GO:0048667,cell morphogenesis involved in neuron differentiation,8,0.13224924939709923,-0.4248172937478913,0.4241647009326608,0.13257554580471448,0.41875812418758124,0.7997537654547503,False
GO_BP,PHOL,GO:0048678,response to axon injury,5,-0.5204100193746896,-0.325435858947039,-0.3830056265867871,-0.1661892766077765,0.5163483651634837,0.7997537654547503,False
GO_BP,PHOL,GO:0048699,generation of neurons,30,-0.7949984538459615,-0.38732524253715783,-0.7226298182100748,-0.24002092347234516,0.5555444455554445,0.7997537654547503,False
GO_BP,PHOL,GO:0048708,astrocyte differentiation,6,-0.27176993059027965,-0.08504896351440311,-0.0023219406981551402,-0.22808447848400054,0.5592440755924407,0.7997537654547503,False
GO_BP,PHOL,GO:0048729,tissue morphogenesis,7,-1.7527382646410972,-1.1951534319505297,-1.5574874041850244,-0.3764178465733201,0.6087391260873912,0.7997537654547503,False
GO_BP,PHOL,GO:0048731,system development,108,0.11520048460990456,-0.1169119300939408,-0.8299945629560482,0.5886537311348992,0.2960703929607039,0.7997537654547503,False
GO_BP,PHOL,GO:0048732,gland development,19,1.0485761410667722,0.4081298116887385,-0.38655373362587164,1.0377881020353388,0.17078292170782922,0.7997537654547503,False
GO_BP,PHOL,GO:0048771,tissue remodeling,9,-1.2669655482959408,-1.5386481096475597,-0.988448681499477,-0.0034171527224224896,0.4841515848415158,0.7997537654547503,False
GO_BP,PHOL,GO:0048812,neuron projection morphogenesis,10,-0.015897971484333327,-0.1997067671002399,0.21753926096304751,-0.02481421841573713,0.48085191480851913,0.7997537654547503,False
GO_BP,PHOL,GO:0048856,anatomical structure development,139,0.24496400106294214,-0.2697942020494133,-0.4321044188013193,0.5959133114883084,0.29817018298170184,0.7997537654547503,False
GO_BP,PHOL,GO:0048858,cell projection morphogenesis,10,-0.015897971484333327,-0.1997067671002399,0.21753926096304751,-0.02481421841573713,0.48085191480851913,0.7997537654547503,False
GO_BP,PHOL,GO:0048869,cellular developmental process,90,-0.7249077018664056,-1.0761857045266832,-0.4455907840966066,0.035980542445239294,0.47705229477052297,0.7997537654547503,False
GO_BP,PHOL,GO:0048870,cell motility,42,-1.4794534007793751,-1.5092075199875585,-1.9996253868208054,0.2749630526248068,0.37366263373662634,0.7997537654547503,False
GO_BP,PHOL,GO:0048871,multicellular organismal-level homeostasis,27,-1.2766514852662987,-1.5511438305835672,-0.6884572075895463,-0.15685096617974192,0.5495450454954505,0.7997537654547503,False
GO_BP,PHOL,GO:0048872,homeostasis of number of cells,9,-0.5718177795960285,-0.8151684087232045,0.1488690012406813,-0.2386680758547669,0.5536446355364464,0.7997537654547503,False
GO_BP,PHOL,GO:0048878,chemical homeostasis,51,0.25083777079111647,-0.16082105710667374,0.43929643475416325,0.1116000819673717,0.4233576642335766,0.7997537654547503,False
GO_BP,PHOL,GO:0048880,sensory system development,12,-1.0957033335445856,-1.1462824145554151,-1.838394481119546,0.396635114292895,0.2826717328267173,0.7997537654547503,False
GO_BP,PHOL,GO:0050433,regulation of catecholamine secretion,11,-1.7062856535925575,-0.9245453257840236,-1.5997567413373097,-0.44413462003189075,0.6288371162883711,0.7997537654547503,False
GO_BP,PHOL,GO:0050670,regulation of lymphocyte proliferation,7,-0.17932218479798515,-0.023858800459293936,0.20926482948328062,-0.2720251993099785,0.5689431056894311,0.7997537654547503,False
GO_BP,PHOL,GO:0050671,positive regulation of lymphocyte proliferation,5,-0.9996818233994035,-0.252572808778123,-0.9107704686178149,-0.4180101847014346,0.6181381861813818,0.7997537654547503,False
GO_BP,PHOL,GO:0050678,regulation of epithelial cell proliferation,18,-1.1266699767295134,-0.9620459901131359,-1.0544702073855692,-0.11841187798016084,0.49765023497650235,0.7997537654547503,False
GO_BP,PHOL,GO:0050679,positive regulation of epithelial cell proliferation,14,-1.4898703968497282,-1.1930243011597534,-0.7313433617808321,-0.5276865653794354,0.6531346865313469,0.8020133445239224,False
GO_BP,PHOL,GO:0050708,regulation of protein secretion,23,0.1317709589947667,-0.16601361790384078,0.7654571085176207,-0.1679507863121233,0.5335466453354665,0.7997537654547503,False
GO_BP,PHOL,GO:0050709,negative regulation of protein secretion,9,-1.2061484480561167,-0.861047748025712,-1.1704726160061227,-0.1903882660401992,0.5257474252574742,0.7997537654547503,False
GO_BP,PHOL,GO:0050714,positive regulation of protein secretion,11,0.22337650243648904,-0.07191411713754209,0.5242493208106537,-0.002791099400066749,0.49095090490950904,0.7997537654547503,False
GO_BP,PHOL,GO:0050727,regulation of inflammatory response,34,-0.21085090016719765,-0.6900061077668235,0.6878237313708868,-0.20975971196922932,0.5383461653834617,0.7997537654547503,False
GO_BP,PHOL,GO:0050728,negative regulation of inflammatory response,16,-0.05035910235299568,-0.5001436430446254,0.8457318388280045,-0.2231532002446852,0.5512448755124487,0.7997537654547503,False
GO_BP,PHOL,GO:0050729,positive regulation of inflammatory response,11,-0.9243469588552383,-1.2600367073267804,-0.7841389942032566,0.09774089190978008,0.45185481451854814,0.7997537654547503,False
GO_BP,PHOL,GO:0050730,regulation of peptidyl-tyrosine phosphorylation,5,-0.503480533194253,-0.922872132718916,0.5632272900231202,-0.3236581118463551,0.585041495850415,0.7997537654547503,False
GO_BP,PHOL,GO:0050764,regulation of phagocytosis,6,-0.06637582055059948,0.39004261340273855,-0.5509818504915495,0.014093797993805973,0.44945505449455053,0.7997537654547503,False
GO_BP,PHOL,GO:0050767,regulation of neurogenesis,12,-0.13221923920822048,0.5063755397040764,0.06488858219253267,-0.41785130015652505,0.6205379462053795,0.7997537654547503,False
GO_BP,PHOL,GO:0050769,positive regulation of neurogenesis,8,-0.4295134956834133,0.4887970262244567,0.29423044849691027,-0.8210272330440969,0.7522247775222478,0.8338256652780957,False
GO_BP,PHOL,GO:0050773,regulation of dendrite development,5,-0.8427878973542341,0.18321745016201654,-0.7278289431718076,-0.5704821508493385,0.6672332766723328,0.8033058431305515,False
GO_BP,PHOL,GO:0050776,regulation of immune response,51,0.09181584767035406,-0.3084259150599078,1.1170300461423412,-0.31248621787086267,0.5854414558544145,0.7997537654547503,False
GO_BP,PHOL,GO:0050777,negative regulation of immune response,12,0.14930460626734482,-0.33289490541762984,0.5320760110735047,0.04971405343940741,0.4390560943905609,0.7997537654547503,False
GO_BP,PHOL,GO:0050778,positive regulation of immune response,29,-0.7943852299063945,-0.7013658410569179,-0.3708834393259955,-0.2582605897149378,0.5649435056494351,0.7997537654547503,False
GO_BP,PHOL,GO:0050790,regulation of catalytic activity,28,-1.6022316592829307,-0.7530693525500136,-0.8462507456377648,-0.8025716101890414,0.7424257574242575,0.8292135251058725,False
GO_BP,PHOL,GO:0050792,regulation of viral process,5,1.358907597904452,1.1703662867493705,0.036081087292615596,0.755683910883459,0.2545745425457454,0.7997537654547503,False
GO_BP,PHOL,GO:0050793,regulation of developmental process,89,-0.37392408069781236,0.04697743006597924,-0.17500985351887768,-0.30990786897136313,0.5874412558744125,0.7997537654547503,False
GO_BP,PHOL,GO:0050795,regulation of behavior,14,-0.0889075219735514,-0.09637110605700676,-1.422493287319363,0.6705246747146334,0.28617138286171384,0.7997537654547503,False
GO_BP,PHOL,GO:0050796,regulation of insulin secretion,14,0.27686846470822435,0.11738047444788309,1.0064483761342482,-0.28504596058284126,0.585941405859414,0.7997537654547503,False
GO_BP,PHOL,GO:0050801,monoatomic ion homeostasis,26,0.4350376501018987,0.31769986783659104,0.8815074022866701,-0.1645659849597319,0.5378462153784621,0.7997537654547503,False
GO_BP,PHOL,GO:0050803,regulation of synapse structure or activity,17,0.46216427962062895,0.49100195181452727,1.1471412984117473,-0.3569073454925083,0.6089391060893911,0.7997537654547503,False
GO_BP,PHOL,GO:0050804,modulation of chemical synaptic transmission,50,-0.7056618276283515,-0.26818051737914916,-1.7490212579765874,0.30293906004951676,0.3688631136886311,0.7997537654547503,False
GO_BP,PHOL,GO:0050805,negative regulation of synaptic transmission,10,-1.4816217046788644,-1.0154902026083354,-1.220231692039763,-0.36376075735481517,0.5988401159884011,0.7997537654547503,False
GO_BP,PHOL,GO:0050806,positive regulation of synaptic transmission,10,0.3797201020451866,-0.05957691986455084,-0.40781296533335126,0.6134150446441377,0.286971302869713,0.7997537654547503,False
GO_BP,PHOL,GO:0050807,regulation of synapse organization,17,0.46216427962062895,0.49100195181452727,1.1471412984117473,-0.3569073454925083,0.6089391060893911,0.7997537654547503,False
GO_BP,PHOL,GO:0050808,synapse organization,15,0.8332006484985693,0.23917153807086933,0.6870217438753516,0.37010400752545886,0.37146285371462856,0.7997537654547503,False
GO_BP,PHOL,GO:0050810,regulation of steroid biosynthetic process,5,0.1137006831747509,-0.34541528434875335,1.1558991872919122,-0.2915412682968285,0.5760423957604239,0.7997537654547503,False
GO_BP,PHOL,GO:0050817,coagulation,16,-1.600572267354178,-1.1846937054840838,-1.259682455205625,-0.37838418700932364,0.6067393260673932,0.7997537654547503,False
GO_BP,PHOL,GO:0050818,regulation of coagulation,5,-0.8611394734171998,-0.7105327996671433,-0.8060634629615285,-0.10284134210286378,0.5144485551444855,0.7997537654547503,False
GO_BP,PHOL,GO:0050821,protein stabilization,8,-1.1928234236892181,-0.9765271171466698,-1.1679610321816651,-0.12057934902505063,0.5281471852814719,0.7997537654547503,False
GO_BP,PHOL,GO:0050848,regulation of calcium-mediated signaling,5,-0.24202945692841962,0.7107271587823243,0.29094174946638857,-0.742863911052776,0.7252274772522748,0.8226041186477572,False
GO_BP,PHOL,GO:0050851,antigen receptor-mediated signaling pathway,10,-0.20929093989193828,0.21533059890422818,-0.428820109826399,-0.10254618443085287,0.5112488751124887,0.7997537654547503,False
GO_BP,PHOL,GO:0050852,T cell receptor signaling pathway,6,1.8533234116426642,2.0918476783208155,1.7244202447179484,-0.05481054987671774,0.47405259474052597,0.7997537654547503,False
GO_BP,PHOL,GO:0050854,regulation of antigen receptor-mediated signaling pathway,5,3.6660065040919596,0.44915869307513084,4.871503143356619,1.0056755858760846,0.19518048195180482,0.7997537654547503,False
GO_BP,PHOL,GO:0050858,negative regulation of antigen receptor-mediated signaling pathway,5,3.6660065040919596,0.44915869307513084,4.871503143356619,1.0056755858760846,0.19518048195180482,0.7997537654547503,False
GO_BP,PHOL,GO:0050863,regulation of T cell activation,14,-0.25364059729435473,-0.9559986568528901,1.441804745083858,-0.4965436414098387,0.6594340565943405,0.8026224404586569,False
GO_BP,PHOL,GO:0050864,regulation of B cell activation,5,-0.7227414736638109,-0.69043636332459,-0.9849917101276517,0.11497256306230996,0.42415758424157585,0.7997537654547503,False
GO_BP,PHOL,GO:0050865,regulation of cell activation,27,-0.8111236995392133,-1.1837968105596066,0.3938982271948615,-0.4161744078568407,0.623037696230377,0.7997537654547503,False
GO_BP,PHOL,GO:0050866,negative regulation of cell activation,11,1.0010923898413913,-0.04403613297563237,2.9017533889308673,-0.42776623813622616,0.6201379862013798,0.7997537654547503,False
GO_BP,PHOL,GO:0050867,positive regulation of cell activation,18,-0.9295092633894156,-1.4330534159293886,-0.15722869650295576,-0.1343682071732435,0.5192480751924807,0.7997537654547503,False
GO_BP,PHOL,GO:0050868,negative regulation of T cell activation,5,2.3390819631015485,0.2749611622462776,3.382491052140656,0.5103558559080816,0.3147685231476852,0.7997537654547503,False
GO_BP,PHOL,GO:0050870,positive regulation of T cell activation,11,-0.5047555477233908,-1.0002910688915754,0.6827631629332027,-0.3459915947442045,0.6087391260873912,0.7997537654547503,False
GO_BP,PHOL,GO:0050871,positive regulation of B cell activation,5,-0.7227414736638109,-0.69043636332459,-0.9849917101276517,0.11497256306230996,0.42415758424157585,0.7997537654547503,False
GO_BP,PHOL,GO:0050877,nervous system process,49,-1.0606149841159191,-0.16025077484745062,-1.1059330713529276,-0.42752306101573,0.6251374862513749,0.7997537654547503,False
GO_BP,PHOL,GO:0050878,regulation of body fluid levels,25,-1.8929375345180808,-1.311064884408964,-1.6813526868130257,-0.39672874890708587,0.6192380761923808,0.7997537654547503,False
GO_BP,PHOL,GO:0050890,cognition,25,-0.4957425057641475,-0.42232942300331056,-0.39772572138837603,-0.08571493356830423,0.5166483351664833,0.7997537654547503,False
GO_BP,PHOL,GO:0050892,intestinal absorption,5,0.7842010420326082,1.3986779149521273,-0.494000309922081,0.33186223951758503,0.3738626137386261,0.7997537654547503,False
GO_BP,PHOL,GO:0050900,leukocyte migration,13,-0.6293459403849253,-0.6275310614727518,-1.485384999465357,0.4271120900841292,0.31866813318668136,0.7997537654547503,False
GO_BP,PHOL,GO:0050905,neuromuscular process,9,-0.20298883422829278,0.2757339984331113,0.03348726231809312,-0.357599464603895,0.648035196480352,0.8020133445239224,False
GO_BP,PHOL,GO:0050906,detection of stimulus involved in sensory perception,8,-0.32168619282605193,0.48501488240828455,-0.6820324175311561,-0.22317742526461617,0.5826417358264173,0.7997537654547503,False
GO_BP,PHOL,GO:0050920,regulation of chemotaxis,16,-0.24622095847296577,0.022691429286128675,-0.036109998692617815,-0.2395116737697212,0.5632436756324367,0.7997537654547503,False
GO_BP,PHOL,GO:0050921,positive regulation of chemotaxis,10,-0.07852606775193059,0.26066740285547685,-0.3619635336311811,-0.02787800236407846,0.49395060493950604,0.7997537654547503,False
GO_BP,PHOL,GO:0050922,negative regulation of chemotaxis,5,-0.051216371222888676,-0.1443349198786345,0.9202058281129922,-0.4391518253400676,0.7144285571442855,0.8152952078603405,False
GO_BP,PHOL,GO:0050951,sensory perception of temperature stimulus,7,-1.2096790925205059,1.7439032976504534,-1.328643623896681,-1.4173089293973922,0.8784121587841216,0.9052175768338658,False
GO_BP,PHOL,GO:0050994,regulation of lipid catabolic process,8,-0.9475790775753165,-0.45797638623199044,-0.7655097694856514,-0.3358359997164956,0.5974402559744025,0.7997537654547503,False
GO_BP,PHOL,GO:0050995,negative regulation of lipid catabolic process,5,-1.189874511623668,-0.6649106421277544,-0.867820769622517,-0.42350880574853234,0.6300369963003699,0.7997700096049865,False
GO_BP,PHOL,GO:0051046,regulation of secretion,42,-0.5427027748954464,-0.8244540639005832,-0.2473915161515434,-0.006779984869383138,0.46295370462953706,0.7997537654547503,False
GO_BP,PHOL,GO:0051047,positive regulation of secretion,20,-0.35625210012589587,-0.24852488442978246,-0.11791316348201139,-0.17303307616999894,0.5298470152984701,0.7997537654547503,False
GO_BP,PHOL,GO:0051048,negative regulation of secretion,13,-1.4897384413439732,-1.010279363988919,-1.3097103280242357,-0.3297435953373957,0.5873412658734126,0.7997537654547503,False
GO_BP,PHOL,GO:0051049,regulation of transport,96,-0.9979806483973719,-0.9063145260707376,-0.7751187348955325,-0.15726401791423683,0.5248475152484752,0.7997537654547503,False
GO_BP,PHOL,GO:0051050,positive regulation of transport,54,-0.5920589890213396,-0.41561089419950015,-1.0470067988835747,0.1392498575201978,0.43555644435556445,0.7997537654547503,False
GO_BP,PHOL,GO:0051051,negative regulation of transport,21,-1.3870177042548324,-1.0871312212991127,-1.611862373602867,-0.03752090680384246,0.49625037496250374,0.7997537654547503,False
GO_BP,PHOL,GO:0051052,regulation of DNA metabolic process,27,0.11441452303855959,0.5540163487231023,0.6397901853993515,-0.4824887440226673,0.6468353164683531,0.8020133445239224,False
GO_BP,PHOL,GO:0051053,negative regulation of DNA metabolic process,7,-0.5350609423609576,-1.1530135538362654,-0.8776097423529517,0.4802507057336509,0.32936706329367066,0.7997537654547503,False
GO_BP,PHOL,GO:0051054,positive regulation of DNA metabolic process,19,-0.7424149930293277,0.01665275431191519,-0.372685107969038,-0.5643988162007663,0.665033496650335,0.8033058431305515,False
GO_BP,PHOL,GO:0051056,regulation of small GTPase mediated signal transduction,7,-1.4177641828059229,-1.338454718959333,-0.13551936342193396,-0.6807771416152893,0.7066293370662934,0.8114556552195615,False
GO_BP,PHOL,GO:0051057,positive regulation of small GTPase mediated signal transduction,6,-1.3612660352240527,-1.1763639262903423,-0.3225741853379732,-0.611796979409895,0.6859314068593141,0.8051565046655605,False
GO_BP,PHOL,GO:0051093,negative regulation of developmental process,35,0.32522475563279335,0.08463394058165571,1.1136100660196306,-0.2738972476678498,0.5701429857014298,0.7997537654547503,False
GO_BP,PHOL,GO:0051094,positive regulation of developmental process,64,-0.9865142488042314,0.036978391422772365,-1.8947124964021622,-0.05764719631453652,0.5044495550444955,0.7997537654547503,False
GO_BP,PHOL,GO:0051098,regulation of binding,5,-0.12008061867007214,0.12993823161020907,0.5777211306300656,-0.4739102997902095,0.6371362863713629,0.7997700096049865,False
GO_BP,PHOL,GO:0051128,regulation of cellular component organization,97,-1.104218258181364,-0.6568399526921129,-0.7131665146033329,-0.419215024533641,0.6147385261473852,0.7997537654547503,False
GO_BP,PHOL,GO:0051129,negative regulation of cellular component organization,34,-0.4547420561876094,-0.3854462688656664,-0.11108673047069115,-0.20647555651943061,0.5542445755424458,0.7997537654547503,False
GO_BP,PHOL,GO:0051130,positive regulation of cellular component organization,51,-1.2582338782585338,-0.5490875583027823,-1.4072266424192195,-0.28007677789753294,0.5633436656334366,0.7997537654547503,False
GO_BP,PHOL,GO:0051147,regulation of muscle cell differentiation,6,-0.25976784893621335,0.6156724088747151,-0.5089246827042154,-0.3131417120214632,0.5786421357864213,0.7997537654547503,False
GO_BP,PHOL,GO:0051169,nuclear transport,5,-1.0545421379711146,-1.1873283864085828,-1.5179862240615019,0.2981151672639277,0.36946305369463056,0.7997537654547503,False
GO_BP,PHOL,GO:0051174,regulation of phosphorus metabolic process,17,-0.7507350761979458,-1.1107623835039906,-1.1165577063106211,0.36292496870936,0.3765623437656234,0.7997537654547503,False
GO_BP,PHOL,GO:0051179,localization,130,-0.4076662486264194,0.47356796442840804,-2.0161785579453078,0.3636390481320304,0.36596340365963403,0.7997537654547503,False
GO_BP,PHOL,GO:0051222,positive regulation of protein transport,21,-0.43224170307898824,-0.0441636298260145,-0.324928440762551,-0.24769566778470548,0.5692430756924307,0.7997537654547503,False
GO_BP,PHOL,GO:0051223,regulation of protein transport,35,-0.1531406030005253,0.13717274239513114,0.5790034860034229,-0.5112287171998022,0.6574342565743425,0.8021183808124269,False
GO_BP,PHOL,GO:0051224,negative regulation of protein transport,9,-1.2061484480561167,-0.861047748025712,-1.1704726160061227,-0.1903882660401992,0.5257474252574742,0.7997537654547503,False
GO_BP,PHOL,GO:0051225,spindle assembly,6,-1.0297350347842111,-0.9692996642585269,-1.0324893698098239,-0.02884051775003571,0.49595040495950404,0.7997537654547503,False
GO_BP,PHOL,GO:0051234,establishment of localization,121,0.07464387089368864,0.7528076604479441,-1.684328062951775,0.540404072145604,0.31256874312568744,0.7997537654547503,False
GO_BP,PHOL,GO:0051239,regulation of multicellular organismal process,153,-1.2353722782378118,-1.359019463143895,-0.9126810683739316,-0.09952201247889847,0.5153484651534846,0.7997537654547503,False
GO_BP,PHOL,GO:0051240,positive regulation of multicellular organismal process,100,-0.96434696070134,-0.8720389412032783,-1.003713967613822,-0.026470506292789797,0.48335166483351666,0.7997537654547503,False
GO_BP,PHOL,GO:0051241,negative regulation of multicellular organismal process,55,-0.6547237790869943,-1.138796926858756,-0.1602382340602232,-0.005206198627504599,0.47755224477552244,0.7997537654547503,False
GO_BP,PHOL,GO:0051246,regulation of protein metabolic process,60,-0.9894161176396151,-0.6145746302479349,0.21085808834468123,-0.7875578466879882,0.7399260073992601,0.8288882260019403,False
GO_BP,PHOL,GO:0051247,positive regulation of protein metabolic process,39,-1.4942122449171806,-0.541706544066294,-1.0695644746036428,-0.6885767355822122,0.708929107089291,0.8119051075073555,False
GO_BP,PHOL,GO:0051248,negative regulation of protein metabolic process,24,-0.09193080949177251,-0.6875848003091282,0.9141454044339868,-0.20521111155420185,0.5567443255674432,0.7997537654547503,False
GO_BP,PHOL,GO:0051249,regulation of lymphocyte activation,20,-0.6446956608491508,-1.2392808112038838,0.5221160687715046,-0.2861132896329612,0.5723427657234277,0.7997537654547503,False
GO_BP,PHOL,GO:0051250,negative regulation of lymphocyte activation,5,2.3390819631015485,0.2749611622462776,3.382491052140656,0.5103558559080816,0.3147685231476852,0.7997537654547503,False
GO_BP,PHOL,GO:0051251,positive regulation of lymphocyte activation,17,-0.8753297811519182,-1.279390487006225,-0.15555763462448877,-0.15785572033656137,0.5227477252274773,0.7997537654547503,False
GO_BP,PHOL,GO:0051252,regulation of RNA metabolic process,87,0.6988404340188723,0.7966124332847465,-0.37121663511437025,0.4861425349336842,0.3518648135186481,0.7997537654547503,False
GO_BP,PHOL,GO:0051253,negative regulation of RNA metabolic process,52,0.8593115752499693,0.7166766665835931,-0.15635195249233472,0.5791492182043401,0.31386861313868614,0.7997537654547503,False
GO_BP,PHOL,GO:0051254,positive regulation of RNA metabolic process,59,0.5141238517650625,-0.0471742403889313,-0.690664227462831,0.8830430856909436,0.23667633236676333,0.7997537654547503,False
GO_BP,PHOL,GO:0051259,protein complex oligomerization,9,0.18374492859952632,1.623237592297498,0.003319665004661738,-0.6295337000515535,0.6891310868913109,0.8055371886185417,False
GO_BP,PHOL,GO:0051260,protein homooligomerization,9,0.18374492859952632,1.623237592297498,0.003319665004661738,-0.6295337000515535,0.6891310868913109,0.8055371886185417,False
GO_BP,PHOL,GO:0051276,chromosome organization,13,1.7002218482823956,0.6182234675005448,2.181723917846714,0.30024815560876617,0.38776122387761225,0.7997537654547503,False
GO_BP,PHOL,GO:0051279,regulation of release of sequestered calcium ion into cytosol,6,1.3251536793171623,1.020379532221613,-0.00440726894932676,0.8171675476810193,0.23717628237176283,0.7997537654547503,False
GO_BP,PHOL,GO:0051302,regulation of cell division,11,-0.02846643839049759,-0.6205962815504302,0.5240778342634527,0.01979278525299119,0.47295270472952705,0.7997537654547503,False
GO_BP,PHOL,GO:0051338,regulation of transferase activity,13,-0.4541068593598423,-0.0034497589846452926,0.34762358026513435,-0.6261937700000868,0.6906309369063094,0.8055371886185417,False
GO_BP,PHOL,GO:0051349,positive regulation of lyase activity,7,-1.7454945837670846,-1.1139447837066982,-1.1690713464744842,-0.6039865186764934,0.6794320567943206,0.8037770540438373,False
GO_BP,PHOL,GO:0051384,response to glucocorticoid,13,2.4789352764019026,2.3031690541624026,0.9850490548369948,0.8348262219022038,0.18618138186181382,0.7997537654547503,False
GO_BP,PHOL,GO:0051402,neuron apoptotic process,5,-0.21289187595291947,-0.6047857316609789,-0.4354276476081409,0.3072148136816404,0.34426557344265574,0.7997537654547503,False
GO_BP,PHOL,GO:0051481,negative regulation of cytosolic calcium ion concentration,5,-0.9611337879445521,-0.6578968007822739,-0.3550238775179782,-0.45467344879442606,0.6318368163183682,0.7997700096049865,False
GO_BP,PHOL,GO:0051493,regulation of cytoskeleton organization,21,-0.1954148480802633,0.6961381182235898,0.9294908542122825,-1.0082293342981994,0.8192180781921807,0.8654493467131842,False
GO_BP,PHOL,GO:0051494,negative regulation of cytoskeleton organization,5,-0.8476255187468709,-0.6590468503388497,-0.07483751122849983,-0.4806833379631961,0.6494350564943505,0.8020133445239224,False
GO_BP,PHOL,GO:0051495,positive regulation of cytoskeleton organization,9,0.2660477160957313,1.0541464037745165,1.0622732154559844,-0.7921620935195193,0.7882211778822118,0.8491008206429069,False
GO_BP,PHOL,GO:0051580,regulation of neurotransmitter uptake,5,0.6259081642180937,0.18029737611667881,-0.3094444013588329,0.6904816768391707,0.26047395260473954,0.7997537654547503,False
GO_BP,PHOL,GO:0051588,regulation of neurotransmitter transport,7,0.4425438213352795,0.24657750131157063,-0.23756780669436622,0.43803897402667724,0.3317668233176682,0.7997537654547503,False
GO_BP,PHOL,GO:0051591,response to cAMP,6,-0.2154900047370549,-0.6784762855329941,0.7560804162987328,-0.2542920701199243,0.5838416158384162,0.7997537654547503,False
GO_BP,PHOL,GO:0051604,protein maturation,15,-0.5831831302251135,-0.34351301079245045,-0.784313392000765,-0.019269928828505756,0.4530546945305469,0.7997537654547503,False
GO_BP,PHOL,GO:0051606,detection of stimulus,10,-0.27880589302883163,0.6292368871354,-0.6627487772337288,-0.26204994797966724,0.5885411458854115,0.7997537654547503,False
GO_BP,PHOL,GO:0051607,defense response to virus,11,0.6383107673012908,1.1186324556344491,-0.8206617952841659,0.4893254371261492,0.3261673832616738,0.7997537654547503,False
GO_BP,PHOL,GO:0051640,organelle localization,9,-0.07051222002212472,0.09808459457368492,-0.1260279192841242,-0.05654055766690507,0.4988501149885011,0.7997537654547503,False
GO_BP,PHOL,GO:0051641,cellular localization,35,-2.1463755403230236,-1.5375923966102027,-1.9416562264652424,-0.406751228785301,0.6153384661533846,0.7997537654547503,False
GO_BP,PHOL,GO:0051649,establishment of localization in cell,27,-1.1900186062842122,-1.0940339089456552,-1.6093306848575941,0.16166369061741248,0.4373562643735626,0.7997537654547503,False
GO_BP,PHOL,GO:0051656,establishment of organelle localization,8,0.056416504400855244,0.1793117597806429,-0.05600563757609232,-0.00523655670142005,0.47895210478952105,0.7997537654547503,False
GO_BP,PHOL,GO:0051668,localization within membrane,6,-1.6382823241037965,-0.8548049170384574,-0.6442175488815312,-0.8887710911438023,0.7682231776822318,0.8410037500922803,False
GO_BP,PHOL,GO:0051701,biological process involved in interaction with host,7,-1.0510123039659391,-0.7228490722482177,-1.5646990401422347,0.09276175222928718,0.41225877412258777,0.7997537654547503,False
GO_BP,PHOL,GO:0051707,response to other organism,53,-0.2452625170777531,0.06472671890781022,-0.6858788077330084,0.06531352733484597,0.4510548945105489,0.7997537654547503,False
GO_BP,PHOL,GO:0051726,regulation of cell cycle,37,-1.4812038163292214,-1.9755771113955354,-0.9253357895369572,-0.030747365862975107,0.48065193480651935,0.7997537654547503,False
GO_BP,PHOL,GO:0051781,positive regulation of cell division,7,0.20519871831914607,-0.30910414048977786,0.5088510912216518,0.10532524295320908,0.43475652434756523,0.7997537654547503,False
GO_BP,PHOL,GO:0051783,regulation of nuclear division,8,-1.2382518797077267,-0.9182756639994486,-0.7778764243729727,-0.390175835521516,0.6112388761123888,0.7997537654547503,False
GO_BP,PHOL,GO:0051785,positive regulation of nuclear division,6,-0.9841600406518501,-0.64193067363644,-0.6589056080777799,-0.3337418997947402,0.5922407759224078,0.7997537654547503,False
GO_BP,PHOL,GO:0051881,regulation of mitochondrial membrane potential,10,-0.17864465740919708,-0.033283320198331114,0.14413872445711273,-0.2340723595385879,0.5574442555744425,0.7997537654547503,False
GO_BP,PHOL,GO:0051893,regulation of focal adhesion assembly,8,-1.1934193232361725,-1.1816550500508245,-0.13868514149972758,-0.5332492274608964,0.6592340765923408,0.8026224404586569,False
GO_BP,PHOL,GO:0051896,regulation of phosphatidylinositol 3-kinase/protein kinase B signal transduction,35,-1.3465325257150154,-1.5325970680909342,0.14891518036725385,-0.6546915818531752,0.7026297370262974,0.8095290914040059,False
GO_BP,PHOL,GO:0051897,positive regulation of phosphatidylinositol 3-kinase/protein kinase B signal transduction,29,-1.6708070009356504,-2.110225213323932,-0.049830620515758914,-0.5907790840158049,0.6802319768023197,0.8040587070325225,False
GO_BP,PHOL,GO:0051898,negative regulation of phosphatidylinositol 3-kinase/protein kinase B signal transduction,6,-0.1495685253618581,0.3291697751488695,0.42266643750719135,-0.5254866316898885,0.7022297770222977,0.8095290914040059,False
GO_BP,PHOL,GO:0051899,membrane depolarization,8,1.1469097117964817,1.0628359606722093,0.03712428063056555,0.5969295911450943,0.2755724427557244,0.7997537654547503,False
GO_BP,PHOL,GO:0051924,regulation of calcium ion transport,17,0.057115383845216465,-0.09770527078149886,-0.5864217266409141,0.3991788825564229,0.3548645135486451,0.7997537654547503,False
GO_BP,PHOL,GO:0051928,positive regulation of calcium ion transport,6,0.9000231640736606,0.8684479845041522,-0.2305468362067163,0.5810725899249426,0.29757024297570245,0.7997537654547503,False
GO_BP,PHOL,GO:0051930,regulation of sensory perception of pain,5,0.16250053905874942,0.3897919034413021,0.3747592777082902,-0.21977505151604673,0.5625437456254374,0.7997537654547503,False
GO_BP,PHOL,GO:0051931,regulation of sensory perception,5,0.16250053905874942,0.3897919034413021,0.3747592777082902,-0.21977505151604673,0.5625437456254374,0.7997537654547503,False
GO_BP,PHOL,GO:0051952,regulation of amine transport,13,-1.8824892820813384,-0.9674085681643397,-1.548410869205087,-0.6245795633966249,0.6923307669233076,0.8059970122390746,False
GO_BP,PHOL,GO:0051953,negative regulation of amine transport,5,-1.0266640600310433,-0.6137900104032414,-0.8167947639291304,-0.31137167286485734,0.5906409359064093,0.7997537654547503,False
GO_BP,PHOL,GO:0051960,regulation of nervous system development,14,0.17084691472406263,0.9347149590583156,0.15559539461454472,-0.37430826211236745,0.6048395160483951,0.7997537654547503,False
GO_BP,PHOL,GO:0051961,negative regulation of nervous system development,5,0.8583395920811664,0.8198160046432418,-0.2540121821463563,0.5754376808327236,0.29547045295470453,0.7997537654547503,False
GO_BP,PHOL,GO:0051962,positive regulation of nervous system development,9,-0.2814886600282369,0.6637678220454304,0.3844994602430172,-0.8056223011724607,0.7454254574542546,0.8302215946896505,False
GO_BP,PHOL,GO:0051963,regulation of synapse assembly,8,1.1584587701258036,0.6380139636098352,1.1249097571036004,0.27699690976908575,0.3862613738626137,0.7997537654547503,False
GO_BP,PHOL,GO:0051966,"regulation of synaptic transmission, glutamatergic",14,-0.6584768436043522,-0.3761738622408902,-1.7042761961887434,0.38174818561046453,0.3618638136186381,0.7997537654547503,False
GO_BP,PHOL,GO:0051967,"negative regulation of synaptic transmission, glutamatergic",5,-1.2677185376650366,-0.9570427486877825,-1.2896124068460155,-0.14439095989813766,0.527947205279472,0.7997537654547503,False
GO_BP,PHOL,GO:0051983,regulation of chromosome segregation,6,-0.7022463890013426,-1.2000151513524826,-0.7813173150763537,0.28841984421307554,0.39166083391660833,0.7997537654547503,False
GO_BP,PHOL,GO:0055074,calcium ion homeostasis,17,-0.48568964469506437,0.442872168757066,-0.7456916097052885,-0.3342799242209531,0.5922407759224078,0.7997537654547503,False
GO_BP,PHOL,GO:0055080,monoatomic cation homeostasis,24,0.33460303199425717,0.36787895409559423,0.5220139235328389,-0.11034340681995941,0.5204479552044795,0.7997537654547503,False
GO_BP,PHOL,GO:0055082,intracellular chemical homeostasis,28,0.7824687656944206,0.1171128958752861,1.7648746619293794,-0.15852501320791212,0.5365463453654634,0.7997537654547503,False
GO_BP,PHOL,GO:0055085,transmembrane transport,50,1.1380120005107195,1.6340154466626495,-1.1921692534242538,0.9170889038915216,0.22397760223977603,0.7997537654547503,False
GO_BP,PHOL,GO:0055086,nucleobase-containing small molecule metabolic process,18,-0.5827425128801373,-0.8649683870980083,-0.43920609087836426,0.06934472610804887,0.41925807419258077,0.7997537654547503,False
GO_BP,PHOL,GO:0055088,lipid homeostasis,10,0.13392933550624755,-0.07253399569197795,0.056342892996509256,0.1420248868539819,0.39516048395160486,0.7997537654547503,False
GO_BP,PHOL,GO:0055092,sterol homeostasis,7,0.355777949397145,-0.13195300082635986,0.5619792001273488,0.14076484974665054,0.38346165383461656,0.7997537654547503,False
GO_BP,PHOL,GO:0055094,response to lipoprotein particle,6,-0.4332348123284577,-0.3095581491640796,-1.0478553191801294,0.2454719218436468,0.40515948405159485,0.7997537654547503,False
GO_BP,PHOL,GO:0055117,regulation of cardiac muscle contraction,9,-1.0397382131444788,-1.1848787473393965,-0.7616336825719153,-0.06648199818882294,0.5036496350364964,0.7997537654547503,False
GO_BP,PHOL,GO:0060047,heart contraction,5,0.2703123108209898,0.33430961375486107,-0.15314333978045866,0.17972917383378856,0.37436256374362564,0.7997537654547503,False
GO_BP,PHOL,GO:0060048,cardiac muscle contraction,5,0.2703123108209898,0.33430961375486107,-0.15314333978045866,0.17972917383378856,0.37436256374362564,0.7997537654547503,False
GO_BP,PHOL,GO:0060078,regulation of postsynaptic membrane potential,20,-1.7557775305481909,-0.09573805425508886,-2.2132182079262663,-0.6012993994575133,0.682031796820318,0.8042098284502616,False
GO_BP,PHOL,GO:0060079,excitatory postsynaptic potential,12,-1.3602058290444696,0.4316188646457885,-1.444919939014454,-0.8535552918601369,0.7544245575442455,0.8346824891978887,False
GO_BP,PHOL,GO:0060249,anatomical structure homeostasis,9,0.24379516708927249,-0.8274158088060501,0.4018984033951079,0.4565538697947436,0.3310668933106689,0.7997537654547503,False
GO_BP,PHOL,GO:0060255,regulation of macromolecule metabolic process,160,0.4386387526861078,0.7842999564857989,0.7058082156812775,-0.3064153333974304,0.5771422857714229,0.7997537654547503,False
GO_BP,PHOL,GO:0060284,regulation of cell development,28,-0.9726498412737955,-0.5206323730710837,-0.7444697780311735,-0.34009876572266695,0.593040695930407,0.7997537654547503,False
GO_BP,PHOL,GO:0060322,head development,19,-0.27250194068267125,-0.14808831803908168,-0.9844600743278459,0.2937722555007925,0.34896510348965104,0.7997537654547503,False
GO_BP,PHOL,GO:0060326,cell chemotaxis,15,-0.42910974642308825,-0.29581273314076456,-1.3683673817103965,0.40298031100249226,0.3187681231876812,0.7997537654547503,False
GO_BP,PHOL,GO:0060338,regulation of type I interferon-mediated signaling pathway,5,3.372015111827796,1.1232727903028386,5.0203559255463,0.30020075390322676,0.3842615738426157,0.7997537654547503,False
GO_BP,PHOL,GO:0060341,regulation of cellular localization,27,-0.41126511395974197,0.04441070900761137,0.2674142289290111,-0.5671775829280532,0.6748325167483251,0.8033058431305515,False
GO_BP,PHOL,GO:0060348,bone development,5,-1.6918869689552587,-1.0594267559914428,-1.0855903745933644,-0.6193784036628551,0.6852314768523148,0.8051565046655605,False
GO_BP,PHOL,GO:0060416,response to growth hormone,5,-0.663253711169359,-0.014993705586065836,-0.09609357298864438,-0.607710071882004,0.6882311768823117,0.8055371886185417,False
GO_BP,PHOL,GO:0060429,epithelium development,27,-2.494304788476318,-2.4901053385859573,-2.6062338138336902,0.05386478773350545,0.45645435456454353,0.7997537654547503,False
GO_BP,PHOL,GO:0060491,regulation of cell projection assembly,6,-1.0259052462317775,-0.07672041753606385,-0.6590069601479224,-0.6580415573897844,0.7052294770522948,0.8111878568959611,False
GO_BP,PHOL,GO:0060627,regulation of vesicle-mediated transport,13,-1.230458410038473,-1.396713524565187,-0.735651114028972,-0.1642760907413936,0.5363463653634637,0.7997537654547503,False
GO_BP,PHOL,GO:0060759,regulation of response to cytokine stimulus,15,1.2343329157015503,-0.22063773546309354,2.4583603750832257,0.11547159589148426,0.44785521447855214,0.7997537654547503,False
GO_BP,PHOL,GO:0060760,positive regulation of response to cytokine stimulus,5,-0.9867415362433939,-0.8839792198747667,-0.9719170622701966,-0.0587933951709122,0.4874512548745126,0.7997537654547503,False
GO_BP,PHOL,GO:0060761,negative regulation of response to cytokine stimulus,6,0.5892693037665097,-0.302952328728306,1.3874421300543647,0.04702440310348033,0.4577542245775422,0.7997537654547503,False
GO_BP,PHOL,GO:0060828,regulation of canonical Wnt signaling pathway,11,-0.7202208580647862,-0.4871385988218498,-0.7498129102560449,-0.10174510352583888,0.5175482451754825,0.7997537654547503,False
GO_BP,PHOL,GO:0061008,hepaticobiliary system development,8,2.4934280768711754,1.5937318131334866,0.9933339691538462,1.199895185727509,0.11738826117388261,0.7997537654547503,False
GO_BP,PHOL,GO:0061013,regulation of mRNA catabolic process,6,-0.7183105645092821,-0.35145925660447186,-0.7928318239305236,-0.14616502424178435,0.5286471352864713,0.7997537654547503,False
GO_BP,PHOL,GO:0061024,membrane organization,15,-0.932183136257172,-0.7552618727427789,-0.6906677082830087,-0.20921834574427822,0.5480451954804519,0.7997537654547503,False
GO_BP,PHOL,GO:0061041,regulation of wound healing,11,-0.7171109039330648,-0.4946001235604214,-0.8824920397580682,-0.028564822273819956,0.46985301469853014,0.7997537654547503,False
GO_BP,PHOL,GO:0061045,negative regulation of wound healing,6,-0.7768095192978839,-0.690030700433309,-0.8548012724665044,-0.004393532847977166,0.46395360463953605,0.7997537654547503,False
GO_BP,PHOL,GO:0061136,regulation of proteasomal protein catabolic process,11,-1.136399108859004,0.21908428331482963,-1.6923302248326941,-0.39977613810007173,0.6139386061393861,0.7997537654547503,False
GO_BP,PHOL,GO:0061337,cardiac conduction,5,-0.5935182891510771,-0.48114380035064996,-0.8068748551005523,0.05049103857452408,0.44075592440755923,0.7997537654547503,False
GO_BP,PHOL,GO:0061458,reproductive system development,10,0.5344609775819307,0.019083631174308457,0.7876416602780645,0.1310983318557442,0.41175882411758824,0.7997537654547503,False
GO_BP,PHOL,GO:0061564,axon development,11,0.3090522977506245,0.11318038650539906,0.890095861286751,-0.1925858261454505,0.547045295470453,0.7997537654547503,False
GO_BP,PHOL,GO:0061919,process utilizing autophagic mechanism,8,-0.9111814826965201,-0.2432154701926829,-0.6206006514307331,-0.47927342188481215,0.6433356664333567,0.801209583750324,False
GO_BP,PHOL,GO:0062012,regulation of small molecule metabolic process,29,1.5127361346482129,0.7143593999324698,0.5926915537777265,0.8592106577931147,0.2186781321867813,0.7997537654547503,False
GO_BP,PHOL,GO:0062013,positive regulation of small molecule metabolic process,19,-0.6123584125032248,-0.9948690121394126,-0.2156208540025929,-0.0071134794322219586,0.49225077492250774,0.7997537654547503,False
GO_BP,PHOL,GO:0062014,negative regulation of small molecule metabolic process,7,2.6976316251400605,2.26476753730411,1.151324350838005,0.9895856810690029,0.15228477152284772,0.7997537654547503,False
GO_BP,PHOL,GO:0062197,cellular response to chemical stress,25,-0.45578609092034894,-0.770035601486908,-0.3836885355630095,0.12107597760460986,0.39886011398860116,0.7997537654547503,False
GO_BP,PHOL,GO:0062207,regulation of pattern recognition receptor signaling pathway,15,-1.4922799530663362,-1.8891185557619887,-1.0684705493212527,-0.013485400524715585,0.49775022497750226,0.7997537654547503,False
GO_BP,PHOL,GO:0062208,positive regulation of pattern recognition receptor signaling pathway,5,-0.9664982917888189,-1.149404177657639,-0.6751043369095714,-0.054244034505213645,0.48465153484651535,0.7997537654547503,False
GO_BP,PHOL,GO:0065003,protein-containing complex assembly,21,0.10052608941774838,1.164820312281444,-0.3995748659569135,-0.2820966337445169,0.5781421857814218,0.7997537654547503,False
GO_BP,PHOL,GO:0065008,regulation of biological quality,173,0.519043858301764,0.8099093416218559,-0.502922488479627,0.36555043173064955,0.3905609439056094,0.7997537654547503,False
GO_BP,PHOL,GO:0065009,regulation of molecular function,35,-1.6095298805183986,-1.1194752213186034,-0.5064341550041683,-0.7965751923570128,0.7365263473652635,0.8272002173432764,False
GO_BP,PHOL,GO:0070098,chemokine-mediated signaling pathway,6,-0.8554236593981243,-0.9228300999362601,-0.5121310946034565,-0.1379430621282659,0.5214478552144786,0.7997537654547503,False
GO_BP,PHOL,GO:0070141,response to UV-A,6,-1.2261629895657697,-1.0629422822753083,-1.1193059387726254,-0.1350388790418029,0.5116488351164884,0.7997537654547503,False
GO_BP,PHOL,GO:0070167,regulation of biomineral tissue development,5,0.1418009407961702,0.7210583390187775,-0.3111192348126414,-0.06316861130689783,0.5171482851714828,0.7997537654547503,False
GO_BP,PHOL,GO:0070201,regulation of establishment of protein localization,38,-0.23281800522573828,0.0536302940187199,0.7483612595276266,-0.6338137819989115,0.6985301469853015,0.8082197217747331,False
GO_BP,PHOL,GO:0070252,actin-mediated cell contraction,5,0.2703123108209898,0.33430961375486107,-0.15314333978045866,0.17972917383378856,0.37436256374362564,0.7997537654547503,False
GO_BP,PHOL,GO:0070293,renal absorption,6,-0.5383087548929409,-0.3603359248883824,-0.39585658917793887,-0.1602124978597803,0.5235476452354765,0.7997537654547503,False
GO_BP,PHOL,GO:0070301,cellular response to hydrogen peroxide,8,-0.27975530821820577,-0.634560778326983,-0.6704191191961936,0.3727346405433825,0.24437556244375563,0.7997537654547503,False
GO_BP,PHOL,GO:0070372,regulation of ERK1 and ERK2 cascade,33,0.1799579157520043,-0.2418939706826688,2.2940329790682226,-0.8461115884407727,0.7604239576042395,0.8377552075300945,False
GO_BP,PHOL,GO:0070373,negative regulation of ERK1 and ERK2 cascade,5,1.7529569975721535,1.0427227454670032,3.705001669415501,-0.6209052098690986,0.687031296870313,0.805352973342786,False
GO_BP,PHOL,GO:0070374,positive regulation of ERK1 and ERK2 cascade,25,-0.4932818555282194,-0.39347658932182805,0.41396203055447567,-0.5035245761445433,0.6502349765023497,0.8020133445239224,False
GO_BP,PHOL,GO:0070482,response to oxygen levels,29,-0.891955182594932,-0.8340967194647755,-0.0985549161837416,-0.4256293647706735,0.6275372462753724,0.7997537654547503,False
GO_BP,PHOL,GO:0070507,regulation of microtubule cytoskeleton organization,9,0.07129913421255116,0.893471073236857,0.6383198089518151,-0.6945963068817849,0.7090290970902909,0.8119051075073555,False
GO_BP,PHOL,GO:0070542,response to fatty acid,8,-0.3092513722583511,-0.8315775081535867,0.8479625849518908,-0.31744391065750316,0.5915408459154085,0.7997537654547503,False
GO_BP,PHOL,GO:0070555,response to interleukin-1,9,-0.4049998106387484,-0.5339868384231513,-1.040316679940194,0.38215194854292417,0.36776322367763226,0.7997537654547503,False
GO_BP,PHOL,GO:0070588,calcium ion transmembrane transport,10,-0.32348680542248237,0.799812509851422,-0.5195824037467601,-0.46360185847481333,0.6373362663733627,0.7997700096049865,False
GO_BP,PHOL,GO:0070633,transepithelial transport,5,0.10045040499128449,-0.3376611521361109,-0.20346808728901655,0.37101502470384823,0.34166583341665835,0.7997537654547503,False
GO_BP,PHOL,GO:0070647,protein modification by small protein conjugation or removal,13,1.5781015353887042,2.410967368870832,-0.09049471409045229,0.41786520799851434,0.35326467353264673,0.7997537654547503,False
GO_BP,PHOL,GO:0070663,regulation of leukocyte proliferation,10,-0.549212952455855,-0.33143822241740023,0.43440261840827943,-0.6006951504512946,0.681031896810319,0.8040587070325225,False
GO_BP,PHOL,GO:0070665,positive regulation of leukocyte proliferation,7,-1.0826443242916997,-0.41633810620528905,-0.47754379435980676,-0.6357033740091518,0.6905309469053095,0.8055371886185417,False
GO_BP,PHOL,GO:0070741,response to interleukin-6,5,-0.8795933411673771,-1.1699225098263473,-1.2323562220968078,0.32154602479420036,0.36836316368363164,0.7997537654547503,False
GO_BP,PHOL,GO:0070828,heterochromatin organization,8,1.817526699062886,0.8660019698277863,1.5916028779470521,0.5887242751754667,0.2873712628737126,0.7997537654547503,False
GO_BP,PHOL,GO:0070848,response to growth factor,35,-0.11316934658159666,-0.19022004592703137,0.4340919153401416,-0.23510528128815178,0.5745425457454254,0.7997537654547503,False
GO_BP,PHOL,GO:0070849,response to epidermal growth factor,8,-0.8059854822815109,-0.9294126131069332,1.0689788893662864,-0.8757686204111874,0.7622237776222378,0.8387508298311951,False
GO_BP,PHOL,GO:0070887,cellular response to chemical stimulus,181,0.8169855052867798,1.025464210447538,0.07004376677930998,0.2692315166733559,0.42405759424057593,0.7997537654547503,False
GO_BP,PHOL,GO:0070925,organelle assembly,11,0.6711438368990392,1.1311989074912228,-0.2401091538907721,0.22559896009881386,0.40735926407359263,0.7997537654547503,False
GO_BP,PHOL,GO:0070988,demethylation,6,0.24470433497223484,0.7438359824251585,0.45475143398827295,-0.3545893732344808,0.6075392460753924,0.7997537654547503,False
GO_BP,PHOL,GO:0070989,oxidative demethylation,6,0.24470433497223484,0.7438359824251585,0.45475143398827295,-0.3545893732344808,0.6075392460753924,0.7997537654547503,False
GO_BP,PHOL,GO:0071071,regulation of phospholipid biosynthetic process,5,0.9521454095814164,-0.26090804151525226,0.6850376279998154,0.7400806163391348,0.2616738326167383,0.7997537654547503,False
GO_BP,PHOL,GO:0071073,positive regulation of phospholipid biosynthetic process,5,0.9521454095814164,-0.26090804151525226,0.6850376279998154,0.7400806163391348,0.2616738326167383,0.7997537654547503,False
GO_BP,PHOL,GO:0071214,cellular response to abiotic stimulus,19,-0.46360335287039994,-0.36029406909810624,0.20152283878434665,-0.38421773771352014,0.5981401859814018,0.7997537654547503,False
GO_BP,PHOL,GO:0071216,cellular response to biotic stimulus,20,0.5977682307594695,0.5505368566823782,0.17885778730404084,0.23307090876626002,0.38476152384761525,0.7997537654547503,False
GO_BP,PHOL,GO:0071219,cellular response to molecule of bacterial origin,19,0.7266781742268386,0.8688628998804597,0.3694939086294731,0.10749976997187216,0.42155784421557846,0.7997537654547503,False
GO_BP,PHOL,GO:0071222,cellular response to lipopolysaccharide,18,0.2377858136035322,0.8401289794421842,-0.2765894373024849,-0.043983957466317475,0.4831516848315168,0.7997537654547503,False
GO_BP,PHOL,GO:0071229,cellular response to acid chemical,8,-0.8068584453195778,-0.7943833598384359,-0.5227776801703437,-0.14827792531518813,0.5134486551344866,0.7997537654547503,False
GO_BP,PHOL,GO:0071230,cellular response to amino acid stimulus,7,-0.7518503465496951,-0.7213296709961401,-0.692779906215351,-0.044795557943949516,0.47015298470152983,0.7997537654547503,False
GO_BP,PHOL,GO:0071248,cellular response to metal ion,10,-0.43443145129383925,-0.3986940620013342,-0.3891510024638066,-0.040508919061268855,0.46285371462853714,0.7997537654547503,False
GO_BP,PHOL,GO:0071300,cellular response to retinoic acid,5,-0.22405330325608888,0.6672656159189365,-0.42643067120892353,-0.3444707756110954,0.5928407159284071,0.7997537654547503,False
GO_BP,PHOL,GO:0071312,cellular response to alkaloid,5,-0.283894851837019,1.2219791947802676,-0.36342747707177936,-0.7131707106912631,0.7358264173582642,0.8272002173432764,False
GO_BP,PHOL,GO:0071322,cellular response to carbohydrate stimulus,5,-0.4779573422685503,0.019147252180782066,-0.6141299966165987,-0.18046597005064197,0.5285471452854714,0.7997537654547503,False
GO_BP,PHOL,GO:0071326,cellular response to monosaccharide stimulus,5,-0.4779573422685503,0.019147252180782066,-0.6141299966165987,-0.18046597005064197,0.5285471452854714,0.7997537654547503,False
GO_BP,PHOL,GO:0071331,cellular response to hexose stimulus,5,-0.4779573422685503,0.019147252180782066,-0.6141299966165987,-0.18046597005064197,0.5285471452854714,0.7997537654547503,False
GO_BP,PHOL,GO:0071345,cellular response to cytokine stimulus,30,-0.43373864410690527,-0.6985970577636891,-0.9015450195374273,0.3663323945436529,0.35376462353764626,0.7997537654547503,False
GO_BP,PHOL,GO:0071347,cellular response to interleukin-1,5,0.6099410908149323,0.4499393028714461,-0.7068702052937161,0.7384065420260673,0.26447355264473554,0.7997537654547503,False
GO_BP,PHOL,GO:0071354,cellular response to interleukin-6,5,-0.8795933411673771,-1.1699225098263473,-1.2323562220968078,0.32154602479420036,0.36836316368363164,0.7997537654547503,False
GO_BP,PHOL,GO:0071356,cellular response to tumor necrosis factor,6,1.255759821243528,1.1681293739885406,-0.39032871342125225,0.8668594909598838,0.22517748225177484,0.7997537654547503,False
GO_BP,PHOL,GO:0071363,cellular response to growth factor stimulus,34,-0.018384365707214568,-0.132852882513179,0.2568774455022942,-0.08039664720177216,0.5228477152284772,0.7997537654547503,False
GO_BP,PHOL,GO:0071364,cellular response to epidermal growth factor stimulus,7,-0.7374690743570951,-0.9592175623418732,0.8422710205092082,-0.6789958034407626,0.7056294370562943,0.8111878568959611,False
GO_BP,PHOL,GO:0071375,cellular response to peptide hormone stimulus,30,-0.10350929512174181,-0.5834548378610867,0.6735595804511966,-0.14856166641679677,0.5404459554044595,0.7997537654547503,False
GO_BP,PHOL,GO:0071383,cellular response to steroid hormone stimulus,22,2.4564729037113064,2.4255369829224005,0.505557942281328,0.9909254411094421,0.18088191180881913,0.7997537654547503,False
GO_BP,PHOL,GO:0071384,cellular response to corticosteroid stimulus,6,2.911921791407048,2.656223118403753,1.7805453474500312,0.693537558480156,0.20337966203379662,0.7997537654547503,False
GO_BP,PHOL,GO:0071385,cellular response to glucocorticoid stimulus,5,3.1689800651235087,2.892192594409411,2.0828891367850315,0.6814391995262872,0.1984801519848015,0.7997537654547503,False
GO_BP,PHOL,GO:0071396,cellular response to lipid,52,1.6625386327548708,1.6882567076687836,0.06494333842112501,0.7859386097099165,0.23837616238376164,0.7997537654547503,False
GO_BP,PHOL,GO:0071398,cellular response to fatty acid,5,-0.13664820996368995,-1.1160992332635529,0.8807325622483955,-0.018964874456111253,0.49265073492650735,0.7997537654547503,False
GO_BP,PHOL,GO:0071402,cellular response to lipoprotein particle stimulus,6,-0.4332348123284577,-0.3095581491640796,-1.0478553191801294,0.2454719218436468,0.40515948405159485,0.7997537654547503,False
GO_BP,PHOL,GO:0071404,cellular response to low-density lipoprotein particle stimulus,6,-0.4332348123284577,-0.3095581491640796,-1.0478553191801294,0.2454719218436468,0.40515948405159485,0.7997537654547503,False
GO_BP,PHOL,GO:0071453,cellular response to oxygen levels,11,0.31965957114892707,-0.08288195835557825,1.4928524319764063,-0.38532566566148696,0.6072392760723928,0.7997537654547503,False
GO_BP,PHOL,GO:0071456,cellular response to hypoxia,11,0.31965957114892707,-0.08288195835557825,1.4928524319764063,-0.38532566566148696,0.6072392760723928,0.7997537654547503,False
GO_BP,PHOL,GO:0071466,cellular response to xenobiotic stimulus,37,1.8514453223883565,1.7719366060369284,1.1370733410790603,0.3969403488303622,0.3431656834316568,0.7997537654547503,False
GO_BP,PHOL,GO:0071478,cellular response to radiation,10,-0.8610654740680694,-0.7211921094186398,-0.9791554985616802,-0.010891670077909477,0.45025497450254975,0.7997537654547503,False
GO_BP,PHOL,GO:0071482,cellular response to light stimulus,10,-0.8610654740680694,-0.7211921094186398,-0.9791554985616802,-0.010891670077909477,0.45025497450254975,0.7997537654547503,False
GO_BP,PHOL,GO:0071495,cellular response to endogenous stimulus,75,2.58852238611266,2.174722882023647,1.5029097029643055,0.7497060936186837,0.25247475252474755,0.7997537654547503,False
GO_BP,PHOL,GO:0071498,cellular response to fluid shear stress,6,-0.7564024016661886,-0.3035263154247936,-0.03402633881465991,-0.5876260745464619,0.6766323367663234,0.8033058431305515,False
GO_BP,PHOL,GO:0071559,response to transforming growth factor beta,8,-0.08895683956817911,-0.4074305452319689,-0.8284115129674819,0.5289641895315463,0.3177682231776822,0.7997537654547503,False
GO_BP,PHOL,GO:0071560,cellular response to transforming growth factor beta stimulus,8,-0.08895683956817911,-0.4074305452319689,-0.8284115129674819,0.5289641895315463,0.3177682231776822,0.7997537654547503,False
GO_BP,PHOL,GO:0071621,granulocyte chemotaxis,7,0.221994894585582,0.06780303241096021,-1.066466595985368,0.7213266763727859,0.26247375262473754,0.7997537654547503,False
GO_BP,PHOL,GO:0071674,mononuclear cell migration,6,-0.7911095433476326,-0.8713372101264464,-1.2329965490793944,0.2610573362552878,0.3461653834616538,0.7997537654547503,False
GO_BP,PHOL,GO:0071675,regulation of mononuclear cell migration,7,-0.8335807657504091,-0.5794994091465121,-0.20365191769462096,-0.4420051023298425,0.6272372762723728,0.7997537654547503,False
GO_BP,PHOL,GO:0071677,positive regulation of mononuclear cell migration,5,-0.4150024208490048,-0.6611478280201881,0.4521541916103665,-0.310505602644094,0.5755424457554245,0.7997537654547503,False
GO_BP,PHOL,GO:0071695,anatomical structure maturation,6,-0.07458474330193893,0.26563292481691436,-0.7612639777229743,0.17323078315109103,0.40705929407059294,0.7997537654547503,False
GO_BP,PHOL,GO:0071705,nitrogen compound transport,18,-0.8597028998927988,-1.3234854093902924,-1.1428590902034557,0.3734693499040752,0.36326367363263673,0.7997537654547503,False
GO_BP,PHOL,GO:0071715,icosanoid transport,9,1.0175890807681165,1.284581781478368,0.17852216705552396,0.28603710650117053,0.40115988401159886,0.7997537654547503,False
GO_BP,PHOL,GO:0071763,nuclear membrane organization,5,-0.49015350190539864,-0.1868948886424226,-0.5689042414211757,-0.11225393687359952,0.5169483051694831,0.7997537654547503,False
GO_BP,PHOL,GO:0071825,protein-lipid complex organization,5,0.7683534503242148,1.2428336112859182,-0.09442493209238435,0.1941491107274479,0.41315868413158685,0.7997537654547503,False
GO_BP,PHOL,GO:0071827,plasma lipoprotein particle organization,5,0.7683534503242148,1.2428336112859182,-0.09442493209238435,0.1941491107274479,0.41315868413158685,0.7997537654547503,False
GO_BP,PHOL,GO:0071840,cellular component organization or biogenesis,120,-0.20351510676163256,-0.1742728826444247,-0.26189338933733075,0.01456802922924516,0.47615238476152383,0.7997537654547503,False
GO_BP,PHOL,GO:0071867,response to monoamine,19,-0.44826722938372254,-0.04238042450874808,-1.2412408906362709,0.1935434281887869,0.42045795420457954,0.7997537654547503,False
GO_BP,PHOL,GO:0071868,cellular response to monoamine stimulus,19,-0.44826722938372254,-0.04238042450874808,-1.2412408906362709,0.1935434281887869,0.42045795420457954,0.7997537654547503,False
GO_BP,PHOL,GO:0071869,response to catecholamine,19,-0.44826722938372254,-0.04238042450874808,-1.2412408906362709,0.1935434281887869,0.42045795420457954,0.7997537654547503,False
GO_BP,PHOL,GO:0071870,cellular response to catecholamine stimulus,19,-0.44826722938372254,-0.04238042450874808,-1.2412408906362709,0.1935434281887869,0.42045795420457954,0.7997537654547503,False
GO_BP,PHOL,GO:0071875,adrenergic receptor signaling pathway,11,-0.9014585219710362,-0.9070507257662992,-1.27702830723711,0.19058099453066857,0.38866113388661133,0.7997537654547503,False
GO_BP,PHOL,GO:0071880,adenylate cyclase-activating adrenergic receptor signaling pathway,7,-0.6238798043231308,-0.7412525444449278,-1.105522497315022,0.29950771655684405,0.3645635436456354,0.7997537654547503,False
GO_BP,PHOL,GO:0071897,DNA biosynthetic process,7,-0.31495298093296614,0.41198993627921904,-0.6647107357833358,-0.18859258118090774,0.5355464453554645,0.7997537654547503,False
GO_BP,PHOL,GO:0071900,regulation of protein serine/threonine kinase activity,7,-0.4499618784001406,-0.06719614199243337,0.44051078912492,-0.6366192019663839,0.6987301269873013,0.8082197217747331,False
GO_BP,PHOL,GO:0071902,positive regulation of protein serine/threonine kinase activity,6,-1.1756039310202553,-0.8772600700860753,-0.7138040611573409,-0.3800718653985472,0.6073392660733926,0.7997537654547503,False
GO_BP,PHOL,GO:0072001,renal system development,6,-1.6428053043270954,-0.8269729373478816,-1.0502806253666328,-0.7041785229698382,0.7284271572842715,0.8242357582423576,False
GO_BP,PHOL,GO:0072330,monocarboxylic acid biosynthetic process,23,-0.4356233365331762,-0.08382317419977757,-0.30864667766439674,-0.23938841060108904,0.5408459154084592,0.7997537654547503,False
GO_BP,PHOL,GO:0072348,sulfur compound transport,5,-0.47700093620068357,-0.6772014368925623,-1.2730207643567033,0.49811016442394923,0.29547045295470453,0.7997537654547503,False
GO_BP,PHOL,GO:0072359,circulatory system development,28,-0.6347945877552361,-0.31327259058345835,-0.753886327089593,-0.10121512891871043,0.5093490650934906,0.7997537654547503,False
GO_BP,PHOL,GO:0072521,purine-containing compound metabolic process,19,-0.33536452899656655,-0.7956486513846459,-0.3458588413864357,0.23538921738897423,0.3531646835316468,0.7997537654547503,False
GO_BP,PHOL,GO:0072523,purine-containing compound catabolic process,8,-0.27815042797704864,-0.41951172272697657,-0.3722628667187802,0.11773686674582978,0.39816018398160186,0.7997537654547503,False
GO_BP,PHOL,GO:0072524,pyridine-containing compound metabolic process,8,-0.1647715212878373,-0.32534135647933116,-0.1487484310116449,0.07227337245765073,0.46055394460553944,0.7997537654547503,False
GO_BP,PHOL,GO:0072531,pyrimidine-containing compound transmembrane transport,5,-1.6579620932310064,-1.1208425599293736,-1.2607418168788675,-0.4671699048268858,0.6496350364963503,0.8020133445239224,False
GO_BP,PHOL,GO:0072593,reactive oxygen species metabolic process,7,-0.34884152006597624,-0.4644388686533694,0.6059094209218624,-0.4195767962002227,0.6222377762223777,0.7997537654547503,False
GO_BP,PHOL,GO:0072594,establishment of protein localization to organelle,7,-1.1201139444691277,-1.375447757444989,-1.0791950213231607,0.10720744491494716,0.4363563643635636,0.7997537654547503,False
GO_BP,PHOL,GO:0080090,regulation of primary metabolic process,149,1.9318869172257618,2.1249788576161324,0.5469954774193622,0.5958997497080145,0.2890710928907109,0.7997537654547503,False
GO_BP,PHOL,GO:0080134,regulation of response to stress,88,-0.17159804569793258,0.027408324297201598,0.8764427890045023,-0.6235236023487846,0.6907309269073093,0.8055371886185417,False
GO_BP,PHOL,GO:0080135,regulation of cellular response to stress,40,-0.10727831966106723,0.8188476923494623,0.663264130455303,-0.84833423106345,0.7599240075992401,0.8377552075300945,False
GO_BP,PHOL,GO:0080164,regulation of nitric oxide metabolic process,14,-1.1801294006025396,-1.152208099222953,-0.7558093451564338,-0.2261206784128461,0.5536446355364464,0.7997537654547503,False
GO_BP,PHOL,GO:0086003,cardiac muscle cell contraction,5,0.2703123108209898,0.33430961375486107,-0.15314333978045866,0.17972917383378856,0.37436256374362564,0.7997537654547503,False
GO_BP,PHOL,GO:0086004,regulation of cardiac muscle cell contraction,5,-0.8830280599746795,-0.8031986555033589,-0.7701850197560518,-0.09633622234497408,0.5061493850614939,0.7997537654547503,False
GO_BP,PHOL,GO:0086091,regulation of heart rate by cardiac conduction,5,-0.5935182891510771,-0.48114380035064996,-0.8068748551005523,0.05049103857452408,0.44075592440755923,0.7997537654547503,False
GO_BP,PHOL,GO:0090066,regulation of anatomical structure size,46,-0.24505235808648257,0.29440503549250535,-0.22540885460215712,-0.27955044853165667,0.5742425757424258,0.7997537654547503,False
GO_BP,PHOL,GO:0090068,positive regulation of cell cycle process,18,-1.5509996639460688,-1.5525160944021443,-0.716591226569375,-0.416446003460309,0.6265373462653735,0.7997537654547503,False
GO_BP,PHOL,GO:0090087,regulation of peptide transport,17,0.19998775232936133,-0.08281431777840093,0.997485977210457,-0.2573480773866667,0.5689431056894311,0.7997537654547503,False
GO_BP,PHOL,GO:0090092,regulation of transmembrane receptor protein serine/threonine kinase signaling pathway,14,-0.9078820940966061,-0.4783563131595656,-1.5003874849311858,0.08148980494876956,0.45015498450154984,0.7997537654547503,False
GO_BP,PHOL,GO:0090100,positive regulation of transmembrane receptor protein serine/threonine kinase signaling pathway,6,-0.823715226429941,-0.4963622712086273,-0.9121689966063881,-0.11944959252243326,0.5108489151084892,0.7997537654547503,False
GO_BP,PHOL,GO:0090101,negative regulation of transmembrane receptor protein serine/threonine kinase signaling pathway,6,-0.5559886355489972,-0.18678952357995163,-1.1353705830593743,0.10509141777066577,0.42945705429457054,0.7997537654547503,False
GO_BP,PHOL,GO:0090109,regulation of cell-substrate junction assembly,8,-1.1934193232361725,-1.1816550500508245,-0.13868514149972758,-0.5332492274608964,0.6592340765923408,0.8026224404586569,False
GO_BP,PHOL,GO:0090181,regulation of cholesterol metabolic process,5,-0.054851112302747106,-0.2641719824226367,0.862068541111732,-0.3537993916472948,0.6376362363763624,0.7997700096049865,False
GO_BP,PHOL,GO:0090257,regulation of muscle system process,25,-1.0031776905767211,-0.51626585144724,-1.1379162085839347,-0.17608666056113376,0.53994600539946,0.7997537654547503,False
GO_BP,PHOL,GO:0090263,positive regulation of canonical Wnt signaling pathway,8,-0.5364056131272464,-0.6247352711499963,-0.535382166859458,0.043653105877480725,0.45845415458454153,0.7997537654547503,False
GO_BP,PHOL,GO:0090276,regulation of peptide hormone secretion,15,0.274214380956212,0.07395798486815176,0.9928222627929942,-0.25917574287436107,0.5748425157484252,0.7997537654547503,False
GO_BP,PHOL,GO:0090277,positive regulation of peptide hormone secretion,7,0.10523610030099828,-0.0481073377882164,0.48993558181636815,-0.11567802171307759,0.5193480651934806,0.7997537654547503,False
GO_BP,PHOL,GO:0090278,negative regulation of peptide hormone secretion,5,-0.6790843266761483,-0.25714837278955427,-1.0133833922701436,-0.04381844414629932,0.45795420457954206,0.7997537654547503,False
GO_BP,PHOL,GO:0090287,regulation of cellular response to growth factor stimulus,14,-0.6036319540566779,-0.2690662931311066,-0.615309140992411,-0.16144423699491917,0.5429457054294571,0.7997537654547503,False
GO_BP,PHOL,GO:0090303,positive regulation of wound healing,7,-0.7474303143522055,-0.31459481255012034,-0.795076389871821,-0.19259471314123477,0.5452454754524547,0.7997537654547503,False
GO_BP,PHOL,GO:0090304,nucleic acid metabolic process,39,1.4081725530098765,1.6148637957289647,0.618441795251312,0.29151975751973813,0.40375962403759624,0.7997537654547503,False
GO_BP,PHOL,GO:0090316,positive regulation of intracellular protein transport,9,-1.2749914711166017,-0.3652279673893592,-1.250866440675485,-0.4669442670841796,0.6376362363763624,0.7997700096049865,False
GO_BP,PHOL,GO:0090322,regulation of superoxide metabolic process,7,0.14284803031568527,-0.06372935317549004,0.6819054423526523,-0.16624001427289586,0.53004699530047,0.7997537654547503,False
GO_BP,PHOL,GO:0090330,regulation of platelet aggregation,6,-0.7753113737307443,-1.1541524492176976,-0.7524483541982303,0.1779890279772196,0.40715928407159285,0.7997537654547503,False
GO_BP,PHOL,GO:0090398,cellular senescence,5,-0.8758365284572901,2.031613675971891,-1.1911623503952251,-1.296062191245623,0.8639136086391361,0.8948905906222128,False
GO_BP,PHOL,GO:0090407,organophosphate biosynthetic process,10,-0.35324811807984774,0.6656853007412044,-0.638824720774663,-0.3666784080631184,0.6184381561843816,0.7997537654547503,False
GO_BP,PHOL,GO:0090559,regulation of membrane permeability,5,-0.6769932271260336,0.07957845539801393,-0.9359463336753497,-0.24880928798736568,0.561043895610439,0.7997537654547503,False
GO_BP,PHOL,GO:0090596,sensory organ morphogenesis,5,-1.42733286889648,-0.6750550362060885,-2.1543859817339728,-0.012612359926449379,0.45725427457254275,0.7997537654547503,False
GO_BP,PHOL,GO:0095500,acetylcholine receptor signaling pathway,10,-0.9354003808194592,-1.0248743381244754,-0.6488835766759026,-0.09852142341927028,0.4794520547945205,0.7997537654547503,False
GO_BP,PHOL,GO:0097006,regulation of plasma lipoprotein particle levels,5,0.7683534503242148,1.2428336112859182,-0.09442493209238435,0.1941491107274479,0.41315868413158685,0.7997537654547503,False
GO_BP,PHOL,GO:0097009,energy homeostasis,5,-1.040294544195798,-0.6879125767451119,-1.000592164232536,-0.1960421737069742,0.541945805419458,0.7997537654547503,False
GO_BP,PHOL,GO:0097190,apoptotic signaling pathway,18,-0.9748874625295177,-1.081591604799401,-1.4601599954623983,0.29598833760138177,0.36096390360963904,0.7997537654547503,False
GO_BP,PHOL,GO:0097191,extrinsic apoptotic signaling pathway,7,-0.35491390168589587,0.09400522266018405,-0.8898679912696504,0.04301748261883731,0.46185381461853814,0.7997537654547503,False
GO_BP,PHOL,GO:0097193,intrinsic apoptotic signaling pathway,9,-0.4852578604343855,-0.2755712041292154,-1.1132668751775479,0.20916117921899607,0.36706329367063295,0.7997537654547503,False
GO_BP,PHOL,GO:0097237,cellular response to toxic substance,11,-0.30500380664324755,-0.5832585538691926,0.2915766321568608,-0.15916284578708167,0.5166483351664833,0.7997537654547503,False
GO_BP,PHOL,GO:0097267,omega-hydroxylase P450 pathway,6,-0.7916977245606094,-0.8312284643414357,-0.6842442346392588,-0.03396137507026209,0.46115388461153883,0.7997537654547503,False
GO_BP,PHOL,GO:0097305,response to alcohol,28,-1.560426684298273,-0.45903233875716676,-0.9958118801549682,-0.8330045748422055,0.7487251274872513,0.8312385080277551,False
GO_BP,PHOL,GO:0097306,cellular response to alcohol,8,-1.2944684400277027,-0.8892789643924557,-0.7452104427775461,-0.4772237364427018,0.6427357264273572,0.801209583750324,False
GO_BP,PHOL,GO:0097435,supramolecular fiber organization,9,-0.4320890460068021,-0.21663367515979728,-0.07810725273875818,-0.28471858205752437,0.5784421557844216,0.7997537654547503,False
GO_BP,PHOL,GO:0097485,neuron projection guidance,5,0.0033155864149556264,-0.6224452025448142,0.25285305431473126,0.1881116605299971,0.38396160383961603,0.7997537654547503,False
GO_BP,PHOL,GO:0097529,myeloid leukocyte migration,9,-0.26046618947505873,-0.3147467249636363,-1.1901872588515858,0.4920008024325523,0.32596740325967405,0.7997537654547503,False
GO_BP,PHOL,GO:0097530,granulocyte migration,7,0.221994894585582,0.06780303241096021,-1.066466595985368,0.7213266763727859,0.26247375262473754,0.7997537654547503,False
GO_BP,PHOL,GO:0097553,calcium ion transmembrane import into cytosol,7,-0.3590589496945962,1.6701908811805286,-0.8478662967856109,-0.7702212418920551,0.736026397360264,0.8272002173432764,False
GO_BP,PHOL,GO:0097746,blood vessel diameter maintenance,34,-1.1100775127398075,-0.987704469474296,-1.048005647268912,-0.09222245436820353,0.5197480251974802,0.7997537654547503,False
GO_BP,PHOL,GO:0098542,defense response to other organism,21,0.7976353133656702,0.9148534474257233,-0.28131240629431614,0.48086479279996663,0.33856614338566143,0.7997537654547503,False
GO_BP,PHOL,GO:0098586,cellular response to virus,6,-0.920543007866319,-0.8575921137443814,-0.7110443755897002,-0.13622476319927823,0.5183481651834817,0.7997537654547503,False
GO_BP,PHOL,GO:0098609,cell-cell adhesion,10,-0.12687089670799298,-1.4530411521476863,0.2596464644645922,0.46982644713355404,0.3291670832916708,0.7997537654547503,False
GO_BP,PHOL,GO:0098655,monoatomic cation transmembrane transport,24,-0.3423927496128836,0.36946929690405056,-1.1431905358348655,0.044467869852523934,0.45945405459454053,0.7997537654547503,False
GO_BP,PHOL,GO:0098656,monoatomic anion transmembrane transport,5,2.0638221114891246,2.1075543796612166,0.7645196206759974,0.6277851113205175,0.20567943205679431,0.7997537654547503,False
GO_BP,PHOL,GO:0098657,import into cell,41,-0.7129553456415852,0.27940478359996224,-1.3653312464484335,-0.1699921142173496,0.5307469253074693,0.7997537654547503,False
GO_BP,PHOL,GO:0098659,inorganic cation import across plasma membrane,6,0.8123425225659889,2.5882207808620326,-0.26433619070912373,-0.3495997725104655,0.6046395360463953,0.7997537654547503,False
GO_BP,PHOL,GO:0098664,G protein-coupled serotonin receptor signaling pathway,12,-0.4650048166903798,-0.9012859458996996,-0.8596699312704105,0.41547312189467517,0.3518648135186481,0.7997537654547503,False
GO_BP,PHOL,GO:0098739,import across plasma membrane,10,0.024775006865563755,1.2484586707981569,-0.6492160715134807,-0.2748462927767743,0.5594440555944405,0.7997537654547503,False
GO_BP,PHOL,GO:0098754,detoxification,14,-0.2665394509700374,-0.6219002407670318,0.4328465122861319,-0.17201258672958747,0.5236476352364764,0.7997537654547503,False
GO_BP,PHOL,GO:0098771,inorganic ion homeostasis,25,0.34972536383611197,0.46237468929690917,0.6906917888030983,-0.22680787521389179,0.5587441255874412,0.7997537654547503,False
GO_BP,PHOL,GO:0098773,skin epidermis development,5,-1.0034511543026594,-0.9207171704570097,-1.5224701941473924,0.2181425279995417,0.40675932406759324,0.7997537654547503,False
GO_BP,PHOL,GO:0098815,modulation of excitatory postsynaptic potential,7,-0.6209513651137968,-0.7134937830099174,-0.8214649019694465,0.1465279773758852,0.42995700429957007,0.7997537654547503,False
GO_BP,PHOL,GO:0098869,cellular oxidant detoxification,6,-0.5073288347820751,-0.48684508001487886,-0.3485245742234791,-0.08964400766289615,0.5075492450754925,0.7997537654547503,False
GO_BP,PHOL,GO:0098916,anterograde trans-synaptic signaling,55,-0.5617133257246905,0.26755711716889075,-1.399201090671216,0.004108661026472227,0.49435056494350565,0.7997537654547503,False
GO_BP,PHOL,GO:0098926,postsynaptic signal transduction,12,-0.9427167283033361,-1.3437647785505853,-1.3177115525326648,0.38802143723828897,0.32686731326867313,0.7997537654547503,False
GO_BP,PHOL,GO:0099111,microtubule-based transport,5,0.10370732566830297,0.11902922033592644,0.33841868442227807,-0.12501662671079927,0.516048395160484,0.7997537654547503,False
GO_BP,PHOL,GO:0099170,postsynaptic modulation of chemical synaptic transmission,5,-0.8845072094027213,-0.7588883744425463,-1.3022429490658027,0.1460584523514532,0.37566243375662434,0.7997537654547503,False
GO_BP,PHOL,GO:0099171,presynaptic modulation of chemical synaptic transmission,13,-0.34247864305137404,0.047030358057398726,-0.9066599807135508,0.08733616827670199,0.415958404159584,0.7997537654547503,False
GO_BP,PHOL,GO:0099175,regulation of postsynapse organization,11,-0.4645585325577359,-0.382845031655096,0.02346195885304259,-0.2848669961567092,0.583941605839416,0.7997537654547503,False
GO_BP,PHOL,GO:0099177,regulation of trans-synaptic signaling,51,-0.6589725342114487,-0.1556225480963363,-1.7812805609842235,0.3094790203288311,0.36766323367663234,0.7997537654547503,False
GO_BP,PHOL,GO:0099505,regulation of presynaptic membrane potential,7,1.9011677042156259,1.6493834897518604,-0.4274094465203823,1.2901806825998867,0.1486851314868513,0.7997537654547503,False
GO_BP,PHOL,GO:0099536,synaptic signaling,62,-0.29131067619093565,0.8041348351427791,-1.560142913205356,0.08669336284035278,0.47205279472052797,0.7997537654547503,False
GO_BP,PHOL,GO:0099537,trans-synaptic signaling,59,-0.20201950130834626,1.0344087874724537,-1.3080556213113743,-0.06519608438888594,0.5217478252174782,0.7997537654547503,False
GO_BP,PHOL,GO:0099565,"chemical synaptic transmission, postsynaptic",13,-1.3803396923023123,0.3976951382602716,-1.476460735664755,-0.8409568936000706,0.7511248875112488,0.8330010600835651,False
GO_BP,PHOL,GO:0099587,inorganic ion import across plasma membrane,6,0.8123425225659889,2.5882207808620326,-0.26433619070912373,-0.3495997725104655,0.6046395360463953,0.7997537654547503,False
GO_BP,PHOL,GO:0104004,cellular response to environmental stimulus,19,-0.46360335287039994,-0.36029406909810624,0.20152283878434665,-0.38421773771352014,0.5981401859814018,0.7997537654547503,False
GO_BP,PHOL,GO:0106027,neuron projection organization,6,-0.39569655397725395,-0.15096938618836353,-0.29677375316731797,-0.1718249842994132,0.5314468553144686,0.7997537654547503,False
GO_BP,PHOL,GO:0110053,regulation of actin filament organization,8,0.18537850195995884,0.662402257274304,0.6939679466478615,-0.49280660000112386,0.7456254374562544,0.8302467397799835,False
GO_BP,PHOL,GO:0110075,regulation of ferroptosis,5,-0.7555696312389695,-0.15813962172140109,0.2588918936964871,-0.8059457672265125,0.7743225677432257,0.842728924133609,False
GO_BP,PHOL,GO:0120031,plasma membrane bounded cell projection assembly,5,-1.222467884007395,-0.5124638807272129,-0.9866976688420478,-0.47288710922276467,0.6457354264573543,0.8020133445239224,False
GO_BP,PHOL,GO:0120032,regulation of plasma membrane bounded cell projection assembly,6,-1.0259052462317775,-0.07672041753606385,-0.6590069601479224,-0.6580415573897844,0.7052294770522948,0.8111878568959611,False
GO_BP,PHOL,GO:0120035,regulation of plasma membrane bounded cell projection organization,25,-1.256871491728496,-0.5107995643431382,-0.29332084194347824,-0.8548112885851877,0.7544245575442455,0.8346824891978887,False
GO_BP,PHOL,GO:0120036,plasma membrane bounded cell projection organization,25,-0.4960913114680896,0.024769018493755773,0.010646489210505032,-0.51379906532022,0.6564343565643436,0.8021183808124269,False
GO_BP,PHOL,GO:0120039,plasma membrane bounded cell projection morphogenesis,10,-0.015897971484333327,-0.1997067671002399,0.21753926096304751,-0.02481421841573713,0.48085191480851913,0.7997537654547503,False
GO_BP,PHOL,GO:0120161,regulation of cold-induced thermogenesis,12,-0.7504008863666973,-1.1390619907965116,-1.2082912098597538,0.4232757139614354,0.3585641435856414,0.7997537654547503,False
GO_BP,PHOL,GO:0120162,positive regulation of cold-induced thermogenesis,12,-0.7504008863666973,-1.1390619907965116,-1.2082912098597538,0.4232757139614354,0.3585641435856414,0.7997537654547503,False
GO_BP,PHOL,GO:0120178,steroid hormone biosynthetic process,5,0.010972046633680232,-0.23748973867671722,0.43884487214550916,-0.08970552010071574,0.49425057494250574,0.7997537654547503,False
GO_BP,PHOL,GO:0120254,olefinic compound metabolic process,34,-0.5436722297798896,-0.8087737922968073,0.6676888849100182,-0.47312977608649504,0.6287371262873712,0.7997537654547503,False
GO_BP,PHOL,GO:0140115,export across plasma membrane,7,0.14938966678736995,-0.11021883292781555,-0.3182023509768115,0.3636002587396835,0.34796520347965204,0.7997537654547503,False
GO_BP,PHOL,GO:0140352,export from cell,15,0.0811532721890457,-1.0730277658352179,0.11986938981229656,0.5577324602005064,0.30916908309169083,0.7997537654547503,False
GO_BP,PHOL,GO:0140374,antiviral innate immune response,6,0.7440090319352034,0.9404860489336566,-0.5421179926781802,0.5448250038074651,0.28477152284771523,0.7997537654547503,False
GO_BP,PHOL,GO:0140448,signaling receptor ligand precursor processing,5,-0.5358184692645748,-0.5595667936281483,-0.8314264921841817,0.15967817364159032,0.3564643535646435,0.7997537654547503,False
GO_BP,PHOL,GO:0140546,defense response to symbiont,21,0.7976353133656702,0.9148534474257233,-0.28131240629431614,0.48086479279996663,0.33856614338566143,0.7997537654547503,False
GO_BP,PHOL,GO:0140694,membraneless organelle assembly,10,0.7804758768823908,1.281208140490019,-0.06792414819932695,0.17383388073704475,0.42175782421757824,0.7997537654547503,False
GO_BP,PHOL,GO:0141060,disruption of anatomical structure in another organism,5,0.8731274359478255,1.8420702388085133,-0.6617470011598767,0.2829658171235072,0.3752624737526247,0.7997537654547503,False
GO_BP,PHOL,GO:0141091,transforming growth factor beta receptor superfamily signaling pathway,7,-1.0522249132255788,-1.1159357327960513,-1.238260286985291,0.12487309666509239,0.4286571342865713,0.7997537654547503,False
GO_BP,PHOL,GO:0141124,intracellular signaling cassette,40,-1.2907921388169572,-0.07299166654697657,-1.261075498306931,-0.6237585563900034,0.6868313168683132,0.805352973342786,False
GO_BP,PHOL,GO:0141137,"positive regulation of gene expression, epigenetic",5,0.5794126123298804,-0.20790769123248432,-0.08558554076850632,0.7261592283303757,0.2686731326867313,0.7997537654547503,False
GO_BP,PHOL,GO:0141161,regulation of cAMP/PKA signal transduction,5,-0.6770315979788105,-0.7272233273357203,-0.5817483685786624,-0.022545750021619182,0.4737526247375263,0.7997537654547503,False
GO_BP,PHOL,GO:0141187,nucleic acid biosynthetic process,25,1.020988067542711,1.0517895151163195,-0.06544720764913442,0.5278169138091184,0.33086691330866913,0.7997537654547503,False
GO_BP,PHOL,GO:0141193,nuclear receptor-mediated signaling pathway,20,1.09884994750468,1.3140342450250755,-0.268899563294252,0.5762826066392683,0.31526847315268475,0.7997537654547503,False
GO_BP,PHOL,GO:0150063,visual system development,12,-1.0957033335445856,-1.1462824145554151,-1.838394481119546,0.396635114292895,0.2826717328267173,0.7997537654547503,False
GO_BP,PHOL,GO:0150076,neuroinflammatory response,5,0.37698051636176244,0.5374641890882792,1.039887060987316,-0.4116951086760352,0.6154384561543845,0.7997537654547503,False
GO_BP,PHOL,GO:0150104,transport across blood-brain barrier,11,-0.27338469939964904,0.308027296641117,-0.9717464827067006,0.05847489363314273,0.47135286471352866,0.7997537654547503,False
GO_BP,PHOL,GO:0150116,regulation of cell-substrate junction organization,8,-1.1934193232361725,-1.1816550500508245,-0.13868514149972758,-0.5332492274608964,0.6592340765923408,0.8026224404586569,False
GO_BP,PHOL,GO:0150117,positive regulation of cell-substrate junction organization,5,-1.1350071271927065,-0.9577472249761918,0.15872173467326592,-0.7354943820412435,0.7327267273272673,0.8267022863769553,False
GO_BP,PHOL,GO:0160108,animal gross anatomical part developmental process,134,0.2883457151714671,-0.21489718325429583,-0.48634189463281247,0.6389652541150213,0.29057094290570945,0.7997537654547503,False
GO_BP,PHOL,GO:1900015,regulation of cytokine production involved in inflammatory response,13,-0.05496201729294889,0.07314366304245325,-0.3476358474883137,0.08228407492998135,0.43395660433956607,0.7997537654547503,False
GO_BP,PHOL,GO:1900016,negative regulation of cytokine production involved in inflammatory response,8,-0.13089811932606787,0.002042462032937799,-0.6741925030229513,0.20517690116893889,0.40645935406459355,0.7997537654547503,False
GO_BP,PHOL,GO:1900034,regulation of cellular response to heat,5,0.18762551214389858,1.0992664468082807,0.2561024746884644,-0.49005894860447397,0.6423357664233577,0.801209583750324,False
GO_BP,PHOL,GO:1900037,regulation of cellular response to hypoxia,6,-0.30195628155308013,0.5650890901895733,0.46318248281328656,-0.8160920680545101,0.7415258474152585,0.8288882260019403,False
GO_BP,PHOL,GO:1900046,regulation of hemostasis,5,-0.8611394734171998,-0.7105327996671433,-0.8060634629615285,-0.10284134210286378,0.5144485551444855,0.7997537654547503,False
GO_BP,PHOL,GO:1900076,regulation of cellular response to insulin stimulus,7,2.308266218225662,1.0036279470772307,3.8767668309814933,-0.13193117080369987,0.5252474752524747,0.7997537654547503,False
GO_BP,PHOL,GO:1900087,positive regulation of G1/S transition of mitotic cell cycle,6,-1.4581539482531045,-1.3516957186130865,-1.1766166901319086,-0.1939977438806071,0.5412458754124587,0.7997537654547503,False
GO_BP,PHOL,GO:1900180,regulation of protein localization to nucleus,14,-1.1076142632687924,-0.6401247403192072,-0.9274761295680888,-0.3238138283251444,0.5932406759324068,0.7997537654547503,False
GO_BP,PHOL,GO:1900182,positive regulation of protein localization to nucleus,12,-1.11142917213337,-0.8777917937156104,-0.9323624866867452,-0.2063520319321922,0.5435456454354565,0.7997537654547503,False
GO_BP,PHOL,GO:1900271,regulation of long-term synaptic potentiation,6,-0.6255923933902965,-0.02340987619351335,-0.3125166674862776,-0.45762912155040103,0.6286371362863714,0.7997537654547503,False
GO_BP,PHOL,GO:1900371,regulation of purine nucleotide biosynthetic process,5,-0.1343246171495953,0.5751747058184892,-1.0408909629179177,0.09853351140011898,0.4296570342965703,0.7997537654547503,False
GO_BP,PHOL,GO:1900542,regulation of purine nucleotide metabolic process,10,-0.9689260820333189,-0.9845600444418747,-1.3932548171904446,0.2199813487828407,0.42075792420757924,0.7997537654547503,False
GO_BP,PHOL,GO:1900544,positive regulation of purine nucleotide metabolic process,8,-1.0450293442003091,-0.8955264728835935,-1.3782851145858401,0.09187644953440777,0.46215378462153783,0.7997537654547503,False
GO_BP,PHOL,GO:1901099,negative regulation of signal transduction in absence of ligand,7,-0.7707780948649094,-0.7998221445886582,-1.0436426938979442,0.15095432437839174,0.4253574642535746,0.7997537654547503,False
GO_BP,PHOL,GO:1901135,carbohydrate derivative metabolic process,25,-0.5393986429883412,-1.0594384021264056,0.07496733880014506,-0.047163111325210894,0.46365363463653636,0.7997537654547503,False
GO_BP,PHOL,GO:1901136,carbohydrate derivative catabolic process,12,-0.5211571548783076,-0.48019046582803315,-0.6719218684668554,0.05489901226913663,0.43615638436156384,0.7997537654547503,False
GO_BP,PHOL,GO:1901184,regulation of ERBB signaling pathway,5,-0.3435012685067901,-0.7643524122994088,1.070825641562947,-0.49673788313855916,0.6518348165183482,0.8020133445239224,False
GO_BP,PHOL,GO:1901222,regulation of non-canonical NF-kappaB signal transduction,5,0.17850281439090282,-0.5870579494887278,-0.1918785791342018,0.5679710787023676,0.2612738726127387,0.7997537654547503,False
GO_BP,PHOL,GO:1901264,carbohydrate derivative transport,6,-0.843280045062598,-0.13556912992942327,-0.33000914760573,-0.6104909062950213,0.6990300969903009,0.8083669023757372,False
GO_BP,PHOL,GO:1901292,nucleoside phosphate catabolic process,9,-0.2044323670338904,-0.2666985517898985,-0.4168736827372663,0.13735375022969204,0.3865613438656134,0.7997537654547503,False
GO_BP,PHOL,GO:1901342,regulation of vasculature development,21,0.7025789971806649,0.5069242710680569,0.9725803718662288,-0.037173324286478016,0.46915308469153083,0.7997537654547503,False
GO_BP,PHOL,GO:1901343,negative regulation of vasculature development,7,0.419947617639776,-0.08025740638288718,0.9296291611723347,-0.004738259754947793,0.45755424457554245,0.7997537654547503,False
GO_BP,PHOL,GO:1901652,response to peptide,39,-0.7852570529083355,-1.1197500562047535,-1.442228390455362,0.49573217042172246,0.32226777322267774,0.7997537654547503,False
GO_BP,PHOL,GO:1901654,response to ketone,16,-1.0587870570148903,-0.7854698290218525,-0.981187196551594,-0.1754585442281671,0.5511448855114488,0.7997537654547503,False
GO_BP,PHOL,GO:1901655,cellular response to ketone,8,-0.4637470246896918,-0.20337985818621163,-0.8046427288143633,0.04026426881059558,0.4704529547045295,0.7997537654547503,False
GO_BP,PHOL,GO:1901698,response to nitrogen compound,94,-1.4203143388752675,-1.2711200270235514,-1.004526071741362,-0.28249128949281066,0.5748425157484252,0.7997537654547503,False
GO_BP,PHOL,GO:1901699,cellular response to nitrogen compound,69,-0.7387474902349036,-0.9048182483898304,-0.7214580843025357,0.07439067611127936,0.4547545245475452,0.7997537654547503,False
GO_BP,PHOL,GO:1901700,response to oxygen-containing compound,146,-0.8286545458067577,-0.5614535080721172,-0.45861048176267044,-0.31862255088936386,0.5898410158984102,0.7997537654547503,False
GO_BP,PHOL,GO:1901701,cellular response to oxygen-containing compound,113,-0.40174670123135975,-0.19873962074386475,-0.4772458352641857,-0.0637539732273345,0.501949805019498,0.7997537654547503,False
GO_BP,PHOL,GO:1901796,regulation of signal transduction by p53 class mediator,10,-1.2204673309426843,-0.6538452594555891,-1.2332599384199276,-0.2769147320049259,0.5707429257074292,0.7997537654547503,False
GO_BP,PHOL,GO:1901800,positive regulation of proteasomal protein catabolic process,8,-1.1930938972668264,0.21562227131176437,-1.4066867613476262,-0.5975616522488955,0.6764323567643236,0.8033058431305515,False
GO_BP,PHOL,GO:1901873,regulation of post-translational protein modification,15,-0.5740574476830999,0.9981019324994985,-1.5559411742854234,-0.2951378267901374,0.5816418358164184,0.7997537654547503,False
GO_BP,PHOL,GO:1901874,negative regulation of post-translational protein modification,5,-0.8505078559783137,-0.8081967721622013,-1.097083987770495,0.10213252398803441,0.4233576642335766,0.7997537654547503,False
GO_BP,PHOL,GO:1901875,positive regulation of post-translational protein modification,7,0.46929656103957856,2.5030513218721477,-0.8517298082907561,-0.3563641957511173,0.5960403959604039,0.7997537654547503,False
GO_BP,PHOL,GO:1901888,regulation of cell junction assembly,15,-0.08344755414850119,-0.5084927615377369,0.6891988834711246,-0.173800615115195,0.5433456654334566,0.7997537654547503,False
GO_BP,PHOL,GO:1901890,positive regulation of cell junction assembly,5,-0.7159149922082574,-0.4410924260825956,0.008405729614290256,-0.4995716439741047,0.6454354564543545,0.8020133445239224,False
GO_BP,PHOL,GO:1901987,regulation of cell cycle phase transition,14,-0.8205068542351258,-1.3714274485939715,0.19189551414403833,-0.23074088701015927,0.5676432356764324,0.7997537654547503,False
GO_BP,PHOL,GO:1901989,positive regulation of cell cycle phase transition,8,-1.1137229413478904,-1.3471626817239326,-0.42273290126583074,-0.22877514985300873,0.5600439956004399,0.7997537654547503,False
GO_BP,PHOL,GO:1901990,regulation of mitotic cell cycle phase transition,14,-0.8205068542351258,-1.3714274485939715,0.19189551414403833,-0.23074088701015927,0.5676432356764324,0.7997537654547503,False
GO_BP,PHOL,GO:1901992,positive regulation of mitotic cell cycle phase transition,8,-1.1137229413478904,-1.3471626817239326,-0.42273290126583074,-0.22877514985300873,0.5600439956004399,0.7997537654547503,False
GO_BP,PHOL,GO:1902105,regulation of leukocyte differentiation,8,-0.4111542558456866,-0.8289247847144551,-0.08878992407658026,0.04770309854983107,0.43425657434256576,0.7997537654547503,False
GO_BP,PHOL,GO:1902107,positive regulation of leukocyte differentiation,6,-0.8252119465657672,-0.9089112601521449,-0.7145733145453367,-0.013469659217026475,0.48205179482051796,0.7997537654547503,False
GO_BP,PHOL,GO:1902115,regulation of organelle assembly,9,-0.661333601962742,-0.18158243545190322,-0.5839733838764773,-0.27855569229855176,0.5694430556944305,0.7997537654547503,False
GO_BP,PHOL,GO:1902175,regulation of oxidative stress-induced intrinsic apoptotic signaling pathway,7,-0.8665725430076625,-0.9655864569636298,-0.9910016330686109,0.11172150200845787,0.44215578442155784,0.7997537654547503,False
GO_BP,PHOL,GO:1902476,chloride transmembrane transport,5,2.0638221114891246,2.1075543796612166,0.7645196206759974,0.6277851113205175,0.20567943205679431,0.7997537654547503,False
GO_BP,PHOL,GO:1902531,regulation of intracellular signal transduction,128,-1.3445012607027977,-0.7004951410403512,-0.45166758935929796,-0.7684198955029732,0.7310268973102689,0.82631814075956,False
GO_BP,PHOL,GO:1902532,negative regulation of intracellular signal transduction,47,-0.2291520338852408,0.06178761832143476,0.3172825795934281,-0.4186871328426722,0.6203379662033797,0.7997537654547503,False
GO_BP,PHOL,GO:1902533,positive regulation of intracellular signal transduction,91,-1.330353728164299,-0.5858203054460265,-1.377260517278604,-0.3488133168019837,0.6041395860413958,0.7997537654547503,False
GO_BP,PHOL,GO:1902644,tertiary alcohol metabolic process,6,-0.030893223012158237,-0.685393290335364,1.1601406401192242,-0.26826689790408836,0.5867413258674132,0.7997537654547503,False
GO_BP,PHOL,GO:1902652,secondary alcohol metabolic process,13,0.8795065223023221,1.228571264457947,1.2976434686721705,-0.38360084426273666,0.6126387361263873,0.7997537654547503,False
GO_BP,PHOL,GO:1902679,negative regulation of RNA biosynthetic process,50,0.9604325020906974,0.6806067611840124,0.009867695361945329,0.6151952738177185,0.30456954304569545,0.7997537654547503,False
GO_BP,PHOL,GO:1902680,positive regulation of RNA biosynthetic process,59,0.5141238517650625,-0.0471742403889313,-0.690664227462831,0.8830430856909436,0.23667633236676333,0.7997537654547503,False
GO_BP,PHOL,GO:1902749,regulation of cell cycle G2/M phase transition,6,-0.18845876135019052,-0.8649682055964245,0.4246257197036085,0.03171248159621748,0.4687531246875312,0.7997537654547503,False
GO_BP,PHOL,GO:1902806,regulation of cell cycle G1/S phase transition,7,-0.785423066006048,-1.2316748980856236,0.05657655945700681,-0.19787389669173971,0.5456454354564544,0.7997537654547503,False
GO_BP,PHOL,GO:1902808,positive regulation of cell cycle G1/S phase transition,6,-1.4581539482531045,-1.3516957186130865,-1.1766166901319086,-0.1939977438806071,0.5412458754124587,0.7997537654547503,False
GO_BP,PHOL,GO:1902850,microtubule cytoskeleton organization involved in mitosis,7,-0.9439726068576028,-0.5923703822759346,-0.9571774614212031,-0.1691986850090339,0.541945805419458,0.7997537654547503,False
GO_BP,PHOL,GO:1902893,regulation of miRNA transcription,13,-0.19175870309529933,-0.2651718860730538,-1.1246514341745006,0.503152957028478,0.33456654334566543,0.7997537654547503,False
GO_BP,PHOL,GO:1902894,negative regulation of miRNA transcription,8,-0.4369023847016819,-0.5872088553661378,-0.8112818020325275,0.26234294399765073,0.40105989401059894,0.7997537654547503,False
GO_BP,PHOL,GO:1902895,positive regulation of miRNA transcription,9,0.09322211570391725,-0.1751177736504226,-0.9870929996762069,0.674327502367232,0.28457154284571545,0.7997537654547503,False
GO_BP,PHOL,GO:1902903,regulation of supramolecular fiber organization,16,0.10838526501656245,0.4744753734119378,1.1450696489369854,-0.7013872461578992,0.7353264673532647,0.8272002173432764,False
GO_BP,PHOL,GO:1902904,negative regulation of supramolecular fiber organization,5,-1.169012598084539,-0.6953273621395263,-0.017161809572650625,-0.8127680122284504,0.7655234476552345,0.8404057553428331,False
GO_BP,PHOL,GO:1902905,positive regulation of supramolecular fiber organization,9,0.22680860235635228,0.7339726907312383,0.8931431750918704,-0.5867493305552021,0.7042295770422957,0.8109730365546122,False
GO_BP,PHOL,GO:1903034,regulation of response to wounding,14,-0.23236062588857717,-0.5556543478817294,-0.21169650349640426,0.15131479980048965,0.39866013398660133,0.7997537654547503,False
GO_BP,PHOL,GO:1903035,negative regulation of response to wounding,9,-0.26931948107866666,-0.7486400957225705,-0.07636194125577526,0.1431815374105062,0.39716028397160286,0.7997537654547503,False
GO_BP,PHOL,GO:1903036,positive regulation of response to wounding,7,-0.7474303143522055,-0.31459481255012034,-0.795076389871821,-0.19259471314123477,0.5452454754524547,0.7997537654547503,False
GO_BP,PHOL,GO:1903037,regulation of leukocyte cell-cell adhesion,18,-0.28279439756547126,-0.7465367923844857,0.6886449229565019,-0.2538484628514794,0.5557444255574443,0.7997537654547503,False
GO_BP,PHOL,GO:1903038,negative regulation of leukocyte cell-cell adhesion,7,0.4694578898816402,0.055813119906466375,1.5107027434416,-0.313800041792393,0.5865413458654135,0.7997537654547503,False
GO_BP,PHOL,GO:1903039,positive regulation of leukocyte cell-cell adhesion,14,-0.46106725660819126,-0.9493930271056427,0.1862779410951937,-0.07950971360296677,0.48795120487951205,0.7997537654547503,False
GO_BP,PHOL,GO:1903047,mitotic cell cycle process,17,-0.5622316566329397,-0.9049401639149989,-0.48579911103231804,0.1331379808407187,0.40335966403359663,0.7997537654547503,False
GO_BP,PHOL,GO:1903076,regulation of protein localization to plasma membrane,8,-0.1768943202196653,0.06397561431168035,-0.8397416005102327,0.2109886728796109,0.4126587341265873,0.7997537654547503,False
GO_BP,PHOL,GO:1903115,regulation of actin filament-based movement,5,-0.8830280599746795,-0.8031986555033589,-0.7701850197560518,-0.09633622234497408,0.5061493850614939,0.7997537654547503,False
GO_BP,PHOL,GO:1903131,mononuclear cell differentiation,16,0.37241413787227273,0.3896405781777081,-0.4459186121612761,0.40055315486405674,0.36326367363263673,0.7997537654547503,False
GO_BP,PHOL,GO:1903169,regulation of calcium ion transmembrane transport,9,1.0491537833075626,0.24842043985715184,-0.30121793308340256,1.0755525299206878,0.1877812218778122,0.7997537654547503,False
GO_BP,PHOL,GO:1903311,regulation of mRNA metabolic process,7,-0.8108646661543184,-0.44811597275754483,-0.723258374574255,-0.22517749248841845,0.5581441855814419,0.7997537654547503,False
GO_BP,PHOL,GO:1903320,regulation of protein modification by small protein conjugation or removal,15,-0.5740574476830999,0.9981019324994985,-1.5559411742854234,-0.2951378267901374,0.5816418358164184,0.7997537654547503,False
GO_BP,PHOL,GO:1903321,negative regulation of protein modification by small protein conjugation or removal,5,-0.8505078559783137,-0.8081967721622013,-1.097083987770495,0.10213252398803441,0.4233576642335766,0.7997537654547503,False
GO_BP,PHOL,GO:1903322,positive regulation of protein modification by small protein conjugation or removal,7,0.46929656103957856,2.5030513218721477,-0.8517298082907561,-0.3563641957511173,0.5960403959604039,0.7997537654547503,False
GO_BP,PHOL,GO:1903350,response to dopamine,18,-0.3484411866946597,0.2663138335688559,-1.3620756852631994,0.19943973915251206,0.41255874412558746,0.7997537654547503,False
GO_BP,PHOL,GO:1903351,cellular response to dopamine,18,-0.3484411866946597,0.2663138335688559,-1.3620756852631994,0.19943973915251206,0.41255874412558746,0.7997537654547503,False
GO_BP,PHOL,GO:1903376,regulation of oxidative stress-induced neuron intrinsic apoptotic signaling pathway,5,-0.9194206008016336,-1.048791820864214,-1.1470787253304162,0.17851467229568152,0.42005799420057993,0.7997537654547503,False
GO_BP,PHOL,GO:1903426,regulation of reactive oxygen species biosynthetic process,6,-0.3956897751751787,-0.18406290585157842,-0.8353050354376464,0.11399419546943373,0.40185981401859816,0.7997537654547503,False
GO_BP,PHOL,GO:1903427,negative regulation of reactive oxygen species biosynthetic process,5,-0.5935824354716492,-0.3578044646670044,-0.907081881601913,0.03886073766280951,0.45315468453154684,0.7997537654547503,False
GO_BP,PHOL,GO:1903432,regulation of TORC1 signaling,7,-0.8179827375964277,-0.23977191947958632,-1.2940732291906356,-0.05106016326131679,0.49065093490650935,0.7997537654547503,False
GO_BP,PHOL,GO:1903522,regulation of blood circulation,38,-2.0065808420841984,-1.5872307770272152,-1.5427235485613622,-0.44160367928990985,0.6262373762623737,0.7997537654547503,False
GO_BP,PHOL,GO:1903524,positive regulation of blood circulation,6,0.5460561204592626,0.519062500526022,2.4576406646439657,-0.9422954621257312,0.8028197180281972,0.8560483664552205,False
GO_BP,PHOL,GO:1903530,regulation of secretion by cell,40,-0.6412113015922178,-0.7540248640285062,-0.4368619686332006,-0.04576788526136444,0.47985201479852013,0.7997537654547503,False
GO_BP,PHOL,GO:1903531,negative regulation of secretion by cell,13,-1.4897384413439732,-1.010279363988919,-1.3097103280242357,-0.3297435953373957,0.5873412658734126,0.7997537654547503,False
GO_BP,PHOL,GO:1903532,positive regulation of secretion by cell,18,-0.2910736175888674,-0.06389339550161577,-0.16394678159408854,-0.17715352904101525,0.5311468853114688,0.7997537654547503,False
GO_BP,PHOL,GO:1903555,regulation of tumor necrosis factor superfamily cytokine production,12,1.109323957575498,-0.2863678113489873,1.7768370809308933,0.3640893227845451,0.36226377362263773,0.7997537654547503,False
GO_BP,PHOL,GO:1903557,positive regulation of tumor necrosis factor superfamily cytokine production,7,0.1712859977571687,-0.4615687662559849,0.12457421821276124,0.33978327177878054,0.3588641135886411,0.7997537654547503,False
GO_BP,PHOL,GO:1903573,negative regulation of response to endoplasmic reticulum stress,6,-0.23873531879971718,0.036422233345900085,0.31995903242783574,-0.4169259516865851,0.6488351164883511,0.8020133445239224,False
GO_BP,PHOL,GO:1903578,regulation of ATP metabolic process,10,-0.9689260820333189,-0.9845600444418747,-1.3932548171904446,0.2199813487828407,0.42075792420757924,0.7997537654547503,False
GO_BP,PHOL,GO:1903580,positive regulation of ATP metabolic process,8,-1.0450293442003091,-0.8955264728835935,-1.3782851145858401,0.09187644953440777,0.46215378462153783,0.7997537654547503,False
GO_BP,PHOL,GO:1903706,regulation of hemopoiesis,14,-0.6917127039802554,-1.0846025602824885,-0.558347717229899,0.1297624347759383,0.41115888411158885,0.7997537654547503,False
GO_BP,PHOL,GO:1903708,positive regulation of hemopoiesis,6,-0.8252119465657672,-0.9089112601521449,-0.7145733145453367,-0.013469659217026475,0.48205179482051796,0.7997537654547503,False
GO_BP,PHOL,GO:1903725,regulation of phospholipid metabolic process,7,0.2919558914762747,-0.5062092353666032,0.3688085366277064,0.3606562408457231,0.3407659234076592,0.7997537654547503,False
GO_BP,PHOL,GO:1903727,positive regulation of phospholipid metabolic process,6,0.8376572480006433,-0.21791201019166342,0.6000743327786189,0.6465760867071656,0.2873712628737126,0.7997537654547503,False
GO_BP,PHOL,GO:1903828,negative regulation of protein localization,17,-0.6870800437777546,0.10285369544538432,-0.34539476445401435,-0.5658095092734395,0.666033396660334,0.8033058431305515,False
GO_BP,PHOL,GO:1903829,positive regulation of protein localization,34,-0.5317339961883578,0.0323177944876626,-0.19498577365111505,-0.4504000066066316,0.6414358564143585,0.801209583750324,False
GO_BP,PHOL,GO:1903844,regulation of cellular response to transforming growth factor beta stimulus,8,-0.8543018627444562,-0.23673327345465744,-1.6039932498680622,0.06606139891690366,0.45095490450954906,0.7997537654547503,False
GO_BP,PHOL,GO:1903900,regulation of viral life cycle,5,1.358907597904452,1.1703662867493705,0.036081087292615596,0.755683910883459,0.2545745425457454,0.7997537654547503,False
GO_BP,PHOL,GO:1904018,positive regulation of vasculature development,12,0.24286185642390595,0.4044140254652198,-0.3336724697090815,0.2074910785458368,0.38736126387361264,0.7997537654547503,False
GO_BP,PHOL,GO:1904062,regulation of monoatomic cation transmembrane transport,15,0.45357733231706215,0.14540961341756434,-0.7613869479204394,0.7615659995684997,0.2552744725527447,0.7997537654547503,False
GO_BP,PHOL,GO:1904064,positive regulation of cation transmembrane transport,6,1.6410845600150847,1.5764751913444839,-0.4786197864204178,1.0921568575530518,0.18788121187881213,0.7997537654547503,False
GO_BP,PHOL,GO:1904263,positive regulation of TORC1 signaling,6,-1.5499697740092746,-1.6129099870193466,-1.6960190654156402,0.10449475220821891,0.43925607439256076,0.7997537654547503,False
GO_BP,PHOL,GO:1904356,regulation of telomere maintenance via telomere lengthening,5,0.5245548227542842,-0.23185453594886474,-0.19567043027667064,0.7383173058670519,0.25947405259474055,0.7997537654547503,False
GO_BP,PHOL,GO:1904375,regulation of protein localization to cell periphery,10,-0.2913605248748547,0.12990548831693904,-0.9136558578949441,0.10051465991414782,0.45085491450854914,0.7997537654547503,False
GO_BP,PHOL,GO:1904385,cellular response to angiotensin,9,0.02953718106638133,-0.3562133031864865,0.4358777860079097,-0.010295060344330292,0.48225177482251774,0.7997537654547503,False
GO_BP,PHOL,GO:1904645,response to amyloid-beta,16,-1.3168122501462025,-1.2397786230213914,-1.5078671571837565,0.057010639956371456,0.44145585441455854,0.7997537654547503,False
GO_BP,PHOL,GO:1904646,cellular response to amyloid-beta,10,-0.5649630646280084,-0.521556493020208,-0.9289096911713856,0.1602700274677884,0.39816018398160186,0.7997537654547503,False
GO_BP,PHOL,GO:1904705,regulation of vascular associated smooth muscle cell proliferation,10,-0.9477192088874733,-0.927230505540944,-0.7176602001480956,-0.1252738560429535,0.5168483151684832,0.7997537654547503,False
GO_BP,PHOL,GO:1904707,positive regulation of vascular associated smooth muscle cell proliferation,8,-0.9124615349852156,-0.9310491212540788,-0.596231108024875,-0.14882142034573875,0.521047895210479,0.7997537654547503,False
GO_BP,PHOL,GO:1904892,regulation of receptor signaling pathway via STAT,8,-0.1411048120017465,-0.3953374235971673,0.2685082418803333,-0.07769022114332949,0.4961503849615039,0.7997537654547503,False
GO_BP,PHOL,GO:1904894,positive regulation of receptor signaling pathway via STAT,6,-0.4808569147669623,-0.5373425670905989,-0.5716701312795699,0.07364943441812205,0.4246575342465753,0.7997537654547503,False
GO_BP,PHOL,GO:1904950,negative regulation of establishment of protein localization,9,-1.2061484480561167,-0.861047748025712,-1.1704726160061227,-0.1903882660401992,0.5257474252574742,0.7997537654547503,False
GO_BP,PHOL,GO:1904951,positive regulation of establishment of protein localization,23,-0.49386665325854945,-0.08276657449834197,-0.24239455473388613,-0.33128608864243536,0.597040295970403,0.7997537654547503,False
GO_BP,PHOL,GO:1905039,carboxylic acid transmembrane transport,5,-0.5800987496693224,-0.7905768214587501,-0.46790746706578695,0.049143394592946144,0.4380561943805619,0.7997537654547503,False
GO_BP,PHOL,GO:1905144,response to acetylcholine,11,-0.9670102043288261,-1.0269638709454723,-0.7685391638026647,-0.06925868695475768,0.47055294470552944,0.7997537654547503,False
GO_BP,PHOL,GO:1905145,cellular response to acetylcholine,10,-0.9354003808194592,-1.0248743381244754,-0.6488835766759026,-0.09852142341927028,0.4794520547945205,0.7997537654547503,False
GO_BP,PHOL,GO:1905475,regulation of protein localization to membrane,11,-0.20729854369971712,0.09303445272831584,-0.7627922951366831,0.1275803775044665,0.44115588441155884,0.7997537654547503,False
GO_BP,PHOL,GO:1905477,positive regulation of protein localization to membrane,6,-1.2051507982863172,-0.8251533284300658,-0.6136934414751176,-0.4857274133337255,0.6439356064393561,0.8014943186532412,False
GO_BP,PHOL,GO:1905521,regulation of macrophage migration,5,-0.2056803008568659,0.0728815723443641,0.4142801560289528,-0.4492611650435243,0.6359364063593641,0.7997700096049865,False
GO_BP,PHOL,GO:1905897,regulation of response to endoplasmic reticulum stress,8,-0.33391726064381055,-0.24944803729689866,0.26379665911910816,-0.3410915715549153,0.6083391660833917,0.7997537654547503,False
GO_BP,PHOL,GO:1905952,regulation of lipid localization,15,-0.14904963132467552,0.5465823096925414,-0.7926759643285588,-0.026002804006666824,0.47535246475352466,0.7997537654547503,False
GO_BP,PHOL,GO:1905953,negative regulation of lipid localization,5,-0.044047444815954524,0.06371250336077534,0.1700947219393875,-0.16095105746603594,0.5264473552644735,0.7997537654547503,False
GO_BP,PHOL,GO:1905954,positive regulation of lipid localization,9,0.12541351283996885,0.7113705327968936,-0.9002190299466377,0.21983776141484093,0.36166383361663834,0.7997537654547503,False
GO_BP,PHOL,GO:1990089,response to nerve growth factor,6,0.45152745398829447,0.5840551148854709,1.1746515899612702,-0.42782589843507607,0.6244375562443756,0.7997537654547503,False
GO_BP,PHOL,GO:1990090,cellular response to nerve growth factor stimulus,6,0.45152745398829447,0.5840551148854709,1.1746515899612702,-0.42782589843507607,0.6244375562443756,0.7997537654547503,False
GO_BP,PHOL,GO:1990266,neutrophil migration,7,0.221994894585582,0.06780303241096021,-1.066466595985368,0.7213266763727859,0.26247375262473754,0.7997537654547503,False
GO_BP,PHOL,GO:1990708,conditioned place preference,6,-1.0548641862113135,-0.5910293393641544,-1.4701669111950186,-0.024266060931726896,0.47405259474052597,0.7997537654547503,False
GO_BP,PHOL,GO:1990748,cellular detoxification,9,-0.2032422888483921,-0.4639108546241278,0.36299287839615235,-0.15278330073440438,0.51994800519948,0.7997537654547503,False
GO_BP,PHOL,GO:1990776,response to angiotensin,10,-0.07024360142504409,-0.4435154628242271,0.4293866070024563,-0.06317917351415868,0.5017498250174982,0.7997537654547503,False
GO_BP,PHOL,GO:1990806,ligand-gated ion channel signaling pathway,9,-0.41064029933722096,-0.9940113490084435,-1.2640805880691264,0.7184056692015639,0.26117388261173885,0.7997537654547503,False
GO_BP,PHOL,GO:1990840,response to lectin,5,-1.0091886361053317,-1.2943478044727341,-1.0682726625950305,0.1721215974285506,0.4086591340865913,0.7997537654547503,False
GO_BP,PHOL,GO:1990858,cellular response to lectin,5,-1.0091886361053317,-1.2943478044727341,-1.0682726625950305,0.1721215974285506,0.4086591340865913,0.7997537654547503,False
GO_BP,PHOL,GO:1990868,response to chemokine,6,-0.8554236593981243,-0.9228300999362601,-0.5121310946034565,-0.1379430621282659,0.5214478552144786,0.7997537654547503,False
GO_BP,PHOL,GO:1990869,cellular response to chemokine,6,-0.8554236593981243,-0.9228300999362601,-0.5121310946034565,-0.1379430621282659,0.5214478552144786,0.7997537654547503,False
GO_BP,PHOL,GO:2000026,regulation of multicellular organismal development,57,0.11809500599197253,0.08912323526619186,0.33675469982806155,-0.09484396155515418,0.49835016498350165,0.7997537654547503,False
GO_BP,PHOL,GO:2000045,regulation of G1/S transition of mitotic cell cycle,7,-0.785423066006048,-1.2316748980856236,0.05657655945700681,-0.19787389669173971,0.5456454354564544,0.7997537654547503,False
GO_BP,PHOL,GO:2000058,regulation of ubiquitin-dependent protein catabolic process,14,-1.1051749801983113,0.11849895919464831,-1.5573450962144229,-0.38575191168842404,0.6091390860913909,0.7997537654547503,False
GO_BP,PHOL,GO:2000060,positive regulation of ubiquitin-dependent protein catabolic process,10,-1.188936095636547,0.14903925980065705,-1.2951962763480438,-0.6158575873628536,0.6825317468253175,0.8045966184237999,False
GO_BP,PHOL,GO:2000106,regulation of leukocyte apoptotic process,8,-0.32875718888768674,0.4449644994813599,-0.2757068595086791,-0.4133860088740271,0.6261373862613738,0.7997537654547503,False
GO_BP,PHOL,GO:2000107,negative regulation of leukocyte apoptotic process,5,-0.32433881320018376,0.8015685383421198,-0.5040524486410707,-0.47309685805070834,0.6391360863913609,0.8006308576851094,False
GO_BP,PHOL,GO:2000145,regulation of cell motility,59,-2.1763053755182393,-1.5668957854999706,-2.3381746002201345,-0.22377018265818682,0.5485451454854514,0.7997537654547503,False
GO_BP,PHOL,GO:2000146,negative regulation of cell motility,15,-0.8460273998667245,-0.3185081447292372,-0.7656549358940034,-0.3039458595551042,0.5751424857514249,0.7997537654547503,False
GO_BP,PHOL,GO:2000147,positive regulation of cell motility,42,-2.3109730156944783,-1.6399822390423289,-2.108138761805439,-0.4369125152705944,0.6334366563343665,0.7997700096049865,False
GO_BP,PHOL,GO:2000181,negative regulation of blood vessel morphogenesis,7,0.419947617639776,-0.08025740638288718,0.9296291611723347,-0.004738259754947793,0.45755424457554245,0.7997537654547503,False
GO_BP,PHOL,GO:2000191,regulation of fatty acid transport,5,-0.8371117460436459,-0.25197636562939596,-1.548276476600466,0.063014675071285,0.45345465453454653,0.7997537654547503,False
GO_BP,PHOL,GO:2000209,regulation of anoikis,6,-0.8630533176297486,-1.2351314358099466,-0.9412596294133203,0.22514221498188491,0.4046595340465953,0.7997537654547503,False
GO_BP,PHOL,GO:2000278,regulation of DNA biosynthetic process,6,-0.3655872590039759,-0.6910067395768473,-0.48684592526776327,0.22333907341832943,0.39966003399660033,0.7997537654547503,False
GO_BP,PHOL,GO:2000351,regulation of endothelial cell apoptotic process,7,0.05291199584620007,0.24284823733007768,0.6584961238144627,-0.3977601847260701,0.6155384461553844,0.7997537654547503,False
GO_BP,PHOL,GO:2000377,regulation of reactive oxygen species metabolic process,25,-0.7684789980401526,-0.5607631691984821,-0.978723518409705,0.001264345763940855,0.45425457454254575,0.7997537654547503,False
GO_BP,PHOL,GO:2000378,negative regulation of reactive oxygen species metabolic process,10,-0.6589532231185347,-0.4639644295199077,-1.309781198600762,0.22791959094180014,0.3591640835916408,0.7997537654547503,False
GO_BP,PHOL,GO:2000379,positive regulation of reactive oxygen species metabolic process,12,-0.4353796308664001,-0.21122490675939684,-0.08308747996891126,-0.288223437502246,0.5774422557744225,0.7997537654547503,False
GO_BP,PHOL,GO:2000463,positive regulation of excitatory postsynaptic potential,5,-0.1365788514129334,-0.6223590945015349,-0.3132951852846764,0.33124828848017224,0.35736426357364265,0.7997537654547503,False
GO_BP,PHOL,GO:2000573,positive regulation of DNA biosynthetic process,6,-0.3655872590039759,-0.6910067395768473,-0.48684592526776327,0.22333907341832943,0.39966003399660033,0.7997537654547503,False
GO_BP,PHOL,GO:2000628,regulation of miRNA metabolic process,14,-0.26368420333336057,-0.3545082122018311,-1.1565842392178887,0.4918620223764993,0.34336566343365665,0.7997537654547503,False
GO_BP,PHOL,GO:2000629,negative regulation of miRNA metabolic process,8,-0.4369023847016819,-0.5872088553661378,-0.8112818020325275,0.26234294399765073,0.40105989401059894,0.7997537654547503,False
GO_BP,PHOL,GO:2000630,positive regulation of miRNA metabolic process,10,-0.004357375666203313,-0.27825979234228315,-1.0106533764948369,0.6400992087523567,0.29787021297870214,0.7997537654547503,False
GO_BP,PHOL,GO:2000772,regulation of cellular senescence,5,-0.6483781857810637,-0.44080795212021656,-1.1374977625572564,0.14077467155767287,0.3862613738626137,0.7997537654547503,False
GO_BP,PHOL,GO:2000779,regulation of double-strand break repair,7,1.2193926032132656,2.595118545251127,0.14870816134906223,-0.15252075008682908,0.5271472852714728,0.7997537654547503,False
GO_BP,PHOL,GO:2000811,negative regulation of anoikis,6,-0.8630533176297486,-1.2351314358099466,-0.9412596294133203,0.22514221498188491,0.4046595340465953,0.7997537654547503,False
GO_BP,PHOL,GO:2001057,reactive nitrogen species metabolic process,7,-0.4869327183946216,-0.4503402832189176,0.035743586682717446,-0.2796343701265215,0.5805419458054195,0.7997537654547503,False
GO_BP,PHOL,GO:2001141,regulation of RNA biosynthetic process,84,0.755611870569518,0.7616054263299521,-0.29238033096330224,0.520999322886193,0.3427657234276572,0.7997537654547503,False
GO_BP,PHOL,GO:2001169,regulation of ATP biosynthetic process,5,-0.1343246171495953,0.5751747058184892,-1.0408909629179177,0.09853351140011898,0.4296570342965703,0.7997537654547503,False
GO_BP,PHOL,GO:2001233,regulation of apoptotic signaling pathway,25,-0.533781210444776,-0.5264136412770404,-1.1068354043677138,0.2828433123776011,0.40075992400759924,0.7997537654547503,False
GO_BP,PHOL,GO:2001234,negative regulation of apoptotic signaling pathway,21,-0.3118381640895594,-0.15094422276311706,-0.9402673807117183,0.2337676376478583,0.41505849415058493,0.7997537654547503,False
GO_BP,PHOL,GO:2001236,regulation of extrinsic apoptotic signaling pathway,13,-0.3311554263226211,-0.22845888351800156,-1.3133179048043275,0.4397329678385434,0.3581641835816418,0.7997537654547503,False
GO_BP,PHOL,GO:2001237,negative regulation of extrinsic apoptotic signaling pathway,12,-0.23201045986358979,0.01787289520876656,-1.3650028493255377,0.44155451719479577,0.35096490350964904,0.7997537654547503,False
GO_BP,PHOL,GO:2001239,regulation of extrinsic apoptotic signaling pathway in absence of ligand,7,-0.7707780948649094,-0.7998221445886582,-1.0436426938979442,0.15095432437839174,0.4253574642535746,0.7997537654547503,False
GO_BP,PHOL,GO:2001240,negative regulation of extrinsic apoptotic signaling pathway in absence of ligand,7,-0.7707780948649094,-0.7998221445886582,-1.0436426938979442,0.15095432437839174,0.4253574642535746,0.7997537654547503,False
GO_BP,PHOL,GO:2001242,regulation of intrinsic apoptotic signaling pathway,18,-1.100961207427029,-1.2257136955462165,-0.668574506717497,-0.1538171062951723,0.547045295470453,0.7997537654547503,False
GO_BP,PHOL,GO:2001243,negative regulation of intrinsic apoptotic signaling pathway,14,-0.9811813169621099,-0.8426013721483689,-0.35052049091775533,-0.38462038542904775,0.6126387361263873,0.7997537654547503,False
GO_BP,PHOL,GO:2001251,negative regulation of chromosome organization,6,-0.6967344669514198,-1.1596553722443408,-0.8663237478574861,0.3162550930994935,0.3712628737126287,0.7997537654547503,False
GO_BP,PHOL,GO:2001252,positive regulation of chromosome organization,8,-0.5281165339561285,-0.6002487104972812,-0.11327793372253837,-0.17135321184621866,0.53004699530047,0.7997537654547503,False
GO_BP,WHIL,GO:0000086,G2/M transition of mitotic cell cycle,6,0.2651853506942635,-0.8074190192393071,-0.41620240727795055,0.8769960639528923,0.2044795520447955,0.7997537654547503,False
GO_BP,WHIL,GO:0000122,negative regulation of transcription by RNA polymerase II,42,0.4139580795392588,1.359115007330208,1.6105566273749083,-1.0708777378132994,0.8053194680531947,0.8572758003872191,False
GO_BP,WHIL,GO:0000165,MAPK cascade,13,-0.6454078652247658,-0.6415781589637968,-1.3848649408705365,0.36781368469240083,0.3564643535646435,0.7997537654547503,False
GO_BP,WHIL,GO:0000209,protein polyubiquitination,6,0.10254103702255209,3.7666636711157855,1.8538264672189833,-2.7077040321448322,0.9902009799020098,0.9916842683375575,False
GO_BP,WHIL,GO:0000226,microtubule cytoskeleton organization,12,0.21693954613777913,0.3830335562044315,0.05401608711074726,-0.0015852755198102753,0.47335266473352666,0.7997537654547503,False
GO_BP,WHIL,GO:0000278,mitotic cell cycle,20,0.5982511003242935,-0.7820537527833796,0.07325313900999905,0.9526514072109837,0.2034796520347965,0.7997537654547503,False
GO_BP,WHIL,GO:0000280,nuclear division,6,0.18334080300375677,-0.047099112636613594,-0.09652378393307429,0.2551522512886007,0.37946205379462056,0.7997537654547503,False
GO_BP,WHIL,GO:0000302,response to reactive oxygen species,18,-0.6353849366959838,-0.517890847270384,-0.7568471984014651,0.0019840861399407217,0.47405259474052597,0.7997537654547503,False
GO_BP,WHIL,GO:0000723,telomere maintenance,7,-0.5114181471973887,-0.4183721304132289,-0.18359812686037552,-0.21043301856058644,0.5385461453854614,0.7997537654547503,False
GO_BP,WHIL,GO:0000902,cell morphogenesis,12,-0.3429283990862613,-0.5631076364915399,-0.6892012718801819,0.2832260550995996,0.37976202379762025,0.7997537654547503,False
GO_BP,WHIL,GO:0001101,response to acid chemical,10,-0.5065328076210365,-0.9156921496936223,-0.962245598444004,0.43243606644777666,0.32066793320667936,0.7997537654547503,False
GO_BP,WHIL,GO:0001501,skeletal system development,8,-1.1415937132904728,-1.1460713837889756,-1.6256164277061442,0.24425019245708723,0.38006199380061995,0.7997537654547503,False
GO_BP,WHIL,GO:0001503,ossification,11,-0.783217404587894,-0.7475573354283335,-0.9722759005559586,0.07669921340425201,0.44785521447855214,0.7997537654547503,False
GO_BP,WHIL,GO:0001508,action potential,6,-0.7859610935151747,0.3404169705286444,0.38681691707195176,-1.149578037315473,0.8508149185081492,0.8857017452408468,False
GO_BP,WHIL,GO:0001516,prostaglandin biosynthetic process,6,-0.4938756690209496,-0.41806650537074835,-0.42545771704315516,-0.07211355781399786,0.49185081491850813,0.7997537654547503,False
GO_BP,WHIL,GO:0001523,retinoid metabolic process,16,2.030625619340506,1.4567980940744343,1.695283218654465,0.45458496297605633,0.34236576342365765,0.7997537654547503,False
GO_BP,WHIL,GO:0001525,angiogenesis,12,-0.6618663002352325,0.17195770679716949,-0.5323610920129128,-0.48166460762736085,0.6422357764223577,0.801209583750324,False
GO_BP,WHIL,GO:0001558,regulation of cell growth,18,-0.7001877072260729,-0.2697773428677048,-0.7627408149436763,-0.18392862832038237,0.5524447555244476,0.7997537654547503,False
GO_BP,WHIL,GO:0001568,blood vessel development,16,-1.1129628680747712,-0.4919478161690902,-0.769718890063115,-0.4821295149586686,0.6427357264273572,0.801209583750324,False
GO_BP,WHIL,GO:0001649,osteoblast differentiation,6,-1.0424060385385503,-1.1059617674695958,-1.3065102009136618,0.1638299456530785,0.40685931406859316,0.7997537654547503,False
GO_BP,WHIL,GO:0001654,eye development,12,-1.838394481119546,-1.1462824145554151,-1.0957033335445856,-0.7174016070695457,0.7429257074292571,0.8292135251058725,False
GO_BP,WHIL,GO:0001659,temperature homeostasis,6,-1.689617892269236,-1.2783984881852855,-1.9331129211064904,-0.08386218762334807,0.4988501149885011,0.7997537654547503,False
GO_BP,WHIL,GO:0001666,response to hypoxia,28,-0.15657982558770503,-1.057500864573443,-0.9082685238060151,0.826304868602024,0.24337566243375663,0.7997537654547503,False
GO_BP,WHIL,GO:0001667,ameboidal-type cell migration,7,-1.248212538874269,-1.003670554810097,-1.5380163546475214,0.022630915854540135,0.45195480451954806,0.7997537654547503,False
GO_BP,WHIL,GO:0001676,long-chain fatty acid metabolic process,22,0.17690406060323796,-0.303580561814792,-0.4679480868406581,0.5626683849309629,0.32086791320867913,0.7997537654547503,False
GO_BP,WHIL,GO:0001678,intracellular glucose homeostasis,7,1.3434644477296576,0.0449692510281536,1.2393084854225371,0.7013255795043122,0.25917408259174085,0.7997537654547503,False
GO_BP,WHIL,GO:0001775,cell activation,33,-0.1965845195670919,-0.04262506826270965,-0.12575474910478343,-0.11239461088334535,0.5247475252474753,0.7997537654547503,False
GO_BP,WHIL,GO:0001817,regulation of cytokine production,46,0.006115350970157234,-0.14933132352624479,0.192489441966213,-0.015463708249826878,0.5068493150684932,0.7997537654547503,False
GO_BP,WHIL,GO:0001818,negative regulation of cytokine production,15,1.6444907596145955,0.07436471372303581,1.4212481382565632,0.8966843336247959,0.22727727227277272,0.7997537654547503,False
GO_BP,WHIL,GO:0001819,positive regulation of cytokine production,33,-0.16820529032529596,-0.9867077242691508,-0.4472049654773854,0.5487510545479721,0.31796820317968205,0.7997537654547503,False
GO_BP,WHIL,GO:0001822,kidney development,6,-1.0502806253666328,-0.8269729373478816,-1.6428053043270954,0.18460849547085556,0.40085991400859916,0.7997537654547503,False
GO_BP,WHIL,GO:0001889,liver development,8,0.9933339691538462,1.5937318131334866,2.4934280768711754,-1.0502459758484846,0.82991700829917,0.8722235793487797,False
GO_BP,WHIL,GO:0001890,placenta development,6,-0.40085099814311315,-0.20756343455203383,-0.2625545625471061,-0.16579199959354318,0.5276472352764724,0.7997537654547503,False
GO_BP,WHIL,GO:0001894,tissue homeostasis,9,0.4018984033951079,-0.8274158088060501,0.24379516708927249,0.6937087242534967,0.27107289271072893,0.7997537654547503,False
GO_BP,WHIL,GO:0001906,cell killing,5,-0.41608051269051605,1.72477430183693,0.8705381774911437,-1.7137367523545528,0.9387061293870613,0.9522350755821687,False
GO_BP,WHIL,GO:0001932,regulation of protein phosphorylation,22,0.6415403176724128,-0.986262041700184,-1.225390289815606,1.7473664834303078,0.08409159084091591,0.7997537654547503,False
GO_BP,WHIL,GO:0001934,positive regulation of protein phosphorylation,19,-0.6576131054688346,-1.4560681134590248,-1.9924928360154928,1.066667369268424,0.19008099190080993,0.7997537654547503,False
GO_BP,WHIL,GO:0001936,regulation of endothelial cell proliferation,12,-0.7610368161763992,-0.3710792304826047,-0.5693544389881569,-0.2908199814410184,0.5796420357964204,0.7997537654547503,False
GO_BP,WHIL,GO:0001938,positive regulation of endothelial cell proliferation,10,-0.6192330755247518,-0.6146144357764076,-0.8149018908139875,0.09552508777044577,0.44065593440655937,0.7997537654547503,False
GO_BP,WHIL,GO:0001944,vasculature development,17,-1.036925200800565,-0.5458556677307953,-0.801040936667416,-0.36347689860145926,0.6066393360663933,0.7997537654547503,False
GO_BP,WHIL,GO:0001952,regulation of cell-matrix adhesion,13,-0.7700366448521154,-0.9467919508307977,-1.1829506793528293,0.294834670239698,0.37546245375462456,0.7997537654547503,False
GO_BP,WHIL,GO:0001954,positive regulation of cell-matrix adhesion,7,-0.608668979301778,-0.24694037900630855,-0.6654888022762996,-0.1524543886604739,0.5192480751924807,0.7997537654547503,False
GO_BP,WHIL,GO:0001959,regulation of cytokine-mediated signaling pathway,14,2.527447401186587,-0.418133279794521,1.1194790349804835,2.176774523593606,0.045295470452954706,0.7997537654547503,False
GO_BP,WHIL,GO:0001960,negative regulation of cytokine-mediated signaling pathway,6,1.3874421300543647,-0.302952328728306,0.5892693037665097,1.2442836425352628,0.15408459154084592,0.7997537654547503,False
GO_BP,WHIL,GO:0001963,"synaptic transmission, dopaminergic",8,-0.5781639947660719,0.8731696175143507,0.8922402461189654,-1.46086892658273,0.9009099090090991,0.9225948302325129,False
GO_BP,WHIL,GO:0001964,startle response,5,-0.3396509839053002,-0.14173888117711403,-0.29437027639134106,-0.12159640512107264,0.5026497350264973,0.7997537654547503,False
GO_BP,WHIL,GO:0001975,response to amphetamine,6,-0.9917810978649083,0.3585067126355013,-0.8863158139064704,-0.7278765472294237,0.7267273272672733,0.8237064402060642,False
GO_BP,WHIL,GO:0002009,morphogenesis of an epithelium,6,-1.5151866689254465,-1.2159672998608249,-1.7077460491979615,-0.05332999439605324,0.48955104489551043,0.7997537654547503,False
GO_BP,WHIL,GO:0002027,regulation of heart rate,11,0.12863464492051424,-0.019149091925853855,-0.21831059792669866,0.2473644898467905,0.38036196380361964,0.7997537654547503,False
GO_BP,WHIL,GO:0002040,sprouting angiogenesis,5,-0.4076452064575275,-0.6333279024204062,-1.2500978258197792,0.5340676576625651,0.27687231276872315,0.7997537654547503,False
GO_BP,WHIL,GO:0002064,epithelial cell development,5,-1.4647056153526081,-1.1742949010545451,-1.1307755506161614,-0.31217038951725473,0.5873412658734126,0.7997537654547503,False
GO_BP,WHIL,GO:0002090,regulation of receptor internalization,5,-0.7544358514332187,-1.1545825246816328,-0.6609550005958126,0.15333291120550407,0.41115888411158885,0.7997537654547503,False
GO_BP,WHIL,GO:0002218,activation of innate immune response,12,-0.18784342943359664,-1.0318203080366166,-0.12351102178939082,0.3898222354794071,0.35136486351364865,0.7997537654547503,False
GO_BP,WHIL,GO:0002220,innate immune response activating cell surface receptor signaling pathway,8,-1.045356400903232,-1.0941812682794665,-0.5697259537130654,-0.21340278990696593,0.5477452254774523,0.7997537654547503,False
GO_BP,WHIL,GO:0002221,pattern recognition receptor signaling pathway,8,0.08817286148874137,-0.45953776619507414,0.5731912587645261,0.03134611520401537,0.46255374462553744,0.7997537654547503,False
GO_BP,WHIL,GO:0002223,stimulatory C-type lectin receptor signaling pathway,5,-1.0682726625950305,-1.2943478044727341,-1.0091886361053317,0.08349555769400241,0.4246575342465753,0.7997537654547503,False
GO_BP,WHIL,GO:0002224,toll-like receptor signaling pathway,5,-0.6700827570024153,0.17262059444672867,0.29516499500027504,-0.9039755517259171,0.7763223677632237,0.8429672113995097,False
GO_BP,WHIL,GO:0002237,response to molecule of bacterial origin,27,0.5773382413409444,0.9123151777170906,0.677292194671471,-0.2174654448533364,0.5613438656134386,0.7997537654547503,False
GO_BP,WHIL,GO:0002250,adaptive immune response,5,-1.117352908892369,-0.45374881864667516,-0.7731839454457825,-0.5038865268461402,0.6422357764223577,0.801209583750324,False
GO_BP,WHIL,GO:0002252,immune effector process,12,-0.7989487654586551,-0.35248119032858977,-0.2778520439915349,-0.4837821482985928,0.6404359564043596,0.8009199080091991,False
GO_BP,WHIL,GO:0002253,activation of immune response,24,0.04687110418724058,-0.36590807048708013,-0.21214337809454437,0.3358968284780528,0.37766223377662234,0.7997537654547503,False
GO_BP,WHIL,GO:0002262,myeloid cell homeostasis,5,1.830827612758212,0.047068238449870924,1.231675713264738,1.1914556369009075,0.1603839616038396,0.7997537654547503,False
GO_BP,WHIL,GO:0002263,cell activation involved in immune response,8,-0.7205525311080839,-0.31643788842942844,0.040157152588143286,-0.5824121631874414,0.6705329467053295,0.8033058431305515,False
GO_BP,WHIL,GO:0002274,myeloid leukocyte activation,9,-0.22728247103066812,0.7584505560082834,0.4866513330802912,-0.8498334155749554,0.7509249075092491,0.8330010600835651,False
GO_BP,WHIL,GO:0002366,leukocyte activation involved in immune response,7,-0.7902962517846008,-0.011432155174903822,0.20898454883488196,-0.8890724486145899,0.7688231176882312,0.8410037500922803,False
GO_BP,WHIL,GO:0002376,immune system process,71,0.02246009752906101,-0.4446542257282582,-0.3331259048418187,0.4113501628140995,0.3695630436956304,0.7997537654547503,False
GO_BP,WHIL,GO:0002429,immune response-activating cell surface receptor signaling pathway,20,-0.48459335060731523,-0.38568917356722754,-0.508773510903793,-0.03736200837180498,0.49455054494550543,0.7997537654547503,False
GO_BP,WHIL,GO:0002431,Fc receptor mediated stimulatory signaling pathway,8,0.21548922967041834,-1.0473323055742403,-0.42022166786382437,0.9492662163894507,0.197980201979802,0.7997537654547503,False
GO_BP,WHIL,GO:0002443,leukocyte mediated immunity,6,-0.6034951582661481,-0.5625670049884481,-1.2209289533774887,0.28825282091682036,0.3575642435756424,0.7997537654547503,False
GO_BP,WHIL,GO:0002444,myeloid leukocyte mediated immunity,5,-0.7437830542876571,-0.38720936896355757,-1.1836316287970077,0.04163744459262553,0.43125687431256876,0.7997537654547503,False
GO_BP,WHIL,GO:0002521,leukocyte differentiation,19,-0.8277240083792541,-0.16529510902955102,-0.21406507688823329,-0.6380439154203619,0.6913308669133087,0.8056345759846327,False
GO_BP,WHIL,GO:0002573,myeloid leukocyte differentiation,11,-0.9935599062969633,-0.49678818646713746,-0.6302138194220677,-0.43005890335236074,0.6165383461653835,0.7997537654547503,False
GO_BP,WHIL,GO:0002673,regulation of acute inflammatory response,5,-0.6734951530331867,-0.9467057984215388,-0.8760268415407285,0.23787116694794697,0.37766223377662234,0.7997537654547503,False
GO_BP,WHIL,GO:0002682,regulation of immune system process,72,0.4494550632357625,-0.3700032760755962,-0.3699383051270944,0.8194258538371078,0.24497550244975502,0.7997537654547503,False
GO_BP,WHIL,GO:0002683,negative regulation of immune system process,25,0.36412885722788035,-0.5076744980005683,-0.258600205009937,0.747266208733133,0.25837416258374163,0.7997537654547503,False
GO_BP,WHIL,GO:0002684,positive regulation of immune system process,49,0.43132079123022865,-0.6481898170016757,-0.3420790159751656,0.9264552077186492,0.21997800219978003,0.7997537654547503,False
GO_BP,WHIL,GO:0002685,regulation of leukocyte migration,11,-0.6464206565670452,0.04133204666007721,-0.33740428458908894,-0.4983845376025393,0.6485351464853515,0.8020133445239224,False
GO_BP,WHIL,GO:0002687,positive regulation of leukocyte migration,7,-0.07915242960126745,0.5058291460433196,0.3790784416013516,-0.5216062234236031,0.6488351164883511,0.8020133445239224,False
GO_BP,WHIL,GO:0002688,regulation of leukocyte chemotaxis,7,-0.2170704892761344,0.5166276528956696,0.13239029191012402,-0.5415794616790311,0.6675332466753324,0.8033058431305515,False
GO_BP,WHIL,GO:0002690,positive regulation of leukocyte chemotaxis,5,0.20060964889657687,0.7315485243139677,0.6013451041855055,-0.4658371653531598,0.6274372562743725,0.7997537654547503,False
GO_BP,WHIL,GO:0002694,regulation of leukocyte activation,21,0.583542756118495,-0.8799340584153992,-0.5983101474724696,1.3226648590624293,0.1382861713828617,0.7997537654547503,False
GO_BP,WHIL,GO:0002695,negative regulation of leukocyte activation,8,3.4504845994052964,0.2955613598924753,1.5390610128187467,2.5331734130496852,0.030496950304969503,0.7997537654547503,False
GO_BP,WHIL,GO:0002696,positive regulation of leukocyte activation,17,-0.15555763462448877,-1.279390487006225,-0.8753297811519182,0.9218024994545827,0.21557844215578442,0.7997537654547503,False
GO_BP,WHIL,GO:0002697,regulation of immune effector process,11,0.9460043403812615,-0.9720392882652736,0.368169822981215,1.2479390730232907,0.1511848815118488,0.7997537654547503,False
GO_BP,WHIL,GO:0002699,positive regulation of immune effector process,7,0.6276312547867448,-0.4933976907480405,0.17874986507425972,0.7849551676236352,0.22467753224677534,0.7997537654547503,False
GO_BP,WHIL,GO:0002703,regulation of leukocyte mediated immunity,7,0.034473376212428304,-1.2113952962089176,-0.3858573897167051,0.8330997191752396,0.2206779322067793,0.7997537654547503,False
GO_BP,WHIL,GO:0002752,cell surface pattern recognition receptor signaling pathway,5,-0.6568012522369052,-0.5467965710957305,0.14277501574856993,-0.4547904745633249,0.6407359264073592,0.8009199080091991,False
GO_BP,WHIL,GO:0002757,immune response-activating signaling pathway,23,-0.06065511462975293,-0.3626591004293353,-0.22664668371543184,0.23399777744263062,0.40835916408359163,0.7997537654547503,False
GO_BP,WHIL,GO:0002758,innate immune response-activating signaling pathway,11,-0.33449642694218973,-1.028484971643263,-0.1439378990922101,0.25171500842554684,0.394960503949605,0.7997537654547503,False
GO_BP,WHIL,GO:0002764,immune response-regulating signaling pathway,26,-0.4250780449580717,-0.3792386300204753,-0.5083759001813138,0.018729220142822856,0.48295170482951705,0.7997537654547503,False
GO_BP,WHIL,GO:0002768,immune response-regulating cell surface receptor signaling pathway,23,-0.8721512061527683,-0.40194925153531547,-0.8000705676282964,-0.2711412965709623,0.5717428257174283,0.7997537654547503,False
GO_BP,WHIL,GO:0002791,regulation of peptide secretion,16,0.8133435969508893,0.019416833547769855,0.12953445665388358,0.7388679518500626,0.24757524247575244,0.7997537654547503,False
GO_BP,WHIL,GO:0002792,negative regulation of peptide secretion,5,-1.0133833922701436,-0.25714837278955427,-0.6790843266761483,-0.5452670425372923,0.6778322167783222,0.8033058431305515,False
GO_BP,WHIL,GO:0002793,positive regulation of peptide secretion,8,0.28579457455047486,-0.13176946463452188,-0.1593680880838223,0.43136335090964695,0.33496650334966505,0.7997537654547503,False
GO_BP,WHIL,GO:0002831,regulation of response to biotic stimulus,36,1.1326150344036845,-1.3200974641231484,0.10301121699996305,1.7411581579652773,0.08399160083991601,0.7997537654547503,False
GO_BP,WHIL,GO:0002832,negative regulation of response to biotic stimulus,8,1.3564291254997092,-0.627150058868637,0.7190579995274938,1.3104751551702807,0.1421857814218578,0.7997537654547503,False
GO_BP,WHIL,GO:0002833,positive regulation of response to biotic stimulus,19,0.18322506723476073,-1.107727711203742,-0.26399915504089766,0.8690885003570806,0.22507749225077492,0.7997537654547503,False
GO_BP,WHIL,GO:0002861,regulation of inflammatory response to antigenic stimulus,5,-1.1500654078069927,-1.1330425015853234,-1.07308789263896,-0.04700021069485105,0.48325167483251674,0.7997537654547503,False
GO_BP,WHIL,GO:0002933,lipid hydroxylation,5,0.19262684023882853,1.209594080497576,0.7618207902937763,-0.7930805951568476,0.7401259874012599,0.8288882260019403,False
GO_BP,WHIL,GO:0003006,developmental process involved in reproduction,15,0.6950306603974851,-0.01681597645441492,0.4911688313664187,0.4578542329414832,0.33666633336666335,0.7997537654547503,False
GO_BP,WHIL,GO:0003007,heart morphogenesis,6,-0.46073651818473027,-0.9554115323769204,-0.9978536092119683,0.515896052609714,0.3040695930406959,0.7997537654547503,False
GO_BP,WHIL,GO:0003008,system process,111,-0.7660622981002149,-0.6768083872006228,-1.1258850645730747,0.13528442778663385,0.45145485451454853,0.7997537654547503,False
GO_BP,WHIL,GO:0003012,muscle system process,20,-0.5352990217559751,-0.038816791156609395,-0.8193594173917182,-0.10621091748181127,0.5151484851514848,0.7997537654547503,False
GO_BP,WHIL,GO:0003013,circulatory system process,65,-0.7919715596090464,-0.64855570930071,-0.827536614867906,-0.05392539752473846,0.5108489151084892,0.7997537654547503,False
GO_BP,WHIL,GO:0003014,renal system process,12,0.15726502360218625,-0.07873797236191674,0.3399547996119218,0.02665660997718372,0.46515348465153483,0.7997537654547503,False
GO_BP,WHIL,GO:0003015,heart process,7,-0.19117383725053935,0.2147631798662252,0.24077408958511237,-0.41894247197620815,0.629037096290371,0.7997537654547503,False
GO_BP,WHIL,GO:0003018,vascular process in circulatory system,47,-1.3732606190441599,-0.8966207349871026,-1.2268351639241402,-0.31153266958853854,0.5888411158884111,0.7997537654547503,False
GO_BP,WHIL,GO:0003044,regulation of systemic arterial blood pressure mediated by a chemical signal,6,-0.8260518476663116,-0.7124887952840397,-0.5102382012902986,-0.21468834937914238,0.5303469653034697,0.7997537654547503,False
GO_BP,WHIL,GO:0003073,regulation of systemic arterial blood pressure,10,0.0166988885024113,0.22165150189885657,-0.2932592565460536,0.05250276582600982,0.45585441455854414,0.7997537654547503,False
GO_BP,WHIL,GO:0005975,carbohydrate metabolic process,16,0.11935662115946302,0.2553316687319368,0.22554856107148255,-0.12108349374224667,0.5246475352464753,0.7997537654547503,False
GO_BP,WHIL,GO:0005996,monosaccharide metabolic process,6,1.124729564405751,0.6758059921352295,0.7565351348773844,0.40855900089944397,0.3043695630436956,0.7997537654547503,False
GO_BP,WHIL,GO:0006066,alcohol metabolic process,27,1.0795882414949258,0.015614168134211447,0.23518299429661774,0.9541896602795112,0.21437856214378562,0.7997537654547503,False
GO_BP,WHIL,GO:0006081,aldehyde metabolic process,5,-0.8237536322086795,-1.0145903167373815,-0.7564283829778161,0.061755717648919295,0.43415658434156584,0.7997537654547503,False
GO_BP,WHIL,GO:0006091,generation of precursor metabolites and energy,8,0.3764905552438443,0.9619070555440494,0.6212450491825289,-0.4150854971194448,0.6173382661733826,0.7997537654547503,False
GO_BP,WHIL,GO:0006109,regulation of carbohydrate metabolic process,11,-0.5600461705562041,-0.6449696768298405,-0.8946328036691356,0.20975506969328395,0.41155884411558846,0.7997537654547503,False
GO_BP,WHIL,GO:0006110,regulation of glycolytic process,6,-1.0406433312090044,-1.1124427440144111,-0.9962418989186147,0.013698990257508425,0.46405359464053597,0.7997537654547503,False
GO_BP,WHIL,GO:0006139,nucleobase-containing compound metabolic process,53,0.049074478456522325,0.6293387428323789,0.3319247966863468,-0.4315572913028405,0.6279372062793721,0.7997537654547503,False
GO_BP,WHIL,GO:0006140,regulation of nucleotide metabolic process,10,-1.3932548171904446,-0.9845600444418747,-0.9689260820333189,-0.4165117539528478,0.6103389661033897,0.7997537654547503,False
GO_BP,WHIL,GO:0006163,purine nucleotide metabolic process,14,-0.035314966739806185,-0.541773325351125,-0.2716350659325124,0.37138922890201254,0.35726427357264273,0.7997537654547503,False
GO_BP,WHIL,GO:0006195,purine nucleotide catabolic process,8,-0.3722628667187802,-0.41951172272697657,-0.27815042797704864,-0.023431791366767596,0.47005299470052997,0.7997537654547503,False
GO_BP,WHIL,GO:0006259,DNA metabolic process,22,0.5076233587351402,0.5715493241020365,0.6313995547407354,-0.09385108068624581,0.5131486851314868,0.7997537654547503,False
GO_BP,WHIL,GO:0006260,DNA replication,11,1.5716964091501182,2.515759763040216,1.986067973333553,-0.6792174590367661,0.6958304169583042,0.8078606676667982,False
GO_BP,WHIL,GO:0006261,DNA-templated DNA replication,6,-0.08686684027356438,0.286461977281335,0.0365049470223891,-0.24835030242542644,0.5551444855514449,0.7997537654547503,False
GO_BP,WHIL,GO:0006281,DNA repair,12,-0.3853757565334456,1.1954247759889802,0.5189897745465514,-1.2425830318012112,0.8515148485151485,0.8857017452408468,False
GO_BP,WHIL,GO:0006282,regulation of DNA repair,14,-0.024142296527197887,1.030638307301588,0.1515900597699331,-0.6152564800629584,0.6805319468053195,0.8040587070325225,False
GO_BP,WHIL,GO:0006302,double-strand break repair,9,0.016589441018769354,2.4689183576456597,1.256495499301827,-1.8461174874549742,0.9499050094990501,0.9612011771795794,False
GO_BP,WHIL,GO:0006325,chromatin organization,37,1.1967658722297305,-0.06958193218826142,1.3332171946773355,0.5649482409851935,0.3120687931206879,0.7997537654547503,False
GO_BP,WHIL,GO:0006338,chromatin remodeling,35,0.9626427581233015,0.10139300754701011,0.9946769511573916,0.41460777877110055,0.3528647135286471,0.7997537654547503,False
GO_BP,WHIL,GO:0006351,DNA-templated transcription,14,0.2561430488482067,1.126275954982035,1.5157945441543814,-1.0648922007200015,0.8086191380861913,0.8593476935492291,False
GO_BP,WHIL,GO:0006352,DNA-templated transcription initiation,5,-0.180365464711636,0.04665428280597175,0.5426192201540818,-0.4750022161916628,0.6379362063793621,0.7997700096049865,False
GO_BP,WHIL,GO:0006355,regulation of DNA-templated transcription,81,-0.44922026861654996,0.3063350565235385,0.1642343420890576,-0.684504967922848,0.7055294470552945,0.8111878568959611,False
GO_BP,WHIL,GO:0006357,regulation of transcription by RNA polymerase II,64,0.28527590166655614,0.8765637879390643,1.0509461402459348,-0.6784790624259435,0.7002299770022997,0.8093544807040658,False
GO_BP,WHIL,GO:0006366,transcription by RNA polymerase II,12,-0.28463219374760446,1.1398296649589728,1.1395028404806198,-1.4242984464674007,0.8863113688631137,0.9112340084093523,False
GO_BP,WHIL,GO:0006367,transcription initiation at RNA polymerase II promoter,5,-0.180365464711636,0.04665428280597175,0.5426192201540818,-0.4750022161916628,0.6379362063793621,0.7997700096049865,False
GO_BP,WHIL,GO:0006396,RNA processing,5,-0.14808884359857094,-0.5840308318044605,-0.6188580931408645,0.45335561887409154,0.29257074292570745,0.7997537654547503,False
GO_BP,WHIL,GO:0006417,regulation of translation,7,-0.03872816166955877,-0.8560158942187057,-0.16500026156207637,0.4717799162208322,0.32016798320167983,0.7997537654547503,False
GO_BP,WHIL,GO:0006457,protein folding,5,-0.4561597922328923,-0.5034791797463848,-0.8379078160637436,0.21453370567217195,0.3895610438956104,0.7997537654547503,False
GO_BP,WHIL,GO:0006468,protein phosphorylation,43,-0.8567044813695397,-1.836918957914646,-2.152207589366016,1.1378587922707915,0.17838216178382163,0.7997537654547503,False
GO_BP,WHIL,GO:0006470,protein dephosphorylation,7,5.63341773361256,1.5008206141398013,4.593426600444963,2.5862941263201775,0.024297570242975703,0.7997537654547503,False
GO_BP,WHIL,GO:0006508,proteolysis,22,-1.7586396733170984,-1.4148882161193235,-1.4929081567047946,-0.3047414869050393,0.589041095890411,0.7997537654547503,False
GO_BP,WHIL,GO:0006511,ubiquitin-dependent protein catabolic process,5,0.047619893082024405,2.8192070911232805,1.0199302886014145,-1.8719487967803232,0.9586041395860414,0.9661164290284981,False
GO_BP,WHIL,GO:0006575,modified amino acid metabolic process,5,-0.3759597460793417,-1.0301475901637684,-0.7441693523285277,0.5111987251668063,0.3076692330766923,0.7997537654547503,False
GO_BP,WHIL,GO:0006576,biogenic amine metabolic process,10,-0.657232668512134,0.5150100935631854,-0.3444765401034761,-0.7424994452419886,0.7199280071992801,0.8189749814517819,False
GO_BP,WHIL,GO:0006584,catecholamine metabolic process,9,-1.0136754811103776,0.501196594165196,-0.4922733867502883,-1.0181370848178315,0.7947205279472053,0.8513984948495309,False
GO_BP,WHIL,GO:0006629,lipid metabolic process,70,0.8663105496793797,0.6767707521211105,0.9895600953254665,0.033145125956091204,0.48475152484751527,0.7997537654547503,False
GO_BP,WHIL,GO:0006631,fatty acid metabolic process,37,0.04665128144387663,-0.32399886895046737,-0.4594655793507016,0.43838350559446115,0.36276372362763726,0.7997537654547503,False
GO_BP,WHIL,GO:0006633,fatty acid biosynthetic process,20,-0.46957671623395325,0.09368769493268346,-0.430921520690575,-0.3009598033550075,0.5865413458654135,0.7997537654547503,False
GO_BP,WHIL,GO:0006636,unsaturated fatty acid biosynthetic process,10,-0.6330084473568787,-0.28864908287888014,-0.45635260549884593,-0.26050760316801563,0.5712428757124287,0.7997537654547503,False
GO_BP,WHIL,GO:0006638,neutral lipid metabolic process,5,0.5002795678475088,0.9277449740451207,1.2728609152971722,-0.6000233768236375,0.6758324167583242,0.8033058431305515,False
GO_BP,WHIL,GO:0006639,acylglycerol metabolic process,5,0.5002795678475088,0.9277449740451207,1.2728609152971722,-0.6000233768236375,0.6758324167583242,0.8033058431305515,False
GO_BP,WHIL,GO:0006641,triglyceride metabolic process,5,0.5002795678475088,0.9277449740451207,1.2728609152971722,-0.6000233768236375,0.6758324167583242,0.8033058431305515,False
GO_BP,WHIL,GO:0006644,phospholipid metabolic process,9,-0.165820011129097,0.8842238200607319,0.05325354465260329,-0.6345586934857645,0.7302269773022698,0.8256734123640065,False
GO_BP,WHIL,GO:0006650,glycerophospholipid metabolic process,6,0.15127303856044025,0.44578459176796387,0.00044385803144836934,-0.07184118633926587,0.48955104489551043,0.7997537654547503,False
GO_BP,WHIL,GO:0006665,sphingolipid metabolic process,5,-0.4333377879738375,-0.16390147799748608,0.13646336283167884,-0.4196187303909339,0.6038396160383962,0.7997537654547503,False
GO_BP,WHIL,GO:0006690,icosanoid metabolic process,31,-0.165627143425425,-1.1074099029309163,-0.9020393283407923,0.8390974722104292,0.24787521247875213,0.7997537654547503,False
GO_BP,WHIL,GO:0006692,prostanoid metabolic process,13,-0.011512809937875366,-0.7860192614917774,-0.4101030068706642,0.5865483242433454,0.293970602939706,0.7997537654547503,False
GO_BP,WHIL,GO:0006693,prostaglandin metabolic process,12,0.26003000227284495,-0.7475761333756021,-0.4060984414953444,0.8368672897083183,0.22847715228477153,0.7997537654547503,False
GO_BP,WHIL,GO:0006694,steroid biosynthetic process,11,0.9462159109525021,0.9911905860347875,0.6065600733080009,0.14734058128110794,0.42485751424857515,0.7997537654547503,False
GO_BP,WHIL,GO:0006706,steroid catabolic process,6,0.23915966236027908,0.5686244148923506,0.12946186810936444,-0.10988347914057844,0.5089491050894911,0.7997537654547503,False
GO_BP,WHIL,GO:0006720,isoprenoid metabolic process,21,1.7529710216722996,1.4047951465207664,1.5169478246757782,0.2920995360740273,0.39786021397860216,0.7997537654547503,False
GO_BP,WHIL,GO:0006721,terpenoid metabolic process,21,1.7529710216722996,1.4047951465207664,1.5169478246757782,0.2920995360740273,0.39786021397860216,0.7997537654547503,False
GO_BP,WHIL,GO:0006753,nucleoside phosphate metabolic process,16,-0.3629349346156028,-0.6894506337323544,-0.4759778207854959,0.2197792926433224,0.415958404159584,0.7997537654547503,False
GO_BP,WHIL,GO:0006778,porphyrin-containing compound metabolic process,6,2.01972412619434,3.938878281350266,3.9942762994534546,-1.9468531642075204,0.9528047195280472,0.9633022439816938,False
GO_BP,WHIL,GO:0006787,porphyrin-containing compound catabolic process,5,2.702290550601778,4.996696359209116,4.5698376763425035,-2.0809764671740316,0.9556044395560443,0.9642580373269269,False
GO_BP,WHIL,GO:0006790,sulfur compound metabolic process,6,-1.1690684680888828,-1.2820124013465173,-1.3670290638425546,0.15545226450565308,0.41385861413858616,0.7997537654547503,False
GO_BP,WHIL,GO:0006793,phosphorus metabolic process,25,-0.45780761254304697,0.11991092932645805,-0.3061613848653904,-0.3646823847735808,0.6144385561443856,0.7997537654547503,False
GO_BP,WHIL,GO:0006796,phosphate-containing compound metabolic process,51,0.7703901707884653,-1.4325589302958583,-0.9489168991012247,1.9611280854870068,0.057194280571942806,0.7997537654547503,False
GO_BP,WHIL,GO:0006805,xenobiotic metabolic process,34,1.2157105975421227,1.7145725935656966,1.7869933309186208,-0.5350723647000359,0.6656334366563343,0.8033058431305515,False
GO_BP,WHIL,GO:0006810,transport,115,-1.603987839228641,0.9940448012313294,0.25661610816769637,-2.229318293928154,0.9658034196580342,0.9709903338345006,False
GO_BP,WHIL,GO:0006811,monoatomic ion transport,36,-1.4357018807154098,0.8473856127778197,0.4224830263974002,-2.07063620030302,0.9648035196480352,0.9706031331102866,False
GO_BP,WHIL,GO:0006812,monoatomic cation transport,28,-0.965359648908651,0.019667678665072755,-0.3839778894852428,-0.7832045434985659,0.7349265073492651,0.8272002173432764,False
GO_BP,WHIL,GO:0006814,sodium ion transport,8,-0.480102786836508,0.09537464073748582,-0.20754080229313018,-0.4240197060586858,0.6443355664433557,0.8015657764367105,False
GO_BP,WHIL,GO:0006816,calcium ion transport,14,-0.3598239782490373,0.1721998734389978,-0.35501933628257715,-0.2684142468272476,0.5721427857214278,0.7997537654547503,False
GO_BP,WHIL,GO:0006820,monoatomic anion transport,5,0.7645196206759974,2.1075543796612166,2.0638221114891246,-1.3211686248991732,0.8694130586941305,0.8985114733559757,False
GO_BP,WHIL,GO:0006821,chloride transport,5,0.7645196206759974,2.1075543796612166,2.0638221114891246,-1.3211686248991732,0.8694130586941305,0.8985114733559757,False
GO_BP,WHIL,GO:0006836,neurotransmitter transport,9,-1.7154122699688892,-0.8861553841585329,-1.2574927970296295,-0.643588179374808,0.7083291670832916,0.8118982370682843,False
GO_BP,WHIL,GO:0006865,amino acid transport,7,-1.7470058214086537,-0.6723951018193423,-0.6010035626292407,-1.1103064891843621,0.8314168583141686,0.8732116016405541,False
GO_BP,WHIL,GO:0006869,lipid transport,24,0.312244252607849,1.997573183048078,1.858435155534706,-1.615759916683543,0.9099090090990901,0.9283571315857296,False
GO_BP,WHIL,GO:0006873,intracellular monoatomic ion homeostasis,20,1.1297289149031762,0.18818832739787827,0.17711402332558188,0.947077739541446,0.21077892210778923,0.7997537654547503,False
GO_BP,WHIL,GO:0006874,intracellular calcium ion homeostasis,15,-0.5823143973576487,0.5509648223157507,-0.42692530176584886,-0.6443341576325996,0.7013298670132987,0.8095290914040059,False
GO_BP,WHIL,GO:0006886,intracellular protein transport,8,-1.3298649456080787,-1.301643226640086,-1.2513684953562059,-0.05335908460993277,0.48985101489851013,0.7997537654547503,False
GO_BP,WHIL,GO:0006897,endocytosis,27,-0.8960717877146838,-0.1147498468684207,-0.6348325436430753,-0.5212805924589358,0.6596340365963403,0.8026224404586569,False
GO_BP,WHIL,GO:0006898,receptor-mediated endocytosis,11,-1.4972793869587981,0.08402094937421176,-0.3237145895709867,-1.3774325668604106,0.8835116488351165,0.908555156349889,False
GO_BP,WHIL,GO:0006909,phagocytosis,14,0.002729480097834717,-0.18152348073585953,-0.39517962869274825,0.2910810348121386,0.3805619438056194,0.7997537654547503,False
GO_BP,WHIL,GO:0006913,nucleocytoplasmic transport,5,-1.5179862240615019,-1.1873283864085828,-1.0545421379711146,-0.3970509618716531,0.6136386361363864,0.7997537654547503,False
GO_BP,WHIL,GO:0006914,autophagy,8,-0.6206006514307331,-0.2432154701926829,-0.9111814826965201,-0.043402174986131525,0.48205179482051796,0.7997537654547503,False
GO_BP,WHIL,GO:0006915,apoptotic process,37,-0.8299716735010184,-1.4404863475457446,-1.0826039220627806,0.43157346130324414,0.35196480351964804,0.7997537654547503,False
GO_BP,WHIL,GO:0006935,chemotaxis,24,-1.4736053710387331,-0.5954330380117367,-0.9455060460725615,-0.703135828996584,0.7108289171082892,0.8133690298451818,False
GO_BP,WHIL,GO:0006936,muscle contraction,19,-0.5465974727949457,0.041097434114585184,-0.6979122411743863,-0.2181900692650452,0.5534446555344466,0.7997537654547503,False
GO_BP,WHIL,GO:0006937,regulation of muscle contraction,19,-1.1036683959344353,-1.0144243789575615,-1.4455370680054171,0.1263123275470539,0.43715628437156284,0.7997537654547503,False
GO_BP,WHIL,GO:0006939,smooth muscle contraction,9,-0.9696058933758149,-0.6860047674170665,-1.0725983389876228,-0.09030434017347022,0.4911508849115088,0.7997537654547503,False
GO_BP,WHIL,GO:0006940,regulation of smooth muscle contraction,12,-1.1193299089857036,-0.6230099072751359,-0.9810026124119885,-0.3173236491421414,0.5845415458454155,0.7997537654547503,False
GO_BP,WHIL,GO:0006941,striated muscle contraction,8,0.5316974872618677,1.1391328977043902,0.5527873194866098,-0.31426262133363225,0.5855414458554145,0.7997537654547503,False
GO_BP,WHIL,GO:0006942,regulation of striated muscle contraction,9,-0.7616336825719153,-1.1848787473393965,-1.0397382131444788,0.3506747976700223,0.3544645535446455,0.7997537654547503,False
GO_BP,WHIL,GO:0006950,response to stress,137,-0.7982527487695269,-0.500806996434496,-1.0691450511615854,-0.013276724971486131,0.5045495450454954,0.7997537654547503,False
GO_BP,WHIL,GO:0006952,defense response,57,-0.4386299807731853,0.8965777235445775,0.35282464937195707,-1.0633311672314527,0.8098190180981902,0.8593997743082835,False
GO_BP,WHIL,GO:0006954,inflammatory response,30,-0.12809334194575794,0.48206210216153733,0.3082322628440681,-0.5232405244485606,0.662933706629337,0.8033058431305515,False
GO_BP,WHIL,GO:0006955,immune response,39,-1.0418148699037846,0.7182477205415646,0.14639301940546734,-1.4741352398773007,0.8946105389461054,0.9172497865218955,False
GO_BP,WHIL,GO:0006959,humoral immune response,6,-0.5451391125875135,0.9517676149790956,0.3409312513433764,-1.1914885457487494,0.8600139986001399,0.8922335432162835,False
GO_BP,WHIL,GO:0006970,response to osmotic stress,5,0.7091982522351429,-0.3670322201059535,0.10386727921522187,0.8407807226805086,0.16898310168983102,0.7997537654547503,False
GO_BP,WHIL,GO:0006974,DNA damage response,26,-0.46429673328390786,0.5212837750772955,0.251097457257499,-0.8504873494513051,0.7618238176182381,0.8385078707557277,False
GO_BP,WHIL,GO:0006979,response to oxidative stress,34,-1.3746306783664297,-1.2277709057298414,-1.337910293007412,-0.091790078997803,0.5208479152084792,0.7997537654547503,False
GO_BP,WHIL,GO:0006986,response to unfolded protein,7,1.2148906605641416,1.2572634444075743,0.2714163069977837,0.4505507848614626,0.31466853314668536,0.7997537654547503,False
GO_BP,WHIL,GO:0006996,organelle organization,47,1.2611501737271646,1.3297004604865366,1.5956859289962233,-0.20154302101421528,0.5562443755624438,0.7997537654547503,False
GO_BP,WHIL,GO:0006997,nucleus organization,5,-0.5689042414211757,-0.1868948886424226,-0.49015350190539864,-0.23038004614726504,0.5397460253974603,0.7997537654547503,False
GO_BP,WHIL,GO:0006998,nuclear envelope organization,5,-0.5689042414211757,-0.1868948886424226,-0.49015350190539864,-0.23038004614726504,0.5397460253974603,0.7997537654547503,False
GO_BP,WHIL,GO:0007005,mitochondrion organization,9,-0.8039695060145986,0.06995145997606816,-0.1112057300931835,-0.783342370956041,0.7312268773122688,0.82631814075956,False
GO_BP,WHIL,GO:0007010,cytoskeleton organization,23,0.44866387391209567,-0.2645690004078127,-0.37874282851852403,0.770319788375264,0.253974602539746,0.7997537654547503,False
GO_BP,WHIL,GO:0007017,microtubule-based process,16,-0.2095840105732905,-0.2919741416839612,-0.3497232721428558,0.11126469634011799,0.44045595440455954,0.7997537654547503,False
GO_BP,WHIL,GO:0007018,microtubule-based movement,5,0.33841868442227807,0.11902922033592644,0.10370732566830297,0.22705041142016336,0.3802619738026197,0.7997537654547503,False
GO_BP,WHIL,GO:0007049,cell cycle,27,1.0586001502271911,-0.5817837473380001,0.2234444061260088,1.2377698208331869,0.15408459154084592,0.7997537654547503,False
GO_BP,WHIL,GO:0007051,spindle organization,9,-1.0552858383522117,-0.7619760187148337,-1.1341723724667914,-0.10721164276139916,0.5005499450054994,0.7997537654547503,False
GO_BP,WHIL,GO:0007052,mitotic spindle organization,6,-0.724660539424274,-0.48590002069168153,-0.8016665366059529,-0.08087726077545676,0.47895210478952105,0.7997537654547503,False
GO_BP,WHIL,GO:0007059,chromosome segregation,9,0.46008776761297626,-0.7915536390327222,0.15518178026704138,0.7782736969958166,0.2508749125087491,0.7997537654547503,False
GO_BP,WHIL,GO:0007088,regulation of mitotic nuclear division,7,-0.6529051084607131,-0.9182137460685488,-1.2690427410700122,0.4407231351085674,0.33536646335366466,0.7997537654547503,False
GO_BP,WHIL,GO:0007155,cell adhesion,18,-0.1487012771060783,-1.9931751029668585,-0.8582388980183445,1.2770057233865233,0.1446855314468553,0.7997537654547503,False
GO_BP,WHIL,GO:0007162,negative regulation of cell adhesion,19,0.17393153849335324,-1.0759545412866425,-0.9888125102619202,1.2063150642676346,0.15608439156084392,0.7997537654547503,False
GO_BP,WHIL,GO:0007166,cell surface receptor signaling pathway,103,-1.4567225898401197,-1.2441621325484953,-1.9687923590336283,0.14975465595094195,0.44915508449155084,0.7997537654547503,False
GO_BP,WHIL,GO:0007167,enzyme-linked receptor protein signaling pathway,47,-0.2957338737827776,-1.7315018983038941,-2.1225371735172263,1.6312856621277825,0.0938906109389061,0.7997537654547503,False
GO_BP,WHIL,GO:0007169,cell surface receptor protein tyrosine kinase signaling pathway,42,-0.6602401491585685,-1.7338352123447105,-2.4389913891662993,1.4261731515969363,0.12428757124287572,0.7997537654547503,False
GO_BP,WHIL,GO:0007173,epidermal growth factor receptor signaling pathway,16,0.11666618805890258,-1.392987002521375,-1.4756804862724677,1.5509999324558241,0.10638936106389361,0.7997537654547503,False
GO_BP,WHIL,GO:0007178,cell surface receptor protein serine/threonine kinase signaling pathway,7,-1.238260286985291,-1.1159357327960513,-1.0522249132255788,-0.15417996397447586,0.5241475852414759,0.7997537654547503,False
GO_BP,WHIL,GO:0007179,transforming growth factor beta receptor signaling pathway,6,-1.1535468836306806,-1.3724729757904897,-1.2492197049323626,0.15729945673074552,0.403959604039596,0.7997537654547503,False
GO_BP,WHIL,GO:0007186,G protein-coupled receptor signaling pathway,91,-1.9014596677149826,-1.4775625372285224,-1.6965227712612532,-0.31441701347009476,0.5898410158984102,0.7997537654547503,False
GO_BP,WHIL,GO:0007187,"G protein-coupled receptor signaling pathway, coupled to cyclic nucleotide second messenger",26,-1.2204372264855297,-0.182491691473901,-0.29456297220278327,-0.9819098946471876,0.7944205579442056,0.8513984948495309,False
GO_BP,WHIL,GO:0007188,adenylate cyclase-modulating G protein-coupled receptor signaling pathway,50,-2.4025057796694393,-1.0318703228467279,-1.6852728798719225,-1.0439341783101141,0.7993200679932007,0.8544581814089034,False
GO_BP,WHIL,GO:0007189,adenylate cyclase-activating G protein-coupled receptor signaling pathway,20,-0.6564689033601734,1.2114314717359436,0.08652298167291743,-1.3054461300646039,0.863013698630137,0.8943543201038621,False
GO_BP,WHIL,GO:0007193,adenylate cyclase-inhibiting G protein-coupled receptor signaling pathway,35,-2.668341369860119,-2.373573969882328,-2.1612162009643243,-0.4009462844367926,0.6171382861713829,0.7997537654547503,False
GO_BP,WHIL,GO:0007196,adenylate cyclase-inhibiting G protein-coupled glutamate receptor signaling pathway,6,-1.7186690846716652,-0.8314345557723644,-1.109792071501497,-0.7480557710347345,0.7275272472752725,0.8242357582423576,False
GO_BP,WHIL,GO:0007197,adenylate cyclase-inhibiting G protein-coupled acetylcholine receptor signaling pathway,8,-1.2157041964770021,-1.187360047733033,-1.2284681272435154,-0.007790108988728006,0.49495050494950504,0.7997537654547503,False
GO_BP,WHIL,GO:0007198,adenylate cyclase-inhibiting serotonin receptor signaling pathway,6,-0.8870221940115687,-1.1051156140505651,-0.6016022310420293,-0.03366327146527148,0.46115388461153883,0.7997537654547503,False
GO_BP,WHIL,GO:0007200,phospholipase C-activating G protein-coupled receptor signaling pathway,29,-1.4906441702120772,-0.805685006048246,-1.0943183116594233,-0.5406425113582425,0.6598340165983402,0.8026224404586569,False
GO_BP,WHIL,GO:0007204,positive regulation of cytosolic calcium ion concentration,18,-1.9364826370139319,-0.27863373275576847,-1.0299681258582343,-1.2821817077069304,0.8520147985201479,0.8857017452408468,False
GO_BP,WHIL,GO:0007210,serotonin receptor signaling pathway,9,-0.7248156631732501,-0.501676834426511,-0.3243360635308355,-0.31180921419457686,0.5633436656334366,0.7997537654547503,False
GO_BP,WHIL,GO:0007212,G protein-coupled dopamine receptor signaling pathway,6,-0.9031743851906477,0.43931111992943467,0.7893717202314322,-1.5175158052710813,0.9069093090690931,0.9271156763746954,False
GO_BP,WHIL,GO:0007213,G protein-coupled acetylcholine receptor signaling pathway,8,-1.2157041964770021,-1.187360047733033,-1.2284681272435154,-0.007790108988728006,0.49495050494950504,0.7997537654547503,False
GO_BP,WHIL,GO:0007215,glutamate receptor signaling pathway,16,-2.1267154025416732,-1.377680455440453,-1.1502303998507895,-0.8627599748960519,0.7536246375362464,0.8345866785777646,False
GO_BP,WHIL,GO:0007216,G protein-coupled glutamate receptor signaling pathway,7,-1.6267263089496933,-0.78922246339734,-1.0482108243040738,-0.7080096650989864,0.7126287371262874,0.8139805682764243,False
GO_BP,WHIL,GO:0007218,neuropeptide signaling pathway,6,-0.6866741316562339,-0.6741077413243693,-0.3219896164436963,-0.1886254527722011,0.5569443055694431,0.7997537654547503,False
GO_BP,WHIL,GO:0007254,JNK cascade,5,-0.9741231121130587,-0.35059301115387337,-0.8251952081781909,-0.3862290024470265,0.624937506249375,0.7997537654547503,False
GO_BP,WHIL,GO:0007267,cell-cell signaling,75,-0.7596174562029842,1.2561604868471812,0.5355420822799267,-1.6554687407665383,0.9101089891010898,0.9283587770255233,False
GO_BP,WHIL,GO:0007268,chemical synaptic transmission,55,-1.399201090671216,0.26755711716889075,-0.5617133257246905,-1.252122986393316,0.8424157584241576,0.879630912410767,False
GO_BP,WHIL,GO:0007271,"synaptic transmission, cholinergic",5,0.800498852992599,-0.16274773119891256,-0.10735854257867461,0.9355519898813927,0.19288071192880712,0.7997537654547503,False
GO_BP,WHIL,GO:0007275,multicellular organism development,115,-0.5909262008817988,-0.1156033513896911,0.306228025511822,-0.6862385379428643,0.7054294570542946,0.8111878568959611,False
GO_BP,WHIL,GO:0007276,gamete generation,5,0.1532951021968901,0.4145850230016075,0.8982019612431504,-0.5030983899254888,0.651034896510349,0.8020133445239224,False
GO_BP,WHIL,GO:0007346,regulation of mitotic cell cycle,22,0.07206565831926935,-1.5938846006131053,-1.1025645808295155,1.4202902490405798,0.1262873712628737,0.7997537654547503,False
GO_BP,WHIL,GO:0007399,nervous system development,62,-0.4445337695190499,-0.6736902783275593,-0.9088492570517172,0.3467359981705884,0.38006199380061995,0.7997537654547503,False
GO_BP,WHIL,GO:0007409,axonogenesis,7,0.22327176741383406,-0.4699741982601554,0.03454972115287667,0.44098400596747345,0.31226877312268775,0.7997537654547503,False
GO_BP,WHIL,GO:0007411,axon guidance,5,0.25285305431473126,-0.6224452025448142,0.0033155864149556264,0.5624178623796605,0.25847415258474155,0.7997537654547503,False
GO_BP,WHIL,GO:0007416,synapse assembly,5,0.995283299711427,0.96783836651795,1.4041477000037212,-0.19070973354940868,0.533946605339466,0.7997537654547503,False
GO_BP,WHIL,GO:0007417,central nervous system development,27,-0.1524088700927938,0.447070793799453,0.038194856727836346,-0.3950416953564385,0.6188381161883811,0.7997537654547503,False
GO_BP,WHIL,GO:0007420,brain development,17,-0.8432407609184686,-0.023002729985655834,-0.1967908300041463,-0.7333439809235675,0.73002699730027,0.8256467731670526,False
GO_BP,WHIL,GO:0007423,sensory organ development,16,-0.643531207110983,-1.0510082225543573,-0.6715328527823362,0.21773933055736372,0.38916108389161086,0.7997537654547503,False
GO_BP,WHIL,GO:0007507,heart development,18,-0.13212877257255135,-0.30170703315074177,-0.6507836453452839,0.3441165666754615,0.3705629437056294,0.7997537654547503,False
GO_BP,WHIL,GO:0007548,sex differentiation,10,0.7876416602780645,0.019083631174308457,0.5344609775819307,0.5108693558999449,0.31686831316868314,0.7997537654547503,False
GO_BP,WHIL,GO:0007565,female pregnancy,13,-1.1609908752735194,-1.0773991615128469,-1.2877674321048718,0.021592421535340023,0.4717528247175283,0.7997537654547503,False
GO_BP,WHIL,GO:0007584,response to nutrient,14,-1.4175994361905564,-1.1592633241554655,-1.1841824826769833,-0.24587653277433197,0.5654434556544345,0.7997537654547503,False
GO_BP,WHIL,GO:0007586,digestion,12,0.3214105772365369,-0.2648732547021659,0.6486578435971512,0.12951828278904423,0.43545645435456454,0.7997537654547503,False
GO_BP,WHIL,GO:0007589,body fluid secretion,6,-0.9378508354138282,-0.5981310374532687,-0.8784302097387404,-0.19957021181782364,0.5338466153384661,0.7997537654547503,False
GO_BP,WHIL,GO:0007596,blood coagulation,16,-1.259682455205625,-1.1846937054840838,-1.600572267354178,0.13295053121350597,0.43375662433756623,0.7997537654547503,False
GO_BP,WHIL,GO:0007599,hemostasis,17,-1.389679463750316,-1.2511018619918297,-1.7091095047040827,0.09042621959764019,0.45245475452454753,0.7997537654547503,False
GO_BP,WHIL,GO:0007600,sensory perception,20,-1.0066650405186264,-0.15072655859128997,-0.7763459940122931,-0.5431287642168349,0.6723327667233276,0.8033058431305515,False
GO_BP,WHIL,GO:0007610,behavior,40,-1.1013320348386892,-0.28989001111857665,-0.8883385236633657,-0.5122177674477181,0.6556344365563443,0.8020133445239224,False
GO_BP,WHIL,GO:0007611,learning or memory,23,-0.2223430159263634,-0.3008487671405621,-0.2823417129834612,0.06925222413564824,0.45795420457954206,0.7997537654547503,False
GO_BP,WHIL,GO:0007612,learning,16,-1.4858589089319973,-0.6393080450968196,-0.5356363323857031,-0.8983867201907361,0.7737226277372263,0.8425988485376683,False
GO_BP,WHIL,GO:0007613,memory,11,0.21769105437095315,0.31265371764387306,0.7437433572827149,-0.3105074830923409,0.5816418358164184,0.7997537654547503,False
GO_BP,WHIL,GO:0007617,mating behavior,5,-0.0874925654806516,0.18857948258781018,0.7805568393775083,-0.5720607264633109,0.6836316368363163,0.8049124664998288,False
GO_BP,WHIL,GO:0007623,circadian rhythm,18,0.6902665063448233,0.9770160085555769,0.8784946987218794,-0.23748884729390485,0.5514448555144486,0.7997537654547503,False
GO_BP,WHIL,GO:0007626,locomotory behavior,13,-0.6332528749203632,-0.17662814089166537,0.05379134574926975,-0.5718344773491654,0.6916308369163083,0.8057834993199708,False
GO_BP,WHIL,GO:0007631,feeding behavior,7,-1.1000799298422677,-0.7130510796079135,-1.1261228756726351,-0.18049295220199335,0.5355464453554645,0.7997537654547503,False
GO_BP,WHIL,GO:0007632,visual behavior,5,-0.3546195096462087,0.08145809130170287,0.4786943659793828,-0.6346957382867515,0.7025297470252975,0.8095290914040059,False
GO_BP,WHIL,GO:0008015,blood circulation,53,-0.3502261544409633,-0.7728303592780684,-0.7831077921669574,0.42774292128154956,0.35796420357964204,0.7997537654547503,False
GO_BP,WHIL,GO:0008016,regulation of heart contraction,21,-0.8695288414117613,-0.7572600233270402,-1.1310757827200737,0.07463906161179568,0.4540545945405459,0.7997537654547503,False
GO_BP,WHIL,GO:0008064,regulation of actin polymerization or depolymerization,6,0.756485795203996,0.8242126127168387,0.28884508635081946,0.19995694567016686,0.34826517348265174,0.7997537654547503,False
GO_BP,WHIL,GO:0008104,intracellular protein localization,25,-1.8909269069689383,-1.6482796718182224,-1.9369866461367085,-0.09829374799147295,0.5141485851414859,0.7997537654547503,False
GO_BP,WHIL,GO:0008202,steroid metabolic process,35,1.7030501116970895,1.1909617974607893,1.7356920097579678,0.23972320808771097,0.41425857414258577,0.7997537654547503,False
GO_BP,WHIL,GO:0008203,cholesterol metabolic process,12,1.0076194881981118,1.4514449275080035,0.8399879348439003,-0.13809694297784025,0.5242475752424758,0.7997537654547503,False
GO_BP,WHIL,GO:0008210,estrogen metabolic process,12,1.174607712126481,1.772148283423073,1.7232776881534382,-0.5731052736617746,0.6764323567643236,0.8033058431305515,False
GO_BP,WHIL,GO:0008217,regulation of blood pressure,20,-0.08114122509525469,-0.3859891506445063,-0.45496644267051706,0.339336571562257,0.36396360363963604,0.7997537654547503,False
GO_BP,WHIL,GO:0008219,cell death,38,-0.40689454036606976,-1.3898980636920442,-0.901204118727717,0.7386565508438108,0.2633736626337366,0.7997537654547503,False
GO_BP,WHIL,GO:0008277,regulation of G protein-coupled receptor signaling pathway,14,0.09338060334138312,0.3254121510290631,0.4485400360531289,-0.29359549019971287,0.5752424757524247,0.7997537654547503,False
GO_BP,WHIL,GO:0008283,cell population proliferation,16,-0.7266015181933816,-1.1850138145458586,-1.4392223881516348,0.585516583155365,0.29247075292470753,0.7997537654547503,False
GO_BP,WHIL,GO:0008284,positive regulation of cell population proliferation,60,-1.596427492177115,-2.0339576352216575,-1.9224857891673337,0.3817942200173805,0.37076292370762925,0.7997537654547503,False
GO_BP,WHIL,GO:0008285,negative regulation of cell population proliferation,33,0.6595453798226043,0.458853268952721,0.48526632306328116,0.18748558381460323,0.42875712428757123,0.7997537654547503,False
GO_BP,WHIL,GO:0008286,insulin receptor signaling pathway,8,0.3313061330933245,-0.20928286485486086,-0.6143280512126827,0.7431115911270962,0.25547445255474455,0.7997537654547503,False
GO_BP,WHIL,GO:0008306,associative learning,11,-1.2420395912620579,-0.26619654065511705,-0.27772339346290914,-0.9700796242030447,0.7945205479452054,0.8513984948495309,False
GO_BP,WHIL,GO:0008360,regulation of cell shape,5,-0.1783704148244865,-0.49031902408408456,-0.5428075102032772,0.3381928523191943,0.34126587341265874,0.7997537654547503,False
GO_BP,WHIL,GO:0008361,regulation of cell size,6,0.8478356382484994,1.33747302934445,0.8323844082053532,-0.2370930805264021,0.551044895510449,0.7997537654547503,False
GO_BP,WHIL,GO:0008406,gonad development,8,-0.15961823968005642,0.01209248298006285,0.09115659554892608,-0.2112427789445509,0.5541445855414459,0.7997537654547503,False
GO_BP,WHIL,GO:0008542,visual learning,5,-0.3546195096462087,0.08145809130170287,0.4786943659793828,-0.6346957382867515,0.7025297470252975,0.8095290914040059,False
GO_BP,WHIL,GO:0008544,epidermis development,8,-1.0377882955068867,-1.0252225067268879,-1.0985862931928687,0.024116104452991616,0.4657534246575342,0.7997537654547503,False
GO_BP,WHIL,GO:0008584,male gonad development,5,-0.5433962623194384,0.7001525260686021,0.6125679875498287,-1.1997565191286537,0.8473152684731526,0.8829856106108,False
GO_BP,WHIL,GO:0008585,female gonad development,5,0.24408667172521473,-0.5404465631124131,-0.28253971398234407,0.6555798102725933,0.2318768123187681,0.7997537654547503,False
GO_BP,WHIL,GO:0008589,regulation of smoothened signaling pathway,5,0.14395059506197708,0.5607377474643834,-0.2360461028476396,-0.018395227246394835,0.4664533546645335,0.7997537654547503,False
GO_BP,WHIL,GO:0008593,regulation of Notch signaling pathway,5,-1.6394088003702156,-1.3242648697059922,-1.7113956137213644,-0.12157855865653722,0.5057494250574942,0.7997537654547503,False
GO_BP,WHIL,GO:0008610,lipid biosynthetic process,37,-0.17870184882088833,0.09709458327675374,-0.27488905841871997,-0.08980461124990521,0.5208479152084792,0.7997537654547503,False
GO_BP,WHIL,GO:0008654,phospholipid biosynthetic process,7,-0.0341422612203963,0.8650024376471974,0.09454592772964752,-0.5139164439088187,0.6843315668433156,0.8051565046655605,False
GO_BP,WHIL,GO:0009056,catabolic process,84,0.08565258124416406,0.6379371534785143,0.2058324026358769,-0.3362321968130315,0.5999400059994,0.7997537654547503,False
GO_BP,WHIL,GO:0009057,macromolecule catabolic process,22,-0.6331942476608111,0.7014524940468659,-0.6913161147494721,-0.638262437309508,0.7025297470252975,0.8095290914040059,False
GO_BP,WHIL,GO:0009058,biosynthetic process,98,-0.5781047927313301,-0.1683317577659446,-0.5532470693950249,-0.2173153791508453,0.5682431756824318,0.7997537654547503,False
GO_BP,WHIL,GO:0009059,macromolecule biosynthetic process,43,-0.9294999169365917,0.17138903826957116,0.00700291040084766,-1.0186958912718012,0.7986201379862014,0.8539050138851776,False
GO_BP,WHIL,GO:0009100,glycoprotein metabolic process,6,-1.385522366339207,-0.868266389080634,-1.2188918934305204,-0.3419432250836296,0.5867413258674132,0.7997537654547503,False
GO_BP,WHIL,GO:0009117,nucleotide metabolic process,14,-0.035314966739806185,-0.541773325351125,-0.2716350659325124,0.37138922890201254,0.35726427357264273,0.7997537654547503,False
GO_BP,WHIL,GO:0009141,nucleoside triphosphate metabolic process,7,0.8746946565993149,0.7627199558428245,1.513381773472279,-0.2633562080582369,0.5578442155784421,0.7997537654547503,False
GO_BP,WHIL,GO:0009144,purine nucleoside triphosphate metabolic process,7,0.8746946565993149,0.7627199558428245,1.513381773472279,-0.2633562080582369,0.5578442155784421,0.7997537654547503,False
GO_BP,WHIL,GO:0009150,purine ribonucleotide metabolic process,12,-0.24812085598561345,-0.3983120126834892,-0.26061982906042297,0.08134506488634263,0.44835516448355167,0.7997537654547503,False
GO_BP,WHIL,GO:0009154,purine ribonucleotide catabolic process,8,-0.3722628667187802,-0.41951172272697657,-0.27815042797704864,-0.023431791366767596,0.47005299470052997,0.7997537654547503,False
GO_BP,WHIL,GO:0009166,nucleotide catabolic process,9,-0.4168736827372663,-0.2666985517898985,-0.2044323670338904,-0.1813082233253719,0.5285471452854714,0.7997537654547503,False
GO_BP,WHIL,GO:0009205,purine ribonucleoside triphosphate metabolic process,7,0.8746946565993149,0.7627199558428245,1.513381773472279,-0.2633562080582369,0.5578442155784421,0.7997537654547503,False
GO_BP,WHIL,GO:0009259,ribonucleotide metabolic process,12,-0.24812085598561345,-0.3983120126834892,-0.26061982906042297,0.08134506488634263,0.44835516448355167,0.7997537654547503,False
GO_BP,WHIL,GO:0009261,ribonucleotide catabolic process,8,-0.3722628667187802,-0.41951172272697657,-0.27815042797704864,-0.023431791366767596,0.47005299470052997,0.7997537654547503,False
GO_BP,WHIL,GO:0009266,response to temperature stimulus,14,0.18480358448229625,1.2095284564638065,-0.09031411841191708,-0.37480358454364837,0.6037396260373963,0.7997537654547503,False
GO_BP,WHIL,GO:0009267,cellular response to starvation,5,2.145916970738646,1.1985974504647887,1.0753385536567415,1.008948968677881,0.19468053194680532,0.7997537654547503,False
GO_BP,WHIL,GO:0009299,mRNA transcription,5,-0.16357529236120216,2.2013439751601758,1.2921430893356451,-1.9103188246091127,0.9593040695930407,0.9661164290284981,False
GO_BP,WHIL,GO:0009308,amine metabolic process,12,-0.9525209684552441,0.33343090195245967,-0.4431022299021365,-0.8976853044804057,0.7643235676432357,0.8398765664640392,False
GO_BP,WHIL,GO:0009311,oligosaccharide metabolic process,5,-0.8403978630503699,0.24781253764443353,-0.7916305539596434,-0.5684888548927649,0.672932706729327,0.8033058431305515,False
GO_BP,WHIL,GO:0009314,response to radiation,24,-0.7721027643440781,-0.7810208919477822,-0.8273663715000876,0.03209086737985678,0.47315268473152683,0.7997537654547503,False
GO_BP,WHIL,GO:0009404,toxin metabolic process,7,0.5271155262286091,0.6794555248509604,0.19037599552111104,0.0921997660425734,0.420957904209579,0.7997537654547503,False
GO_BP,WHIL,GO:0009408,response to heat,9,-0.2913406472454007,1.596446629988975,-0.23550377118771687,-0.9718120766460299,0.7874212578742126,0.8491008206429069,False
GO_BP,WHIL,GO:0009410,response to xenobiotic stimulus,61,0.9354428603537445,1.5101701473944658,1.8998397394918618,-0.7695620830894193,0.7347265273472653,0.8272002173432764,False
GO_BP,WHIL,GO:0009411,response to UV,15,-1.2414808245115672,-1.175997001117572,-1.164503571527518,-0.07123053818902214,0.5030496950304969,0.7997537654547503,False
GO_BP,WHIL,GO:0009416,response to light stimulus,20,-1.3021977789705312,-1.0433757162885737,-0.989523300438158,-0.28574827060716546,0.5782421757824218,0.7997537654547503,False
GO_BP,WHIL,GO:0009581,detection of external stimulus,7,-0.7673029637079711,0.3821720500631672,-0.40640314234938046,-0.7551874175648645,0.7661233876612339,0.8406699775508968,False
GO_BP,WHIL,GO:0009582,detection of abiotic stimulus,7,-0.7673029637079711,0.3821720500631672,-0.40640314234938046,-0.7551874175648645,0.7661233876612339,0.8406699775508968,False
GO_BP,WHIL,GO:0009605,response to external stimulus,86,-1.2701664386963425,-0.2995258764321975,-1.0219948186328047,-0.6094060911638414,0.6891310868913109,0.8055371886185417,False
GO_BP,WHIL,GO:0009607,response to biotic stimulus,56,-0.881028916871295,-0.2378650840941094,-0.46467768614223964,-0.5297575317531205,0.6656334366563343,0.8033058431305515,False
GO_BP,WHIL,GO:0009611,response to wounding,31,-1.6781392347517663,-1.1244120383633807,-1.7608937158276734,-0.23548635765623915,0.5683431656834317,0.7997537654547503,False
GO_BP,WHIL,GO:0009612,response to mechanical stimulus,16,0.5907860614482672,-0.7387528894735889,-0.310918291120329,1.1156216517452262,0.17228277172282772,0.7997537654547503,False
GO_BP,WHIL,GO:0009615,response to virus,20,-1.150205544988593,-0.14390646092906775,-0.39717453885433207,-0.8796650450968931,0.7679232076792321,0.8410037500922803,False
GO_BP,WHIL,GO:0009617,response to bacterium,35,0.15409495514800028,0.476285419012887,0.27305568821576115,-0.22057559846632382,0.5611438856114389,0.7997537654547503,False
GO_BP,WHIL,GO:0009628,response to abiotic stimulus,67,0.03329532429905251,-0.7013258005052467,-0.8197220248554862,0.7938192369794189,0.2635736426357364,0.7997537654547503,False
GO_BP,WHIL,GO:0009636,response to toxic substance,23,0.00669598197738471,-0.8826474491731355,-0.4286791932804414,0.6623593032041732,0.27307269273072693,0.7997537654547503,False
GO_BP,WHIL,GO:0009653,anatomical structure morphogenesis,46,-1.6587820847377786,-1.494249908038153,-1.5987710046986305,-0.11227162836938676,0.5311468853114688,0.7997537654547503,False
GO_BP,WHIL,GO:0009712,catechol-containing compound metabolic process,9,-1.0136754811103776,0.501196594165196,-0.4922733867502883,-1.0181370848178315,0.7947205279472053,0.8513984948495309,False
GO_BP,WHIL,GO:0009719,response to endogenous stimulus,95,1.1784372489009045,1.2983661421640829,1.8693023929451946,-0.40539701865373434,0.6335366463353664,0.7997700096049865,False
GO_BP,WHIL,GO:0009725,response to hormone,78,0.7105663479602943,0.8068680954914706,1.4056227627562008,-0.39567908116354145,0.6280371962803719,0.7997537654547503,False
GO_BP,WHIL,GO:0009743,response to carbohydrate,9,-0.4840811729630967,-0.12687106578446053,-0.27978193551460956,-0.28075467231356166,0.5761423857614238,0.7997537654547503,False
GO_BP,WHIL,GO:0009746,response to hexose,7,-0.3636614692189191,0.05788129452360964,-0.12197273181414518,-0.33161575057365134,0.5885411458854115,0.7997537654547503,False
GO_BP,WHIL,GO:0009749,response to glucose,5,-0.5126136483702852,-0.33373715250857877,-0.5303256796888354,-0.08058223227157812,0.5022497750224978,0.7997537654547503,False
GO_BP,WHIL,GO:0009755,hormone-mediated signaling pathway,20,-0.9749693286653915,1.1687249099262262,0.8699810346471893,-1.9943223009520994,0.9565043495650435,0.9649580418116843,False
GO_BP,WHIL,GO:0009790,embryo development,16,-1.0718718858597347,0.27550433630658255,0.14780217171720592,-1.283525139871629,0.8609139086091391,0.8929692137169262,False
GO_BP,WHIL,GO:0009820,alkaloid metabolic process,7,0.40927280689740597,0.4807689964541089,0.05316689280111289,0.14230486226979505,0.412958704129587,0.7997537654547503,False
GO_BP,WHIL,GO:0009822,alkaloid catabolic process,5,0.6275088236327708,0.734531289760913,0.4509150733340501,0.034785642085289226,0.43825617438256176,0.7997537654547503,False
GO_BP,WHIL,GO:0009887,animal organ morphogenesis,18,-1.9032662249465981,-1.736421361506428,-2.0094575150168077,-0.030326786684980345,0.49155084491550843,0.7997537654547503,False
GO_BP,WHIL,GO:0009888,tissue development,47,-2.557182136765385,-1.9225982865137823,-2.135933144637062,-0.5279164211899627,0.6627337266273373,0.8033058431305515,False
GO_BP,WHIL,GO:0009889,regulation of biosynthetic process,153,0.36179049710348027,0.3449381498693701,0.4775054656583499,-0.0494313106603797,0.5192480751924807,0.7997537654547503,False
GO_BP,WHIL,GO:0009890,negative regulation of biosynthetic process,81,1.2171396915979256,1.2740382571040871,1.7730370614879294,-0.3063979676980826,0.5933406659334066,0.7997537654547503,False
GO_BP,WHIL,GO:0009891,positive regulation of biosynthetic process,109,-0.802265770108617,0.016827520337553387,0.2800418733219275,-0.9507004669383574,0.7795220477952205,0.8450690719670215,False
GO_BP,WHIL,GO:0009892,negative regulation of metabolic process,107,1.4439369684080494,2.0706671241754293,2.3404296310257107,-0.7616114091925203,0.7337266273372662,0.8272002173432764,False
GO_BP,WHIL,GO:0009893,positive regulation of metabolic process,137,-0.8786954276126488,-0.01224654195827042,-0.0827081506937357,-0.8312180812866458,0.7549245075492451,0.8348409015431161,False
GO_BP,WHIL,GO:0009894,regulation of catabolic process,54,-0.4720433175008561,-0.7162606291262789,-1.1261922482637845,0.44918312119417564,0.35496450354964504,0.7997537654547503,False
GO_BP,WHIL,GO:0009895,negative regulation of catabolic process,25,-1.6393075163813144,-1.1533400040521258,-1.647584164029751,-0.23884543234037614,0.5657434256574343,0.7997537654547503,False
GO_BP,WHIL,GO:0009896,positive regulation of catabolic process,28,-1.3771745109581308,-0.7709760909986777,-1.4993129726614656,-0.24202997912805913,0.5669433056694331,0.7997537654547503,False
GO_BP,WHIL,GO:0009966,regulation of signal transduction,150,-0.91135607772678,-0.48960665500768163,-0.9997714935243651,-0.16666700346075658,0.5518448155184481,0.7997537654547503,False
GO_BP,WHIL,GO:0009967,positive regulation of signal transduction,111,-1.7195165138657738,-1.2522766287948204,-1.6869178757852479,-0.24991926157573974,0.5748425157484252,0.7997537654547503,False
GO_BP,WHIL,GO:0009968,negative regulation of signal transduction,66,0.4758284107470194,0.3643035518721483,0.44046772560900277,0.07344277200644389,0.47385261473852613,0.7997537654547503,False
GO_BP,WHIL,GO:0010001,glial cell differentiation,12,0.16612348575670488,-0.007458636600641834,-0.41450369503698936,0.3771046515755205,0.35666433356664334,0.7997537654547503,False
GO_BP,WHIL,GO:0010038,response to metal ion,20,-0.30236134047725294,-0.025740934550435364,-0.045913742149687055,-0.26653400212719175,0.5687431256874312,0.7997537654547503,False
GO_BP,WHIL,GO:0010039,response to iron ion,5,-0.8679392092751087,-0.9727008224417494,-0.689853762011299,-0.03666191704858457,0.47135286471352866,0.7997537654547503,False
GO_BP,WHIL,GO:0010212,response to ionizing radiation,6,0.9992826575129244,0.9311808784401735,0.7068121060304137,0.18028616527763086,0.40985901409859016,0.7997537654547503,False
GO_BP,WHIL,GO:0010232,vascular transport,11,-0.9717464827067006,0.308027296641117,-0.27338469939964904,-0.9890677813274346,0.7894210578942106,0.8493081726310128,False
GO_BP,WHIL,GO:0010256,endomembrane system organization,8,-0.9075398500914058,-0.04188150785605692,-0.6771384458646407,-0.548029873231057,0.6655334466553344,0.8033058431305515,False
GO_BP,WHIL,GO:0010332,response to gamma radiation,5,1.2544356906168912,0.682226904057624,0.7738659148631314,0.5263892811565135,0.30746925307469253,0.7997537654547503,False
GO_BP,WHIL,GO:0010389,regulation of G2/M transition of mitotic cell cycle,6,0.4246257197036085,-0.8649682055964245,-0.18845876135019052,0.951339203176916,0.21257874212578742,0.7997537654547503,False
GO_BP,WHIL,GO:0010467,gene expression,38,-0.7675528677415314,0.14786838200281416,0.11984003839723176,-0.9014070779415544,0.7706229377062294,0.8413560881152622,False
GO_BP,WHIL,GO:0010468,regulation of gene expression,135,0.1053926529647935,0.24560837824166304,0.20864106288440196,-0.12173206759823901,0.5435456454354565,0.7997537654547503,False
GO_BP,WHIL,GO:0010498,proteasomal protein catabolic process,6,0.07872856633340863,2.7862048096761804,0.9613334183537265,-1.7950405476815448,0.9541045895410459,0.9642580373269269,False
GO_BP,WHIL,GO:0010506,regulation of autophagy,21,-1.6056281547478448,-0.8134318871703359,-1.3688839031362972,-0.5144702595945283,0.6537346265373463,0.8020133445239224,False
GO_BP,WHIL,GO:0010507,negative regulation of autophagy,11,-2.010241275113083,-1.5365721306506201,-1.824164238172394,-0.3298730907015761,0.5867413258674132,0.7997537654547503,False
GO_BP,WHIL,GO:0010508,positive regulation of autophagy,9,-1.0893866184966765,-0.31810087088390365,-0.6726653413234243,-0.5940035123930125,0.6777322267773223,0.8033058431305515,False
GO_BP,WHIL,GO:0010543,regulation of platelet activation,7,-0.6713832144427146,-1.032273947399814,-0.7741720131434641,0.2318397658289243,0.3835616438356164,0.7997537654547503,False
GO_BP,WHIL,GO:0010556,regulation of macromolecule biosynthetic process,141,0.2724000156505539,0.27101185376601666,0.4175979030463051,-0.07190486275560698,0.5224477552244775,0.7997537654547503,False
GO_BP,WHIL,GO:0010557,positive regulation of macromolecule biosynthetic process,99,-1.002516363681535,-0.15233876843418356,0.2008310112723726,-1.0267624851006296,0.8008199180081992,0.8554752833322009,False
GO_BP,WHIL,GO:0010558,negative regulation of macromolecule biosynthetic process,77,1.2320287690313176,1.4727643358649383,1.9830188920405996,-0.4958628449214513,0.655034496550345,0.8020133445239224,False
GO_BP,WHIL,GO:0010562,positive regulation of phosphorus metabolic process,14,-1.0031250038084336,-0.9188191488972272,-0.696136736709509,-0.19564706100506557,0.5408459154084592,0.7997537654547503,False
GO_BP,WHIL,GO:0010564,regulation of cell cycle process,27,-0.34891437398382436,-1.8283334845442951,-1.2352266817577073,1.1828657091671768,0.16978302169783022,0.7997537654547503,False
GO_BP,WHIL,GO:0010565,regulation of ketone metabolic process,14,1.287108405995258,2.0789519673462165,2.8555049006314204,-1.1801200279935606,0.841915808419158,0.8795013355807276,False
GO_BP,WHIL,GO:0010574,regulation of vascular endothelial growth factor production,6,-1.0454363582224373,-1.168201227615612,-0.6194311980556136,-0.15162014538682445,0.5228477152284772,0.7997537654547503,False
GO_BP,WHIL,GO:0010575,positive regulation of vascular endothelial growth factor production,6,-1.0454363582224373,-1.168201227615612,-0.6194311980556136,-0.15162014538682445,0.5228477152284772,0.7997537654547503,False
GO_BP,WHIL,GO:0010594,regulation of endothelial cell migration,15,-1.496901467605204,-1.6809213359181219,-1.8992549266822778,0.293186663694996,0.3845615438456154,0.7997537654547503,False
GO_BP,WHIL,GO:0010595,positive regulation of endothelial cell migration,13,-1.3759504755788452,-1.705443375006874,-1.895241213420541,0.4243918186348623,0.34366563343665635,0.7997537654547503,False
GO_BP,WHIL,GO:0010604,positive regulation of macromolecule metabolic process,118,-0.7251818470150978,0.10547665983152177,0.0895965003576947,-0.822718427109706,0.7478252174782521,0.8312253552607218,False
GO_BP,WHIL,GO:0010605,negative regulation of macromolecule metabolic process,90,1.4211602732475506,1.5509267883094011,1.8442048373753264,-0.27640553959481307,0.5863413658634137,0.7997537654547503,False
GO_BP,WHIL,GO:0010608,post-transcriptional regulation of gene expression,12,-0.7139571799441691,-0.9889623236247694,-0.7473591397433598,0.15420355173989553,0.42675732426757323,0.7997537654547503,False
GO_BP,WHIL,GO:0010611,regulation of cardiac muscle hypertrophy,7,-0.4879724066193478,0.1945588865730209,-0.015122450397476776,-0.5776906247071198,0.6724327567243276,0.8033058431305515,False
GO_BP,WHIL,GO:0010628,positive regulation of gene expression,61,-1.0674645231306945,-0.32637664285799495,-0.14147492244933682,-0.8335387404770287,0.7526247375262474,0.83407145906295,False
GO_BP,WHIL,GO:0010629,negative regulation of gene expression,49,1.7586230802164884,0.6911782795959039,1.5775189630604223,0.6242744588883253,0.30286971302869714,0.7997537654547503,False
GO_BP,WHIL,GO:0010632,regulation of epithelial cell migration,7,-1.1144212354015532,-1.3455464950915734,-1.34844438339373,0.2325742038410985,0.37716228377162286,0.7997537654547503,False
GO_BP,WHIL,GO:0010634,positive regulation of epithelial cell migration,7,-1.1144212354015532,-1.3455464950915734,-1.34844438339373,0.2325742038410985,0.37716228377162286,0.7997537654547503,False
GO_BP,WHIL,GO:0010638,positive regulation of organelle organization,26,-0.12513611462173896,0.3019009710451234,-0.5545115664855848,0.001169183098491705,0.48565143485651435,0.7997537654547503,False
GO_BP,WHIL,GO:0010639,negative regulation of organelle organization,16,-0.5570849852286784,-0.7425100637186499,-0.7842038543060361,0.20627197378366458,0.41585841415858416,0.7997537654547503,False
GO_BP,WHIL,GO:0010646,regulation of cell communication,183,-1.3043957451150692,-0.3586260202439541,-0.8887627864734865,-0.6807013417563489,0.7118288171182882,0.8139161651877812,False
GO_BP,WHIL,GO:0010647,positive regulation of cell communication,120,-1.8366730156554412,-1.1114216312298517,-1.4891302328254943,-0.5363970836277683,0.664933506649335,0.8033058431305515,False
GO_BP,WHIL,GO:0010648,negative regulation of cell communication,80,-0.010704251717508379,-0.10577914246909505,-0.15607726312485298,0.12022395107946562,0.45885411458854114,0.7997537654547503,False
GO_BP,WHIL,GO:0010656,negative regulation of muscle cell apoptotic process,9,-0.8917460213550649,-1.2152047448837613,-0.7953089343314427,0.11351081825253717,0.43795620437956206,0.7997537654547503,False
GO_BP,WHIL,GO:0010660,regulation of muscle cell apoptotic process,12,-0.0655807851764858,-0.520490703713023,-0.27823275328257424,0.3337809433213128,0.36496350364963503,0.7997537654547503,False
GO_BP,WHIL,GO:0010662,regulation of striated muscle cell apoptotic process,7,0.7198738491892605,0.08347377817027885,0.38287817303527555,0.48669787358648325,0.31856814318568144,0.7997537654547503,False
GO_BP,WHIL,GO:0010664,negative regulation of striated muscle cell apoptotic process,5,-0.8119622069430875,-1.2560515307417197,-0.4983801079490611,0.06525361240230287,0.44055594440555945,0.7997537654547503,False
GO_BP,WHIL,GO:0010665,regulation of cardiac muscle cell apoptotic process,6,0.46791944794420937,0.09247936616427153,0.3484480103389932,0.247455759692577,0.3892610738926107,0.7997537654547503,False
GO_BP,WHIL,GO:0010720,positive regulation of cell development,15,-0.4238055634025863,-0.30713884070415287,-0.9015185680233646,0.18052314096117245,0.42485751424857515,0.7997537654547503,False
GO_BP,WHIL,GO:0010721,negative regulation of cell development,7,0.177334271816171,0.17011031725631848,0.08414980385409973,0.05020421126096192,0.44355564443555645,0.7997537654547503,False
GO_BP,WHIL,GO:0010743,regulation of macrophage derived foam cell differentiation,6,-1.1968497096508626,0.16089252135210194,-0.5624495076603487,-0.9960712164967391,0.7965203479652034,0.8526338582976102,False
GO_BP,WHIL,GO:0010803,regulation of tumor necrosis factor-mediated signaling pathway,7,1.3712852011181818,-0.6722797406614118,0.5434531430207853,1.435698499938495,0.12148785121487851,0.7997537654547503,False
GO_BP,WHIL,GO:0010810,regulation of cell-substrate adhesion,17,-0.21623424129810268,-0.289716395923905,-0.8135146168881531,0.33538126510792643,0.3671632836716328,0.7997537654547503,False
GO_BP,WHIL,GO:0010811,positive regulation of cell-substrate adhesion,9,-0.37153504271751797,0.33167450653627745,-0.36699582032506006,-0.3538743858231267,0.6033396660333966,0.7997537654547503,False
GO_BP,WHIL,GO:0010812,negative regulation of cell-substrate adhesion,5,-0.3273905309188978,-0.9042912509135197,-1.147870478781663,0.6986903339286934,0.24137586241375864,0.7997537654547503,False
GO_BP,WHIL,GO:0010817,regulation of hormone levels,50,1.3554541883215776,0.8199272730744738,1.2115645420309267,0.3397082807688774,0.3802619738026197,0.7997537654547503,False
GO_BP,WHIL,GO:0010821,regulation of mitochondrion organization,10,-0.37015729354693516,-0.0016903453179226901,-0.8042644033202223,0.03282008077213733,0.4647535246475352,0.7997537654547503,False
GO_BP,WHIL,GO:0010876,lipid localization,24,0.312244252607849,1.997573183048078,1.858435155534706,-1.615759916683543,0.9099090090990901,0.9283571315857296,False
GO_BP,WHIL,GO:0010883,regulation of lipid storage,5,0.5419488178098666,0.2004350204154552,0.3770881324932348,0.2531872413555216,0.37416258374162586,0.7997537654547503,False
GO_BP,WHIL,GO:0010906,regulation of glucose metabolic process,5,0.3013087758806603,-0.24538366084442262,-0.18007974866886428,0.5140404806373038,0.3107689231076892,0.7997537654547503,False
GO_BP,WHIL,GO:0010948,negative regulation of cell cycle process,6,-0.5302514193605221,-1.2430067237201885,-0.6334893395371245,0.40799661226813444,0.32856714328567144,0.7997537654547503,False
GO_BP,WHIL,GO:0010959,regulation of metal ion transport,23,-1.0758913237810364,-0.08244484641611562,-0.1732145547398393,-0.9480616232030589,0.7785221477852214,0.8447889564311997,False
GO_BP,WHIL,GO:0010970,transport along microtubule,5,0.33841868442227807,0.11902922033592644,0.10370732566830297,0.22705041142016336,0.3802619738026197,0.7997537654547503,False
GO_BP,WHIL,GO:0010975,regulation of neuron projection development,17,-0.1646889470149753,0.21344622964876536,-0.7652350317842098,0.11120545405274693,0.44685531446855314,0.7997537654547503,False
GO_BP,WHIL,GO:0010976,positive regulation of neuron projection development,5,-0.7397750159281912,-0.8307998651103503,-0.7813765326839608,0.06631318296896438,0.4303569643035696,0.7997537654547503,False
GO_BP,WHIL,GO:0010977,negative regulation of neuron projection development,6,0.0762670364367112,-0.1322621557351465,-0.48289520762634486,0.3838457181174568,0.34956504349565043,0.7997537654547503,False
GO_BP,WHIL,GO:0012501,programmed cell death,38,-0.40689454036606976,-1.3898980636920442,-0.901204118727717,0.7386565508438108,0.2633736626337366,0.7997537654547503,False
GO_BP,WHIL,GO:0014059,regulation of dopamine secretion,6,-1.5361086103229702,-0.6294240305582999,-1.2953143640693892,-0.5737394130091257,0.6838316168383162,0.8049124664998288,False
GO_BP,WHIL,GO:0014061,regulation of norepinephrine secretion,5,-0.6709955176756248,-0.6590053106321857,-1.0791209374227178,0.19806760635182696,0.38906109389061094,0.7997537654547503,False
GO_BP,WHIL,GO:0014072,response to isoquinoline alkaloid,7,-1.277741547920764,-0.6726040829121857,-1.2249341344474571,-0.32897243924094277,0.5856414358564144,0.7997537654547503,False
GO_BP,WHIL,GO:0014074,response to purine-containing compound,11,0.33915555249674406,0.10822107052281382,-0.3552255455189965,0.4626577899948354,0.32096790320967905,0.7997537654547503,False
GO_BP,WHIL,GO:0014075,response to amine,8,-1.280962495493943,0.1693016039163725,-0.9164331688977276,-0.9073967130032654,0.7763223677632237,0.8429672113995097,False
GO_BP,WHIL,GO:0014743,regulation of muscle hypertrophy,7,-0.4879724066193478,0.1945588865730209,-0.015122450397476776,-0.5776906247071198,0.6724327567243276,0.8033058431305515,False
GO_BP,WHIL,GO:0014910,regulation of smooth muscle cell migration,6,1.0927603524257414,0.2088021093819625,0.11178873697117798,0.9324649292491711,0.19818018198180182,0.7997537654547503,False
GO_BP,WHIL,GO:0015031,protein transport,10,-1.598643992741496,-1.1850358641707255,-1.0565748857007287,-0.47783861780576875,0.6363363663633637,0.7997700096049865,False
GO_BP,WHIL,GO:0015698,inorganic anion transport,7,0.3728335148203875,2.111744291913126,1.9930607070989572,-1.679568984685654,0.9335066493350664,0.9476813706915642,False
GO_BP,WHIL,GO:0015718,monocarboxylic acid transport,20,0.13873757228382003,1.9863331340235142,1.7278071131018387,-1.7183325512788563,0.9261073892610739,0.9422122338950629,False
GO_BP,WHIL,GO:0015721,bile acid and bile salt transport,6,1.1348123609022276,2.2319760751776507,2.038899097602412,-1.0006252254878036,0.7851214878512148,0.848232666350347,False
GO_BP,WHIL,GO:0015849,organic acid transport,26,-0.15735123028123052,1.1983479061222793,1.112993052790647,-1.3130217097376937,0.8599140085991401,0.8922335432162835,False
GO_BP,WHIL,GO:0015850,organic hydroxy compound transport,15,0.29573047275006603,1.2486784961148003,1.5194603956704031,-1.0883389731425357,0.8137186281371863,0.8619744634862001,False
GO_BP,WHIL,GO:0015908,fatty acid transport,14,-0.6335200680697498,1.14832717259463,0.6972196358661206,-1.556293472300125,0.9058094190580942,0.92639599676396,False
GO_BP,WHIL,GO:0015909,long-chain fatty acid transport,9,-1.3755201535686972,0.42936077395787525,-0.10411618076047563,-1.538142450167397,0.9089091090890911,0.9283571315857296,False
GO_BP,WHIL,GO:0015931,nucleobase-containing compound transport,5,-0.6351820622927866,-0.41181946514084167,-1.0035969138961807,0.07252612722572449,0.45125487451254875,0.7997537654547503,False
GO_BP,WHIL,GO:0015980,energy derivation by oxidation of organic compounds,7,0.47930033394061256,1.0365266689790014,0.6595861114547377,-0.36875605627625696,0.6029397060293971,0.7997537654547503,False
GO_BP,WHIL,GO:0016032,viral process,12,-1.6602036236065256,-0.2624524286810415,-1.0737684733947908,-0.9920931725686095,0.81001899810019,0.85941711881861,False
GO_BP,WHIL,GO:0016042,lipid catabolic process,21,0.7005460879896437,0.5376832813733807,0.3624276816144135,0.25049060649574656,0.4056594340565943,0.7997537654547503,False
GO_BP,WHIL,GO:0016043,cellular component organization,119,-0.27121526515491723,-0.18858450730030854,-0.23879225638500723,-0.05752688331225936,0.5222477752224778,0.7997537654547503,False
GO_BP,WHIL,GO:0016052,carbohydrate catabolic process,6,-0.26295338452872197,0.8192177313912267,0.4805971955140992,-0.9128608479813849,0.7693230676932307,0.8410259184312824,False
GO_BP,WHIL,GO:0016070,RNA metabolic process,23,0.5801378059612832,1.0179434441952546,1.2910955380929308,-0.5743816851828094,0.6684331566843316,0.8033058431305515,False
GO_BP,WHIL,GO:0016071,mRNA metabolic process,8,-0.017023708338315416,1.8759933030089322,0.8368043834799949,-1.373422551582779,0.8882111788821118,0.9127861917365576,False
GO_BP,WHIL,GO:0016098,monoterpenoid metabolic process,6,0.6758656264285109,0.6632153684308797,0.20334317623379064,0.24258635409617574,0.37336266373362664,0.7997537654547503,False
GO_BP,WHIL,GO:0016101,diterpenoid metabolic process,16,2.030625619340506,1.4567980940744343,1.695283218654465,0.45458496297605633,0.34236576342365765,0.7997537654547503,False
GO_BP,WHIL,GO:0016125,sterol metabolic process,15,2.142044059722313,2.7453021234484747,2.4632103415949214,-0.4622121727993851,0.6343365663433657,0.7997700096049865,False
GO_BP,WHIL,GO:0016137,glycoside metabolic process,7,1.3494940764067838,-0.6086604380268353,0.026925782532251093,1.640361404154076,0.0963903609639036,0.7997537654547503,False
GO_BP,WHIL,GO:0016192,vesicle-mediated transport,19,-1.2788830782253853,-0.0709740498919042,-0.5018934050000552,-0.9924493507794055,0.8011198880111989,0.8555486526603896,False
GO_BP,WHIL,GO:0016236,macroautophagy,5,-0.9890972755889854,-0.08976420973495507,-0.6776988556783503,-0.6053657428823327,0.7045295470452955,0.8111188881111889,False
GO_BP,WHIL,GO:0016239,positive regulation of macroautophagy,5,-1.0190795274383235,-0.9527798016095325,-0.5867982842645926,-0.249290484501261,0.5488451154884512,0.7997537654547503,False
GO_BP,WHIL,GO:0016241,regulation of macroautophagy,9,-1.1256120050983998,-1.2269092966938853,-1.3093749540201385,0.14253012025861223,0.42785721427857215,0.7997537654547503,False
GO_BP,WHIL,GO:0016310,phosphorylation,43,-0.8567044813695397,-1.836918957914646,-2.152207589366016,1.1378587922707915,0.17838216178382163,0.7997537654547503,False
GO_BP,WHIL,GO:0016311,dephosphorylation,9,3.871108438003641,0.40630889036505974,1.6163850512540756,2.8597614671940734,0.016198380161983803,0.7997537654547503,False
GO_BP,WHIL,GO:0016477,cell migration,42,-1.9996253868208054,-1.5092075199875585,-1.4794534007793751,-0.5052949264373385,0.6573342665733427,0.8021183808124269,False
GO_BP,WHIL,GO:0016485,protein processing,10,-0.6264114529844526,-0.21768764410205058,-0.37217259827271254,-0.331481331797071,0.6009399060093991,0.7997537654547503,False
GO_BP,WHIL,GO:0016525,negative regulation of angiogenesis,7,0.9296291611723347,-0.08025740638288718,0.419947617639776,0.7597840555438904,0.21507849215078492,0.7997537654547503,False
GO_BP,WHIL,GO:0016567,protein ubiquitination,10,0.024105699711524108,2.5276122473468283,1.676587069041676,-2.0779939584827276,0.9658034196580342,0.9709903338345006,False
GO_BP,WHIL,GO:0017015,regulation of transforming growth factor beta receptor signaling pathway,8,-1.6039932498680622,-0.23673327345465744,-0.8543018627444562,-1.0584756817685055,0.821017898210179,0.8663885640290794,False
GO_BP,WHIL,GO:0017157,regulation of exocytosis,5,-0.6927141315716566,-0.8360886705210432,-0.5849004375050588,0.017780422441394328,0.46115388461153883,0.7997537654547503,False
GO_BP,WHIL,GO:0018105,peptidyl-serine phosphorylation,7,-1.2068378721208812,-0.19543281585307926,-1.0218095591874183,-0.5982166846006325,0.6756324367563243,0.8033058431305515,False
GO_BP,WHIL,GO:0018108,peptidyl-tyrosine phosphorylation,14,0.0036244636290150094,-1.6362933271833222,-1.1539106501136716,1.3987264522775118,0.1292870712928707,0.7997537654547503,False
GO_BP,WHIL,GO:0018205,peptidyl-lysine modification,9,3.1403631892181494,1.9133850846382734,2.808809069070785,0.77926611236362,0.20487951204879512,0.7997537654547503,False
GO_BP,WHIL,GO:0018958,phenol-containing compound metabolic process,12,-0.9727887104037988,0.036924886256040464,-0.523658350941271,-0.7294219780611835,0.7313268673132687,0.82631814075956,False
GO_BP,WHIL,GO:0019058,viral life cycle,9,-1.6513698424071777,-0.6207618443670422,-1.0441818937426672,-0.818897973352323,0.7645235476452354,0.8398991086806812,False
GO_BP,WHIL,GO:0019098,reproductive behavior,6,-0.25813596754065826,0.20271763974021015,0.7553320366834015,-0.7371608057524641,0.7411258874112588,0.8288882260019403,False
GO_BP,WHIL,GO:0019216,regulation of lipid metabolic process,30,0.5094567141180105,1.5081997423417017,1.7331116185788626,-1.1111989663422714,0.8218178182181782,0.8665409647365968,False
GO_BP,WHIL,GO:0019217,regulation of fatty acid metabolic process,11,0.7563881077458138,2.150314266557978,2.731299902762503,-1.6844189769144267,0.9294070592940706,0.9448507799089768,False
GO_BP,WHIL,GO:0019218,regulation of steroid metabolic process,9,2.3333813826362775,2.1292010135831685,2.4987614879184727,0.01940013188545686,0.46905309469053097,0.7997537654547503,False
GO_BP,WHIL,GO:0019219,regulation of nucleobase-containing compound metabolic process,97,-0.3397557814109274,1.5198261708404572,0.9149649849711842,-1.557151359316748,0.8949105089491051,0.9172538725102521,False
GO_BP,WHIL,GO:0019221,cytokine-mediated signaling pathway,21,-0.3915166734407487,-0.9348886569415013,-0.20431102192366413,0.17808316599183405,0.42805719428057193,0.7997537654547503,False
GO_BP,WHIL,GO:0019222,regulation of metabolic process,184,0.7136124197038265,1.4739615841496028,1.4765656449159372,-0.7616511948289435,0.7326267373262674,0.8267022863769553,False
GO_BP,WHIL,GO:0019229,regulation of vasoconstriction,18,-1.4461079797334597,-1.2519422960364233,-1.6931513491498373,0.026438842859670686,0.4587541245875412,0.7997537654547503,False
GO_BP,WHIL,GO:0019233,sensory perception of pain,8,-0.6770136957603241,0.5158231071519251,-0.24666092014808408,-0.8115947892622446,0.787921207879212,0.8491008206429069,False
GO_BP,WHIL,GO:0019318,hexose metabolic process,6,1.124729564405751,0.6758059921352295,0.7565351348773844,0.40855900089944397,0.3043695630436956,0.7997537654547503,False
GO_BP,WHIL,GO:0019369,arachidonate metabolic process,20,-0.24352393155165958,-0.9352019267217663,-0.8490789935952716,0.6486165286068595,0.29857014298570145,0.7997537654547503,False
GO_BP,WHIL,GO:0019373,epoxygenase P450 pathway,11,-0.6113331415219522,-0.9834504739937167,-0.9673904575933155,0.364087324271564,0.3545645435456454,0.7997537654547503,False
GO_BP,WHIL,GO:0019433,triglyceride catabolic process,5,0.5002795678475088,0.9277449740451207,1.2728609152971722,-0.6000233768236375,0.6758324167583242,0.8033058431305515,False
GO_BP,WHIL,GO:0019538,protein metabolic process,102,0.8351843507589967,-1.079981069235849,-0.9535188801174596,1.8519343254356508,0.0660933906609339,0.7997537654547503,False
GO_BP,WHIL,GO:0019637,organophosphate metabolic process,25,-0.45780761254304697,0.11991092932645805,-0.3061613848653904,-0.3646823847735808,0.6144385561443856,0.7997537654547503,False
GO_BP,WHIL,GO:0019693,ribose phosphate metabolic process,12,-0.24812085598561345,-0.3983120126834892,-0.26061982906042297,0.08134506488634263,0.44835516448355167,0.7997537654547503,False
GO_BP,WHIL,GO:0019722,calcium-mediated signaling,12,-1.1694791012822034,1.4609271722647452,0.28643260163330786,-2.04315898823123,0.965003499650035,0.9706031331102866,False
GO_BP,WHIL,GO:0019725,cellular homeostasis,33,2.3049444285285965,0.3476233213750734,1.5730084146232022,1.3446285605294586,0.13758624137586242,0.7997537654547503,False
GO_BP,WHIL,GO:0019748,secondary metabolic process,15,0.8626542172194689,-0.49976170724879676,-0.40152750807004084,1.3132988248788877,0.14428557144285573,0.7997537654547503,False
GO_BP,WHIL,GO:0019752,carboxylic acid metabolic process,52,1.2937228123201288,0.9082585245914673,1.2809828441637139,0.19910212794253823,0.42975702429757023,0.7997537654547503,False
GO_BP,WHIL,GO:0019941,modification-dependent protein catabolic process,5,0.047619893082024405,2.8192070911232805,1.0199302886014145,-1.8719487967803232,0.9586041395860414,0.9661164290284981,False
GO_BP,WHIL,GO:0019953,sexual reproduction,7,-0.030878889876023424,0.6401814924788304,0.5670334771804164,-0.6344863747056467,0.6935306469353064,0.8066234370351785,False
GO_BP,WHIL,GO:0021537,telencephalon development,8,-1.1543149560107389,0.26931626810313525,-0.10121846274698752,-1.2383638586888126,0.8788121187881212,0.9052175768338658,False
GO_BP,WHIL,GO:0021543,pallium development,5,-0.9529362904058403,-0.08385866000530467,-0.44268260971777795,-0.6896656555442989,0.7712228777122287,0.8413560881152622,False
GO_BP,WHIL,GO:0021700,developmental maturation,6,-0.7612639777229743,0.26563292481691436,-0.07458474330193893,-0.856788068480462,0.7643235676432357,0.8398765664640392,False
GO_BP,WHIL,GO:0021782,glial cell development,10,0.4475553678218274,0.1245407624544974,-0.2886082813467008,0.5295891272679292,0.31186881311868814,0.7997537654547503,False
GO_BP,WHIL,GO:0021953,central nervous system neuron differentiation,7,1.3959273109347166,2.0710448050190364,1.9358632039904133,-0.6075266935700085,0.6893310668933107,0.8055371886185417,False
GO_BP,WHIL,GO:0021954,central nervous system neuron development,5,1.4528407628418976,1.982653537507618,2.022124565126625,-0.5495482884752236,0.670932906709329,0.8033058431305515,False
GO_BP,WHIL,GO:0022008,neurogenesis,37,-0.5318730318261607,-0.4585642007161952,-0.8372229785961445,0.11602055783000909,0.45565443455654436,0.7997537654547503,False
GO_BP,WHIL,GO:0022402,cell cycle process,25,0.16442093279641892,-0.6780198669907043,-0.31323208327454466,0.6600469079290434,0.28047195280471954,0.7997537654547503,False
GO_BP,WHIL,GO:0022407,regulation of cell-cell adhesion,26,-0.06505235055776516,-1.328155047589282,-0.7935700530640655,0.9958101997689086,0.20357964203579643,0.7997537654547503,False
GO_BP,WHIL,GO:0022408,negative regulation of cell-cell adhesion,13,0.43370885734113845,-0.6587138982046573,-0.5641561590840551,1.0451438859854947,0.18808119188081193,0.7997537654547503,False
GO_BP,WHIL,GO:0022409,positive regulation of cell-cell adhesion,16,0.03419302856462319,-1.0864400542487347,-0.5582901991351846,0.8565581552565827,0.22707729227077292,0.7997537654547503,False
GO_BP,WHIL,GO:0022411,cellular component disassembly,18,-1.3145071133712116,-1.5551878767234855,-1.480416708679418,0.20329517933024,0.41105889411058893,0.7997537654547503,False
GO_BP,WHIL,GO:0022414,reproductive process,35,0.03453457419177657,-0.526225958853036,0.07742765043810641,0.2589337283992414,0.40805919408059194,0.7997537654547503,False
GO_BP,WHIL,GO:0022600,digestive system process,10,0.7782802941692718,0.008065495755950674,1.3612968458166945,0.09359912338294918,0.43515648435156484,0.7997537654547503,False
GO_BP,WHIL,GO:0022603,regulation of anatomical structure morphogenesis,36,0.7436161121840085,0.40455426581607284,0.23324125728141967,0.4247183506352622,0.3541645835416458,0.7997537654547503,False
GO_BP,WHIL,GO:0022604,regulation of cell morphogenesis,8,-0.7407221499399329,-1.1534858267818602,-1.1927935228490907,0.4324175248755425,0.3230676932306769,0.7997537654547503,False
GO_BP,WHIL,GO:0022607,cellular component assembly,47,0.36264052107584066,1.6006436143914256,1.5286224223735723,-1.2019924973066582,0.8414158584141586,0.8794761434977538,False
GO_BP,WHIL,GO:0022617,extracellular matrix disassembly,8,-1.7264476335986199,-1.491630696393236,-1.529751230216014,-0.21575667029399503,0.5451454854514548,0.7997537654547503,False
GO_BP,WHIL,GO:0023051,regulation of signaling,182,-1.272672213515596,-0.35012700596137125,-0.860262823652368,-0.6674772987087263,0.7094290570942906,0.8121643804308415,False
GO_BP,WHIL,GO:0023056,positive regulation of signaling,119,-1.830508142462127,-1.1066696237109765,-1.4864843452871295,-0.5339311579630741,0.6645335466453355,0.8033058431305515,False
GO_BP,WHIL,GO:0023057,negative regulation of signaling,79,0.027824067568704775,-0.09720238983126833,-0.11962298032762905,0.13623675264815346,0.45565443455654436,0.7997537654547503,False
GO_BP,WHIL,GO:0030001,metal ion transport,25,-0.7544277253452791,0.23351552071633724,-0.26763925167715735,-0.7373658598648691,0.7215278472152785,0.8205954617174978,False
GO_BP,WHIL,GO:0030003,intracellular monoatomic cation homeostasis,19,0.9407686596624557,0.24567261853661046,0.22541371224150275,0.7052254942733991,0.2626737326267373,0.7997537654547503,False
GO_BP,WHIL,GO:0030029,actin filament-based process,13,0.3781180182389088,-0.11094914667397607,-0.4153524689438343,0.641268826047814,0.2663733626637336,0.7997537654547503,False
GO_BP,WHIL,GO:0030030,cell projection organization,25,0.010646489210505032,0.024769018493755773,-0.4960913114680896,0.24630763569767194,0.40205979402059794,0.7997537654547503,False
GO_BP,WHIL,GO:0030031,cell projection assembly,5,-0.9866976688420478,-0.5124638807272129,-1.222467884007395,-0.11923178647474375,0.5337466253374663,0.7997537654547503,False
GO_BP,WHIL,GO:0030036,actin cytoskeleton organization,9,0.6920307863047558,-0.3694585299099004,-0.632490083689497,1.1930050931044545,0.13928607139286073,0.7997537654547503,False
GO_BP,WHIL,GO:0030048,actin filament-based movement,5,-0.15314333978045866,0.33430961375486107,0.2703123108209898,-0.4554543020683841,0.652934706529347,0.8020133445239224,False
GO_BP,WHIL,GO:0030097,hemopoiesis,23,-1.016914786748756,-0.4415542862359693,-0.5386326752117994,-0.5268213060248716,0.6616338366163383,0.8033058431305515,False
GO_BP,WHIL,GO:0030098,lymphocyte differentiation,9,-0.1637345976933467,0.2685056459459718,0.3221832070438294,-0.4590790241882473,0.631036896310369,0.7997700096049865,False
GO_BP,WHIL,GO:0030099,myeloid cell differentiation,13,-0.21460480303115634,-0.4042219394737842,-0.2386920888067164,0.10685221110909396,0.44125587441255876,0.7997537654547503,False
GO_BP,WHIL,GO:0030100,regulation of endocytosis,15,-0.37596873626271043,-0.21439572867989107,-0.44886986502060877,-0.0443359394124605,0.49865013498650135,0.7997537654547503,False
GO_BP,WHIL,GO:0030111,regulation of Wnt signaling pathway,14,-0.8665218226970954,-0.4859714458473797,-0.6062626456886645,-0.3204047769290733,0.583041695830417,0.7997537654547503,False
GO_BP,WHIL,GO:0030154,cell differentiation,89,-0.5299158256271185,-1.1169190679761705,-0.7908472880986387,0.42396735241028616,0.3608639136086391,0.7997537654547503,False
GO_BP,WHIL,GO:0030155,regulation of cell adhesion,44,-0.25991826225333176,-0.6346040613462078,-0.8437667142243389,0.4792671255319417,0.34406559344065596,0.7997537654547503,False
GO_BP,WHIL,GO:0030162,regulation of proteolysis,10,-0.21408951152767938,-0.12465305049343889,-0.7722815486279104,0.23437778803299528,0.394960503949605,0.7997537654547503,False
GO_BP,WHIL,GO:0030163,protein catabolic process,16,-0.5148053543109641,0.8572836608466585,-0.5851791304664281,-0.6508576195010793,0.7153284671532847,0.8157254449993597,False
GO_BP,WHIL,GO:0030168,platelet activation,12,-1.0568308410847218,-1.303129609935367,-1.35315650804928,0.27131221790760174,0.37996200379962003,0.7997537654547503,False
GO_BP,WHIL,GO:0030177,positive regulation of Wnt signaling pathway,11,-0.6791429638711808,-0.5743169013012761,-0.3991786916875307,-0.19239516737677742,0.543045695430457,0.7997537654547503,False
GO_BP,WHIL,GO:0030182,neuron differentiation,27,-0.48307812345246653,0.0529114272992537,-0.5433133896005194,-0.23787714230183366,0.5617438256174383,0.7997537654547503,False
GO_BP,WHIL,GO:0030193,regulation of blood coagulation,5,-0.8060634629615285,-0.7105327996671433,-0.8611394734171998,-0.020227326419356984,0.47615238476152383,0.7997537654547503,False
GO_BP,WHIL,GO:0030198,extracellular matrix organization,11,-1.6719378714928996,-1.6604020788842317,-1.5702384029052825,-0.05661763059814251,0.49135086491350866,0.7997537654547503,False
GO_BP,WHIL,GO:0030217,T cell differentiation,6,0.3843064568390267,0.955216169448381,1.068393829734669,-0.6274985427524982,0.6857314268573143,0.8051565046655605,False
GO_BP,WHIL,GO:0030225,macrophage differentiation,5,-0.06760243428885063,-0.4570104519826752,-0.13344436252258554,0.22762497296377973,0.38046195380461956,0.7997537654547503,False
GO_BP,WHIL,GO:0030258,lipid modification,10,-0.3021218850921011,0.64476447577417,0.007554752198132798,-0.6282814990782525,0.6981301869813019,0.8081249752838221,False
GO_BP,WHIL,GO:0030278,regulation of ossification,7,0.6669190119030122,0.3970236903761514,0.4104231917270899,0.26319557085139156,0.35356464353564643,0.7997537654547503,False
GO_BP,WHIL,GO:0030307,positive regulation of cell growth,9,-0.18778325322453793,-0.36604393414920344,-0.822602451386192,0.4065399395431598,0.34556544345565443,0.7997537654547503,False
GO_BP,WHIL,GO:0030308,negative regulation of cell growth,6,-0.3087515861749021,-0.10325117741711573,0.21136044576277763,-0.3628062203477331,0.5982401759824018,0.7997537654547503,False
GO_BP,WHIL,GO:0030334,regulation of cell migration,57,-2.1469011704412417,-1.4522787928483987,-2.127873313885022,-0.35682511707453135,0.6073392660733926,0.7997537654547503,False
GO_BP,WHIL,GO:0030335,positive regulation of cell migration,42,-2.108138761805439,-1.6399822390423289,-2.3109730156944783,-0.13266113443703542,0.5348465153484652,0.7997537654547503,False
GO_BP,WHIL,GO:0030336,negative regulation of cell migration,15,-0.7656549358940034,-0.3185081447292372,-0.8460273998667245,-0.18338716359602247,0.5400459954004599,0.7997537654547503,False
GO_BP,WHIL,GO:0030500,regulation of bone mineralization,5,-0.3111192348126414,0.7210583390187775,0.1418009407961702,-0.7425488747201152,0.8171182881711829,0.8645972391230242,False
GO_BP,WHIL,GO:0030512,negative regulation of transforming growth factor beta receptor signaling pathway,6,-1.1353705830593743,-0.18678952357995163,-0.5559886355489972,-0.7639815034948999,0.7413258674132587,0.8288882260019403,False
GO_BP,WHIL,GO:0030518,nuclear receptor-mediated steroid hormone signaling pathway,15,-0.8750847462813394,0.8511502126305588,0.4553139460438798,-1.5283168256185586,0.9058094190580942,0.92639599676396,False
GO_BP,WHIL,GO:0030522,intracellular receptor signaling pathway,27,0.029749944043307597,1.2684775207728913,1.607580068696325,-1.4082788506913007,0.8789121087891211,0.9052175768338658,False
GO_BP,WHIL,GO:0030534,adult behavior,13,-1.0359200324285436,-0.18343027258565187,-0.06417960404780952,-0.9121150941118129,0.783021697830217,0.8477930832870911,False
GO_BP,WHIL,GO:0030574,collagen catabolic process,9,-1.8050285810192694,-1.3879614661486739,-1.566965911290657,-0.32756489229960395,0.5863413658634137,0.7997537654547503,False
GO_BP,WHIL,GO:0030593,neutrophil chemotaxis,7,-1.066466595985368,0.06780303241096021,0.221994894585582,-1.2113655594836392,0.8519148085191481,0.8857017452408468,False
GO_BP,WHIL,GO:0030595,leukocyte chemotaxis,10,-1.1312188696302516,-0.1862794477231208,-0.22800056165229607,-0.9240788649425432,0.79002099790021,0.8495630216390125,False
GO_BP,WHIL,GO:0030638,polyketide metabolic process,5,1.1348678565049282,-0.6636776875503992,-0.05094058655233199,1.4921769935562939,0.11598840115988401,0.7997537654547503,False
GO_BP,WHIL,GO:0030705,cytoskeleton-dependent intracellular transport,5,0.33841868442227807,0.11902922033592644,0.10370732566830297,0.22705041142016336,0.3802619738026197,0.7997537654547503,False
GO_BP,WHIL,GO:0030808,regulation of nucleotide biosynthetic process,5,-1.0408909629179177,0.5751747058184892,-0.1343246171495953,-1.2613160072523646,0.8703129687031297,0.8985362218245415,False
GO_BP,WHIL,GO:0030811,regulation of nucleotide catabolic process,6,-1.0406433312090044,-1.1124427440144111,-0.9962418989186147,0.013698990257508425,0.46405359464053597,0.7997537654547503,False
GO_BP,WHIL,GO:0030832,regulation of actin filament length,6,0.756485795203996,0.8242126127168387,0.28884508635081946,0.19995694567016686,0.34826517348265174,0.7997537654547503,False
GO_BP,WHIL,GO:0030833,regulation of actin filament polymerization,5,0.6270175472420726,0.9888312582137488,0.33628505206138015,-0.03554060789549196,0.45735426457354267,0.7997537654547503,False
GO_BP,WHIL,GO:0030855,epithelial cell differentiation,19,-1.9443122396654502,-1.9502108611623916,-1.8831169896004492,-0.027648314284029807,0.49445055494450557,0.7997537654547503,False
GO_BP,WHIL,GO:0030879,mammary gland development,6,-1.189895857492804,-0.7476632128125351,-1.2100982166463277,-0.21101514276337263,0.5251474852514748,0.7997537654547503,False
GO_BP,WHIL,GO:0030900,forebrain development,8,-1.1543149560107389,0.26931626810313525,-0.10121846274698752,-1.2383638586888126,0.8788121187881212,0.9052175768338658,False
GO_BP,WHIL,GO:0030901,midbrain development,5,-1.2977215751812101,-0.6217659989559129,-1.3276783293257772,-0.3229994110403651,0.5815418458154185,0.7997537654547503,False
GO_BP,WHIL,GO:0031099,regeneration,9,0.5290175003572185,-0.9204025542601393,-0.6087107778040882,1.293574166389332,0.1421857814218578,0.7997537654547503,False
GO_BP,WHIL,GO:0031100,animal organ regeneration,6,0.7129859057723076,-0.7518104161805195,-0.4310451208715744,1.3044136742983545,0.1401859814018598,0.7997537654547503,False
GO_BP,WHIL,GO:0031110,regulation of microtubule polymerization or depolymerization,6,1.2675750038807407,0.6962783613461225,0.4755851762892099,0.6816432350630746,0.23567643235676433,0.7997537654547503,False
GO_BP,WHIL,GO:0031175,neuron projection development,17,0.45545346575569423,0.43986119811942775,0.05437780621142628,0.2083339635902672,0.41115888411158885,0.7997537654547503,False
GO_BP,WHIL,GO:0031281,positive regulation of cyclase activity,8,-1.1281065995213535,-0.6605637868269474,-1.532287404653679,-0.03168100378104044,0.4667533246675332,0.7997537654547503,False
GO_BP,WHIL,GO:0031294,lymphocyte costimulation,8,1.0141753030657248,-0.8607356773398835,-0.2681044956646201,1.5785953895679765,0.102989701029897,0.7997537654547503,False
GO_BP,WHIL,GO:0031295,T cell costimulation,8,1.0141753030657248,-0.8607356773398835,-0.2681044956646201,1.5785953895679765,0.102989701029897,0.7997537654547503,False
GO_BP,WHIL,GO:0031333,negative regulation of protein-containing complex assembly,9,-0.982231654987967,-0.7108971380121177,-1.397520987498028,0.07197740776710582,0.43775622437756223,0.7997537654547503,False
GO_BP,WHIL,GO:0031334,positive regulation of protein-containing complex assembly,14,-0.3136486270086059,0.2591189688263392,-0.4160888846644597,-0.23516366908954567,0.5581441855814419,0.7997537654547503,False
GO_BP,WHIL,GO:0031344,regulation of cell projection organization,25,-0.29332084194347824,-0.5107995643431382,-1.256871491728496,0.5905146860923389,0.3010698930106989,0.7997537654547503,False
GO_BP,WHIL,GO:0031345,negative regulation of cell projection organization,10,-0.36203629147564764,-0.6230793878795362,-0.9756023894174273,0.4373045971728341,0.33566643335666435,0.7997537654547503,False
GO_BP,WHIL,GO:0031346,positive regulation of cell projection organization,13,-0.06090992245071793,0.013009876476289808,-0.6383487852706997,0.25175953194648704,0.39286071392860716,0.7997537654547503,False
GO_BP,WHIL,GO:0031347,regulation of defense response,58,0.5370682147823667,-0.8473820430458916,-0.29345045957395227,1.1074844660922887,0.1807819218078192,0.7997537654547503,False
GO_BP,WHIL,GO:0031348,negative regulation of defense response,22,0.20877819884501228,-0.49664309527343503,0.04739259396619989,0.43340344949862986,0.3494650534946505,0.7997537654547503,False
GO_BP,WHIL,GO:0031349,positive regulation of defense response,27,-1.0287647059133052,-1.851703181720089,-1.4163053055962118,0.6052395377448454,0.3006699330066993,0.7997537654547503,False
GO_BP,WHIL,GO:0031396,regulation of protein ubiquitination,11,-1.4353238148969325,1.4686377944195068,-0.7860017800183663,-1.7766418220975027,0.9423057694230577,0.9549569079471437,False
GO_BP,WHIL,GO:0031398,positive regulation of protein ubiquitination,5,-0.7380973667214226,2.4004805406745606,0.3481495253847019,-2.1124123997510535,0.9724027597240276,0.9755294567006322,False
GO_BP,WHIL,GO:0031399,regulation of protein modification process,36,-0.16981729855952743,-0.09651810024071766,-1.1337963160289688,0.4453399095753158,0.34796520347965204,0.7997537654547503,False
GO_BP,WHIL,GO:0031400,negative regulation of protein modification process,8,1.2194913978284068,0.13616134737522462,0.47194516329190017,0.9154381424948443,0.20927907209279073,0.7997537654547503,False
GO_BP,WHIL,GO:0031401,positive regulation of protein modification process,25,-0.8721102562002706,-0.09073074967427688,-1.5719722623438923,-0.04075875019118602,0.49575042495750427,0.7997537654547503,False
GO_BP,WHIL,GO:0031507,heterochromatin formation,8,1.5916028779470521,0.8660019698277863,1.817526699062886,0.24983854350171586,0.38946105389461055,0.7997537654547503,False
GO_BP,WHIL,GO:0031623,receptor internalization,6,-1.171666216631287,0.6130960638217038,0.38465865760331636,-1.670543577343797,0.9332066793320668,0.9476813706915642,False
GO_BP,WHIL,GO:0031644,regulation of nervous system process,14,-0.16344407752293952,-0.4854471607214664,-0.1329300195419149,0.14574451260875113,0.43575642435756423,0.7997537654547503,False
GO_BP,WHIL,GO:0031647,regulation of protein stability,15,-1.6170647797121516,-1.5290537317867117,-1.815112480099531,0.055018326230969805,0.45725427457254275,0.7997537654547503,False
GO_BP,WHIL,GO:0031663,lipopolysaccharide-mediated signaling pathway,5,-0.2004538432760161,1.1080211905194939,-0.06525971365692113,-0.7218345817073025,0.7370262973702629,0.8273044668681058,False
GO_BP,WHIL,GO:0031664,regulation of lipopolysaccharide-mediated signaling pathway,5,3.4741342458401507,1.323613686577641,3.1304073582726497,1.2471237234150054,0.16198380161983802,0.7997537654547503,False
GO_BP,WHIL,GO:0031667,response to nutrient levels,27,0.8195333537611501,-0.20492296955492337,-0.15108383014007712,0.9975367536086504,0.20587941205879412,0.7997537654547503,False
GO_BP,WHIL,GO:0031669,cellular response to nutrient levels,10,1.5881503334040343,0.6865527238043614,0.7091621632335271,0.8902928898850901,0.22247775222477753,0.7997537654547503,False
GO_BP,WHIL,GO:0031960,response to corticosteroid,15,0.8511593774043614,2.100245085121916,2.3392262046272,-1.3685762674701967,0.8798120187981202,0.9053474599769574,False
GO_BP,WHIL,GO:0032006,regulation of TOR signaling,13,-1.2833905422415224,0.2468944764268291,-0.8066494708343154,-1.0035130450377792,0.797020297970203,0.8529739296822662,False
GO_BP,WHIL,GO:0032008,positive regulation of TOR signaling,11,-1.5752329367708091,-1.307134702361265,-1.4549503993130266,-0.19419038593366333,0.5367463253674633,0.7997537654547503,False
GO_BP,WHIL,GO:0032024,positive regulation of insulin secretion,6,0.6142272765198138,0.019890539388694038,0.21519343488006878,0.4966852893854324,0.3126687331266873,0.7997537654547503,False
GO_BP,WHIL,GO:0032101,regulation of response to external stimulus,75,-0.2557187347803106,-1.111255839692302,-0.921772030040199,0.7607952000859398,0.26687331266873315,0.7997537654547503,False
GO_BP,WHIL,GO:0032102,negative regulation of response to external stimulus,31,-0.31952854570159583,-1.1742723561099682,-0.72739870333909,0.6313069840229332,0.29647035296470353,0.7997537654547503,False
GO_BP,WHIL,GO:0032103,positive regulation of response to external stimulus,38,-0.8892816767743255,-1.2515661832299407,-0.9847554769874969,0.22887915333439324,0.414958504149585,0.7997537654547503,False
GO_BP,WHIL,GO:0032200,telomere organization,7,-0.5114181471973887,-0.4183721304132289,-0.18359812686037552,-0.21043301856058644,0.5385461453854614,0.7997537654547503,False
GO_BP,WHIL,GO:0032204,regulation of telomere maintenance,11,-0.5360604784509546,-1.134727818136908,-0.863911623717795,0.4632592424763968,0.32856714328567144,0.7997537654547503,False
GO_BP,WHIL,GO:0032206,positive regulation of telomere maintenance,8,-0.11327793372253837,-0.6002487104972812,-0.5281165339561285,0.45090468850416643,0.32596740325967405,0.7997537654547503,False
GO_BP,WHIL,GO:0032271,regulation of protein polymerization,9,1.701974374186327,1.3690338314507928,0.5704239726158697,0.7322454721529956,0.20657934206579343,0.7997537654547503,False
GO_BP,WHIL,GO:0032273,positive regulation of protein polymerization,6,1.445448826769254,1.3693125757754367,0.5430087471952532,0.48928816528390906,0.2675732426757324,0.7997537654547503,False
GO_BP,WHIL,GO:0032309,icosanoid secretion,5,1.5368930496435897,0.26620060397227213,1.211828323919736,0.7978785856975856,0.1972802719728027,0.7997537654547503,False
GO_BP,WHIL,GO:0032355,response to estradiol,14,-0.9804482759215589,-1.067576785101619,-1.0349951717950177,0.07083770252675947,0.4560543945605439,0.7997537654547503,False
GO_BP,WHIL,GO:0032368,regulation of lipid transport,14,-1.5302974364872723,0.47560745382647546,-0.425402515384719,-1.5553999057081507,0.9143085691430857,0.9320331308189155,False
GO_BP,WHIL,GO:0032370,positive regulation of lipid transport,9,-0.9002190299466377,0.7113705327968936,0.12541351283996885,-1.318611052765069,0.8899110088991101,0.9139309900478023,False
GO_BP,WHIL,GO:0032371,regulation of sterol transport,7,-0.73831108996647,1.02812463217482,0.14609543135746705,-1.3254211217326135,0.8789121087891211,0.9052175768338658,False
GO_BP,WHIL,GO:0032373,positive regulation of sterol transport,6,-0.6518280897123452,0.7157358417418124,0.3088801775392162,-1.1641360993528593,0.8445155484451555,0.881233615768858,False
GO_BP,WHIL,GO:0032374,regulation of cholesterol transport,7,-0.73831108996647,1.02812463217482,0.14609543135746705,-1.3254211217326135,0.8789121087891211,0.9052175768338658,False
GO_BP,WHIL,GO:0032376,positive regulation of cholesterol transport,6,-0.6518280897123452,0.7157358417418124,0.3088801775392162,-1.1641360993528593,0.8445155484451555,0.881233615768858,False
GO_BP,WHIL,GO:0032386,regulation of intracellular transport,13,-0.1415224842566234,-0.23897496343768762,-1.0917661856695546,0.5238480902969977,0.3066693330666933,0.7997537654547503,False
GO_BP,WHIL,GO:0032388,positive regulation of intracellular transport,9,-1.250866440675485,-0.3652279673893592,-1.2749914711166017,-0.43075672142250454,0.6267373262673732,0.7997537654547503,False
GO_BP,WHIL,GO:0032434,regulation of proteasomal ubiquitin-dependent protein catabolic process,11,-1.6923302248326941,0.21908428331482963,-1.136399108859004,-1.233672812060607,0.8512148785121488,0.8857017452408468,False
GO_BP,WHIL,GO:0032436,positive regulation of proteasomal ubiquitin-dependent protein catabolic process,8,-1.4066867613476262,0.21562227131176437,-1.1930938972668264,-0.9179509483700952,0.7791220877912208,0.8448311795326491,False
GO_BP,WHIL,GO:0032446,protein modification by small protein conjugation,11,-0.031067907003259496,2.4880385377240386,1.6088544223679115,-2.0795143870492345,0.9663033696630337,0.9712843148674822,False
GO_BP,WHIL,GO:0032465,regulation of cytokinesis,8,0.4590463440350542,-0.7300670982075462,-0.2839928260902637,0.9660763061839591,0.21127887211278873,0.7997537654547503,False
GO_BP,WHIL,GO:0032467,positive regulation of cytokinesis,5,0.7593747309416561,-0.13867507636435886,0.2722584649124738,0.6925830366675986,0.254974502549745,0.7997537654547503,False
GO_BP,WHIL,GO:0032479,regulation of type I interferon production,9,0.156678883762013,-0.2186880188516205,0.3562996722952317,0.08787305704020741,0.4303569643035696,0.7997537654547503,False
GO_BP,WHIL,GO:0032481,positive regulation of type I interferon production,7,0.3302840234691595,-0.06761947114182314,0.04171611989678729,0.34323569909167745,0.34556544345565443,0.7997537654547503,False
GO_BP,WHIL,GO:0032496,response to lipopolysaccharide,26,0.014726950784368373,0.8859198140627857,0.22148329264837924,-0.5389746025712141,0.6628337166283371,0.8033058431305515,False
GO_BP,WHIL,GO:0032502,developmental process,150,0.02593470603847856,-0.01231715965322735,0.7698534023468196,-0.3528334153083176,0.6104389561043896,0.7997537654547503,False
GO_BP,WHIL,GO:0032526,response to retinoic acid,9,-1.2523533390694404,0.2892797331635152,-0.8455199085157475,-0.9742332513933242,0.787921207879212,0.8491008206429069,False
GO_BP,WHIL,GO:0032535,regulation of cellular component size,12,1.135034407153368,1.5022193184206154,0.6802337088720273,0.043807893507046725,0.44655534446555345,0.7997537654547503,False
GO_BP,WHIL,GO:0032642,regulation of chemokine production,8,0.16637664563037075,0.5723941883423411,0.9258679618389651,-0.5827544294602824,0.6658334166583342,0.8033058431305515,False
GO_BP,WHIL,GO:0032649,regulation of type II interferon production,5,0.7523462901211013,-0.538940068823244,0.2363359365691189,0.9036483562481639,0.21557844215578442,0.7997537654547503,False
GO_BP,WHIL,GO:0032651,regulation of interleukin-1 beta production,6,-0.7832878862935374,-1.1192520511825381,-0.6662047754210971,0.10944052700828022,0.4263573642635736,0.7997537654547503,False
GO_BP,WHIL,GO:0032652,regulation of interleukin-1 production,7,0.3132594679900333,-0.8749539131694937,0.11032379209074678,0.6955745285294068,0.2616738326167383,0.7997537654547503,False
GO_BP,WHIL,GO:0032663,regulation of interleukin-2 production,5,1.0258342500497717,-0.2025188432821721,0.3987857581806488,0.9277007926005333,0.23247675232476753,0.7997537654547503,False
GO_BP,WHIL,GO:0032675,regulation of interleukin-6 production,9,1.5618538519316205,-0.5926166292476595,1.364820872751299,1.1757517301798008,0.16618338166183383,0.7997537654547503,False
GO_BP,WHIL,GO:0032677,regulation of interleukin-8 production,7,0.157132159810047,-0.2908699948319826,0.7471796164137201,-0.07102265098082175,0.5025497450254974,0.7997537654547503,False
GO_BP,WHIL,GO:0032680,regulation of tumor necrosis factor production,12,1.7768370809308933,-0.2863678113489873,1.109323957575498,1.3653590078176379,0.1317868213178682,0.7997537654547503,False
GO_BP,WHIL,GO:0032722,positive regulation of chemokine production,5,-0.6196389204230283,-0.6733668593866532,-0.3338274625985942,-0.11604175943040451,0.49825017498250174,0.7997537654547503,False
GO_BP,WHIL,GO:0032731,positive regulation of interleukin-1 beta production,5,-0.8568140289653282,-1.0487396770133606,-0.5278462474429183,-0.06852106673718883,0.4884511548845116,0.7997537654547503,False
GO_BP,WHIL,GO:0032732,positive regulation of interleukin-1 production,5,-0.8568140289653282,-1.0487396770133606,-0.5278462474429183,-0.06852106673718883,0.4884511548845116,0.7997537654547503,False
GO_BP,WHIL,GO:0032755,positive regulation of interleukin-6 production,6,0.1128234923820694,-0.8648835407889227,0.3355045637848451,0.3775129808841082,0.3518648135186481,0.7997537654547503,False
GO_BP,WHIL,GO:0032757,positive regulation of interleukin-8 production,7,0.157132159810047,-0.2908699948319826,0.7471796164137201,-0.07102265098082175,0.5025497450254974,0.7997537654547503,False
GO_BP,WHIL,GO:0032760,positive regulation of tumor necrosis factor production,7,0.12457421821276124,-0.4615687662559849,0.1712859977571687,0.2697156024621693,0.37516248375162486,0.7997537654547503,False
GO_BP,WHIL,GO:0032774,RNA biosynthetic process,20,0.0869646503325811,0.6786462871818307,1.1217647010725584,-0.8132408437946135,0.7409259074092591,0.8288882260019403,False
GO_BP,WHIL,GO:0032787,monocarboxylic acid metabolic process,44,1.1555351439166295,1.0216278471643672,1.2316859097548407,0.028878265457025654,0.48555144485551444,0.7997537654547503,False
GO_BP,WHIL,GO:0032868,response to insulin,20,0.5377614794502732,0.2747546291283341,0.12772396187677368,0.3365221839477193,0.37536246375362464,0.7997537654547503,False
GO_BP,WHIL,GO:0032869,cellular response to insulin stimulus,15,1.198669199049507,0.17967240358990583,0.27069859012979924,0.9734837021896545,0.2044795520447955,0.7997537654547503,False
GO_BP,WHIL,GO:0032870,cellular response to hormone stimulus,57,0.9354483682477085,1.7956314673721112,2.2398375759944664,-1.0822861534355805,0.8163183681631837,0.8641415885554625,False
GO_BP,WHIL,GO:0032879,regulation of localization,113,-0.2601516351482711,-0.4873023562583649,-0.6248596735635039,0.2959293797626633,0.40775922407759224,0.7997537654547503,False
GO_BP,WHIL,GO:0032880,regulation of protein localization,58,0.4422564459466504,0.5580140246612114,-0.008059785881179487,0.16727932655663447,0.43895610438956106,0.7997537654547503,False
GO_BP,WHIL,GO:0032886,regulation of microtubule-based process,13,0.7770743019359264,0.5881977094045235,-0.2720557850408027,0.619003339754066,0.28057194280571945,0.7997537654547503,False
GO_BP,WHIL,GO:0032890,regulation of organic acid transport,10,-1.1826011159935683,-0.5108154572236174,-0.9236242468151461,-0.46538126397418655,0.632936706329367,0.7997700096049865,False
GO_BP,WHIL,GO:0032922,circadian regulation of gene expression,11,0.010443181623045746,0.6574198701828003,0.6884479283101353,-0.6624907176234222,0.7010298970102989,0.8095290914040059,False
GO_BP,WHIL,GO:0032928,regulation of superoxide anion generation,6,0.5144527290869548,-0.06603555676147341,-0.008284903881408828,0.5516129594083959,0.2773722627737226,0.7997537654547503,False
GO_BP,WHIL,GO:0032930,positive regulation of superoxide anion generation,6,0.5144527290869548,-0.06603555676147341,-0.008284903881408828,0.5516129594083959,0.2773722627737226,0.7997537654547503,False
GO_BP,WHIL,GO:0032940,secretion by cell,7,0.23659014198533201,-0.9411297228253785,-0.11988315615921008,0.7670965814776263,0.2308769123087691,0.7997537654547503,False
GO_BP,WHIL,GO:0032944,regulation of mononuclear cell proliferation,7,0.20926482948328062,-0.023858800459293936,-0.17932218479798515,0.31085532211192013,0.36726327367263273,0.7997537654547503,False
GO_BP,WHIL,GO:0032946,positive regulation of mononuclear cell proliferation,5,-0.9107704686178149,-0.252572808778123,-0.9996818233994035,-0.2846431525290516,0.5673432656734326,0.7997537654547503,False
GO_BP,WHIL,GO:0032956,regulation of actin cytoskeleton organization,9,0.6942360179347206,0.5654709931932976,0.09595447256015535,0.3635232850579941,0.30556944305569445,0.7997537654547503,False
GO_BP,WHIL,GO:0032963,collagen metabolic process,10,-1.839045089148665,-1.5335808021922788,-1.6118629900414208,-0.2663231930318153,0.5648435156484352,0.7997537654547503,False
GO_BP,WHIL,GO:0032970,regulation of actin filament-based process,14,-0.005540648779417453,0.30512726983807203,-0.18266060763582115,-0.0667739798805429,0.49325067493250674,0.7997537654547503,False
GO_BP,WHIL,GO:0033013,tetrapyrrole metabolic process,6,2.01972412619434,3.938878281350266,3.9942762994534546,-1.9468531642075204,0.9528047195280472,0.9633022439816938,False
GO_BP,WHIL,GO:0033015,tetrapyrrole catabolic process,5,2.702290550601778,4.996696359209116,4.5698376763425035,-2.0809764671740316,0.9556044395560443,0.9642580373269269,False
GO_BP,WHIL,GO:0033036,macromolecule localization,48,-1.2063915395113367,-0.017752104486402166,-0.3077804187697355,-1.043625277883268,0.8015198480151985,0.8555486526603896,False
GO_BP,WHIL,GO:0033043,regulation of organelle organization,44,-0.9263930546486522,-0.568585321250913,-1.0928898157433016,-0.09565548615154496,0.5249475052494751,0.7997537654547503,False
GO_BP,WHIL,GO:0033044,regulation of chromosome organization,17,-0.16988815616284553,-0.5605589375719274,-0.5712904556879977,0.39603654046711706,0.35156484351564843,0.7997537654547503,False
GO_BP,WHIL,GO:0033121,regulation of purine nucleotide catabolic process,6,-1.0406433312090044,-1.1124427440144111,-0.9962418989186147,0.013698990257508425,0.46405359464053597,0.7997537654547503,False
GO_BP,WHIL,GO:0033143,regulation of intracellular steroid hormone receptor signaling pathway,7,-1.3917471849291556,-0.9311615021125124,-0.997149457631553,-0.42759170505712296,0.6236376362363764,0.7997537654547503,False
GO_BP,WHIL,GO:0033146,regulation of intracellular estrogen receptor signaling pathway,5,-1.067545756115574,-0.6690566962480432,-0.5625221913746935,-0.45175631230420554,0.6483351664833517,0.8020133445239224,False
GO_BP,WHIL,GO:0033157,regulation of intracellular protein transport,10,-0.010728144535909808,0.1676110431035386,-0.6758062930245577,0.24336948042459977,0.38106189381061895,0.7997537654547503,False
GO_BP,WHIL,GO:0033273,response to vitamin,8,-1.0413795672951534,-1.2617036864616342,-0.9491187232659016,0.06403163756861452,0.43665633436656337,0.7997537654547503,False
GO_BP,WHIL,GO:0033365,protein localization to organelle,18,-1.5130047508919844,-1.5743040851913512,-1.9378071400460355,0.2430508617267091,0.40485951404859516,0.7997537654547503,False
GO_BP,WHIL,GO:0033500,carbohydrate homeostasis,16,0.3108478392591014,-0.2784094041862011,0.2674403219309231,0.3163323803867404,0.38166183381661833,0.7997537654547503,False
GO_BP,WHIL,GO:0033554,cellular response to stress,73,0.2799823195418045,1.2025086169728858,0.19690802442272956,-0.4197260011560031,0.629037096290371,0.7997537654547503,False
GO_BP,WHIL,GO:0033555,multicellular organismal response to stress,7,-1.2710891141939469,-0.9611714776843321,-1.067406076986747,-0.2568003368584073,0.5609439056094391,0.7997537654547503,False
GO_BP,WHIL,GO:0033559,unsaturated fatty acid metabolic process,29,0.02085526073102087,-1.0809942998005415,-0.8576551982794459,0.9901800097710145,0.21207879212078792,0.7997537654547503,False
GO_BP,WHIL,GO:0033628,regulation of cell adhesion mediated by integrin,6,-0.11298213689811691,-0.9141954528751405,-0.38434484814123454,0.5362880136100706,0.28877112288771123,0.7997537654547503,False
GO_BP,WHIL,GO:0033674,positive regulation of kinase activity,10,-0.29897453243311517,-0.7705444387255388,-0.9163786239802812,0.5444869989197949,0.29687031296870314,0.7997537654547503,False
GO_BP,WHIL,GO:0033993,response to lipid,81,-0.25366278532240755,0.8668119598565395,0.7793433802876454,-1.0767404553945,0.8098190180981902,0.8593997743082835,False
GO_BP,WHIL,GO:0034097,response to cytokine,39,-1.442228390455362,-1.1197500562047535,-0.7852570529083355,-0.48972483589881755,0.6545345465453455,0.8020133445239224,False
GO_BP,WHIL,GO:0034103,regulation of tissue remodeling,7,-0.9122784712681947,-1.3217799516312643,-1.2487937186910008,0.3730083638929377,0.34406559344065596,0.7997537654547503,False
GO_BP,WHIL,GO:0034110,regulation of homotypic cell-cell adhesion,7,-0.7974458635363064,-0.9351467232498494,-0.7536538973493527,0.04695444676329463,0.44125587441255876,0.7997537654547503,False
GO_BP,WHIL,GO:0034220,monoatomic ion transmembrane transport,34,-1.6375402602211908,1.284400727836369,0.5957055661300847,-2.5775934072044175,0.9896010398960104,0.9912955622245996,False
GO_BP,WHIL,GO:0034284,response to monosaccharide,8,-0.3046516572728492,-0.04594808536995449,-0.26370309991137525,-0.14982606463218434,0.5227477252274773,0.7997537654547503,False
GO_BP,WHIL,GO:0034308,primary alcohol metabolic process,17,0.7853257229508035,-0.15099205930917065,-0.04218613783498158,0.8819148215228796,0.22617738226177383,0.7997537654547503,False
GO_BP,WHIL,GO:0034329,cell junction assembly,9,1.3526363049744743,0.4323471972206709,1.1182674896217613,0.5773289615532582,0.29617038296170384,0.7997537654547503,False
GO_BP,WHIL,GO:0034330,cell junction organization,21,1.064680622250361,-0.12438599678832013,0.705817133423319,0.7739650539328616,0.25547445255474455,0.7997537654547503,False
GO_BP,WHIL,GO:0034405,response to fluid shear stress,6,-0.03402633881465991,-0.3035263154247936,-0.7564024016661886,0.4959380197308312,0.3047695230476952,0.7997537654547503,False
GO_BP,WHIL,GO:0034502,protein localization to chromosome,7,-0.5372810291275678,-0.4623320032172348,-0.2956085650148912,-0.15831074501150483,0.523047695230477,0.7997537654547503,False
GO_BP,WHIL,GO:0034504,protein localization to nucleus,6,-1.6342612055183332,-1.3452962637055061,-1.6054779179804315,-0.1588741146753645,0.5256474352564744,0.7997537654547503,False
GO_BP,WHIL,GO:0034599,cellular response to oxidative stress,21,-0.8176826513549572,-0.6288484720339388,-0.5781900635553172,-0.21416338356032927,0.553044695530447,0.7997537654547503,False
GO_BP,WHIL,GO:0034605,cellular response to heat,7,0.2896637839408459,2.4293670004282246,0.4851267831330243,-1.1675831078397785,0.8357164283571643,0.8749782739846821,False
GO_BP,WHIL,GO:0034612,response to tumor necrosis factor,7,-0.46680617166013133,1.1345272441967709,1.20000562178038,-1.6340726046487066,0.9338066193380662,0.9477803032969313,False
GO_BP,WHIL,GO:0034614,cellular response to reactive oxygen species,13,-0.5350707535567557,-0.17886714332282752,-0.5056170750125591,-0.1928286443890624,0.53994600539946,0.7997537654547503,False
GO_BP,WHIL,GO:0034644,cellular response to UV,10,-0.9791554985616802,-0.7211921094186398,-0.8610654740680694,-0.18802670681832556,0.5368463153684632,0.7997537654547503,False
GO_BP,WHIL,GO:0034654,nucleobase-containing compound biosynthetic process,28,-0.47317225556074943,0.9120780441135988,0.5459748791443547,-1.2021987171897262,0.8346165383461653,0.8748052406405495,False
GO_BP,WHIL,GO:0034655,nucleobase-containing compound catabolic process,12,-0.35597187972118455,-0.5205072721821935,-0.24499151993446538,0.026777516337144924,0.45525447455254475,0.7997537654547503,False
GO_BP,WHIL,GO:0034762,regulation of transmembrane transport,24,-0.4625185405831148,-0.8504851911328478,-0.0339490590331935,-0.020301415500094178,0.49205079492050796,0.7997537654547503,False
GO_BP,WHIL,GO:0034763,negative regulation of transmembrane transport,5,-1.1655569081128816,-0.7674702772045552,-0.8926970523738198,-0.3354732433236941,0.5904409559044096,0.7997537654547503,False
GO_BP,WHIL,GO:0034764,positive regulation of transmembrane transport,12,0.021064108185365058,0.061372005456034336,0.6788312476633376,-0.3490375183743209,0.5957404259574043,0.7997537654547503,False
GO_BP,WHIL,GO:0034765,regulation of monoatomic ion transmembrane transport,16,-0.9110709429015992,0.06578414532986208,0.4222771517913451,-1.1551015914622027,0.8346165383461653,0.8748052406405495,False
GO_BP,WHIL,GO:0034767,positive regulation of monoatomic ion transmembrane transport,6,-0.4786197864204178,1.5764751913444839,1.6410845600150847,-2.0873996621002022,0.9692030796920308,0.9729451765248185,False
GO_BP,WHIL,GO:0034976,response to endoplasmic reticulum stress,9,0.6851434670095922,2.382671077285535,1.0244094184951114,-1.018396780880731,0.8285171482851715,0.8715352335299175,False
GO_BP,WHIL,GO:0035094,response to nicotine,13,-0.5441000169190052,-0.560712140874858,-0.5951722883736008,0.03384219770522423,0.4617538246175382,0.7997537654547503,False
GO_BP,WHIL,GO:0035150,regulation of tube size,34,-1.048005647268912,-0.987704469474296,-1.1100775127398075,0.0008853438381395407,0.48725127487251274,0.7997537654547503,False
GO_BP,WHIL,GO:0035235,ionotropic glutamate receptor signaling pathway,8,-1.2271954131793268,-0.9874823870298123,-0.42805848114909417,-0.5194249790898735,0.6516348365163483,0.8020133445239224,False
GO_BP,WHIL,GO:0035239,tube morphogenesis,17,-1.4621884993350351,-0.7128150694109286,-1.0833927700622732,-0.5640845795984342,0.6673332666733327,0.8033058431305515,False
GO_BP,WHIL,GO:0035249,"synaptic transmission, glutamatergic",7,-1.1460560469196523,-0.5820941114918609,-0.4051809717839846,-0.6524185052817296,0.7063293670632936,0.8113945601021635,False
GO_BP,WHIL,GO:0035270,endocrine system development,6,-1.0194263428752781,-0.737559918595218,-0.6386605547549402,-0.331316106200199,0.5977402259774023,0.7997537654547503,False
GO_BP,WHIL,GO:0035295,tube development,23,-1.2529979858188416,-1.32329063001353,-1.340274573789314,0.07878461608258047,0.45965403459654036,0.7997537654547503,False
GO_BP,WHIL,GO:0035296,regulation of tube diameter,34,-1.048005647268912,-0.987704469474296,-1.1100775127398075,0.0008853438381395407,0.48725127487251274,0.7997537654547503,False
GO_BP,WHIL,GO:0035335,peptidyl-tyrosine dephosphorylation,7,5.63341773361256,1.5008206141398013,4.593426600444963,2.5862941263201775,0.024297570242975703,0.7997537654547503,False
GO_BP,WHIL,GO:0035556,intracellular signal transduction,84,-1.040747963376596,0.5456872634663216,-0.14065498754539188,-1.243264101337061,0.8445155484451555,0.881233615768858,False
GO_BP,WHIL,GO:0035590,purinergic nucleotide receptor signaling pathway,5,-0.5759855359015484,-0.8829263368573441,-1.6706975105390387,0.700826387796643,0.2648735126487351,0.7997537654547503,False
GO_BP,WHIL,GO:0035725,sodium ion transmembrane transport,7,-0.36976595332089446,0.12556719226246701,-0.16039747746688798,-0.35235081071868396,0.6165383461653835,0.7997537654547503,False
GO_BP,WHIL,GO:0035924,cellular response to vascular endothelial growth factor stimulus,9,-0.7936630351723688,-1.014508167199185,-1.0341289643091436,0.23065553058179544,0.38846115388461155,0.7997537654547503,False
GO_BP,WHIL,GO:0035966,response to topologically incorrect protein,8,0.8927410282489561,0.8798000822368093,0.07941526236962229,0.4131333559457403,0.3321667833216678,0.7997537654547503,False
GO_BP,WHIL,GO:0035967,cellular response to topologically incorrect protein,5,1.9655722348730877,0.8631106636338708,0.8397680154368957,1.1141328953377045,0.1593840615938406,0.7997537654547503,False
GO_BP,WHIL,GO:0036119,response to platelet-derived growth factor,5,2.4650929124641685,0.3668906298833023,0.4239595819227316,2.0696678065611516,0.05549445055494451,0.7997537654547503,False
GO_BP,WHIL,GO:0036120,cellular response to platelet-derived growth factor stimulus,5,2.4650929124641685,0.3668906298833023,0.4239595819227316,2.0696678065611516,0.05549445055494451,0.7997537654547503,False
GO_BP,WHIL,GO:0036211,protein modification process,72,2.3600838614984956,0.07610006108768516,0.8330194098289467,1.9055241260401796,0.06179382061793821,0.7997537654547503,False
GO_BP,WHIL,GO:0036293,response to decreased oxygen levels,28,-0.15657982558770503,-1.057500864573443,-0.9082685238060151,0.826304868602024,0.24337566243375663,0.7997537654547503,False
GO_BP,WHIL,GO:0036294,cellular response to decreased oxygen levels,11,1.4928524319764063,-0.08288195835557825,0.31965957114892707,1.3744636255797318,0.1337866213378662,0.7997537654547503,False
GO_BP,WHIL,GO:0038084,vascular endothelial growth factor signaling pathway,6,-0.5215528260337382,-1.1213045719443147,-0.8687036401339563,0.47345128000539727,0.30256974302569745,0.7997537654547503,False
GO_BP,WHIL,GO:0038093,Fc receptor signaling pathway,12,-0.4131377840341877,-1.0673899766447688,-0.8640354972372036,0.5525749529067985,0.2957704229577042,0.7997537654547503,False
GO_BP,WHIL,GO:0038094,Fc-gamma receptor signaling pathway,8,0.21548922967041834,-1.0473323055742403,-0.42022166786382437,0.9492662163894507,0.197980201979802,0.7997537654547503,False
GO_BP,WHIL,GO:0038096,Fc-gamma receptor signaling pathway involved in phagocytosis,8,0.21548922967041834,-1.0473323055742403,-0.42022166786382437,0.9492662163894507,0.197980201979802,0.7997537654547503,False
GO_BP,WHIL,GO:0038127,ERBB signaling pathway,17,0.03357044856009903,-1.2785178918670101,-1.4681937891204597,1.4069262890538339,0.1264873512648735,0.7997537654547503,False
GO_BP,WHIL,GO:0038128,ERBB2 signaling pathway,5,-0.08818628104573623,-0.9120913916740921,-1.1791279608705105,0.957423395226565,0.20207979202079793,0.7997537654547503,False
GO_BP,WHIL,GO:0039531,regulation of cytoplasmic pattern recognition receptor signaling pathway,13,-1.0760090896894954,-1.7452205741666924,-1.4436998793736548,0.5184511370806781,0.3154684531546845,0.7997537654547503,False
GO_BP,WHIL,GO:0039532,negative regulation of cytoplasmic pattern recognition receptor signaling pathway,5,-0.51905751877344,-0.7365161027975053,-0.47787279602132465,0.08813693063597505,0.4330566943305669,0.7997537654547503,False
GO_BP,WHIL,GO:0040008,regulation of growth,23,-0.7540470441533131,-0.701740999833096,-0.9939299914545059,0.09378845149048787,0.46465353464653536,0.7997537654547503,False
GO_BP,WHIL,GO:0040011,locomotion,25,-1.539888503158174,-0.6701241137367323,-0.988194633266599,-0.7107291296565084,0.7162283771622838,0.8163538249195053,False
GO_BP,WHIL,GO:0040012,regulation of locomotion,65,-2.1686744548328982,-1.7197316523289488,-2.177741049859512,-0.21993810373866785,0.5695430456954305,0.7997537654547503,False
GO_BP,WHIL,GO:0040013,negative regulation of locomotion,16,-0.05678154252036482,-0.25048920690627335,-0.6038542420168298,0.3703901819411868,0.35496450354964504,0.7997537654547503,False
GO_BP,WHIL,GO:0040017,positive regulation of locomotion,43,-2.1781329415558197,-1.6693368303149632,-2.3095910037925127,-0.18866902450208167,0.5526447355264473,0.7997537654547503,False
GO_BP,WHIL,GO:0040029,epigenetic regulation of gene expression,14,0.8777404511869304,0.34971723842321967,1.5648844144703347,-0.07956037525984672,0.5028497150284972,0.7997537654547503,False
GO_BP,WHIL,GO:0042058,regulation of epidermal growth factor receptor signaling pathway,5,1.070825641562947,-0.7643524122994088,-0.3435012685067901,1.6247524819660464,0.0964903509649035,0.7997537654547503,False
GO_BP,WHIL,GO:0042060,wound healing,22,-1.2575089721966752,-0.9849575508136108,-1.3577432788394297,-0.0861585573701551,0.5116488351164884,0.7997537654547503,False
GO_BP,WHIL,GO:0042063,gliogenesis,13,0.2050320118499844,-0.045267693916671944,-0.40216305066667835,0.4287473841416596,0.34326567343265674,0.7997537654547503,False
GO_BP,WHIL,GO:0042110,T cell activation,11,0.5577004721152435,-0.013728536621680852,0.21966829057695358,0.45473059513760716,0.3320667933206679,0.7997537654547503,False
GO_BP,WHIL,GO:0042113,B cell activation,5,0.618806041034618,-0.5050072478160054,0.14412052230700578,0.7992494037891178,0.2243775622437756,0.7997537654547503,False
GO_BP,WHIL,GO:0042127,regulation of cell population proliferation,88,-1.302221761904587,-1.763413769659624,-1.683407024897973,0.42118863537421136,0.36206379362063795,0.7997537654547503,False
GO_BP,WHIL,GO:0042167,heme catabolic process,5,2.702290550601778,4.996696359209116,4.5698376763425035,-2.0809764671740316,0.9556044395560443,0.9642580373269269,False
GO_BP,WHIL,GO:0042168,heme metabolic process,5,2.702290550601778,4.996696359209116,4.5698376763425035,-2.0809764671740316,0.9556044395560443,0.9642580373269269,False
GO_BP,WHIL,GO:0042176,regulation of protein catabolic process,23,-0.24103721706757877,-0.3607231535080842,-0.86865565348084,0.37365218642688336,0.36026397360263973,0.7997537654547503,False
GO_BP,WHIL,GO:0042177,negative regulation of protein catabolic process,9,0.37723801753422054,-0.44296402185360906,-0.16933628077273757,0.6833881688473938,0.2636736326367363,0.7997537654547503,False
GO_BP,WHIL,GO:0042178,xenobiotic catabolic process,13,0.4676739197709238,-0.26656272208362614,-0.11707949608486516,0.6594950288551695,0.2840715928407159,0.7997537654547503,False
GO_BP,WHIL,GO:0042180,ketone metabolic process,13,0.9439086914359635,-0.9340394754378245,-0.11167532193449493,1.4667660901221233,0.1161883811618838,0.7997537654547503,False
GO_BP,WHIL,GO:0042220,response to cocaine,13,-1.4361344313065956,-0.8267486742441194,-0.852893922580748,-0.5963131328941619,0.6912308769123088,0.8056345759846327,False
GO_BP,WHIL,GO:0042306,regulation of protein import into nucleus,7,-1.1836038148364638,-0.821190437233674,-1.3762976940567258,-0.08485974919126393,0.503949605039496,0.7997537654547503,False
GO_BP,WHIL,GO:0042307,positive regulation of protein import into nucleus,7,-1.1836038148364638,-0.821190437233674,-1.3762976940567258,-0.08485974919126393,0.503949605039496,0.7997537654547503,False
GO_BP,WHIL,GO:0042310,vasoconstriction,9,-0.8998477798860823,-0.7702669196080231,-0.9457108541005601,-0.0418588930317908,0.47165283471652836,0.7997537654547503,False
GO_BP,WHIL,GO:0042311,vasodilation,11,-0.07333548181863171,-0.12178838684997122,0.1566311262760012,-0.0907568515316467,0.5075492450754925,0.7997537654547503,False
GO_BP,WHIL,GO:0042325,regulation of phosphorylation,25,0.5044344224278541,-0.9767455853987255,-1.2277607859670367,1.6066876081107353,0.09929007099290071,0.7997537654547503,False
GO_BP,WHIL,GO:0042326,negative regulation of phosphorylation,5,2.8185177088394027,0.5242864712227652,1.4875583735511644,1.812595286452438,0.0842915708429157,0.7997537654547503,False
GO_BP,WHIL,GO:0042327,positive regulation of phosphorylation,20,-0.73465553455071,-1.274672575244016,-1.941609013789054,0.8734852599658249,0.23257674232576742,0.7997537654547503,False
GO_BP,WHIL,GO:0042330,taxis,24,-1.4736053710387331,-0.5954330380117367,-0.9455060460725615,-0.703135828996584,0.7108289171082892,0.8133690298451818,False
GO_BP,WHIL,GO:0042391,regulation of membrane potential,44,-1.437316551054732,1.2216830840390873,-0.08425091902503888,-2.006032633561756,0.9515048495150485,0.9624038676746114,False
GO_BP,WHIL,GO:0042417,dopamine metabolic process,8,-0.9565841343057965,0.5262975000707165,-0.46212255011648457,-0.9886716092829124,0.7862213778622138,0.8485968746298802,False
GO_BP,WHIL,GO:0042440,pigment metabolic process,6,2.163291709723829,3.557616996244494,3.1868719409355086,-1.2089527588661722,0.8652134786521348,0.8958405044451307,False
GO_BP,WHIL,GO:0042445,hormone metabolic process,27,1.386759715860883,0.9419196619110891,1.2766556021926287,0.2774720838090241,0.401959804019598,0.7997537654547503,False
GO_BP,WHIL,GO:0042446,hormone biosynthetic process,7,0.34592078354403144,-0.21297356806762294,-0.03765772192787053,0.47123642854177816,0.29177082291770823,0.7997537654547503,False
GO_BP,WHIL,GO:0042542,response to hydrogen peroxide,10,-0.7940883750261776,-0.8181826469536589,-0.5406121840292483,-0.11469095953472397,0.5061493850614939,0.7997537654547503,False
GO_BP,WHIL,GO:0042572,retinol metabolic process,12,0.9245863904244794,0.03769460513162769,0.07082703168971274,0.8703255720138092,0.23027697230276972,0.7997537654547503,False
GO_BP,WHIL,GO:0042573,retinoic acid metabolic process,6,2.343055646354856,3.7098298024688017,3.8735244210596003,-1.448621465409345,0.9074092590740926,0.9274241826745476,False
GO_BP,WHIL,GO:0042592,homeostatic process,74,0.5851481633431606,-0.6424581479567592,0.17490347577008009,0.8189254994365001,0.24517548245175483,0.7997537654547503,False
GO_BP,WHIL,GO:0042593,glucose homeostasis,16,0.3108478392591014,-0.2784094041862011,0.2674403219309231,0.3163323803867404,0.38166183381661833,0.7997537654547503,False
GO_BP,WHIL,GO:0042594,response to starvation,5,2.145916970738646,1.1985974504647887,1.0753385536567415,1.008948968677881,0.19468053194680532,0.7997537654547503,False
GO_BP,WHIL,GO:0042632,cholesterol homeostasis,7,0.5619792001273488,-0.13195300082635986,0.355777949397145,0.45006672584195623,0.32126787321267875,0.7997537654547503,False
GO_BP,WHIL,GO:0042742,defense response to bacterium,14,0.7963951980006627,-0.41856787877438334,0.28887092934687086,0.8612436727144189,0.23327667233276672,0.7997537654547503,False
GO_BP,WHIL,GO:0042749,regulation of circadian sleep/wake cycle,6,-0.4239643596934297,-0.2911160960076002,-0.6337687172013339,0.03847804691103729,0.43895610438956106,0.7997537654547503,False
GO_BP,WHIL,GO:0042752,regulation of circadian rhythm,17,-0.7023975158966136,0.44261837378688884,-0.3751316351907243,-0.7361408851946959,0.7188281171882812,0.8186619917429323,False
GO_BP,WHIL,GO:0042759,long-chain fatty acid biosynthetic process,12,0.11717383333268747,0.36248804324773287,-0.07930419666512428,-0.02441808995861683,0.48785121487851213,0.7997537654547503,False
GO_BP,WHIL,GO:0042789,mRNA transcription by RNA polymerase II,5,-0.16357529236120216,2.2013439751601758,1.2921430893356451,-1.9103188246091127,0.9593040695930407,0.9661164290284981,False
GO_BP,WHIL,GO:0042908,xenobiotic transport,10,0.3406699095264231,-1.2921919361050769,0.23811358065549773,0.8677090872512128,0.23447655234476553,0.7997537654547503,False
GO_BP,WHIL,GO:0042981,regulation of apoptotic process,94,-1.7196600722113207,-2.380791148958623,-1.9683982195053948,0.4549346120206881,0.3561643835616438,0.7997537654547503,False
GO_BP,WHIL,GO:0043010,camera-type eye development,11,-1.457990221213297,-1.0070787182845715,-0.9236136771411332,-0.49264402350044456,0.6662333766623337,0.8033058431305515,False
GO_BP,WHIL,GO:0043062,extracellular structure organization,11,-1.6719378714928996,-1.6604020788842317,-1.5702384029052825,-0.05661763059814251,0.49135086491350866,0.7997537654547503,False
GO_BP,WHIL,GO:0043065,positive regulation of apoptotic process,26,-0.31291801138525327,-0.7554681373213457,-0.42908319927316796,0.2793576569120035,0.3975602439756024,0.7997537654547503,False
GO_BP,WHIL,GO:0043066,negative regulation of apoptotic process,70,-1.9867636124793608,-1.8993889148521956,-2.137221711136059,0.03154170051476646,0.48465153484651535,0.7997537654547503,False
GO_BP,WHIL,GO:0043067,regulation of programmed cell death,99,-1.8608604520982257,-2.50987190926735,-2.2336681057121157,0.5109095553915073,0.3414658534146585,0.7997537654547503,False
GO_BP,WHIL,GO:0043068,positive regulation of programmed cell death,29,-0.35691216635463496,-0.8286859750007851,-0.4604706610531874,0.2876661516723513,0.40015998400159986,0.7997537654547503,False
GO_BP,WHIL,GO:0043069,negative regulation of programmed cell death,74,-2.1570894306632704,-1.9993165989593111,-2.3841516690616222,0.03464470334719616,0.48425157484251574,0.7997537654547503,False
GO_BP,WHIL,GO:0043085,positive regulation of catalytic activity,22,-1.1107670925648288,-1.0508449976613612,-1.7799961738532044,0.30465349319245405,0.3788621137886211,0.7997537654547503,False
GO_BP,WHIL,GO:0043086,negative regulation of catalytic activity,6,0.19214045165788923,0.077817973583151,-0.3143166857380655,0.31038980773534647,0.3531646835316468,0.7997537654547503,False
GO_BP,WHIL,GO:0043114,regulation of vascular permeability,5,-0.3593582572762524,-1.0802419121203892,-1.2522416415568893,0.8068835195623869,0.20707929207079293,0.7997537654547503,False
GO_BP,WHIL,GO:0043122,regulation of canonical NF-kappaB signal transduction,16,0.09406951879100409,0.8925387928197073,0.7580366059770903,-0.7312181806073947,0.7151284871512849,0.8157254449993597,False
GO_BP,WHIL,GO:0043123,positive regulation of canonical NF-kappaB signal transduction,11,-0.8215311863283252,1.7485405219850667,0.7547866734050509,-2.073194784023384,0.9616038396160383,0.9680159108201892,False
GO_BP,WHIL,GO:0043124,negative regulation of canonical NF-kappaB signal transduction,5,0.5983642784034984,-0.27746497513563334,0.06449968373601021,0.70484692410331,0.25447455254474555,0.7997537654547503,False
GO_BP,WHIL,GO:0043161,proteasome-mediated ubiquitin-dependent protein catabolic process,5,0.047619893082024405,2.8192070911232805,1.0199302886014145,-1.8719487967803232,0.9586041395860414,0.9661164290284981,False
GO_BP,WHIL,GO:0043170,macromolecule metabolic process,134,0.7885443399139163,-0.7465089582471743,-0.6046708572378531,1.46413424765643,0.11888811118888111,0.7997537654547503,False
GO_BP,WHIL,GO:0043200,response to amino acid,10,-0.5065328076210365,-0.9156921496936223,-0.962245598444004,0.43243606644777666,0.32066793320667936,0.7997537654547503,False
GO_BP,WHIL,GO:0043207,response to external biotic stimulus,53,-0.6858788077330084,0.06472671890781022,-0.2452625170777531,-0.5956109086480369,0.6816318368163183,0.8040587070325225,False
GO_BP,WHIL,GO:0043244,regulation of protein-containing complex disassembly,6,-0.8918784136513683,-1.0364473734275566,-0.9248879082966162,0.08878922721071802,0.4430556944305569,0.7997537654547503,False
GO_BP,WHIL,GO:0043254,regulation of protein-containing complex assembly,23,0.4033816547573389,0.05589965119124167,-0.34355544372393126,0.5472095510236836,0.31196880311968805,0.7997537654547503,False
GO_BP,WHIL,GO:0043255,regulation of carbohydrate biosynthetic process,6,-0.12068552409872513,-0.17800889131980527,-0.459002519412344,0.19782018126734952,0.40215978402159785,0.7997537654547503,False
GO_BP,WHIL,GO:0043266,regulation of potassium ion transport,9,-0.8107413156241317,1.0151617586163846,1.011622911262355,-1.8241336505635013,0.9485051494850515,0.9604076372977155,False
GO_BP,WHIL,GO:0043268,positive regulation of potassium ion transport,5,-0.5975434963409046,1.6110241191708812,1.4339761910692406,-2.1200436514609655,0.9734026597340266,0.9763232849454018,False
GO_BP,WHIL,GO:0043269,regulation of monoatomic ion transport,32,-1.1733346836263083,-0.8940176640621956,-0.7049384102535117,-0.37385664646845473,0.6093390660933906,0.7997537654547503,False
GO_BP,WHIL,GO:0043270,positive regulation of monoatomic ion transport,13,-0.8889500806114145,0.7875436419308197,0.46160202849049664,-1.5135229158220727,0.903009699030097,0.9243406368024616,False
GO_BP,WHIL,GO:0043271,negative regulation of monoatomic ion transport,8,-0.9135999701550748,-0.7729765016958049,-0.37558960815681647,-0.33931691522876406,0.5975402459754025,0.7997537654547503,False
GO_BP,WHIL,GO:0043278,response to morphine,7,-1.277741547920764,-0.6726040829121857,-1.2249341344474571,-0.32897243924094277,0.5856414358564144,0.7997537654547503,False
GO_BP,WHIL,GO:0043279,response to alkaloid,20,-1.4348476800545586,-0.3135196602347534,-1.5079387375986668,-0.5241184811378485,0.6616338366163383,0.8033058431305515,False
GO_BP,WHIL,GO:0043401,steroid hormone receptor signaling pathway,15,-0.8750847462813394,0.8511502126305588,0.4553139460438798,-1.5283168256185586,0.9058094190580942,0.92639599676396,False
GO_BP,WHIL,GO:0043405,regulation of MAP kinase activity,6,0.6097391313751936,-0.2559597328206648,-0.4548086063159427,0.9651233009434974,0.19538046195380462,0.7997537654547503,False
GO_BP,WHIL,GO:0043406,positive regulation of MAP kinase activity,5,-0.6386324706771567,-1.1070121815304512,-1.2172395892049221,0.5234934146905301,0.28417158284171584,0.7997537654547503,False
GO_BP,WHIL,GO:0043408,regulation of MAPK cascade,61,0.5168412020916664,-1.2183800981120556,-0.9758765787872519,1.6139695405413201,0.0932906709329067,0.7997537654547503,False
GO_BP,WHIL,GO:0043409,negative regulation of MAPK cascade,11,1.908814096432118,0.2156644475801084,0.5812901846369448,1.5103367803235914,0.11048895110488952,0.7997537654547503,False
GO_BP,WHIL,GO:0043410,positive regulation of MAPK cascade,48,-0.442542224478745,-0.9649564528731318,-1.2618088017822715,0.6708404028489566,0.28687131286871315,0.7997537654547503,False
GO_BP,WHIL,GO:0043412,macromolecule modification,74,2.173525920434999,-0.12197767336377291,0.5941613744002432,1.9374340699167638,0.05909409059094091,0.7997537654547503,False
GO_BP,WHIL,GO:0043434,response to peptide hormone,37,0.23123225691970314,-0.433222449329418,-0.1891187982914782,0.5424028807301513,0.32116788321167883,0.7997537654547503,False
GO_BP,WHIL,GO:0043436,oxoacid metabolic process,52,1.2937228123201288,0.9082585245914673,1.2809828441637139,0.19910212794253823,0.42975702429757023,0.7997537654547503,False
GO_BP,WHIL,GO:0043467,regulation of generation of precursor metabolites and energy,11,-0.5930539622116989,-0.5732611612414014,-0.7673459140422841,0.07724957543014377,0.4500549945005499,0.7997537654547503,False
GO_BP,WHIL,GO:0043470,regulation of carbohydrate catabolic process,6,-1.0406433312090044,-1.1124427440144111,-0.9962418989186147,0.013698990257508425,0.46405359464053597,0.7997537654547503,False
GO_BP,WHIL,GO:0043473,pigmentation,5,-0.45579936710067454,-0.272522287930341,-0.34421655540736157,-0.14742994543182325,0.5081491850814919,0.7997537654547503,False
GO_BP,WHIL,GO:0043484,regulation of RNA splicing,5,0.47415028952399574,-0.8358347590814553,-0.8091938631468977,1.2966646006381723,0.12838716128387162,0.7997537654547503,False
GO_BP,WHIL,GO:0043487,regulation of RNA stability,6,-0.7928318239305236,-0.35145925660447186,-0.7183105645092821,-0.2579469133736467,0.5544445555444456,0.7997537654547503,False
GO_BP,WHIL,GO:0043488,regulation of mRNA stability,6,-0.7928318239305236,-0.35145925660447186,-0.7183105645092821,-0.2579469133736467,0.5544445555444456,0.7997537654547503,False
GO_BP,WHIL,GO:0043491,phosphatidylinositol 3-kinase/protein kinase B signal transduction,10,-1.0178991502364225,-0.8288213134533345,-1.675708888213736,0.23436595059711274,0.40045995400459955,0.7997537654547503,False
GO_BP,WHIL,GO:0043502,regulation of muscle adaptation,8,-0.5890931874279423,0.07741223504148083,-0.1400972981241603,-0.5577506558866026,0.6643335666433356,0.8033058431305515,False
GO_BP,WHIL,GO:0043523,regulation of neuron apoptotic process,23,-0.8528517993133828,-0.8253171366703017,-0.761677185579049,-0.059354638188707565,0.5082491750824918,0.7997537654547503,False
GO_BP,WHIL,GO:0043524,negative regulation of neuron apoptotic process,13,-1.343208826679969,-1.018539296785422,-1.2070158871731016,-0.23043123470070714,0.5491450854914508,0.7997537654547503,False
GO_BP,WHIL,GO:0043525,positive regulation of neuron apoptotic process,7,-0.9243665231017941,-0.4979480369313562,-0.5161211884633993,-0.4173319104044164,0.627037296270373,0.7997537654547503,False
GO_BP,WHIL,GO:0043535,regulation of blood vessel endothelial cell migration,8,-1.299796682114766,-1.2574915871092789,-1.2847475350279272,-0.028677121046162934,0.48285171482851713,0.7997537654547503,False
GO_BP,WHIL,GO:0043536,positive regulation of blood vessel endothelial cell migration,7,-1.1877337947710556,-1.3443252790738212,-1.3311564030738572,0.1500070463027836,0.41725827417258277,0.7997537654547503,False
GO_BP,WHIL,GO:0043542,endothelial cell migration,5,-0.9462487066952434,-0.8281086437153374,-0.8602472228460734,-0.10207077341453807,0.5010498950104989,0.7997537654547503,False
GO_BP,WHIL,GO:0043549,regulation of kinase activity,12,0.5690063721359561,-0.4002545495758296,-0.40379099832187526,0.9710291460848085,0.20407959204079593,0.7997537654547503,False
GO_BP,WHIL,GO:0043588,skin development,7,-1.0226388086544573,-1.3550670190115648,-1.3301185717522388,0.3199539867274446,0.36646335366463356,0.7997537654547503,False
GO_BP,WHIL,GO:0043627,response to estrogen,7,-0.4930642420511273,0.431411165690205,0.3401588608349402,-0.8788492553137,0.7717228277172283,0.8414871467186925,False
GO_BP,WHIL,GO:0043632,modification-dependent macromolecule catabolic process,5,0.047619893082024405,2.8192070911232805,1.0199302886014145,-1.8719487967803232,0.9586041395860414,0.9661164290284981,False
GO_BP,WHIL,GO:0043687,post-translational protein modification,18,-0.494922632112487,1.8412798438485618,1.0113045621781678,-1.921214835125852,0.9496050394960504,0.9612011771795794,False
GO_BP,WHIL,GO:0043933,protein-containing complex organization,26,-0.4640152030525499,1.2339565682083449,0.0002924276730638562,-1.0811397009932542,0.8087191280871913,0.8593476935492291,False
GO_BP,WHIL,GO:0044057,regulation of system process,60,-1.2777587003066142,-1.12703308264015,-1.3055342285275817,-0.06147504472274834,0.5124487551244875,0.7997537654547503,False
GO_BP,WHIL,GO:0044085,cellular component biogenesis,48,0.3757807198345414,1.6164521553592692,1.596539731402022,-1.2307152235461043,0.8486151384861513,0.8839347536423744,False
GO_BP,WHIL,GO:0044087,regulation of cellular component biogenesis,45,0.550388938184678,-0.23891411525691872,-0.5280990038553081,0.9338954977407914,0.21727827217278273,0.7997537654547503,False
GO_BP,WHIL,GO:0044089,positive regulation of cellular component biogenesis,23,-0.25745327248212885,0.004110240823577759,-0.6739717819185536,0.07747749806535903,0.45555444455554445,0.7997537654547503,False
GO_BP,WHIL,GO:0044092,negative regulation of molecular function,9,0.9358927485800065,-0.17762896417251914,-0.01813451521527093,1.0337744882739015,0.18168183181681832,0.7997537654547503,False
GO_BP,WHIL,GO:0044093,positive regulation of molecular function,26,-1.349347132153218,-0.8266145262238943,-1.8965634506840177,0.012241856300738041,0.47935206479352066,0.7997537654547503,False
GO_BP,WHIL,GO:0044281,small molecule metabolic process,80,1.372271355753305,0.7410252227762649,1.227044969112957,0.38823625980869414,0.36996300369963003,0.7997537654547503,False
GO_BP,WHIL,GO:0044282,small molecule catabolic process,14,0.38354020247359316,0.15949183252850252,-0.005700672232595187,0.3066446223256395,0.3825617438256174,0.7997537654547503,False
GO_BP,WHIL,GO:0044283,small molecule biosynthetic process,35,-0.27252099819263403,-0.012148199153647827,-0.43322284501349173,-0.04983547610906425,0.5083491650834917,0.7997537654547503,False
GO_BP,WHIL,GO:0044403,biological process involved in symbiotic interaction,8,-1.8546374270648558,-1.0511380256873666,-1.3441490840555443,-0.6569938721934003,0.7115288471152885,0.8137719952344942,False
GO_BP,WHIL,GO:0044409,symbiont entry into host,6,-1.2895956489886053,-0.8154569671703383,-0.9321509725317503,-0.4157916791375611,0.6247375262473752,0.7997537654547503,False
GO_BP,WHIL,GO:0044419,biological process involved in interspecies interaction between organisms,64,-1.7844509739072165,-0.6065980204134176,-1.0294752276645895,-0.966414349868213,0.7864213578642136,0.8486170059498548,False
GO_BP,WHIL,GO:0044597,daunorubicin metabolic process,5,1.1348678565049282,-0.6636776875503992,-0.05094058655233199,1.4921769935562939,0.11598840115988401,0.7997537654547503,False
GO_BP,WHIL,GO:0044598,doxorubicin metabolic process,5,1.1348678565049282,-0.6636776875503992,-0.05094058655233199,1.4921769935562939,0.11598840115988401,0.7997537654547503,False
GO_BP,WHIL,GO:0044703,multi-organism reproductive process,14,-1.294491988128472,-1.350640985953268,-1.4610357241433833,0.11134636691985356,0.44365563443655637,0.7997537654547503,False
GO_BP,WHIL,GO:0044706,multi-multicellular organism process,14,-1.294491988128472,-1.350640985953268,-1.4610357241433833,0.11134636691985356,0.44365563443655637,0.7997537654547503,False
GO_BP,WHIL,GO:0044770,cell cycle phase transition,8,0.1767516470638554,-0.9124333049437319,-0.5208363037049256,0.8933864513881841,0.20487951204879512,0.7997537654547503,False
GO_BP,WHIL,GO:0044772,mitotic cell cycle phase transition,7,0.2526631819672964,-0.8346856013901561,-0.44172385592944924,0.8908679106270991,0.20287971202879712,0.7997537654547503,False
GO_BP,WHIL,GO:0044839,cell cycle G2/M phase transition,7,0.18850199270566884,-0.8853899193974761,-0.495631273344247,0.8790125890765303,0.20737926207379262,0.7997537654547503,False
GO_BP,WHIL,GO:0045087,innate immune response,18,-0.013000817391006367,-0.024455919302613982,0.33311527274449687,-0.1673304941119478,0.5318468153184681,0.7997537654547503,False
GO_BP,WHIL,GO:0045088,regulation of innate immune response,32,1.2326031656718983,-1.1747237913447803,0.21916531113462898,1.7103824057769739,0.0867913208679132,0.7997537654547503,False
GO_BP,WHIL,GO:0045089,positive regulation of innate immune response,17,-0.6998439317261934,-1.3136332272011086,-0.877702280829618,0.3958238222891698,0.35106489351064896,0.7997537654547503,False
GO_BP,WHIL,GO:0045137,development of primary sexual characteristics,8,-0.15961823968005642,0.01209248298006285,0.09115659554892608,-0.2112427789445509,0.5541445855414459,0.7997537654547503,False
GO_BP,WHIL,GO:0045165,cell fate commitment,5,-1.5303524653297533,-0.26177665576690085,-0.6219607651474962,-1.0884837548725548,0.8212178782121787,0.8663885640290794,False
GO_BP,WHIL,GO:0045184,establishment of protein localization,15,-1.441847021979332,-1.4676956695017804,-1.4243499082747726,0.0041757669089446114,0.48025197480251974,0.7997537654547503,False
GO_BP,WHIL,GO:0045187,"regulation of circadian sleep/wake cycle, sleep",6,-0.4239643596934297,-0.2911160960076002,-0.6337687172013339,0.03847804691103729,0.43895610438956106,0.7997537654547503,False
GO_BP,WHIL,GO:0045229,external encapsulating structure organization,11,-1.6719378714928996,-1.6604020788842317,-1.5702384029052825,-0.05661763059814251,0.49135086491350866,0.7997537654547503,False
GO_BP,WHIL,GO:0045321,leukocyte activation,23,0.04652314724832938,0.34507910036160616,0.3568230698375257,-0.30442793785123656,0.5895410458954105,0.7997537654547503,False
GO_BP,WHIL,GO:0045428,regulation of nitric oxide biosynthetic process,13,-0.8996494357832318,-1.2023337986257383,-1.3030410365484162,0.3530379818038455,0.3618638136186381,0.7997537654547503,False
GO_BP,WHIL,GO:0045429,positive regulation of nitric oxide biosynthetic process,11,-0.9024028995182203,-1.077661287945985,-1.2249565212820341,0.24890600509578942,0.38786121387861217,0.7997537654547503,False
GO_BP,WHIL,GO:0045471,response to ethanol,20,-0.7779358230146936,0.07483744300982037,-0.9810290892457508,-0.3248399998967283,0.5813418658134186,0.7997537654547503,False
GO_BP,WHIL,GO:0045595,regulation of cell differentiation,64,-1.4402580456008844,-0.47333014670568463,-1.16387131645348,-0.6216573140213022,0.6885311468853115,0.8055371886185417,False
GO_BP,WHIL,GO:0045596,negative regulation of cell differentiation,21,0.42565695895,-0.19026321882956398,-0.013318099123276092,0.52744761792642,0.31296870312968705,0.7997537654547503,False
GO_BP,WHIL,GO:0045597,positive regulation of cell differentiation,45,-2.100011393273118,-0.3938999636089697,-1.5982269725596598,-1.1039479251888031,0.809019098090191,0.8593476935492291,False
GO_BP,WHIL,GO:0045598,regulation of fat cell differentiation,11,-1.1240427916207953,-0.6052831712853732,-0.7159581034493685,-0.4634221542534245,0.6435356464353564,0.801209583750324,False
GO_BP,WHIL,GO:0045600,positive regulation of fat cell differentiation,6,-1.1757047259752202,-0.8990552775783418,-0.9715721524314234,-0.24039101097033766,0.5546445355464453,0.7997537654547503,False
GO_BP,WHIL,GO:0045619,regulation of lymphocyte differentiation,6,0.22571674531880553,-0.9315716624851161,-0.3055985025893402,0.8443018278560337,0.23357664233576642,0.7997537654547503,False
GO_BP,WHIL,GO:0045621,positive regulation of lymphocyte differentiation,5,-0.8997871030420226,-1.1093232672438638,-1.0112718099839169,0.16051043557186762,0.40235976402359763,0.7997537654547503,False
GO_BP,WHIL,GO:0045637,regulation of myeloid cell differentiation,9,-0.02144832196184859,-0.5499723094348287,-0.2711846574085681,0.3891301614598498,0.3404659534046595,0.7997537654547503,False
GO_BP,WHIL,GO:0045639,positive regulation of myeloid cell differentiation,6,-0.79356473697696,-0.571885641004124,-0.677751423957489,-0.16874620449615352,0.5251474852514748,0.7997537654547503,False
GO_BP,WHIL,GO:0045646,regulation of erythrocyte differentiation,6,-1.1947998351181734,-0.8314853945809311,-0.7547004110269839,-0.40170693231421595,0.6307369263073692,0.7997700096049865,False
GO_BP,WHIL,GO:0045648,positive regulation of erythrocyte differentiation,5,-1.0022910570114933,-0.8029982377957932,-0.8644110721319477,-0.16858640204762287,0.5234476552344766,0.7997537654547503,False
GO_BP,WHIL,GO:0045664,regulation of neuron differentiation,6,-0.7767784554124854,-0.28641030122750755,-0.8030717372661459,-0.23203743616565864,0.5448455154484552,0.7997537654547503,False
GO_BP,WHIL,GO:0045667,regulation of osteoblast differentiation,7,-0.7695768072485732,0.37155298142818155,-0.48489823983042396,-0.7129041780474521,0.7431256874312568,0.8292389645155656,False
GO_BP,WHIL,GO:0045732,positive regulation of protein catabolic process,14,-1.1256997332450058,-0.3073437198868684,-1.1270233938758376,-0.4085161763636528,0.6124387561243876,0.7997537654547503,False
GO_BP,WHIL,GO:0045739,positive regulation of DNA repair,8,0.36888710980970324,1.326523561292092,0.46625963737279624,-0.527504489522741,0.6655334466553344,0.8033058431305515,False
GO_BP,WHIL,GO:0045744,negative regulation of G protein-coupled receptor signaling pathway,9,-0.64156845526321,1.1212709243348724,0.5537830644000894,-1.479095449630691,0.9015098490150985,0.9230072398579438,False
GO_BP,WHIL,GO:0045745,positive regulation of G protein-coupled receptor signaling pathway,7,-0.39558974147658343,-0.6779412962470523,-0.6586108189362302,0.2726863161150579,0.3788621137886211,0.7997537654547503,False
GO_BP,WHIL,GO:0045761,regulation of adenylate cyclase activity,9,-1.4986366335887167,-1.0279228570669465,-1.4354587411180508,-0.2669458344962179,0.5723427657234277,0.7997537654547503,False
GO_BP,WHIL,GO:0045762,positive regulation of adenylate cyclase activity,7,-1.1690713464744842,-1.1139447837066982,-1.7454945837670846,0.2606483372624073,0.3661633836616338,0.7997537654547503,False
GO_BP,WHIL,GO:0045765,regulation of angiogenesis,21,0.9725803718662288,0.5069242710680569,0.7025789971806649,0.367828737741868,0.36446355364463556,0.7997537654547503,False
GO_BP,WHIL,GO:0045766,positive regulation of angiogenesis,12,-0.3336724697090815,0.4044140254652198,0.24286185642390595,-0.6573104106536444,0.7083291670832916,0.8118982370682843,False
GO_BP,WHIL,GO:0045776,negative regulation of blood pressure,7,0.14881597873079144,0.17179449404061448,0.05861135786286488,0.03361305277905177,0.4560543945605439,0.7997537654547503,False
GO_BP,WHIL,GO:0045777,positive regulation of blood pressure,7,0.6613868977098321,0.2458055044061554,-0.17954132464621905,0.6282548078298639,0.273972602739726,0.7997537654547503,False
GO_BP,WHIL,GO:0045778,positive regulation of ossification,5,0.9477444059474169,0.8014356858205661,0.5434115259236181,0.2753208000753249,0.30446955304469553,0.7997537654547503,False
GO_BP,WHIL,GO:0045785,positive regulation of cell adhesion,27,-0.18030241257441584,-0.729283452282586,-0.7176958939512542,0.5431872605425042,0.32126787321267875,0.7997537654547503,False
GO_BP,WHIL,GO:0045786,negative regulation of cell cycle,7,-0.8196790030156424,-0.7830840696658479,-0.580675994755047,-0.137798970805195,0.49735026497350265,0.7997537654547503,False
GO_BP,WHIL,GO:0045787,positive regulation of cell cycle,23,-0.5263094940935432,-1.7019901623268208,-1.5448553157381735,1.0971132449389538,0.1817818218178182,0.7997537654547503,False
GO_BP,WHIL,GO:0045807,positive regulation of endocytosis,7,-1.3200237626899693,-1.3604062567669732,-1.115220298679794,-0.08221048496658567,0.49965003499650035,0.7997537654547503,False
GO_BP,WHIL,GO:0045814,"negative regulation of gene expression, epigenetic",9,1.343051927722876,0.7270139373581952,1.6753721924889629,0.14185886279929716,0.42475752424757524,0.7997537654547503,False
GO_BP,WHIL,GO:0045823,positive regulation of heart contraction,6,2.4576406646439657,0.519062500526022,0.5460561204592626,1.9250813541513234,0.06989301069893011,0.7997537654547503,False
GO_BP,WHIL,GO:0045824,negative regulation of innate immune response,7,1.37389834915969,-0.5407719083234787,0.8644989848516187,1.2120348108956198,0.15978402159784022,0.7997537654547503,False
GO_BP,WHIL,GO:0045833,negative regulation of lipid metabolic process,8,1.1366308686634699,2.3392965015621767,2.5703656203868293,-1.3182001923110334,0.8753124687531247,0.9027021493531564,False
GO_BP,WHIL,GO:0045834,positive regulation of lipid metabolic process,19,-0.5483370042000083,0.06854706304744339,-0.20291110768609277,-0.4811549818806836,0.6365363463653635,0.7997700096049865,False
GO_BP,WHIL,GO:0045840,positive regulation of mitotic nuclear division,5,-0.5034391857296363,-0.6246498451432018,-1.0145891462706838,0.3161803099773064,0.34866513348665135,0.7997537654547503,False
GO_BP,WHIL,GO:0045859,regulation of protein kinase activity,11,0.7658116991818315,-0.14568074285809277,-0.32179696890975285,0.9995505550657542,0.19568043195680432,0.7997537654547503,False
GO_BP,WHIL,GO:0045860,positive regulation of protein kinase activity,10,-0.29897453243311517,-0.7705444387255388,-0.9163786239802812,0.5444869989197949,0.29687031296870314,0.7997537654547503,False
GO_BP,WHIL,GO:0045862,positive regulation of proteolysis,5,-0.482166120900549,-0.09345647813653421,-0.45038236493176004,-0.2102466993664019,0.541045895410459,0.7997537654547503,False
GO_BP,WHIL,GO:0045892,negative regulation of DNA-templated transcription,49,0.047071161239750504,0.724427389014027,1.0108791806128419,-0.8205821235736839,0.7405259474052595,0.8288882260019403,False
GO_BP,WHIL,GO:0045893,positive regulation of DNA-templated transcription,58,-0.950001747599523,0.04147270345448079,0.3213983980592811,-1.131437298356404,0.8124187581241876,0.8611822849425137,False
GO_BP,WHIL,GO:0045907,positive regulation of vasoconstriction,9,-1.0212307493205015,-1.0674853566126776,-1.3136891904009091,0.169356524186292,0.39236076392360764,0.7997537654547503,False
GO_BP,WHIL,GO:0045913,positive regulation of carbohydrate metabolic process,7,-0.3199683245045517,-1.3694672498019511,-0.9041605908470695,0.8168455958199585,0.24217578242175783,0.7997537654547503,False
GO_BP,WHIL,GO:0045923,positive regulation of fatty acid metabolic process,6,-0.7798050350472017,-0.20826335254877967,-0.24795624599224916,-0.5516952357766872,0.6576342365763423,0.8021183808124269,False
GO_BP,WHIL,GO:0045926,negative regulation of growth,7,-0.35157656061889286,-0.13634240221137145,0.20446221965951306,-0.3856364693429637,0.6052394760523948,0.7997537654547503,False
GO_BP,WHIL,GO:0045927,positive regulation of growth,13,-0.3326926175824449,-0.647978127632436,-1.0141819588842071,0.49838742567587674,0.32296770322967705,0.7997537654547503,False
GO_BP,WHIL,GO:0045931,positive regulation of mitotic cell cycle,12,-0.15924024871064332,-1.4772118218496908,-1.1865610618067186,1.1726461931175614,0.1695830416958304,0.7997537654547503,False
GO_BP,WHIL,GO:0045933,positive regulation of muscle contraction,9,-0.29129149288993467,-0.31044476274844,-0.7756927710090555,0.25177727398881306,0.36976302369763026,0.7997537654547503,False
GO_BP,WHIL,GO:0045934,negative regulation of nucleobase-containing compound metabolic process,56,-0.37662763852666753,0.6254148697887252,0.8597585938605556,-1.119214370351308,0.813918608139186,0.8619911939559608,False
GO_BP,WHIL,GO:0045936,negative regulation of phosphate metabolic process,6,2.5664018966366795,0.41467162963692633,1.2707191227937704,1.723706520421331,0.0912908709129087,0.7997537654547503,False
GO_BP,WHIL,GO:0045937,positive regulation of phosphate metabolic process,22,-1.0344050617824485,-1.5976730805995396,-2.2900628285470015,0.9094628927908222,0.22457754224577542,0.7997537654547503,False
GO_BP,WHIL,GO:0045944,positive regulation of transcription by RNA polymerase II,44,-0.41315687816359675,0.49227708478069043,0.9609136284054249,-1.1397522347566544,0.8197180281971803,0.8657820744668931,False
GO_BP,WHIL,GO:0045981,positive regulation of nucleotide metabolic process,8,-1.3782851145858401,-0.8955264728835935,-1.0450293442003091,-0.40800720604388885,0.6078392160783922,0.7997537654547503,False
GO_BP,WHIL,GO:0045987,positive regulation of smooth muscle contraction,6,-0.6584270463368488,-0.5709768601356182,-0.829094255050472,0.041608511256196246,0.4747525247475253,0.7997537654547503,False
GO_BP,WHIL,GO:0046034,ATP metabolic process,7,0.8746946565993149,0.7627199558428245,1.513381773472279,-0.2633562080582369,0.5578442155784421,0.7997537654547503,False
GO_BP,WHIL,GO:0046149,pigment catabolic process,5,2.702290550601778,4.996696359209116,4.5698376763425035,-2.0809764671740316,0.9556044395560443,0.9642580373269269,False
GO_BP,WHIL,GO:0046165,alcohol biosynthetic process,6,1.6414254806201798,3.064348224949153,2.445776998405381,-1.113637131057087,0.8449155084491551,0.8812579851887777,False
GO_BP,WHIL,GO:0046209,nitric oxide metabolic process,7,0.035743586682717446,-0.4503402832189176,-0.4869327183946216,0.504380087489487,0.2900709929007099,0.7997537654547503,False
GO_BP,WHIL,GO:0046320,regulation of fatty acid oxidation,5,-0.9638245154611943,-0.2662821594853376,-0.6173445778287355,-0.5220111468041577,0.6601339866013398,0.8026570686656977,False
GO_BP,WHIL,GO:0046328,regulation of JNK cascade,13,1.0160079297623623,-0.48604779045157687,-0.3670320078334829,1.442547828904892,0.11608839116088392,0.7997537654547503,False
GO_BP,WHIL,GO:0046330,positive regulation of JNK cascade,7,1.4844766881687885,0.06851769548285665,0.15912316254020853,1.370656259157256,0.12218778122187782,0.7997537654547503,False
GO_BP,WHIL,GO:0046394,carboxylic acid biosynthetic process,26,-0.6357873641169239,-0.1213205873422245,-0.5907095946769079,-0.27977227310735775,0.5813418658134186,0.7997537654547503,False
GO_BP,WHIL,GO:0046395,carboxylic acid catabolic process,6,0.3911150423376232,0.05931819625246859,0.22648234028462363,0.24821477406907705,0.390960903909609,0.7997537654547503,False
GO_BP,WHIL,GO:0046425,regulation of receptor signaling pathway via JAK-STAT,7,0.5743356542252782,-0.4177921630022691,-0.10356218281927934,0.8350128271360524,0.20327967203279673,0.7997537654547503,False
GO_BP,WHIL,GO:0046427,positive regulation of receptor signaling pathway via JAK-STAT,6,-0.5716701312795699,-0.5373425670905989,-0.4808569147669623,-0.06257039035078926,0.47825217478252174,0.7997537654547503,False
GO_BP,WHIL,GO:0046434,organophosphate catabolic process,10,-0.43429377272365255,-0.2860901824254067,-0.23084440542763213,-0.17582647879713315,0.5308469153084692,0.7997537654547503,False
GO_BP,WHIL,GO:0046456,icosanoid biosynthetic process,11,-1.0031693208332835,-0.7049900421591077,-0.6738705033972213,-0.313739048055119,0.5904409559044096,0.7997537654547503,False
GO_BP,WHIL,GO:0046457,prostanoid biosynthetic process,8,-0.7896498874439026,-0.6594774314399612,-0.6005125925389434,-0.15965487545445034,0.5316468353164684,0.7997537654547503,False
GO_BP,WHIL,GO:0046461,neutral lipid catabolic process,5,0.5002795678475088,0.9277449740451207,1.2728609152971722,-0.6000233768236375,0.6758324167583242,0.8033058431305515,False
GO_BP,WHIL,GO:0046464,acylglycerol catabolic process,5,0.5002795678475088,0.9277449740451207,1.2728609152971722,-0.6000233768236375,0.6758324167583242,0.8033058431305515,False
GO_BP,WHIL,GO:0046486,glycerolipid metabolic process,11,0.4626204138423084,0.83881352239439,0.5276312581958792,-0.22060197645282625,0.5615438456154385,0.7997537654547503,False
GO_BP,WHIL,GO:0046496,nicotinamide nucleotide metabolic process,6,0.4968130171537711,0.2079639360290499,0.5789343768668678,0.10336386070581222,0.43825617438256176,0.7997537654547503,False
GO_BP,WHIL,GO:0046503,glycerolipid catabolic process,6,0.47862664425609736,0.88847616124646,1.2002736921786958,-0.5657482824564806,0.664033596640336,0.8033058431305515,False
GO_BP,WHIL,GO:0046545,development of primary female sexual characteristics,5,0.24408667172521473,-0.5404465631124131,-0.28253971398234407,0.6555798102725933,0.2318768123187681,0.7997537654547503,False
GO_BP,WHIL,GO:0046546,development of primary male sexual characteristics,5,-0.5433962623194384,0.7001525260686021,0.6125679875498287,-1.1997565191286537,0.8473152684731526,0.8829856106108,False
GO_BP,WHIL,GO:0046618,xenobiotic export from cell,5,0.3099088640381599,-1.0371596118938824,-0.06847126658410455,0.8627243032771534,0.23097690230976903,0.7997537654547503,False
GO_BP,WHIL,GO:0046626,regulation of insulin receptor signaling pathway,7,4.039808227814457,1.1781840074883614,2.6599234858023073,2.1207544811691226,0.0542945705429457,0.7997537654547503,False
GO_BP,WHIL,GO:0046649,lymphocyte activation,16,0.08503178847287259,-0.311394440979507,-0.038170219303419184,0.2598141186143357,0.39856014398560147,0.7997537654547503,False
GO_BP,WHIL,GO:0046660,female sex differentiation,5,0.24408667172521473,-0.5404465631124131,-0.28253971398234407,0.6555798102725933,0.2318768123187681,0.7997537654547503,False
GO_BP,WHIL,GO:0046661,male sex differentiation,6,-0.27384221733554187,0.5607929254404946,0.7828486663259142,-0.9456630132187462,0.7786221377862214,0.8447889564311997,False
GO_BP,WHIL,GO:0046676,negative regulation of insulin secretion,5,-1.0133833922701436,-0.25714837278955427,-0.6790843266761483,-0.5452670425372923,0.6778322167783222,0.8033058431305515,False
GO_BP,WHIL,GO:0046683,response to organophosphorus,9,0.5473208736977511,0.13897022387562072,-0.14935065812261714,0.5525110908212493,0.293970602939706,0.7997537654547503,False
GO_BP,WHIL,GO:0046718,symbiont entry into host cell,6,-1.2895956489886053,-0.8154569671703383,-0.9321509725317503,-0.4157916791375611,0.6247375262473752,0.7997537654547503,False
GO_BP,WHIL,GO:0046777,protein autophosphorylation,17,-1.3348385949777297,-1.1656705155940026,-1.8108365020716048,0.153414913855074,0.4330566943305669,0.7997537654547503,False
GO_BP,WHIL,GO:0046822,regulation of nucleocytoplasmic transport,8,-1.127325566863562,-0.2441302710031928,-1.1810572885881383,-0.4147317870678965,0.6197380261973803,0.7997537654547503,False
GO_BP,WHIL,GO:0046824,positive regulation of nucleocytoplasmic transport,8,-1.127325566863562,-0.2441302710031928,-1.1810572885881383,-0.4147317870678965,0.6197380261973803,0.7997537654547503,False
GO_BP,WHIL,GO:0046883,regulation of hormone secretion,22,0.38698715240648973,-0.0337372549939446,0.018665542609104004,0.39452300859891004,0.3534646535346465,0.7997537654547503,False
GO_BP,WHIL,GO:0046887,positive regulation of hormone secretion,10,0.3362689250156619,-0.00233268819803255,0.07269765307557823,0.3010864425768891,0.37066293370662934,0.7997537654547503,False
GO_BP,WHIL,GO:0046888,negative regulation of hormone secretion,7,-1.0485701064858044,-0.4198303346612881,-1.144707221832598,-0.2663013282388613,0.5664433556644336,0.7997537654547503,False
GO_BP,WHIL,GO:0046889,positive regulation of lipid biosynthetic process,13,-0.15463088196303415,-0.49310434303867917,-0.3850919588153131,0.28446726896396196,0.37776222377762225,0.7997537654547503,False
GO_BP,WHIL,GO:0046890,regulation of lipid biosynthetic process,17,-0.2560107082867509,-0.5222598726375862,-0.4701547300299468,0.24019659304701563,0.40245975402459755,0.7997537654547503,False
GO_BP,WHIL,GO:0046902,regulation of mitochondrial membrane permeability,5,-0.9359463336753497,0.07957845539801393,-0.6769932271260336,-0.6372389478113398,0.6943305669433056,0.8066356432115538,False
GO_BP,WHIL,GO:0046903,secretion,19,-0.5740680595717501,-1.330669677320789,-0.8534178755835087,0.5179757168803986,0.31526847315268475,0.7997537654547503,False
GO_BP,WHIL,GO:0046907,intracellular transport,18,-0.8909317018958569,-0.7209116432679366,-0.7244886476547236,-0.1682315564345268,0.5333466653334666,0.7997537654547503,False
GO_BP,WHIL,GO:0046942,carboxylic acid transport,26,-0.15735123028123052,1.1983479061222793,1.112993052790647,-1.3130217097376937,0.8599140085991401,0.8922335432162835,False
GO_BP,WHIL,GO:0048009,insulin-like growth factor receptor signaling pathway,6,-0.31217511845590445,-0.5486001589510957,-1.0798398254831119,0.5020448737611993,0.29987001299870014,0.7997537654547503,False
GO_BP,WHIL,GO:0048010,vascular endothelial growth factor receptor signaling pathway,9,-0.9142255725059005,-0.9385185583549528,-1.3366863975222059,0.22337690543267885,0.39986001399860016,0.7997537654547503,False
GO_BP,WHIL,GO:0048013,ephrin receptor signaling pathway,7,0.2676912442177635,-1.1441719982751952,-0.8319504141245616,1.2557524504176418,0.14538546145385461,0.7997537654547503,False
GO_BP,WHIL,GO:0048148,behavioral response to cocaine,6,-1.7583782710618483,-0.7183701615816842,-1.0133953402979152,-0.8924955201220486,0.7738226177382261,0.8425988485376683,False
GO_BP,WHIL,GO:0048167,regulation of synaptic plasticity,16,-0.4410850463592691,0.35674001106088704,-0.37999961880701444,-0.42945524248620537,0.6184381561843816,0.7997537654547503,False
GO_BP,WHIL,GO:0048168,regulation of neuronal synaptic plasticity,6,-0.9768561979378274,-0.9514554653856577,-1.1933198810267784,0.09553147526839068,0.43815618438156184,0.7997537654547503,False
GO_BP,WHIL,GO:0048169,regulation of long-term neuronal synaptic plasticity,5,-0.7939951624886639,-0.8752125474699449,-1.1697847837425528,0.22850350311758505,0.387961203879612,0.7997537654547503,False
GO_BP,WHIL,GO:0048259,regulation of receptor-mediated endocytosis,6,-0.6467426019762295,-1.2189984759106225,-0.707925310167346,0.31671929106275476,0.36106389361063895,0.7997537654547503,False
GO_BP,WHIL,GO:0048285,organelle fission,6,0.18334080300375677,-0.047099112636613594,-0.09652378393307429,0.2551522512886007,0.37946205379462056,0.7997537654547503,False
GO_BP,WHIL,GO:0048384,retinoic acid receptor signaling pathway,5,-0.16357529236120216,2.2013439751601758,1.2921430893356451,-1.9103188246091127,0.9593040695930407,0.9661164290284981,False
GO_BP,WHIL,GO:0048468,cell development,52,-0.7171962066438988,-0.2542457963911523,-0.6668345332984172,-0.25665604179911405,0.5755424457554245,0.7997537654547503,False
GO_BP,WHIL,GO:0048469,cell maturation,5,-0.8671887126532055,0.2904142095409179,-0.05621842445252109,-0.984286605197404,0.8023197680231977,0.8560483664552205,False
GO_BP,WHIL,GO:0048511,rhythmic process,22,0.5645615610151088,0.6665415059794105,0.61826882727486,-0.07784360561202652,0.5014498550144986,0.7997537654547503,False
GO_BP,WHIL,GO:0048513,animal organ development,90,-1.4047278522179465,0.08855593204505115,0.36662185417343757,-1.632316745327191,0.9098090190980902,0.9283571315857296,False
GO_BP,WHIL,GO:0048514,blood vessel morphogenesis,16,-1.1129628680747712,-0.4919478161690902,-0.769718890063115,-0.4821295149586686,0.6427357264273572,0.801209583750324,False
GO_BP,WHIL,GO:0048519,negative regulation of biological process,183,0.2213649382776067,0.8812525260558912,1.0228089311579445,-0.7306657903293111,0.7199280071992801,0.8189749814517819,False
GO_BP,WHIL,GO:0048520,positive regulation of behavior,5,-0.78331195880985,-0.2707556417353809,-0.6420005557607701,-0.32693386006177455,0.5917408259174083,0.7997537654547503,False
GO_BP,WHIL,GO:0048523,negative regulation of cellular process,178,0.31203353908698145,0.6839122467640774,0.8750528118063136,-0.467448990198214,0.6458354164583542,0.8020133445239224,False
GO_BP,WHIL,GO:0048545,response to steroid hormone,33,0.11705454289558864,1.661490524747203,1.7731283543593952,-1.6002548966577104,0.9099090090990901,0.9283571315857296,False
GO_BP,WHIL,GO:0048568,embryonic organ development,7,-0.28497794943310195,1.5145610133927208,1.3768178519237595,-1.730667382091342,0.940905909409059,0.9537447814672724,False
GO_BP,WHIL,GO:0048583,regulation of response to stimulus,180,-1.6358218531920399,-0.9565040330268664,-1.5700478264202375,-0.3725459234684878,0.6194380561943805,0.7997537654547503,False
GO_BP,WHIL,GO:0048584,positive regulation of response to stimulus,132,-2.1340385218104005,-1.4990630094497044,-2.0158537592336216,-0.3765801374687374,0.6184381561843816,0.7997537654547503,False
GO_BP,WHIL,GO:0048585,negative regulation of response to stimulus,84,-0.29402941501484636,-0.013026043675305793,-0.15240385864145284,-0.21131446385646704,0.56994300569943,0.7997537654547503,False
GO_BP,WHIL,GO:0048598,embryonic morphogenesis,8,-1.0837728060838254,-1.005581118834719,-1.1443471656028843,-0.00880866386502377,0.46525347465253475,0.7997537654547503,False
GO_BP,WHIL,GO:0048608,reproductive structure development,10,0.7876416602780645,0.019083631174308457,0.5344609775819307,0.5108693558999449,0.31686831316868314,0.7997537654547503,False
GO_BP,WHIL,GO:0048609,multicellular organismal reproductive process,17,-0.1283009701718095,0.07677066196915625,0.9280976099345449,-0.6307351061236601,0.6833316668333167,0.8049124664998288,False
GO_BP,WHIL,GO:0048638,regulation of developmental growth,11,0.05041175949969899,0.42244419027190083,0.031727647694473705,-0.1766741594834883,0.537046295370463,0.7997537654547503,False
GO_BP,WHIL,GO:0048639,positive regulation of developmental growth,6,0.5807794192981437,0.3402891488494417,0.09214319246879094,0.36456324863902734,0.35196480351964804,0.7997537654547503,False
GO_BP,WHIL,GO:0048646,anatomical structure formation involved in morphogenesis,16,-0.8985668594364363,-0.16370143020285532,-0.7713793459763759,-0.4310264713468207,0.6199380061993801,0.7997537654547503,False
GO_BP,WHIL,GO:0048660,regulation of smooth muscle cell proliferation,16,-1.0252617632728622,-1.0460059238241302,-1.349419859518079,0.1724511283982424,0.41085891410858916,0.7997537654547503,False
GO_BP,WHIL,GO:0048661,positive regulation of smooth muscle cell proliferation,13,-0.898520042337663,-1.1029304233932289,-1.386177458791927,0.34603389875491486,0.34926507349265073,0.7997537654547503,False
GO_BP,WHIL,GO:0048666,neuron development,21,0.31182566643916054,0.8290020019765532,0.4802472952753542,-0.34279898218679317,0.5953404659534046,0.7997537654547503,False
GO_BP,WHIL,GO:0048667,cell morphogenesis involved in neuron differentiation,8,0.4241647009326608,-0.4248172937478913,0.13224924939709923,0.5704487231080568,0.2776722327767223,0.7997537654547503,False
GO_BP,WHIL,GO:0048678,response to axon injury,5,-0.3830056265867871,-0.325435858947039,-0.5204100193746896,0.03991731257407721,0.44655534446555345,0.7997537654547503,False
GO_BP,WHIL,GO:0048699,generation of neurons,30,-0.7226298182100748,-0.38732524253715783,-0.7949984538459615,-0.13146797001851507,0.5281471852814719,0.7997537654547503,False
GO_BP,WHIL,GO:0048708,astrocyte differentiation,6,-0.0023219406981551402,-0.08504896351440311,-0.27176993059027965,0.17608750635418624,0.39806019398060194,0.7997537654547503,False
GO_BP,WHIL,GO:0048729,tissue morphogenesis,7,-1.5574874041850244,-1.1951534319505297,-1.7527382646410972,-0.08354155588921097,0.49835016498350165,0.7997537654547503,False
GO_BP,WHIL,GO:0048731,system development,108,-0.8299945629560482,-0.1169119300939408,0.11520048460990456,-0.8291388402140301,0.7415258474152585,0.8288882260019403,False
GO_BP,WHIL,GO:0048732,gland development,19,-0.38655373362587164,0.4081298116887385,1.0485761410667722,-1.114906710003627,0.8215178482151785,0.8665096979145899,False
GO_BP,WHIL,GO:0048771,tissue remodeling,9,-0.988448681499477,-1.5386481096475597,-1.2669655482959408,0.4143581474722734,0.32986701329867013,0.7997537654547503,False
GO_BP,WHIL,GO:0048812,neuron projection morphogenesis,10,0.21753926096304751,-0.1997067671002399,-0.015897971484333327,0.32534163025533414,0.36826317368263173,0.7997537654547503,False
GO_BP,WHIL,GO:0048856,anatomical structure development,139,-0.4321044188013193,-0.2697942020494133,0.24496400106294214,-0.4196893183080837,0.6344365563443656,0.7997700096049865,False
GO_BP,WHIL,GO:0048858,cell projection morphogenesis,10,0.21753926096304751,-0.1997067671002399,-0.015897971484333327,0.32534163025533414,0.36826317368263173,0.7997537654547503,False
GO_BP,WHIL,GO:0048869,cellular developmental process,90,-0.4455907840966066,-1.0761857045266832,-0.7249077018664056,0.4549559190999378,0.35306469353064696,0.7997537654547503,False
GO_BP,WHIL,GO:0048870,cell motility,42,-1.9996253868208054,-1.5092075199875585,-1.4794534007793751,-0.5052949264373385,0.6573342665733427,0.8021183808124269,False
GO_BP,WHIL,GO:0048871,multicellular organismal-level homeostasis,27,-0.6884572075895463,-1.5511438305835672,-1.2766514852662987,0.7254404503353866,0.26747325267473254,0.7997537654547503,False
GO_BP,WHIL,GO:0048872,homeostasis of number of cells,9,0.1488690012406813,-0.8151684087232045,-0.5718177795960285,0.8423620954002977,0.22007799220077992,0.7997537654547503,False
GO_BP,WHIL,GO:0048878,chemical homeostasis,51,0.43929643475416325,-0.16082105710667374,0.25083777079111647,0.39428807791194187,0.36836316368363164,0.7997537654547503,False
GO_BP,WHIL,GO:0048880,sensory system development,12,-1.838394481119546,-1.1462824145554151,-1.0957033335445856,-0.7174016070695457,0.7429257074292571,0.8292135251058725,False
GO_BP,WHIL,GO:0050433,regulation of catecholamine secretion,11,-1.5997567413373097,-0.9245453257840236,-1.7062856535925575,-0.28434125164901913,0.5751424857514249,0.7997537654547503,False
GO_BP,WHIL,GO:0050670,regulation of lymphocyte proliferation,7,0.20926482948328062,-0.023858800459293936,-0.17932218479798515,0.31085532211192013,0.36726327367263273,0.7997537654547503,False
GO_BP,WHIL,GO:0050671,positive regulation of lymphocyte proliferation,5,-0.9107704686178149,-0.252572808778123,-0.9996818233994035,-0.2846431525290516,0.5673432656734326,0.7997537654547503,False
GO_BP,WHIL,GO:0050678,regulation of epithelial cell proliferation,18,-1.0544702073855692,-0.9620459901131359,-1.1266699767295134,-0.010112223964244604,0.4791520847915208,0.7997537654547503,False
GO_BP,WHIL,GO:0050679,positive regulation of epithelial cell proliferation,14,-0.7313433617808321,-1.1930243011597534,-1.4898703968497282,0.6101039872239086,0.28847115288471153,0.7997537654547503,False
GO_BP,WHIL,GO:0050708,regulation of protein secretion,23,0.7654571085176207,-0.16601361790384078,0.1317709589947667,0.7825784379721578,0.24817518248175183,0.7997537654547503,False
GO_BP,WHIL,GO:0050709,negative regulation of protein secretion,9,-1.1704726160061227,-0.861047748025712,-1.2061484480561167,-0.13687451796520844,0.5295470452954705,0.7997537654547503,False
GO_BP,WHIL,GO:0050714,positive regulation of protein secretion,11,0.5242493208106537,-0.07191411713754209,0.22337650243648904,0.4485181281611802,0.33326667333266674,0.7997537654547503,False
GO_BP,WHIL,GO:0050727,regulation of inflammatory response,34,0.6878237313708868,-0.6900061077668235,-0.21085090016719765,1.1382522353378974,0.1772822717728227,0.7997537654547503,False
GO_BP,WHIL,GO:0050728,negative regulation of inflammatory response,16,0.8457318388280045,-0.5001436430446254,-0.05035910235299568,1.120983211526815,0.17148285171482852,0.7997537654547503,False
GO_BP,WHIL,GO:0050729,positive regulation of inflammatory response,11,-0.7841389942032566,-1.2600367073267804,-0.9243469588552383,0.3080528388877528,0.37266273372662734,0.7997537654547503,False
GO_BP,WHIL,GO:0050730,regulation of peptidyl-tyrosine phosphorylation,5,0.5632272900231202,-0.922872132718916,-0.503480533194253,1.2764036229797049,0.1372862713728627,0.7997537654547503,False
GO_BP,WHIL,GO:0050764,regulation of phagocytosis,6,-0.5509818504915495,0.39004261340273855,-0.06637582055059948,-0.712815246917619,0.7596240375962404,0.8377552075300945,False
GO_BP,WHIL,GO:0050767,regulation of neurogenesis,12,0.06488858219253267,0.5063755397040764,-0.13221923920822048,-0.12218956805539531,0.5130486951304869,0.7997537654547503,False
GO_BP,WHIL,GO:0050769,positive regulation of neurogenesis,8,0.29423044849691027,0.4887970262244567,-0.4295134956834133,0.26458868322638857,0.37736226377362264,0.7997537654547503,False
GO_BP,WHIL,GO:0050773,regulation of dendrite development,5,-0.7278289431718076,0.18321745016201654,-0.8427878973542341,-0.3980437195756988,0.6125387461253875,0.7997537654547503,False
GO_BP,WHIL,GO:0050776,regulation of immune response,51,1.1170300461423412,-0.3084259150599078,0.09181584767035406,1.225335079837118,0.1606839316068393,0.7997537654547503,False
GO_BP,WHIL,GO:0050777,negative regulation of immune response,12,0.5320760110735047,-0.33289490541762984,0.14930460626734482,0.6238711606486471,0.27857214278572145,0.7997537654547503,False
GO_BP,WHIL,GO:0050778,positive regulation of immune response,29,-0.3708834393259955,-0.7013658410569179,-0.7943852299063945,0.3769920961556607,0.36546345365463456,0.7997537654547503,False
GO_BP,WHIL,GO:0050790,regulation of catalytic activity,28,-0.8462507456377648,-0.7530693525500136,-1.6022316592829307,0.3313997602787073,0.38076192380761925,0.7997537654547503,False
GO_BP,WHIL,GO:0050792,regulation of viral process,5,0.036081087292615596,1.1703662867493705,1.358907597904452,-1.2285558550342957,0.8571142885711429,0.8900143932799975,False
GO_BP,WHIL,GO:0050793,regulation of developmental process,89,-0.17500985351887768,0.04697743006597924,-0.37392408069781236,-0.01153652820296111,0.49705029497050296,0.7997537654547503,False
GO_BP,WHIL,GO:0050795,regulation of behavior,14,-1.422493287319363,-0.09637110605700676,-0.0889075219735514,-1.329853973304084,0.8687131286871312,0.8985114733559757,False
GO_BP,WHIL,GO:0050796,regulation of insulin secretion,14,1.0064483761342482,0.11738047444788309,0.27686846470822435,0.8093239065561945,0.23017698230176983,0.7997537654547503,False
GO_BP,WHIL,GO:0050801,monoatomic ion homeostasis,26,0.8815074022866701,0.31769986783659104,0.4350376501018987,0.5051386433174252,0.3224677532246775,0.7997537654547503,False
GO_BP,WHIL,GO:0050803,regulation of synapse structure or activity,17,1.1471412984117473,0.49100195181452727,0.46216427962062895,0.6705581826941691,0.27547245275472454,0.7997537654547503,False
GO_BP,WHIL,GO:0050804,modulation of chemical synaptic transmission,50,-1.7490212579765874,-0.26818051737914916,-0.7056618276283515,-1.262100085472837,0.8525147485251475,0.8860246553625784,False
GO_BP,WHIL,GO:0050805,negative regulation of synaptic transmission,10,-1.220231692039763,-1.0154902026083354,-1.4816217046788644,0.028324261603837053,0.46125387461253875,0.7997537654547503,False
GO_BP,WHIL,GO:0050806,positive regulation of synaptic transmission,10,-0.40781296533335126,-0.05957691986455084,0.3797201020451866,-0.5678845564236692,0.6691330866913309,0.8033058431305515,False
GO_BP,WHIL,GO:0050807,regulation of synapse organization,17,1.1471412984117473,0.49100195181452727,0.46216427962062895,0.6705581826941691,0.27547245275472454,0.7997537654547503,False
GO_BP,WHIL,GO:0050808,synapse organization,15,0.6870217438753516,0.23917153807086933,0.8332006484985693,0.1508356505906323,0.43345665433456654,0.7997537654547503,False
GO_BP,WHIL,GO:0050810,regulation of steroid biosynthetic process,5,1.1558991872919122,-0.34541528434875335,0.1137006831747509,1.2717564878789134,0.14428557144285573,0.7997537654547503,False
GO_BP,WHIL,GO:0050817,coagulation,16,-1.259682455205625,-1.1846937054840838,-1.600572267354178,0.13295053121350597,0.43375662433756623,0.7997537654547503,False
GO_BP,WHIL,GO:0050818,regulation of coagulation,5,-0.8060634629615285,-0.7105327996671433,-0.8611394734171998,-0.020227326419356984,0.47615238476152383,0.7997537654547503,False
GO_BP,WHIL,GO:0050821,protein stabilization,8,-1.1679610321816651,-0.9765271171466698,-1.1928234236892181,-0.08328576176372127,0.5030496950304969,0.7997537654547503,False
GO_BP,WHIL,GO:0050848,regulation of calcium-mediated signaling,5,0.29094174946638857,0.7107271587823243,-0.24202945692841962,0.05659289853943622,0.4487551244875512,0.7997537654547503,False
GO_BP,WHIL,GO:0050851,antigen receptor-mediated signaling pathway,10,-0.428820109826399,0.21533059890422818,-0.20929093989193828,-0.43183993933254394,0.6193380661933806,0.7997537654547503,False
GO_BP,WHIL,GO:0050852,T cell receptor signaling pathway,6,1.7244202447179484,2.0918476783208155,1.8533234116426642,-0.24816530026379136,0.5827417258274172,0.7997537654547503,False
GO_BP,WHIL,GO:0050854,regulation of antigen receptor-mediated signaling pathway,5,4.871503143356619,0.44915869307513084,3.6660065040919596,2.8139205447730733,0.018698130186981302,0.7997537654547503,False
GO_BP,WHIL,GO:0050858,negative regulation of antigen receptor-mediated signaling pathway,5,4.871503143356619,0.44915869307513084,3.6660065040919596,2.8139205447730733,0.018698130186981302,0.7997537654547503,False
GO_BP,WHIL,GO:0050863,regulation of T cell activation,14,1.441804745083858,-0.9559986568528901,-0.25364059729435473,2.0466243721574804,0.054894510548945105,0.7997537654547503,False
GO_BP,WHIL,GO:0050864,regulation of B cell activation,5,-0.9849917101276517,-0.69043636332459,-0.7227414736638109,-0.2784027916334513,0.5661433856614339,0.7997537654547503,False
GO_BP,WHIL,GO:0050865,regulation of cell activation,27,0.3938982271948615,-1.1837968105596066,-0.8111236995392133,1.3913584822442715,0.12658734126587343,0.7997537654547503,False
GO_BP,WHIL,GO:0050866,negative regulation of cell activation,11,2.9017533889308673,-0.04403613297563237,1.0010923898413913,2.423225260497988,0.029097090290970903,0.7997537654547503,False
GO_BP,WHIL,GO:0050867,positive regulation of cell activation,18,-0.15722869650295576,-1.4330534159293886,-0.9295092633894156,1.0240526431564465,0.192980701929807,0.7997537654547503,False
GO_BP,WHIL,GO:0050868,negative regulation of T cell activation,5,3.382491052140656,0.2749611622462776,2.3390819631015485,2.075469489466743,0.062493750624937505,0.7997537654547503,False
GO_BP,WHIL,GO:0050870,positive regulation of T cell activation,11,0.6827631629332027,-1.0002910688915754,-0.5047555477233908,1.4352864712406859,0.12008799120087991,0.7997537654547503,False
GO_BP,WHIL,GO:0050871,positive regulation of B cell activation,5,-0.9849917101276517,-0.69043636332459,-0.7227414736638109,-0.2784027916334513,0.5661433856614339,0.7997537654547503,False
GO_BP,WHIL,GO:0050877,nervous system process,49,-1.1059330713529276,-0.16025077484745062,-1.0606149841159191,-0.4955001918712427,0.65003499650035,0.8020133445239224,False
GO_BP,WHIL,GO:0050878,regulation of body fluid levels,25,-1.6813526868130257,-1.311064884408964,-1.8929375345180808,-0.07935147734950321,0.5110488951104889,0.7997537654547503,False
GO_BP,WHIL,GO:0050890,cognition,25,-0.39772572138837603,-0.42232942300331056,-0.4957425057641475,0.06131024299535304,0.46535346465353467,0.7997537654547503,False
GO_BP,WHIL,GO:0050892,intestinal absorption,5,-0.494000309922081,1.3986779149521273,0.7842010420326082,-1.5854397884144489,0.9255074492550744,0.9418079718446942,False
GO_BP,WHIL,GO:0050900,leukocyte migration,13,-1.485384999465357,-0.6275310614727518,-0.6293459403849253,-0.8569464985365184,0.7607239276072393,0.8378884399157166,False
GO_BP,WHIL,GO:0050905,neuromuscular process,9,0.03348726231809312,0.2757339984331113,-0.20298883422829278,-0.002885319784316144,0.46685331466853314,0.7997537654547503,False
GO_BP,WHIL,GO:0050906,detection of stimulus involved in sensory perception,8,-0.6820324175311561,0.48501488240828455,-0.32168619282605193,-0.7636967623222723,0.7721227877212279,0.841727148039913,False
GO_BP,WHIL,GO:0050920,regulation of chemotaxis,16,-0.036109998692617815,0.022691429286128675,-0.24622095847296577,0.07565476590080074,0.46015398460153983,0.7997537654547503,False
GO_BP,WHIL,GO:0050921,positive regulation of chemotaxis,10,-0.3619635336311811,0.26066740285547685,-0.07852606775193059,-0.45303420118295423,0.6281371862813718,0.7997537654547503,False
GO_BP,WHIL,GO:0050922,negative regulation of chemotaxis,5,0.9202058281129922,-0.1443349198786345,-0.051216371222888676,1.0179814736637538,0.1563843615638436,0.7997537654547503,False
GO_BP,WHIL,GO:0050951,sensory perception of temperature stimulus,7,-1.328643623896681,1.7439032976504534,-1.2096790925205059,-1.5957557264616549,0.9137086291370863,0.9316244846103625,False
GO_BP,WHIL,GO:0050994,regulation of lipid catabolic process,8,-0.7655097694856514,-0.45797638623199044,-0.9475790775753165,-0.06273203758199797,0.49935006499350065,0.7997537654547503,False
GO_BP,WHIL,GO:0050995,negative regulation of lipid catabolic process,5,-0.867820769622517,-0.6649106421277544,-1.189874511623668,0.05957180725319422,0.44835516448355167,0.7997537654547503,False
GO_BP,WHIL,GO:0051046,regulation of secretion,42,-0.2473915161515434,-0.8244540639005832,-0.5427027748954464,0.43618690324647136,0.35056494350564943,0.7997537654547503,False
GO_BP,WHIL,GO:0051047,positive regulation of secretion,20,-0.11791316348201139,-0.24852488442978246,-0.35625210012589587,0.18447532879582776,0.42405759424057593,0.7997537654547503,False
GO_BP,WHIL,GO:0051048,negative regulation of secretion,13,-1.3097103280242357,-1.010279363988919,-1.4897384413439732,-0.05970142535778966,0.4921507849215078,0.7997537654547503,False
GO_BP,WHIL,GO:0051049,regulation of transport,96,-0.7751187348955325,-0.9063145260707376,-0.9979806483973719,0.17702885233852228,0.4403559644035596,0.7997537654547503,False
GO_BP,WHIL,GO:0051050,positive regulation of transport,54,-1.0470067988835747,-0.41561089419950015,-0.5920589890213396,-0.5431718572731549,0.6679332066793321,0.8033058431305515,False
GO_BP,WHIL,GO:0051051,negative regulation of transport,21,-1.611862373602867,-1.0871312212991127,-1.3870177042548324,-0.37478791082589447,0.6033396660333966,0.7997537654547503,False
GO_BP,WHIL,GO:0051052,regulation of DNA metabolic process,27,0.6397901853993515,0.5540163487231023,0.11441452303855959,0.30557474951852054,0.38706129387061294,0.7997537654547503,False
GO_BP,WHIL,GO:0051053,negative regulation of DNA metabolic process,7,-0.8776097423529517,-1.1530135538362654,-0.5350609423609576,-0.03357249425434028,0.48355164483551644,0.7997537654547503,False
GO_BP,WHIL,GO:0051054,positive regulation of DNA metabolic process,19,-0.372685107969038,0.01665275431191519,-0.7424149930293277,-0.009803988610331715,0.4824517548245176,0.7997537654547503,False
GO_BP,WHIL,GO:0051056,regulation of small GTPase mediated signal transduction,7,-0.13551936342193396,-1.338454718959333,-1.4177641828059229,1.2425900874606939,0.1416858314168583,0.7997537654547503,False
GO_BP,WHIL,GO:0051057,positive regulation of small GTPase mediated signal transduction,6,-0.3225741853379732,-1.1763639262903423,-1.3612660352240527,0.9462407954192243,0.1897810218978102,0.7997537654547503,False
GO_BP,WHIL,GO:0051093,negative regulation of developmental process,35,1.1136100660196306,0.08463394058165571,0.32522475563279335,0.9086807179124061,0.22517748225177484,0.7997537654547503,False
GO_BP,WHIL,GO:0051094,positive regulation of developmental process,64,-1.8947124964021622,0.036978391422772365,-0.9865142488042314,-1.4199445677114326,0.88001199880012,0.905354177705993,False
GO_BP,WHIL,GO:0051098,regulation of binding,5,0.5777211306300656,0.12993823161020907,-0.12008061867007214,0.5727923241599971,0.27247275272472754,0.7997537654547503,False
GO_BP,WHIL,GO:0051128,regulation of cellular component organization,97,-0.7131665146033329,-0.6568399526921129,-1.104218258181364,0.16736259083340554,0.44375562443755623,0.7997537654547503,False
GO_BP,WHIL,GO:0051129,negative regulation of cellular component organization,34,-0.11108673047069115,-0.3854462688656664,-0.4547420561876094,0.3090074320559467,0.38966103389661033,0.7997537654547503,False
GO_BP,WHIL,GO:0051130,positive regulation of cellular component organization,51,-1.4072266424192195,-0.5490875583027823,-1.2582338782585338,-0.5035659241385614,0.6573342665733427,0.8021183808124269,False
GO_BP,WHIL,GO:0051147,regulation of muscle cell differentiation,6,-0.5089246827042154,0.6156724088747151,-0.25976784893621335,-0.6868769626734663,0.7161283871612839,0.8163538249195053,False
GO_BP,WHIL,GO:0051169,nuclear transport,5,-1.5179862240615019,-1.1873283864085828,-1.0545421379711146,-0.3970509618716531,0.6136386361363864,0.7997537654547503,False
GO_BP,WHIL,GO:0051174,regulation of phosphorus metabolic process,17,-1.1165577063106211,-1.1107623835039906,-0.7507350761979458,-0.18580897645965289,0.5457454254574543,0.7997537654547503,False
GO_BP,WHIL,GO:0051179,localization,130,-2.0161785579453078,0.47356796442840804,-0.4076662486264194,-2.049129415846302,0.9514048595140486,0.9624038676746114,False
GO_BP,WHIL,GO:0051222,positive regulation of protein transport,21,-0.324928440762551,-0.0441636298260145,-0.43224170307898824,-0.08672577431004963,0.5074492550744926,0.7997537654547503,False
GO_BP,WHIL,GO:0051223,regulation of protein transport,35,0.5790034860034229,0.13717274239513114,-0.1531406030005253,0.58698741630612,0.30586941305869414,0.7997537654547503,False
GO_BP,WHIL,GO:0051224,negative regulation of protein transport,9,-1.1704726160061227,-0.861047748025712,-1.2061484480561167,-0.13687451796520844,0.5295470452954705,0.7997537654547503,False
GO_BP,WHIL,GO:0051225,spindle assembly,6,-1.0324893698098239,-0.9692996642585269,-1.0297350347842111,-0.03297202028845492,0.46215378462153783,0.7997537654547503,False
GO_BP,WHIL,GO:0051234,establishment of localization,121,-1.684328062951775,0.7528076604479441,0.07464387089368864,-2.098053828622591,0.9555044495550445,0.9642580373269269,False
GO_BP,WHIL,GO:0051239,regulation of multicellular organismal process,153,-0.9126810683739316,-1.359019463143895,-1.2353722782378118,0.3845148023169219,0.3812618738126187,0.7997537654547503,False
GO_BP,WHIL,GO:0051240,positive regulation of multicellular organismal process,100,-1.003713967613822,-0.8720389412032783,-0.96434696070134,-0.0855210166615129,0.5268473152684732,0.7997537654547503,False
GO_BP,WHIL,GO:0051241,negative regulation of multicellular organismal process,55,-0.1602382340602232,-1.138796926858756,-0.6547237790869943,0.736522118912652,0.2716728327167283,0.7997537654547503,False
GO_BP,WHIL,GO:0051246,regulation of protein metabolic process,60,0.21085808834468123,-0.6145746302479349,-0.9894161176396151,1.0128534622884562,0.20317968203179682,0.7997537654547503,False
GO_BP,WHIL,GO:0051247,positive regulation of protein metabolic process,39,-1.0695644746036428,-0.541706544066294,-1.4942122449171806,-0.051605080111905455,0.5052494750524947,0.7997537654547503,False
GO_BP,WHIL,GO:0051248,negative regulation of protein metabolic process,24,0.9141454044339868,-0.6875848003091282,-0.09193080949177251,1.3039032093344372,0.1461853814618538,0.7997537654547503,False
GO_BP,WHIL,GO:0051249,regulation of lymphocyte activation,20,0.5221160687715046,-1.2392808112038838,-0.6446956608491508,1.4641043047980218,0.11818818118188182,0.7997537654547503,False
GO_BP,WHIL,GO:0051250,negative regulation of lymphocyte activation,5,3.382491052140656,0.2749611622462776,2.3390819631015485,2.075469489466743,0.062493750624937505,0.7997537654547503,False
GO_BP,WHIL,GO:0051251,positive regulation of lymphocyte activation,17,-0.15555763462448877,-1.279390487006225,-0.8753297811519182,0.9218024994545827,0.21557844215578442,0.7997537654547503,False
GO_BP,WHIL,GO:0051252,regulation of RNA metabolic process,87,-0.37121663511437025,0.7966124332847465,0.6988404340188723,-1.1189430687661797,0.8184181581841816,0.8647994988263649,False
GO_BP,WHIL,GO:0051253,negative regulation of RNA metabolic process,52,-0.15635195249233472,0.7166766665835931,0.8593115752499693,-0.9443460734091158,0.771022897710229,0.8413560881152622,False
GO_BP,WHIL,GO:0051254,positive regulation of RNA metabolic process,59,-0.690664227462831,-0.0471742403889313,0.5141238517650625,-0.9241390331508965,0.7688231176882312,0.8410037500922803,False
GO_BP,WHIL,GO:0051259,protein complex oligomerization,9,0.003319665004661738,1.623237592297498,0.18374492859952632,-0.9001715954438504,0.7691230876912308,0.8410037500922803,False
GO_BP,WHIL,GO:0051260,protein homooligomerization,9,0.003319665004661738,1.623237592297498,0.18374492859952632,-0.9001715954438504,0.7691230876912308,0.8410037500922803,False
GO_BP,WHIL,GO:0051276,chromosome organization,13,2.181723917846714,0.6182234675005448,1.7002218482823956,1.0225012599552439,0.19358064193580643,0.7997537654547503,False
GO_BP,WHIL,GO:0051279,regulation of release of sequestered calcium ion into cytosol,6,-0.00440726894932676,1.020379532221613,1.3251536793171623,-1.1771738747187146,0.8475152484751525,0.8829856106108,False
GO_BP,WHIL,GO:0051302,regulation of cell division,11,0.5240778342634527,-0.6205962815504302,-0.02846643839049759,0.8486091942339166,0.23827617238276172,0.7997537654547503,False
GO_BP,WHIL,GO:0051338,regulation of transferase activity,13,0.34762358026513435,-0.0034497589846452926,-0.4541068593598423,0.5764018894373781,0.2947705229477052,0.7997537654547503,False
GO_BP,WHIL,GO:0051349,positive regulation of lyase activity,7,-1.1690713464744842,-1.1139447837066982,-1.7454945837670846,0.2606483372624073,0.3661633836616338,0.7997537654547503,False
GO_BP,WHIL,GO:0051384,response to glucocorticoid,13,0.9850490548369948,2.3031690541624026,2.4789352764019026,-1.4060031104451578,0.892010798920108,0.9156855755529952,False
GO_BP,WHIL,GO:0051402,neuron apoptotic process,5,-0.4354276476081409,-0.6047857316609789,-0.21289187595291947,-0.026588843801191697,0.47305269473052697,0.7997537654547503,False
GO_BP,WHIL,GO:0051481,negative regulation of cytosolic calcium ion concentration,5,-0.3550238775179782,-0.6578968007822739,-0.9611337879445521,0.45449141684543476,0.33806619338066196,0.7997537654547503,False
GO_BP,WHIL,GO:0051493,regulation of cytoskeleton organization,21,0.9294908542122825,0.6961381182235898,-0.1954148480802633,0.6791292191406193,0.2683731626837316,0.7997537654547503,False
GO_BP,WHIL,GO:0051494,negative regulation of cytoskeleton organization,5,-0.07483751122849983,-0.6590468503388497,-0.8476255187468709,0.6784986733143605,0.2890710928907109,0.7997537654547503,False
GO_BP,WHIL,GO:0051495,positive regulation of cytoskeleton organization,9,1.0622732154559844,1.0541464037745165,0.2660477160957313,0.4021761555208605,0.31026897310268975,0.7997537654547503,False
GO_BP,WHIL,GO:0051580,regulation of neurotransmitter uptake,5,-0.3094444013588329,0.18029737611667881,0.6259081642180937,-0.7125471715262192,0.7277272272772722,0.8242357582423576,False
GO_BP,WHIL,GO:0051588,regulation of neurotransmitter transport,7,-0.23756780669436622,0.24657750131157063,0.4425438213352795,-0.5821284680177913,0.6713328667133287,0.8033058431305515,False
GO_BP,WHIL,GO:0051591,response to cAMP,6,0.7560804162987328,-0.6784762855329941,-0.2154900047370549,1.2030635614337573,0.13958604139586042,0.7997537654547503,False
GO_BP,WHIL,GO:0051604,protein maturation,15,-0.784313392000765,-0.34351301079245045,-0.5831831302251135,-0.32096532149198304,0.6018398160183982,0.7997537654547503,False
GO_BP,WHIL,GO:0051606,detection of stimulus,10,-0.6627487772337288,0.6292368871354,-0.27880589302883163,-0.837964274287013,0.7845215478452154,0.848232666350347,False
GO_BP,WHIL,GO:0051607,defense response to virus,11,-0.8206617952841659,1.1186324556344491,0.6383107673012908,-1.6991334067520358,0.9359064093590641,0.9497055498266306,False
GO_BP,WHIL,GO:0051640,organelle localization,9,-0.1260279192841242,0.09808459457368492,-0.07051222002212472,-0.1398141065599043,0.5142485751424858,0.7997537654547503,False
GO_BP,WHIL,GO:0051641,cellular localization,35,-1.9416562264652424,-1.5375923966102027,-2.1463755403230236,-0.09967225799862933,0.5217478252174782,0.7997537654547503,False
GO_BP,WHIL,GO:0051649,establishment of localization in cell,27,-1.6093306848575941,-1.0940339089456552,-1.1900186062842122,-0.4673044272426603,0.6407359264073592,0.8009199080091991,False
GO_BP,WHIL,GO:0051656,establishment of organelle localization,8,-0.05600563757609232,0.1793117597806429,0.056416504400855244,-0.1738697696668414,0.5261473852614739,0.7997537654547503,False
GO_BP,WHIL,GO:0051668,localization within membrane,6,-0.6442175488815312,-0.8548049170384574,-1.6382823241037965,0.6023260716895957,0.2882711728827117,0.7997537654547503,False
GO_BP,WHIL,GO:0051701,biological process involved in interaction with host,7,-1.5646990401422347,-0.7228490722482177,-1.0510123039659391,-0.6777683520351563,0.7199280071992801,0.8189749814517819,False
GO_BP,WHIL,GO:0051707,response to other organism,53,-0.6858788077330084,0.06472671890781022,-0.2452625170777531,-0.5956109086480369,0.6816318368163183,0.8040587070325225,False
GO_BP,WHIL,GO:0051726,regulation of cell cycle,37,-0.9253357895369572,-1.9755771113955354,-1.4812038163292214,0.8030546743254212,0.24667533246675333,0.7997537654547503,False
GO_BP,WHIL,GO:0051781,positive regulation of cell division,7,0.5088510912216518,-0.30910414048977786,0.20519871831914607,0.5608038023069677,0.29147085291470853,0.7997537654547503,False
GO_BP,WHIL,GO:0051783,regulation of nuclear division,8,-0.7778764243729727,-0.9182756639994486,-1.2382518797077267,0.300387347480615,0.3772622737726227,0.7997537654547503,False
GO_BP,WHIL,GO:0051785,positive regulation of nuclear division,6,-0.6589056080777799,-0.64193067363644,-0.9841600406518501,0.15413974906636518,0.404959504049595,0.7997537654547503,False
GO_BP,WHIL,GO:0051881,regulation of mitochondrial membrane potential,10,0.14413872445711273,-0.033283320198331114,-0.17864465740919708,0.25010271326087685,0.396960303969603,0.7997537654547503,False
GO_BP,WHIL,GO:0051893,regulation of focal adhesion assembly,8,-0.13868514149972758,-1.1816550500508245,-1.1934193232361725,1.0488520451437708,0.17918208179182082,0.7997537654547503,False
GO_BP,WHIL,GO:0051896,regulation of phosphatidylinositol 3-kinase/protein kinase B signal transduction,35,0.14891518036725385,-1.5325970680909342,-1.3465325257150154,1.5884799772702287,0.10108989101089891,0.7997537654547503,False
GO_BP,WHIL,GO:0051897,positive regulation of phosphatidylinositol 3-kinase/protein kinase B signal transduction,29,-0.049830620515758914,-2.110225213323932,-1.6708070009356504,1.8406854866140323,0.07479252074792521,0.7997537654547503,False
GO_BP,WHIL,GO:0051898,negative regulation of phosphatidylinositol 3-kinase/protein kinase B signal transduction,6,0.42266643750719135,0.3291697751488695,-0.1495685253618581,0.33286581261368564,0.33366663333666635,0.7997537654547503,False
GO_BP,WHIL,GO:0051899,membrane depolarization,8,0.03712428063056555,1.0628359606722093,1.1469097117964817,-1.06774855560378,0.823017698230177,0.867309801332409,False
GO_BP,WHIL,GO:0051924,regulation of calcium ion transport,17,-0.5864217266409141,-0.09770527078149886,0.057115383845216465,-0.5661267831727729,0.6685331466853315,0.8033058431305515,False
GO_BP,WHIL,GO:0051928,positive regulation of calcium ion transport,6,-0.2305468362067163,0.8684479845041522,0.9000231640736606,-1.1147824104956225,0.8343165683431657,0.8748052406405495,False
GO_BP,WHIL,GO:0051930,regulation of sensory perception of pain,5,0.3747592777082902,0.3897919034413021,0.16250053905874942,0.09861305645826446,0.4440555944405559,0.7997537654547503,False
GO_BP,WHIL,GO:0051931,regulation of sensory perception,5,0.3747592777082902,0.3897919034413021,0.16250053905874942,0.09861305645826446,0.4440555944405559,0.7997537654547503,False
GO_BP,WHIL,GO:0051952,regulation of amine transport,13,-1.548410869205087,-0.9674085681643397,-1.8824892820813384,-0.12346194408224798,0.5168483151684832,0.7997537654547503,False
GO_BP,WHIL,GO:0051953,negative regulation of amine transport,5,-0.8167947639291304,-0.6137900104032414,-1.0266640600310433,0.0034322712880119344,0.45835416458354167,0.7997537654547503,False
GO_BP,WHIL,GO:0051960,regulation of nervous system development,14,0.15559539461454472,0.9347149590583156,0.17084691472406263,-0.3971855422766444,0.6082391760823918,0.7997537654547503,False
GO_BP,WHIL,GO:0051961,negative regulation of nervous system development,5,-0.2540121821463563,0.8198160046432418,0.8583395920811664,-1.0930899805085603,0.8293170682931706,0.8719846954868655,False
GO_BP,WHIL,GO:0051962,positive regulation of nervous system development,9,0.3844994602430172,0.6637678220454304,-0.2814886600282369,0.19335987923442044,0.40485951404859516,0.7997537654547503,False
GO_BP,WHIL,GO:0051963,regulation of synapse assembly,8,1.1249097571036004,0.6380139636098352,1.1584587701258036,0.22667339023578104,0.39206079392060794,0.7997537654547503,False
GO_BP,WHIL,GO:0051966,"regulation of synaptic transmission, glutamatergic",14,-1.7042761961887434,-0.3761738622408902,-0.6584768436043522,-1.1869508432661222,0.8341165883411659,0.8748052406405495,False
GO_BP,WHIL,GO:0051967,"negative regulation of synaptic transmission, glutamatergic",5,-1.2896124068460155,-0.9570427486877825,-1.2677185376650366,-0.1772317636696059,0.5261473852614739,0.7997537654547503,False
GO_BP,WHIL,GO:0051983,regulation of chromosome segregation,6,-0.7813173150763537,-1.2000151513524826,-0.7022463890013426,0.1698134551005589,0.41085891410858916,0.7997537654547503,False
GO_BP,WHIL,GO:0055074,calcium ion homeostasis,17,-0.7456916097052885,0.442872168757066,-0.48568964469506437,-0.7242828717362892,0.7164283571642835,0.8163829343873502,False
GO_BP,WHIL,GO:0055080,monoatomic cation homeostasis,24,0.5220139235328389,0.36787895409559423,0.33460303199425717,0.1707729304879132,0.42555744425557446,0.7997537654547503,False
GO_BP,WHIL,GO:0055082,intracellular chemical homeostasis,28,1.7648746619293794,0.1171128958752861,0.7824687656944206,1.315083831144526,0.1421857814218578,0.7997537654547503,False
GO_BP,WHIL,GO:0055085,transmembrane transport,50,-1.1921692534242538,1.6340154466626495,1.1380120005107195,-2.5781829770109383,0.9886011398860114,0.9905059590380076,False
GO_BP,WHIL,GO:0055086,nucleobase-containing small molecule metabolic process,18,-0.43920609087836426,-0.8649683870980083,-0.5827425128801373,0.28464935911070854,0.3852614738526147,0.7997537654547503,False
GO_BP,WHIL,GO:0055088,lipid homeostasis,10,0.056342892996509256,-0.07253399569197795,0.13392933550624755,0.025645223089374454,0.47225277472252775,0.7997537654547503,False
GO_BP,WHIL,GO:0055092,sterol homeostasis,7,0.5619792001273488,-0.13195300082635986,0.355777949397145,0.45006672584195623,0.32126787321267875,0.7997537654547503,False
GO_BP,WHIL,GO:0055094,response to lipoprotein particle,6,-1.0478553191801294,-0.3095581491640796,-0.4332348123284577,-0.6764588384338608,0.7026297370262974,0.8095290914040059,False
GO_BP,WHIL,GO:0055117,regulation of cardiac muscle contraction,9,-0.7616336825719153,-1.1848787473393965,-1.0397382131444788,0.3506747976700223,0.3544645535446455,0.7997537654547503,False
GO_BP,WHIL,GO:0060047,heart contraction,5,-0.15314333978045866,0.33430961375486107,0.2703123108209898,-0.4554543020683841,0.652934706529347,0.8020133445239224,False
GO_BP,WHIL,GO:0060048,cardiac muscle contraction,5,-0.15314333978045866,0.33430961375486107,0.2703123108209898,-0.4554543020683841,0.652934706529347,0.8020133445239224,False
GO_BP,WHIL,GO:0060078,regulation of postsynaptic membrane potential,20,-2.2132182079262663,-0.09573805425508886,-1.7557775305481909,-1.2874604155246265,0.8536146385361464,0.8867739197223452,False
GO_BP,WHIL,GO:0060079,excitatory postsynaptic potential,12,-1.444919939014454,0.4316188646457885,-1.3602058290444696,-0.9806264568151135,0.7873212678732127,0.8491008206429069,False
GO_BP,WHIL,GO:0060249,anatomical structure homeostasis,9,0.4018984033951079,-0.8274158088060501,0.24379516708927249,0.6937087242534967,0.27107289271072893,0.7997537654547503,False
GO_BP,WHIL,GO:0060255,regulation of macromolecule metabolic process,160,0.7058082156812775,0.7842999564857989,0.4386387526861078,0.09433886109532419,0.47135286471352866,0.7997537654547503,False
GO_BP,WHIL,GO:0060284,regulation of cell development,28,-0.7444697780311735,-0.5206323730710837,-0.9726498412737955,0.002171329141266054,0.48705129487051296,0.7997537654547503,False
GO_BP,WHIL,GO:0060322,head development,19,-0.9844600743278459,-0.14808831803908168,-0.27250194068267125,-0.7741649449669694,0.746025397460254,0.8304082790294098,False
GO_BP,WHIL,GO:0060326,cell chemotaxis,15,-1.3683673817103965,-0.29581273314076456,-0.42910974642308825,-1.00590614192847,0.8046195380461953,0.8572042204063617,False
GO_BP,WHIL,GO:0060338,regulation of type I interferon-mediated signaling pathway,5,5.0203559255463,1.1232727903028386,3.372015111827796,2.772711974480983,0.020897910208979104,0.7997537654547503,False
GO_BP,WHIL,GO:0060341,regulation of cellular localization,27,0.2674142289290111,0.04441070900761137,-0.41126511395974197,0.45084143140507643,0.34536546345365465,0.7997537654547503,False
GO_BP,WHIL,GO:0060348,bone development,5,-1.0855903745933644,-1.0594267559914428,-1.6918869689552587,0.29006648787998635,0.36346365363463656,0.7997537654547503,False
GO_BP,WHIL,GO:0060416,response to growth hormone,5,-0.09609357298864438,-0.014993705586065836,-0.663253711169359,0.24303013538906806,0.3792620737926207,0.7997537654547503,False
GO_BP,WHIL,GO:0060429,epithelium development,27,-2.6062338138336902,-2.4901053385859573,-2.494304788476318,-0.11402875030255233,0.5247475252474753,0.7997537654547503,False
GO_BP,WHIL,GO:0060491,regulation of cell projection assembly,6,-0.6590069601479224,-0.07672041753606385,-1.0259052462317775,-0.10769412826400171,0.5042495750424958,0.7997537654547503,False
GO_BP,WHIL,GO:0060627,regulation of vesicle-mediated transport,13,-0.735651114028972,-1.396713524565187,-1.230458410038473,0.577934853272858,0.30426957304269575,0.7997537654547503,False
GO_BP,WHIL,GO:0060759,regulation of response to cytokine stimulus,15,2.4583603750832257,-0.22063773546309354,1.2343329157015503,1.9515127849639973,0.06379362063793621,0.7997537654547503,False
GO_BP,WHIL,GO:0060760,positive regulation of response to cytokine stimulus,5,-0.9719170622701966,-0.8839792198747667,-0.9867415362433939,-0.03655668421111635,0.4784521547845215,0.7997537654547503,False
GO_BP,WHIL,GO:0060761,negative regulation of response to cytokine stimulus,6,1.3874421300543647,-0.302952328728306,0.5892693037665097,1.2442836425352628,0.15408459154084592,0.7997537654547503,False
GO_BP,WHIL,GO:0060828,regulation of canonical Wnt signaling pathway,11,-0.7498129102560449,-0.4871385988218498,-0.7202208580647862,-0.14613318181272694,0.5196480351964804,0.7997537654547503,False
GO_BP,WHIL,GO:0061008,hepaticobiliary system development,8,0.9933339691538462,1.5937318131334866,2.4934280768711754,-1.0502459758484846,0.82991700829917,0.8722235793487797,False
GO_BP,WHIL,GO:0061013,regulation of mRNA catabolic process,6,-0.7928318239305236,-0.35145925660447186,-0.7183105645092821,-0.2579469133736467,0.5544445555444456,0.7997537654547503,False
GO_BP,WHIL,GO:0061024,membrane organization,15,-0.6906677082830087,-0.7552618727427789,-0.932183136257172,0.15305479621696672,0.43325667433256676,0.7997537654547503,False
GO_BP,WHIL,GO:0061041,regulation of wound healing,11,-0.8824920397580682,-0.4946001235604214,-0.7171109039330648,-0.27663652601132516,0.575042495750425,0.7997537654547503,False
GO_BP,WHIL,GO:0061045,negative regulation of wound healing,6,-0.8548012724665044,-0.690030700433309,-0.7768095192978839,-0.12138116260090792,0.50994900509949,0.7997537654547503,False
GO_BP,WHIL,GO:0061136,regulation of proteasomal protein catabolic process,11,-1.6923302248326941,0.21908428331482963,-1.136399108859004,-1.233672812060607,0.8512148785121488,0.8857017452408468,False
GO_BP,WHIL,GO:0061337,cardiac conduction,5,-0.8068748551005523,-0.48114380035064996,-0.5935182891510771,-0.2695438103496889,0.5693430656934306,0.7997537654547503,False
GO_BP,WHIL,GO:0061458,reproductive system development,10,0.7876416602780645,0.019083631174308457,0.5344609775819307,0.5108693558999449,0.31686831316868314,0.7997537654547503,False
GO_BP,WHIL,GO:0061564,axon development,11,0.890095861286751,0.11318038650539906,0.3090522977506245,0.6789795191587392,0.266973302669733,0.7997537654547503,False
GO_BP,WHIL,GO:0061919,process utilizing autophagic mechanism,8,-0.6206006514307331,-0.2432154701926829,-0.9111814826965201,-0.043402174986131525,0.48205179482051796,0.7997537654547503,False
GO_BP,WHIL,GO:0062012,regulation of small molecule metabolic process,29,0.5926915537777265,0.7143593999324698,1.5127361346482129,-0.5208562135126148,0.6565343465653435,0.8021183808124269,False
GO_BP,WHIL,GO:0062013,positive regulation of small molecule metabolic process,19,-0.2156208540025929,-0.9948690121394126,-0.6123584125032248,0.5879928583187258,0.31086891310868914,0.7997537654547503,False
GO_BP,WHIL,GO:0062014,negative regulation of small molecule metabolic process,7,1.151324350838005,2.26476753730411,2.6976316251400605,-1.3298752303840802,0.8831116888311169,0.9083434513691487,False
GO_BP,WHIL,GO:0062197,cellular response to chemical stress,25,-0.3836885355630095,-0.770035601486908,-0.45578609092034894,0.22922231064061893,0.405959404059594,0.7997537654547503,False
GO_BP,WHIL,GO:0062207,regulation of pattern recognition receptor signaling pathway,15,-1.0684705493212527,-1.8891185557619887,-1.4922799530663362,0.6222287050929098,0.28577142285771423,0.7997537654547503,False
GO_BP,WHIL,GO:0062208,positive regulation of pattern recognition receptor signaling pathway,5,-0.6751043369095714,-1.149404177657639,-0.9664982917888189,0.38284689781365755,0.31496850314968505,0.7997537654547503,False
GO_BP,WHIL,GO:0065003,protein-containing complex assembly,21,-0.3995748659569135,1.164820312281444,0.10052608941774838,-1.0322480668065097,0.7973202679732027,0.8530998751976654,False
GO_BP,WHIL,GO:0065008,regulation of biological quality,173,-0.502922488479627,0.8099093416218559,0.519043858301764,-1.167399088441437,0.8285171482851715,0.8715352335299175,False
GO_BP,WHIL,GO:0065009,regulation of molecular function,35,-0.5064341550041683,-1.1194752213186034,-1.6095298805183986,0.8580683959143326,0.23677632236776322,0.7997537654547503,False
GO_BP,WHIL,GO:0070098,chemokine-mediated signaling pathway,6,-0.5121310946034565,-0.9228300999362601,-0.8554236593981243,0.37699578506373566,0.34466553344665535,0.7997537654547503,False
GO_BP,WHIL,GO:0070141,response to UV-A,6,-1.1193059387726254,-1.0629422822753083,-1.2261629895657697,0.0252466971479135,0.45535446455354467,0.7997537654547503,False
GO_BP,WHIL,GO:0070167,regulation of biomineral tissue development,5,-0.3111192348126414,0.7210583390187775,0.1418009407961702,-0.7425488747201152,0.8171182881711829,0.8645972391230242,False
GO_BP,WHIL,GO:0070201,regulation of establishment of protein localization,38,0.7483612595276266,0.0536302940187199,-0.23281800522573828,0.8379551151311357,0.23917608239176083,0.7997537654547503,False
GO_BP,WHIL,GO:0070252,actin-mediated cell contraction,5,-0.15314333978045866,0.33430961375486107,0.2703123108209898,-0.4554543020683841,0.652934706529347,0.8020133445239224,False
GO_BP,WHIL,GO:0070293,renal absorption,6,-0.39585658917793887,-0.3603359248883824,-0.5383087548929409,0.053465750712722804,0.4293570642935706,0.7997537654547503,False
GO_BP,WHIL,GO:0070301,cellular response to hydrogen peroxide,8,-0.6704191191961936,-0.634560778326983,-0.27975530821820577,-0.21326107592359922,0.5593440655934406,0.7997537654547503,False
GO_BP,WHIL,GO:0070372,regulation of ERK1 and ERK2 cascade,33,2.2940329790682226,-0.2418939706826688,0.1799579157520043,2.325001006533555,0.0326967303269673,0.7997537654547503,False
GO_BP,WHIL,GO:0070373,negative regulation of ERK1 and ERK2 cascade,5,3.705001669415501,1.0427227454670032,1.7529569975721535,2.3071617978959225,0.04689531046895311,0.7997537654547503,False
GO_BP,WHIL,GO:0070374,positive regulation of ERK1 and ERK2 cascade,25,0.41396203055447567,-0.39347658932182805,-0.4932818555282194,0.8573412529794994,0.2278772122787721,0.7997537654547503,False
GO_BP,WHIL,GO:0070482,response to oxygen levels,29,-0.0985549161837416,-0.8340967194647755,-0.891955182594932,0.7644710348461121,0.26277372262773724,0.7997537654547503,False
GO_BP,WHIL,GO:0070507,regulation of microtubule cytoskeleton organization,9,0.6383198089518151,0.893471073236857,0.07129913421255116,0.15593470522711095,0.41215878412158785,0.7997537654547503,False
GO_BP,WHIL,GO:0070542,response to fatty acid,8,0.8479625849518908,-0.8315775081535867,-0.3092513722583511,1.4183770251578598,0.12768723127687232,0.7997537654547503,False
GO_BP,WHIL,GO:0070555,response to interleukin-1,9,-1.040316679940194,-0.5339868384231513,-0.4049998106387484,-0.5708233554092441,0.6599340065993401,0.8026224404586569,False
GO_BP,WHIL,GO:0070588,calcium ion transmembrane transport,10,-0.5195824037467601,0.799812509851422,-0.32348680542248237,-0.75774525596123,0.7355264473552645,0.8272002173432764,False
GO_BP,WHIL,GO:0070633,transepithelial transport,5,-0.20346808728901655,-0.3376611521361109,0.10045040499128449,-0.08486271371660334,0.48455154484551544,0.7997537654547503,False
GO_BP,WHIL,GO:0070647,protein modification by small protein conjugation or removal,13,-0.09049471409045229,2.410967368870832,1.5781015353887042,-2.0850291662202203,0.9675032496750325,0.9720728227735406,False
GO_BP,WHIL,GO:0070663,regulation of leukocyte proliferation,10,0.43440261840827943,-0.33143822241740023,-0.549212952455855,0.8747282058449071,0.21887811218878112,0.7997537654547503,False
GO_BP,WHIL,GO:0070665,positive regulation of leukocyte proliferation,7,-0.47754379435980676,-0.41633810620528905,-1.0826443242916997,0.2719474208886876,0.37646235376462356,0.7997537654547503,False
GO_BP,WHIL,GO:0070741,response to interleukin-6,5,-1.2323562220968078,-1.1699225098263473,-0.8795933411673771,-0.20759829659994566,0.5341465853414659,0.7997537654547503,False
GO_BP,WHIL,GO:0070828,heterochromatin organization,8,1.5916028779470521,0.8660019698277863,1.817526699062886,0.24983854350171586,0.38946105389461055,0.7997537654547503,False
GO_BP,WHIL,GO:0070848,response to growth factor,35,0.4340919153401416,-0.19022004592703137,-0.11316934658159666,0.5857866115944557,0.30996900309969005,0.7997537654547503,False
GO_BP,WHIL,GO:0070849,response to epidermal growth factor,8,1.0689788893662864,-0.9294126131069332,-0.8059854822815109,1.9366779370605085,0.06999300069993,0.7997537654547503,False
GO_BP,WHIL,GO:0070887,cellular response to chemical stimulus,181,0.07004376677930998,1.025464210447538,0.8169855052867798,-0.8511810910878489,0.7598240175982401,0.8377552075300945,False
GO_BP,WHIL,GO:0070925,organelle assembly,11,-0.2401091538907721,1.1311989074912228,0.6711438368990392,-1.1412805260859031,0.8303169683031697,0.8722521687225216,False
GO_BP,WHIL,GO:0070988,demethylation,6,0.45475143398827295,0.7438359824251585,0.24470433497223484,-0.039518724710423725,0.48005199480051997,0.7997537654547503,False
GO_BP,WHIL,GO:0070989,oxidative demethylation,6,0.45475143398827295,0.7438359824251585,0.24470433497223484,-0.039518724710423725,0.48005199480051997,0.7997537654547503,False
GO_BP,WHIL,GO:0071071,regulation of phospholipid biosynthetic process,5,0.6850376279998154,-0.26090804151525226,0.9521454095814164,0.33941894396673333,0.34426557344265574,0.7997537654547503,False
GO_BP,WHIL,GO:0071073,positive regulation of phospholipid biosynthetic process,5,0.6850376279998154,-0.26090804151525226,0.9521454095814164,0.33941894396673333,0.34426557344265574,0.7997537654547503,False
GO_BP,WHIL,GO:0071214,cellular response to abiotic stimulus,19,0.20152283878434665,-0.36029406909810624,-0.46360335287039994,0.6134715497685997,0.291970802919708,0.7997537654547503,False
GO_BP,WHIL,GO:0071216,cellular response to biotic stimulus,20,0.17885778730404084,0.5505368566823782,0.5977682307594695,-0.395294756416883,0.6171382861713829,0.7997537654547503,False
GO_BP,WHIL,GO:0071219,cellular response to molecule of bacterial origin,19,0.3694939086294731,0.8688628998804597,0.7266781742268386,-0.4282766284241761,0.6279372062793721,0.7997537654547503,False
GO_BP,WHIL,GO:0071222,cellular response to lipopolysaccharide,18,-0.2765894373024849,0.8401289794421842,0.2377858136035322,-0.8155468338253431,0.7548245175482452,0.8348409015431161,False
GO_BP,WHIL,GO:0071229,cellular response to acid chemical,8,-0.5227776801703437,-0.7943833598384359,-0.8068584453195778,0.2778432224086632,0.36646335366463356,0.7997537654547503,False
GO_BP,WHIL,GO:0071230,cellular response to amino acid stimulus,7,-0.692779906215351,-0.7213296709961401,-0.7518503465496951,0.043810102557566566,0.4507549245075492,0.7997537654547503,False
GO_BP,WHIL,GO:0071248,cellular response to metal ion,10,-0.3891510024638066,-0.3986940620013342,-0.43443145129383925,0.027411754183780168,0.45895410458954106,0.7997537654547503,False
GO_BP,WHIL,GO:0071300,cellular response to retinoic acid,5,-0.42643067120892353,0.6672656159189365,-0.22405330325608888,-0.6480368275403474,0.7190280971902809,0.8186619917429323,False
GO_BP,WHIL,GO:0071312,cellular response to alkaloid,5,-0.36342747707177936,1.2219791947802676,-0.283894851837019,-0.8324696485434037,0.768023197680232,0.8410037500922803,False
GO_BP,WHIL,GO:0071322,cellular response to carbohydrate stimulus,5,-0.6141299966165987,0.019147252180782066,-0.4779573422685503,-0.3847249515727146,0.6241375862413758,0.7997537654547503,False
GO_BP,WHIL,GO:0071326,cellular response to monosaccharide stimulus,5,-0.6141299966165987,0.019147252180782066,-0.4779573422685503,-0.3847249515727146,0.6241375862413758,0.7997537654547503,False
GO_BP,WHIL,GO:0071331,cellular response to hexose stimulus,5,-0.6141299966165987,0.019147252180782066,-0.4779573422685503,-0.3847249515727146,0.6241375862413758,0.7997537654547503,False
GO_BP,WHIL,GO:0071345,cellular response to cytokine stimulus,30,-0.9015450195374273,-0.6985970577636891,-0.43373864410690527,-0.33537716860213007,0.6046395360463953,0.7997537654547503,False
GO_BP,WHIL,GO:0071347,cellular response to interleukin-1,5,-0.7068702052937161,0.4499393028714461,0.6099410908149323,-1.2368104021369053,0.8611138886111389,0.8929787278307401,False
GO_BP,WHIL,GO:0071354,cellular response to interleukin-6,5,-1.2323562220968078,-1.1699225098263473,-0.8795933411673771,-0.20759829659994566,0.5341465853414659,0.7997537654547503,False
GO_BP,WHIL,GO:0071356,cellular response to tumor necrosis factor,6,-0.39032871342125225,1.1681293739885406,1.255759821243528,-1.6022733110372867,0.9294070592940706,0.9448507799089768,False
GO_BP,WHIL,GO:0071363,cellular response to growth factor stimulus,34,0.2568774455022942,-0.132852882513179,-0.018384365707214568,0.332496069612491,0.38676132386761325,0.7997537654547503,False
GO_BP,WHIL,GO:0071364,cellular response to epidermal growth factor stimulus,7,0.8422710205092082,-0.9592175623418732,-0.7374690743570951,1.6906143388586923,0.09069093090690931,0.7997537654547503,False
GO_BP,WHIL,GO:0071375,cellular response to peptide hormone stimulus,30,0.6735595804511966,-0.5834548378610867,-0.10350929512174181,1.017041646942611,0.19858014198580143,0.7997537654547503,False
GO_BP,WHIL,GO:0071383,cellular response to steroid hormone stimulus,22,0.505557942281328,2.4255369829224005,2.4564729037113064,-1.9354470010355254,0.9498050194980502,0.9612011771795794,False
GO_BP,WHIL,GO:0071384,cellular response to corticosteroid stimulus,6,1.7805453474500312,2.656223118403753,2.911921791407048,-1.0035271074553693,0.821917808219178,0.8665409647365968,False
GO_BP,WHIL,GO:0071385,cellular response to glucocorticoid stimulus,5,2.0828891367850315,2.892192594409411,3.1689800651235087,-0.9476971929814284,0.8181181881811819,0.8647994988263649,False
GO_BP,WHIL,GO:0071396,cellular response to lipid,52,0.06494333842112501,1.6882567076687836,1.6625386327548708,-1.610454331790702,0.9076092390760924,0.9274260346891074,False
GO_BP,WHIL,GO:0071398,cellular response to fatty acid,5,0.8807325622483955,-1.1160992332635529,-0.13664820996368995,1.5071062838620168,0.11358864113588642,0.7997537654547503,False
GO_BP,WHIL,GO:0071402,cellular response to lipoprotein particle stimulus,6,-1.0478553191801294,-0.3095581491640796,-0.4332348123284577,-0.6764588384338608,0.7026297370262974,0.8095290914040059,False
GO_BP,WHIL,GO:0071404,cellular response to low-density lipoprotein particle stimulus,6,-1.0478553191801294,-0.3095581491640796,-0.4332348123284577,-0.6764588384338608,0.7026297370262974,0.8095290914040059,False
GO_BP,WHIL,GO:0071453,cellular response to oxygen levels,11,1.4928524319764063,-0.08288195835557825,0.31965957114892707,1.3744636255797318,0.1337866213378662,0.7997537654547503,False
GO_BP,WHIL,GO:0071456,cellular response to hypoxia,11,1.4928524319764063,-0.08288195835557825,0.31965957114892707,1.3744636255797318,0.1337866213378662,0.7997537654547503,False
GO_BP,WHIL,GO:0071466,cellular response to xenobiotic stimulus,37,1.1370733410790603,1.7719366060369284,1.8514453223883565,-0.6746176231335821,0.708929107089291,0.8119051075073555,False
GO_BP,WHIL,GO:0071478,cellular response to radiation,10,-0.9791554985616802,-0.7211921094186398,-0.8610654740680694,-0.18802670681832556,0.5368463153684632,0.7997537654547503,False
GO_BP,WHIL,GO:0071482,cellular response to light stimulus,10,-0.9791554985616802,-0.7211921094186398,-0.8610654740680694,-0.18802670681832556,0.5368463153684632,0.7997537654547503,False
GO_BP,WHIL,GO:0071495,cellular response to endogenous stimulus,75,1.5029097029643055,2.174722882023647,2.58852238611266,-0.8787129311038482,0.7681231876812319,0.8410037500922803,False
GO_BP,WHIL,GO:0071498,cellular response to fluid shear stress,6,-0.03402633881465991,-0.3035263154247936,-0.7564024016661886,0.4959380197308312,0.3047695230476952,0.7997537654547503,False
GO_BP,WHIL,GO:0071559,response to transforming growth factor beta,8,-0.8284115129674819,-0.4074305452319689,-0.08895683956817911,-0.5802178205674079,0.6734326567343266,0.8033058431305515,False
GO_BP,WHIL,GO:0071560,cellular response to transforming growth factor beta stimulus,8,-0.8284115129674819,-0.4074305452319689,-0.08895683956817911,-0.5802178205674079,0.6734326567343266,0.8033058431305515,False
GO_BP,WHIL,GO:0071621,granulocyte chemotaxis,7,-1.066466595985368,0.06780303241096021,0.221994894585582,-1.2113655594836392,0.8519148085191481,0.8857017452408468,False
GO_BP,WHIL,GO:0071674,mononuclear cell migration,6,-1.2329965490793944,-0.8713372101264464,-0.7911095433476326,-0.4017731723423549,0.6181381861813818,0.7997537654547503,False
GO_BP,WHIL,GO:0071675,regulation of mononuclear cell migration,7,-0.20365191769462096,-0.5794994091465121,-0.8335807657504091,0.5028881697538397,0.2997700229977002,0.7997537654547503,False
GO_BP,WHIL,GO:0071677,positive regulation of mononuclear cell migration,5,0.4521541916103665,-0.6611478280201881,-0.4150024208490048,0.990229316044963,0.1792820717928207,0.7997537654547503,False
GO_BP,WHIL,GO:0071695,anatomical structure maturation,6,-0.7612639777229743,0.26563292481691436,-0.07458474330193893,-0.856788068480462,0.7643235676432357,0.8398765664640392,False
GO_BP,WHIL,GO:0071705,nitrogen compound transport,18,-1.1428590902034557,-1.3234854093902924,-0.8597028998927988,-0.05126493556191014,0.5016498350164984,0.7997537654547503,False
GO_BP,WHIL,GO:0071715,icosanoid transport,9,0.17852216705552396,1.284581781478368,1.0175890807681165,-0.9725632640677182,0.785921407859214,0.8484687863393592,False
GO_BP,WHIL,GO:0071763,nuclear membrane organization,5,-0.5689042414211757,-0.1868948886424226,-0.49015350190539864,-0.23038004614726504,0.5397460253974603,0.7997537654547503,False
GO_BP,WHIL,GO:0071825,protein-lipid complex organization,5,-0.09442493209238435,1.2428336112859182,0.7683534503242148,-1.100018462897451,0.8354164583541646,0.8748599295362475,False
GO_BP,WHIL,GO:0071827,plasma lipoprotein particle organization,5,-0.09442493209238435,1.2428336112859182,0.7683534503242148,-1.100018462897451,0.8354164583541646,0.8748599295362475,False
GO_BP,WHIL,GO:0071840,cellular component organization or biogenesis,120,-0.26189338933733075,-0.1742728826444247,-0.20351510676163256,-0.0729993946343021,0.5253474652534746,0.7997537654547503,False
GO_BP,WHIL,GO:0071867,response to monoamine,19,-1.2412408906362709,-0.04238042450874808,-0.44826722938372254,-0.9959170636900355,0.793920607939206,0.8513984948495309,False
GO_BP,WHIL,GO:0071868,cellular response to monoamine stimulus,19,-1.2412408906362709,-0.04238042450874808,-0.44826722938372254,-0.9959170636900355,0.793920607939206,0.8513984948495309,False
GO_BP,WHIL,GO:0071869,response to catecholamine,19,-1.2412408906362709,-0.04238042450874808,-0.44826722938372254,-0.9959170636900355,0.793920607939206,0.8513984948495309,False
GO_BP,WHIL,GO:0071870,cellular response to catecholamine stimulus,19,-1.2412408906362709,-0.04238042450874808,-0.44826722938372254,-0.9959170636900355,0.793920607939206,0.8513984948495309,False
GO_BP,WHIL,GO:0071875,adrenergic receptor signaling pathway,11,-1.27702830723711,-0.9070507257662992,-0.9014585219710362,-0.3727736833684423,0.6005399460053995,0.7997537654547503,False
GO_BP,WHIL,GO:0071880,adenylate cyclase-activating adrenergic receptor signaling pathway,7,-1.105522497315022,-0.7412525444449278,-0.6238798043231308,-0.4229563229309926,0.6213378662133786,0.7997537654547503,False
GO_BP,WHIL,GO:0071897,DNA biosynthetic process,7,-0.6647107357833358,0.41198993627921904,-0.31495298093296614,-0.7132292134564623,0.7278272172782722,0.8242357582423576,False
GO_BP,WHIL,GO:0071900,regulation of protein serine/threonine kinase activity,7,0.44051078912492,-0.06719614199243337,-0.4499618784001406,0.699089799321207,0.25737426257374263,0.7997537654547503,False
GO_BP,WHIL,GO:0071902,positive regulation of protein serine/threonine kinase activity,6,-0.7138040611573409,-0.8772600700860753,-1.1756039310202553,0.31262793939582445,0.35696430356964304,0.7997537654547503,False
GO_BP,WHIL,GO:0072001,renal system development,6,-1.0502806253666328,-0.8269729373478816,-1.6428053043270954,0.18460849547085556,0.40085991400859916,0.7997537654547503,False
GO_BP,WHIL,GO:0072330,monocarboxylic acid biosynthetic process,23,-0.30864667766439674,-0.08382317419977757,-0.4356233365331762,-0.04892342229791985,0.508049195080492,0.7997537654547503,False
GO_BP,WHIL,GO:0072348,sulfur compound transport,5,-1.2730207643567033,-0.6772014368925623,-0.47700093620068357,-0.6959195778100804,0.7171282871712829,0.8169815929799424,False
GO_BP,WHIL,GO:0072359,circulatory system development,28,-0.753886327089593,-0.31327259058345835,-0.6347945877552361,-0.2798527379202458,0.581041895810419,0.7997537654547503,False
GO_BP,WHIL,GO:0072521,purine-containing compound metabolic process,19,-0.3458588413864357,-0.7956486513846459,-0.33536452899656655,0.21964774880417054,0.41035896410358963,0.7997537654547503,False
GO_BP,WHIL,GO:0072523,purine-containing compound catabolic process,8,-0.3722628667187802,-0.41951172272697657,-0.27815042797704864,-0.023431791366767596,0.47005299470052997,0.7997537654547503,False
GO_BP,WHIL,GO:0072524,pyridine-containing compound metabolic process,8,-0.1487484310116449,-0.32534135647933116,-0.1647715212878373,0.09630800787193936,0.4413558644135586,0.7997537654547503,False
GO_BP,WHIL,GO:0072531,pyrimidine-containing compound transmembrane transport,5,-1.2607418168788675,-1.1208425599293736,-1.6579620932310064,0.12866050970132248,0.43285671432856715,0.7997537654547503,False
GO_BP,WHIL,GO:0072593,reactive oxygen species metabolic process,7,0.6059094209218624,-0.4644388686533694,-0.34884152006597624,1.0125496152815352,0.19868013198680132,0.7997537654547503,False
GO_BP,WHIL,GO:0072594,establishment of protein localization to organelle,7,-1.0791950213231607,-1.375447757444989,-1.1201139444691277,0.16858582963389757,0.41085891410858916,0.7997537654547503,False
GO_BP,WHIL,GO:0080090,regulation of primary metabolic process,149,0.5469954774193622,2.1249788576161324,1.9318869172257618,-1.4814374100015848,0.8889111088891111,0.9133049373438068,False
GO_BP,WHIL,GO:0080134,regulation of response to stress,88,0.8764427890045023,0.027408324297201598,-0.17159804569793258,0.9485376497048679,0.2201779822017798,0.7997537654547503,False
GO_BP,WHIL,GO:0080135,regulation of cellular response to stress,40,0.663264130455303,0.8188476923494623,-0.10727831966106723,0.30747944411110545,0.39306069393060694,0.7997537654547503,False
GO_BP,WHIL,GO:0080164,regulation of nitric oxide metabolic process,14,-0.7558093451564338,-1.152208099222953,-1.1801294006025396,0.4103594047563126,0.3461653834616538,0.7997537654547503,False
GO_BP,WHIL,GO:0086003,cardiac muscle cell contraction,5,-0.15314333978045866,0.33430961375486107,0.2703123108209898,-0.4554543020683841,0.652934706529347,0.8020133445239224,False
GO_BP,WHIL,GO:0086004,regulation of cardiac muscle cell contraction,5,-0.7701850197560518,-0.8031986555033589,-0.8830280599746795,0.07292833798296738,0.4286571342865713,0.7997537654547503,False
GO_BP,WHIL,GO:0086091,regulation of heart rate by cardiac conduction,5,-0.8068748551005523,-0.48114380035064996,-0.5935182891510771,-0.2695438103496889,0.5693430656934306,0.7997537654547503,False
GO_BP,WHIL,GO:0090066,regulation of anatomical structure size,46,-0.22540885460215712,0.29440503549250535,-0.24505235808648257,-0.25008519330516854,0.5720427957204279,0.7997537654547503,False
GO_BP,WHIL,GO:0090068,positive regulation of cell cycle process,18,-0.716591226569375,-1.5525160944021443,-1.5509996639460688,0.8351666526047317,0.23497650234976503,0.7997537654547503,False
GO_BP,WHIL,GO:0090087,regulation of peptide transport,17,0.997485977210457,-0.08281431777840093,0.19998775232936133,0.9388992599349768,0.2074792520747925,0.7997537654547503,False
GO_BP,WHIL,GO:0090092,regulation of transmembrane receptor protein serine/threonine kinase signaling pathway,14,-1.5003874849311858,-0.4783563131595656,-0.9078820940966061,-0.8072682813030999,0.7416258374162584,0.8288882260019403,False
GO_BP,WHIL,GO:0090100,positive regulation of transmembrane receptor protein serine/threonine kinase signaling pathway,6,-0.9121689966063881,-0.4963622712086273,-0.823715226429941,-0.2521302477871039,0.5595440455954405,0.7997537654547503,False
GO_BP,WHIL,GO:0090101,negative regulation of transmembrane receptor protein serine/threonine kinase signaling pathway,6,-1.1353705830593743,-0.18678952357995163,-0.5559886355489972,-0.7639815034948999,0.7413258674132587,0.8288882260019403,False
GO_BP,WHIL,GO:0090109,regulation of cell-substrate junction assembly,8,-0.13868514149972758,-1.1816550500508245,-1.1934193232361725,1.0488520451437708,0.17918208179182082,0.7997537654547503,False
GO_BP,WHIL,GO:0090181,regulation of cholesterol metabolic process,5,0.862068541111732,-0.2641719824226367,-0.054851112302747106,1.021580088474424,0.16578342165783422,0.7997537654547503,False
GO_BP,WHIL,GO:0090257,regulation of muscle system process,25,-1.1379162085839347,-0.51626585144724,-1.0031776905767211,-0.37819443757195415,0.6104389561043896,0.7997537654547503,False
GO_BP,WHIL,GO:0090263,positive regulation of canonical Wnt signaling pathway,8,-0.535382166859458,-0.6247352711499963,-0.5364056131272464,0.04518827527916325,0.44745525447455253,0.7997537654547503,False
GO_BP,WHIL,GO:0090276,regulation of peptide hormone secretion,15,0.9928222627929942,0.07395798486815176,0.274214380956212,0.8187360798808123,0.22847715228477153,0.7997537654547503,False
GO_BP,WHIL,GO:0090277,positive regulation of peptide hormone secretion,7,0.48993558181636815,-0.0481073377882164,0.10523610030099828,0.4613712005599772,0.3203679632036796,0.7997537654547503,False
GO_BP,WHIL,GO:0090278,negative regulation of peptide hormone secretion,5,-1.0133833922701436,-0.25714837278955427,-0.6790843266761483,-0.5452670425372923,0.6778322167783222,0.8033058431305515,False
GO_BP,WHIL,GO:0090287,regulation of cellular response to growth factor stimulus,14,-0.615309140992411,-0.2690662931311066,-0.6036319540566779,-0.17896001739851874,0.5347465253474653,0.7997537654547503,False
GO_BP,WHIL,GO:0090303,positive regulation of wound healing,7,-0.795076389871821,-0.31459481255012034,-0.7474303143522055,-0.2640638264206582,0.5606439356064393,0.7997537654547503,False
GO_BP,WHIL,GO:0090304,nucleic acid metabolic process,39,0.618441795251312,1.6148637957289647,1.4081725530098765,-0.8930763791181086,0.7617238276172382,0.8385078707557277,False
GO_BP,WHIL,GO:0090316,positive regulation of intracellular protein transport,9,-1.250866440675485,-0.3652279673893592,-1.2749914711166017,-0.43075672142250454,0.6267373262673732,0.7997537654547503,False
GO_BP,WHIL,GO:0090322,regulation of superoxide metabolic process,7,0.6819054423526523,-0.06372935317549004,0.14284803031568527,0.6423461037825546,0.25907409259074093,0.7997537654547503,False
GO_BP,WHIL,GO:0090330,regulation of platelet aggregation,6,-0.7524483541982303,-1.1541524492176976,-0.7753113737307443,0.2122835572759907,0.3802619738026197,0.7997537654547503,False
GO_BP,WHIL,GO:0090398,cellular senescence,5,-1.1911623503952251,2.031613675971891,-0.8758365284572901,-1.7690509241525256,0.9468053194680532,0.9588939396473684,False
GO_BP,WHIL,GO:0090407,organophosphate biosynthetic process,10,-0.638824720774663,0.6656853007412044,-0.35324811807984774,-0.7950433121053413,0.7518248175182481,0.8335797550308935,False
GO_BP,WHIL,GO:0090559,regulation of membrane permeability,5,-0.9359463336753497,0.07957845539801393,-0.6769932271260336,-0.6372389478113398,0.6943305669433056,0.8066356432115538,False
GO_BP,WHIL,GO:0090596,sensory organ morphogenesis,5,-2.1543859817339728,-0.6750550362060885,-1.42733286889648,-1.1031920291826887,0.8405159484051595,0.8788236457855556,False
GO_BP,WHIL,GO:0095500,acetylcholine receptor signaling pathway,10,-0.6488835766759026,-1.0248743381244754,-0.9354003808194592,0.33125378279606477,0.38096190380961903,0.7997537654547503,False
GO_BP,WHIL,GO:0097006,regulation of plasma lipoprotein particle levels,5,-0.09442493209238435,1.2428336112859182,0.7683534503242148,-1.100018462897451,0.8354164583541646,0.8748599295362475,False
GO_BP,WHIL,GO:0097009,energy homeostasis,5,-1.000592164232536,-0.6879125767451119,-1.040294544195798,-0.13648860376208094,0.5068493150684932,0.7997537654547503,False
GO_BP,WHIL,GO:0097190,apoptotic signaling pathway,18,-1.4601599954623983,-1.081591604799401,-0.9748874625295177,-0.43192046179793886,0.6294370562943705,0.7997700096049865,False
GO_BP,WHIL,GO:0097191,extrinsic apoptotic signaling pathway,7,-0.8898679912696504,0.09400522266018405,-0.35491390168589587,-0.7594136517567945,0.7299270072992701,0.8256467731670526,False
GO_BP,WHIL,GO:0097193,intrinsic apoptotic signaling pathway,9,-1.1132668751775479,-0.2755712041292154,-0.4852578604343855,-0.7328523428957474,0.7451254874512548,0.8300850467202744,False
GO_BP,WHIL,GO:0097237,cellular response to toxic substance,11,0.2915766321568608,-0.5832585538691926,-0.30500380664324755,0.7357078124130809,0.23577642235776422,0.7997537654547503,False
GO_BP,WHIL,GO:0097267,omega-hydroxylase P450 pathway,6,-0.6842442346392588,-0.8312284643414357,-0.7916977245606094,0.12721885981176384,0.42125787421257876,0.7997537654547503,False
GO_BP,WHIL,GO:0097305,response to alcohol,28,-0.9958118801549682,-0.45903233875716676,-1.560426684298273,0.013917631372751593,0.48375162483751627,0.7997537654547503,False
GO_BP,WHIL,GO:0097306,cellular response to alcohol,8,-0.7452104427775461,-0.8892789643924557,-1.2944684400277027,0.34666325943253296,0.3571642835716428,0.7997537654547503,False
GO_BP,WHIL,GO:0097435,supramolecular fiber organization,9,-0.07810725273875818,-0.21663367515979728,-0.4320890460068021,0.2462541078445415,0.38236176382361764,0.7997537654547503,False
GO_BP,WHIL,GO:0097485,neuron projection guidance,5,0.25285305431473126,-0.6224452025448142,0.0033155864149556264,0.5624178623796605,0.25847415258474155,0.7997537654547503,False
GO_BP,WHIL,GO:0097529,myeloid leukocyte migration,9,-1.1901872588515858,-0.3147467249636363,-0.26046618947505873,-0.9025808016322383,0.7729227077292271,0.8424029511347888,False
GO_BP,WHIL,GO:0097530,granulocyte migration,7,-1.066466595985368,0.06780303241096021,0.221994894585582,-1.2113655594836392,0.8519148085191481,0.8857017452408468,False
GO_BP,WHIL,GO:0097553,calcium ion transmembrane import into cytosol,7,-0.8478662967856109,1.6701908811805286,-0.3590589496945962,-1.5034322625285772,0.9096090390960904,0.9283571315857296,False
GO_BP,WHIL,GO:0097746,blood vessel diameter maintenance,34,-1.048005647268912,-0.987704469474296,-1.1100775127398075,0.0008853438381395407,0.48725127487251274,0.7997537654547503,False
GO_BP,WHIL,GO:0098542,defense response to other organism,21,-0.28131240629431614,0.9148534474257233,0.7976353133656702,-1.137556786690013,0.8245175482451755,0.8679132086791321,False
GO_BP,WHIL,GO:0098586,cellular response to virus,6,-0.7110443755897002,-0.8575921137443814,-0.920543007866319,0.17802318521564997,0.3955604439556044,0.7997537654547503,False
GO_BP,WHIL,GO:0098609,cell-cell adhesion,10,0.2596464644645922,-1.4530411521476863,-0.12687089670799298,1.0496024888924318,0.18418158184181582,0.7997537654547503,False
GO_BP,WHIL,GO:0098655,monoatomic cation transmembrane transport,24,-1.1431905358348655,0.36946929690405056,-0.3423927496128836,-1.156728809480449,0.8303169683031697,0.8722521687225216,False
GO_BP,WHIL,GO:0098656,monoatomic anion transmembrane transport,5,0.7645196206759974,2.1075543796612166,2.0638221114891246,-1.3211686248991732,0.8694130586941305,0.8985114733559757,False
GO_BP,WHIL,GO:0098657,import into cell,41,-1.3653312464484335,0.27940478359996224,-0.7129553456415852,-1.148555965427622,0.8331166883311669,0.8742121303564712,False
GO_BP,WHIL,GO:0098659,inorganic cation import across plasma membrane,6,-0.26433619070912373,2.5882207808620326,0.8123425225659889,-1.9646178424231344,0.9555044495550445,0.9642580373269269,False
GO_BP,WHIL,GO:0098664,G protein-coupled serotonin receptor signaling pathway,12,-0.8596699312704105,-0.9012859458996996,-0.4650048166903798,-0.17652454997537081,0.5141485851414859,0.7997537654547503,False
GO_BP,WHIL,GO:0098739,import across plasma membrane,10,-0.6492160715134807,1.2484586707981569,0.024775006865563755,-1.285832910345341,0.8589141085891411,0.8916854543472006,False
GO_BP,WHIL,GO:0098754,detoxification,14,0.4328465122861319,-0.6219002407670318,-0.2665394509700374,0.8770663581546665,0.2104789521047895,0.7997537654547503,False
GO_BP,WHIL,GO:0098771,inorganic ion homeostasis,25,0.6906917888030983,0.46237468929690917,0.34972536383611197,0.28464176223658777,0.38616138386161386,0.7997537654547503,False
GO_BP,WHIL,GO:0098773,skin epidermis development,5,-1.5224701941473924,-0.9207171704570097,-1.0034511543026594,-0.5603860317675577,0.6739326067393261,0.8033058431305515,False
GO_BP,WHIL,GO:0098815,modulation of excitatory postsynaptic potential,7,-0.8214649019694465,-0.7134937830099174,-0.6209513651137968,-0.1542423279075894,0.5287471252874713,0.7997537654547503,False
GO_BP,WHIL,GO:0098869,cellular oxidant detoxification,6,-0.3485245742234791,-0.48684508001487886,-0.5073288347820751,0.14856238317499787,0.38136186381361864,0.7997537654547503,False
GO_BP,WHIL,GO:0098916,anterograde trans-synaptic signaling,55,-1.399201090671216,0.26755711716889075,-0.5617133257246905,-1.252122986393316,0.8424157584241576,0.879630912410767,False
GO_BP,WHIL,GO:0098926,postsynaptic signal transduction,12,-1.3177115525326648,-1.3437647785505853,-0.9427167283033361,-0.17447079910570418,0.5371462853714628,0.7997537654547503,False
GO_BP,WHIL,GO:0099111,microtubule-based transport,5,0.33841868442227807,0.11902922033592644,0.10370732566830297,0.22705041142016336,0.3802619738026197,0.7997537654547503,False
GO_BP,WHIL,GO:0099170,postsynaptic modulation of chemical synaptic transmission,5,-1.3022429490658027,-0.7588883744425463,-0.8845072094027213,-0.4805451571431689,0.6533346665333467,0.8020133445239224,False
GO_BP,WHIL,GO:0099171,presynaptic modulation of chemical synaptic transmission,13,-0.9066599807135508,0.047030358057398726,-0.34247864305137404,-0.7589358382165632,0.7479252074792521,0.8312253552607218,False
GO_BP,WHIL,GO:0099175,regulation of postsynapse organization,11,0.02346195885304259,-0.382845031655096,-0.4645585325577359,0.44716374095945854,0.32896710328967105,0.7997537654547503,False
GO_BP,WHIL,GO:0099177,regulation of trans-synaptic signaling,51,-1.7812805609842235,-0.1556225480963363,-0.6589725342114487,-1.373983019830331,0.8726127387261274,0.9005132562818692,False
GO_BP,WHIL,GO:0099505,regulation of presynaptic membrane potential,7,-0.4274094465203823,1.6493834897518604,1.9011677042156259,-2.2026850435041254,0.9668033196680332,0.971578169647068,False
GO_BP,WHIL,GO:0099536,synaptic signaling,62,-1.560142913205356,0.8041348351427791,-0.29131067619093565,-1.8165549926812776,0.933006699330067,0.9476813706915642,False
GO_BP,WHIL,GO:0099537,trans-synaptic signaling,59,-1.3080556213113743,1.0344087874724537,-0.20201950130834626,-1.724250264393428,0.9227077292270773,0.939775474149713,False
GO_BP,WHIL,GO:0099565,"chemical synaptic transmission, postsynaptic",13,-1.476460735664755,0.3976951382602716,-1.3803396923023123,-0.9851384586437346,0.7881211878812119,0.8491008206429069,False
GO_BP,WHIL,GO:0099587,inorganic ion import across plasma membrane,6,-0.26433619070912373,2.5882207808620326,0.8123425225659889,-1.9646178424231344,0.9555044495550445,0.9642580373269269,False
GO_BP,WHIL,GO:0104004,cellular response to environmental stimulus,19,0.20152283878434665,-0.36029406909810624,-0.46360335287039994,0.6134715497685997,0.291970802919708,0.7997537654547503,False
GO_BP,WHIL,GO:0106027,neuron projection organization,6,-0.29677375316731797,-0.15096938618836353,-0.39569655397725395,-0.023440783084509198,0.47425257474252575,0.7997537654547503,False
GO_BP,WHIL,GO:0110053,regulation of actin filament organization,8,0.6939679466478615,0.662402257274304,0.18537850195995884,0.2700775670307301,0.33356664333566644,0.7997537654547503,False
GO_BP,WHIL,GO:0110075,regulation of ferroptosis,5,0.2588918936964871,-0.15813962172140109,-0.7555696312389695,0.7157465201766724,0.21407859214078592,0.7997537654547503,False
GO_BP,WHIL,GO:0120031,plasma membrane bounded cell projection assembly,5,-0.9866976688420478,-0.5124638807272129,-1.222467884007395,-0.11923178647474375,0.5337466253374663,0.7997537654547503,False
GO_BP,WHIL,GO:0120032,regulation of plasma membrane bounded cell projection assembly,6,-0.6590069601479224,-0.07672041753606385,-1.0259052462317775,-0.10769412826400171,0.5042495750424958,0.7997537654547503,False
GO_BP,WHIL,GO:0120035,regulation of plasma membrane bounded cell projection organization,25,-0.29332084194347824,-0.5107995643431382,-1.256871491728496,0.5905146860923389,0.3010698930106989,0.7997537654547503,False
GO_BP,WHIL,GO:0120036,plasma membrane bounded cell projection organization,25,0.010646489210505032,0.024769018493755773,-0.4960913114680896,0.24630763569767194,0.40205979402059794,0.7997537654547503,False
GO_BP,WHIL,GO:0120039,plasma membrane bounded cell projection morphogenesis,10,0.21753926096304751,-0.1997067671002399,-0.015897971484333327,0.32534163025533414,0.36826317368263173,0.7997537654547503,False
GO_BP,WHIL,GO:0120161,regulation of cold-induced thermogenesis,12,-1.2082912098597538,-1.1390619907965116,-0.7504008863666973,-0.26355977127814934,0.5636436356364364,0.7997537654547503,False
GO_BP,WHIL,GO:0120162,positive regulation of cold-induced thermogenesis,12,-1.2082912098597538,-1.1390619907965116,-0.7504008863666973,-0.26355977127814934,0.5636436356364364,0.7997537654547503,False
GO_BP,WHIL,GO:0120178,steroid hormone biosynthetic process,5,0.43884487214550916,-0.23748973867671722,0.010972046633680232,0.5521037181670276,0.2706729327067293,0.7997537654547503,False
GO_BP,WHIL,GO:0120254,olefinic compound metabolic process,34,0.6676888849100182,-0.8087737922968073,-0.5436722297798896,1.3439118959483667,0.13908609139086092,0.7997537654547503,False
GO_BP,WHIL,GO:0140115,export across plasma membrane,7,-0.3182023509768115,-0.11021883292781555,0.14938966678736995,-0.3377877679065887,0.5787421257874212,0.7997537654547503,False
GO_BP,WHIL,GO:0140352,export from cell,15,0.11986938981229656,-1.0730277658352179,0.0811532721890457,0.6158066366353827,0.29147085291470853,0.7997537654547503,False
GO_BP,WHIL,GO:0140374,antiviral innate immune response,6,-0.5421179926781802,0.9404860489336566,0.7440090319352034,-1.3843655331126103,0.8917108289171083,0.9155784728679391,False
GO_BP,WHIL,GO:0140448,signaling receptor ligand precursor processing,5,-0.8314264921841817,-0.5595667936281483,-0.5358184692645748,-0.28373386073782025,0.5796420357964204,0.7997537654547503,False
GO_BP,WHIL,GO:0140546,defense response to symbiont,21,-0.28131240629431614,0.9148534474257233,0.7976353133656702,-1.137556786690013,0.8245175482451755,0.8679132086791321,False
GO_BP,WHIL,GO:0140694,membraneless organelle assembly,10,-0.06792414819932695,1.281208140490019,0.7804758768823908,-1.0987661568855318,0.8206179382061793,0.8663885640290794,False
GO_BP,WHIL,GO:0141060,disruption of anatomical structure in another organism,5,-0.6617470011598767,1.8420702388085133,0.8731274359478255,-2.019345838538046,0.9645035496450355,0.9706031331102866,False
GO_BP,WHIL,GO:0141091,transforming growth factor beta receptor superfamily signaling pathway,7,-1.238260286985291,-1.1159357327960513,-1.0522249132255788,-0.15417996397447586,0.5241475852414759,0.7997537654547503,False
GO_BP,WHIL,GO:0141124,intracellular signaling cassette,40,-1.261075498306931,-0.07299166654697657,-1.2907921388169572,-0.5791835956249641,0.672932706729327,0.8033058431305515,False
GO_BP,WHIL,GO:0141137,"positive regulation of gene expression, epigenetic",5,-0.08558554076850632,-0.20790769123248432,0.5794126123298804,-0.27133800131720437,0.557044295570443,0.7997537654547503,False
GO_BP,WHIL,GO:0141161,regulation of cAMP/PKA signal transduction,5,-0.5817483685786624,-0.7272233273357203,-0.6770315979788105,0.12037909407860292,0.41505849415058493,0.7997537654547503,False
GO_BP,WHIL,GO:0141187,nucleic acid biosynthetic process,25,-0.06544720764913442,1.0517895151163195,1.020988067542711,-1.1018359989786497,0.8117188281171883,0.8608303003826062,False
GO_BP,WHIL,GO:0141193,nuclear receptor-mediated signaling pathway,20,-0.268899563294252,1.3140342450250755,1.09884994750468,-1.4753416595591298,0.8942105789421058,0.9171390553252367,False
GO_BP,WHIL,GO:0150063,visual system development,12,-1.838394481119546,-1.1462824145554151,-1.0957033335445856,-0.7174016070695457,0.7429257074292571,0.8292135251058725,False
GO_BP,WHIL,GO:0150076,neuroinflammatory response,5,1.039887060987316,0.5374641890882792,0.37698051636176244,0.5826647082622953,0.274972502749725,0.7997537654547503,False
GO_BP,WHIL,GO:0150104,transport across blood-brain barrier,11,-0.9717464827067006,0.308027296641117,-0.27338469939964904,-0.9890677813274346,0.7894210578942106,0.8493081726310128,False
GO_BP,WHIL,GO:0150116,regulation of cell-substrate junction organization,8,-0.13868514149972758,-1.1816550500508245,-1.1934193232361725,1.0488520451437708,0.17918208179182082,0.7997537654547503,False
GO_BP,WHIL,GO:0150117,positive regulation of cell-substrate junction organization,5,0.15872173467326592,-0.9577472249761918,-1.1350071271927065,1.205098910757715,0.1506849315068493,0.7997537654547503,False
GO_BP,WHIL,GO:0160108,animal gross anatomical part developmental process,134,-0.48634189463281247,-0.21489718325429583,0.2883457151714671,-0.5230661605913981,0.6677332266773323,0.8033058431305515,False
GO_BP,WHIL,GO:1900015,regulation of cytokine production involved in inflammatory response,13,-0.3476358474883137,0.07314366304245325,-0.05496201729294889,-0.3567266703630659,0.6101389861013898,0.7997537654547503,False
GO_BP,WHIL,GO:1900016,negative regulation of cytokine production involved in inflammatory response,8,-0.6741925030229513,0.002042462032937799,-0.13089811932606787,-0.6097646743763863,0.6817318268173183,0.8040587070325225,False
GO_BP,WHIL,GO:1900034,regulation of cellular response to heat,5,0.2561024746884644,1.0992664468082807,0.18762551214389858,-0.3873435047876252,0.6042395760423958,0.7997537654547503,False
GO_BP,WHIL,GO:1900037,regulation of cellular response to hypoxia,6,0.46318248281328656,0.5650890901895733,-0.30195628155308013,0.33161607849503993,0.3638636136386361,0.7997537654547503,False
GO_BP,WHIL,GO:1900046,regulation of hemostasis,5,-0.8060634629615285,-0.7105327996671433,-0.8611394734171998,-0.020227326419356984,0.47615238476152383,0.7997537654547503,False
GO_BP,WHIL,GO:1900076,regulation of cellular response to insulin stimulus,7,3.8767668309814933,1.0036279470772307,2.308266218225662,2.220819748330047,0.0453954604539546,0.7997537654547503,False
GO_BP,WHIL,GO:1900087,positive regulation of G1/S transition of mitotic cell cycle,6,-1.1766166901319086,-1.3516957186130865,-1.4581539482531045,0.22830814330118687,0.38266173382661733,0.7997537654547503,False
GO_BP,WHIL,GO:1900180,regulation of protein localization to nucleus,14,-0.9274761295680888,-0.6401247403192072,-1.1076142632687924,-0.05360662777408898,0.4928507149285071,0.7997537654547503,False
GO_BP,WHIL,GO:1900182,positive regulation of protein localization to nucleus,12,-0.9323624866867452,-0.8777917937156104,-1.11142917213337,0.06224799623774502,0.44955504449555045,0.7997537654547503,False
GO_BP,WHIL,GO:1900271,regulation of long-term synaptic potentiation,6,-0.3125166674862776,-0.02340987619351335,-0.6255923933902965,0.0119844673056273,0.45985401459854014,0.7997537654547503,False
GO_BP,WHIL,GO:1900371,regulation of purine nucleotide biosynthetic process,5,-1.0408909629179177,0.5751747058184892,-0.1343246171495953,-1.2613160072523646,0.8703129687031297,0.8985362218245415,False
GO_BP,WHIL,GO:1900542,regulation of purine nucleotide metabolic process,10,-1.3932548171904446,-0.9845600444418747,-0.9689260820333189,-0.4165117539528478,0.6103389661033897,0.7997537654547503,False
GO_BP,WHIL,GO:1900544,positive regulation of purine nucleotide metabolic process,8,-1.3782851145858401,-0.8955264728835935,-1.0450293442003091,-0.40800720604388885,0.6078392160783922,0.7997537654547503,False
GO_BP,WHIL,GO:1901099,negative regulation of signal transduction in absence of ligand,7,-1.0436426938979442,-0.7998221445886582,-0.7707780948649094,-0.25834257417116036,0.5645435456454354,0.7997537654547503,False
GO_BP,WHIL,GO:1901135,carbohydrate derivative metabolic process,25,0.07496733880014506,-1.0594384021264056,-0.5393986429883412,0.8743858613575184,0.23397660233976603,0.7997537654547503,False
GO_BP,WHIL,GO:1901136,carbohydrate derivative catabolic process,12,-0.6719218684668554,-0.48019046582803315,-0.5211571548783076,-0.17124805811368504,0.5383461653834617,0.7997537654547503,False
GO_BP,WHIL,GO:1901184,regulation of ERBB signaling pathway,5,1.070825641562947,-0.7643524122994088,-0.3435012685067901,1.6247524819660464,0.0964903509649035,0.7997537654547503,False
GO_BP,WHIL,GO:1901222,regulation of non-canonical NF-kappaB signal transduction,5,-0.1918785791342018,-0.5870579494887278,0.17850281439090282,0.012398988414710682,0.46005399460054,0.7997537654547503,False
GO_BP,WHIL,GO:1901264,carbohydrate derivative transport,6,-0.33000914760573,-0.13556912992942327,-0.843280045062598,0.15941543989028062,0.41005899410058994,0.7997537654547503,False
GO_BP,WHIL,GO:1901292,nucleoside phosphate catabolic process,9,-0.4168736827372663,-0.2666985517898985,-0.2044323670338904,-0.1813082233253719,0.5285471452854714,0.7997537654547503,False
GO_BP,WHIL,GO:1901342,regulation of vasculature development,21,0.9725803718662288,0.5069242710680569,0.7025789971806649,0.367828737741868,0.36446355364463556,0.7997537654547503,False
GO_BP,WHIL,GO:1901343,negative regulation of vasculature development,7,0.9296291611723347,-0.08025740638288718,0.419947617639776,0.7597840555438904,0.21507849215078492,0.7997537654547503,False
GO_BP,WHIL,GO:1901652,response to peptide,39,-1.442228390455362,-1.1197500562047535,-0.7852570529083355,-0.48972483589881755,0.6545345465453455,0.8020133445239224,False
GO_BP,WHIL,GO:1901654,response to ketone,16,-0.981187196551594,-0.7854698290218525,-1.0587870570148903,-0.05905875353322265,0.49375062493750627,0.7997537654547503,False
GO_BP,WHIL,GO:1901655,cellular response to ketone,8,-0.8046427288143633,-0.20337985818621163,-0.4637470246896918,-0.4710792873764116,0.6327367263273672,0.7997700096049865,False
GO_BP,WHIL,GO:1901698,response to nitrogen compound,94,-1.004526071741362,-1.2711200270235514,-1.4203143388752675,0.34119111120804746,0.38986101389861016,0.7997537654547503,False
GO_BP,WHIL,GO:1901699,cellular response to nitrogen compound,69,-0.7214580843025357,-0.9048182483898304,-0.7387474902349036,0.10032478500983133,0.46015398460153983,0.7997537654547503,False
GO_BP,WHIL,GO:1901700,response to oxygen-containing compound,146,-0.45861048176267044,-0.5614535080721172,-0.8286545458067577,0.23644354517676697,0.42395760423957607,0.7997537654547503,False
GO_BP,WHIL,GO:1901701,cellular response to oxygen-containing compound,113,-0.4772458352641857,-0.19873962074386475,-0.40174670123135975,-0.1770026742765734,0.5561443855614439,0.7997537654547503,False
GO_BP,WHIL,GO:1901796,regulation of signal transduction by p53 class mediator,10,-1.2332599384199276,-0.6538452594555891,-1.2204673309426843,-0.29610364322079086,0.5738426157384262,0.7997537654547503,False
GO_BP,WHIL,GO:1901800,positive regulation of proteasomal protein catabolic process,8,-1.4066867613476262,0.21562227131176437,-1.1930938972668264,-0.9179509483700952,0.7791220877912208,0.8448311795326491,False
GO_BP,WHIL,GO:1901873,regulation of post-translational protein modification,15,-1.5559411742854234,0.9981019324994985,-0.5740574476830999,-1.7679634166936227,0.9399060093990601,0.9529376351792896,False
GO_BP,WHIL,GO:1901874,negative regulation of post-translational protein modification,5,-1.097083987770495,-0.8081967721622013,-0.8505078559783137,-0.26773167370023754,0.5666433356664333,0.7997537654547503,False
GO_BP,WHIL,GO:1901875,positive regulation of post-translational protein modification,7,-0.8517298082907561,2.5030513218721477,0.46929656103957856,-2.3379037497466193,0.9835016498350165,0.9856076490851986,False
GO_BP,WHIL,GO:1901888,regulation of cell junction assembly,15,0.6891988834711246,-0.5084927615377369,-0.08344755414850119,0.9851690413142437,0.19888011198880112,0.7997537654547503,False
GO_BP,WHIL,GO:1901890,positive regulation of cell junction assembly,5,0.008405729614290256,-0.4410924260825956,-0.7159149922082574,0.5869094387597167,0.2712728727127287,0.7997537654547503,False
GO_BP,WHIL,GO:1901987,regulation of cell cycle phase transition,14,0.19189551414403833,-1.3714274485939715,-0.8205068542351258,1.287862665558587,0.14708529147085292,0.7997537654547503,False
GO_BP,WHIL,GO:1901989,positive regulation of cell cycle phase transition,8,-0.42273290126583074,-1.3471626817239326,-1.1137229413478904,0.8077099102700807,0.23447655234476553,0.7997537654547503,False
GO_BP,WHIL,GO:1901990,regulation of mitotic cell cycle phase transition,14,0.19189551414403833,-1.3714274485939715,-0.8205068542351258,1.287862665558587,0.14708529147085292,0.7997537654547503,False
GO_BP,WHIL,GO:1901992,positive regulation of mitotic cell cycle phase transition,8,-0.42273290126583074,-1.3471626817239326,-1.1137229413478904,0.8077099102700807,0.23447655234476553,0.7997537654547503,False
GO_BP,WHIL,GO:1902105,regulation of leukocyte differentiation,8,-0.08878992407658026,-0.8289247847144551,-0.4111542558456866,0.5312495962034905,0.30516948305169483,0.7997537654547503,False
GO_BP,WHIL,GO:1902107,positive regulation of leukocyte differentiation,6,-0.7145733145453367,-0.9089112601521449,-0.8252119465657672,0.1524882888136193,0.4156584341565843,0.7997537654547503,False
GO_BP,WHIL,GO:1902115,regulation of organelle assembly,9,-0.5839733838764773,-0.18158243545190322,-0.661333601962742,-0.1625153651691547,0.5286471352864713,0.7997537654547503,False
GO_BP,WHIL,GO:1902175,regulation of oxidative stress-induced intrinsic apoptotic signaling pathway,7,-0.9910016330686109,-0.9655864569636298,-0.8665725430076625,-0.0749221330829648,0.49705029497050296,0.7997537654547503,False
GO_BP,WHIL,GO:1902476,chloride transmembrane transport,5,0.7645196206759974,2.1075543796612166,2.0638221114891246,-1.3211686248991732,0.8694130586941305,0.8985114733559757,False
GO_BP,WHIL,GO:1902531,regulation of intracellular signal transduction,128,-0.45166758935929796,-0.7004951410403512,-1.3445012607027977,0.5708306115122764,0.31766823317668236,0.7997537654547503,False
GO_BP,WHIL,GO:1902532,negative regulation of intracellular signal transduction,47,0.3172825795934281,0.06178761832143476,-0.2291520338852408,0.40096478737533114,0.36866313368663134,0.7997537654547503,False
GO_BP,WHIL,GO:1902533,positive regulation of intracellular signal transduction,91,-1.377260517278604,-0.5858203054460265,-1.330353728164299,-0.4191735004734414,0.6346365363463654,0.7997700096049865,False
GO_BP,WHIL,GO:1902644,tertiary alcohol metabolic process,6,1.1601406401192242,-0.685393290335364,-0.030893223012158237,1.5182838967929855,0.11088891110888911,0.7997537654547503,False
GO_BP,WHIL,GO:1902652,secondary alcohol metabolic process,13,1.2976434686721705,1.228571264457947,0.8795065223023221,0.24360457529203594,0.3912608739126087,0.7997537654547503,False
GO_BP,WHIL,GO:1902679,negative regulation of RNA biosynthetic process,50,0.009867695361945329,0.6806067611840124,0.9604325020906974,-0.8106519362754095,0.7390260973902609,0.8286157488707285,False
GO_BP,WHIL,GO:1902680,positive regulation of RNA biosynthetic process,59,-0.690664227462831,-0.0471742403889313,0.5141238517650625,-0.9241390331508965,0.7688231176882312,0.8410037500922803,False
GO_BP,WHIL,GO:1902749,regulation of cell cycle G2/M phase transition,6,0.4246257197036085,-0.8649682055964245,-0.18845876135019052,0.951339203176916,0.21257874212578742,0.7997537654547503,False
GO_BP,WHIL,GO:1902806,regulation of cell cycle G1/S phase transition,7,0.05657655945700681,-1.2316748980856236,-0.785423066006048,1.0651255415028427,0.1812818718128187,0.7997537654547503,False
GO_BP,WHIL,GO:1902808,positive regulation of cell cycle G1/S phase transition,6,-1.1766166901319086,-1.3516957186130865,-1.4581539482531045,0.22830814330118687,0.38266173382661733,0.7997537654547503,False
GO_BP,WHIL,GO:1902850,microtubule cytoskeleton organization involved in mitosis,7,-0.9571774614212031,-0.5923703822759346,-0.9439726068576028,-0.18900596685443438,0.523947605239476,0.7997537654547503,False
GO_BP,WHIL,GO:1902893,regulation of miRNA transcription,13,-1.1246514341745006,-0.2651718860730538,-0.19175870309529933,-0.8961861395903241,0.7628237176282372,0.8390164508813513,False
GO_BP,WHIL,GO:1902894,negative regulation of miRNA transcription,8,-0.8112818020325275,-0.5872088553661378,-0.4369023847016819,-0.2992261819986177,0.5692430756924307,0.7997537654547503,False
GO_BP,WHIL,GO:1902895,positive regulation of miRNA transcription,9,-0.9870929996762069,-0.1751177736504226,0.09322211570391725,-0.9461451707029542,0.7761223877612239,0.8429672113995097,False
GO_BP,WHIL,GO:1902903,regulation of supramolecular fiber organization,16,1.1450696489369854,0.4744753734119378,0.10838526501656245,0.8536393297227353,0.21727827217278273,0.7997537654547503,False
GO_BP,WHIL,GO:1902904,negative regulation of supramolecular fiber organization,5,-0.017161809572650625,-0.6953273621395263,-1.169012598084539,0.915008170539382,0.17118288171182883,0.7997537654547503,False
GO_BP,WHIL,GO:1902905,positive regulation of supramolecular fiber organization,9,0.8931431750918704,0.7339726907312383,0.22680860235635228,0.4127525285480751,0.32166783321667836,0.7997537654547503,False
GO_BP,WHIL,GO:1903034,regulation of response to wounding,14,-0.21169650349640426,-0.5556543478817294,-0.23236062588857717,0.18231098338874904,0.4216578342165783,0.7997537654547503,False
GO_BP,WHIL,GO:1903035,negative regulation of response to wounding,9,-0.07636194125577526,-0.7486400957225705,-0.26931948107866666,0.43261784714484336,0.3250674932506749,0.7997537654547503,False
GO_BP,WHIL,GO:1903036,positive regulation of response to wounding,7,-0.795076389871821,-0.31459481255012034,-0.7474303143522055,-0.2640638264206582,0.5606439356064393,0.7997537654547503,False
GO_BP,WHIL,GO:1903037,regulation of leukocyte cell-cell adhesion,18,0.6886449229565019,-0.7465367923844857,-0.28279439756547126,1.2033105179314805,0.1586841315868413,0.7997537654547503,False
GO_BP,WHIL,GO:1903038,negative regulation of leukocyte cell-cell adhesion,7,1.5107027434416,0.055813119906466375,0.4694578898816402,1.2480672385475469,0.14728527147285272,0.7997537654547503,False
GO_BP,WHIL,GO:1903039,positive regulation of leukocyte cell-cell adhesion,14,0.1862779410951937,-0.9493930271056427,-0.46106725660819126,0.8915080829521106,0.21847815218478153,0.7997537654547503,False
GO_BP,WHIL,GO:1903047,mitotic cell cycle process,17,-0.48579911103231804,-0.9049401639149989,-0.5622316566329397,0.2477867992416512,0.401959804019598,0.7997537654547503,False
GO_BP,WHIL,GO:1903076,regulation of protein localization to plasma membrane,8,-0.8397416005102327,0.06397561431168035,-0.1768943202196653,-0.7832822475562402,0.7373262673732627,0.8273044668681058,False
GO_BP,WHIL,GO:1903115,regulation of actin filament-based movement,5,-0.7701850197560518,-0.8031986555033589,-0.8830280599746795,0.07292833798296738,0.4286571342865713,0.7997537654547503,False
GO_BP,WHIL,GO:1903131,mononuclear cell differentiation,16,-0.4459186121612761,0.3896405781777081,0.37241413787227273,-0.8269459701862665,0.7470252974702529,0.830817108403228,False
GO_BP,WHIL,GO:1903169,regulation of calcium ion transmembrane transport,9,-0.30121793308340256,0.24842043985715184,1.0491537833075626,-0.9500050446657597,0.7933206679332067,0.8513984948495309,False
GO_BP,WHIL,GO:1903311,regulation of mRNA metabolic process,7,-0.723258374574255,-0.44811597275754483,-0.8108646661543184,-0.09376805511832342,0.49665033496650335,0.7997537654547503,False
GO_BP,WHIL,GO:1903320,regulation of protein modification by small protein conjugation or removal,15,-1.5559411742854234,0.9981019324994985,-0.5740574476830999,-1.7679634166936227,0.9399060093990601,0.9529376351792896,False
GO_BP,WHIL,GO:1903321,negative regulation of protein modification by small protein conjugation or removal,5,-1.097083987770495,-0.8081967721622013,-0.8505078559783137,-0.26773167370023754,0.5666433356664333,0.7997537654547503,False
GO_BP,WHIL,GO:1903322,positive regulation of protein modification by small protein conjugation or removal,7,-0.8517298082907561,2.5030513218721477,0.46929656103957856,-2.3379037497466193,0.9835016498350165,0.9856076490851986,False
GO_BP,WHIL,GO:1903350,response to dopamine,18,-1.3620756852631994,0.2663138335688559,-0.3484411866946597,-1.3210120087002974,0.8697130286971303,0.8985114733559757,False
GO_BP,WHIL,GO:1903351,cellular response to dopamine,18,-1.3620756852631994,0.2663138335688559,-0.3484411866946597,-1.3210120087002974,0.8697130286971303,0.8985114733559757,False
GO_BP,WHIL,GO:1903376,regulation of oxidative stress-induced neuron intrinsic apoptotic signaling pathway,5,-1.1470787253304162,-1.048791820864214,-0.9194206008016336,-0.1629725144974925,0.5269473052694731,0.7997537654547503,False
GO_BP,WHIL,GO:1903426,regulation of reactive oxygen species biosynthetic process,6,-0.8353050354376464,-0.18406290585157842,-0.3956897751751787,-0.5454286949242679,0.6812318768123188,0.8040587070325225,False
GO_BP,WHIL,GO:1903427,negative regulation of reactive oxygen species biosynthetic process,5,-0.907081881601913,-0.3578044646670044,-0.5935824354716492,-0.4313884315325862,0.6231376862313769,0.7997537654547503,False
GO_BP,WHIL,GO:1903432,regulation of TORC1 signaling,7,-1.2940732291906356,-0.23977191947958632,-0.8179827375964277,-0.7651959006526285,0.7337266273372662,0.8272002173432764,False
GO_BP,WHIL,GO:1903522,regulation of blood circulation,38,-1.5427235485613622,-1.5872307770272152,-2.0065808420841984,0.2541822609943445,0.40485951404859516,0.7997537654547503,False
GO_BP,WHIL,GO:1903524,positive regulation of blood circulation,6,2.4576406646439657,0.519062500526022,0.5460561204592626,1.9250813541513234,0.06989301069893011,0.7997537654547503,False
GO_BP,WHIL,GO:1903530,regulation of secretion by cell,40,-0.4368619686332006,-0.7540248640285062,-0.6412113015922178,0.2607561141771614,0.40405959404059594,0.7997537654547503,False
GO_BP,WHIL,GO:1903531,negative regulation of secretion by cell,13,-1.3097103280242357,-1.010279363988919,-1.4897384413439732,-0.05970142535778966,0.4921507849215078,0.7997537654547503,False
GO_BP,WHIL,GO:1903532,positive regulation of secretion by cell,18,-0.16394678159408854,-0.06389339550161577,-0.2910736175888674,0.013536724951153045,0.47775222477752227,0.7997537654547503,False
GO_BP,WHIL,GO:1903555,regulation of tumor necrosis factor superfamily cytokine production,12,1.7768370809308933,-0.2863678113489873,1.109323957575498,1.3653590078176379,0.1317868213178682,0.7997537654547503,False
GO_BP,WHIL,GO:1903557,positive regulation of tumor necrosis factor superfamily cytokine production,7,0.12457421821276124,-0.4615687662559849,0.1712859977571687,0.2697156024621693,0.37516248375162486,0.7997537654547503,False
GO_BP,WHIL,GO:1903573,negative regulation of response to endoplasmic reticulum stress,6,0.31995903242783574,0.036422233345900085,-0.23873531879971718,0.4211155751547443,0.3090690930906909,0.7997537654547503,False
GO_BP,WHIL,GO:1903578,regulation of ATP metabolic process,10,-1.3932548171904446,-0.9845600444418747,-0.9689260820333189,-0.4165117539528478,0.6103389661033897,0.7997537654547503,False
GO_BP,WHIL,GO:1903580,positive regulation of ATP metabolic process,8,-1.3782851145858401,-0.8955264728835935,-1.0450293442003091,-0.40800720604388885,0.6078392160783922,0.7997537654547503,False
GO_BP,WHIL,GO:1903706,regulation of hemopoiesis,14,-0.558347717229899,-1.0846025602824885,-0.6917127039802554,0.32980991490147304,0.36906309369063095,0.7997537654547503,False
GO_BP,WHIL,GO:1903708,positive regulation of hemopoiesis,6,-0.7145733145453367,-0.9089112601521449,-0.8252119465657672,0.1524882888136193,0.4156584341565843,0.7997537654547503,False
GO_BP,WHIL,GO:1903725,regulation of phospholipid metabolic process,7,0.3688085366277064,-0.5062092353666032,0.2919558914762747,0.47593520857287064,0.31056894310568944,0.7997537654547503,False
GO_BP,WHIL,GO:1903727,positive regulation of phospholipid metabolic process,6,0.6000743327786189,-0.21791201019166342,0.8376572480006433,0.2902017138741289,0.36196380361963804,0.7997537654547503,False
GO_BP,WHIL,GO:1903828,negative regulation of protein localization,17,-0.34539476445401435,0.10285369544538432,-0.6870800437777546,-0.05328159028782925,0.4884511548845116,0.7997537654547503,False
GO_BP,WHIL,GO:1903829,positive regulation of protein localization,34,-0.19498577365111505,0.0323177944876626,-0.5317339961883578,0.05472232719923256,0.47085291470852914,0.7997537654547503,False
GO_BP,WHIL,GO:1903844,regulation of cellular response to transforming growth factor beta stimulus,8,-1.6039932498680622,-0.23673327345465744,-0.8543018627444562,-1.0584756817685055,0.821017898210179,0.8663885640290794,False
GO_BP,WHIL,GO:1903900,regulation of viral life cycle,5,0.036081087292615596,1.1703662867493705,1.358907597904452,-1.2285558550342957,0.8571142885711429,0.8900143932799975,False
GO_BP,WHIL,GO:1904018,positive regulation of vasculature development,12,-0.3336724697090815,0.4044140254652198,0.24286185642390595,-0.6573104106536444,0.7083291670832916,0.8118982370682843,False
GO_BP,WHIL,GO:1904062,regulation of monoatomic cation transmembrane transport,15,-0.7613869479204394,0.14540961341756434,0.45357733231706215,-1.0608804207877527,0.8126187381261873,0.8611992061663398,False
GO_BP,WHIL,GO:1904064,positive regulation of cation transmembrane transport,6,-0.4786197864204178,1.5764751913444839,1.6410845600150847,-2.0873996621002022,0.9692030796920308,0.9729451765248185,False
GO_BP,WHIL,GO:1904263,positive regulation of TORC1 signaling,6,-1.6960190654156402,-1.6129099870193466,-1.5499697740092746,-0.11457918490132957,0.508049195080492,0.7997537654547503,False
GO_BP,WHIL,GO:1904356,regulation of telomere maintenance via telomere lengthening,5,-0.19567043027667064,-0.23185453594886474,0.5245548227542842,-0.3420205736793804,0.5769423057694231,0.7997537654547503,False
GO_BP,WHIL,GO:1904375,regulation of protein localization to cell periphery,10,-0.9136558578949441,0.12990548831693904,-0.2913605248748547,-0.8329283396159862,0.7484251574842515,0.8312385080277551,False
GO_BP,WHIL,GO:1904385,cellular response to angiotensin,9,0.4358777860079097,-0.3562133031864865,0.02953718106638133,0.5992158470679623,0.2765723427657234,0.7997537654547503,False
GO_BP,WHIL,GO:1904645,response to amyloid-beta,16,-1.5078671571837565,-1.2397786230213914,-1.3168122501462025,-0.22957172059995945,0.5686431356864313,0.7997537654547503,False
GO_BP,WHIL,GO:1904646,cellular response to amyloid-beta,10,-0.9289096911713856,-0.521556493020208,-0.5649630646280084,-0.3856499123472773,0.6176382361763824,0.7997537654547503,False
GO_BP,WHIL,GO:1904705,regulation of vascular associated smooth muscle cell proliferation,10,-0.7176602001480956,-0.927230505540944,-0.9477192088874733,0.21981465706611303,0.38976102389761025,0.7997537654547503,False
GO_BP,WHIL,GO:1904707,positive regulation of vascular associated smooth muscle cell proliferation,8,-0.596231108024875,-0.9310491212540788,-0.9124615349852156,0.3255242200947722,0.34396560343965604,0.7997537654547503,False
GO_BP,WHIL,GO:1904892,regulation of receptor signaling pathway via STAT,8,0.2685082418803333,-0.3953374235971673,-0.1411048120017465,0.5367293596797902,0.28187181281871815,0.7997537654547503,False
GO_BP,WHIL,GO:1904894,positive regulation of receptor signaling pathway via STAT,6,-0.5716701312795699,-0.5373425670905989,-0.4808569147669623,-0.06257039035078926,0.47825217478252174,0.7997537654547503,False
GO_BP,WHIL,GO:1904950,negative regulation of establishment of protein localization,9,-1.1704726160061227,-0.861047748025712,-1.2061484480561167,-0.13687451796520844,0.5295470452954705,0.7997537654547503,False
GO_BP,WHIL,GO:1904951,positive regulation of establishment of protein localization,23,-0.24239455473388613,-0.08276657449834197,-0.49386665325854945,0.045922059144559574,0.4657534246575342,0.7997537654547503,False
GO_BP,WHIL,GO:1905039,carboxylic acid transmembrane transport,5,-0.46790746706578695,-0.7905768214587501,-0.5800987496693224,0.2174303184982493,0.37436256374362564,0.7997537654547503,False
GO_BP,WHIL,GO:1905144,response to acetylcholine,11,-0.7685391638026647,-1.0269638709454723,-0.9670102043288261,0.2284478738344845,0.41275872412758724,0.7997537654547503,False
GO_BP,WHIL,GO:1905145,cellular response to acetylcholine,10,-0.6488835766759026,-1.0248743381244754,-0.9354003808194592,0.33125378279606477,0.38096190380961903,0.7997537654547503,False
GO_BP,WHIL,GO:1905475,regulation of protein localization to membrane,11,-0.7627922951366831,0.09303445272831584,-0.20729854369971712,-0.7056602496509825,0.7127287271272873,0.8139805682764243,False
GO_BP,WHIL,GO:1905477,positive regulation of protein localization to membrane,6,-0.6136934414751176,-0.8251533284300658,-1.2051507982863172,0.401458621883074,0.3174682531746825,0.7997537654547503,False
GO_BP,WHIL,GO:1905521,regulation of macrophage migration,5,0.4142801560289528,0.0728815723443641,-0.2056803008568659,0.48067952028520367,0.28657134286571345,0.7997537654547503,False
GO_BP,WHIL,GO:1905897,regulation of response to endoplasmic reticulum stress,8,0.26379665911910816,-0.24944803729689866,-0.33391726064381055,0.5554793080894628,0.2833716628337166,0.7997537654547503,False
GO_BP,WHIL,GO:1905952,regulation of lipid localization,15,-0.7926759643285588,0.5465823096925414,-0.14904963132467552,-0.9914423035124917,0.7982201779822018,0.8537793387023273,False
GO_BP,WHIL,GO:1905953,negative regulation of lipid localization,5,0.1700947219393875,0.06371250336077534,-0.044047444815954524,0.16026219266697708,0.40415958404159585,0.7997537654547503,False
GO_BP,WHIL,GO:1905954,positive regulation of lipid localization,9,-0.9002190299466377,0.7113705327968936,0.12541351283996885,-1.318611052765069,0.8899110088991101,0.9139309900478023,False
GO_BP,WHIL,GO:1990089,response to nerve growth factor,6,1.1746515899612702,0.5840551148854709,0.45152745398829447,0.6568603055243875,0.2648735126487351,0.7997537654547503,False
GO_BP,WHIL,GO:1990090,cellular response to nerve growth factor stimulus,6,1.1746515899612702,0.5840551148854709,0.45152745398829447,0.6568603055243875,0.2648735126487351,0.7997537654547503,False
GO_BP,WHIL,GO:1990266,neutrophil migration,7,-1.066466595985368,0.06780303241096021,0.221994894585582,-1.2113655594836392,0.8519148085191481,0.8857017452408468,False
GO_BP,WHIL,GO:1990708,conditioned place preference,6,-1.4701669111950186,-0.5910293393641544,-1.0548641862113135,-0.6472201484072847,0.7070292970702929,0.8115166904104097,False
GO_BP,WHIL,GO:1990748,cellular detoxification,9,0.36299287839615235,-0.4639108546241278,-0.2032422888483921,0.6965694501324122,0.24487551244875513,0.7997537654547503,False
GO_BP,WHIL,GO:1990776,response to angiotensin,10,0.4293866070024563,-0.4435154628242271,-0.07024360142504409,0.6862661391270919,0.25737426257374263,0.7997537654547503,False
GO_BP,WHIL,GO:1990806,ligand-gated ion channel signaling pathway,9,-1.2640805880691264,-0.9940113490084435,-0.41064029933722096,-0.5617547638962942,0.6683331666833316,0.8033058431305515,False
GO_BP,WHIL,GO:1990840,response to lectin,5,-1.0682726625950305,-1.2943478044727341,-1.0091886361053317,0.08349555769400241,0.4246575342465753,0.7997537654547503,False
GO_BP,WHIL,GO:1990858,cellular response to lectin,5,-1.0682726625950305,-1.2943478044727341,-1.0091886361053317,0.08349555769400241,0.4246575342465753,0.7997537654547503,False
GO_BP,WHIL,GO:1990868,response to chemokine,6,-0.5121310946034565,-0.9228300999362601,-0.8554236593981243,0.37699578506373566,0.34466553344665535,0.7997537654547503,False
GO_BP,WHIL,GO:1990869,cellular response to chemokine,6,-0.5121310946034565,-0.9228300999362601,-0.8554236593981243,0.37699578506373566,0.34466553344665535,0.7997537654547503,False
GO_BP,WHIL,GO:2000026,regulation of multicellular organismal development,57,0.33675469982806155,0.08912323526619186,0.11809500599197253,0.23314557919897935,0.41715828417158285,0.7997537654547503,False
GO_BP,WHIL,GO:2000045,regulation of G1/S transition of mitotic cell cycle,7,0.05657655945700681,-1.2316748980856236,-0.785423066006048,1.0651255415028427,0.1812818718128187,0.7997537654547503,False
GO_BP,WHIL,GO:2000058,regulation of ubiquitin-dependent protein catabolic process,14,-1.5573450962144229,0.11849895919464831,-1.1051749801983113,-1.0640070857125914,0.8116188381161884,0.8608303003826062,False
GO_BP,WHIL,GO:2000060,positive regulation of ubiquitin-dependent protein catabolic process,10,-1.2951962763480438,0.14903925980065705,-1.188936095636547,-0.7752478584300989,0.7372262773722628,0.8273044668681058,False
GO_BP,WHIL,GO:2000106,regulation of leukocyte apoptotic process,8,-0.2757068595086791,0.4449644994813599,-0.32875718888768674,-0.3338105148055157,0.585941405859414,0.7997537654547503,False
GO_BP,WHIL,GO:2000107,negative regulation of leukocyte apoptotic process,5,-0.5040524486410707,0.8015685383421198,-0.32433881320018376,-0.7426673112120388,0.7252274772522748,0.8226041186477572,False
GO_BP,WHIL,GO:2000145,regulation of cell motility,59,-2.3381746002201345,-1.5668957854999706,-2.1763053755182393,-0.4665740197110295,0.6435356464353564,0.801209583750324,False
GO_BP,WHIL,GO:2000146,negative regulation of cell motility,15,-0.7656549358940034,-0.3185081447292372,-0.8460273998667245,-0.18338716359602247,0.5400459954004599,0.7997537654547503,False
GO_BP,WHIL,GO:2000147,positive regulation of cell motility,42,-2.108138761805439,-1.6399822390423289,-2.3109730156944783,-0.13266113443703542,0.5348465153484652,0.7997537654547503,False
GO_BP,WHIL,GO:2000181,negative regulation of blood vessel morphogenesis,7,0.9296291611723347,-0.08025740638288718,0.419947617639776,0.7597840555438904,0.21507849215078492,0.7997537654547503,False
GO_BP,WHIL,GO:2000191,regulation of fatty acid transport,5,-1.548276476600466,-0.25197636562939596,-0.8371117460436459,-1.003732420763945,0.8098190180981902,0.8593997743082835,False
GO_BP,WHIL,GO:2000209,regulation of anoikis,6,-0.9412596294133203,-1.2351314358099466,-0.8630533176297486,0.10783274730652737,0.4316568343165683,0.7997537654547503,False
GO_BP,WHIL,GO:2000278,regulation of DNA biosynthetic process,6,-0.48684592526776327,-0.6910067395768473,-0.3655872590039759,0.04145107402264836,0.4336566343365663,0.7997537654547503,False
GO_BP,WHIL,GO:2000351,regulation of endothelial cell apoptotic process,7,0.6584961238144627,0.24284823733007768,0.05291199584620007,0.5106160072263237,0.32226777322267774,0.7997537654547503,False
GO_BP,WHIL,GO:2000377,regulation of reactive oxygen species metabolic process,25,-0.978723518409705,-0.5607631691984821,-0.7684789980401526,-0.3141024347903876,0.5903409659034097,0.7997537654547503,False
GO_BP,WHIL,GO:2000378,negative regulation of reactive oxygen species metabolic process,10,-1.309781198600762,-0.4639644295199077,-0.6589532231185347,-0.7483223722815407,0.7435256474352565,0.8294874922519667,False
GO_BP,WHIL,GO:2000379,positive regulation of reactive oxygen species metabolic process,12,-0.08308747996891126,-0.21122490675939684,-0.4353796308664001,0.24021478884398723,0.40145985401459855,0.7997537654547503,False
GO_BP,WHIL,GO:2000463,positive regulation of excitatory postsynaptic potential,5,-0.3132951852846764,-0.6223590945015349,-0.1365788514129334,0.06617378767255772,0.44085591440855915,0.7997537654547503,False
GO_BP,WHIL,GO:2000573,positive regulation of DNA biosynthetic process,6,-0.48684592526776327,-0.6910067395768473,-0.3655872590039759,0.04145107402264836,0.4336566343365663,0.7997537654547503,False
GO_BP,WHIL,GO:2000628,regulation of miRNA metabolic process,14,-1.1565842392178887,-0.3545082122018311,-0.26368420333336057,-0.8474880314502928,0.7461253874612539,0.8304082790294098,False
GO_BP,WHIL,GO:2000629,negative regulation of miRNA metabolic process,8,-0.8112818020325275,-0.5872088553661378,-0.4369023847016819,-0.2992261819986177,0.5692430756924307,0.7997537654547503,False
GO_BP,WHIL,GO:2000630,positive regulation of miRNA metabolic process,10,-1.0106533764948369,-0.27825979234228315,-0.004357375666203313,-0.8693447924905937,0.756024397560244,0.8356859709542623,False
GO_BP,WHIL,GO:2000772,regulation of cellular senescence,5,-1.1374977625572564,-0.44080795212021656,-0.6483781857810637,-0.5929046936066164,0.7022297770222977,0.8095290914040059,False
GO_BP,WHIL,GO:2000779,regulation of double-strand break repair,7,0.14870816134906223,2.595118545251127,1.2193926032132656,-1.7585474128831342,0.9388061193880612,0.9522350755821687,False
GO_BP,WHIL,GO:2000811,negative regulation of anoikis,6,-0.9412596294133203,-1.2351314358099466,-0.8630533176297486,0.10783274730652737,0.4316568343165683,0.7997537654547503,False
GO_BP,WHIL,GO:2001057,reactive nitrogen species metabolic process,7,0.035743586682717446,-0.4503402832189176,-0.4869327183946216,0.504380087489487,0.2900709929007099,0.7997537654547503,False
GO_BP,WHIL,GO:2001141,regulation of RNA biosynthetic process,84,-0.29238033096330224,0.7616054263299521,0.755611870569518,-1.0509889794130371,0.8034196580341966,0.8564929384054761,False
GO_BP,WHIL,GO:2001169,regulation of ATP biosynthetic process,5,-1.0408909629179177,0.5751747058184892,-0.1343246171495953,-1.2613160072523646,0.8703129687031297,0.8985362218245415,False
GO_BP,WHIL,GO:2001233,regulation of apoptotic signaling pathway,25,-1.1068354043677138,-0.5264136412770404,-0.533781210444776,-0.5767379785068056,0.6723327667233276,0.8033058431305515,False
GO_BP,WHIL,GO:2001234,negative regulation of apoptotic signaling pathway,21,-0.9402673807117183,-0.15094422276311706,-0.3118381640895594,-0.7088761872853802,0.7128287171282872,0.8139805682764243,False
GO_BP,WHIL,GO:2001236,regulation of extrinsic apoptotic signaling pathway,13,-1.3133179048043275,-0.22845888351800156,-0.3311554263226211,-1.0335107498840161,0.7938206179382061,0.8513984948495309,False
GO_BP,WHIL,GO:2001237,negative regulation of extrinsic apoptotic signaling pathway,12,-1.3650028493255377,0.01787289520876656,-0.23201045986358979,-1.257934066998126,0.8448155184481552,0.8812579851887777,False
GO_BP,WHIL,GO:2001239,regulation of extrinsic apoptotic signaling pathway in absence of ligand,7,-1.0436426938979442,-0.7998221445886582,-0.7707780948649094,-0.25834257417116036,0.5645435456454354,0.7997537654547503,False
GO_BP,WHIL,GO:2001240,negative regulation of extrinsic apoptotic signaling pathway in absence of ligand,7,-1.0436426938979442,-0.7998221445886582,-0.7707780948649094,-0.25834257417116036,0.5645435456454354,0.7997537654547503,False
GO_BP,WHIL,GO:2001242,regulation of intrinsic apoptotic signaling pathway,18,-0.668574506717497,-1.2257136955462165,-1.100961207427029,0.49476294476912563,0.33256674332566744,0.7997537654547503,False
GO_BP,WHIL,GO:2001243,negative regulation of intrinsic apoptotic signaling pathway,14,-0.35052049091775533,-0.8426013721483689,-0.9811813169621099,0.5613708536374842,0.3097690230976902,0.7997537654547503,False
GO_BP,WHIL,GO:2001251,negative regulation of chromosome organization,6,-0.8663237478574861,-1.1596553722443408,-0.6967344669514198,0.06187117174039414,0.44045595440455954,0.7997537654547503,False
GO_BP,WHIL,GO:2001252,positive regulation of chromosome organization,8,-0.11327793372253837,-0.6002487104972812,-0.5281165339561285,0.45090468850416643,0.32596740325967405,0.7997537654547503,False
