family,syndrome,term_id,term_name,n_frozen_targets,A_specific,Delta_specific,empirical_p_upper,BH_q_sensitivity_family,sensitivity_positive
GO_BP,PDOL,GO:0000086,G2/M transition of mitotic cell cycle,6,-1.1264495188846966,-1.1957796619855245,0.8896110388961104,0.9345415020983878,False
GO_BP,PDOL,GO:0000122,negative regulation of transcription by RNA polymerase II,42,1.5067904656077125,0.23493197605972016,0.42275772422757724,0.8514559823247387,False
GO_BP,PDOL,GO:0000165,MAPK cascade,13,-0.2762329461426311,0.32770942872156844,0.3802619738026197,0.8514559823247387,False
GO_BP,PDOL,GO:0000209,protein polyubiquitination,6,3.804293873690416,3.185287410746191,0.028497150284971504,0.8514559823247387,False
GO_BP,PDOL,GO:0000226,microtubule cytoskeleton organization,12,0.5866548530451651,0.16603081031525802,0.40255974402559747,0.8514559823247387,False
GO_BP,PDOL,GO:0000278,mitotic cell cycle,20,-1.1471884620603303,-1.634596675818221,0.9347065293470653,0.9645924051475778,False
GO_BP,PDOL,GO:0000280,nuclear division,6,-0.14477390420354205,-0.06789809513491069,0.48175182481751827,0.8514559823247387,False
GO_BP,PDOL,GO:0000302,response to reactive oxygen species,18,-0.4878831972350354,0.202311933261705,0.41525847415258477,0.8514559823247387,False
GO_BP,PDOL,GO:0000723,telomere maintenance,7,-0.36242696235095057,-0.09302373563634303,0.48735126487351266,0.8514559823247387,False
GO_BP,PDOL,GO:0000902,cell morphogenesis,12,-0.5772770172542147,-0.011389000094261248,0.47035296470352966,0.8514559823247387,False
GO_BP,PDOL,GO:0001101,response to acid chemical,10,-0.8204072581664636,-0.3058298353270257,0.5615438456154385,0.8514559823247387,False
GO_BP,PDOL,GO:0001501,skeletal system development,8,-0.935321121384567,0.262416577576409,0.40075992400759924,0.8514559823247387,False
GO_BP,PDOL,GO:0001503,ossification,11,-0.7372718788622643,0.18215494882332584,0.41125887411258877,0.8514559823247387,False
GO_BP,PDOL,GO:0001508,action potential,6,0.4329668074114519,0.5745693872968721,0.2536746325367463,0.8514559823247387,False
GO_BP,PDOL,GO:0001516,prostaglandin biosynthetic process,6,-0.5635191170115886,0.11380224593052857,0.39176082391760825,0.8514559823247387,False
GO_BP,PDOL,GO:0001523,retinoid metabolic process,16,1.0984409694917574,-0.3030985264556023,0.5763423657634237,0.8514559823247387,False
GO_BP,PDOL,GO:0001525,angiogenesis,12,0.3898811366838517,0.8548859719304032,0.24037596240375964,0.8514559823247387,False
GO_BP,PDOL,GO:0001558,regulation of cell growth,18,-0.14415136485181576,0.5567786799865952,0.31456854314568544,0.8514559823247387,False
GO_BP,PDOL,GO:0001568,blood vessel development,16,-0.2900704259016468,0.5287776684452955,0.32296770322967705,0.8514559823247387,False
GO_BP,PDOL,GO:0001649,osteoblast differentiation,6,-0.9750642916975981,0.10492918596068435,0.42325767423257676,0.8514559823247387,False
GO_BP,PDOL,GO:0001654,eye development,12,-1.0593382412314252,0.4123618165743055,0.33236676332366766,0.8514559823247387,False
GO_BP,PDOL,GO:0001659,temperature homeostasis,6,-0.4777117947460866,1.2512006360863324,0.13888611138886112,0.8514559823247387,False
GO_BP,PDOL,GO:0001666,response to hypoxia,28,-1.1687843835174763,-0.6297915826925558,0.6927307269273073,0.8571309888038681,False
GO_BP,PDOL,GO:0001667,ameboidal-type cell migration,7,-0.767246931876997,0.3395388379963833,0.35566443355664434,0.8514559823247387,False
GO_BP,PDOL,GO:0001676,long-chain fatty acid metabolic process,22,-0.3302037719632859,-0.23390291088305898,0.5657434256574343,0.8514559823247387,False
GO_BP,PDOL,GO:0001678,intracellular glucose homeostasis,7,-0.6941068155438392,-1.2593308498510676,0.8737126287371263,0.924170574356934,False
GO_BP,PDOL,GO:0001775,cell activation,33,-0.10839441972322747,0.19553934069997517,0.42815718428157185,0.8514559823247387,False
GO_BP,PDOL,GO:0001817,regulation of cytokine production,46,-0.30519781876721225,-0.2464232942130135,0.5763423657634237,0.8514559823247387,False
GO_BP,PDOL,GO:0001818,negative regulation of cytokine production,15,-0.6501639326157198,-1.676081164820633,0.9284071592840716,0.9597847372320422,False
GO_BP,PDOL,GO:0001819,positive regulation of cytokine production,33,-1.2324450138814569,-0.7371610646393995,0.7188281171882812,0.863001957670695,False
GO_BP,PDOL,GO:0001822,kidney development,6,-0.5575169900303659,0.6222740451102028,0.22907709229077092,0.8514559823247387,False
GO_BP,PDOL,GO:0001889,liver development,8,0.8301498823488224,0.22780274566458913,0.39776022397760225,0.8514559823247387,False
GO_BP,PDOL,GO:0001890,placenta development,6,-0.17507583121902648,0.13718125105599527,0.4186581341865813,0.8514559823247387,False
GO_BP,PDOL,GO:0001894,tissue homeostasis,9,-0.864866863191638,-1.3375712701360918,0.8873112688731127,0.9336990829218965,False
GO_BP,PDOL,GO:0001906,cell killing,5,2.03427110507271,1.6350132869567469,0.11488851114888511,0.8514559823247387,False
GO_BP,PDOL,GO:0001932,regulation of protein phosphorylation,22,-1.0618072100242975,-0.8177262024014647,0.7357264273572642,0.8681794452929896,False
GO_BP,PDOL,GO:0001934,positive regulation of protein phosphorylation,19,-1.2563963473583923,-0.29904257147119273,0.5807419258074192,0.8514559823247387,False
GO_BP,PDOL,GO:0001936,regulation of endothelial cell proliferation,12,-0.20735311231230724,0.34985161762399797,0.36036396360363965,0.8514559823247387,False
GO_BP,PDOL,GO:0001938,positive regulation of endothelial cell proliferation,10,-0.4576357593524107,0.14291310406342622,0.4203579642035796,0.8514559823247387,False
GO_BP,PDOL,GO:0001944,vasculature development,17,-0.3355145058301553,0.40581836750306854,0.35926407359264073,0.8514559823247387,False
GO_BP,PDOL,GO:0001952,regulation of cell-matrix adhesion,13,-0.9309349450446753,0.015232120329032761,0.46415358464153583,0.8514559823247387,False
GO_BP,PDOL,GO:0001954,positive regulation of cell-matrix adhesion,7,-0.19223509258422314,0.5704650311188013,0.26887311268873115,0.8514559823247387,False
GO_BP,PDOL,GO:0001959,regulation of cytokine-mediated signaling pathway,14,-1.3761588135665408,-2.492505306660428,0.986001399860014,0.9966362465459349,False
GO_BP,PDOL,GO:0001960,negative regulation of cytokine-mediated signaling pathway,6,-0.9294067548067466,-1.4234601308294348,0.8979102089791021,0.9392526669120796,False
GO_BP,PDOL,GO:0001963,"synaptic transmission, dopaminergic",8,0.9768658091205131,0.8308138142030173,0.23937606239376064,0.8514559823247387,False
GO_BP,PDOL,GO:0001964,startle response,5,0.002089941365848441,0.17807176434039954,0.3457654234576542,0.8514559823247387,False
GO_BP,PDOL,GO:0001975,response to amphetamine,6,0.7216003171930786,1.3856952299604224,0.12988701129887012,0.8514559823247387,False
GO_BP,PDOL,GO:0002009,morphogenesis of an epithelium,6,-0.9539200403511302,0.44635011986110784,0.3234676532346765,0.8514559823247387,False
GO_BP,PDOL,GO:0002027,regulation of heart rate,11,-0.11453999484183029,0.10759693679647382,0.42925707429257076,0.8514559823247387,False
GO_BP,PDOL,GO:0002040,sprouting angiogenesis,5,-0.6330701093559009,0.3077821651725071,0.33636636336366366,0.8514559823247387,False
GO_BP,PDOL,GO:0002064,epithelial cell development,5,-1.19671976710294,0.07577243971706005,0.42845715428457154,0.8514559823247387,False
GO_BP,PDOL,GO:0002090,regulation of receptor internalization,5,-1.1085225669215517,-0.49179782689551577,0.6324367563243676,0.8514559823247387,False
GO_BP,PDOL,GO:0002218,activation of innate immune response,12,-1.2717793040637064,-0.922811035966659,0.773922607739226,0.8811544046276472,False
GO_BP,PDOL,GO:0002220,innate immune response activating cell surface receptor signaling pathway,8,-1.1344354017604878,-0.27435964987914363,0.5566443355664433,0.8514559823247387,False
GO_BP,PDOL,GO:0002221,pattern recognition receptor signaling pathway,8,-0.8060807370593728,-0.9092358509374713,0.7818218178182181,0.8844134891530151,False
GO_BP,PDOL,GO:0002223,stimulatory C-type lectin receptor signaling pathway,5,-1.3175819569073537,-0.3306985174986482,0.5749425057494251,0.8514559823247387,False
GO_BP,PDOL,GO:0002224,toll-like receptor signaling pathway,5,0.3361420996891191,0.4627574794984534,0.35156484351564843,0.8514559823247387,False
GO_BP,PDOL,GO:0002237,response to molecule of bacterial origin,27,1.0004122035172323,0.3146968130366823,0.37966203379662034,0.8514559823247387,False
GO_BP,PDOL,GO:0002250,adaptive immune response,5,-0.2668647845933723,0.6396323589635577,0.2725727427257274,0.8514559823247387,False
GO_BP,PDOL,GO:0002252,immune effector process,12,-0.23497448828707632,0.20476684566444794,0.41455854414558546,0.8514559823247387,False
GO_BP,PDOL,GO:0002253,activation of immune response,24,-0.6821685065571942,-0.19467134219655835,0.5483451654834517,0.8514559823247387,False
GO_BP,PDOL,GO:0002262,myeloid cell homeostasis,5,-0.46450579249563784,-2.0923584198954845,0.9802019798020198,0.9946542206143654,False
GO_BP,PDOL,GO:0002263,cell activation involved in immune response,8,-0.29459972253443595,0.04524966878202202,0.46355364463553644,0.8514559823247387,False
GO_BP,PDOL,GO:0002274,myeloid leukocyte activation,9,0.8689577100811492,0.6582142425912918,0.29147085291470853,0.8514559823247387,False
GO_BP,PDOL,GO:0002366,leukocyte activation involved in immune response,7,0.021393644650386796,0.34256381172262507,0.36406359364063595,0.8514559823247387,False
GO_BP,PDOL,GO:0002376,immune system process,71,-0.6227825942938428,-0.25837734959158937,0.5796420357964204,0.8514559823247387,False
GO_BP,PDOL,GO:0002429,immune response-activating cell surface receptor signaling pathway,20,-0.5667666580219092,0.2528193008668105,0.4072592740725927,0.8514559823247387,False
GO_BP,PDOL,GO:0002431,Fc receptor mediated stimulatory signaling pathway,8,-1.3903595067948211,-0.9451057557872957,0.786021397860214,0.8846608134575591,False
GO_BP,PDOL,GO:0002443,leukocyte mediated immunity,6,-0.1645252789633401,0.5237384100643416,0.24537546245375463,0.8514559823247387,False
GO_BP,PDOL,GO:0002444,myeloid leukocyte mediated immunity,5,0.08414874486284318,0.9566033254544783,0.1518848115188481,0.8514559823247387,False
GO_BP,PDOL,GO:0002521,leukocyte differentiation,19,-0.18461938114436488,0.4679195837392925,0.3448655134486551,0.8514559823247387,False
GO_BP,PDOL,GO:0002573,myeloid leukocyte differentiation,11,-0.36056718625218437,0.30631120149015595,0.39066093390660933,0.8514559823247387,False
GO_BP,PDOL,GO:0002673,regulation of acute inflammatory response,5,-0.9104063786848481,-0.11578062267853173,0.49155084491550843,0.8514559823247387,False
GO_BP,PDOL,GO:0002682,regulation of immune system process,72,-0.5945757218395177,-0.4483204197353545,0.6323367663233677,0.8514559823247387,False
GO_BP,PDOL,GO:0002683,negative regulation of immune system process,25,-0.8797358166524221,-0.6856442822530218,0.7071292870712929,0.8596149730821311,False
GO_BP,PDOL,GO:0002684,positive regulation of immune system process,49,-0.895617441742665,-0.7298796395639668,0.7164283571642835,0.863001957670695,False
GO_BP,PDOL,GO:0002685,regulation of leukocyte migration,11,0.2383394119363997,0.6680241743017594,0.2810718928107189,0.8514559823247387,False
GO_BP,PDOL,GO:0002687,positive regulation of leukocyte migration,7,0.5879515253364896,0.42360865116418955,0.3468653134686531,0.8514559823247387,False
GO_BP,PDOL,GO:0002688,regulation of leukocyte chemotaxis,7,0.7658465924810927,0.7272421532792519,0.26077392260773924,0.8514559823247387,False
GO_BP,PDOL,GO:0002690,positive regulation of leukocyte chemotaxis,5,0.799605568764079,0.3959334292233034,0.35406459354064596,0.8514559823247387,False
GO_BP,PDOL,GO:0002694,regulation of leukocyte activation,21,-1.1627033319492408,-0.9866652807907448,0.7847215278472153,0.8846608134575591,False
GO_BP,PDOL,GO:0002695,negative regulation of leukocyte activation,8,-0.6370987667754389,-2.4181597360838314,0.9843015698430156,0.9957785289117511,False
GO_BP,PDOL,GO:0002696,positive regulation of leukocyte activation,17,-1.5345462150251419,-0.8370505897445046,0.7484251574842515,0.8730539854063435,False
GO_BP,PDOL,GO:0002697,regulation of immune effector process,11,-1.4840047034928665,-1.7578441264174374,0.9448055194480552,0.9728690497286905,False
GO_BP,PDOL,GO:0002699,positive regulation of immune effector process,7,-0.7740158420749338,-0.9490572975157842,0.7997200279972003,0.8910265565542446,False
GO_BP,PDOL,GO:0002703,regulation of leukocyte mediated immunity,7,-1.5056423242456072,-1.0597141044516312,0.8254174582541746,0.9021377171017134,False
GO_BP,PDOL,GO:0002752,cell surface pattern recognition receptor signaling pathway,5,-0.5883306788394225,-0.25652437778313086,0.5577442255774423,0.8514559823247387,False
GO_BP,PDOL,GO:0002757,immune response-activating signaling pathway,23,-0.6811638236102097,-0.11072514095338137,0.5228477152284772,0.8514559823247387,False
GO_BP,PDOL,GO:0002758,innate immune response-activating signaling pathway,11,-1.272343133011714,-0.8080335795148752,0.7409259074092591,0.8711544716949702,False
GO_BP,PDOL,GO:0002764,immune response-regulating signaling pathway,26,-0.6103709562333317,0.23214693571751543,0.41115888411158885,0.8514559823247387,False
GO_BP,PDOL,GO:0002768,immune response-regulating cell surface receptor signaling pathway,23,-0.49596665616350605,0.6080993326224113,0.30146985301469853,0.8514559823247387,False
GO_BP,PDOL,GO:0002791,regulation of peptide secretion,16,-0.2433951365110944,-0.5765332974091124,0.6777322267773223,0.8539237155845091,False
GO_BP,PDOL,GO:0002792,negative regulation of peptide secretion,5,-0.14093140888757016,0.7931531017102235,0.14228577142285773,0.8514559823247387,False
GO_BP,PDOL,GO:0002793,positive regulation of peptide secretion,8,-0.27338810404226127,-0.20449892676502857,0.5376462353764624,0.8514559823247387,False
GO_BP,PDOL,GO:0002831,regulation of response to biotic stimulus,36,-1.912356506292333,-2.0980472113549866,0.9601039896010399,0.9819245348192454,False
GO_BP,PDOL,GO:0002832,negative regulation of response to biotic stimulus,8,-1.2567739923114665,-1.877153500469129,0.9533046695330467,0.9771059687723737,False
GO_BP,PDOL,GO:0002833,positive regulation of response to biotic stimulus,19,-1.4479413095933618,-1.1061791515658053,0.8205179482051795,0.9011742234814215,False
GO_BP,PDOL,GO:0002861,regulation of inflammatory response to antigenic stimulus,5,-1.149749127092444,0.062185679659092497,0.42995700429957007,0.8514559823247387,False
GO_BP,PDOL,GO:0002933,lipid hydroxylation,5,1.405182719627852,0.8234503294165549,0.23617638236176383,0.8514559823247387,False
GO_BP,PDOL,GO:0003006,developmental process involved in reproduction,15,-0.13045907043846874,-0.7814737031512717,0.7411258874112588,0.8711544716949702,False
GO_BP,PDOL,GO:0003007,heart morphogenesis,6,-0.5992072291097784,-0.09401244551032517,0.48685131486851313,0.8514559823247387,False
GO_BP,PDOL,GO:0003008,system process,111,-0.49843626158516885,0.3247244897755722,0.39346065393460655,0.8514559823247387,False
GO_BP,PDOL,GO:0003012,muscle system process,20,0.31527555865815743,0.5556787252333933,0.2993700629937006,0.8514559823247387,False
GO_BP,PDOL,GO:0003013,circulatory system process,65,-0.7284296819601638,0.30077593811484193,0.396960303969603,0.8514559823247387,False
GO_BP,PDOL,GO:0003014,renal system process,12,-0.23871585811275367,-0.4026127533652128,0.6081391860813918,0.8514559823247387,False
GO_BP,PDOL,GO:0003015,heart process,7,0.18541016698481486,0.21510697113673863,0.34636536346365365,0.8514559823247387,False
GO_BP,PDOL,GO:0003018,vascular process in circulatory system,47,-0.6764063006914005,0.5904983786749116,0.3094690530946905,0.8514559823247387,False
GO_BP,PDOL,GO:0003044,regulation of systemic arterial blood pressure mediated by a chemical signal,6,-0.8168647702897054,0.099856348303069,0.41155884411558846,0.8514559823247387,False
GO_BP,PDOL,GO:0003073,regulation of systemic arterial blood pressure,10,0.10068546079137923,0.4869765307288438,0.32066793320667936,0.8514559823247387,False
GO_BP,PDOL,GO:0005975,carbohydrate metabolic process,16,-0.09709945521823288,0.3690332458650641,0.36036396360363965,0.8514559823247387,False
GO_BP,PDOL,GO:0005996,monosaccharide metabolic process,6,0.4151830614029229,-0.18256231038790788,0.5383461653834617,0.8514559823247387,False
GO_BP,PDOL,GO:0006066,alcohol metabolic process,27,-0.13880626597457943,-0.8694089107325873,0.7568243175682432,0.8746185942705581,False
GO_BP,PDOL,GO:0006081,aldehyde metabolic process,5,-1.106330381748406,-0.4124914358605545,0.6303369663033697,0.8514559823247387,False
GO_BP,PDOL,GO:0006091,generation of precursor metabolites and energy,8,0.5611252586465735,0.7327003678130843,0.26317368263173685,0.8514559823247387,False
GO_BP,PDOL,GO:0006109,regulation of carbohydrate metabolic process,11,-0.677162080702961,0.14698674002043544,0.44785521447855214,0.8514559823247387,False
GO_BP,PDOL,GO:0006110,regulation of glycolytic process,6,-1.0037793685906626,-0.1511414588181237,0.5266473352664733,0.8514559823247387,False
GO_BP,PDOL,GO:0006139,nucleobase-containing compound metabolic process,53,0.6261691292130326,0.5730450736945915,0.31696830316968305,0.8514559823247387,False
GO_BP,PDOL,GO:0006140,regulation of nucleotide metabolic process,10,-0.7803612233272638,0.21660796516408187,0.41505849415058493,0.8514559823247387,False
GO_BP,PDOL,GO:0006163,purine nucleotide metabolic process,14,-0.8068491645124473,-0.42714237014060386,0.6251374862513749,0.8514559823247387,False
GO_BP,PDOL,GO:0006195,purine nucleotide catabolic process,8,-0.7424486924034359,0.07824219299459578,0.4306569343065693,0.8514559823247387,False
GO_BP,PDOL,GO:0006259,DNA metabolic process,22,0.3484337733908506,0.07163624692901638,0.46365363463653636,0.8514559823247387,False
GO_BP,PDOL,GO:0006260,DNA replication,11,2.267617070336141,0.8991013764501203,0.21337866213378662,0.8514559823247387,False
GO_BP,PDOL,GO:0006261,DNA-templated DNA replication,6,0.5254514921743494,0.23283899106482198,0.38546145385461456,0.8514559823247387,False
GO_BP,PDOL,GO:0006281,DNA repair,12,1.328427447381136,1.307729029237183,0.14408559144085592,0.8514559823247387,False
GO_BP,PDOL,GO:0006282,regulation of DNA repair,14,1.2442477221042665,1.1640565826571756,0.16278372162783722,0.8514559823247387,False
GO_BP,PDOL,GO:0006302,double-strand break repair,9,2.6844733194330326,2.0866348232897987,0.05849415058494151,0.8514559823247387,False
GO_BP,PDOL,GO:0006325,chromatin organization,37,-0.12649108790196084,-1.6475641557204952,0.9148085191480851,0.9505526694833291,False
GO_BP,PDOL,GO:0006338,chromatin remodeling,35,0.21858858548922697,-1.1679373402308582,0.8298170182981702,0.9027298107009384,False
GO_BP,PDOL,GO:0006351,DNA-templated transcription,14,1.0750011171037315,0.24949652628934194,0.40555944405559446,0.8514559823247387,False
GO_BP,PDOL,GO:0006352,DNA-templated transcription initiation,5,0.11669345350884718,-0.18986390207843923,0.5331466853314668,0.8514559823247387,False
GO_BP,PDOL,GO:0006355,regulation of DNA-templated transcription,81,0.6297920446060673,0.3982520622366573,0.36926307369263073,0.8514559823247387,False
GO_BP,PDOL,GO:0006357,regulation of transcription by RNA polymerase II,64,1.0221402336463508,0.10797947152875409,0.45855414458554145,0.8514559823247387,False
GO_BP,PDOL,GO:0006366,transcription by RNA polymerase II,12,1.263686620551657,0.726191449835852,0.26947305269473054,0.8514559823247387,False
GO_BP,PDOL,GO:0006367,transcription initiation at RNA polymerase II promoter,5,0.11669345350884718,-0.18986390207843923,0.5331466853314668,0.8514559823247387,False
GO_BP,PDOL,GO:0006396,RNA processing,5,-0.45192572893994826,-0.28119790761792557,0.5638436156384361,0.8514559823247387,False
GO_BP,PDOL,GO:0006417,regulation of translation,7,-0.8223118344434651,-0.8737621507846675,0.763023697630237,0.8769525797911369,False
GO_BP,PDOL,GO:0006457,protein folding,5,-0.05446663724121,0.3651106530556102,0.32536746325367466,0.8514559823247387,False
GO_BP,PDOL,GO:0006468,protein phosphorylation,43,-1.7014893349323363,-0.3067982599284018,0.5895410458954105,0.8514559823247387,False
GO_BP,PDOL,GO:0006470,protein dephosphorylation,7,-1.0697312809340715,-5.220302584822462,1.0,1.0,False
GO_BP,PDOL,GO:0006508,proteolysis,22,-1.2949907829383078,0.17068722084163235,0.4213578642135786,0.8514559823247387,False
GO_BP,PDOL,GO:0006511,ubiquitin-dependent protein catabolic process,5,2.732810195352522,2.879471773302866,0.0193980601939806,0.8514559823247387,False
GO_BP,PDOL,GO:0006575,modified amino acid metabolic process,5,-1.107794505435337,-0.5366651591719684,0.6613338666133387,0.8514559823247387,False
GO_BP,PDOL,GO:0006576,biogenic amine metabolic process,10,0.8126334548567645,1.1649271470639198,0.1620837916208379,0.8514559823247387,False
GO_BP,PDOL,GO:0006584,catecholamine metabolic process,9,0.9017639833413307,1.4514597932572963,0.11748825117488251,0.8514559823247387,False
GO_BP,PDOL,GO:0006629,lipid metabolic process,70,0.5475853806211302,-0.31991879727455563,0.6049395060493951,0.8514559823247387,False
GO_BP,PDOL,GO:0006631,fatty acid metabolic process,37,-0.2650967387400766,-0.20682529712828776,0.5583441655834417,0.8514559823247387,False
GO_BP,PDOL,GO:0006633,fatty acid biosynthetic process,20,0.18554608950181495,0.7505160700589174,0.2623737626237376,0.8514559823247387,False
GO_BP,PDOL,GO:0006636,unsaturated fatty acid biosynthetic process,10,-0.37929337675779956,0.3911520533905461,0.33496650334966505,0.8514559823247387,False
GO_BP,PDOL,GO:0006638,neutral lipid metabolic process,5,0.47356184445547467,0.015520983500455443,0.47335266473352666,0.8514559823247387,False
GO_BP,PDOL,GO:0006639,acylglycerol metabolic process,5,0.47356184445547467,0.015520983500455443,0.47335266473352666,0.8514559823247387,False
GO_BP,PDOL,GO:0006641,triglyceride metabolic process,5,0.47356184445547467,0.015520983500455443,0.47335266473352666,0.8514559823247387,False
GO_BP,PDOL,GO:0006644,phospholipid metabolic process,9,1.275454616385663,1.2385142935553557,0.1341865813418658,0.8514559823247387,False
GO_BP,PDOL,GO:0006650,glycerophospholipid metabolic process,6,0.6605893173910861,0.4048240378293933,0.25407459254074594,0.8514559823247387,False
GO_BP,PDOL,GO:0006665,sphingolipid metabolic process,5,-0.5895573313163094,-0.00975582303464162,0.48005199480051997,0.8514559823247387,False
GO_BP,PDOL,GO:0006690,icosanoid metabolic process,31,-1.2796408733565192,-0.8388104431548974,0.7463253674632536,0.8724927357526288,False
GO_BP,PDOL,GO:0006692,prostanoid metabolic process,13,-0.886297927461272,-0.8944983356841807,0.7831216878312168,0.8844134891530151,False
GO_BP,PDOL,GO:0006693,prostaglandin metabolic process,12,-0.8495010460796474,-1.0815334579794786,0.8315168483151685,0.903528871631063,False
GO_BP,PDOL,GO:0006694,steroid biosynthetic process,11,1.475069917959938,0.1606951563262773,0.41745825417458254,0.8514559823247387,False
GO_BP,PDOL,GO:0006706,steroid catabolic process,6,0.6756015098632613,0.5733541160765381,0.2927707229277072,0.8514559823247387,False
GO_BP,PDOL,GO:0006720,isoprenoid metabolic process,21,1.1988533626439377,-0.0666959011320909,0.5101489851014899,0.8514559823247387,False
GO_BP,PDOL,GO:0006721,terpenoid metabolic process,21,1.1988533626439377,-0.0666959011320909,0.5101489851014899,0.8514559823247387,False
GO_BP,PDOL,GO:0006753,nucleoside phosphate metabolic process,16,-0.9213384614727816,-0.25057644130187484,0.5593440655934406,0.8514559823247387,False
GO_BP,PDOL,GO:0006778,porphyrin-containing compound metabolic process,6,3.2829314041658866,1.939062851921971,0.06569343065693431,0.8514559823247387,False
GO_BP,PDOL,GO:0006787,porphyrin-containing compound catabolic process,5,4.595252102813987,2.8509824540829203,0.030996900309969003,0.8514559823247387,False
GO_BP,PDOL,GO:0006790,sulfur compound metabolic process,6,-1.1857649840702216,0.045828971523265816,0.44565543445655437,0.8514559823247387,False
GO_BP,PDOL,GO:0006793,phosphorus metabolic process,25,0.1605039651328553,0.7179593370332398,0.25877412258774124,0.8514559823247387,False
GO_BP,PDOL,GO:0006796,phosphate-containing compound metabolic process,51,-1.928072239620595,-1.5145951409786047,0.8934106589341065,0.93653509705008,False
GO_BP,PDOL,GO:0006805,xenobiotic metabolic process,34,1.6091818445543624,0.4312477946392843,0.35306469353064696,0.8514559823247387,False
GO_BP,PDOL,GO:0006810,transport,115,1.4187143210537365,1.984169277421216,0.0527947205279472,0.8514559823247387,False
GO_BP,PDOL,GO:0006811,monoatomic ion transport,36,0.9153405621872156,1.670512727066654,0.09499050094990501,0.8514559823247387,False
GO_BP,PDOL,GO:0006812,monoatomic cation transport,28,-0.03340743743600878,0.927329570596617,0.22457754224577542,0.8514559823247387,False
GO_BP,PDOL,GO:0006814,sodium ion transport,8,-0.015010277152407256,0.6631214040658546,0.20637936206379362,0.8514559823247387,False
GO_BP,PDOL,GO:0006816,calcium ion transport,14,0.09915845543442468,0.6792028642229515,0.2665733426657334,0.8514559823247387,False
GO_BP,PDOL,GO:0006820,monoatomic anion transport,5,2.1437140566790096,1.0256560089154776,0.1790820917908209,0.8514559823247387,False
GO_BP,PDOL,GO:0006821,chloride transport,5,2.1437140566790096,1.0256560089154776,0.1790820917908209,0.8514559823247387,False
GO_BP,PDOL,GO:0006836,neurotransmitter transport,9,-0.6482891366609862,0.8250154854206664,0.18708129187081293,0.8514559823247387,False
GO_BP,PDOL,GO:0006865,amino acid transport,7,-0.6149782197310203,0.6138556304934952,0.24237576242375763,0.8514559823247387,False
GO_BP,PDOL,GO:0006869,lipid transport,24,1.837479263742529,0.9620830747137483,0.2121787821217878,0.8514559823247387,False
GO_BP,PDOL,GO:0006873,intracellular monoatomic ion homeostasis,20,0.04272169424998521,-0.6066385162231248,0.6808319168083191,0.8539237155845091,False
GO_BP,PDOL,GO:0006874,intracellular calcium ion homeostasis,15,0.7961771011313328,1.1218082055001668,0.16378362163783622,0.8514559823247387,False
GO_BP,PDOL,GO:0006886,intracellular protein transport,8,-1.1967701769185355,-0.021444695983370066,0.47015298470152983,0.8514559823247387,False
GO_BP,PDOL,GO:0006897,endocytosis,27,0.0805944038316498,0.8792183312455335,0.23027697230276972,0.8514559823247387,False
GO_BP,PDOL,GO:0006898,receptor-mediated endocytosis,11,0.4718174373701648,1.326284042648172,0.1401859814018598,0.8514559823247387,False
GO_BP,PDOL,GO:0006909,phagocytosis,14,-0.40557574045311423,0.08855718839597543,0.43215678432156784,0.8514559823247387,False
GO_BP,PDOL,GO:0006913,nucleocytoplasmic transport,5,-1.1624184329683456,0.1280367217745113,0.41115888411158885,0.8514559823247387,False
GO_BP,PDOL,GO:0006914,autophagy,8,0.05205114917755224,0.4941051333223385,0.29757024297570245,0.8514559823247387,False
GO_BP,PDOL,GO:0006915,apoptotic process,37,-1.429674373707727,-0.5839624903685874,0.6732326767323268,0.8539237155845091,False
GO_BP,PDOL,GO:0006935,chemotaxis,24,-0.1595428688397838,0.6411188846203228,0.29077092290770923,0.8514559823247387,False
GO_BP,PDOL,GO:0006936,muscle contraction,19,0.3679754702673161,0.6228241385706286,0.2773722627737226,0.8514559823247387,False
GO_BP,PDOL,GO:0006937,regulation of muscle contraction,19,-0.6713008752206591,0.4359552966738147,0.2946705329467053,0.8514559823247387,False
GO_BP,PDOL,GO:0006939,smooth muscle contraction,9,-0.4206802247083585,0.3421268441410577,0.3284671532846715,0.8514559823247387,False
GO_BP,PDOL,GO:0006940,regulation of smooth muscle contraction,12,-0.45269853510877134,0.6012503631898958,0.23117688231176883,0.8514559823247387,False
GO_BP,PDOL,GO:0006941,striated muscle contraction,8,1.4080184518867296,0.4866271505129395,0.30026997300269975,0.8514559823247387,False
GO_BP,PDOL,GO:0006942,regulation of striated muscle contraction,9,-0.7499995769604335,-0.026509501013427972,0.47335266473352666,0.8514559823247387,False
GO_BP,PDOL,GO:0006950,response to stress,137,-0.35503877229601144,0.5241558926077113,0.33906609339066096,0.8514559823247387,False
GO_BP,PDOL,GO:0006952,defense response,57,0.8263178954875896,1.2179576429538916,0.16318368163183683,0.8514559823247387,False
GO_BP,PDOL,GO:0006954,inflammatory response,30,0.42704307314531714,0.5347196168695817,0.3247675232476752,0.8514559823247387,False
GO_BP,PDOL,GO:0006955,immune response,39,0.9346600418878168,1.4501015137666682,0.11988801119888011,0.8514559823247387,False
GO_BP,PDOL,GO:0006959,humoral immune response,6,1.4142692042718938,1.4294792541103687,0.12088791120887911,0.8514559823247387,False
GO_BP,PDOL,GO:0006970,response to osmotic stress,5,-0.5342260857020709,-1.1490804279761213,0.8845115488451155,0.9322192499345292,False
GO_BP,PDOL,GO:0006974,DNA damage response,26,0.630233532372066,0.8060666659790895,0.24697530246975302,0.8514559823247387,False
GO_BP,PDOL,GO:0006979,response to oxidative stress,34,-1.2257016523447122,0.10672980730869552,0.45355464453554645,0.8514559823247387,False
GO_BP,PDOL,GO:0006986,response to unfolded protein,7,1.2525443795407234,0.40331128816080986,0.3488651134886511,0.8514559823247387,False
GO_BP,PDOL,GO:0006996,organelle organization,47,1.3168426617638016,-0.23289964219585269,0.5749425057494251,0.8514559823247387,False
GO_BP,PDOL,GO:0006997,nucleus organization,5,0.1960921461920988,0.6004179332712227,0.2733726627337266,0.8514559823247387,False
GO_BP,PDOL,GO:0006998,nuclear envelope organization,5,0.1960921461920988,0.6004179332712227,0.2733726627337266,0.8514559823247387,False
GO_BP,PDOL,GO:0007005,mitochondrion organization,9,0.11226491768261604,0.6929119506426656,0.27107289271072893,0.8514559823247387,False
GO_BP,PDOL,GO:0007010,cytoskeleton organization,23,-0.2236971341749496,-0.41816469913065246,0.6219378062193781,0.8514559823247387,False
GO_BP,PDOL,GO:0007017,microtubule-based process,16,-0.11212188551659379,-0.09257220501507948,0.508049195080492,0.8514559823247387,False
GO_BP,PDOL,GO:0007018,microtubule-based movement,5,0.08471928498788289,-0.13937941251333136,0.5170482951704829,0.8514559823247387,False
GO_BP,PDOL,GO:0007049,cell cycle,27,-1.0608874127493226,-1.4980156676543048,0.9007099290070993,0.9415506963933941,False
GO_BP,PDOL,GO:0007051,spindle organization,9,-0.30579353676729976,0.597687528082667,0.25507449255074494,0.8514559823247387,False
GO_BP,PDOL,GO:0007052,mitotic spindle organization,6,-0.020370366129217582,0.5236580404535613,0.27647235276472354,0.8514559823247387,False
GO_BP,PDOL,GO:0007059,chromosome segregation,9,-1.1148822801175216,-1.2849135365803708,0.867013298670133,0.9211501717341877,False
GO_BP,PDOL,GO:0007088,regulation of mitotic nuclear division,7,-0.5178324745784711,0.14540874941019533,0.3842615738426157,0.8514559823247387,False
GO_BP,PDOL,GO:0007155,cell adhesion,18,-2.2239821632433467,-1.9143118395839371,0.9488051194880512,0.9752621575787085,False
GO_BP,PDOL,GO:0007162,negative regulation of cell adhesion,19,-1.436627619525678,-0.7068205269328512,0.7158284171582842,0.863001957670695,False
GO_BP,PDOL,GO:0007166,cell surface receptor signaling pathway,103,-1.1973818014773074,0.7338146698686849,0.277972202779722,0.8514559823247387,False
GO_BP,PDOL,GO:0007167,enzyme-linked receptor protein signaling pathway,47,-1.7584668558898287,-0.5214836207922413,0.6628337166283371,0.8527061556004334,False
GO_BP,PDOL,GO:0007169,cell surface receptor protein tyrosine kinase signaling pathway,42,-1.6234313010094892,-0.1582583822765291,0.5489451054894511,0.8514559823247387,False
GO_BP,PDOL,GO:0007173,epidermal growth factor receptor signaling pathway,16,-1.4121918126810933,-0.8145501570068733,0.7402259774022598,0.870971726356776,False
GO_BP,PDOL,GO:0007178,cell surface receptor protein serine/threonine kinase signaling pathway,7,-0.9475053962324768,0.04229074784510278,0.44055594440555945,0.8514559823247387,False
GO_BP,PDOL,GO:0007179,transforming growth factor beta receptor signaling pathway,6,-1.1704588442475636,-0.14990666967441935,0.5050494950504949,0.8514559823247387,False
GO_BP,PDOL,GO:0007186,G protein-coupled receptor signaling pathway,91,-0.8990503455545302,0.3142155130027309,0.39876012398760124,0.8514559823247387,False
GO_BP,PDOL,GO:0007187,"G protein-coupled receptor signaling pathway, coupled to cyclic nucleotide second messenger",26,0.13641186030962024,0.6030309780072407,0.29157084291570845,0.8514559823247387,False
GO_BP,PDOL,GO:0007188,adenylate cyclase-modulating G protein-coupled receptor signaling pathway,50,-0.44003164971671427,1.1489713456433823,0.1775822417758224,0.8514559823247387,False
GO_BP,PDOL,GO:0007189,adenylate cyclase-activating G protein-coupled receptor signaling pathway,20,1.6950552848520934,1.6622480560363067,0.09319068093190681,0.8514559823247387,False
GO_BP,PDOL,GO:0007193,adenylate cyclase-inhibiting G protein-coupled receptor signaling pathway,35,-2.036409153761201,0.07238015518869512,0.45925407459254075,0.8514559823247387,False
GO_BP,PDOL,GO:0007196,adenylate cyclase-inhibiting G protein-coupled glutamate receptor signaling pathway,6,-0.598453893890574,0.6221629128522613,0.2712728727127287,0.8514559823247387,False
GO_BP,PDOL,GO:0007197,adenylate cyclase-inhibiting G protein-coupled acetylcholine receptor signaling pathway,8,-1.1792992424810915,0.10166695379417501,0.39016098390160986,0.8514559823247387,False
GO_BP,PDOL,GO:0007198,adenylate cyclase-inhibiting serotonin receptor signaling pathway,6,-0.8047606338878768,-0.26140788678869664,0.5626437356264373,0.8514559823247387,False
GO_BP,PDOL,GO:0007200,phospholipase C-activating G protein-coupled receptor signaling pathway,29,-0.454725302631293,0.5666695324854856,0.30326967303269675,0.8514559823247387,False
GO_BP,PDOL,GO:0007204,positive regulation of cytosolic calcium ion concentration,18,0.21012384667938352,1.367710679360634,0.135986401359864,0.8514559823247387,False
GO_BP,PDOL,GO:0007210,serotonin receptor signaling pathway,9,-0.04433466770445075,0.09684510489663153,0.4316568343165683,0.8514559823247387,False
GO_BP,PDOL,GO:0007212,G protein-coupled dopamine receptor signaling pathway,6,0.5206411222424255,0.6534292255642038,0.26077392260773924,0.8514559823247387,False
GO_BP,PDOL,GO:0007213,G protein-coupled acetylcholine receptor signaling pathway,8,-1.1792992424810915,0.10166695379417501,0.39016098390160986,0.8514559823247387,False
GO_BP,PDOL,GO:0007215,glutamate receptor signaling pathway,16,-1.2393119295014403,0.3474410312235212,0.3715628437156284,0.8514559823247387,False
GO_BP,PDOL,GO:0007216,G protein-coupled glutamate receptor signaling pathway,7,-0.6476732322759219,0.6362497962162706,0.27407259274072593,0.8514559823247387,False
GO_BP,PDOL,GO:0007218,neuropeptide signaling pathway,6,-0.6267155252180915,-0.14623799585367825,0.48665133486651335,0.8514559823247387,False
GO_BP,PDOL,GO:0007254,JNK cascade,5,-0.12086769060508264,0.5863624821560559,0.2435756424357564,0.8514559823247387,False
GO_BP,PDOL,GO:0007267,cell-cell signaling,75,1.3144267480898368,1.5968681673481713,0.09919008099190081,0.8514559823247387,False
GO_BP,PDOL,GO:0007268,chemical synaptic transmission,55,0.3921299629312032,1.5164267990231892,0.11028897110288971,0.8514559823247387,False
GO_BP,PDOL,GO:0007271,"synaptic transmission, cholinergic",5,-0.3773854546597757,-0.5905963152696928,0.685031496850315,0.8564379499133531,False
GO_BP,PDOL,GO:0007275,multicellular organism development,115,-0.36732006311453425,0.1823291329803408,0.4423557644235576,0.8514559823247387,False
GO_BP,PDOL,GO:0007276,gamete generation,5,0.3262623821587018,-0.052765976967715955,0.4844515548445156,0.8514559823247387,False
GO_BP,PDOL,GO:0007346,regulation of mitotic cell cycle,22,-1.7563341067849263,-1.1738607370831842,0.8292170782921707,0.9026055533981485,False
GO_BP,PDOL,GO:0007399,nervous system development,62,-0.6327182693959095,0.04667685528932508,0.47885211478852113,0.8514559823247387,False
GO_BP,PDOL,GO:0007409,axonogenesis,7,-0.52276850041358,-0.6770059692316424,0.7133286671332867,0.8621844427127535,False
GO_BP,PDOL,GO:0007411,axon guidance,5,-0.7257894627110959,-0.8403017866598226,0.7891210878912108,0.885119921165526,False
GO_BP,PDOL,GO:0007416,synapse assembly,5,0.890380990969202,-0.289153918134357,0.5776422357764224,0.8514559823247387,False
GO_BP,PDOL,GO:0007417,central nervous system development,27,0.413182983760974,0.6906621696506812,0.27287271272872715,0.8514559823247387,False
GO_BP,PDOL,GO:0007420,brain development,17,-0.007829661552121581,0.752621475839318,0.24577542245775422,0.8514559823247387,False
GO_BP,PDOL,GO:0007423,sensory organ development,16,-1.2654940907348828,-0.43461813330418386,0.6217378262173783,0.8514559823247387,False
GO_BP,PDOL,GO:0007507,heart development,18,-0.33664981046068465,0.17130179284722147,0.43115688431156884,0.8514559823247387,False
GO_BP,PDOL,GO:0007548,sex differentiation,10,-0.10060828468719708,-0.8214404094268049,0.7535246475352465,0.8745412023001963,False
GO_BP,PDOL,GO:0007565,female pregnancy,13,-0.9605212764423172,0.24259608289512324,0.39666033396660333,0.8514559823247387,False
GO_BP,PDOL,GO:0007584,response to nutrient,14,-1.0591774041027315,0.13451043249029637,0.4383561643835616,0.8514559823247387,False
GO_BP,PDOL,GO:0007586,digestion,12,0.08686893254885533,-1.0621856318822247,0.8269173082691731,0.9024188490241885,False
GO_BP,PDOL,GO:0007589,body fluid secretion,6,-0.5461809194514922,0.3478062561049774,0.34096590340965904,0.8514559823247387,False
GO_BP,PDOL,GO:0007596,blood coagulation,16,-0.9461916535399032,0.32251415133590966,0.3798620137986201,0.8514559823247387,False
GO_BP,PDOL,GO:0007599,hemostasis,17,-0.974500327955396,0.3949246523024944,0.3578642135786421,0.8514559823247387,False
GO_BP,PDOL,GO:0007600,sensory perception,20,0.17171723921629364,0.9865132118487413,0.19118088191180882,0.8514559823247387,False
GO_BP,PDOL,GO:0007610,behavior,40,-0.0275595027292818,0.7999511001707578,0.25337466253374663,0.8514559823247387,False
GO_BP,PDOL,GO:0007611,learning or memory,23,-0.15797287184403064,-0.10382749951963366,0.5201479852014799,0.8514559823247387,False
GO_BP,PDOL,GO:0007612,learning,16,-0.4292024180195991,0.46182499314535735,0.3337666233376662,0.8514559823247387,False
GO_BP,PDOL,GO:0007613,memory,11,0.23438897542613632,-0.1918668564164334,0.537946205379462,0.8514559823247387,False
GO_BP,PDOL,GO:0007617,mating behavior,5,0.16856453394936707,-0.1313365135765084,0.5088491150884912,0.8514559823247387,False
GO_BP,PDOL,GO:0007623,circadian rhythm,18,0.8004408192995686,0.35999215398038065,0.36946305369463056,0.8514559823247387,False
GO_BP,PDOL,GO:0007626,locomotory behavior,13,-0.08724811172729506,0.1569187711022345,0.41345865413458655,0.8514559823247387,False
GO_BP,PDOL,GO:0007631,feeding behavior,7,-0.612164036056047,0.621487742564006,0.23017698230176983,0.8514559823247387,False
GO_BP,PDOL,GO:0007632,visual behavior,5,0.16832647218985222,-0.007569500690176645,0.46585341465853414,0.8514559823247387,False
GO_BP,PDOL,GO:0008015,blood circulation,53,-0.9010120425520061,-0.17735215106358526,0.5500449955004499,0.8514559823247387,False
GO_BP,PDOL,GO:0008016,regulation of heart contraction,21,-0.6239295010744278,0.36126281699165985,0.35876412358764126,0.8514559823247387,False
GO_BP,PDOL,GO:0008064,regulation of actin polymerization or depolymerization,6,0.7201410320311331,0.647962721737394,0.1962803719628037,0.8514559823247387,False
GO_BP,PDOL,GO:0008104,intracellular protein localization,25,-1.2637745509390261,0.37542131170185256,0.37196280371962803,0.8514559823247387,False
GO_BP,PDOL,GO:0008202,steroid metabolic process,35,1.146953223228427,-0.6431270362343342,0.692930706929307,0.8571309888038681,False
GO_BP,PDOL,GO:0008203,cholesterol metabolic process,12,1.4811932474722633,0.7981552242969527,0.24237576242375763,0.8514559823247387,False
GO_BP,PDOL,GO:0008210,estrogen metabolic process,12,1.5477449207163247,0.8099418474805812,0.24757524247575244,0.8514559823247387,False
GO_BP,PDOL,GO:0008217,regulation of blood pressure,20,-0.5759238852519009,-0.0783605788854993,0.5101489851014899,0.8514559823247387,False
GO_BP,PDOL,GO:0008219,cell death,38,-1.4871637507313158,-0.8702045164290808,0.7571242875712428,0.8746185942705581,False
GO_BP,PDOL,GO:0008277,regulation of G protein-coupled receptor signaling pathway,14,0.3223684881396573,0.09105242505828431,0.45125487451254875,0.8514559823247387,False
GO_BP,PDOL,GO:0008283,cell population proliferation,16,-1.0262199047361453,-0.15833439914144343,0.5329467053294671,0.8514559823247387,False
GO_BP,PDOL,GO:0008284,positive regulation of cell population proliferation,60,-1.8553041360552647,-0.3793604405575959,0.6176382361763824,0.8514559823247387,False
GO_BP,PDOL,GO:0008285,negative regulation of cell population proliferation,33,0.3291513038653388,-0.05940122029118916,0.508049195080492,0.8514559823247387,False
GO_BP,PDOL,GO:0008286,insulin receptor signaling pathway,8,-0.27040325564850376,-0.05202131281423547,0.48985101489851013,0.8514559823247387,False
GO_BP,PDOL,GO:0008306,associative learning,11,-0.0571527927126331,0.5256708382053782,0.3083691630836916,0.8514559823247387,False
GO_BP,PDOL,GO:0008360,regulation of cell shape,5,-0.6200015071113312,0.06121664071819699,0.40645935406459355,0.8514559823247387,False
GO_BP,PDOL,GO:0008361,regulation of cell size,6,1.1824644475933122,0.6273948753721095,0.27517248275172485,0.8514559823247387,False
GO_BP,PDOL,GO:0008406,gonad development,8,0.15152800368467534,0.0010196761287962486,0.47065293470652936,0.8514559823247387,False
GO_BP,PDOL,GO:0008542,visual learning,5,0.16832647218985222,-0.007569500690176645,0.46585341465853414,0.8514559823247387,False
GO_BP,PDOL,GO:0008544,epidermis development,8,-0.8051345140810602,0.03232414150403451,0.44985501449855014,0.8514559823247387,False
GO_BP,PDOL,GO:0008584,male gonad development,5,0.9999833529824425,0.6817685516551292,0.24977502249775022,0.8514559823247387,False
GO_BP,PDOL,GO:0008585,female gonad development,5,-0.6134919046312532,-0.7728096449959032,0.7589241075892411,0.8746185942705581,False
GO_BP,PDOL,GO:0008589,regulation of smoothened signaling pathway,5,0.6020880562156862,0.7274880806466566,0.257974202579742,0.8514559823247387,False
GO_BP,PDOL,GO:0008593,regulation of Notch signaling pathway,5,-1.1355352442637747,0.32336021735964393,0.35406459354064596,0.8514559823247387,False
GO_BP,PDOL,GO:0008610,lipid biosynthetic process,37,0.17109555416179362,0.43507932380135134,0.35336466353364665,0.8514559823247387,False
GO_BP,PDOL,GO:0008654,phospholipid biosynthetic process,7,1.1801249204089206,1.1255784816242729,0.1511848815118488,0.8514559823247387,False
GO_BP,PDOL,GO:0009056,catabolic process,84,0.44337484304798064,0.8277308117085054,0.25237476252374763,0.8514559823247387,False
GO_BP,PDOL,GO:0009057,macromolecule catabolic process,22,1.0692717853247382,1.6939206875822221,0.0872912708729127,0.8514559823247387,False
GO_BP,PDOL,GO:0009058,biosynthetic process,98,0.10243200396441554,0.4840745784794509,0.34796520347965204,0.8514559823247387,False
GO_BP,PDOL,GO:0009059,macromolecule biosynthetic process,43,0.47546188662805433,0.7464152015776897,0.26977302269773024,0.8514559823247387,False
GO_BP,PDOL,GO:0009100,glycoprotein metabolic process,6,-0.7742220817875964,0.5682638826461941,0.29747025297470253,0.8514559823247387,False
GO_BP,PDOL,GO:0009117,nucleotide metabolic process,14,-0.8068491645124473,-0.42714237014060386,0.6251374862513749,0.8514559823247387,False
GO_BP,PDOL,GO:0009141,nucleoside triphosphate metabolic process,7,-0.0005339243889119819,-0.6213061663343951,0.6804319568043196,0.8539237155845091,False
GO_BP,PDOL,GO:0009144,purine nucleoside triphosphate metabolic process,7,-0.0005339243889119819,-0.6213061663343951,0.6804319568043196,0.8539237155845091,False
GO_BP,PDOL,GO:0009150,purine ribonucleotide metabolic process,12,-0.5971301172424921,-0.0844927760420161,0.5003499650034996,0.8514559823247387,False
GO_BP,PDOL,GO:0009154,purine ribonucleotide catabolic process,8,-0.7424486924034359,0.07824219299459578,0.4306569343065693,0.8514559823247387,False
GO_BP,PDOL,GO:0009166,nucleotide catabolic process,9,-0.515175445369843,0.2821276569262604,0.3601639836016398,0.8514559823247387,False
GO_BP,PDOL,GO:0009205,purine ribonucleoside triphosphate metabolic process,7,-0.0005339243889119819,-0.6213061663343951,0.6804319568043196,0.8539237155845091,False
GO_BP,PDOL,GO:0009259,ribonucleotide metabolic process,12,-0.5971301172424921,-0.0844927760420161,0.5003499650034996,0.8514559823247387,False
GO_BP,PDOL,GO:0009261,ribonucleotide catabolic process,8,-0.7424486924034359,0.07824219299459578,0.4306569343065693,0.8514559823247387,False
GO_BP,PDOL,GO:0009266,response to temperature stimulus,14,1.12242074554245,1.291670874518227,0.1463853614638536,0.8514559823247387,False
GO_BP,PDOL,GO:0009267,cellular response to starvation,5,1.48910021577928,-0.7372678460733024,0.7168283171682832,0.863001957670695,False
GO_BP,PDOL,GO:0009299,mRNA transcription,5,2.304427894156255,1.824001852076303,0.08259174082591741,0.8514559823247387,False
GO_BP,PDOL,GO:0009308,amine metabolic process,12,0.6774000644283508,1.2159994799252338,0.15328467153284672,0.8514559823247387,False
GO_BP,PDOL,GO:0009311,oligosaccharide metabolic process,5,0.5304715163986174,1.3292045774121781,0.13978602139786023,0.8514559823247387,False
GO_BP,PDOL,GO:0009314,response to radiation,24,-0.6635285288071776,-0.04353106245741378,0.4958504149585041,0.8514559823247387,False
GO_BP,PDOL,GO:0009404,toxin metabolic process,7,0.703316374187209,0.49543988377505765,0.31896810318968105,0.8514559823247387,False
GO_BP,PDOL,GO:0009408,response to heat,9,1.680627647951222,2.1002488142227143,0.0504949505049495,0.8514559823247387,False
GO_BP,PDOL,GO:0009410,response to xenobiotic stimulus,61,1.2981897273046772,0.2543913662073689,0.4096590340965903,0.8514559823247387,False
GO_BP,PDOL,GO:0009411,response to UV,15,-1.12274498208945,-0.040500979245115865,0.48935106489351066,0.8514559823247387,False
GO_BP,PDOL,GO:0009416,response to light stimulus,20,-0.9250212253973203,0.051124744268344124,0.4667533246675332,0.8514559823247387,False
GO_BP,PDOL,GO:0009581,detection of external stimulus,7,0.9432312052533768,1.3492310201722286,0.1075892410758924,0.8514559823247387,False
GO_BP,PDOL,GO:0009582,detection of abiotic stimulus,7,0.9432312052533768,1.3492310201722286,0.1075892410758924,0.8514559823247387,False
GO_BP,PDOL,GO:0009605,response to external stimulus,86,0.13048412711168897,1.0020642606780579,0.20707929207079293,0.8514559823247387,False
GO_BP,PDOL,GO:0009607,response to biotic stimulus,56,-0.1009003762849784,0.5355742742680976,0.3264673532646735,0.8514559823247387,False
GO_BP,PDOL,GO:0009611,response to wounding,31,-0.8622348914889617,0.7757427405425559,0.25277472252774724,0.8514559823247387,False
GO_BP,PDOL,GO:0009612,response to mechanical stimulus,16,-0.7636815522626088,-1.2401719090227183,0.8642135786421358,0.9194179468163662,False
GO_BP,PDOL,GO:0009615,response to virus,20,-0.06439382273834458,0.8080684268634474,0.2385761423857614,0.8514559823247387,False
GO_BP,PDOL,GO:0009617,response to bacterium,35,0.6078742274214396,0.2929155415993069,0.390960903909609,0.8514559823247387,False
GO_BP,PDOL,GO:0009628,response to abiotic stimulus,67,-0.6827482872878632,-0.4508517024041415,0.6396360363963604,0.8514559823247387,False
GO_BP,PDOL,GO:0009636,response to toxic substance,23,-1.1376832354340871,-0.8938104271315381,0.7692230776922308,0.8791120887911209,False
GO_BP,PDOL,GO:0009653,anatomical structure morphogenesis,46,-1.3942172851530656,0.19496419806151954,0.42725727427257276,0.8514559823247387,False
GO_BP,PDOL,GO:0009712,catechol-containing compound metabolic process,9,0.9017639833413307,1.4514597932572963,0.11748825117488251,0.8514559823247387,False
GO_BP,PDOL,GO:0009719,response to endogenous stimulus,95,0.8441691814554451,-0.15384043020272964,0.5484451554844516,0.8514559823247387,False
GO_BP,PDOL,GO:0009725,response to hormone,78,0.36071713465492705,-0.18082341660800305,0.5581441855814419,0.8514559823247387,False
GO_BP,PDOL,GO:0009743,response to carbohydrate,9,0.020387069798101516,0.24080912307340066,0.38986101389861016,0.8514559823247387,False
GO_BP,PDOL,GO:0009746,response to hexose,7,0.17719569510862654,0.3134111895380897,0.3628637136286371,0.8514559823247387,False
GO_BP,PDOL,GO:0009749,response to glucose,5,-0.21160174912911683,0.23191300493324257,0.38866113388661133,0.8514559823247387,False
GO_BP,PDOL,GO:0009755,hormone-mediated signaling pathway,20,1.1581016182012709,1.416969617739462,0.12428757124287572,0.8514559823247387,False
GO_BP,PDOL,GO:0009790,embryo development,16,0.5789458064457016,0.718017888530835,0.27717228277172284,0.8514559823247387,False
GO_BP,PDOL,GO:0009820,alkaloid metabolic process,7,0.4278036171887829,0.40036410253342675,0.3428657134286571,0.8514559823247387,False
GO_BP,PDOL,GO:0009822,alkaloid catabolic process,5,1.0049607046409692,0.23265745590867315,0.37276272372762725,0.8514559823247387,False
GO_BP,PDOL,GO:0009887,animal organ morphogenesis,18,-1.386259054931832,0.18137263369772905,0.42505749425057493,0.8514559823247387,False
GO_BP,PDOL,GO:0009888,tissue development,47,-1.7482290328209922,0.5152325958612469,0.33666633336666335,0.8514559823247387,False
GO_BP,PDOL,GO:0009889,regulation of biosynthetic process,153,0.446855538244192,-0.18155506904274288,0.5543445655434457,0.8514559823247387,False
GO_BP,PDOL,GO:0009890,negative regulation of biosynthetic process,81,1.1229522225986819,-0.3599795976634257,0.6074392560743925,0.8514559823247387,False
GO_BP,PDOL,GO:0009891,positive regulation of biosynthetic process,109,0.0819167774489986,0.3450927843381493,0.38506149385061494,0.8514559823247387,False
GO_BP,PDOL,GO:0009892,negative regulation of metabolic process,107,1.7084787464614155,0.24955206786011308,0.41505849415058493,0.8514559823247387,False
GO_BP,PDOL,GO:0009893,positive regulation of metabolic process,137,-0.007503478791903958,0.6004623220369036,0.31026897310268975,0.8514559823247387,False
GO_BP,PDOL,GO:0009894,regulation of catabolic process,54,-0.6938439345890881,0.1527941994526899,0.45155484451554845,0.8514559823247387,False
GO_BP,PDOL,GO:0009895,negative regulation of catabolic process,25,-0.8821049243264026,0.6990148732191405,0.2702729727027297,0.8514559823247387,False
GO_BP,PDOL,GO:0009896,positive regulation of catabolic process,28,-0.6264570386966245,0.8386389004139024,0.24727527247275272,0.8514559823247387,False
GO_BP,PDOL,GO:0009966,regulation of signal transduction,150,-0.3031995279798035,0.5773498694909367,0.31966803319668036,0.8514559823247387,False
GO_BP,PDOL,GO:0009967,positive regulation of signal transduction,111,-0.9799578545041611,0.5688841041574343,0.31886811318868113,0.8514559823247387,False
GO_BP,PDOL,GO:0009968,negative regulation of signal transduction,66,0.01221810235449898,0.06491956005695687,0.4774522547745225,0.8514559823247387,False
GO_BP,PDOL,GO:0010001,glial cell differentiation,12,0.17303830727243846,0.047078568176265434,0.46005399460054,0.8514559823247387,False
GO_BP,PDOL,GO:0010038,response to metal ion,20,0.07054917867828153,0.1356524813780372,0.44295570442955706,0.8514559823247387,False
GO_BP,PDOL,GO:0010039,response to iron ion,5,-0.9013939318299816,-0.21742387400150442,0.5326467353264673,0.8514559823247387,False
GO_BP,PDOL,GO:0010212,response to ionizing radiation,6,0.8842166093265895,-0.009873069404435775,0.46765323467653236,0.8514559823247387,False
GO_BP,PDOL,GO:0010232,vascular transport,11,0.5453180548322335,1.2396742488663086,0.13738626137386262,0.8514559823247387,False
GO_BP,PDOL,GO:0010256,endomembrane system organization,8,0.34638238699307,1.0660551304829258,0.15478452154784522,0.8514559823247387,False
GO_BP,PDOL,GO:0010332,response to gamma radiation,5,0.5754460700176262,-0.4643592679394314,0.6199380061993801,0.8514559823247387,False
GO_BP,PDOL,GO:0010389,regulation of G2/M transition of mitotic cell cycle,6,-1.1532614875482514,-1.1207135577235403,0.8402159784021598,0.9064570721351101,False
GO_BP,PDOL,GO:0010467,gene expression,38,0.3904137523367493,0.5531352125575009,0.31826817318268175,0.8514559823247387,False
GO_BP,PDOL,GO:0010468,regulation of gene expression,135,0.4676448361981278,0.021770386379936446,0.48865113488651135,0.8514559823247387,False
GO_BP,PDOL,GO:0010498,proteasomal protein catabolic process,6,2.7054741573093746,2.8477797411127903,0.0193980601939806,0.8514559823247387,False
GO_BP,PDOL,GO:0010506,regulation of autophagy,21,-0.5660599194108471,0.7896270924838398,0.25347465253474655,0.8514559823247387,False
GO_BP,PDOL,GO:0010507,negative regulation of autophagy,11,-1.2504654979492453,0.454433007075826,0.33596640335966405,0.8514559823247387,False
GO_BP,PDOL,GO:0010508,positive regulation of autophagy,9,-0.15925603680069184,0.6996531461303055,0.2625737426257374,0.8514559823247387,False
GO_BP,PDOL,GO:0010543,regulation of platelet activation,7,-0.9508442027294531,-0.2973448520143932,0.5728427157284272,0.8514559823247387,False
GO_BP,PDOL,GO:0010556,regulation of macromolecule biosynthetic process,141,0.4307401551136226,-0.19183223427327423,0.5564443555644436,0.8514559823247387,False
GO_BP,PDOL,GO:0010557,positive regulation of macromolecule biosynthetic process,99,-0.034258282790237356,0.30428772260488024,0.39676032396760325,0.8514559823247387,False
GO_BP,PDOL,GO:0010558,negative regulation of macromolecule biosynthetic process,77,1.2603513070793266,-0.22566698779025174,0.567043295670433,0.8514559823247387,False
GO_BP,PDOL,GO:0010562,positive regulation of phosphorus metabolic process,14,-0.8835533208844722,-0.05383584578402256,0.5056494350564944,0.8514559823247387,False
GO_BP,PDOL,GO:0010564,regulation of cell cycle process,27,-1.9214591256775684,-1.096443640717696,0.8153184681531847,0.8984437087254307,False
GO_BP,PDOL,GO:0010565,regulation of ketone metabolic process,14,1.3198639633399605,0.21055802144379654,0.41845815418458154,0.8514559823247387,False
GO_BP,PDOL,GO:0010574,regulation of vascular endothelial growth factor production,6,-1.2339286851633304,-0.4577984556155835,0.6361363863613638,0.8514559823247387,False
GO_BP,PDOL,GO:0010575,positive regulation of vascular endothelial growth factor production,6,-1.2339286851633304,-0.4577984556155835,0.6361363863613638,0.8514559823247387,False
GO_BP,PDOL,GO:0010594,regulation of endothelial cell migration,15,-1.511875894727869,0.015588167174036993,0.48125187481251874,0.8514559823247387,False
GO_BP,PDOL,GO:0010595,positive regulation of endothelial cell migration,13,-1.5509482567010564,-0.06626514267575834,0.508049195080492,0.8514559823247387,False
GO_BP,PDOL,GO:0010604,positive regulation of macromolecule metabolic process,118,0.1793853190855002,0.513364079766417,0.33586641335866413,0.8514559823247387,False
GO_BP,PDOL,GO:0010605,negative regulation of macromolecule metabolic process,90,1.2677465862632225,-0.1382360769276174,0.5392460753924607,0.8514559823247387,False
GO_BP,PDOL,GO:0010608,post-transcriptional regulation of gene expression,12,-0.8395750095816693,-0.285405509828211,0.5775422457754225,0.8514559823247387,False
GO_BP,PDOL,GO:0010611,regulation of cardiac muscle hypertrophy,7,0.2841225144078879,0.4851224853279652,0.3133686631336866,0.8514559823247387,False
GO_BP,PDOL,GO:0010628,positive regulation of gene expression,61,-0.23101707710863,0.3675943004949313,0.37646235376462356,0.8514559823247387,False
GO_BP,PDOL,GO:0010629,negative regulation of gene expression,49,0.2669657103952332,-1.0743549870857116,0.8069193080691931,0.895099115680849,False
GO_BP,PDOL,GO:0010632,regulation of epithelial cell migration,7,-1.2108788105716348,-0.19265278571697952,0.5347465253474653,0.8514559823247387,False
GO_BP,PDOL,GO:0010634,positive regulation of epithelial cell migration,7,-1.2108788105716348,-0.19265278571697952,0.5347465253474653,0.8514559823247387,False
GO_BP,PDOL,GO:0010638,positive regulation of organelle organization,26,0.5211454854897473,0.7553482875757404,0.25617438256174385,0.8514559823247387,False
GO_BP,PDOL,GO:0010639,negative regulation of organelle organization,16,-0.6192236784072879,-0.10340782466874732,0.5189481051894811,0.8514559823247387,False
GO_BP,PDOL,GO:0010646,regulation of cell communication,183,-0.01847447929677888,0.8983667604532515,0.22947705229477053,0.8514559823247387,False
GO_BP,PDOL,GO:0010647,positive regulation of cell communication,120,-0.8015266287324498,0.6735659075924045,0.2886711328867113,0.8514559823247387,False
GO_BP,PDOL,GO:0010648,negative regulation of cell communication,80,-0.30431913989895165,0.11197588628497845,0.46095390460953906,0.8514559823247387,False
GO_BP,PDOL,GO:0010656,negative regulation of muscle cell apoptotic process,9,-1.1576807420136475,-0.46970548490078556,0.6354364563543645,0.8514559823247387,False
GO_BP,PDOL,GO:0010660,regulation of muscle cell apoptotic process,12,-0.6189371002898522,-0.3845620638770645,0.6107389261073892,0.8514559823247387,False
GO_BP,PDOL,GO:0010662,regulation of striated muscle cell apoptotic process,7,-0.09347995683374373,-0.577341325206595,0.6659334066593341,0.8533864520334556,False
GO_BP,PDOL,GO:0010664,negative regulation of striated muscle cell apoptotic process,5,-1.0746813000333548,-0.6248517170946143,0.6903309669033096,0.8571076066617682,False
GO_BP,PDOL,GO:0010665,regulation of cardiac muscle cell apoptotic process,6,-0.08974014641011287,-0.36354142485413016,0.595940405959404,0.8514559823247387,False
GO_BP,PDOL,GO:0010720,positive regulation of cell development,15,0.08150759798110485,0.3288996895854943,0.37296270372962703,0.8514559823247387,False
GO_BP,PDOL,GO:0010721,negative regulation of cell development,7,-0.01570126495227984,0.1458985955532883,0.38996100389961,0.8514559823247387,False
GO_BP,PDOL,GO:0010743,regulation of macrophage derived foam cell differentiation,6,0.35076591960913783,1.0952620448515304,0.19138086191380863,0.8514559823247387,False
GO_BP,PDOL,GO:0010803,regulation of tumor necrosis factor-mediated signaling pathway,7,-1.2804214462520211,-1.8911840532244657,0.9573042695730427,0.9792751872353749,False
GO_BP,PDOL,GO:0010810,regulation of cell-substrate adhesion,17,-0.35494699149311953,0.35605665232021794,0.36436356364363565,0.8514559823247387,False
GO_BP,PDOL,GO:0010811,positive regulation of cell-substrate adhesion,9,0.4458140787093452,1.0929367145334947,0.1705829417058294,0.8514559823247387,False
GO_BP,PDOL,GO:0010812,negative regulation of cell-substrate adhesion,5,-0.9737658695719229,-0.14433700740559607,0.5225477452254774,0.8514559823247387,False
GO_BP,PDOL,GO:0010817,regulation of hormone levels,50,0.43396312501993717,-0.4494396443608044,0.6396360363963604,0.8514559823247387,False
GO_BP,PDOL,GO:0010821,regulation of mitochondrion organization,10,0.0918267377280227,0.6482858856172703,0.29177082291770823,0.8514559823247387,False
GO_BP,PDOL,GO:0010876,lipid localization,24,1.837479263742529,0.9620830747137483,0.2121787821217878,0.8514559823247387,False
GO_BP,PDOL,GO:0010883,regulation of lipid storage,5,-0.0707886771949785,-0.21107833181653807,0.5383461653834617,0.8514559823247387,False
GO_BP,PDOL,GO:0010906,regulation of glucose metabolic process,5,-0.42346038635223804,-0.27776895334257634,0.5605439456054394,0.8514559823247387,False
GO_BP,PDOL,GO:0010948,negative regulation of cell cycle process,6,-0.7496346736626415,-0.35906065876497706,0.6132386761323868,0.8514559823247387,False
GO_BP,PDOL,GO:0010959,regulation of metal ion transport,23,0.045521041713436176,0.7416435174120573,0.251974802519748,0.8514559823247387,False
GO_BP,PDOL,GO:0010970,transport along microtubule,5,0.08471928498788289,-0.13937941251333136,0.5170482951704829,0.8514559823247387,False
GO_BP,PDOL,GO:0010975,regulation of neuron projection development,17,0.1940850897959092,0.8571445307744763,0.23357664233576642,0.8514559823247387,False
GO_BP,PDOL,GO:0010976,positive regulation of neuron projection development,5,-0.7849507014178941,0.059715160113473,0.41325867413258677,0.8514559823247387,False
GO_BP,PDOL,GO:0010977,negative regulation of neuron projection development,6,-0.18388471906158638,0.11960272924632914,0.42085791420857915,0.8514559823247387,False
GO_BP,PDOL,GO:0012501,programmed cell death,38,-1.4871637507313158,-0.8702045164290808,0.7571242875712428,0.8746185942705581,False
GO_BP,PDOL,GO:0014059,regulation of dopamine secretion,6,-0.28041056750935234,0.9554448491620903,0.17078292170782922,0.8514559823247387,False
GO_BP,PDOL,GO:0014061,regulation of norepinephrine secretion,5,-0.5854896814293349,0.30436988440679236,0.31866813318668136,0.8514559823247387,False
GO_BP,PDOL,GO:0014072,response to isoquinoline alkaloid,7,-0.35111471933613925,0.69344140972483,0.24147585241475852,0.8514559823247387,False
GO_BP,PDOL,GO:0014074,response to purine-containing compound,11,0.12035520715802246,0.16324262042785542,0.398960103989601,0.8514559823247387,False
GO_BP,PDOL,GO:0014075,response to amine,8,0.5417526348047286,1.3556381091222094,0.1331866813318668,0.8514559823247387,False
GO_BP,PDOL,GO:0014743,regulation of muscle hypertrophy,7,0.2841225144078879,0.4851224853279652,0.3133686631336866,0.8514559823247387,False
GO_BP,PDOL,GO:0014910,regulation of smooth muscle cell migration,6,0.0421161779024179,-0.3146411307011608,0.5873412658734126,0.8514559823247387,False
GO_BP,PDOL,GO:0015031,protein transport,10,-1.0408512239964454,0.1907374378118507,0.40715928407159285,0.8514559823247387,False
GO_BP,PDOL,GO:0015698,inorganic anion transport,7,2.166348888328764,1.1302587487144853,0.16628337166283372,0.8514559823247387,False
GO_BP,PDOL,GO:0015718,monocarboxylic acid transport,20,1.8725735658764777,1.164399418530766,0.16568343165683433,0.8514559823247387,False
GO_BP,PDOL,GO:0015721,bile acid and bile salt transport,6,2.2563303291261296,0.42010723977411835,0.35006499350064996,0.8514559823247387,False
GO_BP,PDOL,GO:0015849,organic acid transport,26,1.1598493335150177,0.8061433071557758,0.24627537246275372,0.8514559823247387,False
GO_BP,PDOL,GO:0015850,organic hydroxy compound transport,15,1.10478722664056,0.2860570724212995,0.38336166383361664,0.8514559823247387,False
GO_BP,PDOL,GO:0015908,fatty acid transport,14,0.9828337018354405,1.4506802280970603,0.11798820117988201,0.8514559823247387,False
GO_BP,PDOL,GO:0015909,long-chain fatty acid transport,9,0.6297522662087924,1.358031057527108,0.1354864513548645,0.8514559823247387,False
GO_BP,PDOL,GO:0015931,nucleobase-containing compound transport,5,-0.11946219985115279,0.7204100369649772,0.21157884211578842,0.8514559823247387,False
GO_BP,PDOL,GO:0015980,energy derivation by oxidation of organic compounds,7,0.5963322636629276,0.6964124727221288,0.26877312268773124,0.8514559823247387,False
GO_BP,PDOL,GO:0016032,viral process,12,0.0016895395327131693,1.5129798775285435,0.11288871112888711,0.8514559823247387,False
GO_BP,PDOL,GO:0016042,lipid catabolic process,21,0.44479651577009294,0.06363798886082528,0.45855414458554145,0.8514559823247387,False
GO_BP,PDOL,GO:0016043,cellular component organization,119,-0.03506526842279088,0.01895228262607431,0.48885111488851113,0.8514559823247387,False
GO_BP,PDOL,GO:0016052,carbohydrate catabolic process,6,0.4020178351242353,0.9536235687548982,0.20017998200179982,0.8514559823247387,False
GO_BP,PDOL,GO:0016070,RNA metabolic process,23,1.045835016821531,0.03155479350580159,0.48005199480051997,0.8514559823247387,False
GO_BP,PDOL,GO:0016071,mRNA metabolic process,8,2.0681112476904886,1.5239264383248345,0.11178882111788821,0.8514559823247387,False
GO_BP,PDOL,GO:0016098,monoterpenoid metabolic process,6,0.8442136075814365,0.3546969394236096,0.35726427357264273,0.8514559823247387,False
GO_BP,PDOL,GO:0016101,diterpenoid metabolic process,16,1.0984409694917574,-0.3030985264556023,0.5763423657634237,0.8514559823247387,False
GO_BP,PDOL,GO:0016125,sterol metabolic process,15,2.6266715524001043,1.1285054932407168,0.1785821417858214,0.8514559823247387,False
GO_BP,PDOL,GO:0016137,glycoside metabolic process,7,-0.8329686100866522,-2.271311722314966,0.9787021297870213,0.9941974552544747,False
GO_BP,PDOL,GO:0016192,vesicle-mediated transport,19,0.3522430231389278,1.0186815590539549,0.19788021197880212,0.8514559823247387,False
GO_BP,PDOL,GO:0016236,macroautophagy,5,0.119329767901789,0.7555388446485117,0.22897710228977103,0.8514559823247387,False
GO_BP,PDOL,GO:0016239,positive regulation of macroautophagy,5,-0.779172962329871,-0.033690211127824,0.46195380461953806,0.8514559823247387,False
GO_BP,PDOL,GO:0016241,regulation of macroautophagy,9,-1.0482894875159048,0.019007549591950168,0.45235476452354767,0.8514559823247387,False
GO_BP,PDOL,GO:0016310,phosphorylation,43,-1.7014893349323363,-0.3067982599284018,0.5895410458954105,0.8514559823247387,False
GO_BP,PDOL,GO:0016311,dephosphorylation,9,-1.1058400974877967,-3.4377700145370276,0.9967003299670033,1.0,False
GO_BP,PDOL,GO:0016477,cell migration,42,-1.2577702937000514,0.2158147559290473,0.42315768423157685,0.8514559823247387,False
GO_BP,PDOL,GO:0016485,protein processing,10,-0.023311567653921277,0.428641245410443,0.30216978302169784,0.8514559823247387,False
GO_BP,PDOL,GO:0016525,negative regulation of angiogenesis,7,-0.3546260970681999,-1.0043723693370024,0.8348165183481652,0.9043845615438456,False
GO_BP,PDOL,GO:0016567,protein ubiquitination,10,2.766478978144393,1.7279035266353784,0.09269073092690731,0.8514559823247387,False
GO_BP,PDOL,GO:0017015,regulation of transforming growth factor beta receptor signaling pathway,8,-0.01223795477627386,1.0675907584077269,0.18708129187081293,0.8514559823247387,False
GO_BP,PDOL,GO:0017157,regulation of exocytosis,5,-0.7638936088754114,-0.1930739865183977,0.5195480451954805,0.8514559823247387,False
GO_BP,PDOL,GO:0018105,peptidyl-serine phosphorylation,7,-0.03607191033909702,1.1231971636983449,0.18148185181481852,0.8514559823247387,False
GO_BP,PDOL,GO:0018108,peptidyl-tyrosine phosphorylation,14,-1.7561964155503436,-1.10771721994704,0.8182181781821818,0.899943848153375,False
GO_BP,PDOL,GO:0018205,peptidyl-lysine modification,9,2.121994256865882,-1.4919490388618342,0.9166083391660834,0.9515809732247715,False
GO_BP,PDOL,GO:0018958,phenol-containing compound metabolic process,12,0.5046445930583556,1.05024579694973,0.17278272172782722,0.8514559823247387,False
GO_BP,PDOL,GO:0019058,viral life cycle,9,-0.40568691877402296,1.0427708300177203,0.17498250174982502,0.8514559823247387,False
GO_BP,PDOL,GO:0019098,reproductive behavior,6,0.17662326559372277,0.009717774822069508,0.4587541245875412,0.8514559823247387,False
GO_BP,PDOL,GO:0019216,regulation of lipid metabolic process,30,1.221182760737051,0.5622017279990106,0.31596840315968405,0.8514559823247387,False
GO_BP,PDOL,GO:0019217,regulation of fatty acid metabolic process,11,1.5465395412914567,0.790830822868859,0.24777522247775222,0.8514559823247387,False
GO_BP,PDOL,GO:0019218,regulation of steroid metabolic process,9,1.5714954854464602,-0.1187345510419362,0.51004899510049,0.8514559823247387,False
GO_BP,PDOL,GO:0019219,regulation of nucleobase-containing compound metabolic process,97,1.8936129185220727,1.2599320523664261,0.1491850814918508,0.8514559823247387,False
GO_BP,PDOL,GO:0019221,cytokine-mediated signaling pathway,21,-1.0764539904275026,-0.6495645597998463,0.6944305569443056,0.8574464587439561,False
GO_BP,PDOL,GO:0019222,regulation of metabolic process,184,1.3770832416310916,0.5345088058234801,0.32826717328267174,0.8514559823247387,False
GO_BP,PDOL,GO:0019229,regulation of vasoconstriction,18,-1.0145312622102496,0.38310171359108014,0.35006499350064996,0.8514559823247387,False
GO_BP,PDOL,GO:0019233,sensory perception of pain,8,0.9179306013249694,1.4173568498752376,0.0964903509649035,0.8514559823247387,False
GO_BP,PDOL,GO:0019318,hexose metabolic process,6,0.4151830614029229,-0.18256231038790788,0.5383461653834617,0.8514559823247387,False
GO_BP,PDOL,GO:0019369,arachidonate metabolic process,20,-1.1586710399719142,-0.5517308805606371,0.6664333566643336,0.8533864520334556,False
GO_BP,PDOL,GO:0019373,epoxygenase P450 pathway,11,-1.03752607282639,-0.2871829240024354,0.5728427157284272,0.8514559823247387,False
GO_BP,PDOL,GO:0019433,triglyceride catabolic process,5,0.47356184445547467,0.015520983500455443,0.47335266473352666,0.8514559823247387,False
GO_BP,PDOL,GO:0019538,protein metabolic process,102,-1.2531555685532108,-1.3321233818956504,0.8591140885911409,0.9157644927832428,False
GO_BP,PDOL,GO:0019637,organophosphate metabolic process,25,0.1605039651328553,0.7179593370332398,0.25877412258774124,0.8514559823247387,False
GO_BP,PDOL,GO:0019693,ribose phosphate metabolic process,12,-0.5971301172424921,-0.0844927760420161,0.5003499650034996,0.8514559823247387,False
GO_BP,PDOL,GO:0019722,calcium-mediated signaling,12,1.7522598856591207,2.1696753548654706,0.04689531046895311,0.8514559823247387,False
GO_BP,PDOL,GO:0019725,cellular homeostasis,33,-0.4361888667957943,-1.7435971571827393,0.9305069493050695,0.9615306961244701,False
GO_BP,PDOL,GO:0019748,secondary metabolic process,15,-0.4280177058867888,-1.2099443981355846,0.8402159784021598,0.9064570721351101,False
GO_BP,PDOL,GO:0019752,carboxylic acid metabolic process,52,0.3116186448814242,-0.27399277487538387,0.5886411358864113,0.8514559823247387,False
GO_BP,PDOL,GO:0019941,modification-dependent protein catabolic process,5,2.732810195352522,2.879471773302866,0.0193980601939806,0.8514559823247387,False
GO_BP,PDOL,GO:0019953,sexual reproduction,7,0.6022735004497393,0.5032062130306094,0.3307669233076692,0.8514559823247387,False
GO_BP,PDOL,GO:0021537,telencephalon development,8,0.48359594638887526,1.3008653170702649,0.1344865513448655,0.8514559823247387,False
GO_BP,PDOL,GO:0021543,pallium development,5,0.015530829715074562,0.897742088304294,0.19168083191680832,0.8514559823247387,False
GO_BP,PDOL,GO:0021700,developmental maturation,6,0.4750774070675699,0.7067300085962005,0.2636736326367363,0.8514559823247387,False
GO_BP,PDOL,GO:0021782,glial cell development,10,0.31794940987917797,-0.05599945579336574,0.49105089491050896,0.8514559823247387,False
GO_BP,PDOL,GO:0021953,central nervous system neuron differentiation,7,1.8180913324839967,0.49128928494425805,0.3134686531346865,0.8514559823247387,False
GO_BP,PDOL,GO:0021954,central nervous system neuron development,5,1.7146125955241363,0.29874838070212273,0.36766323367663234,0.8514559823247387,False
GO_BP,PDOL,GO:0022008,neurogenesis,37,-0.37943884534459704,0.27260732318296044,0.40015998400159986,0.8514559823247387,False
GO_BP,PDOL,GO:0022402,cell cycle process,25,-0.9145535915017639,-0.7186032766505621,0.7176282371762823,0.863001957670695,False
GO_BP,PDOL,GO:0022407,regulation of cell-cell adhesion,26,-1.6554848920604168,-1.0472893636111467,0.803019698030197,0.8934258665388214,False
GO_BP,PDOL,GO:0022408,negative regulation of cell-cell adhesion,13,-1.037806749620898,-0.5410079373380553,0.6566343365663434,0.8514559823247387,False
GO_BP,PDOL,GO:0022409,positive regulation of cell-cell adhesion,16,-1.4130018293478546,-1.022670360842454,0.8045195480451954,0.8941228888272416,False
GO_BP,PDOL,GO:0022411,cellular component disassembly,18,-1.4937955634716011,-0.3140155922850765,0.5902409759024098,0.8514559823247387,False
GO_BP,PDOL,GO:0022414,reproductive process,35,-0.6752385027402793,-0.6427218035530616,0.6961303869613039,0.8574464587439561,False
GO_BP,PDOL,GO:0022600,digestive system process,10,0.051139203749004616,-1.4106704974926367,0.9056094390560944,0.9451945082030601,False
GO_BP,PDOL,GO:0022603,regulation of anatomical structure morphogenesis,36,0.34780417301538885,-0.09815545290380895,0.5163483651634837,0.8514559823247387,False
GO_BP,PDOL,GO:0022604,regulation of cell morphogenesis,8,-1.1796652813664128,-0.10833247324894169,0.48735126487351266,0.8514559823247387,False
GO_BP,PDOL,GO:0022607,cellular component assembly,47,1.7249564636921622,0.5757606181450978,0.3163683631636836,0.8514559823247387,False
GO_BP,PDOL,GO:0022617,extracellular matrix disassembly,8,-1.463966638098218,0.022813803094493323,0.46305369463053697,0.8514559823247387,False
GO_BP,PDOL,GO:0023051,regulation of signaling,182,-0.016892380621079246,0.870511846674795,0.23757624237576241,0.8514559823247387,False
GO_BP,PDOL,GO:0023056,positive regulation of signaling,119,-0.7970174130364089,0.674504921484383,0.28787121287871215,0.8514559823247387,False
GO_BP,PDOL,GO:0023057,negative regulation of signaling,79,-0.30586933944833816,0.07742015400032576,0.47285271472852713,0.8514559823247387,False
GO_BP,PDOL,GO:0030001,metal ion transport,25,0.14636571789128183,0.9949711050979032,0.20507949205079493,0.8514559823247387,False
GO_BP,PDOL,GO:0030003,intracellular monoatomic cation homeostasis,19,0.17221621969952638,-0.48796405941434895,0.6396360363963604,0.8514559823247387,False
GO_BP,PDOL,GO:0030029,actin filament-based process,13,-0.10924001077539496,-0.13893159480827727,0.5155484451554845,0.8514559823247387,False
GO_BP,PDOL,GO:0030030,cell projection organization,25,0.05908290237534482,0.3123977110750205,0.3818618138186181,0.8514559823247387,False
GO_BP,PDOL,GO:0030031,cell projection assembly,5,-0.3121665047258228,0.4835071147039319,0.23847615238476152,0.8514559823247387,False
GO_BP,PDOL,GO:0030036,actin cytoskeleton organization,9,-0.3830896847536206,-0.5008314996521449,0.645035496450355,0.8514559823247387,False
GO_BP,PDOL,GO:0030048,actin filament-based movement,5,0.4428819391633442,0.17309414018510194,0.36996300369963003,0.8514559823247387,False
GO_BP,PDOL,GO:0030097,hemopoiesis,23,-0.41183473498400164,0.4470413442206736,0.35166483351664835,0.8514559823247387,False
GO_BP,PDOL,GO:0030098,lymphocyte differentiation,9,0.12288496265610038,0.29976305351808863,0.37806219378062195,0.8514559823247387,False
GO_BP,PDOL,GO:0030099,myeloid cell differentiation,13,-0.4692972050133287,-0.18924004404712058,0.5500449955004499,0.8514559823247387,False
GO_BP,PDOL,GO:0030100,regulation of endocytosis,15,-0.24812348050609945,0.2910674852154971,0.38196180381961803,0.8514559823247387,False
GO_BP,PDOL,GO:0030111,regulation of Wnt signaling pathway,14,-0.33980419630308933,0.32623734711296715,0.38236176382361764,0.8514559823247387,False
GO_BP,PDOL,GO:0030154,cell differentiation,89,-1.0782257705437777,-0.5607946483092221,0.673032696730327,0.8539237155845091,False
GO_BP,PDOL,GO:0030155,regulation of cell adhesion,44,-0.7487681356369459,-0.025923054872972418,0.5054494550544946,0.8514559823247387,False
GO_BP,PDOL,GO:0030162,regulation of proteolysis,10,-0.18768877049612678,0.5287934367462872,0.3213678632136786,0.8514559823247387,False
GO_BP,PDOL,GO:0030163,protein catabolic process,16,1.1651398497907282,1.8711555294602134,0.0704929507049295,0.8514559823247387,False
GO_BP,PDOL,GO:0030168,platelet activation,12,-1.1420925648204079,-0.10978166292200986,0.503949605039496,0.8514559823247387,False
GO_BP,PDOL,GO:0030177,positive regulation of Wnt signaling pathway,11,-0.40111242063142744,-0.020242955334481227,0.47765223477652236,0.8514559823247387,False
GO_BP,PDOL,GO:0030182,neuron differentiation,27,0.07399248692481583,0.7130080818898968,0.27447255274472554,0.8514559823247387,False
GO_BP,PDOL,GO:0030193,regulation of blood coagulation,5,-0.672438346931261,0.23458274821630187,0.385961403859614,0.8514559823247387,False
GO_BP,PDOL,GO:0030198,extracellular matrix organization,11,-1.6803625333551742,-0.2335880822472347,0.5588441155884412,0.8514559823247387,False
GO_BP,PDOL,GO:0030217,T cell differentiation,6,0.8425331126102016,0.2894939989914651,0.36366363363663634,0.8514559823247387,False
GO_BP,PDOL,GO:0030225,macrophage differentiation,5,-0.5047390259751241,-0.40909597907372697,0.6106389361063893,0.8514559823247387,False
GO_BP,PDOL,GO:0030258,lipid modification,10,0.9926831192995652,1.120785531887544,0.17698230176982302,0.8514559823247387,False
GO_BP,PDOL,GO:0030278,regulation of ossification,7,0.347581574382237,-0.1409367844698562,0.49475052494750527,0.8514559823247387,False
GO_BP,PDOL,GO:0030307,positive regulation of cell growth,9,-0.2657508842270058,0.13583816646957464,0.43585641435856415,0.8514559823247387,False
GO_BP,PDOL,GO:0030308,negative regulation of cell growth,6,-0.04420937029615912,-0.09004033156261279,0.49345065493450657,0.8514559823247387,False
GO_BP,PDOL,GO:0030334,regulation of cell migration,57,-1.1209937383533282,0.7869551836017421,0.25447455254474555,0.8514559823247387,False
GO_BP,PDOL,GO:0030335,positive regulation of cell migration,42,-1.183252546667052,0.5569965854641286,0.32556744325567444,0.8514559823247387,False
GO_BP,PDOL,GO:0030336,negative regulation of cell migration,15,-0.28965356828563027,0.6750682323362813,0.2793720627937206,0.8514559823247387,False
GO_BP,PDOL,GO:0030500,regulation of bone mineralization,5,1.2247459716483322,1.272316154506352,0.11758824117588242,0.8514559823247387,False
GO_BP,PDOL,GO:0030512,negative regulation of transforming growth factor beta receptor signaling pathway,6,-0.07367861685128782,0.6708111417255483,0.27407259274072593,0.8514559823247387,False
GO_BP,PDOL,GO:0030518,nuclear receptor-mediated steroid hormone signaling pathway,15,0.8964124686833771,1.217661731881931,0.15898410158984103,0.8514559823247387,False
GO_BP,PDOL,GO:0030522,intracellular receptor signaling pathway,27,1.2005789995242109,0.471262882358761,0.3391660833916608,0.8514559823247387,False
GO_BP,PDOL,GO:0030534,adult behavior,13,-0.08316972741471614,0.3718715958016006,0.3618638136186381,0.8514559823247387,False
GO_BP,PDOL,GO:0030574,collagen catabolic process,9,-1.3290288577654887,0.2757008889623276,0.38006199380061995,0.8514559823247387,False
GO_BP,PDOL,GO:0030593,neutrophil chemotaxis,7,0.3011355185611473,0.49261288886544163,0.32066793320667936,0.8514559823247387,False
GO_BP,PDOL,GO:0030595,leukocyte chemotaxis,10,0.14066607077761292,0.5292392113132846,0.3113688631136886,0.8514559823247387,False
GO_BP,PDOL,GO:0030638,polyketide metabolic process,5,-0.7870282577461069,-2.15925635974068,0.973002699730027,0.990355074975321,False
GO_BP,PDOL,GO:0030705,cytoskeleton-dependent intracellular transport,5,0.08471928498788289,-0.13937941251333136,0.5170482951704829,0.8514559823247387,False
GO_BP,PDOL,GO:0030808,regulation of nucleotide biosynthetic process,5,0.7922438486564464,1.3235305465284455,0.13658634136586342,0.8514559823247387,False
GO_BP,PDOL,GO:0030811,regulation of nucleotide catabolic process,6,-1.0037793685906626,-0.1511414588181237,0.5266473352664733,0.8514559823247387,False
GO_BP,PDOL,GO:0030832,regulation of actin filament length,6,0.7201410320311331,0.647962721737394,0.1962803719628037,0.8514559823247387,False
GO_BP,PDOL,GO:0030833,regulation of actin filament polymerization,5,0.9142133241289196,1.1199249404957583,0.11038896110388961,0.8514559823247387,False
GO_BP,PDOL,GO:0030855,epithelial cell differentiation,19,-1.7824751973786424,-0.09094829944233873,0.5158484151584841,0.8514559823247387,False
GO_BP,PDOL,GO:0030879,mammary gland development,6,-0.6127399644439531,0.47483050872995936,0.34306569343065696,0.8514559823247387,False
GO_BP,PDOL,GO:0030900,forebrain development,8,0.48359594638887526,1.3008653170702649,0.1344865513448655,0.8514559823247387,False
GO_BP,PDOL,GO:0030901,midbrain development,5,-0.20772354403249405,0.9708277502674258,0.16648335166483352,0.8514559823247387,False
GO_BP,PDOL,GO:0031099,regeneration,9,-1.0714229112027598,-0.9362598115646277,0.783021697830217,0.8844134891530151,False
GO_BP,PDOL,GO:0031100,animal organ regeneration,6,-0.9408558279084748,-0.9951339728297631,0.8121187881211879,0.897600261205302,False
GO_BP,PDOL,GO:0031110,regulation of microtubule polymerization or depolymerization,6,0.5715819596044217,-0.2271457983329329,0.5371462853714628,0.8514559823247387,False
GO_BP,PDOL,GO:0031175,neuron projection development,17,0.30780188328361335,0.26890012651260975,0.3999600039996,0.8514559823247387,False
GO_BP,PDOL,GO:0031281,positive regulation of cyclase activity,8,-0.18955353855160564,1.169558786177876,0.16718328167183283,0.8514559823247387,False
GO_BP,PDOL,GO:0031294,lymphocyte costimulation,8,-1.408391471093258,-1.4386137546766857,0.8975102489751025,0.9392526669120796,False
GO_BP,PDOL,GO:0031295,T cell costimulation,8,-1.408391471093258,-1.4386137546766857,0.8975102489751025,0.9392526669120796,False
GO_BP,PDOL,GO:0031333,negative regulation of protein-containing complex assembly,9,-0.5126760393488599,0.4759036820858449,0.3177682231776822,0.8514559823247387,False
GO_BP,PDOL,GO:0031334,positive regulation of protein-containing complex assembly,14,0.3204026578831684,0.8734936228821568,0.22727727227277272,0.8514559823247387,False
GO_BP,PDOL,GO:0031344,regulation of cell projection organization,25,-0.5067478851914511,0.35490141612156556,0.3818618138186181,0.8514559823247387,False
GO_BP,PDOL,GO:0031345,negative regulation of cell projection organization,10,-0.6892331734069992,0.12442041178664454,0.4423557644235576,0.8514559823247387,False
GO_BP,PDOL,GO:0031346,positive regulation of cell projection organization,13,0.07569097512050778,0.4192782328894731,0.35236476352364765,0.8514559823247387,False
GO_BP,PDOL,GO:0031347,regulation of defense response,58,-1.271122168410911,-1.1410066547864535,0.8271172882711729,0.9024188490241885,False
GO_BP,PDOL,GO:0031348,negative regulation of defense response,22,-0.7758129754315648,-0.7010075441159217,0.7119288071192881,0.8616050730070515,False
GO_BP,PDOL,GO:0031349,positive regulation of defense response,27,-1.7623934936235945,-0.7305407140802338,0.7183281671832816,0.863001957670695,False
GO_BP,PDOL,GO:0031396,regulation of protein ubiquitination,11,1.5590239150870038,3.1396788967354854,0.008999100089991,0.8514559823247387,False
GO_BP,PDOL,GO:0031398,positive regulation of protein ubiquitination,5,2.4507645607305637,3.302853915278136,0.009599040095990401,0.8514559823247387,False
GO_BP,PDOL,GO:0031399,regulation of protein modification process,36,-0.10844295914047011,0.698159172187796,0.2802719728027197,0.8514559823247387,False
GO_BP,PDOL,GO:0031400,negative regulation of protein modification process,8,-0.3844780178268247,-0.6965317241681733,0.7101289871012899,0.8614317417402894,False
GO_BP,PDOL,GO:0031401,positive regulation of protein modification process,25,0.0973686481454639,1.277530863759501,0.1516848315168483,0.8514559823247387,False
GO_BP,PDOL,GO:0031507,heterochromatin formation,8,0.966302162118587,-1.2439064088327931,0.8633136686331366,0.9188783191273777,False
GO_BP,PDOL,GO:0031623,receptor internalization,6,0.8181376318292601,1.1252614990839143,0.18148185181481852,0.8514559823247387,False
GO_BP,PDOL,GO:0031644,regulation of nervous system process,14,-0.7058340445023114,-0.26382548789690186,0.5551444855514449,0.8514559823247387,False
GO_BP,PDOL,GO:0031647,regulation of protein stability,15,-1.2499250109177258,0.13420594395640406,0.43255674432556745,0.8514559823247387,False
GO_BP,PDOL,GO:0031663,lipopolysaccharide-mediated signaling pathway,5,1.1472923463492761,1.4592762591686985,0.12468753124687532,0.8514559823247387,False
GO_BP,PDOL,GO:0031664,regulation of lipopolysaccharide-mediated signaling pathway,5,-0.04191608738215527,-3.1479164884445776,0.9992000799920008,1.0,False
GO_BP,PDOL,GO:0031667,response to nutrient levels,27,-0.027351827958415963,-0.8401894430936961,0.7497250274972502,0.8738155310682524,False
GO_BP,PDOL,GO:0031669,cellular response to nutrient levels,10,1.0014168707577755,-0.7865366753605239,0.7313268673132687,0.8653880503226542,False
GO_BP,PDOL,GO:0031960,response to corticosteroid,15,1.5140810380211278,0.841180018426001,0.2318768123187681,0.8514559823247387,False
GO_BP,PDOL,GO:0032006,regulation of TOR signaling,13,0.3162145481602532,1.5472620768406218,0.1100889911008899,0.8514559823247387,False
GO_BP,PDOL,GO:0032008,positive regulation of TOR signaling,11,-1.153730390281628,0.15159956911727757,0.42795720427957207,0.8514559823247387,False
GO_BP,PDOL,GO:0032024,positive regulation of insulin secretion,6,-0.24135766064551817,-0.4131669687510451,0.6084391560843916,0.8514559823247387,False
GO_BP,PDOL,GO:0032101,regulation of response to external stimulus,75,-1.3518596509683856,-0.5797452207186502,0.6778322167783222,0.8539237155845091,False
GO_BP,PDOL,GO:0032102,negative regulation of response to external stimulus,31,-1.4100127203917265,-0.7795915843056043,0.7311268873112688,0.8653702156339753,False
GO_BP,PDOL,GO:0032103,positive regulation of response to external stimulus,38,-1.2291826355437199,-0.30118995345264954,0.5929407059294071,0.8514559823247387,False
GO_BP,PDOL,GO:0032200,telomere organization,7,-0.36242696235095057,-0.09302373563634303,0.48735126487351266,0.8514559823247387,False
GO_BP,PDOL,GO:0032204,regulation of telomere maintenance,11,-0.9239632593616764,-0.4651270122426853,0.6264373562643736,0.8514559823247387,False
GO_BP,PDOL,GO:0032206,positive regulation of telomere maintenance,8,-0.31622009668077844,-0.34036130153599387,0.5882411758824118,0.8514559823247387,False
GO_BP,PDOL,GO:0032271,regulation of protein polymerization,9,1.281766098739098,0.3543387713267343,0.32186781321867813,0.8514559823247387,False
GO_BP,PDOL,GO:0032273,positive regulation of protein polymerization,6,1.364238342623842,0.535891761748387,0.26507349265073493,0.8514559823247387,False
GO_BP,PDOL,GO:0032309,icosanoid secretion,5,-0.3580855752004999,-1.4676336313577725,0.9087091290870913,0.9475843859464322,False
GO_BP,PDOL,GO:0032355,response to estradiol,14,-0.8790325108816895,-0.130478308699707,0.5257474252574742,0.8514559823247387,False
GO_BP,PDOL,GO:0032368,regulation of lipid transport,14,0.719697120870753,1.7423106972633615,0.0781921807819218,0.8514559823247387,False
GO_BP,PDOL,GO:0032370,positive regulation of lipid transport,9,1.065687868163011,1.3532855650616469,0.135986401359864,0.8514559823247387,False
GO_BP,PDOL,GO:0032371,regulation of sterol transport,7,1.155808086911993,1.4526720368641124,0.12238776122387761,0.8514559823247387,False
GO_BP,PDOL,GO:0032373,positive regulation of sterol transport,6,0.8730869248142391,0.8963495239935528,0.22507749225077492,0.8514559823247387,False
GO_BP,PDOL,GO:0032374,regulation of cholesterol transport,7,1.155808086911993,1.4526720368641124,0.12238776122387761,0.8514559823247387,False
GO_BP,PDOL,GO:0032376,positive regulation of cholesterol transport,6,0.8730869248142391,0.8963495239935528,0.22507749225077492,0.8514559823247387,False
GO_BP,PDOL,GO:0032386,regulation of intracellular transport,13,-0.1689467855212462,0.46201472590937154,0.3457654234576542,0.8514559823247387,False
GO_BP,PDOL,GO:0032388,positive regulation of intracellular transport,9,-0.2125322439488361,0.9971279637209579,0.20517948205179481,0.8514559823247387,False
GO_BP,PDOL,GO:0032434,regulation of proteasomal ubiquitin-dependent protein catabolic process,11,0.41257882751585534,2.0150739362210834,0.05959404059594041,0.8514559823247387,False
GO_BP,PDOL,GO:0032436,positive regulation of proteasomal ubiquitin-dependent protein catabolic process,8,0.4184946816854048,1.7934391818515047,0.08299170082991701,0.8514559823247387,False
GO_BP,PDOL,GO:0032446,protein modification by small protein conjugation,11,2.728106101189879,1.7843733744061976,0.08899110088991101,0.8514559823247387,False
GO_BP,PDOL,GO:0032465,regulation of cytokinesis,8,-0.9212713410005918,-0.8940199000236115,0.7808219178082192,0.884163216874538,False
GO_BP,PDOL,GO:0032467,positive regulation of cytokinesis,5,-0.6166356670099596,-0.816423185610773,0.7669233076692331,0.8787413464859231,False
GO_BP,PDOL,GO:0032479,regulation of type I interferon production,9,-0.5253102738505064,-0.4302646894898352,0.6193380661933806,0.8514559823247387,False
GO_BP,PDOL,GO:0032481,positive regulation of type I interferon production,7,-0.37668373566058455,-0.17497645067111703,0.5231476852314768,0.8514559823247387,False
GO_BP,PDOL,GO:0032496,response to lipopolysaccharide,26,0.9346523787339107,0.9862573086503112,0.204979502049795,0.8514559823247387,False
GO_BP,PDOL,GO:0032502,developmental process,150,-0.4928560062921638,-0.39995586706173625,0.631036896310369,0.8514559823247387,False
GO_BP,PDOL,GO:0032526,response to retinoic acid,9,0.4338525831302448,1.5344136460275029,0.1065893410658934,0.8514559823247387,False
GO_BP,PDOL,GO:0032535,regulation of cellular component size,12,1.3741263401614765,0.9125108366637589,0.208979102089791,0.8514559823247387,False
GO_BP,PDOL,GO:0032642,regulation of chemokine production,8,0.4605734920845796,0.06789938721033112,0.45755424457554245,0.8514559823247387,False
GO_BP,PDOL,GO:0032649,regulation of type II interferon production,5,-0.8220509966020527,-1.1670123448809018,0.8521147885211479,0.9112154111222044,False
GO_BP,PDOL,GO:0032651,regulation of interleukin-1 beta production,6,-1.0071604640490355,-0.44453289106835125,0.6255374462553744,0.8514559823247387,False
GO_BP,PDOL,GO:0032652,regulation of interleukin-1 production,7,-1.097514959541894,-1.2111854808435185,0.8625137486251375,0.9184446743039006,False
GO_BP,PDOL,GO:0032663,regulation of interleukin-2 production,5,-0.5469910135972097,-1.1268625073740097,0.8475152484751525,0.9088905542435448,False
GO_BP,PDOL,GO:0032675,regulation of interleukin-6 production,9,-1.487855841057836,-2.4045005597320133,0.9832016798320168,0.9953242183893226,False
GO_BP,PDOL,GO:0032677,regulation of interleukin-8 production,7,-0.6696493424160062,-0.8285716308279827,0.7591240875912408,0.8746185942705581,False
GO_BP,PDOL,GO:0032680,regulation of tumor necrosis factor production,12,-1.0777101379350469,-1.9450574822763296,0.9562043795620438,0.9787918845910685,False
GO_BP,PDOL,GO:0032722,positive regulation of chemokine production,5,-0.6342052982412605,-0.22490059722252864,0.5447455254474552,0.8514559823247387,False
GO_BP,PDOL,GO:0032731,positive regulation of interleukin-1 beta production,5,-0.9576503569608523,-0.3969532262537693,0.6082391760823918,0.8514559823247387,False
GO_BP,PDOL,GO:0032732,positive regulation of interleukin-1 production,5,-0.9576503569608523,-0.3969532262537693,0.6082391760823918,0.8514559823247387,False
GO_BP,PDOL,GO:0032755,positive regulation of interleukin-6 production,6,-1.196559270388193,-1.1528594599394917,0.8353164683531646,0.9045074206137923,False
GO_BP,PDOL,GO:0032757,positive regulation of interleukin-8 production,7,-0.6696493424160062,-0.8285716308279827,0.7591240875912408,0.8746185942705581,False
GO_BP,PDOL,GO:0032760,positive regulation of tumor necrosis factor production,7,-0.7129606940494311,-0.6098538389641467,0.680931906809319,0.8539237155845091,False
GO_BP,PDOL,GO:0032774,RNA biosynthetic process,20,0.7334894643435395,0.05287283828717104,0.47495250474952505,0.8514559823247387,False
GO_BP,PDOL,GO:0032787,monocarboxylic acid metabolic process,44,0.5705432213591569,0.022501171435033718,0.49165083491650835,0.8514559823247387,False
GO_BP,PDOL,GO:0032868,response to insulin,20,0.063622444411934,-0.005175481076716532,0.49135086491350866,0.8514559823247387,False
GO_BP,PDOL,GO:0032869,cellular response to insulin stimulus,15,-0.05310230780763108,-0.6026130425522185,0.678032196780322,0.8539237155845091,False
GO_BP,PDOL,GO:0032870,cellular response to hormone stimulus,57,1.337471429736307,0.30379231577475796,0.39986001399860016,0.8514559823247387,False
GO_BP,PDOL,GO:0032879,regulation of localization,113,-0.34910196117782266,-0.10292092221537336,0.5287471252874713,0.8514559823247387,False
GO_BP,PDOL,GO:0032880,regulation of protein localization,58,0.6589891527456101,0.40352000601351906,0.36436356364363565,0.8514559823247387,False
GO_BP,PDOL,GO:0032886,regulation of microtubule-based process,13,0.6627946463208458,0.3280032840678909,0.36706329367063295,0.8514559823247387,False
GO_BP,PDOL,GO:0032890,regulation of organic acid transport,10,-0.32870365591107653,0.5789150170434038,0.2987701229877012,0.8514559823247387,False
GO_BP,PDOL,GO:0032922,circadian regulation of gene expression,11,0.6043730456804287,0.42213793327925586,0.3471652834716528,0.8514559823247387,False
GO_BP,PDOL,GO:0032928,regulation of superoxide anion generation,6,-0.13243117187479966,-0.3682945588309249,0.5949405059494051,0.8514559823247387,False
GO_BP,PDOL,GO:0032930,positive regulation of superoxide anion generation,6,-0.13243117187479966,-0.3682945588309249,0.5949405059494051,0.8514559823247387,False
GO_BP,PDOL,GO:0032940,secretion by cell,7,-1.182988280717673,-1.1053888516048194,0.8392160783921608,0.9063219197231176,False
GO_BP,PDOL,GO:0032944,regulation of mononuclear cell proliferation,7,-0.1221086168661635,-0.013991586157217503,0.46195380461953806,0.8514559823247387,False
GO_BP,PDOL,GO:0032946,positive regulation of mononuclear cell proliferation,5,0.035192161743675815,0.84068210405919,0.20787921207879212,0.8514559823247387,False
GO_BP,PDOL,GO:0032956,regulation of actin cytoskeleton organization,9,0.5096314866156317,0.3086231381159108,0.3167683231676832,0.8514559823247387,False
GO_BP,PDOL,GO:0032963,collagen metabolic process,10,-1.477326403141758,0.11843319774217442,0.4400559944005599,0.8514559823247387,False
GO_BP,PDOL,GO:0032970,regulation of actin filament-based process,14,0.3020515527923752,0.602812617854033,0.2596740325967403,0.8514559823247387,False
GO_BP,PDOL,GO:0033013,tetrapyrrole metabolic process,6,3.2829314041658866,1.939062851921971,0.06569343065693431,0.8514559823247387,False
GO_BP,PDOL,GO:0033015,tetrapyrrole catabolic process,5,4.595252102813987,2.8509824540829203,0.030996900309969003,0.8514559823247387,False
GO_BP,PDOL,GO:0033036,macromolecule localization,48,0.16765871600001972,0.9292690672788192,0.21777822217778223,0.8514559823247387,False
GO_BP,PDOL,GO:0033043,regulation of organelle organization,44,-0.38208805932936324,0.574145471947153,0.31156884311568844,0.8514559823247387,False
GO_BP,PDOL,GO:0033044,regulation of chromosome organization,17,-0.3494890379071788,-0.25369956774953223,0.5573442655734426,0.8514559823247387,False
GO_BP,PDOL,GO:0033121,regulation of purine nucleotide catabolic process,6,-1.0037793685906626,-0.1511414588181237,0.5266473352664733,0.8514559823247387,False
GO_BP,PDOL,GO:0033143,regulation of intracellular steroid hormone receptor signaling pathway,7,-0.7208812899762881,0.3321300559525092,0.3304669533046695,0.8514559823247387,False
GO_BP,PDOL,GO:0033146,regulation of intracellular estrogen receptor signaling pathway,5,-0.5983173434219411,0.18300731647676294,0.35076492350764926,0.8514559823247387,False
GO_BP,PDOL,GO:0033157,regulation of intracellular protein transport,10,0.1557458456503193,0.7011731405275006,0.272972702729727,0.8514559823247387,False
GO_BP,PDOL,GO:0033273,response to vitamin,8,-1.3679509746738736,-0.41271774822869545,0.625037496250375,0.8514559823247387,False
GO_BP,PDOL,GO:0033365,protein localization to organelle,18,-1.1725143070890913,0.2241962901897696,0.40645935406459355,0.8514559823247387,False
GO_BP,PDOL,GO:0033500,carbohydrate homeostasis,16,-0.7254026707680337,-0.6413562303845287,0.6964303569643036,0.8574464587439561,False
GO_BP,PDOL,GO:0033554,cellular response to stress,73,1.492434247521427,1.216973761846745,0.15948405159484053,0.8514559823247387,False
GO_BP,PDOL,GO:0033555,multicellular organismal response to stress,7,-0.746429918619227,0.3245027366583303,0.34106589341065896,0.8514559823247387,False
GO_BP,PDOL,GO:0033559,unsaturated fatty acid metabolic process,29,-1.2737703791406179,-0.9707162826041004,0.7813218678132187,0.884301412664054,False
GO_BP,PDOL,GO:0033628,regulation of cell adhesion mediated by integrin,6,-1.2679095212056124,-1.0092229573064757,0.825917408259174,0.9021692324467974,False
GO_BP,PDOL,GO:0033674,positive regulation of kinase activity,10,-0.7752708705973984,-0.1830728061379029,0.521047895210479,0.8514559823247387,False
GO_BP,PDOL,GO:0033993,response to lipid,81,0.646181997733334,0.912617038412584,0.22807719228077192,0.8514559823247387,False
GO_BP,PDOL,GO:0034097,response to cytokine,39,-1.1823254586580887,0.08727057832059848,0.46435356464353567,0.8514559823247387,False
GO_BP,PDOL,GO:0034103,regulation of tissue remodeling,7,-1.1980579638668676,-0.30068845274184786,0.5781421857814218,0.8514559823247387,False
GO_BP,PDOL,GO:0034110,regulation of homotypic cell-cell adhesion,7,-0.8098777302255672,-0.14717721975141063,0.5172482751724827,0.8514559823247387,False
GO_BP,PDOL,GO:0034220,monoatomic ion transmembrane transport,34,1.4210223675396476,2.194777306949643,0.0410958904109589,0.8514559823247387,False
GO_BP,PDOL,GO:0034284,response to monosaccharide,8,0.08434833020161873,0.2285811401354435,0.3905609439056094,0.8514559823247387,False
GO_BP,PDOL,GO:0034308,primary alcohol metabolic process,17,-0.20489132332547597,-0.7769442564200472,0.7304269573042695,0.8653345191796611,False
GO_BP,PDOL,GO:0034329,cell junction assembly,9,0.1803557832964715,-0.9402022411364435,0.7784221577842215,0.8827273318221848,False
GO_BP,PDOL,GO:0034330,cell junction organization,21,-0.4622897603475549,-1.1142878305939525,0.8168183181681832,0.8990380359894397,False
GO_BP,PDOL,GO:0034405,response to fluid shear stress,6,-0.3366397111458522,0.14796038162176728,0.42885711428857115,0.8514559823247387,False
GO_BP,PDOL,GO:0034502,protein localization to chromosome,7,-0.2560057538163996,-0.003125510962814493,0.45525447455254475,0.8514559823247387,False
GO_BP,PDOL,GO:0034504,protein localization to nucleus,6,-1.110657562662209,0.3087830873393673,0.36366363363663634,0.8514559823247387,False
GO_BP,PDOL,GO:0034599,cellular response to oxidative stress,21,-0.6625943621708116,0.057746233832740246,0.459054094590541,0.8514559823247387,False
GO_BP,PDOL,GO:0034605,cellular response to heat,7,2.499648486950248,2.2460231012162044,0.0491950804919508,0.8514559823247387,False
GO_BP,PDOL,GO:0034612,response to tumor necrosis factor,7,1.0952539544167728,0.9342203099235146,0.21607839216078392,0.8514559823247387,False
GO_BP,PDOL,GO:0034614,cellular response to reactive oxygen species,13,-0.15602011107583702,0.45745630740013077,0.32686731326867313,0.8514559823247387,False
GO_BP,PDOL,GO:0034644,cellular response to UV,10,-0.5958927082827195,0.18434216021590433,0.394960503949605,0.8514559823247387,False
GO_BP,PDOL,GO:0034654,nucleobase-containing compound biosynthetic process,28,1.190969999438101,0.9207137549842809,0.22177782221777823,0.8514559823247387,False
GO_BP,PDOL,GO:0034655,nucleobase-containing compound catabolic process,12,-0.7280757931301807,-0.18470864992411884,0.5374462553744626,0.8514559823247387,False
GO_BP,PDOL,GO:0034762,regulation of transmembrane transport,24,-1.0665098395045063,-0.5826873672419546,0.6811318868113189,0.8539237155845091,False
GO_BP,PDOL,GO:0034763,negative regulation of transmembrane transport,5,-0.6694145997196931,0.2810932161575912,0.36446355364463556,0.8514559823247387,False
GO_BP,PDOL,GO:0034764,positive regulation of transmembrane transport,12,-0.16750047791107694,-0.2590424946897208,0.5672432756724327,0.8514559823247387,False
GO_BP,PDOL,GO:0034765,regulation of monoatomic ion transmembrane transport,16,-0.010921085273400287,0.4652540236850069,0.3254674532546745,0.8514559823247387,False
GO_BP,PDOL,GO:0034767,positive regulation of monoatomic ion transmembrane transport,6,1.6278696723915433,1.0733911282702853,0.18218178182181782,0.8514559823247387,False
GO_BP,PDOL,GO:0034976,response to endoplasmic reticulum stress,9,2.6429736908350834,2.119907665202794,0.05119488051194881,0.8514559823247387,False
GO_BP,PDOL,GO:0035094,response to nicotine,13,-0.5123788443770807,-0.03968992619773043,0.49495050494950504,0.8514559823247387,False
GO_BP,PDOL,GO:0035150,regulation of tube size,34,-0.8658637928594367,0.2056849876573904,0.42025797420257976,0.8514559823247387,False
GO_BP,PDOL,GO:0035235,ionotropic glutamate receptor signaling pathway,8,-0.9597711940938913,-0.1000589384431767,0.4901509849015098,0.8514559823247387,False
GO_BP,PDOL,GO:0035239,tube morphogenesis,17,-0.4899939901685092,0.6503867253680825,0.2903709629037096,0.8514559823247387,False
GO_BP,PDOL,GO:0035249,"synaptic transmission, glutamatergic",7,-0.48117770190992315,0.2573029402044159,0.34796520347965204,0.8514559823247387,False
GO_BP,PDOL,GO:0035270,endocrine system development,6,-0.7247914204501487,0.073080824294393,0.4026597340265973,0.8514559823247387,False
GO_BP,PDOL,GO:0035295,tube development,23,-1.2422615106618433,-0.038775599617954404,0.5042495750424958,0.8514559823247387,False
GO_BP,PDOL,GO:0035296,regulation of tube diameter,34,-0.8658637928594367,0.2056849876573904,0.42025797420257976,0.8514559823247387,False
GO_BP,PDOL,GO:0035335,peptidyl-tyrosine dephosphorylation,7,-1.0697312809340715,-5.220302584822462,1.0,1.0,False
GO_BP,PDOL,GO:0035556,intracellular signal transduction,84,0.8876908498747835,1.335978889316753,0.1376862313768623,0.8514559823247387,False
GO_BP,PDOL,GO:0035590,purinergic nucleotide receptor signaling pathway,5,-0.37772397014680564,0.6483026215444379,0.28357164283571645,0.8514559823247387,False
GO_BP,PDOL,GO:0035725,sodium ion transmembrane transport,7,-0.004163634069986459,0.6034956381794662,0.20837916208379162,0.8514559823247387,False
GO_BP,PDOL,GO:0035924,cellular response to vascular endothelial growth factor stimulus,9,-0.7919811621052668,-0.10660557789243863,0.49305069493050696,0.8514559823247387,False
GO_BP,PDOL,GO:0035966,response to topologically incorrect protein,8,0.9374734552393744,0.36144805291430737,0.3551644835516448,0.8514559823247387,False
GO_BP,PDOL,GO:0035967,cellular response to topologically incorrect protein,5,0.7073475072242852,-0.5208452195190174,0.6452354764523548,0.8514559823247387,False
GO_BP,PDOL,GO:0036119,response to platelet-derived growth factor,5,0.2857382997554311,-1.2857561630196326,0.8717128287171283,0.9238260956513045,False
GO_BP,PDOL,GO:0036120,cellular response to platelet-derived growth factor stimulus,5,0.2857382997554311,-1.2857561630196326,0.8717128287171283,0.9238260956513045,False
GO_BP,PDOL,GO:0036211,protein modification process,72,-0.43951683856493395,-1.8028057048832244,0.9318068193180682,0.9624488886357447,False
GO_BP,PDOL,GO:0036293,response to decreased oxygen levels,28,-1.1687843835174763,-0.6297915826925558,0.6927307269273073,0.8571309888038681,False
GO_BP,PDOL,GO:0036294,cellular response to decreased oxygen levels,11,-0.42144387215597756,-1.00432311444978,0.7961203879612039,0.8885865527446778,False
GO_BP,PDOL,GO:0038084,vascular endothelial growth factor signaling pathway,6,-1.0024398000948844,-0.5529466940794474,0.6688331166883311,0.8533864520334556,False
GO_BP,PDOL,GO:0038093,Fc receptor signaling pathway,12,-1.2748293021397294,-0.3742076699221495,0.5918408159184082,0.8514559823247387,False
GO_BP,PDOL,GO:0038094,Fc-gamma receptor signaling pathway,8,-1.3903595067948211,-0.9451057557872957,0.786021397860214,0.8846608134575591,False
GO_BP,PDOL,GO:0038096,Fc-gamma receptor signaling pathway involved in phagocytosis,8,-1.3903595067948211,-0.9451057557872957,0.786021397860214,0.8846608134575591,False
GO_BP,PDOL,GO:0038127,ERBB signaling pathway,17,-1.2707796720568638,-0.6339523631887987,0.6859314068593141,0.8564379499133531,False
GO_BP,PDOL,GO:0038128,ERBB2 signaling pathway,5,-0.6928177049720781,-0.3585899986426354,0.5900409959004099,0.8514559823247387,False
GO_BP,PDOL,GO:0039531,regulation of cytoplasmic pattern recognition receptor signaling pathway,13,-1.6420891161172793,-0.5113018653065924,0.6468353164683531,0.8514559823247387,False
GO_BP,PDOL,GO:0039532,negative regulation of cytoplasmic pattern recognition receptor signaling pathway,5,-0.6429462955228985,-0.1881750171369424,0.5263473652634737,0.8514559823247387,False
GO_BP,PDOL,GO:0040008,regulation of growth,23,-0.5715782950574466,0.17188052875751048,0.43325667433256676,0.8514559823247387,False
GO_BP,PDOL,GO:0040011,locomotion,25,-0.217679050335726,0.6065332688259002,0.30116988301169884,0.8514559823247387,False
GO_BP,PDOL,GO:0040012,regulation of locomotion,65,-1.4874480046516025,0.5441622218443578,0.32186781321867813,0.8514559823247387,False
GO_BP,PDOL,GO:0040013,negative regulation of locomotion,16,-0.38517064630733705,0.18634499896241558,0.42125787421257876,0.8514559823247387,False
GO_BP,PDOL,GO:0040017,positive regulation of locomotion,43,-1.2071279413832128,0.5598788168235045,0.32356764323567644,0.8514559823247387,False
GO_BP,PDOL,GO:0040029,epigenetic regulation of gene expression,14,0.4410649198836033,-1.1184027466436426,0.8217178282171783,0.9011742234814215,False
GO_BP,PDOL,GO:0042058,regulation of epidermal growth factor receptor signaling pathway,5,-1.0271760441315179,-1.2027889499450417,0.8524147585241476,0.9112154111222044,False
GO_BP,PDOL,GO:0042060,wound healing,22,-0.7924200938343896,0.4271446050860833,0.34236576342365765,0.8514559823247387,False
GO_BP,PDOL,GO:0042063,gliogenesis,13,0.1361844009658253,-0.037515000620846894,0.48725127487251274,0.8514559823247387,False
GO_BP,PDOL,GO:0042110,T cell activation,11,-0.18179670670383055,-0.4977913894940811,0.6434356564343565,0.8514559823247387,False
GO_BP,PDOL,GO:0042113,B cell activation,5,-0.9396968341716927,-0.9222169509906963,0.7927207279272073,0.8864833946712856,False
GO_BP,PDOL,GO:0042127,regulation of cell population proliferation,88,-1.658617334239125,-0.3592578355240903,0.6063393660633937,0.8514559823247387,False
GO_BP,PDOL,GO:0042167,heme catabolic process,5,4.595252102813987,2.8509824540829203,0.030996900309969003,0.8514559823247387,False
GO_BP,PDOL,GO:0042168,heme metabolic process,5,4.595252102813987,2.8509824540829203,0.030996900309969003,0.8514559823247387,False
GO_BP,PDOL,GO:0042176,regulation of protein catabolic process,23,-0.539553447825876,0.39869270701562254,0.36076392360763926,0.8514559823247387,False
GO_BP,PDOL,GO:0042177,negative regulation of protein catabolic process,9,-0.6368925220962346,-0.5465975768693184,0.6571342865713429,0.8514559823247387,False
GO_BP,PDOL,GO:0042178,xenobiotic catabolic process,13,-0.10475201284136694,-0.6949719775424946,0.7111288871112889,0.86156662470881,False
GO_BP,PDOL,GO:0042180,ketone metabolic process,13,-1.1251409261337608,-2.1614187094253303,0.9677032296770323,0.9873231120315045,False
GO_BP,PDOL,GO:0042220,response to cocaine,13,-0.686149276979883,0.23496135339319035,0.36366363363663634,0.8514559823247387,False
GO_BP,PDOL,GO:0042306,regulation of protein import into nucleus,7,-0.6385604519866092,0.36880138805940244,0.3020697930206979,0.8514559823247387,False
GO_BP,PDOL,GO:0042307,positive regulation of protein import into nucleus,7,-0.6385604519866092,0.36880138805940244,0.3020697930206979,0.8514559823247387,False
GO_BP,PDOL,GO:0042310,vasoconstriction,9,-0.5302498602374519,0.1261201963459755,0.39686031396860316,0.8514559823247387,False
GO_BP,PDOL,GO:0042311,vasodilation,11,-0.28001528628827965,-0.12384927257235831,0.5185481451854814,0.8514559823247387,False
GO_BP,PDOL,GO:0042325,regulation of phosphorylation,25,-1.0303547842555023,-0.7400494277941443,0.7184281571842815,0.863001957670695,False
GO_BP,PDOL,GO:0042326,negative regulation of phosphorylation,5,-0.15311982580207983,-1.9544923901905378,0.9533046695330467,0.9771059687723737,False
GO_BP,PDOL,GO:0042327,positive regulation of phosphorylation,20,-1.0516345111874605,-0.06475361742725427,0.5061493850614939,0.8514559823247387,False
GO_BP,PDOL,GO:0042330,taxis,24,-0.1595428688397838,0.6411188846203228,0.29077092290770923,0.8514559823247387,False
GO_BP,PDOL,GO:0042391,regulation of membrane potential,44,1.4279258693776138,2.337677496077374,0.03189681031896811,0.8514559823247387,False
GO_BP,PDOL,GO:0042417,dopamine metabolic process,8,0.9279663291868172,1.437133874315573,0.12058794120587941,0.8514559823247387,False
GO_BP,PDOL,GO:0042440,pigment metabolic process,6,3.4745507641395577,2.229794830898131,0.059494050594940506,0.8514559823247387,False
GO_BP,PDOL,GO:0042445,hormone metabolic process,27,0.6671289847475557,-0.3371057687744483,0.6003399660033997,0.8514559823247387,False
GO_BP,PDOL,GO:0042446,hormone biosynthetic process,7,-0.184023492223899,-0.8111898111383765,0.7573242675732427,0.8746185942705581,False
GO_BP,PDOL,GO:0042542,response to hydrogen peroxide,10,-0.9353775132537888,-0.21686532747460008,0.5274472552744726,0.8514559823247387,False
GO_BP,PDOL,GO:0042572,retinol metabolic process,12,-0.04991822583798253,-0.6414884256173761,0.6912308769123088,0.8571309888038681,False
GO_BP,PDOL,GO:0042573,retinoic acid metabolic process,6,3.197910795393277,1.2330573149240018,0.1543845615438456,0.8514559823247387,False
GO_BP,PDOL,GO:0042592,homeostatic process,74,-0.961458299641792,-1.228412981917869,0.8412158784121588,0.9064977480152536,False
GO_BP,PDOL,GO:0042593,glucose homeostasis,16,-0.7254026707680337,-0.6413562303845287,0.6964303569643036,0.8574464587439561,False
GO_BP,PDOL,GO:0042594,response to starvation,5,1.48910021577928,-0.7372678460733024,0.7168283171682832,0.863001957670695,False
GO_BP,PDOL,GO:0042632,cholesterol homeostasis,7,-0.40037686815061857,-0.9330633658333638,0.8262173782621738,0.9021692324467974,False
GO_BP,PDOL,GO:0042742,defense response to bacterium,14,-0.7612645366859971,-1.059975187452657,0.8092190780921907,0.8964765061955343,False
GO_BP,PDOL,GO:0042749,regulation of circadian sleep/wake cycle,6,-0.007861448905463137,0.4391501525402533,0.31116888311168883,0.8514559823247387,False
GO_BP,PDOL,GO:0042752,regulation of circadian rhythm,17,0.469175624639408,1.157283267563602,0.1713828617138286,0.8514559823247387,False
GO_BP,PDOL,GO:0042759,long-chain fatty acid biosynthetic process,12,0.44621140698183587,0.4857431139958592,0.33336666333366666,0.8514559823247387,False
GO_BP,PDOL,GO:0042789,mRNA transcription by RNA polymerase II,5,2.304427894156255,1.824001852076303,0.08259174082591741,0.8514559823247387,False
GO_BP,PDOL,GO:0042908,xenobiotic transport,10,-0.6430794362230878,-1.9954053213418377,0.9673032696730327,0.9873231120315045,False
GO_BP,PDOL,GO:0042981,regulation of apoptotic process,94,-2.234920625078342,-0.6442896152046065,0.7047295270472953,0.8588891110888911,False
GO_BP,PDOL,GO:0043010,camera-type eye development,11,-0.9666019580833348,0.2006735696972769,0.39146085391460855,0.8514559823247387,False
GO_BP,PDOL,GO:0043062,extracellular structure organization,11,-1.6803625333551742,-0.2335880822472347,0.5588441155884412,0.8514559823247387,False
GO_BP,PDOL,GO:0043065,positive regulation of apoptotic process,26,-0.7543704848635657,-0.5278789743633201,0.660933906609339,0.8514559823247387,False
GO_BP,PDOL,GO:0043066,negative regulation of apoptotic process,70,-1.6455180847411448,0.2405068730521953,0.420957904209579,0.8514559823247387,False
GO_BP,PDOL,GO:0043067,regulation of programmed cell death,99,-2.341271432711282,-0.5679938671199625,0.6805319468053195,0.8539237155845091,False
GO_BP,PDOL,GO:0043068,positive regulation of programmed cell death,29,-0.8023669978611272,-0.5864562133512092,0.6793320667933207,0.8539237155845091,False
GO_BP,PDOL,GO:0043069,negative regulation of programmed cell death,74,-1.7411007925701136,0.3664619618335536,0.38706129387061294,0.8514559823247387,False
GO_BP,PDOL,GO:0043085,positive regulation of catalytic activity,22,-0.8500928693772233,0.46028984555735775,0.33966603339666035,0.8514559823247387,False
GO_BP,PDOL,GO:0043086,negative regulation of catalytic activity,6,-0.010295228317683204,0.23303445061247235,0.39856014398560147,0.8514559823247387,False
GO_BP,PDOL,GO:0043114,regulation of vascular permeability,5,-0.9493517335506068,-0.31605164370051564,0.5772422757724227,0.8514559823247387,False
GO_BP,PDOL,GO:0043122,regulation of canonical NF-kappaB signal transduction,16,0.5905075814262731,0.5475201720262048,0.30396960303969606,0.8514559823247387,False
GO_BP,PDOL,GO:0043123,positive regulation of canonical NF-kappaB signal transduction,11,1.7777435215957822,2.050959450812053,0.06419358064193581,0.8514559823247387,False
GO_BP,PDOL,GO:0043124,negative regulation of canonical NF-kappaB signal transduction,5,-0.5437800031903456,-0.6443525336186173,0.6998300169983002,0.8574464587439561,False
GO_BP,PDOL,GO:0043161,proteasome-mediated ubiquitin-dependent protein catabolic process,5,2.732810195352522,2.879471773302866,0.0193980601939806,0.8514559823247387,False
GO_BP,PDOL,GO:0043170,macromolecule metabolic process,134,-0.8422268189110471,-1.110868532987777,0.8186181381861813,0.9001722008250302,False
GO_BP,PDOL,GO:0043200,response to amino acid,10,-0.8204072581664636,-0.3058298353270257,0.5615438456154385,0.8514559823247387,False
GO_BP,PDOL,GO:0043207,response to external biotic stimulus,53,0.22559151394297647,0.6296851938972565,0.29547045295470453,0.8514559823247387,False
GO_BP,PDOL,GO:0043244,regulation of protein-containing complex disassembly,6,-0.7599993827602597,-0.026788634452796223,0.45165483451654836,0.8514559823247387,False
GO_BP,PDOL,GO:0043254,regulation of protein-containing complex assembly,23,-0.07269098679640319,0.08152162250262178,0.4510548945105489,0.8514559823247387,False
GO_BP,PDOL,GO:0043255,regulation of carbohydrate biosynthetic process,6,-0.2866406764787351,0.23020204507097414,0.39736026397360263,0.8514559823247387,False
GO_BP,PDOL,GO:0043266,regulation of potassium ion transport,9,1.0290068600446323,1.0981987532352628,0.1862813718628137,0.8514559823247387,False
GO_BP,PDOL,GO:0043268,positive regulation of potassium ion transport,5,1.8152988516932422,1.3646955768799018,0.1404859514048595,0.8514559823247387,False
GO_BP,PDOL,GO:0043269,regulation of monoatomic ion transport,32,-0.6729181948258247,0.08655147208954028,0.45815418458154183,0.8514559823247387,False
GO_BP,PDOL,GO:0043270,positive regulation of monoatomic ion transport,13,0.9860765527928534,1.157624816232423,0.16628337166283372,0.8514559823247387,False
GO_BP,PDOL,GO:0043271,negative regulation of monoatomic ion transport,8,-0.7690977708292245,-0.08266625711418163,0.48405159484051596,0.8514559823247387,False
GO_BP,PDOL,GO:0043278,response to morphine,7,-0.35111471933613925,0.69344140972483,0.24147585241475852,0.8514559823247387,False
GO_BP,PDOL,GO:0043279,response to alkaloid,20,0.004524855180859592,1.4083834894047829,0.1250874912508749,0.8514559823247387,False
GO_BP,PDOL,GO:0043401,steroid hormone receptor signaling pathway,15,0.8964124686833771,1.217661731881931,0.15898410158984103,0.8514559823247387,False
GO_BP,PDOL,GO:0043405,regulation of MAP kinase activity,6,-0.2967128482207764,-0.42018341568059975,0.619038096190381,0.8514559823247387,False
GO_BP,PDOL,GO:0043406,positive regulation of MAP kinase activity,5,-0.8857677644910983,-0.25380471152001316,0.5489451054894511,0.8514559823247387,False
GO_BP,PDOL,GO:0043408,regulation of MAPK cascade,61,-1.3980785957461697,-1.136738585530527,0.8231176882311769,0.9015190219803201,False
GO_BP,PDOL,GO:0043409,negative regulation of MAPK cascade,11,-0.17140477935864307,-1.1384113322798701,0.8314168583141686,0.903528871631063,False
GO_BP,PDOL,GO:0043410,positive regulation of MAPK cascade,48,-0.9290107595378152,-0.07263263284029997,0.5117488251174882,0.8514559823247387,False
GO_BP,PDOL,GO:0043412,macromolecule modification,74,-0.6055946993568195,-1.7658674806964327,0.9281071892810719,0.9596866208209052,False
GO_BP,PDOL,GO:0043434,response to peptide hormone,37,-0.604689429316242,-0.45946984651022615,0.642935706429357,0.8514559823247387,False
GO_BP,PDOL,GO:0043436,oxoacid metabolic process,52,0.3116186448814242,-0.27399277487538387,0.5886411358864113,0.8514559823247387,False
GO_BP,PDOL,GO:0043467,regulation of generation of precursor metabolites and energy,11,-0.6749909814185648,0.20967422028031324,0.42525747425257476,0.8514559823247387,False
GO_BP,PDOL,GO:0043470,regulation of carbohydrate catabolic process,6,-1.0037793685906626,-0.1511414588181237,0.5266473352664733,0.8514559823247387,False
GO_BP,PDOL,GO:0043473,pigmentation,5,-0.1092356958744319,0.10958896399864608,0.38546145385461456,0.8514559823247387,False
GO_BP,PDOL,GO:0043484,regulation of RNA splicing,5,-0.5567423529062512,-0.8937215032177286,0.7965203479652034,0.8888209891457205,False
GO_BP,PDOL,GO:0043487,regulation of RNA stability,6,-0.18324034868903766,0.4668482563273369,0.31156884311568844,0.8514559823247387,False
GO_BP,PDOL,GO:0043488,regulation of mRNA stability,6,-0.18324034868903766,0.4668482563273369,0.31156884311568844,0.8514559823247387,False
GO_BP,PDOL,GO:0043491,phosphatidylinositol 3-kinase/protein kinase B signal transduction,10,-0.5461156198524028,0.5541044106369949,0.3164683531646835,0.8514559823247387,False
GO_BP,PDOL,GO:0043502,regulation of muscle adaptation,8,0.20419155441421655,0.4816588351231155,0.3133686631336866,0.8514559823247387,False
GO_BP,PDOL,GO:0043523,regulation of neuron apoptotic process,23,-0.9085003418974347,0.07452492944242217,0.4617538246175382,0.8514559823247387,False
GO_BP,PDOL,GO:0043524,negative regulation of neuron apoptotic process,13,-1.0111945950701253,0.3945080373100225,0.3564643535646435,0.8514559823247387,False
GO_BP,PDOL,GO:0043525,positive regulation of neuron apoptotic process,7,-0.3868929704351464,0.2757057719295469,0.38366163383661633,0.8514559823247387,False
GO_BP,PDOL,GO:0043535,regulation of blood vessel endothelial cell migration,8,-1.1410133209580346,0.01102315120739461,0.47905209479052097,0.8514559823247387,False
GO_BP,PDOL,GO:0043536,positive regulation of blood vessel endothelial cell migration,7,-1.2091675552517982,-0.09756141821098696,0.5114488551144886,0.8514559823247387,False
GO_BP,PDOL,GO:0043542,endothelial cell migration,5,-0.8083598190462872,0.01179371465372192,0.42625737426257376,0.8514559823247387,False
GO_BP,PDOL,GO:0043549,regulation of kinase activity,12,-0.5760355306069568,-0.5444494586956183,0.6601339866013398,0.8514559823247387,False
GO_BP,PDOL,GO:0043588,skin development,7,-1.1811029112863016,-0.2923046787581307,0.5601439856014399,0.8514559823247387,False
GO_BP,PDOL,GO:0043627,response to estrogen,7,0.5979466199099255,0.5564712633009207,0.3137686231376862,0.8514559823247387,False
GO_BP,PDOL,GO:0043632,modification-dependent macromolecule catabolic process,5,2.732810195352522,2.879471773302866,0.0193980601939806,0.8514559823247387,False
GO_BP,PDOL,GO:0043687,post-translational protein modification,18,2.168147792510189,1.6635846196764121,0.09929007099290071,0.8514559823247387,False
GO_BP,PDOL,GO:0043933,protein-containing complex organization,26,1.3650073893075299,1.6203275278752458,0.09909009099090091,0.8514559823247387,False
GO_BP,PDOL,GO:0044057,regulation of system process,60,-1.0721570507899403,0.2761750555794005,0.401959804019598,0.8514559823247387,False
GO_BP,PDOL,GO:0044085,cellular component biogenesis,48,1.7076916602588412,0.5807073058661445,0.3164683531646835,0.8514559823247387,False
GO_BP,PDOL,GO:0044087,regulation of cellular component biogenesis,45,-0.3430806970857146,-0.3296435011671844,0.5965403459654035,0.8514559823247387,False
GO_BP,PDOL,GO:0044089,positive regulation of cellular component biogenesis,23,0.17249251240971733,0.5585215745377667,0.3120687931206879,0.8514559823247387,False
GO_BP,PDOL,GO:0044092,negative regulation of molecular function,9,-0.44375028391656485,-0.6041240963348362,0.6814318568143186,0.8540709935433881,False
GO_BP,PDOL,GO:0044093,positive regulation of molecular function,26,-0.6186845230837906,0.9032839148432569,0.22397760223977603,0.8514559823247387,False
GO_BP,PDOL,GO:0044281,small molecule metabolic process,80,0.18600151185835678,-0.5910330748112634,0.6863313668633136,0.8564379499133531,False
GO_BP,PDOL,GO:0044282,small molecule catabolic process,14,0.2545023292203179,-0.0036605147136277716,0.4774522547745225,0.8514559823247387,False
GO_BP,PDOL,GO:0044283,small molecule biosynthetic process,35,0.22631622013798686,0.40772823816825854,0.3605639436056394,0.8514559823247387,False
GO_BP,PDOL,GO:0044403,biological process involved in symbiotic interaction,8,-0.9235281056064095,0.7665226403201393,0.2400759924007599,0.8514559823247387,False
GO_BP,PDOL,GO:0044409,symbiont entry into host,6,-0.758718667342372,0.415138724135816,0.29957004299570045,0.8514559823247387,False
GO_BP,PDOL,GO:0044419,biological process involved in interspecies interaction between organisms,64,-0.3506024064395913,1.0293633858868092,0.19858014198580143,0.8514559823247387,False
GO_BP,PDOL,GO:0044597,daunorubicin metabolic process,5,-0.7870282577461069,-2.15925635974068,0.973002699730027,0.990355074975321,False
GO_BP,PDOL,GO:0044598,doxorubicin metabolic process,5,-0.7870282577461069,-2.15925635974068,0.973002699730027,0.990355074975321,False
GO_BP,PDOL,GO:0044703,multi-organism reproductive process,14,-1.2248434371200754,0.09637831950330678,0.45195480451954806,0.8514559823247387,False
GO_BP,PDOL,GO:0044706,multi-multicellular organism process,14,-1.2248434371200754,0.09637831950330678,0.45195480451954806,0.8514559823247387,False
GO_BP,PDOL,GO:0044770,cell cycle phase transition,8,-1.1986784000906852,-1.1951587492678344,0.8848115188481152,0.9322192499345292,False
GO_BP,PDOL,GO:0044772,mitotic cell cycle phase transition,7,-1.1571905786167576,-1.210722135007515,0.8923107689231077,0.9363259102148953,False
GO_BP,PDOL,GO:0044839,cell cycle G2/M phase transition,7,-1.1684754265065682,-1.180530023795993,0.8833116688331167,0.9316877642864517,False
GO_BP,PDOL,GO:0045087,innate immune response,18,-0.2806240038516034,-0.12293169155290426,0.5248475152484752,0.8514559823247387,False
GO_BP,PDOL,GO:0045088,regulation of innate immune response,32,-1.853286162861325,-2.0310677076476598,0.9562043795620438,0.9787918845910685,False
GO_BP,PDOL,GO:0045089,positive regulation of innate immune response,17,-1.4065554582144149,-0.5354666738076689,0.6568343165683431,0.8514559823247387,False
GO_BP,PDOL,GO:0045137,development of primary sexual characteristics,8,0.15152800368467534,0.0010196761287962486,0.47065293470652936,0.8514559823247387,False
GO_BP,PDOL,GO:0045165,cell fate commitment,5,-0.0679863438249633,1.0593401387618429,0.17738226177382263,0.8514559823247387,False
GO_BP,PDOL,GO:0045184,establishment of protein localization,15,-1.214120735503285,-0.015370149130052635,0.4834516548345166,0.8514559823247387,False
GO_BP,PDOL,GO:0045187,"regulation of circadian sleep/wake cycle, sleep",6,-0.007861448905463137,0.4391501525402533,0.31116888311168883,0.8514559823247387,False
GO_BP,PDOL,GO:0045229,external encapsulating structure organization,11,-1.6803625333551742,-0.2335880822472347,0.5588441155884412,0.8514559823247387,False
GO_BP,PDOL,GO:0045321,leukocyte activation,23,0.23234902946639555,0.2285332627806408,0.41845815418458154,0.8514559823247387,False
GO_BP,PDOL,GO:0045428,regulation of nitric oxide biosynthetic process,13,-1.086428875111509,-0.17612737581073257,0.5347465253474653,0.8514559823247387,False
GO_BP,PDOL,GO:0045429,positive regulation of nitric oxide biosynthetic process,11,-0.9846293909428707,-0.06480643293016342,0.49755024497550243,0.8514559823247387,False
GO_BP,PDOL,GO:0045471,response to ethanol,20,0.38289977966431094,1.0115507262074506,0.197980201979802,0.8514559823247387,False
GO_BP,PDOL,GO:0045595,regulation of cell differentiation,64,-0.2748826571737711,1.0616805030328396,0.19668033196680332,0.8514559823247387,False
GO_BP,PDOL,GO:0045596,negative regulation of cell differentiation,21,-0.5979348292372569,-0.2743223408476084,0.5762423757624238,0.8514559823247387,False
GO_BP,PDOL,GO:0045597,positive regulation of cell differentiation,45,0.12655589064698364,1.5694048193827992,0.103989601039896,0.8514559823247387,False
GO_BP,PDOL,GO:0045598,regulation of fat cell differentiation,11,-0.48687888465427304,0.3023867729030348,0.38266173382661733,0.8514559823247387,False
GO_BP,PDOL,GO:0045600,positive regulation of fat cell differentiation,6,-0.891303293657052,0.1610147961383015,0.42975702429757023,0.8514559823247387,False
GO_BP,PDOL,GO:0045619,regulation of lymphocyte differentiation,6,-1.0174217351674577,-0.9970273008394105,0.8098190180981902,0.8966058681569742,False
GO_BP,PDOL,GO:0045621,positive regulation of lymphocyte differentiation,5,-0.8328245232231162,-0.19601915935975878,0.518048195180482,0.8514559823247387,False
GO_BP,PDOL,GO:0045637,regulation of myeloid cell differentiation,9,-0.8311176477292634,-0.5073801808990606,0.6602339766023397,0.8514559823247387,False
GO_BP,PDOL,GO:0045639,positive regulation of myeloid cell differentiation,6,-0.3302899171050491,0.24282549030506934,0.3584641535846415,0.8514559823247387,False
GO_BP,PDOL,GO:0045646,regulation of erythrocyte differentiation,6,-0.7891202606815574,0.1555967703909995,0.37776222377762225,0.8514559823247387,False
GO_BP,PDOL,GO:0045648,positive regulation of erythrocyte differentiation,5,-0.5722601738756986,0.2013918434647738,0.3671632836716328,0.8514559823247387,False
GO_BP,PDOL,GO:0045664,regulation of neuron differentiation,6,-0.20946522174219612,0.6156345494487236,0.2896710328967103,0.8514559823247387,False
GO_BP,PDOL,GO:0045667,regulation of osteoblast differentiation,7,0.6273434650125929,1.2806781014383073,0.145985401459854,0.8514559823247387,False
GO_BP,PDOL,GO:0045732,positive regulation of protein catabolic process,14,-0.2040196920263089,1.0315021730582228,0.19858014198580143,0.8514559823247387,False
GO_BP,PDOL,GO:0045739,positive regulation of DNA repair,8,1.2720388792655093,1.162867283336813,0.16718328167183283,0.8514559823247387,False
GO_BP,PDOL,GO:0045744,negative regulation of G protein-coupled receptor signaling pathway,9,1.4309964191991298,1.3217850396476138,0.1431856814318568,0.8514559823247387,False
GO_BP,PDOL,GO:0045745,positive regulation of G protein-coupled receptor signaling pathway,7,-0.5332841708844126,-0.14844266403129053,0.5146485351464853,0.8514559823247387,False
GO_BP,PDOL,GO:0045761,regulation of adenylate cyclase activity,9,-0.7480815505671006,0.5563008540187797,0.26137386261373863,0.8514559823247387,False
GO_BP,PDOL,GO:0045762,positive regulation of adenylate cyclase activity,7,-0.7072781251120364,0.7283789366997833,0.25737426257374263,0.8514559823247387,False
GO_BP,PDOL,GO:0045765,regulation of angiogenesis,21,0.32261804848528974,-0.40245756972567104,0.6147385261473852,0.8514559823247387,False
GO_BP,PDOL,GO:0045766,positive regulation of angiogenesis,12,0.46843904751380866,0.5935252285691743,0.292970702929707,0.8514559823247387,False
GO_BP,PDOL,GO:0045776,negative regulation of blood pressure,7,-0.03749891706511202,0.11241035717988088,0.41555844415558446,0.8514559823247387,False
GO_BP,PDOL,GO:0045777,positive regulation of blood pressure,7,0.09571546831858121,0.049349285690898276,0.44895510448955106,0.8514559823247387,False
GO_BP,PDOL,GO:0045778,positive regulation of ossification,5,1.079277136660692,0.03066828690383705,0.40995900409959,0.8514559823247387,False
GO_BP,PDOL,GO:0045785,positive regulation of cell adhesion,27,-0.9319546069587827,-0.2859662089241627,0.5766423357664233,0.8514559823247387,False
GO_BP,PDOL,GO:0045786,negative regulation of cell cycle,7,-0.7957683343359725,-0.16284363247599465,0.5388461153884612,0.8514559823247387,False
GO_BP,PDOL,GO:0045787,positive regulation of cell cycle,23,-1.6758250349196755,-0.7433270957373779,0.7179282071792821,0.863001957670695,False
GO_BP,PDOL,GO:0045807,positive regulation of endocytosis,7,-1.1757630307622124,-0.10366915774646612,0.5010498950104989,0.8514559823247387,False
GO_BP,PDOL,GO:0045814,"negative regulation of gene expression, epigenetic",9,0.8478157971295239,-1.1820752909976662,0.8434156584341566,0.9071903657715129,False
GO_BP,PDOL,GO:0045823,positive regulation of heart contraction,6,0.3059391020699171,-1.165005671930972,0.8536146385361464,0.9114571089092324,False
GO_BP,PDOL,GO:0045824,negative regulation of innate immune response,7,-1.2652086226266628,-1.8758303472926365,0.9531046895310469,0.9771059687723737,False
GO_BP,PDOL,GO:0045833,negative regulation of lipid metabolic process,8,1.7802826343026013,0.7645166328799546,0.2450754924507549,0.8514559823247387,False
GO_BP,PDOL,GO:0045834,positive regulation of lipid metabolic process,19,0.09815352814174134,0.4717467968960681,0.33966603339666035,0.8514559823247387,False
GO_BP,PDOL,GO:0045840,positive regulation of mitotic nuclear division,5,-0.33701500671272466,0.13907530597706952,0.3698630136986301,0.8514559823247387,False
GO_BP,PDOL,GO:0045859,regulation of protein kinase activity,11,-0.33497169123994364,-0.3965650193489951,0.6074392560743925,0.8514559823247387,False
GO_BP,PDOL,GO:0045860,positive regulation of protein kinase activity,10,-0.7752708705973984,-0.1830728061379029,0.521047895210479,0.8514559823247387,False
GO_BP,PDOL,GO:0045862,positive regulation of proteolysis,5,-0.0786510971519614,0.4647764380891011,0.3134686531346865,0.8514559823247387,False
GO_BP,PDOL,GO:0045892,negative regulation of DNA-templated transcription,49,0.9370858253924206,0.03729935774272242,0.48335166483351666,0.8514559823247387,False
GO_BP,PDOL,GO:0045893,positive regulation of DNA-templated transcription,58,0.2021069048221047,0.374317437857919,0.38066193380661933,0.8514559823247387,False
GO_BP,PDOL,GO:0045907,positive regulation of vasoconstriction,9,-0.9435234505326315,0.10956256459213987,0.39406059394060594,0.8514559823247387,False
GO_BP,PDOL,GO:0045913,positive regulation of carbohydrate metabolic process,7,-1.48027526534548,-0.8005091085662064,0.7322267773222678,0.8657134286571343,False
GO_BP,PDOL,GO:0045923,positive regulation of fatty acid metabolic process,6,-0.19640687882971042,0.30548488833329357,0.38366163383661633,0.8514559823247387,False
GO_BP,PDOL,GO:0045926,negative regulation of growth,7,-0.08215147932447166,-0.09776087089179801,0.49735026497350265,0.8514559823247387,False
GO_BP,PDOL,GO:0045927,positive regulation of growth,13,-0.4931929139391108,-0.009299752478772072,0.49205079492050796,0.8514559823247387,False
GO_BP,PDOL,GO:0045931,positive regulation of mitotic cell cycle,12,-1.5615076770040015,-0.8496702958700676,0.7467253274672533,0.8724927357526288,False
GO_BP,PDOL,GO:0045933,positive regulation of muscle contraction,9,-0.13485422089491755,0.1683042868751332,0.35166483351664835,0.8514559823247387,False
GO_BP,PDOL,GO:0045934,negative regulation of nucleobase-containing compound metabolic process,56,0.9223512975647841,0.24853929338773095,0.41485851414858516,0.8514559823247387,False
GO_BP,PDOL,GO:0045936,negative regulation of phosphate metabolic process,6,-0.2025806629825028,-1.794387408835569,0.937006299370063,0.9663264612278304,False
GO_BP,PDOL,GO:0045937,positive regulation of phosphate metabolic process,22,-1.3315021147683932,-0.04458721769570051,0.5047495250474953,0.8514559823247387,False
GO_BP,PDOL,GO:0045944,positive regulation of transcription by RNA polymerase II,44,0.5056344109871851,0.2151216396256027,0.42755724427557246,0.8514559823247387,False
GO_BP,PDOL,GO:0045981,positive regulation of nucleotide metabolic process,8,-0.7057492304090377,0.35196193146415256,0.37616238376162386,0.8514559823247387,False
GO_BP,PDOL,GO:0045987,positive regulation of smooth muscle contraction,6,-0.4604093197787116,0.024291985559907303,0.40605939406059394,0.8514559823247387,False
GO_BP,PDOL,GO:0046034,ATP metabolic process,7,-0.0005339243889119819,-0.6213061663343951,0.6804319568043196,0.8539237155845091,False
GO_BP,PDOL,GO:0046149,pigment catabolic process,5,4.595252102813987,2.8509824540829203,0.030996900309969003,0.8514559823247387,False
GO_BP,PDOL,GO:0046165,alcohol biosynthetic process,6,3.121053313422475,1.2026000882990648,0.16468353164683533,0.8514559823247387,False
GO_BP,PDOL,GO:0046209,nitric oxide metabolic process,7,-0.6648541227603738,-0.21769965444107114,0.5405459454054594,0.8514559823247387,False
GO_BP,PDOL,GO:0046320,regulation of fatty acid oxidation,5,-0.10401407441217243,0.5402262707549613,0.3084691530846915,0.8514559823247387,False
GO_BP,PDOL,GO:0046328,regulation of JNK cascade,13,-0.6168451159784026,-0.9032661780848896,0.7709229077092291,0.8797657176491569,False
GO_BP,PDOL,GO:0046330,positive regulation of JNK cascade,7,-0.20745407732764468,-0.7860240648882165,0.7424257574242575,0.8714704150352458,False
GO_BP,PDOL,GO:0046394,carboxylic acid biosynthetic process,26,0.09532674396843059,0.6179464503290654,0.29527047295270475,0.8514559823247387,False
GO_BP,PDOL,GO:0046395,carboxylic acid catabolic process,6,-0.33380560446294477,-0.23694502836642814,0.5581441855814419,0.8514559823247387,False
GO_BP,PDOL,GO:0046425,regulation of receptor signaling pathway via JAK-STAT,7,-0.7819782552352874,-0.9342599665228759,0.8304169583041696,0.903071402896885,False
GO_BP,PDOL,GO:0046427,positive regulation of receptor signaling pathway via JAK-STAT,6,-0.6036957301219392,0.03235352212209053,0.40635936406359363,0.8514559823247387,False
GO_BP,PDOL,GO:0046434,organophosphate catabolic process,10,-0.5368129182465611,0.2820823318936454,0.35926407359264073,0.8514559823247387,False
GO_BP,PDOL,GO:0046456,icosanoid biosynthetic process,11,-0.6644558852951865,0.1343424208608941,0.4233576642335766,0.8514559823247387,False
GO_BP,PDOL,GO:0046457,prostanoid biosynthetic process,8,-0.7194552857476632,0.05151494941198986,0.43055694430556946,0.8514559823247387,False
GO_BP,PDOL,GO:0046461,neutral lipid catabolic process,5,0.47356184445547467,0.015520983500455443,0.47335266473352666,0.8514559823247387,False
GO_BP,PDOL,GO:0046464,acylglycerol catabolic process,5,0.47356184445547467,0.015520983500455443,0.47335266473352666,0.8514559823247387,False
GO_BP,PDOL,GO:0046486,glycerolipid metabolic process,11,0.8111525260716913,0.45367994834690095,0.30456954304569545,0.8514559823247387,False
GO_BP,PDOL,GO:0046496,nicotinamide nucleotide metabolic process,6,-0.25205472128310125,-0.27876901151875344,0.5587441255874412,0.8514559823247387,False
GO_BP,PDOL,GO:0046503,glycerolipid catabolic process,6,0.4395870962756791,0.03165071253944712,0.46905309469053097,0.8514559823247387,False
GO_BP,PDOL,GO:0046545,development of primary female sexual characteristics,5,-0.6134919046312532,-0.7728096449959032,0.7589241075892411,0.8746185942705581,False
GO_BP,PDOL,GO:0046546,development of primary male sexual characteristics,5,0.9999833529824425,0.6817685516551292,0.24977502249775022,0.8514559823247387,False
GO_BP,PDOL,GO:0046618,xenobiotic export from cell,5,-0.7494707909727971,-1.5330904768694709,0.933006699330067,0.9632630383553306,False
GO_BP,PDOL,GO:0046626,regulation of insulin receptor signaling pathway,7,-0.555822701174289,-3.0263593422061494,0.9961003899610039,1.0,False
GO_BP,PDOL,GO:0046649,lymphocyte activation,16,-0.5698099525452301,-0.34827018614664096,0.5937406259374063,0.8514559823247387,False
GO_BP,PDOL,GO:0046660,female sex differentiation,5,-0.6134919046312532,-0.7728096449959032,0.7589241075892411,0.8746185942705581,False
GO_BP,PDOL,GO:0046661,male sex differentiation,6,0.8308697471725472,0.23638840367113723,0.3648635136486351,0.8514559823247387,False
GO_BP,PDOL,GO:0046676,negative regulation of insulin secretion,5,-0.14093140888757016,0.7931531017102235,0.14228577142285773,0.8514559823247387,False
GO_BP,PDOL,GO:0046683,response to organophosphorus,9,0.06407191568637279,-0.05272599702463816,0.46925307469253075,0.8514559823247387,False
GO_BP,PDOL,GO:0046718,symbiont entry into host cell,6,-0.758718667342372,0.415138724135816,0.29957004299570045,0.8514559823247387,False
GO_BP,PDOL,GO:0046777,protein autophosphorylation,17,-0.8680961988487212,0.5156798845176038,0.32226777322267774,0.8514559823247387,False
GO_BP,PDOL,GO:0046822,regulation of nucleocytoplasmic transport,8,-0.08191412320021287,1.0005616263112957,0.20617938206179381,0.8514559823247387,False
GO_BP,PDOL,GO:0046824,positive regulation of nucleocytoplasmic transport,8,-0.08191412320021287,1.0005616263112957,0.20617938206179381,0.8514559823247387,False
GO_BP,PDOL,GO:0046883,regulation of hormone secretion,22,-0.15590828815881014,-0.32424728577643347,0.5851414858514149,0.8514559823247387,False
GO_BP,PDOL,GO:0046887,positive regulation of hormone secretion,10,-0.09643404285004067,-0.2756622583311116,0.5658434156584341,0.8514559823247387,False
GO_BP,PDOL,GO:0046888,negative regulation of hormone secretion,7,-0.10311322409975598,1.0098008652789092,0.15698430156984303,0.8514559823247387,False
GO_BP,PDOL,GO:0046889,positive regulation of lipid biosynthetic process,13,-0.5297578779123991,-0.2659299599027581,0.5692430756924307,0.8514559823247387,False
GO_BP,PDOL,GO:0046890,regulation of lipid biosynthetic process,17,-0.48041789772637655,-0.2031562650234343,0.5515448455154485,0.8514559823247387,False
GO_BP,PDOL,GO:0046902,regulation of mitochondrial membrane permeability,5,0.21917395329483716,1.1480048361999897,0.16478352164783522,0.8514559823247387,False
GO_BP,PDOL,GO:0046903,secretion,19,-1.331233791410933,-0.7438213501047941,0.7171282871712829,0.863001957670695,False
GO_BP,PDOL,GO:0046907,intracellular transport,18,-0.6764135617984758,0.10295357369782299,0.45545445455454453,0.8514559823247387,False
GO_BP,PDOL,GO:0046942,carboxylic acid transport,26,1.1598493335150177,0.8061433071557758,0.24627537246275372,0.8514559823247387,False
GO_BP,PDOL,GO:0048009,insulin-like growth factor receptor signaling pathway,6,-0.31864456548403725,0.07730430305630376,0.43125687431256876,0.8514559823247387,False
GO_BP,PDOL,GO:0048010,vascular endothelial growth factor receptor signaling pathway,9,-0.8550433815605719,0.4296431064263634,0.32466753324667535,0.8514559823247387,False
GO_BP,PDOL,GO:0048013,ephrin receptor signaling pathway,7,-1.338938931211535,-0.9084428667396669,0.769023097690231,0.879098216216483,False
GO_BP,PDOL,GO:0048148,behavioral response to cocaine,6,-0.4663547905581499,0.8262602902131279,0.19488051194880512,0.8514559823247387,False
GO_BP,PDOL,GO:0048167,regulation of synaptic plasticity,16,0.40607310050601186,0.8848998056664092,0.23217678232176783,0.8514559823247387,False
GO_BP,PDOL,GO:0048168,regulation of neuronal synaptic plasticity,6,-0.6366642978465598,0.13000455635477137,0.39966003399660033,0.8514559823247387,False
GO_BP,PDOL,GO:0048169,regulation of long-term neuronal synaptic plasticity,5,-0.6088134294556321,0.11276861321634102,0.40215978402159785,0.8514559823247387,False
GO_BP,PDOL,GO:0048259,regulation of receptor-mediated endocytosis,6,-1.1584176474217724,-0.6447504104556264,0.6902309769023097,0.8571076066617682,False
GO_BP,PDOL,GO:0048285,organelle fission,6,-0.14477390420354205,-0.06789809513491069,0.48175182481751827,0.8514559823247387,False
GO_BP,PDOL,GO:0048384,retinoic acid receptor signaling pathway,5,2.304427894156255,1.824001852076303,0.08259174082591741,0.8514559823247387,False
GO_BP,PDOL,GO:0048468,cell development,52,-0.17874476575676207,0.5283780927444066,0.33456654334566543,0.8514559823247387,False
GO_BP,PDOL,GO:0048469,cell maturation,5,0.4961952383040441,0.7917589132087544,0.24697530246975302,0.8514559823247387,False
GO_BP,PDOL,GO:0048511,rhythmic process,22,0.518535664848534,0.21759304036858307,0.41975802419758024,0.8514559823247387,False
GO_BP,PDOL,GO:0048513,animal organ development,90,-0.08187176759459246,0.9377952288954289,0.22087791220877911,0.8514559823247387,False
GO_BP,PDOL,GO:0048514,blood vessel morphogenesis,16,-0.2900704259016468,0.5287776684452955,0.32296770322967705,0.8514559823247387,False
GO_BP,PDOL,GO:0048519,negative regulation of biological process,183,0.8052750456737994,0.39990379706379847,0.3702629737026297,0.8514559823247387,False
GO_BP,PDOL,GO:0048520,positive regulation of behavior,5,-0.11660823668151443,0.6788838158649677,0.2226777322267773,0.8514559823247387,False
GO_BP,PDOL,GO:0048523,negative regulation of cellular process,178,0.5788667423336038,0.18248140623498954,0.43865613438656137,0.8514559823247387,False
GO_BP,PDOL,GO:0048545,response to steroid hormone,33,1.2401731732297192,1.0502167848566335,0.19118088191180882,0.8514559823247387,False
GO_BP,PDOL,GO:0048568,embryonic organ development,7,1.7617414014766208,1.040221726021386,0.20117988201179882,0.8514559823247387,False
GO_BP,PDOL,GO:0048583,regulation of response to stimulus,180,-0.7153472319312457,0.8337959071853513,0.24777522247775222,0.8514559823247387,False
GO_BP,PDOL,GO:0048584,positive regulation of response to stimulus,132,-1.2212411488973824,0.7364016839836129,0.2722727727227277,0.8514559823247387,False
GO_BP,PDOL,GO:0048585,negative regulation of response to stimulus,84,-0.16916365404908498,0.4049073668017108,0.37466253374662534,0.8514559823247387,False
GO_BP,PDOL,GO:0048598,embryonic morphogenesis,8,-0.8458456705523437,-0.004908476112968629,0.45815418458154183,0.8514559823247387,False
GO_BP,PDOL,GO:0048608,reproductive structure development,10,-0.10060828468719708,-0.8214404094268049,0.7535246475352465,0.8745412023001963,False
GO_BP,PDOL,GO:0048609,multicellular organismal reproductive process,17,-0.014008553373108842,-0.2990672437947325,0.5838416158384162,0.8514559823247387,False
GO_BP,PDOL,GO:0048638,regulation of developmental growth,11,0.40408698554366107,0.438435717761382,0.35576442355764426,0.8514559823247387,False
GO_BP,PDOL,GO:0048639,positive regulation of developmental growth,6,0.3477670361695731,-0.052569533764354026,0.4958504149585041,0.8514559823247387,False
GO_BP,PDOL,GO:0048646,anatomical structure formation involved in morphogenesis,16,-0.008366492729266886,0.7511960654781351,0.2653734626537346,0.8514559823247387,False
GO_BP,PDOL,GO:0048660,regulation of smooth muscle cell proliferation,16,-0.9446162745489872,0.11003257799163069,0.45395460453954606,0.8514559823247387,False
GO_BP,PDOL,GO:0048661,positive regulation of smooth muscle cell proliferation,13,-0.9948389356423271,-0.027812755402882083,0.49165083491650835,0.8514559823247387,False
GO_BP,PDOL,GO:0048666,neuron development,21,0.6619141866972006,0.5789211209656339,0.3040695930406959,0.8514559823247387,False
GO_BP,PDOL,GO:0048667,cell morphogenesis involved in neuron differentiation,8,-0.5832724991682716,-0.762973679486108,0.7418258174182581,0.8713206471071839,False
GO_BP,PDOL,GO:0048678,response to axon injury,5,-0.27657273815034994,0.19739809230641053,0.3641635836416358,0.8514559823247387,False
GO_BP,PDOL,GO:0048699,generation of neurons,30,-0.34073126566888257,0.4939049275765899,0.33266673332666735,0.8514559823247387,False
GO_BP,PDOL,GO:0048708,astrocyte differentiation,6,-0.08142834371108543,0.029073837378792128,0.44455554444555545,0.8514559823247387,False
GO_BP,PDOL,GO:0048729,tissue morphogenesis,7,-0.9222971628566248,0.5192458160105489,0.30446955304469553,0.8514559823247387,False
GO_BP,PDOL,GO:0048731,system development,108,-0.27540616751661845,0.43057682298997574,0.36436356364363565,0.8514559823247387,False
GO_BP,PDOL,GO:0048732,gland development,19,-0.09437392889824532,0.34747058199964054,0.37916208379162086,0.8514559823247387,False
GO_BP,PDOL,GO:0048771,tissue remodeling,9,-1.5047418959321448,-0.5085954587911623,0.6513348665133487,0.8514559823247387,False
GO_BP,PDOL,GO:0048812,neuron projection morphogenesis,10,-0.3005035959187604,-0.33099298960990026,0.5769423057694231,0.8514559823247387,False
GO_BP,PDOL,GO:0048856,anatomical structure development,139,-0.7118231548067933,-0.05028517175530167,0.517948205179482,0.8514559823247387,False
GO_BP,PDOL,GO:0048858,cell projection morphogenesis,10,-0.3005035959187604,-0.33099298960990026,0.5769423057694231,0.8514559823247387,False
GO_BP,PDOL,GO:0048869,cellular developmental process,90,-1.0831335385549123,-0.5839739135993983,0.678032196780322,0.8539237155845091,False
GO_BP,PDOL,GO:0048870,cell motility,42,-1.2577702937000514,0.2158147559290473,0.42315768423157685,0.8514559823247387,False
GO_BP,PDOL,GO:0048871,multicellular organismal-level homeostasis,27,-1.3460770237073965,-0.636070803884046,0.6948305169483052,0.8574464587439561,False
GO_BP,PDOL,GO:0048872,homeostasis of number of cells,9,-0.9237272194333936,-0.6744790106850548,0.7045295470452955,0.8588690492763695,False
GO_BP,PDOL,GO:0048878,chemical homeostasis,51,-0.4340458184517971,-0.6191428131578498,0.686031396860314,0.8564379499133531,False
GO_BP,PDOL,GO:0048880,sensory system development,12,-1.0593382412314252,0.4123618165743055,0.33236676332366766,0.8514559823247387,False
GO_BP,PDOL,GO:0050433,regulation of catecholamine secretion,11,-0.6089841833716434,0.936409456083934,0.19198080191980801,0.8514559823247387,False
GO_BP,PDOL,GO:0050670,regulation of lymphocyte proliferation,7,-0.1221086168661635,-0.013991586157217503,0.46195380461953806,0.8514559823247387,False
GO_BP,PDOL,GO:0050671,positive regulation of lymphocyte proliferation,5,0.035192161743675815,0.84068210405919,0.20787921207879212,0.8514559823247387,False
GO_BP,PDOL,GO:0050678,regulation of epithelial cell proliferation,18,-0.790742968675279,0.10417660830446251,0.44365563443655637,0.8514559823247387,False
GO_BP,PDOL,GO:0050679,positive regulation of epithelial cell proliferation,14,-0.9105352241914524,-0.06699383702140116,0.5004499550044995,0.8514559823247387,False
GO_BP,PDOL,GO:0050708,regulation of protein secretion,23,-0.38087339248898194,-0.7831170279257771,0.7373262673732627,0.8694096576736884,False
GO_BP,PDOL,GO:0050709,negative regulation of protein secretion,9,-0.6079089938438298,0.42576847420884323,0.3030696930306969,0.8514559823247387,False
GO_BP,PDOL,GO:0050714,positive regulation of protein secretion,11,-0.228913828777093,-0.5287778548108587,0.6539346065393461,0.8514559823247387,False
GO_BP,PDOL,GO:0050727,regulation of inflammatory response,34,-1.107881768346358,-1.1456972317028757,0.8281171882811719,0.9025590221601967,False
GO_BP,PDOL,GO:0050728,negative regulation of inflammatory response,16,-0.8512963121569611,-1.065071134285066,0.8129187081291871,0.897600261205302,False
GO_BP,PDOL,GO:0050729,positive regulation of inflammatory response,11,-1.0418893354005572,-0.509690098752515,0.6468353164683531,0.8514559823247387,False
GO_BP,PDOL,GO:0050730,regulation of peptidyl-tyrosine phosphorylation,5,-1.0930103444103199,-1.018594802298178,0.8141185881411859,0.8978659155762087,False
GO_BP,PDOL,GO:0050764,regulation of phagocytosis,6,0.5012857769917917,1.0205777504161568,0.1680831916808319,0.8514559823247387,False
GO_BP,PDOL,GO:0050767,regulation of neurogenesis,12,0.6852984240640624,0.5405890033540501,0.30316968303169683,0.8514559823247387,False
GO_BP,PDOL,GO:0050769,positive regulation of neurogenesis,8,0.689286876205747,0.5125040015063083,0.30026997300269975,0.8514559823247387,False
GO_BP,PDOL,GO:0050773,regulation of dendrite development,5,0.3263997439709401,1.1791722061379317,0.1660833916608339,0.8514559823247387,False
GO_BP,PDOL,GO:0050776,regulation of immune response,51,-0.9629044106916084,-0.9374522493109372,0.7775222477752225,0.8827273318221848,False
GO_BP,PDOL,GO:0050777,negative regulation of immune response,12,-0.8634518340051549,-0.7194300077920266,0.7183281671832816,0.863001957670695,False
GO_BP,PDOL,GO:0050778,positive regulation of immune response,29,-0.9037892895802019,-0.01099501697245564,0.49065093490650935,0.8514559823247387,False
GO_BP,PDOL,GO:0050790,regulation of catalytic activity,28,-0.6611040217427508,0.5484162998175479,0.32496750324967505,0.8514559823247387,False
GO_BP,PDOL,GO:0050792,regulation of viral process,5,1.1133062695267497,0.5173928544747427,0.3057694230576942,0.8514559823247387,False
GO_BP,PDOL,GO:0050793,regulation of developmental process,89,0.1043813087154657,0.43821684312798787,0.36066393360663934,0.8514559823247387,False
GO_BP,PDOL,GO:0050795,regulation of behavior,14,0.3022975143765002,0.838427582015031,0.23497650234976503,0.8514559823247387,False
GO_BP,PDOL,GO:0050796,regulation of insulin secretion,14,-0.202408558976776,-0.6418067827665319,0.7007299270072993,0.8574464587439561,False
GO_BP,PDOL,GO:0050801,monoatomic ion homeostasis,26,0.17139798977022166,-0.47108783269410204,0.6361363863613638,0.8514559823247387,False
GO_BP,PDOL,GO:0050803,regulation of synapse structure or activity,17,0.07262458623750796,-0.2338856835852931,0.5575442455754425,0.8514559823247387,False
GO_BP,PDOL,GO:0050804,modulation of chemical synaptic transmission,50,0.06895728336230333,1.1196454698492493,0.17628237176282371,0.8514559823247387,False
GO_BP,PDOL,GO:0050805,negative regulation of synaptic transmission,10,-0.6741732445027253,0.19369945685309853,0.4126587341265873,0.8514559823247387,False
GO_BP,PDOL,GO:0050806,positive regulation of synaptic transmission,10,-0.17494379997321935,0.033600836568886405,0.45785421457854214,0.8514559823247387,False
GO_BP,PDOL,GO:0050807,regulation of synapse organization,17,0.07262458623750796,-0.2338856835852931,0.5575442455754425,0.8514559823247387,False
GO_BP,PDOL,GO:0050808,synapse organization,15,-0.026993407702995464,-0.5651069286803165,0.668033196680332,0.8533864520334556,False
GO_BP,PDOL,GO:0050810,regulation of steroid biosynthetic process,5,-0.47112452648675485,-1.149745957646915,0.8388161183881612,0.9062002387018916,False
GO_BP,PDOL,GO:0050817,coagulation,16,-0.9461916535399032,0.32251415133590966,0.3798620137986201,0.8514559823247387,False
GO_BP,PDOL,GO:0050818,regulation of coagulation,5,-0.672438346931261,0.23458274821630187,0.385961403859614,0.8514559823247387,False
GO_BP,PDOL,GO:0050821,protein stabilization,8,-0.6724360557669821,0.22380435327004944,0.36626337366263373,0.8514559823247387,False
GO_BP,PDOL,GO:0050848,regulation of calcium-mediated signaling,5,0.7535475361220199,0.7818771679224465,0.25437456254374563,0.8514559823247387,False
GO_BP,PDOL,GO:0050851,antigen receptor-mediated signaling pathway,10,0.16508970122330324,0.6647011730849347,0.2833716628337166,0.8514559823247387,False
GO_BP,PDOL,GO:0050852,T cell receptor signaling pathway,6,1.9645597101173773,1.0929709762390796,0.1653834616538346,0.8514559823247387,False
GO_BP,PDOL,GO:0050854,regulation of antigen receptor-mediated signaling pathway,5,-1.8118342274227262,-5.166298971206684,1.0,1.0,False
GO_BP,PDOL,GO:0050858,negative regulation of antigen receptor-mediated signaling pathway,5,-1.8118342274227262,-5.166298971206684,1.0,1.0,False
GO_BP,PDOL,GO:0050863,regulation of T cell activation,14,-1.5189093658532005,-1.8686394525624372,0.9473052694730527,0.9741570338681359,False
GO_BP,PDOL,GO:0050864,regulation of B cell activation,5,-0.5985034050088366,0.16855928256117114,0.393960603939606,0.8514559823247387,False
GO_BP,PDOL,GO:0050865,regulation of cell activation,27,-1.4208064061155719,-1.0886892455099946,0.8137186281371863,0.8978659155762087,False
GO_BP,PDOL,GO:0050866,negative regulation of cell activation,11,-0.883538889303916,-2.1805482496083872,0.9739026097390261,0.9910554932765041,False
GO_BP,PDOL,GO:0050867,positive regulation of cell activation,18,-1.6802703705555093,-0.9827205677068482,0.7884211578842116,0.885119921165526,False
GO_BP,PDOL,GO:0050868,negative regulation of T cell activation,5,-1.125936310335353,-3.296658398313453,0.9993000699930007,1.0,False
GO_BP,PDOL,GO:0050870,positive regulation of T cell activation,11,-1.4069978767213138,-1.280995758679633,0.8671132886711329,0.9211501717341877,False
GO_BP,PDOL,GO:0050871,positive regulation of B cell activation,5,-0.5985034050088366,0.16855928256117114,0.393960603939606,0.8514559823247387,False
GO_BP,PDOL,GO:0050877,nervous system process,49,0.16949142897167455,1.1004424317473678,0.18368163183681632,0.8514559823247387,False
GO_BP,PDOL,GO:0050878,regulation of body fluid levels,25,-1.055822555020058,0.604256805916624,0.30286971302869714,0.8514559823247387,False
GO_BP,PDOL,GO:0050890,cognition,25,-0.2374149289041856,-0.024004813365787275,0.49635036496350365,0.8514559823247387,False
GO_BP,PDOL,GO:0050892,intestinal absorption,5,1.3671932846514163,1.309215151532102,0.14488551144885511,0.8514559823247387,False
GO_BP,PDOL,GO:0050900,leukocyte migration,13,-0.40229542077689856,0.4801000910470346,0.3297670232976702,0.8514559823247387,False
GO_BP,PDOL,GO:0050905,neuromuscular process,9,0.5953651778639664,0.3339279100265262,0.3207679232076792,0.8514559823247387,False
GO_BP,PDOL,GO:0050906,detection of stimulus involved in sensory perception,8,1.0283344855788896,1.3656524138519477,0.1055894410558944,0.8514559823247387,False
GO_BP,PDOL,GO:0050920,regulation of chemotaxis,16,0.14952342472270408,0.20327010589294317,0.4166583341665833,0.8514559823247387,False
GO_BP,PDOL,GO:0050921,positive regulation of chemotaxis,10,0.4684602325234409,0.5211487070823589,0.32496750324967505,0.8514559823247387,False
GO_BP,PDOL,GO:0050922,negative regulation of chemotaxis,5,-0.3985368226081686,-0.9529864141571187,0.8408159184081592,0.9064977480152536,False
GO_BP,PDOL,GO:0050951,sensory perception of temperature stimulus,7,2.4656170067056595,3.7277412229112685,0.007799220077992201,0.8514559823247387,False
GO_BP,PDOL,GO:0050994,regulation of lipid catabolic process,8,-0.11500914830328805,0.43762232882923496,0.32566743325667435,0.8514559823247387,False
GO_BP,PDOL,GO:0050995,negative regulation of lipid catabolic process,5,-0.4092913873765568,0.4983677111193475,0.27587241275872415,0.8514559823247387,False
GO_BP,PDOL,GO:0051046,regulation of secretion,42,-0.8368010061335451,-0.5862896811442111,0.6747325267473253,0.8539237155845091,False
GO_BP,PDOL,GO:0051047,positive regulation of secretion,20,-0.10592549531184066,-0.06220760613196964,0.5041495850414959,0.8514559823247387,False
GO_BP,PDOL,GO:0051048,negative regulation of secretion,13,-0.7176983946310164,0.4778541825849948,0.3000699930006999,0.8514559823247387,False
GO_BP,PDOL,GO:0051049,regulation of transport,96,-0.780426683656637,-0.04103029348764531,0.5086491350864913,0.8514559823247387,False
GO_BP,PDOL,GO:0051050,positive regulation of transport,54,-0.18945973187808296,0.4851640600710583,0.3377662233776622,0.8514559823247387,False
GO_BP,PDOL,GO:0051051,negative regulation of transport,21,-0.8976792515860786,0.542584935967617,0.30886911308869114,0.8514559823247387,False
GO_BP,PDOL,GO:0051052,regulation of DNA metabolic process,27,0.8985984441160588,0.0517613288317853,0.47055294470552944,0.8514559823247387,False
GO_BP,PDOL,GO:0051053,negative regulation of DNA metabolic process,7,-1.0243461413223527,-0.3839831545905864,0.6005399460053995,0.8514559823247387,False
GO_BP,PDOL,GO:0051054,positive regulation of DNA metabolic process,19,0.23514023897953348,0.6547872834443029,0.2873712628737126,0.8514559823247387,False
GO_BP,PDOL,GO:0051056,regulation of small GTPase mediated signal transduction,7,-1.0913822054956888,-0.7313763652430897,0.7325267473252675,0.8657134286571343,False
GO_BP,PDOL,GO:0051057,positive regulation of small GTPase mediated signal transduction,6,-0.9501491550816817,-0.44459540106091244,0.6240375962403759,0.8514559823247387,False
GO_BP,PDOL,GO:0051093,negative regulation of developmental process,35,-0.32662689409830703,-0.6533715364701502,0.6968303169683032,0.8574464587439561,False
GO_BP,PDOL,GO:0051094,positive regulation of developmental process,64,0.5409461932810692,1.7799504440238842,0.07579242075792421,0.8514559823247387,False
GO_BP,PDOL,GO:0051098,regulation of binding,5,-0.07392398619098899,-0.018698875941166274,0.4654534546545345,0.8514559823247387,False
GO_BP,PDOL,GO:0051128,regulation of cellular component organization,97,-0.559434672436251,0.29264885607050195,0.40215978402159785,0.8514559823247387,False
GO_BP,PDOL,GO:0051129,negative regulation of cellular component organization,34,-0.40847279353770255,-0.0719609204509048,0.5128487151284872,0.8514559823247387,False
GO_BP,PDOL,GO:0051130,positive regulation of cellular component organization,51,-0.08780606373575923,0.9152694507249316,0.22747725227477253,0.8514559823247387,False
GO_BP,PDOL,GO:0051147,regulation of muscle cell differentiation,6,0.6855746128311628,1.1751950966417757,0.17518248175182483,0.8514559823247387,False
GO_BP,PDOL,GO:0051169,nuclear transport,5,-1.1624184329683456,0.1280367217745113,0.41115888411158885,0.8514559823247387,False
GO_BP,PDOL,GO:0051174,regulation of phosphorus metabolic process,17,-1.060266198602934,-0.16975692221268424,0.5374462553744626,0.8514559823247387,False
GO_BP,PDOL,GO:0051179,localization,130,1.0213392276841815,2.011574116886546,0.05219478052194781,0.8514559823247387,False
GO_BP,PDOL,GO:0051222,positive regulation of protein transport,21,0.03004918954737548,0.40489090709452613,0.35906409359064095,0.8514559823247387,False
GO_BP,PDOL,GO:0051223,regulation of protein transport,35,0.0882801155390585,-0.06068099262229949,0.5093490650934906,0.8514559823247387,False
GO_BP,PDOL,GO:0051224,negative regulation of protein transport,9,-0.6079089938438298,0.42576847420884323,0.3030696930306969,0.8514559823247387,False
GO_BP,PDOL,GO:0051225,spindle assembly,6,-0.6558226857269012,0.35147227006093784,0.3350664933506649,0.8514559823247387,False
GO_BP,PDOL,GO:0051234,establishment of localization,121,1.2053728661592655,1.8539920418090716,0.06569343065693431,0.8514559823247387,False
GO_BP,PDOL,GO:0051239,regulation of multicellular organismal process,153,-1.4362417279939754,-0.27689812760631916,0.5887411258874112,0.8514559823247387,False
GO_BP,PDOL,GO:0051240,positive regulation of multicellular organismal process,100,-0.9216663658141533,0.26681789495041763,0.40875912408759124,0.8514559823247387,False
GO_BP,PDOL,GO:0051241,negative regulation of multicellular organismal process,55,-1.3858543109299164,-0.7530784000195933,0.7233276672332767,0.8631638741129698,False
GO_BP,PDOL,GO:0051246,regulation of protein metabolic process,60,-0.7702412688908871,-0.15445397437349206,0.5381461853814619,0.8514559823247387,False
GO_BP,PDOL,GO:0051247,positive regulation of protein metabolic process,39,-0.31596786266317234,0.8154558502256286,0.25817418258174185,0.8514559823247387,False
GO_BP,PDOL,GO:0051248,negative regulation of protein metabolic process,24,-1.156210865787622,-1.0879913085215522,0.8097190280971903,0.8966058681569742,False
GO_BP,PDOL,GO:0051249,regulation of lymphocyte activation,20,-1.6328551721092106,-1.3428730350921536,0.8708129187081292,0.9234997642315985,False
GO_BP,PDOL,GO:0051250,negative regulation of lymphocyte activation,5,-1.125936310335353,-3.296658398313453,0.9993000699930007,1.0,False
GO_BP,PDOL,GO:0051251,positive regulation of lymphocyte activation,17,-1.5345462150251419,-0.8370505897445046,0.7484251574842515,0.8730539854063435,False
GO_BP,PDOL,GO:0051252,regulation of RNA metabolic process,87,1.1103456379184786,0.5885352188547935,0.3163683631636836,0.8514559823247387,False
GO_BP,PDOL,GO:0051253,negative regulation of RNA metabolic process,52,0.9868824610409991,0.2142293638981696,0.42615738426157385,0.8514559823247387,False
GO_BP,PDOL,GO:0051254,positive regulation of RNA metabolic process,59,0.008338764726096029,0.02840596100955757,0.49025097490250974,0.8514559823247387,False
GO_BP,PDOL,GO:0051259,protein complex oligomerization,9,1.6342456294655043,1.6958656158903382,0.09269073092690731,0.8514559823247387,False
GO_BP,PDOL,GO:0051260,protein homooligomerization,9,1.6342456294655043,1.6958656158903382,0.09269073092690731,0.8514559823247387,False
GO_BP,PDOL,GO:0051276,chromosome organization,13,0.3685471120130767,-1.6438302078756608,0.9178082191780822,0.9524040944020898,False
GO_BP,PDOL,GO:0051279,regulation of release of sequestered calcium ion into cytosol,6,0.8397307823068624,0.5127369765581689,0.31556844315568444,0.8514559823247387,False
GO_BP,PDOL,GO:0051302,regulation of cell division,11,-0.9365828916179504,-0.9317156973534463,0.7864213578642136,0.8846608134575591,False
GO_BP,PDOL,GO:0051338,regulation of transferase activity,13,-0.16044890833437253,0.12440364204463616,0.43975602439756023,0.8514559823247387,False
GO_BP,PDOL,GO:0051349,positive regulation of lyase activity,7,-0.7072781251120364,0.7283789366997833,0.25737426257374263,0.8514559823247387,False
GO_BP,PDOL,GO:0051384,response to glucocorticoid,13,1.6670978486064492,1.0605452727078484,0.18088191180881913,0.8514559823247387,False
GO_BP,PDOL,GO:0051402,neuron apoptotic process,5,-0.6161639738796295,-0.3142299714300813,0.5696430356964304,0.8514559823247387,False
GO_BP,PDOL,GO:0051481,negative regulation of cytosolic calcium ion concentration,5,-0.4634317946700306,-0.2208313973342883,0.5166483351664833,0.8514559823247387,False
GO_BP,PDOL,GO:0051493,regulation of cytoskeleton organization,21,0.7829457644350071,0.3738024564340714,0.35976402359764026,0.8514559823247387,False
GO_BP,PDOL,GO:0051494,negative regulation of cytoskeleton organization,5,-0.5006256910003023,-0.6190261647750905,0.7053294670532947,0.8593964868027647,False
GO_BP,PDOL,GO:0051495,positive regulation of cytoskeleton organization,9,1.101505039208322,0.5037929700366325,0.29127087291270876,0.8514559823247387,False
GO_BP,PDOL,GO:0051580,regulation of neurotransmitter uptake,5,0.20475113984465287,0.0541714319537466,0.44295570442955706,0.8514559823247387,False
GO_BP,PDOL,GO:0051588,regulation of neurotransmitter transport,7,0.26716432655647415,0.19174791624737125,0.40135986401359863,0.8514559823247387,False
GO_BP,PDOL,GO:0051591,response to cAMP,6,-0.9394116393078169,-1.3385579471834625,0.9022097790220978,0.9426974248321986,False
GO_BP,PDOL,GO:0051604,protein maturation,15,-0.0410022767578813,0.49061895739143396,0.2927707229277072,0.8514559823247387,False
GO_BP,PDOL,GO:0051606,detection of stimulus,10,1.249028688043904,1.5237085025445871,0.0932906709329067,0.8514559823247387,False
GO_BP,PDOL,GO:0051607,defense response to virus,11,1.051113852662484,1.4901773641354847,0.11908809119088092,0.8514559823247387,False
GO_BP,PDOL,GO:0051640,organelle localization,9,0.1456511358286718,0.17641168824956863,0.41345865413458655,0.8514559823247387,False
GO_BP,PDOL,GO:0051641,cellular localization,35,-1.1944253473309439,0.5309065400558644,0.32216778322167783,0.8514559823247387,False
GO_BP,PDOL,GO:0051649,establishment of localization in cell,27,-0.9484477969070746,0.3367497968322104,0.37806219378062195,0.8514559823247387,False
GO_BP,PDOL,GO:0051656,establishment of organelle localization,8,0.18938053455716697,0.17137232280985762,0.41285871412858716,0.8514559823247387,False
GO_BP,PDOL,GO:0051668,localization within membrane,6,-0.40514895569367754,0.31370261917282544,0.34026597340265974,0.8514559823247387,False
GO_BP,PDOL,GO:0051701,biological process involved in interaction with host,7,-0.5681493732558959,0.8418415116625643,0.205979402059794,0.8514559823247387,False
GO_BP,PDOL,GO:0051707,response to other organism,53,0.22559151394297647,0.6296851938972565,0.29547045295470453,0.8514559823247387,False
GO_BP,PDOL,GO:0051726,regulation of cell cycle,37,-2.1065009933967804,-0.9141537070564094,0.7712228777122287,0.8798934831041518,False
GO_BP,PDOL,GO:0051781,positive regulation of cell division,7,-0.6455673534857655,-0.7663422069279062,0.7386261373862614,0.8698465835349026,False
GO_BP,PDOL,GO:0051783,regulation of nuclear division,8,-0.5072500092482407,0.18453362421428854,0.3732626737326267,0.8514559823247387,False
GO_BP,PDOL,GO:0051785,positive regulation of nuclear division,6,-0.33882903673877823,0.18004654159632577,0.36026397360263973,0.8514559823247387,False
GO_BP,PDOL,GO:0051881,regulation of mitochondrial membrane potential,10,0.03604647839881135,-0.05402643897459958,0.48285171482851713,0.8514559823247387,False
GO_BP,PDOL,GO:0051893,regulation of focal adhesion assembly,8,-1.0020000721948867,-0.6172801057351298,0.68003199680032,0.8539237155845091,False
GO_BP,PDOL,GO:0051896,regulation of phosphatidylinositol 3-kinase/protein kinase B signal transduction,35,-1.6265443710712884,-1.100413287559477,0.8181181881811819,0.899943848153375,False
GO_BP,PDOL,GO:0051897,positive regulation of phosphatidylinositol 3-kinase/protein kinase B signal transduction,29,-2.132400114134055,-1.3830090393232939,0.8735126487351265,0.924170574356934,False
GO_BP,PDOL,GO:0051898,negative regulation of phosphatidylinositol 3-kinase/protein kinase B signal transduction,6,0.3887290451925268,0.21787275651230814,0.38146185381461856,0.8514559823247387,False
GO_BP,PDOL,GO:0051899,membrane depolarization,8,0.8837540219406985,0.5709914171651066,0.27117288271172885,0.8514559823247387,False
GO_BP,PDOL,GO:0051924,regulation of calcium ion transport,17,-0.11223719157571778,0.29336109311475705,0.37196280371962803,0.8514559823247387,False
GO_BP,PDOL,GO:0051928,positive regulation of calcium ion transport,6,0.995868976737843,0.5481801433372946,0.28857114288571145,0.8514559823247387,False
GO_BP,PDOL,GO:0051930,regulation of sensory perception of pain,5,0.12466086629049014,0.08846731948358576,0.41915808419158085,0.8514559823247387,False
GO_BP,PDOL,GO:0051931,regulation of sensory perception,5,0.12466086629049014,0.08846731948358576,0.41915808419158085,0.8514559823247387,False
GO_BP,PDOL,GO:0051952,regulation of amine transport,13,-0.6028701516845882,1.009488381826316,0.18368163183681632,0.8514559823247387,False
GO_BP,PDOL,GO:0051953,negative regulation of amine transport,5,-0.41866274923880165,0.3907173515251824,0.26907309269073093,0.8514559823247387,False
GO_BP,PDOL,GO:0051960,regulation of nervous system development,14,1.1376004177715846,0.776738083315577,0.24767523247675233,0.8514559823247387,False
GO_BP,PDOL,GO:0051961,negative regulation of nervous system development,5,0.8071995407564283,0.40866702345193917,0.31816818318168183,0.8514559823247387,False
GO_BP,PDOL,GO:0051962,positive regulation of nervous system development,9,0.874488136921404,0.5702381963126815,0.28817118288171184,0.8514559823247387,False
GO_BP,PDOL,GO:0051963,regulation of synapse assembly,8,0.23980814289697724,-0.5370725447824672,0.6586341365863414,0.8514559823247387,False
GO_BP,PDOL,GO:0051966,"regulation of synaptic transmission, glutamatergic",14,-0.1179913776056888,0.9918281481526178,0.20667933206679331,0.8514559823247387,False
GO_BP,PDOL,GO:0051967,"negative regulation of synaptic transmission, glutamatergic",5,-0.381464634228236,0.5741201819301158,0.2703729627037296,0.8514559823247387,False
GO_BP,PDOL,GO:0051983,regulation of chromosome segregation,6,-0.7435328747567249,-0.19250450842836697,0.5355464453554645,0.8514559823247387,False
GO_BP,PDOL,GO:0055074,calcium ion homeostasis,17,0.6941568736497322,1.208007263304375,0.14858514148585142,0.8514559823247387,False
GO_BP,PDOL,GO:0055080,monoatomic cation homeostasis,24,0.29859125466146746,-0.14854879648016844,0.5255474452554745,0.8514559823247387,False
GO_BP,PDOL,GO:0055082,intracellular chemical homeostasis,28,-0.39749489421437895,-1.2356309115478918,0.8447155284471553,0.907754000719331,False
GO_BP,PDOL,GO:0055085,transmembrane transport,50,1.8468728016094007,1.915150886805757,0.061993800619938005,0.8514559823247387,False
GO_BP,PDOL,GO:0055086,nucleobase-containing small molecule metabolic process,18,-1.1325486977925014,-0.4136948109404248,0.6224377562243776,0.8514559823247387,False
GO_BP,PDOL,GO:0055088,lipid homeostasis,10,-0.1528517714510944,-0.2683402598029142,0.5586441355864413,0.8514559823247387,False
GO_BP,PDOL,GO:0055092,sterol homeostasis,7,-0.40037686815061857,-0.9330633658333638,0.8262173782621738,0.9021692324467974,False
GO_BP,PDOL,GO:0055094,response to lipoprotein particle,6,-0.2632264944505225,0.4758086889657571,0.33236676332366766,0.8514559823247387,False
GO_BP,PDOL,GO:0055117,regulation of cardiac muscle contraction,9,-0.7499995769604335,-0.026509501013427972,0.47335266473352666,0.8514559823247387,False
GO_BP,PDOL,GO:0060047,heart contraction,5,0.4428819391633442,0.17309414018510194,0.36996300369963003,0.8514559823247387,False
GO_BP,PDOL,GO:0060048,cardiac muscle contraction,5,0.4428819391633442,0.17309414018510194,0.36996300369963003,0.8514559823247387,False
GO_BP,PDOL,GO:0060078,regulation of postsynaptic membrane potential,20,0.17513503854671944,2.2613662868486326,0.0397960203979602,0.8514559823247387,False
GO_BP,PDOL,GO:0060079,excitatory postsynaptic potential,12,0.5571335799052599,2.161328565278806,0.0466953304669533,0.8514559823247387,False
GO_BP,PDOL,GO:0060249,anatomical structure homeostasis,9,-0.864866863191638,-1.3375712701360918,0.8873112688731127,0.9336990829218965,False
GO_BP,PDOL,GO:0060255,regulation of macromolecule metabolic process,160,0.8400991615008322,0.22950913491821234,0.42425757424257576,0.8514559823247387,False
GO_BP,PDOL,GO:0060284,regulation of cell development,28,-0.40707799055850896,0.48131684086786514,0.3381661833816618,0.8514559823247387,False
GO_BP,PDOL,GO:0060322,head development,19,-0.09733571227876811,0.7242925164527643,0.25607439256074394,0.8514559823247387,False
GO_BP,PDOL,GO:0060326,cell chemotaxis,15,0.08316865169061377,0.6724936952614482,0.27417258274172585,0.8514559823247387,False
GO_BP,PDOL,GO:0060338,regulation of type I interferon-mediated signaling pathway,5,-0.8711318070469272,-4.087555063673725,0.9998000199980002,1.0,False
GO_BP,PDOL,GO:0060341,regulation of cellular localization,27,0.03647321054541286,0.2121612038232758,0.41925807419258077,0.8514559823247387,False
GO_BP,PDOL,GO:0060348,bone development,5,-0.9032978496907728,0.23430096322315552,0.40805919408059194,0.8514559823247387,False
GO_BP,PDOL,GO:0060416,response to growth hormone,5,-0.07414137425542243,0.4916528498124948,0.3096690330966903,0.8514559823247387,False
GO_BP,PDOL,GO:0060429,epithelium development,27,-2.2426107607164667,0.040279522792034506,0.47595240475952405,0.8514559823247387,False
GO_BP,PDOL,GO:0060491,regulation of cell projection assembly,6,0.04473100944816712,0.8194955360206758,0.24347565243475652,0.8514559823247387,False
GO_BP,PDOL,GO:0060627,regulation of vesicle-mediated transport,13,-1.2220600547139415,-0.5169369770409051,0.6471352864713529,0.8514559823247387,False
GO_BP,PDOL,GO:0060759,regulation of response to cytokine stimulus,15,-1.1646263478376484,-2.324698284174268,0.9799020097990201,0.9946542206143654,False
GO_BP,PDOL,GO:0060760,positive regulation of response to cytokine stimulus,5,-0.6606999813906511,0.14246608462436972,0.40435956404359563,0.8514559823247387,False
GO_BP,PDOL,GO:0060761,negative regulation of response to cytokine stimulus,6,-0.9294067548067466,-1.4234601308294348,0.8979102089791021,0.9392526669120796,False
GO_BP,PDOL,GO:0060828,regulation of canonical Wnt signaling pathway,11,-0.339489201537053,0.2932903334341348,0.3922607739226077,0.8514559823247387,False
GO_BP,PDOL,GO:0061008,hepaticobiliary system development,8,0.8301498823488224,0.22780274566458913,0.39776022397760225,0.8514559823247387,False
GO_BP,PDOL,GO:0061013,regulation of mRNA catabolic process,6,-0.18324034868903766,0.4668482563273369,0.31156884311568844,0.8514559823247387,False
GO_BP,PDOL,GO:0061024,membrane organization,15,-0.592946293574623,0.10213028309923933,0.417958204179582,0.8514559823247387,False
GO_BP,PDOL,GO:0061041,regulation of wound healing,11,-0.3475494059500058,0.4160500598549112,0.3214678532146785,0.8514559823247387,False
GO_BP,PDOL,GO:0061045,negative regulation of wound healing,6,-0.622212197922268,0.14282905984386574,0.40015998400159986,0.8514559823247387,False
GO_BP,PDOL,GO:0061136,regulation of proteasomal protein catabolic process,11,0.41257882751585534,2.0150739362210834,0.05959404059594041,0.8514559823247387,False
GO_BP,PDOL,GO:0061337,cardiac conduction,5,-0.4320743991465383,0.28840530368757605,0.3184681531846815,0.8514559823247387,False
GO_BP,PDOL,GO:0061458,reproductive system development,10,-0.10060828468719708,-0.8214404094268049,0.7535246475352465,0.8745412023001963,False
GO_BP,PDOL,GO:0061564,axon development,11,-0.01668014231707522,-0.5253166147367628,0.6465353464653535,0.8514559823247387,False
GO_BP,PDOL,GO:0061919,process utilizing autophagic mechanism,8,0.05205114917755224,0.4941051333223385,0.29757024297570245,0.8514559823247387,False
GO_BP,PDOL,GO:0062012,regulation of small molecule metabolic process,29,0.18111387521979092,-0.29569584608310107,0.5829417058294171,0.8514559823247387,False
GO_BP,PDOL,GO:0062013,positive regulation of small molecule metabolic process,19,-1.195475418895851,-0.5952540441143517,0.6743325667433256,0.8539237155845091,False
GO_BP,PDOL,GO:0062014,negative regulation of small molecule metabolic process,7,1.6709014288630621,0.6799669091543803,0.27147285271472854,0.8514559823247387,False
GO_BP,PDOL,GO:0062197,cellular response to chemical stress,25,-0.8779290876344322,-0.5409982936406845,0.662933706629337,0.8527061556004334,False
GO_BP,PDOL,GO:0062207,regulation of pattern recognition receptor signaling pathway,15,-1.7933597381596762,-0.686829646976171,0.7056294370562943,0.8595382002663867,False
GO_BP,PDOL,GO:0062208,positive regulation of pattern recognition receptor signaling pathway,5,-1.091842302299003,-0.42935460294474537,0.6193380661933806,0.8514559823247387,False
GO_BP,PDOL,GO:0065003,protein-containing complex assembly,21,1.1908332359232394,1.4929577971698011,0.1156884311568843,0.8514559823247387,False
GO_BP,PDOL,GO:0065008,regulation of biological quality,173,0.7664614639559141,1.2055311195793443,0.16148385161483853,0.8514559823247387,False
GO_BP,PDOL,GO:0065009,regulation of molecular function,35,-1.1027865435818276,-0.05522559318547304,0.5095490450954905,0.8514559823247387,False
GO_BP,PDOL,GO:0070098,chemokine-mediated signaling pathway,6,-0.8023244595042238,-0.2573689896510365,0.551944805519448,0.8514559823247387,False
GO_BP,PDOL,GO:0070141,response to UV-A,6,-1.0098969008523793,0.04491725276179537,0.45835416458354167,0.8514559823247387,False
GO_BP,PDOL,GO:0070167,regulation of biomineral tissue development,5,1.2247459716483322,1.272316154506352,0.11758824117588242,0.8514559823247387,False
GO_BP,PDOL,GO:0070201,regulation of establishment of protein localization,38,0.0036046880686671956,-0.23145437173765632,0.5704429557044296,0.8514559823247387,False
GO_BP,PDOL,GO:0070252,actin-mediated cell contraction,5,0.4428819391633442,0.17309414018510194,0.36996300369963003,0.8514559823247387,False
GO_BP,PDOL,GO:0070293,renal absorption,6,-0.2697555955574405,0.1763801258612981,0.36346365363463656,0.8514559823247387,False
GO_BP,PDOL,GO:0070301,cellular response to hydrogen peroxide,8,-0.8409022182799306,-0.1867570154339584,0.5233476652334766,0.8514559823247387,False
GO_BP,PDOL,GO:0070372,regulation of ERK1 and ERK2 cascade,33,-0.7798910562379319,-1.7506711779066075,0.9278072192780722,0.9595884610433983,False
GO_BP,PDOL,GO:0070373,negative regulation of ERK1 and ERK2 cascade,5,0.22794681096198052,-2.0202825898363588,0.9621037896210379,0.9828958165087225,False
GO_BP,PDOL,GO:0070374,positive regulation of ERK1 and ERK2 cascade,25,-0.5243384490035258,-0.3807629112346591,0.6057394260573943,0.8514559823247387,False
GO_BP,PDOL,GO:0070482,response to oxygen levels,29,-0.8844689484731002,-0.4180781905662139,0.6288371162883711,0.8514559823247387,False
GO_BP,PDOL,GO:0070507,regulation of microtubule cytoskeleton organization,9,0.8379190178778247,0.6366324674585142,0.2793720627937206,0.8514559823247387,False
GO_BP,PDOL,GO:0070542,response to fatty acid,8,-0.8348389667904891,-1.438095184268929,0.9041095890410958,0.9444716242661446,False
GO_BP,PDOL,GO:0070555,response to interleukin-1,9,-0.4080923436123132,0.20644617955095673,0.42275772422757724,0.8514559823247387,False
GO_BP,PDOL,GO:0070588,calcium ion transmembrane transport,10,0.8044759501176472,1.38509672833222,0.12688731126887312,0.8514559823247387,False
GO_BP,PDOL,GO:0070633,transepithelial transport,5,-0.3357483147101829,-0.3366134257743036,0.5992400759924008,0.8514559823247387,False
GO_BP,PDOL,GO:0070647,protein modification by small protein conjugation or removal,13,2.6563378229820596,1.7746388391863919,0.09009099090090991,0.8514559823247387,False
GO_BP,PDOL,GO:0070663,regulation of leukocyte proliferation,10,-0.2735921168191768,-0.340870516717404,0.5864413558644136,0.8514559823247387,False
GO_BP,PDOL,GO:0070665,positive regulation of leukocyte proliferation,7,-0.08196519789492145,0.3753464875903606,0.34026597340265974,0.8514559823247387,False
GO_BP,PDOL,GO:0070741,response to interleukin-6,5,-1.0296428592680102,-0.09773362442523803,0.48565143485651435,0.8514559823247387,False
GO_BP,PDOL,GO:0070828,heterochromatin organization,8,0.966302162118587,-1.2439064088327931,0.8633136686331366,0.9188783191273777,False
GO_BP,PDOL,GO:0070848,response to growth factor,35,-0.2224460739534613,-0.4146218160145345,0.6268373162683731,0.8514559823247387,False
GO_BP,PDOL,GO:0070849,response to epidermal growth factor,8,-1.0231801527808584,-1.1760461162880447,0.835916408359164,0.9046662901277439,False
GO_BP,PDOL,GO:0070887,cellular response to chemical stimulus,181,1.077097361551312,0.8087835430180623,0.2568743125687431,0.8514559823247387,False
GO_BP,PDOL,GO:0070925,organelle assembly,11,1.3250692051147686,0.9812009776453735,0.20407959204079593,0.8514559823247387,False
GO_BP,PDOL,GO:0070988,demethylation,6,0.8270409636885887,0.5684434094716883,0.3010698930106989,0.8514559823247387,False
GO_BP,PDOL,GO:0070989,oxidative demethylation,6,0.8270409636885887,0.5684434094716883,0.3010698930106989,0.8514559823247387,False
GO_BP,PDOL,GO:0071071,regulation of phospholipid biosynthetic process,5,-0.7268874028613608,-1.3068840557858052,0.8755124487551245,0.9251294333199329,False
GO_BP,PDOL,GO:0071073,positive regulation of phospholipid biosynthetic process,5,-0.7268874028613608,-1.3068840557858052,0.8755124487551245,0.9251294333199329,False
GO_BP,PDOL,GO:0071214,cellular response to abiotic stimulus,19,-0.3775667147896097,-0.3733655673404032,0.6073392660733926,0.8514559823247387,False
GO_BP,PDOL,GO:0071216,cellular response to biotic stimulus,20,0.6906536386418646,0.14513682904062086,0.4320567943205679,0.8514559823247387,False
GO_BP,PDOL,GO:0071219,cellular response to molecule of bacterial origin,19,1.049513230665588,0.3264072084580433,0.37296270372962703,0.8514559823247387,False
GO_BP,PDOL,GO:0071222,cellular response to lipopolysaccharide,18,0.9775921766751683,1.0834567570851248,0.18368163183681632,0.8514559823247387,False
GO_BP,PDOL,GO:0071229,cellular response to acid chemical,8,-0.7125793550044537,-0.24261588902506637,0.5318468153184681,0.8514559823247387,False
GO_BP,PDOL,GO:0071230,cellular response to amino acid stimulus,7,-0.6584787880830422,-0.04011678809824171,0.44785521447855214,0.8514559823247387,False
GO_BP,PDOL,GO:0071248,cellular response to metal ion,10,-0.32251707865762963,-0.05291581618563046,0.49205079492050796,0.8514559823247387,False
GO_BP,PDOL,GO:0071300,cellular response to retinoic acid,5,0.517175114970972,1.3311650558410668,0.1464853514648535,0.8514559823247387,False
GO_BP,PDOL,GO:0071312,cellular response to alkaloid,5,1.3770129491090366,1.7707369023291557,0.08819118088191182,0.8514559823247387,False
GO_BP,PDOL,GO:0071322,cellular response to carbohydrate stimulus,5,0.191814512209571,0.6162972615193756,0.2405759424057594,0.8514559823247387,False
GO_BP,PDOL,GO:0071326,cellular response to monosaccharide stimulus,5,0.191814512209571,0.6162972615193756,0.2405759424057594,0.8514559823247387,False
GO_BP,PDOL,GO:0071331,cellular response to hexose stimulus,5,0.191814512209571,0.6162972615193756,0.2405759424057594,0.8514559823247387,False
GO_BP,PDOL,GO:0071345,cellular response to cytokine stimulus,30,-0.8293637355461624,0.041377572739727975,0.47685231476852313,0.8514559823247387,False
GO_BP,PDOL,GO:0071347,cellular response to interleukin-1,5,0.5481076176521168,0.5853263056466316,0.3013698630136986,0.8514559823247387,False
GO_BP,PDOL,GO:0071354,cellular response to interleukin-6,5,-1.0296428592680102,-0.09773362442523803,0.48565143485651435,0.8514559823247387,False
GO_BP,PDOL,GO:0071356,cellular response to tumor necrosis factor,6,1.1232419473930015,0.8969288082195206,0.22287771222877711,0.8514559823247387,False
GO_BP,PDOL,GO:0071363,cellular response to growth factor stimulus,34,-0.20216351011139713,-0.27175485572554625,0.5842415758424158,0.8514559823247387,False
GO_BP,PDOL,GO:0071364,cellular response to epidermal growth factor stimulus,7,-1.1419357626881612,-1.068958639061068,0.8205179482051795,0.9011742234814215,False
GO_BP,PDOL,GO:0071375,cellular response to peptide hormone stimulus,30,-0.7974161136956741,-0.9429908428022795,0.7776222377762224,0.8827273318221848,False
GO_BP,PDOL,GO:0071383,cellular response to steroid hormone stimulus,22,1.9836060822343946,1.3667050966549525,0.1311868813118688,0.8514559823247387,False
GO_BP,PDOL,GO:0071384,cellular response to corticosteroid stimulus,6,1.9526629165628848,0.8144093979978289,0.23447655234476553,0.8514559823247387,False
GO_BP,PDOL,GO:0071385,cellular response to glucocorticoid stimulus,5,2.1213011497039544,0.9864994368805584,0.19868013198680132,0.8514559823247387,False
GO_BP,PDOL,GO:0071396,cellular response to lipid,52,1.4210530181317855,1.1595212780104212,0.16778322167783222,0.8514559823247387,False
GO_BP,PDOL,GO:0071398,cellular response to fatty acid,5,-1.0176657533965,-1.8296102534955812,0.9545045495450455,0.9776934322326138,False
GO_BP,PDOL,GO:0071402,cellular response to lipoprotein particle stimulus,6,-0.2632264944505225,0.4758086889657571,0.33236676332366766,0.8514559823247387,False
GO_BP,PDOL,GO:0071404,cellular response to low-density lipoprotein particle stimulus,6,-0.2632264944505225,0.4758086889657571,0.33236676332366766,0.8514559823247387,False
GO_BP,PDOL,GO:0071453,cellular response to oxygen levels,11,-0.42144387215597756,-1.00432311444978,0.7961203879612039,0.8885865527446778,False
GO_BP,PDOL,GO:0071456,cellular response to hypoxia,11,-0.42144387215597756,-1.00432311444978,0.7961203879612039,0.8885865527446778,False
GO_BP,PDOL,GO:0071466,cellular response to xenobiotic stimulus,37,1.6830253412237268,0.5084923262826375,0.3277672232776722,0.8514559823247387,False
GO_BP,PDOL,GO:0071478,cellular response to radiation,10,-0.5958927082827195,0.18434216021590433,0.394960503949605,0.8514559823247387,False
GO_BP,PDOL,GO:0071482,cellular response to light stimulus,10,-0.5958927082827195,0.18434216021590433,0.394960503949605,0.8514559823247387,False
GO_BP,PDOL,GO:0071495,cellular response to endogenous stimulus,75,1.7654179364990203,0.17810434443899315,0.44765523447655237,0.8514559823247387,False
GO_BP,PDOL,GO:0071498,cellular response to fluid shear stress,6,-0.3366397111458522,0.14796038162176728,0.42885711428857115,0.8514559823247387,False
GO_BP,PDOL,GO:0071559,response to transforming growth factor beta,8,-0.3456190770589819,0.0700617679706963,0.43565643435656437,0.8514559823247387,False
GO_BP,PDOL,GO:0071560,cellular response to transforming growth factor beta stimulus,8,-0.3456190770589819,0.0700617679706963,0.43565643435656437,0.8514559823247387,False
GO_BP,PDOL,GO:0071621,granulocyte chemotaxis,7,0.3011355185611473,0.49261288886544163,0.32066793320667936,0.8514559823247387,False
GO_BP,PDOL,GO:0071674,mononuclear cell migration,6,-0.7404518582032569,0.16917963017671156,0.3805619438056194,0.8514559823247387,False
GO_BP,PDOL,GO:0071675,regulation of mononuclear cell migration,7,-0.538924010726434,-0.06148745716008902,0.48425157484251574,0.8514559823247387,False
GO_BP,PDOL,GO:0071677,positive regulation of mononuclear cell migration,5,-0.6770092653011216,-0.7914392216701728,0.7472252774722528,0.8725085575274807,False
GO_BP,PDOL,GO:0071695,anatomical structure maturation,6,0.4750774070675699,0.7067300085962005,0.2636736326367363,0.8514559823247387,False
GO_BP,PDOL,GO:0071705,nitrogen compound transport,18,-1.1174104007642036,-0.3158055380349485,0.5713428657134286,0.8514559823247387,False
GO_BP,PDOL,GO:0071715,icosanoid transport,9,0.9157073282974549,0.8712372327941232,0.2278772122787721,0.8514559823247387,False
GO_BP,PDOL,GO:0071763,nuclear membrane organization,5,0.1960921461920988,0.6004179332712227,0.2733726627337266,0.8514559823247387,False
GO_BP,PDOL,GO:0071825,protein-lipid complex organization,5,1.532040181192627,0.8714519910427404,0.2278772122787721,0.8514559823247387,False
GO_BP,PDOL,GO:0071827,plasma lipoprotein particle organization,5,1.532040181192627,0.8714519910427404,0.2278772122787721,0.8514559823247387,False
GO_BP,PDOL,GO:0071840,cellular component organization or biogenesis,120,-0.04796210124596192,0.02341799715001406,0.48835116488351166,0.8514559823247387,False
GO_BP,PDOL,GO:0071867,response to monoamine,19,0.1442342645969783,0.9370919910400533,0.21527847215278473,0.8514559823247387,False
GO_BP,PDOL,GO:0071868,cellular response to monoamine stimulus,19,0.1442342645969783,0.9370919910400533,0.21527847215278473,0.8514559823247387,False
GO_BP,PDOL,GO:0071869,response to catecholamine,19,0.1442342645969783,0.9370919910400533,0.21527847215278473,0.8514559823247387,False
GO_BP,PDOL,GO:0071870,cellular response to catecholamine stimulus,19,0.1442342645969783,0.9370919910400533,0.21527847215278473,0.8514559823247387,False
GO_BP,PDOL,GO:0071875,adrenergic receptor signaling pathway,11,-0.7707297767680843,0.2919874146069128,0.32266773322667736,0.8514559823247387,False
GO_BP,PDOL,GO:0071880,adenylate cyclase-activating adrenergic receptor signaling pathway,7,-0.5852525438892652,0.31360638123917417,0.30286971302869714,0.8514559823247387,False
GO_BP,PDOL,GO:0071897,DNA biosynthetic process,7,0.6639483697568125,0.9923127668858294,0.1954804519548045,0.8514559823247387,False
GO_BP,PDOL,GO:0071900,regulation of protein serine/threonine kinase activity,7,-0.06724736775209042,-0.10836295186894893,0.5031496850314968,0.8514559823247387,False
GO_BP,PDOL,GO:0071902,positive regulation of protein serine/threonine kinase activity,6,-0.6134880397335964,0.06323659604408571,0.4203579642035796,0.8514559823247387,False
GO_BP,PDOL,GO:0072001,renal system development,6,-0.5575169900303659,0.6222740451102028,0.22907709229077092,0.8514559823247387,False
GO_BP,PDOL,GO:0072330,monocarboxylic acid biosynthetic process,23,0.036448855347925004,0.3606742108579411,0.36726327367263273,0.8514559823247387,False
GO_BP,PDOL,GO:0072348,sulfur compound transport,5,-0.5523033938332021,0.36224932491174255,0.3020697930206979,0.8514559823247387,False
GO_BP,PDOL,GO:0072359,circulatory system development,28,-0.2722239897096207,0.5267489014134131,0.3237676232376762,0.8514559823247387,False
GO_BP,PDOL,GO:0072521,purine-containing compound metabolic process,19,-1.0415046782544524,-0.5808289907404507,0.6791320867913209,0.8539237155845091,False
GO_BP,PDOL,GO:0072523,purine-containing compound catabolic process,8,-0.7424486924034359,0.07824219299459578,0.4306569343065693,0.8514559823247387,False
GO_BP,PDOL,GO:0072524,pyridine-containing compound metabolic process,8,-0.5979713047194192,-0.08475376083739472,0.49425057494250574,0.8514559823247387,False
GO_BP,PDOL,GO:0072531,pyrimidine-containing compound transmembrane transport,5,-0.55680267165943,0.6437607971082328,0.22327767223277672,0.8514559823247387,False
GO_BP,PDOL,GO:0072593,reactive oxygen species metabolic process,7,-0.7990690419346757,-0.6101784238490902,0.6851314868513149,0.8564379499133531,False
GO_BP,PDOL,GO:0072594,establishment of protein localization to organelle,7,-1.1940563354412224,-0.304884884838998,0.5725427457254274,0.8514559823247387,False
GO_BP,PDOL,GO:0080090,regulation of primary metabolic process,149,1.994738633214012,1.055920456748869,0.19768023197680232,0.8514559823247387,False
GO_BP,PDOL,GO:0080134,regulation of response to stress,88,-0.3090215587214147,-0.29795449439578653,0.5925407459254075,0.8514559823247387,False
GO_BP,PDOL,GO:0080135,regulation of cellular response to stress,40,0.9273961804323507,0.6703929171375244,0.28987101289871015,0.8514559823247387,False
GO_BP,PDOL,GO:0080164,regulation of nitric oxide metabolic process,14,-1.108208505936035,-0.24427365598342954,0.5572442755724427,0.8514559823247387,False
GO_BP,PDOL,GO:0086003,cardiac muscle cell contraction,5,0.4428819391633442,0.17309414018510194,0.36996300369963003,0.8514559823247387,False
GO_BP,PDOL,GO:0086004,regulation of cardiac muscle cell contraction,5,-0.4757944396772193,0.24801845734063083,0.35696430356964304,0.8514559823247387,False
GO_BP,PDOL,GO:0086091,regulation of heart rate by cardiac conduction,5,-0.4320743991465383,0.28840530368757605,0.3184681531846815,0.8514559823247387,False
GO_BP,PDOL,GO:0090066,regulation of anatomical structure size,46,0.18630811160293345,0.7458448738149825,0.2645735426457354,0.8514559823247387,False
GO_BP,PDOL,GO:0090068,positive regulation of cell cycle process,18,-1.5055688510340957,-0.45056009336647285,0.6261373862613738,0.8514559823247387,False
GO_BP,PDOL,GO:0090087,regulation of peptide transport,17,-0.35476528710842486,-0.889969250156482,0.7729227077292271,0.8803305602756833,False
GO_BP,PDOL,GO:0090092,regulation of transmembrane receptor protein serine/threonine kinase signaling pathway,14,-0.1937213741753158,0.7936952716672202,0.24997500249975002,0.8514559823247387,False
GO_BP,PDOL,GO:0090100,positive regulation of transmembrane receptor protein serine/threonine kinase signaling pathway,6,-0.13318836869925216,0.536771862433884,0.24957504249575044,0.8514559823247387,False
GO_BP,PDOL,GO:0090101,negative regulation of transmembrane receptor protein serine/threonine kinase signaling pathway,6,-0.07367861685128782,0.6708111417255483,0.27407259274072593,0.8514559823247387,False
GO_BP,PDOL,GO:0090109,regulation of cell-substrate junction assembly,8,-1.0020000721948867,-0.6172801057351298,0.68003199680032,0.8539237155845091,False
GO_BP,PDOL,GO:0090181,regulation of cholesterol metabolic process,5,-0.5434008933824934,-0.9482303786615937,0.8244175582441756,0.9015832824566177,False
GO_BP,PDOL,GO:0090257,regulation of muscle system process,25,-0.2157500697908539,0.6249170539979776,0.28957104289571045,0.8514559823247387,False
GO_BP,PDOL,GO:0090263,positive regulation of canonical Wnt signaling pathway,8,-0.4356084227020645,-0.12480940513271616,0.49775022497750226,0.8514559823247387,False
GO_BP,PDOL,GO:0090276,regulation of peptide hormone secretion,15,-0.24607101939103718,-0.6917239727122027,0.7188281171882812,0.863001957670695,False
GO_BP,PDOL,GO:0090277,positive regulation of peptide hormone secretion,7,-0.27849124141952053,-0.3515262460365679,0.5882411758824118,0.8514559823247387,False
GO_BP,PDOL,GO:0090278,negative regulation of peptide hormone secretion,5,-0.14093140888757016,0.7931531017102235,0.14228577142285773,0.8514559823247387,False
GO_BP,PDOL,GO:0090287,regulation of cellular response to growth factor stimulus,14,-0.17500680761296555,0.3400410936057296,0.37266273372662734,0.8514559823247387,False
GO_BP,PDOL,GO:0090303,positive regulation of wound healing,7,-0.19786916334931784,0.6317147097565071,0.24737526247375263,0.8514559823247387,False
GO_BP,PDOL,GO:0090304,nucleic acid metabolic process,39,1.5711185103539573,0.6634924787067289,0.29217078292170784,0.8514559823247387,False
GO_BP,PDOL,GO:0090316,positive regulation of intracellular protein transport,9,-0.2125322439488361,0.9971279637209579,0.20517948205179481,0.8514559823247387,False
GO_BP,PDOL,GO:0090322,regulation of superoxide metabolic process,7,-0.1942990031048147,-0.5102350836682047,0.6437356264373563,0.8514559823247387,False
GO_BP,PDOL,GO:0090330,regulation of platelet aggregation,6,-1.0701440346599125,-0.44322856616698425,0.6267373262673732,0.8514559823247387,False
GO_BP,PDOL,GO:0090398,cellular senescence,5,2.482371842907154,3.7514079157865217,0.00039996000399960006,0.8514559823247387,False
GO_BP,PDOL,GO:0090407,organophosphate biosynthetic process,10,1.1105119609929504,1.5667875220341334,0.10128987101289871,0.8514559823247387,False
GO_BP,PDOL,GO:0090559,regulation of membrane permeability,5,0.21917395329483716,1.1480048361999897,0.16478352164783522,0.8514559823247387,False
GO_BP,PDOL,GO:0090596,sensory organ morphogenesis,5,-0.43619178754368426,1.5088043575015198,0.10878912108789121,0.8514559823247387,False
GO_BP,PDOL,GO:0095500,acetylcholine receptor signaling pathway,10,-1.1766971405812436,-0.07956923909499536,0.46535346465353467,0.8514559823247387,False
GO_BP,PDOL,GO:0097006,regulation of plasma lipoprotein particle levels,5,1.532040181192627,0.8714519910427404,0.2278772122787721,0.8514559823247387,False
GO_BP,PDOL,GO:0097009,energy homeostasis,5,-0.4051336210250879,0.5038788008528015,0.31286871312868714,0.8514559823247387,False
GO_BP,PDOL,GO:0097190,apoptotic signaling pathway,18,-0.9436701755735843,0.15586054520982073,0.4333566643335666,0.8514559823247387,False
GO_BP,PDOL,GO:0097191,extrinsic apoptotic signaling pathway,7,0.2104352155315004,0.9186250833822669,0.20527947205279473,0.8514559823247387,False
GO_BP,PDOL,GO:0097193,intrinsic apoptotic signaling pathway,9,-0.14839262261141287,0.7878741556400526,0.21987801219878012,0.8514559823247387,False
GO_BP,PDOL,GO:0097237,cellular response to toxic substance,11,-0.8162083384559708,-0.8590126348988714,0.777922207779222,0.8827273318221848,False
GO_BP,PDOL,GO:0097267,omega-hydroxylase P450 pathway,6,-0.9851976182368756,-0.11007844415342827,0.5026497350264973,0.8514559823247387,False
GO_BP,PDOL,GO:0097305,response to alcohol,28,-0.052478122372494024,0.8330013374469506,0.23967603239676033,0.8514559823247387,False
GO_BP,PDOL,GO:0097306,cellular response to alcohol,8,-0.6455007262740636,0.12924105951385112,0.402959704029597,0.8514559823247387,False
GO_BP,PDOL,GO:0097435,supramolecular fiber organization,9,-0.12260914681813988,-0.01918231240994131,0.47495250474952505,0.8514559823247387,False
GO_BP,PDOL,GO:0097485,neuron projection guidance,5,-0.7257894627110959,-0.8403017866598226,0.7891210878912108,0.885119921165526,False
GO_BP,PDOL,GO:0097529,myeloid leukocyte migration,9,-0.03150498134508318,0.36835555302941975,0.36196380361963804,0.8514559823247387,False
GO_BP,PDOL,GO:0097530,granulocyte migration,7,0.3011355185611473,0.49261288886544163,0.32066793320667936,0.8514559823247387,False
GO_BP,PDOL,GO:0097553,calcium ion transmembrane import into cytosol,7,1.880318024967246,2.6098717087824834,0.033896610338966106,0.8514559823247387,False
GO_BP,PDOL,GO:0097746,blood vessel diameter maintenance,34,-0.8658637928594367,0.2056849876573904,0.42025797420257976,0.8514559823247387,False
GO_BP,PDOL,GO:0098542,defense response to other organism,21,0.7931207334798067,0.8056473793110891,0.24987501249875013,0.8514559823247387,False
GO_BP,PDOL,GO:0098586,cellular response to virus,6,-0.6656435943678009,-0.155653848471072,0.5150484951504849,0.8514559823247387,False
GO_BP,PDOL,GO:0098609,cell-cell adhesion,10,-1.6722063508387843,-1.6908971965126052,0.9354064593540646,0.965101902508162,False
GO_BP,PDOL,GO:0098655,monoatomic cation transmembrane transport,24,0.40297385222206894,1.4038284678723347,0.13358664133586642,0.8514559823247387,False
GO_BP,PDOL,GO:0098656,monoatomic anion transmembrane transport,5,2.1437140566790096,1.0256560089154776,0.1790820917908209,0.8514559823247387,False
GO_BP,PDOL,GO:0098657,import into cell,41,0.5363329687715767,1.7631454404211842,0.08349165083491651,0.8514559823247387,False
GO_BP,PDOL,GO:0098659,inorganic cation import across plasma membrane,6,2.468843904052234,2.7745783466749376,0.041695830416958304,0.8514559823247387,False
GO_BP,PDOL,GO:0098664,G protein-coupled serotonin receptor signaling pathway,12,-0.4309275382231781,-0.2448066823719542,0.551944805519448,0.8514559823247387,False
GO_BP,PDOL,GO:0098739,import across plasma membrane,10,1.3044956535008243,1.9430143103967474,0.08449155084491551,0.8514559823247387,False
GO_BP,PDOL,GO:0098754,detoxification,14,-0.9129420053398617,-1.0502602891263393,0.8247175282471753,0.9015832824566177,False
GO_BP,PDOL,GO:0098771,inorganic ion homeostasis,25,0.31088629904655085,-0.12489031186186239,0.5170482951704829,0.8514559823247387,False
GO_BP,PDOL,GO:0098773,skin epidermis development,5,-0.8969066382809155,0.454555452404764,0.31496850314968505,0.8514559823247387,False
GO_BP,PDOL,GO:0098815,modulation of excitatory postsynaptic potential,7,-0.7521673593980742,0.10207466400388543,0.41925807419258077,0.8514559823247387,False
GO_BP,PDOL,GO:0098869,cellular oxidant detoxification,6,-0.6164108512913408,-0.08681927118075394,0.46885311468853114,0.8514559823247387,False
GO_BP,PDOL,GO:0098916,anterograde trans-synaptic signaling,55,0.3921299629312032,1.5164267990231892,0.11028897110288971,0.8514559823247387,False
GO_BP,PDOL,GO:0098926,postsynaptic signal transduction,12,-1.4428886193296715,0.015608975221339083,0.43755624437556245,0.8514559823247387,False
GO_BP,PDOL,GO:0099111,microtubule-based transport,5,0.08471928498788289,-0.13937941251333136,0.5170482951704829,0.8514559823247387,False
GO_BP,PDOL,GO:0099170,postsynaptic modulation of chemical synaptic transmission,5,-0.6398936326299832,0.2777731822415107,0.33066693330666935,0.8514559823247387,False
GO_BP,PDOL,GO:0099171,presynaptic modulation of chemical synaptic transmission,13,0.2634941454947441,0.8677401210140243,0.21677832216778323,0.8514559823247387,False
GO_BP,PDOL,GO:0099175,regulation of postsynapse organization,11,-0.5758471937395133,-0.0420374822415297,0.48995100489951005,0.8514559823247387,False
GO_BP,PDOL,GO:0099177,regulation of trans-synaptic signaling,51,0.19640839407975505,1.2573787657093096,0.15098490150984903,0.8514559823247387,False
GO_BP,PDOL,GO:0099505,regulation of presynaptic membrane potential,7,1.787062853675181,1.1587270287217457,0.1680831916808319,0.8514559823247387,False
GO_BP,PDOL,GO:0099536,synaptic signaling,62,1.0539280682909613,2.042950927196869,0.05119488051194881,0.8514559823247387,False
GO_BP,PDOL,GO:0099537,trans-synaptic signaling,59,1.2550968003375909,2.0987162445566345,0.045495450454954504,0.8514559823247387,False
GO_BP,PDOL,GO:0099565,"chemical synaptic transmission, postsynaptic",13,0.5254609689053698,2.1477628227696046,0.046995300469953004,0.8514559823247387,False
GO_BP,PDOL,GO:0099587,inorganic ion import across plasma membrane,6,2.468843904052234,2.7745783466749376,0.041695830416958304,0.8514559823247387,False
GO_BP,PDOL,GO:0104004,cellular response to environmental stimulus,19,-0.3775667147896097,-0.3733655673404032,0.6073392660733926,0.8514559823247387,False
GO_BP,PDOL,GO:0106027,neuron projection organization,6,-0.25813717097371897,0.3289075830398051,0.3584641535846415,0.8514559823247387,False
GO_BP,PDOL,GO:0110053,regulation of actin filament organization,8,0.5883472232960015,0.46868880166806937,0.25707429257074293,0.8514559823247387,False
GO_BP,PDOL,GO:0110075,regulation of ferroptosis,5,-0.011207616157848361,0.05962110181610787,0.40775922407759224,0.8514559823247387,False
GO_BP,PDOL,GO:0120031,plasma membrane bounded cell projection assembly,5,-0.3121665047258228,0.4835071147039319,0.23847615238476152,0.8514559823247387,False
GO_BP,PDOL,GO:0120032,regulation of plasma membrane bounded cell projection assembly,6,0.04473100944816712,0.8194955360206758,0.24347565243475652,0.8514559823247387,False
GO_BP,PDOL,GO:0120035,regulation of plasma membrane bounded cell projection organization,25,-0.5067478851914511,0.35490141612156556,0.3818618138186181,0.8514559823247387,False
GO_BP,PDOL,GO:0120036,plasma membrane bounded cell projection organization,25,0.05908290237534482,0.3123977110750205,0.3818618138186181,0.8514559823247387,False
GO_BP,PDOL,GO:0120039,plasma membrane bounded cell projection morphogenesis,10,-0.3005035959187604,-0.33099298960990026,0.5769423057694231,0.8514559823247387,False
GO_BP,PDOL,GO:0120161,regulation of cold-induced thermogenesis,12,-0.9756922129974576,-0.10697673644390593,0.5111488851114888,0.8514559823247387,False
GO_BP,PDOL,GO:0120162,positive regulation of cold-induced thermogenesis,12,-0.9756922129974576,-0.10697673644390593,0.5111488851114888,0.8514559823247387,False
GO_BP,PDOL,GO:0120178,steroid hormone biosynthetic process,5,-0.23595003849722282,-0.9770198304376794,0.8071192880711929,0.895099115680849,False
GO_BP,PDOL,GO:0120254,olefinic compound metabolic process,34,-0.9392675763682954,-1.2727812326854917,0.8498150184981502,0.9096830481636192,False
GO_BP,PDOL,GO:0140115,export across plasma membrane,7,-0.008586952616079427,-0.06762801087469085,0.47995200479952005,0.8514559823247387,False
GO_BP,PDOL,GO:0140352,export from cell,15,-1.1401635720761978,-1.4373442453748695,0.8917108289171083,0.935906409359064,False
GO_BP,PDOL,GO:0140374,antiviral innate immune response,6,0.8144357717279576,1.1379124369022282,0.1777822217778222,0.8514559823247387,False
GO_BP,PDOL,GO:0140448,signaling receptor ligand precursor processing,5,-0.5369437476661747,0.18637552735582807,0.3748625137486251,0.8514559823247387,False
GO_BP,PDOL,GO:0140546,defense response to symbiont,21,0.7931207334798067,0.8056473793110891,0.24987501249875013,0.8514559823247387,False
GO_BP,PDOL,GO:0140694,membraneless organelle assembly,10,1.4574565864198061,0.9884552502900282,0.20557944205579443,0.8514559823247387,False
GO_BP,PDOL,GO:0141060,disruption of anatomical structure in another organism,5,2.1256246615943293,1.9231236389810695,0.08739126087391261,0.8514559823247387,False
GO_BP,PDOL,GO:0141091,transforming growth factor beta receptor superfamily signaling pathway,7,-0.9475053962324768,0.04229074784510278,0.44055594440555945,0.8514559823247387,False
GO_BP,PDOL,GO:0141124,intracellular signaling cassette,40,0.35666245634460064,1.380791445519131,0.13488651134886512,0.8514559823247387,False
GO_BP,PDOL,GO:0141137,"positive regulation of gene expression, epigenetic",5,-0.1854944795333377,-0.5362915594105243,0.655034496550345,0.8514559823247387,False
GO_BP,PDOL,GO:0141161,regulation of cAMP/PKA signal transduction,5,-0.6629440806445204,-0.12677580790582987,0.5077492250774922,0.8514559823247387,False
GO_BP,PDOL,GO:0141187,nucleic acid biosynthetic process,25,1.21407037786105,0.5814021554929715,0.3103689631036896,0.8514559823247387,False
GO_BP,PDOL,GO:0141193,nuclear receptor-mediated signaling pathway,20,1.1600388872153593,1.0756839199244526,0.1847815218478152,0.8514559823247387,False
GO_BP,PDOL,GO:0150063,visual system development,12,-1.0593382412314252,0.4123618165743055,0.33236676332366766,0.8514559823247387,False
GO_BP,PDOL,GO:0150076,neuroinflammatory response,5,0.38217336761161885,-0.18239754375459966,0.5174482551744826,0.8514559823247387,False
GO_BP,PDOL,GO:0150104,transport across blood-brain barrier,11,0.5453180548322335,1.2396742488663086,0.13738626137386262,0.8514559823247387,False
GO_BP,PDOL,GO:0150116,regulation of cell-substrate junction organization,8,-1.0020000721948867,-0.6172801057351298,0.68003199680032,0.8539237155845091,False
GO_BP,PDOL,GO:0150117,positive regulation of cell-substrate junction organization,5,-0.7659538910553108,-0.5698716086206894,0.6733326667333267,0.8539237155845091,False
GO_BP,PDOL,GO:0160108,animal gross anatomical part developmental process,134,-0.5687933547677932,-0.0022068645467968606,0.5049495050494951,0.8514559823247387,False
GO_BP,PDOL,GO:1900015,regulation of cytokine production involved in inflammatory response,13,0.025015039025508584,0.3948163551336008,0.3544645535446455,0.8514559823247387,False
GO_BP,PDOL,GO:1900016,negative regulation of cytokine production involved in inflammatory response,8,0.024056394285794817,0.48371709362797655,0.3143685631436856,0.8514559823247387,False
GO_BP,PDOL,GO:1900034,regulation of cellular response to heat,5,1.155986425425902,1.042088728148925,0.20267973202679732,0.8514559823247387,False
GO_BP,PDOL,GO:1900037,regulation of cellular response to hypoxia,6,0.5369190260694235,0.5710151488675579,0.25547445255474455,0.8514559823247387,False
GO_BP,PDOL,GO:1900046,regulation of hemostasis,5,-0.672438346931261,0.23458274821630187,0.385961403859614,0.8514559823247387,False
GO_BP,PDOL,GO:1900076,regulation of cellular response to insulin stimulus,7,-0.24036709008467308,-2.431931624406671,0.9818018198180182,0.9953242183893226,False
GO_BP,PDOL,GO:1900087,positive regulation of G1/S transition of mitotic cell cycle,6,-1.2696340368849985,-0.05788029402393002,0.4968503149685031,0.8514559823247387,False
GO_BP,PDOL,GO:1900180,regulation of protein localization to nucleus,14,-0.5224885497347275,0.45860972418405377,0.3451654834516548,0.8514559823247387,False
GO_BP,PDOL,GO:1900182,positive regulation of protein localization to nucleus,12,-0.7200846212553826,0.17467594319584,0.40685931406859316,0.8514559823247387,False
GO_BP,PDOL,GO:1900271,regulation of long-term synaptic potentiation,6,-0.03312051557607716,0.5540852420833603,0.30456954304569545,0.8514559823247387,False
GO_BP,PDOL,GO:1900371,regulation of purine nucleotide biosynthetic process,5,0.7922438486564464,1.3235305465284455,0.13658634136586342,0.8514559823247387,False
GO_BP,PDOL,GO:1900542,regulation of purine nucleotide metabolic process,10,-0.7803612233272638,0.21660796516408187,0.41505849415058493,0.8514559823247387,False
GO_BP,PDOL,GO:1900544,positive regulation of purine nucleotide metabolic process,8,-0.7057492304090377,0.35196193146415256,0.37616238376162386,0.8514559823247387,False
GO_BP,PDOL,GO:1901099,negative regulation of signal transduction in absence of ligand,7,-0.813979489240284,0.2524258400361604,0.37596240375962403,0.8514559823247387,False
GO_BP,PDOL,GO:1901135,carbohydrate derivative metabolic process,25,-1.2912089661350463,-1.1602903649460443,0.833016698330167,0.9042175559809511,False
GO_BP,PDOL,GO:1901136,carbohydrate derivative catabolic process,12,-0.8495798026842684,0.3953662899444593,0.3251674832516748,0.8514559823247387,False
GO_BP,PDOL,GO:1901184,regulation of ERBB signaling pathway,5,-1.0271760441315179,-1.2027889499450417,0.8524147585241476,0.9112154111222044,False
GO_BP,PDOL,GO:1901222,regulation of non-canonical NF-kappaB signal transduction,5,-0.613705968843455,-0.6323369795949327,0.718028197180282,0.863001957670695,False
GO_BP,PDOL,GO:1901264,carbohydrate derivative transport,6,0.038293425892579974,0.5941660661594206,0.23247675232476753,0.8514559823247387,False
GO_BP,PDOL,GO:1901292,nucleoside phosphate catabolic process,9,-0.515175445369843,0.2821276569262604,0.3601639836016398,0.8514559823247387,False
GO_BP,PDOL,GO:1901342,regulation of vasculature development,21,0.32261804848528974,-0.40245756972567104,0.6147385261473852,0.8514559823247387,False
GO_BP,PDOL,GO:1901343,negative regulation of vasculature development,7,-0.3546260970681999,-1.0043723693370024,0.8348165183481652,0.9043845615438456,False
GO_BP,PDOL,GO:1901652,response to peptide,39,-1.1823254586580887,0.08727057832059848,0.46435356464353567,0.8514559823247387,False
GO_BP,PDOL,GO:1901654,response to ketone,16,-0.5005337933952861,0.22295174635578252,0.41575842415758424,0.8514559823247387,False
GO_BP,PDOL,GO:1901655,cellular response to ketone,8,-0.0011640308313418223,0.45060785766061034,0.3411658834116588,0.8514559823247387,False
GO_BP,PDOL,GO:1901698,response to nitrogen compound,94,-1.2113331111239096,-0.04316642786738156,0.5087491250874913,0.8514559823247387,False
GO_BP,PDOL,GO:1901699,cellular response to nitrogen compound,69,-0.9060636826335889,-0.1531359661632864,0.5457454254574543,0.8514559823247387,False
GO_BP,PDOL,GO:1901700,response to oxygen-containing compound,146,-0.46884253608521664,0.07701929981787059,0.48035196480351966,0.8514559823247387,False
GO_BP,PDOL,GO:1901701,cellular response to oxygen-containing compound,113,-0.09768464333929165,0.30072253389902054,0.40405959404059594,0.8514559823247387,False
GO_BP,PDOL,GO:1901796,regulation of signal transduction by p53 class mediator,10,-0.30398448397725547,0.7321878081555955,0.24717528247175283,0.8514559823247387,False
GO_BP,PDOL,GO:1901800,positive regulation of proteasomal protein catabolic process,8,0.4184946816854048,1.7934391818515047,0.08299170082991701,0.8514559823247387,False
GO_BP,PDOL,GO:1901873,regulation of post-translational protein modification,15,1.0427523283608946,2.472212000008788,0.0287971202879712,0.8514559823247387,False
GO_BP,PDOL,GO:1901874,negative regulation of post-translational protein modification,5,-0.7751942647049018,0.3000140971569544,0.3377662233776622,0.8514559823247387,False
GO_BP,PDOL,GO:1901875,positive regulation of post-translational protein modification,7,2.5981067964830964,3.40640918171138,0.007999200079992,0.8514559823247387,False
GO_BP,PDOL,GO:1901888,regulation of cell junction assembly,15,-0.6770820842231546,-0.8855725978869107,0.7684231576842315,0.8787413464859231,False
GO_BP,PDOL,GO:1901890,positive regulation of cell junction assembly,5,-0.0997125881201311,-0.06501789331316753,0.46925307469253075,0.8514559823247387,False
GO_BP,PDOL,GO:1901987,regulation of cell cycle phase transition,14,-1.6202254653739676,-1.0866436237505148,0.8113188681131887,0.897600261205302,False
GO_BP,PDOL,GO:1901989,positive regulation of cell cycle phase transition,8,-1.4580135016596725,-0.5565937921053223,0.6585341465853415,0.8514559823247387,False
GO_BP,PDOL,GO:1901990,regulation of mitotic cell cycle phase transition,14,-1.6202254653739676,-1.0866436237505148,0.8113188681131887,0.897600261205302,False
GO_BP,PDOL,GO:1901992,positive regulation of mitotic cell cycle phase transition,8,-1.4580135016596725,-0.5565937921053223,0.6585341465853415,0.8514559823247387,False
GO_BP,PDOL,GO:1902105,regulation of leukocyte differentiation,8,-0.9497815468206708,-0.77811571009172,0.7578242175782421,0.8746185942705581,False
GO_BP,PDOL,GO:1902107,positive regulation of leukocyte differentiation,6,-0.6079863627758879,-0.14443518453554688,0.5055494450554945,0.8514559823247387,False
GO_BP,PDOL,GO:1902115,regulation of organelle assembly,9,-0.255901799593322,0.635102821337542,0.28257174282571745,0.8514559823247387,False
GO_BP,PDOL,GO:1902175,regulation of oxidative stress-induced intrinsic apoptotic signaling pathway,7,-0.9656082924592152,-0.0215093472418324,0.48175182481751827,0.8514559823247387,False
GO_BP,PDOL,GO:1902476,chloride transmembrane transport,5,2.1437140566790096,1.0256560089154776,0.1790820917908209,0.8514559823247387,False
GO_BP,PDOL,GO:1902531,regulation of intracellular signal transduction,128,-0.5418650218672569,0.21917982396214808,0.42845715428457154,0.8514559823247387,False
GO_BP,PDOL,GO:1902532,negative regulation of intracellular signal transduction,47,-0.23188027878843567,0.14679170151810852,0.4467553244675532,0.8514559823247387,False
GO_BP,PDOL,GO:1902533,positive regulation of intracellular signal transduction,91,-0.27201395985785876,0.9511897739348618,0.2116788321167883,0.8514559823247387,False
GO_BP,PDOL,GO:1902644,tertiary alcohol metabolic process,6,-0.8939579339548371,-2.197029006014759,0.9752024797520248,0.9919468822515705,False
GO_BP,PDOL,GO:1902652,secondary alcohol metabolic process,13,1.085479951671427,0.29646990892666625,0.38976102389761025,0.8514559823247387,False
GO_BP,PDOL,GO:1902679,negative regulation of RNA biosynthetic process,50,0.9124368346505222,0.02827285980172567,0.48665133486651335,0.8514559823247387,False
GO_BP,PDOL,GO:1902680,positive regulation of RNA biosynthetic process,59,0.008338764726096029,0.02840596100955757,0.49025097490250974,0.8514559823247387,False
GO_BP,PDOL,GO:1902749,regulation of cell cycle G2/M phase transition,6,-1.1532614875482514,-1.1207135577235403,0.8402159784021598,0.9064570721351101,False
GO_BP,PDOL,GO:1902806,regulation of cell cycle G1/S phase transition,7,-1.420961332154266,-0.8620623233372485,0.7561243875612439,0.8746185942705581,False
GO_BP,PDOL,GO:1902808,positive regulation of cell cycle G1/S phase transition,6,-1.2696340368849985,-0.05788029402393002,0.4968503149685031,0.8514559823247387,False
GO_BP,PDOL,GO:1902850,microtubule cytoskeleton organization involved in mitosis,7,-0.18824287491438665,0.5657071831147659,0.2528747125287471,0.8514559823247387,False
GO_BP,PDOL,GO:1902893,regulation of miRNA transcription,13,-0.1953793467537847,0.46868421755870276,0.3474652534746525,0.8514559823247387,False
GO_BP,PDOL,GO:1902894,negative regulation of miRNA transcription,8,-0.5388292505661942,0.011584318848814279,0.48135186481351866,0.8514559823247387,False
GO_BP,PDOL,GO:1902895,positive regulation of miRNA transcription,9,-0.1309637212132617,0.34009547656476,0.37546245375462456,0.8514559823247387,False
GO_BP,PDOL,GO:1902903,regulation of supramolecular fiber organization,16,0.34562500410206815,-0.2072682851988183,0.5415458454154585,0.8514559823247387,False
GO_BP,PDOL,GO:1902904,negative regulation of supramolecular fiber organization,5,-0.4097651375356114,-0.3168530190083662,0.5838416158384162,0.8514559823247387,False
GO_BP,PDOL,GO:1902905,positive regulation of supramolecular fiber organization,9,0.6935637450259657,0.25159807708206705,0.38006199380061995,0.8514559823247387,False
GO_BP,PDOL,GO:1903034,regulation of response to wounding,14,-0.6984646596077924,-0.3950772448962311,0.6085391460853915,0.8514559823247387,False
GO_BP,PDOL,GO:1903035,negative regulation of response to wounding,9,-0.9786257601591692,-0.7322727711888803,0.7364263573642635,0.8687863252999126,False
GO_BP,PDOL,GO:1903036,positive regulation of response to wounding,7,-0.19786916334931784,0.6317147097565071,0.24737526247375263,0.8514559823247387,False
GO_BP,PDOL,GO:1903037,regulation of leukocyte cell-cell adhesion,18,-1.1578647542508744,-1.144976767196823,0.8293170682931706,0.9026055533981485,False
GO_BP,PDOL,GO:1903038,negative regulation of leukocyte cell-cell adhesion,7,-0.539658088047728,-0.8919516566359468,0.7704229577042295,0.879523754941579,False
GO_BP,PDOL,GO:1903039,positive regulation of leukocyte cell-cell adhesion,14,-1.3107292344656822,-0.990069154536847,0.795020497950205,0.8885865527446778,False
GO_BP,PDOL,GO:1903047,mitotic cell cycle process,17,-0.9322077733458122,-0.560235503052898,0.672932706729327,0.8539237155845091,False
GO_BP,PDOL,GO:1903076,regulation of protein localization to plasma membrane,8,0.20066458258468772,0.6586761707585197,0.28217178282171784,0.8514559823247387,False
GO_BP,PDOL,GO:1903115,regulation of actin filament-based movement,5,-0.4757944396772193,0.24801845734063083,0.35696430356964304,0.8514559823247387,False
GO_BP,PDOL,GO:1903131,mononuclear cell differentiation,16,0.3428015414353041,0.5258385284958902,0.3251674832516748,0.8514559823247387,False
GO_BP,PDOL,GO:1903169,regulation of calcium ion transmembrane transport,9,0.04499066538478085,0.03283101784834102,0.461053894610539,0.8514559823247387,False
GO_BP,PDOL,GO:1903311,regulation of mRNA metabolic process,7,-0.23487421320227334,0.358875884092009,0.34056594340565943,0.8514559823247387,False
GO_BP,PDOL,GO:1903320,regulation of protein modification by small protein conjugation or removal,15,1.0427523283608946,2.472212000008788,0.0287971202879712,0.8514559823247387,False
GO_BP,PDOL,GO:1903321,negative regulation of protein modification by small protein conjugation or removal,5,-0.7751942647049018,0.3000140971569544,0.3377662233776622,0.8514559823247387,False
GO_BP,PDOL,GO:1903322,positive regulation of protein modification by small protein conjugation or removal,7,2.5981067964830964,3.40640918171138,0.007999200079992,0.8514559823247387,False
GO_BP,PDOL,GO:1903350,response to dopamine,18,0.48702851971803546,1.3197926496482955,0.14238576142385762,0.8514559823247387,False
GO_BP,PDOL,GO:1903351,cellular response to dopamine,18,0.48702851971803546,1.3197926496482955,0.14238576142385762,0.8514559823247387,False
GO_BP,PDOL,GO:1903376,regulation of oxidative stress-induced neuron intrinsic apoptotic signaling pathway,5,-0.9607915055978442,-0.0009216165755805417,0.47415258474152583,0.8514559823247387,False
GO_BP,PDOL,GO:1903426,regulation of reactive oxygen species biosynthetic process,6,-0.061687226828609686,0.5337010792155938,0.29957004299570045,0.8514559823247387,False
GO_BP,PDOL,GO:1903427,negative regulation of reactive oxygen species biosynthetic process,5,-0.3113939669222807,0.4251968505224022,0.3330666933306669,0.8514559823247387,False
GO_BP,PDOL,GO:1903432,regulation of TORC1 signaling,7,-0.26549301461644614,0.9773814943983784,0.2136786321367863,0.8514559823247387,False
GO_BP,PDOL,GO:1903522,regulation of blood circulation,38,-1.3356540587407784,0.2801209879303004,0.39736026397360263,0.8514559823247387,False
GO_BP,PDOL,GO:1903524,positive regulation of blood circulation,6,0.3059391020699171,-1.165005671930972,0.8536146385361464,0.9114571089092324,False
GO_BP,PDOL,GO:1903530,regulation of secretion by cell,40,-0.7638496721485598,-0.28157529969462103,0.5760423957604239,0.8514559823247387,False
GO_BP,PDOL,GO:1903531,negative regulation of secretion by cell,13,-0.7176983946310164,0.4778541825849948,0.3000699930006999,0.8514559823247387,False
GO_BP,PDOL,GO:1903532,positive regulation of secretion by cell,18,-0.02411360243701171,0.20853084475386147,0.4086591340865913,0.8514559823247387,False
GO_BP,PDOL,GO:1903555,regulation of tumor necrosis factor superfamily cytokine production,12,-1.0777101379350469,-1.9450574822763296,0.9562043795620438,0.9787918845910685,False
GO_BP,PDOL,GO:1903557,positive regulation of tumor necrosis factor superfamily cytokine production,7,-0.7129606940494311,-0.6098538389641467,0.680931906809319,0.8539237155845091,False
GO_BP,PDOL,GO:1903573,negative regulation of response to endoplasmic reticulum stress,6,0.029365233977802413,0.010151134785840454,0.45385461453854614,0.8514559823247387,False
GO_BP,PDOL,GO:1903578,regulation of ATP metabolic process,10,-0.7803612233272638,0.21660796516408187,0.41505849415058493,0.8514559823247387,False
GO_BP,PDOL,GO:1903580,positive regulation of ATP metabolic process,8,-0.7057492304090377,0.35196193146415256,0.37616238376162386,0.8514559823247387,False
GO_BP,PDOL,GO:1903706,regulation of hemopoiesis,14,-1.1743052266205314,-0.5353509210358871,0.6552344765523448,0.8514559823247387,False
GO_BP,PDOL,GO:1903708,positive regulation of hemopoiesis,6,-0.6079863627758879,-0.14443518453554688,0.5055494450554945,0.8514559823247387,False
GO_BP,PDOL,GO:1903725,regulation of phospholipid metabolic process,7,-0.8109135618072156,-0.8720978390875179,0.7906209379062094,0.885828582571477,False
GO_BP,PDOL,GO:1903727,positive regulation of phospholipid metabolic process,6,-0.6557112000233124,-1.1302361921991488,0.8424157584241576,0.906639159031901,False
GO_BP,PDOL,GO:1903828,negative regulation of protein localization,17,0.17107716120167135,0.7134007548315277,0.2706729327067293,0.8514559823247387,False
GO_BP,PDOL,GO:1903829,positive regulation of protein localization,34,0.101713728660243,0.47914567128482355,0.34326567343265674,0.8514559823247387,False
GO_BP,PDOL,GO:1903844,regulation of cellular response to transforming growth factor beta stimulus,8,-0.01223795477627386,1.0675907584077269,0.18708129187081293,0.8514559823247387,False
GO_BP,PDOL,GO:1903900,regulation of viral life cycle,5,1.1133062695267497,0.5173928544747427,0.3057694230576942,0.8514559823247387,False
GO_BP,PDOL,GO:1904018,positive regulation of vasculature development,12,0.46843904751380866,0.5935252285691743,0.292970702929707,0.8514559823247387,False
GO_BP,PDOL,GO:1904062,regulation of monoatomic cation transmembrane transport,15,0.0470678518441191,0.4584967962439498,0.32626737326267374,0.8514559823247387,False
GO_BP,PDOL,GO:1904064,positive regulation of cation transmembrane transport,6,1.6278696723915433,1.0733911282702853,0.18218178182181782,0.8514559823247387,False
GO_BP,PDOL,GO:1904263,positive regulation of TORC1 signaling,6,-1.536417522841918,-0.08494395371271368,0.4978502149785021,0.8514559823247387,False
GO_BP,PDOL,GO:1904356,regulation of telomere maintenance via telomere lengthening,5,-0.16562213961657224,-0.6003895971580415,0.6803319668033196,0.8539237155845091,False
GO_BP,PDOL,GO:1904375,regulation of protein localization to cell periphery,10,0.329781355843066,0.8505810727232059,0.23507649235076492,0.8514559823247387,False
GO_BP,PDOL,GO:1904385,cellular response to angiotensin,9,-0.4523017153089109,-0.649080611831559,0.6991300869913009,0.8574464587439561,False
GO_BP,PDOL,GO:1904645,response to amyloid-beta,16,-1.2092820038401446,0.21378501589688303,0.41175882411758824,0.8514559823247387,False
GO_BP,PDOL,GO:1904646,cellular response to amyloid-beta,10,-0.4718659424415695,0.34471754769219637,0.35726427357264273,0.8514559823247387,False
GO_BP,PDOL,GO:1904705,regulation of vascular associated smooth muscle cell proliferation,10,-0.892040519055036,-0.1310765704615019,0.5229477052294771,0.8514559823247387,False
GO_BP,PDOL,GO:1904707,positive regulation of vascular associated smooth muscle cell proliferation,8,-0.9122987996040945,-0.22470596641345453,0.5435456454354565,0.8514559823247387,False
GO_BP,PDOL,GO:1904892,regulation of receptor signaling pathway via STAT,8,-0.6700143691547936,-0.5633221539933623,0.678032196780322,0.8539237155845091,False
GO_BP,PDOL,GO:1904894,positive regulation of receptor signaling pathway via STAT,6,-0.6036957301219392,0.03235352212209053,0.40635936406359363,0.8514559823247387,False
GO_BP,PDOL,GO:1904950,negative regulation of establishment of protein localization,9,-0.6079089938438298,0.42576847420884323,0.3030696930306969,0.8514559823247387,False
GO_BP,PDOL,GO:1904951,positive regulation of establishment of protein localization,23,-0.010973287640661735,0.3512445142960229,0.37376262373762625,0.8514559823247387,False
GO_BP,PDOL,GO:1905039,carboxylic acid transmembrane transport,5,-0.6765116178247562,-0.34861939990027657,0.5998400159984002,0.8514559823247387,False
GO_BP,PDOL,GO:1905144,response to acetylcholine,11,-1.168211339363633,0.0006892808124501215,0.43845615438456154,0.8514559823247387,False
GO_BP,PDOL,GO:1905145,cellular response to acetylcholine,10,-1.1766971405812436,-0.07956923909499536,0.46535346465353467,0.8514559823247387,False
GO_BP,PDOL,GO:1905475,regulation of protein localization to membrane,11,0.21337117595067745,0.6696073406024614,0.280971902809719,0.8514559823247387,False
GO_BP,PDOL,GO:1905477,positive regulation of protein localization to membrane,6,-0.7817377132156726,0.0603417143767464,0.43415658434156584,0.8514559823247387,False
GO_BP,PDOL,GO:1905521,regulation of macrophage migration,5,0.10797830265460702,-0.05379666694401662,0.4637536246375362,0.8514559823247387,False
GO_BP,PDOL,GO:1905897,regulation of response to endoplasmic reticulum stress,8,-0.29940053003564954,-0.25944103308213384,0.5631436856314369,0.8514559823247387,False
GO_BP,PDOL,GO:1905952,regulation of lipid localization,15,0.6197740603535358,1.2734516449273305,0.1481851814818518,0.8514559823247387,False
GO_BP,PDOL,GO:1905953,negative regulation of lipid localization,5,-0.23225074373747284,0.11513124067160313,0.43355664433556645,0.8514559823247387,False
GO_BP,PDOL,GO:1905954,positive regulation of lipid localization,9,1.065687868163011,1.3532855650616469,0.135986401359864,0.8514559823247387,False
GO_BP,PDOL,GO:1990089,response to nerve growth factor,6,0.3450956084219569,-0.20415374214079846,0.543945605439456,0.8514559823247387,False
GO_BP,PDOL,GO:1990090,cellular response to nerve growth factor stimulus,6,0.3450956084219569,-0.20415374214079846,0.543945605439456,0.8514559823247387,False
GO_BP,PDOL,GO:1990266,neutrophil migration,7,0.3011355185611473,0.49261288886544163,0.32066793320667936,0.8514559823247387,False
GO_BP,PDOL,GO:1990708,conditioned place preference,6,-0.33991184577423067,0.8247660211499228,0.198980101989801,0.8514559823247387,False
GO_BP,PDOL,GO:1990748,cellular detoxification,9,-0.721999953690189,-0.8185318145229062,0.7722227777222278,0.8799752936098795,False
GO_BP,PDOL,GO:1990776,response to angiotensin,10,-0.4963252941196857,-0.7129865716441153,0.7192280771922808,0.863001957670695,False
GO_BP,PDOL,GO:1990806,ligand-gated ion channel signaling pathway,9,-0.9682966980450461,-0.09238372910785653,0.4864513548645136,0.8514559823247387,False
GO_BP,PDOL,GO:1990840,response to lectin,5,-1.3175819569073537,-0.3306985174986482,0.5749425057494251,0.8514559823247387,False
GO_BP,PDOL,GO:1990858,cellular response to lectin,5,-1.3175819569073537,-0.3306985174986482,0.5749425057494251,0.8514559823247387,False
GO_BP,PDOL,GO:1990868,response to chemokine,6,-0.8023244595042238,-0.2573689896510365,0.551944805519448,0.8514559823247387,False
GO_BP,PDOL,GO:1990869,cellular response to chemokine,6,-0.8023244595042238,-0.2573689896510365,0.551944805519448,0.8514559823247387,False
GO_BP,PDOL,GO:2000026,regulation of multicellular organismal development,57,0.07949801262207291,-0.190994698701611,0.5544445555444456,0.8514559823247387,False
GO_BP,PDOL,GO:2000045,regulation of G1/S transition of mitotic cell cycle,7,-1.420961332154266,-0.8620623233372485,0.7561243875612439,0.8746185942705581,False
GO_BP,PDOL,GO:2000058,regulation of ubiquitin-dependent protein catabolic process,14,0.2224203601992948,1.8422733208133613,0.0755924407559244,0.8514559823247387,False
GO_BP,PDOL,GO:2000060,positive regulation of ubiquitin-dependent protein catabolic process,10,0.2561085130988062,1.7192238387204624,0.0897910208979102,0.8514559823247387,False
GO_BP,PDOL,GO:2000106,regulation of leukocyte apoptotic process,8,0.8626694413457212,0.8355550121437073,0.22707729227077292,0.8514559823247387,False
GO_BP,PDOL,GO:2000107,negative regulation of leukocyte apoptotic process,5,1.1952567851265608,1.478410859953395,0.11908809119088092,0.8514559823247387,False
GO_BP,PDOL,GO:2000145,regulation of cell motility,59,-1.2380108936073235,0.7971846734562036,0.2532746725327467,0.8514559823247387,False
GO_BP,PDOL,GO:2000146,negative regulation of cell motility,15,-0.28965356828563027,0.6750682323362813,0.2793720627937206,0.8514559823247387,False
GO_BP,PDOL,GO:2000147,positive regulation of cell motility,42,-1.183252546667052,0.5569965854641286,0.32556744325567444,0.8514559823247387,False
GO_BP,PDOL,GO:2000181,negative regulation of blood vessel morphogenesis,7,-0.3546260970681999,-1.0043723693370024,0.8348165183481652,0.9043845615438456,False
GO_BP,PDOL,GO:2000191,regulation of fatty acid transport,5,-0.16359316623716552,1.0320666333554134,0.1999800019998,0.8514559823247387,False
GO_BP,PDOL,GO:2000209,regulation of anoikis,6,-1.1009758708404225,-0.2902695714134963,0.5621437856214379,0.8514559823247387,False
GO_BP,PDOL,GO:2000278,regulation of DNA biosynthetic process,6,-0.44043347955837653,-0.3847401465481889,0.6142385761423858,0.8514559823247387,False
GO_BP,PDOL,GO:2000351,regulation of endothelial cell apoptotic process,7,0.22520590878213523,-0.14600865176988245,0.5184481551844815,0.8514559823247387,False
GO_BP,PDOL,GO:2000377,regulation of reactive oxygen species metabolic process,25,-0.405741134584916,0.3347431091423545,0.3775622437756224,0.8514559823247387,False
GO_BP,PDOL,GO:2000378,negative regulation of reactive oxygen species metabolic process,10,-0.3735265977183591,0.6290342167282295,0.27857214278572145,0.8514559823247387,False
GO_BP,PDOL,GO:2000379,positive regulation of reactive oxygen species metabolic process,12,-0.1094099413474645,0.0074650537465377476,0.47505249475052497,0.8514559823247387,False
GO_BP,PDOL,GO:2000463,positive regulation of excitatory postsynaptic potential,5,-0.8358861435376386,-0.3258414444726063,0.5773422657734226,0.8514559823247387,False
GO_BP,PDOL,GO:2000573,positive regulation of DNA biosynthetic process,6,-0.44043347955837653,-0.3847401465481889,0.6142385761423858,0.8514559823247387,False
GO_BP,PDOL,GO:2000628,regulation of miRNA metabolic process,14,-0.25505548263582445,0.4113316640749609,0.36366363363663634,0.8514559823247387,False
GO_BP,PDOL,GO:2000629,negative regulation of miRNA metabolic process,8,-0.5388292505661942,0.011584318848814279,0.48135186481351866,0.8514559823247387,False
GO_BP,PDOL,GO:2000630,positive regulation of miRNA metabolic process,10,-0.20201256131222314,0.2704443020443207,0.39816018398160186,0.8514559823247387,False
GO_BP,PDOL,GO:2000772,regulation of cellular senescence,5,-0.344358140982343,0.6284310324448672,0.23837616238376164,0.8514559823247387,False
GO_BP,PDOL,GO:2000779,regulation of double-strand break repair,7,2.5458355781372553,1.9958581905008006,0.0690930906909309,0.8514559823247387,False
GO_BP,PDOL,GO:2000811,negative regulation of anoikis,6,-1.1009758708404225,-0.2902695714134963,0.5621437856214379,0.8514559823247387,False
GO_BP,PDOL,GO:2001057,reactive nitrogen species metabolic process,7,-0.6648541227603738,-0.21769965444107114,0.5405459454054594,0.8514559823247387,False
GO_BP,PDOL,GO:2001141,regulation of RNA biosynthetic process,84,1.0390313491123992,0.47718505229480535,0.3478652134786521,0.8514559823247387,False
GO_BP,PDOL,GO:2001169,regulation of ATP biosynthetic process,5,0.7922438486564464,1.3235305465284455,0.13658634136586342,0.8514559823247387,False
GO_BP,PDOL,GO:2001233,regulation of apoptotic signaling pathway,25,-0.5643474644271965,0.41709205869866117,0.36426357364263573,0.8514559823247387,False
GO_BP,PDOL,GO:2001234,negative regulation of apoptotic signaling pathway,21,-0.20137480591429333,0.6315320064046752,0.29917008299170084,0.8514559823247387,False
GO_BP,PDOL,GO:2001236,regulation of extrinsic apoptotic signaling pathway,13,-0.24030473178281095,0.7953043623904571,0.25477452254774524,0.8514559823247387,False
GO_BP,PDOL,GO:2001237,negative regulation of extrinsic apoptotic signaling pathway,12,0.008932197081398432,1.0534948058784623,0.19708029197080293,0.8514559823247387,False
GO_BP,PDOL,GO:2001239,regulation of extrinsic apoptotic signaling pathway in absence of ligand,7,-0.813979489240284,0.2524258400361604,0.37596240375962403,0.8514559823247387,False
GO_BP,PDOL,GO:2001240,negative regulation of extrinsic apoptotic signaling pathway in absence of ligand,7,-0.813979489240284,0.2524258400361604,0.37596240375962403,0.8514559823247387,False
GO_BP,PDOL,GO:2001242,regulation of intrinsic apoptotic signaling pathway,18,-1.2539500118272582,-0.34393625552104135,0.6022397760223978,0.8514559823247387,False
GO_BP,PDOL,GO:2001243,negative regulation of intrinsic apoptotic signaling pathway,14,-0.902667526935661,-0.15912457088031684,0.5417458254174583,0.8514559823247387,False
GO_BP,PDOL,GO:2001251,negative regulation of chromosome organization,6,-1.0233886022822183,-0.3551070993332879,0.5862413758624138,0.8514559823247387,False
GO_BP,PDOL,GO:2001252,positive regulation of chromosome organization,8,-0.31622009668077844,-0.34036130153599387,0.5882411758824118,0.8514559823247387,False
GO_BP,PHOL,GO:0000086,G2/M transition of mitotic cell cycle,6,-0.5316841530983256,-0.30363161330596805,0.6040395960403959,0.8514559823247387,False
GO_BP,PHOL,GO:0000122,negative regulation of transcription by RNA polymerase II,42,1.9957847350675608,0.9684233802494928,0.21707829217078292,0.8514559823247387,False
GO_BP,PHOL,GO:0000165,MAPK cascade,13,-1.1235449905433972,-0.9432586378795806,0.7755224477552245,0.8819161804975684,False
GO_BP,PHOL,GO:0000209,protein polyubiquitination,6,1.9840114872681802,0.45486383111283746,0.3428657134286571,0.8514559823247387,False
GO_BP,PHOL,GO:0000226,microtubule cytoskeleton organization,12,0.303180884990982,-0.2591801417660165,0.5578442155784421,0.8514559823247387,False
GO_BP,PHOL,GO:0000278,mitotic cell cycle,20,0.05869192027153979,0.17422389767958396,0.38216178382161786,0.8514559823247387,False
GO_BP,PHOL,GO:0000280,nuclear division,6,-0.22563554665944413,-0.18919055881876382,0.5326467353264673,0.8514559823247387,False
GO_BP,PHOL,GO:0000302,response to reactive oxygen species,18,-0.8470878093251276,-0.3364949848734332,0.5837416258374163,0.8514559823247387,False
GO_BP,PHOL,GO:0000723,telomere maintenance,7,-0.07454133663045931,0.33880470294439385,0.34366563343665635,0.8514559823247387,False
GO_BP,PHOL,GO:0000902,cell morphogenesis,12,-0.7767318442231288,-0.31057124054763247,0.5791420857914209,0.8514559823247387,False
GO_BP,PHOL,GO:0001101,response to acid chemical,10,-0.9065498772700068,-0.43504376398234046,0.6274372562743725,0.8514559823247387,False
GO_BP,PHOL,GO:0001501,skeletal system development,8,-1.5387051520956292,-0.6426594684901843,0.6873312668733127,0.8571037380674403,False
GO_BP,PHOL,GO:0001503,ossification,11,-1.1357661533487349,-0.4155864629063801,0.6214378562143785,0.8514559823247387,False
GO_BP,PHOL,GO:0001508,action potential,6,0.7585550271858472,1.062951716958465,0.18838116188381163,0.8514559823247387,False
GO_BP,PHOL,GO:0001516,prostaglandin biosynthetic process,6,-0.5782399598558667,0.09172098166411136,0.39766023397660233,0.8514559823247387,False
GO_BP,PHOL,GO:0001523,retinoid metabolic process,16,1.5845366592497738,0.4260450081814222,0.34196580341965804,0.8514559823247387,False
GO_BP,PHOL,GO:0001525,angiogenesis,12,-0.4167291191180418,-0.3550294117724371,0.5925407459254075,0.8514559823247387,False
GO_BP,PHOL,GO:0001558,regulation of cell growth,18,-0.7885607348270809,-0.40983537497630246,0.6128387161283871,0.8514559823247387,False
GO_BP,PHOL,GO:0001568,blood vessel development,16,-0.7089657848563202,-0.09956536998671472,0.49755024497550243,0.8514559823247387,False
GO_BP,PHOL,GO:0001649,osteoblast differentiation,6,-1.2549640533838748,-0.3149204565687308,0.5803419658034197,0.8514559823247387,False
GO_BP,PHOL,GO:0001654,eye development,12,-1.0947179293657687,0.35929228437279037,0.30956904309569044,0.8514559823247387,False
GO_BP,PHOL,GO:0001659,temperature homeostasis,6,-1.9364960948074603,-0.936975814005728,0.7866213378662134,0.8846608134575591,False
GO_BP,PHOL,GO:0001666,response to hypoxia,28,-1.0621762764515361,-0.4698794220936455,0.6380361963803619,0.8514559823247387,False
GO_BP,PHOL,GO:0001667,ameboidal-type cell migration,7,-1.3534521738215912,-0.539769024920508,0.667033296670333,0.8533864520334556,False
GO_BP,PHOL,GO:0001676,long-chain fatty acid metabolic process,22,-0.5988977027695238,-0.6369438070924158,0.6791320867913209,0.8539237155845091,False
GO_BP,PHOL,GO:0001678,intracellular glucose homeostasis,7,0.5719793257427181,0.6397983620787686,0.2582741725827417,0.8514559823247387,False
GO_BP,PHOL,GO:0001775,cell activation,33,-0.24228241923553168,-0.005292658568481101,0.48585141485851413,0.8514559823247387,False
GO_BP,PHOL,GO:0001817,regulation of cytokine production,46,0.11043472875111268,0.3770255270644739,0.35126487351264873,0.8514559823247387,False
GO_BP,PHOL,GO:0001818,negative regulation of cytokine production,15,0.9129136123605717,0.6685351526438041,0.27247275272472754,0.8514559823247387,False
GO_BP,PHOL,GO:0001819,positive regulation of cytokine production,33,-0.6892925262439862,0.0775676668168066,0.44695530446955306,0.8514559823247387,False
GO_BP,PHOL,GO:0001822,kidney development,6,-1.738214821269823,-1.1487727017489828,0.8367163283671633,0.9046662901277439,False
GO_BP,PHOL,GO:0001889,liver development,8,2.1654951984949826,2.2308207198838295,0.0484951504849515,0.8514559823247387,False
GO_BP,PHOL,GO:0001890,placenta development,6,-0.226615091066205,0.059872361285227466,0.44645535446455353,0.8514559823247387,False
GO_BP,PHOL,GO:0001894,tissue homeostasis,9,0.3465920616659962,0.47961711715035943,0.30346965303469653,0.8514559823247387,False
GO_BP,PHOL,GO:0001906,cell killing,5,1.2498260736205216,0.45834573977846405,0.29457054294570545,0.8514559823247387,False
GO_BP,PHOL,GO:0001932,regulation of protein phosphorylation,22,-1.4270195903745841,-1.3655447729268946,0.8747125287471252,0.924701747128201,False
GO_BP,PHOL,GO:0001934,positive regulation of protein phosphorylation,19,-1.8606300479779228,-1.2053931224004883,0.8398160183981602,0.9064570721351101,False
GO_BP,PHOL,GO:0001936,regulation of endothelial cell proliferation,12,-0.5008656279155586,-0.09041715578087905,0.49575042495750427,0.8514559823247387,False
GO_BP,PHOL,GO:0001938,positive regulation of endothelial cell proliferation,10,-0.7417955928571629,-0.2833266461937021,0.5722427757224278,0.8514559823247387,False
GO_BP,PHOL,GO:0001944,vasculature development,17,-0.7178929529308199,-0.16774930314792835,0.5282471752824718,0.8514559823247387,False
GO_BP,PHOL,GO:0001952,regulation of cell-matrix adhesion,13,-1.3184638921342,-0.5660613003052543,0.6801319868013199,0.8539237155845091,False
GO_BP,PHOL,GO:0001954,positive regulation of cell-matrix adhesion,7,-0.8203309153831915,-0.37167870307965123,0.6205379462053795,0.8514559823247387,False
GO_BP,PHOL,GO:0001959,regulation of cytokine-mediated signaling pathway,14,0.26650028215881905,-0.028516663072388204,0.4938506149385061,0.8514559823247387,False
GO_BP,PHOL,GO:0001960,negative regulation of cytokine-mediated signaling pathway,6,0.005666901983069561,-0.020849645644710656,0.47395260473952605,0.8514559823247387,False
GO_BP,PHOL,GO:0001963,"synaptic transmission, dopaminergic",8,1.2044631337105736,1.172209801088108,0.1668833116688331,0.8514559823247387,False
GO_BP,PHOL,GO:0001964,startle response,5,-0.2523999893365282,-0.2036631317131654,0.5674432556744325,0.8514559823247387,False
GO_BP,PHOL,GO:0001975,response to amphetamine,6,-0.674336517161276,-0.7082100215711096,0.7317268273172682,0.865541952249051,False
GO_BP,PHOL,GO:0002009,morphogenesis of an epithelium,6,-1.5331588982368884,-0.42250816696752946,0.6236376362363764,0.8514559823247387,False
GO_BP,PHOL,GO:0002027,regulation of heart rate,11,-0.4023580851867711,-0.32413019872093735,0.577942205779422,0.8514559823247387,False
GO_BP,PHOL,GO:0002040,sprouting angiogenesis,5,-1.4641630373728678,-0.9388572268529431,0.807019298070193,0.895099115680849,False
GO_BP,PHOL,GO:0002064,epithelial cell development,5,-1.1838668090106403,0.09505187685550931,0.41115888411158885,0.8514559823247387,False
GO_BP,PHOL,GO:0002090,regulation of receptor internalization,5,-0.5774702467823413,0.30478065331329984,0.3628637136286371,0.8514559823247387,False
GO_BP,PHOL,GO:0002218,activation of innate immune response,12,-0.3150663554046037,0.512258387021995,0.31026897310268975,0.8514559823247387,False
GO_BP,PHOL,GO:0002220,innate immune response activating cell surface receptor signaling pathway,8,-0.5841025019164536,0.5511396998869078,0.28687131286871315,0.8514559823247387,False
GO_BP,PHOL,GO:0002221,pattern recognition receptor signaling pathway,8,0.39609167660306266,0.8940227695561818,0.202979702029797,0.8514559823247387,False
GO_BP,PHOL,GO:0002223,stimulatory C-type lectin receptor signaling pathway,5,-1.0042309402946608,0.1393280074203911,0.40445955404459555,0.8514559823247387,False
GO_BP,PHOL,GO:0002224,toll-like receptor signaling pathway,5,0.640820025131033,0.9197743676613241,0.2233776622337766,0.8514559823247387,False
GO_BP,PHOL,GO:0002237,response to molecule of bacterial origin,27,0.7782992190242415,-0.01847266370280387,0.4764523547645235,0.8514559823247387,False
GO_BP,PHOL,GO:0002250,adaptive immune response,5,-0.6639833784511003,0.04395446817696558,0.45395460453954606,0.8514559823247387,False
GO_BP,PHOL,GO:0002252,immune effector process,12,-0.1308988371234746,0.3608803224098505,0.36576342365763426,0.8514559823247387,False
GO_BP,PHOL,GO:0002253,activation of immune response,24,-0.6285053323050888,-0.11417658081840021,0.5193480651934806,0.8514559823247387,False
GO_BP,PHOL,GO:0002262,myeloid cell homeostasis,5,1.191095342692658,0.39104328288695944,0.37236276372362764,0.8514559823247387,False
GO_BP,PHOL,GO:0002263,cell activation involved in immune response,8,0.11429736821837332,0.658595304911236,0.28747125287471254,0.8514559823247387,False
GO_BP,PHOL,GO:0002274,myeloid leukocyte activation,9,0.6158243864316828,0.2785142571170922,0.39266073392660733,0.8514559823247387,False
GO_BP,PHOL,GO:0002366,leukocyte activation involved in immune response,7,0.29544815394142077,0.753645575659176,0.25407459254074594,0.8514559823247387,False
GO_BP,PHOL,GO:0002376,immune system process,71,-0.5701496031029738,-0.17942786280528594,0.537946205379462,0.8514559823247387,False
GO_BP,PHOL,GO:0002429,immune response-activating cell surface receptor signaling pathway,20,-0.8120666501790962,-0.11513068736897003,0.5201479852014799,0.8514559823247387,False
GO_BP,PHOL,GO:0002431,Fc receptor mediated stimulatory signaling pathway,8,-0.8085865151569686,-0.07244626833051693,0.49075092490750927,0.8514559823247387,False
GO_BP,PHOL,GO:0002443,leukocyte mediated immunity,6,-1.1993568999349482,-1.0285090213930705,0.8106189381061893,0.8972792408554793,False
GO_BP,PHOL,GO:0002444,myeloid leukocyte mediated immunity,5,-1.2450988091743203,-1.0372680056012669,0.8082191780821918,0.8961065513917692,False
GO_BP,PHOL,GO:0002521,leukocyte differentiation,19,-0.23952599191068744,0.38555966758980864,0.36896310368963103,0.8514559823247387,False
GO_BP,PHOL,GO:0002573,myeloid leukocyte differentiation,11,-0.46755081130546505,0.1458357639102349,0.4353564643535646,0.8514559823247387,False
GO_BP,PHOL,GO:0002673,regulation of acute inflammatory response,5,-0.9100957865149669,-0.11531473442370999,0.5033496650334967,0.8514559823247387,False
GO_BP,PHOL,GO:0002682,regulation of immune system process,72,-0.6678788153018755,-0.5582750599288913,0.6556344365563443,0.8514559823247387,False
GO_BP,PHOL,GO:0002683,negative regulation of immune system process,25,-0.5702830312739099,-0.2214651041852535,0.5342465753424658,0.8514559823247387,False
GO_BP,PHOL,GO:0002684,positive regulation of immune system process,49,-0.6416261602708837,-0.3488927173562949,0.5971402859714029,0.8514559823247387,False
GO_BP,PHOL,GO:0002685,regulation of leukocyte migration,11,-0.2659726115667667,-0.08844386095299028,0.49945005499450057,0.8514559823247387,False
GO_BP,PHOL,GO:0002687,positive regulation of leukocyte migration,7,0.45434617811142397,0.22320063032659104,0.3955604439556044,0.8514559823247387,False
GO_BP,PHOL,GO:0002688,regulation of leukocyte chemotaxis,7,0.25365924860155525,-0.04103886254005423,0.47495250474952505,0.8514559823247387,False
GO_BP,PHOL,GO:0002690,positive regulation of leukocyte chemotaxis,5,0.6559117609066788,0.18039271743720314,0.40685931406859316,0.8514559823247387,False
GO_BP,PHOL,GO:0002694,regulation of leukocyte activation,21,-0.9523107457288237,-0.671076401460119,0.7032296770322968,0.8577312714389234,False
GO_BP,PHOL,GO:0002695,negative regulation of leukocyte activation,8,0.6026052720210701,-0.5586036778890678,0.6712328767123288,0.8539237155845091,False
GO_BP,PHOL,GO:0002696,positive regulation of leukocyte activation,17,-1.1781146537748923,-0.3024032478691303,0.5774422557744225,0.8514559823247387,False
GO_BP,PHOL,GO:0002697,regulation of immune effector process,11,-0.10033047150361178,0.3176672215664446,0.36006399360063995,0.8514559823247387,False
GO_BP,PHOL,GO:0002699,positive regulation of immune effector process,7,-0.14617627505567005,-0.007297946986888543,0.4991500849915009,0.8514559823247387,False
GO_BP,PHOL,GO:0002703,regulation of leukocyte mediated immunity,7,-0.7069742681083083,0.13828797975431717,0.41775822417758224,0.8514559823247387,False
GO_BP,PHOL,GO:0002752,cell surface pattern recognition receptor signaling pathway,5,0.16390490259855284,0.8718289943738321,0.18838116188381163,0.8514559823247387,False
GO_BP,PHOL,GO:0002757,immune response-activating signaling pathway,23,-0.6513714801842071,-0.06603662581437753,0.5045495450454954,0.8514559823247387,False
GO_BP,PHOL,GO:0002758,innate immune response-activating signaling pathway,11,-0.3474083324815941,0.5793686212803049,0.2882711728827117,0.8514559823247387,False
GO_BP,PHOL,GO:0002764,immune response-regulating signaling pathway,26,-0.8808523522993666,-0.17357515838153692,0.5401459854014599,0.8514559823247387,False
GO_BP,PHOL,GO:0002768,immune response-regulating cell surface receptor signaling pathway,23,-1.0477289997797428,-0.21954418280194377,0.5525447455254474,0.8514559823247387,False
GO_BP,PHOL,GO:0002791,regulation of peptide secretion,16,-0.0934341175196396,-0.3515917689219301,0.5952404759524048,0.8514559823247387,False
GO_BP,PHOL,GO:0002792,negative regulation of peptide secretion,5,-0.7181800581717586,-0.07271987221605913,0.46455354464553544,0.8514559823247387,False
GO_BP,PHOL,GO:0002793,positive regulation of peptide secretion,8,-0.34964128876739436,-0.3188787038527282,0.5822417758224178,0.8514559823247387,False
GO_BP,PHOL,GO:0002831,regulation of response to biotic stimulus,36,-0.44125548926721403,0.10860431418269179,0.45265473452654736,0.8514559823247387,False
GO_BP,PHOL,GO:0002832,negative regulation of response to biotic stimulus,8,0.2291547634821834,0.35173963322134577,0.3544645535446455,0.8514559823247387,False
GO_BP,PHOL,GO:0002833,positive regulation of response to biotic stimulus,19,-0.6192721886072248,0.13682452991340022,0.43565643435656437,0.8514559823247387,False
GO_BP,PHOL,GO:0002861,regulation of inflammatory response to antigenic stimulus,5,-1.1543080681476527,0.05534726807627921,0.44245575442455753,0.8514559823247387,False
GO_BP,PHOL,GO:0002933,lipid hydroxylation,5,0.9288859022596441,0.10900510336424318,0.4213578642135786,0.8514559823247387,False
GO_BP,PHOL,GO:0003006,developmental process involved in reproduction,15,0.5322695601987966,0.21261924280462613,0.39116088391160886,0.8514559823247387,False
GO_BP,PHOL,GO:0003007,heart morphogenesis,6,-0.8925732822649732,-0.5340615252431173,0.6638336166383362,0.852925961864423,False
GO_BP,PHOL,GO:0003008,system process,111,-1.1501964350747156,-0.6529157704587479,0.7012298770122988,0.8574464587439561,False
GO_BP,PHOL,GO:0003012,muscle system process,20,-0.496178006534075,-0.6615016225549554,0.7023297670232976,0.8574464587439561,False
GO_BP,PHOL,GO:0003013,circulatory system process,65,-1.0495330236471052,-0.18087907441557038,0.5460453954604539,0.8514559823247387,False
GO_BP,PHOL,GO:0003014,renal system process,12,0.29622748922322667,0.3998022676387577,0.32156784321567844,0.8514559823247387,False
GO_BP,PHOL,GO:0003015,heart process,7,0.29113869589052754,0.3736997644953077,0.3531646835316468,0.8514559823247387,False
GO_BP,PHOL,GO:0003018,vascular process in circulatory system,47,-1.1619839864447208,-0.1378681499550689,0.5304469553044695,0.8514559823247387,False
GO_BP,PHOL,GO:0003044,regulation of systemic arterial blood pressure mediated by a chemical signal,6,-0.6950339860678967,0.28260252463578206,0.36076392360763926,0.8514559823247387,False
GO_BP,PHOL,GO:0003073,regulation of systemic arterial blood pressure,10,-0.6014809102474353,-0.5662730258293781,0.6747325267473253,0.8539237155845091,False
GO_BP,PHOL,GO:0005975,carbohydrate metabolic process,16,-0.1888713987591582,0.23137533055367615,0.37596240375962403,0.8514559823247387,False
GO_BP,PHOL,GO:0005996,monosaccharide metabolic process,6,0.5680975495918765,0.04680942189552251,0.43275672432756723,0.8514559823247387,False
GO_BP,PHOL,GO:0006066,alcohol metabolic process,27,0.1542627405112607,-0.4298054010038271,0.6131386861313869,0.8514559823247387,False
GO_BP,PHOL,GO:0006081,aldehyde metabolic process,5,-0.7665696616360244,0.09714964430801798,0.41045895410458955,0.8514559823247387,False
GO_BP,PHOL,GO:0006091,generation of precursor metabolites and energy,8,0.07137095123944727,-0.0019310932976050327,0.47385261473852613,0.8514559823247387,False
GO_BP,PHOL,GO:0006109,regulation of carbohydrate metabolic process,11,-1.0148767946708341,-0.35958533093137424,0.6059394060593941,0.8514559823247387,False
GO_BP,PHOL,GO:0006110,regulation of glycolytic process,6,-0.8637142465603158,0.05895622422739655,0.45825417458254175,0.8514559823247387,False
GO_BP,PHOL,GO:0006139,nucleobase-containing compound metabolic process,53,0.30198882910712194,0.08677462353572551,0.44845515448455153,0.8514559823247387,False
GO_BP,PHOL,GO:0006140,regulation of nucleotide metabolic process,10,-0.760985898575861,0.24567095229118607,0.40155984401559847,0.8514559823247387,False
GO_BP,PHOL,GO:0006163,purine nucleotide metabolic process,14,-0.48762499370281903,0.05169388607383846,0.4353564643535646,0.8514559823247387,False
GO_BP,PHOL,GO:0006195,purine nucleotide catabolic process,8,-0.565653268622018,0.34343532866672266,0.29747025297470253,0.8514559823247387,False
GO_BP,PHOL,GO:0006259,DNA metabolic process,22,0.4094514801399831,0.16316280705271516,0.42855714428557146,0.8514559823247387,False
GO_BP,PHOL,GO:0006260,DNA replication,11,1.767024889186045,0.1482131047249764,0.43515648435156484,0.8514559823247387,False
GO_BP,PHOL,GO:0006261,DNA-templated DNA replication,6,0.36303538475476055,-0.010785170064561256,0.48395160483951605,0.8514559823247387,False
GO_BP,PHOL,GO:0006281,DNA repair,12,0.6127085418438245,0.23415067093121583,0.39466053394660533,0.8514559823247387,False
GO_BP,PHOL,GO:0006282,regulation of DNA repair,14,0.20298765719082448,-0.39783351471298734,0.6145385461453855,0.8514559823247387,False
GO_BP,PHOL,GO:0006302,double-strand break repair,9,1.5188883097677537,0.33825730879188054,0.3702629737026297,0.8514559823247387,False
GO_BP,PHOL,GO:0006325,chromatin organization,37,1.5968135422873353,0.9373927895634488,0.22127787221277873,0.8514559823247387,False
GO_BP,PHOL,GO:0006338,chromatin remodeling,35,1.3651415948751588,0.5518921738480398,0.31916808319168083,0.8514559823247387,False
GO_BP,PHOL,GO:0006351,DNA-templated transcription,14,1.5947697427406122,1.029149464744663,0.19968003199680032,0.8514559823247387,False
GO_BP,PHOL,GO:0006352,DNA-templated transcription initiation,5,0.702529220778321,0.6888897488257716,0.2628737126287371,0.8514559823247387,False
GO_BP,PHOL,GO:0006355,regulation of DNA-templated transcription,81,0.5832967896634222,0.3285091798226897,0.3945605439456054,0.8514559823247387,False
GO_BP,PHOL,GO:0006357,regulation of transcription by RNA polymerase II,64,1.3672592411665572,0.6256579828090637,0.30986901309869014,0.8514559823247387,False
GO_BP,PHOL,GO:0006366,transcription by RNA polymerase II,12,1.363951493324409,0.87658875899498,0.23127687231276872,0.8514559823247387,False
GO_BP,PHOL,GO:0006367,transcription initiation at RNA polymerase II promoter,5,0.702529220778321,0.6888897488257716,0.2628737126287371,0.8514559823247387,False
GO_BP,PHOL,GO:0006396,RNA processing,5,-0.4886173564536408,-0.33623534888846435,0.597940205979402,0.8514559823247387,False
GO_BP,PHOL,GO:0006417,regulation of translation,7,-0.03245650004828261,0.31102085080810626,0.36746325367463256,0.8514559823247387,False
GO_BP,PHOL,GO:0006457,protein folding,5,-0.6740257817760792,-0.5642280637466937,0.676932306769323,0.8539237155845091,False
GO_BP,PHOL,GO:0006468,protein phosphorylation,43,-2.2564909542133966,-1.1393006888499924,0.8247175282471753,0.9015832824566177,False
GO_BP,PHOL,GO:0006470,protein dephosphorylation,7,3.2610397823818125,1.275854010151364,0.1523847615238476,0.8514559823247387,False
GO_BP,PHOL,GO:0006508,proteolysis,22,-1.5062465591183833,-0.14619644342848104,0.5086491350864913,0.8514559823247387,False
GO_BP,PHOL,GO:0006511,ubiquitin-dependent protein catabolic process,5,0.5677581035206131,-0.36810636444499734,0.6095390460953904,0.8514559823247387,False
GO_BP,PHOL,GO:0006575,modified amino acid metabolic process,5,-0.846178252927676,-0.14424078041047683,0.5170482951704829,0.8514559823247387,False
GO_BP,PHOL,GO:0006576,biogenic amine metabolic process,10,-0.1344875446668591,-0.25575435222151566,0.5602439756024398,0.8514559823247387,False
GO_BP,PHOL,GO:0006584,catecholamine metabolic process,9,-0.19236059120441615,-0.18972706856132385,0.5364463553644635,0.8514559823247387,False
GO_BP,PHOL,GO:0006629,lipid metabolic process,70,1.0502445549641297,0.4340699642399437,0.38046195380461956,0.8514559823247387,False
GO_BP,PHOL,GO:0006631,fatty acid metabolic process,37,-0.4939976582603239,-0.5501766764086586,0.6557344265573443,0.8514559823247387,False
GO_BP,PHOL,GO:0006633,fatty acid biosynthetic process,20,-0.5294091366433715,-0.3219167691588623,0.5771422857714229,0.8514559823247387,False
GO_BP,PHOL,GO:0006636,unsaturated fatty acid biosynthetic process,10,-0.5981540222125574,0.06286108520840938,0.4183581641835816,0.8514559823247387,False
GO_BP,PHOL,GO:0006638,neutral lipid metabolic process,5,0.9575681726710426,0.7415304758238073,0.26107389261073893,0.8514559823247387,False
GO_BP,PHOL,GO:0006639,acylglycerol metabolic process,5,0.9575681726710426,0.7415304758238073,0.26107389261073893,0.8514559823247387,False
GO_BP,PHOL,GO:0006641,triglyceride metabolic process,5,0.9575681726710426,0.7415304758238073,0.26107389261073893,0.8514559823247387,False
GO_BP,PHOL,GO:0006644,phospholipid metabolic process,9,0.18621470284104238,-0.39534557676157533,0.6352364763523648,0.8514559823247387,False
GO_BP,PHOL,GO:0006650,glycerophospholipid metabolic process,6,0.06690688189517538,-0.4856996154144727,0.7016298370162983,0.8574464587439561,False
GO_BP,PHOL,GO:0006665,sphingolipid metabolic process,5,-0.20577717408059643,0.5659144128189277,0.3164683531646835,0.8514559823247387,False
GO_BP,PHOL,GO:0006690,icosanoid metabolic process,31,-1.0727365965524822,-0.5284540279488419,0.6457354264573543,0.8514559823247387,False
GO_BP,PHOL,GO:0006692,prostanoid metabolic process,13,-0.389808719194568,-0.14976452328412465,0.5061493850614939,0.8514559823247387,False
GO_BP,PHOL,GO:0006693,prostaglandin metabolic process,12,-0.3995505535509074,-0.4066077191863686,0.6123387661233877,0.8514559823247387,False
GO_BP,PHOL,GO:0006694,steroid biosynthetic process,11,0.9051968792181961,-0.6941144017863357,0.7297270272972702,0.8651444885906546,False
GO_BP,PHOL,GO:0006706,steroid catabolic process,6,0.07407333479331694,-0.32893814652837833,0.5827417258274172,0.8514559823247387,False
GO_BP,PHOL,GO:0006720,isoprenoid metabolic process,21,1.448720294210331,0.308104496217499,0.38716128387161286,0.8514559823247387,False
GO_BP,PHOL,GO:0006721,terpenoid metabolic process,21,1.448720294210331,0.308104496217499,0.38716128387161286,0.8514559823247387,False
GO_BP,PHOL,GO:0006753,nucleoside phosphate metabolic process,16,-0.707219924552059,0.07060136407920914,0.42975702429757023,0.8514559823247387,False
GO_BP,PHOL,GO:0006778,porphyrin-containing compound metabolic process,6,3.6736976002480577,2.5252121460452277,0.046495350464953504,0.8514559823247387,False
GO_BP,PHOL,GO:0006787,porphyrin-containing compound catabolic process,5,4.449868428911914,2.6329069432298113,0.046495350464953504,0.8514559823247387,False
GO_BP,PHOL,GO:0006790,sulfur compound metabolic process,6,-1.4076345616435562,-0.28697539483673595,0.5707429257074292,0.8514559823247387,False
GO_BP,PHOL,GO:0006793,phosphorus metabolic process,25,-0.4107411741228702,-0.1389083718503485,0.5065493450654934,0.8514559823247387,False
GO_BP,PHOL,GO:0006796,phosphate-containing compound metabolic process,51,-1.5365704486389602,-0.9273424545061527,0.7724227577242275,0.8799752936098795,False
GO_BP,PHOL,GO:0006805,xenobiotic metabolic process,34,1.8117629889997864,0.7351195113074203,0.25437456254374563,0.8514559823247387,False
GO_BP,PHOL,GO:0006810,transport,115,0.6568896639885481,0.8414322918234335,0.23927607239276072,0.8514559823247387,False
GO_BP,PHOL,GO:0006811,monoatomic ion transport,36,0.5361499296272455,1.1017267782266988,0.18818118188181182,0.8514559823247387,False
GO_BP,PHOL,GO:0006812,monoatomic cation transport,28,-0.5158837024870631,0.20361517302003562,0.4052594740525947,0.8514559823247387,False
GO_BP,PHOL,GO:0006814,sodium ion transport,8,-0.40437258988775543,0.07907793496283233,0.42485751424857515,0.8514559823247387,False
GO_BP,PHOL,GO:0006816,calcium ion transport,14,-0.5301411026687377,-0.26474647293179204,0.559044095590441,0.8514559823247387,False
GO_BP,PHOL,GO:0006820,monoatomic anion transport,5,2.1644860527063883,1.0568140029565456,0.15648435156484353,0.8514559823247387,False
GO_BP,PHOL,GO:0006821,chloride transport,5,2.1644860527063883,1.0568140029565456,0.15648435156484353,0.8514559823247387,False
GO_BP,PHOL,GO:0006836,neurotransmitter transport,9,-1.1232413160927341,0.11258721627304458,0.41085891410858916,0.8514559823247387,False
GO_BP,PHOL,GO:0006865,amino acid transport,7,-0.4678207946828545,0.834591768065744,0.1832816718328167,0.8514559823247387,False
GO_BP,PHOL,GO:0006869,lipid transport,24,1.9122467556878788,1.074234312631773,0.1852814718528147,0.8514559823247387,False
GO_BP,PHOL,GO:0006873,intracellular monoatomic ion homeostasis,20,0.011722006218556145,-0.6531380482702684,0.6954304569543046,0.8574464587439561,False
GO_BP,PHOL,GO:0006874,intracellular calcium ion homeostasis,15,-0.22504034453072652,-0.41001796299292226,0.6199380061993801,0.8514559823247387,False
GO_BP,PHOL,GO:0006886,intracellular protein transport,8,-1.1572657400151318,0.037811959371735426,0.45245475452454753,0.8514559823247387,False
GO_BP,PHOL,GO:0006897,endocytosis,27,-0.6472909137708016,-0.21260964515814368,0.5398460153984601,0.8514559823247387,False
GO_BP,PHOL,GO:0006898,receptor-mediated endocytosis,11,-0.09671881013761639,0.47347967138650016,0.29247075292470753,0.8514559823247387,False
GO_BP,PHOL,GO:0006909,phagocytosis,14,-0.7214329463568312,-0.38522862045960005,0.6157384261573843,0.8514559823247387,False
GO_BP,PHOL,GO:0006913,nucleocytoplasmic transport,5,-1.0390159547251223,0.3131404391393462,0.35496450354964504,0.8514559823247387,False
GO_BP,PHOL,GO:0006914,autophagy,8,-0.6678775714665797,-0.5857879476438593,0.6857314268573143,0.8564379499133531,False
GO_BP,PHOL,GO:0006915,apoptotic process,37,-1.0895595142293664,-0.07379020115104629,0.5063493650634937,0.8514559823247387,False
GO_BP,PHOL,GO:0006935,chemotaxis,24,-0.6339181733406823,-0.0704440721310251,0.4891510848915108,0.8514559823247387,False
GO_BP,PHOL,GO:0006936,muscle contraction,19,-0.4077929287582296,-0.54082845996769,0.6606339366063394,0.8514559823247387,False
GO_BP,PHOL,GO:0006937,regulation of muscle contraction,19,-1.343829809273644,-0.5728381044056627,0.6778322167783222,0.8539237155845091,False
GO_BP,PHOL,GO:0006939,smooth muscle contraction,9,-0.8487266942013126,-0.29994286009837356,0.5803419658034197,0.8514559823247387,False
GO_BP,PHOL,GO:0006940,regulation of smooth muscle contraction,12,-0.9559055266911951,-0.15356012418374,0.5221477852214779,0.8514559823247387,False
GO_BP,PHOL,GO:0006941,striated muscle contraction,8,0.9743868229124385,-0.1638202929484972,0.5585441455854414,0.8514559823247387,False
GO_BP,PHOL,GO:0006942,regulation of striated muscle contraction,9,-0.9054683352391493,-0.2597126384315016,0.5743425657434257,0.8514559823247387,False
GO_BP,PHOL,GO:0006950,response to stress,137,-1.1557374301982324,-0.67689209424562,0.698930106989301,0.8574464587439561,False
GO_BP,PHOL,GO:0006952,defense response,57,0.21566759001526484,0.3019821847454045,0.37696230376962303,0.8514559823247387,False
GO_BP,PHOL,GO:0006954,inflammatory response,30,0.24102337302773566,0.2556900666932095,0.3818618138186181,0.8514559823247387,False
GO_BP,PHOL,GO:0006955,immune response,39,0.2821942319163892,0.4714027988095268,0.33026697330266974,0.8514559823247387,False
GO_BP,PHOL,GO:0006959,humoral immune response,6,0.5864038543160262,0.1876812291765671,0.37636236376362364,0.8514559823247387,False
GO_BP,PHOL,GO:0006970,response to osmotic stress,5,0.11328685136528355,-0.17781102237508967,0.5503449655034497,0.8514559823247387,False
GO_BP,PHOL,GO:0006974,DNA damage response,26,0.3181087383048248,0.3378794748782276,0.3511648835116488,0.8514559823247387,False
GO_BP,PHOL,GO:0006979,response to oxidative stress,34,-1.4304986542075555,-0.20046569548556947,0.5353464653534646,0.8514559823247387,False
GO_BP,PHOL,GO:0006986,response to unfolded protein,7,0.16401732715988393,-1.2294792904104495,0.8488151184881512,0.9090285479461206,False
GO_BP,PHOL,GO:0006996,organelle organization,47,1.774172290628173,0.4530948011007043,0.35236476352364765,0.8514559823247387,False
GO_BP,PHOL,GO:0006997,nucleus organization,5,-0.3202284803739244,-0.17406300657781207,0.5445455454454554,0.8514559823247387,False
GO_BP,PHOL,GO:0006998,nuclear envelope organization,5,-0.3202284803739244,-0.17406300657781207,0.5445455454454554,0.8514559823247387,False
GO_BP,PHOL,GO:0007005,mitochondrion organization,9,-0.1379085114916443,0.31765180688127514,0.36306369363063695,0.8514559823247387,False
GO_BP,PHOL,GO:0007010,cytoskeleton organization,23,-0.35713611444414095,-0.6183231695344394,0.6826317368263174,0.8547845054980858,False
GO_BP,PHOL,GO:0007017,microtubule-based process,16,-0.13349764442671563,-0.12463584338026226,0.5237476252374762,0.8514559823247387,False
GO_BP,PHOL,GO:0007018,microtubule-based movement,5,0.08142940233541356,-0.14431423649203534,0.5198480151984801,0.8514559823247387,False
GO_BP,PHOL,GO:0007049,cell cycle,27,-0.07446642750757942,-0.018384189791689876,0.46755324467553244,0.8514559823247387,False
GO_BP,PHOL,GO:0007051,spindle organization,9,-0.9550170867476916,-0.3761477968879209,0.619038096190381,0.8514559823247387,False
GO_BP,PHOL,GO:0007052,mitotic spindle organization,6,-0.5736982510950521,-0.3063337869951904,0.5944405559444056,0.8514559823247387,False
GO_BP,PHOL,GO:0007059,chromosome segregation,9,-0.01576926150692974,0.3637559913355168,0.3474652534746525,0.8514559823247387,False
GO_BP,PHOL,GO:0007088,regulation of mitotic nuclear division,7,-1.1069636995046885,-0.7382880879791308,0.7318268173182682,0.865541952249051,False
GO_BP,PHOL,GO:0007155,cell adhesion,18,-0.9081958910285178,0.059367568738306176,0.44015598440155984,0.8514559823247387,False
GO_BP,PHOL,GO:0007162,negative regulation of cell adhesion,19,-1.4707595670220452,-0.7580184481774022,0.7346265373462654,0.8671001752283788,False
GO_BP,PHOL,GO:0007166,cell surface receptor signaling pathway,103,-2.2589173736432886,-0.8584886883802869,0.7552244775522448,0.8746185942705581,False
GO_BP,PHOL,GO:0007167,enzyme-linked receptor protein signaling pathway,47,-2.4068122879368037,-1.4940017688627039,0.8876112388761124,0.9336990829218965,False
GO_BP,PHOL,GO:0007169,cell surface receptor protein tyrosine kinase signaling pathway,42,-2.615603742624277,-1.6465170446987107,0.9121087891210878,0.9496391401322296,False
GO_BP,PHOL,GO:0007173,epidermal growth factor receptor signaling pathway,16,-1.6079131371058235,-1.1081321436439686,0.8192180781921807,0.9004087848612978,False
GO_BP,PHOL,GO:0007178,cell surface receptor protein serine/threonine kinase signaling pathway,7,-0.9016288569929155,0.11110555670444466,0.42445755424457554,0.8514559823247387,False
GO_BP,PHOL,GO:0007179,transforming growth factor beta receptor signaling pathway,6,-1.08986819910549,-0.029020701961308903,0.46665333466653336,0.8514559823247387,False
GO_BP,PHOL,GO:0007186,G protein-coupled receptor signaling pathway,91,-1.1746440201092283,-0.09917499882931624,0.5306469353064693,0.8514559823247387,False
GO_BP,PHOL,GO:0007187,"G protein-coupled receptor signaling pathway, coupled to cyclic nucleotide second messenger",26,0.0859732777681136,0.5273731041949807,0.3017698230176982,0.8514559823247387,False
GO_BP,PHOL,GO:0007188,adenylate cyclase-modulating G protein-coupled receptor signaling pathway,50,-1.1883843368540972,0.026442314937308087,0.48325167483251674,0.8514559823247387,False
GO_BP,PHOL,GO:0007189,adenylate cyclase-activating G protein-coupled receptor signaling pathway,20,0.49028791571183455,-0.14490299767408182,0.5268473152684732,0.8514559823247387,False
GO_BP,PHOL,GO:0007193,adenylate cyclase-inhibiting G protein-coupled receptor signaling pathway,35,-1.8483039362536837,0.35453798144997095,0.37996200379962003,0.8514559823247387,False
GO_BP,PHOL,GO:0007196,adenylate cyclase-inhibiting G protein-coupled glutamate receptor signaling pathway,6,-0.8936057253498333,0.17943516566337236,0.38136186381361864,0.8514559823247387,False
GO_BP,PHOL,GO:0007197,adenylate cyclase-inhibiting G protein-coupled acetylcholine receptor signaling pathway,8,-1.2855120850792199,-0.05765231010301752,0.4634536546345365,0.8514559823247387,False
GO_BP,PHOL,GO:0007198,adenylate cyclase-inhibiting serotonin receptor signaling pathway,6,-0.3021407402004962,0.4925219537423742,0.29687031296870314,0.8514559823247387,False
GO_BP,PHOL,GO:0007200,phospholipase C-activating G protein-coupled receptor signaling pathway,29,-0.811849963237551,0.030982541576098477,0.4624537546245375,0.8514559823247387,False
GO_BP,PHOL,GO:0007204,positive regulation of cytosolic calcium ion concentration,18,-0.6295086114248492,0.1082619922042849,0.44275572442755723,0.8514559823247387,False
GO_BP,PHOL,GO:0007210,serotonin receptor signaling pathway,9,0.2202331070753216,0.49369676706629007,0.33156684331566844,0.8514559823247387,False
GO_BP,PHOL,GO:0007212,G protein-coupled dopamine receptor signaling pathway,6,1.044401711100411,1.439070108851182,0.10388961103889612,0.8514559823247387,False
GO_BP,PHOL,GO:0007213,G protein-coupled acetylcholine receptor signaling pathway,8,-1.2855120850792199,-0.05765231010301752,0.4634536546345365,0.8514559823247387,False
GO_BP,PHOL,GO:0007215,glutamate receptor signaling pathway,16,-0.9837721477335063,0.7307507038754221,0.26907309269073093,0.8514559823247387,False
GO_BP,PHOL,GO:0007216,G protein-coupled glutamate receptor signaling pathway,7,-0.9411266952683471,0.19606960172763277,0.37796220377962203,0.8514559823247387,False
GO_BP,PHOL,GO:0007218,neuropeptide signaling pathway,6,-0.2461491517929502,0.4246115642840338,0.263973602639736,0.8514559823247387,False
GO_BP,PHOL,GO:0007254,JNK cascade,5,-0.6634355612857392,-0.22748932386492898,0.5512448755124487,0.8514559823247387,False
GO_BP,PHOL,GO:0007267,cell-cell signaling,75,0.5692888457940007,0.4791613139044171,0.34366563343665635,0.8514559823247387,False
GO_BP,PHOL,GO:0007268,chemical synaptic transmission,55,-0.5581306999585677,0.091035804688533,0.46915308469153083,0.8514559823247387,False
GO_BP,PHOL,GO:0007271,"synaptic transmission, cholinergic",5,-0.38940811587984414,-0.6086303070997955,0.6974302569743026,0.8574464587439561,False
GO_BP,PHOL,GO:0007275,multicellular organism development,115,0.15173737413297725,0.9609152888516082,0.20777922207779223,0.8514559823247387,False
GO_BP,PHOL,GO:0007276,gamete generation,5,0.8562147708963497,0.7421626061387558,0.2586741325867413,0.8514559823247387,False
GO_BP,PHOL,GO:0007346,regulation of mitotic cell cycle,22,-1.2959781879519294,-0.48332685883368876,0.6371362863713629,0.8514559823247387,False
GO_BP,PHOL,GO:0007399,nervous system development,62,-1.0148563854342327,-0.5265303187681598,0.658934106589341,0.8514559823247387,False
GO_BP,PHOL,GO:0007409,axonogenesis,7,0.031125894904245093,0.15383562374509538,0.40485951404859516,0.8514559823247387,False
GO_BP,PHOL,GO:0007411,axon guidance,5,-0.04523971100794163,0.1805228408949088,0.37936206379362064,0.8514559823247387,False
GO_BP,PHOL,GO:0007416,synapse assembly,5,1.4519014126413476,0.5531267143738616,0.29727027297270275,0.8514559823247387,False
GO_BP,PHOL,GO:0007417,central nervous system development,27,-0.10763188054137533,-0.09056012680284282,0.5024497550244975,0.8514559823247387,False
GO_BP,PHOL,GO:0007420,brain development,17,-0.2591454326305343,0.37564781922169904,0.31516848315168483,0.8514559823247387,False
GO_BP,PHOL,GO:0007423,sensory organ development,16,-0.8635007596197832,0.16837186336846566,0.385961403859614,0.8514559823247387,False
GO_BP,PHOL,GO:0007507,heart development,18,-0.8107065180372909,-0.5397832685176879,0.6596340365963403,0.8514559823247387,False
GO_BP,PHOL,GO:0007548,sex differentiation,10,0.5712688377620664,0.18637527424709033,0.3945605439456054,0.8514559823247387,False
GO_BP,PHOL,GO:0007565,female pregnancy,13,-1.283283026943555,-0.24154654285673338,0.5629437056294371,0.8514559823247387,False
GO_BP,PHOL,GO:0007584,response to nutrient,14,-1.132396718873986,0.02468146033341445,0.45465453454654536,0.8514559823247387,False
GO_BP,PHOL,GO:0007586,digestion,12,1.2899309973070825,0.742407465255116,0.22947705229477053,0.8514559823247387,False
GO_BP,PHOL,GO:0007589,body fluid secretion,6,-0.8791907622310384,-0.151708508064342,0.518048195180482,0.8514559823247387,False
GO_BP,PHOL,GO:0007596,blood coagulation,16,-1.4928809564779435,-0.49751980307115096,0.6419358064193581,0.8514559823247387,False
GO_BP,PHOL,GO:0007599,hemostasis,17,-1.5728031301312095,-0.5025295509612258,0.6476352364763523,0.8514559823247387,False
GO_BP,PHOL,GO:0007600,sensory perception,20,-0.7611873562653134,-0.4128436813736694,0.6095390460953904,0.8514559823247387,False
GO_BP,PHOL,GO:0007610,behavior,40,-0.769710461905573,-0.3132753385936791,0.5827417258274172,0.8514559823247387,False
GO_BP,PHOL,GO:0007611,learning or memory,23,-0.12547896886325327,-0.05508664504846761,0.5022497750224978,0.8514559823247387,False
GO_BP,PHOL,GO:0007612,learning,16,-0.2858782943116878,0.6768111787072242,0.2705729427057294,0.8514559823247387,False
GO_BP,PHOL,GO:0007613,memory,11,0.7683167348870407,0.6090247827749231,0.29077092290770923,0.8514559823247387,False
GO_BP,PHOL,GO:0007617,mating behavior,5,0.8340891053802628,0.8669503435698351,0.20457954204579543,0.8514559823247387,False
GO_BP,PHOL,GO:0007623,circadian rhythm,18,0.6148204449472189,0.08156159245185612,0.45645435456454353,0.8514559823247387,False
GO_BP,PHOL,GO:0007626,locomotory behavior,13,0.19359199650520814,0.5781789334509893,0.23827617238276172,0.8514559823247387,False
GO_BP,PHOL,GO:0007631,feeding behavior,7,-1.252640344171707,-0.33922671960948425,0.6014398560143985,0.8514559823247387,False
GO_BP,PHOL,GO:0007632,visual behavior,5,0.667620514794984,0.741371563217521,0.23017698230176983,0.8514559823247387,False
GO_BP,PHOL,GO:0008015,blood circulation,53,-1.0148130107256386,-0.348053603324034,0.5956404359564044,0.8514559823247387,False
GO_BP,PHOL,GO:0008016,regulation of heart contraction,21,-1.169146459835302,-0.4565626211496516,0.6312368763123688,0.8514559823247387,False
GO_BP,PHOL,GO:0008064,regulation of actin polymerization or depolymerization,6,0.037693196065826905,-0.3757090322105653,0.6611338866113389,0.8514559823247387,False
GO_BP,PHOL,GO:0008104,intracellular protein localization,25,-1.6751327447564455,-0.24161597902427667,0.5700429957004299,0.8514559823247387,False
GO_BP,PHOL,GO:0008202,steroid metabolic process,35,1.9280303046780247,0.5284885859400625,0.32286771322867713,0.8514559823247387,False
GO_BP,PHOL,GO:0008203,cholesterol metabolic process,12,0.7235619808295324,-0.3382916756671437,0.5922407759224078,0.8514559823247387,False
GO_BP,PHOL,GO:0008210,estrogen metabolic process,12,1.5922811520424538,0.8767461944697748,0.22177782221777823,0.8514559823247387,False
GO_BP,PHOL,GO:0008217,regulation of blood pressure,20,-0.7107788132535536,-0.28064297088797846,0.5700429957004299,0.8514559823247387,False
GO_BP,PHOL,GO:0008219,cell death,38,-0.9931014565191019,-0.1291110751107598,0.5256474352564744,0.8514559823247387,False
GO_BP,PHOL,GO:0008277,regulation of G protein-coupled receptor signaling pathway,14,0.46933976244740566,0.31150933651990687,0.38146185381461856,0.8514559823247387,False
GO_BP,PHOL,GO:0008283,cell population proliferation,16,-1.3755143482183152,-0.6822760643646983,0.7045295470452955,0.8588690492763695,False
GO_BP,PHOL,GO:0008284,positive regulation of cell population proliferation,60,-1.8375278638913382,-0.3526960323117061,0.5973402659734026,0.8514559823247387,False
GO_BP,PHOL,GO:0008285,negative regulation of cell population proliferation,33,0.3755193575190931,0.010150860189442279,0.45695430456954306,0.8514559823247387,False
GO_BP,PHOL,GO:0008286,insulin receptor signaling pathway,8,-0.790499457959837,-0.8321656162812353,0.7486251374862514,0.8730539854063435,False
GO_BP,PHOL,GO:0008306,associative learning,11,-0.019814175877909252,0.5816787634574639,0.2860713928607139,0.8514559823247387,False
GO_BP,PHOL,GO:0008360,regulation of cell shape,5,-1.0173669148490272,-0.534831470888347,0.6575342465753424,0.8514559823247387,False
GO_BP,PHOL,GO:0008361,regulation of cell size,6,0.5797039863401748,-0.27674581650759655,0.5657434256574343,0.8514559823247387,False
GO_BP,PHOL,GO:0008406,gonad development,8,0.2569850181959302,0.1592051978956786,0.40275972402759724,0.8514559823247387,False
GO_BP,PHOL,GO:0008542,visual learning,5,0.667620514794984,0.741371563217521,0.23017698230176983,0.8514559823247387,False
GO_BP,PHOL,GO:0008544,epidermis development,8,-0.9140410452941553,-0.13103565531560812,0.526047395260474,0.8514559823247387,False
GO_BP,PHOL,GO:0008584,male gonad development,5,1.0388898086554372,0.7401282351646213,0.23527647235276472,0.8514559823247387,False
GO_BP,PHOL,GO:0008585,female gonad development,5,-0.2967099818789391,-0.29763676086743196,0.5869413058694131,0.8514559823247387,False
GO_BP,PHOL,GO:0008589,regulation of smoothened signaling pathway,5,-0.33544209809430275,-0.6788071508183269,0.7163283671632836,0.863001957670695,False
GO_BP,PHOL,GO:0008593,regulation of Notch signaling pathway,5,-1.5655291138625413,-0.3216305870385061,0.5752424757524247,0.8514559823247387,False
GO_BP,PHOL,GO:0008610,lipid biosynthetic process,37,-0.3361018926193241,-0.3257168463703253,0.5814418558144185,0.8514559823247387,False
GO_BP,PHOL,GO:0008654,phospholipid biosynthetic process,7,0.17452869212895214,-0.38281586079567986,0.6319368063193681,0.8514559823247387,False
GO_BP,PHOL,GO:0009056,catabolic process,84,-0.1345737294864512,-0.03919204709314236,0.5114488551144886,0.8514559823247387,False
GO_BP,PHOL,GO:0009057,macromolecule catabolic process,22,-0.7281066756112999,-1.002147003821835,0.8064193580641936,0.895099115680849,False
GO_BP,PHOL,GO:0009058,biosynthetic process,98,-0.44301382334525025,-0.33409416248504775,0.5989401059894011,0.8514559823247387,False
GO_BP,PHOL,GO:0009059,macromolecule biosynthetic process,43,0.2901475185990318,0.46844364953415596,0.3250674932506749,0.8514559823247387,False
GO_BP,PHOL,GO:0009100,glycoprotein metabolic process,6,-1.2180419736503214,-0.09746595514789314,0.5067493250674933,0.8514559823247387,False
GO_BP,PHOL,GO:0009117,nucleotide metabolic process,14,-0.48762499370281903,0.05169388607383846,0.4353564643535646,0.8514559823247387,False
GO_BP,PHOL,GO:0009141,nucleoside triphosphate metabolic process,7,1.1554560982160293,1.1126788675730168,0.1825817418258174,0.8514559823247387,False
GO_BP,PHOL,GO:0009144,purine nucleoside triphosphate metabolic process,7,1.1554560982160293,1.1126788675730168,0.1825817418258174,0.8514559823247387,False
GO_BP,PHOL,GO:0009150,purine ribonucleotide metabolic process,12,-0.44656659683967576,0.14135250456220833,0.38766123387661233,0.8514559823247387,False
GO_BP,PHOL,GO:0009154,purine ribonucleotide catabolic process,8,-0.565653268622018,0.34343532866672266,0.29747025297470253,0.8514559823247387,False
GO_BP,PHOL,GO:0009166,nucleotide catabolic process,9,-0.45277994689561035,0.3757209046376094,0.2850714928507149,0.8514559823247387,False
GO_BP,PHOL,GO:0009205,purine ribonucleoside triphosphate metabolic process,7,1.1554560982160293,1.1126788675730168,0.1825817418258174,0.8514559823247387,False
GO_BP,PHOL,GO:0009259,ribonucleotide metabolic process,12,-0.44656659683967576,0.14135250456220833,0.38766123387661233,0.8514559823247387,False
GO_BP,PHOL,GO:0009261,ribonucleotide catabolic process,8,-0.565653268622018,0.34343532866672266,0.29747025297470253,0.8514559823247387,False
GO_BP,PHOL,GO:0009266,response to temperature stimulus,14,-0.3230917118262031,-0.8765978115347525,0.767023297670233,0.8787413464859231,False
GO_BP,PHOL,GO:0009267,cellular response to starvation,5,1.493229797575225,-0.7310734733793849,0.7253274672532747,0.8631638741129698,False
GO_BP,PHOL,GO:0009299,mRNA transcription,5,1.368851679709217,0.42063753040574625,0.31526847315268475,0.8514559823247387,False
GO_BP,PHOL,GO:0009308,amine metabolic process,12,-0.18904083999634685,-0.08366187671181269,0.5001499850014999,0.8514559823247387,False
GO_BP,PHOL,GO:0009311,oligosaccharide metabolic process,5,-0.7540475793559712,-0.5975740662197049,0.6903309669033096,0.8571076066617682,False
GO_BP,PHOL,GO:0009314,response to radiation,24,-0.7942946831829986,-0.2396802940211452,0.5489451054894511,0.8514559823247387,False
GO_BP,PHOL,GO:0009404,toxin metabolic process,7,0.0718855318939623,-0.4517063796648124,0.6351364863513649,0.8514559823247387,False
GO_BP,PHOL,GO:0009408,response to heat,9,-0.3691777176622999,-0.9744592341975689,0.7984201579842016,0.8903041075449283,False
GO_BP,PHOL,GO:0009410,response to xenobiotic stimulus,61,1.9215590908299884,1.189445411495336,0.16618338166183383,0.8514559823247387,False
GO_BP,PHOL,GO:0009411,response to UV,15,-1.2049815973340272,-0.16385590211198187,0.5208479152084792,0.8514559823247387,False
GO_BP,PHOL,GO:0009416,response to light stimulus,20,-0.9339498789833148,0.03773176388935251,0.45035496450354967,0.8514559823247387,False
GO_BP,PHOL,GO:0009581,detection of external stimulus,7,-0.2660451027951745,-0.4646834419005983,0.6781321867813219,0.8539237155845091,False
GO_BP,PHOL,GO:0009582,detection of abiotic stimulus,7,-0.2660451027951745,-0.4646834419005983,0.6781321867813219,0.8539237155845091,False
GO_BP,PHOL,GO:0009605,response to external stimulus,86,-0.8519211583384375,-0.47154366749713195,0.6324367563243676,0.8514559823247387,False
GO_BP,PHOL,GO:0009607,response to biotic stimulus,56,-0.40835548556352785,0.07439161035027336,0.45285471452854714,0.8514559823247387,False
GO_BP,PHOL,GO:0009611,response to wounding,31,-1.8041942731544824,-0.6371963319557252,0.6906309369063094,0.8571076066617682,False
GO_BP,PHOL,GO:0009612,response to mechanical stimulus,16,-0.2583753630255628,-0.4822126251671493,0.65003499650035,0.8514559823247387,False
GO_BP,PHOL,GO:0009615,response to virus,20,-0.3953124808825673,0.3116904396471133,0.3588641135886411,0.8514559823247387,False
GO_BP,PHOL,GO:0009617,response to bacterium,35,0.38393132985621636,-0.04299880474852802,0.49405059494050596,0.8514559823247387,False
GO_BP,PHOL,GO:0009628,response to abiotic stimulus,67,-0.914708337347771,-0.7987917774940032,0.7307269273072693,0.8653345191796611,False
GO_BP,PHOL,GO:0009636,response to toxic substance,23,-0.5609894128923393,-0.028769693318916434,0.4537546245375462,0.8514559823247387,False
GO_BP,PHOL,GO:0009653,anatomical structure morphogenesis,46,-1.6465732135481734,-0.18356969453114202,0.5448455154484552,0.8514559823247387,False
GO_BP,PHOL,GO:0009712,catechol-containing compound metabolic process,9,-0.19236059120441615,-0.18972706856132385,0.5364463553644635,0.8514559823247387,False
GO_BP,PHOL,GO:0009719,response to endogenous stimulus,95,1.6244946900374324,1.0166478326702513,0.19708029197080293,0.8514559823247387,False
GO_BP,PHOL,GO:0009725,response to hormone,78,1.157521814167247,1.014383602660477,0.19638036196380362,0.8514559823247387,False
GO_BP,PHOL,GO:0009743,response to carbohydrate,9,-0.11651850848949602,0.03545075564200437,0.45785421457854214,0.8514559823247387,False
GO_BP,PHOL,GO:0009746,response to hexose,7,0.006025170505968125,0.0566554026341021,0.45195480451954806,0.8514559823247387,False
GO_BP,PHOL,GO:0009749,response to glucose,5,-0.47581567959835147,-0.1644078907706094,0.5318468153184681,0.8514559823247387,False
GO_BP,PHOL,GO:0009755,hormone-mediated signaling pathway,20,0.9109742000729796,1.0462784905470248,0.1942805719428057,0.8514559823247387,False
GO_BP,PHOL,GO:0009790,embryo development,16,0.5246160348773321,0.6365232311782808,0.2927707229277072,0.8514559823247387,False
GO_BP,PHOL,GO:0009820,alkaloid metabolic process,7,-0.12274963918683854,-0.4254657820300054,0.6241375862413758,0.8514559823247387,False
GO_BP,PHOL,GO:0009822,alkaloid catabolic process,5,0.606596317295047,-0.3648891251102101,0.6204379562043796,0.8514559823247387,False
GO_BP,PHOL,GO:0009887,animal organ morphogenesis,18,-1.7263831994516263,-0.3288135830819623,0.593940605939406,0.8514559823247387,False
GO_BP,PHOL,GO:0009888,tissue development,47,-2.197440069718859,-0.15858395948555337,0.5267473252674733,0.8514559823247387,False
GO_BP,PHOL,GO:0009889,regulation of biosynthetic process,153,0.6828537581211962,0.17244226077276337,0.4266573342665733,0.8514559823247387,False
GO_BP,PHOL,GO:0009890,negative regulation of biosynthetic process,81,1.8464507081807302,0.7252681307096467,0.276972302769723,0.8514559823247387,False
GO_BP,PHOL,GO:0009891,positive regulation of biosynthetic process,109,0.4646351310831578,0.9191703147893882,0.21877812218778123,0.8514559823247387,False
GO_BP,PHOL,GO:0009892,negative regulation of metabolic process,107,2.25339575324878,1.06692757804116,0.1927807219278072,0.8514559823247387,False
GO_BP,PHOL,GO:0009893,positive regulation of metabolic process,137,-0.05548924470535944,0.5284836731667204,0.3190680931906809,0.8514559823247387,False
GO_BP,PHOL,GO:0009894,regulation of catabolic process,54,-1.2555048363994405,-0.6896971532628388,0.7078292170782922,0.8597562252599033,False
GO_BP,PHOL,GO:0009895,negative regulation of catabolic process,25,-1.5988335069975552,-0.37607800078758835,0.6080391960803919,0.8514559823247387,False
GO_BP,PHOL,GO:0009896,positive regulation of catabolic process,28,-1.534334320481989,-0.5231770222641443,0.6537346265373463,0.8514559823247387,False
GO_BP,PHOL,GO:0009966,regulation of signal transduction,150,-0.9968453480150997,-0.4631188605620077,0.6417358264173583,0.8514559823247387,False
GO_BP,PHOL,GO:0009967,positive regulation of signal transduction,111,-1.6266202299277004,-0.40110945897787476,0.6173382661733826,0.8514559823247387,False
GO_BP,PHOL,GO:0009968,negative regulation of signal transduction,66,0.04326898533319823,0.11149588452500575,0.44925507449255075,0.8514559823247387,False
GO_BP,PHOL,GO:0010001,glial cell differentiation,12,-0.3647450203515288,-0.7595964232596855,0.7424257574242575,0.8714704150352458,False
GO_BP,PHOL,GO:0010038,response to metal ion,20,0.06716195053481061,0.13057163916283082,0.42285771422857715,0.8514559823247387,False
GO_BP,PHOL,GO:0010039,response to iron ion,5,-0.5930319894743347,0.245119039531966,0.3782621737826217,0.8514559823247387,False
GO_BP,PHOL,GO:0010212,response to ionizing radiation,6,0.7022437496481425,-0.28283235892210623,0.5789421057894211,0.8514559823247387,False
GO_BP,PHOL,GO:0010232,vascular transport,11,-0.1836693263730487,0.14619317705838533,0.42185781421857815,0.8514559823247387,False
GO_BP,PHOL,GO:0010256,endomembrane system organization,8,-0.5399983197366752,-0.26351592961169196,0.5769423057694231,0.8514559823247387,False
GO_BP,PHOL,GO:0010332,response to gamma radiation,5,0.7261777499097423,-0.23826174810125733,0.5641435856414359,0.8514559823247387,False
GO_BP,PHOL,GO:0010389,regulation of G2/M transition of mitotic cell cycle,6,-0.47918483075035956,-0.10959857252670246,0.5269473052694731,0.8514559823247387,False
GO_BP,PHOL,GO:0010467,gene expression,38,0.3755606824670844,0.5308556077530036,0.30796920307969206,0.8514559823247387,False
GO_BP,PHOL,GO:0010468,regulation of gene expression,135,0.4589168672259928,0.008678432921733925,0.48305169483051696,0.8514559823247387,False
GO_BP,PHOL,GO:0010498,proteasomal protein catabolic process,6,0.5183564532680801,-0.43289681494915155,0.637036296370363,0.8514559823247387,False
GO_BP,PHOL,GO:0010506,regulation of autophagy,21,-1.2390411935172827,-0.21984481867581374,0.5580441955804419,0.8514559823247387,False
GO_BP,PHOL,GO:0010507,negative regulation of autophagy,11,-1.6390472044503894,-0.12843955267589013,0.5256474352564744,0.8514559823247387,False
GO_BP,PHOL,GO:0010508,positive regulation of autophagy,9,-0.5814089258106435,0.06642381261537811,0.4500549945005499,0.8514559823247387,False
GO_BP,PHOL,GO:0010543,regulation of platelet activation,7,-0.7390944399348258,0.02027979217754783,0.46135386461353867,0.8514559823247387,False
GO_BP,PHOL,GO:0010556,regulation of macromolecule biosynthetic process,141,0.6760264914738902,0.17609727026712713,0.4266573342665733,0.8514559823247387,False
GO_BP,PHOL,GO:0010557,positive regulation of macromolecule biosynthetic process,99,0.45532591823524166,1.0386640241430987,0.19168083191680832,0.8514559823247387,False
GO_BP,PHOL,GO:0010558,negative regulation of macromolecule biosynthetic process,77,1.9851073162182333,0.8614670259181083,0.24387561243875613,0.8514559823247387,False
GO_BP,PHOL,GO:0010562,positive regulation of phosphorus metabolic process,14,-0.6546862408521722,0.2894647742644275,0.39066093390660933,0.8514559823247387,False
GO_BP,PHOL,GO:0010564,regulation of cell cycle process,27,-1.3797818328990739,-0.28392770154995417,0.5733426657334266,0.8514559823247387,False
GO_BP,PHOL,GO:0010565,regulation of ketone metabolic process,14,2.5088641456840075,1.994058294959867,0.0598940105989401,0.8514559823247387,False
GO_BP,PHOL,GO:0010574,regulation of vascular endothelial growth factor production,6,-0.5755044443426285,0.5298379056154694,0.25507449255074494,0.8514559823247387,False
GO_BP,PHOL,GO:0010575,positive regulation of vascular endothelial growth factor production,6,-0.5755044443426285,0.5298379056154694,0.25507449255074494,0.8514559823247387,False
GO_BP,PHOL,GO:0010594,regulation of endothelial cell migration,15,-1.8235386275885446,-0.4519059321169765,0.6325367463253675,0.8514559823247387,False
GO_BP,PHOL,GO:0010595,positive regulation of endothelial cell migration,13,-1.852146188837157,-0.5180620408799095,0.6508349165083491,0.8514559823247387,False
GO_BP,PHOL,GO:0010604,positive regulation of macromolecule metabolic process,118,0.21929412864622688,0.5732272941075071,0.3107689231076892,0.8514559823247387,False
GO_BP,PHOL,GO:0010605,negative regulation of macromolecule metabolic process,90,1.7029170101355848,0.5145195588809262,0.33786621337866213,0.8514559823247387,False
GO_BP,PHOL,GO:0010608,post-transcriptional regulation of gene expression,12,-0.5802134785029648,0.10363678678984589,0.45265473452654736,0.8514559823247387,False
GO_BP,PHOL,GO:0010611,regulation of cardiac muscle hypertrophy,7,0.08064139022003207,0.1799007990461815,0.4036596340365963,0.8514559823247387,False
GO_BP,PHOL,GO:0010628,positive regulation of gene expression,61,-0.00872731685571003,0.7010289408743112,0.27007299270072993,0.8514559823247387,False
GO_BP,PHOL,GO:0010629,negative regulation of gene expression,49,1.2903101784558497,0.46066171500521313,0.34706529347065296,0.8514559823247387,False
GO_BP,PHOL,GO:0010632,regulation of epithelial cell migration,7,-1.2100890474693997,-0.19146814106362697,0.5367463253674633,0.8514559823247387,False
GO_BP,PHOL,GO:0010634,positive regulation of epithelial cell migration,7,-1.2100890474693997,-0.19146814106362697,0.5367463253674633,0.8514559823247387,False
GO_BP,PHOL,GO:0010638,positive regulation of organelle organization,26,-0.5672194077068549,-0.8771990522191628,0.7657234276572342,0.8777990679991515,False
GO_BP,PHOL,GO:0010639,negative regulation of organelle organization,16,-0.6866915207646914,-0.20460958820485264,0.5440455954404559,0.8514559823247387,False
GO_BP,PHOL,GO:0010646,regulation of cell communication,183,-0.7459423290250222,-0.19283501413911353,0.5540445955404459,0.8514559823247387,False
GO_BP,PHOL,GO:0010647,positive regulation of cell communication,120,-1.3623465605626492,-0.16766399015289468,0.5402459754024598,0.8514559823247387,False
GO_BP,PHOL,GO:0010648,negative regulation of cell communication,80,-0.4390157327260419,-0.0900690029556569,0.5155484451554845,0.8514559823247387,False
GO_BP,PHOL,GO:0010656,negative regulation of muscle cell apoptotic process,9,-0.6633819020211763,0.2717427750879212,0.37976202379762025,0.8514559823247387,False
GO_BP,PHOL,GO:0010660,regulation of muscle cell apoptotic process,12,-0.36018094230727565,0.003572173096800302,0.47705229477052297,0.8514559823247387,False
GO_BP,PHOL,GO:0010662,regulation of striated muscle cell apoptotic process,7,0.2738695810452975,-0.026317018388033075,0.49555044495550443,0.8514559823247387,False
GO_BP,PHOL,GO:0010664,negative regulation of striated muscle cell apoptotic process,5,-0.2373867879776163,0.6310900509889934,0.2782721727827217,0.8514559823247387,False
GO_BP,PHOL,GO:0010665,regulation of cardiac muscle cell apoptotic process,6,0.2154841651379306,0.09429504246793499,0.4530546945305469,0.8514559823247387,False
GO_BP,PHOL,GO:0010720,positive regulation of cell development,15,-0.5892804660595735,-0.6772824064755233,0.6985301469853015,0.8574464587439561,False
GO_BP,PHOL,GO:0010721,negative regulation of cell development,7,-0.13706228605942677,-0.03614293610743213,0.4674532546745325,0.8514559823247387,False
GO_BP,PHOL,GO:0010743,regulation of macrophage derived foam cell differentiation,6,-0.40083583220941416,-0.03214058287629762,0.4781521847815218,0.8514559823247387,False
GO_BP,PHOL,GO:0010803,regulation of tumor necrosis factor-mediated signaling pathway,7,0.04168421059281006,0.09197443204278113,0.4336566343365663,0.8514559823247387,False
GO_BP,PHOL,GO:0010810,regulation of cell-substrate adhesion,17,-1.1223270575573006,-0.7950134467760536,0.7464253574642535,0.8724927357526288,False
GO_BP,PHOL,GO:0010811,positive regulation of cell-substrate adhesion,9,-0.5654531583280561,-0.42396414102260715,0.623037696230377,0.8514559823247387,False
GO_BP,PHOL,GO:0010812,negative regulation of cell-substrate adhesion,5,-1.3097746965120898,-0.6483502478158463,0.6952304769523048,0.8574464587439561,False
GO_BP,PHOL,GO:0010817,regulation of hormone levels,50,1.031868836009551,0.4474189221236162,0.3568643135686431,0.8514559823247387,False
GO_BP,PHOL,GO:0010821,regulation of mitochondrion organization,10,-0.8385253540713887,-0.7472422520818469,0.7198280171982802,0.863001957670695,False
GO_BP,PHOL,GO:0010876,lipid localization,24,1.9122467556878788,1.074234312631773,0.1852814718528147,0.8514559823247387,False
GO_BP,PHOL,GO:0010883,regulation of lipid storage,5,0.09586528487045096,0.03890261128160612,0.4520547945205479,0.8514559823247387,False
GO_BP,PHOL,GO:0010906,regulation of glucose metabolic process,5,-0.4349280971663198,-0.294970519563699,0.5771422857714229,0.8514559823247387,False
GO_BP,PHOL,GO:0010948,negative regulation of cell cycle process,6,-0.4299379461209924,0.12048443254749658,0.44525547445255476,0.8514559823247387,False
GO_BP,PHOL,GO:0010959,regulation of metal ion transport,23,-0.04265195436955921,0.6093840232875642,0.29417058294170584,0.8514559823247387,False
GO_BP,PHOL,GO:0010970,transport along microtubule,5,0.08142940233541356,-0.14431423649203534,0.5198480151984801,0.8514559823247387,False
GO_BP,PHOL,GO:0010975,regulation of neuron projection development,17,-1.0073812048914823,-0.9450549112566109,0.7757224277572243,0.8819161804975684,False
GO_BP,PHOL,GO:0010976,positive regulation of neuron projection development,5,-0.9036879958257714,-0.11839078149834281,0.5209479052094791,0.8514559823247387,False
GO_BP,PHOL,GO:0010977,negative regulation of neuron projection development,6,-0.6375080758537621,-0.5608323059419345,0.6721327867213278,0.8539237155845091,False
GO_BP,PHOL,GO:0012501,programmed cell death,38,-0.9931014565191019,-0.1291110751107598,0.5256474352564744,0.8514559823247387,False
GO_BP,PHOL,GO:0014059,regulation of dopamine secretion,6,-1.1355106932850276,-0.3272053395014227,0.5885411458854115,0.8514559823247387,False
GO_BP,PHOL,GO:0014061,regulation of norepinephrine secretion,5,-1.1409428986461312,-0.5288099414184022,0.6864313568643136,0.8564379499133531,False
GO_BP,PHOL,GO:0014072,response to isoquinoline alkaloid,7,-1.0790508871855582,-0.3984628420492984,0.6181381861813818,0.8514559823247387,False
GO_BP,PHOL,GO:0014074,response to purine-containing compound,11,-0.5381456183663128,-0.8245086178586475,0.7772222777722227,0.8827273318221848,False
GO_BP,PHOL,GO:0014075,response to amine,8,-0.6571801826888327,-0.44276111711813265,0.6293370662933707,0.8514559823247387,False
GO_BP,PHOL,GO:0014743,regulation of muscle hypertrophy,7,0.08064139022003207,0.1799007990461815,0.4036596340365963,0.8514559823247387,False
GO_BP,PHOL,GO:0014910,regulation of smooth muscle cell migration,6,-0.17258335465515076,-0.6366904295375138,0.6987301269873013,0.8574464587439561,False
GO_BP,PHOL,GO:0015031,protein transport,10,-0.9198092065896453,0.37230046392205085,0.35196480351964804,0.8514559823247387,False
GO_BP,PHOL,GO:0015698,inorganic anion transport,7,2.1606171643577357,1.1216611627579427,0.15198480151984803,0.8514559823247387,False
GO_BP,PHOL,GO:0015718,monocarboxylic acid transport,20,1.7754696386094853,1.0187435276302774,0.19738026197380262,0.8514559823247387,False
GO_BP,PHOL,GO:0015721,bile acid and bile salt transport,6,2.4537294806125995,0.7162059670038232,0.265973402659734,0.8514559823247387,False
GO_BP,PHOL,GO:0015849,organic acid transport,26,1.2133745249993804,0.8864310943823197,0.2258774122587741,0.8514559823247387,False
GO_BP,PHOL,GO:0015850,organic hydroxy compound transport,15,1.6022070392270455,1.0321867913010276,0.18998100189981001,0.8514559823247387,False
GO_BP,PHOL,GO:0015908,fatty acid transport,14,0.45556120515576687,0.6597714830775498,0.2803719628037196,0.8514559823247387,False
GO_BP,PHOL,GO:0015909,long-chain fatty acid transport,9,0.08253521495904022,0.5372054806524797,0.2950704929507049,0.8514559823247387,False
GO_BP,PHOL,GO:0015931,nucleobase-containing compound transport,5,-1.1125929066384095,-0.7692860232159078,0.7325267473252675,0.8657134286571343,False
GO_BP,PHOL,GO:0015980,energy derivation by oxidation of organic compounds,7,0.08864002326594463,-0.06512588787334568,0.49035096490350966,0.8514559823247387,False
GO_BP,PHOL,GO:0016032,viral process,12,-1.1523737447286022,-0.21811504886342958,0.5494450554944506,0.8514559823247387,False
GO_BP,PHOL,GO:0016042,lipid catabolic process,21,0.23441088786016875,-0.251940453004061,0.5509449055094491,0.8514559823247387,False
GO_BP,PHOL,GO:0016043,cellular component organization,119,-0.09417606381867477,-0.06971391046775152,0.5108489151084892,0.8514559823247387,False
GO_BP,PHOL,GO:0016052,carbohydrate catabolic process,6,-0.04218019445383083,0.287326524387799,0.3852614738526147,0.8514559823247387,False
GO_BP,PHOL,GO:0016070,RNA metabolic process,23,1.4344756241475602,0.6145157044948457,0.3026697330266973,0.8514559823247387,False
GO_BP,PHOL,GO:0016071,mRNA metabolic process,8,1.0543510017443045,0.0032860694055583117,0.46795320467953205,0.8514559823247387,False
GO_BP,PHOL,GO:0016098,monoterpenoid metabolic process,6,0.17655740471938822,-0.6467873648694629,0.7081291870812919,0.8598974041360784,False
GO_BP,PHOL,GO:0016101,diterpenoid metabolic process,16,1.5845366592497738,0.4260450081814222,0.34196580341965804,0.8514559823247387,False
GO_BP,PHOL,GO:0016125,sterol metabolic process,15,2.3495214519661847,0.7127803425898374,0.24697530246975302,0.8514559823247387,False
GO_BP,PHOL,GO:0016137,glycoside metabolic process,7,0.12989583565636462,-0.8270150537004409,0.7912208779122087,0.886088424650358,False
GO_BP,PHOL,GO:0016192,vesicle-mediated transport,19,-0.22454382613175697,0.15350128514792769,0.4106589341065893,0.8514559823247387,False
GO_BP,PHOL,GO:0016236,macroautophagy,5,-0.5051738712940612,-0.18121661414526352,0.5372462753724627,0.8514559823247387,False
GO_BP,PHOL,GO:0016239,positive regulation of macroautophagy,5,-0.4258276911302351,0.4963276956716297,0.3070692930706929,0.8514559823247387,False
GO_BP,PHOL,GO:0016241,regulation of macroautophagy,9,-1.2152143387584105,-0.23137972727180833,0.5571442855714429,0.8514559823247387,False
GO_BP,PHOL,GO:0016310,phosphorylation,43,-2.2564909542133966,-1.1393006888499924,0.8247175282471753,0.9015832824566177,False
GO_BP,PHOL,GO:0016311,dephosphorylation,9,0.9311862718030248,-0.3822304606007956,0.6149385061493851,0.8514559823247387,False
GO_BP,PHOL,GO:0016477,cell migration,42,-1.3097080927904547,0.13790805729344235,0.42055794420557946,0.8514559823247387,False
GO_BP,PHOL,GO:0016485,protein processing,10,-0.3201895561685676,-0.016675737361526444,0.4433556644335566,0.8514559823247387,False
GO_BP,PHOL,GO:0016525,negative regulation of angiogenesis,7,0.33068380060817204,0.023592477177555693,0.43855614438556145,0.8514559823247387,False
GO_BP,PHOL,GO:0016567,protein ubiquitination,10,2.39715236465469,1.1739136064008244,0.1660833916608339,0.8514559823247387,False
GO_BP,PHOL,GO:0017015,regulation of transforming growth factor beta receptor signaling pathway,8,-0.6707454851257193,0.07982946288355885,0.4400559944005599,0.8514559823247387,False
GO_BP,PHOL,GO:0017157,regulation of exocytosis,5,-0.528495830525897,0.1600226810058738,0.3965603439656034,0.8514559823247387,False
GO_BP,PHOL,GO:0018105,peptidyl-serine phosphorylation,7,-1.040119596349262,-0.38287436531690267,0.603039696030397,0.8514559823247387,False
GO_BP,PHOL,GO:0018108,peptidyl-tyrosine phosphorylation,14,-1.3877400878940938,-0.5550327284626653,0.6608339166083391,0.8514559823247387,False
GO_BP,PHOL,GO:0018205,peptidyl-lysine modification,9,3.3387924408593266,0.33324823712833274,0.32256774322567744,0.8514559823247387,False
GO_BP,PHOL,GO:0018958,phenol-containing compound metabolic process,12,-0.3192141528963163,-0.18554232198227777,0.5267473252674733,0.8514559823247387,False
GO_BP,PHOL,GO:0019058,viral life cycle,9,-1.0753351872993677,0.038298427229703336,0.4330566943305669,0.8514559823247387,False
GO_BP,PHOL,GO:0019098,reproductive behavior,6,0.7928038397489916,0.9339886360549727,0.1924807519248075,0.8514559823247387,False
GO_BP,PHOL,GO:0019216,regulation of lipid metabolic process,30,1.6930295562522957,1.2699719212718779,0.13988601139886012,0.8514559823247387,False
GO_BP,PHOL,GO:0019217,regulation of fatty acid metabolic process,11,2.4780241922029704,2.18805779923613,0.0471952804719528,0.8514559823247387,False
GO_BP,PHOL,GO:0019218,regulation of steroid metabolic process,9,2.3305901666351843,1.0199074707411497,0.1653834616538346,0.8514559823247387,False
GO_BP,PHOL,GO:0019219,regulation of nucleobase-containing compound metabolic process,97,1.416477851435217,0.5442294517361426,0.32896710328967105,0.8514559823247387,False
GO_BP,PHOL,GO:0019221,cytokine-mediated signaling pathway,21,-0.2958225692216946,0.5213825720088657,0.33226677332266774,0.8514559823247387,False
GO_BP,PHOL,GO:0019222,regulation of metabolic process,184,1.515391658548339,0.741971431199351,0.27077292270772924,0.8514559823247387,False
GO_BP,PHOL,GO:0019229,regulation of vasoconstriction,18,-1.583846098371295,-0.47087054065048783,0.634936506349365,0.8514559823247387,False
GO_BP,PHOL,GO:0019233,sensory perception of pain,8,-0.21735878341751005,-0.28557722723848167,0.5922407759224078,0.8514559823247387,False
GO_BP,PHOL,GO:0019318,hexose metabolic process,6,0.5680975495918765,0.04680942189552251,0.43275672432756723,0.8514559823247387,False
GO_BP,PHOL,GO:0019369,arachidonate metabolic process,20,-1.090948695093491,-0.4501473632430024,0.6153384661533846,0.8514559823247387,False
GO_BP,PHOL,GO:0019373,epoxygenase P450 pathway,11,-1.0916724318731403,-0.36840246257256093,0.5966403359664033,0.8514559823247387,False
GO_BP,PHOL,GO:0019433,triglyceride catabolic process,5,0.9575681726710426,0.7415304758238073,0.26107389261073893,0.8514559823247387,False
GO_BP,PHOL,GO:0019538,protein metabolic process,102,-1.1896758086970836,-1.2369037421114597,0.8474152584741526,0.9088905542435448,False
GO_BP,PHOL,GO:0019637,organophosphate metabolic process,25,-0.4107411741228702,-0.1389083718503485,0.5065493450654934,0.8514559823247387,False
GO_BP,PHOL,GO:0019693,ribose phosphate metabolic process,12,-0.44656659683967576,0.14135250456220833,0.38766123387661233,0.8514559823247387,False
GO_BP,PHOL,GO:0019722,calcium-mediated signaling,12,0.513211026350729,0.3111020659028829,0.37176282371762825,0.8514559823247387,False
GO_BP,PHOL,GO:0019725,cellular homeostasis,33,0.8917439424919426,0.24830205674886596,0.40085991400859916,0.8514559823247387,False
GO_BP,PHOL,GO:0019748,secondary metabolic process,15,-0.34810388821203075,-1.0900736716234478,0.8142185781421858,0.8978659155762087,False
GO_BP,PHOL,GO:0019752,carboxylic acid metabolic process,52,0.9101026635091729,0.6237332530662392,0.30526947305269475,0.8514559823247387,False
GO_BP,PHOL,GO:0019941,modification-dependent protein catabolic process,5,0.5677581035206131,-0.36810636444499734,0.6095390460953904,0.8514559823247387,False
GO_BP,PHOL,GO:0019953,sexual reproduction,7,0.4903395726350713,0.33530532130860746,0.3722627737226277,0.8514559823247387,False
GO_BP,PHOL,GO:0021537,telencephalon development,8,-0.04492978046440122,0.5080767267903501,0.2528747125287471,0.8514559823247387,False
GO_BP,PHOL,GO:0021543,pallium development,5,-0.5088558669873436,0.11116204325066681,0.38736126387361264,0.8514559823247387,False
GO_BP,PHOL,GO:0021700,developmental maturation,6,0.14676818395059055,0.2142661739207314,0.3865613438656134,0.8514559823247387,False
GO_BP,PHOL,GO:0021782,glial cell development,10,-0.22513944927299734,-0.8706327445216288,0.775022497750225,0.8816493168378836,False
GO_BP,PHOL,GO:0021953,central nervous system neuron differentiation,7,1.7282638824282621,0.3565481098606562,0.34496550344965504,0.8514559823247387,False
GO_BP,PHOL,GO:0021954,central nervous system neuron development,5,1.8297530775684576,0.4714591037686049,0.3090690930906909,0.8514559823247387,False
GO_BP,PHOL,GO:0022008,neurogenesis,37,-0.9082453100176369,-0.5206023738265992,0.6578342165783422,0.8514559823247387,False
GO_BP,PHOL,GO:0022402,cell cycle process,25,-0.5034382240251816,-0.10193022543568869,0.49865013498650135,0.8514559823247387,False
GO_BP,PHOL,GO:0022407,regulation of cell-cell adhesion,26,-1.0980536831365224,-0.21114255022530515,0.5432456754324567,0.8514559823247387,False
GO_BP,PHOL,GO:0022408,negative regulation of cell-cell adhesion,13,-1.0777934148596664,-0.6009879351962079,0.6788321167883211,0.8539237155845091,False
GO_BP,PHOL,GO:0022409,positive regulation of cell-cell adhesion,16,-0.7937000937399463,-0.09371775743059163,0.4891510848915108,0.8514559823247387,False
GO_BP,PHOL,GO:0022411,cellular component disassembly,18,-1.502856540092768,-0.3276070572168268,0.5837416258374163,0.8514559823247387,False
GO_BP,PHOL,GO:0022414,reproductive process,35,0.02413171346945827,0.40633352076154466,0.35006499350064996,0.8514559823247387,False
GO_BP,PHOL,GO:0022600,digestive system process,10,1.7257732721785204,1.1012806051516368,0.15028497150284972,0.8514559823247387,False
GO_BP,PHOL,GO:0022603,regulation of anatomical structure morphogenesis,36,0.13214561273603959,-0.42164329332283285,0.6191380861913809,0.8514559823247387,False
GO_BP,PHOL,GO:0022604,regulation of cell morphogenesis,8,-1.3835269805145307,-0.41412502197111856,0.6181381861813818,0.8514559823247387,False
GO_BP,PHOL,GO:0022607,cellular component assembly,47,1.8922265918270103,0.8266658103473701,0.25107489251074894,0.8514559823247387,False
GO_BP,PHOL,GO:0022617,extracellular matrix disassembly,8,-1.6057965507438363,-0.18993106587393438,0.5324467553244675,0.8514559823247387,False
GO_BP,PHOL,GO:0023051,regulation of signaling,182,-0.7181733328380505,-0.181409581650662,0.5487451254874512,0.8514559823247387,False
GO_BP,PHOL,GO:0023056,positive regulation of signaling,119,-1.3610186700499445,-0.1714969640359203,0.5411458854114588,0.8514559823247387,False
GO_BP,PHOL,GO:0023057,negative regulation of signaling,79,-0.40785981522592873,-0.07556555966606004,0.5095490450954905,0.8514559823247387,False
GO_BP,PHOL,GO:0030001,metal ion transport,25,-0.463069562770485,0.08081818410525293,0.43725627437256276,0.8514559823247387,False
GO_BP,PHOL,GO:0030003,intracellular monoatomic cation homeostasis,19,0.1642831250159483,-0.49986370143971615,0.6462353764623537,0.8514559823247387,False
GO_BP,PHOL,GO:0030029,actin filament-based process,13,-0.4881865102454348,-0.707351344013337,0.7130286971302869,0.8620445111262576,False
GO_BP,PHOL,GO:0030030,cell projection organization,25,-0.5849419879276379,-0.6536396243794534,0.6963303669633036,0.8574464587439561,False
GO_BP,PHOL,GO:0030031,cell projection assembly,5,-1.216029934742486,-0.8722880303210631,0.7747225277472253,0.881522351047171,False
GO_BP,PHOL,GO:0030036,actin cytoskeleton organization,9,-0.7228704576539923,-1.0105026590027024,0.8055194480551945,0.8948091661282483,False
GO_BP,PHOL,GO:0030048,actin filament-based movement,5,0.6162120709831759,0.4330893379148495,0.32866713328667135,0.8514559823247387,False
GO_BP,PHOL,GO:0030097,hemopoiesis,23,-0.552105163091617,0.23663570205925066,0.3992600739926007,0.8514559823247387,False
GO_BP,PHOL,GO:0030098,lymphocyte differentiation,9,0.17675572510504428,0.38056919719150445,0.35106489351064896,0.8514559823247387,False
GO_BP,PHOL,GO:0030099,myeloid cell differentiation,13,-0.29271024929852085,0.07564038952509122,0.45595440455954406,0.8514559823247387,False
GO_BP,PHOL,GO:0030100,regulation of endocytosis,15,-0.575850632407323,-0.2005232426363383,0.5375462453754625,0.8514559823247387,False
GO_BP,PHOL,GO:0030111,regulation of Wnt signaling pathway,14,-0.5265538190844729,0.046112912940891815,0.4727527247275273,0.8514559823247387,False
GO_BP,PHOL,GO:0030154,cell differentiation,89,-0.7453814723459273,-0.061528201012446715,0.5136486351364864,0.8514559823247387,False
GO_BP,PHOL,GO:0030155,regulation of cell adhesion,44,-1.1353269007920408,-0.6057612026056148,0.6726327367263274,0.8539237155845091,False
GO_BP,PHOL,GO:0030162,regulation of proteolysis,10,-1.017531445463879,-0.7159705757053413,0.7124287571242875,0.8619872242351773,False
GO_BP,PHOL,GO:0030163,protein catabolic process,16,-0.7547463459286836,-1.0086737641189045,0.813018698130187,0.897600261205302,False
GO_BP,PHOL,GO:0030168,platelet activation,12,-1.2517110971005136,-0.2742094613421686,0.5664433556644336,0.8514559823247387,False
GO_BP,PHOL,GO:0030177,positive regulation of Wnt signaling pathway,11,-0.228328168780639,0.23893342244170146,0.39966003399660033,0.8514559823247387,False
GO_BP,PHOL,GO:0030182,neuron differentiation,27,-0.6781949837895526,-0.4152731241816558,0.6206379362063794,0.8514559823247387,False
GO_BP,PHOL,GO:0030193,regulation of blood coagulation,5,-0.9296052959483556,-0.15116767530934005,0.5201479852014799,0.8514559823247387,False
GO_BP,PHOL,GO:0030198,extracellular matrix organization,11,-1.6461995909415568,-0.1823436686268085,0.5234476552344766,0.8514559823247387,False
GO_BP,PHOL,GO:0030217,T cell differentiation,6,1.0134924474581934,0.5459330012634529,0.29157084291570845,0.8514559823247387,False
GO_BP,PHOL,GO:0030225,macrophage differentiation,5,-0.13235011746356004,0.1494873836936191,0.40775922407759224,0.8514559823247387,False
GO_BP,PHOL,GO:0030258,lipid modification,10,0.09140066978184888,-0.23113814238903055,0.5372462753724627,0.8514559823247387,False
GO_BP,PHOL,GO:0030278,regulation of ossification,7,0.3776861769663188,-0.09577988059373355,0.5028497150284972,0.8514559823247387,False
GO_BP,PHOL,GO:0030307,positive regulation of cell growth,9,-0.8089047408959397,-0.6788926185338261,0.7063293670632936,0.8596149730821311,False
GO_BP,PHOL,GO:0030308,negative regulation of cell growth,6,0.3852151547616282,0.5540964560240682,0.29657034296570345,0.8514559823247387,False
GO_BP,PHOL,GO:0030334,regulation of cell migration,57,-2.0784718891319023,-0.6492620425661191,0.6990300969903009,0.8574464587439561,False
GO_BP,PHOL,GO:0030335,positive regulation of cell migration,42,-1.9348454819635872,-0.570392817480674,0.6719328067193281,0.8539237155845091,False
GO_BP,PHOL,GO:0030336,negative regulation of cell migration,15,-1.0566857698343646,-0.47548006998682024,0.6407359264073592,0.8514559823247387,False
GO_BP,PHOL,GO:0030500,regulation of bone mineralization,5,0.29286162399323923,-0.1255103669762876,0.5225477452254774,0.8514559823247387,False
GO_BP,PHOL,GO:0030512,negative regulation of transforming growth factor beta receptor signaling pathway,6,-0.44571557024404973,0.11275571163640552,0.4246575342465753,0.8514559823247387,False
GO_BP,PHOL,GO:0030518,nuclear receptor-mediated steroid hormone signaling pathway,15,0.5147506207943763,0.6451689600484296,0.28487151284871515,0.8514559823247387,False
GO_BP,PHOL,GO:0030522,intracellular receptor signaling pathway,27,1.727969378618778,1.2623484510006115,0.15358464153584642,0.8514559823247387,False
GO_BP,PHOL,GO:0030534,adult behavior,13,0.11726259310948843,0.6725200765879074,0.26907309269073093,0.8514559823247387,False
GO_BP,PHOL,GO:0030574,collagen catabolic process,9,-1.6612169510380899,-0.2225812509465741,0.5441455854414559,0.8514559823247387,False
GO_BP,PHOL,GO:0030593,neutrophil chemotaxis,7,0.5632873247005694,0.8858405980745748,0.2216778322167783,0.8514559823247387,False
GO_BP,PHOL,GO:0030595,leukocyte chemotaxis,10,0.08015054525458794,0.4384659230287471,0.3037696230376962,0.8514559823247387,False
GO_BP,PHOL,GO:0030638,polyketide metabolic process,5,0.11968527889677953,-0.7991860547763505,0.787021297870213,0.8846608134575591,False
GO_BP,PHOL,GO:0030705,cytoskeleton-dependent intracellular transport,5,0.08142940233541356,-0.14431423649203534,0.5198480151984801,0.8514559823247387,False
GO_BP,PHOL,GO:0030808,regulation of nucleotide biosynthetic process,5,0.061959062219923415,0.22810336687366112,0.3691630836916308,0.8514559823247387,False
GO_BP,PHOL,GO:0030811,regulation of nucleotide catabolic process,6,-0.8637142465603158,0.05895622422739655,0.45825417458254175,0.8514559823247387,False
GO_BP,PHOL,GO:0030832,regulation of actin filament length,6,0.037693196065826905,-0.3757090322105653,0.6611338866113389,0.8514559823247387,False
GO_BP,PHOL,GO:0030833,regulation of actin filament polymerization,5,0.05504981188992844,-0.16882032786272838,0.5611438856114389,0.8514559823247387,False
GO_BP,PHOL,GO:0030855,epithelial cell differentiation,19,-1.8248402099607133,-0.154495818315445,0.529047095290471,0.8514559823247387,False
GO_BP,PHOL,GO:0030879,mammary gland development,6,-1.1459240883930708,-0.32494567719371736,0.5831416858314169,0.8514559823247387,False
GO_BP,PHOL,GO:0030900,forebrain development,8,-0.04492978046440122,0.5080767267903501,0.2528747125287471,0.8514559823247387,False
GO_BP,PHOL,GO:0030901,midbrain development,5,-1.2125373951359812,-0.536393026387805,0.6699330066993301,0.8539237155845091,False
GO_BP,PHOL,GO:0031099,regeneration,9,-0.8255063404233727,-0.567384955395547,0.6655334466553344,0.8533864520334556,False
GO_BP,PHOL,GO:0031100,animal organ regeneration,6,-0.6499806666401565,-0.5588212309272858,0.6801319868013199,0.8539237155845091,False
GO_BP,PHOL,GO:0031110,regulation of microtubule polymerization or depolymerization,6,0.3208451567612695,-0.6032510025976612,0.6983301669833016,0.8574464587439561,False
GO_BP,PHOL,GO:0031175,neuron projection development,17,-0.18561809987223946,-0.4712298482211694,0.6360363963603639,0.8514559823247387,False
GO_BP,PHOL,GO:0031281,positive regulation of cyclase activity,8,-1.6529053856022642,-1.025468984398112,0.7977202279772023,0.8897356212901113,False
GO_BP,PHOL,GO:0031294,lymphocyte costimulation,8,-0.7169408915860196,-0.40143788541582814,0.6187381261873812,0.8514559823247387,False
GO_BP,PHOL,GO:0031295,T cell costimulation,8,-0.7169408915860196,-0.40143788541582814,0.6187381261873812,0.8514559823247387,False
GO_BP,PHOL,GO:0031333,negative regulation of protein-containing complex assembly,9,-1.31143818250197,-0.7222395326438205,0.7208279172082792,0.863001957670695,False
GO_BP,PHOL,GO:0031334,positive regulation of protein-containing complex assembly,14,-0.5904191642466879,-0.4927391103126276,0.6371362863713629,0.8514559823247387,False
GO_BP,PHOL,GO:0031344,regulation of cell projection organization,25,-1.4465278401030288,-1.054768516245801,0.8033196680331967,0.8934258665388214,False
GO_BP,PHOL,GO:0031345,negative regulation of cell projection organization,10,-1.1609645377697908,-0.5831766347575429,0.6718328167183282,0.8539237155845091,False
GO_BP,PHOL,GO:0031346,positive regulation of cell projection organization,13,-0.709785993625059,-0.7589372202288771,0.7288271172882712,0.8649540725440641,False
GO_BP,PHOL,GO:0031347,regulation of defense response,58,-0.6330194354367555,-0.18385255532522027,0.5366463353664633,0.8514559823247387,False
GO_BP,PHOL,GO:0031348,negative regulation of defense response,22,-0.1486726356668703,0.23970296553112,0.3922607739226077,0.8514559823247387,False
GO_BP,PHOL,GO:0031349,positive regulation of defense response,27,-1.3220437845842983,-0.07001615052128951,0.5138486151384861,0.8514559823247387,False
GO_BP,PHOL,GO:0031396,regulation of protein ubiquitination,11,-1.1197461071790364,-0.8784761366635749,0.7629237076292371,0.8769525797911369,False
GO_BP,PHOL,GO:0031398,positive regulation of protein ubiquitination,5,-0.09968425736396032,-0.5228193118636499,0.6685331466853315,0.8533864520334556,False
GO_BP,PHOL,GO:0031399,regulation of protein modification process,36,-1.4041812980430675,-1.2454483361661002,0.8431156884311569,0.9070761889328308,False
GO_BP,PHOL,GO:0031400,negative regulation of protein modification process,8,-0.10822754123430857,-0.2821560092793991,0.573942605739426,0.8514559823247387,False
GO_BP,PHOL,GO:0031401,positive regulation of protein modification process,25,-1.6506617371759957,-1.3445147142226883,0.8637136286371363,0.9190949936384261,False
GO_BP,PHOL,GO:0031507,heterochromatin formation,8,2.353965426908657,0.8375884883523117,0.2226777322267773,0.8514559823247387,False
GO_BP,PHOL,GO:0031623,receptor internalization,6,0.6255397547199202,0.8363646834199043,0.23097690230976903,0.8514559823247387,False
GO_BP,PHOL,GO:0031644,regulation of nervous system process,14,-0.38638775064032277,0.21534395289608105,0.40035996400359963,0.8514559823247387,False
GO_BP,PHOL,GO:0031647,regulation of protein stability,15,-1.558909615655264,-0.3292709631499031,0.585041495850415,0.8514559823247387,False
GO_BP,PHOL,GO:0031663,lipopolysaccharide-mediated signaling pathway,5,-0.2139745979640148,-0.582624157301238,0.7003299670032996,0.8574464587439561,False
GO_BP,PHOL,GO:0031664,regulation of lipopolysaccharide-mediated signaling pathway,5,2.9290638818864894,1.3085534654583892,0.143985601439856,0.8514559823247387,False
GO_BP,PHOL,GO:0031667,response to nutrient levels,27,0.09875245764844164,-0.6510330146834098,0.6953304669533047,0.8574464587439561,False
GO_BP,PHOL,GO:0031669,cellular response to nutrient levels,10,1.1737250601377756,-0.5280743912905237,0.658934106589341,0.8514559823247387,False
GO_BP,PHOL,GO:0031960,response to corticosteroid,15,2.0609914121989257,1.6615455796926977,0.0822917708229177,0.8514559823247387,False
GO_BP,PHOL,GO:0032006,regulation of TOR signaling,13,-0.9407895310997845,-0.3382440420494346,0.5898410158984102,0.8514559823247387,False
GO_BP,PHOL,GO:0032008,positive regulation of TOR signaling,11,-1.2839916262201487,-0.04379228479050323,0.4884511548845116,0.8514559823247387,False
GO_BP,PHOL,GO:0032024,positive regulation of insulin secretion,6,-0.06316763644445918,-0.14588193244945658,0.5182481751824818,0.8514559823247387,False
GO_BP,PHOL,GO:0032101,regulation of response to external stimulus,75,-1.22557535463533,-0.39031877621906697,0.6021397860213978,0.8514559823247387,False
GO_BP,PHOL,GO:0032102,negative regulation of response to external stimulus,31,-0.940175815837631,-0.07483622747446095,0.49005099490050996,0.8514559823247387,False
GO_BP,PHOL,GO:0032103,positive regulation of response to external stimulus,38,-1.0051901945755766,0.034798707999565304,0.4821517848215178,0.8514559823247387,False
GO_BP,PHOL,GO:0032200,telomere organization,7,-0.07454133663045931,0.33880470294439385,0.34366563343665635,0.8514559823247387,False
GO_BP,PHOL,GO:0032204,regulation of telomere maintenance,11,-0.6771308406722886,-0.0948783842086035,0.49855014498550143,0.8514559823247387,False
GO_BP,PHOL,GO:0032206,positive regulation of telomere maintenance,8,-0.25574953891260677,-0.24965546488373638,0.5607439256074392,0.8514559823247387,False
GO_BP,PHOL,GO:0032271,regulation of protein polymerization,9,0.3349392591833762,-1.0659014880068483,0.8613138686131386,0.9177934665549838,False
GO_BP,PHOL,GO:0032273,positive regulation of protein polymerization,6,0.37169148462458,-0.952928525250506,0.8366163383661633,0.9046662901277439,False
GO_BP,PHOL,GO:0032309,icosanoid secretion,5,0.8864123898542767,0.3991133162243924,0.34166583341665835,0.8514559823247387,False
GO_BP,PHOL,GO:0032355,response to estradiol,14,-0.9364800851208536,-0.21664967005845304,0.5458454154584541,0.8514559823247387,False
GO_BP,PHOL,GO:0032368,regulation of lipid transport,14,-0.3766701604893774,0.09775977522316592,0.43925607439256076,0.8514559823247387,False
GO_BP,PHOL,GO:0032370,positive regulation of lipid transport,9,0.32271945133129326,0.2388329398140701,0.3551644835516448,0.8514559823247387,False
GO_BP,PHOL,GO:0032371,regulation of sterol transport,7,0.2046481990873155,0.02593220512709596,0.46115388461153883,0.8514559823247387,False
GO_BP,PHOL,GO:0032373,positive regulation of sterol transport,6,0.5001954702099598,0.3370123420871338,0.3387661233876612,0.8514559823247387,False
GO_BP,PHOL,GO:0032374,regulation of cholesterol transport,7,0.2046481990873155,0.02593220512709596,0.46115388461153883,0.8514559823247387,False
GO_BP,PHOL,GO:0032376,positive regulation of cholesterol transport,6,0.5001954702099598,0.3370123420871338,0.3387661233876612,0.8514559823247387,False
GO_BP,PHOL,GO:0032386,regulation of intracellular transport,13,-1.2264298640595988,-1.1242098918981573,0.8234176582341766,0.9015832824566177,False
GO_BP,PHOL,GO:0032388,positive regulation of intracellular transport,9,-1.288653091280259,-0.6170533072761764,0.6925307469253075,0.8571309888038681,False
GO_BP,PHOL,GO:0032434,regulation of proteasomal ubiquitin-dependent protein catabolic process,11,-1.2453084482491086,-0.4717569774263626,0.6395360463953604,0.8514559823247387,False
GO_BP,PHOL,GO:0032436,positive regulation of proteasomal ubiquitin-dependent protein catabolic process,8,-1.249814277046919,-0.7090242562469811,0.7203279672032796,0.863001957670695,False
GO_BP,PHOL,GO:0032446,protein modification by small protein conjugation,11,2.274753324534616,1.1043442094233031,0.18068193180681932,0.8514559823247387,False
GO_BP,PHOL,GO:0032465,regulation of cytokinesis,8,-0.5913831063398438,-0.39918754803248946,0.6198380161983802,0.8514559823247387,False
GO_BP,PHOL,GO:0032467,positive regulation of cytokinesis,5,-0.16573120907718003,-0.1400664987116036,0.5191480851914808,0.8514559823247387,False
GO_BP,PHOL,GO:0032479,regulation of type I interferon production,9,0.047579199037929856,0.4290695198428192,0.33226677332266774,0.8514559823247387,False
GO_BP,PHOL,GO:0032481,positive regulation of type I interferon production,7,-0.3496692878774649,-0.1344547789964375,0.5203479652034797,0.8514559823247387,False
GO_BP,PHOL,GO:0032496,response to lipopolysaccharide,26,0.14170746419253077,-0.20316006316175866,0.5400459954004599,0.8514559823247387,False
GO_BP,PHOL,GO:0032502,developmental process,150,0.5602250848561967,1.1796657696608044,0.16798320167983202,0.8514559823247387,False
GO_BP,PHOL,GO:0032526,response to retinoic acid,9,-0.874201140117137,-0.4276669388435697,0.623037696230377,0.8514559823247387,False
GO_BP,PHOL,GO:0032535,regulation of cellular component size,12,0.3960143068933804,-0.5546572132383853,0.6824317568243176,0.8547845054980858,False
GO_BP,PHOL,GO:0032642,regulation of chemokine production,8,0.870107488695152,0.6822003821261897,0.2792720727927207,0.8514559823247387,False
GO_BP,PHOL,GO:0032649,regulation of type II interferon production,5,0.031368245109088894,0.11311651768581069,0.41915808419158085,0.8514559823247387,False
GO_BP,PHOL,GO:0032651,regulation of interleukin-1 beta production,6,-0.5209613248061055,0.2847658177960438,0.3564643535646435,0.8514559823247387,False
GO_BP,PHOL,GO:0032652,regulation of interleukin-1 production,7,-0.027172094964553507,0.39432881602249215,0.3314668533146685,0.8514559823247387,False
GO_BP,PHOL,GO:0032663,regulation of interleukin-2 production,5,0.15732689916345494,-0.0703856382330128,0.49645035496450357,0.8514559823247387,False
GO_BP,PHOL,GO:0032675,regulation of interleukin-6 production,9,0.7519718819116523,0.9552410247222192,0.21027897210278973,0.8514559823247387,False
GO_BP,PHOL,GO:0032677,regulation of interleukin-8 production,7,0.5194076645424752,0.9550138796097394,0.19438056194380562,0.8514559823247387,False
GO_BP,PHOL,GO:0032680,regulation of tumor necrosis factor production,12,0.445006157548958,0.3390169609496777,0.3651634836516348,0.8514559823247387,False
GO_BP,PHOL,GO:0032722,positive regulation of chemokine production,5,-0.26339168803052354,0.33131981809357675,0.36496350364963503,0.8514559823247387,False
GO_BP,PHOL,GO:0032731,positive regulation of interleukin-1 beta production,5,-0.3727760511784712,0.4803582324198024,0.28817118288171184,0.8514559823247387,False
GO_BP,PHOL,GO:0032732,positive regulation of interleukin-1 production,5,-0.3727760511784712,0.4803582324198024,0.28817118288171184,0.8514559823247387,False
GO_BP,PHOL,GO:0032755,positive regulation of interleukin-6 production,6,0.09324270629794694,0.7818435050897183,0.24197580241975802,0.8514559823247387,False
GO_BP,PHOL,GO:0032757,positive regulation of interleukin-8 production,7,0.5194076645424752,0.9550138796097394,0.19438056194380562,0.8514559823247387,False
GO_BP,PHOL,GO:0032760,positive regulation of tumor necrosis factor production,7,-0.06915222793762182,0.3558588602035672,0.34336566343365665,0.8514559823247387,False
GO_BP,PHOL,GO:0032774,RNA biosynthetic process,20,1.2928687466752986,0.8919417617848098,0.23117688231176883,0.8514559823247387,False
GO_BP,PHOL,GO:0032787,monocarboxylic acid metabolic process,44,0.9344329569687875,0.5683357748494796,0.3194680531946805,0.8514559823247387,False
GO_BP,PHOL,GO:0032868,response to insulin,20,-0.15563550259154293,-0.3340624015819319,0.5906409359064093,0.8514559823247387,False
GO_BP,PHOL,GO:0032869,cellular response to insulin stimulus,15,-0.010281892487194666,-0.5383824195715639,0.6582341765823417,0.8514559823247387,False
GO_BP,PHOL,GO:0032870,cellular response to hormone stimulus,57,2.063763559170695,1.3932305099263398,0.12658734126587343,0.8514559823247387,False
GO_BP,PHOL,GO:0032879,regulation of localization,113,-0.570070144036067,-0.4343731965027399,0.6266373362663734,0.8514559823247387,False
GO_BP,PHOL,GO:0032880,regulation of protein localization,58,-0.04608838844277877,-0.6540963057690642,0.6922307769223077,0.8571309888038681,False
GO_BP,PHOL,GO:0032886,regulation of microtubule-based process,13,-0.34070188524332146,-1.17724151327836,0.8413158684131586,0.9064977480152536,False
GO_BP,PHOL,GO:0032890,regulation of organic acid transport,10,-0.7660552546207466,-0.0771123810211014,0.5015498450154985,0.8514559823247387,False
GO_BP,PHOL,GO:0032922,circadian regulation of gene expression,11,0.635640681724122,0.4690393873447959,0.3241675832416758,0.8514559823247387,False
GO_BP,PHOL,GO:0032928,regulation of superoxide anion generation,6,-0.090769514722159,-0.3058020731019639,0.5764423557644236,0.8514559823247387,False
GO_BP,PHOL,GO:0032930,positive regulation of superoxide anion generation,6,-0.090769514722159,-0.3058020731019639,0.5764423557644236,0.8514559823247387,False
GO_BP,PHOL,GO:0032940,secretion by cell,7,-0.28839631772013447,0.23649909289148835,0.36826317368263173,0.8514559823247387,False
GO_BP,PHOL,GO:0032944,regulation of mononuclear cell proliferation,7,-0.3549581563660762,-0.36326589540708654,0.6034396560343965,0.8514559823247387,False
GO_BP,PHOL,GO:0032946,positive regulation of mononuclear cell proliferation,5,-0.8726744597432479,-0.5211178281711956,0.6677332266773323,0.8533864520334556,False
GO_BP,PHOL,GO:0032956,regulation of actin cytoskeleton organization,9,-0.11600109979946362,-0.6298257415067322,0.7467253274672533,0.8724927357526288,False
GO_BP,PHOL,GO:0032963,collagen metabolic process,10,-1.668515700002158,-0.16835074754842583,0.5211478852114788,0.8514559823247387,False
GO_BP,PHOL,GO:0032970,regulation of actin filament-based process,14,-0.3722467368118956,-0.4086348165523733,0.6398360163983602,0.8514559823247387,False
GO_BP,PHOL,GO:0033013,tetrapyrrole metabolic process,6,3.6736976002480577,2.5252121460452277,0.046495350464953504,0.8514559823247387,False
GO_BP,PHOL,GO:0033015,tetrapyrrole catabolic process,5,4.449868428911914,2.6329069432298113,0.046495350464953504,0.8514559823247387,False
GO_BP,PHOL,GO:0033036,macromolecule localization,48,-0.18454071749138026,0.40096991704171925,0.36476352364763526,0.8514559823247387,False
GO_BP,PHOL,GO:0033043,regulation of organelle organization,44,-1.130344504090043,-0.5482391951938667,0.6637336266373363,0.852925961864423,False
GO_BP,PHOL,GO:0033044,regulation of chromosome organization,17,-0.37395500352894845,-0.29039851618218676,0.573942605739426,0.8514559823247387,False
GO_BP,PHOL,GO:0033121,regulation of purine nucleotide catabolic process,6,-0.8637142465603158,0.05895622422739655,0.45825417458254175,0.8514559823247387,False
GO_BP,PHOL,GO:0033143,regulation of intracellular steroid hormone receptor signaling pathway,7,-0.8526219252495911,0.13451910304255466,0.4390560943905609,0.8514559823247387,False
GO_BP,PHOL,GO:0033146,regulation of intracellular estrogen receptor signaling pathway,5,-0.47406501369143333,0.3693858110725246,0.35196480351964804,0.8514559823247387,False
GO_BP,PHOL,GO:0033157,regulation of intracellular protein transport,10,-0.925565987944276,-0.9207946098643924,0.7821217878212179,0.8844134891530151,False
GO_BP,PHOL,GO:0033273,response to vitamin,8,-0.9708549311863014,0.18292631700266304,0.37696230376962303,0.8514559823247387,False
GO_BP,PHOL,GO:0033365,protein localization to organelle,18,-1.6556066738331046,-0.5004422599262504,0.6483351664833517,0.8514559823247387,False
GO_BP,PHOL,GO:0033500,carbohydrate homeostasis,16,-0.030337234735146656,0.40124192366480177,0.32116788321167883,0.8514559823247387,False
GO_BP,PHOL,GO:0033554,cellular response to stress,73,0.22821930336336638,-0.6793486543903458,0.6977302269773022,0.8574464587439561,False
GO_BP,PHOL,GO:0033555,multicellular organismal response to stress,7,-0.9555201378504047,0.010867407811563923,0.45425457454254575,0.8514559823247387,False
GO_BP,PHOL,GO:0033559,unsaturated fatty acid metabolic process,29,-1.0385372229459273,-0.6178665483120646,0.6737326267373263,0.8539237155845091,False
GO_BP,PHOL,GO:0033628,regulation of cell adhesion mediated by integrin,6,-0.5062751451685965,0.13322860674904802,0.37706229377062295,0.8514559823247387,False
GO_BP,PHOL,GO:0033674,positive regulation of kinase activity,10,-1.004017846334234,-0.5261932697431562,0.6613338666133387,0.8514559823247387,False
GO_BP,PHOL,GO:0033993,response to lipid,81,0.594490477086111,0.8350797574417497,0.24027597240275972,0.8514559823247387,False
GO_BP,PHOL,GO:0034097,response to cytokine,39,-0.8519463866600256,0.5828391863176932,0.30156984301569845,0.8514559823247387,False
GO_BP,PHOL,GO:0034103,regulation of tissue remodeling,7,-1.147134827681366,-0.22430374846359546,0.5522447755224478,0.8514559823247387,False
GO_BP,PHOL,GO:0034110,regulation of homotypic cell-cell adhesion,7,-0.6563616334670295,0.08309692538639601,0.43845615438456154,0.8514559823247387,False
GO_BP,PHOL,GO:0034220,monoatomic ion transmembrane transport,34,0.8166736763516449,1.2882542701676387,0.15828417158284172,0.8514559823247387,False
GO_BP,PHOL,GO:0034284,response to monosaccharide,8,-0.13777935102585054,-0.1046103817057604,0.513948605139486,0.8514559823247387,False
GO_BP,PHOL,GO:0034308,primary alcohol metabolic process,17,-0.07628138252334828,-0.5840293452168557,0.6606339366063394,0.8514559823247387,False
GO_BP,PHOL,GO:0034329,cell junction assembly,9,1.0022253909752723,0.29260217038175773,0.39036096390360964,0.8514559823247387,False
GO_BP,PHOL,GO:0034330,cell junction organization,21,0.4559620558066504,0.26308989363735535,0.39906009399060094,0.8514559823247387,False
GO_BP,PHOL,GO:0034405,response to fluid shear stress,6,-0.9217526745943465,-0.7297090635509742,0.722027797220278,0.8631136886311369,False
GO_BP,PHOL,GO:0034502,protein localization to chromosome,7,-0.07085232433648873,0.2746046332570518,0.36966303369663034,0.8514559823247387,False
GO_BP,PHOL,GO:0034504,protein localization to nucleus,6,-1.4306902077742154,-0.1712658803286422,0.5307469253074693,0.8514559823247387,False
GO_BP,PHOL,GO:0034599,cellular response to oxidative stress,21,-0.6034421674956858,0.14647452584542897,0.4076592340765923,0.8514559823247387,False
GO_BP,PHOL,GO:0034605,cellular response to heat,7,0.38578026942454113,-0.9247792250723563,0.7894210578942106,0.885119921165526,False
GO_BP,PHOL,GO:0034612,response to tumor necrosis factor,7,1.2174789652104947,1.1175578261140975,0.17588241175882413,0.8514559823247387,False
GO_BP,PHOL,GO:0034614,cellular response to reactive oxygen species,13,-0.6189034735196843,-0.23686873626564015,0.5432456754324567,0.8514559823247387,False
GO_BP,PHOL,GO:0034644,cellular response to UV,10,-0.8489634902294929,-0.19526401270425575,0.5315468453154685,0.8514559823247387,False
GO_BP,PHOL,GO:0034654,nucleobase-containing compound biosynthetic process,28,0.8806650197191948,0.45525628540592167,0.34826517348265174,0.8514559823247387,False
GO_BP,PHOL,GO:0034655,nucleobase-containing compound catabolic process,12,-0.4009385387873819,0.30599723159007935,0.32856714328567144,0.8514559823247387,False
GO_BP,PHOL,GO:0034762,regulation of transmembrane transport,24,-0.17023128962100273,0.7617304575833007,0.2622737726227377,0.8514559823247387,False
GO_BP,PHOL,GO:0034763,negative regulation of transmembrane transport,5,-0.796710043224611,0.09015005090021422,0.4293570642935706,0.8514559823247387,False
GO_BP,PHOL,GO:0034764,positive regulation of transmembrane transport,12,0.5481798379328379,0.8144779790761514,0.23887611238876114,0.8514559823247387,False
GO_BP,PHOL,GO:0034765,regulation of monoatomic ion transmembrane transport,16,0.4211006661485935,1.1132866508179975,0.1693830616938306,0.8514559823247387,False
GO_BP,PHOL,GO:0034767,positive regulation of monoatomic ion transmembrane transport,6,2.1070073785198,1.79209768746267,0.0790920907909209,0.8514559823247387,False
GO_BP,PHOL,GO:0034976,response to endoplasmic reticulum stress,9,0.9963860386738614,-0.34997381303903885,0.6002399760023998,0.8514559823247387,False
GO_BP,PHOL,GO:0035094,response to nicotine,13,-0.5202860651202451,-0.05155075731247705,0.49675032496750327,0.8514559823247387,False
GO_BP,PHOL,GO:0035150,regulation of tube size,34,-1.1059799054064043,-0.15448918116306087,0.5344465553444655,0.8514559823247387,False
GO_BP,PHOL,GO:0035235,ionotropic glutamate receptor signaling pathway,8,-0.35688543365177805,0.804269702219993,0.22497750224977503,0.8514559823247387,False
GO_BP,PHOL,GO:0035239,tube morphogenesis,17,-1.027274688103677,-0.15553432153466917,0.5234476552344766,0.8514559823247387,False
GO_BP,PHOL,GO:0035249,"synaptic transmission, glutamatergic",7,-0.2505380974440148,0.6032623469032785,0.25077492250774924,0.8514559823247387,False
GO_BP,PHOL,GO:0035270,endocrine system development,6,-0.5980170934210669,0.26324231483801563,0.3280671932806719,0.8514559823247387,False
GO_BP,PHOL,GO:0035295,tube development,23,-1.3748163281027534,-0.2376078257793195,0.5552444755524447,0.8514559823247387,False
GO_BP,PHOL,GO:0035296,regulation of tube diameter,34,-1.1059799054064043,-0.15448918116306087,0.5344465553444655,0.8514559823247387,False
GO_BP,PHOL,GO:0035335,peptidyl-tyrosine dephosphorylation,7,3.2610397823818125,1.275854010151364,0.1523847615238476,0.8514559823247387,False
GO_BP,PHOL,GO:0035556,intracellular signal transduction,84,0.11272506729746237,0.17353021545077132,0.4293570642935706,0.8514559823247387,False
GO_BP,PHOL,GO:0035590,purinergic nucleotide receptor signaling pathway,5,-1.8081241548582359,-1.4972976555227073,0.8887111288871112,0.9340148401508377,False
GO_BP,PHOL,GO:0035725,sodium ion transmembrane transport,7,-0.3755405341611075,0.046430288042784595,0.44015598440155984,0.8514559823247387,False
GO_BP,PHOL,GO:0035924,cellular response to vascular endothelial growth factor stimulus,9,-0.8546438862978177,-0.20059966418126507,0.5407459254074592,0.8514559823247387,False
GO_BP,PHOL,GO:0035966,response to topologically incorrect protein,8,-0.0029465124249792893,-1.049181898582223,0.8057194280571943,0.8948189186776624,False
GO_BP,PHOL,GO:0035967,cellular response to topologically incorrect protein,5,0.5971891148796008,-0.686082808036044,0.7066293370662934,0.8596149730821311,False
GO_BP,PHOL,GO:0036119,response to platelet-derived growth factor,5,0.24355088748938183,-1.3490372814187062,0.8725127487251275,0.9240460882628642,False
GO_BP,PHOL,GO:0036120,cellular response to platelet-derived growth factor stimulus,5,0.24355088748938183,-1.3490372814187062,0.8725127487251275,0.9240460882628642,False
GO_BP,PHOL,GO:0036211,protein modification process,72,0.3867110261919648,-0.5634639077478765,0.6685331466853315,0.8533864520334556,False
GO_BP,PHOL,GO:0036293,response to decreased oxygen levels,28,-1.0621762764515361,-0.4698794220936455,0.6380361963803619,0.8514559823247387,False
GO_BP,PHOL,GO:0036294,cellular response to decreased oxygen levels,11,-0.048109359276847924,-0.44432134513108557,0.6253374662533746,0.8514559823247387,False
GO_BP,PHOL,GO:0038084,vascular endothelial growth factor signaling pathway,6,-0.713147235100979,-0.1190078465885892,0.5094490550944906,0.8514559823247387,False
GO_BP,PHOL,GO:0038093,Fc receptor signaling pathway,12,-1.182143081218432,-0.2351783385402031,0.5543445655434457,0.8514559823247387,False
GO_BP,PHOL,GO:0038094,Fc-gamma receptor signaling pathway,8,-0.8085865151569686,-0.07244626833051693,0.49075092490750927,0.8514559823247387,False
GO_BP,PHOL,GO:0038096,Fc-gamma receptor signaling pathway involved in phagocytosis,8,-0.8085865151569686,-0.07244626833051693,0.49075092490750927,0.8514559823247387,False
GO_BP,PHOL,GO:0038127,ERBB signaling pathway,17,-1.5947693997950283,-1.1199369547960454,0.8223177682231777,0.9011742234814215,False
GO_BP,PHOL,GO:0038128,ERBB2 signaling pathway,5,-1.0368162283509057,-0.8745877837108769,0.764023597640236,0.8772400483209776,False
GO_BP,PHOL,GO:0039531,regulation of cytoplasmic pattern recognition receptor signaling pathway,13,-1.367895858686645,-0.10001197916064108,0.5152484751524847,0.8514559823247387,False
GO_BP,PHOL,GO:0039532,negative regulation of cytoplasmic pattern recognition receptor signaling pathway,5,-0.4095452001319669,0.16192662594945512,0.40205979402059794,0.8514559823247387,False
GO_BP,PHOL,GO:0040008,regulation of growth,23,-0.964988097756649,-0.41823417529129303,0.621037896210379,0.8514559823247387,False
GO_BP,PHOL,GO:0040011,locomotion,25,-0.6539216087748242,-0.047830568832747056,0.48135186481351866,0.8514559823247387,False
GO_BP,PHOL,GO:0040012,regulation of locomotion,65,-2.221229080570245,-0.5565093920336057,0.6647335266473353,0.8533864520334556,False
GO_BP,PHOL,GO:0040013,negative regulation of locomotion,16,-0.9190019121831289,-0.6144018998512721,0.689031096890311,0.8571076066617682,False
GO_BP,PHOL,GO:0040017,positive regulation of locomotion,43,-1.9223667463704848,-0.5129793906574034,0.6558344165583442,0.8514559823247387,False
GO_BP,PHOL,GO:0040029,epigenetic regulation of gene expression,14,1.9481960660905928,1.1422939726668417,0.17578242175782421,0.8514559823247387,False
GO_BP,PHOL,GO:0042058,regulation of epidermal growth factor receptor signaling pathway,5,-0.6412240172707584,-0.6238609096539024,0.6901309869013099,0.8571076066617682,False
GO_BP,PHOL,GO:0042060,wound healing,22,-1.3863758471857943,-0.4637890249410237,0.6323367663233677,0.8514559823247387,False
GO_BP,PHOL,GO:0042063,gliogenesis,13,-0.3400720510013009,-0.7518996785715362,0.7391260873912608,0.8702163745889562,False
GO_BP,PHOL,GO:0042110,T cell activation,11,0.11472538954225939,-0.053008245124946146,0.47335266473352666,0.8514559823247387,False
GO_BP,PHOL,GO:0042113,B cell activation,5,-0.29378477339316245,0.04665114017709904,0.44475552444755523,0.8514559823247387,False
GO_BP,PHOL,GO:0042127,regulation of cell population proliferation,88,-1.704633836960266,-0.4282825896058018,0.6217378262173783,0.8514559823247387,False
GO_BP,PHOL,GO:0042167,heme catabolic process,5,4.449868428911914,2.6329069432298113,0.046495350464953504,0.8514559823247387,False
GO_BP,PHOL,GO:0042168,heme metabolic process,5,4.449868428911914,2.6329069432298113,0.046495350464953504,0.8514559823247387,False
GO_BP,PHOL,GO:0042176,regulation of protein catabolic process,23,-1.2923727135363472,-0.7305361915500843,0.7191280871912809,0.863001957670695,False
GO_BP,PHOL,GO:0042177,negative regulation of protein catabolic process,9,-0.43817784338099863,-0.24852555879646446,0.5571442855714429,0.8514559823247387,False
GO_BP,PHOL,GO:0042178,xenobiotic catabolic process,13,0.04406403188668346,-0.47174791045041903,0.629037096290371,0.8514559823247387,False
GO_BP,PHOL,GO:0042180,ketone metabolic process,13,0.031451191562274855,-0.42653053288127674,0.6211378862113789,0.8514559823247387,False
GO_BP,PHOL,GO:0042220,response to cocaine,13,-0.6944340787511527,0.2225341507362859,0.36126387361263873,0.8514559823247387,False
GO_BP,PHOL,GO:0042306,regulation of protein import into nucleus,7,-1.2381662211157451,-0.5306072656343015,0.679032096790321,0.8539237155845091,False
GO_BP,PHOL,GO:0042307,positive regulation of protein import into nucleus,7,-1.2381662211157451,-0.5306072656343015,0.679032096790321,0.8539237155845091,False
GO_BP,PHOL,GO:0042310,vasoconstriction,9,-0.7066587161186335,-0.1384930874757968,0.5133486651334866,0.8514559823247387,False
GO_BP,PHOL,GO:0042311,vasodilation,11,0.013121756544349718,0.31585629167658574,0.3775622437756224,0.8514559823247387,False
GO_BP,PHOL,GO:0042325,regulation of phosphorylation,25,-1.4014259790333599,-1.2966562199609306,0.8644135586441356,0.9194216941942169,False
GO_BP,PHOL,GO:0042326,negative regulation of phosphorylation,5,0.9134013249071958,-0.35471066412662433,0.5973402659734026,0.8514559823247387,False
GO_BP,PHOL,GO:0042327,positive regulation of phosphorylation,20,-1.8118812328207934,-1.2051236998772534,0.8414158584141586,0.9064977480152536,False
GO_BP,PHOL,GO:0042330,taxis,24,-0.6339181733406823,-0.0704440721310251,0.4891510848915108,0.8514559823247387,False
GO_BP,PHOL,GO:0042391,regulation of membrane potential,44,-0.04128335484803807,0.1338636597388964,0.44595540445955406,0.8514559823247387,False
GO_BP,PHOL,GO:0042417,dopamine metabolic process,8,-0.17060298239755894,-0.21072009306099104,0.5432456754324567,0.8514559823247387,False
GO_BP,PHOL,GO:0042440,pigment metabolic process,6,3.133992852453172,1.7189579633685526,0.0932906709329067,0.8514559823247387,False
GO_BP,PHOL,GO:0042445,hormone metabolic process,27,1.2003627226962097,0.46274483814853273,0.3417658234176582,0.8514559823247387,False
GO_BP,PHOL,GO:0042446,hormone biosynthetic process,7,0.03867823133041703,-0.47713722580690243,0.6513348665133487,0.8514559823247387,False
GO_BP,PHOL,GO:0042542,response to hydrogen peroxide,10,-0.598102453312946,0.28904726243666423,0.3231676832316768,0.8514559823247387,False
GO_BP,PHOL,GO:0042572,retinol metabolic process,12,-0.012410676091582305,-0.5852271009977758,0.6643335666433356,0.8532055685759635,False
GO_BP,PHOL,GO:0042573,retinoic acid metabolic process,6,3.753487598065403,2.0664225189321916,0.05699430056994301,0.8514559823247387,False
GO_BP,PHOL,GO:0042592,homeostatic process,74,0.011028451835026664,0.23031714529735886,0.40045995400459955,0.8514559823247387,False
GO_BP,PHOL,GO:0042593,glucose homeostasis,16,-0.030337234735146656,0.40124192366480177,0.32116788321167883,0.8514559823247387,False
GO_BP,PHOL,GO:0042594,response to starvation,5,1.493229797575225,-0.7310734733793849,0.7253274672532747,0.8631638741129698,False
GO_BP,PHOL,GO:0042632,cholesterol homeostasis,7,0.3779754323310101,0.2344650848890792,0.3387661233876612,0.8514559823247387,False
GO_BP,PHOL,GO:0042742,defense response to bacterium,14,-0.014930538517083527,0.059525809800713265,0.45915408459154083,0.8514559823247387,False
GO_BP,PHOL,GO:0042749,regulation of circadian sleep/wake cycle,6,-0.6079719829424162,-0.46101564851517624,0.6419358064193581,0.8514559823247387,False
GO_BP,PHOL,GO:0042752,regulation of circadian rhythm,17,-0.46771911870355953,-0.24805884745084944,0.5626437356264373,0.8514559823247387,False
GO_BP,PHOL,GO:0042759,long-chain fatty acid biosynthetic process,12,-0.1437293207333033,-0.3991679775768496,0.6056394360563944,0.8514559823247387,False
GO_BP,PHOL,GO:0042789,mRNA transcription by RNA polymerase II,5,1.368851679709217,0.42063753040574625,0.31526847315268475,0.8514559823247387,False
GO_BP,PHOL,GO:0042908,xenobiotic transport,10,1.2807094475200527,0.8902780042728731,0.20757924207579243,0.8514559823247387,False
GO_BP,PHOL,GO:0042981,regulation of apoptotic process,94,-1.8717184804345768,-0.09948639823895844,0.5176482351764824,0.8514559823247387,False
GO_BP,PHOL,GO:0043010,camera-type eye development,11,-0.933651412892406,0.2500993874836701,0.34166583341665835,0.8514559823247387,False
GO_BP,PHOL,GO:0043062,extracellular structure organization,11,-1.6461995909415568,-0.1823436686268085,0.5234476552344766,0.8514559823247387,False
GO_BP,PHOL,GO:0043065,positive regulation of apoptotic process,26,-0.3746656312275591,0.04167830609068979,0.44835516448355167,0.8514559823247387,False
GO_BP,PHOL,GO:0043066,negative regulation of apoptotic process,70,-2.021178469990308,-0.32298370482154937,0.6006399360063993,0.8514559823247387,False
GO_BP,PHOL,GO:0043067,regulation of programmed cell death,99,-2.1445520349113725,-0.2729147704200985,0.5756424357564244,0.8514559823247387,False
GO_BP,PHOL,GO:0043068,positive regulation of programmed cell death,29,-0.36443772462303736,0.07043769650592557,0.43755624437556245,0.8514559823247387,False
GO_BP,PHOL,GO:0043069,negative regulation of programmed cell death,74,-2.293436865318052,-0.462042147288354,0.6468353164683531,0.8514559823247387,False
GO_BP,PHOL,GO:0043085,positive regulation of catalytic activity,22,-1.7561510316084077,-0.8987973977894188,0.768023197680232,0.8787413464859231,False
GO_BP,PHOL,GO:0043086,negative regulation of catalytic activity,6,-0.49351274551225216,-0.4917918251793811,0.6421357864213578,0.8514559823247387,False
GO_BP,PHOL,GO:0043114,regulation of vascular permeability,5,-1.2146909969312327,-0.7140605387714546,0.7335266473352665,0.8664575238589215,False
GO_BP,PHOL,GO:0043122,regulation of canonical NF-kappaB signal transduction,16,0.5043898499354247,0.4183435747899322,0.3350664933506649,0.8514559823247387,False
GO_BP,PHOL,GO:0043123,positive regulation of canonical NF-kappaB signal transduction,11,0.8899537352237472,0.7192747712540005,0.25937406259374063,0.8514559823247387,False
GO_BP,PHOL,GO:0043124,negative regulation of canonical NF-kappaB signal transduction,5,-0.20789737737123767,-0.14052859488995545,0.5092490750924907,0.8514559823247387,False
GO_BP,PHOL,GO:0043161,proteasome-mediated ubiquitin-dependent protein catabolic process,5,0.5677581035206131,-0.36810636444499734,0.6095390460953904,0.8514559823247387,False
GO_BP,PHOL,GO:0043170,macromolecule metabolic process,134,-0.7188402216481347,-0.9257886370934082,0.7685231476852314,0.8787413464859231,False
GO_BP,PHOL,GO:0043200,response to amino acid,10,-0.9065498772700068,-0.43504376398234046,0.6274372562743725,0.8514559823247387,False
GO_BP,PHOL,GO:0043207,response to external biotic stimulus,53,-0.14972218173962942,0.06671465037334767,0.45635436456354367,0.8514559823247387,False
GO_BP,PHOL,GO:0043244,regulation of protein-containing complex disassembly,6,-0.7563665619665174,-0.021339403262182755,0.48535146485351466,0.8514559823247387,False
GO_BP,PHOL,GO:0043254,regulation of protein-containing complex assembly,23,-0.6177252773788909,-0.7360298133711098,0.7237276272372762,0.8631638741129698,False
GO_BP,PHOL,GO:0043255,regulation of carbohydrate biosynthetic process,6,-0.6981388543712689,-0.3870452217678265,0.605039496050395,0.8514559823247387,False
GO_BP,PHOL,GO:0043266,regulation of potassium ion transport,9,1.2738675919018607,1.4654898510211054,0.11868813118688132,0.8514559823247387,False
GO_BP,PHOL,GO:0043268,positive regulation of potassium ion transport,5,1.8998235375857309,1.4914826057186348,0.11308869113088692,0.8514559823247387,False
GO_BP,PHOL,GO:0043269,regulation of monoatomic ion transport,32,-0.476104680449624,0.3817717436538413,0.36226377362263773,0.8514559823247387,False
GO_BP,PHOL,GO:0043270,positive regulation of monoatomic ion transport,13,0.8079324230833231,0.8904086216681275,0.23057694230576942,0.8514559823247387,False
GO_BP,PHOL,GO:0043271,negative regulation of monoatomic ion transport,8,-0.33925472976460486,0.5620983044827477,0.267973202679732,0.8514559823247387,False
GO_BP,PHOL,GO:0043278,response to morphine,7,-1.0790508871855582,-0.3984628420492984,0.6181381861813818,0.8514559823247387,False
GO_BP,PHOL,GO:0043279,response to alkaloid,20,-1.4914544083907628,-0.8355854059526507,0.7434256574342566,0.8721532054157469,False
GO_BP,PHOL,GO:0043401,steroid hormone receptor signaling pathway,15,0.5147506207943763,0.6451689600484296,0.28487151284871515,0.8514559823247387,False
GO_BP,PHOL,GO:0043405,regulation of MAP kinase activity,6,-0.5604097266196365,-0.8157287332788898,0.7576242375762424,0.8746185942705581,False
GO_BP,PHOL,GO:0043406,positive regulation of MAP kinase activity,5,-1.039122053317968,-0.48383614476031767,0.6585341465853415,0.8514559823247387,False
GO_BP,PHOL,GO:0043408,regulation of MAPK cascade,61,-1.2718869995226905,-0.9474511911953083,0.777922207779222,0.8827273318221848,False
GO_BP,PHOL,GO:0043409,negative regulation of MAPK cascade,11,0.14906780071895234,-0.657702462163477,0.7014298570142986,0.8574464587439561,False
GO_BP,PHOL,GO:0043410,positive regulation of MAPK cascade,48,-1.4557061633332797,-0.8626757385334968,0.7562243775622438,0.8746185942705581,False
GO_BP,PHOL,GO:0043412,macromolecule modification,74,0.15202128295388873,-0.6294435072303703,0.6894310568943106,0.8571076066617682,False
GO_BP,PHOL,GO:0043434,response to peptide hormone,37,-0.40037126756735686,-0.15299260388689837,0.543945605439456,0.8514559823247387,False
GO_BP,PHOL,GO:0043436,oxoacid metabolic process,52,0.9101026635091729,0.6237332530662392,0.30526947305269475,0.8514559823247387,False
GO_BP,PHOL,GO:0043467,regulation of generation of precursor metabolites and energy,11,-0.9668719720164192,-0.22814726561646825,0.5665433456654334,0.8514559823247387,False
GO_BP,PHOL,GO:0043470,regulation of carbohydrate catabolic process,6,-0.8637142465603158,0.05895622422739655,0.45825417458254175,0.8514559823247387,False
GO_BP,PHOL,GO:0043473,pigmentation,5,-0.25205831399525797,-0.10464496318259303,0.5186481351864813,0.8514559823247387,False
GO_BP,PHOL,GO:0043484,regulation of RNA splicing,5,-0.6175960293907362,-0.9850020179444561,0.8158184181581842,0.898690366257492,False
GO_BP,PHOL,GO:0043487,regulation of RNA stability,6,-0.6041833923342212,-0.16456630914043846,0.5282471752824718,0.8514559823247387,False
GO_BP,PHOL,GO:0043488,regulation of mRNA stability,6,-0.6041833923342212,-0.16456630914043846,0.5282471752824718,0.8514559823247387,False
GO_BP,PHOL,GO:0043491,phosphatidylinositol 3-kinase/protein kinase B signal transduction,10,-1.5545505854395347,-0.958548037743703,0.7868213178682132,0.8846608134575591,False
GO_BP,PHOL,GO:0043502,regulation of muscle adaptation,8,-0.006268530222840003,0.1659687081675307,0.4092590740925907,0.8514559823247387,False
GO_BP,PHOL,GO:0043523,regulation of neuron apoptotic process,23,-0.9176730593849551,0.060765853211141474,0.45345465453454653,0.8514559823247387,False
GO_BP,PHOL,GO:0043524,negative regulation of neuron apoptotic process,13,-1.3014388410411182,-0.040858331646466794,0.48775122487751227,0.8514559823247387,False
GO_BP,PHOL,GO:0043525,positive regulation of neuron apoptotic process,7,-0.4704130080703378,0.15042571547675976,0.40175982401759824,0.8514559823247387,False
GO_BP,PHOL,GO:0043535,regulation of blood vessel endothelial cell migration,8,-1.1802292741451332,-0.047800778573253266,0.4958504149585041,0.8514559823247387,False
GO_BP,PHOL,GO:0043536,positive regulation of blood vessel endothelial cell migration,7,-1.238737538974766,-0.14191639379543863,0.5269473052694731,0.8514559823247387,False
GO_BP,PHOL,GO:0043542,endothelial cell migration,5,-0.9092879190950616,-0.13959843541943973,0.5090490950904909,0.8514559823247387,False
GO_BP,PHOL,GO:0043549,regulation of kinase activity,12,-0.6483173151525642,-0.6528721355140295,0.6987301269873013,0.8574464587439561,False
GO_BP,PHOL,GO:0043588,skin development,7,-1.167426494713878,-0.2717900538994952,0.5711428857114289,0.8514559823247387,False
GO_BP,PHOL,GO:0043627,response to estrogen,7,0.5056677858298799,0.41805301218085233,0.33936606339366066,0.8514559823247387,False
GO_BP,PHOL,GO:0043632,modification-dependent macromolecule catabolic process,5,0.5677581035206131,-0.36810636444499734,0.6095390460953904,0.8514559823247387,False
GO_BP,PHOL,GO:0043687,post-translational protein modification,18,1.7236080174233692,0.9967749570461826,0.20577942205779423,0.8514559823247387,False
GO_BP,PHOL,GO:0043933,protein-containing complex organization,26,0.03026069912284258,-0.38179250740178516,0.6128387161283871,0.8514559823247387,False
GO_BP,PHOL,GO:0044057,regulation of system process,60,-1.4084766456650883,-0.22830433673332173,0.5609439056094391,0.8514559823247387,False
GO_BP,PHOL,GO:0044085,cellular component biogenesis,48,1.911019005973282,0.8856983244378056,0.23627637236276372,0.8514559823247387,False
GO_BP,PHOL,GO:0044087,regulation of cellular component biogenesis,45,-0.7641467985560431,-0.9612426533726771,0.7835216478352165,0.8844383289601575,False
GO_BP,PHOL,GO:0044089,positive regulation of cellular component biogenesis,23,-0.7710918010387062,-0.8568548956348686,0.7629237076292371,0.8769525797911369,False
GO_BP,PHOL,GO:0044092,negative regulation of molecular function,9,-0.3450790560268971,-0.4561172545003346,0.6283371662833717,0.8514559823247387,False
GO_BP,PHOL,GO:0044093,positive regulation of molecular function,26,-1.892073899430573,-1.0068001496769168,0.7894210578942106,0.885119921165526,False
GO_BP,PHOL,GO:0044281,small molecule metabolic process,80,0.9334113144022939,0.5300816290046422,0.34166583341665835,0.8514559823247387,False
GO_BP,PHOL,GO:0044282,small molecule catabolic process,14,0.003130398344933066,-0.380718411026705,0.5966403359664033,0.8514559823247387,False
GO_BP,PHOL,GO:0044283,small molecule biosynthetic process,35,-0.36365979320714953,-0.47723578184944604,0.6306369363063694,0.8514559823247387,False
GO_BP,PHOL,GO:0044403,biological process involved in symbiotic interaction,8,-1.4226196632705885,0.01788530382387088,0.44915508449155084,0.8514559823247387,False
GO_BP,PHOL,GO:0044409,symbiont entry into host,6,-0.977740435235964,0.08660607229542805,0.41535846415358463,0.8514559823247387,False
GO_BP,PHOL,GO:0044419,biological process involved in interspecies interaction between organisms,64,-0.9611975714690798,0.11347063834257642,0.44245575442455753,0.8514559823247387,False
GO_BP,PHOL,GO:0044597,daunorubicin metabolic process,5,0.11968527889677953,-0.7991860547763505,0.787021297870213,0.8846608134575591,False
GO_BP,PHOL,GO:0044598,doxorubicin metabolic process,5,0.11968527889677953,-0.7991860547763505,0.787021297870213,0.8846608134575591,False
GO_BP,PHOL,GO:0044703,multi-organism reproductive process,14,-1.4354467441058818,-0.21952664097540286,0.5548445155484452,0.8514559823247387,False
GO_BP,PHOL,GO:0044706,multi-multicellular organism process,14,-1.4354467441058818,-0.21952664097540286,0.5548445155484452,0.8514559823247387,False
GO_BP,PHOL,GO:0044770,cell cycle phase transition,8,-0.6279304995232934,-0.3390368984167468,0.6139386061393861,0.8514559823247387,False
GO_BP,PHOL,GO:0044772,mitotic cell cycle phase transition,7,-0.5602353349657987,-0.3152892695310766,0.6101389861013898,0.8514559823247387,False
GO_BP,PHOL,GO:0044839,cell cycle G2/M phase transition,7,-0.5995464944874874,-0.3271366257673718,0.6108389161083891,0.8514559823247387,False
GO_BP,PHOL,GO:0045087,innate immune response,18,0.087716179869898,0.42957858402934784,0.34756524347565243,0.8514559823247387,False
GO_BP,PHOL,GO:0045088,regulation of innate immune response,32,-0.42787954280343377,0.10704222243917705,0.45685431456854314,0.8514559823247387,False
GO_BP,PHOL,GO:0045089,positive regulation of innate immune response,17,-1.000518249574077,0.07358913915283782,0.45455454454554545,0.8514559823247387,False
GO_BP,PHOL,GO:0045137,development of primary sexual characteristics,8,0.2569850181959302,0.1592051978956786,0.40275972402759724,0.8514559823247387,False
GO_BP,PHOL,GO:0045165,cell fate commitment,5,-0.5113688570939225,0.3942663688584038,0.3223677632236776,0.8514559823247387,False
GO_BP,PHOL,GO:0045184,establishment of protein localization,15,-1.222610200745913,-0.028104346993994556,0.48855114488551143,0.8514559823247387,False
GO_BP,PHOL,GO:0045187,"regulation of circadian sleep/wake cycle, sleep",6,-0.6079719829424162,-0.46101564851517624,0.6419358064193581,0.8514559823247387,False
GO_BP,PHOL,GO:0045229,external encapsulating structure organization,11,-1.6461995909415568,-0.1823436686268085,0.5234476552344766,0.8514559823247387,False
GO_BP,PHOL,GO:0045321,leukocyte activation,23,0.25416264380095044,0.2612536842824731,0.3925607439256074,0.8514559823247387,False
GO_BP,PHOL,GO:0045428,regulation of nitric oxide biosynthetic process,13,-1.1970944270125743,-0.3421257036623305,0.5994400559944005,0.8514559823247387,False
GO_BP,PHOL,GO:0045429,positive regulation of nitric oxide biosynthetic process,11,-1.1450830829430048,-0.3054869709303645,0.5871412858714129,0.8514559823247387,False
GO_BP,PHOL,GO:0045471,response to ethanol,20,-0.8038407886300496,-0.7685601262340902,0.7298270172982702,0.8651444885906546,False
GO_BP,PHOL,GO:0045595,regulation of cell differentiation,64,-1.2054897261829125,-0.33423010048087276,0.5922407759224078,0.8514559823247387,False
GO_BP,PHOL,GO:0045596,negative regulation of cell differentiation,21,-0.47874557660303924,-0.0955384618962819,0.5034496550344966,0.8514559823247387,False
GO_BP,PHOL,GO:0045597,positive regulation of cell differentiation,45,-1.2044193585157508,-0.4270580543613025,0.6291370862913709,0.8514559823247387,False
GO_BP,PHOL,GO:0045598,regulation of fat cell differentiation,11,-0.6361849149067451,0.0784277275243267,0.43275672432756723,0.8514559823247387,False
GO_BP,PHOL,GO:0045600,positive regulation of fat cell differentiation,6,-0.9592628866592984,0.059075406634931826,0.45765423457654236,0.8514559823247387,False
GO_BP,PHOL,GO:0045619,regulation of lymphocyte differentiation,6,-0.37248636059429224,-0.02962423897966232,0.47565243475652436,0.8514559823247387,False
GO_BP,PHOL,GO:0045621,positive regulation of lymphocyte differentiation,5,-0.7253524821107316,-0.03481109769118185,0.47725227477252274,0.8514559823247387,False
GO_BP,PHOL,GO:0045637,regulation of myeloid cell differentiation,9,-0.46713208253925087,0.038598166885958296,0.4316568343165683,0.8514559823247387,False
GO_BP,PHOL,GO:0045639,positive regulation of myeloid cell differentiation,6,-0.5033636076996105,-0.01678504558677274,0.47105289471052897,0.8514559823247387,False
GO_BP,PHOL,GO:0045646,regulation of erythrocyte differentiation,6,-0.7212762953800733,0.25736271834322566,0.33326667333266674,0.8514559823247387,False
GO_BP,PHOL,GO:0045648,positive regulation of erythrocyte differentiation,5,-0.6985713767397325,0.011925039168723006,0.45755424457554245,0.8514559823247387,False
GO_BP,PHOL,GO:0045664,regulation of neuron differentiation,6,-0.8516770162170656,-0.34768314226358055,0.585041495850415,0.8514559823247387,False
GO_BP,PHOL,GO:0045667,regulation of osteoblast differentiation,7,-0.5170138749416875,-0.4358579084931133,0.6359364063593641,0.8514559823247387,False
GO_BP,PHOL,GO:0045732,positive regulation of protein catabolic process,14,-1.217879588327636,-0.48928767139376805,0.6439356064393561,0.8514559823247387,False
GO_BP,PHOL,GO:0045739,positive regulation of DNA repair,8,0.2162649805275766,-0.4207935647700861,0.6339366063393661,0.8514559823247387,False
GO_BP,PHOL,GO:0045744,negative regulation of G protein-coupled receptor signaling pathway,9,0.8713704009989969,0.48234601234741453,0.3070692930706929,0.8514559823247387,False
GO_BP,PHOL,GO:0045745,positive regulation of G protein-coupled receptor signaling pathway,7,-0.5566789752157671,-0.18353487052832235,0.5304469553044695,0.8514559823247387,False
GO_BP,PHOL,GO:0045761,regulation of adenylate cyclase activity,9,-1.2641028059720953,-0.21773102908871245,0.5475452454754525,0.8514559823247387,False
GO_BP,PHOL,GO:0045762,positive regulation of adenylate cyclase activity,7,-1.8478220222035864,-0.9824369089375418,0.7856214378562144,0.8846608134575591,False
GO_BP,PHOL,GO:0045765,regulation of angiogenesis,21,0.6212081986919302,0.04542765558428963,0.44565543445655437,0.8514559823247387,False
GO_BP,PHOL,GO:0045766,positive regulation of angiogenesis,12,0.2960292418211039,0.33491052003011723,0.34236576342365765,0.8514559823247387,False
GO_BP,PHOL,GO:0045776,negative regulation of blood pressure,7,-0.192881224293193,-0.12066310366224058,0.5092490750924907,0.8514559823247387,False
GO_BP,PHOL,GO:0045777,positive regulation of blood pressure,7,-0.5077470128044562,-0.8558444359936579,0.7675232476752325,0.8787413464859231,False
GO_BP,PHOL,GO:0045778,positive regulation of ossification,5,0.6329672663083753,-0.6387965186246379,0.763023697630237,0.8769525797911369,False
GO_BP,PHOL,GO:0045785,positive regulation of cell adhesion,27,-1.0105861851682192,-0.40391357623831736,0.5980401959804019,0.8514559823247387,False
GO_BP,PHOL,GO:0045786,negative regulation of cell cycle,7,-0.5185108812524123,0.2530425471493457,0.3237676232376762,0.8514559823247387,False
GO_BP,PHOL,GO:0045787,positive regulation of cell cycle,23,-1.5681975629600193,-0.5818858877978936,0.6746325367463254,0.8539237155845091,False
GO_BP,PHOL,GO:0045807,positive regulation of endocytosis,7,-0.943232593593523,0.24512649800656805,0.38746125387461255,0.8514559823247387,False
GO_BP,PHOL,GO:0045814,"negative regulation of gene expression, epigenetic",9,2.2437190968152216,0.9117796585308806,0.20927907209279073,0.8514559823247387,False
GO_BP,PHOL,GO:0045823,positive regulation of heart contraction,6,0.2605699294078385,-1.2330594309240899,0.8736126387361264,0.924170574356934,False
GO_BP,PHOL,GO:0045824,negative regulation of innate immune response,7,0.30354006015893004,0.4772926768857526,0.3143685631436856,0.8514559823247387,False
GO_BP,PHOL,GO:0045833,negative regulation of lipid metabolic process,8,2.3848724075242416,1.671401292712415,0.0827917208279172,0.8514559823247387,False
GO_BP,PHOL,GO:0045834,positive regulation of lipid metabolic process,19,-0.1776645276577769,0.05801971319679075,0.47235276472352766,0.8514559823247387,False
GO_BP,PHOL,GO:0045840,positive regulation of mitotic nuclear division,5,-0.8459165059513197,-0.624276942880823,0.7016298370162983,0.8574464587439561,False
GO_BP,PHOL,GO:0045859,regulation of protein kinase activity,11,-0.618755771163014,-0.8222411392336005,0.7541245875412459,0.8746185942705581,False
GO_BP,PHOL,GO:0045860,positive regulation of protein kinase activity,10,-1.004017846334234,-0.5261932697431562,0.6613338666133387,0.8514559823247387,False
GO_BP,PHOL,GO:0045862,positive regulation of proteolysis,5,-0.521304550014978,-0.19920374120542383,0.534046595340466,0.8514559823247387,False
GO_BP,PHOL,GO:0045892,negative regulation of DNA-templated transcription,49,1.4582010550321804,0.8189722022023622,0.25047495250474955,0.8514559823247387,False
GO_BP,PHOL,GO:0045893,positive regulation of DNA-templated transcription,58,0.6135679916804632,0.9915090681454567,0.2101789821017898,0.8514559823247387,False
GO_BP,PHOL,GO:0045907,positive regulation of vasoconstriction,9,-1.2573758007485656,-0.3612159607317612,0.6014398560143985,0.8514559823247387,False
GO_BP,PHOL,GO:0045913,positive regulation of carbohydrate metabolic process,7,-1.0186609056987295,-0.10808756909608053,0.5198480151984801,0.8514559823247387,False
GO_BP,PHOL,GO:0045923,positive regulation of fatty acid metabolic process,6,-0.20391160484047804,0.29422779931714216,0.37916208379162086,0.8514559823247387,False
GO_BP,PHOL,GO:0045926,negative regulation of growth,7,0.3792622045788342,0.5943596549631608,0.28487151284871515,0.8514559823247387,False
GO_BP,PHOL,GO:0045927,positive regulation of growth,13,-0.9283957095612965,-0.6621039459120506,0.698030196980302,0.8574464587439561,False
GO_BP,PHOL,GO:0045931,positive regulation of mitotic cell cycle,12,-1.3164879917866485,-0.48214076804403816,0.6406359364063594,0.8514559823247387,False
GO_BP,PHOL,GO:0045933,positive regulation of muscle contraction,9,-0.6876058120905743,-0.6608230999183519,0.7344265573442655,0.8670828174498392,False
GO_BP,PHOL,GO:0045934,negative regulation of nucleobase-containing compound metabolic process,56,1.4179102822195047,0.9918777703698118,0.20957904209579042,0.8514559823247387,False
GO_BP,PHOL,GO:0045936,negative regulation of phosphate metabolic process,6,0.7383399824037563,-0.38300644075618007,0.6042395760423958,0.8514559823247387,False
GO_BP,PHOL,GO:0045937,positive regulation of phosphate metabolic process,22,-2.152831787725106,-1.2765817271307696,0.8517148285171483,0.9110915194194866,False
GO_BP,PHOL,GO:0045944,positive regulation of transcription by RNA polymerase II,44,1.154616481757757,1.1885947457814607,0.16898310168983102,0.8514559823247387,False
GO_BP,PHOL,GO:0045981,positive regulation of nucleotide metabolic process,8,-0.8834426640498577,0.08542178100292264,0.44935506449355067,0.8514559823247387,False
GO_BP,PHOL,GO:0045987,positive regulation of smooth muscle contraction,6,-0.7334751069054534,-0.3853066951302054,0.6318368163183682,0.8514559823247387,False
GO_BP,PHOL,GO:0046034,ATP metabolic process,7,1.1554560982160293,1.1126788675730168,0.1825817418258174,0.8514559823247387,False
GO_BP,PHOL,GO:0046149,pigment catabolic process,5,4.449868428911914,2.6329069432298113,0.046495350464953504,0.8514559823247387,False
GO_BP,PHOL,GO:0046165,alcohol biosynthetic process,6,2.5152567057233446,0.29390517675036953,0.33796620337966204,0.8514559823247387,False
GO_BP,PHOL,GO:0046209,nitric oxide metabolic process,7,-0.7559466006242785,-0.35433837123692824,0.5960403959604039,0.8514559823247387,False
GO_BP,PHOL,GO:0046320,regulation of fatty acid oxidation,5,-0.4659561340004245,-0.002686818627416765,0.4667533246675332,0.8514559823247387,False
GO_BP,PHOL,GO:0046328,regulation of JNK cascade,13,-0.5978610224058352,-0.8747900377260385,0.7685231476852314,0.8787413464859231,False
GO_BP,PHOL,GO:0046330,positive regulation of JNK cascade,7,-0.2102417388240951,-0.7902055571328922,0.7467253274672533,0.8724927357526288,False
GO_BP,PHOL,GO:0046394,carboxylic acid biosynthetic process,26,-0.5543680504903633,-0.3565957413591254,0.591940805919408,0.8514559823247387,False
GO_BP,PHOL,GO:0046395,carboxylic acid catabolic process,6,-0.19336160289751925,-0.026279026018289853,0.48975102489751027,0.8514559823247387,False
GO_BP,PHOL,GO:0046425,regulation of receptor signaling pathway via JAK-STAT,7,-0.3418376035316332,-0.27404898896739466,0.5935406459354065,0.8514559823247387,False
GO_BP,PHOL,GO:0046427,positive regulation of receptor signaling pathway via JAK-STAT,6,-0.578278884258486,0.0704787909172705,0.41905809419058093,0.8514559823247387,False
GO_BP,PHOL,GO:0046434,organophosphate catabolic process,10,-0.48510637419855707,0.3596421479656514,0.29447055294470553,0.8514559823247387,False
GO_BP,PHOL,GO:0046456,icosanoid biosynthetic process,11,-0.6470734440337103,0.16041608275310848,0.39006099390060994,0.8514559823247387,False
GO_BP,PHOL,GO:0046457,prostanoid biosynthetic process,8,-0.6638677008565123,0.1348963267487162,0.39516048395160486,0.8514559823247387,False
GO_BP,PHOL,GO:0046461,neutral lipid catabolic process,5,0.9575681726710426,0.7415304758238073,0.26107389261073893,0.8514559823247387,False
GO_BP,PHOL,GO:0046464,acylglycerol catabolic process,5,0.9575681726710426,0.7415304758238073,0.26107389261073893,0.8514559823247387,False
GO_BP,PHOL,GO:0046486,glycerolipid metabolic process,11,0.5014631447928477,-0.010854123571364394,0.46065393460653936,0.8514559823247387,False
GO_BP,PHOL,GO:0046496,nicotinamide nucleotide metabolic process,6,0.12932899275000875,0.29330655953091156,0.35596440355964404,0.8514559823247387,False
GO_BP,PHOL,GO:0046503,glycerolipid catabolic process,6,0.8729771533279597,0.681735798117868,0.2782721727827217,0.8514559823247387,False
GO_BP,PHOL,GO:0046545,development of primary female sexual characteristics,5,-0.2967099818789391,-0.29763676086743196,0.5869413058694131,0.8514559823247387,False
GO_BP,PHOL,GO:0046546,development of primary male sexual characteristics,5,1.0388898086554372,0.7401282351646213,0.23527647235276472,0.8514559823247387,False
GO_BP,PHOL,GO:0046618,xenobiotic export from cell,5,0.452043863163306,0.2691815043346838,0.3688631136886311,0.8514559823247387,False
GO_BP,PHOL,GO:0046626,regulation of insulin receptor signaling pathway,7,1.4583590712433225,-0.0050866835797322985,0.48665133486651335,0.8514559823247387,False
GO_BP,PHOL,GO:0046649,lymphocyte activation,16,-0.2520875225606005,0.12831345883030348,0.4126587341265873,0.8514559823247387,False
GO_BP,PHOL,GO:0046660,female sex differentiation,5,-0.2967099818789391,-0.29763676086743196,0.5869413058694131,0.8514559823247387,False
GO_BP,PHOL,GO:0046661,male sex differentiation,6,1.258729477725923,0.8781779995012009,0.21157884211578842,0.8514559823247387,False
GO_BP,PHOL,GO:0046676,negative regulation of insulin secretion,5,-0.7181800581717586,-0.07271987221605913,0.46455354464553544,0.8514559823247387,False
GO_BP,PHOL,GO:0046683,response to organophosphorus,9,-0.33629232446865903,-0.6532723572571859,0.7213278672132787,0.8630764830493695,False
GO_BP,PHOL,GO:0046718,symbiont entry into host cell,6,-0.977740435235964,0.08660607229542805,0.41535846415358463,0.8514559823247387,False
GO_BP,PHOL,GO:0046777,protein autophosphorylation,17,-1.7219832669581772,-0.7651507176465802,0.7244275572442755,0.8631638741129698,False
GO_BP,PHOL,GO:0046822,regulation of nucleocytoplasmic transport,8,-1.1711316374490541,-0.633264645061966,0.6986301369863014,0.8574464587439561,False
GO_BP,PHOL,GO:0046824,positive regulation of nucleocytoplasmic transport,8,-1.1711316374490541,-0.633264645061966,0.6986301369863014,0.8574464587439561,False
GO_BP,PHOL,GO:0046883,regulation of hormone secretion,22,-0.0880789064299519,-0.22250321318314614,0.5376462353764624,0.8514559823247387,False
GO_BP,PHOL,GO:0046887,positive regulation of hormone secretion,10,-0.00279517675466513,-0.13520395918804823,0.5083491650834917,0.8514559823247387,False
GO_BP,PHOL,GO:0046888,negative regulation of hormone secretion,7,-1.1981604748998667,-0.6327700109212566,0.6930306969303069,0.8571309888038681,False
GO_BP,PHOL,GO:0046889,positive regulation of lipid biosynthetic process,13,-0.41299183121479766,-0.09078088985635585,0.5173482651734826,0.8514559823247387,False
GO_BP,PHOL,GO:0046890,regulation of lipid biosynthetic process,17,-0.4288335298314423,-0.12577971318103293,0.5281471852814719,0.8514559823247387,False
GO_BP,PHOL,GO:0046902,regulation of mitochondrial membrane permeability,5,-0.7503267310823494,-0.30624619036579004,0.5787421257874212,0.8514559823247387,False
GO_BP,PHOL,GO:0046903,secretion,19,-0.8002021571642238,0.05272610126526944,0.46135386461353867,0.8514559823247387,False
GO_BP,PHOL,GO:0046907,intracellular transport,18,-0.6961113978251346,0.07340681965783469,0.46155384461553844,0.8514559823247387,False
GO_BP,PHOL,GO:0046942,carboxylic acid transport,26,1.2133745249993804,0.8864310943823197,0.2258774122587741,0.8514559823247387,False
GO_BP,PHOL,GO:0048009,insulin-like growth factor receptor signaling pathway,6,-0.9189922727737764,-0.8232172578783049,0.7553244675532447,0.8746185942705581,False
GO_BP,PHOL,GO:0048010,vascular endothelial growth factor receptor signaling pathway,9,-1.5575783837214416,-0.6241593968149413,0.688031196880312,0.8571076066617682,False
GO_BP,PHOL,GO:0048013,ephrin receptor signaling pathway,7,-1.0778183162090085,-0.5167619442358771,0.6497350264973503,0.8514559823247387,False
GO_BP,PHOL,GO:0048148,behavioral response to cocaine,6,-0.892992547821083,0.18630365431872842,0.39246075392460755,0.8514559823247387,False
GO_BP,PHOL,GO:0048167,regulation of synaptic plasticity,16,-0.44061986065426817,-0.3851396360740108,0.6096390360963904,0.8514559823247387,False
GO_BP,PHOL,GO:0048168,regulation of neuronal synaptic plasticity,6,-0.9406213066598252,-0.32593095686512674,0.5871412858714129,0.8514559823247387,False
GO_BP,PHOL,GO:0048169,regulation of long-term neuronal synaptic plasticity,5,-0.9859045442117783,-0.4528680589178783,0.6356364363563644,0.8514559823247387,False
GO_BP,PHOL,GO:0048259,regulation of receptor-mediated endocytosis,6,-0.5866456783287987,0.2129075431838342,0.39466053394660533,0.8514559823247387,False
GO_BP,PHOL,GO:0048285,organelle fission,6,-0.22563554665944413,-0.18919055881876382,0.5326467353264673,0.8514559823247387,False
GO_BP,PHOL,GO:0048384,retinoic acid receptor signaling pathway,5,1.368851679709217,0.42063753040574625,0.31526847315268475,0.8514559823247387,False
GO_BP,PHOL,GO:0048468,cell development,52,-0.7065908402760873,-0.2633910190345812,0.573942605739426,0.8514559823247387,False
GO_BP,PHOL,GO:0048469,cell maturation,5,0.16387892516890745,0.2932844435060494,0.35866413358664134,0.8514559823247387,False
GO_BP,PHOL,GO:0048511,rhythmic process,22,0.3787306550268078,0.007885525635993762,0.48355164483551644,0.8514559823247387,False
GO_BP,PHOL,GO:0048513,animal organ development,90,0.29861384221722936,1.5085236436131615,0.1207879212078792,0.8514559823247387,False
GO_BP,PHOL,GO:0048514,blood vessel morphogenesis,16,-0.7089657848563202,-0.09956536998671472,0.49755024497550243,0.8514559823247387,False
GO_BP,PHOL,GO:0048519,negative regulation of biological process,183,1.0634369527822227,0.7871466577264334,0.2706729327067293,0.8514559823247387,False
GO_BP,PHOL,GO:0048520,positive regulation of behavior,5,-0.7281480784288308,-0.23842594675600687,0.5511448855114488,0.8514559823247387,False
GO_BP,PHOL,GO:0048523,negative regulation of cellular process,178,0.8761628950584042,0.6284256353221901,0.30546945305469453,0.8514559823247387,False
GO_BP,PHOL,GO:0048545,response to steroid hormone,33,1.4840006753798103,1.41595803808177,0.1207879212078792,0.8514559823247387,False
GO_BP,PHOL,GO:0048568,embryonic organ development,7,1.7320606254866424,0.9957005620364182,0.20037996200379962,0.8514559823247387,False
GO_BP,PHOL,GO:0048583,regulation of response to stimulus,180,-1.619076659024764,-0.5217982334549263,0.6527347265273473,0.8514559823247387,False
GO_BP,PHOL,GO:0048584,positive regulation of response to stimulus,132,-1.9909987811408683,-0.4182347643816158,0.6251374862513749,0.8514559823247387,False
GO_BP,PHOL,GO:0048585,negative regulation of response to stimulus,84,-0.40042179441816095,0.058020156248096866,0.46195380461953806,0.8514559823247387,False
GO_BP,PHOL,GO:0048598,embryonic morphogenesis,8,-0.961867686543001,-0.1789415000989546,0.5274472552744726,0.8514559823247387,False
GO_BP,PHOL,GO:0048608,reproductive structure development,10,0.5712688377620664,0.18637527424709033,0.3945605439456054,0.8514559823247387,False
GO_BP,PHOL,GO:0048609,multicellular organismal reproductive process,17,0.9653366216948374,1.1699505188071868,0.1685831416858314,0.8514559823247387,False
GO_BP,PHOL,GO:0048638,regulation of developmental growth,11,-0.02647559664862732,-0.20740815552705055,0.5485451454854514,0.8514559823247387,False
GO_BP,PHOL,GO:0048639,positive regulation of developmental growth,6,0.10289900528603117,-0.4198715800896669,0.6163383661633837,0.8514559823247387,False
GO_BP,PHOL,GO:0048646,anatomical structure formation involved in morphogenesis,16,-0.7174891602328236,-0.3124879357771999,0.5834416558344165,0.8514559823247387,False
GO_BP,PHOL,GO:0048660,regulation of smooth muscle cell proliferation,16,-1.3004680550963272,-0.42374509282937933,0.6233376662333766,0.8514559823247387,False
GO_BP,PHOL,GO:0048661,positive regulation of smooth muscle cell proliferation,13,-1.3101889109149332,-0.5008377183117912,0.6478352164783522,0.8514559823247387,False
GO_BP,PHOL,GO:0048666,neuron development,21,0.2230419555235694,-0.07938722579481292,0.5091490850914908,0.8514559823247387,False
GO_BP,PHOL,GO:0048667,cell morphogenesis involved in neuron differentiation,8,0.01283952436846492,0.13119435581899686,0.41055894410558946,0.8514559823247387,False
GO_BP,PHOL,GO:0048678,response to axon injury,5,-0.5712037106292381,-0.24454836641192174,0.5524447555244476,0.8514559823247387,False
GO_BP,PHOL,GO:0048699,generation of neurons,30,-0.918883467902952,-0.37332337577451413,0.6047395260473952,0.8514559823247387,False
GO_BP,PHOL,GO:0048708,astrocyte differentiation,6,-0.33540354912998915,-0.3518889707495635,0.6072392760723928,0.8514559823247387,False
GO_BP,PHOL,GO:0048729,tissue morphogenesis,7,-1.5755081848133954,-0.46057071692460694,0.6366363363663634,0.8514559823247387,False
GO_BP,PHOL,GO:0048731,system development,108,-0.001590528248290164,0.8413002818924681,0.23717628237176283,0.8514559823247387,False
GO_BP,PHOL,GO:0048732,gland development,19,0.6955163297533503,1.5323059699770338,0.103989601039896,0.8514559823247387,False
GO_BP,PHOL,GO:0048771,tissue remodeling,9,-1.1913755322435513,-0.03854591325827217,0.48995100489951005,0.8514559823247387,False
GO_BP,PHOL,GO:0048812,neuron projection morphogenesis,10,-0.12022925532901058,-0.06058147872527549,0.48175182481751827,0.8514559823247387,False
GO_BP,PHOL,GO:0048856,anatomical structure development,139,-0.061375105933912794,0.925386901554019,0.22447755224477553,0.8514559823247387,False
GO_BP,PHOL,GO:0048858,cell projection morphogenesis,10,-0.12022925532901058,-0.06058147872527549,0.48175182481751827,0.8514559823247387,False
GO_BP,PHOL,GO:0048869,cellular developmental process,90,-0.7281356105064908,-0.05147702152676603,0.51004899510049,0.8514559823247387,False
GO_BP,PHOL,GO:0048870,cell motility,42,-1.3097080927904547,0.13790805729344235,0.42055794420557946,0.8514559823247387,False
GO_BP,PHOL,GO:0048871,multicellular organismal-level homeostasis,27,-1.116246259323873,-0.29132465730876067,0.5797420257974203,0.8514559823247387,False
GO_BP,PHOL,GO:0048872,homeostasis of number of cells,9,-0.7019538202365678,-0.34181891188981606,0.5889411058894111,0.8514559823247387,False
GO_BP,PHOL,GO:0048878,chemical homeostasis,51,0.09050190961004013,0.16767877893490607,0.41055894410558946,0.8514559823247387,False
GO_BP,PHOL,GO:0048880,sensory system development,12,-1.0947179293657687,0.35929228437279037,0.30956904309569044,0.8514559823247387,False
GO_BP,PHOL,GO:0050433,regulation of catecholamine secretion,11,-1.6492930720142693,-0.624053876880005,0.6897310268973103,0.8571076066617682,False
GO_BP,PHOL,GO:0050670,regulation of lymphocyte proliferation,7,-0.3549581563660762,-0.36326589540708654,0.6034396560343965,0.8514559823247387,False
GO_BP,PHOL,GO:0050671,positive regulation of lymphocyte proliferation,5,-0.8726744597432479,-0.5211178281711956,0.6677332266773323,0.8533864520334556,False
GO_BP,PHOL,GO:0050678,regulation of epithelial cell proliferation,18,-1.090039179732292,-0.34476770828105674,0.5888411158884111,0.8514559823247387,False
GO_BP,PHOL,GO:0050679,positive regulation of epithelial cell proliferation,14,-1.3487230468361866,-0.7242755709885025,0.7208279172082792,0.863001957670695,False
GO_BP,PHOL,GO:0050708,regulation of protein secretion,23,-0.012515513871911322,-0.2305802100001711,0.549045095490451,0.8514559823247387,False
GO_BP,PHOL,GO:0050709,negative regulation of protein secretion,9,-1.155614205841078,-0.39578934378702924,0.5931406859314069,0.8514559823247387,False
GO_BP,PHOL,GO:0050714,positive regulation of protein secretion,11,0.09239778021672972,-0.04681044132012464,0.49375062493750627,0.8514559823247387,False
GO_BP,PHOL,GO:0050727,regulation of inflammatory response,34,-0.5141392470497007,-0.25508344975788994,0.5547445255474452,0.8514559823247387,False
GO_BP,PHOL,GO:0050728,negative regulation of inflammatory response,16,-0.34639824708004857,-0.3077240366696972,0.5823417658234177,0.8514559823247387,False
GO_BP,PHOL,GO:0050729,positive regulation of inflammatory response,11,-0.6849683321836746,0.025691406072808842,0.47465253474652536,0.8514559823247387,False
GO_BP,PHOL,GO:0050730,regulation of peptidyl-tyrosine phosphorylation,5,-0.7087334149225659,-0.44217940806654704,0.6267373262673732,0.8514559823247387,False
GO_BP,PHOL,GO:0050764,regulation of phagocytosis,6,-0.11540779541998246,0.09553739179849564,0.4086591340865913,0.8514559823247387,False
GO_BP,PHOL,GO:0050767,regulation of neurogenesis,12,0.013888861943190459,-0.4665253398272577,0.6374362563743625,0.8514559823247387,False
GO_BP,PHOL,GO:0050769,positive regulation of neurogenesis,8,-0.3012477160450054,-0.9732978868698203,0.8000199980002,0.8910265565542446,False
GO_BP,PHOL,GO:0050773,regulation of dendrite development,5,-0.9300025324514932,-0.7054312084957183,0.7257274272572742,0.8631638741129698,False
GO_BP,PHOL,GO:0050776,regulation of immune response,51,-0.5865196892154858,-0.3728751670967534,0.6067393260673932,0.8514559823247387,False
GO_BP,PHOL,GO:0050777,negative regulation of immune response,12,-0.2565279633571439,0.19095579817998987,0.39216078392160786,0.8514559823247387,False
GO_BP,PHOL,GO:0050778,positive regulation of immune response,29,-1.1406504327869365,-0.36628673178255755,0.6027397260273972,0.8514559823247387,False
GO_BP,PHOL,GO:0050790,regulation of catalytic activity,28,-1.6960194524511039,-1.0039568462449817,0.7925207479252074,0.8864715822872778,False
GO_BP,PHOL,GO:0050792,regulation of viral process,5,1.4619974815883603,1.0404296725671585,0.18448155184481552,0.8514559823247387,False
GO_BP,PHOL,GO:0050793,regulation of developmental process,89,-0.4678642248561026,-0.42015145722936453,0.6160383961603839,0.8514559823247387,False
GO_BP,PHOL,GO:0050795,regulation of behavior,14,0.4815173104500028,1.1072572761252848,0.18348165183481652,0.8514559823247387,False
GO_BP,PHOL,GO:0050796,regulation of insulin secretion,14,0.021844334335679987,-0.30542744279784795,0.5787421257874212,0.8514559823247387,False
GO_BP,PHOL,GO:0050801,monoatomic ion homeostasis,26,0.3354561494535335,-0.22500059316913423,0.551044895510449,0.8514559823247387,False
GO_BP,PHOL,GO:0050803,regulation of synapse structure or activity,17,-0.06954410933868843,-0.44713872694958773,0.6284371562843716,0.8514559823247387,False
GO_BP,PHOL,GO:0050804,modulation of chemical synaptic transmission,50,-0.4330457319290007,0.36664094691229315,0.36136386361363865,0.8514559823247387,False
GO_BP,PHOL,GO:0050805,negative regulation of synaptic transmission,10,-1.1340577285247995,-0.4961272691800127,0.6444355564443556,0.8514559823247387,False
GO_BP,PHOL,GO:0050806,positive regulation of synaptic transmission,10,0.3437796626948535,0.8116860305709956,0.22847715228477153,0.8514559823247387,False
GO_BP,PHOL,GO:0050807,regulation of synapse organization,17,-0.06954410933868843,-0.44713872694958773,0.6284371562843716,0.8514559823247387,False
GO_BP,PHOL,GO:0050808,synapse organization,15,0.666525051261468,0.47517075976637857,0.33636636336366366,0.8514559823247387,False
GO_BP,PHOL,GO:0050810,regulation of steroid biosynthetic process,5,0.04441113995578793,-0.3764424579831009,0.6057394260573943,0.8514559823247387,False
GO_BP,PHOL,GO:0050817,coagulation,16,-1.4928809564779435,-0.49751980307115096,0.6419358064193581,0.8514559823247387,False
GO_BP,PHOL,GO:0050818,regulation of coagulation,5,-0.9296052959483556,-0.15116767530934005,0.5201479852014799,0.8514559823247387,False
GO_BP,PHOL,GO:0050821,protein stabilization,8,-0.9441521624628653,-0.1837698067737753,0.5567443255674432,0.8514559823247387,False
GO_BP,PHOL,GO:0050848,regulation of calcium-mediated signaling,5,-0.34288537795401375,-0.8627722031916039,0.7566243375662434,0.8746185942705581,False
GO_BP,PHOL,GO:0050851,antigen receptor-mediated signaling pathway,10,-0.35772105380702773,-0.11951495946056179,0.5128487151284872,0.8514559823247387,False
GO_BP,PHOL,GO:0050852,T cell receptor signaling pathway,6,1.4751389502021663,0.35883983636626304,0.32826717328267174,0.8514559823247387,False
GO_BP,PHOL,GO:0050854,regulation of antigen receptor-mediated signaling pathway,5,2.394979763160715,1.1439220146684774,0.16948305169483052,0.8514559823247387,False
GO_BP,PHOL,GO:0050858,negative regulation of antigen receptor-mediated signaling pathway,5,2.394979763160715,1.1439220146684774,0.16948305169483052,0.8514559823247387,False
GO_BP,PHOL,GO:0050863,regulation of T cell activation,14,-0.7321015340031118,-0.6884277047873042,0.7179282071792821,0.863001957670695,False
GO_BP,PHOL,GO:0050864,regulation of B cell activation,5,-0.6421825424983846,0.10304057632684926,0.42175782421757824,0.8514559823247387,False
GO_BP,PHOL,GO:0050865,regulation of cell activation,27,-1.138935147843776,-0.6658823581023007,0.6983301669833016,0.8574464587439561,False
GO_BP,PHOL,GO:0050866,negative regulation of cell activation,11,0.10694337464902473,-0.6948248536789761,0.7172282771722828,0.863001957670695,False
GO_BP,PHOL,GO:0050867,positive regulation of cell activation,18,-1.2116859831884261,-0.27984398665622345,0.567943205679432,0.8514559823247387,False
GO_BP,PHOL,GO:0050868,negative regulation of T cell activation,5,1.410122885641207,0.5074303956513867,0.3331666833316668,0.8514559823247387,False
GO_BP,PHOL,GO:0050870,positive regulation of T cell activation,11,-0.8834287434868251,-0.49564205882789986,0.6491350864913509,0.8514559823247387,False
GO_BP,PHOL,GO:0050871,positive regulation of B cell activation,5,-0.6421825424983846,0.10304057632684926,0.42175782421757824,0.8514559823247387,False
GO_BP,PHOL,GO:0050877,nervous system process,49,-1.0112462035873773,-0.6706640170912099,0.7023297670232976,0.8574464587439561,False
GO_BP,PHOL,GO:0050878,regulation of body fluid levels,25,-1.8018793910743662,-0.5148284481648384,0.6524347565243476,0.8514559823247387,False
GO_BP,PHOL,GO:0050890,cognition,25,-0.319083697730181,-0.14650796660478038,0.5314468553144686,0.8514559823247387,False
GO_BP,PHOL,GO:0050892,intestinal absorption,5,0.9969853455877653,0.7539032429366256,0.262973702629737,0.8514559823247387,False
GO_BP,PHOL,GO:0050900,leukocyte migration,13,-0.4229777361555458,0.44907661797906373,0.3154684531546845,0.8514559823247387,False
GO_BP,PHOL,GO:0050905,neuromuscular process,9,-0.10012425408482933,-0.7093062378966672,0.7608239176082392,0.8759301191652052,False
GO_BP,PHOL,GO:0050906,detection of stimulus involved in sensory perception,8,-0.1937076299201017,-0.4674107593965392,0.6724327567243276,0.8539237155845091,False
GO_BP,PHOL,GO:0050920,regulation of chemotaxis,16,-0.22333668474095889,-0.35602005830255123,0.5992400759924008,0.8514559823247387,False
GO_BP,PHOL,GO:0050921,positive regulation of chemotaxis,10,0.0986650607733612,-0.03354405054276062,0.48685131486851313,0.8514559823247387,False
GO_BP,PHOL,GO:0050922,negative regulation of chemotaxis,5,-0.23472646573405095,-0.7072708788459422,0.7846215378462154,0.8846608134575591,False
GO_BP,PHOL,GO:0050951,sensory perception of temperature stimulus,7,-1.1730854204580055,-1.730312417834229,0.936906309369063,0.9663264612278304,False
GO_BP,PHOL,GO:0050994,regulation of lipid catabolic process,8,-0.689174039447215,-0.42362500788665547,0.6155384461553844,0.8514559823247387,False
GO_BP,PHOL,GO:0050995,negative regulation of lipid catabolic process,5,-1.1060315764482587,-0.5467425724882052,0.6748325167483251,0.8539237155845091,False
GO_BP,PHOL,GO:0051046,regulation of secretion,42,-0.5364356526663243,-0.13574165094337992,0.5076492350764924,0.8514559823247387,False
GO_BP,PHOL,GO:0051047,positive regulation of secretion,20,-0.2805694941275051,-0.32417360435546627,0.5824417558244176,0.8514559823247387,False
GO_BP,PHOL,GO:0051048,negative regulation of secretion,13,-1.3525444907658375,-0.47441496161723684,0.6464353564643536,0.8514559823247387,False
GO_BP,PHOL,GO:0051049,regulation of transport,96,-0.9865418295105811,-0.35020301226856143,0.5981401859814018,0.8514559823247387,False
GO_BP,PHOL,GO:0051050,positive regulation of transport,54,-0.4359007341105344,0.11550255672238108,0.44075592440755923,0.8514559823247387,False
GO_BP,PHOL,GO:0051051,negative regulation of transport,21,-1.2891037303651618,-0.04455178220100753,0.48385161483851613,0.8514559823247387,False
GO_BP,PHOL,GO:0051052,regulation of DNA metabolic process,27,0.47521715184601504,-0.5833106095732803,0.6766323367663234,0.8539237155845091,False
GO_BP,PHOL,GO:0051053,negative regulation of DNA metabolic process,7,-0.3887313793228463,0.5694389884086731,0.28187181281871815,0.8514559823247387,False
GO_BP,PHOL,GO:0051054,positive regulation of DNA metabolic process,19,-0.668718599724047,-0.7010009746110678,0.7106289371062894,0.86156662470881,False
GO_BP,PHOL,GO:0051056,regulation of small GTPase mediated signal transduction,7,-1.233725354751936,-0.9448910891274606,0.7957204279572043,0.8885865527446778,False
GO_BP,PHOL,GO:0051057,positive regulation of small GTPase mediated signal transduction,6,-1.212551211004211,-0.8381984849447062,0.7683231676832317,0.8787413464859231,False
GO_BP,PHOL,GO:0051093,negative regulation of developmental process,35,-0.07875644651461121,-0.2815658650946065,0.5668433156684332,0.8514559823247387,False
GO_BP,PHOL,GO:0051094,positive regulation of developmental process,64,-0.7488383147994221,-0.15472631809685267,0.5342465753424658,0.8514559823247387,False
GO_BP,PHOL,GO:0051098,regulation of binding,5,-0.4389456473292928,-0.566231367648622,0.669033096690331,0.8533864520334556,False
GO_BP,PHOL,GO:0051128,regulation of cellular component organization,97,-1.1938507057530692,-0.6589751939047253,0.6912308769123088,0.8571309888038681,False
GO_BP,PHOL,GO:0051129,negative regulation of cellular component organization,34,-0.5726370067578374,-0.31820724028110703,0.5898410158984102,0.8514559823247387,False
GO_BP,PHOL,GO:0051130,positive regulation of cellular component organization,51,-1.0727637816987785,-0.5621671262195972,0.663033696630337,0.8527061556004334,False
GO_BP,PHOL,GO:0051147,regulation of muscle cell differentiation,6,-0.327565572239474,-0.34451518096417955,0.5867413258674132,0.8514559823247387,False
GO_BP,PHOL,GO:0051169,nuclear transport,5,-1.0390159547251223,0.3131404391393462,0.35496450354964504,0.8514559823247387,False
GO_BP,PHOL,GO:0051174,regulation of phosphorus metabolic process,17,-0.6848425322234505,0.3933785773565409,0.35726427357264273,0.8514559823247387,False
GO_BP,PHOL,GO:0051179,localization,130,0.022483663089035107,0.5132907699938266,0.32586741325867413,0.8514559823247387,False
GO_BP,PHOL,GO:0051222,positive regulation of protein transport,21,-0.4594901914798439,-0.32941816444630284,0.5925407459254075,0.8514559823247387,False
GO_BP,PHOL,GO:0051223,regulation of protein transport,35,-0.3261687557245443,-0.6823542995177037,0.7071292870712929,0.8596149730821311,False
GO_BP,PHOL,GO:0051224,negative regulation of protein transport,9,-1.155614205841078,-0.39578934378702924,0.5931406859314069,0.8514559823247387,False
GO_BP,PHOL,GO:0051225,spindle assembly,6,-1.0059406476436072,-0.17370467281412116,0.5520447955204479,0.8514559823247387,False
GO_BP,PHOL,GO:0051234,establishment of localization,121,0.4933909113484412,0.786019109592835,0.25517448255174485,0.8514559823247387,False
GO_BP,PHOL,GO:0051239,regulation of multicellular organismal process,153,-1.448567781194112,-0.295387207406524,0.577942205779422,0.8514559823247387,False
GO_BP,PHOL,GO:0051240,positive regulation of multicellular organismal process,100,-1.1876720412113861,-0.13219061814543154,0.5232476752324767,0.8514559823247387,False
GO_BP,PHOL,GO:0051241,negative regulation of multicellular organismal process,55,-0.9522449258037265,-0.10266432233030853,0.513948605139486,0.8514559823247387,False
GO_BP,PHOL,GO:0051246,regulation of protein metabolic process,60,-1.3493160044497707,-1.0230660777118175,0.7986201379862014,0.8903149704086285,False
GO_BP,PHOL,GO:0051247,positive regulation of protein metabolic process,39,-1.4386953301599947,-0.868635351019605,0.7567243275672433,0.8746185942705581,False
GO_BP,PHOL,GO:0051248,negative regulation of protein metabolic process,24,-0.6476732258489717,-0.3251848486135767,0.5924407559244076,0.8514559823247387,False
GO_BP,PHOL,GO:0051249,regulation of lymphocyte activation,20,-1.0446470472879557,-0.46056084786027107,0.6325367463253675,0.8514559823247387,False
GO_BP,PHOL,GO:0051250,negative regulation of lymphocyte activation,5,1.410122885641207,0.5074303956513867,0.3331666833316668,0.8514559823247387,False
GO_BP,PHOL,GO:0051251,positive regulation of lymphocyte activation,17,-1.1781146537748923,-0.3024032478691303,0.5774422557744225,0.8514559823247387,False
GO_BP,PHOL,GO:0051252,regulation of RNA metabolic process,87,1.1836259289326485,0.6984556553760484,0.2876712328767123,0.8514559823247387,False
GO_BP,PHOL,GO:0051253,negative regulation of RNA metabolic process,52,1.3651526306516097,0.7816346183140856,0.26007399260073993,0.8514559823247387,False
GO_BP,PHOL,GO:0051254,positive regulation of RNA metabolic process,59,0.7338858266120125,1.1167265538384323,0.18298170182981702,0.8514559823247387,False
GO_BP,PHOL,GO:0051259,protein complex oligomerization,9,0.06022785740144129,-0.6651610422057563,0.7007299270072993,0.8574464587439561,False
GO_BP,PHOL,GO:0051260,protein homooligomerization,9,0.06022785740144129,-0.6651610422057563,0.7007299270072993,0.8574464587439561,False
GO_BP,PHOL,GO:0051276,chromosome organization,13,1.7281677039860075,0.3956006800837353,0.35476452354764526,0.8514559823247387,False
GO_BP,PHOL,GO:0051279,regulation of release of sequestered calcium ion into cytosol,6,1.3404115585487015,1.2637581409209275,0.14958504149585042,0.8514559823247387,False
GO_BP,PHOL,GO:0051302,regulation of cell division,11,-0.4312193666258365,-0.17367040986527543,0.5376462353764624,0.8514559823247387,False
GO_BP,PHOL,GO:0051338,regulation of transferase activity,13,-0.7540023200206654,-0.7659264754848031,0.7310268973102689,0.8653702156339753,False
GO_BP,PHOL,GO:0051349,positive regulation of lyase activity,7,-1.8478220222035864,-0.9824369089375418,0.7856214378562144,0.8846608134575591,False
GO_BP,PHOL,GO:0051384,response to glucocorticoid,13,2.1053527794410414,1.7179276689597367,0.07839216078392161,0.8514559823247387,False
GO_BP,PHOL,GO:0051402,neuron apoptotic process,5,-0.1731451824998568,0.35029821563957786,0.3134686531346865,0.8514559823247387,False
GO_BP,PHOL,GO:0051481,negative regulation of cytosolic calcium ion concentration,5,-0.865376417488659,-0.8237483315622309,0.7529247075292471,0.8745412023001963,False
GO_BP,PHOL,GO:0051493,regulation of cytoskeleton organization,21,-0.34436736982262356,-1.3171672449523746,0.8799120087991201,0.9287298604375015,False
GO_BP,PHOL,GO:0051494,negative regulation of cytoskeleton organization,5,-0.5794504781153592,-0.737263345447676,0.7415258474152585,0.8712882163955336,False
GO_BP,PHOL,GO:0051495,positive regulation of cytoskeleton organization,9,0.11839815020700417,-0.9708673634653444,0.8293170682931706,0.9026055533981485,False
GO_BP,PHOL,GO:0051580,regulation of neurotransmitter uptake,5,0.7226967907091288,0.8310899082504606,0.21137886211378862,0.8514559823247387,False
GO_BP,PHOL,GO:0051588,regulation of neurotransmitter transport,7,0.5091737372282299,0.5547620322550049,0.28257174282571745,0.8514559823247387,False
GO_BP,PHOL,GO:0051591,response to cAMP,6,-0.32504928431349644,-0.41701441469198175,0.6408359164083591,0.8514559823247387,False
GO_BP,PHOL,GO:0051604,protein maturation,15,-0.4850401437268284,-0.17543784306198668,0.5112488751124887,0.8514559823247387,False
GO_BP,PHOL,GO:0051606,detection of stimulus,10,-0.11072491586373565,-0.5159219033168725,0.6911308869113089,0.8571309888038681,False
GO_BP,PHOL,GO:0051607,defense response to virus,11,0.5050415359060112,0.6710688890007757,0.26717328267173285,0.8514559823247387,False
GO_BP,PHOL,GO:0051640,organelle localization,9,-0.008710921236168522,-0.055131397347691874,0.48565143485651435,0.8514559823247387,False
GO_BP,PHOL,GO:0051641,cellular localization,35,-1.8897209858543285,-0.5120369177292128,0.656934306569343,0.8514559823247387,False
GO_BP,PHOL,GO:0051649,establishment of localization in cell,27,-1.0471753239963182,0.188658506198345,0.42825717428257176,0.8514559823247387,False
GO_BP,PHOL,GO:0051656,establishment of organelle localization,8,0.08276001339579471,0.011441541067799224,0.45925407459254075,0.8514559823247387,False
GO_BP,PHOL,GO:0051668,localization within membrane,6,-1.3743321178119896,-1.1400721240046425,0.8437156284371563,0.9073044901392214,False
GO_BP,PHOL,GO:0051701,biological process involved in interaction with host,7,-1.100889422800936,0.042731437345004064,0.42895710428957107,0.8514559823247387,False
GO_BP,PHOL,GO:0051707,response to other organism,53,-0.14972218173962942,0.06671465037334767,0.45635436456354367,0.8514559823247387,False
GO_BP,PHOL,GO:0051726,regulation of cell cycle,37,-1.609115075466134,-0.16807483016044,0.5325467453254674,0.8514559823247387,False
GO_BP,PHOL,GO:0051781,positive regulation of cell division,7,-0.10291838852717305,0.04763124050998252,0.45585441455854414,0.8514559823247387,False
GO_BP,PHOL,GO:0051783,regulation of nuclear division,8,-1.0326101505388365,-0.6035065877216053,0.6876312368763123,0.8571076066617682,False
GO_BP,PHOL,GO:0051785,positive regulation of nuclear division,6,-0.7713139652090585,-0.4686808511090946,0.6458354164583542,0.8514559823247387,False
GO_BP,PHOL,GO:0051881,regulation of mitochondrial membrane potential,10,-0.14469587832887018,-0.3251399740661219,0.579042095790421,0.8514559823247387,False
GO_BP,PHOL,GO:0051893,regulation of focal adhesion assembly,8,-1.1119977667031735,-0.78227664749756,0.7470252974702529,0.8724927357526288,False
GO_BP,PHOL,GO:0051896,regulation of phosphatidylinositol 3-kinase/protein kinase B signal transduction,35,-1.5724932381166163,-1.019336588127469,0.8053194680531947,0.894799408947994,False
GO_BP,PHOL,GO:0051897,positive regulation of phosphatidylinositol 3-kinase/protein kinase B signal transduction,29,-1.8129445711903724,-0.9038257249077697,0.7655234476552345,0.8777990679991515,False
GO_BP,PHOL,GO:0051898,negative regulation of phosphatidylinositol 3-kinase/protein kinase B signal transduction,6,-0.23056475262564954,-0.7110679402149565,0.7524247575242475,0.8745412023001963,False
GO_BP,PHOL,GO:0051899,membrane depolarization,8,1.057796059485688,0.8320544734825907,0.207979202079792,0.8514559823247387,False
GO_BP,PHOL,GO:0051924,regulation of calcium ion transport,17,0.06252038682688797,0.5554974607186657,0.3046695330466953,0.8514559823247387,False
GO_BP,PHOL,GO:0051928,positive regulation of calcium ion transport,6,1.2504506678407614,0.9300526799916722,0.21697830216978303,0.8514559823247387,False
GO_BP,PHOL,GO:0051930,regulation of sensory perception of pain,5,-0.13486096804043476,-0.3008154320128016,0.5871412858714129,0.8514559823247387,False
GO_BP,PHOL,GO:0051931,regulation of sensory perception,5,-0.13486096804043476,-0.3008154320128016,0.5871412858714129,0.8514559823247387,False
GO_BP,PHOL,GO:0051952,regulation of amine transport,13,-1.8491342774264679,-0.8599078067865034,0.7636236376362364,0.8771108165257093,False
GO_BP,PHOL,GO:0051953,negative regulation of amine transport,5,-0.9574926062414771,-0.41752743397883085,0.6441355864413558,0.8514559823247387,False
GO_BP,PHOL,GO:0051960,regulation of nervous system development,14,0.37417516589875544,-0.3683997944936668,0.6098390160983902,0.8514559823247387,False
GO_BP,PHOL,GO:0051961,negative regulation of nervous system development,5,1.296029505360045,1.1419119703573641,0.17168283171682833,0.8514559823247387,False
GO_BP,PHOL,GO:0051962,positive regulation of nervous system development,9,-0.1381422111073036,-0.94870732573038,0.792020797920208,0.88633604358359,False
GO_BP,PHOL,GO:0051963,regulation of synapse assembly,8,0.8219944520617274,0.336206918964658,0.35476452354764526,0.8514559823247387,False
GO_BP,PHOL,GO:0051966,"regulation of synaptic transmission, glutamatergic",14,-0.4013986572559644,0.5667172286772044,0.2980701929807019,0.8514559823247387,False
GO_BP,PHOL,GO:0051967,"negative regulation of synaptic transmission, glutamatergic",5,-0.9821972612504873,-0.3269787586032612,0.5914408559144085,0.8514559823247387,False
GO_BP,PHOL,GO:0051983,regulation of chromosome segregation,6,-0.4622854173337712,0.22936667770606362,0.39866013398660133,0.8514559823247387,False
GO_BP,PHOL,GO:0055074,calcium ion homeostasis,17,-0.3248529462373856,-0.32050746652630163,0.5882411758824118,0.8514559823247387,False
GO_BP,PHOL,GO:0055080,monoatomic cation homeostasis,24,0.30801804738006855,-0.1344086074022668,0.5196480351964804,0.8514559823247387,False
GO_BP,PHOL,GO:0055082,intracellular chemical homeostasis,28,0.25854955658615625,-0.251564235347089,0.5661433856614339,0.8514559823247387,False
GO_BP,PHOL,GO:0055085,transmembrane transport,50,1.5687272309365252,1.4979325307964437,0.11458854114588542,0.8514559823247387,False
GO_BP,PHOL,GO:0055086,nucleobase-containing small molecule metabolic process,18,-0.7930935926539886,0.09548784676734434,0.40345965403459655,0.8514559823247387,False
GO_BP,PHOL,GO:0055088,lipid homeostasis,10,0.15141342763704116,0.18805753882928913,0.37496250374962503,0.8514559823247387,False
GO_BP,PHOL,GO:0055092,sterol homeostasis,7,0.3779754323310101,0.2344650848890792,0.3387661233876612,0.8514559823247387,False
GO_BP,PHOL,GO:0055094,response to lipoprotein particle,6,-0.39758396536483853,0.27427248259428305,0.38996100389961,0.8514559823247387,False
GO_BP,PHOL,GO:0055117,regulation of cardiac muscle contraction,9,-0.9054683352391493,-0.2597126384315016,0.5743425657434257,0.8514559823247387,False
GO_BP,PHOL,GO:0060047,heart contraction,5,0.6162120709831759,0.4330893379148495,0.32866713328667135,0.8514559823247387,False
GO_BP,PHOL,GO:0060048,cardiac muscle contraction,5,0.6162120709831759,0.4330893379148495,0.32866713328667135,0.8514559823247387,False
GO_BP,PHOL,GO:0060078,regulation of postsynaptic membrane potential,20,-1.8046933838391799,-0.7083763467302167,0.7145285471452855,0.8629660904877254,False
GO_BP,PHOL,GO:0060079,excitatory postsynaptic potential,12,-1.5353658422761645,-0.9774205679933307,0.7893210678932107,0.885119921165526,False
GO_BP,PHOL,GO:0060249,anatomical structure homeostasis,9,0.3465920616659962,0.47961711715035943,0.30346965303469653,0.8514559823247387,False
GO_BP,PHOL,GO:0060255,regulation of macromolecule metabolic process,160,0.44546265597305246,-0.3624456233734573,0.5978402159784022,0.8514559823247387,False
GO_BP,PHOL,GO:0060284,regulation of cell development,28,-1.0660045189695921,-0.5070729517487597,0.6456354364563544,0.8514559823247387,False
GO_BP,PHOL,GO:0060322,head development,19,-0.29912582006228616,0.42160735477748723,0.3040695930406959,0.8514559823247387,False
GO_BP,PHOL,GO:0060326,cell chemotaxis,15,-0.09017815802639723,0.41247348068593165,0.3173682631736826,0.8514559823247387,False
GO_BP,PHOL,GO:0060338,regulation of type I interferon-mediated signaling pathway,5,1.9339760246988065,0.12010668394487523,0.44735526447355267,0.8514559823247387,False
GO_BP,PHOL,GO:0060341,regulation of cellular localization,27,-0.575956437089769,-0.706483267629497,0.7099290070992901,0.8614124327779822,False
GO_BP,PHOL,GO:0060348,bone development,5,-1.6029962394178738,-0.815246621367496,0.7372262773722628,0.8694096576736884,False
GO_BP,PHOL,GO:0060416,response to growth hormone,5,-0.9081006686216548,-0.7592860917368538,0.7403259674032596,0.870971726356776,False
GO_BP,PHOL,GO:0060429,epithelium development,27,-2.4149615978077015,-0.21824673284481788,0.5508449155084492,0.8514559823247387,False
GO_BP,PHOL,GO:0060491,regulation of cell projection assembly,6,-1.0304350981045116,-0.7932536253083423,0.7531246875312468,0.8745412023001963,False
GO_BP,PHOL,GO:0060627,regulation of vesicle-mediated transport,13,-1.0578431086244684,-0.27061155790669544,0.5633436656334366,0.8514559823247387,False
GO_BP,PHOL,GO:0060759,regulation of response to cytokine stimulus,15,0.4101106080150636,0.037407149604800294,0.47225277472252775,0.8514559823247387,False
GO_BP,PHOL,GO:0060760,positive regulation of response to cytokine stimulus,5,-0.8360772050845486,-0.12059975091647646,0.5144485551444855,0.8514559823247387,False
GO_BP,PHOL,GO:0060761,negative regulation of response to cytokine stimulus,6,0.005666901983069561,-0.020849645644710656,0.47395260473952605,0.8514559823247387,False
GO_BP,PHOL,GO:0060828,regulation of canonical Wnt signaling pathway,11,-0.643377833479652,-0.16254261447976381,0.5304469553044695,0.8514559823247387,False
GO_BP,PHOL,GO:0061008,hepaticobiliary system development,8,2.1654951984949826,2.2308207198838295,0.0484951504849515,0.8514559823247387,False
GO_BP,PHOL,GO:0061013,regulation of mRNA catabolic process,6,-0.6041833923342212,-0.16456630914043846,0.5282471752824718,0.8514559823247387,False
GO_BP,PHOL,GO:0061024,membrane organization,15,-0.9410569281046887,-0.42003566869585907,0.6307369263073692,0.8514559823247387,False
GO_BP,PHOL,GO:0061041,regulation of wound healing,11,-0.7236652125081612,-0.14812364998232186,0.5138486151384861,0.8514559823247387,False
GO_BP,PHOL,GO:0061045,negative regulation of wound healing,6,-0.807174989377057,-0.13461512733831782,0.5126487351264873,0.8514559823247387,False
GO_BP,PHOL,GO:0061136,regulation of proteasomal protein catabolic process,11,-1.2453084482491086,-0.4717569774263626,0.6395360463953604,0.8514559823247387,False
GO_BP,PHOL,GO:0061337,cardiac conduction,5,-0.5886296715457547,0.053572395088751334,0.43025697430256976,0.8514559823247387,False
GO_BP,PHOL,GO:0061458,reproductive system development,10,0.5712688377620664,0.18637527424709033,0.3945605439456054,0.8514559823247387,False
GO_BP,PHOL,GO:0061564,axon development,11,0.16140274301463226,-0.2581922867392015,0.5621437856214379,0.8514559823247387,False
GO_BP,PHOL,GO:0061919,process utilizing autophagic mechanism,8,-0.6678775714665797,-0.5857879476438593,0.6857314268573143,0.8564379499133531,False
GO_BP,PHOL,GO:0062012,regulation of small molecule metabolic process,29,1.3135876098955146,1.4030147559304844,0.12488751124887511,0.8514559823247387,False
GO_BP,PHOL,GO:0062013,positive regulation of small molecule metabolic process,19,-0.82617454306165,-0.04130273036305021,0.5078492150784921,0.8514559823247387,False
GO_BP,PHOL,GO:0062014,negative regulation of small molecule metabolic process,7,2.514382144627187,1.9451879828005676,0.0633936606339366,0.8514559823247387,False
GO_BP,PHOL,GO:0062197,cellular response to chemical stress,25,-0.45761352938245825,0.08947504373727644,0.42675732426757323,0.8514559823247387,False
GO_BP,PHOL,GO:0062207,regulation of pattern recognition receptor signaling pathway,15,-1.3777813216535535,-0.06346202221698682,0.5052494750524947,0.8514559823247387,False
GO_BP,PHOL,GO:0062208,positive regulation of pattern recognition receptor signaling pathway,5,-0.8906111696247614,-0.12750790393338307,0.5047495250474953,0.8514559823247387,False
GO_BP,PHOL,GO:0065003,protein-containing complex assembly,21,0.017187212585049332,-0.26751123783748404,0.5736426357364264,0.8514559823247387,False
GO_BP,PHOL,GO:0065008,regulation of biological quality,173,0.41278542112786526,0.6750170553372712,0.2983701629837016,0.8514559823247387,False
GO_BP,PHOL,GO:0065009,regulation of molecular function,35,-1.7477430071394058,-1.0226602885218403,0.7955204479552045,0.8885865527446778,False
GO_BP,PHOL,GO:0070098,chemokine-mediated signaling pathway,6,-0.7686522662891195,-0.20686069982837996,0.5444455554444556,0.8514559823247387,False
GO_BP,PHOL,GO:0070141,response to UV-A,6,-1.3193647209434693,-0.41928447737483987,0.6226377362263774,0.8514559823247387,False
GO_BP,PHOL,GO:0070167,regulation of biomineral tissue development,5,0.29286162399323923,-0.1255103669762876,0.5225477452254774,0.8514559823247387,False
GO_BP,PHOL,GO:0070201,regulation of establishment of protein localization,38,-0.41440202898323375,-0.8584644473155078,0.7598240175982401,0.8749941934940364,False
GO_BP,PHOL,GO:0070252,actin-mediated cell contraction,5,0.6162120709831759,0.4330893379148495,0.32866713328667135,0.8514559823247387,False
GO_BP,PHOL,GO:0070293,renal absorption,6,-0.5264738159479848,-0.20869720472451836,0.5486451354864513,0.8514559823247387,False
GO_BP,PHOL,GO:0070301,cellular response to hydrogen peroxide,8,-0.3144715099877653,0.6028890470042896,0.16918308169183083,0.8514559823247387,False
GO_BP,PHOL,GO:0070372,regulation of ERK1 and ERK2 cascade,33,-0.36077770208430565,-1.1220011466761683,0.8331166883311669,0.9042175559809511,False
GO_BP,PHOL,GO:0070373,negative regulation of ERK1 and ERK2 cascade,5,0.9142682379550896,-0.9908004493466952,0.7892210778922107,0.885119921165526,False
GO_BP,PHOL,GO:0070374,positive regulation of ERK1 and ERK2 cascade,25,-0.7508423063202272,-0.7205186972097112,0.7216278372162783,0.8630764830493695,False
GO_BP,PHOL,GO:0070482,response to oxygen levels,29,-1.0214471633766562,-0.6235455129215479,0.6881311868813119,0.8571076066617682,False
GO_BP,PHOL,GO:0070507,regulation of microtubule cytoskeleton organization,9,-0.1297137972412683,-0.8148167552201253,0.7486251374862514,0.8730539854063435,False
GO_BP,PHOL,GO:0070542,response to fatty acid,8,-0.2297686915813856,-0.5304897714552738,0.6671332866713329,0.8533864520334556,False
GO_BP,PHOL,GO:0070555,response to interleukin-1,9,-0.25875768387127956,0.4304481691625072,0.3514648535146485,0.8514559823247387,False
GO_BP,PHOL,GO:0070588,calcium ion transmembrane transport,10,-0.4135600557378004,-0.4419572804509514,0.636936306369363,0.8514559823247387,False
GO_BP,PHOL,GO:0070633,transepithelial transport,5,0.21528302236668997,0.4899335798410057,0.2813718628137186,0.8514559823247387,False
GO_BP,PHOL,GO:0070647,protein modification by small protein conjugation or removal,13,2.206978739964177,1.100600214659568,0.17898210178982102,0.8514559823247387,False
GO_BP,PHOL,GO:0070663,regulation of leukocyte proliferation,10,-0.5763507471232063,-0.7950084621734483,0.744025597440256,0.8721532054157469,False
GO_BP,PHOL,GO:0070665,positive regulation of leukocyte proliferation,7,-0.8617510482055069,-0.7943322878755175,0.7443255674432556,0.8721691676600992,False
GO_BP,PHOL,GO:0070741,response to interleukin-6,5,-0.7326146242239423,0.34780872814086405,0.34206579342065796,0.8514559823247387,False
GO_BP,PHOL,GO:0070828,heterochromatin organization,8,2.353965426908657,0.8375884883523117,0.2226777322267773,0.8514559823247387,False
GO_BP,PHOL,GO:0070848,response to growth factor,35,-0.15604638737940524,-0.31502228615345046,0.5963403659634037,0.8514559823247387,False
GO_BP,PHOL,GO:0070849,response to epidermal growth factor,8,-0.9840255821156069,-1.1173142602901673,0.8268173182681732,0.9024188490241885,False
GO_BP,PHOL,GO:0070887,cellular response to chemical stimulus,181,0.8766702153264072,0.5081428236807052,0.34496550344965504,0.8514559823247387,False
GO_BP,PHOL,GO:0070925,organelle assembly,11,0.9265966814517929,0.3834921921509099,0.34706529347065296,0.8514559823247387,False
GO_BP,PHOL,GO:0070988,demethylation,6,0.1827427697485672,-0.398003881438344,0.6177382261773823,0.8514559823247387,False
GO_BP,PHOL,GO:0070989,oxidative demethylation,6,0.1827427697485672,-0.398003881438344,0.6177382261773823,0.8514559823247387,False
GO_BP,PHOL,GO:0071071,regulation of phospholipid biosynthetic process,5,0.7551916230982902,0.9162344831536713,0.19258074192580743,0.8514559823247387,False
GO_BP,PHOL,GO:0071073,positive regulation of phospholipid biosynthetic process,5,0.7551916230982902,0.9162344831536713,0.19258074192580743,0.8514559823247387,False
GO_BP,PHOL,GO:0071214,cellular response to abiotic stimulus,19,-0.5439256558319352,-0.6229039789038915,0.6892310768923108,0.8571076066617682,False
GO_BP,PHOL,GO:0071216,cellular response to biotic stimulus,20,0.813502486006158,0.329410100087061,0.36136386361363865,0.8514559823247387,False
GO_BP,PHOL,GO:0071219,cellular response to molecule of bacterial origin,19,0.9669208261494793,0.20251860168388003,0.39666033396660333,0.8514559823247387,False
GO_BP,PHOL,GO:0071222,cellular response to lipopolysaccharide,18,0.27589618656902826,0.03091277192591471,0.4530546945305469,0.8514559823247387,False
GO_BP,PHOL,GO:0071229,cellular response to acid chemical,8,-0.7372673782296416,-0.27964792386284826,0.561943805619438,0.8514559823247387,False
GO_BP,PHOL,GO:0071230,cellular response to amino acid stimulus,7,-0.7209223965646933,-0.13378220082071823,0.5035496450354965,0.8514559823247387,False
GO_BP,PHOL,GO:0071248,cellular response to metal ion,10,-0.3835493850223335,-0.14446427573268622,0.5076492350764924,0.8514559823247387,False
GO_BP,PHOL,GO:0071300,cellular response to retinoic acid,5,-0.6018362700570836,-0.34735202170101676,0.5987401259874012,0.8514559823247387,False
GO_BP,PHOL,GO:0071312,cellular response to alkaloid,5,-0.3310712709827417,-0.7913894278085118,0.7701229877012299,0.879523754941579,False
GO_BP,PHOL,GO:0071322,cellular response to carbohydrate stimulus,5,-0.36325812297562743,-0.21631169125842203,0.5506449355064493,0.8514559823247387,False
GO_BP,PHOL,GO:0071326,cellular response to monosaccharide stimulus,5,-0.36325812297562743,-0.21631169125842203,0.5506449355064493,0.8514559823247387,False
GO_BP,PHOL,GO:0071331,cellular response to hexose stimulus,5,-0.36325812297562743,-0.21631169125842203,0.5506449355064493,0.8514559823247387,False
GO_BP,PHOL,GO:0071345,cellular response to cytokine stimulus,30,-0.5473056527762817,0.46446469689454883,0.33196680331966805,0.8514559823247387,False
GO_BP,PHOL,GO:0071347,cellular response to interleukin-1,5,0.7402377078664968,0.8735214409682016,0.2258774122587741,0.8514559823247387,False
GO_BP,PHOL,GO:0071354,cellular response to interleukin-6,5,-0.7326146242239423,0.34780872814086405,0.34206579342065796,0.8514559823247387,False
GO_BP,PHOL,GO:0071356,cellular response to tumor necrosis factor,6,1.2717259969825638,1.1196548826038641,0.17588241175882413,0.8514559823247387,False
GO_BP,PHOL,GO:0071363,cellular response to growth factor stimulus,34,-0.09791378705784327,-0.11538027114521547,0.5329467053294671,0.8514559823247387,False
GO_BP,PHOL,GO:0071364,cellular response to epidermal growth factor stimulus,7,-1.032794102514841,-0.9052461488010877,0.781921807819218,0.8844134891530151,False
GO_BP,PHOL,GO:0071375,cellular response to peptide hormone stimulus,30,-0.3333302935098354,-0.24686211252352147,0.5754424557544245,0.8514559823247387,False
GO_BP,PHOL,GO:0071383,cellular response to steroid hormone stimulus,22,2.216375608315533,1.71585938577666,0.0847915208479152,0.8514559823247387,False
GO_BP,PHOL,GO:0071384,cellular response to corticosteroid stimulus,6,2.58831615452189,1.7678892549363363,0.0704929507049295,0.8514559823247387,False
GO_BP,PHOL,GO:0071385,cellular response to glucocorticoid stimulus,5,2.77947969355811,1.9737672526617915,0.05829417058294171,0.8514559823247387,False
GO_BP,PHOL,GO:0071396,cellular response to lipid,52,1.532502613779303,1.3266956714816973,0.13658634136586342,0.8514559823247387,False
GO_BP,PHOL,GO:0071398,cellular response to fatty acid,5,0.09244167031020657,-0.16444911793552153,0.5388461153884612,0.8514559823247387,False
GO_BP,PHOL,GO:0071402,cellular response to lipoprotein particle stimulus,6,-0.39758396536483853,0.27427248259428305,0.38996100389961,0.8514559823247387,False
GO_BP,PHOL,GO:0071404,cellular response to low-density lipoprotein particle stimulus,6,-0.39758396536483853,0.27427248259428305,0.38996100389961,0.8514559823247387,False
GO_BP,PHOL,GO:0071453,cellular response to oxygen levels,11,-0.048109359276847924,-0.44432134513108557,0.6253374662533746,0.8514559823247387,False
GO_BP,PHOL,GO:0071456,cellular response to hypoxia,11,-0.048109359276847924,-0.44432134513108557,0.6253374662533746,0.8514559823247387,False
GO_BP,PHOL,GO:0071466,cellular response to xenobiotic stimulus,37,1.9061591999897793,0.8431931144317162,0.22997700229977003,0.8514559823247387,False
GO_BP,PHOL,GO:0071478,cellular response to radiation,10,-0.8489634902294929,-0.19526401270425575,0.5315468453154685,0.8514559823247387,False
GO_BP,PHOL,GO:0071482,cellular response to light stimulus,10,-0.8489634902294929,-0.19526401270425575,0.5315468453154685,0.8514559823247387,False
GO_BP,PHOL,GO:0071495,cellular response to endogenous stimulus,75,2.4499615371012857,1.2049197453423912,0.1633836616338366,0.8514559823247387,False
GO_BP,PHOL,GO:0071498,cellular response to fluid shear stress,6,-0.9217526745943465,-0.7297090635509742,0.722027797220278,0.8631136886311369,False
GO_BP,PHOL,GO:0071559,response to transforming growth factor beta,8,0.03776199792372924,0.6451333804447631,0.2672732726727327,0.8514559823247387,False
GO_BP,PHOL,GO:0071560,cellular response to transforming growth factor beta stimulus,8,0.03776199792372924,0.6451333804447631,0.2672732726727327,0.8514559823247387,False
GO_BP,PHOL,GO:0071621,granulocyte chemotaxis,7,0.5632873247005694,0.8858405980745748,0.2216778322167783,0.8514559823247387,False
GO_BP,PHOL,GO:0071674,mononuclear cell migration,6,-0.7019835241992225,0.22688213118276312,0.3511648835116488,0.8514559823247387,False
GO_BP,PHOL,GO:0071675,regulation of mononuclear cell migration,7,-0.8641197673112272,-0.5492810920372788,0.666033396660334,0.8533864520334556,False
GO_BP,PHOL,GO:0071677,positive regulation of mononuclear cell migration,5,-0.4276550807090958,-0.4174079447821341,0.6206379362063794,0.8514559823247387,False
GO_BP,PHOL,GO:0071695,anatomical structure maturation,6,0.14676818395059055,0.2142661739207314,0.3865613438656134,0.8514559823247387,False
GO_BP,PHOL,GO:0071705,nitrogen compound transport,18,-0.6160650834625415,0.4362124379175446,0.3311668833116688,0.8514559823247387,False
GO_BP,PHOL,GO:0071715,icosanoid transport,9,0.6608901932564102,0.4890115302325561,0.33786621337866213,0.8514559823247387,False
GO_BP,PHOL,GO:0071763,nuclear membrane organization,5,-0.3202284803739244,-0.17406300657781207,0.5445455454454554,0.8514559823247387,False
GO_BP,PHOL,GO:0071825,protein-lipid complex organization,5,1.2901872003820085,0.5086725198268127,0.33486651334866513,0.8514559823247387,False
GO_BP,PHOL,GO:0071827,plasma lipoprotein particle organization,5,1.2901872003820085,0.5086725198268127,0.33486651334866513,0.8514559823247387,False
GO_BP,PHOL,GO:0071840,cellular component organization or biogenesis,120,-0.08201025164430135,-0.027654228447495086,0.4981501849815019,0.8514559823247387,False
GO_BP,PHOL,GO:0071867,response to monoamine,19,-0.31257074027624215,0.2518844837302226,0.39776022397760225,0.8514559823247387,False
GO_BP,PHOL,GO:0071868,cellular response to monoamine stimulus,19,-0.31257074027624215,0.2518844837302226,0.39776022397760225,0.8514559823247387,False
GO_BP,PHOL,GO:0071869,response to catecholamine,19,-0.31257074027624215,0.2518844837302226,0.39776022397760225,0.8514559823247387,False
GO_BP,PHOL,GO:0071870,cellular response to catecholamine stimulus,19,-0.31257074027624215,0.2518844837302226,0.39776022397760225,0.8514559823247387,False
GO_BP,PHOL,GO:0071875,adrenergic receptor signaling pathway,11,-0.7961637778527179,0.2538364129799623,0.34976502349765026,0.8514559823247387,False
GO_BP,PHOL,GO:0071880,adenylate cyclase-activating adrenergic receptor signaling pathway,7,-0.5576276418717472,0.3550437342654511,0.33696630336966304,0.8514559823247387,False
GO_BP,PHOL,GO:0071897,DNA biosynthetic process,7,-0.13575808154544572,-0.2072469100675579,0.543945605439456,0.8514559823247387,False
GO_BP,PHOL,GO:0071900,regulation of protein serine/threonine kinase activity,7,-0.5425484080832911,-0.8213145123657499,0.758024197580242,0.8746185942705581,False
GO_BP,PHOL,GO:0071902,positive regulation of protein serine/threonine kinase activity,6,-1.0043717500123468,-0.5230889693740399,0.6687331266873313,0.8533864520334556,False
GO_BP,PHOL,GO:0072001,renal system development,6,-1.738214821269823,-1.1487727017489828,0.8367163283671633,0.9046662901277439,False
GO_BP,PHOL,GO:0072330,monocarboxylic acid biosynthetic process,23,-0.45065675070305,-0.3699841982185214,0.6001399860013998,0.8514559823247387,False
GO_BP,PHOL,GO:0072348,sulfur compound transport,5,-0.32686377324743887,0.7004087557903875,0.21627837216278373,0.8514559823247387,False
GO_BP,PHOL,GO:0072359,circulatory system development,28,-0.7311099169517286,-0.1615799894497486,0.5296470352964704,0.8514559823247387,False
GO_BP,PHOL,GO:0072521,purine-containing compound metabolic process,19,-0.43554313002031575,0.3281133316107542,0.32256774322567744,0.8514559823247387,False
GO_BP,PHOL,GO:0072523,purine-containing compound catabolic process,8,-0.565653268622018,0.34343532866672266,0.29747025297470253,0.8514559823247387,False
GO_BP,PHOL,GO:0072524,pyridine-containing compound metabolic process,8,-0.4854668566225749,0.08400291130787169,0.44155584441555845,0.8514559823247387,False
GO_BP,PHOL,GO:0072531,pyrimidine-containing compound transmembrane transport,5,-1.4541621838922112,-0.7022784712409391,0.7306269373062694,0.8653345191796611,False
GO_BP,PHOL,GO:0072593,reactive oxygen species metabolic process,7,-0.7938666381113431,-0.6023748181140912,0.6871312868713129,0.8570827352232794,False
GO_BP,PHOL,GO:0072594,establishment of protein localization to organelle,7,-0.9318089752043457,0.088486155516317,0.43295670432956707,0.8514559823247387,False
GO_BP,PHOL,GO:0080090,regulation of primary metabolic process,149,1.9822108947508694,1.037128849054155,0.18788121187881213,0.8514559823247387,False
GO_BP,PHOL,GO:0080134,regulation of response to stress,88,-0.6262496614761921,-0.7737966485279526,0.7294270572942706,0.8651444885906546,False
GO_BP,PHOL,GO:0080135,regulation of cellular response to stress,40,-0.2407451677058357,-1.0818191050697552,0.8142185781421858,0.8978659155762087,False
GO_BP,PHOL,GO:0080164,regulation of nitric oxide metabolic process,14,-1.1513599771331609,-0.3090008627791183,0.5881411858814118,0.8514559823247387,False
GO_BP,PHOL,GO:0086003,cardiac muscle cell contraction,5,0.6162120709831759,0.4330893379148495,0.32866713328667135,0.8514559823247387,False
GO_BP,PHOL,GO:0086004,regulation of cardiac muscle cell contraction,5,-0.7942978139538568,-0.2297366040743254,0.5640435956404359,0.8514559823247387,False
GO_BP,PHOL,GO:0086091,regulation of heart rate by cardiac conduction,5,-0.5886296715457547,0.053572395088751334,0.43025697430256976,0.8514559823247387,False
GO_BP,PHOL,GO:0090066,regulation of anatomical structure size,46,-0.5222524014133081,-0.31699589570937986,0.5908409159084091,0.8514559823247387,False
GO_BP,PHOL,GO:0090068,positive regulation of cell cycle process,18,-1.5786452268026405,-0.56017465701929,0.6639336066393361,0.852925961864423,False
GO_BP,PHOL,GO:0090087,regulation of peptide transport,17,0.01109182852889341,-0.34118357670050464,0.5907409259074092,0.8514559823247387,False
GO_BP,PHOL,GO:0090092,regulation of transmembrane receptor protein serine/threonine kinase signaling pathway,14,-0.6519773222549229,0.10631134954780952,0.4383561643835616,0.8514559823247387,False
GO_BP,PHOL,GO:0090100,positive regulation of transmembrane receptor protein serine/threonine kinase signaling pathway,6,-0.6205900384043875,-0.19433064212381923,0.5503449655034497,0.8514559823247387,False
GO_BP,PHOL,GO:0090101,negative regulation of transmembrane receptor protein serine/threonine kinase signaling pathway,6,-0.44571557024404973,0.11275571163640552,0.4246575342465753,0.8514559823247387,False
GO_BP,PHOL,GO:0090109,regulation of cell-substrate junction assembly,8,-1.1119977667031735,-0.78227664749756,0.7470252974702529,0.8724927357526288,False
GO_BP,PHOL,GO:0090181,regulation of cholesterol metabolic process,5,-0.22756159011216198,-0.47447142375609647,0.6727327267273273,0.8539237155845091,False
GO_BP,PHOL,GO:0090257,regulation of muscle system process,25,-0.7698505765108564,-0.20623370608202618,0.5502449755024498,0.8514559823247387,False
GO_BP,PHOL,GO:0090263,positive regulation of canonical Wnt signaling pathway,8,-0.3435185576359222,0.013325392466497332,0.45845415458454153,0.8514559823247387,False
GO_BP,PHOL,GO:0090276,regulation of peptide hormone secretion,15,0.0300460561758124,-0.2775483593619283,0.5665433456654334,0.8514559823247387,False
GO_BP,PHOL,GO:0090277,positive regulation of peptide hormone secretion,7,-0.1501970175176386,-0.15908491018374496,0.5264473552644735,0.8514559823247387,False
GO_BP,PHOL,GO:0090278,negative regulation of peptide hormone secretion,5,-0.7181800581717586,-0.07271987221605913,0.46455354464553544,0.8514559823247387,False
GO_BP,PHOL,GO:0090287,regulation of cellular response to growth factor stimulus,14,-0.5337866854033282,-0.19812872307981438,0.5456454354564544,0.8514559823247387,False
GO_BP,PHOL,GO:0090303,positive regulation of wound healing,7,-0.7916214059353199,-0.2589136541224961,0.5601439856014399,0.8514559823247387,False
GO_BP,PHOL,GO:0090304,nucleic acid metabolic process,39,1.4263919594923058,0.4464026524142516,0.34936506349365065,0.8514559823247387,False
GO_BP,PHOL,GO:0090316,positive regulation of intracellular protein transport,9,-1.288653091280259,-0.6170533072761764,0.6925307469253075,0.8571309888038681,False
GO_BP,PHOL,GO:0090322,regulation of superoxide metabolic process,7,-0.005249656283320498,-0.22666106343596334,0.5476452354764524,0.8514559823247387,False
GO_BP,PHOL,GO:0090330,regulation of platelet aggregation,6,-0.680227400630474,0.1416463848771734,0.41425857414258577,0.8514559823247387,False
GO_BP,PHOL,GO:0090398,cellular senescence,5,-1.070832964105981,-1.5783992947331806,0.9073092690730927,0.946439788827001,False
GO_BP,PHOL,GO:0090407,organophosphate biosynthetic process,10,-0.2766415245844052,-0.5139427063319,0.6671332866713329,0.8533864520334556,False
GO_BP,PHOL,GO:0090559,regulation of membrane permeability,5,-0.7503267310823494,-0.30624619036579004,0.5787421257874212,0.8514559823247387,False
GO_BP,PHOL,GO:0090596,sensory organ morphogenesis,5,-1.5245045006617863,-0.12366471217563357,0.5016498350164984,0.8514559823247387,False
GO_BP,PHOL,GO:0095500,acetylcholine receptor signaling pathway,10,-1.1592965224073968,-0.05346831183422496,0.45595440455954406,0.8514559823247387,False
GO_BP,PHOL,GO:0097006,regulation of plasma lipoprotein particle levels,5,1.2901872003820085,0.5086725198268127,0.33486651334866513,0.8514559823247387,False
GO_BP,PHOL,GO:0097009,energy homeostasis,5,-0.9271238239292955,-0.27910650350350996,0.577042295770423,0.8514559823247387,False
GO_BP,PHOL,GO:0097190,apoptotic signaling pathway,18,-0.887480731829329,0.2401447108262038,0.3882611738826117,0.8514559823247387,False
GO_BP,PHOL,GO:0097191,extrinsic apoptotic signaling pathway,7,-0.3571297237828741,0.0672776744107052,0.44225577442255776,0.8514559823247387,False
GO_BP,PHOL,GO:0097193,intrinsic apoptotic signaling pathway,9,-0.5216120332509677,0.22804503968072032,0.3598640135986401,0.8514559823247387,False
GO_BP,PHOL,GO:0097237,cellular response to toxic substance,11,-0.4320264575791608,-0.28273981358365624,0.5611438856114389,0.8514559823247387,False
GO_BP,PHOL,GO:0097267,omega-hydroxylase P450 pathway,6,-0.9832322303796815,-0.10713036236763729,0.4938506149385061,0.8514559823247387,False
GO_BP,PHOL,GO:0097305,response to alcohol,28,-1.3058754305146385,-1.047094624766266,0.8042195780421958,0.8941129640005121,False
GO_BP,PHOL,GO:0097306,cellular response to alcohol,8,-1.1490161013053781,-0.6260320030331206,0.6997300269973002,0.8574464587439561,False
GO_BP,PHOL,GO:0097435,supramolecular fiber organization,9,-0.4199542239281993,-0.46519992807503047,0.6442355764423557,0.8514559823247387,False
GO_BP,PHOL,GO:0097485,neuron projection guidance,5,-0.04523971100794163,0.1805228408949088,0.37936206379362064,0.8514559823247387,False
GO_BP,PHOL,GO:0097529,myeloid leukocyte migration,9,0.10397760564225778,0.5715794335104312,0.3033696630336966,0.8514559823247387,False
GO_BP,PHOL,GO:0097530,granulocyte migration,7,0.5632873247005694,0.8858405980745748,0.2216778322167783,0.8514559823247387,False
GO_BP,PHOL,GO:0097553,calcium ion transmembrane import into cytosol,7,-0.3894125955254656,-0.7947242219565838,0.7548245175482452,0.8746185942705581,False
GO_BP,PHOL,GO:0097746,blood vessel diameter maintenance,34,-1.1059799054064043,-0.15448918116306087,0.5344465553444655,0.8514559823247387,False
GO_BP,PHOL,GO:0098542,defense response to other organism,21,0.6995510846167594,0.6652929060165181,0.2830716928307169,0.8514559823247387,False
GO_BP,PHOL,GO:0098586,cellular response to virus,6,-0.6927018649204264,-0.19624125430001038,0.5397460253974603,0.8514559823247387,False
GO_BP,PHOL,GO:0098609,cell-cell adhesion,10,-0.2278726463055075,0.4756033602873101,0.31996800319968005,0.8514559823247387,False
GO_BP,PHOL,GO:0098655,monoatomic cation transmembrane transport,24,-0.3913801434007258,0.21229747443814273,0.3892610738926107,0.8514559823247387,False
GO_BP,PHOL,GO:0098656,monoatomic anion transmembrane transport,5,2.1644860527063883,1.0568140029565456,0.15648435156484353,0.8514559823247387,False
GO_BP,PHOL,GO:0098657,import into cell,41,-0.7779653953305733,-0.208302105732041,0.53994600539946,0.8514559823247387,False
GO_BP,PHOL,GO:0098659,inorganic cation import across plasma membrane,6,0.45840645071185465,-0.24107783333563143,0.5635436456354365,0.8514559823247387,False
GO_BP,PHOL,GO:0098664,G protein-coupled serotonin receptor signaling pathway,12,0.17746363877501325,0.6677800831253329,0.28357164283571645,0.8514559823247387,False
GO_BP,PHOL,GO:0098739,import across plasma membrane,10,-0.12095285772020514,-0.1951584564347968,0.5312468753124687,0.8514559823247387,False
GO_BP,PHOL,GO:0098754,detoxification,14,-0.40533908435215743,-0.2888559076447829,0.5632436756324367,0.8514559823247387,False
GO_BP,PHOL,GO:0098771,inorganic ion homeostasis,25,0.2113362981184491,-0.27421531325401505,0.5642435756424358,0.8514559823247387,False
GO_BP,PHOL,GO:0098773,skin epidermis development,5,-1.029069428924345,0.2563112664396199,0.397960203979602,0.8514559823247387,False
GO_BP,PHOL,GO:0098815,modulation of excitatory postsynaptic potential,7,-0.7057176495693115,0.17174922874702958,0.40435956404359563,0.8514559823247387,False
GO_BP,PHOL,GO:0098869,cellular oxidant detoxification,6,-0.6508469137757367,-0.13847336490734774,0.5216478352164784,0.8514559823247387,False
GO_BP,PHOL,GO:0098916,anterograde trans-synaptic signaling,55,-0.5581306999585677,0.091035804688533,0.46915308469153083,0.8514559823247387,False
GO_BP,PHOL,GO:0098926,postsynaptic signal transduction,12,-1.1140180092955159,0.5089148902725726,0.2773722627737226,0.8514559823247387,False
GO_BP,PHOL,GO:0099111,microtubule-based transport,5,0.08142940233541356,-0.14431423649203534,0.5198480151984801,0.8514559823247387,False
GO_BP,PHOL,GO:0099170,postsynaptic modulation of chemical synaptic transmission,5,-0.7567233682488598,0.10252857881319588,0.39036096390360964,0.8514559823247387,False
GO_BP,PHOL,GO:0099171,presynaptic modulation of chemical synaptic transmission,13,-0.263311489769634,0.0775316681174571,0.4216578342165783,0.8514559823247387,False
GO_BP,PHOL,GO:0099175,regulation of postsynapse organization,11,-0.7908036957946601,-0.36447223532425,0.5969403059694031,0.8514559823247387,False
GO_BP,PHOL,GO:0099177,regulation of trans-synaptic signaling,51,-0.3825654770237587,0.3889179590540391,0.35636436356364365,0.8514559823247387,False
GO_BP,PHOL,GO:0099505,regulation of presynaptic membrane potential,7,2.233835209451828,1.828885562386716,0.10358964103589641,0.8514559823247387,False
GO_BP,PHOL,GO:0099536,synaptic signaling,62,-0.14547014179036932,0.24385361207487288,0.41915808419158085,0.8514559823247387,False
GO_BP,PHOL,GO:0099537,trans-synaptic signaling,59,-0.10862901359312101,0.05312752366056665,0.48005199480051997,0.8514559823247387,False
GO_BP,PHOL,GO:0099565,"chemical synaptic transmission, postsynaptic",13,-1.5468180187721503,-0.9606556587466754,0.7843215678432157,0.8846608134575591,False
GO_BP,PHOL,GO:0099587,inorganic ion import across plasma membrane,6,0.45840645071185465,-0.24107783333563143,0.5635436456354365,0.8514559823247387,False
GO_BP,PHOL,GO:0104004,cellular response to environmental stimulus,19,-0.5439256558319352,-0.6229039789038915,0.6892310768923108,0.8571076066617682,False
GO_BP,PHOL,GO:0106027,neuron projection organization,6,-0.6092279265808905,-0.19772855037095227,0.5333466653334666,0.8514559823247387,False
GO_BP,PHOL,GO:0110053,regulation of actin filament organization,8,-0.043318346844375015,-0.4788095535424955,0.6970302969703029,0.8574464587439561,False
GO_BP,PHOL,GO:0110075,regulation of ferroptosis,5,-0.8748803385404637,-1.235887981757815,0.8663133686631337,0.9211501717341877,False
GO_BP,PHOL,GO:0120031,plasma membrane bounded cell projection assembly,5,-1.216029934742486,-0.8722880303210631,0.7747225277472253,0.881522351047171,False
GO_BP,PHOL,GO:0120032,regulation of plasma membrane bounded cell projection assembly,6,-1.0304350981045116,-0.7932536253083423,0.7531246875312468,0.8745412023001963,False
GO_BP,PHOL,GO:0120035,regulation of plasma membrane bounded cell projection organization,25,-1.4465278401030288,-1.054768516245801,0.8033196680331967,0.8934258665388214,False
GO_BP,PHOL,GO:0120036,plasma membrane bounded cell projection organization,25,-0.5849419879276379,-0.6536396243794534,0.6963303669633036,0.8574464587439561,False
GO_BP,PHOL,GO:0120039,plasma membrane bounded cell projection morphogenesis,10,-0.12022925532901058,-0.06058147872527549,0.48175182481751827,0.8514559823247387,False
GO_BP,PHOL,GO:0120161,regulation of cold-induced thermogenesis,12,-0.5736163346416884,0.49613708108974774,0.31716828317168283,0.8514559823247387,False
GO_BP,PHOL,GO:0120162,positive regulation of cold-induced thermogenesis,12,-0.5736163346416884,0.49613708108974774,0.31716828317168283,0.8514559823247387,False
GO_BP,PHOL,GO:0120178,steroid hormone biosynthetic process,5,0.09602036455028486,-0.47906422586641784,0.6541345865413458,0.8514559823247387,False
GO_BP,PHOL,GO:0120254,olefinic compound metabolic process,34,-0.6510086123602518,-0.8403927866734262,0.7382261773822618,0.8698299563449141,False
GO_BP,PHOL,GO:0140115,export across plasma membrane,7,0.3964221231956991,0.5398856028429769,0.2806719328067193,0.8514559823247387,False
GO_BP,PHOL,GO:0140352,export from cell,15,0.23402479594336448,0.6239383066544739,0.2826717328267173,0.8514559823247387,False
GO_BP,PHOL,GO:0140374,antiviral innate immune response,6,0.5165719403411082,0.6911166898219543,0.22447755224477553,0.8514559823247387,False
GO_BP,PHOL,GO:0140448,signaling receptor ligand precursor processing,5,-0.5323147499128285,0.19331902398584744,0.3437656234376562,0.8514559823247387,False
GO_BP,PHOL,GO:0140546,defense response to symbiont,21,0.6995510846167594,0.6652929060165181,0.2830716928307169,0.8514559823247387,False
GO_BP,PHOL,GO:0140694,membraneless organelle assembly,10,1.0079104576829359,0.3141360571847228,0.36936306369363064,0.8514559823247387,False
GO_BP,PHOL,GO:0141060,disruption of anatomical structure in another organism,5,1.2205996168646198,0.5655860718865053,0.27717228277172284,0.8514559823247387,False
GO_BP,PHOL,GO:0141091,transforming growth factor beta receptor superfamily signaling pathway,7,-0.9016288569929155,0.11110555670444466,0.42445755424457554,0.8514559823247387,False
GO_BP,PHOL,GO:0141124,intracellular signaling cassette,40,-1.0616855895316357,-0.7467306232952234,0.7276272372762723,0.864507608645076,False
GO_BP,PHOL,GO:0141137,"positive regulation of gene expression, epigenetic",5,0.7185659017317056,0.8197990124870407,0.2420757924207579,0.8514559823247387,False
GO_BP,PHOL,GO:0141161,regulation of cAMP/PKA signal transduction,5,-0.6126962719154442,-0.05140409481221553,0.47935206479352066,0.8514559823247387,False
GO_BP,PHOL,GO:0141187,nucleic acid biosynthetic process,25,1.275967714215981,0.6742481600253681,0.2860713928607139,0.8514559823247387,False
GO_BP,PHOL,GO:0141193,nuclear receptor-mediated signaling pathway,20,0.9816725446309374,0.8081344060478197,0.25247475252474755,0.8514559823247387,False
GO_BP,PHOL,GO:0150063,visual system development,12,-1.0947179293657687,0.35929228437279037,0.30956904309569044,0.8514559823247387,False
GO_BP,PHOL,GO:0150076,neuroinflammatory response,5,0.18370259537314368,-0.48010370211231246,0.6468353164683531,0.8514559823247387,False
GO_BP,PHOL,GO:0150104,transport across blood-brain barrier,11,-0.1836693263730487,0.14619317705838533,0.42185781421857815,0.8514559823247387,False
GO_BP,PHOL,GO:0150116,regulation of cell-substrate junction organization,8,-1.1119977667031735,-0.78227664749756,0.7470252974702529,0.8724927357526288,False
GO_BP,PHOL,GO:0150117,positive regulation of cell-substrate junction organization,5,-1.1999049261269357,-1.2207981612281267,0.8471152884711529,0.9088905542435448,False
GO_BP,PHOL,GO:0160108,animal gross anatomical part developmental process,134,0.07520700435106126,0.963793674131485,0.21347865213478653,0.8514559823247387,False
GO_BP,PHOL,GO:1900015,regulation of cytokine production involved in inflammatory response,13,-0.13006288544888506,0.16219946842201033,0.39566043395660433,0.8514559823247387,False
GO_BP,PHOL,GO:1900016,negative regulation of cytokine production involved in inflammatory response,8,-0.10631265374454969,0.2881635215824598,0.36996300369963003,0.8514559823247387,False
GO_BP,PHOL,GO:1900034,regulation of cellular response to heat,5,0.07567937363848755,-0.5783718495321967,0.6753324667533247,0.8539237155845091,False
GO_BP,PHOL,GO:1900037,regulation of cellular response to hypoxia,6,-0.6118663861434707,-1.1521629694517834,0.8375162483751625,0.9050048585536274,False
GO_BP,PHOL,GO:1900046,regulation of hemostasis,5,-0.9296052959483556,-0.15116767530934005,0.5201479852014799,0.8514559823247387,False
GO_BP,PHOL,GO:1900076,regulation of cellular response to insulin stimulus,7,1.223220886271105,-0.23654965987300414,0.5561443855614439,0.8514559823247387,False
GO_BP,PHOL,GO:1900087,positive regulation of G1/S transition of mitotic cell cycle,6,-1.4013117855957677,-0.2553969170900836,0.5618438156184381,0.8514559823247387,False
GO_BP,PHOL,GO:1900180,regulation of protein localization to nucleus,14,-1.092983102243584,-0.3971321045792311,0.6113388661133886,0.8514559823247387,False
GO_BP,PHOL,GO:1900182,positive regulation of protein localization to nucleus,12,-1.0202958185156725,-0.2756408526945948,0.565043495650435,0.8514559823247387,False
GO_BP,PHOL,GO:1900271,regulation of long-term synaptic potentiation,6,-0.7694866394540085,-0.5504639437335367,0.6632336766323368,0.8527290128130044,False
GO_BP,PHOL,GO:1900371,regulation of purine nucleotide biosynthetic process,5,0.061959062219923415,0.22810336687366112,0.3691630836916308,0.8514559823247387,False
GO_BP,PHOL,GO:1900542,regulation of purine nucleotide metabolic process,10,-0.760985898575861,0.24567095229118607,0.40155984401559847,0.8514559823247387,False
GO_BP,PHOL,GO:1900544,positive regulation of purine nucleotide metabolic process,8,-0.8834426640498577,0.08542178100292264,0.44935506449355067,0.8514559823247387,False
GO_BP,PHOL,GO:1901099,negative regulation of signal transduction in absence of ligand,7,-0.8705582543016518,0.16755769244410879,0.41175882411758824,0.8514559823247387,False
GO_BP,PHOL,GO:1901135,carbohydrate derivative metabolic process,25,-0.6263986073445286,-0.1630748267602678,0.5069493050694931,0.8514559823247387,False
GO_BP,PHOL,GO:1901136,carbohydrate derivative catabolic process,12,-0.9442058095083903,0.2534272797082764,0.3418658134186581,0.8514559823247387,False
GO_BP,PHOL,GO:1901184,regulation of ERBB signaling pathway,5,-0.6412240172707584,-0.6238609096539024,0.6901309869013099,0.8571076066617682,False
GO_BP,PHOL,GO:1901222,regulation of non-canonical NF-kappaB signal transduction,5,0.2365761051769042,0.643086131435606,0.22307769223077692,0.8514559823247387,False
GO_BP,PHOL,GO:1901264,carbohydrate derivative transport,6,-0.8855464567167903,-0.7915937577546349,0.7624237576242375,0.8769525797911369,False
GO_BP,PHOL,GO:1901292,nucleoside phosphate catabolic process,9,-0.45277994689561035,0.3757209046376094,0.2850714928507149,0.8514559823247387,False
GO_BP,PHOL,GO:1901342,regulation of vasculature development,21,0.6212081986919302,0.04542765558428963,0.44565543445655437,0.8514559823247387,False
GO_BP,PHOL,GO:1901343,negative regulation of vasculature development,7,0.33068380060817204,0.023592477177555693,0.43855614438556145,0.8514559823247387,False
GO_BP,PHOL,GO:1901652,response to peptide,39,-0.8519463866600256,0.5828391863176932,0.30156984301569845,0.8514559823247387,False
GO_BP,PHOL,GO:1901654,response to ketone,16,-0.7940038901082207,-0.21725339871361937,0.5577442255774423,0.8514559823247387,False
GO_BP,PHOL,GO:1901655,cellular response to ketone,8,-0.2632075147131922,0.05754263183783476,0.44825517448255175,0.8514559823247387,False
GO_BP,PHOL,GO:1901698,response to nitrogen compound,94,-1.5349823216793672,-0.528640243700568,0.6577342265773423,0.8514559823247387,False
GO_BP,PHOL,GO:1901699,cellular response to nitrogen compound,69,-0.8100106317468883,-0.009056389833235423,0.47665233476652336,0.8514559823247387,False
GO_BP,PHOL,GO:1901700,response to oxygen-containing compound,146,-0.8712239269383684,-0.526552786461857,0.6532346765323468,0.8514559823247387,False
GO_BP,PHOL,GO:1901701,cellular response to oxygen-containing compound,113,-0.3867305267875482,-0.13284629127336428,0.5232476752324767,0.8514559823247387,False
GO_BP,PHOL,GO:1901796,regulation of signal transduction by p53 class mediator,10,-1.050618865829594,-0.3877637646229125,0.6175382461753824,0.8514559823247387,False
GO_BP,PHOL,GO:1901800,positive regulation of proteasomal protein catabolic process,8,-1.249814277046919,-0.7090242562469811,0.7203279672032796,0.863001957670695,False
GO_BP,PHOL,GO:1901873,regulation of post-translational protein modification,15,-0.7821763632781197,-0.26518103744973354,0.5667433256674332,0.8514559823247387,False
GO_BP,PHOL,GO:1901874,negative regulation of post-translational protein modification,5,-0.9195929474055015,0.08341607310605503,0.4216578342165783,0.8514559823247387,False
GO_BP,PHOL,GO:1901875,positive regulation of post-translational protein modification,7,0.08843903583433563,-0.3580924592617609,0.6009399060093991,0.8514559823247387,False
GO_BP,PHOL,GO:1901888,regulation of cell junction assembly,15,-0.2849916472195514,-0.29743694238150575,0.5804419558044196,0.8514559823247387,False
GO_BP,PHOL,GO:1901890,positive regulation of cell junction assembly,5,-0.6070245541545878,-0.8259858423648525,0.7530246975302469,0.8745412023001963,False
GO_BP,PHOL,GO:1901987,regulation of cell cycle phase transition,14,-1.1307443657829779,-0.3524219743640301,0.5963403659634037,0.8514559823247387,False
GO_BP,PHOL,GO:1901989,positive regulation of cell cycle phase transition,8,-1.2869668381129835,-0.3000237967852888,0.5769423057694231,0.8514559823247387,False
GO_BP,PHOL,GO:1901990,regulation of mitotic cell cycle phase transition,14,-1.1307443657829779,-0.3524219743640301,0.5963403659634037,0.8514559823247387,False
GO_BP,PHOL,GO:1901992,positive regulation of mitotic cell cycle phase transition,8,-1.2869668381129835,-0.3000237967852888,0.5769423057694231,0.8514559823247387,False
GO_BP,PHOL,GO:1902105,regulation of leukocyte differentiation,8,-0.4557021704017191,-0.036996645463292455,0.46715328467153283,0.8514559823247387,False
GO_BP,PHOL,GO:1902107,positive regulation of leukocyte differentiation,6,-0.5424530344096958,-0.04613519198625876,0.4794520547945205,0.8514559823247387,False
GO_BP,PHOL,GO:1902115,regulation of organelle assembly,9,-0.9032582792782557,-0.3359318981898586,0.5887411258874112,0.8514559823247387,False
GO_BP,PHOL,GO:1902175,regulation of oxidative stress-induced intrinsic apoptotic signaling pathway,7,-0.871597429364616,0.11950694740006629,0.4313568643135686,0.8514559823247387,False
GO_BP,PHOL,GO:1902476,chloride transmembrane transport,5,2.1644860527063883,1.0568140029565456,0.15648435156484353,0.8514559823247387,False
GO_BP,PHOL,GO:1902531,regulation of intracellular signal transduction,128,-1.4246412085146025,-1.1049844560088704,0.8148185181481852,0.8981042545768975,False
GO_BP,PHOL,GO:1902532,negative regulation of intracellular signal transduction,47,-0.660695947236574,-0.4964318011540989,0.6526347365263474,0.8514559823247387,False
GO_BP,PHOL,GO:1902533,positive regulation of intracellular signal transduction,91,-1.2612830703607891,-0.5327138918195337,0.6618338166183382,0.8518653085186532,False
GO_BP,PHOL,GO:1902644,tertiary alcohol metabolic process,6,0.09193317340386921,-0.7181923449766994,0.762023797620238,0.8768801015152972,False
GO_BP,PHOL,GO:1902652,secondary alcohol metabolic process,13,0.670385015510192,-0.32617249531518633,0.5866413358664133,0.8514559823247387,False
GO_BP,PHOL,GO:1902679,negative regulation of RNA biosynthetic process,50,1.43209470490314,0.8077596651806525,0.25517448255174485,0.8514559823247387,False
GO_BP,PHOL,GO:1902680,positive regulation of RNA biosynthetic process,59,0.7338858266120125,1.1167265538384323,0.18298170182981702,0.8514559823247387,False
GO_BP,PHOL,GO:1902749,regulation of cell cycle G2/M phase transition,6,-0.47918483075035956,-0.10959857252670246,0.5269473052694731,0.8514559823247387,False
GO_BP,PHOL,GO:1902806,regulation of cell cycle G1/S phase transition,7,-1.0152814347388635,-0.2535424772141447,0.5612438756124387,0.8514559823247387,False
GO_BP,PHOL,GO:1902808,positive regulation of cell cycle G1/S phase transition,6,-1.4013117855957677,-0.2553969170900836,0.5618438156184381,0.8514559823247387,False
GO_BP,PHOL,GO:1902850,microtubule cytoskeleton organization involved in mitosis,7,-0.7339936917344378,-0.25291904211531097,0.5765423457654234,0.8514559823247387,False
GO_BP,PHOL,GO:1902893,regulation of miRNA transcription,13,-0.10845345605816767,0.5990730536021284,0.31226877312268775,0.8514559823247387,False
GO_BP,PHOL,GO:1902894,negative regulation of miRNA transcription,8,-0.34907130567173905,0.296221236190497,0.39046095390460955,0.8514559823247387,False
GO_BP,PHOL,GO:1902895,positive regulation of miRNA transcription,9,0.17243931447668834,0.7952000300996851,0.25207479252074794,0.8514559823247387,False
GO_BP,PHOL,GO:1902903,regulation of supramolecular fiber organization,16,-0.09371346493146801,-0.8662759887491225,0.7781221877812219,0.8827273318221848,False
GO_BP,PHOL,GO:1902904,negative regulation of supramolecular fiber organization,5,-1.0212157140621907,-1.2340288837982352,0.8592140785921408,0.9157644927832428,False
GO_BP,PHOL,GO:1902905,positive regulation of supramolecular fiber organization,9,0.07333747190742436,-0.6787413325957451,0.7287271272872713,0.8649540725440641,False
GO_BP,PHOL,GO:1903034,regulation of response to wounding,14,-0.3234363261257203,0.167465255326877,0.38976102389761025,0.8514559823247387,False
GO_BP,PHOL,GO:1903035,negative regulation of response to wounding,9,-0.38641488998475176,0.1560435340727459,0.38836116388361164,0.8514559823247387,False
GO_BP,PHOL,GO:1903036,positive regulation of response to wounding,7,-0.7916214059353199,-0.2589136541224961,0.5601439856014399,0.8514559823247387,False
GO_BP,PHOL,GO:1903037,regulation of leukocyte cell-cell adhesion,18,-0.6139091200433928,-0.3290433158856005,0.5801419858014198,0.8514559823247387,False
GO_BP,PHOL,GO:1903038,negative regulation of leukocyte cell-cell adhesion,7,-0.20252357871776583,-0.38624989264100357,0.6038396160383962,0.8514559823247387,False
GO_BP,PHOL,GO:1903039,positive regulation of leukocyte cell-cell adhesion,14,-0.733583415938342,-0.12435042674583652,0.502049795020498,0.8514559823247387,False
GO_BP,PHOL,GO:1903047,mitotic cell cycle process,17,-0.505740541816865,0.07946534424052265,0.42105789421057893,0.8514559823247387,False
GO_BP,PHOL,GO:1903076,regulation of protein localization to plasma membrane,8,-0.06692812762905782,0.2572871054379014,0.3882611738826117,0.8514559823247387,False
GO_BP,PHOL,GO:1903115,regulation of actin filament-based movement,5,-0.7942978139538568,-0.2297366040743254,0.5640435956404359,0.8514559823247387,False
GO_BP,PHOL,GO:1903131,mononuclear cell differentiation,16,0.35765740325581763,0.5481223212266605,0.31916808319168083,0.8514559823247387,False
GO_BP,PHOL,GO:1903169,regulation of calcium ion transmembrane transport,9,1.0351866789412307,1.5181250381830158,0.10778922107789221,0.8514559823247387,False
GO_BP,PHOL,GO:1903311,regulation of mRNA metabolic process,7,-0.6523820997801802,-0.2673859457748514,0.5651434856514349,0.8514559823247387,False
GO_BP,PHOL,GO:1903320,regulation of protein modification by small protein conjugation or removal,15,-0.7821763632781197,-0.26518103744973354,0.5667433256674332,0.8514559823247387,False
GO_BP,PHOL,GO:1903321,negative regulation of protein modification by small protein conjugation or removal,5,-0.9195929474055015,0.08341607310605503,0.4216578342165783,0.8514559823247387,False
GO_BP,PHOL,GO:1903322,positive regulation of protein modification by small protein conjugation or removal,7,0.08843903583433563,-0.3580924592617609,0.6009399060093991,0.8514559823247387,False
GO_BP,PHOL,GO:1903350,response to dopamine,18,-0.20404791222612617,0.2831780017320529,0.38096190380961903,0.8514559823247387,False
GO_BP,PHOL,GO:1903351,cellular response to dopamine,18,-0.20404791222612617,0.2831780017320529,0.38096190380961903,0.8514559823247387,False
GO_BP,PHOL,GO:1903376,regulation of oxidative stress-induced neuron intrinsic apoptotic signaling pathway,5,-0.8285486869273943,0.19744261143009434,0.40475952404759524,0.8514559823247387,False
GO_BP,PHOL,GO:1903426,regulation of reactive oxygen species biosynthetic process,6,-0.3572641277103965,0.09033572789291361,0.413958604139586,0.8514559823247387,False
GO_BP,PHOL,GO:1903427,negative regulation of reactive oxygen species biosynthetic process,5,-0.5741127232206145,0.031118716074901576,0.45545445455454453,0.8514559823247387,False
GO_BP,PHOL,GO:1903432,regulation of TORC1 signaling,7,-0.957057360049026,-0.0599650237504914,0.49035096490350966,0.8514559823247387,False
GO_BP,PHOL,GO:1903522,regulation of blood circulation,38,-1.9454182815165364,-0.6345253462333367,0.6919308069193081,0.8571309888038681,False
GO_BP,PHOL,GO:1903524,positive regulation of blood circulation,6,0.2605699294078385,-1.2330594309240899,0.8736126387361264,0.924170574356934,False
GO_BP,PHOL,GO:1903530,regulation of secretion by cell,40,-0.690020373139969,-0.17083135118173476,0.5176482351764824,0.8514559823247387,False
GO_BP,PHOL,GO:1903531,negative regulation of secretion by cell,13,-1.3525444907658375,-0.47441496161723684,0.6464353564643536,0.8514559823247387,False
GO_BP,PHOL,GO:1903532,positive regulation of secretion by cell,18,-0.34878250310123976,-0.2784725062424806,0.5656434356564344,0.8514559823247387,False
GO_BP,PHOL,GO:1903555,regulation of tumor necrosis factor superfamily cytokine production,12,0.445006157548958,0.3390169609496777,0.3651634836516348,0.8514559823247387,False
GO_BP,PHOL,GO:1903557,positive regulation of tumor necrosis factor superfamily cytokine production,7,-0.06915222793762182,0.3558588602035672,0.34336566343365665,0.8514559823247387,False
GO_BP,PHOL,GO:1903573,negative regulation of response to endoplasmic reticulum stress,6,-0.3683197963935543,-0.5863764107711946,0.7066293370662934,0.8596149730821311,False
GO_BP,PHOL,GO:1903578,regulation of ATP metabolic process,10,-0.760985898575861,0.24567095229118607,0.40155984401559847,0.8514559823247387,False
GO_BP,PHOL,GO:1903580,positive regulation of ATP metabolic process,8,-0.8834426640498577,0.08542178100292264,0.44935506449355067,0.8514559823247387,False
GO_BP,PHOL,GO:1903706,regulation of hemopoiesis,14,-0.770937768810837,0.0697002656786545,0.42955704429557046,0.8514559823247387,False
GO_BP,PHOL,GO:1903708,positive regulation of hemopoiesis,6,-0.5424530344096958,-0.04613519198625876,0.4794520547945205,0.8514559823247387,False
GO_BP,PHOL,GO:1903725,regulation of phospholipid metabolic process,7,0.02770371540667624,0.38582807673331987,0.31586841315868414,0.8514559823247387,False
GO_BP,PHOL,GO:1903727,positive regulation of phospholipid metabolic process,6,0.627694193543878,0.7948718981516368,0.22577742225777422,0.8514559823247387,False
GO_BP,PHOL,GO:1903828,negative regulation of protein localization,17,-0.7482415421785394,-0.6655773002387886,0.6965303469653035,0.8574464587439561,False
GO_BP,PHOL,GO:1903829,positive regulation of protein localization,34,-0.6042626319642374,-0.5798188696518969,0.6747325267473253,0.8539237155845091,False
GO_BP,PHOL,GO:1903844,regulation of cellular response to transforming growth factor beta stimulus,8,-0.6707454851257193,0.07982946288355885,0.4400559944005599,0.8514559823247387,False
GO_BP,PHOL,GO:1903900,regulation of viral life cycle,5,1.4619974815883603,1.0404296725671585,0.18448155184481552,0.8514559823247387,False
GO_BP,PHOL,GO:1904018,positive regulation of vasculature development,12,0.2960292418211039,0.33491052003011723,0.34236576342365765,0.8514559823247387,False
GO_BP,PHOL,GO:1904062,regulation of monoatomic cation transmembrane transport,15,0.40920662595884055,1.001704957416032,0.19238076192380762,0.8514559823247387,False
GO_BP,PHOL,GO:1904064,positive regulation of cation transmembrane transport,6,2.1070073785198,1.79209768746267,0.0790920907909209,0.8514559823247387,False
GO_BP,PHOL,GO:1904263,positive regulation of TORC1 signaling,6,-1.427261034467139,0.07879077884945462,0.44295570442955706,0.8514559823247387,False
GO_BP,PHOL,GO:1904356,regulation of telomere maintenance via telomere lengthening,5,1.081200495123199,1.2698443549516154,0.15228477152284772,0.8514559823247387,False
GO_BP,PHOL,GO:1904375,regulation of protein localization to cell periphery,10,-0.13979862757512085,0.14621109759592565,0.4223577642235776,0.8514559823247387,False
GO_BP,PHOL,GO:1904385,cellular response to angiotensin,9,-0.043467546003568044,-0.03582935787354473,0.48595140485951405,0.8514559823247387,False
GO_BP,PHOL,GO:1904645,response to amyloid-beta,16,-1.3938408154399449,-0.06305320150281712,0.48625137486251374,0.8514559823247387,False
GO_BP,PHOL,GO:1904646,cellular response to amyloid-beta,10,-0.6019869551997087,0.1495360285549876,0.41045895410458955,0.8514559823247387,False
GO_BP,PHOL,GO:1904705,regulation of vascular associated smooth muscle cell proliferation,10,-0.9349973811802466,-0.19551186364931772,0.5422457754224578,0.8514559823247387,False
GO_BP,PHOL,GO:1904707,positive regulation of vascular associated smooth muscle cell proliferation,8,-0.8989556272720426,-0.20469120791537665,0.5389461053894611,0.8514559823247387,False
GO_BP,PHOL,GO:1904892,regulation of receptor signaling pathway via STAT,8,-0.35584726552855256,-0.09207149855400065,0.4961503849615039,0.8514559823247387,False
GO_BP,PHOL,GO:1904894,positive regulation of receptor signaling pathway via STAT,6,-0.578278884258486,0.0704787909172705,0.41905809419058093,0.8514559823247387,False
GO_BP,PHOL,GO:1904950,negative regulation of establishment of protein localization,9,-1.155614205841078,-0.39578934378702924,0.5931406859314069,0.8514559823247387,False
GO_BP,PHOL,GO:1904951,positive regulation of establishment of protein localization,23,-0.5379826890657498,-0.43926958784160913,0.6286371362863714,0.8514559823247387,False
GO_BP,PHOL,GO:1905039,carboxylic acid transmembrane transport,5,-0.4283140481085955,0.023676954673964468,0.4453554644535546,0.8514559823247387,False
GO_BP,PHOL,GO:1905144,response to acetylcholine,11,-1.1786768579244076,-0.015008997028711724,0.44325567443255676,0.8514559823247387,False
GO_BP,PHOL,GO:1905145,cellular response to acetylcholine,10,-1.1592965224073968,-0.05346831183422496,0.45595440455954406,0.8514559823247387,False
GO_BP,PHOL,GO:1905475,regulation of protein localization to membrane,11,-0.1243590184613765,0.1630120489843805,0.42345765423457654,0.8514559823247387,False
GO_BP,PHOL,GO:1905477,positive regulation of protein localization to membrane,6,-1.2410380514925465,-0.6286087930385644,0.6991300869913009,0.8574464587439561,False
GO_BP,PHOL,GO:1905521,regulation of macrophage migration,5,-0.2368060164669381,-0.5709731456263343,0.6847315268473153,0.8564379499133531,False
GO_BP,PHOL,GO:1905897,regulation of response to endoplasmic reticulum stress,8,-0.4495336952825079,-0.48464078095242147,0.6528347165283471,0.8514559823247387,False
GO_BP,PHOL,GO:1905952,regulation of lipid localization,15,-0.23462220993773428,-0.008142760509574493,0.4747525247475253,0.8514559823247387,False
GO_BP,PHOL,GO:1905953,negative regulation of lipid localization,5,-0.4132912402754365,-0.1564295041353424,0.521947805219478,0.8514559823247387,False
GO_BP,PHOL,GO:1905954,positive regulation of lipid localization,9,0.32271945133129326,0.2388329398140701,0.3551644835516448,0.8514559823247387,False
GO_BP,PHOL,GO:1990089,response to nerve growth factor,6,0.16827579597367603,-0.4693834608132197,0.6378362163783622,0.8514559823247387,False
GO_BP,PHOL,GO:1990090,cellular response to nerve growth factor stimulus,6,0.16827579597367603,-0.4693834608132197,0.6378362163783622,0.8514559823247387,False
GO_BP,PHOL,GO:1990266,neutrophil migration,7,0.5632873247005694,0.8858405980745748,0.2216778322167783,0.8514559823247387,False
GO_BP,PHOL,GO:1990708,conditioned place preference,6,-0.9117467769386185,-0.032986375596658735,0.46485351464853514,0.8514559823247387,False
GO_BP,PHOL,GO:1990748,cellular detoxification,9,-0.3303946758691851,-0.23112389779140036,0.5397460253974603,0.8514559823247387,False
GO_BP,PHOL,GO:1990776,response to angiotensin,10,-0.09718355814070857,-0.11427396767564961,0.513948605139486,0.8514559823247387,False
GO_BP,PHOL,GO:1990806,ligand-gated ion channel signaling pathway,9,-0.33833919622546976,0.8525525236215079,0.2156784321567843,0.8514559823247387,False
GO_BP,PHOL,GO:1990840,response to lectin,5,-1.0042309402946608,0.1393280074203911,0.40445955404459555,0.8514559823247387,False
GO_BP,PHOL,GO:1990858,cellular response to lectin,5,-1.0042309402946608,0.1393280074203911,0.40445955404459555,0.8514559823247387,False
GO_BP,PHOL,GO:1990868,response to chemokine,6,-0.7686522662891195,-0.20686069982837996,0.5444455554444556,0.8514559823247387,False
GO_BP,PHOL,GO:1990869,cellular response to chemokine,6,-0.7686522662891195,-0.20686069982837996,0.5444455554444556,0.8514559823247387,False
GO_BP,PHOL,GO:2000026,regulation of multicellular organismal development,57,0.12121292993947107,-0.12842232272551374,0.5182481751824818,0.8514559823247387,False
GO_BP,PHOL,GO:2000045,regulation of G1/S transition of mitotic cell cycle,7,-1.0152814347388635,-0.2535424772141447,0.5612438756124387,0.8514559823247387,False
GO_BP,PHOL,GO:2000058,regulation of ubiquitin-dependent protein catabolic process,14,-1.3137831941722806,-0.4620320107440019,0.6341365863413658,0.8514559823247387,False
GO_BP,PHOL,GO:2000060,positive regulation of ubiquitin-dependent protein catabolic process,10,-1.3799110587694696,-0.7348055190819514,0.7261273872612739,0.8631638741129698,False
GO_BP,PHOL,GO:2000106,regulation of leukocyte apoptotic process,8,0.014509473534608476,-0.4366849395729618,0.6320367963203679,0.8514559823247387,False
GO_BP,PHOL,GO:2000107,negative regulation of leukocyte apoptotic process,5,-0.1413618085555264,-0.5265170305697358,0.6548345165483451,0.8514559823247387,False
GO_BP,PHOL,GO:2000145,regulation of cell motility,59,-2.1432566688818144,-0.5606839894555327,0.6697330266973303,0.8539237155845091,False
GO_BP,PHOL,GO:2000146,negative regulation of cell motility,15,-1.0566857698343646,-0.47548006998682024,0.6407359264073592,0.8514559823247387,False
GO_BP,PHOL,GO:2000147,positive regulation of cell motility,42,-1.9348454819635872,-0.570392817480674,0.6719328067193281,0.8539237155845091,False
GO_BP,PHOL,GO:2000181,negative regulation of blood vessel morphogenesis,7,0.33068380060817204,0.023592477177555693,0.43855614438556145,0.8514559823247387,False
GO_BP,PHOL,GO:2000191,regulation of fatty acid transport,5,-0.7993111160929981,0.07848970857166448,0.4453554644535546,0.8514559823247387,False
GO_BP,PHOL,GO:2000209,regulation of anoikis,6,-0.7566340971323063,0.22624308914867786,0.3818618138186181,0.8514559823247387,False
GO_BP,PHOL,GO:2000278,regulation of DNA biosynthetic process,6,0.08629735081159731,0.40535609900677194,0.36076392360763926,0.8514559823247387,False
GO_BP,PHOL,GO:2000351,regulation of endothelial cell apoptotic process,7,-0.012801873522654548,-0.5030203252270671,0.6504349565043496,0.8514559823247387,False
GO_BP,PHOL,GO:2000377,regulation of reactive oxygen species metabolic process,25,-0.7205071658611562,-0.13740593777200572,0.508049195080492,0.8514559823247387,False
GO_BP,PHOL,GO:2000378,negative regulation of reactive oxygen species metabolic process,10,-0.659425068954667,0.20018650987376752,0.37536246375362464,0.8514559823247387,False
GO_BP,PHOL,GO:2000379,positive regulation of reactive oxygen species metabolic process,12,-0.36470618833405716,-0.3754793167333512,0.5987401259874012,0.8514559823247387,False
GO_BP,PHOL,GO:2000463,positive regulation of excitatory postsynaptic potential,5,-0.3434975760201987,0.41274140680355353,0.3126687331266873,0.8514559823247387,False
GO_BP,PHOL,GO:2000573,positive regulation of DNA biosynthetic process,6,0.08629735081159731,0.40535609900677194,0.36076392360763926,0.8514559823247387,False
GO_BP,PHOL,GO:2000628,regulation of miRNA metabolic process,14,-0.14409671094720194,0.5777698216078946,0.31766823317668236,0.8514559823247387,False
GO_BP,PHOL,GO:2000629,negative regulation of miRNA metabolic process,8,-0.34907130567173905,0.296221236190497,0.39046095390460955,0.8514559823247387,False
GO_BP,PHOL,GO:2000630,positive regulation of miRNA metabolic process,10,0.11367158386887666,0.7439705198159704,0.266973302669733,0.8514559823247387,False
GO_BP,PHOL,GO:2000772,regulation of cellular senescence,5,-0.6738540939495881,0.1341871029939996,0.39046095390460955,0.8514559823247387,False
GO_BP,PHOL,GO:2000779,regulation of double-strand break repair,7,1.360636773557592,0.21805998363130552,0.4026597340265973,0.8514559823247387,False
GO_BP,PHOL,GO:2000811,negative regulation of anoikis,6,-0.7566340971323063,0.22624308914867786,0.3818618138186181,0.8514559823247387,False
GO_BP,PHOL,GO:2001057,reactive nitrogen species metabolic process,7,-0.7559466006242785,-0.35433837123692824,0.5960403959604039,0.8514559823247387,False
GO_BP,PHOL,GO:2001141,regulation of RNA biosynthetic process,84,1.207168796994909,0.72939122411857,0.2782721727827217,0.8514559823247387,False
GO_BP,PHOL,GO:2001169,regulation of ATP biosynthetic process,5,0.061959062219923415,0.22810336687366112,0.3691630836916308,0.8514559823247387,False
GO_BP,PHOL,GO:2001233,regulation of apoptotic signaling pathway,25,-0.6209560127025516,0.3321792362856285,0.3915608439156084,0.8514559823247387,False
GO_BP,PHOL,GO:2001234,negative regulation of apoptotic signaling pathway,21,-0.4329913450237875,0.28410719774043397,0.40705929407059294,0.8514559823247387,False
GO_BP,PHOL,GO:2001236,regulation of extrinsic apoptotic signaling pathway,13,-0.4191369749668126,0.5270559976144544,0.32536746325367466,0.8514559823247387,False
GO_BP,PHOL,GO:2001237,negative regulation of extrinsic apoptotic signaling pathway,12,-0.33320693504174553,0.5402861076937462,0.31256874312568744,0.8514559823247387,False
GO_BP,PHOL,GO:2001239,regulation of extrinsic apoptotic signaling pathway in absence of ligand,7,-0.8705582543016518,0.16755769244410879,0.41175882411758824,0.8514559823247387,False
GO_BP,PHOL,GO:2001240,negative regulation of extrinsic apoptotic signaling pathway in absence of ligand,7,-0.8705582543016518,0.16755769244410879,0.41175882411758824,0.8514559823247387,False
GO_BP,PHOL,GO:2001242,regulation of intrinsic apoptotic signaling pathway,18,-1.1765180767925782,-0.22778835296902145,0.5669433056694331,0.8514559823247387,False
GO_BP,PHOL,GO:2001243,negative regulation of intrinsic apoptotic signaling pathway,14,-1.1331122995635967,-0.5047917298222204,0.6492350764923508,0.8514559823247387,False
GO_BP,PHOL,GO:2001251,negative regulation of chromosome organization,6,-0.5430467445550723,0.36540568725743106,0.33166683331666835,0.8514559823247387,False
GO_BP,PHOL,GO:2001252,positive regulation of chromosome organization,8,-0.25574953891260677,-0.24965546488373638,0.5607439256074392,0.8514559823247387,False
GO_BP,WHIL,GO:0000086,G2/M transition of mitotic cell cycle,6,0.6703444392999814,1.4994112752914925,0.10878912108789121,0.8514559823247387,False
GO_BP,WHIL,GO:0000122,negative regulation of transcription by RNA polymerase II,42,0.5479322440284237,-1.203355356309213,0.837016298370163,0.9046735049358805,False
GO_BP,WHIL,GO:0000165,MAPK cascade,13,-0.08433975918500199,0.6155492091580121,0.2722727727227277,0.8514559823247387,False
GO_BP,WHIL,GO:0000209,protein polyubiquitination,6,-0.7459985613797304,-3.6401512418590283,0.9985001499850015,1.0,False
GO_BP,WHIL,GO:0000226,microtubule cytoskeleton organization,12,0.538067200468832,0.09314933145075854,0.45265473452654736,0.8514559823247387,False
GO_BP,WHIL,GO:0000278,mitotic cell cycle,20,0.916124507244242,1.4603727781386373,0.1146885311468853,0.8514559823247387,False
GO_BP,WHIL,GO:0000280,nuclear division,6,0.07188392852218141,0.2570886539536745,0.36926307369263073,0.8514559823247387,False
GO_BP,WHIL,GO:0000302,response to reactive oxygen species,18,-0.5333024516683533,0.13418305161172817,0.42825717428257176,0.8514559823247387,False
GO_BP,WHIL,GO:0000723,telomere maintenance,7,-0.46426511679875576,-0.24578096730805082,0.5497450254974503,0.8514559823247387,False
GO_BP,WHIL,GO:0000902,cell morphogenesis,12,-0.355044190096778,0.32196024064189377,0.36106389361063895,0.8514559823247387,False
GO_BP,WHIL,GO:0001101,response to acid chemical,10,-0.12260496840886904,0.7408735993093662,0.21497850214978503,0.8514559823247387,False
GO_BP,WHIL,GO:0001501,skeletal system development,8,-0.8567702458263228,0.3802428909137753,0.3418658134186581,0.8514559823247387,False
GO_BP,WHIL,GO:0001503,ossification,11,-0.7030875020224453,0.2334315140830543,0.39536046395360464,0.8514559823247387,False
GO_BP,WHIL,GO:0001508,action potential,6,-1.0417601869566877,-1.6375211042553373,0.9265073492650735,0.9586677856645024,False
GO_BP,WHIL,GO:0001516,prostaglandin biosynthetic process,6,-0.7764027660283677,-0.20552322759463992,0.5603439656034397,0.8514559823247387,False
GO_BP,WHIL,GO:0001523,retinoid metabolic process,16,1.2185423326449458,-0.12294648172581968,0.5213478652134786,0.8514559823247387,False
GO_BP,WHIL,GO:0001525,angiogenesis,12,-0.5132805513750611,-0.4998565601579661,0.6473352664733527,0.8514559823247387,False
GO_BP,WHIL,GO:0001558,regulation of cell growth,18,-0.6132993548497411,-0.14694330501029274,0.5345465453454654,0.8514559823247387,False
GO_BP,WHIL,GO:0001568,blood vessel development,16,-0.9287304038375643,-0.42921229845858083,0.622937706229377,0.8514559823247387,False
GO_BP,WHIL,GO:0001649,osteoblast differentiation,6,-0.90502290193269,0.20999127060804657,0.40105989401059894,0.8514559823247387,False
GO_BP,WHIL,GO:0001654,eye development,12,-1.8486821862456928,-0.7716541009470959,0.7506249375062494,0.8738618675445888,False
GO_BP,WHIL,GO:0001659,temperature homeostasis,6,-1.5213287668573778,-0.3142248220806043,0.585041495850415,0.8514559823247387,False
GO_BP,WHIL,GO:0001666,response to hypoxia,28,-0.015809325198304854,1.0996710047862013,0.1855814418558144,0.8514559823247387,False
GO_BP,WHIL,GO:0001667,ameboidal-type cell migration,7,-0.8601193659251692,0.20023018692412486,0.385961403859614,0.8514559823247387,False
GO_BP,WHIL,GO:0001676,long-chain fatty acid metabolic process,22,0.40629598060907,0.8708467179754749,0.23057694230576942,0.8514559823247387,False
GO_BP,WHIL,GO:0001678,intracellular glucose homeostasis,7,0.5584687428717384,0.619532487772299,0.265973402659734,0.8514559823247387,False
GO_BP,WHIL,GO:0001775,cell activation,33,-0.36558510161087365,-0.1902466821314941,0.5512448755124487,0.8514559823247387,False
GO_BP,WHIL,GO:0001817,regulation of cytokine production,46,-0.22798377785951016,-0.1306022328514604,0.52994700529947,0.8514559823247387,False
GO_BP,WHIL,GO:0001818,negative regulation of cytokine production,15,1.1389208520492549,1.007546012176829,0.19118088191180882,0.8514559823247387,False
GO_BP,WHIL,GO:0001819,positive regulation of cytokine production,33,-0.3012753722401287,0.6595933978225929,0.2850714928507149,0.8514559823247387,False
GO_BP,WHIL,GO:0001822,kidney development,6,-0.6213672490113143,0.52649865663878,0.30956904309569044,0.8514559823247387,False
GO_BP,WHIL,GO:0001889,liver development,8,-0.960800925126516,-2.4586234655484187,0.9845015498450155,0.9957785289117511,False
GO_BP,WHIL,GO:0001890,placenta development,6,-0.39789907348383846,-0.1970536123412227,0.5382461753824618,0.8514559823247387,False
GO_BP,WHIL,GO:0001894,tissue homeostasis,9,0.5988167522229115,0.8579541529857324,0.2156784321567843,0.8514559823247387,False
GO_BP,WHIL,GO:0001906,cell killing,5,-0.4513104373885951,-2.093359026735211,0.9714028597140286,0.9900068125127395,False
GO_BP,WHIL,GO:0001932,regulation of protein phosphorylation,22,0.9388575751289184,2.1832709753283592,0.047995200479952004,0.8514559823247387,False
GO_BP,WHIL,GO:0001934,positive regulation of protein phosphorylation,19,-0.05407750379647642,1.504435693871681,0.11818818118188182,0.8514559823247387,False
GO_BP,WHIL,GO:0001936,regulation of endothelial cell proliferation,12,-0.6135438319570518,-0.25943446184311886,0.5647435256474352,0.8514559823247387,False
GO_BP,WHIL,GO:0001938,positive regulation of endothelial cell proliferation,10,-0.45930213397451086,0.14041354213027596,0.42375762423757624,0.8514559823247387,False
GO_BP,WHIL,GO:0001944,vasculature development,17,-0.7647727937356279,-0.2380690643551403,0.5586441355864413,0.8514559823247387,False
GO_BP,WHIL,GO:0001952,regulation of cell-matrix adhesion,13,-0.5738702386132162,0.5508291799762215,0.30016998300169984,0.8514559823247387,False
GO_BP,WHIL,GO:0001954,positive regulation of cell-matrix adhesion,7,-0.7050693320228574,-0.19878632803915008,0.555044495550445,0.8514559823247387,False
GO_BP,WHIL,GO:0001959,regulation of cytokine-mediated signaling pathway,14,1.9661927040289553,2.521021969732816,0.030596940305969402,0.8514559823247387,False
GO_BP,WHIL,GO:0001960,negative regulation of cytokine-mediated signaling pathway,6,0.982439850062307,1.4443097764741455,0.10628937106289371,0.8514559823247387,False
GO_BP,WHIL,GO:0001963,"synaptic transmission, dopaminergic",8,-0.9123591438755819,-2.0030236152911254,0.9641035896410359,0.984723875931918,False
GO_BP,WHIL,GO:0001964,startle response,5,-0.09956365661257398,0.02559136737276589,0.461053894610539,0.8514559823247387,False
GO_BP,WHIL,GO:0001975,response to amphetamine,6,-0.6538533083734113,-0.6774852083893126,0.7104289571042895,0.86156662470881,False
GO_BP,WHIL,GO:0002009,morphogenesis of an epithelium,6,-1.2673814221875876,-0.023841952893578267,0.4727527247275273,0.8514559823247387,False
GO_BP,WHIL,GO:0002027,regulation of heart rate,11,-0.04191577808983718,0.2165332619244635,0.3875612438756124,0.8514559823247387,False
GO_BP,WHIL,GO:0002040,sprouting angiogenesis,5,-0.41754151168394826,0.6310750616804361,0.2328767123287671,0.8514559823247387,False
GO_BP,WHIL,GO:0002064,epithelial cell development,5,-1.3611176046293594,-0.17082431657256936,0.531046895310469,0.8514559823247387,False
GO_BP,WHIL,GO:0002090,regulation of receptor internalization,5,-0.6559792332697306,0.1870171735822158,0.3912608739126087,0.8514559823247387,False
GO_BP,WHIL,GO:0002218,activation of innate immune response,12,-0.382870180789491,0.41055264894466403,0.33806619338066196,0.8514559823247387,False
GO_BP,WHIL,GO:0002220,innate immune response activating cell surface receptor signaling pathway,8,-1.1360490018462348,-0.27678005000776407,0.5746425357464253,0.8514559823247387,False
GO_BP,WHIL,GO:0002221,pattern recognition receptor signaling pathway,8,-0.18978144884686557,0.01521308138128949,0.47065293470652936,0.8514559823247387,False
GO_BP,WHIL,GO:0002223,stimulatory C-type lectin receptor signaling pathway,5,-0.9695359385227502,0.191370510078257,0.38466153384661533,0.8514559823247387,False
GO_BP,WHIL,GO:0002224,toll-like receptor signaling pathway,5,-0.8940507847497016,-1.3825318471597776,0.8847115288471152,0.9322192499345292,False
GO_BP,WHIL,GO:0002237,response to molecule of bacterial origin,27,0.5931315619368583,-0.29622414933387853,0.583941605839416,0.8514559823247387,False
GO_BP,WHIL,GO:0002250,adaptive immune response,5,-1.1490109086627596,-0.6835868271405232,0.7148285171482852,0.863001957670695,False
GO_BP,WHIL,GO:0002252,immune effector process,12,-0.7485838307795739,-0.5656471680742985,0.6684331566843316,0.8533864520334556,False
GO_BP,WHIL,GO:0002253,activation of immune response,24,-0.3464889964161829,0.30884792301495856,0.38046195380461956,0.8514559823247387,False
GO_BP,WHIL,GO:0002262,myeloid cell homeostasis,5,2.064609912107035,1.701315137008525,0.09429057094290572,0.8514559823247387,False
GO_BP,WHIL,GO:0002263,cell activation involved in immune response,8,-0.7939961508512893,-0.7038449736932579,0.7115288471152885,0.86156662470881,False
GO_BP,WHIL,GO:0002274,myeloid leukocyte activation,9,-0.19433745145196796,-0.936728499708384,0.7806219378062194,0.8841506943206937,False
GO_BP,WHIL,GO:0002366,leukocyte activation involved in immune response,7,-0.9377884880858973,-1.096209387381801,0.8276172382761724,0.9025434828371777,False
GO_BP,WHIL,GO:0002376,immune system process,71,-0.158660886301533,0.4378052123968753,0.35726427357264273,0.8514559823247387,False
GO_BP,WHIL,GO:0002429,immune response-activating cell surface receptor signaling pathway,20,-0.8271052675983431,-0.13768861349784045,0.5203479652034797,0.8514559823247387,False
GO_BP,WHIL,GO:0002431,Fc receptor mediated stimulatory signaling pathway,8,-0.0819209868580822,1.0175520241178126,0.16418358164183583,0.8514559823247387,False
GO_BP,WHIL,GO:0002443,leukocyte mediated immunity,6,-0.1771704781204153,0.5047706113287288,0.31666833316668336,0.8514559823247387,False
GO_BP,WHIL,GO:0002444,myeloid leukocyte mediated immunity,5,-0.49981035200895,0.08066468014678857,0.4410558944105589,0.8514559823247387,False
GO_BP,WHIL,GO:0002521,leukocyte differentiation,19,-1.0655519378566274,-0.8534792513291012,0.7527247275272473,0.8745412023001963,False
GO_BP,WHIL,GO:0002573,myeloid leukocyte differentiation,11,-0.8662059641792155,-0.4521469654003908,0.6243375662433757,0.8514559823247387,False
GO_BP,WHIL,GO:0002673,regulation of acute inflammatory response,5,-0.6791557254976658,0.23109535710224172,0.38866113388661133,0.8514559823247387,False
GO_BP,WHIL,GO:0002682,regulation of immune system process,72,0.37536821109354923,1.0065954796642458,0.21177882211778823,0.8514559823247387,False
GO_BP,WHIL,GO:0002683,negative regulation of immune system process,25,0.1820999624751093,0.9071093864382752,0.21997800219978003,0.8514559823247387,False
GO_BP,WHIL,GO:0002684,positive regulation of immune system process,49,0.31015055591348734,1.0787723569202616,0.19168083191680832,0.8514559823247387,False
GO_BP,WHIL,GO:0002685,regulation of leukocyte migration,11,-0.5933969131639526,-0.5795803133487691,0.6773322667733227,0.8539237155845091,False
GO_BP,WHIL,GO:0002687,positive regulation of leukocyte migration,7,-0.12566042976682382,-0.6468092814907807,0.6979302069793021,0.8574464587439561,False
GO_BP,WHIL,GO:0002688,regulation of leukocyte chemotaxis,7,-0.17645037019787366,-0.6862032907391976,0.7188281171882812,0.863001957670695,False
GO_BP,WHIL,GO:0002690,positive regulation of leukocyte chemotaxis,5,0.15143251817487233,-0.5763261466605065,0.6754324567543246,0.8539237155845091,False
GO_BP,WHIL,GO:0002694,regulation of leukocyte activation,21,0.6002346434118315,1.6577416822508637,0.0913908609139086,0.8514559823247387,False
GO_BP,WHIL,GO:0002695,negative regulation of leukocyte activation,8,2.959516666595715,2.976763413972899,0.018698130186981302,0.8514559823247387,False
GO_BP,WHIL,GO:0002696,positive regulation of leukocyte activation,17,-0.21687659678638224,1.139453837613635,0.16468353164683533,0.8514559823247387,False
GO_BP,WHIL,GO:0002697,regulation of immune effector process,11,0.6480093173527537,1.440176904850993,0.10618938106189381,0.8514559823247387,False
GO_BP,WHIL,GO:0002699,positive regulation of immune effector process,7,0.4962591859373708,0.9563552445026726,0.20607939206079393,0.8514559823247387,False
GO_BP,WHIL,GO:0002703,regulation of leukocyte mediated immunity,7,-0.1848821714796437,0.921426124697314,0.1924807519248075,0.8514559823247387,False
GO_BP,WHIL,GO:0002752,cell surface pattern recognition receptor signaling pathway,5,-0.827517504711136,-0.6153046165907012,0.7139286071392861,0.8626867754742729,False
GO_BP,WHIL,GO:0002757,immune response-activating signaling pathway,23,-0.4895058851294495,0.1767617667677589,0.41915808419158085,0.8514559823247387,False
GO_BP,WHIL,GO:0002758,innate immune response-activating signaling pathway,11,-0.5812107745120838,0.22866495823457034,0.39586041395860416,0.8514559823247387,False
GO_BP,WHIL,GO:0002764,immune response-regulating signaling pathway,26,-0.8041834316023276,-0.058571777335978514,0.49495050494950504,0.8514559823247387,False
GO_BP,WHIL,GO:0002768,immune response-regulating cell surface receptor signaling pathway,23,-1.160402977792092,-0.38855514982046746,0.6072392760723928,0.8514559823247387,False
GO_BP,WHIL,GO:0002791,regulation of peptide secretion,16,0.7597104393156755,0.9281250663310425,0.21107889211078892,0.8514559823247387,False
GO_BP,WHIL,GO:0002792,negative regulation of peptide secretion,5,-1.1499889630238287,-0.7204332294941643,0.7243275672432756,0.8631638741129698,False
GO_BP,WHIL,GO:0002793,positive regulation of peptide secretion,8,0.21186293421292893,0.5233776306177568,0.30416958304169583,0.8514559823247387,False
GO_BP,WHIL,GO:0002831,regulation of response to biotic stimulus,36,0.8126368993925214,1.9894428971722946,0.0552944705529447,0.8514559823247387,False
GO_BP,WHIL,GO:0002832,negative regulation of response to biotic stimulus,8,1.0116042528331417,1.5254138672477833,0.09829017098290171,0.8514559823247387,False
GO_BP,WHIL,GO:0002833,positive regulation of response to biotic stimulus,19,-0.06425212744788823,0.9693546216524049,0.19858014198580143,0.8514559823247387,False
GO_BP,WHIL,GO:0002861,regulation of inflammatory response to antigenic stimulus,5,-1.26956154535542,-0.1175329477353717,0.50994900509949,0.8514559823247387,False
GO_BP,WHIL,GO:0002933,lipid hydroxylation,5,0.2345788781629499,-0.9324554327807981,0.7936206379362064,0.8872777318541438,False
GO_BP,WHIL,GO:0003006,developmental process involved in reproduction,15,0.7697597052268096,0.5688544603466457,0.2930706929307069,0.8514559823247387,False
GO_BP,WHIL,GO:0003007,heart morphogenesis,6,-0.1178162849339333,0.6280739707534426,0.27277272272772723,0.8514559823247387,False
GO_BP,WHIL,GO:0003008,system process,111,-0.4961250676467665,0.32819128068317577,0.39316068393160686,0.8514559823247387,False
GO_BP,WHIL,GO:0003012,muscle system process,20,0.015371673383603221,0.10582289732156201,0.44045595440455954,0.8514559823247387,False
GO_BP,WHIL,GO:0003013,circulatory system process,65,-1.008878216502906,-0.11989686369927144,0.5307469253074693,0.8514559823247387,False
GO_BP,WHIL,GO:0003014,renal system process,12,0.0315663012816916,0.002810485726455099,0.48125187481251874,0.8514559823247387,False
GO_BP,WHIL,GO:0003015,heart process,7,-0.3505323041943751,-0.5888067356320463,0.6864313568643136,0.8564379499133531,False
GO_BP,WHIL,GO:0003018,vascular process in circulatory system,47,-1.3718253722879035,-0.4526302287198428,0.6399360063993601,0.8514559823247387,False
GO_BP,WHIL,GO:0003044,regulation of systemic arterial blood pressure mediated by a chemical signal,6,-1.138408251117652,-0.38245887293885106,0.6088391160883911,0.8514559823247387,False
GO_BP,WHIL,GO:0003073,regulation of systemic arterial blood pressure,10,-0.17110122962749377,0.0792964951005343,0.45235476452354767,0.8514559823247387,False
GO_BP,WHIL,GO:0005975,carbohydrate metabolic process,16,-0.7433940034074358,-0.6004085764187402,0.6905309469053095,0.8571076066617682,False
GO_BP,WHIL,GO:0005996,monosaccharide metabolic process,6,0.6273931939897851,0.13575288849238543,0.44315568443155684,0.8514559823247387,False
GO_BP,WHIL,GO:0006066,alcohol metabolic process,27,1.306942549004755,1.2992143117364143,0.14438556144385561,0.8514559823247387,False
GO_BP,WHIL,GO:0006081,aldehyde metabolic process,5,-0.6211082301396786,0.3153417915525365,0.37196280371962803,0.8514559823247387,False
GO_BP,WHIL,GO:0006091,generation of precursor metabolites and energy,8,-0.4145211695724689,-0.7307692745154792,0.7247275272472753,0.8631638741129698,False
GO_BP,WHIL,GO:0006109,regulation of carbohydrate metabolic process,11,-0.6334208467759588,0.2125985909109388,0.40515948405159485,0.8514559823247387,False
GO_BP,WHIL,GO:0006110,regulation of glycolytic process,6,-0.8415615729847621,0.09218523459072714,0.42825717428257176,0.8514559823247387,False
GO_BP,WHIL,GO:0006139,nucleobase-containing compound metabolic process,53,-0.19574071807023974,-0.659819697230317,0.6994300569943006,0.8574464587439561,False
GO_BP,WHIL,GO:0006140,regulation of nucleotide metabolic process,10,-1.2329524784068302,-0.46227891745526783,0.6275372462753724,0.8514559823247387,False
GO_BP,WHIL,GO:0006163,purine nucleotide metabolic process,14,-0.2717885950408678,0.3754484840667654,0.36236376362363765,0.8514559823247387,False
GO_BP,WHIL,GO:0006195,purine nucleotide catabolic process,8,-1.0757285021740455,-0.42167752166131844,0.6298370162983702,0.8514559823247387,False
GO_BP,WHIL,GO:0006259,DNA metabolic process,22,0.14414357278368534,-0.2347990539817315,0.5549445055494451,0.8514559823247387,False
GO_BP,WHIL,GO:0006260,DNA replication,11,0.9700064985859962,-1.0473144811750967,0.8066193380661933,0.895099115680849,False
GO_BP,WHIL,GO:0006261,DNA-templated DNA replication,6,0.22218961746429422,-0.22205382100026072,0.5545445455454454,0.8514559823247387,False
GO_BP,WHIL,GO:0006281,DNA repair,12,-0.5713117055559186,-1.5418797001683988,0.9102089791020898,0.9485143670001737,False
GO_BP,WHIL,GO:0006282,regulation of DNA repair,14,-0.0426053782966428,-0.7662230679441883,0.7328267173282672,0.8658492898501112,False
GO_BP,WHIL,GO:0006302,double-strand break repair,9,-0.32321131748128606,-2.4248921320816796,0.9807019298070193,0.9949458121606006,False
GO_BP,WHIL,GO:0006325,chromatin organization,37,1.4453325933497336,0.7101713661570463,0.26847315268473154,0.8514559823247387,False
GO_BP,WHIL,GO:0006338,chromatin remodeling,35,1.4079102565650112,0.6160451663828184,0.2910708929107089,0.8514559823247387,False
GO_BP,WHIL,GO:0006351,DNA-templated transcription,14,0.056239438888166814,-1.2786459910340051,0.8624137586241376,0.9184446743039006,False
GO_BP,WHIL,GO:0006352,DNA-templated transcription initiation,5,-0.0894145096037482,-0.4990258467473323,0.647035296470353,0.8514559823247387,False
GO_BP,WHIL,GO:0006355,regulation of DNA-templated transcription,81,-0.12021682492460223,-0.726761242059347,0.7197280271972802,0.863001957670695,False
GO_BP,WHIL,GO:0006357,regulation of transcription by RNA polymerase II,64,0.46106228306863617,-0.7336374543378179,0.7231276872312768,0.8631638741129698,False
GO_BP,WHIL,GO:0006366,transcription by RNA polymerase II,12,-0.288961151892799,-1.602780208830832,0.9227077292270773,0.9560044659691658,False
GO_BP,WHIL,GO:0006367,transcription initiation at RNA polymerase II promoter,5,-0.0894145096037482,-0.4990258467473323,0.647035296470353,0.8514559823247387,False
GO_BP,WHIL,GO:0006396,RNA processing,5,0.1471617138095954,0.6174332565063899,0.23767623237676233,0.8514559823247387,False
GO_BP,WHIL,GO:0006417,regulation of translation,7,0.13535713273068736,0.5627412999765612,0.2946705329467053,0.8514559823247387,False
GO_BP,WHIL,GO:0006457,protein folding,5,-0.16512879881756112,0.1991174106910835,0.39706029397060294,0.8514559823247387,False
GO_BP,WHIL,GO:0006468,protein phosphorylation,43,-0.5328911957944723,1.4460989487783942,0.12288771122887711,0.8514559823247387,False
GO_BP,WHIL,GO:0006470,protein dephosphorylation,7,5.0401028253949685,3.9444485746710978,0.0017998200179982,0.8514559823247387,False
GO_BP,WHIL,GO:0006508,proteolysis,22,-1.425109448441497,-0.024490777413151532,0.49565043495650435,0.8514559823247387,False
GO_BP,WHIL,GO:0006511,ubiquitin-dependent protein catabolic process,5,-0.8610812594213011,-2.5113654088578685,0.9903009699030098,0.9980784867249709,False
GO_BP,WHIL,GO:0006575,modified amino acid metabolic process,5,-0.2960804395990612,0.6809059395824453,0.27217278272172785,0.8514559823247387,False
GO_BP,WHIL,GO:0006576,biogenic amine metabolic process,10,-0.5700998397474515,-0.9091727948424042,0.7715228477152285,0.8799752936098795,False
GO_BP,WHIL,GO:0006584,catecholamine metabolic process,9,-0.9070310286275153,-1.2617327246959724,0.8542145785421458,0.9116816938602605,False
GO_BP,WHIL,GO:0006629,lipid metabolic process,70,0.6847638008272418,-0.11415116696538818,0.5278472152784721,0.8514559823247387,False
GO_BP,WHIL,GO:0006631,fatty acid metabolic process,37,0.3774547750367462,0.7570019735369464,0.2662733726627337,0.8514559823247387,False
GO_BP,WHIL,GO:0006633,fatty acid biosynthetic process,20,-0.6005308244708334,-0.4285993009000551,0.6278372162783722,0.8514559823247387,False
GO_BP,WHIL,GO:0006636,unsaturated fatty acid biosynthetic process,10,-0.942736838084134,-0.45401313859895553,0.6374362563743625,0.8514559823247387,False
GO_BP,WHIL,GO:0006638,neutral lipid metabolic process,5,-0.041486450761004115,-0.7570514593242627,0.726027397260274,0.8631638741129698,False
GO_BP,WHIL,GO:0006639,acylglycerol metabolic process,5,-0.041486450761004115,-0.7570514593242627,0.726027397260274,0.8631638741129698,False
GO_BP,WHIL,GO:0006641,triglyceride metabolic process,5,-0.041486450761004115,-0.7570514593242627,0.726027397260274,0.8631638741129698,False
GO_BP,WHIL,GO:0006644,phospholipid metabolic process,9,-0.11233405718042773,-0.8431687167937805,0.768023197680232,0.8787413464859231,False
GO_BP,WHIL,GO:0006650,glycerophospholipid metabolic process,6,0.44462367722821017,0.08087557758507946,0.45995400459954006,0.8514559823247387,False
GO_BP,WHIL,GO:0006665,sphingolipid metabolic process,5,-0.9538258424827392,-0.5561585897842862,0.66003399660034,0.8514559823247387,False
GO_BP,WHIL,GO:0006690,icosanoid metabolic process,31,0.1910757361492385,1.3672644711037392,0.1346865313468653,0.8514559823247387,False
GO_BP,WHIL,GO:0006692,prostanoid metabolic process,13,0.4062095356403853,1.0442628589683052,0.18318168183181682,0.8514559823247387,False
GO_BP,WHIL,GO:0006693,prostaglandin metabolic process,12,0.8636153773505698,1.488141177165847,0.104989501049895,0.8514559823247387,False
GO_BP,WHIL,GO:0006694,steroid biosynthetic process,11,1.7235526440491253,0.5334192454600584,0.3050694930506949,0.8514559823247387,False
GO_BP,WHIL,GO:0006706,steroid catabolic process,6,0.13042145278012934,-0.24441596954815975,0.5616438356164384,0.8514559823247387,False
GO_BP,WHIL,GO:0006720,isoprenoid metabolic process,21,1.0823782333417262,-0.24140859508540813,0.5648435156484352,0.8514559823247387,False
GO_BP,WHIL,GO:0006721,terpenoid metabolic process,21,1.0823782333417262,-0.24140859508540813,0.5648435156484352,0.8514559823247387,False
GO_BP,WHIL,GO:0006753,nucleoside phosphate metabolic process,16,-0.6343041157897545,0.1799750772226657,0.42615738426157385,0.8514559823247387,False
GO_BP,WHIL,GO:0006778,porphyrin-containing compound metabolic process,6,-0.9859604957602268,-4.464274997967199,0.9997000299970003,1.0,False
GO_BP,WHIL,GO:0006787,porphyrin-containing compound catabolic process,5,-0.961329131449781,-5.483889397312732,1.0,1.0,False
GO_BP,WHIL,GO:0006790,sulfur compound metabolic process,6,-1.0555533495434186,0.24114642331347036,0.39076092390760925,0.8514559823247387,False
GO_BP,WHIL,GO:0006793,phosphorus metabolic process,25,-0.7041695696778988,-0.5790509651828913,0.6767323267673233,0.8539237155845091,False
GO_BP,WHIL,GO:0006796,phosphate-containing compound metabolic process,51,0.70961625135498,2.4419375954847578,0.0263973602639736,0.8514559823247387,False
GO_BP,WHIL,GO:0006805,xenobiotic metabolic process,34,0.5441051108303697,-1.1663673059467046,0.8341165883411659,0.9043845615438456,False
GO_BP,WHIL,GO:0006810,transport,115,-1.7877995767235073,-2.8256015692446494,0.9904009599040096,0.9980784867249709,False
GO_BP,WHIL,GO:0006811,monoatomic ion transport,36,-2.0464942593861224,-2.772239505293353,0.9932006799320068,0.9997090613519293,False
GO_BP,WHIL,GO:0006812,monoatomic cation transport,28,-1.4055903135781886,-1.1309447436166526,0.8272172782721727,0.9024188490241885,False
GO_BP,WHIL,GO:0006814,sodium ion transport,8,-0.9518907725487683,-0.742199339028687,0.7454254574542546,0.8724927357526288,False
GO_BP,WHIL,GO:0006816,calcium ion transport,14,-0.629947714908316,-0.4144563912911595,0.6261373862613738,0.8514559823247387,False
GO_BP,WHIL,GO:0006820,monoatomic anion transport,5,0.07163004282067557,-2.082470011872023,0.9517048295170483,0.9769639399297622,False
GO_BP,WHIL,GO:0006821,chloride transport,5,0.07163004282067557,-2.082470011872023,0.9517048295170483,0.9769639399297622,False
GO_BP,WHIL,GO:0006836,neurotransmitter transport,9,-1.8233679280705712,-0.9376027016937111,0.7822217778222178,0.8844134891530151,False
GO_BP,WHIL,GO:0006865,amino acid transport,7,-1.9898469057661767,-1.4484473985592392,0.8842115788421158,0.9322167580493583,False
GO_BP,WHIL,GO:0006869,lipid transport,24,-0.16145437763031745,-2.0363173873455214,0.957004299570043,0.9791823616064279,False
GO_BP,WHIL,GO:0006873,intracellular monoatomic ion homeostasis,20,1.2869984147276639,1.2597765644933931,0.14088591140885912,0.8514559823247387,False
GO_BP,WHIL,GO:0006874,intracellular calcium ion homeostasis,15,-0.42622186420694136,-0.7117902425072444,0.7239276072392761,0.8631638741129698,False
GO_BP,WHIL,GO:0006886,intracellular protein transport,8,-1.193385221855199,-0.01636726338836536,0.47905209479052097,0.8514559823247387,False
GO_BP,WHIL,GO:0006897,endocytosis,27,-0.9499569410569657,-0.6666086860873899,0.7030296970302969,0.8577108921016136,False
GO_BP,WHIL,GO:0006898,receptor-mediated endocytosis,11,-1.612214400418398,-1.7997637140346723,0.9381061893810619,0.967247624213124,False
GO_BP,WHIL,GO:0006909,phagocytosis,14,-0.26683291134134807,0.2966714320636246,0.38066193380661933,0.8514559823247387,False
GO_BP,WHIL,GO:0006913,nucleocytoplasmic transport,5,-1.5418943547605914,-0.4411771609138575,0.6314368563143685,0.8514559823247387,False
GO_BP,WHIL,GO:0006914,autophagy,8,-0.2162303968229929,0.09168281432152081,0.42945705429457054,0.8514559823247387,False
GO_BP,WHIL,GO:0006915,apoptotic process,37,-0.6018642524489131,0.6577526915196337,0.2880711928807119,0.8514559823247387,False
GO_BP,WHIL,GO:0006935,chemotaxis,24,-0.9674053335795307,-0.5706748124892976,0.6682331766823317,0.8533864520334556,False
GO_BP,WHIL,GO:0006936,muscle contraction,19,-0.10190440784839527,-0.08199567860293852,0.5055494450554945,0.8514559823247387,False
GO_BP,WHIL,GO:0006937,regulation of muscle contraction,19,-0.8706825345153035,0.13688280773184802,0.43985601439856015,0.8514559823247387,False
GO_BP,WHIL,GO:0006939,smooth muscle contraction,9,-0.6768874434975197,-0.0421839840426842,0.47735226477352266,0.8514559823247387,False
GO_BP,WHIL,GO:0006940,regulation of smooth muscle contraction,12,-1.151992269906139,-0.4476902390061557,0.6446355364463554,0.8514559823247387,False
GO_BP,WHIL,GO:0006941,striated muscle contraction,8,0.8683957798351417,-0.3228068575644424,0.5932406759324068,0.8514559823247387,False
GO_BP,WHIL,GO:0006942,regulation of striated muscle contraction,9,-0.5415118166548619,0.28622213944492947,0.3768623137686231,0.8514559823247387,False
GO_BP,WHIL,GO:0006950,response to stress,137,-0.6026518996092132,0.1527362016379088,0.4517548245175482,0.8514559823247387,False
GO_BP,WHIL,GO:0006952,defense response,57,-0.998947084947869,-1.5199398276992961,0.893010698930107,0.936430667934775,False
GO_BP,WHIL,GO:0006954,inflammatory response,30,-0.45637646047626484,-0.7904096835627912,0.7412258774122588,0.8711544716949702,False
GO_BP,WHIL,GO:0006955,immune response,39,-1.313077175674092,-1.921504312576195,0.9471052894710529,0.9741570338681359,False
GO_BP,WHIL,GO:0006959,humoral immune response,6,-0.6168239539929757,-1.617160483286936,0.9238076192380762,0.956508773901371,False
GO_BP,WHIL,GO:0006970,response to osmotic stress,5,1.1164218331828173,1.326891450351211,0.09869013098690131,0.8514559823247387,False
GO_BP,WHIL,GO:0006974,DNA damage response,26,-0.6697750055188717,-1.143946140857317,0.8324167583241676,0.9039857035178154,False
GO_BP,WHIL,GO:0006979,response to oxidative stress,34,-1.23436426509926,0.09373588817687395,0.44895510448955106,0.8514559823247387,False
GO_BP,WHIL,GO:0006986,response to unfolded protein,7,1.5344488555999432,0.8261680022496395,0.23307669233076692,0.8514559823247387,False
GO_BP,WHIL,GO:0006996,organelle organization,47,1.3253123172911356,-0.22019515890485164,0.5615438456154385,0.8514559823247387,False
GO_BP,WHIL,GO:0006997,nucleus organization,5,-0.4884230937843234,-0.42635492669341063,0.6262373762623737,0.8514559823247387,False
GO_BP,WHIL,GO:0006998,nuclear envelope organization,5,-0.4884230937843234,-0.42635492669341063,0.6262373762623737,0.8514559823247387,False
GO_BP,WHIL,GO:0007005,mitochondrion organization,9,-1.023385554428455,-1.0105637575239408,0.8071192880711929,0.895099115680849,False
GO_BP,WHIL,GO:0007010,cytoskeleton organization,23,0.7460712443555466,1.036487868665092,0.18618138186181382,0.8514559823247387,False
GO_BP,WHIL,GO:0007017,microtubule-based process,16,0.09439828342368704,0.21720804839534175,0.39836016398360163,0.8514559823247387,False
GO_BP,WHIL,GO:0007018,microtubule-based movement,5,0.36676799266701493,0.2836936490053667,0.35326467353264673,0.8514559823247387,False
GO_BP,WHIL,GO:0007049,cell cycle,27,0.9487229373175435,1.5163998574459945,0.11018898110188981,0.8514559823247387,False
GO_BP,WHIL,GO:0007051,spindle organization,9,-0.8519450429522417,-0.22153973119474601,0.5575442455754425,0.8514559823247387,False
GO_BP,WHIL,GO:0007052,mitotic spindle organization,6,-0.5143585620705058,-0.21732425345837092,0.5538446155384461,0.8514559823247387,False
GO_BP,WHIL,GO:0007059,chromosome segregation,9,0.3558317744326284,0.9211575452448542,0.20637936206379362,0.8514559823247387,False
GO_BP,WHIL,GO:0007088,regulation of mitotic nuclear division,7,-0.21951874847264435,0.5928793385689355,0.2923707629237076,0.8514559823247387,False
GO_BP,WHIL,GO:0007155,cell adhesion,18,0.28885524370969873,1.854944270845631,0.0755924407559244,0.8514559823247387,False
GO_BP,WHIL,GO:0007162,negative regulation of cell adhesion,19,0.011145381836391847,1.4648389751102533,0.1207879212078792,0.8514559823247387,False
GO_BP,WHIL,GO:0007166,cell surface receptor signaling pathway,103,-1.603475569048696,0.12467401851160198,0.45625437456254375,0.8514559823247387,False
GO_BP,WHIL,GO:0007167,enzyme-linked receptor protein signaling pathway,47,-0.06715418225837104,2.015485389654945,0.056694330566943306,0.8514559823247387,False
GO_BP,WHIL,GO:0007169,cell surface receptor protein tyrosine kinase signaling pathway,42,-0.3147420948416433,1.8047754269752398,0.07629237076292371,0.8514559823247387,False
GO_BP,WHIL,GO:0007173,epidermal growth factor receptor signaling pathway,16,0.41262982575738355,1.9226823006508418,0.06999300069993,0.8514559823247387,False
GO_BP,WHIL,GO:0007178,cell surface receptor protein serine/threonine kinase signaling pathway,7,-1.0779634311622435,-0.15339630454954734,0.5249475052494751,0.8514559823247387,False
GO_BP,WHIL,GO:0007179,transforming growth factor beta receptor signaling pathway,6,-0.9512361500407985,0.17892737163572836,0.40405959404059594,0.8514559823247387,False
GO_BP,WHIL,GO:0007186,G protein-coupled receptor signaling pathway,91,-1.2518876970052941,-0.21504051417341485,0.5568443155684432,0.8514559823247387,False
GO_BP,WHIL,GO:0007187,"G protein-coupled receptor signaling pathway, coupled to cyclic nucleotide second messenger",26,-1.0192115131633546,-1.1304040822022214,0.8246175382461753,0.9015832824566177,False
GO_BP,WHIL,GO:0007188,adenylate cyclase-modulating G protein-coupled receptor signaling pathway,50,-1.989621653866096,-1.1754136605806904,0.8345165483451655,0.9043845615438456,False
GO_BP,WHIL,GO:0007189,adenylate cyclase-activating G protein-coupled receptor signaling pathway,20,-0.4246734580802608,-1.517345058362225,0.9046095390460954,0.9447830044043131,False
GO_BP,WHIL,GO:0007193,adenylate cyclase-inhibiting G protein-coupled receptor signaling pathway,35,-2.3692746816461088,-0.4269181366386663,0.6281371862813718,0.8514559823247387,False
GO_BP,WHIL,GO:0007196,adenylate cyclase-inhibiting G protein-coupled glutamate receptor signaling pathway,6,-1.5476278881358374,-0.8015980785156338,0.7459254074592541,0.8724927357526288,False
GO_BP,WHIL,GO:0007197,adenylate cyclase-inhibiting G protein-coupled acetylcholine receptor signaling pathway,8,-1.2764203074713132,-0.044014643691157485,0.5191480851914808,0.8514559823247387,False
GO_BP,WHIL,GO:0007198,adenylate cyclase-inhibiting serotonin receptor signaling pathway,6,-0.784564753997864,-0.23111406695367753,0.5508449155084492,0.8514559823247387,False
GO_BP,WHIL,GO:0007200,phospholipase C-activating G protein-coupled receptor signaling pathway,29,-1.230939706996006,-0.5976520740615839,0.6811318868113189,0.8539237155845091,False
GO_BP,WHIL,GO:0007204,positive regulation of cytosolic calcium ion concentration,18,-1.6856650539376516,-1.4759726715649188,0.8943105689431057,0.9368490187686693,False
GO_BP,WHIL,GO:0007210,serotonin receptor signaling pathway,9,-0.5025926522774862,-0.5905418719629216,0.6736326367363263,0.8539237155845091,False
GO_BP,WHIL,GO:0007212,G protein-coupled dopamine receptor signaling pathway,6,-1.3099779177439674,-2.0924993344153857,0.9618038196180382,0.9828958165087225,False
GO_BP,WHIL,GO:0007213,G protein-coupled acetylcholine receptor signaling pathway,8,-1.2764203074713132,-0.044014643691157485,0.5191480851914808,0.8514559823247387,False
GO_BP,WHIL,GO:0007215,glutamate receptor signaling pathway,16,-2.1897337737164166,-1.0781917350989434,0.8206179382061793,0.9011742234814215,False
GO_BP,WHIL,GO:0007216,G protein-coupled glutamate receptor signaling pathway,7,-1.6267193617160378,-0.8323193979439033,0.7537246275372462,0.8745412023001963,False
GO_BP,WHIL,GO:0007218,neuropeptide signaling pathway,6,-0.7148059069358763,-0.2783735684303555,0.5949405059494051,0.8514559823247387,False
GO_BP,WHIL,GO:0007254,JNK cascade,5,-0.7510247842365378,-0.3588731582911269,0.6211378862113789,0.8514559823247387,False
GO_BP,WHIL,GO:0007267,cell-cell signaling,75,-1.1341716843106695,-2.076029481252588,0.9611038896110389,0.982517737741298,False
GO_BP,WHIL,GO:0007268,chemical synaptic transmission,55,-1.6904629722254045,-1.6074626037117223,0.9114088591140886,0.9493419676505531,False
GO_BP,WHIL,GO:0007271,"synaptic transmission, cholinergic",5,0.8158298370996784,1.1992266223694883,0.15498450154984503,0.8514559823247387,False
GO_BP,WHIL,GO:0007275,multicellular organism development,115,-1.2510357663227274,-1.1432444218319489,0.822017798220178,0.9011742234814215,False
GO_BP,WHIL,GO:0007276,gamete generation,5,-0.09815805264351424,-0.68939662917104,0.7172282771722828,0.863001957670695,False
GO_BP,WHIL,GO:0007346,regulation of mitotic cell cycle,22,0.131031448548445,1.657187595916873,0.0932906709329067,0.8514559823247387,False
GO_BP,WHIL,GO:0007399,nervous system development,62,-0.34393386393623643,0.4798534634788347,0.33666633336666335,0.8514559823247387,False
GO_BP,WHIL,GO:0007409,axonogenesis,7,0.27734904273187944,0.5231703454865468,0.28747125287471254,0.8514559823247387,False
GO_BP,WHIL,GO:0007411,axon guidance,5,0.274264358905395,0.6597789457649138,0.22327767223277672,0.8514559823247387,False
GO_BP,WHIL,GO:0007416,synapse assembly,5,0.9071684055657702,-0.26397279623950454,0.5640435956404359,0.8514559823247387,False
GO_BP,WHIL,GO:0007417,central nervous system development,27,-0.447326491238039,-0.6001020428478383,0.684931506849315,0.8564379499133531,False
GO_BP,WHIL,GO:0007420,brain development,17,-1.261756842152345,-1.1282692950610171,0.8305169483051695,0.903071402896885,False
GO_BP,WHIL,GO:0007423,sensory organ development,16,-0.7982511552416147,0.2662462699357184,0.3892610738926107,0.8514559823247387,False
GO_BP,WHIL,GO:0007507,heart development,18,-0.20519668857852139,0.3684814756704664,0.35036496350364965,0.8514559823247387,False
GO_BP,WHIL,GO:0007548,sex differentiation,10,0.8703954117171492,0.6350651351797145,0.271972802719728,0.8514559823247387,False
GO_BP,WHIL,GO:0007565,female pregnancy,13,-1.122951691731326,-0.0010495400383900844,0.47595240475952405,0.8514559823247387,False
GO_BP,WHIL,GO:0007584,response to nutrient,14,-1.2549789543120695,-0.1591918928237106,0.5311468853114688,0.8514559823247387,False
GO_BP,WHIL,GO:0007586,digestion,12,1.0081781315550775,0.31977816662710856,0.3762623737626237,0.8514559823247387,False
GO_BP,WHIL,GO:0007589,body fluid secretion,6,-0.9087835888819007,-0.1960977480406354,0.5349465053494651,0.8514559823247387,False
GO_BP,WHIL,GO:0007596,blood coagulation,16,-1.044530653273682,0.1750056517352414,0.4136586341365863,0.8514559823247387,False
GO_BP,WHIL,GO:0007599,hemostasis,17,-1.1660468303845715,0.10760489865873124,0.4430556944305569,0.8514559823247387,False
GO_BP,WHIL,GO:0007600,sensory perception,20,-0.8684045889995817,-0.5736695304750719,0.6834316568343166,0.8554319748554698,False
GO_BP,WHIL,GO:0007610,behavior,40,-0.885310743894506,-0.48667576157707865,0.6492350764923508,0.8514559823247387,False
GO_BP,WHIL,GO:0007611,learning or memory,23,0.01718822421445932,0.15891414456810127,0.42045795420457954,0.8514559823247387,False
GO_BP,WHIL,GO:0007612,learning,16,-1.496176528018225,-1.1386361718525817,0.8325167483251675,0.9039857035178154,False
GO_BP,WHIL,GO:0007613,memory,11,0.08419492879809874,-0.4171579263584897,0.6208379162083791,0.8514559823247387,False
GO_BP,WHIL,GO:0007617,mating behavior,5,-0.23428701032851182,-0.7356138299933268,0.7496250374962504,0.8738155310682524,False
GO_BP,WHIL,GO:0007623,circadian rhythm,18,0.2660768856911569,-0.4415537464322368,0.6251374862513749,0.8514559823247387,False
GO_BP,WHIL,GO:0007626,locomotory behavior,13,-0.6819257621642673,-0.7350977045532238,0.7396260373962604,0.8705859796314133,False
GO_BP,WHIL,GO:0007631,feeding behavior,7,-1.2146632130683988,-0.2822610229545217,0.5881411858814118,0.8514559823247387,False
GO_BP,WHIL,GO:0007632,visual behavior,5,-0.31582856903492623,-0.7338020625273443,0.7452254774522548,0.8724927357526288,False
GO_BP,WHIL,GO:0008015,blood circulation,53,-0.43250677225120304,0.5254057543876193,0.32216778322167783,0.8514559823247387,False
GO_BP,WHIL,GO:0008016,regulation of heart contraction,21,-0.8012381762968732,0.09529980415799177,0.45425457454254575,0.8514559823247387,False
GO_BP,WHIL,GO:0008064,regulation of actin polymerization or depolymerization,6,0.10666342452165123,-0.27225368952682877,0.5943405659434057,0.8514559823247387,False
GO_BP,WHIL,GO:0008104,intracellular protein localization,25,-1.6032589805253117,-0.13380533267757588,0.5265473452654734,0.8514559823247387,False
GO_BP,WHIL,GO:0008202,steroid metabolic process,35,1.6521302142474974,0.11463845029427167,0.44925507449255075,0.8514559823247387,False
GO_BP,WHIL,GO:0008203,cholesterol metabolic process,12,0.6425140655210887,-0.45986354862980916,0.6326367363263674,0.8514559823247387,False
GO_BP,WHIL,GO:0008210,estrogen metabolic process,12,-0.11667500557096669,-1.6866880419503558,0.9292070792920708,0.9603995430845608,False
GO_BP,WHIL,GO:0008217,regulation of blood pressure,20,-0.2843477994792495,0.3590035497734777,0.3608639136086391,0.8514559823247387,False
GO_BP,WHIL,GO:0008219,cell death,38,-0.2408170120853682,0.9993155915398407,0.20557944205579443,0.8514559823247387,False
GO_BP,WHIL,GO:0008277,regulation of G protein-coupled receptor signaling pathway,14,-0.006707636284659728,-0.4025617615781912,0.6136386361363864,0.8514559823247387,False
GO_BP,WHIL,GO:0008283,cell population proliferation,16,-0.3602566629710885,0.8406104635061417,0.22227777222277773,0.8514559823247387,False
GO_BP,WHIL,GO:0008284,positive regulation of cell population proliferation,60,-1.1143595271039997,0.7320564728693018,0.27547245275472454,0.8514559823247387,False
GO_BP,WHIL,GO:0008285,negative regulation of cell population proliferation,33,0.4015856907939629,0.04925036010174694,0.4667533246675332,0.8514559823247387,False
GO_BP,WHIL,GO:0008286,insulin receptor signaling pathway,8,0.3537355722913004,0.8841869290954709,0.21077892210778923,0.8514559823247387,False
GO_BP,WHIL,GO:0008306,associative learning,11,-1.1458330859581132,-1.107349601662842,0.8336166383361664,0.904340720309054,False
GO_BP,WHIL,GO:0008360,regulation of cell shape,5,-0.3450693808100292,0.47361483017015,0.32016798320167983,0.8514559823247387,False
GO_BP,WHIL,GO:0008361,regulation of cell size,6,0.5304351581022305,-0.3506490588645129,0.5992400759924008,0.8514559823247387,False
GO_BP,WHIL,GO:0008406,gonad development,8,0.04403163691582793,-0.16022487402447486,0.5267473252674733,0.8514559823247387,False
GO_BP,WHIL,GO:0008542,visual learning,5,-0.31582856903492623,-0.7338020625273443,0.7452254774522548,0.8724927357526288,False
GO_BP,WHIL,GO:0008544,epidermis development,8,-0.7608762658760342,0.0987115138115735,0.44795520447955206,0.8514559823247387,False
GO_BP,WHIL,GO:0008584,male gonad development,5,-0.40246020600081067,-1.4218967868197505,0.8927107289271073,0.9363259102148953,False
GO_BP,WHIL,GO:0008585,female gonad development,5,0.615345462608239,1.0704464058633352,0.14308569143085692,0.8514559823247387,False
GO_BP,WHIL,GO:0008589,regulation of smoothened signaling pathway,5,0.084642049232362,-0.04868092982832971,0.47735226477352266,0.8514559823247387,False
GO_BP,WHIL,GO:0008593,regulation of Notch signaling pathway,5,-1.3522618093842957,-0.0017296303211378206,0.45865413458654136,0.8514559823247387,False
GO_BP,WHIL,GO:0008610,lipid biosynthetic process,37,-0.19186564665979128,-0.10936247743102603,0.5181481851814819,0.8514559823247387,False
GO_BP,WHIL,GO:0008654,phospholipid biosynthetic process,7,-0.06543581455965651,-0.7427626208285929,0.7433256674332567,0.8721532054157469,False
GO_BP,WHIL,GO:0009056,catabolic process,84,-0.6341382078345983,-0.788538764615363,0.7419258074192581,0.8713206471071839,False
GO_BP,WHIL,GO:0009057,macromolecule catabolic process,22,-0.5211911289036681,-0.6917736837603873,0.7096290370962903,0.8612717566417631,False
GO_BP,WHIL,GO:0009058,biosynthetic process,98,-0.3202713256848205,-0.14998041599440312,0.5408459154084592,0.8514559823247387,False
GO_BP,WHIL,GO:0009059,macromolecule biosynthetic process,43,-0.8320541484983026,-1.2148588511118457,0.8405159484051595,0.9064977480152536,False
GO_BP,WHIL,GO:0009100,glycoprotein metabolic process,6,-1.4669299552172599,-0.47079792749830096,0.6411358864113589,0.8514559823247387,False
GO_BP,WHIL,GO:0009117,nucleotide metabolic process,14,-0.2717885950408678,0.3754484840667654,0.36236376362363765,0.8514559823247387,False
GO_BP,WHIL,GO:0009141,nucleoside triphosphate metabolic process,7,0.0860883856749369,-0.49137270123862176,0.654034596540346,0.8514559823247387,False
GO_BP,WHIL,GO:0009144,purine nucleoside triphosphate metabolic process,7,0.0860883856749369,-0.49137270123862176,0.654034596540346,0.8514559823247387,False
GO_BP,WHIL,GO:0009150,purine ribonucleotide metabolic process,12,-0.5787080855612762,-0.056859728520192276,0.5065493450654934,0.8514559823247387,False
GO_BP,WHIL,GO:0009154,purine ribonucleotide catabolic process,8,-1.0757285021740455,-0.42167752166131844,0.6298370162983702,0.8514559823247387,False
GO_BP,WHIL,GO:0009166,nucleotide catabolic process,9,-1.1418262576965965,-0.6578485615638698,0.7115288471152885,0.86156662470881,False
GO_BP,WHIL,GO:0009205,purine ribonucleoside triphosphate metabolic process,7,0.0860883856749369,-0.49137270123862176,0.654034596540346,0.8514559823247387,False
GO_BP,WHIL,GO:0009259,ribonucleotide metabolic process,12,-0.5787080855612762,-0.056859728520192276,0.5065493450654934,0.8514559823247387,False
GO_BP,WHIL,GO:0009261,ribonucleotide catabolic process,8,-1.0757285021740455,-0.42167752166131844,0.6298370162983702,0.8514559823247387,False
GO_BP,WHIL,GO:0009266,response to temperature stimulus,14,-0.015408546125351216,-0.4150730629834746,0.621037896210379,0.8514559823247387,False
GO_BP,WHIL,GO:0009267,cellular response to starvation,5,2.9595063261299397,1.468341319452687,0.11188881111888811,0.8514559823247387,False
GO_BP,WHIL,GO:0009299,mRNA transcription,5,-0.4079995955493135,-2.2446393824820494,0.9827017298270173,0.9953242183893226,False
GO_BP,WHIL,GO:0009308,amine metabolic process,12,-0.8881579909974191,-1.1323376032134211,0.8214178582141786,0.9011742234814215,False
GO_BP,WHIL,GO:0009311,oligosaccharide metabolic process,5,-0.8434185426711501,-0.7316305111924732,0.7216278372162783,0.8630764830493695,False
GO_BP,WHIL,GO:0009314,response to radiation,24,-0.4457002495165291,0.283211356478559,0.39046095390460955,0.8514559823247387,False
GO_BP,WHIL,GO:0009404,toxin metabolic process,7,0.34386744893034044,-0.043733504110245236,0.4771522847715228,0.8514559823247387,False
GO_BP,WHIL,GO:0009408,response to heat,9,-0.4700646148806842,-1.1257895800251454,0.8414158584141586,0.9064977480152536,False
GO_BP,WHIL,GO:0009410,response to xenobiotic stimulus,61,0.16603763136462799,-1.443836777702705,0.8841115888411158,0.9322167580493583,False
GO_BP,WHIL,GO:0009411,response to UV,15,-0.959506408354641,0.20435688135709773,0.40905909409059094,0.8514559823247387,False
GO_BP,WHIL,GO:0009416,response to light stimulus,20,-1.0183420603480142,-0.08885650815769663,0.508049195080492,0.8514559823247387,False
GO_BP,WHIL,GO:0009581,detection of external stimulus,7,-0.5459545270425292,-0.8845475782716303,0.7869213078692131,0.8846608134575591,False
GO_BP,WHIL,GO:0009582,detection of abiotic stimulus,7,-0.5459545270425292,-0.8845475782716303,0.7869213078692131,0.8846608134575591,False
GO_BP,WHIL,GO:0009605,response to external stimulus,86,-0.8912391087943001,-0.5305205931809258,0.6601339866013398,0.8514559823247387,False
GO_BP,WHIL,GO:0009607,response to biotic stimulus,56,-0.864593815542624,-0.6099658846183709,0.6905309469053095,0.8571076066617682,False
GO_BP,WHIL,GO:0009611,response to wounding,31,-1.4717609909085527,-0.13854640858683065,0.5369463053694631,0.8514559823247387,False
GO_BP,WHIL,GO:0009612,response to mechanical stimulus,16,1.2113560765457818,1.7223845341898676,0.08249175082491751,0.8514559823247387,False
GO_BP,WHIL,GO:0009615,response to virus,20,-1.3496120183210167,-1.1197588665105607,0.832016798320168,0.903862260013553,False
GO_BP,WHIL,GO:0009617,response to bacterium,35,0.24598604178804911,-0.24991673685077886,0.5682431756824318,0.8514559823247387,False
GO_BP,WHIL,GO:0009628,response to abiotic stimulus,67,0.4509151675803277,1.2496434798981446,0.15908409159084091,0.8514559823247387,False
GO_BP,WHIL,GO:0009636,response to toxic substance,23,0.0732437962872414,0.9225801204504547,0.2101789821017898,0.8514559823247387,False
GO_BP,WHIL,GO:0009653,anatomical structure morphogenesis,46,-1.5317897528809972,-0.011394503530377742,0.4941505849415059,0.8514559823247387,False
GO_BP,WHIL,GO:0009712,catechol-containing compound metabolic process,9,-0.9070310286275153,-1.2617327246959724,0.8542145785421458,0.9116816938602605,False
GO_BP,WHIL,GO:0009719,response to endogenous stimulus,95,0.37152453327891705,-0.8628074024675216,0.7587241275872413,0.8746185942705581,False
GO_BP,WHIL,GO:0009725,response to hormone,78,-0.07444071164138688,-0.8335601860524738,0.7466253374662534,0.8724927357526288,False
GO_BP,WHIL,GO:0009743,response to carbohydrate,9,-0.3243255980611023,-0.276259878715405,0.5800419958004199,0.8514559823247387,False
GO_BP,WHIL,GO:0009746,response to hexose,7,-0.2784561593648945,-0.37006659217219184,0.6118388161183882,0.8514559823247387,False
GO_BP,WHIL,GO:0009749,response to glucose,5,-0.4112138285263673,-0.0675051141626331,0.501949805019498,0.8514559823247387,False
GO_BP,WHIL,GO:0009755,hormone-mediated signaling pathway,20,-1.4287101991493616,-2.4632481082864865,0.9866013398660134,0.9968251879475265,False
GO_BP,WHIL,GO:0009790,embryo development,16,-0.802760199047599,-1.3545411197091157,0.8864113588641136,0.933484509334845,False
GO_BP,WHIL,GO:0009820,alkaloid metabolic process,7,0.17762866849755085,0.025101679496578683,0.45255474452554745,0.8514559823247387,False
GO_BP,WHIL,GO:0009822,alkaloid catabolic process,5,0.9380101801695451,0.13223166920153695,0.41205879412058793,0.8514559823247387,False
GO_BP,WHIL,GO:0009887,animal organ morphogenesis,18,-1.408880177807496,0.14744094938423324,0.42815718428157185,0.8514559823247387,False
GO_BP,WHIL,GO:0009888,tissue development,47,-2.329483187645619,-0.35664863637569333,0.6041395860413958,0.8514559823247387,False
GO_BP,WHIL,GO:0009889,regulation of biosynthetic process,153,0.5739674564526736,0.0091128082699794,0.5068493150684932,0.8514559823247387,False
GO_BP,WHIL,GO:0009890,negative regulation of biosynthetic process,81,1.119412932343485,-0.3652885330462212,0.6136386361363864,0.8514559823247387,False
GO_BP,WHIL,GO:0009891,positive regulation of biosynthetic process,109,-0.9909871448614592,-1.2642630991275374,0.8502149785021498,0.9099030641184681,False
GO_BP,WHIL,GO:0009892,negative regulation of metabolic process,107,0.6644576039538248,-1.316479645901273,0.8556144385561444,0.912759419293995,False
GO_BP,WHIL,GO:0009893,positive regulation of metabolic process,137,-1.1604423569522557,-1.128945995203624,0.8217178282171783,0.9011742234814215,False
GO_BP,WHIL,GO:0009894,regulation of catabolic process,54,-0.43777143168411553,0.5369029538101489,0.32836716328367166,0.8514559823247387,False
GO_BP,WHIL,GO:0009895,negative regulation of catabolic process,25,-1.5634060880935312,-0.3229368724315522,0.5978402159784022,0.8514559823247387,False
GO_BP,WHIL,GO:0009896,positive regulation of catabolic process,28,-1.395857557739065,-0.31546187814975823,0.5886411358864113,0.8514559823247387,False
GO_BP,WHIL,GO:0009966,regulation of signal transduction,150,-0.7642534469263805,-0.1142310089289289,0.5438456154384561,0.8514559823247387,False
GO_BP,WHIL,GO:0009967,positive regulation of signal transduction,111,-1.4710636873954903,-0.16777464517955964,0.5546445355464453,0.8514559823247387,False
GO_BP,WHIL,GO:0009968,negative regulation of signal transduction,66,-0.148671900738114,-0.17641544458196262,0.553944605539446,0.8514559823247387,False
GO_BP,WHIL,GO:0010001,glial cell differentiation,12,0.6166644985438748,0.71251785508342,0.2501749825017498,0.8514559823247387,False
GO_BP,WHIL,GO:0010038,response to metal ion,20,-0.19736855593432198,-0.2662241205408681,0.5743425657434257,0.8514559823247387,False
GO_BP,WHIL,GO:0010039,response to iron ion,5,-0.7749081261826197,-0.027695165530461585,0.4744525547445255,0.8514559823247387,False
GO_BP,WHIL,GO:0010212,response to ionizing radiation,6,1.085935607813908,0.292705428326542,0.37906209379062095,0.8514559823247387,False
GO_BP,WHIL,GO:0010232,vascular transport,11,-1.2050430616951016,-1.385867425924694,0.8740125987401259,0.924170574356934,False
GO_BP,WHIL,GO:0010256,endomembrane system organization,8,-0.8993471672430365,-0.802539200871234,0.7439256074392561,0.8721532054157469,False
GO_BP,WHIL,GO:0010332,response to gamma radiation,5,1.353432926004373,0.7026210160406887,0.263973602639736,0.8514559823247387,False
GO_BP,WHIL,GO:0010389,regulation of G2/M transition of mitotic cell cycle,6,0.4140889711009373,1.2303121302502427,0.15978402159784022,0.8514559823247387,False
GO_BP,WHIL,GO:0010467,gene expression,38,-0.7010036029085875,-1.0839908203105044,0.8128187181281872,0.897600261205302,False
GO_BP,WHIL,GO:0010468,regulation of gene expression,135,0.4328320324103899,-0.03044881930167037,0.5207479252074793,0.8514559823247387,False
GO_BP,WHIL,GO:0010498,proteasomal protein catabolic process,6,-0.8029676208749112,-2.4148829261636386,0.9875012498750125,0.997391522983624,False
GO_BP,WHIL,GO:0010506,regulation of autophagy,21,-1.472332830272091,-0.5697822738080262,0.6711328867113289,0.8539237155845091,False
GO_BP,WHIL,GO:0010507,negative regulation of autophagy,11,-1.7707498055997533,-0.3259934543999359,0.5842415758424158,0.8514559823247387,False
GO_BP,WHIL,GO:0010508,positive regulation of autophagy,9,-1.1364094400513514,-0.7660769587456837,0.7343265673432656,0.8670828174498392,False
GO_BP,WHIL,GO:0010543,regulation of platelet activation,7,-0.5679042614952942,0.27706505983684526,0.36596340365963403,0.8514559823247387,False
GO_BP,WHIL,GO:0010556,regulation of macromolecule biosynthetic process,141,0.5691182872999034,0.015734964006147045,0.5062493750624938,0.8514559823247387,False
GO_BP,WHIL,GO:0010557,positive regulation of macromolecule biosynthetic process,99,-1.1324179290254768,-1.342951746747979,0.8623137686231377,0.9184446743039006,False
GO_BP,WHIL,GO:0010558,negative regulation of macromolecule biosynthetic process,77,0.9869292735209234,-0.6358000381278566,0.696030396960304,0.8574464587439561,False
GO_BP,WHIL,GO:0010562,positive regulation of phosphorus metabolic process,14,-1.0047487093487273,-0.23562892848040506,0.5509449055094491,0.8514559823247387,False
GO_BP,WHIL,GO:0010564,regulation of cell cycle process,27,-0.2702491370206708,1.3803713422676502,0.130986901309869,0.8514559823247387,False
GO_BP,WHIL,GO:0010565,regulation of ketone metabolic process,14,-0.2902522618916795,-2.2046163164036634,0.9716028397160283,0.9900068125127395,False
GO_BP,WHIL,GO:0010574,regulation of vascular endothelial growth factor production,6,-0.9767560147528653,-0.07203944999988587,0.4968503149685031,0.8514559823247387,False
GO_BP,WHIL,GO:0010575,positive regulation of vascular endothelial growth factor production,6,-0.9767560147528653,-0.07203944999988587,0.4968503149685031,0.8514559823247387,False
GO_BP,WHIL,GO:0010594,regulation of endothelial cell migration,15,-1.2313894962152672,0.4363177649429395,0.3334666533346665,0.8514559823247387,False
GO_BP,WHIL,GO:0010595,positive regulation of endothelial cell migration,13,-1.117220039213439,0.5843271835556678,0.287971202879712,0.8514559823247387,False
GO_BP,WHIL,GO:0010604,positive regulation of macromolecule metabolic process,118,-0.8872516500080605,-1.0865913738739241,0.8093190680931907,0.8964765061955343,False
GO_BP,WHIL,GO:0010605,negative regulation of macromolecule metabolic process,90,1.109048316246095,-0.37628348195330874,0.6227377262273772,0.8514559823247387,False
GO_BP,WHIL,GO:0010608,post-transcriptional regulation of gene expression,12,-0.5281255210039519,0.1817687230383651,0.41555844415558446,0.8514559823247387,False
GO_BP,WHIL,GO:0010611,regulation of cardiac muscle hypertrophy,7,-0.4826413320601867,-0.6650232843741467,0.7128287171282872,0.8620254253644404,False
GO_BP,WHIL,GO:0010628,positive regulation of gene expression,61,-1.1884954383514126,-1.0686232413692425,0.8043195680431957,0.8941129640005121,False
GO_BP,WHIL,GO:0010629,negative regulation of gene expression,49,1.39233121650604,0.6136932720804985,0.3100689931006899,0.8514559823247387,False
GO_BP,WHIL,GO:0010632,regulation of epithelial cell migration,7,-0.8263630022399108,0.3841209267806066,0.3187681231876812,0.8514559823247387,False
GO_BP,WHIL,GO:0010634,positive regulation of epithelial cell migration,7,-0.8263630022399108,0.3841209267806066,0.3187681231876812,0.8514559823247387,False
GO_BP,WHIL,GO:0010638,positive regulation of organelle organization,26,0.09881380353486863,0.12185076464342243,0.44025597440255976,0.8514559823247387,False
GO_BP,WHIL,GO:0010639,negative regulation of organelle organization,16,-0.34494018671238974,0.3080174128735999,0.37416258374162586,0.8514559823247387,False
GO_BP,WHIL,GO:0010646,regulation of cell communication,183,-1.0877401504750386,-0.705531746314138,0.7196280371962803,0.863001957670695,False
GO_BP,WHIL,GO:0010647,positive regulation of cell communication,120,-1.5878385120870593,-0.5059019174395096,0.6595340465953404,0.8514559823247387,False
GO_BP,WHIL,GO:0010648,negative regulation of cell communication,80,-0.3935743196418184,-0.021906883329321614,0.5070492950704929,0.8514559823247387,False
GO_BP,WHIL,GO:0010656,negative regulation of muscle cell apoptotic process,9,-0.7125686122045475,0.19796270981286435,0.40155984401559847,0.8514559823247387,False
GO_BP,WHIL,GO:0010660,regulation of muscle cell apoptotic process,12,-0.10856913051829972,0.38098989078026413,0.33966603339666035,0.8514559823247387,False
GO_BP,WHIL,GO:0010662,regulation of striated muscle cell apoptotic process,7,0.693853155700405,0.6036583435946281,0.28847115288471153,0.8514559823247387,False
GO_BP,WHIL,GO:0010664,negative regulation of striated muscle cell apoptotic process,5,-0.6622723778998647,-0.006238333894379111,0.47085291470852914,0.8514559823247387,False
GO_BP,WHIL,GO:0010665,regulation of cardiac muscle cell apoptotic process,6,0.33211839175010405,0.2692463823861952,0.3832616738326167,0.8514559823247387,False
GO_BP,WHIL,GO:0010720,positive regulation of cell development,15,0.09449628285079462,0.348382716890029,0.3635636436356364,0.8514559823247387,False
GO_BP,WHIL,GO:0010721,negative regulation of cell development,7,-0.18613743495170945,-0.10975565944585615,0.5176482351764824,0.8514559823247387,False
GO_BP,WHIL,GO:0010743,regulation of macrophage derived foam cell differentiation,6,-1.088156418275371,-1.0631214619752327,0.8221177882211779,0.9011742234814215,False
GO_BP,WHIL,GO:0010803,regulation of tumor necrosis factor-mediated signaling pathway,7,1.179841003352079,1.7992096211816846,0.07579242075792421,0.8514559823247387,False
GO_BP,WHIL,GO:0010810,regulation of cell-substrate adhesion,17,-0.2996802300693744,0.4389567944558357,0.3371662833716628,0.8514559823247387,False
GO_BP,WHIL,GO:0010811,positive regulation of cell-substrate adhesion,9,-0.7287921133202431,-0.6689725735108876,0.7205279472052795,0.863001957670695,False
GO_BP,WHIL,GO:0010812,negative regulation of cell-substrate adhesion,5,-0.349083027820564,0.7926872552214425,0.20577942205779423,0.8514559823247387,False
GO_BP,WHIL,GO:0010817,regulation of hormone levels,50,0.7349367027519321,0.0020207222371880773,0.4864513548645136,0.8514559823247387,False
GO_BP,WHIL,GO:0010821,regulation of mitochondrion organization,10,-0.2743929417071064,0.09895636646457662,0.42995700429957007,0.8514559823247387,False
GO_BP,WHIL,GO:0010876,lipid localization,24,-0.16145437763031745,-2.0363173873455214,0.957004299570043,0.9791823616064279,False
GO_BP,WHIL,GO:0010883,regulation of lipid storage,5,0.18471402437266818,0.17217572053493196,0.3935606439356064,0.8514559823247387,False
GO_BP,WHIL,GO:0010906,regulation of glucose metabolic process,5,0.1435452311469964,0.5727394729062754,0.28457154284571545,0.8514559823247387,False
GO_BP,WHIL,GO:0010948,negative regulation of cell cycle process,6,-0.3512100836743364,0.23857622621748048,0.39306069393060694,0.8514559823247387,False
GO_BP,WHIL,GO:0010959,regulation of metal ion transport,23,-1.349592997027683,-1.3510275406996215,0.8721127887211279,0.9240407179567305,False
GO_BP,WHIL,GO:0010970,transport along microtubule,5,0.36676799266701493,0.2836936490053667,0.35326467353264673,0.8514559823247387,False
GO_BP,WHIL,GO:0010975,regulation of neuron projection development,17,-0.3187376770656519,0.08791038048213462,0.44585541445855414,0.8514559823247387,False
GO_BP,WHIL,GO:0010976,positive regulation of neuron projection development,5,-0.785643727236963,0.058675621384869814,0.4413558644135586,0.8514559823247387,False
GO_BP,WHIL,GO:0010977,negative regulation of neuron projection development,6,0.030533179237931078,0.44122957669560536,0.32586741325867413,0.8514559823247387,False
GO_BP,WHIL,GO:0012501,programmed cell death,38,-0.2408170120853682,0.9993155915398407,0.20557944205579443,0.8514559823247387,False
GO_BP,WHIL,GO:0014059,regulation of dopamine secretion,6,-1.3362001400578574,-0.6282395096606674,0.7061293870612939,0.8596149730821311,False
GO_BP,WHIL,GO:0014061,regulation of norepinephrine secretion,5,-0.6387762330261232,0.22444005701160985,0.3992600739926007,0.8514559823247387,False
GO_BP,WHIL,GO:0014072,response to isoquinoline alkaloid,7,-1.0100613709363804,-0.29497856767553166,0.5781421857814218,0.8514559823247387,False
GO_BP,WHIL,GO:0014074,response to purine-containing compound,11,0.45237079182664686,0.6612659974307921,0.27317268273172685,0.8514559823247387,False
GO_BP,WHIL,GO:0014075,response to amine,8,-0.9705907659461287,-0.9128769920040767,0.7798220177982201,0.8841005434340287,False
GO_BP,WHIL,GO:0014743,regulation of muscle hypertrophy,7,-0.4826413320601867,-0.6650232843741467,0.7128287171282872,0.8620254253644404,False
GO_BP,WHIL,GO:0014910,regulation of smooth muscle cell migration,6,0.8860979718623081,0.9513315602386745,0.17178282171782822,0.8514559823247387,False
GO_BP,WHIL,GO:0015031,protein transport,10,-1.5433681170269469,-0.5630379017339016,0.6678332166783322,0.8533864520334556,False
GO_BP,WHIL,GO:0015698,inorganic anion transport,7,-0.08843688512917831,-2.2519199114724278,0.9761023897610239,0.9926341712993593,False
GO_BP,WHIL,GO:0015718,monocarboxylic acid transport,20,-0.3591213439180621,-2.1831429461610434,0.9675032496750325,0.9873231120315045,False
GO_BP,WHIL,GO:0015721,bile acid and bile salt transport,6,1.218716698091423,-1.1363132067779413,0.8256174382561744,0.9021456014566649,False
GO_BP,WHIL,GO:0015849,organic acid transport,26,-0.5059624722808965,-1.6925744015380957,0.9209079092090791,0.9543509776568844,False
GO_BP,WHIL,GO:0015850,organic hydroxy compound transport,15,0.03525326921147553,-1.3182438637223273,0.8676132386761324,0.9211501717341877,False
GO_BP,WHIL,GO:0015908,fatty acid transport,14,-1.3912542576790066,-2.11045171117461,0.9658034196580342,0.9860296692843805,False
GO_BP,WHIL,GO:0015909,long-chain fatty acid transport,9,-1.5390927975956714,-1.8952365381795877,0.9502049795020497,0.97628085709541,False
GO_BP,WHIL,GO:0015931,nucleobase-containing compound transport,5,-0.5671515669938506,0.04887598625093048,0.48005199480051997,0.8514559823247387,False
GO_BP,WHIL,GO:0015980,energy derivation by oxidation of organic compounds,7,-0.28880044138434696,-0.6312865848487831,0.6922307769223077,0.8571309888038681,False
GO_BP,WHIL,GO:0016032,viral process,12,-1.8702069312630585,-1.2948648286651139,0.8735126487351265,0.924170574356934,False
GO_BP,WHIL,GO:0016042,lipid catabolic process,21,0.5279061659583666,0.18830246414323576,0.4206579342065793,0.8514559823247387,False
GO_BP,WHIL,GO:0016043,cellular component organization,119,-0.013859038279055614,0.05076162784167722,0.48285171482851713,0.8514559823247387,False
GO_BP,WHIL,GO:0016052,carbohydrate catabolic process,6,-1.0610312728074949,-1.240950093142697,0.8556144385561444,0.912759419293995,False
GO_BP,WHIL,GO:0016070,RNA metabolic process,23,0.5940848224838983,-0.6460704980006474,0.6886311368863114,0.8571076066617682,False
GO_BP,WHIL,GO:0016071,mRNA metabolic process,8,0.03401861698700379,-1.5272125077303929,0.919008099190081,0.9534377974306316,False
GO_BP,WHIL,GO:0016098,monoterpenoid metabolic process,6,0.8024759315962656,0.2920904254458533,0.35726427357264273,0.8514559823247387,False
GO_BP,WHIL,GO:0016101,diterpenoid metabolic process,16,1.2185423326449458,-0.12294648172581968,0.5213478652134786,0.8514559823247387,False
GO_BP,WHIL,GO:0016125,sterol metabolic process,15,0.6468106663525904,-1.8412858358305542,0.9447055294470553,0.9728690497286905,False
GO_BP,WHIL,GO:0016137,glycoside metabolic process,7,2.7467903888002634,3.098326776015407,0.007399260073992601,0.8514559823247387,False
GO_BP,WHIL,GO:0016192,vesicle-mediated transport,19,-1.108333245698297,-1.1721828442018825,0.8393160683931606,0.9063219197231176,False
GO_BP,WHIL,GO:0016236,macroautophagy,5,-0.7672442821993843,-0.5743222305032483,0.7024297570242976,0.8574464587439561,False
GO_BP,WHIL,GO:0016239,positive regulation of macroautophagy,5,-1.0651378112738588,-0.4626374845438057,0.6302369763023697,0.8514559823247387,False
GO_BP,WHIL,GO:0016241,regulation of macroautophagy,9,-0.9193797354572993,0.21237217767985828,0.3932606739326067,0.8514559823247387,False
GO_BP,WHIL,GO:0016310,phosphorylation,43,-0.5328911957944723,1.4460989487783942,0.12288771122887711,0.8514559823247387,False
GO_BP,WHIL,GO:0016311,dephosphorylation,9,3.7326735622954375,3.8200004751378236,0.000999900009999,0.8514559823247387,False
GO_BP,WHIL,GO:0016477,cell migration,42,-1.6374620064677428,-0.35372281322248966,0.6017398260173983,0.8514559823247387,False
GO_BP,WHIL,GO:0016485,protein processing,10,-0.583716069960161,-0.4119655080489166,0.6321367863213678,0.8514559823247387,False
GO_BP,WHIL,GO:0016525,negative regulation of angiogenesis,7,0.9688087439294326,0.9807798921594466,0.1705829417058294,0.8514559823247387,False
GO_BP,WHIL,GO:0016567,protein ubiquitination,10,-0.3200014616366615,-2.901817133036203,0.9923007699230078,0.9995351583602397,False
GO_BP,WHIL,GO:0017015,regulation of transforming growth factor beta receptor signaling pathway,8,-1.4889119412422824,-1.1474202212912858,0.8441155884411559,0.9073176283657808,False
GO_BP,WHIL,GO:0017157,regulation of exocytosis,5,-0.6131434141881302,0.03305130551252389,0.46255374462553744,0.8514559823247387,False
GO_BP,WHIL,GO:0018105,peptidyl-serine phosphorylation,7,-1.2784185517256217,-0.7403227983814422,0.7301269873012699,0.8652809067029484,False
GO_BP,WHIL,GO:0018108,peptidyl-tyrosine phosphorylation,14,0.0907816966874866,1.6627499484097052,0.09409059094090591,0.8514559823247387,False
GO_BP,WHIL,GO:0018205,peptidyl-lysine modification,9,3.889094150596106,1.1587008017335019,0.11388861113888611,0.8514559823247387,False
GO_BP,WHIL,GO:0018958,phenol-containing compound metabolic process,12,-0.7719882548864327,-0.8647034749674524,0.7643235676432357,0.877369216720712,False
GO_BP,WHIL,GO:0019058,viral life cycle,9,-1.821580310284119,-1.0810692572474236,0.8277172282771723,0.9025434828371777,False
GO_BP,WHIL,GO:0019098,reproductive behavior,6,-0.4589928582056851,-0.9437064108770423,0.8126187381261873,0.897600261205302,False
GO_BP,WHIL,GO:0019216,regulation of lipid metabolic process,30,-0.37506749077621504,-1.8321736492708884,0.938906109389061,0.9678591612204418,False
GO_BP,WHIL,GO:0019217,regulation of fatty acid metabolic process,11,-0.9666067553577752,-2.9788886221049884,0.9938006199380062,0.9999971836830507,False
GO_BP,WHIL,GO:0019218,regulation of steroid metabolic process,9,1.0498699063416088,-0.9011729196992133,0.7774222577742226,0.8827273318221848,False
GO_BP,WHIL,GO:0019219,regulation of nucleobase-containing compound metabolic process,97,-0.14911611912392397,-1.8041615041025687,0.9273072692730727,0.9592833820066269,False
GO_BP,WHIL,GO:0019221,cytokine-mediated signaling pathway,21,-0.557956292033618,0.12818198779098056,0.4313568643135686,0.8514559823247387,False
GO_BP,WHIL,GO:0019222,regulation of metabolic process,184,0.16975721306688407,-1.2764802370228312,0.8477152284771523,0.9088905542435448,False
GO_BP,WHIL,GO:0019229,regulation of vasoconstriction,18,-1.2114198532313647,0.08776882705940747,0.43715628437156284,0.8514559823247387,False
GO_BP,WHIL,GO:0019233,sensory perception of pain,8,-0.7814937136830262,-1.1317796226367558,0.8452154784521548,0.9080827454444639,False
GO_BP,WHIL,GO:0019318,hexose metabolic process,6,0.6273931939897851,0.13575288849238543,0.44315568443155684,0.8514559823247387,False
GO_BP,WHIL,GO:0019369,arachidonate metabolic process,20,-0.12293162372906308,1.0018782438036395,0.20427957204279573,0.8514559823247387,False
GO_BP,WHIL,GO:0019373,epoxygenase P450 pathway,11,-0.4090138657747688,0.6555853865749963,0.27047295270472954,0.8514559823247387,False
GO_BP,WHIL,GO:0019433,triglyceride catabolic process,5,-0.041486450761004115,-0.7570514593242627,0.726027397260274,0.8631638741129698,False
GO_BP,WHIL,GO:0019538,protein metabolic process,102,1.347611435381963,2.56902712400711,0.017798220177982202,0.8514559823247387,False
GO_BP,WHIL,GO:0019637,organophosphate metabolic process,25,-0.7041695696778988,-0.5790509651828913,0.6767323267673233,0.8539237155845091,False
GO_BP,WHIL,GO:0019693,ribose phosphate metabolic process,12,-0.5787080855612762,-0.056859728520192276,0.5065493450654934,0.8514559823247387,False
GO_BP,WHIL,GO:0019722,calcium-mediated signaling,12,-1.3480419647634285,-2.4807774207683533,0.9854014598540146,0.9964733863692283,False
GO_BP,WHIL,GO:0019725,cellular homeostasis,33,1.7230726382819475,1.4952951004338733,0.1105889411058894,0.8514559823247387,False
GO_BP,WHIL,GO:0019748,secondary metabolic process,15,1.9119572727096228,2.3000180697590324,0.038696130386961305,0.8514559823247387,False
GO_BP,WHIL,GO:0019752,carboxylic acid metabolic process,52,0.2611201760044433,-0.34974047819085524,0.6011398860113989,0.8514559823247387,False
GO_BP,WHIL,GO:0019941,modification-dependent protein catabolic process,5,-0.8610812594213011,-2.5113654088578685,0.9903009699030098,0.9980784867249709,False
GO_BP,WHIL,GO:0019953,sexual reproduction,7,-0.2922049977968117,-0.8385115343392169,0.7499250074992501,0.8738155310682524,False
GO_BP,WHIL,GO:0021537,telencephalon development,8,-1.5896089608983779,-1.808942043860615,0.9472052794720528,0.9741570338681359,False
GO_BP,WHIL,GO:0021543,pallium development,5,-1.2555666501910954,-1.008904131554961,0.8368163183681632,0.9046662901277439,False
GO_BP,WHIL,GO:0021700,developmental maturation,6,-0.6100733870078516,-0.9209961825169318,0.787921207879212,0.8849223069053785,False
GO_BP,WHIL,GO:0021782,glial cell development,10,0.9730371806180848,0.9266322003149945,0.19788021197880212,0.8514559823247387,False
GO_BP,WHIL,GO:0021953,central nervous system neuron differentiation,7,0.9253402126512152,-0.8478373948049142,0.7705229477052294,0.879523754941579,False
GO_BP,WHIL,GO:0021954,central nervous system neuron development,5,1.0019753520755692,-0.7702074844707278,0.75002499750025,0.8738155310682524,False
GO_BP,WHIL,GO:0022008,neurogenesis,37,-0.3958470270374781,0.2479950506436388,0.40055994400559947,0.8514559823247387,False
GO_BP,WHIL,GO:0022402,cell cycle process,25,0.1115375943227781,0.8205335020862508,0.23547645235476453,0.8514559823247387,False
GO_BP,WHIL,GO:0022407,regulation of cell-cell adhesion,26,-0.11833737376201767,1.258431913836452,0.14478552144785523,0.8514559823247387,False
GO_BP,WHIL,GO:0022408,negative regulation of cell-cell adhesion,13,0.0841957902939809,1.1419958725342632,0.15928407159284072,0.8514559823247387,False
GO_BP,WHIL,GO:0022409,positive regulation of cell-cell adhesion,16,0.013037156729145264,1.1163881182730455,0.16948305169483052,0.8514559823247387,False
GO_BP,WHIL,GO:0022411,cellular component disassembly,18,-0.8567034022802813,0.6416226495019033,0.27987201279872015,0.8514559823247387,False
GO_BP,WHIL,GO:0022414,reproductive process,35,-0.08916511184389357,0.2363882827915169,0.41175882411758824,0.8514559823247387,False
GO_BP,WHIL,GO:0022600,digestive system process,10,1.1978461303047623,0.3093898923409998,0.37896210378962103,0.8514559823247387,False
GO_BP,WHIL,GO:0022603,regulation of anatomical structure morphogenesis,36,0.759773639102356,0.5197987462266418,0.3314668533146685,0.8514559823247387,False
GO_BP,WHIL,GO:0022604,regulation of cell morphogenesis,8,-0.7591386357204114,0.5224574952200604,0.29817018298170184,0.8514559823247387,False
GO_BP,WHIL,GO:0022607,cellular component assembly,47,0.4061650992671183,-1.402426428492468,0.8766123387661234,0.9256646537512314,False
GO_BP,WHIL,GO:0022617,extracellular matrix disassembly,8,-1.367764331641586,0.16711726277944106,0.4062593740625937,0.8514559823247387,False
GO_BP,WHIL,GO:0023051,regulation of signaling,182,-1.0566351217536978,-0.689102265024133,0.7119288071192881,0.8616050730070515,False
GO_BP,WHIL,GO:0023056,positive regulation of signaling,119,-1.5820259989916394,-0.5030079574484627,0.6576342365763423,0.8514559823247387,False
GO_BP,WHIL,GO:0023057,negative regulation of signaling,79,-0.35871917167139916,-0.0018545943342657134,0.49905009499050096,0.8514559823247387,False
GO_BP,WHIL,GO:0030001,metal ion transport,25,-1.2341412116427577,-1.0757892892031562,0.8138186181381862,0.8978659155762087,False
GO_BP,WHIL,GO:0030003,intracellular monoatomic cation homeostasis,19,1.1560774332118025,0.9878277608540651,0.18948105189481051,0.8514559823247387,False
GO_BP,WHIL,GO:0030029,actin filament-based process,13,0.5475696783111994,0.8462829388216142,0.207979202079792,0.8514559823247387,False
GO_BP,WHIL,GO:0030030,cell projection organization,25,0.0783123705282864,0.3412419133044329,0.36776322367763226,0.8514559823247387,False
GO_BP,WHIL,GO:0030031,cell projection assembly,5,-0.37531730411702335,0.38878091561713113,0.37416258374162586,0.8514559823247387,False
GO_BP,WHIL,GO:0030036,actin cytoskeleton organization,9,0.9583540874510409,1.5113341586548472,0.08609139086091391,0.8514559823247387,False
GO_BP,WHIL,GO:0030048,actin filament-based movement,5,-0.07663647302669138,-0.6061834780999514,0.7026297370262974,0.8574464587439561,False
GO_BP,WHIL,GO:0030097,hemopoiesis,23,-1.1656469953177335,-0.6836770462799242,0.7074292570742926,0.8596149730821311,False
GO_BP,WHIL,GO:0030098,lymphocyte differentiation,9,-0.5305119068290207,-0.680332250709593,0.7142285771422858,0.8628264690309493,False
GO_BP,WHIL,GO:0030099,myeloid cell differentiation,13,-0.26740407263389543,0.11359965452202936,0.43545645435456454,0.8514559823247387,False
GO_BP,WHIL,GO:0030100,regulation of endocytosis,15,-0.50253129903587,-0.09054424257915877,0.5081491850814919,0.8514559823247387,False
GO_BP,WHIL,GO:0030111,regulation of Wnt signaling pathway,14,-0.80552926774764,-0.3723502600538589,0.5955404459554045,0.8514559823247387,False
GO_BP,WHIL,GO:0030154,cell differentiation,89,-0.2894807721231837,0.6223228493216688,0.30746925307469253,0.8514559823247387,False
GO_BP,WHIL,GO:0030155,regulation of cell adhesion,44,-0.31036326073590603,0.6316842574785874,0.296970302969703,0.8514559823247387,False
GO_BP,WHIL,GO:0030162,regulation of proteolysis,10,-0.41543296902094884,0.18717713895905408,0.39006099390060994,0.8514559823247387,False
GO_BP,WHIL,GO:0030163,protein catabolic process,16,-0.6572850134102866,-0.8624817653413088,0.76992300769923,0.879523754941579,False
GO_BP,WHIL,GO:0030168,platelet activation,12,-0.8129107066962823,0.3839911242641786,0.34406559344065596,0.8514559823247387,False
GO_BP,WHIL,GO:0030177,positive regulation of Wnt signaling pathway,11,-0.5334107618132534,-0.21869046710722018,0.5495450454954505,0.8514559823247387,False
GO_BP,WHIL,GO:0030182,neuron differentiation,27,-0.5998362061406094,-0.29773495770824104,0.5781421857814218,0.8514559823247387,False
GO_BP,WHIL,GO:0030193,regulation of blood coagulation,5,-0.8844368943467702,-0.08341507290696182,0.49655034496550343,0.8514559823247387,False
GO_BP,WHIL,GO:0030198,extracellular matrix organization,11,-1.2473493112743221,0.41593175087404344,0.33256674332566744,0.8514559823247387,False
GO_BP,WHIL,GO:0030217,T cell differentiation,6,0.09258577977927959,-0.8354270002549179,0.7594240575942406,0.8747488529512789,False
GO_BP,WHIL,GO:0030225,macrophage differentiation,5,-0.05893597633923417,0.25960859538010794,0.36846315368463156,0.8514559823247387,False
GO_BP,WHIL,GO:0030258,lipid modification,10,-0.3476054949578063,-0.8896473894985133,0.7702229777022298,0.879523754941579,False
GO_BP,WHIL,GO:0030278,regulation of ossification,7,0.5993505407378676,0.23671666506358974,0.3808619138086191,0.8514559823247387,False
GO_BP,WHIL,GO:0030307,positive regulation of cell growth,9,0.0057266395027787,0.5430544520642515,0.2983701629837016,0.8514559823247387,False
GO_BP,WHIL,GO:0030308,negative regulation of cell growth,6,-0.2935532322287209,-0.4640561244614554,0.6382361763823617,0.8514559823247387,False
GO_BP,WHIL,GO:0030334,regulation of cell migration,57,-1.7374259547782382,-0.13769314103562302,0.549045095490451,0.8514559823247387,False
GO_BP,WHIL,GO:0030335,positive regulation of cell migration,42,-1.545652782298774,0.013396232016545495,0.49245075492450757,0.8514559823247387,False
GO_BP,WHIL,GO:0030336,negative regulation of cell migration,15,-0.8727578314094585,-0.19958816234946108,0.5525447455254474,0.8514559823247387,False
GO_BP,WHIL,GO:0030500,regulation of bone mineralization,5,-0.38800198970927857,-1.1468057875300643,0.8486151384861513,0.9090285479461206,False
GO_BP,WHIL,GO:0030512,negative regulation of transforming growth factor beta receptor signaling pathway,6,-1.0432639469096228,-0.783566853361954,0.7529247075292471,0.8745412023001963,False
GO_BP,WHIL,GO:0030518,nuclear receptor-mediated steroid hormone signaling pathway,15,-1.1572491471914839,-1.8628306919303605,0.9527047295270473,0.9771059687723737,False
GO_BP,WHIL,GO:0030522,intracellular receptor signaling pathway,27,-0.26933714428787814,-1.7336113333593728,0.9325067493250675,0.9629593086587193,False
GO_BP,WHIL,GO:0030534,adult behavior,13,-1.0273452395421219,-1.044391672389508,0.8228177182281772,0.9014014328904189,False
GO_BP,WHIL,GO:0030574,collagen catabolic process,9,-1.5482425424175428,-0.05311963801575348,0.48535146485351466,0.8514559823247387,False
GO_BP,WHIL,GO:0030593,neutrophil chemotaxis,7,-0.9462420653091581,-1.3784534869400165,0.8882111788821118,0.9336990829218965,False
GO_BP,WHIL,GO:0030595,leukocyte chemotaxis,10,-0.8572968263259313,-0.9677051343420318,0.7991200879912009,0.890660159990193,False
GO_BP,WHIL,GO:0030638,polyketide metabolic process,5,2.624770925092367,2.9584424145170307,0.0105989401059894,0.8514559823247387,False
GO_BP,WHIL,GO:0030705,cytoskeleton-dependent intracellular transport,5,0.36676799266701493,0.2836936490053667,0.35326467353264673,0.8514559823247387,False
GO_BP,WHIL,GO:0030808,regulation of nucleotide biosynthetic process,5,-1.1245324579639218,-1.5516339134021067,0.914008599140086,0.9500395729914016,False
GO_BP,WHIL,GO:0030811,regulation of nucleotide catabolic process,6,-0.8415615729847621,0.09218523459072714,0.42825717428257176,0.8514559823247387,False
GO_BP,WHIL,GO:0030832,regulation of actin filament length,6,0.10666342452165123,-0.27225368952682877,0.5943405659434057,0.8514559823247387,False
GO_BP,WHIL,GO:0030833,regulation of actin filament polymerization,5,-0.466473044623606,-0.95110461263303,0.8144185581441856,0.8978748768232718,False
GO_BP,WHIL,GO:0030855,epithelial cell differentiation,19,-1.558213585911894,0.24544411775778396,0.39766023397660233,0.8514559823247387,False
GO_BP,WHIL,GO:0030879,mammary gland development,6,-1.0292168579547538,-0.14988483153624188,0.5072492750724927,0.8514559823247387,False
GO_BP,WHIL,GO:0030900,forebrain development,8,-1.5896089608983779,-1.808942043860615,0.9472052794720528,0.9741570338681359,False
GO_BP,WHIL,GO:0030901,midbrain development,5,-1.1445651934638585,-0.4344347238796209,0.6315368463153684,0.8514559823247387,False
GO_BP,WHIL,GO:0031099,regeneration,9,0.5551801411471085,1.5036447669601747,0.09929007099290071,0.8514559823247387,False
GO_BP,WHIL,GO:0031100,animal organ regeneration,6,0.7585369564827332,1.5539552037570488,0.08859114088591141,0.8514559823247387,False
GO_BP,WHIL,GO:0031110,regulation of microtubule polymerization or depolymerization,6,1.2766103591134397,0.8303968009305941,0.19158084191580843,0.8514559823247387,False
GO_BP,WHIL,GO:0031175,neuron projection development,17,0.2634216134142467,0.20232972170855973,0.40415958404159585,0.8514559823247387,False
GO_BP,WHIL,GO:0031281,positive regulation of cyclase activity,8,-1.065319263856699,-0.14408980177976416,0.5263473652634737,0.8514559823247387,False
GO_BP,WHIL,GO:0031294,lymphocyte costimulation,8,0.777385458752875,1.8400516400925138,0.07019298070192981,0.8514559823247387,False
GO_BP,WHIL,GO:0031295,T cell costimulation,8,0.777385458752875,1.8400516400925138,0.07019298070192981,0.8514559823247387,False
GO_BP,WHIL,GO:0031333,negative regulation of protein-containing complex assembly,9,-0.6657212603674395,0.24633585055797547,0.37146285371462856,0.8514559823247387,False
GO_BP,WHIL,GO:0031334,positive regulation of protein-containing complex assembly,14,-0.515762765751289,-0.3807545125695292,0.6077392260773923,0.8514559823247387,False
GO_BP,WHIL,GO:0031344,regulation of cell projection organization,25,-0.27677076252300453,0.6998671001242354,0.271972802719728,0.8514559823247387,False
GO_BP,WHIL,GO:0031345,negative regulation of cell projection organization,10,-0.46634263261749676,0.45875622297089824,0.3147685231476852,0.8514559823247387,False
GO_BP,WHIL,GO:0031346,positive regulation of cell projection organization,13,0.022611478087128423,0.33965898733940403,0.3494650534946505,0.8514559823247387,False
GO_BP,WHIL,GO:0031347,regulation of defense response,58,0.3727884081878405,1.3248592101116738,0.14528547145285473,0.8514559823247387,False
GO_BP,WHIL,GO:0031348,negative regulation of defense response,22,-0.0009382269644158089,0.4613045785848017,0.3351664833516648,0.8514559823247387,False
GO_BP,WHIL,GO:0031349,positive regulation of defense response,27,-0.741661774502423,0.8005568646015233,0.24177582241775822,0.8514559823247387,False
GO_BP,WHIL,GO:0031396,regulation of protein ubiquitination,11,-2.041563856117927,-2.2612027600719102,0.9793020697930207,0.9943878686550959,False
GO_BP,WHIL,GO:0031398,positive regulation of protein ubiquitination,5,-1.6044944517311845,-2.780034603414486,0.9944005599440056,1.0,False
GO_BP,WHIL,GO:0031399,regulation of protein modification process,36,-0.20902296461346462,0.5472891639783042,0.3147685231476852,0.8514559823247387,False
GO_BP,WHIL,GO:0031400,negative regulation of protein modification process,8,0.7323349539170058,0.9786877334475724,0.18448155184481552,0.8514559823247387,False
GO_BP,WHIL,GO:0031401,positive regulation of protein modification process,25,-0.7096626940520788,0.06698385046318711,0.44925507449255075,0.8514559823247387,False
GO_BP,WHIL,GO:0031507,heterochromatin formation,8,2.0664517149941033,0.4063179204804812,0.32966703329667035,0.8514559823247387,False
GO_BP,WHIL,GO:0031623,receptor internalization,6,-1.2397874892292284,-1.9616261825038186,0.961003899610039,0.982517737741298,False
GO_BP,WHIL,GO:0031644,regulation of nervous system process,14,-0.4976293625704963,0.04848153500082075,0.46995300469953005,0.8514559823247387,False
GO_BP,WHIL,GO:0031647,regulation of protein stability,15,-1.209352294092996,0.19506501919349906,0.4066593340665933,0.8514559823247387,False
GO_BP,WHIL,GO:0031663,lipopolysaccharide-mediated signaling pathway,5,-0.4099932276748298,-0.8766521018674605,0.7925207479252074,0.8864715822872778,False
GO_BP,WHIL,GO:0031664,regulation of lipopolysaccharide-mediated signaling pathway,5,3.2829369202383556,1.8393630229861886,0.07899210078992101,0.8514559823247387,False
GO_BP,WHIL,GO:0031667,response to nutrient levels,27,1.5269227726221188,1.491222457777106,0.11478852114788521,0.8514559823247387,False
GO_BP,WHIL,GO:0031669,cellular response to nutrient levels,10,2.402182032098823,1.3146110666510475,0.135986401359864,0.8514559823247387,False
GO_BP,WHIL,GO:0031960,response to corticosteroid,15,-0.7151893730086719,-2.502725598118699,0.981001899810019,0.9950344367383808,False
GO_BP,WHIL,GO:0032006,regulation of TOR signaling,13,-1.521305526260953,-1.2090180347911872,0.8463153684631537,0.9088471602587331,False
GO_BP,WHIL,GO:0032008,positive regulation of TOR signaling,11,-1.3266682925776627,-0.10780728432677433,0.5034496550344966,0.8514559823247387,False
GO_BP,WHIL,GO:0032024,positive regulation of insulin secretion,6,0.40678625265551294,0.5590489012005015,0.2856714328567143,0.8514559823247387,False
GO_BP,WHIL,GO:0032101,regulation of response to external stimulus,75,-0.3186535058641406,0.9700639969377172,0.2151784821517848,0.8514559823247387,False
GO_BP,WHIL,GO:0032102,negative regulation of response to external stimulus,31,-0.32066645633461366,0.8544278117800651,0.24117588241175883,0.8514559823247387,False
GO_BP,WHIL,GO:0032103,positive regulation of response to external stimulus,38,-0.8507951696065641,0.2663912454530841,0.40715928407159285,0.8514559823247387,False
GO_BP,WHIL,GO:0032200,telomere organization,7,-0.46426511679875576,-0.24578096730805082,0.5497450254974503,0.8514559823247387,False
GO_BP,WHIL,GO:0032204,regulation of telomere maintenance,11,-0.24054165356569368,0.5600053964512888,0.29147085291470853,0.8514559823247387,False
GO_BP,WHIL,GO:0032206,positive regulation of telomere maintenance,8,0.3040319486230377,0.5900167664197302,0.2830716928307169,0.8514559823247387,False
GO_BP,WHIL,GO:0032271,regulation of protein polymerization,9,1.5199153956413511,0.7115627166801141,0.2263773622637736,0.8514559823247387,False
GO_BP,WHIL,GO:0032273,positive regulation of protein polymerization,6,1.28500167712633,0.41703676350211893,0.30896910308969106,0.8514559823247387,False
GO_BP,WHIL,GO:0032309,icosanoid secretion,5,1.3326837224602686,1.0685203151333802,0.1665833416658334,0.8514559823247387,False
GO_BP,WHIL,GO:0032355,response to estradiol,14,-0.5606283192431115,0.34712797875816004,0.35466453354664534,0.8514559823247387,False
GO_BP,WHIL,GO:0032368,regulation of lipid transport,14,-1.6685569922958396,-1.8400704724865276,0.9459054094590541,0.9735731946928464,False
GO_BP,WHIL,GO:0032370,positive regulation of lipid transport,9,-0.8979148451285648,-1.592118504875717,0.9248075192480751,0.957120563927685,False
GO_BP,WHIL,GO:0032371,regulation of sterol transport,7,-0.798376098991554,-1.4786042419912082,0.9127087291270873,0.9496391401322296,False
GO_BP,WHIL,GO:0032373,positive regulation of sterol transport,6,-0.5467206685685871,-1.2333618660806867,0.8675132486751325,0.9211501717341877,False
GO_BP,WHIL,GO:0032374,regulation of cholesterol transport,7,-0.798376098991554,-1.4786042419912082,0.9127087291270873,0.9496391401322296,False
GO_BP,WHIL,GO:0032376,positive regulation of cholesterol transport,6,-0.5467206685685871,-1.2333618660806867,0.8675132486751325,0.9211501717341877,False
GO_BP,WHIL,GO:0032386,regulation of intracellular transport,13,-0.035493158801636705,0.6621951659887857,0.2636736326367363,0.8514559823247387,False
GO_BP,WHIL,GO:0032388,positive regulation of intracellular transport,9,-1.130667324059329,-0.38007465644478144,0.6084391560843916,0.8514559823247387,False
GO_BP,WHIL,GO:0032434,regulation of proteasomal ubiquitin-dependent protein catabolic process,11,-1.9596817691613473,-1.5433169587947206,0.9123087691230877,0.9496391401322296,False
GO_BP,WHIL,GO:0032436,positive regulation of proteasomal ubiquitin-dependent protein catabolic process,8,-1.5000747232852807,-1.0844149256045237,0.8293170682931706,0.9026055533981485,False
GO_BP,WHIL,GO:0032446,protein modification by small protein conjugation,11,-0.38728787096725326,-2.8887175838295005,0.9925007499250075,0.9995351583602397,False
GO_BP,WHIL,GO:0032465,regulation of cytokinesis,8,0.5368802243858831,1.2932074480561009,0.1478852114788521,0.8514559823247387,False
GO_BP,WHIL,GO:0032467,positive regulation of cytokinesis,5,0.5653062462788068,0.9564896843223766,0.205979402059794,0.8514559823247387,False
GO_BP,WHIL,GO:0032479,regulation of type I interferon production,9,-0.23767036775927228,0.00119516964701602,0.46605339466053397,0.8514559823247387,False
GO_BP,WHIL,GO:0032481,positive regulation of type I interferon production,7,-0.053745282101470185,0.30943122966755454,0.35266473352664734,0.8514559823247387,False
GO_BP,WHIL,GO:0032496,response to lipopolysaccharide,26,-0.2449173240253318,-0.7830972454885526,0.7382261773822618,0.8698299563449141,False
GO_BP,WHIL,GO:0032502,developmental process,150,-0.7460253633170518,-0.7797099025990682,0.7383261673832616,0.8698299563449141,False
GO_BP,WHIL,GO:0032526,response to retinoic acid,9,-1.3269209856773794,-1.1067467071839332,0.828017198280172,0.9025590221601967,False
GO_BP,WHIL,GO:0032535,regulation of cellular component size,12,0.5272167001020548,-0.35785362342537363,0.6058394160583942,0.8514559823247387,False
GO_BP,WHIL,GO:0032642,regulation of chemokine production,8,-0.08475927894665508,-0.7500997693365208,0.7274272572742726,0.8644894779186377,False
GO_BP,WHIL,GO:0032649,regulation of type II interferon production,5,0.6585544514486091,1.0538958271950911,0.1675832416758324,0.8514559823247387,False
GO_BP,WHIL,GO:0032651,regulation of interleukin-1 beta production,6,-0.6042938211552631,0.15976707327230733,0.40785921407859216,0.8514559823247387,False
GO_BP,WHIL,GO:0032652,regulation of interleukin-1 production,7,0.25451313756780264,0.8168566648210265,0.22507749225077492,0.8514559823247387,False
GO_BP,WHIL,GO:0032663,regulation of interleukin-2 production,5,1.0024160883901452,1.1972481456070225,0.1625837416258374,0.8514559823247387,False
GO_BP,WHIL,GO:0032675,regulation of interleukin-6 production,9,1.0813175554367023,1.449259535009794,0.11528847115288471,0.8514559823247387,False
GO_BP,WHIL,GO:0032677,regulation of interleukin-8 production,7,-0.2015630877185223,-0.12644224878175683,0.5261473852614739,0.8514559823247387,False
GO_BP,WHIL,GO:0032680,regulation of tumor necrosis factor production,12,1.2896885311336075,1.606040521326652,0.09419058094190581,0.8514559823247387,False
GO_BP,WHIL,GO:0032722,positive regulation of chemokine production,5,-0.5552177140069401,-0.10641922087104805,0.49875012498750126,0.8514559823247387,False
GO_BP,WHIL,GO:0032731,positive regulation of interleukin-1 beta production,5,-0.7486182102356949,-0.08340500616603308,0.5016498350164984,0.8514559823247387,False
GO_BP,WHIL,GO:0032732,positive regulation of interleukin-1 production,5,-0.7486182102356949,-0.08340500616603308,0.5016498350164984,0.8514559823247387,False
GO_BP,WHIL,GO:0032755,positive regulation of interleukin-6 production,6,-0.18064232719534973,0.3710159548497734,0.33956604339566043,0.8514559823247387,False
GO_BP,WHIL,GO:0032757,positive regulation of interleukin-8 production,7,-0.2015630877185223,-0.12644224878175683,0.5261473852614739,0.8514559823247387,False
GO_BP,WHIL,GO:0032760,positive regulation of tumor necrosis factor production,7,-0.137061482232947,0.2539949787605794,0.3762623737626237,0.8514559823247387,False
GO_BP,WHIL,GO:0032774,RNA biosynthetic process,20,0.06836450543743815,-0.9448146000719809,0.7758224177582241,0.8819161804975684,False
GO_BP,WHIL,GO:0032787,monocarboxylic acid metabolic process,44,0.16165114287945884,-0.5908369462845134,0.6827317268273173,0.8547845054980858,False
GO_BP,WHIL,GO:0032868,response to insulin,20,0.293231353568844,0.33923788265864846,0.37696230376962303,0.8514559823247387,False
GO_BP,WHIL,GO:0032869,cellular response to insulin stimulus,15,1.1093033619763695,1.1409954621237823,0.16848315168483152,0.8514559823247387,False
GO_BP,WHIL,GO:0032870,cellular response to hormone stimulus,57,0.003594668752403193,-1.697022825701098,0.915008499150085,0.9505526694833291,False
GO_BP,WHIL,GO:0032879,regulation of localization,113,0.07770806611116841,0.5372941187181133,0.33726627337266274,0.8514559823247387,False
GO_BP,WHIL,GO:0032880,regulation of protein localization,58,0.5570266819069608,0.25057629975554513,0.41815818418158185,0.8514559823247387,False
GO_BP,WHIL,GO:0032886,regulation of microtubule-based process,13,1.0102846097492313,0.8492382292104691,0.21197880211978803,0.8514559823247387,False
GO_BP,WHIL,GO:0032890,regulation of organic acid transport,10,-1.049182091288214,-0.5018026360223024,0.6508349165083491,0.8514559823247387,False
GO_BP,WHIL,GO:0032922,circadian regulation of gene expression,11,-0.2711704569217764,-0.8911773206240516,0.772022797720228,0.8799752936098795,False
GO_BP,WHIL,GO:0032928,regulation of superoxide anion generation,6,0.5624962886344095,0.6740966319328888,0.22997700229977003,0.8514559823247387,False
GO_BP,WHIL,GO:0032930,positive regulation of superoxide anion generation,6,0.5624962886344095,0.6740966319328888,0.22997700229977003,0.8514559823247387,False
GO_BP,WHIL,GO:0032940,secretion by cell,7,0.13319745949442732,0.8688897587133311,0.19908009199080093,0.8514559823247387,False
GO_BP,WHIL,GO:0032944,regulation of mononuclear cell proliferation,7,0.1387240949481842,0.37725748156430405,0.34056594340565943,0.8514559823247387,False
GO_BP,WHIL,GO:0032946,positive regulation of mononuclear cell proliferation,5,-0.7383054248877804,-0.31956427588799435,0.5875412458754125,0.8514559823247387,False
GO_BP,WHIL,GO:0032956,regulation of actin cytoskeleton organization,9,0.5180177967989055,0.3212026033908214,0.38136186381361864,0.8514559823247387,False
GO_BP,WHIL,GO:0032963,collagen metabolic process,10,-1.5230035017657066,0.04991754980625118,0.45355464453554645,0.8514559823247387,False
GO_BP,WHIL,GO:0032970,regulation of actin filament-based process,14,-0.22927539331141972,-0.19417780130165954,0.551044895510449,0.8514559823247387,False
GO_BP,WHIL,GO:0033013,tetrapyrrole metabolic process,6,-0.9859604957602268,-4.464274997967199,0.9997000299970003,1.0,False
GO_BP,WHIL,GO:0033015,tetrapyrrole catabolic process,5,-0.961329131449781,-5.483889397312732,1.0,1.0,False
GO_BP,WHIL,GO:0033036,macromolecule localization,48,-1.3386799850662188,-1.3302389843205384,0.8576142385761424,0.9146842836226861,False
GO_BP,WHIL,GO:0033043,regulation of organelle organization,44,-0.7821225584629896,-0.025906276753286495,0.49255074492550743,0.8514559823247387,False
GO_BP,WHIL,GO:0033044,regulation of chromosome organization,17,0.18237606321365538,0.544098083931719,0.30516948305169483,0.8514559823247387,False
GO_BP,WHIL,GO:0033121,regulation of purine nucleotide catabolic process,6,-0.8415615729847621,0.09218523459072714,0.42825717428257176,0.8514559823247387,False
GO_BP,WHIL,GO:0033143,regulation of intracellular steroid hormone receptor signaling pathway,7,-1.2534007666080036,-0.466649158995064,0.6421357864213578,0.8514559823247387,False
GO_BP,WHIL,GO:0033146,regulation of intracellular estrogen receptor signaling pathway,5,-1.0885843061059748,-0.5523931275492876,0.6774322567743226,0.8539237155845091,False
GO_BP,WHIL,GO:0033157,regulation of intracellular protein transport,10,-0.1652886018100866,0.2196214693368918,0.3825617438256174,0.8514559823247387,False
GO_BP,WHIL,GO:0033273,response to vitamin,8,-0.939611521704055,0.22979143122603252,0.39716028397160286,0.8514559823247387,False
GO_BP,WHIL,GO:0033365,protein localization to organelle,18,-1.1378145207246173,0.27624596973648075,0.3922607739226077,0.8514559823247387,False
GO_BP,WHIL,GO:0033500,carbohydrate homeostasis,16,-0.13775564603186316,0.24011430671972703,0.40845915408459155,0.8514559823247387,False
GO_BP,WHIL,GO:0033554,cellular response to stress,73,0.3227016679859974,-0.5376251074563992,0.668933106689331,0.8533864520334556,False
GO_BP,WHIL,GO:0033555,multicellular organismal response to stress,7,-1.18634517270471,-0.3353701444698942,0.5971402859714029,0.8514559823247387,False
GO_BP,WHIL,GO:0033559,unsaturated fatty acid metabolic process,29,0.4324290298728923,1.588582830916165,0.10138986101389862,0.8514559823247387,False
GO_BP,WHIL,GO:0033628,regulation of cell adhesion mediated by integrin,6,-0.011097982629676746,0.8759943505574277,0.20707929207079293,0.8514559823247387,False
GO_BP,WHIL,GO:0033674,positive regulation of kinase activity,10,-0.18037828258475705,0.7092660758810592,0.24477552244775522,0.8514559823247387,False
GO_BP,WHIL,GO:0033993,response to lipid,81,-1.1273605584446111,-1.7476967958543337,0.92000799920008,0.9538408144121344,False
GO_BP,WHIL,GO:0034097,response to cytokine,39,-1.6872456872973487,-0.6701097646382914,0.7019298070192981,0.8574464587439561,False
GO_BP,WHIL,GO:0034103,regulation of tissue remodeling,7,-0.6476041945686736,0.5249922012054432,0.28927107289271076,0.8514559823247387,False
GO_BP,WHIL,GO:0034110,regulation of homotypic cell-cell adhesion,7,-0.6690393874812837,0.06408029436501472,0.45165483451654836,0.8514559823247387,False
GO_BP,WHIL,GO:0034220,monoatomic ion transmembrane transport,34,-2.3641835551716355,-3.4830315771172815,0.9987001299870013,1.0,False
GO_BP,WHIL,GO:0034284,response to monosaccharide,8,-0.15068626884179903,-0.12397075842968314,0.5229477052294771,0.8514559823247387,False
GO_BP,WHIL,GO:0034308,primary alcohol metabolic process,17,1.2203872487124907,1.360973601636903,0.1304869513048695,0.8514559823247387,False
GO_BP,WHIL,GO:0034329,cell junction assembly,9,1.2388906578905576,0.6476000707546857,0.26807319268073193,0.8514559823247387,False
GO_BP,WHIL,GO:0034330,cell junction organization,21,0.848034084686145,0.8511979369565973,0.2313768623137686,0.8514559823247387,False
GO_BP,WHIL,GO:0034405,response to fluid shear stress,6,-0.047447510940892515,0.5817486819292068,0.26517348265173485,0.8514559823247387,False
GO_BP,WHIL,GO:0034502,protein localization to chromosome,7,-0.4349081613706815,-0.2714791222942373,0.5711428857114289,0.8514559823247387,False
GO_BP,WHIL,GO:0034504,protein localization to nucleus,6,-1.4081910922289373,-0.13751720701072512,0.5177482251774822,0.8514559823247387,False
GO_BP,WHIL,GO:0034599,cellular response to oxidative stress,21,-0.8372390245114179,-0.2042207596781691,0.551944805519448,0.8514559823247387,False
GO_BP,WHIL,GO:0034605,cellular response to heat,7,0.12147050204354666,-1.321243876143848,0.8811118888111189,0.9297866154759948,False
GO_BP,WHIL,GO:0034612,response to tumor necrosis factor,7,-0.8954116762239783,-2.051778136037612,0.9722027797220278,0.9901869443088336,False
GO_BP,WHIL,GO:0034614,cellular response to reactive oxygen species,13,-0.6080493634322514,-0.22058757113449068,0.5571442855714429,0.8514559823247387,False
GO_BP,WHIL,GO:0034644,cellular response to UV,10,-0.7115062467677548,0.010921852488351425,0.47225277472252775,0.8514559823247387,False
GO_BP,WHIL,GO:0034654,nucleobase-containing compound biosynthetic process,28,-0.3401525308115547,-1.3759700403902027,0.8758124187581242,0.9252374988234812,False
GO_BP,WHIL,GO:0034655,nucleobase-containing compound catabolic process,12,-0.6857957476247418,-0.12128858166596057,0.5244475552444755,0.8514559823247387,False
GO_BP,WHIL,GO:0034762,regulation of transmembrane transport,24,-0.7974136549041007,-0.17904309034134613,0.5405459454054594,0.8514559823247387,False
GO_BP,WHIL,GO:0034763,negative regulation of transmembrane transport,5,-1.1043055885299575,-0.3712432670578054,0.6079392060793921,0.8514559823247387,False
GO_BP,WHIL,GO:0034764,positive regulation of transmembrane transport,12,-0.36509580437555017,-0.5554354843864306,0.6686331366863314,0.8533864520334556,False
GO_BP,WHIL,GO:0034765,regulation of monoatomic ion transmembrane transport,16,-1.3734508840654078,-1.5785406745030044,0.9166083391660834,0.9515809732247715,False
GO_BP,WHIL,GO:0034767,positive regulation of monoatomic ion transmembrane transport,6,-0.9980502902772836,-2.865488815732955,0.9952004799520048,1.0,False
GO_BP,WHIL,GO:0034976,response to endoplasmic reticulum stress,9,0.04974601259071717,-1.769933852163755,0.9477052294770523,0.9743542341723649,False
GO_BP,WHIL,GO:0035094,response to nicotine,13,-0.42509177123845543,0.09124068351020753,0.43025697430256976,0.8514559823247387,False
GO_BP,WHIL,GO:0035150,regulation of tube size,34,-1.0371176556272501,-0.05119580649432964,0.5029497050294971,0.8514559823247387,False
GO_BP,WHIL,GO:0035235,ionotropic glutamate receptor signaling pathway,8,-1.362539077649651,-0.7042107637768165,0.7246275372462754,0.8631638741129698,False
GO_BP,WHIL,GO:0035239,tube morphogenesis,17,-1.2534867429695062,-0.4948524038334132,0.6399360063993601,0.8514559823247387,False
GO_BP,WHIL,GO:0035249,"synaptic transmission, glutamatergic",7,-1.2264231867846633,-0.8605652871076943,0.7723227677232277,0.8799752936098795,False
GO_BP,WHIL,GO:0035270,endocrine system development,6,-0.9977273960680165,-0.33632313913240874,0.6020397960203979,0.8514559823247387,False
GO_BP,WHIL,GO:0035295,tube development,23,-1.0321554939850246,0.2763834253972737,0.3882611738826117,0.8514559823247387,False
GO_BP,WHIL,GO:0035296,regulation of tube diameter,34,-1.0371176556272501,-0.05119580649432964,0.5029497050294971,0.8514559823247387,False
GO_BP,WHIL,GO:0035335,peptidyl-tyrosine dephosphorylation,7,5.0401028253949685,3.9444485746710978,0.0017998200179982,0.8514559823247387,False
GO_BP,WHIL,GO:0035556,intracellular signal transduction,84,-1.0093011461814014,-1.5095091047675244,0.8944105589441056,0.9368490187686693,False
GO_BP,WHIL,GO:0035590,purinergic nucleotide receptor signaling pathway,5,-0.24392902852425122,0.8489950339782695,0.23947605239476052,0.8514559823247387,False
GO_BP,WHIL,GO:0035725,sodium ion transmembrane transport,7,-0.8397780103377978,-0.6499259262222508,0.7211278872112789,0.8630764830493695,False
GO_BP,WHIL,GO:0035924,cellular response to vascular endothelial growth factor stimulus,9,-0.5161072821278385,0.3072052420737037,0.3715628437156284,0.8514559823247387,False
GO_BP,WHIL,GO:0035966,response to topologically incorrect protein,8,1.1549973170751133,0.6877338456679158,0.2705729427057294,0.8514559823247387,False
GO_BP,WHIL,GO:0035967,cellular response to topologically incorrect protein,5,1.8591963386070045,1.2069280275550616,0.15428457154284572,0.8514559823247387,False
GO_BP,WHIL,GO:0036119,response to platelet-derived growth factor,5,2.899438038060745,2.6347934444383387,0.025697430256974303,0.8514559823247387,False
GO_BP,WHIL,GO:0036120,cellular response to platelet-derived growth factor stimulus,5,2.899438038060745,2.6347934444383387,0.025697430256974303,0.8514559823247387,False
GO_BP,WHIL,GO:0036211,protein modification process,72,2.3398667064446164,2.366269612631101,0.028397160283971604,0.8514559823247387,False
GO_BP,WHIL,GO:0036293,response to decreased oxygen levels,28,-0.015809325198304854,1.0996710047862013,0.1855814418558144,0.8514559823247387,False
GO_BP,WHIL,GO:0036294,cellular response to decreased oxygen levels,11,1.2138678438644528,1.4486444595808656,0.11918808119188082,0.8514559823247387,False
GO_BP,WHIL,GO:0038084,vascular endothelial growth factor signaling pathway,6,-0.18583897692989515,0.6719545406680365,0.24247575242475752,0.8514559823247387,False
GO_BP,WHIL,GO:0038093,Fc receptor signaling pathway,12,-0.6191001832167281,0.6093860084623527,0.2625737426257374,0.8514559823247387,False
GO_BP,WHIL,GO:0038094,Fc-gamma receptor signaling pathway,8,-0.0819209868580822,1.0175520241178126,0.16418358164183583,0.8514559823247387,False
GO_BP,WHIL,GO:0038096,Fc-gamma receptor signaling pathway involved in phagocytosis,8,-0.0819209868580822,1.0175520241178126,0.16418358164183583,0.8514559823247387,False
GO_BP,WHIL,GO:0038127,ERBB signaling pathway,17,0.32111478205889804,1.753889317984844,0.08509149085091491,0.8514559823247387,False
GO_BP,WHIL,GO:0038128,ERBB2 signaling pathway,5,0.36836081569202045,1.2331777823535124,0.13858614138586142,0.8514559823247387,False
GO_BP,WHIL,GO:0039531,regulation of cytoplasmic pattern recognition receptor signaling pathway,13,-0.8936786429347288,0.6113138444672332,0.2780721927807219,0.8514559823247387,False
GO_BP,WHIL,GO:0039532,negative regulation of cytoplasmic pattern recognition receptor signaling pathway,5,-0.4999973566399454,0.02624839118748734,0.46285371462853714,0.8514559823247387,False
GO_BP,WHIL,GO:0040008,regulation of growth,23,-0.5219295498732653,0.24635364653378244,0.40685931406859316,0.8514559823247387,False
GO_BP,WHIL,GO:0040011,locomotion,25,-0.9945030295484283,-0.5587026999931533,0.6664333566643336,0.8533864520334556,False
GO_BP,WHIL,GO:0040012,regulation of locomotion,65,-1.8419913724216759,0.012347170189247691,0.49345065493450657,0.8514559823247387,False
GO_BP,WHIL,GO:0040013,negative regulation of locomotion,16,-0.22402937835637637,0.4280569008888566,0.33196680331966805,0.8514559823247387,False
GO_BP,WHIL,GO:0040017,positive regulation of locomotion,43,-1.61164677004295,-0.0468994261661011,0.5121487851214879,0.8514559823247387,False
GO_BP,WHIL,GO:0040029,epigenetic regulation of gene expression,14,1.170739266963899,-0.023891226023199152,0.4724527547245275,0.8514559823247387,False
GO_BP,WHIL,GO:0042058,regulation of epidermal growth factor receptor signaling pathway,5,0.9924498288978059,1.826649859598944,0.072992700729927,0.8514559823247387,False
GO_BP,WHIL,GO:0042060,wound healing,22,-1.0527535506551515,0.03664441985494049,0.47795220477952205,0.8514559823247387,False
GO_BP,WHIL,GO:0042063,gliogenesis,13,0.6874708541746453,0.7894146791923831,0.23367663233676633,0.8514559823247387,False
GO_BP,WHIL,GO:0042110,T cell activation,11,0.5172639760382416,0.5507996346190271,0.30056994300569945,0.8514559823247387,False
GO_BP,WHIL,GO:0042113,B cell activation,5,0.25882500703116973,0.8755658108135973,0.19708029197080293,0.8514559823247387,False
GO_BP,WHIL,GO:0042127,regulation of cell population proliferation,88,-0.8940851604698035,0.7875404251298921,0.26277372262773724,0.8514559823247387,False
GO_BP,WHIL,GO:0042167,heme catabolic process,5,-0.961329131449781,-5.483889397312732,1.0,1.0,False
GO_BP,WHIL,GO:0042168,heme metabolic process,5,-0.961329131449781,-5.483889397312732,1.0,1.0,False
GO_BP,WHIL,GO:0042176,regulation of protein catabolic process,23,-0.5841195961466499,0.3318434845344618,0.36606339366063395,0.8514559823247387,False
GO_BP,WHIL,GO:0042177,negative regulation of protein catabolic process,9,0.25758795292716624,0.7951231356657829,0.23097690230976903,0.8514559823247387,False
GO_BP,WHIL,GO:0042178,xenobiotic catabolic process,13,1.136375897515572,1.1667198879929137,0.1678832116788321,0.8514559823247387,False
GO_BP,WHIL,GO:0042180,ketone metabolic process,13,2.041104375020864,2.587949242306607,0.018598140185981403,0.8514559823247387,False
GO_BP,WHIL,GO:0042220,response to cocaine,13,-1.147787181994994,-0.45749550412947615,0.6531346865313469,0.8514559823247387,False
GO_BP,WHIL,GO:0042306,regulation of protein import into nucleus,7,-0.776557458976278,0.16180587757489917,0.4042595740425957,0.8514559823247387,False
GO_BP,WHIL,GO:0042307,positive regulation of protein import into nucleus,7,-0.776557458976278,0.16180587757489917,0.4042595740425957,0.8514559823247387,False
GO_BP,WHIL,GO:0042310,vasoconstriction,9,-0.6060813970482214,0.012372891129821317,0.45535446455354467,0.8514559823247387,False
GO_BP,WHIL,GO:0042311,vasodilation,11,-0.3254537839761924,-0.19200701910422743,0.5456454354564544,0.8514559823247387,False
GO_BP,WHIL,GO:0042325,regulation of phosphorylation,25,0.8208152661106437,2.036705647755075,0.061193880611938804,0.8514559823247387,False
GO_BP,WHIL,GO:0042326,negative regulation of phosphorylation,5,2.68934380386972,2.309203054317162,0.04079592040795921,0.8514559823247387,False
GO_BP,WHIL,GO:0042327,positive regulation of phosphorylation,20,-0.1618805546996192,1.2698773173045077,0.1506849315068493,0.8514559823247387,False
GO_BP,WHIL,GO:0042330,taxis,24,-0.9674053335795307,-0.5706748124892976,0.6682331766823317,0.8533864520334556,False
GO_BP,WHIL,GO:0042391,regulation of membrane potential,44,-1.7782198985514828,-2.4715411558162708,0.9835016498350165,0.9954125694696966,False
GO_BP,WHIL,GO:0042417,dopamine metabolic process,8,-0.847732107859953,-1.2264137812545821,0.8491150884911509,0.9091417556940257,False
GO_BP,WHIL,GO:0042440,pigment metabolic process,6,-0.6444809859703182,-3.9487527942666834,0.9987001299870013,1.0,False
GO_BP,WHIL,GO:0042445,hormone metabolic process,27,0.8081067843477983,-0.12563906937408442,0.5268473152684732,0.8514559823247387,False
GO_BP,WHIL,GO:0042446,hormone biosynthetic process,7,1.215654406498538,1.2883270369452788,0.1464853514648535,0.8514559823247387,False
GO_BP,WHIL,GO:0042542,response to hydrogen peroxide,10,-0.8389219182454315,-0.07218193496206404,0.5053494650534947,0.8514559823247387,False
GO_BP,WHIL,GO:0042572,retinol metabolic process,12,1.1955510756503693,1.2267155266151517,0.14808519148085192,0.8514559823247387,False
GO_BP,WHIL,GO:0042573,retinoic acid metabolic process,6,0.17621936287314682,-3.2994798338561933,0.9966003399660034,1.0,False
GO_BP,WHIL,GO:0042592,homeostatic process,74,0.5228809127171276,0.9980958366205102,0.20727927207279273,0.8514559823247387,False
GO_BP,WHIL,GO:0042593,glucose homeostasis,16,-0.13775564603186316,0.24011430671972703,0.40845915408459155,0.8514559823247387,False
GO_BP,WHIL,GO:0042594,response to starvation,5,2.9595063261299397,1.468341319452687,0.11188881111888811,0.8514559823247387,False
GO_BP,WHIL,GO:0042632,cholesterol homeostasis,7,0.6873975630344804,0.6985982809442847,0.2723727627237276,0.8514559823247387,False
GO_BP,WHIL,GO:0042742,defense response to bacterium,14,0.6123518400504036,1.0004493776519439,0.19468053194680532,0.8514559823247387,False
GO_BP,WHIL,GO:0042749,regulation of circadian sleep/wake cycle,6,-0.2860512199490167,0.021865495974922933,0.46355364463553644,0.8514559823247387,False
GO_BP,WHIL,GO:0042752,regulation of circadian rhythm,17,-0.9084961671448282,-0.9092244201127524,0.774022597740226,0.8811544046276472,False
GO_BP,WHIL,GO:0042759,long-chain fatty acid biosynthetic process,12,0.06466590670525665,-0.08657513641900963,0.5012498750124987,0.8514559823247387,False
GO_BP,WHIL,GO:0042789,mRNA transcription by RNA polymerase II,5,-0.4079995955493135,-2.2446393824820494,0.9827017298270173,0.9953242183893226,False
GO_BP,WHIL,GO:0042908,xenobiotic transport,10,1.423942322717447,1.1051273170689646,0.18218178182181782,0.8514559823247387,False
GO_BP,WHIL,GO:0042981,regulation of apoptotic process,94,-1.3095435393128945,0.7437760134435649,0.2766723327667233,0.8514559823247387,False
GO_BP,WHIL,GO:0043010,camera-type eye development,11,-1.4008996426688174,-0.4507729571809469,0.6485351464853515,0.8514559823247387,False
GO_BP,WHIL,GO:0043062,extracellular structure organization,11,-1.2473493112743221,0.41593175087404344,0.33256674332566744,0.8514559823247387,False
GO_BP,WHIL,GO:0043065,positive regulation of apoptotic process,26,-0.07831738977293204,0.4862006682726304,0.3344665533446655,0.8514559823247387,False
GO_BP,WHIL,GO:0043066,negative regulation of apoptotic process,70,-1.7508714455963723,0.08247683176935405,0.47025297470252975,0.8514559823247387,False
GO_BP,WHIL,GO:0043067,regulation of programmed cell death,99,-1.4020030962712664,0.8409086375400607,0.24977502249775022,0.8514559823247387,False
GO_BP,WHIL,GO:0043068,positive regulation of programmed cell death,29,-0.06738384439679865,0.5160185168452835,0.32526747325267474,0.8514559823247387,False
GO_BP,WHIL,GO:0043069,negative regulation of programmed cell death,74,-1.9216886434892826,0.09558018545480018,0.4687531246875312,0.8514559823247387,False
GO_BP,WHIL,GO:0043085,positive regulation of catalytic activity,22,-0.8646143982607546,0.43850755223206095,0.3364663533646635,0.8514559823247387,False
GO_BP,WHIL,GO:0043086,negative regulation of catalytic activity,6,0.00685338765194107,0.2587573745669087,0.36126387361263873,0.8514559823247387,False
GO_BP,WHIL,GO:0043114,regulation of vascular permeability,5,-0.051909182768949444,1.0301121824719703,0.1583841615838416,0.8514559823247387,False
GO_BP,WHIL,GO:0043122,regulation of canonical NF-kappaB signal transduction,16,-0.41841503113528816,-0.9658637468161371,0.7871212878712128,0.8846608134575591,False
GO_BP,WHIL,GO:0043123,positive regulation of canonical NF-kappaB signal transduction,11,-1.4363855936562888,-2.770234222066054,0.9904009599040096,0.9980784867249709,False
GO_BP,WHIL,GO:0043124,negative regulation of canonical NF-kappaB signal transduction,5,0.40904243822778114,0.7848811285085728,0.21797820217978203,0.8514559823247387,False
GO_BP,WHIL,GO:0043161,proteasome-mediated ubiquitin-dependent protein catabolic process,5,-0.8610812594213011,-2.5113654088578685,0.9903009699030098,0.9980784867249709,False
GO_BP,WHIL,GO:0043170,macromolecule metabolic process,134,1.2561236498015942,2.036657170081185,0.044995500449955005,0.8514559823247387,False
GO_BP,WHIL,GO:0043200,response to amino acid,10,-0.12260496840886904,0.7408735993093662,0.21497850214978503,0.8514559823247387,False
GO_BP,WHIL,GO:0043207,response to external biotic stimulus,53,-0.6584651781689307,-0.6963998442706042,0.7153284671532847,0.863001957670695,False
GO_BP,WHIL,GO:0043244,regulation of protein-containing complex disassembly,6,-0.7100549346484095,0.04812803771497909,0.4647535246475352,0.8514559823247387,False
GO_BP,WHIL,GO:0043254,regulation of protein-containing complex assembly,23,0.309300058780841,0.654508190868488,0.2706729327067293,0.8514559823247387,False
GO_BP,WHIL,GO:0043255,regulation of carbohydrate biosynthetic process,6,-0.3355465887281496,0.15684317669685244,0.40575942405759424,0.8514559823247387,False
GO_BP,WHIL,GO:0043266,regulation of potassium ion transport,9,-1.4122513782831219,-2.5636886042563685,0.9893010698930107,0.9980784867249709,False
GO_BP,WHIL,GO:0043268,positive regulation of potassium ion transport,5,-0.9986169879590499,-2.856178182598536,0.9952004799520048,1.0,False
GO_BP,WHIL,GO:0043269,regulation of monoatomic ion transport,32,-1.042834653381106,-0.46832321574338154,0.6396360363963604,0.8514559823247387,False
GO_BP,WHIL,GO:0043270,positive regulation of monoatomic ion transport,13,-1.1510289499624622,-2.0480334379005507,0.962003799620038,0.9828958165087225,False
GO_BP,WHIL,GO:0043271,negative regulation of monoatomic ion transport,8,-1.0336082976654808,-0.47943204736856615,0.6572342765723428,0.8514559823247387,False
GO_BP,WHIL,GO:0043278,response to morphine,7,-1.0100613709363804,-0.29497856767553166,0.5781421857814218,0.8514559823247387,False
GO_BP,WHIL,GO:0043279,response to alkaloid,20,-1.3162628600570838,-0.5727980834521322,0.675032496750325,0.8539237155845091,False
GO_BP,WHIL,GO:0043401,steroid hormone receptor signaling pathway,15,-1.1572491471914839,-1.8628306919303605,0.9527047295270473,0.9771059687723737,False
GO_BP,WHIL,GO:0043405,regulation of MAP kinase activity,6,0.8073508615392831,1.2359121489594895,0.1316868313168683,0.8514559823247387,False
GO_BP,WHIL,GO:0043406,positive regulation of MAP kinase activity,5,-0.22480405262420228,0.7376408562803307,0.22127787221277873,0.8514559823247387,False
GO_BP,WHIL,GO:0043408,regulation of MAPK cascade,61,0.7492069790914052,2.0841897767258355,0.049095090490950906,0.8514559823247387,False
GO_BP,WHIL,GO:0043409,negative regulation of MAPK cascade,11,1.7849453051235018,1.7961137944433472,0.071992800719928,0.8514559823247387,False
GO_BP,WHIL,GO:0043410,positive regulation of MAPK cascade,48,-0.2570500900617507,0.9353083713737969,0.21797820217978203,0.8514559823247387,False
GO_BP,WHIL,GO:0043412,macromolecule modification,74,2.1685242797253377,2.395310987926803,0.027897210278972105,0.8514559823247387,False
GO_BP,WHIL,GO:0043434,response to peptide hormone,37,0.10993210195532503,0.6124624503971244,0.29987001299870014,0.8514559823247387,False
GO_BP,WHIL,GO:0043436,oxoacid metabolic process,52,0.2611201760044433,-0.34974047819085524,0.6011398860113989,0.8514559823247387,False
GO_BP,WHIL,GO:0043467,regulation of generation of precursor metabolites and energy,11,-0.8024584313813369,0.018473045336155125,0.46415358464153583,0.8514559823247387,False
GO_BP,WHIL,GO:0043470,regulation of carbohydrate catabolic process,6,-0.8415615729847621,0.09218523459072714,0.42825717428257176,0.8514559823247387,False
GO_BP,WHIL,GO:0043473,pigmentation,5,-0.18559100575089799,-0.004944000816053062,0.48455154484551544,0.8514559823247387,False
GO_BP,WHIL,GO:0043484,regulation of RNA splicing,5,1.291554330013691,1.8787235211621847,0.06409359064093591,0.8514559823247387,False
GO_BP,WHIL,GO:0043487,regulation of RNA stability,6,-0.695993817698528,-0.3022819471868985,0.5869413058694131,0.8514559823247387,False
GO_BP,WHIL,GO:0043488,regulation of mRNA stability,6,-0.695993817698528,-0.3022819471868985,0.5869413058694131,0.8514559823247387,False
GO_BP,WHIL,GO:0043491,phosphatidylinositol 3-kinase/protein kinase B signal transduction,10,-0.6458894755392607,0.4044436271067081,0.3370662933706629,0.8514559823247387,False
GO_BP,WHIL,GO:0043502,regulation of muscle adaptation,8,-0.5486660311949579,-0.6476275432906462,0.7075292470752925,0.8596149730821311,False
GO_BP,WHIL,GO:0043523,regulation of neuron apoptotic process,23,-1.0483774832947585,-0.13529078265356365,0.5274472552744726,0.8514559823247387,False
GO_BP,WHIL,GO:0043524,negative regulation of neuron apoptotic process,13,-1.5099664237191774,-0.3536497056635557,0.5945405459454055,0.8514559823247387,False
GO_BP,WHIL,GO:0043525,positive regulation of neuron apoptotic process,7,-0.8547844766590487,-0.4261314874063066,0.6281371862813718,0.8514559823247387,False
GO_BP,WHIL,GO:0043535,regulation of blood vessel endothelial cell migration,8,-1.1238436701857255,0.036777627365858434,0.45265473452654736,0.8514559823247387,False
GO_BP,WHIL,GO:0043536,positive regulation of blood vessel endothelial cell migration,7,-0.9844747351068563,0.2394778120064256,0.37896210378962103,0.8514559823247387,False
GO_BP,WHIL,GO:0043542,endothelial cell migration,5,-0.7310191483049566,0.1278047207657178,0.4256574342565743,0.8514559823247387,False
GO_BP,WHIL,GO:0043549,regulation of kinase activity,12,0.5851451713298873,1.1973215942096478,0.14708529147085292,0.8514559823247387,False
GO_BP,WHIL,GO:0043588,skin development,7,-0.6101699703424639,0.5640947326576258,0.3003699630036996,0.8514559823247387,False
GO_BP,WHIL,GO:0043627,response to estrogen,7,-0.42271707261187036,-0.9745242754817731,0.8085191480851914,0.8962268150257452,False
GO_BP,WHIL,GO:0043632,modification-dependent macromolecule catabolic process,5,-0.8610812594213011,-2.5113654088578685,0.9903009699030098,0.9980784867249709,False
GO_BP,WHIL,GO:0043687,post-translational protein modification,18,-0.7144816717558156,-2.6603595767225947,0.9882011798820118,0.9975801384486228,False
GO_BP,WHIL,GO:0043933,protein-containing complex organization,26,-0.5409009762582744,-1.2385350204734606,0.8507149285071492,0.9102299646578551,False
GO_BP,WHIL,GO:0044057,regulation of system process,60,-1.2881875670735932,-0.04787071884607874,0.503949605039496,0.8514559823247387,False
GO_BP,WHIL,GO:0044085,cellular component biogenesis,48,0.3429497028121114,-1.46640563030395,0.8866113388661134,0.9334850541942431,False
GO_BP,WHIL,GO:0044087,regulation of cellular component biogenesis,45,0.7372724067189826,1.2908861545398613,0.148985101489851,0.8514559823247387,False
GO_BP,WHIL,GO:0044089,positive regulation of cellular component biogenesis,23,-0.0009663232173925848,0.29833332109710187,0.38206179382061795,0.8514559823247387,False
GO_BP,WHIL,GO:0044092,negative regulation of molecular function,9,0.6658266808634398,1.0602413508351707,0.16848315168483152,0.8514559823247387,False
GO_BP,WHIL,GO:0044093,positive regulation of molecular function,26,-1.151862976423522,0.10351623483365979,0.43765623437656237,0.8514559823247387,False
GO_BP,WHIL,GO:0044281,small molecule metabolic process,80,0.6206578589369467,0.060951445806621374,0.46685331466853314,0.8514559823247387,False
GO_BP,WHIL,GO:0044282,small molecule catabolic process,14,0.5131952895229582,0.3843789257403327,0.36626337366263373,0.8514559823247387,False
GO_BP,WHIL,GO:0044283,small molecule biosynthetic process,35,0.0008357571466061113,0.06950754368118744,0.46205379462053797,0.8514559823247387,False
GO_BP,WHIL,GO:0044403,biological process involved in symbiotic interaction,8,-1.957481828582509,-0.7844079441440102,0.7474252574742526,0.8725243714092048,False
GO_BP,WHIL,GO:0044409,symbiont entry into host,6,-1.369974347720412,-0.501744796431244,0.6613338666133387,0.8514559823247387,False
GO_BP,WHIL,GO:0044419,biological process involved in interspecies interaction between organisms,64,-1.7987340131837213,-1.1428340242293857,0.8236176382361764,0.9015832824566177,False
GO_BP,WHIL,GO:0044597,daunorubicin metabolic process,5,2.624770925092367,2.9584424145170307,0.0105989401059894,0.8514559823247387,False
GO_BP,WHIL,GO:0044598,doxorubicin metabolic process,5,2.624770925092367,2.9584424145170307,0.0105989401059894,0.8514559823247387,False
GO_BP,WHIL,GO:0044703,multi-organism reproductive process,14,-1.2069967691408823,0.12314832147209631,0.42695730426957307,0.8514559823247387,False
GO_BP,WHIL,GO:0044706,multi-multicellular organism process,14,-1.2069967691408823,0.12314832147209631,0.42695730426957307,0.8514559823247387,False
GO_BP,WHIL,GO:0044770,cell cycle phase transition,8,0.620891197877592,1.5341956476845813,0.10478952104789521,0.8514559823247387,False
GO_BP,WHIL,GO:0044772,mitotic cell cycle phase transition,7,0.6672984477473134,1.5260114045385915,0.103989601039896,0.8514559823247387,False
GO_BP,WHIL,GO:0044839,cell cycle G2/M phase transition,7,0.623655689066337,1.5076666495633648,0.1100889911008899,0.8514559823247387,False
GO_BP,WHIL,GO:0045087,innate immune response,18,-0.4031008044672963,-0.3066468924764436,0.5756424357564244,0.8514559823247387,False
GO_BP,WHIL,GO:0045088,regulation of innate immune response,32,0.7834426323761033,1.9240254852084826,0.063993600639936,0.8514559823247387,False
GO_BP,WHIL,GO:0045089,positive regulation of innate immune response,17,-0.741659319239415,0.46187753465483095,0.3240675932406759,0.8514559823247387,False
GO_BP,WHIL,GO:0045137,development of primary sexual characteristics,8,0.04403163691582793,-0.16022487402447486,0.5267473252674733,0.8514559823247387,False
GO_BP,WHIL,GO:0045165,cell fate commitment,5,-1.7432841080796895,-1.4536065076202465,0.897010298970103,0.9391517224116513,False
GO_BP,WHIL,GO:0045184,establishment of protein localization,15,-1.1748909720005518,0.04347449612404719,0.46515348465153483,0.8514559823247387,False
GO_BP,WHIL,GO:0045187,"regulation of circadian sleep/wake cycle, sleep",6,-0.2860512199490167,0.021865495974922933,0.46355364463553644,0.8514559823247387,False
GO_BP,WHIL,GO:0045229,external encapsulating structure organization,11,-1.2473493112743221,0.41593175087404344,0.33256674332566744,0.8514559823247387,False
GO_BP,WHIL,GO:0045321,leukocyte activation,23,-0.2465311104294409,-0.4897869470631139,0.6416358364163584,0.8514559823247387,False
GO_BP,WHIL,GO:0045428,regulation of nitric oxide biosynthetic process,13,-0.6235085715889785,0.5182530794730631,0.30616938306169383,0.8514559823247387,False
GO_BP,WHIL,GO:0045429,positive regulation of nitric oxide biosynthetic process,11,-0.6945628330824098,0.3702934038605279,0.34496550344965504,0.8514559823247387,False
GO_BP,WHIL,GO:0045471,response to ethanol,20,-0.4534611044562296,-0.24299059997336028,0.557944205579442,0.8514559823247387,False
GO_BP,WHIL,GO:0045595,regulation of cell differentiation,64,-1.4676365942303085,-0.7274504025519667,0.7201279872012799,0.863001957670695,False
GO_BP,WHIL,GO:0045596,negative regulation of cell differentiation,21,-0.16847940017625776,0.3698608027438903,0.3585641435856414,0.8514559823247387,False
GO_BP,WHIL,GO:0045597,positive regulation of cell differentiation,45,-1.6812784989558802,-1.1423467650214967,0.8212178782121787,0.9011742234814215,False
GO_BP,WHIL,GO:0045598,regulation of fat cell differentiation,11,-0.9423464002078706,-0.38081450042736154,0.6059394060593941,0.8514559823247387,False
GO_BP,WHIL,GO:0045600,positive regulation of fat cell differentiation,6,-1.1453732929314087,-0.22009020277323343,0.5393460653934606,0.8514559823247387,False
GO_BP,WHIL,GO:0045619,regulation of lymphocyte differentiation,6,0.33169749193819786,1.0266515398190728,0.18138186181381863,0.8514559823247387,False
GO_BP,WHIL,GO:0045621,positive regulation of lymphocyte differentiation,5,-0.5482582456159832,0.23083025705094062,0.38066193380661933,0.8514559823247387,False
GO_BP,WHIL,GO:0045637,regulation of myeloid cell differentiation,9,-0.18034285112115478,0.4687820140131024,0.3227677232276772,0.8514559823247387,False
GO_BP,WHIL,GO:0045639,positive regulation of myeloid cell differentiation,6,-0.6428672071206264,-0.22604044471829654,0.5593440655934406,0.8514559823247387,False
GO_BP,WHIL,GO:0045646,regulation of erythrocyte differentiation,6,-1.1681577667650405,-0.41295948873422517,0.6385361463853615,0.8514559823247387,False
GO_BP,WHIL,GO:0045648,positive regulation of erythrocyte differentiation,5,-0.8487326579412123,-0.2133168826334968,0.5552444755524447,0.8514559823247387,False
GO_BP,WHIL,GO:0045664,regulation of neuron differentiation,6,-0.798522526164774,-0.2679514071851432,0.5665433456654334,0.8514559823247387,False
GO_BP,WHIL,GO:0045667,regulation of osteoblast differentiation,7,-0.7896553979097413,-0.844820192945194,0.777022297770223,0.8827273318221848,False
GO_BP,WHIL,GO:0045732,positive regulation of protein catabolic process,14,-1.2531641418414272,-0.5422145016644547,0.660933906609339,0.8514559823247387,False
GO_BP,WHIL,GO:0045739,positive regulation of DNA repair,8,0.002078211329816059,-0.7420737185667269,0.7510248975102489,0.8741100523123514,False
GO_BP,WHIL,GO:0045744,negative regulation of G protein-coupled receptor signaling pathway,9,-0.6529476418959651,-1.8041310519950282,0.944005599440056,0.9724733007658953,False
GO_BP,WHIL,GO:0045745,positive regulation of G protein-coupled receptor signaling pathway,7,-0.21300403849047697,0.3319775345596129,0.3528647135286471,0.8514559823247387,False
GO_BP,WHIL,GO:0045761,regulation of adenylate cyclase activity,9,-1.3446620031996652,-0.33856982493006726,0.6056394360563944,0.8514559823247387,False
GO_BP,WHIL,GO:0045762,positive regulation of adenylate cyclase activity,7,-1.0234921014200529,0.2540579722377585,0.38966103389661033,0.8514559823247387,False
GO_BP,WHIL,GO:0045765,regulation of angiogenesis,21,0.8289430377299913,0.35702991414138135,0.36676332366763326,0.8514559823247387,False
GO_BP,WHIL,GO:0045766,positive regulation of angiogenesis,12,-0.5462016039318353,-0.9284357485992916,0.783021697830217,0.8844134891530151,False
GO_BP,WHIL,GO:0045776,negative regulation of blood pressure,7,-0.1069373241967928,0.008252746482359699,0.46485351464853514,0.8514559823247387,False
GO_BP,WHIL,GO:0045777,positive regulation of blood pressure,7,0.6004793780598221,0.8064951503027595,0.2455754424557544,0.8514559823247387,False
GO_BP,WHIL,GO:0045778,positive regulation of ossification,5,1.4642504332053345,0.608128231720801,0.273972602739726,0.8514559823247387,False
GO_BP,WHIL,GO:0045785,positive regulation of cell adhesion,27,-0.2813906109010209,0.68987978516248,0.27977202279772023,0.8514559823247387,False
GO_BP,WHIL,GO:0045786,negative regulation of cell cycle,7,-0.7473385224675434,-0.09019891467335095,0.5101489851014899,0.8514559823247387,False
GO_BP,WHIL,GO:0045787,positive regulation of cell cycle,23,-0.2967983154045759,1.3252129835352715,0.1434856514348565,0.8514559823247387,False
GO_BP,WHIL,GO:0045807,positive regulation of endocytosis,7,-1.2009551524379696,-0.14145734026010182,0.5192480751924807,0.8514559823247387,False
GO_BP,WHIL,GO:0045814,"negative regulation of gene expression, epigenetic",9,1.8160630794391583,0.27029563246678556,0.37506249375062495,0.8514559823247387,False
GO_BP,WHIL,GO:0045823,positive regulation of heart contraction,6,2.68131961859394,2.398065102855062,0.039696030396960305,0.8514559823247387,False
GO_BP,WHIL,GO:0045824,negative regulation of innate immune response,7,0.9177033891730176,1.398537670406884,0.11278872112788721,0.8514559823247387,False
GO_BP,WHIL,GO:0045833,negative regulation of lipid metabolic process,8,-0.3533404046789483,-2.4359179255923697,0.9815018498150185,0.9953242183893226,False
GO_BP,WHIL,GO:0045834,positive regulation of lipid metabolic process,19,-0.5695220098508766,-0.5297665100928589,0.652034796520348,0.8514559823247387,False
GO_BP,WHIL,GO:0045840,positive regulation of mitotic nuclear division,5,-0.10626411942826865,0.4852016369037536,0.3020697930206979,0.8514559823247387,False
GO_BP,WHIL,GO:0045859,regulation of protein kinase activity,11,0.7419424273811168,1.2188061585825956,0.1396860313968603,0.8514559823247387,False
GO_BP,WHIL,GO:0045860,positive regulation of protein kinase activity,10,-0.18037828258475705,0.7092660758810592,0.24477552244775522,0.8514559823247387,False
GO_BP,WHIL,GO:0045862,positive regulation of proteolysis,5,-0.5655505204671469,-0.26557269688367724,0.565943405659434,0.8514559823247387,False
GO_BP,WHIL,GO:0045892,negative regulation of DNA-templated transcription,49,0.34137188026721593,-0.8562715599450847,0.7563243675632437,0.8746185942705581,False
GO_BP,WHIL,GO:0045893,positive regulation of DNA-templated transcription,58,-0.9579890577520918,-1.3658265060033756,0.8669133086691331,0.9211501717341877,False
GO_BP,WHIL,GO:0045907,positive regulation of vasoconstriction,9,-0.8487962295009772,0.25165339613962145,0.37196280371962803,0.8514559823247387,False
GO_BP,WHIL,GO:0045913,positive regulation of carbohydrate metabolic process,7,-0.34087140785981795,0.9085966776622868,0.21197880211978803,0.8514559823247387,False
GO_BP,WHIL,GO:0045923,positive regulation of fatty acid metabolic process,6,-0.79987192948553,-0.5997126876504357,0.6779322067793221,0.8539237155845091,False
GO_BP,WHIL,GO:0045926,negative regulation of growth,7,-0.3480434214441815,-0.49659878407136276,0.6488351164883511,0.8514559823247387,False
GO_BP,WHIL,GO:0045927,positive regulation of growth,13,-0.03939061335938103,0.6714036983908226,0.27477252274772523,0.8514559823247387,False
GO_BP,WHIL,GO:0045931,positive regulation of mitotic cell cycle,12,-0.10718677048121936,1.3318110639141056,0.14058594140585942,0.8514559823247387,False
GO_BP,WHIL,GO:0045933,positive regulation of muscle contraction,9,0.08128879655047276,0.4925188130432187,0.30986901309869014,0.8514559823247387,False
GO_BP,WHIL,GO:0045934,negative regulation of nucleobase-containing compound metabolic process,56,-0.07028627386539853,-1.240417063757543,0.8463153684631537,0.9088471602587331,False
GO_BP,WHIL,GO:0045936,negative regulation of phosphate metabolic process,6,2.4452735093023756,2.177393849591749,0.047495250474952504,0.8514559823247387,False
GO_BP,WHIL,GO:0045937,positive regulation of phosphate metabolic process,22,-0.42099800642027957,1.3211689448264698,0.14478552144785523,0.8514559823247387,False
GO_BP,WHIL,GO:0045944,positive regulation of transcription by RNA polymerase II,44,-0.5735909390345924,-1.4037163854070633,0.8688131186881312,0.9220057586078126,False
GO_BP,WHIL,GO:0045981,positive regulation of nucleotide metabolic process,8,-1.231979659696523,-0.4373837124670752,0.6195380461953804,0.8514559823247387,False
GO_BP,WHIL,GO:0045987,positive regulation of smooth muscle contraction,6,-0.23592750377178442,0.36101470957029813,0.38116188381161886,0.8514559823247387,False
GO_BP,WHIL,GO:0046034,ATP metabolic process,7,0.0860883856749369,-0.49137270123862176,0.654034596540346,0.8514559823247387,False
GO_BP,WHIL,GO:0046149,pigment catabolic process,5,-0.961329131449781,-5.483889397312732,1.0,1.0,False
GO_BP,WHIL,GO:0046165,alcohol biosynthetic process,6,1.3216497445234754,-1.4965052650494342,0.9177082291770823,0.9524040944020898,False
GO_BP,WHIL,GO:0046209,nitric oxide metabolic process,7,-0.13836233601432676,0.5720380256779994,0.2723727627237276,0.8514559823247387,False
GO_BP,WHIL,GO:0046320,regulation of fatty acid oxidation,5,-0.822524556333843,-0.5375394521275445,0.6598340165983402,0.8514559823247387,False
GO_BP,WHIL,GO:0046328,regulation of JNK cascade,13,1.1707031466188091,1.778056215810928,0.0731926807319268,0.8514559823247387,False
GO_BP,WHIL,GO:0046330,positive regulation of JNK cascade,7,1.3673817139452389,1.5762296220211087,0.08459154084591541,0.8514559823247387,False
GO_BP,WHIL,GO:0046394,carboxylic acid biosynthetic process,26,-0.49087136223090644,-0.26135070896994006,0.5722427757224278,0.8514559823247387,False
GO_BP,WHIL,GO:0046395,carboxylic acid catabolic process,6,-0.0003595492955140133,0.263224054384718,0.39246075392460755,0.8514559823247387,False
GO_BP,WHIL,GO:0046425,regulation of receptor signaling pathway via JAK-STAT,7,0.6464010261068103,1.2083089554902706,0.1536846315368463,0.8514559823247387,False
GO_BP,WHIL,GO:0046427,positive regulation of receptor signaling pathway via JAK-STAT,6,-0.6938196202295736,-0.10283231303936102,0.5254474552544746,0.8514559823247387,False
GO_BP,WHIL,GO:0046434,organophosphate catabolic process,10,-1.1526841260818559,-0.6417244798592968,0.7085291470852915,0.8601598984070464,False
GO_BP,WHIL,GO:0046456,icosanoid biosynthetic process,11,-0.9505231682784511,-0.2947585036140027,0.5842415758424158,0.8514559823247387,False
GO_BP,WHIL,GO:0046457,prostanoid biosynthetic process,8,-0.8780727694627938,-0.18641127616070607,0.543045695430457,0.8514559823247387,False
GO_BP,WHIL,GO:0046461,neutral lipid catabolic process,5,-0.041486450761004115,-0.7570514593242627,0.726027397260274,0.8631638741129698,False
GO_BP,WHIL,GO:0046464,acylglycerol catabolic process,5,-0.041486450761004115,-0.7570514593242627,0.726027397260274,0.8631638741129698,False
GO_BP,WHIL,GO:0046486,glycerolipid metabolic process,11,0.21348201065673297,-0.44282582477553656,0.6463353664633537,0.8514559823247387,False
GO_BP,WHIL,GO:0046496,nicotinamide nucleotide metabolic process,6,-0.0759004122787044,-0.014537548012158147,0.47835216478352166,0.8514559823247387,False
GO_BP,WHIL,GO:0046503,glycerolipid catabolic process,6,-0.05710438585549569,-0.7133865106573151,0.7114288571142886,0.86156662470881,False
GO_BP,WHIL,GO:0046545,development of primary female sexual characteristics,5,0.615345462608239,1.0704464058633352,0.14308569143085692,0.8514559823247387,False
GO_BP,WHIL,GO:0046546,development of primary male sexual characteristics,5,-0.40246020600081067,-1.4218967868197505,0.8927107289271073,0.9363259102148953,False
GO_BP,WHIL,GO:0046618,xenobiotic export from cell,5,1.1151955086300416,1.2639089725347872,0.15128487151284872,0.8514559823247387,False
GO_BP,WHIL,GO:0046626,regulation of insulin receptor signaling pathway,7,3.4827142108203986,3.0314460257858817,0.011898810118988102,0.8514559823247387,False
GO_BP,WHIL,GO:0046649,lymphocyte activation,16,-0.19099201023657786,0.21995672731633747,0.40545945405459455,0.8514559823247387,False
GO_BP,WHIL,GO:0046660,female sex differentiation,5,0.615345462608239,1.0704464058633352,0.14308569143085692,0.8514559823247387,False
GO_BP,WHIL,GO:0046661,male sex differentiation,6,-0.06976679072310303,-1.1145664031723381,0.8341165883411659,0.9043845615438456,False
GO_BP,WHIL,GO:0046676,negative regulation of insulin secretion,5,-1.1499889630238287,-0.7204332294941643,0.7243275672432756,0.8631638741129698,False
GO_BP,WHIL,GO:0046683,response to organophosphorus,9,0.5698881498906809,0.705998354281824,0.25807419258074193,0.8514559823247387,False
GO_BP,WHIL,GO:0046718,symbiont entry into host cell,6,-1.369974347720412,-0.501744796431244,0.6613338666133387,0.8514559823247387,False
GO_BP,WHIL,GO:0046777,protein autophosphorylation,17,-1.0455688997744728,0.24947083312897633,0.39876012398760124,0.8514559823247387,False
GO_BP,WHIL,GO:0046822,regulation of nucleocytoplasmic transport,8,-0.9938198615739633,-0.36729698124932975,0.6059394060593941,0.8514559823247387,False
GO_BP,WHIL,GO:0046824,positive regulation of nucleocytoplasmic transport,8,-0.9938198615739633,-0.36729698124932975,0.6059394060593941,0.8514559823247387,False
GO_BP,WHIL,GO:0046883,regulation of hormone secretion,22,0.42475690166519864,0.5467504989595797,0.3073692630736926,0.8514559823247387,False
GO_BP,WHIL,GO:0046887,positive regulation of hormone secretion,10,0.36125160771680687,0.41086621751915975,0.3408659134086591,0.8514559823247387,False
GO_BP,WHIL,GO:0046888,negative regulation of hormone secretion,7,-1.027667703857464,-0.3770308543576526,0.6132386761323868,0.8514559823247387,False
GO_BP,WHIL,GO:0046889,positive regulation of lipid biosynthetic process,13,-0.1146640048044845,0.3567108497591139,0.3451654834516548,0.8514559823247387,False
GO_BP,WHIL,GO:0046890,regulation of lipid biosynthetic process,17,-0.12568973557444216,0.3289359782044673,0.36746325367463256,0.8514559823247387,False
GO_BP,WHIL,GO:0046902,regulation of mitochondrial membrane permeability,5,-1.1073350347279558,-0.8417586458341997,0.7653234676532347,0.8777990679991515,False
GO_BP,WHIL,GO:0046903,secretion,19,-0.37462272544805364,0.6910952488395248,0.25617438256174385,0.8514559823247387,False
GO_BP,WHIL,GO:0046907,intracellular transport,18,-0.862622873167463,-0.17636039335565779,0.531946805319468,0.8514559823247387,False
GO_BP,WHIL,GO:0046942,carboxylic acid transport,26,-0.5059624722808965,-1.6925744015380957,0.9209079092090791,0.9543509776568844,False
GO_BP,WHIL,GO:0048009,insulin-like growth factor receptor signaling pathway,6,0.12709453569309437,0.7459129548220012,0.22927707229277072,0.8514559823247387,False
GO_BP,WHIL,GO:0048010,vascular endothelial growth factor receptor signaling pathway,9,-1.011794592252429,0.19451629038857776,0.40815918408159185,0.8514559823247387,False
GO_BP,WHIL,GO:0048013,ephrin receptor signaling pathway,7,0.21682618726527222,1.4252048109755437,0.11388861113888611,0.8514559823247387,False
GO_BP,WHIL,GO:0048148,behavioral response to cocaine,6,-1.6922376137214727,-1.0125639445318564,0.7913208679132087,0.886088424650358,False
GO_BP,WHIL,GO:0048167,regulation of synaptic plasticity,16,-0.5170335496665266,-0.49976016959239844,0.6464353564643536,0.8514559823247387,False
GO_BP,WHIL,GO:0048168,regulation of neuronal synaptic plasticity,6,-0.5927164017428371,0.19592640051035537,0.39786021397860216,0.8514559823247387,False
GO_BP,WHIL,GO:0048169,regulation of long-term neuronal synaptic plasticity,5,-0.457259541132168,0.3400994457015372,0.34626537346265374,0.8514559823247387,False
GO_BP,WHIL,GO:0048259,regulation of receptor-mediated endocytosis,6,-0.4406887956034934,0.4318428672717921,0.3097690230976902,0.8514559823247387,False
GO_BP,WHIL,GO:0048285,organelle fission,6,0.07188392852218141,0.2570886539536745,0.36926307369263073,0.8514559823247387,False
GO_BP,WHIL,GO:0048384,retinoic acid receptor signaling pathway,5,-0.4079995955493135,-2.2446393824820494,0.9827017298270173,0.9953242183893226,False
GO_BP,WHIL,GO:0048468,cell development,52,-0.7076548767262502,-0.26498707370982544,0.5762423757624238,0.8514559823247387,False
GO_BP,WHIL,GO:0048469,cell maturation,5,-0.755006274978328,-1.0850433567148037,0.835916408359164,0.9046662901277439,False
GO_BP,WHIL,GO:0048511,rhythmic process,22,0.22315459393309406,-0.22547856600457683,0.5494450554944506,0.8514559823247387,False
GO_BP,WHIL,GO:0048513,animal organ development,90,-2.337947835197272,-2.4463188725085905,0.9784021597840216,0.9941211697327879,False
GO_BP,WHIL,GO:0048514,blood vessel morphogenesis,16,-0.9287304038375643,-0.42921229845858083,0.622937706229377,0.8514559823247387,False
GO_BP,WHIL,GO:0048519,negative regulation of biological process,183,-0.2526944555622209,-1.1870504547902319,0.8297170282971703,0.9027298107009384,False
GO_BP,WHIL,GO:0048520,positive regulation of behavior,5,-0.8628360266641334,-0.4404578691089608,0.635036496350365,0.8514559823247387,False
GO_BP,WHIL,GO:0048523,negative regulation of cellular process,178,-0.08339222286117569,-0.8109070415571796,0.7439256074392561,0.8721532054157469,False
GO_BP,WHIL,GO:0048545,response to steroid hormone,33,-1.1040878986336389,-2.4661748229384037,0.9789021097890211,0.9941974552544747,False
GO_BP,WHIL,GO:0048568,embryonic organ development,7,-0.2890212745761724,-2.035922288057804,0.9686031396860314,0.9880258704731096,False
GO_BP,WHIL,GO:0048583,regulation of response to stimulus,180,-1.47920961920843,-0.3119976737304253,0.6042395760423958,0.8514559823247387,False
GO_BP,WHIL,GO:0048584,positive regulation of response to stimulus,132,-1.9242868846211225,-0.31816691960199717,0.6033396660333966,0.8514559823247387,False
GO_BP,WHIL,GO:0048585,negative regulation of response to stimulus,84,-0.7477202472834307,-0.4629275230498077,0.647035296470353,0.8514559823247387,False
GO_BP,WHIL,GO:0048598,embryonic morphogenesis,8,-0.7200067023357491,0.18384997621192323,0.38446155384461556,0.8514559823247387,False
GO_BP,WHIL,GO:0048608,reproductive structure development,10,0.8703954117171492,0.6350651351797145,0.271972802719728,0.8514559823247387,False
GO_BP,WHIL,GO:0048609,multicellular organismal reproductive process,17,-0.3952192408515901,-0.8708832750124544,0.7616238376162384,0.8766354058150506,False
GO_BP,WHIL,GO:0048638,regulation of developmental growth,11,-0.04222186778681457,-0.23102756223433146,0.5512448755124487,0.8514559823247387,False
GO_BP,WHIL,GO:0048639,positive regulation of developmental growth,6,0.6977741345818231,0.472441113854021,0.3087691230876912,0.8514559823247387,False
GO_BP,WHIL,GO:0048646,anatomical structure formation involved in morphogenesis,16,-0.8016359561819805,-0.4387081297009352,0.6194380561943805,0.8514559823247387,False
GO_BP,WHIL,GO:0048660,regulation of smooth muscle cell proliferation,16,-0.8088296499849086,0.31371251483774865,0.3618638136186381,0.8514559823247387,False
GO_BP,WHIL,GO:0048661,positive regulation of smooth muscle cell proliferation,13,-0.6238634495639568,0.5286504737146733,0.28747125287471254,0.8514559823247387,False
GO_BP,WHIL,GO:0048666,neuron development,21,-0.057055824060435925,-0.4995338951708209,0.6466353364663534,0.8514559823247387,False
GO_BP,WHIL,GO:0048667,cell morphogenesis involved in neuron differentiation,8,0.34656283626720774,0.6317793236671111,0.26017398260173985,0.8514559823247387,False
GO_BP,WHIL,GO:0048678,response to axon injury,5,-0.37673795028428286,0.04715027410551115,0.44835516448355167,0.8514559823247387,False
GO_BP,WHIL,GO:0048699,generation of neurons,30,-0.750388918587993,-0.12058155180207575,0.5184481551844815,0.8514559823247387,False
GO_BP,WHIL,GO:0048708,astrocyte differentiation,6,0.11439918695023406,0.32281513337077133,0.3488651134886511,0.8514559823247387,False
GO_BP,WHIL,GO:0048729,tissue morphogenesis,7,-1.3075777729209521,-0.05867509908594193,0.4881511848815118,0.8514559823247387,False
GO_BP,WHIL,GO:0048731,system development,108,-1.4103754527648982,-1.271877104882444,0.8471152884711529,0.9088905542435448,False
GO_BP,WHIL,GO:0048732,gland development,19,-1.579205351549122,-1.8797765519766745,0.9453054694530547,0.9731697309811473,False
GO_BP,WHIL,GO:0048771,tissue remodeling,9,-0.8009173420384137,0.5471413720494342,0.2833716628337166,0.8514559823247387,False
GO_BP,WHIL,GO:0048812,neuron projection morphogenesis,10,0.18120804271129023,0.39157446833517573,0.34726527347265274,0.8514559823247387,False
GO_BP,WHIL,GO:0048856,anatomical structure development,139,-1.2617008601690705,-0.8751017297987174,0.7637236276372362,0.8771108165257093,False
GO_BP,WHIL,GO:0048858,cell projection morphogenesis,10,0.18120804271129023,0.39157446833517573,0.34726527347265274,0.8514559823247387,False
GO_BP,WHIL,GO:0048869,cellular developmental process,90,-0.2701836394045372,0.6354509351261644,0.30416958304169583,0.8514559823247387,False
GO_BP,WHIL,GO:0048870,cell motility,42,-1.6374620064677428,-0.35372281322248966,0.6017398260173983,0.8514559823247387,False
GO_BP,WHIL,GO:0048871,multicellular organismal-level homeostasis,27,-0.303766180322828,0.9273954611928066,0.21687831216878312,0.8514559823247387,False
GO_BP,WHIL,GO:0048872,homeostasis of number of cells,9,0.2034574027398901,1.016297922574871,0.1708829117088291,0.8514559823247387,False
GO_BP,WHIL,GO:0048878,chemical homeostasis,51,0.27969207980206523,0.45146403422294373,0.34956504349565043,0.8514559823247387,False
GO_BP,WHIL,GO:0048880,sensory system development,12,-1.8486821862456928,-0.7716541009470959,0.7506249375062494,0.8738618675445888,False
GO_BP,WHIL,GO:0050433,regulation of catecholamine secretion,11,-1.4414942068968855,-0.312355579203929,0.5947405259474052,0.8514559823247387,False
GO_BP,WHIL,GO:0050670,regulation of lymphocyte proliferation,7,0.1387240949481842,0.37725748156430405,0.34056594340565943,0.8514559823247387,False
GO_BP,WHIL,GO:0050671,positive regulation of lymphocyte proliferation,5,-0.7383054248877804,-0.31956427588799435,0.5875412458754125,0.8514559823247387,False
GO_BP,WHIL,GO:0050678,regulation of epithelial cell proliferation,18,-0.6997999742271913,0.24059109997659422,0.39916008399160086,0.8514559823247387,False
GO_BP,WHIL,GO:0050679,positive regulation of epithelial cell proliferation,14,-0.3383597275039158,0.7912694080099036,0.23497650234976503,0.8514559823247387,False
GO_BP,WHIL,GO:0050708,regulation of protein secretion,23,0.8170027847455015,1.0136972379259481,0.1952804719528047,0.8514559823247387,False
GO_BP,WHIL,GO:0050709,negative regulation of protein secretion,9,-0.9117407302642679,-0.029979130421813993,0.5085491450854914,0.8514559823247387,False
GO_BP,WHIL,GO:0050714,positive regulation of protein secretion,11,0.5073302718508017,0.5755882961309833,0.291970802919708,0.8514559823247387,False
GO_BP,WHIL,GO:0050727,regulation of inflammatory response,34,0.5897701737627364,1.4007806814607657,0.12918708129187081,0.8514559823247387,False
GO_BP,WHIL,GO:0050728,negative regulation of inflammatory response,16,0.7739478913362584,1.3727951709547632,0.1272872712728727,0.8514559823247387,False
GO_BP,WHIL,GO:0050729,positive regulation of inflammatory response,11,-0.3794301411124096,0.4839986926797063,0.3106689331066893,0.8514559823247387,False
GO_BP,WHIL,GO:0050730,regulation of peptidyl-tyrosine phosphorylation,5,0.5599023306982821,1.460774210364725,0.10088991100889912,0.8514559823247387,False
GO_BP,WHIL,GO:0050764,regulation of phagocytosis,6,-0.9231761514287479,-1.1161151422146525,0.8534146585341466,0.9114571089092324,False
GO_BP,WHIL,GO:0050767,regulation of neurogenesis,12,0.27552997947683394,-0.0740636635267925,0.5021497850214979,0.8514559823247387,False
GO_BP,WHIL,GO:0050769,positive regulation of neurogenesis,8,0.6548134654438829,0.46079388536351207,0.31566843315668436,0.8514559823247387,False
GO_BP,WHIL,GO:0050773,regulation of dendrite development,5,-0.7755423918824901,-0.47374099764221356,0.652034796520348,0.8514559823247387,False
GO_BP,WHIL,GO:0050776,regulation of immune response,51,0.5356153664541435,1.3103274164076906,0.14758524147585242,0.8514559823247387,False
GO_BP,WHIL,GO:0050777,negative regulation of immune response,12,-0.03151568906911263,0.5284742096120367,0.30396960303969606,0.8514559823247387,False
GO_BP,WHIL,GO:0050778,positive regulation of immune response,29,-0.644938112428556,0.3772817487550131,0.35936406359364065,0.8514559823247387,False
GO_BP,WHIL,GO:0050790,regulation of catalytic activity,28,-0.7230211906694937,0.4555405464274336,0.3321667833216678,0.8514559823247387,False
GO_BP,WHIL,GO:0050792,regulation of viral process,5,-0.27017065148434627,-1.5578225270419013,0.9197080291970803,0.9537410983031986,False
GO_BP,WHIL,GO:0050793,regulation of developmental process,89,-0.19980684396894177,-0.018065385898623332,0.5089491050894911,0.8514559823247387,False
GO_BP,WHIL,GO:0050795,regulation of behavior,14,-1.5537774457270643,-1.9456848581403159,0.9523047695230477,0.9771059687723737,False
GO_BP,WHIL,GO:0050796,regulation of insulin secretion,14,0.8569521132438319,0.94723422556438,0.204979502049795,0.8514559823247387,False
GO_BP,WHIL,GO:0050801,monoatomic ion homeostasis,26,0.9495154954751139,0.6960884258632363,0.26807319268073193,0.8514559823247387,False
GO_BP,WHIL,GO:0050803,regulation of synapse structure or activity,17,0.6825646489842906,0.6810244105348808,0.265973402659734,0.8514559823247387,False
GO_BP,WHIL,GO:0050804,modulation of chemical synaptic transmission,50,-1.668330641044891,-1.4862864167615424,0.8913108689131087,0.9356964707297777,False
GO_BP,WHIL,GO:0050805,negative regulation of synaptic transmission,10,-0.6016876741868481,0.3024278123269143,0.36676332366763326,0.8514559823247387,False
GO_BP,WHIL,GO:0050806,positive regulation of synaptic transmission,10,-0.760868935779065,-0.8452868671398821,0.7654234576542346,0.8777990679991515,False
GO_BP,WHIL,GO:0050807,regulation of synapse organization,17,0.6825646489842906,0.6810244105348808,0.265973402659734,0.8514559823247387,False
GO_BP,WHIL,GO:0050808,synapse organization,15,0.40970199069317426,0.08993616891393796,0.45165483451654836,0.8514559823247387,False
GO_BP,WHIL,GO:0050810,regulation of steroid biosynthetic process,5,1.3128317223645325,1.526188415630016,0.10568943105689431,0.8514559823247387,False
GO_BP,WHIL,GO:0050817,coagulation,16,-1.044530653273682,0.1750056517352414,0.4136586341365863,0.8514559823247387,False
GO_BP,WHIL,GO:0050818,regulation of coagulation,5,-0.8844368943467702,-0.08341507290696182,0.49655034496550343,0.8514559823247387,False
GO_BP,WHIL,GO:0050821,protein stabilization,8,-0.8483286556111979,-0.04003454649627425,0.4958504149585041,0.8514559823247387,False
GO_BP,WHIL,GO:0050848,regulation of calcium-mediated signaling,5,0.28622611435316037,0.08089503526915731,0.4350564943505649,0.8514559823247387,False
GO_BP,WHIL,GO:0050851,antigen receptor-mediated signaling pathway,10,-0.6415018899162351,-0.5451862136243729,0.6655334466553344,0.8533864520334556,False
GO_BP,WHIL,GO:0050852,T cell receptor signaling pathway,6,0.2680385175544292,-1.4518108126053426,0.8762123787621238,0.9254511244880927,False
GO_BP,WHIL,GO:0050854,regulation of antigen receptor-mediated signaling pathway,5,4.313949724407201,4.022376956538206,0.0013998600139986002,0.8514559823247387,False
GO_BP,WHIL,GO:0050858,negative regulation of antigen receptor-mediated signaling pathway,5,4.313949724407201,4.022376956538206,0.0013998600139986002,0.8514559823247387,False
GO_BP,WHIL,GO:0050863,regulation of T cell activation,14,1.4315617074215852,2.557067157349741,0.026197380261973803,0.8514559823247387,False
GO_BP,WHIL,GO:0050864,regulation of B cell activation,5,-0.891942832641631,-0.2715998588880204,0.5694430556944305,0.8514559823247387,False
GO_BP,WHIL,GO:0050865,regulation of cell activation,27,0.4747008266326213,1.7545716036122951,0.08189181081891811,0.8514559823247387,False
GO_BP,WHIL,GO:0050866,negative regulation of cell activation,11,2.4870753459599175,2.8753731032873633,0.018198180181981802,0.8514559823247387,False
GO_BP,WHIL,GO:0050867,positive regulation of cell activation,18,-0.18341362250889606,1.2625645543630717,0.1476852314768523,0.8514559823247387,False
GO_BP,WHIL,GO:0050868,negative regulation of T cell activation,5,2.9313212903149934,2.7892280026620666,0.017198280171982803,0.8514559823247387,False
GO_BP,WHIL,GO:0050870,positive regulation of T cell activation,11,0.6314245074034633,1.7766378175075328,0.07639236076392361,0.8514559823247387,False
GO_BP,WHIL,GO:0050871,positive regulation of B cell activation,5,-0.891942832641631,-0.2715998588880204,0.5694430556944305,0.8514559823247387,False
GO_BP,WHIL,GO:0050877,nervous system process,49,-0.8506558019640093,-0.4297784146561579,0.6335366463353664,0.8514559823247387,False
GO_BP,WHIL,GO:0050878,regulation of body fluid levels,25,-1.5182793307989977,-0.08942835775178559,0.5101489851014899,0.8514559823247387,False
GO_BP,WHIL,GO:0050890,cognition,25,-0.10773653334661566,0.17051277997056768,0.4236576342365763,0.8514559823247387,False
GO_BP,WHIL,GO:0050892,intestinal absorption,5,-0.8810290793491369,-2.0631183944687277,0.9657034296570343,0.9860296692843805,False
GO_BP,WHIL,GO:0050900,leukocyte migration,13,-1.3418132874923205,-0.9291767090260984,0.7834216578342166,0.8844383289601575,False
GO_BP,WHIL,GO:0050905,neuromuscular process,9,0.6229987897597097,0.37537832787014114,0.36836316368363164,0.8514559823247387,False
GO_BP,WHIL,GO:0050906,detection of stimulus involved in sensory perception,8,-0.4809282266260146,-0.8982416544554086,0.7864213578642136,0.8846608134575591,False
GO_BP,WHIL,GO:0050920,regulation of chemotaxis,16,0.11584332240048069,0.1527499524096081,0.42785721427857215,0.8514559823247387,False
GO_BP,WHIL,GO:0050921,positive regulation of chemotaxis,10,-0.20404200989119725,-0.4876046565395983,0.6366363363663634,0.8514559823247387,False
GO_BP,WHIL,GO:0050922,negative regulation of chemotaxis,5,1.3436256488319511,1.660257293003061,0.08819118088191182,0.8514559823247387,False
GO_BP,WHIL,GO:0050951,sensory perception of temperature stimulus,7,-1.3511630119532123,-1.9974288050770395,0.9543045695430457,0.9776934322326138,False
GO_BP,WHIL,GO:0050994,regulation of lipid catabolic process,8,-0.416088914817831,-0.013997320942579494,0.47805219478052197,0.8514559823247387,False
GO_BP,WHIL,GO:0050995,negative regulation of lipid catabolic process,5,-0.7092866205435501,0.0483748613688576,0.45445455454454553,0.8514559823247387,False
GO_BP,WHIL,GO:0051046,regulation of secretion,42,0.03541300268765633,0.7220313320875911,0.2726727327267273,0.8514559823247387,False
GO_BP,WHIL,GO:0051047,positive regulation of secretion,20,0.19313371576776306,0.3863812104874359,0.3641635836416358,0.8514559823247387,False
GO_BP,WHIL,GO:0051048,negative regulation of secretion,13,-1.038560663666185,-0.003439220967758061,0.49155084491550843,0.8514559823247387,False
GO_BP,WHIL,GO:0051049,regulation of transport,96,-0.4922509508274022,0.39123330575620685,0.37646235376462356,0.8514559823247387,False
GO_BP,WHIL,GO:0051050,positive regulation of transport,54,-0.913346849787748,-0.6006666167934394,0.6881311868813119,0.8571076066617682,False
GO_BP,WHIL,GO:0051051,negative regulation of transport,21,-1.5914246447422298,-0.4980331537666096,0.6488351164883511,0.8514559823247387,False
GO_BP,WHIL,GO:0051052,regulation of DNA metabolic process,27,1.218457078722532,0.531549280741495,0.3160683931606839,0.8514559823247387,False
GO_BP,WHIL,GO:0051053,negative regulation of DNA metabolic process,7,-0.8919945941406863,-0.18545583381808683,0.5442455754424558,0.8514559823247387,False
GO_BP,WHIL,GO:0051054,positive regulation of DNA metabolic process,19,-0.17057548920549195,0.0462136911667648,0.46085391460853914,0.8514559823247387,False
GO_BP,WHIL,GO:0051056,regulation of small GTPase mediated signal transduction,7,0.5137136742467379,1.6762674543705502,0.07889211078892111,0.8514559823247387,False
GO_BP,WHIL,GO:0051057,positive regulation of small GTPase mediated signal transduction,6,0.20144370296267236,1.2827938860056187,0.12108789121087891,0.8514559823247387,False
GO_BP,WHIL,GO:0051093,negative regulation of developmental process,35,0.7322457312582976,0.9349374015647567,0.2161783821617838,0.8514559823247387,False
GO_BP,WHIL,GO:0051094,positive regulation of developmental process,64,-1.7291701866862081,-1.6252241259270317,0.9054094590540946,0.9451945082030601,False
GO_BP,WHIL,GO:0051098,regulation of binding,5,0.3284954268296474,0.5849302435897883,0.2643735626437356,0.8514559823247387,False
GO_BP,WHIL,GO:0051128,regulation of cellular component organization,97,-0.5103163512604367,0.3663263378342234,0.38316168383161686,0.8514559823247387,False
GO_BP,WHIL,GO:0051129,negative regulation of cellular component organization,34,-0.1003867394157581,0.3901681607320118,0.36836316368363164,0.8514559823247387,False
GO_BP,WHIL,GO:0051130,positive regulation of cellular component organization,51,-0.9333872472226035,-0.35310232450533463,0.6034396560343965,0.8514559823247387,False
GO_BP,WHIL,GO:0051147,regulation of muscle cell differentiation,6,-0.6516753953817518,-0.8306799156775961,0.7633236676332367,0.8770819456232624,False
GO_BP,WHIL,GO:0051169,nuclear transport,5,-1.5418943547605914,-0.4411771609138575,0.6314368563143685,0.8514559823247387,False
GO_BP,WHIL,GO:0051174,regulation of phosphorus metabolic process,17,-1.096176020557049,-0.2236216551438568,0.5492450754924507,0.8514559823247387,False
GO_BP,WHIL,GO:0051179,localization,130,-2.0029534414937644,-2.5248648868803727,0.9802019798020198,0.9946542206143654,False
GO_BP,WHIL,GO:0051222,positive regulation of protein transport,21,-0.29019324361445753,-0.07547274264822332,0.49995000499950004,0.8514559823247387,False
GO_BP,WHIL,GO:0051223,regulation of protein transport,35,0.6240909720472603,0.7430352921400032,0.2633736626337366,0.8514559823247387,False
GO_BP,WHIL,GO:0051224,negative regulation of protein transport,9,-0.9117407302642679,-0.029979130421813993,0.5085491450854914,0.8514559823247387,False
GO_BP,WHIL,GO:0051225,spindle assembly,6,-1.008649263932071,-0.1777675972468168,0.5346465353464653,0.8514559823247387,False
GO_BP,WHIL,GO:0051234,establishment of localization,121,-1.7906292626480533,-2.6400111514019065,0.9862013798620138,0.9966362465459349,False
GO_BP,WHIL,GO:0051239,regulation of multicellular organismal process,153,-0.8701194195812006,0.5722853350128431,0.32126787321267875,0.8514559823247387,False
GO_BP,WHIL,GO:0051240,positive regulation of multicellular organismal process,100,-1.1892964803177557,-0.13462727680498587,0.5395460453954605,0.8514559823247387,False
GO_BP,WHIL,GO:0051241,negative regulation of multicellular organismal process,55,-0.3133068960169197,0.8557427223499019,0.24537546245375463,0.8514559823247387,False
GO_BP,WHIL,GO:0051246,regulation of protein metabolic process,60,0.11774141541498065,1.1775200520853097,0.17368263173682633,0.8514559823247387,False
GO_BP,WHIL,GO:0051247,positive regulation of protein metabolic process,39,-0.824152095617607,0.053179500793976486,0.46355364463553644,0.8514559823247387,False
GO_BP,WHIL,GO:0051248,negative regulation of protein metabolic process,24,0.511234111316832,1.413176157135129,0.12478752124787522,0.8514559823247387,False
GO_BP,WHIL,GO:0051249,regulation of lymphocyte activation,20,0.4646827732538415,1.8034338829524246,0.07679232076792321,0.8514559823247387,False
GO_BP,WHIL,GO:0051250,negative regulation of lymphocyte activation,5,2.9313212903149934,2.7892280026620666,0.017198280171982803,0.8514559823247387,False
GO_BP,WHIL,GO:0051251,positive regulation of lymphocyte activation,17,-0.21687659678638224,1.139453837613635,0.16468353164683533,0.8514559823247387,False
GO_BP,WHIL,GO:0051252,regulation of RNA metabolic process,87,-0.14000509080527831,-1.2869908742308418,0.8527147285271472,0.9113279126529,False
GO_BP,WHIL,GO:0051253,negative regulation of RNA metabolic process,52,0.1801535636340492,-0.9958639822122552,0.7914208579142086,0.886088424650358,False
GO_BP,WHIL,GO:0051254,positive regulation of RNA metabolic process,59,-0.7740202191789356,-1.1451325148479898,0.8218178182181782,0.9011742234814215,False
GO_BP,WHIL,GO:0051259,protein complex oligomerization,9,-0.18346783025110897,-1.0307045736845817,0.8124187581241876,0.897600261205302,False
GO_BP,WHIL,GO:0051260,protein homooligomerization,9,-0.18346783025110897,-1.0307045736845817,0.8124187581241876,0.897600261205302,False
GO_BP,WHIL,GO:0051276,chromosome organization,13,2.296586935791468,1.2482295277919258,0.15108489151084892,0.8514559823247387,False
GO_BP,WHIL,GO:0051279,regulation of release of sequestered calcium ion into cytosol,6,-0.6864239470513145,-1.7764951174790964,0.9408059194080592,0.9696039865293365,False
GO_BP,WHIL,GO:0051302,regulation of cell division,11,0.4214849780968283,1.1053861072187217,0.17998200179982002,0.8514559823247387,False
GO_BP,WHIL,GO:0051338,regulation of transferase activity,13,0.18429721926264794,0.6415228334401669,0.2642735726427357,0.8514559823247387,False
GO_BP,WHIL,GO:0051349,positive regulation of lyase activity,7,-1.0234921014200529,0.2540579722377585,0.38966103389661033,0.8514559823247387,False
GO_BP,WHIL,GO:0051384,response to glucocorticoid,13,-0.8922476276438397,-2.778472941667585,0.9896010398960104,0.9980784867249709,False
GO_BP,WHIL,GO:0051402,neuron apoptotic process,5,-0.43072282239923965,-0.0360682442094965,0.49255074492550743,0.8514559823247387,False
GO_BP,WHIL,GO:0051481,negative regulation of cytosolic calcium ion concentration,5,0.38017562281717443,1.0445797288965193,0.1999800019998,0.8514559823247387,False
GO_BP,WHIL,GO:0051493,regulation of cytoskeleton organization,21,1.1626539858244949,0.9433647885183031,0.1984801519848015,0.8514559823247387,False
GO_BP,WHIL,GO:0051494,negative regulation of cytoskeleton organization,5,0.8162514256649358,1.3562895102227666,0.12968703129687031,0.8514559823247387,False
GO_BP,WHIL,GO:0051495,positive regulation of cytoskeleton organization,9,1.077025988136375,0.46707439342871193,0.31026897310268975,0.8514559823247387,False
GO_BP,WHIL,GO:0051580,regulation of neurotransmitter uptake,5,-0.4215373749273163,-0.8852613402042071,0.7896210378962104,0.8851320855938358,False
GO_BP,WHIL,GO:0051588,regulation of neurotransmitter transport,7,-0.3583409166100241,-0.7465099485023761,0.7384261573842615,0.8698299563449141,False
GO_BP,WHIL,GO:0051591,response to cAMP,6,1.1233419000647875,1.7555723618754442,0.0714928507149285,0.8514559823247387,False
GO_BP,WHIL,GO:0051604,protein maturation,15,-0.5782023245718022,-0.31518111432944734,0.601939806019398,0.8514559823247387,False
GO_BP,WHIL,GO:0051606,detection of stimulus,10,-0.43863471313763047,-1.0077865992277149,0.8089191080891911,0.896457832312909,False
GO_BP,WHIL,GO:0051607,defense response to virus,11,-1.3831685588520128,-2.1612462531362606,0.9722027797220278,0.9901869443088336,False
GO_BP,WHIL,GO:0051640,organelle localization,9,-0.052810183605625116,-0.12128029090187677,0.5109489051094891,0.8514559823247387,False
GO_BP,WHIL,GO:0051641,cellular localization,35,-1.5609427889192877,-0.01886962232665157,0.49495050494950504,0.8514559823247387,False
GO_BP,WHIL,GO:0051649,establishment of localization in cell,27,-1.5232198634822518,-0.5254083030305554,0.6561343865613438,0.8514559823247387,False
GO_BP,WHIL,GO:0051656,establishment of organelle localization,8,-0.04674358990117601,-0.18281386387765686,0.5355464453554645,0.8514559823247387,False
GO_BP,WHIL,GO:0051668,localization within membrane,6,-0.06337103192101641,0.8263695048318171,0.22247775222477753,0.8514559823247387,False
GO_BP,WHIL,GO:0051701,biological process involved in interaction with host,7,-1.7190923470359842,-0.8845729490075682,0.7803219678032197,0.8841506943206937,False
GO_BP,WHIL,GO:0051707,response to other organism,53,-0.6584651781689307,-0.6963998442706042,0.7153284671532847,0.863001957670695,False
GO_BP,WHIL,GO:0051726,regulation of cell cycle,37,-0.775579497214608,1.0822285372168492,0.1867813218678132,0.8514559823247387,False
GO_BP,WHIL,GO:0051781,positive regulation of cell division,7,0.3444680954114544,0.7187109664179236,0.25947405259474055,0.8514559823247387,False
GO_BP,WHIL,GO:0051783,regulation of nuclear division,8,-0.35095711638622196,0.4189729635073167,0.34106589341065896,0.8514559823247387,False
GO_BP,WHIL,GO:0051785,positive regulation of nuclear division,6,-0.2664371914611496,0.28863430951276875,0.37336266373362664,0.8514559823247387,False
GO_BP,WHIL,GO:0051881,regulation of mitochondrial membrane potential,10,0.32484171307569204,0.37916641304072146,0.3451654834516548,0.8514559823247387,False
GO_BP,WHIL,GO:0051893,regulation of focal adhesion assembly,8,0.3425578337836598,1.39955675323269,0.1110888911108889,0.8514559823247387,False
GO_BP,WHIL,GO:0051896,regulation of phosphatidylinositol 3-kinase/protein kinase B signal transduction,35,0.5202310710929937,2.119749875686946,0.0484951504849515,0.8514559823247387,False
GO_BP,WHIL,GO:0051897,positive regulation of phosphatidylinositol 3-kinase/protein kinase B signal transduction,29,0.3141624215688497,2.2868347642310636,0.0380961903809619,0.8514559823247387,False
GO_BP,WHIL,GO:0051898,negative regulation of phosphatidylinositol 3-kinase/protein kinase B signal transduction,6,0.5722773299860869,0.4931951837026483,0.29957004299570045,0.8514559823247387,False
GO_BP,WHIL,GO:0051899,membrane depolarization,8,-0.432270849934504,-1.4030458906476972,0.897010298970103,0.9391517224116513,False
GO_BP,WHIL,GO:0051924,regulation of calcium ion transport,17,-0.8737169562078376,-0.8488585538334227,0.7584241575842415,0.8746185942705581,False
GO_BP,WHIL,GO:0051928,positive regulation of calcium ion transport,6,-0.35507300103966466,-1.478232823328967,0.9005099490050995,0.9415506963933941,False
GO_BP,WHIL,GO:0051930,regulation of sensory perception of pain,5,0.20724806165424353,0.21234811252921584,0.41315868413158685,0.8514559823247387,False
GO_BP,WHIL,GO:0051931,regulation of sensory perception,5,0.20724806165424353,0.21234811252921584,0.41315868413158685,0.8514559823247387,False
GO_BP,WHIL,GO:0051952,regulation of amine transport,13,-1.3755827895953407,-0.1495805750398127,0.538046195380462,0.8514559823247387,False
GO_BP,WHIL,GO:0051953,negative regulation of amine transport,5,-0.6612675952864909,0.026810082453648465,0.46925307469253075,0.8514559823247387,False
GO_BP,WHIL,GO:0051960,regulation of nervous system development,14,0.3475495030132598,-0.40833828882191026,0.6213378662133786,0.8514559823247387,False
GO_BP,WHIL,GO:0051961,negative regulation of nervous system development,5,-0.49896447075106676,-1.5505789938093033,0.9096090390960904,0.9481002901936978,False
GO_BP,WHIL,GO:0051962,positive regulation of nervous system development,9,0.7466420923247487,0.37846912941769845,0.34236576342365765,0.8514559823247387,False
GO_BP,WHIL,GO:0051963,regulation of synapse assembly,8,0.7317669232971615,0.2008656258178092,0.39956004399560047,0.8514559823247387,False
GO_BP,WHIL,GO:0051966,"regulation of synaptic transmission, glutamatergic",14,-1.8182403942606487,-1.558545376829822,0.9056094390560944,0.9451945082030601,False
GO_BP,WHIL,GO:0051967,"negative regulation of synaptic transmission, glutamatergic",5,-0.9289723710662162,-0.24714142332685451,0.5606439356064393,0.8514559823247387,False
GO_BP,WHIL,GO:0051983,regulation of chromosome segregation,6,-0.6397713153229446,-0.03686216927769659,0.49125087491250874,0.8514559823247387,False
GO_BP,WHIL,GO:0055074,calcium ion homeostasis,17,-0.7028478330719001,-0.8874997967780734,0.7676232376762324,0.8787413464859231,False
GO_BP,WHIL,GO:0055080,monoatomic cation homeostasis,24,0.5862620549032033,0.2829574038824353,0.38966103389661033,0.8514559823247387,False
GO_BP,WHIL,GO:0055082,intracellular chemical homeostasis,28,1.4177224780808695,1.487195146894981,0.10988901109889011,0.8514559823247387,False
GO_BP,WHIL,GO:0055085,transmembrane transport,50,-1.7052834013292377,-3.4130834176022007,0.9979002099790021,1.0,False
GO_BP,WHIL,GO:0055086,nucleobase-containing small molecule metabolic process,18,-0.6446141810501645,0.3182069641730805,0.38636136386361364,0.8514559823247387,False
GO_BP,WHIL,GO:0055088,lipid homeostasis,10,0.07956354906659847,0.0802827209736251,0.45755424457554245,0.8514559823247387,False
GO_BP,WHIL,GO:0055092,sterol homeostasis,7,0.6873975630344804,0.6985982809442847,0.2723727627237276,0.8514559823247387,False
GO_BP,WHIL,GO:0055094,response to lipoprotein particle,6,-1.0804864014677207,-0.7500811715600402,0.7289271072892711,0.8649540725440641,False
GO_BP,WHIL,GO:0055117,regulation of cardiac muscle contraction,9,-0.5415118166548619,0.28622213944492947,0.3768623137686231,0.8514559823247387,False
GO_BP,WHIL,GO:0060047,heart contraction,5,-0.07663647302669138,-0.6061834780999514,0.7026297370262974,0.8574464587439561,False
GO_BP,WHIL,GO:0060048,cardiac muscle contraction,5,-0.07663647302669138,-0.6061834780999514,0.7026297370262974,0.8574464587439561,False
GO_BP,WHIL,GO:0060078,regulation of postsynaptic membrane potential,20,-2.367769112764646,-1.5529899401184157,0.9094090590940906,0.9481002901936978,False
GO_BP,WHIL,GO:0060079,excitatory postsynaptic potential,12,-1.6730241284709275,-1.1839079972854751,0.8482151784821518,0.9090285479461206,False
GO_BP,WHIL,GO:0060249,anatomical structure homeostasis,9,0.5988167522229115,0.8579541529857324,0.2156784321567843,0.8514559823247387,False
GO_BP,WHIL,GO:0060255,regulation of macromolecule metabolic process,160,0.7757173971921874,0.13293648845524508,0.46755324467553244,0.8514559823247387,False
GO_BP,WHIL,GO:0060284,regulation of cell development,28,-0.710785143883156,0.025756110880894578,0.47465253474652536,0.8514559823247387,False
GO_BP,WHIL,GO:0060322,head development,19,-1.3441306374007786,-1.1458998712302515,0.8334166583341666,0.9043334015775328,False
GO_BP,WHIL,GO:0060326,cell chemotaxis,15,-1.0884719291152716,-1.0849671759473798,0.8243175682431757,0.9015832824566177,False
GO_BP,WHIL,GO:0060338,regulation of type I interferon-mediated signaling pathway,5,4.49887048855479,3.9674483797288502,0.0021997800219978004,0.8514559823247387,False
GO_BP,WHIL,GO:0060341,regulation of cellular localization,27,0.22458045053404307,0.4943220638062211,0.3220677932206779,0.8514559823247387,False
GO_BP,WHIL,GO:0060348,bone development,5,-0.672201386409983,0.5809456581443404,0.2910708929107089,0.8514559823247387,False
GO_BP,WHIL,GO:0060416,response to growth hormone,5,-0.22348777951417956,0.2676332419243591,0.36996300369963003,0.8514559823247387,False
GO_BP,WHIL,GO:0060429,epithelium development,27,-2.150818969209301,0.17796721005278338,0.42355764423557646,0.8514559823247387,False
GO_BP,WHIL,GO:0060491,regulation of cell projection assembly,6,-0.5190939550405057,-0.02624191071233345,0.46965303469653036,0.8514559823247387,False
GO_BP,WHIL,GO:0060627,regulation of vesicle-mediated transport,13,-0.3524030467216043,0.7875485349476007,0.23657634236576341,0.8514559823247387,False
GO_BP,WHIL,GO:0060759,regulation of response to cytokine stimulus,15,1.910033264658175,2.2872911345694673,0.0397960203979602,0.8514559823247387,False
GO_BP,WHIL,GO:0060760,positive regulation of response to cytokine stimulus,5,-0.7702549269454931,-0.02186633370789326,0.4791520847915208,0.8514559823247387,False
GO_BP,WHIL,GO:0060761,negative regulation of response to cytokine stimulus,6,0.982439850062307,1.4443097764741455,0.10628937106289371,0.8514559823247387,False
GO_BP,WHIL,GO:0060828,regulation of canonical Wnt signaling pathway,11,-0.6221812364627235,-0.13074771895437098,0.5103489651034897,0.8514559823247387,False
GO_BP,WHIL,GO:0061008,hepaticobiliary system development,8,-0.960800925126516,-2.4586234655484187,0.9845015498450155,0.9957785289117511,False
GO_BP,WHIL,GO:0061013,regulation of mRNA catabolic process,6,-0.695993817698528,-0.3022819471868985,0.5869413058694131,0.8514559823247387,False
GO_BP,WHIL,GO:0061024,membrane organization,15,-0.4490962252430361,0.3179053855966197,0.37866213378662134,0.8514559823247387,False
GO_BP,WHIL,GO:0061041,regulation of wound healing,11,-0.8035337191016729,-0.2679264098725894,0.5706429357064293,0.8514559823247387,False
GO_BP,WHIL,GO:0061045,negative regulation of wound healing,6,-0.7229075261552105,-0.008213932505547916,0.47795220477952205,0.8514559823247387,False
GO_BP,WHIL,GO:0061136,regulation of proteasomal protein catabolic process,11,-1.9596817691613473,-1.5433169587947206,0.9123087691230877,0.9496391401322296,False
GO_BP,WHIL,GO:0061337,cardiac conduction,5,-0.8523297341224738,-0.34197769877632733,0.6146385361463854,0.8514559823247387,False
GO_BP,WHIL,GO:0061458,reproductive system development,10,0.8703954117171492,0.6350651351797145,0.271972802719728,0.8514559823247387,False
GO_BP,WHIL,GO:0061564,axon development,11,0.8558702018247428,0.7835089014759643,0.22377762223777622,0.8514559823247387,False
GO_BP,WHIL,GO:0061919,process utilizing autophagic mechanism,8,-0.2162303968229929,0.09168281432152081,0.42945705429457054,0.8514559823247387,False
GO_BP,WHIL,GO:0062012,regulation of small molecule metabolic process,29,-0.3599681672897305,-1.1073189098473832,0.8161183881611839,0.898690366257492,False
GO_BP,WHIL,GO:0062013,positive regulation of small molecule metabolic process,19,-0.3742682065013485,0.6365567744774019,0.2910708929107089,0.8514559823247387,False
GO_BP,WHIL,GO:0062014,negative regulation of small molecule metabolic process,7,-0.5325131052098233,-2.625154891954948,0.9878012198780122,0.997391522983624,False
GO_BP,WHIL,GO:0062197,cellular response to chemical stress,25,-0.21624805860503724,0.451523249903408,0.33266673332666735,0.8514559823247387,False
GO_BP,WHIL,GO:0062207,regulation of pattern recognition receptor signaling pathway,15,-0.835278860713457,0.7502916691931577,0.2538746125387461,0.8514559823247387,False
GO_BP,WHIL,GO:0062208,positive regulation of pattern recognition receptor signaling pathway,5,-0.43436422908375366,0.5568625068781285,0.2528747125287471,0.8514559823247387,False
GO_BP,WHIL,GO:0065003,protein-containing complex assembly,21,-0.6214363350781726,-1.2254465593323172,0.8473152684731526,0.9088905542435448,False
GO_BP,WHIL,GO:0065008,regulation of biological quality,173,-1.290924732374726,-1.8805481749166155,0.9345065493450655,0.9645924051475778,False
GO_BP,WHIL,GO:0065009,regulation of molecular function,35,-0.34737889365330343,1.0778858817073131,0.18518148185181482,0.8514559823247387,False
GO_BP,WHIL,GO:0070098,chemokine-mediated signaling pathway,6,-0.3212586734172552,0.46422968947941645,0.31956804319568044,0.8514559823247387,False
GO_BP,WHIL,GO:0070141,response to UV-A,6,-0.7902635862848797,0.3743672246130445,0.33336666333366666,0.8514559823247387,False
GO_BP,WHIL,GO:0070167,regulation of biomineral tissue development,5,-0.38800198970927857,-1.1468057875300643,0.8486151384861513,0.9090285479461206,False
GO_BP,WHIL,GO:0070201,regulation of establishment of protein localization,38,0.8845201485958808,1.0899188190531641,0.18668133186681332,0.8514559823247387,False
GO_BP,WHIL,GO:0070252,actin-mediated cell contraction,5,-0.07663647302669138,-0.6061834780999514,0.7026297370262974,0.8574464587439561,False
GO_BP,WHIL,GO:0070293,renal absorption,6,-0.36579762688949236,0.03231707886322033,0.45385461453854614,0.8514559823247387,False
GO_BP,WHIL,GO:0070301,cellular response to hydrogen peroxide,8,-0.9938188957041791,-0.4161320315703312,0.6481351864813518,0.8514559823247387,False
GO_BP,WHIL,GO:0070372,regulation of ERK1 and ERK2 cascade,33,2.302337945421657,2.872672324582776,0.014798520147985201,0.8514559823247387,False
GO_BP,WHIL,GO:0070373,negative regulation of ERK1 and ERK2 cascade,5,3.582190563641589,3.0110830391830543,0.014798520147985201,0.8514559823247387,False
GO_BP,WHIL,GO:0070374,positive regulation of ERK1 and ERK2 cascade,25,0.4636912307824938,1.1012816084443704,0.16898310168983102,0.8514559823247387,False
GO_BP,WHIL,GO:0070482,response to oxygen levels,29,0.0886656475628836,1.0416237034877618,0.198980101989801,0.8514559823247387,False
GO_BP,WHIL,GO:0070507,regulation of microtubule cytoskeleton organization,9,0.5322868980798894,0.17818428776161116,0.40245975402459755,0.8514559823247387,False
GO_BP,WHIL,GO:0070542,response to fatty acid,8,1.4362811265382653,1.9685849557242028,0.058894110588941104,0.8514559823247387,False
GO_BP,WHIL,GO:0070555,response to interleukin-1,9,-0.9703193624552603,-0.636894348713464,0.6855314468553144,0.8564379499133531,False
GO_BP,WHIL,GO:0070588,calcium ion transmembrane transport,10,-0.7476815006913452,-0.9431394478812686,0.7967203279672033,0.888832213322172,False
GO_BP,WHIL,GO:0070633,transepithelial transport,5,-0.2135528002384486,-0.15332015406670213,0.5307469253074693,0.8514559823247387,False
GO_BP,WHIL,GO:0070647,protein modification by small protein conjugation or removal,13,-0.44358077237284144,-2.87523905384596,0.9914008599140086,0.9988710493859119,False
GO_BP,WHIL,GO:0070663,regulation of leukocyte proliferation,10,0.7109075469196607,1.1358789788908523,0.1598840115988401,0.8514559823247387,False
GO_BP,WHIL,GO:0070665,positive regulation of leukocyte proliferation,7,-0.05287232276505731,0.4189858002851568,0.32456754324567544,0.8514559823247387,False
GO_BP,WHIL,GO:0070741,response to interleukin-6,5,-1.1312038454616022,-0.2500751037156259,0.5604439556044396,0.8514559823247387,False
GO_BP,WHIL,GO:0070828,heterochromatin organization,8,2.0664517149941033,0.4063179204804812,0.32966703329667035,0.8514559823247387,False
GO_BP,WHIL,GO:0070848,response to growth factor,35,0.5403978715015517,0.7296441021679849,0.27107289271072893,0.8514559823247387,False
GO_BP,WHIL,GO:0070849,response to epidermal growth factor,8,1.2897575091299793,2.293360376578212,0.047795220477952205,0.8514559823247387,False
GO_BP,WHIL,GO:0070887,cellular response to chemical stimulus,181,-0.34004257825990786,-1.3169263666987674,0.8534146585341466,0.9114571089092324,False
GO_BP,WHIL,GO:0070925,organelle assembly,11,-0.23886022651300276,-1.3646931697962836,0.8829117088291171,0.9314758334806736,False
GO_BP,WHIL,GO:0070988,demethylation,6,0.33445233868523366,-0.17043952803334433,0.5302469753024698,0.8514559823247387,False
GO_BP,WHIL,GO:0070989,oxidative demethylation,6,0.33445233868523366,-0.17043952803334433,0.5302469753024698,0.8514559823247387,False
GO_BP,WHIL,GO:0071071,regulation of phospholipid biosynthetic process,5,0.40480168275059863,0.3906495726321339,0.33636636336366366,0.8514559823247387,False
GO_BP,WHIL,GO:0071073,positive regulation of phospholipid biosynthetic process,5,0.40480168275059863,0.3906495726321339,0.33636636336366366,0.8514559823247387,False
GO_BP,WHIL,GO:0071214,cellular response to abiotic stimulus,19,0.5355233609335223,0.9962695462442948,0.19338066193380662,0.8514559823247387,False
GO_BP,WHIL,GO:0071216,cellular response to biotic stimulus,20,0.2775311331963295,-0.4745469291276818,0.6417358264173583,0.8514559823247387,False
GO_BP,WHIL,GO:0071219,cellular response to molecule of bacterial origin,19,0.4792912182656104,-0.5289258101419234,0.6607339266073393,0.8514559823247387,False
GO_BP,WHIL,GO:0071222,cellular response to lipopolysaccharide,18,-0.4876253473889412,-1.1143695290110394,0.8224177582241776,0.9011742234814215,False
GO_BP,WHIL,GO:0071229,cellular response to acid chemical,8,-0.20265955372913302,0.5222638128879146,0.2762723727627237,0.8514559823247387,False
GO_BP,WHIL,GO:0071230,cellular response to amino acid stimulus,7,-0.5158016034049078,0.17389898891895994,0.40155984401559847,0.8514559823247387,False
GO_BP,WHIL,GO:0071248,cellular response to metal ion,10,-0.15565313992166488,0.1973800919183167,0.41055894410558946,0.8514559823247387,False
GO_BP,WHIL,GO:0071300,cellular response to retinoic acid,5,-1.0261436116831057,-0.98381303414005,0.829017098290171,0.9026055533981485,False
GO_BP,WHIL,GO:0071312,cellular response to alkaloid,5,-0.45637663545749624,-0.9793474745206436,0.8161183881611839,0.898690366257492,False
GO_BP,WHIL,GO:0071322,cellular response to carbohydrate stimulus,5,-0.4857073756439818,-0.3999855702609536,0.6323367663233677,0.8514559823247387,False
GO_BP,WHIL,GO:0071326,cellular response to monosaccharide stimulus,5,-0.4857073756439818,-0.3999855702609536,0.6323367663233677,0.8514559823247387,False
GO_BP,WHIL,GO:0071331,cellular response to hexose stimulus,5,-0.4857073756439818,-0.3999855702609536,0.6323367663233677,0.8514559823247387,False
GO_BP,WHIL,GO:0071345,cellular response to cytokine stimulus,30,-1.1941769637954989,-0.5058422696342768,0.6548345165483451,0.8514559823247387,False
GO_BP,WHIL,GO:0071347,cellular response to interleukin-1,5,-0.8146750838555264,-1.458847746614833,0.9074092590740926,0.946439788827001,False
GO_BP,WHIL,GO:0071354,cellular response to interleukin-6,5,-1.1312038454616022,-0.2500751037156259,0.5604439556044396,0.8514559823247387,False
GO_BP,WHIL,GO:0071356,cellular response to tumor necrosis factor,6,-0.819099718635602,-2.016583690823385,0.9702029797020298,0.9890110967121541,False
GO_BP,WHIL,GO:0071363,cellular response to growth factor stimulus,34,0.23709647828614153,0.38713512687076174,0.36446355364463556,0.8514559823247387,False
GO_BP,WHIL,GO:0071364,cellular response to epidermal growth factor stimulus,7,0.8868398552606546,1.9742047878621558,0.060993900609939006,0.8514559823247387,False
GO_BP,WHIL,GO:0071375,cellular response to peptide hormone stimulus,30,0.6244797517230463,1.189852955325801,0.1638836116388361,0.8514559823247387,False
GO_BP,WHIL,GO:0071383,cellular response to steroid hormone stimulus,22,-0.9825736371566489,-3.0825644824316125,0.9965003499650035,1.0,False
GO_BP,WHIL,GO:0071384,cellular response to corticosteroid stimulus,6,-0.31180911739177763,-2.582298652934165,0.9858014198580142,0.9966362465459349,False
GO_BP,WHIL,GO:0071385,cellular response to glucocorticoid stimulus,5,-0.5098762679113178,-2.9602666895423497,0.9933006699330067,0.9997090613519293,False
GO_BP,WHIL,GO:0071396,cellular response to lipid,52,-1.0094391335365744,-2.4862169494921185,0.9824017598240176,0.9953242183893226,False
GO_BP,WHIL,GO:0071398,cellular response to fatty acid,5,1.531447329887956,1.9940593714311028,0.058894110588941104,0.8514559823247387,False
GO_BP,WHIL,GO:0071402,cellular response to lipoprotein particle stimulus,6,-1.0804864014677207,-0.7500811715600402,0.7289271072892711,0.8649540725440641,False
GO_BP,WHIL,GO:0071404,cellular response to low-density lipoprotein particle stimulus,6,-1.0804864014677207,-0.7500811715600402,0.7289271072892711,0.8649540725440641,False
GO_BP,WHIL,GO:0071453,cellular response to oxygen levels,11,1.2138678438644528,1.4486444595808656,0.11918808119188082,0.8514559823247387,False
GO_BP,WHIL,GO:0071456,cellular response to hypoxia,11,1.2138678438644528,1.4486444595808656,0.11918808119188082,0.8514559823247387,False
GO_BP,WHIL,GO:0071466,cellular response to xenobiotic stimulus,37,0.44290682989239927,-1.351685440714354,0.8701129887011299,0.9231758755659233,False
GO_BP,WHIL,GO:0071478,cellular response to radiation,10,-0.7115062467677548,0.010921852488351425,0.47225277472252775,0.8514559823247387,False
GO_BP,WHIL,GO:0071482,cellular response to light stimulus,10,-0.7115062467677548,0.010921852488351425,0.47225277472252775,0.8514559823247387,False
GO_BP,WHIL,GO:0071495,cellular response to endogenous stimulus,75,0.7246656470187686,-1.3830240897813844,0.8685131486851315,0.9218964699129997,False
GO_BP,WHIL,GO:0071498,cellular response to fluid shear stress,6,-0.047447510940892515,0.5817486819292068,0.26517348265173485,0.8514559823247387,False
GO_BP,WHIL,GO:0071559,response to transforming growth factor beta,8,-0.8691236879830857,-0.7151951484154594,0.7246275372462754,0.8631638741129698,False
GO_BP,WHIL,GO:0071560,cellular response to transforming growth factor beta stimulus,8,-0.8691236879830857,-0.7151951484154594,0.7246275372462754,0.8631638741129698,False
GO_BP,WHIL,GO:0071621,granulocyte chemotaxis,7,-0.9462420653091581,-1.3784534869400165,0.8882111788821118,0.9336990829218965,False
GO_BP,WHIL,GO:0071674,mononuclear cell migration,6,-1.1172794525607144,-0.3960617613594747,0.6264373562643736,0.8514559823247387,False
GO_BP,WHIL,GO:0071675,regulation of mononuclear cell migration,7,-0.09075333982146284,0.6107685491973678,0.25817418258174185,0.8514559823247387,False
GO_BP,WHIL,GO:0071677,positive regulation of mononuclear cell migration,5,0.6565149934471982,1.208847166452307,0.12488751124887511,0.8514559823247387,False
GO_BP,WHIL,GO:0071695,anatomical structure maturation,6,-0.6100733870078516,-0.9209961825169318,0.787921207879212,0.8849223069053785,False
GO_BP,WHIL,GO:0071705,nitrogen compound transport,18,-0.9871446419959687,-0.12040689988259612,0.526047395260474,0.8514559823247387,False
GO_BP,WHIL,GO:0071715,icosanoid transport,9,-0.5719500022497468,-1.3602487630266793,0.8711128887111289,0.9236085906588318,False
GO_BP,WHIL,GO:0071763,nuclear membrane organization,5,-0.4884230937843234,-0.42635492669341063,0.6262373762623737,0.8514559823247387,False
GO_BP,WHIL,GO:0071825,protein-lipid complex organization,5,0.030989179917764648,-1.3801245108695532,0.89001099890011,0.9345415020983878,False
GO_BP,WHIL,GO:0071827,plasma lipoprotein particle organization,5,0.030989179917764648,-1.3801245108695532,0.89001099890011,0.9345415020983878,False
GO_BP,WHIL,GO:0071840,cellular component organization or biogenesis,120,-0.060749945147650614,0.004236231297481019,0.49635036496350365,0.8514559823247387,False
GO_BP,WHIL,GO:0071867,response to monoamine,19,-1.2731447126099078,-1.1889764747702758,0.8425157484251575,0.906639159031901,False
GO_BP,WHIL,GO:0071868,cellular response to monoamine stimulus,19,-1.2731447126099078,-1.1889764747702758,0.8425157484251575,0.906639159031901,False
GO_BP,WHIL,GO:0071869,response to catecholamine,19,-1.2731447126099078,-1.1889764747702758,0.8425157484251575,0.906639159031901,False
GO_BP,WHIL,GO:0071870,cellular response to catecholamine stimulus,19,-1.2731447126099078,-1.1889764747702758,0.8425157484251575,0.906639159031901,False
GO_BP,WHIL,GO:0071875,adrenergic receptor signaling pathway,11,-1.3292706048972762,-0.5458238275868752,0.6816318368163183,0.8540929039626158,False
GO_BP,WHIL,GO:0071880,adenylate cyclase-activating adrenergic receptor signaling pathway,7,-1.2400902083851315,-0.6686501155046254,0.7296270372962703,0.8651444885906546,False
GO_BP,WHIL,GO:0071897,DNA biosynthetic process,7,-0.5209707127125881,-0.7850658568182715,0.7568243175682432,0.8746185942705581,False
GO_BP,WHIL,GO:0071900,regulation of protein serine/threonine kinase activity,7,0.6247795763170081,0.9296774642346988,0.19338066193380662,0.8514559823247387,False
GO_BP,WHIL,GO:0071902,positive regulation of protein serine/threonine kinase activity,6,-0.3490775215430174,0.4598523733299542,0.3096690330966903,0.8514559823247387,False
GO_BP,WHIL,GO:0072001,renal system development,6,-0.6213672490113143,0.52649865663878,0.30956904309569044,0.8514559823247387,False
GO_BP,WHIL,GO:0072330,monocarboxylic acid biosynthetic process,23,-0.19779396031698218,0.009309987360580307,0.47895210478952105,0.8514559823247387,False
GO_BP,WHIL,GO:0072348,sulfur compound transport,5,-1.5022416642424505,-1.06265808070213,0.8192180781921807,0.9004087848612978,False
GO_BP,WHIL,GO:0072359,circulatory system development,28,-0.8668358652943392,-0.36516891196366463,0.5958404159584042,0.8514559823247387,False
GO_BP,WHIL,GO:0072521,purine-containing compound metabolic process,19,-0.4858082450076876,0.2527156591296965,0.407959204079592,0.8514559823247387,False
GO_BP,WHIL,GO:0072523,purine-containing compound catabolic process,8,-1.0757285021740455,-0.42167752166131844,0.6298370162983702,0.8514559823247387,False
GO_BP,WHIL,GO:0072524,pyridine-containing compound metabolic process,8,-0.540968231141474,0.0007508495295230899,0.47565243475652436,0.8514559823247387,False
GO_BP,WHIL,GO:0072531,pyrimidine-containing compound transmembrane transport,5,-0.9469647536431143,0.058517674132706254,0.4757524247575243,0.8514559823247387,False
GO_BP,WHIL,GO:0072593,reactive oxygen species metabolic process,7,0.416085401940172,1.2125532419631815,0.15748425157484253,0.8514559823247387,False
GO_BP,WHIL,GO:0072594,establishment of protein localization to organelle,7,-0.8465339260001029,0.21639872932268112,0.39336066393360664,0.8514559823247387,False
GO_BP,WHIL,GO:0080090,regulation of primary metabolic process,149,-0.10457454182058304,-2.093049305803024,0.9533046695330467,0.9771059687723737,False
GO_BP,WHIL,GO:0080134,regulation of response to stress,88,0.6041155328249358,1.0717511429237392,0.19208079192080793,0.8514559823247387,False
GO_BP,WHIL,GO:0080135,regulation of cellular response to stress,40,0.7547516942954884,0.41142618793223085,0.36326367363263673,0.8514559823247387,False
GO_BP,WHIL,GO:0080164,regulation of nitric oxide metabolic process,14,-0.57650972277205,0.553274518762548,0.29347065293470653,0.8514559823247387,False
GO_BP,WHIL,GO:0086003,cardiac muscle cell contraction,5,-0.07663647302669138,-0.6061834780999514,0.7026297370262974,0.8574464587439561,False
GO_BP,WHIL,GO:0086004,regulation of cardiac muscle cell contraction,5,-0.6533279800818436,-0.018281853266305492,0.45955404459554045,0.8514559823247387,False
GO_BP,WHIL,GO:0086091,regulation of heart rate by cardiac conduction,5,-0.8523297341224738,-0.34197769877632733,0.6146385361463854,0.8514559823247387,False
GO_BP,WHIL,GO:0090066,regulation of anatomical structure size,46,-0.5968211230107899,-0.42884897810560263,0.6254374562543745,0.8514559823247387,False
GO_BP,WHIL,GO:0090068,positive regulation of cell cycle process,18,-0.5313722885326051,1.010734750385763,0.1967803219678032,0.8514559823247387,False
GO_BP,WHIL,GO:0090087,regulation of peptide transport,17,1.059316097567221,1.2311528268569867,0.1488851114888511,0.8514559823247387,False
GO_BP,WHIL,GO:0090092,regulation of transmembrane receptor protein serine/threonine kinase signaling pathway,14,-1.322855969430149,-0.9000066212150296,0.7805219478052194,0.8841506943206937,False
GO_BP,WHIL,GO:0090100,positive regulation of transmembrane receptor protein serine/threonine kinase signaling pathway,6,-0.7193304238618845,-0.34244122031006463,0.6027397260273972,0.8514559823247387,False
GO_BP,WHIL,GO:0090101,negative regulation of transmembrane receptor protein serine/threonine kinase signaling pathway,6,-1.0432639469096228,-0.783566853361954,0.7529247075292471,0.8745412023001963,False
GO_BP,WHIL,GO:0090109,regulation of cell-substrate junction assembly,8,0.3425578337836598,1.39955675323269,0.1110888911108889,0.8514559823247387,False
GO_BP,WHIL,GO:0090181,regulation of cholesterol metabolic process,5,1.0372205606703624,1.42270180241769,0.10418958104189581,0.8514559823247387,False
GO_BP,WHIL,GO:0090257,regulation of muscle system process,25,-0.9114836710668066,-0.41868334791595146,0.6237376262373763,0.8514559823247387,False
GO_BP,WHIL,GO:0090263,positive regulation of canonical Wnt signaling pathway,8,-0.27807947750277456,0.11148401266621882,0.42245775422457754,0.8514559823247387,False
GO_BP,WHIL,GO:0090276,regulation of peptide hormone secretion,15,0.8612598504665185,0.9692723320741309,0.20007999200079993,0.8514559823247387,False
GO_BP,WHIL,GO:0090277,positive regulation of peptide hormone secretion,7,0.2962670267517333,0.5106111562203128,0.30146985301469853,0.8514559823247387,False
GO_BP,WHIL,GO:0090278,negative regulation of peptide hormone secretion,5,-1.1499889630238287,-0.7204332294941643,0.7243275672432756,0.8631638741129698,False
GO_BP,WHIL,GO:0090287,regulation of cellular response to growth factor stimulus,14,-0.49630911703406205,-0.14191237052591515,0.5177482251774822,0.8514559823247387,False
GO_BP,WHIL,GO:0090303,positive regulation of wound healing,7,-0.8675463402763298,-0.37280105563401095,0.6117388261173883,0.8514559823247387,False
GO_BP,WHIL,GO:0090304,nucleic acid metabolic process,39,0.3888601038021511,-1.1098951311209806,0.817018298170183,0.8990467047816733,False
GO_BP,WHIL,GO:0090316,positive regulation of intracellular protein transport,9,-1.130667324059329,-0.38007465644478144,0.6084391560843916,0.8514559823247387,False
GO_BP,WHIL,GO:0090322,regulation of superoxide metabolic process,7,0.6371218174101004,0.7368961471041681,0.2196780321967803,0.8514559823247387,False
GO_BP,WHIL,GO:0090330,regulation of platelet aggregation,6,-0.5736035363553824,0.30158218128981085,0.35376462353764626,0.8514559823247387,False
GO_BP,WHIL,GO:0090398,cellular senescence,5,-1.4672391816527546,-2.173008621053341,0.9752024797520248,0.9919468822515705,False
GO_BP,WHIL,GO:0090407,organophosphate biosynthetic process,10,-0.6359095974979607,-1.0528448157022332,0.8127187281271873,0.897600261205302,False
GO_BP,WHIL,GO:0090559,regulation of membrane permeability,5,-1.1073350347279558,-0.8417586458341997,0.7653234676532347,0.8777990679991515,False
GO_BP,WHIL,GO:0090596,sensory organ morphogenesis,5,-2.3654877894286215,-1.3851396453258862,0.8856114388561144,0.9328520220226458,False
GO_BP,WHIL,GO:0095500,acetylcholine receptor signaling pathway,10,-1.0349592805651,0.1330375509292201,0.4597540245975402,0.8514559823247387,False
GO_BP,WHIL,GO:0097006,regulation of plasma lipoprotein particle levels,5,0.030989179917764648,-1.3801245108695532,0.89001099890011,0.9345415020983878,False
GO_BP,WHIL,GO:0097009,energy homeostasis,5,-0.8909010198264832,-0.2247722973492915,0.5432456754324567,0.8514559823247387,False
GO_BP,WHIL,GO:0097190,apoptotic signaling pathway,18,-1.3115807097374814,-0.39600525603602477,0.6142385761423858,0.8514559823247387,False
GO_BP,WHIL,GO:0097191,extrinsic apoptotic signaling pathway,7,-1.059250011918659,-0.9859027577929721,0.7999200079992,0.8910265565542446,False
GO_BP,WHIL,GO:0097193,intrinsic apoptotic signaling pathway,9,-1.3509215232519631,-1.015919195320773,0.8164183581641836,0.8988092016486425,False
GO_BP,WHIL,GO:0097237,cellular response to toxic substance,11,0.5176350504649617,1.1417524484825274,0.1498850114988501,0.8514559823247387,False
GO_BP,WHIL,GO:0097267,omega-hydroxylase P450 pathway,6,-0.7670061177872131,0.21720880652106545,0.3932606739326067,0.8514559823247387,False
GO_BP,WHIL,GO:0097305,response to alcohol,28,-0.46508348912425085,0.21409328731931537,0.41185881411858816,0.8514559823247387,False
GO_BP,WHIL,GO:0097306,cellular response to alcohol,8,-0.4004674702704514,0.49679094351926945,0.30346965303469653,0.8514559823247387,False
GO_BP,WHIL,GO:0097435,supramolecular fiber organization,9,0.21310055511180218,0.4843822404849718,0.30496950304969506,0.8514559823247387,False
GO_BP,WHIL,GO:0097485,neuron projection guidance,5,0.274264358905395,0.6597789457649138,0.22327767223277672,0.8514559823247387,False
GO_BP,WHIL,GO:0097529,myeloid leukocyte migration,9,-0.9036986743912636,-0.939934986539851,0.78992100789921,0.8852563019560112,False
GO_BP,WHIL,GO:0097530,granulocyte migration,7,-0.9462420653091581,-1.3784534869400165,0.8882111788821118,0.9336990829218965,False
GO_BP,WHIL,GO:0097553,calcium ion transmembrane import into cytosol,7,-1.0696947721050096,-1.8151474868258999,0.9437056294370563,0.9723783235943249,False
GO_BP,WHIL,GO:0097746,blood vessel diameter maintenance,34,-1.0371176556272501,-0.05119580649432964,0.5029497050294971,0.8514559823247387,False
GO_BP,WHIL,GO:0098542,defense response to other organism,21,-0.7246043762793242,-1.4709402853276072,0.8937106289371063,0.93653509705008,False
GO_BP,WHIL,GO:0098586,cellular response to virus,6,-0.3272776268730312,0.3518951027710825,0.33286671332866713,0.8514559823247387,False
GO_BP,WHIL,GO:0098609,cell-cell adhesion,10,0.26525433765314915,1.215293836225295,0.142985701429857,0.8514559823247387,False
GO_BP,WHIL,GO:0098655,monoatomic cation transmembrane transport,24,-1.610329087899806,-1.6161259423104775,0.9139086091390861,0.9500395729914016,False
GO_BP,WHIL,GO:0098656,monoatomic anion transmembrane transport,5,0.07163004282067557,-2.082470011872023,0.9517048295170483,0.9769639399297622,False
GO_BP,WHIL,GO:0098657,import into cell,41,-1.6756595479686414,-1.554843334689143,0.9011098890110989,0.9417584369298666,False
GO_BP,WHIL,GO:0098659,inorganic cation import across plasma membrane,6,-1.069875335957262,-2.5335005133393063,0.9831016898310169,0.9953242183893226,False
GO_BP,WHIL,GO:0098664,G protein-coupled serotonin receptor signaling pathway,12,-0.549705350477461,-0.42297340075337864,0.6144385561443856,0.8514559823247387,False
GO_BP,WHIL,GO:0098739,import across plasma membrane,10,-1.156084456071641,-1.7478558539619506,0.9315068493150684,0.9623514469745078,False
GO_BP,WHIL,GO:0098754,detoxification,14,0.6799756519251127,1.3391161967711223,0.12378762123787622,0.8514559823247387,False
GO_BP,WHIL,GO:0098771,inorganic ion homeostasis,25,0.6602169236983774,0.3991056251158774,0.3511648835116488,0.8514559823247387,False
GO_BP,WHIL,GO:0098773,skin epidermis development,5,-1.673854752447014,-0.7108667188443838,0.7197280271972802,0.863001957670695,False
GO_BP,WHIL,GO:0098815,modulation of excitatory postsynaptic potential,7,-1.002766397234608,-0.2738238927509151,0.5712428757124287,0.8514559823247387,False
GO_BP,WHIL,GO:0098869,cellular oxidant detoxification,6,-0.4083362464454371,0.22529263608810168,0.37976202379762025,0.8514559823247387,False
GO_BP,WHIL,GO:0098916,anterograde trans-synaptic signaling,55,-1.6904629722254045,-1.6074626037117223,0.9114088591140886,0.9493419676505531,False
GO_BP,WHIL,GO:0098926,postsynaptic signal transduction,12,-1.8029771798065055,-0.524523865493912,0.6655334466553344,0.8533864520334556,False
GO_BP,WHIL,GO:0099111,microtubule-based transport,5,0.36676799266701493,0.2836936490053667,0.35326467353264673,0.8514559823247387,False
GO_BP,WHIL,GO:0099170,postsynaptic modulation of chemical synaptic transmission,5,-1.078610261494128,-0.3803017610547065,0.630936906309369,0.8514559823247387,False
GO_BP,WHIL,GO:0099171,presynaptic modulation of chemical synaptic transmission,13,-0.9451804612689263,-0.9452717891314814,0.792020797920208,0.88633604358359,False
GO_BP,WHIL,GO:0099175,regulation of postsynapse organization,11,-0.27681572720130704,0.40650971756577964,0.3300669933006699,0.8514559823247387,False
GO_BP,WHIL,GO:0099177,regulation of trans-synaptic signaling,51,-1.7393752662353505,-1.6462967247633487,0.9141085891410858,0.9500395729914016,False
GO_BP,WHIL,GO:0099505,regulation of presynaptic membrane potential,7,-0.9771635595449573,-2.9876125911084612,0.9927007299270073,0.9995351583602397,False
GO_BP,WHIL,GO:0099536,synaptic signaling,62,-1.8325755760214457,-2.2868045392717415,0.9763023697630236,0.9926341712993593,False
GO_BP,WHIL,GO:0099537,trans-synaptic signaling,59,-1.5786098748449662,-2.1518437682172014,0.9702029797020298,0.9890110967121541,False
GO_BP,WHIL,GO:0099565,"chemical synaptic transmission, postsynaptic",13,-1.6977856889563196,-1.1871071640229294,0.8488151184881512,0.9090285479461206,False
GO_BP,WHIL,GO:0099587,inorganic ion import across plasma membrane,6,-1.069875335957262,-2.5335005133393063,0.9831016898310169,0.9953242183893226,False
GO_BP,WHIL,GO:0104004,cellular response to environmental stimulus,19,0.5355233609335223,0.9962695462442948,0.19338066193380662,0.8514559823247387,False
GO_BP,WHIL,GO:0106027,neuron projection organization,6,-0.5648615814461576,-0.1311790326688529,0.514048595140486,0.8514559823247387,False
GO_BP,WHIL,GO:0110053,regulation of actin filament organization,8,0.28263519010023935,0.01012075187442607,0.49225077492250774,0.8514559823247387,False
GO_BP,WHIL,GO:0110075,regulation of ferroptosis,5,0.7332229025925512,1.176266879941707,0.135986401359864,0.8514559823247387,False
GO_BP,WHIL,GO:0120031,plasma membrane bounded cell projection assembly,5,-0.37531730411702335,0.38878091561713113,0.37416258374162586,0.8514559823247387,False
GO_BP,WHIL,GO:0120032,regulation of plasma membrane bounded cell projection assembly,6,-0.5190939550405057,-0.02624191071233345,0.46965303469653036,0.8514559823247387,False
GO_BP,WHIL,GO:0120035,regulation of plasma membrane bounded cell projection organization,25,-0.27677076252300453,0.6998671001242354,0.271972802719728,0.8514559823247387,False
GO_BP,WHIL,GO:0120036,plasma membrane bounded cell projection organization,25,0.0783123705282864,0.3412419133044329,0.36776322367763226,0.8514559823247387,False
GO_BP,WHIL,GO:0120039,plasma membrane bounded cell projection morphogenesis,10,0.18120804271129023,0.39157446833517573,0.34726527347265274,0.8514559823247387,False
GO_BP,WHIL,GO:0120161,regulation of cold-induced thermogenesis,12,-1.1638146184654148,-0.3891603446458418,0.6118388161183882,0.8514559823247387,False
GO_BP,WHIL,GO:0120162,positive regulation of cold-induced thermogenesis,12,-1.1638146184654148,-0.3891603446458418,0.6118388161183882,0.8514559823247387,False
GO_BP,WHIL,GO:0120178,steroid hormone biosynthetic process,5,1.3861192193306282,1.456084056304097,0.11828817118288171,0.8514559823247387,False
GO_BP,WHIL,GO:0120254,olefinic compound metabolic process,34,1.3180359249946443,2.113174019358918,0.05019498050194981,0.8514559823247387,False
GO_BP,WHIL,GO:0140115,export across plasma membrane,7,-0.27834000667847625,-0.4722575919682861,0.6446355364463554,0.8514559823247387,False
GO_BP,WHIL,GO:0140352,export from cell,15,0.3603365506539789,0.8134059387203956,0.24547545245475452,0.8514559823247387,False
GO_BP,WHIL,GO:0140374,antiviral innate immune response,6,-1.1635252706896497,-1.8290291267241825,0.9545045495450455,0.9776934322326138,False
GO_BP,WHIL,GO:0140448,signaling receptor ligand precursor processing,5,-0.9143238001311771,-0.3796945513416755,0.6182381761823817,0.8514559823247387,False
GO_BP,WHIL,GO:0140546,defense response to symbiont,21,-0.7246043762793242,-1.4709402853276072,0.8937106289371063,0.93653509705008,False
GO_BP,WHIL,GO:0140694,membraneless organelle assembly,10,-0.06990778542338003,-1.302591307474751,0.8707129287071292,0.9234997642315985,False
GO_BP,WHIL,GO:0141060,disruption of anatomical structure in another organism,5,-0.8155975716381004,-2.488709710867575,0.9876012398760124,0.997391522983624,False
GO_BP,WHIL,GO:0141091,transforming growth factor beta receptor superfamily signaling pathway,7,-1.0779634311622435,-0.15339630454954734,0.5249475052494751,0.8514559823247387,False
GO_BP,WHIL,GO:0141124,intracellular signaling cassette,40,-0.9865723888174253,-0.6340608222239077,0.6921307869213079,0.8571309888038681,False
GO_BP,WHIL,GO:0141137,"positive regulation of gene expression, epigenetic",5,-0.016971741977332446,-0.28350745307651637,0.5647435256474352,0.8514559823247387,False
GO_BP,WHIL,GO:0141161,regulation of cAMP/PKA signal transduction,5,-0.45964027356193693,0.1781799027180453,0.3848615138486151,0.8514559823247387,False
GO_BP,WHIL,GO:0141187,nucleic acid biosynthetic process,25,-0.010631269479823985,-1.2556503155183396,0.8476152384761524,0.9088905542435448,False
GO_BP,WHIL,GO:0141193,nuclear receptor-mediated signaling pathway,20,-0.8129626100491238,-1.8838183259722723,0.949005099490051,0.9752621575787085,False
GO_BP,WHIL,GO:0150063,visual system development,12,-1.8486821862456928,-0.7716541009470959,0.7506249375062494,0.8738618675445888,False
GO_BP,WHIL,GO:0150076,neuroinflammatory response,5,0.9454392273592934,0.6625012458669122,0.23817618238176183,0.8514559823247387,False
GO_BP,WHIL,GO:0150104,transport across blood-brain barrier,11,-1.2050430616951016,-1.385867425924694,0.8740125987401259,0.924170574356934,False
GO_BP,WHIL,GO:0150116,regulation of cell-substrate junction organization,8,0.3425578337836598,1.39955675323269,0.1110888911108889,0.8514559823247387,False
GO_BP,WHIL,GO:0150117,positive regulation of cell-substrate junction organization,5,0.8077403612576929,1.790669769848816,0.07999200079992001,0.8514559823247387,False
GO_BP,WHIL,GO:0160108,animal gross anatomical part developmental process,134,-1.208379984793054,-0.9615868095846881,0.7806219378062194,0.8841506943206937,False
GO_BP,WHIL,GO:1900015,regulation of cytokine production involved in inflammatory response,13,-0.6095397467672994,-0.5570158235556112,0.6714328567143286,0.8539237155845091,False
GO_BP,WHIL,GO:1900016,negative regulation of cytokine production involved in inflammatory response,8,-0.8130087449398138,-0.7718806152104364,0.7441255874412559,0.8721532054157469,False
GO_BP,WHIL,GO:1900034,regulation of cellular response to heat,5,0.15211602091546647,-0.4637168786167283,0.6382361763823617,0.8514559823247387,False
GO_BP,WHIL,GO:1900037,regulation of cellular response to hypoxia,6,0.5436741405472021,0.5811478205842256,0.30396960303969606,0.8514559823247387,False
GO_BP,WHIL,GO:1900046,regulation of hemostasis,5,-0.8844368943467702,-0.08341507290696182,0.49655034496550343,0.8514559823247387,False
GO_BP,WHIL,GO:1900076,regulation of cellular response to insulin stimulus,7,3.159908182372891,2.6684812842796752,0.026997300269973004,0.8514559823247387,False
GO_BP,WHIL,GO:1900087,positive regulation of G1/S transition of mitotic cell cycle,6,-1.0221957001263695,0.31327721111401363,0.35426457354264573,0.8514559823247387,False
GO_BP,WHIL,GO:1900180,regulation of protein localization to nucleus,14,-0.8692134455939785,-0.061477619604822675,0.48955104489551043,0.8514559823247387,False
GO_BP,WHIL,GO:1900182,positive regulation of protein localization to nucleus,12,-0.7692253103867729,0.1009649094987547,0.4336566343365663,0.8514559823247387,False
GO_BP,WHIL,GO:1900271,regulation of long-term synaptic potentiation,6,-0.40492487586486653,-0.003621298349823665,0.46785321467853214,0.8514559823247387,False
GO_BP,WHIL,GO:1900371,regulation of purine nucleotide biosynthetic process,5,-1.1245324579639218,-1.5516339134021067,0.914008599140086,0.9500395729914016,False
GO_BP,WHIL,GO:1900542,regulation of purine nucleotide metabolic process,10,-1.2329524784068302,-0.46227891745526783,0.6275372462753724,0.8514559823247387,False
GO_BP,WHIL,GO:1900544,positive regulation of purine nucleotide metabolic process,8,-1.231979659696523,-0.4373837124670752,0.6195380461953804,0.8514559823247387,False
GO_BP,WHIL,GO:1901099,negative regulation of signal transduction in absence of ligand,7,-1.262252404251237,-0.4199835324802692,0.6222377762223777,0.8514559823247387,False
GO_BP,WHIL,GO:1901135,carbohydrate derivative metabolic process,25,0.3645614049665248,1.323365191706312,0.1364863513648635,0.8514559823247387,False
GO_BP,WHIL,GO:1901136,carbohydrate derivative catabolic process,12,-1.545686375749065,-0.6487935696527358,0.7061293870612939,0.8596149730821311,False
GO_BP,WHIL,GO:1901184,regulation of ERBB signaling pathway,5,0.9924498288978059,1.826649859598944,0.072992700729927,0.8514559823247387,False
GO_BP,WHIL,GO:1901222,regulation of non-canonical NF-kappaB signal transduction,5,-0.1993140836739486,-0.01074915184067321,0.47395260473952605,0.8514559823247387,False
GO_BP,WHIL,GO:1901264,carbohydrate derivative transport,6,-0.22619882381689088,0.19742769159521428,0.42745725427457254,0.8514559823247387,False
GO_BP,WHIL,GO:1901292,nucleoside phosphate catabolic process,9,-1.1418262576965965,-0.6578485615638698,0.7115288471152885,0.86156662470881,False
GO_BP,WHIL,GO:1901342,regulation of vasculature development,21,0.8289430377299913,0.35702991414138135,0.36676332366763326,0.8514559823247387,False
GO_BP,WHIL,GO:1901343,negative regulation of vasculature development,7,0.9688087439294326,0.9807798921594466,0.1705829417058294,0.8514559823247387,False
GO_BP,WHIL,GO:1901652,response to peptide,39,-1.6872456872973487,-0.6701097646382914,0.7019298070192981,0.8574464587439561,False
GO_BP,WHIL,GO:1901654,response to ketone,16,-0.6529671893939166,-0.0056983476421632595,0.48555144485551444,0.8514559823247387,False
GO_BP,WHIL,GO:1901655,cellular response to ketone,8,-0.640336262270712,-0.508150489498445,0.6483351664833517,0.8514559823247387,False
GO_BP,WHIL,GO:1901698,response to nitrogen compound,94,-0.8013510448336889,0.5718066715679495,0.31796820317968205,0.8514559823247387,False
GO_BP,WHIL,GO:1901699,cellular response to nitrogen compound,69,-0.6958448011937168,0.1621923559965217,0.4400559944005599,0.8514559823247387,False
GO_BP,WHIL,GO:1901700,response to oxygen-containing compound,146,-0.22049974486780605,0.44953348664398646,0.3615638436156384,0.8514559823247387,False
GO_BP,WHIL,GO:1901701,cellular response to oxygen-containing compound,113,-0.4100838276890762,-0.16787624262565626,0.5565443455654434,0.8514559823247387,False
GO_BP,WHIL,GO:1901796,regulation of signal transduction by p53 class mediator,10,-1.0217257184361077,-0.34442404353268297,0.6057394260573943,0.8514559823247387,False
GO_BP,WHIL,GO:1901800,positive regulation of proteasomal protein catabolic process,8,-1.5000747232852807,-1.0844149256045237,0.8293170682931706,0.9026055533981485,False
GO_BP,WHIL,GO:1901873,regulation of post-translational protein modification,15,-2.076742980017667,-2.2070309625590543,0.9774022597740226,0.9933208633534042,False
GO_BP,WHIL,GO:1901874,negative regulation of post-translational protein modification,5,-1.230823776318211,-0.3834301702630094,0.626937306269373,0.8514559823247387,False
GO_BP,WHIL,GO:1901875,positive regulation of post-translational protein modification,7,-1.7050438062909032,-3.048316722449619,0.9973002699730027,1.0,False
GO_BP,WHIL,GO:1901888,regulation of cell junction assembly,15,0.7019726745470634,1.1830095402684164,0.15298470152984703,0.8514559823247387,False
GO_BP,WHIL,GO:1901890,positive regulation of cell junction assembly,5,0.5376351645406606,0.89100373567802,0.22147785221477853,0.8514559823247387,False
GO_BP,WHIL,GO:1901987,regulation of cell cycle phase transition,14,0.06358068253607208,1.4390655981145448,0.12218778122187782,0.8514559823247387,False
GO_BP,WHIL,GO:1901989,positive regulation of cell cycle phase transition,8,-0.5158725809957169,0.8566175888906112,0.2186781321867813,0.8514559823247387,False
GO_BP,WHIL,GO:1901990,regulation of mitotic cell cycle phase transition,14,0.06358068253607208,1.4390655981145448,0.12218778122187782,0.8514559823247387,False
GO_BP,WHIL,GO:1901992,positive regulation of mitotic cell cycle phase transition,8,-0.5158725809957169,0.8566175888906112,0.2186781321867813,0.8514559823247387,False
GO_BP,WHIL,GO:1902105,regulation of leukocyte differentiation,8,0.11237049694381748,0.8151123555550125,0.23557644235576441,0.8514559823247387,False
GO_BP,WHIL,GO:1902107,positive regulation of leukocyte differentiation,6,-0.38464932207098623,0.19057037652180564,0.40605939406059394,0.8514559823247387,False
GO_BP,WHIL,GO:1902115,regulation of organelle assembly,9,-0.8787509625834723,-0.29917092314768345,0.573942605739426,0.8514559823247387,False
GO_BP,WHIL,GO:1902175,regulation of oxidative stress-induced intrinsic apoptotic signaling pathway,7,-1.0166004610701496,-0.09799760015823389,0.49945005499450057,0.8514559823247387,False
GO_BP,WHIL,GO:1902476,chloride transmembrane transport,5,0.07163004282067557,-2.082470011872023,0.9517048295170483,0.9769639399297622,False
GO_BP,WHIL,GO:1902531,regulation of intracellular signal transduction,128,-0.09744848314420744,0.8858046320467223,0.23897610238976102,0.8514559823247387,False
GO_BP,WHIL,GO:1902532,negative regulation of intracellular signal transduction,47,-0.09664801337651445,0.34964009963599035,0.38406159384061594,0.8514559823247387,False
GO_BP,WHIL,GO:1902533,positive regulation of intracellular signal transduction,91,-1.1851243972246521,-0.41847588211532816,0.6266373362663734,0.8514559823247387,False
GO_BP,WHIL,GO:1902644,tertiary alcohol metabolic process,6,2.5142089707159743,2.9152213509914584,0.011698830116988301,0.8514559823247387,False
GO_BP,WHIL,GO:1902652,secondary alcohol metabolic process,13,0.9076350699793295,0.02970258638851997,0.45635436456354367,0.8514559823247387,False
GO_BP,WHIL,GO:1902679,negative regulation of RNA biosynthetic process,50,0.33623324479445293,-0.8360325249823781,0.7538246175382461,0.8745412023001963,False
GO_BP,WHIL,GO:1902680,positive regulation of RNA biosynthetic process,59,-0.7740202191789356,-1.1451325148479898,0.8218178182181782,0.9011742234814215,False
GO_BP,WHIL,GO:1902749,regulation of cell cycle G2/M phase transition,6,0.4140889711009373,1.2303121302502427,0.15978402159784022,0.8514559823247387,False
GO_BP,WHIL,GO:1902806,regulation of cell cycle G1/S phase transition,7,-0.10251658289517153,1.1156048005513932,0.1643835616438356,0.8514559823247387,False
GO_BP,WHIL,GO:1902808,positive regulation of cell cycle G1/S phase transition,6,-1.0221957001263695,0.31327721111401363,0.35426457354264573,0.8514559823247387,False
GO_BP,WHIL,GO:1902850,microtubule cytoskeleton organization involved in mitosis,7,-0.7739064243238671,-0.3127881409994549,0.5889411058894111,0.8514559823247387,False
GO_BP,WHIL,GO:1902893,regulation of miRNA transcription,13,-1.2196736725668074,-1.0677572711608312,0.8032196780321967,0.8934258665388214,False
GO_BP,WHIL,GO:1902894,negative regulation of miRNA transcription,8,-0.7517558331582779,-0.30780555503931123,0.5628437156284372,0.8514559823247387,False
GO_BP,WHIL,GO:1902895,positive regulation of miRNA transcription,9,-1.1145577100327317,-1.135295506664445,0.8315168483151685,0.903528871631063,False
GO_BP,WHIL,GO:1902903,regulation of supramolecular fiber organization,16,1.1995000435332408,1.0735442739479408,0.16078392160783922,0.8514559823247387,False
GO_BP,WHIL,GO:1902904,negative regulation of supramolecular fiber organization,5,0.8353914770077003,1.5508819028066014,0.09349065093490651,0.8514559823247387,False
GO_BP,WHIL,GO:1902905,positive regulation of supramolecular fiber organization,9,0.810593863980373,0.427143255513678,0.31566843315668436,0.8514559823247387,False
GO_BP,WHIL,GO:1903034,regulation of response to wounding,14,-0.28333850329740223,0.22761198956935408,0.41185881411858816,0.8514559823247387,False
GO_BP,WHIL,GO:1903035,negative regulation of response to wounding,9,-0.10629108795582604,0.5762292371161344,0.29357064293570645,0.8514559823247387,False
GO_BP,WHIL,GO:1903036,positive regulation of response to wounding,7,-0.8675463402763298,-0.37280105563401095,0.6117388261173883,0.8514559823247387,False
GO_BP,WHIL,GO:1903037,regulation of leukocyte cell-cell adhesion,18,0.5881331459352898,1.4740200830824235,0.11048895110488952,0.8514559823247387,False
GO_BP,WHIL,GO:1903038,negative regulation of leukocyte cell-cell adhesion,7,0.9071107158942034,1.2782015492769503,0.1267873212678732,0.8514559823247387,False
GO_BP,WHIL,GO:1903039,positive regulation of leukocyte cell-cell adhesion,14,0.09226325608067132,1.1144195812826834,0.17018298170182983,0.8514559823247387,False
GO_BP,WHIL,GO:1903047,mitotic cell cycle process,17,-0.23820399876896317,0.4807701588123755,0.34296570342965704,0.8514559823247387,False
GO_BP,WHIL,GO:1903076,regulation of protein localization to plasma membrane,8,-0.8490950487186061,-0.915963276196421,0.7812218778122187,0.884301412664054,False
GO_BP,WHIL,GO:1903115,regulation of actin filament-based movement,5,-0.6533279800818436,-0.018281853266305492,0.45955404459554045,0.8514559823247387,False
GO_BP,WHIL,GO:1903131,mononuclear cell differentiation,16,-0.7237313773769899,-1.0739608497225508,0.8128187181281872,0.897600261205302,False
GO_BP,WHIL,GO:1903169,regulation of calcium ion transmembrane transport,9,-1.010867383868351,-1.5509560560313569,0.9063093690630937,0.94571412423975,False
GO_BP,WHIL,GO:1903311,regulation of mRNA metabolic process,7,-0.5351180948083843,-0.09148993831715757,0.5052494750524947,0.8514559823247387,False
GO_BP,WHIL,GO:1903320,regulation of protein modification by small protein conjugation or removal,15,-2.076742980017667,-2.2070309625590543,0.9774022597740226,0.9933208633534042,False
GO_BP,WHIL,GO:1903321,negative regulation of protein modification by small protein conjugation or removal,5,-1.230823776318211,-0.3834301702630094,0.626937306269373,0.8514559823247387,False
GO_BP,WHIL,GO:1903322,positive regulation of protein modification by small protein conjugation or removal,7,-1.7050438062909032,-3.048316722449619,0.9973002699730027,1.0,False
GO_BP,WHIL,GO:1903350,response to dopamine,18,-1.4614803476343936,-1.6029706513803483,0.9234076592340766,0.956306228195503,False
GO_BP,WHIL,GO:1903351,cellular response to dopamine,18,-1.4614803476343936,-1.6029706513803483,0.9234076592340766,0.956306228195503,False
GO_BP,WHIL,GO:1903376,regulation of oxidative stress-induced neuron intrinsic apoptotic signaling pathway,5,-1.091191091117133,-0.1965209948545137,0.537046295370463,0.8514559823247387,False
GO_BP,WHIL,GO:1903426,regulation of reactive oxygen species biosynthetic process,6,-0.8335124843780105,-0.6240368071085074,0.7074292570742926,0.8596149730821311,False
GO_BP,WHIL,GO:1903427,negative regulation of reactive oxygen species biosynthetic process,5,-0.8990689116687515,-0.4563155665973039,0.6392360763923608,0.8514559823247387,False
GO_BP,WHIL,GO:1903432,regulation of TORC1 signaling,7,-1.5286916579806231,-0.9174164706478871,0.7877212278772123,0.8849223069053785,False
GO_BP,WHIL,GO:1903522,regulation of blood circulation,38,-1.2861318118256213,0.35440435830303607,0.36646335366463356,0.8514559823247387,False
GO_BP,WHIL,GO:1903524,positive regulation of blood circulation,6,2.68131961859394,2.398065102855062,0.039696030396960305,0.8514559823247387,False
GO_BP,WHIL,GO:1903530,regulation of secretion by cell,40,-0.2745283717679086,0.45240665087635573,0.3491650834916508,0.8514559823247387,False
GO_BP,WHIL,GO:1903531,negative regulation of secretion by cell,13,-1.038560663666185,-0.003439220967758061,0.49155084491550843,0.8514559823247387,False
GO_BP,WHIL,GO:1903532,positive regulation of secretion by cell,18,-0.11650639128050663,0.0699416614886191,0.46665333466653336,0.8514559823247387,False
GO_BP,WHIL,GO:1903555,regulation of tumor necrosis factor superfamily cytokine production,12,1.2896885311336075,1.606040521326652,0.09419058094190581,0.8514559823247387,False
GO_BP,WHIL,GO:1903557,positive regulation of tumor necrosis factor superfamily cytokine production,7,-0.137061482232947,0.2539949787605794,0.3762623737626237,0.8514559823247387,False
GO_BP,WHIL,GO:1903573,negative regulation of response to endoplasmic reticulum stress,6,0.4067479947774782,0.5762252759853541,0.2773722627737226,0.8514559823247387,False
GO_BP,WHIL,GO:1903578,regulation of ATP metabolic process,10,-1.2329524784068302,-0.46227891745526783,0.6275372462753724,0.8514559823247387,False
GO_BP,WHIL,GO:1903580,positive regulation of ATP metabolic process,8,-1.231979659696523,-0.4373837124670752,0.6195380461953804,0.8514559823247387,False
GO_BP,WHIL,GO:1903706,regulation of hemopoiesis,14,-0.5069708423584517,0.4656506553572325,0.3321667833216678,0.8514559823247387,False
GO_BP,WHIL,GO:1903708,positive regulation of hemopoiesis,6,-0.38464932207098623,0.19057037652180564,0.40605939406059394,0.8514559823247387,False
GO_BP,WHIL,GO:1903725,regulation of phospholipid metabolic process,7,0.09466483915392838,0.48626976235419805,0.31126887311268875,0.8514559823247387,False
GO_BP,WHIL,GO:1903727,positive regulation of phospholipid metabolic process,6,0.3213557908077948,0.335364294047512,0.35696430356964304,0.8514559823247387,False
GO_BP,WHIL,GO:1903828,negative regulation of protein localization,17,-0.3364056450811731,-0.04782345459273907,0.48405159484051596,0.8514559823247387,False
GO_BP,WHIL,GO:1903829,positive regulation of protein localization,34,-0.15060125328492383,0.10067319836707336,0.45145485451454853,0.8514559823247387,False
GO_BP,WHIL,GO:1903844,regulation of cellular response to transforming growth factor beta stimulus,8,-1.4889119412422824,-1.1474202212912858,0.8441155884411559,0.9073176283657808,False
GO_BP,WHIL,GO:1903900,regulation of viral life cycle,5,-0.27017065148434627,-1.5578225270419013,0.9197080291970803,0.9537410983031986,False
GO_BP,WHIL,GO:1904018,positive regulation of vasculature development,12,-0.5462016039318353,-0.9284357485992916,0.783021697830217,0.8844134891530151,False
GO_BP,WHIL,GO:1904062,regulation of monoatomic cation transmembrane transport,15,-1.2320645147585019,-1.4602017536599816,0.8981101889811018,0.9392526669120796,False
GO_BP,WHIL,GO:1904064,positive regulation of cation transmembrane transport,6,-0.9980502902772836,-2.865488815732955,0.9952004799520048,1.0,False
GO_BP,WHIL,GO:1904263,positive regulation of TORC1 signaling,6,-1.4756861037912694,0.006153174863259059,0.45565443455654436,0.8514559823247387,False
GO_BP,WHIL,GO:1904356,regulation of telomere maintenance via telomere lengthening,5,-0.21166558004026048,-0.6694547577935739,0.6943305669433056,0.8574464587439561,False
GO_BP,WHIL,GO:1904375,regulation of protein localization to cell periphery,10,-0.901800806185159,-0.9967921703191316,0.8022197780221978,0.8930515131170041,False
GO_BP,WHIL,GO:1904385,cellular response to angiotensin,9,0.43702533904886426,0.6849099697051038,0.24117588241175883,0.8514559823247387,False
GO_BP,WHIL,GO:1904645,response to amyloid-beta,16,-1.4522932240341107,-0.1507318143940659,0.529047095290471,0.8514559823247387,False
GO_BP,WHIL,GO:1904646,cellular response to amyloid-beta,10,-1.0311800250678231,-0.494253576247184,0.6537346265373463,0.8514559823247387,False
GO_BP,WHIL,GO:1904705,regulation of vascular associated smooth muscle cell proliferation,10,-0.5869305160068217,0.3265884341108196,0.3411658834116588,0.8514559823247387,False
GO_BP,WHIL,GO:1904707,positive regulation of vascular associated smooth muscle cell proliferation,8,-0.4762300391092374,0.4293971743288311,0.29857014298570145,0.8514559823247387,False
GO_BP,WHIL,GO:1904892,regulation of receptor signaling pathway via STAT,8,0.14246283520568978,0.6553936525473629,0.25907409259074093,0.8514559823247387,False
GO_BP,WHIL,GO:1904894,positive regulation of receptor signaling pathway via STAT,6,-0.6938196202295736,-0.10283231303936102,0.5254474552544746,0.8514559823247387,False
GO_BP,WHIL,GO:1904950,negative regulation of establishment of protein localization,9,-0.9117407302642679,-0.029979130421813993,0.5085491450854914,0.8514559823247387,False
GO_BP,WHIL,GO:1904951,positive regulation of establishment of protein localization,23,-0.1864529148076195,0.08802507354558625,0.44485551444855514,0.8514559823247387,False
GO_BP,WHIL,GO:1905039,carboxylic acid transmembrane transport,5,-0.22747038774036382,0.32494244522631205,0.35966403359664034,0.8514559823247387,False
GO_BP,WHIL,GO:1905144,response to acetylcholine,11,-1.1591243824277586,0.014319716216261824,0.5005499450054994,0.8514559823247387,False
GO_BP,WHIL,GO:1905145,cellular response to acetylcholine,10,-1.0349592805651,0.1330375509292201,0.4597540245975402,0.8514559823247387,False
GO_BP,WHIL,GO:1905475,regulation of protein localization to membrane,11,-0.7881133108421914,-0.8326193895868419,0.7572242775722428,0.8746185942705581,False
GO_BP,WHIL,GO:1905477,positive regulation of protein localization to membrane,6,-0.4431208036922917,0.5682670786618179,0.2542745725427457,0.8514559823247387,False
GO_BP,WHIL,GO:1905521,regulation of macrophage migration,5,0.5603559556641854,0.6247698125703509,0.24027597240275972,0.8514559823247387,False
GO_BP,WHIL,GO:1905897,regulation of response to endoplasmic reticulum stress,8,0.3696147013754766,0.7440818140345553,0.23307669233076692,0.8514559823247387,False
GO_BP,WHIL,GO:1905952,regulation of lipid localization,15,-1.0727329592098553,-1.265308884417756,0.8583141685831417,0.9152222166710191,False
GO_BP,WHIL,GO:1905953,negative regulation of lipid localization,5,-0.2814727285427154,0.04129826346373927,0.44255574442555745,0.8514559823247387,False
GO_BP,WHIL,GO:1905954,positive regulation of lipid localization,9,-0.8979148451285648,-1.592118504875717,0.9248075192480751,0.957120563927685,False
GO_BP,WHIL,GO:1990089,response to nerve growth factor,6,0.9302229051518346,0.6735372029540181,0.24547545245475452,0.8514559823247387,False
GO_BP,WHIL,GO:1990090,cellular response to nerve growth factor stimulus,6,0.9302229051518346,0.6735372029540181,0.24547545245475452,0.8514559823247387,False
GO_BP,WHIL,GO:1990266,neutrophil migration,7,-0.9462420653091581,-1.3784534869400165,0.8882111788821118,0.9336990829218965,False
GO_BP,WHIL,GO:1990708,conditioned place preference,6,-1.4176089569096888,-0.7917796455532642,0.7568243175682432,0.8746185942705581,False
GO_BP,WHIL,GO:1990748,cellular detoxification,9,0.5234583975346195,1.0496557123143067,0.1660833916608339,0.8514559823247387,False
GO_BP,WHIL,GO:1990776,response to angiotensin,10,0.5305061131895678,0.827260539319765,0.21077892210778923,0.8514559823247387,False
GO_BP,WHIL,GO:1990806,ligand-gated ion channel signaling pathway,9,-1.4134867416489094,-0.7601687945136515,0.7409259074092591,0.8711544716949702,False
GO_BP,WHIL,GO:1990840,response to lectin,5,-0.9695359385227502,0.191370510078257,0.38466153384661533,0.8514559823247387,False
GO_BP,WHIL,GO:1990858,cellular response to lectin,5,-0.9695359385227502,0.191370510078257,0.38466153384661533,0.8514559823247387,False
GO_BP,WHIL,GO:1990868,response to chemokine,6,-0.3212586734172552,0.46422968947941645,0.31956804319568044,0.8514559823247387,False
GO_BP,WHIL,GO:1990869,cellular response to chemokine,6,-0.3212586734172552,0.46422968947941645,0.31956804319568044,0.8514559823247387,False
GO_BP,WHIL,GO:2000026,regulation of multicellular organismal development,57,0.41977249270789674,0.31941702142712475,0.3962603739626037,0.8514559823247387,False
GO_BP,WHIL,GO:2000045,regulation of G1/S transition of mitotic cell cycle,7,-0.10251658289517153,1.1156048005513932,0.1643835616438356,0.8514559823247387,False
GO_BP,WHIL,GO:2000058,regulation of ubiquitin-dependent protein catabolic process,14,-1.925922727055852,-1.3802413100693591,0.8799120087991201,0.9287298604375015,False
GO_BP,WHIL,GO:2000060,positive regulation of ubiquitin-dependent protein catabolic process,10,-1.5463195924738427,-0.984418319638511,0.8005199480051994,0.8913712483141406,False
GO_BP,WHIL,GO:2000106,regulation of leukocyte apoptotic process,8,0.03971938486941926,-0.3988700725707456,0.6193380661933806,0.8514559823247387,False
GO_BP,WHIL,GO:2000107,negative regulation of leukocyte apoptotic process,5,-0.42494634109814206,-0.9518938293836592,0.783021697830217,0.8844134891530151,False
GO_BP,WHIL,GO:2000145,regulation of cell motility,59,-1.92713446524524,-0.23650068400067092,0.573942605739426,0.8514559823247387,False
GO_BP,WHIL,GO:2000146,negative regulation of cell motility,15,-0.8727578314094585,-0.19958816234946108,0.5525447455254474,0.8514559823247387,False
GO_BP,WHIL,GO:2000147,positive regulation of cell motility,42,-1.545652782298774,0.013396232016545495,0.49245075492450757,0.8514559823247387,False
GO_BP,WHIL,GO:2000181,negative regulation of blood vessel morphogenesis,7,0.9688087439294326,0.9807798921594466,0.1705829417058294,0.8514559823247387,False
GO_BP,WHIL,GO:2000191,regulation of fatty acid transport,5,-1.5920084830921597,-1.1105563419270779,0.8366163383661633,0.9046662901277439,False
GO_BP,WHIL,GO:2000209,regulation of anoikis,6,-0.864778501721546,0.06402648226481833,0.45325467453254675,0.8514559823247387,False
GO_BP,WHIL,GO:2000278,regulation of DNA biosynthetic process,6,-0.19768401683197265,-0.020615952458583026,0.4744525547445255,0.8514559823247387,False
GO_BP,WHIL,GO:2000351,regulation of endothelial cell apoptotic process,7,0.7552309946266899,0.6490289769969495,0.2702729727027297,0.8514559823247387,False
GO_BP,WHIL,GO:2000377,regulation of reactive oxygen species metabolic process,25,-0.7604613215933849,-0.19733717137034879,0.5514448555144486,0.8514559823247387,False
GO_BP,WHIL,GO:2000378,negative regulation of reactive oxygen species metabolic process,10,-1.34569655993851,-0.829220726601997,0.7658234176582341,0.8777990679991515,False
GO_BP,WHIL,GO:2000379,positive regulation of reactive oxygen species metabolic process,12,0.13095619814605267,0.3680142629868135,0.35226477352264773,0.8514559823247387,False
GO_BP,WHIL,GO:2000463,positive regulation of excitatory postsynaptic potential,5,-0.6765918221098659,-0.08689996233094721,0.5017498250174982,0.8514559823247387,False
GO_BP,WHIL,GO:2000573,positive regulation of DNA biosynthetic process,6,-0.19768401683197265,-0.020615952458583026,0.4744525547445255,0.8514559823247387,False
GO_BP,WHIL,GO:2000628,regulation of miRNA metabolic process,14,-1.1886775824743687,-0.9891014856828555,0.7784221577842215,0.8827273318221848,False
GO_BP,WHIL,GO:2000629,negative regulation of miRNA metabolic process,8,-0.7517558331582779,-0.30780555503931123,0.5628437156284372,0.8514559823247387,False
GO_BP,WHIL,GO:2000630,positive regulation of miRNA metabolic process,10,-1.0585853105819643,-1.014414821860291,0.795920407959204,0.8885865527446778,False
GO_BP,WHIL,GO:2000772,regulation of cellular senescence,5,-1.2717242529048323,-0.7626181354388667,0.7557244275572442,0.8746185942705581,False
GO_BP,WHIL,GO:2000779,regulation of double-strand break repair,7,-0.26068199828468236,-2.213918174132106,0.9693030696930307,0.9885243770240539,False
GO_BP,WHIL,GO:2000811,negative regulation of anoikis,6,-0.864778501721546,0.06402648226481833,0.45325467453254675,0.8514559823247387,False
GO_BP,WHIL,GO:2001057,reactive nitrogen species metabolic process,7,-0.13836233601432676,0.5720380256779994,0.2723727627237276,0.8514559823247387,False
GO_BP,WHIL,GO:2001141,regulation of RNA biosynthetic process,84,-0.08347620335972127,-1.2065762764133754,0.8353164683531646,0.9045074206137923,False
GO_BP,WHIL,GO:2001169,regulation of ATP biosynthetic process,5,-1.1245324579639218,-1.5516339134021067,0.914008599140086,0.9500395729914016,False
GO_BP,WHIL,GO:2001233,regulation of apoptotic signaling pathway,25,-1.3419230335491636,-0.7492712949842896,0.7171282871712829,0.863001957670695,False
GO_BP,WHIL,GO:2001234,negative regulation of apoptotic signaling pathway,21,-1.2328222796141497,-0.9156392041451094,0.7721227877212279,0.8799752936098795,False
GO_BP,WHIL,GO:2001236,regulation of extrinsic apoptotic signaling pathway,13,-1.6520812133797234,-1.3223603600049116,0.8668133186681332,0.9211501717341877,False
GO_BP,WHIL,GO:2001237,negative regulation of extrinsic apoptotic signaling pathway,12,-1.755918282552382,-1.5937809135722085,0.9158084191580842,0.9511725258898878,False
GO_BP,WHIL,GO:2001239,regulation of extrinsic apoptotic signaling pathway in absence of ligand,7,-1.262252404251237,-0.4199835324802692,0.6222377762223777,0.8514559823247387,False
GO_BP,WHIL,GO:2001240,negative regulation of extrinsic apoptotic signaling pathway in absence of ligand,7,-1.262252404251237,-0.4199835324802692,0.6222377762223777,0.8514559823247387,False
GO_BP,WHIL,GO:2001242,regulation of intrinsic apoptotic signaling pathway,18,-0.6435094358198554,0.5717246084900627,0.3013698630136986,0.8514559823247387,False
GO_BP,WHIL,GO:2001243,negative regulation of intrinsic apoptotic signaling pathway,14,-0.3539736125470915,0.6639163007025374,0.2703729627037296,0.8514559823247387,False
GO_BP,WHIL,GO:2001251,negative regulation of chromosome organization,6,-0.7935162613427885,-0.010298587924143177,0.47655234476552344,0.8514559823247387,False
GO_BP,WHIL,GO:2001252,positive regulation of chromosome organization,8,0.3040319486230377,0.5900167664197302,0.2830716928307169,0.8514559823247387,False
