family,syndrome,term_id,term_name,n_frozen_targets,Q_obs,Q_null_mean,Q_null_sd,A_z,empirical_p_upper,zero_null_sd,BH_q_within_annotation_family
KEGG,PDOL,hsa00052,Galactose metabolism,5,0.023507341102490222,0.019148663412127644,0.009246495938548325,0.4713869685695097,0.1436856314368563,False,0.9994000599940005
KEGG,PDOL,hsa00140,Steroid hormone biosynthesis,16,0.09314411324639513,0.0659433200057596,0.013639001568801237,1.9943390359934,0.0522947705229477,False,0.9994000599940005
KEGG,PDOL,hsa00230,Purine metabolism,6,0.01127085549507999,0.016870156428683548,0.00758778950218694,-0.7379357231759969,0.8456154384561544,False,0.9994000599940005
KEGG,PDOL,hsa00330,Arginine and proline metabolism,6,0.014566563436126632,0.013530777551233768,0.00289400691051851,0.357907191281477,0.2736726327367263,False,0.9994000599940005
KEGG,PDOL,hsa00350,Tyrosine metabolism,6,0.014610302188134743,0.01639969131750986,0.007527262153761276,-0.23772111198239354,0.41885811418858115,False,0.9994000599940005
KEGG,PDOL,hsa00380,Tryptophan metabolism,8,0.026155251895511208,0.030874707538448273,0.009392800170097488,-0.5024545989982541,0.6126387361263873,False,0.9994000599940005
KEGG,PDOL,hsa00500,Starch and sucrose metabolism,5,0.019391837988937205,0.015173207892104983,0.0034220788885027807,1.2327682190511822,0.10998900109989002,False,0.9994000599940005
KEGG,PDOL,hsa00590,Arachidonic acid metabolism,17,0.057761688289208246,0.06892461561188101,0.015298445796842093,-0.7296772149872256,0.7236276372362763,False,0.9994000599940005
KEGG,PDOL,hsa00591,Linoleic acid metabolism,9,0.05426457156883581,0.040188705823943016,0.01156181412859967,1.2174443896372877,0.12538746125387462,False,0.9994000599940005
KEGG,PDOL,hsa00760,Nicotinate and nicotinamide metabolism,6,0.009798967818472693,0.013043192816572263,0.005393980680400341,-0.6014528398086113,0.6282371762823717,False,0.9994000599940005
KEGG,PDOL,hsa00790,Folate biosynthesis,7,0.021300508411192038,0.0260071526741609,0.009459966936774573,-0.49753284492700534,0.646935306469353,False,0.9994000599940005
KEGG,PDOL,hsa00830,Retinol metabolism,10,0.07553669197903978,0.046002072058431806,0.01142255524434371,2.5856403658220968,0.018098190180981903,False,0.9994000599940005
KEGG,PDOL,hsa00910,Nitrogen metabolism,12,0.062227468809828455,0.060839391877129674,0.005097004898123067,0.2723318812602927,0.37806219378062195,False,0.9994000599940005
KEGG,PDOL,hsa00980,Metabolism of xenobiotics by cytochrome P450,15,0.08766103853974758,0.06252085559107363,0.01411964088662753,1.780511498170168,0.0634936506349365,False,0.9994000599940005
KEGG,PDOL,hsa00982,Drug metabolism - cytochrome P450,15,0.08830573815022846,0.05967754655443132,0.013933368313910842,2.0546497408824855,0.043995600439956005,False,0.9994000599940005
KEGG,PDOL,hsa00983,Drug metabolism - other enzymes,9,0.06426752344595507,0.02980609864043072,0.010622560027792802,3.244173223343496,0.008999100089991,False,0.9846301084177297
KEGG,PDOL,hsa01100,Metabolic pathways,98,0.35215992469902757,0.3317257886052132,0.02196228843917981,0.9304192571007647,0.18138186181381863,False,0.9994000599940005
KEGG,PDOL,hsa01240,Biosynthesis of cofactors,7,0.04506341807526547,0.016985906753875315,0.006788890068014533,4.135802913303272,0.0096990300969903,False,0.9846301084177297
KEGG,PDOL,hsa01521,EGFR tyrosine kinase inhibitor resistance,20,0.05904914759758006,0.07311619538590312,0.010712830351600982,-1.3131028240562785,0.9098090190980902,False,0.9994000599940005
KEGG,PDOL,hsa01522,Endocrine resistance,21,0.06602977256452779,0.08583077889718116,0.012802688703747817,-1.546628742668475,0.9634036596340366,False,0.9994000599940005
KEGG,PDOL,hsa01523,Antifolate resistance,5,0.015540303664461358,0.01687461613062769,0.004813224927094566,-0.2772179747211133,0.49435056494350565,False,0.9994000599940005
KEGG,PDOL,hsa01524,Platinum drug resistance,11,0.026053687814566177,0.034438414961099624,0.008186338655830622,-1.024234092803078,0.8409159084091591,False,0.9994000599940005
KEGG,PDOL,hsa03083,Polycomb repressive complex,5,0.0039000952440914403,0.007341360552771948,0.00410217869226535,-0.8388872272114832,0.9756024397560243,False,0.9994000599940005
KEGG,PDOL,hsa03320,PPAR signaling pathway,10,0.052748188221567474,0.04560054420307279,0.010046546742506374,0.7114528207242999,0.1952804719528047,False,0.9994000599940005
KEGG,PDOL,hsa03410,Base excision repair,5,0.02027256423257113,0.021468338995147496,0.0055224298150137584,-0.21653054952829448,0.5205479452054794,False,0.9994000599940005
KEGG,PDOL,hsa04010,MAPK signaling pathway,31,0.08619390318487123,0.09943409444466234,0.012148321581470209,-1.0898782330545413,0.8642135786421358,False,0.9994000599940005
KEGG,PDOL,hsa04012,ErbB signaling pathway,15,0.04843459845285345,0.056000191901624204,0.009804752884424572,-0.7716251024326318,0.7539246075392461,False,0.9994000599940005
KEGG,PDOL,hsa04014,Ras signaling pathway,23,0.06471958852877546,0.07945233595259488,0.011022619422891757,-1.3365922253672724,0.916108389161084,False,0.9994000599940005
KEGG,PDOL,hsa04015,Rap1 signaling pathway,22,0.05765980798746573,0.06938638574816286,0.010754774543267153,-1.0903601664098443,0.8565143485651435,False,0.9994000599940005
KEGG,PDOL,hsa04020,Calcium signaling pathway,42,0.061439200794621514,0.07354072298258543,0.010541798407631971,-1.1479561380345455,0.8821117888211178,False,0.9994000599940005
KEGG,PDOL,hsa04022,cGMP-PKG signaling pathway,23,0.034510670053629636,0.04692566304635257,0.008625629588026576,-1.4393144136349714,0.9566043395660434,False,0.9994000599940005
KEGG,PDOL,hsa04024,cAMP signaling pathway,37,0.0676725829262472,0.07712270211540162,0.010933656768295105,-0.8643146011824173,0.7975202479752025,False,0.9994000599940005
KEGG,PDOL,hsa04062,Chemokine signaling pathway,20,0.0661933774287142,0.06919266093485058,0.011196738157663573,-0.26787118390220854,0.577942205779422,False,0.9994000599940005
KEGG,PDOL,hsa04064,NF-kappa B signaling pathway,11,0.04223694435078325,0.04288267390392721,0.008277002339126083,-0.07801490523828188,0.4958504149585041,False,0.9994000599940005
KEGG,PDOL,hsa04066,HIF-1 signaling pathway,22,0.06712651839623628,0.07451230564266444,0.010365547630383023,-0.7125322761316804,0.7463253674632536,False,0.9994000599940005
KEGG,PDOL,hsa04068,FoxO signaling pathway,19,0.04054349352393023,0.05219728580452502,0.009330756086796599,-1.248965482774261,0.9066093390660934,False,0.9994000599940005
KEGG,PDOL,hsa04071,Sphingolipid signaling pathway,19,0.051842257702345816,0.05791705998890102,0.009363481669545246,-0.6487760109910307,0.704929507049295,False,0.9994000599940005
KEGG,PDOL,hsa04072,Phospholipase D signaling pathway,26,0.06994917097634,0.07760575141273439,0.012136670550089183,-0.6308633331353076,0.7179282071792821,False,0.9994000599940005
KEGG,PDOL,hsa04080,Neuroactive ligand-receptor interaction,71,0.11383582425476932,0.10555391214862465,0.011120613325079087,0.7447351925695849,0.2273772622737726,False,0.9994000599940005
KEGG,PDOL,hsa04081,Hormone signaling,30,0.0518877483748802,0.057710827725753186,0.010092655124938262,-0.5769620856740219,0.6932306769323068,False,0.9994000599940005
KEGG,PDOL,hsa04082,Neuroactive ligand signaling,60,0.07345292148507714,0.08366192466653884,0.009707578574047162,-1.051652902275247,0.844015598440156,False,0.9994000599940005
KEGG,PDOL,hsa04110,Cell cycle,12,0.024496768868112282,0.029505147332884372,0.009197296168498405,-0.5445490036437287,0.6183381661833817,False,0.9994000599940005
KEGG,PDOL,hsa04114,Oocyte meiosis,9,0.03646812377957954,0.03013156608790159,0.0065106228098788296,0.9732644443882134,0.18638136186381363,False,0.9994000599940005
KEGG,PDOL,hsa04137,Mitophagy - animal,7,0.019010146148165392,0.026186349192261697,0.006332569086521872,-1.1332214376263197,0.9242075792420757,False,0.9994000599940005
KEGG,PDOL,hsa04140,Autophagy - animal,17,0.04111480917319682,0.05013322293702513,0.008847937831868921,-1.0192673067101985,0.835016498350165,False,0.9994000599940005
KEGG,PDOL,hsa04141,Protein processing in endoplasmic reticulum,10,0.016165086393785087,0.014664394982624798,0.002339079131007697,0.6415735967486387,0.2221777822217778,False,0.9994000599940005
KEGG,PDOL,hsa04144,Endocytosis,8,0.01604974340785702,0.027257463408168404,0.007494315048547484,-1.495496243180171,0.9955004499550045,False,0.9994000599940005
KEGG,PDOL,hsa04145,Phagocytosis,12,0.023667821561292234,0.029618158107995986,0.007145508756830349,-0.8327379825846355,0.767023297670233,False,0.9994000599940005
KEGG,PDOL,hsa04146,Peroxisome,5,0.01991963841694199,0.024616504861041902,0.009908787199373256,-0.47401022441949237,0.583941605839416,False,0.9994000599940005
KEGG,PDOL,hsa04148,Efferocytosis,20,0.07899234314935898,0.07239575378410518,0.012704382920307716,0.5192372905187922,0.24687531246875313,False,0.9994000599940005
KEGG,PDOL,hsa04150,mTOR signaling pathway,11,0.03571505479507005,0.037639259416237476,0.008525618285938095,-0.225696783110869,0.5440455954404559,False,0.9994000599940005
KEGG,PDOL,hsa04151,PI3K-Akt signaling pathway,36,0.09996143002490447,0.11863810221105814,0.013972813154967206,-1.3366436650241962,0.9245075492450755,False,0.9994000599940005
KEGG,PDOL,hsa04152,AMPK signaling pathway,11,0.02048392307303848,0.028459488369338214,0.00748185929171468,-1.0659870742466087,0.8717128287171283,False,0.9994000599940005
KEGG,PDOL,hsa04210,Apoptosis,17,0.04379698325970285,0.050018867150321604,0.00851791441883559,-0.7304468658267287,0.7277272272772722,False,0.9994000599940005
KEGG,PDOL,hsa04211,Longevity regulating pathway,9,0.04154086153467749,0.03863595581259578,0.008822531011097513,0.32925990494425467,0.3474652534746525,False,0.9994000599940005
KEGG,PDOL,hsa04213,Longevity regulating pathway - multiple species,9,0.014691806525413896,0.022647456008195878,0.006576806021408692,-1.2096524448014592,0.965003499650035,False,0.9994000599940005
KEGG,PDOL,hsa04217,Necroptosis,11,0.032610054229792865,0.028698067707568407,0.006828640559476023,0.5728792558565468,0.11948805119488051,False,0.9994000599940005
KEGG,PDOL,hsa04218,Cellular senescence,14,0.0503887925722407,0.04959435817562044,0.011274768608277922,0.07046125949201194,0.404959504049595,False,0.9994000599940005
KEGG,PDOL,hsa04261,Adrenergic signaling in cardiomyocytes,15,0.0302284264124954,0.03366651745419949,0.006444697529925315,-0.5334759351761124,0.6277372262773723,False,0.9994000599940005
KEGG,PDOL,hsa04270,Vascular smooth muscle contraction,17,0.02384773547646178,0.02366521186903119,0.005492224226562087,0.03323309462637231,0.37566243375662434,False,0.9994000599940005
KEGG,PDOL,hsa04310,Wnt signaling pathway,10,0.030325218430793627,0.029675347968190907,0.006769189170393335,0.09600418103915369,0.40155984401559847,False,0.9994000599940005
KEGG,PDOL,hsa04330,Notch signaling pathway,5,0.002235348386569926,0.005678423237882089,0.004326198687854691,-0.7958660939402074,0.9675032496750325,False,0.9994000599940005
KEGG,PDOL,hsa04350,TGF-beta signaling pathway,5,0.007797582983520541,0.012109482711460442,0.006080672057106307,-0.7091156515998437,0.6704329567043296,False,0.9994000599940005
KEGG,PDOL,hsa04360,Axon guidance,14,0.03890343169475341,0.045626688800379636,0.009389603268079107,-0.7160320743776907,0.7252274772522748,False,0.9994000599940005
KEGG,PDOL,hsa04370,VEGF signaling pathway,12,0.03785740916903097,0.04744058183059097,0.008834869383611605,-1.0846988501421955,0.8547145285471452,False,0.9994000599940005
KEGG,PDOL,hsa04371,Apelin signaling pathway,9,0.021630497134013955,0.024157051852624862,0.006493350969460527,-0.38909874585461,0.5375462453754625,False,0.9994000599940005
KEGG,PDOL,hsa04380,Osteoclast differentiation,14,0.042571186515653676,0.05004350261427462,0.009751960804090756,-0.7662372981940673,0.7479252074792521,False,0.9994000599940005
KEGG,PDOL,hsa04510,Focal adhesion,23,0.062266972601298314,0.07416876085288823,0.011044279021149284,-1.0776428437563506,0.8520147985201479,False,0.9994000599940005
KEGG,PDOL,hsa04517,IgSF CAM signaling,21,0.06626456910812091,0.06936232438981534,0.010114027754823715,-0.30628305130139705,0.5881411858814118,False,0.9994000599940005
KEGG,PDOL,hsa04518,Integrin signaling,13,0.037721244976584606,0.05090107880942524,0.009953110242792156,-1.324192489717996,0.9178082191780822,False,0.9994000599940005
KEGG,PDOL,hsa04519,Cadherin signaling,18,0.07090763931699086,0.06476279850378633,0.010451666990126328,0.5879292575059606,0.2672732726727327,False,0.9994000599940005
KEGG,PDOL,hsa04520,Adherens junction,16,0.05041634183786991,0.05922736992426217,0.00996361539092947,-0.8843203737484201,0.7933206679332067,False,0.9994000599940005
KEGG,PDOL,hsa04530,Tight junction,7,0.009983242892731954,0.013955725443037227,0.00443507929326718,-0.8956959476092868,0.8802119788021198,False,0.9994000599940005
KEGG,PDOL,hsa04540,Gap junction,16,0.03773410284618947,0.04231849161665887,0.008741436084805024,-0.5244434353799491,0.6614338566143385,False,0.9994000599940005
KEGG,PDOL,hsa04550,Signaling pathways regulating pluripotency of stem cells,12,0.03556731134176166,0.03691233334727585,0.008325077816823347,-0.16156269468090367,0.5209479052094791,False,0.9994000599940005
KEGG,PDOL,hsa04611,Platelet activation,13,0.0342571868229883,0.048027044578269125,0.011565880243474682,-1.1905585623757085,0.9141085891410858,False,0.9994000599940005
KEGG,PDOL,hsa04612,Antigen processing and presentation,5,0.011217856594824042,0.01054446574281901,0.002331817131741627,0.28878373129632096,0.30886911308869114,False,0.9994000599940005
KEGG,PDOL,hsa04613,Neutrophil extracellular trap formation,20,0.045872401993207274,0.058884672699868676,0.010418374187025715,-1.2489732537026685,0.8911108889111089,False,0.9994000599940005
KEGG,PDOL,hsa04620,Toll-like receptor signaling pathway,14,0.05267754849422302,0.04702220419291407,0.009359149497748088,0.6042583573079676,0.256974302569743,False,0.9994000599940005
KEGG,PDOL,hsa04621,NOD-like receptor signaling pathway,14,0.04983689765172251,0.04249802240338176,0.00749130080277497,0.9796529923911529,0.16998300169983002,False,0.9994000599940005
KEGG,PDOL,hsa04622,RIG-I-like receptor signaling pathway,6,0.03189491540295664,0.022969358103442937,0.006051872624447992,1.474842227091293,0.09249075092490751,False,0.9994000599940005
KEGG,PDOL,hsa04625,C-type lectin receptor signaling pathway,14,0.04406662282683906,0.057945115863904356,0.01017313565580593,-1.3642296246334504,0.924007599240076,False,0.9994000599940005
KEGG,PDOL,hsa04630,JAK-STAT signaling pathway,16,0.03703251984695763,0.046998009350523354,0.0081710377236527,-1.219611246527308,0.9106089391060894,False,0.9994000599940005
KEGG,PDOL,hsa04650,Natural killer cell mediated cytotoxicity,11,0.02965701758455957,0.03209769823104143,0.0076220886557714085,-0.32021152688033705,0.5440455954404559,False,0.9994000599940005
KEGG,PDOL,hsa04657,IL-17 signaling pathway,15,0.0714563698388299,0.07146138119362294,0.013464746573846218,-0.0003721833727472733,0.44365563443655637,False,0.9994000599940005
KEGG,PDOL,hsa04658,Th1 and Th2 cell differentiation,6,0.022166933519244036,0.022823542598169298,0.006059614043444848,-0.10835823440530273,0.43005699430056993,False,0.9994000599940005
KEGG,PDOL,hsa04659,Th17 cell differentiation,13,0.04697459400480788,0.044692475861310955,0.008353649191216698,0.2731881709728027,0.36206379362063795,False,0.9994000599940005
KEGG,PDOL,hsa04660,T cell receptor signaling pathway,17,0.05166754580482538,0.052527642045915125,0.009763172171043662,-0.08809598212768183,0.5004499550044995,False,0.9994000599940005
KEGG,PDOL,hsa04662,B cell receptor signaling pathway,10,0.04065348399109375,0.04515378412958235,0.009482247732909718,-0.4746026749406213,0.6492350764923508,False,0.9994000599940005
KEGG,PDOL,hsa04664,Fc epsilon RI signaling pathway,13,0.03991335079184164,0.043755930515751246,0.01055873657840527,-0.36392419636345974,0.5843415658434157,False,0.9994000599940005
KEGG,PDOL,hsa04666,Fc gamma R-mediated phagosome formation,10,0.02393397221551499,0.029495164740551263,0.007851897503630429,-0.7082609678061874,0.691030896910309,False,0.9994000599940005
KEGG,PDOL,hsa04668,TNF signaling pathway,17,0.04516892361980874,0.05734156916439533,0.012041765709679622,-1.0108688242291382,0.8502149785021498,False,0.9994000599940005
KEGG,PDOL,hsa04670,Leukocyte transendothelial migration,9,0.025829841024312506,0.0294496245585382,0.007045356454568963,-0.5137828806203606,0.607039296070393,False,0.9994000599940005
KEGG,PDOL,hsa04713,Circadian entrainment,10,0.015362828516510873,0.017548736819811166,0.005157849087036319,-0.4238022994496545,0.5718428157184282,False,0.9994000599940005
KEGG,PDOL,hsa04720,Long-term potentiation,11,0.022705271671219246,0.025781283993646504,0.006368721029324703,-0.48298744885571127,0.6002399760023998,False,0.9994000599940005
KEGG,PDOL,hsa04722,Neurotrophin signaling pathway,18,0.05507345753122347,0.056514121187478304,0.009331128693643205,-0.1543932897674301,0.5278472152784721,False,0.9994000599940005
KEGG,PDOL,hsa04723,Retrograde endocannabinoid signaling,15,0.051938031540752196,0.037403918063268066,0.007842433827398123,1.8532656822309586,0.047795220477952205,False,0.9994000599940005
KEGG,PDOL,hsa04724,Glutamatergic synapse,16,0.02096118557754143,0.03008774904627353,0.008403644182257515,-1.0860244997046486,0.8561143885611439,False,0.9994000599940005
KEGG,PDOL,hsa04725,Cholinergic synapse,21,0.03677214872571147,0.047792903804779054,0.009500673714922293,-1.1599972180665217,0.8896110388961104,False,0.9994000599940005
KEGG,PDOL,hsa04726,Serotonergic synapse,32,0.0798038627580387,0.09452688901908696,0.01611051481120106,-0.913876833458597,0.8102189781021898,False,0.9994000599940005
KEGG,PDOL,hsa04727,GABAergic synapse,5,0.02146585932133268,0.012289804549515247,0.005374453393526496,1.7073466080978483,0.08709129087091291,False,0.9994000599940005
KEGG,PDOL,hsa04728,Dopaminergic synapse,19,0.04937074995611128,0.04508088961709291,0.00794219317408324,0.5401354821004518,0.277972202779722,False,0.9994000599940005
KEGG,PDOL,hsa04730,Long-term depression,8,0.019289586222334024,0.020751034151390194,0.005627398542404762,-0.25970222617850125,0.502049795020498,False,0.9994000599940005
KEGG,PDOL,hsa04742,Taste transduction,10,0.00458155870105676,0.007785015980293975,0.003958713729799373,-0.8092167046894714,0.847015298470153,False,0.9994000599940005
KEGG,PDOL,hsa04750,Inflammatory mediator regulation of TRP channels,16,0.03500909888628325,0.03640902409702539,0.006810600961089546,-0.20555090787732558,0.5128487151284872,False,0.9994000599940005
KEGG,PDOL,hsa04810,Regulation of actin cytoskeleton,18,0.0322767312561088,0.04797827241942287,0.01032395619350179,-1.5208841328866831,0.9645035496450355,False,0.9994000599940005
KEGG,PDOL,hsa04910,Insulin signaling pathway,15,0.056589391036996034,0.05160223553851247,0.009405081307452984,0.530261816506736,0.2823717628237176,False,0.9994000599940005
KEGG,PDOL,hsa04911,Insulin secretion,5,0.007294857736962329,0.00695133137931116,0.0013416535020632872,0.25604700254042556,0.3758624137586241,False,0.9994000599940005
KEGG,PDOL,hsa04912,GnRH signaling pathway,15,0.0382343793686969,0.04477470897622406,0.008409761829073454,-0.7777068768959116,0.7415258474152585,False,0.9994000599940005
KEGG,PDOL,hsa04913,Ovarian steroidogenesis,11,0.04338560985817462,0.056818319557607175,0.013103922965309565,-1.0250907102394753,0.889011098890111,False,0.9994000599940005
KEGG,PDOL,hsa04914,Progesterone-mediated oocyte maturation,15,0.03761394371444529,0.04080686685014516,0.007701644158945121,-0.41457681889800485,0.5746425357464253,False,0.9994000599940005
KEGG,PDOL,hsa04915,Estrogen signaling pathway,21,0.05273595068792116,0.07058276174254716,0.0110780541436451,-1.6110059423083591,0.9599040095990401,False,0.9994000599940005
KEGG,PDOL,hsa04916,Melanogenesis,8,0.030424050217491953,0.03139456755090505,0.00939704247109706,-0.10327901958495597,0.44575542445755423,False,0.9994000599940005
KEGG,PDOL,hsa04917,Prolactin signaling pathway,15,0.054809223329918014,0.0616844580616802,0.010301682614057348,-0.6673894925068319,0.7272272772722728,False,0.9994000599940005
KEGG,PDOL,hsa04919,Thyroid hormone signaling pathway,19,0.06532753172063813,0.06381838782578707,0.011472653183667149,0.13154271036446272,0.43075692430756923,False,0.9994000599940005
KEGG,PDOL,hsa04920,Adipocytokine signaling pathway,9,0.03686154926484455,0.033778645045124,0.007338285232721739,0.4201123453165523,0.3244675532446755,False,0.9994000599940005
KEGG,PDOL,hsa04921,Oxytocin signaling pathway,13,0.034333423858511576,0.046828066235780716,0.008958529109106658,-1.3947202967245929,0.9353064693530647,False,0.9994000599940005
KEGG,PDOL,hsa04922,Glucagon signaling pathway,7,0.017797500237818273,0.022508472214639186,0.006778759822641546,-0.6949607450445328,0.6817318268173183,False,0.9994000599940005
KEGG,PDOL,hsa04923,Regulation of lipolysis in adipocytes,11,0.030825975841600378,0.041641005117446186,0.010373965193706782,-1.042516441293498,0.8914108589141085,False,0.9994000599940005
KEGG,PDOL,hsa04924,Renin secretion,7,0.0063062906622294735,0.007869815062638372,0.002425508665306528,-0.6446171158952778,0.7324267573242675,False,0.9994000599940005
KEGG,PDOL,hsa04925,Aldosterone synthesis and secretion,6,0.0073925692916860675,0.007195129948901012,0.0013775996950784735,0.14332127358216962,0.42475752424757524,False,0.9994000599940005
KEGG,PDOL,hsa04926,Relaxin signaling pathway,18,0.06210678639795967,0.08018146540373564,0.012770081602632271,-1.415392600314337,0.9417058294170583,False,0.9994000599940005
KEGG,PDOL,hsa04928,"Parathyroid hormone synthesis, secretion and action",12,0.031980914280641023,0.03246905090510845,0.007457834568670111,-0.06545286302247307,0.4737526247375263,False,0.9994000599940005
KEGG,PDOL,hsa04929,GnRH secretion,9,0.022711383362362135,0.025993015686795115,0.006972319701406372,-0.4706657848421737,0.5728427157284272,False,0.9994000599940005
KEGG,PDOL,hsa04930,Type II diabetes mellitus,10,0.018736692005309464,0.017916811743378638,0.005897891862321015,0.13901242699424068,0.34566543345665435,False,0.9994000599940005
KEGG,PDOL,hsa04931,Insulin resistance,17,0.06095336521278496,0.059015607504919174,0.009706392306047794,0.19963727477390544,0.3892610738926107,False,0.9994000599940005
KEGG,PDOL,hsa04932,Non-alcoholic fatty liver disease,15,0.07201880400171211,0.056999583040550354,0.010369116523859396,1.4484571493243847,0.0837916208379162,False,0.9994000599940005
KEGG,PDOL,hsa04933,AGE-RAGE signaling pathway in diabetic complications,20,0.06716146930064955,0.06510949348546564,0.010146660546469647,0.20223164121695714,0.391960803919608,False,0.9994000599940005
KEGG,PDOL,hsa04934,Cushing syndrome,11,0.04177027108860522,0.04124156618975103,0.010589088925836532,0.049929215115399835,0.42085791420857915,False,0.9994000599940005
KEGG,PDOL,hsa04935,"Growth hormone synthesis, secretion and action",15,0.04267367115563795,0.043377747873961925,0.008371331657383187,-0.08410570111662062,0.49625037496250374,False,0.9994000599940005
KEGG,PDOL,hsa04936,Alcoholic liver disease,13,0.05932621641619647,0.04705104719568044,0.009064921011417938,1.3541396781124229,0.09819018098190181,False,0.9994000599940005
KEGG,PDOL,hsa04960,Aldosterone-regulated sodium reabsorption,8,0.014968878365701049,0.018323026490490883,0.005941002141816976,-0.5645761514174464,0.6188381161883811,False,0.9994000599940005
KEGG,PDOL,hsa04970,Salivary secretion,9,0.01519318483691189,0.019285741719044746,0.005046943616169855,-0.8108980787938171,0.7967203279672033,False,0.9994000599940005
KEGG,PDOL,hsa04971,Gastric acid secretion,5,0.012258803316122108,0.012672824316518382,0.003266938706034134,-0.12673056878341935,0.46385361463853614,False,0.9994000599940005
KEGG,PDOL,hsa04972,Pancreatic secretion,6,0.01911427375265725,0.02237167918998748,0.00556083992331424,-0.5857757968671804,0.6716328367163283,False,0.9994000599940005
KEGG,PDOL,hsa04973,Carbohydrate digestion and absorption,8,0.01666115643886905,0.017545559215452523,0.005958479247561732,-0.1484276003722561,0.44715528447155284,False,0.9994000599940005
KEGG,PDOL,hsa04976,Bile secretion,13,0.09460190453416092,0.04895547272060066,0.009291874429746126,4.912510619755267,0.0004999500049995,False,0.1862813718628137
KEGG,PDOL,hsa04981,Folate transport and metabolism,7,0.03458374273365979,0.02480369855472818,0.0044443237136932885,2.200569717457479,0.025897410258974102,False,0.9994000599940005
KEGG,PDOL,hsa05010,Alzheimer disease,27,0.07862836895969798,0.08484903349503875,0.013518591712370834,-0.4601562550075579,0.6512348765123488,False,0.9994000599940005
KEGG,PDOL,hsa05012,Parkinson disease,12,0.04108764820196823,0.033166916525363924,0.00619910594521709,1.2777216176980384,0.11558844115588442,False,0.9994000599940005
KEGG,PDOL,hsa05014,Amyotrophic lateral sclerosis,11,0.01713455295453302,0.016847358639072628,0.003855575103554615,0.07448806150750768,0.3621637836216378,False,0.9994000599940005
KEGG,PDOL,hsa05016,Huntington disease,13,0.01748170089880042,0.021456248568557202,0.0065802613748639684,-0.6040106073809185,0.643035696430357,False,0.9994000599940005
KEGG,PDOL,hsa05017,Spinocerebellar ataxia,9,0.015494236420288,0.01920503446906805,0.006004052749199819,-0.61804887528255,0.6576342365763423,False,0.9994000599940005
KEGG,PDOL,hsa05020,Prion disease,14,0.03267248133228494,0.03206415598839522,0.007570860864471224,0.08035088146243587,0.42045795420457954,False,0.9994000599940005
KEGG,PDOL,hsa05022,Pathways of neurodegeneration - multiple diseases,34,0.08594170850568876,0.08712070378027856,0.011533385810410525,-0.10222455868298329,0.5157484251574842,False,0.9994000599940005
KEGG,PDOL,hsa05030,Cocaine addiction,10,0.027380207000451653,0.028530507495161145,0.00752392517168742,-0.15288569044228142,0.4894510548945106,False,0.9994000599940005
KEGG,PDOL,hsa05031,Amphetamine addiction,13,0.026719020421637842,0.02603761712964624,0.005838952792780283,0.11669957202499384,0.394960503949605,False,0.9994000599940005
KEGG,PDOL,hsa05032,Morphine addiction,8,0.031751485981670886,0.01783059689295478,0.005827593228141648,2.3887887406917243,0.029497050294970503,False,0.9994000599940005
KEGG,PDOL,hsa05033,Nicotine addiction,5,0.017610036914978658,0.007127557466854341,0.004948261136749547,2.1184167848930726,0.04559544045595441,False,0.9994000599940005
KEGG,PDOL,hsa05034,Alcoholism,16,0.036746062044448434,0.038071047517098486,0.008034866018633435,-0.16490448870924726,0.5184481551844815,False,0.9994000599940005
KEGG,PDOL,hsa05100,Bacterial invasion of epithelial cells,5,0.010026655070433318,0.019108476619236172,0.006832659136984412,-1.3291781964717047,0.9957004299570043,False,0.9994000599940005
KEGG,PDOL,hsa05120,Epithelial cell signaling in Helicobacter pylori infection,10,0.048684828546810235,0.04907518366463482,0.009143735113166305,-0.042690991481424564,0.48695130486951305,False,0.9994000599940005
KEGG,PDOL,hsa05130,Pathogenic Escherichia coli infection,13,0.05355353916322401,0.04705495346002281,0.008616550347618709,0.7541980770758411,0.21787821217878212,False,0.9994000599940005
KEGG,PDOL,hsa05131,Shigellosis,20,0.08486660166477883,0.07115096439272166,0.01114399608049641,1.2307647250577827,0.11448855114488551,False,0.9994000599940005
KEGG,PDOL,hsa05132,Salmonella infection,19,0.0646270908287138,0.057759103738516566,0.00898229723591147,0.7646136516991263,0.21787821217878212,False,0.9994000599940005
KEGG,PDOL,hsa05133,Pertussis,7,0.04133635178360718,0.03208566027563065,0.0073158400520658765,1.2644742698228182,0.11198880111988802,False,0.9994000599940005
KEGG,PDOL,hsa05134,Legionellosis,8,0.0336332843129107,0.024345784028992058,0.006299971114929506,1.4742131534396032,0.09049095090490951,False,0.9994000599940005
KEGG,PDOL,hsa05135,Yersinia infection,18,0.06649939600373958,0.06313659737594425,0.010491397198123165,0.32052915014950634,0.35536446355364465,False,0.9994000599940005
KEGG,PDOL,hsa05140,Leishmaniasis,10,0.03476114454019473,0.03568331640791148,0.007298187186042023,-0.12635629152955,0.4871512848715128,False,0.9994000599940005
KEGG,PDOL,hsa05142,Chagas disease,11,0.05159835711358781,0.044453269732557234,0.008853109119696136,0.8070709718390793,0.20927907209279073,False,0.9994000599940005
KEGG,PDOL,hsa05145,Toxoplasmosis,19,0.055226248688323085,0.059908199521154164,0.010214262318119642,-0.4583738587294267,0.620937906209379,False,0.9994000599940005
KEGG,PDOL,hsa05146,Amoebiasis,9,0.03979451563162706,0.031180600969307123,0.006954141144157792,1.2386741200322813,0.11578842115788421,False,0.9994000599940005
KEGG,PDOL,hsa05152,Tuberculosis,16,0.047986546048325925,0.0575421490766108,0.009472865002644493,-1.0087342135264554,0.8311168883111689,False,0.9994000599940005
KEGG,PDOL,hsa05160,Hepatitis C,14,0.057906843213249175,0.060579048143327235,0.012246308410670368,-0.21820493494592488,0.5369463053694631,False,0.9994000599940005
KEGG,PDOL,hsa05161,Hepatitis B,24,0.07207954354775162,0.07382218773327767,0.010891989013043347,-0.1599932008230276,0.533046695330467,False,0.9994000599940005
KEGG,PDOL,hsa05162,Measles,16,0.047726951861193904,0.05497710303254426,0.010572942591042234,-0.685726902318843,0.7226277372262774,False,0.9994000599940005
KEGG,PDOL,hsa05163,Human cytomegalovirus infection,18,0.07733220641201503,0.08181643048413098,0.013065031804165336,-0.34322335676873794,0.6033396660333966,False,0.9994000599940005
KEGG,PDOL,hsa05164,Influenza A,15,0.05721770460130145,0.05487035036478192,0.011949717407328427,0.1964359621659306,0.36646335366463356,False,0.9994000599940005
KEGG,PDOL,hsa05165,Human papillomavirus infection,18,0.05534877542505483,0.07045506536215544,0.012962510783184151,-1.1653830179796278,0.8913108689131087,False,0.9994000599940005
KEGG,PDOL,hsa05166,Human T-cell leukemia virus 1 infection,18,0.05213141530139574,0.05337621711827815,0.00996983900323654,-0.12485676212808469,0.5209479052094791,False,0.9994000599940005
KEGG,PDOL,hsa05167,Kaposi sarcoma-associated herpesvirus infection,23,0.08369604623836205,0.09487434726394713,0.0135270171510702,-0.8263685113092872,0.793920607939206,False,0.9994000599940005
KEGG,PDOL,hsa05168,Herpes simplex virus 1 infection,13,0.03406928671966142,0.04537211636342108,0.00885867383667033,-1.2759053840510295,0.9199080091990801,False,0.9994000599940005
KEGG,PDOL,hsa05169,Epstein-Barr virus infection,16,0.03934055074405101,0.05033133196942508,0.010709015198496227,-1.0263111053309002,0.8733126687331267,False,0.9994000599940005
KEGG,PDOL,hsa05170,Human immunodeficiency virus 1 infection,20,0.05088810945339397,0.05373339509963989,0.008328548763314026,-0.34163042411169703,0.581941805819418,False,0.9994000599940005
KEGG,PDOL,hsa05171,Coronavirus disease,18,0.06912228912867412,0.07030826193988324,0.012911572051785312,-0.09185347891429951,0.4664533546645335,False,0.9994000599940005
KEGG,PDOL,hsa05200,Pathways in cancer,58,0.1942598726227501,0.20873919687122106,0.01732624212608692,-0.8356875162601151,0.7981201879812019,False,0.9994000599940005
KEGG,PDOL,hsa05202,Transcriptional misregulation in cancer,16,0.0714747729657629,0.0692326797284186,0.01247088087339942,0.17978627653534326,0.38846115388461155,False,0.9994000599940005
KEGG,PDOL,hsa05203,Viral carcinogenesis,20,0.043120809163242596,0.06235895179286599,0.012285304522502817,-1.5659475590845275,0.973002699730027,False,0.9994000599940005
KEGG,PDOL,hsa05204,Chemical carcinogenesis - DNA adducts,17,0.09478915307865622,0.07405704976990819,0.014666440435832163,1.4135743024665075,0.10288971102889712,False,0.9994000599940005
KEGG,PDOL,hsa05205,Proteoglycans in cancer,26,0.08576806071884481,0.10491044065579772,0.011902952880830346,-1.608204294228672,0.9503049695030497,False,0.9994000599940005
KEGG,PDOL,hsa05206,MicroRNAs in cancer,27,0.0691905353263205,0.09505990770086646,0.014467803171607355,-1.7880649928465893,0.9892010798920108,False,0.9994000599940005
KEGG,PDOL,hsa05207,Chemical carcinogenesis - receptor activation,36,0.15814602116581752,0.12635660532265902,0.016615426098254678,1.9132471027329077,0.04559544045595441,False,0.9994000599940005
KEGG,PDOL,hsa05208,Chemical carcinogenesis - reactive oxygen species,31,0.09786544472837859,0.11866705652847886,0.015310140257772286,-1.3586819878766434,0.9331066893310669,False,0.9994000599940005
KEGG,PDOL,hsa05210,Colorectal cancer,11,0.03817320167424667,0.0412282347086817,0.00926220710194601,-0.3298385580034332,0.6007399260073992,False,0.9994000599940005
KEGG,PDOL,hsa05211,Renal cell carcinoma,11,0.03482937774468063,0.04103162723593414,0.009185830949114602,-0.6751974345719185,0.7101289871012899,False,0.9994000599940005
KEGG,PDOL,hsa05212,Pancreatic cancer,15,0.04234815153759766,0.05650243020914495,0.01140359927437269,-1.2412115097166034,0.9324067593240676,False,0.9994000599940005
KEGG,PDOL,hsa05213,Endometrial cancer,10,0.03373004442442421,0.03803435826562345,0.009129192740398577,-0.47148898742730616,0.644035596440356,False,0.9994000599940005
KEGG,PDOL,hsa05214,Glioma,12,0.033332075699896505,0.0437102258509025,0.01062274122209581,-0.976974768943721,0.844015598440156,False,0.9994000599940005
KEGG,PDOL,hsa05215,Prostate cancer,25,0.08120142595090482,0.08636293189302087,0.013539741059472504,-0.38121156966329284,0.6162383761623837,False,0.9994000599940005
KEGG,PDOL,hsa05216,Thyroid cancer,5,0.023517649879598194,0.018889898819848896,0.006535531813632172,0.7080909697503852,0.2565743425657434,False,0.9994000599940005
KEGG,PDOL,hsa05218,Melanoma,11,0.03068085107044931,0.0442543956393376,0.011220896882139618,-1.2096666346246703,0.9216078392160784,False,0.9994000599940005
KEGG,PDOL,hsa05219,Bladder cancer,11,0.05347479124506917,0.06012267218641937,0.012118644536606825,-0.5485663781348589,0.688031196880312,False,0.9994000599940005
KEGG,PDOL,hsa05220,Chronic myeloid leukemia,16,0.03585191065834523,0.048762869839556515,0.010992046091075859,-1.1745728751713784,0.9124087591240876,False,0.9994000599940005
KEGG,PDOL,hsa05221,Acute myeloid leukemia,14,0.039587239120557005,0.05275496559832245,0.009837562222289542,-1.3385151910836763,0.9229077092290771,False,0.9994000599940005
KEGG,PDOL,hsa05222,Small cell lung cancer,13,0.038757757499782206,0.04529254565741867,0.0103682340915751,-0.6302701212105568,0.6946305369463054,False,0.9994000599940005
KEGG,PDOL,hsa05223,Non-small cell lung cancer,15,0.04542442650527429,0.054633307325467464,0.01146139177914947,-0.8034696830576843,0.7765223477652234,False,0.9994000599940005
KEGG,PDOL,hsa05224,Breast cancer,16,0.04859303595210164,0.05873356450870633,0.012062766936466693,-0.8406469767685781,0.7937206279372063,False,0.9994000599940005
KEGG,PDOL,hsa05225,Hepatocellular carcinoma,17,0.05421288306693196,0.06529441708102822,0.012502994861360181,-0.8863103709930433,0.809019098090191,False,0.9994000599940005
KEGG,PDOL,hsa05226,Gastric cancer,15,0.054082205973912785,0.05858859002143144,0.010674748928428917,-0.422153633563904,0.634936506349365,False,0.9994000599940005
KEGG,PDOL,hsa05230,Central carbon metabolism in cancer,16,0.04559220514394018,0.06067649591304362,0.011121303930987035,-1.3563419238165428,0.9151084891510849,False,0.9994000599940005
KEGG,PDOL,hsa05231,Choline metabolism in cancer,12,0.03504895046449327,0.044067290696129205,0.009092193754761661,-0.9918772603050775,0.8174182581741826,False,0.9994000599940005
KEGG,PDOL,hsa05235,PD-L1 expression and PD-1 checkpoint pathway in cancer,17,0.05526960065562243,0.06429146209135651,0.009790501050868164,-0.921491289246537,0.8068193180681932,False,0.9994000599940005
KEGG,PDOL,hsa05321,Inflammatory bowel disease,6,0.023014006528088216,0.023408532501757146,0.005882168234687878,-0.06707152157640803,0.44655534446555345,False,0.9994000599940005
KEGG,PDOL,hsa05323,Rheumatoid arthritis,6,0.03393217021101661,0.026178150603640826,0.009983594082562575,0.7766761692484091,0.144985501449855,False,0.9994000599940005
KEGG,PDOL,hsa05415,Diabetic cardiomyopathy,19,0.06183910333987694,0.06732946056835354,0.010672598555818076,-0.5144349054039495,0.6726327367263274,False,0.9994000599940005
KEGG,PDOL,hsa05417,Lipid and atherosclerosis,38,0.12790157861048657,0.1376798003703356,0.015674098458503035,-0.6238458808802771,0.7195280471952805,False,0.9994000599940005
KEGG,PDOL,hsa05418,Fluid shear stress and atherosclerosis,20,0.05248159539254876,0.0628301001213491,0.00979657547640965,-1.0563389986347516,0.8479152084791521,False,0.9994000599940005
KEGG,PHOL,hsa00052,Galactose metabolism,5,0.028323706191062493,0.02002225861568004,0.010482990400468883,0.7918968975695281,0.0983901609839016,False,0.9994000599940005
KEGG,PHOL,hsa00140,Steroid hormone biosynthesis,16,0.09677396971478758,0.06735971123166383,0.014252287334815497,2.0638272153881276,0.0660933906609339,False,0.9994000599940005
KEGG,PHOL,hsa00230,Purine metabolism,6,0.010919123589109254,0.017225978522375226,0.008195057359080266,-0.7695925308293136,0.9416058394160584,False,0.9994000599940005
KEGG,PHOL,hsa00330,Arginine and proline metabolism,6,0.014610941188696793,0.015655764495069162,0.0036208774643338255,-0.28855527884167076,0.5749425057494251,False,0.9994000599940005
KEGG,PHOL,hsa00350,Tyrosine metabolism,6,0.012013088192693176,0.017875469408649952,0.008460244783075678,-0.6929328129706359,0.8618138186181382,False,0.9994000599940005
KEGG,PHOL,hsa00380,Tryptophan metabolism,8,0.02359263082132048,0.03293894575983286,0.009625725973088594,-0.9709724715457946,0.9092090790920908,False,0.9994000599940005
KEGG,PHOL,hsa00500,Starch and sucrose metabolism,5,0.01817945641860131,0.015300071436585858,0.002826981817722445,1.0185367885865024,0.1623837616238376,False,0.9994000599940005
KEGG,PHOL,hsa00590,Arachidonic acid metabolism,17,0.05924193743939291,0.07275843794606626,0.0164504720089216,-0.8216481873190589,0.8018198180181981,False,0.9994000599940005
KEGG,PHOL,hsa00591,Linoleic acid metabolism,9,0.045373369618328475,0.04143867006804794,0.012135060998019082,0.32424225563619613,0.22897710228977103,False,0.9994000599940005
KEGG,PHOL,hsa00760,Nicotinate and nicotinamide metabolism,6,0.00861910086988775,0.01281167639531195,0.004266772852538547,-0.9826104342371538,0.8621137886211379,False,0.9994000599940005
KEGG,PHOL,hsa00790,Folate biosynthesis,7,0.03033396250858471,0.02913837462672964,0.010991262392706414,0.1087762114248534,0.23427657234276572,False,0.9994000599940005
KEGG,PHOL,hsa00830,Retinol metabolism,10,0.07853338388157502,0.045240131293982265,0.010659139315517313,3.1234466125351465,0.021397860213978603,False,0.9994000599940005
KEGG,PHOL,hsa00910,Nitrogen metabolism,12,0.06602319862428287,0.059620735067501665,0.0035668814031457165,1.794975171065323,0.0453954604539546,False,0.9994000599940005
KEGG,PHOL,hsa00980,Metabolism of xenobiotics by cytochrome P450,15,0.09193434366447113,0.06334373830258846,0.014764743766624492,1.936410534025748,0.07749225077492251,False,0.9994000599940005
KEGG,PHOL,hsa00982,Drug metabolism - cytochrome P450,15,0.08787665590026467,0.061477290476486084,0.01442350575930381,1.830301583007987,0.08999100089991001,False,0.9994000599940005
KEGG,PHOL,hsa00983,Drug metabolism - other enzymes,9,0.0656157653999463,0.030060574801731854,0.011532314812095618,3.08309226530328,0.015998400159984,False,0.9994000599940005
KEGG,PHOL,hsa01100,Metabolic pathways,98,0.3693611143433927,0.3375842659085989,0.02155025400153773,1.474546352563934,0.061693830616938304,False,0.9994000599940005
KEGG,PHOL,hsa01240,Biosynthesis of cofactors,7,0.05064851130573154,0.018842921969201416,0.008236512728931878,3.861535868791732,0.024197580241975804,False,0.9994000599940005
KEGG,PHOL,hsa01521,EGFR tyrosine kinase inhibitor resistance,20,0.049000043002293055,0.06912609617859125,0.008546938790288717,-2.3547674401466416,0.9989001099890011,False,0.9994000599940005
KEGG,PHOL,hsa01522,Endocrine resistance,21,0.06207406909297416,0.083272820302099,0.011723058589023195,-1.8082952540196415,0.9922007799220078,False,0.9994000599940005
KEGG,PHOL,hsa01523,Antifolate resistance,5,0.01915655715678831,0.01687893730122596,0.0043744598980743595,0.5206631009613228,0.26047395260473954,False,0.9994000599940005
KEGG,PHOL,hsa01524,Platinum drug resistance,11,0.027913278694266717,0.03218798650931567,0.006442577330146464,-0.6635089648123433,0.7156284371562843,False,0.9994000599940005
KEGG,PHOL,hsa03083,Polycomb repressive complex,5,0.0035591811779715574,0.006143938597710803,0.0022827950693212985,-1.1322774674240577,0.9327067293270673,False,0.9994000599940005
KEGG,PHOL,hsa03320,PPAR signaling pathway,10,0.04402823059552362,0.04493493658006191,0.009826317597464784,-0.09227322194147526,0.43875612438756123,False,0.9994000599940005
KEGG,PHOL,hsa03410,Base excision repair,5,0.019147832783419166,0.020306880555581303,0.004196943036748598,-0.27616476135450696,0.5420457954204579,False,0.9994000599940005
KEGG,PHOL,hsa04010,MAPK signaling pathway,31,0.07708114364156829,0.09556764218360185,0.00982108333158144,-1.882327836745559,0.9801019898010199,False,0.9994000599940005
KEGG,PHOL,hsa04012,ErbB signaling pathway,15,0.038135710130395684,0.05278395305592567,0.007824179010852247,-1.8721763529710485,0.9888011198880112,False,0.9994000599940005
KEGG,PHOL,hsa04014,Ras signaling pathway,23,0.061355914433611644,0.07590896914675832,0.008909242100399397,-1.6334784204028163,0.9597040295970403,False,0.9994000599940005
KEGG,PHOL,hsa04015,Rap1 signaling pathway,22,0.04578204159126331,0.0659561254300177,0.008563622704493217,-2.3557884945315637,0.9979002099790021,False,0.9994000599940005
KEGG,PHOL,hsa04020,Calcium signaling pathway,42,0.05873318248061017,0.07168785020373762,0.008703431122672778,-1.4884552471932633,0.9463053694630537,False,0.9994000599940005
KEGG,PHOL,hsa04022,cGMP-PKG signaling pathway,23,0.03165193881707941,0.046467581419833,0.007173067771168583,-2.065454150914838,0.9967003299670033,False,0.9994000599940005
KEGG,PHOL,hsa04024,cAMP signaling pathway,37,0.06289880322751365,0.07303025660924614,0.008705092651887136,-1.1638535954624378,0.8808119188081192,False,0.9994000599940005
KEGG,PHOL,hsa04062,Chemokine signaling pathway,20,0.05788849541583376,0.06627051858603954,0.009010908870078773,-0.9302084052851486,0.8198180181981802,False,0.9994000599940005
KEGG,PHOL,hsa04064,NF-kappa B signaling pathway,11,0.04651035350312612,0.04161489175334573,0.0071678445652116575,0.682975433582918,0.23867613238676133,False,0.9994000599940005
KEGG,PHOL,hsa04066,HIF-1 signaling pathway,22,0.07067259335494025,0.07169860881082714,0.008688186519571975,-0.11809316634438873,0.5226477352264773,False,0.9994000599940005
KEGG,PHOL,hsa04068,FoxO signaling pathway,19,0.03354418364168759,0.04879641870018095,0.007211026584124803,-2.1151267271807614,0.9955004499550045,False,0.9994000599940005
KEGG,PHOL,hsa04071,Sphingolipid signaling pathway,19,0.045987001386380746,0.05517043846622109,0.00746970940535558,-1.2294236069285465,0.8994100589941005,False,0.9994000599940005
KEGG,PHOL,hsa04072,Phospholipase D signaling pathway,26,0.06615176711200563,0.07498102165795863,0.009753208463112168,-0.9052666698703636,0.8095190480951905,False,0.9994000599940005
KEGG,PHOL,hsa04080,Neuroactive ligand-receptor interaction,71,0.09410054434848697,0.10136745766997338,0.008967173515332204,-0.8103906218677861,0.7937206279372063,False,0.9994000599940005
KEGG,PHOL,hsa04081,Hormone signaling,30,0.050208199718577595,0.05582288900353014,0.007920441478082851,-0.7088858999197588,0.7465253474652535,False,0.9994000599940005
KEGG,PHOL,hsa04082,Neuroactive ligand signaling,60,0.07157600897209003,0.07955160666145385,0.007834071123092623,-1.0180655197083945,0.8402159784021598,False,0.9994000599940005
KEGG,PHOL,hsa04110,Cell cycle,12,0.022817242437115155,0.028400017318595202,0.008942839377434925,-0.6242731917523666,0.7728227177282272,False,0.9994000599940005
KEGG,PHOL,hsa04114,Oocyte meiosis,9,0.03034468730188529,0.02865939119271934,0.005502615226820121,0.3062718434230513,0.3351664833516648,False,0.9994000599940005
KEGG,PHOL,hsa04137,Mitophagy - animal,7,0.02161246595599409,0.025722560916654764,0.0055595572108616724,-0.739284587742133,0.7427257274272573,False,0.9994000599940005
KEGG,PHOL,hsa04140,Autophagy - animal,17,0.03706068367012149,0.047479568099603055,0.007028217403615036,-1.4824362752527411,0.948905109489051,False,0.9994000599940005
KEGG,PHOL,hsa04141,Protein processing in endoplasmic reticulum,10,0.010267928354729654,0.013706817092606799,0.0029730755663559707,-1.1566772055148635,0.8983101689831017,False,0.9994000599940005
KEGG,PHOL,hsa04144,Endocytosis,8,0.016973282620729137,0.025985394350159913,0.006050488023197225,-1.4894850952317986,0.9726027397260274,False,0.9994000599940005
KEGG,PHOL,hsa04145,Phagocytosis,12,0.025611237999651308,0.02925206627417356,0.00584209223591248,-0.6232062294637133,0.7017298270172982,False,0.9994000599940005
KEGG,PHOL,hsa04146,Peroxisome,5,0.023405999946487663,0.026693822156637907,0.011236490054645653,-0.2926022444874514,0.48435156484351566,False,0.9994000599940005
KEGG,PHOL,hsa04148,Efferocytosis,20,0.07604235198902594,0.07176364789754153,0.013021389063170592,0.32859044996867526,0.25647435256474355,False,0.9994000599940005
KEGG,PHOL,hsa04150,mTOR signaling pathway,11,0.028559898699465416,0.03595497593637556,0.006644656771374938,-1.1129359260162246,0.8713128687131287,False,0.9994000599940005
KEGG,PHOL,hsa04151,PI3K-Akt signaling pathway,36,0.08993421158193193,0.11433412619158626,0.01246545086074402,-1.957403296698566,0.9938006199380062,False,0.9994000599940005
KEGG,PHOL,hsa04152,AMPK signaling pathway,11,0.019697451499728093,0.028038860103487967,0.00604766350049819,-1.3792778984929852,0.9428057194280572,False,0.9994000599940005
KEGG,PHOL,hsa04210,Apoptosis,17,0.042071410346907506,0.04837650612387806,0.007176978913673821,-0.8785166924425365,0.7953204679532047,False,0.9994000599940005
KEGG,PHOL,hsa04211,Longevity regulating pathway,9,0.04294998102861095,0.03755127004645765,0.007164993593783625,0.7534844116032771,0.22317768223177684,False,0.9994000599940005
KEGG,PHOL,hsa04213,Longevity regulating pathway - multiple species,9,0.0133374414226477,0.02116461868677288,0.004908071493377824,-1.5947561633293112,0.979002099790021,False,0.9994000599940005
KEGG,PHOL,hsa04217,Necroptosis,11,0.025226635784996596,0.028905833101272583,0.008611920048808144,-0.42722149014669186,0.6728327167283271,False,0.9994000599940005
KEGG,PHOL,hsa04218,Cellular senescence,14,0.044512695899797804,0.04800200281739235,0.010306715708404596,-0.33854692574368733,0.5892410758924107,False,0.9994000599940005
KEGG,PHOL,hsa04261,Adrenergic signaling in cardiomyocytes,15,0.026500179240406912,0.0328616439063102,0.005879731136308061,-1.081931217334151,0.8683131686831317,False,0.9994000599940005
KEGG,PHOL,hsa04270,Vascular smooth muscle contraction,17,0.017941380168124223,0.023151000574044883,0.004712358421094804,-1.1055229548329495,0.8856114388561144,False,0.9994000599940005
KEGG,PHOL,hsa04310,Wnt signaling pathway,10,0.023846073742257345,0.02796941125234589,0.0053218778491433425,-0.7747899570359879,0.7625237476252374,False,0.9994000599940005
KEGG,PHOL,hsa04330,Notch signaling pathway,5,0.002082888257818929,0.004180949215497822,0.002122969536087662,-0.9882671051160383,0.8985101489851015,False,0.9994000599940005
KEGG,PHOL,hsa04350,TGF-beta signaling pathway,5,0.0071361206226780004,0.010435752215981484,0.0038676122109110533,-0.8531443726428363,0.8166183381661833,False,0.9994000599940005
KEGG,PHOL,hsa04360,Axon guidance,14,0.03514221945176042,0.04257858698721975,0.007204605072881941,-1.0321686560516328,0.8476152384761524,False,0.9994000599940005
KEGG,PHOL,hsa04370,VEGF signaling pathway,12,0.0348018310753485,0.04545371544081718,0.00729228145752555,-1.4607066975556824,0.9465053494650535,False,0.9994000599940005
KEGG,PHOL,hsa04371,Apelin signaling pathway,9,0.020751309144709164,0.02366858003688976,0.005352447453503673,-0.5450349428971922,0.6534346565343465,False,0.9994000599940005
KEGG,PHOL,hsa04380,Osteoclast differentiation,14,0.03939388370434315,0.047225989991799,0.007703036022684661,-1.0167557654398978,0.8366163383661633,False,0.9994000599940005
KEGG,PHOL,hsa04510,Focal adhesion,23,0.04887946743584071,0.0691222165338695,0.008579397746423457,-2.3594603836227908,0.9977002299770023,False,0.9994000599940005
KEGG,PHOL,hsa04517,IgSF CAM signaling,21,0.06815292476816659,0.0664047498613596,0.008314706988247492,0.21025093359007976,0.39106089391060894,False,0.9994000599940005
KEGG,PHOL,hsa04518,Integrin signaling,13,0.030103566417175397,0.04761923971939832,0.0077313117376482405,-2.265549999352497,0.9994000599940006,False,0.9994000599940005
KEGG,PHOL,hsa04519,Cadherin signaling,18,0.05713265349145521,0.06076965330429375,0.008303155112281933,-0.4380262398637757,0.64003599640036,False,0.9994000599940005
KEGG,PHOL,hsa04520,Adherens junction,16,0.05789196251162876,0.057750916860997675,0.008086905643437363,0.017441238571337062,0.46425357464253575,False,0.9994000599940005
KEGG,PHOL,hsa04530,Tight junction,7,0.006981228497989849,0.013129980216734111,0.0039025876745359704,-1.5755576124181163,0.9952004799520048,False,0.9994000599940005
KEGG,PHOL,hsa04540,Gap junction,16,0.03533866862024437,0.03976519320961088,0.00694172978514712,-0.6376688125829568,0.7074292570742926,False,0.9994000599940005
KEGG,PHOL,hsa04550,Signaling pathways regulating pluripotency of stem cells,12,0.02656726919260169,0.03431060581356287,0.006405734698959505,-1.2088131939368245,0.9025097490250975,False,0.9994000599940005
KEGG,PHOL,hsa04611,Platelet activation,13,0.03231007910244316,0.04605024722833186,0.010537027040076861,-1.3039890733533204,0.9705029497050295,False,0.9994000599940005
KEGG,PHOL,hsa04612,Antigen processing and presentation,5,0.007119991719297599,0.010211588697461412,0.002688254628309156,-1.1500387446959774,0.9159084091590841,False,0.9994000599940005
KEGG,PHOL,hsa04613,Neutrophil extracellular trap formation,20,0.04372013931903547,0.05433182517029345,0.007954294031528404,-1.3340826739867153,0.9196080391960804,False,0.9994000599940005
KEGG,PHOL,hsa04620,Toll-like receptor signaling pathway,14,0.04334906039551686,0.04425882509369403,0.007429939686441659,-0.12244577164432946,0.5078492150784921,False,0.9994000599940005
KEGG,PHOL,hsa04621,NOD-like receptor signaling pathway,14,0.04201042125831117,0.04082675227727741,0.006597101976506258,0.17942256846249574,0.39486051394860516,False,0.9994000599940005
KEGG,PHOL,hsa04622,RIG-I-like receptor signaling pathway,6,0.026370395942906313,0.02181506805634126,0.005212644866201087,0.8738995276854378,0.1944805519448055,False,0.9994000599940005
KEGG,PHOL,hsa04625,C-type lectin receptor signaling pathway,14,0.04693759941903707,0.055689972693100574,0.008254333392131793,-1.0603367780621087,0.8549145085491451,False,0.9994000599940005
KEGG,PHOL,hsa04630,JAK-STAT signaling pathway,16,0.045797408479774294,0.044770772920548915,0.006422671950106529,0.15984555449828808,0.40155984401559847,False,0.9994000599940005
KEGG,PHOL,hsa04650,Natural killer cell mediated cytotoxicity,11,0.034651452937505586,0.02944570420961827,0.005771252686444572,0.9020136546983113,0.18338166183381663,False,0.9994000599940005
KEGG,PHOL,hsa04657,IL-17 signaling pathway,15,0.06045744549761872,0.0702115814961493,0.0133460668115217,-0.7308622185309157,0.7811218878112188,False,0.9994000599940005
KEGG,PHOL,hsa04658,Th1 and Th2 cell differentiation,6,0.019614079380877524,0.021792613590415566,0.005197061516564895,-0.4191857653780457,0.5980401959804019,False,0.9994000599940005
KEGG,PHOL,hsa04659,Th17 cell differentiation,13,0.03821153261744198,0.041937078906595704,0.00678241093747308,-0.5492952761930038,0.677032296770323,False,0.9994000599940005
KEGG,PHOL,hsa04660,T cell receptor signaling pathway,17,0.048411808516964694,0.049132604514621196,0.007706869426691396,-0.09352643177788264,0.5025497450254974,False,0.9994000599940005
KEGG,PHOL,hsa04662,B cell receptor signaling pathway,10,0.040681754244099706,0.042830871689505876,0.007496750654952232,-0.2866731927367088,0.5785421457854215,False,0.9994000599940005
KEGG,PHOL,hsa04664,Fc epsilon RI signaling pathway,13,0.03391673662344252,0.04194902997408062,0.009934467154431043,-0.8085278481247458,0.8321167883211679,False,0.9994000599940005
KEGG,PHOL,hsa04666,Fc gamma R-mediated phagosome formation,10,0.02150153461114608,0.027808585343509912,0.006099244589786497,-1.034070800001252,0.8497150284971503,False,0.9994000599940005
KEGG,PHOL,hsa04668,TNF signaling pathway,17,0.04188140782649277,0.05511352265756577,0.011062189393888824,-1.1961569595240273,0.9408059194080592,False,0.9994000599940005
KEGG,PHOL,hsa04670,Leukocyte transendothelial migration,9,0.026373239523367994,0.027432438563834875,0.005514702458845095,-0.19206821190652243,0.5228477152284772,False,0.9994000599940005
KEGG,PHOL,hsa04713,Circadian entrainment,10,0.014092958775457687,0.015992797839874402,0.004349299294579855,-0.43681497541093933,0.6018398160183982,False,0.9994000599940005
KEGG,PHOL,hsa04720,Long-term potentiation,11,0.0187799510223953,0.024156494513340294,0.005100297869009122,-1.0541626448161823,0.8626137386261374,False,0.9994000599940005
KEGG,PHOL,hsa04722,Neurotrophin signaling pathway,18,0.04797278221065175,0.05389366958737373,0.00761681178535049,-0.7773445824287922,0.7661233876612339,False,0.9994000599940005
KEGG,PHOL,hsa04723,Retrograde endocannabinoid signaling,15,0.04409142619282805,0.03612248008232564,0.006746472299599781,1.181201931411643,0.1264873512648735,False,0.9994000599940005
KEGG,PHOL,hsa04724,Glutamatergic synapse,16,0.019806868244088876,0.02761427396563813,0.006604244210405756,-1.1821800455603653,0.8933106689331067,False,0.9994000599940005
KEGG,PHOL,hsa04725,Cholinergic synapse,21,0.034339137457906066,0.043555438327416776,0.0071442846241010745,-1.2900243137598044,0.9231076892310769,False,0.9994000599940005
KEGG,PHOL,hsa04726,Serotonergic synapse,32,0.07754592010968349,0.09788028177246451,0.017100573693665275,-1.1891040632346543,0.9385061493850615,False,0.9994000599940005
KEGG,PHOL,hsa04727,GABAergic synapse,5,0.01758268986975607,0.011235089066950605,0.0042463477675462455,1.4948377170891567,0.10238976102389762,False,0.9994000599940005
KEGG,PHOL,hsa04728,Dopaminergic synapse,19,0.03649813639134589,0.04330959005635232,0.006790189424513484,-1.0031316122663947,0.8414158584141586,False,0.9994000599940005
KEGG,PHOL,hsa04730,Long-term depression,8,0.016842996197269654,0.019020016707107425,0.004563596092795318,-0.477040576240894,0.6308369163083691,False,0.9994000599940005
KEGG,PHOL,hsa04742,Taste transduction,10,0.0056620031194429205,0.0073334627951961015,0.003086072665660355,-0.5416138428469323,0.659034096590341,False,0.9994000599940005
KEGG,PHOL,hsa04750,Inflammatory mediator regulation of TRP channels,16,0.026501978709723692,0.03520366514250636,0.005641540199339853,-1.5424309896437327,0.9575042495750425,False,0.9994000599940005
KEGG,PHOL,hsa04810,Regulation of actin cytoskeleton,18,0.027612138961775355,0.04400746563561261,0.00778058189111204,-2.1072108620264065,0.9985001499850015,False,0.9994000599940005
KEGG,PHOL,hsa04910,Insulin signaling pathway,15,0.049702952809717905,0.05093149916771799,0.007617448925065506,-0.16128055075728914,0.5264473552644735,False,0.9994000599940005
KEGG,PHOL,hsa04911,Insulin secretion,5,0.00609024085053303,0.0064121664818143475,0.0020226933375491955,-0.1591569148447289,0.45735426457354267,False,0.9994000599940005
KEGG,PHOL,hsa04912,GnRH signaling pathway,15,0.03198779349053502,0.04224123988486826,0.007035123574883964,-1.4574650018855364,0.9526047395260474,False,0.9994000599940005
KEGG,PHOL,hsa04913,Ovarian steroidogenesis,11,0.04568548206844161,0.05877192687913776,0.01381082143237732,-0.9475500696878907,0.9077092290770923,False,0.9994000599940005
KEGG,PHOL,hsa04914,Progesterone-mediated oocyte maturation,15,0.030686224210121817,0.03874131509978324,0.0062221190269878286,-1.2945896493981008,0.9174082591740826,False,0.9994000599940005
KEGG,PHOL,hsa04915,Estrogen signaling pathway,21,0.04898032879744075,0.06702179683037102,0.009020826362672664,-1.999979525998214,0.9903009699030098,False,0.9994000599940005
KEGG,PHOL,hsa04916,Melanogenesis,8,0.025199544165787884,0.03054506296813488,0.009271191441970753,-0.5765730150008327,0.7237276272372762,False,0.9994000599940005
KEGG,PHOL,hsa04917,Prolactin signaling pathway,15,0.04748393094476099,0.05923168452605605,0.008444131786585768,-1.3912328559292952,0.9305069493050695,False,0.9994000599940005
KEGG,PHOL,hsa04919,Thyroid hormone signaling pathway,19,0.05195455517366698,0.05854930357784033,0.008479059784692676,-0.7777688295203324,0.7721227877212279,False,0.9994000599940005
KEGG,PHOL,hsa04920,Adipocytokine signaling pathway,9,0.03148477992656519,0.032097806850634514,0.006260627567639539,-0.09791780735177238,0.49525047495250474,False,0.9994000599940005
KEGG,PHOL,hsa04921,Oxytocin signaling pathway,13,0.032747108162178296,0.04455174301564693,0.007441144257051608,-1.5864004843451278,0.9659034096590341,False,0.9994000599940005
KEGG,PHOL,hsa04922,Glucagon signaling pathway,7,0.014588942431683965,0.021943055335618557,0.00552020403188816,-1.3322175885986502,0.9482051794820517,False,0.9994000599940005
KEGG,PHOL,hsa04923,Regulation of lipolysis in adipocytes,11,0.03593072045830789,0.04280313960388303,0.009904283414470616,-0.6938835307897407,0.7783221677832217,False,0.9994000599940005
KEGG,PHOL,hsa04924,Renin secretion,7,0.00554967543190299,0.008357675320166163,0.0026663863963107765,-1.0531106414840448,0.8509149085091491,False,0.9994000599940005
KEGG,PHOL,hsa04925,Aldosterone synthesis and secretion,6,0.005798524271376774,0.0067131384941050785,0.002048163438100851,-0.446553339305957,0.6086391360863913,False,0.9994000599940005
KEGG,PHOL,hsa04926,Relaxin signaling pathway,18,0.060141230668431085,0.07763007401935756,0.011755409669763977,-1.4877272542793158,0.9727027297270273,False,0.9994000599940005
KEGG,PHOL,hsa04928,"Parathyroid hormone synthesis, secretion and action",12,0.02601117621723344,0.030299240025132894,0.00582813143614663,-0.7357527631076525,0.7498250174982501,False,0.9994000599940005
KEGG,PHOL,hsa04929,GnRH secretion,9,0.021154093993061965,0.024993703313637525,0.0056649332923552715,-0.6777854429031045,0.7215278472152785,False,0.9994000599940005
KEGG,PHOL,hsa04930,Type II diabetes mellitus,10,0.017274393474852826,0.017194992532022297,0.004627466869300635,0.0171586194073669,0.43465653434656537,False,0.9994000599940005
KEGG,PHOL,hsa04931,Insulin resistance,17,0.05643632264420174,0.057850075973197815,0.008105307011292747,-0.17442316830520552,0.5397460253974603,False,0.9994000599940005
KEGG,PHOL,hsa04932,Non-alcoholic fatty liver disease,15,0.05627040959546028,0.05478496686816216,0.008359611753842608,0.1776927889761528,0.406959304069593,False,0.9994000599940005
KEGG,PHOL,hsa04933,AGE-RAGE signaling pathway in diabetic complications,20,0.05885863495905114,0.06259273946024478,0.008133396804312248,-0.45910762637498004,0.6519348065193481,False,0.9994000599940005
KEGG,PHOL,hsa04934,Cushing syndrome,11,0.035691523713429936,0.04000908550862223,0.010004957262079462,-0.4315422527147223,0.628937106289371,False,0.9994000599940005
KEGG,PHOL,hsa04935,"Growth hormone synthesis, secretion and action",15,0.03028941843161768,0.040266232691891495,0.006585618871103861,-1.5149395152594871,0.9599040095990401,False,0.9994000599940005
KEGG,PHOL,hsa04936,Alcoholic liver disease,13,0.04542214872925931,0.04577453765217215,0.007744048751117439,-0.0455044814719161,0.48865113488651135,False,0.9994000599940005
KEGG,PHOL,hsa04960,Aldosterone-regulated sodium reabsorption,8,0.015592277958282313,0.017558371332287787,0.004583189330196284,-0.4289793050991574,0.6121387861213878,False,0.9994000599940005
KEGG,PHOL,hsa04970,Salivary secretion,9,0.015037958202066517,0.019531126611027867,0.004422058327763611,-1.0160807650933228,0.8664133586641336,False,0.9994000599940005
KEGG,PHOL,hsa04971,Gastric acid secretion,5,0.012421815951359633,0.01194344558310695,0.002857049234969052,0.16743511536225386,0.37876212378762125,False,0.9994000599940005
KEGG,PHOL,hsa04972,Pancreatic secretion,6,0.018588521399460805,0.02131768312882632,0.004303427738746245,-0.6341832360267834,0.7125287471252875,False,0.9994000599940005
KEGG,PHOL,hsa04973,Carbohydrate digestion and absorption,8,0.016598943540904233,0.015937072855839507,0.004036618870927321,0.1639666032955635,0.3511648835116488,False,0.9994000599940005
KEGG,PHOL,hsa04976,Bile secretion,13,0.09744381501366785,0.0497886351339519,0.00962416101215225,4.951619140571592,0.0005999400059994001,False,0.1862813718628137
KEGG,PHOL,hsa04981,Folate transport and metabolism,7,0.030608310280354514,0.024407808825653046,0.0035011239266786016,1.7710031362939145,0.050794920507949204,False,0.9994000599940005
KEGG,PHOL,hsa05010,Alzheimer disease,27,0.07761877748448053,0.08400736518204212,0.012508872794899357,-0.5107244915118664,0.6785321467853215,False,0.9994000599940005
KEGG,PHOL,hsa05012,Parkinson disease,12,0.035191529691247114,0.033731811752170326,0.005623827048253247,0.2595595359800715,0.3681631836816318,False,0.9994000599940005
KEGG,PHOL,hsa05014,Amyotrophic lateral sclerosis,11,0.020405461914551528,0.015799689914286135,0.003387353706597136,1.3596962110261153,0.10328967103289671,False,0.9994000599940005
KEGG,PHOL,hsa05016,Huntington disease,13,0.014973228922419776,0.020192446854151787,0.005028711852012095,-1.0378836738564947,0.8576142385761424,False,0.9994000599940005
KEGG,PHOL,hsa05017,Spinocerebellar ataxia,9,0.012291154690484127,0.017400623836833985,0.00456352195029543,-1.1196328629511871,0.898010198980102,False,0.9994000599940005
KEGG,PHOL,hsa05020,Prion disease,14,0.026170618857825994,0.030418384839221834,0.005946105941755396,-0.714377783208791,0.7469253074692531,False,0.9994000599940005
KEGG,PHOL,hsa05022,Pathways of neurodegeneration - multiple diseases,34,0.08243694532019938,0.08379065803848207,0.009741338925680696,-0.13896577550689182,0.5327467253274673,False,0.9994000599940005
KEGG,PHOL,hsa05030,Cocaine addiction,10,0.027065896388976808,0.02826528611201793,0.006181672193349562,-0.1940235078028666,0.5252474752524747,False,0.9994000599940005
KEGG,PHOL,hsa05031,Amphetamine addiction,13,0.023352434248428342,0.02498431804003194,0.0047160078497169005,-0.34603076237491004,0.6012398760123988,False,0.9994000599940005
KEGG,PHOL,hsa05032,Morphine addiction,8,0.028808268779954013,0.01639359983257018,0.0043881764317508344,2.8291180039063546,0.014598540145985401,False,0.9994000599940005
KEGG,PHOL,hsa05033,Nicotine addiction,5,0.01523536054573745,0.005953796797816176,0.003596241318635605,2.5809068206364554,0.025897410258974102,False,0.9994000599940005
KEGG,PHOL,hsa05034,Alcoholism,16,0.030005353494453314,0.037008236587233845,0.006041022353060713,-1.159221516409799,0.884011598840116,False,0.9994000599940005
KEGG,PHOL,hsa05100,Bacterial invasion of epithelial cells,5,0.00966510573696124,0.017782897158898414,0.005057257941682211,-1.6051764643108015,0.9926007399260074,False,0.9994000599940005
KEGG,PHOL,hsa05120,Epithelial cell signaling in Helicobacter pylori infection,10,0.04546071890074736,0.04770226933807135,0.007727936254416483,-0.2900580909997734,0.5841415858414158,False,0.9994000599940005
KEGG,PHOL,hsa05130,Pathogenic Escherichia coli infection,13,0.05440935130576478,0.044598195043578745,0.007118729035587636,1.378217405542273,0.09559044095590441,False,0.9994000599940005
KEGG,PHOL,hsa05131,Shigellosis,20,0.06879815810373624,0.06707730869427324,0.008822763908232646,0.1950465214032592,0.4012598740125987,False,0.9994000599940005
KEGG,PHOL,hsa05132,Salmonella infection,19,0.05471421014490076,0.05514710478335619,0.00748045572127052,-0.0578700890140294,0.48785121487851213,False,0.9994000599940005
KEGG,PHOL,hsa05133,Pertussis,7,0.038378127918375915,0.03129213854577392,0.006199280689589077,1.143034124023781,0.1336866313368663,False,0.9994000599940005
KEGG,PHOL,hsa05134,Legionellosis,8,0.029075364479185573,0.022993006481416525,0.005311309198461997,1.145171137754572,0.1421857814218578,False,0.9994000599940005
KEGG,PHOL,hsa05135,Yersinia infection,18,0.05415558441819051,0.06006636755391955,0.008444407773016634,-0.6999642005229108,0.7404259574042595,False,0.9994000599940005
KEGG,PHOL,hsa05140,Leishmaniasis,10,0.04122517987228157,0.03446692907214165,0.0062900958949798115,1.0744273081009381,0.14558544145585442,False,0.9994000599940005
KEGG,PHOL,hsa05142,Chagas disease,11,0.046798962833853375,0.0426319163531065,0.00714173200847604,0.5834784161322893,0.2652734726527347,False,0.9994000599940005
KEGG,PHOL,hsa05145,Toxoplasmosis,19,0.05197726741729846,0.05795170375220478,0.010154555418123164,-0.5883503599028617,0.7218278172182782,False,0.9994000599940005
KEGG,PHOL,hsa05146,Amoebiasis,9,0.03957863084964026,0.029775611554086208,0.005692539666177277,1.7220818598418464,0.05749425057494251,False,0.9994000599940005
KEGG,PHOL,hsa05152,Tuberculosis,16,0.048406597497346736,0.055295652230456474,0.007850640779945862,-0.8775149603975696,0.799020097990201,False,0.9994000599940005
KEGG,PHOL,hsa05160,Hepatitis C,14,0.047511541803606505,0.05812723360359669,0.011056354252608237,-0.9601439640454627,0.8633136686331366,False,0.9994000599940005
KEGG,PHOL,hsa05161,Hepatitis B,24,0.061402653264746525,0.06863594215065241,0.008460308818395813,-0.8549674770946973,0.7925207479252074,False,0.9994000599940005
KEGG,PHOL,hsa05162,Measles,16,0.04291786917568486,0.053544815622270106,0.01024830126231857,-1.0369471168513456,0.9068093190680931,False,0.9994000599940005
KEGG,PHOL,hsa05163,Human cytomegalovirus infection,18,0.06905688142360933,0.07861981941238046,0.011755699135328883,-0.8134725020336777,0.8053194680531947,False,0.9994000599940005
KEGG,PHOL,hsa05164,Influenza A,15,0.04895149984093579,0.05221426386255771,0.010631647174387733,-0.30689167615363616,0.5695430456954305,False,0.9994000599940005
KEGG,PHOL,hsa05165,Human papillomavirus infection,18,0.051913688590750545,0.06670580013804138,0.011315770654483042,-1.3072120316816909,0.9463053694630537,False,0.9994000599940005
KEGG,PHOL,hsa05166,Human T-cell leukemia virus 1 infection,18,0.04278848826348844,0.0489048613158986,0.007515453818779639,-0.8138394832693335,0.7765223477652234,False,0.9994000599940005
KEGG,PHOL,hsa05167,Kaposi sarcoma-associated herpesvirus infection,23,0.07670772220416633,0.09209892556667328,0.012110722724471345,-1.270874060340507,0.9322067793220677,False,0.9994000599940005
KEGG,PHOL,hsa05168,Herpes simplex virus 1 infection,13,0.03913929391072964,0.04256421573702246,0.007058458434237535,-0.4852223553063653,0.6523347665233477,False,0.9994000599940005
KEGG,PHOL,hsa05169,Epstein-Barr virus infection,16,0.0371974371756137,0.0479574999442324,0.009944874122350027,-1.0819707355004755,0.9297070292970703,False,0.9994000599940005
KEGG,PHOL,hsa05170,Human immunodeficiency virus 1 infection,20,0.04451100911134405,0.05028721770979464,0.006861405047973203,-0.8418404915705759,0.7884211578842116,False,0.9994000599940005
KEGG,PHOL,hsa05171,Coronavirus disease,18,0.0622696421508861,0.06876109570786357,0.013075928921719757,-0.4964430134057125,0.6585341465853415,False,0.9994000599940005
KEGG,PHOL,hsa05200,Pathways in cancer,58,0.1781010435043058,0.20042634940594434,0.015759308076529706,-1.4166425196603363,0.948905109489051,False,0.9994000599940005
KEGG,PHOL,hsa05202,Transcriptional misregulation in cancer,16,0.06522464642795446,0.06685185526460409,0.011484917396454167,-0.14168224119330725,0.49495050494950504,False,0.9994000599940005
KEGG,PHOL,hsa05203,Viral carcinogenesis,20,0.04367022165387969,0.05902661821991205,0.01067777546052028,-1.4381644025771743,0.9778022197780222,False,0.9994000599940005
KEGG,PHOL,hsa05204,Chemical carcinogenesis - DNA adducts,17,0.10018050252436769,0.07579327436611057,0.0150317751849808,1.6223784521886644,0.1034896510348965,False,0.9994000599940005
KEGG,PHOL,hsa05205,Proteoglycans in cancer,26,0.08209189786144329,0.09977228733226656,0.009584784066734686,-1.8446309637987048,0.9767023297670233,False,0.9994000599940005
KEGG,PHOL,hsa05206,MicroRNAs in cancer,27,0.07410045846539698,0.09375613380745053,0.013843662470879247,-1.4198320266331346,0.9717028297170283,False,0.9994000599940005
KEGG,PHOL,hsa05207,Chemical carcinogenesis - receptor activation,36,0.1513818949727842,0.1243367950372398,0.016273913943902218,1.6618681915592972,0.08639136086391361,False,0.9994000599940005
KEGG,PHOL,hsa05208,Chemical carcinogenesis - reactive oxygen species,31,0.09818775205050224,0.11750092178210617,0.014845198291937691,-1.30097081573459,0.9447055294470553,False,0.9994000599940005
KEGG,PHOL,hsa05210,Colorectal cancer,11,0.02841852878491287,0.038408634427934886,0.007025755758979317,-1.4219261223611555,0.9445055494450555,False,0.9994000599940005
KEGG,PHOL,hsa05211,Renal cell carcinoma,11,0.035197081329415916,0.038866535580717024,0.0070593589850178225,-0.5197999222151533,0.6688331166883311,False,0.9994000599940005
KEGG,PHOL,hsa05212,Pancreatic cancer,15,0.03908416251833552,0.05396209548935294,0.010403368348927031,-1.4301072952542224,0.9801019898010199,False,0.9994000599940005
KEGG,PHOL,hsa05213,Endometrial cancer,10,0.025973531848350634,0.03548314105756581,0.006915963925170707,-1.3750229631194106,0.9341065893410659,False,0.9994000599940005
KEGG,PHOL,hsa05214,Glioma,12,0.029658299938383058,0.04170689426604658,0.009801485424621028,-1.229262076684604,0.9691030896910309,False,0.9994000599940005
KEGG,PHOL,hsa05215,Prostate cancer,25,0.06836348752595318,0.08242269604988396,0.01190026656852984,-1.1814196298014235,0.92000799920008,False,0.9994000599940005
KEGG,PHOL,hsa05216,Thyroid cancer,5,0.017761900220470125,0.017740269158501177,0.005084530377247625,0.004254289061924704,0.42415758424157585,False,0.9994000599940005
KEGG,PHOL,hsa05218,Melanoma,11,0.02663397048104671,0.04232879672124982,0.01013329746441996,-1.5488370192734193,0.9956004399560044,False,0.9994000599940005
KEGG,PHOL,hsa05219,Bladder cancer,11,0.04838573776674043,0.05797619986720383,0.011153270919898161,-0.8598788794194344,0.8316168383161684,False,0.9994000599940005
KEGG,PHOL,hsa05220,Chronic myeloid leukemia,16,0.03834672310299394,0.04580605339985341,0.010018027097313198,-0.7445907486974193,0.7969203079692031,False,0.9994000599940005
KEGG,PHOL,hsa05221,Acute myeloid leukemia,14,0.03849487446373977,0.0495931669710204,0.00738451379129399,-1.5029144532663772,0.9526047395260474,False,0.9994000599940005
KEGG,PHOL,hsa05222,Small cell lung cancer,13,0.04191855268562152,0.04411943106837571,0.00991029499189614,-0.22208000715961443,0.5195480451954805,False,0.9994000599940005
KEGG,PHOL,hsa05223,Non-small cell lung cancer,15,0.03704388210025441,0.05298526252098382,0.010522396220935811,-1.5149952621069098,0.9888011198880112,False,0.9994000599940005
KEGG,PHOL,hsa05224,Breast cancer,16,0.0423705446128258,0.056806301521882416,0.010801412670455356,-1.3364693442869864,0.9606039396060394,False,0.9994000599940005
KEGG,PHOL,hsa05225,Hepatocellular carcinoma,17,0.04505977466848317,0.06216119469963014,0.011023688292874246,-1.5513337802014409,0.9842015798420158,False,0.9994000599940005
KEGG,PHOL,hsa05226,Gastric cancer,15,0.043049887658409294,0.05543189562447369,0.008184701663982,-1.51282337150458,0.9476052394760524,False,0.9994000599940005
KEGG,PHOL,hsa05230,Central carbon metabolism in cancer,16,0.045646609042593045,0.05697401540838182,0.008519396008924342,-1.3296020461923532,0.9149085091490851,False,0.9994000599940005
KEGG,PHOL,hsa05231,Choline metabolism in cancer,12,0.030071755125666087,0.04175531957205385,0.0072155569502335174,-1.619218658652489,0.9717028297170283,False,0.9994000599940005
KEGG,PHOL,hsa05235,PD-L1 expression and PD-1 checkpoint pathway in cancer,17,0.05993380136396469,0.06252084331363439,0.008370175439618517,-0.30907858124746906,0.5947405259474052,False,0.9994000599940005
KEGG,PHOL,hsa05321,Inflammatory bowel disease,6,0.02175261827344296,0.02187130269613117,0.004602966570806381,-0.025784332964950512,0.45425457454254575,False,0.9994000599940005
KEGG,PHOL,hsa05323,Rheumatoid arthritis,6,0.027310710999264996,0.027463125402107835,0.011320628934018197,-0.013463421840887094,0.29687031296870314,False,0.9994000599940005
KEGG,PHOL,hsa05415,Diabetic cardiomyopathy,19,0.053218468880942116,0.06453112539201974,0.008568365406404559,-1.320281754396446,0.9122087791220878,False,0.9994000599940005
KEGG,PHOL,hsa05417,Lipid and atherosclerosis,38,0.11167467534432002,0.1336030425734818,0.01489269543695902,-1.4724243386286149,0.9676032396760323,False,0.9994000599940005
KEGG,PHOL,hsa05418,Fluid shear stress and atherosclerosis,20,0.044051258855364414,0.059525501720607284,0.00792147553697032,-1.9534546048931198,0.9913008699130087,False,0.9994000599940005
KEGG,WHIL,hsa00052,Galactose metabolism,5,0.02730352936509813,0.017939078518003224,0.004129124923069886,2.2679020425792067,0.0674932506749325,False,0.9994000599940005
KEGG,WHIL,hsa00140,Steroid hormone biosynthesis,16,0.07488640667767171,0.06310225945077837,0.007561561865516203,1.558427668314644,0.0771922807719228,False,0.9994000599940005
KEGG,WHIL,hsa00230,Purine metabolism,6,0.012466826946877651,0.01587565302820876,0.003929662375772963,-0.8674602943874017,0.8442155784421558,False,0.9994000599940005
KEGG,WHIL,hsa00330,Arginine and proline metabolism,6,0.021334342726533846,0.01786209249990061,0.004130279609031142,0.840681637882559,0.17528247175282471,False,0.9994000599940005
KEGG,WHIL,hsa00350,Tyrosine metabolism,6,0.014961589743312492,0.01765843140585348,0.00441209747507754,-0.611238005908651,0.6648335166483351,False,0.9994000599940005
KEGG,WHIL,hsa00380,Tryptophan metabolism,8,0.028023164273221046,0.03187678734399378,0.005761700088777158,-0.6688343737777949,0.7210278972102789,False,0.9994000599940005
KEGG,WHIL,hsa00500,Starch and sucrose metabolism,5,0.016713663927850626,0.01603046136088669,0.002739149573484995,0.249421416624103,0.3180681931806819,False,0.9994000599940005
KEGG,WHIL,hsa00590,Arachidonic acid metabolism,17,0.05826384191813452,0.06669853347912431,0.008024062240989545,-1.051174742626325,0.8559144085591441,False,0.9994000599940005
KEGG,WHIL,hsa00591,Linoleic acid metabolism,9,0.03997255401749056,0.038214846072532234,0.0063700638797183394,0.2759325460698588,0.33266673332666735,False,0.9994000599940005
KEGG,WHIL,hsa00760,Nicotinate and nicotinamide metabolism,6,0.010125557719342586,0.012673156032245607,0.0034544798504835134,-0.737476674685609,0.7596240375962404,False,0.9994000599940005
KEGG,WHIL,hsa00790,Folate biosynthesis,7,0.03179097810486792,0.029116964459046723,0.00565395612620533,0.4729455952846007,0.27717228277172284,False,0.9994000599940005
KEGG,WHIL,hsa00830,Retinol metabolism,10,0.053938434590448565,0.04119404928032309,0.0060866255539160025,2.093834292455533,0.038396160383961604,False,0.9994000599940005
KEGG,WHIL,hsa00910,Nitrogen metabolism,12,0.0693676847948721,0.061077511400729416,0.003125304526443941,2.6525969946280634,0.0110988901109889,False,0.9846301084177297
KEGG,WHIL,hsa00980,Metabolism of xenobiotics by cytochrome P450,15,0.0691913407393753,0.0576933118019253,0.007464113643835025,1.5404413016871443,0.0805919408059194,False,0.9994000599940005
KEGG,WHIL,hsa00982,Drug metabolism - cytochrome P450,15,0.06889442865366938,0.057033763548731804,0.00752025824400913,1.5771619431269057,0.07689231076892311,False,0.9994000599940005
KEGG,WHIL,hsa00983,Drug metabolism - other enzymes,9,0.039719937772378686,0.026422690577618778,0.005291811605752835,2.512796785944572,0.020997900209979003,False,0.9994000599940005
KEGG,WHIL,hsa01100,Metabolic pathways,98,0.36012656237441226,0.32807682788968084,0.0130259989347539,2.460443505735396,0.007599240075992401,False,0.9846301084177297
KEGG,WHIL,hsa01240,Biosynthesis of cofactors,7,0.02876199132562137,0.019446722370013596,0.004560207102899312,2.042729364130253,0.04129587041295871,False,0.9994000599940005
KEGG,WHIL,hsa01521,EGFR tyrosine kinase inhibitor resistance,20,0.06043659119409035,0.0697708053573966,0.007028171204375004,-1.3281142265708819,0.9206079392060794,False,0.9994000599940005
KEGG,WHIL,hsa01522,Endocrine resistance,21,0.07560468452561397,0.08207059350721538,0.007989524713608542,-0.8092983266686733,0.7826217378262174,False,0.9994000599940005
KEGG,WHIL,hsa01523,Antifolate resistance,5,0.016761423418271436,0.01793147426871583,0.004102442007593659,-0.285208382782406,0.5082491750824918,False,0.9994000599940005
KEGG,WHIL,hsa01524,Platinum drug resistance,11,0.03388988353571093,0.031627586697041986,0.0050859917882330775,0.44480937698385226,0.2850714928507149,False,0.9994000599940005
KEGG,WHIL,hsa03083,Polycomb repressive complex,5,0.004375781535806048,0.006996581428055652,0.0020231693708468185,-1.2953932231351646,0.9585041495850415,False,0.9994000599940005
KEGG,WHIL,hsa03320,PPAR signaling pathway,10,0.0342992836731042,0.0424033805789426,0.005597269952678222,-1.4478660086710122,0.9707029297070293,False,0.9994000599940005
KEGG,WHIL,hsa03410,Base excision repair,5,0.018283130807607892,0.019509814751148224,0.0033206574597312226,-0.36940996125496817,0.5841415858414158,False,0.9994000599940005
KEGG,WHIL,hsa04010,MAPK signaling pathway,31,0.09350290476375578,0.09628770022168756,0.008166125539669937,-0.34101795819861225,0.6107389261073892,False,0.9994000599940005
KEGG,WHIL,hsa04012,ErbB signaling pathway,15,0.04725734522985703,0.05241074927449226,0.006204030761952964,-0.8306541734510993,0.7834216578342166,False,0.9994000599940005
KEGG,WHIL,hsa04014,Ras signaling pathway,23,0.07276664863279964,0.07696223033629358,0.007491595808560716,-0.5600384498453076,0.6865313468653135,False,0.9994000599940005
KEGG,WHIL,hsa04015,Rap1 signaling pathway,22,0.060040396590024366,0.06703955103270709,0.007107408510837996,-0.9847688411338399,0.8361163883611639,False,0.9994000599940005
KEGG,WHIL,hsa04020,Calcium signaling pathway,42,0.06635003491229838,0.07304917936511338,0.0075360926678574285,-0.8889413583497797,0.809019098090191,False,0.9994000599940005
KEGG,WHIL,hsa04022,cGMP-PKG signaling pathway,23,0.03622827652041395,0.04580311848837882,0.005901041782229596,-1.6225680687092503,0.9721027897210279,False,0.9994000599940005
KEGG,WHIL,hsa04024,cAMP signaling pathway,37,0.062003585565989214,0.07474458952359855,0.007526848195803584,-1.6927409223840577,0.9732026797320268,False,0.9994000599940005
KEGG,WHIL,hsa04062,Chemokine signaling pathway,20,0.05590153279851514,0.06521762274317443,0.007146015188073793,-1.303676202676871,0.9188081191880811,False,0.9994000599940005
KEGG,WHIL,hsa04064,NF-kappa B signaling pathway,11,0.03586152769375614,0.04118766026217491,0.006064941997253247,-0.8781835952975183,0.8029197080291971,False,0.9994000599940005
KEGG,WHIL,hsa04066,HIF-1 signaling pathway,22,0.08018758418244812,0.07388449557162821,0.007393000887071193,0.852575118967277,0.1947805219478052,False,0.9994000599940005
KEGG,WHIL,hsa04068,FoxO signaling pathway,19,0.04239252004402437,0.05046593285351992,0.006092495181410022,-1.325140614658159,0.9239076092390761,False,0.9994000599940005
KEGG,WHIL,hsa04071,Sphingolipid signaling pathway,19,0.051441750762995626,0.05690164622366428,0.006315636087566671,-0.864504443411064,0.7996200379962004,False,0.9994000599940005
KEGG,WHIL,hsa04072,Phospholipase D signaling pathway,26,0.06753845542024334,0.07393452145978809,0.00764993130819231,-0.8360945715545449,0.7909209079092091,False,0.9994000599940005
KEGG,WHIL,hsa04080,Neuroactive ligand-receptor interaction,71,0.07821968382738605,0.09747047705426812,0.0074828591508261134,-2.5726520891091167,0.9985001499850015,False,0.9994000599940005
KEGG,WHIL,hsa04081,Hormone signaling,30,0.04644433962176031,0.05541570929847658,0.006489645172985907,-1.382412972909659,0.9322067793220677,False,0.9994000599940005
KEGG,WHIL,hsa04082,Neuroactive ligand signaling,60,0.05821407736501717,0.0750448098178953,0.006531599877344785,-2.5768162117916087,0.9993000699930007,False,0.9994000599940005
KEGG,WHIL,hsa04110,Cell cycle,12,0.025256460836298147,0.028545334458723665,0.005204541906408506,-0.6319237469057232,0.6967303269673033,False,0.9994000599940005
KEGG,WHIL,hsa04114,Oocyte meiosis,9,0.02878177156913645,0.029570241361111402,0.004721230457633595,-0.16700514813889272,0.512048795120488,False,0.9994000599940005
KEGG,WHIL,hsa04137,Mitophagy - animal,7,0.019735449175646107,0.026122637540847062,0.00489139556265026,-1.3058008258363474,0.9557044295570443,False,0.9994000599940005
KEGG,WHIL,hsa04140,Autophagy - animal,17,0.04234264888998421,0.047877364577353,0.005949430614657726,-0.9302933416405941,0.8247175282471753,False,0.9994000599940005
KEGG,WHIL,hsa04141,Protein processing in endoplasmic reticulum,10,0.012035842872540224,0.015596268371120095,0.0033577743101801125,-1.0603528318700157,0.8878112188781122,False,0.9994000599940005
KEGG,WHIL,hsa04144,Endocytosis,8,0.02314162068734553,0.02548249485567212,0.004801085193497114,-0.4875718871844258,0.6303369663033697,False,0.9994000599940005
KEGG,WHIL,hsa04145,Phagocytosis,12,0.028248725317319777,0.03066526900883764,0.00512556809003528,-0.47146845950908645,0.6237376262373763,False,0.9994000599940005
KEGG,WHIL,hsa04146,Peroxisome,5,0.026807686648866597,0.02514485496766865,0.005372396311895685,0.3095139644698334,0.29727027297270275,False,0.9994000599940005
KEGG,WHIL,hsa04148,Efferocytosis,20,0.07563931204744806,0.0699992353707552,0.007660276735888615,0.7362758384783857,0.22407759224077592,False,0.9994000599940005
KEGG,WHIL,hsa04150,mTOR signaling pathway,11,0.03371237799655162,0.03594613942746073,0.005472578991079528,-0.40817344702565417,0.6135386461353864,False,0.9994000599940005
KEGG,WHIL,hsa04151,PI3K-Akt signaling pathway,36,0.09677054178437274,0.11537163772061468,0.00893671878276958,-2.0814234383323935,0.9908009199080092,False,0.9994000599940005
KEGG,WHIL,hsa04152,AMPK signaling pathway,11,0.021667755203058907,0.028117902042809874,0.0050335900042778586,-1.2814207820401007,0.9318068193180682,False,0.9994000599940005
KEGG,WHIL,hsa04210,Apoptosis,17,0.04407717882108986,0.05030706668011844,0.0062846282543810375,-0.99128979581023,0.8357164283571643,False,0.9994000599940005
KEGG,WHIL,hsa04211,Longevity regulating pathway,9,0.0417430956743626,0.03636588213816285,0.005643081122520248,0.9528860952823306,0.17148285171482852,False,0.9994000599940005
KEGG,WHIL,hsa04213,Longevity regulating pathway - multiple species,9,0.018373626424914878,0.02230976132620126,0.004232196073643175,-0.9300454971355013,0.8325167483251675,False,0.9994000599940005
KEGG,WHIL,hsa04217,Necroptosis,11,0.023675414097311054,0.030971667559817433,0.0052973379360222,-1.377343403540756,0.9553044695530447,False,0.9994000599940005
KEGG,WHIL,hsa04218,Cellular senescence,14,0.04086621211648865,0.046567093306034806,0.006532799546082364,-0.8726551533277797,0.8015198480151985,False,0.9994000599940005
KEGG,WHIL,hsa04261,Adrenergic signaling in cardiomyocytes,15,0.029235847119776212,0.03423829955942929,0.005347747473359406,-0.9354316868127246,0.8126187381261873,False,0.9994000599940005
KEGG,WHIL,hsa04270,Vascular smooth muscle contraction,17,0.023227485691710112,0.024847776084952058,0.004451978172059685,-0.3639484136312211,0.5704429557044296,False,0.9994000599940005
KEGG,WHIL,hsa04310,Wnt signaling pathway,10,0.023250928970083153,0.028528400509990753,0.004550633269435741,-1.1597224446438383,0.8959104089591041,False,0.9994000599940005
KEGG,WHIL,hsa04330,Notch signaling pathway,5,0.0020854082228954963,0.004538813356170431,0.0013683178835780059,-1.7930081618604157,0.982001799820018,False,0.9994000599940005
KEGG,WHIL,hsa04350,TGF-beta signaling pathway,5,0.00942618846208005,0.010268558285618202,0.002602948526097588,-0.3236213913154309,0.57994200579942,False,0.9994000599940005
KEGG,WHIL,hsa04360,Axon guidance,14,0.043245615798356576,0.04188783699069172,0.005693661127172302,0.23847200901806784,0.3591640835916408,False,0.9994000599940005
KEGG,WHIL,hsa04370,VEGF signaling pathway,12,0.04160627804544781,0.0458897053014487,0.006081670635423664,-0.7043175325956301,0.7324267573242675,False,0.9994000599940005
KEGG,WHIL,hsa04371,Apelin signaling pathway,9,0.026407714104234568,0.024121322318632156,0.0045394348582626825,0.5036732229873769,0.2663733626637336,False,0.9994000599940005
KEGG,WHIL,hsa04380,Osteoclast differentiation,14,0.03954740251620606,0.04602453237157315,0.00602415053002507,-1.0751938921652633,0.8705129487051295,False,0.9994000599940005
KEGG,WHIL,hsa04510,Focal adhesion,23,0.060935908878556606,0.06923539557680487,0.00686678149727932,-1.2086428993752891,0.8966103389661034,False,0.9994000599940005
KEGG,WHIL,hsa04517,IgSF CAM signaling,21,0.07841117842438293,0.06823812124468386,0.007020195302318456,1.4491131288526076,0.08489151084891511,False,0.9994000599940005
KEGG,WHIL,hsa04518,Integrin signaling,13,0.039576741048859804,0.046381900358945134,0.006014264904802593,-1.1315030877092198,0.888011198880112,False,0.9994000599940005
KEGG,WHIL,hsa04519,Cadherin signaling,18,0.05655030370736946,0.06051973749101162,0.00658503398107301,-0.6027962490476554,0.7027297270272973,False,0.9994000599940005
KEGG,WHIL,hsa04520,Adherens junction,16,0.07247422060553038,0.05816348591372371,0.006729625527233515,2.126527640192437,0.029597040295970403,False,0.9994000599940005
KEGG,WHIL,hsa04530,Tight junction,7,0.009341278116697141,0.013426657823100686,0.0033619250090213566,-1.2151906111649955,0.9659034096590341,False,0.9994000599940005
KEGG,WHIL,hsa04540,Gap junction,16,0.03560563670777002,0.03847220719307661,0.005455064328084625,-0.5254879343124261,0.6571342865713429,False,0.9994000599940005
KEGG,WHIL,hsa04550,Signaling pathways regulating pluripotency of stem cells,12,0.03129933146241037,0.03440161477401853,0.005149057668532228,-0.6024953518325007,0.6874312568743126,False,0.9994000599940005
KEGG,WHIL,hsa04611,Platelet activation,13,0.038586604261654646,0.04335088080521673,0.006171755108314438,-0.771948410127901,0.7613238676132387,False,0.9994000599940005
KEGG,WHIL,hsa04612,Antigen processing and presentation,5,0.010090968525906914,0.01171736986115575,0.0031224226271298772,-0.5208780262855766,0.6380361963803619,False,0.9994000599940005
KEGG,WHIL,hsa04613,Neutrophil extracellular trap formation,20,0.04503830590829292,0.053917653602734206,0.006288981347874855,-1.4118896532332308,0.9515048495150485,False,0.9994000599940005
KEGG,WHIL,hsa04620,Toll-like receptor signaling pathway,14,0.03886420202651952,0.04337336787376553,0.005853395933693004,-0.7703503911790054,0.7624237576242375,False,0.9994000599940005
KEGG,WHIL,hsa04621,NOD-like receptor signaling pathway,14,0.03608295249576723,0.04220049020126462,0.005795324439783046,-1.0555988312755122,0.8562143785621438,False,0.9994000599940005
KEGG,WHIL,hsa04622,RIG-I-like receptor signaling pathway,6,0.017526671118709376,0.02174109376128763,0.004399321684132689,-0.9579710112535479,0.8631136886311369,False,0.9994000599940005
KEGG,WHIL,hsa04625,C-type lectin receptor signaling pathway,14,0.050912889228952665,0.054368850284442306,0.006647013860889261,-0.5199268615677732,0.6614338566143385,False,0.9994000599940005
KEGG,WHIL,hsa04630,JAK-STAT signaling pathway,16,0.054670875419928426,0.04763801631815732,0.005838037981061478,1.2046614161445361,0.1222877712228777,False,0.9994000599940005
KEGG,WHIL,hsa04650,Natural killer cell mediated cytotoxicity,11,0.0423275271517325,0.030391715750657022,0.004838989533902579,2.4665916959422325,0.021997800219978002,False,0.9994000599940005
KEGG,WHIL,hsa04657,IL-17 signaling pathway,15,0.05451701554615185,0.06487705624550581,0.007439953615125521,-1.3924872701211295,0.9468053194680532,False,0.9994000599940005
KEGG,WHIL,hsa04658,Th1 and Th2 cell differentiation,6,0.019701331790275806,0.021741127684898675,0.004326436322991246,-0.47147253359147534,0.6043395660433957,False,0.9994000599940005
KEGG,WHIL,hsa04659,Th17 cell differentiation,13,0.0350470083855909,0.0415047562899068,0.00556913132638794,-1.159561074402658,0.8949105089491051,False,0.9994000599940005
KEGG,WHIL,hsa04660,T cell receptor signaling pathway,17,0.05430464556869152,0.048805399591103193,0.006019699151705643,0.9135416636278498,0.17818218178182182,False,0.9994000599940005
KEGG,WHIL,hsa04662,B cell receptor signaling pathway,10,0.04330070497720895,0.04103585220836103,0.005843814103605452,0.3875641368281337,0.3087691230876912,False,0.9994000599940005
KEGG,WHIL,hsa04664,Fc epsilon RI signaling pathway,13,0.0364922269943073,0.04105367852132767,0.006031755010740302,-0.7562395221454008,0.7609239076092391,False,0.9994000599940005
KEGG,WHIL,hsa04666,Fc gamma R-mediated phagosome formation,10,0.025330232063407156,0.027020588669367136,0.004779155780067378,-0.3536935567176991,0.5704429557044296,False,0.9994000599940005
KEGG,WHIL,hsa04668,TNF signaling pathway,17,0.04525547468220288,0.05192371649034321,0.006635536239274615,-1.0049288509151886,0.8485151484851515,False,0.9994000599940005
KEGG,WHIL,hsa04670,Leukocyte transendothelial migration,9,0.03196681704287112,0.02809661947991699,0.004671041381537266,0.8285513329535998,0.19118088191180882,False,0.9994000599940005
KEGG,WHIL,hsa04713,Circadian entrainment,10,0.015053306989741248,0.016047384448722005,0.003566653390234919,-0.27871434373253806,0.5234476552344766,False,0.9994000599940005
KEGG,WHIL,hsa04720,Long-term potentiation,11,0.022053245365351866,0.025406714810710402,0.0045038096718679,-0.7445850712354205,0.7458254174582541,False,0.9994000599940005
KEGG,WHIL,hsa04722,Neurotrophin signaling pathway,18,0.05253167736360648,0.05533442756533623,0.006396073394798236,-0.4381985678915373,0.6368363163683631,False,0.9994000599940005
KEGG,WHIL,hsa04723,Retrograde endocannabinoid signaling,15,0.03874752558794086,0.036244368045218286,0.00562514544670925,0.444994279070053,0.30356964303569645,False,0.9994000599940005
KEGG,WHIL,hsa04724,Glutamatergic synapse,16,0.01684079033117936,0.023887403904646633,0.004330332414839374,-1.6272685092995698,0.9814018598140186,False,0.9994000599940005
KEGG,WHIL,hsa04725,Cholinergic synapse,21,0.040134800826724173,0.04228315582275391,0.005391828927214806,-0.3984464316340034,0.6160383961603839,False,0.9994000599940005
KEGG,WHIL,hsa04726,Serotonergic synapse,32,0.08370642226051003,0.0933625222146511,0.009200519407187762,-1.0495168290822143,0.8534146585341466,False,0.9994000599940005
KEGG,WHIL,hsa04727,GABAergic synapse,5,0.01140103350468688,0.010307184589002281,0.003024484502053295,0.36166457951495373,0.2501749825017498,False,0.9994000599940005
KEGG,WHIL,hsa04728,Dopaminergic synapse,19,0.03333241344654823,0.043805209154076874,0.005891884651109151,-1.77749503387802,0.9878012198780122,False,0.9994000599940005
KEGG,WHIL,hsa04730,Long-term depression,8,0.018862334973548542,0.01970083075063303,0.003910553778083387,-0.21441867946780832,0.5000499950005,False,0.9994000599940005
KEGG,WHIL,hsa04742,Taste transduction,10,0.004166860209285936,0.007416948759113438,0.0023898743844874633,-1.359941162984816,0.9834016598340166,False,0.9994000599940005
KEGG,WHIL,hsa04750,Inflammatory mediator regulation of TRP channels,16,0.029715955424800888,0.036988464655727145,0.005226436528940661,-1.3914852291146662,0.95000499950005,False,0.9994000599940005
KEGG,WHIL,hsa04810,Regulation of actin cytoskeleton,18,0.03733465651775779,0.04196832109764218,0.0055810513676783,-0.8302494054649748,0.785021497850215,False,0.9994000599940005
KEGG,WHIL,hsa04910,Insulin signaling pathway,15,0.05544747597521108,0.05129579669125378,0.006460712828841115,0.6426039036163141,0.24567543245675433,False,0.9994000599940005
KEGG,WHIL,hsa04911,Insulin secretion,5,0.007104492568038522,0.00724813294429332,0.0023518783813307395,-0.061074746634442525,0.35006499350064996,False,0.9994000599940005
KEGG,WHIL,hsa04912,GnRH signaling pathway,15,0.03752257734830381,0.041796840511262416,0.005703000322191759,-0.7494762268075646,0.7513248675132487,False,0.9994000599940005
KEGG,WHIL,hsa04913,Ovarian steroidogenesis,11,0.04628595570355637,0.054944977308809755,0.007268494533236653,-1.1913088144537038,0.9044095590440956,False,0.9994000599940005
KEGG,WHIL,hsa04914,Progesterone-mediated oocyte maturation,15,0.04054014256627365,0.041073407674394546,0.00558740288425115,-0.09544060436808288,0.5034496550344966,False,0.9994000599940005
KEGG,WHIL,hsa04915,Estrogen signaling pathway,21,0.060126174822095625,0.06473563474230468,0.007031669436837457,-0.6555285286963359,0.7165283471652835,False,0.9994000599940005
KEGG,WHIL,hsa04916,Melanogenesis,8,0.028520244489631825,0.02953068078532815,0.0052424104976042845,-0.19274268891344576,0.49845015498450157,False,0.9994000599940005
KEGG,WHIL,hsa04917,Prolactin signaling pathway,15,0.04915444235087291,0.05797296659238636,0.00670791014122465,-1.3146455536602455,0.9253074692530747,False,0.9994000599940005
KEGG,WHIL,hsa04919,Thyroid hormone signaling pathway,19,0.04896760444386538,0.055191788059473036,0.0061557109816615906,-1.0111234322322884,0.8554144585541446,False,0.9994000599940005
KEGG,WHIL,hsa04920,Adipocytokine signaling pathway,9,0.027220490494734035,0.03179383184108883,0.00516275229561586,-0.8858339669401565,0.8066193380661933,False,0.9994000599940005
KEGG,WHIL,hsa04921,Oxytocin signaling pathway,13,0.03881149515178492,0.04292912735659629,0.005888813501323359,-0.6992295143811297,0.7346265373462654,False,0.9994000599940005
KEGG,WHIL,hsa04922,Glucagon signaling pathway,7,0.01455795417885927,0.021573359580617398,0.004451492274251836,-1.575967107106169,0.9897010298970103,False,0.9994000599940005
KEGG,WHIL,hsa04923,Regulation of lipolysis in adipocytes,11,0.0393658718524542,0.0419160094011575,0.006249206922161237,-0.4080737892771447,0.6198380161983802,False,0.9994000599940005
KEGG,WHIL,hsa04924,Renin secretion,7,0.0065631273824925,0.009515212651249022,0.0029842467981568764,-0.9892228989170005,0.8984101589841016,False,0.9994000599940005
KEGG,WHIL,hsa04925,Aldosterone synthesis and secretion,6,0.0069798502041831184,0.007641132483934053,0.002387976973831088,-0.2769215478196272,0.5274472552744726,False,0.9994000599940005
KEGG,WHIL,hsa04926,Relaxin signaling pathway,18,0.06886840850127222,0.07424168902486562,0.00757541834476588,-0.7093047907124476,0.7441255874412559,False,0.9994000599940005
KEGG,WHIL,hsa04928,"Parathyroid hormone synthesis, secretion and action",12,0.028247315809187733,0.029460697918757797,0.004653248348135185,-0.26076023001358467,0.5373462653734626,False,0.9994000599940005
KEGG,WHIL,hsa04929,GnRH secretion,9,0.025309119818466525,0.025184906274732202,0.004741892079618856,0.026194932665845695,0.42915708429157085,False,0.9994000599940005
KEGG,WHIL,hsa04930,Type II diabetes mellitus,10,0.019233022887653158,0.01770974791413173,0.0038834418309442037,0.3922486906804178,0.31196880311968805,False,0.9994000599940005
KEGG,WHIL,hsa04931,Insulin resistance,17,0.059699473717701054,0.05793281660117209,0.006873120488212043,0.2570385779732692,0.3678632136786321,False,0.9994000599940005
KEGG,WHIL,hsa04932,Non-alcoholic fatty liver disease,15,0.042716202005973945,0.0525758503112942,0.006631961001080735,-1.486686713584947,0.962003799620038,False,0.9994000599940005
KEGG,WHIL,hsa04933,AGE-RAGE signaling pathway in diabetic complications,20,0.054199300626957256,0.06294183695800602,0.006774782588001173,-1.2904526776302292,0.918008199180082,False,0.9994000599940005
KEGG,WHIL,hsa04934,Cushing syndrome,11,0.034634269285051374,0.037184140536002816,0.005786671640628958,-0.4406455747460201,0.6140385961403859,False,0.9994000599940005
KEGG,WHIL,hsa04935,"Growth hormone synthesis, secretion and action",15,0.03485904495008814,0.04125681863836944,0.005470970871315411,-1.1694037198818161,0.8966103389661034,False,0.9994000599940005
KEGG,WHIL,hsa04936,Alcoholic liver disease,13,0.034650498324001175,0.04407136260550469,0.0061605747744107806,-1.5292183970617517,0.9724027597240276,False,0.9994000599940005
KEGG,WHIL,hsa04960,Aldosterone-regulated sodium reabsorption,8,0.01993058508883128,0.017910022290889175,0.003900118753144055,0.5180772499076448,0.27347265273472654,False,0.9994000599940005
KEGG,WHIL,hsa04970,Salivary secretion,9,0.015523833658744686,0.01983485399372876,0.0039087622892348016,-1.1029118723482207,0.9123087691230877,False,0.9994000599940005
KEGG,WHIL,hsa04971,Gastric acid secretion,5,0.013191960495862786,0.012170426646247507,0.0027178173537025503,0.3758655261449479,0.24427557244275572,False,0.9994000599940005
KEGG,WHIL,hsa04972,Pancreatic secretion,6,0.019209768075965545,0.020459690587129445,0.0034197777436904804,-0.3654981711808663,0.5852414758524147,False,0.9994000599940005
KEGG,WHIL,hsa04973,Carbohydrate digestion and absorption,8,0.01632221062202093,0.015570934922434389,0.0028905592333536637,0.2599066958800573,0.30896910308969106,False,0.9994000599940005
KEGG,WHIL,hsa04976,Bile secretion,13,0.06778387314486796,0.04981538443751633,0.0062305980054193294,2.8839107725651316,0.0096990300969903,False,0.9846301084177297
KEGG,WHIL,hsa04981,Folate transport and metabolism,7,0.024494006697623222,0.025243888666667044,0.003402938124034429,-0.22036309263090054,0.5178482151784821,False,0.9994000599940005
KEGG,WHIL,hsa05010,Alzheimer disease,27,0.0814322991784034,0.08070420231744647,0.008298725020794347,0.08773599066513418,0.43495650434956507,False,0.9994000599940005
KEGG,WHIL,hsa05012,Parkinson disease,12,0.03522086722564819,0.035397644333727656,0.005414384620941776,-0.03264952907034456,0.47525247475252475,False,0.9994000599940005
KEGG,WHIL,hsa05014,Amyotrophic lateral sclerosis,11,0.02010189317889202,0.01801006953967735,0.0037245516819652356,0.5616309875208738,0.27757224277572246,False,0.9994000599940005
KEGG,WHIL,hsa05016,Huntington disease,13,0.012986618494311923,0.020829240663535892,0.0040714450379064245,-1.926250286128563,0.9972002799720028,False,0.9994000599940005
KEGG,WHIL,hsa05017,Spinocerebellar ataxia,9,0.012938831838533428,0.017819204006157816,0.0036955227075509928,-1.3206175563885494,0.9586041395860414,False,0.9994000599940005
KEGG,WHIL,hsa05020,Prion disease,14,0.030934735935737773,0.03123569432236254,0.005027648500059041,-0.05986066580056922,0.47315268473152683,False,0.9994000599940005
KEGG,WHIL,hsa05022,Pathways of neurodegeneration - multiple diseases,34,0.08224296843086122,0.08373546419627964,0.00787923423598836,-0.1894214235441121,0.5505449455054494,False,0.9994000599940005
KEGG,WHIL,hsa05030,Cocaine addiction,10,0.021685499960820597,0.026881376232765614,0.00478124809520473,-1.0867196532127525,0.8699130086991301,False,0.9994000599940005
KEGG,WHIL,hsa05031,Amphetamine addiction,13,0.020381295275291124,0.0262485180394724,0.004430363679345244,-1.3243207982077858,0.9317068293170683,False,0.9994000599940005
KEGG,WHIL,hsa05032,Morphine addiction,8,0.01893035917771795,0.015486211220454425,0.00311961275325478,1.1040306056160807,0.14878512148785122,False,0.9994000599940005
KEGG,WHIL,hsa05033,Nicotine addiction,5,0.005796463234907467,0.004596861201757565,0.0017100028405198488,0.7015204915011818,0.22827717228277172,False,0.9994000599940005
KEGG,WHIL,hsa05034,Alcoholism,16,0.03242114980757688,0.03880538051091135,0.00540905272617826,-1.1802862768256317,0.8896110388961104,False,0.9994000599940005
KEGG,WHIL,hsa05100,Bacterial invasion of epithelial cells,5,0.013296651922170017,0.01711894176816568,0.0038123386402713825,-1.0026102627975282,0.9006099390060994,False,0.9994000599940005
KEGG,WHIL,hsa05120,Epithelial cell signaling in Helicobacter pylori infection,10,0.04108081808187386,0.04648414245992899,0.006351758391879119,-0.8506816608395266,0.7882211778822118,False,0.9994000599940005
KEGG,WHIL,hsa05130,Pathogenic Escherichia coli infection,13,0.052088505198671205,0.04469766634814441,0.005913932785932569,1.2497333192739912,0.11488851114888511,False,0.9994000599940005
KEGG,WHIL,hsa05131,Shigellosis,20,0.06181872114253725,0.06540275155901909,0.006911301896797958,-0.5185752944958658,0.6646335366463354,False,0.9994000599940005
KEGG,WHIL,hsa05132,Salmonella infection,19,0.050095611093156404,0.05706068108379841,0.006492624125873795,-1.0727665510291073,0.8635136486351365,False,0.9994000599940005
KEGG,WHIL,hsa05133,Pertussis,7,0.033299666766170403,0.031171982870437206,0.0052476879249388955,0.40545168199154535,0.2906709329067093,False,0.9994000599940005
KEGG,WHIL,hsa05134,Legionellosis,8,0.021452126258344924,0.02289465478770435,0.004502665527738662,-0.3203721263488776,0.5406459354064593,False,0.9994000599940005
KEGG,WHIL,hsa05135,Yersinia infection,18,0.05048277777689975,0.05905124679841101,0.0067617664671012325,-1.2671938705958534,0.9114088591140886,False,0.9994000599940005
KEGG,WHIL,hsa05140,Leishmaniasis,10,0.04453238951579012,0.0349023752855137,0.005495771898534732,1.752258719624798,0.064993500649935,False,0.9994000599940005
KEGG,WHIL,hsa05142,Chagas disease,11,0.04342198854402485,0.04254543728809804,0.00593504428364664,0.14769076927396332,0.388961103889611,False,0.9994000599940005
KEGG,WHIL,hsa05145,Toxoplasmosis,19,0.0557408458928284,0.05957879122048616,0.006749452032893138,-0.5686306546003613,0.6975302469753024,False,0.9994000599940005
KEGG,WHIL,hsa05146,Amoebiasis,9,0.035150720263793525,0.031078996718116106,0.005079089867419047,0.8016640090966684,0.19508049195080493,False,0.9994000599940005
KEGG,WHIL,hsa05152,Tuberculosis,16,0.05195532401796298,0.05508569540008903,0.006566065425318419,-0.47674995287977046,0.6436356364363564,False,0.9994000599940005
KEGG,WHIL,hsa05160,Hepatitis C,14,0.046484002610274175,0.05460207261070609,0.0067611868736956625,-1.200687120779814,0.9086091390860914,False,0.9994000599940005
KEGG,WHIL,hsa05161,Hepatitis B,24,0.05871394112204333,0.06869874014407397,0.006876493167436187,-1.4520190421062167,0.9453054694530547,False,0.9994000599940005
KEGG,WHIL,hsa05162,Measles,16,0.043840819230786705,0.05433132481649518,0.006726121975053572,-1.559666271979095,0.9671032896710329,False,0.9994000599940005
KEGG,WHIL,hsa05163,Human cytomegalovirus infection,18,0.0659130300278488,0.07492867156341672,0.0076350665202037805,-1.1808202995626667,0.8877112288771123,False,0.9994000599940005
KEGG,WHIL,hsa05164,Influenza A,15,0.04304626262242151,0.049559597489237786,0.006498445079552436,-1.0022912846198684,0.8488151184881512,False,0.9994000599940005
KEGG,WHIL,hsa05165,Human papillomavirus infection,18,0.054948762467648,0.06296670814119279,0.007075045159053661,-1.1332713068671418,0.8885111488851115,False,0.9994000599940005
KEGG,WHIL,hsa05166,Human T-cell leukemia virus 1 infection,18,0.04336083725145955,0.04786489133872092,0.005808248069979323,-0.7754582850104415,0.7646235376462354,False,0.9994000599940005
KEGG,WHIL,hsa05167,Kaposi sarcoma-associated herpesvirus infection,23,0.0716954276520414,0.08928773274347186,0.008304672385818442,-2.1183623235363434,0.9962003799620038,False,0.9994000599940005
KEGG,WHIL,hsa05168,Herpes simplex virus 1 infection,13,0.04086598933959343,0.04243184370957315,0.005786790361105791,-0.2705911692436879,0.5567443255674432,False,0.9994000599940005
KEGG,WHIL,hsa05169,Epstein-Barr virus infection,16,0.03539794431583783,0.04824557486325502,0.00633333804594617,-2.028571734875368,0.9982001799820018,False,0.9994000599940005
KEGG,WHIL,hsa05170,Human immunodeficiency virus 1 infection,20,0.04752004269413711,0.052561172666400674,0.005890483830624532,-0.8558091520521306,0.7912208779122087,False,0.9994000599940005
KEGG,WHIL,hsa05171,Coronavirus disease,18,0.058608888718202364,0.06651435300335289,0.007483673554938692,-1.0563614549880358,0.8649135086491351,False,0.9994000599940005
KEGG,WHIL,hsa05200,Pathways in cancer,58,0.17675336429984173,0.1951060997709632,0.010255027302446745,-1.7896330189918346,0.9698030196980302,False,0.9994000599940005
KEGG,WHIL,hsa05202,Transcriptional misregulation in cancer,16,0.05022344547594613,0.06287033713310956,0.007184678943450062,-1.7602584272318833,0.9871012898710129,False,0.9994000599940005
KEGG,WHIL,hsa05203,Viral carcinogenesis,20,0.04517535016871294,0.05762105787731707,0.006810509282269613,-1.827426877018597,0.9935006499350065,False,0.9994000599940005
KEGG,WHIL,hsa05204,Chemical carcinogenesis - DNA adducts,17,0.07864698657517015,0.07066143464781344,0.008229871963803825,0.9703130209653726,0.16968303169683033,False,0.9994000599940005
KEGG,WHIL,hsa05205,Proteoglycans in cancer,26,0.09809061606075246,0.09998119397982955,0.007755422181677477,-0.24377498410643011,0.5649435056494351,False,0.9994000599940005
KEGG,WHIL,hsa05206,MicroRNAs in cancer,27,0.0835155927102675,0.09315761989355087,0.008803665595171553,-1.095228695257533,0.867013298670133,False,0.9994000599940005
KEGG,WHIL,hsa05207,Chemical carcinogenesis - receptor activation,36,0.11851391571564783,0.11635051607117057,0.009564953412518592,0.22617984125733498,0.39336066393360664,False,0.9994000599940005
KEGG,WHIL,hsa05208,Chemical carcinogenesis - reactive oxygen species,31,0.11421931640180434,0.11434753715619445,0.009666989268635073,-0.013263773324557374,0.48105189481051897,False,0.9994000599940005
KEGG,WHIL,hsa05210,Colorectal cancer,11,0.03393767909623082,0.037505688443779946,0.005396376599307157,-0.6611861277449064,0.7150284971502849,False,0.9994000599940005
KEGG,WHIL,hsa05211,Renal cell carcinoma,11,0.044617735128237856,0.03812657636795193,0.005556277467703708,1.1682567686758427,0.1324867513248675,False,0.9994000599940005
KEGG,WHIL,hsa05212,Pancreatic cancer,15,0.04611999074007288,0.05343164390809834,0.006581923012533094,-1.1108688378917284,0.8801119888011198,False,0.9994000599940005
KEGG,WHIL,hsa05213,Endometrial cancer,10,0.032878220856352364,0.033930878677405414,0.00520524869634547,-0.20223007246360897,0.508049195080492,False,0.9994000599940005
KEGG,WHIL,hsa05214,Glioma,12,0.038275957446868535,0.040891823779046536,0.005877641408657607,-0.4450537469545014,0.6241375862413758,False,0.9994000599940005
KEGG,WHIL,hsa05215,Prostate cancer,25,0.0698790960913388,0.0800313836429268,0.007861983675784544,-1.2913137409401851,0.9192080791920808,False,0.9994000599940005
KEGG,WHIL,hsa05216,Thyroid cancer,5,0.016027859828621923,0.016899716092739256,0.0037845178758572177,-0.23037446055657798,0.49375062493750627,False,0.9994000599940005
KEGG,WHIL,hsa05218,Melanoma,11,0.03481573385713266,0.03997309708949178,0.005876682275827584,-0.8775977652514552,0.8126187381261873,False,0.9994000599940005
KEGG,WHIL,hsa05219,Bladder cancer,11,0.04836076361769334,0.053113156261667606,0.00662774101790675,-0.7170456164678595,0.738026197380262,False,0.9994000599940005
KEGG,WHIL,hsa05220,Chronic myeloid leukemia,16,0.04505505098694681,0.04523640020377934,0.00611976864274552,-0.02963334521599978,0.45025497450254975,False,0.9994000599940005
KEGG,WHIL,hsa05221,Acute myeloid leukemia,14,0.0410035066757918,0.04807546542286873,0.00569212316293823,-1.2424114068934589,0.9218078192180782,False,0.9994000599940005
KEGG,WHIL,hsa05222,Small cell lung cancer,13,0.041713118567814844,0.04380395756550133,0.006309409829824566,-0.331384242596367,0.5765423457654234,False,0.9994000599940005
KEGG,WHIL,hsa05223,Non-small cell lung cancer,15,0.04276806827762968,0.051816451129689814,0.006701377393715798,-1.3502273220047616,0.9365063493650635,False,0.9994000599940005
KEGG,WHIL,hsa05224,Breast cancer,16,0.051612136885154286,0.05461875354722142,0.006849151025213432,-0.438976546290048,0.6273372662733727,False,0.9994000599940005
KEGG,WHIL,hsa05225,Hepatocellular carcinoma,17,0.05375796614656246,0.05926682160720229,0.006969342390750919,-0.7904412140736099,0.77002299770023,False,0.9994000599940005
KEGG,WHIL,hsa05226,Gastric cancer,15,0.049222785169272795,0.05382225118502974,0.006503610366426977,-0.7072173387723797,0.7341265873412659,False,0.9994000599940005
KEGG,WHIL,hsa05230,Central carbon metabolism in cancer,16,0.052204295990306356,0.053561293863132596,0.006252437031721934,-0.21703503225085988,0.5292470752924707,False,0.9994000599940005
KEGG,WHIL,hsa05231,Choline metabolism in cancer,12,0.03606302327629403,0.04127142775245011,0.005757347821066027,-0.904653433843032,0.815018498150185,False,0.9994000599940005
KEGG,WHIL,hsa05235,PD-L1 expression and PD-1 checkpoint pathway in cancer,17,0.06632952567685148,0.06341126052327455,0.007029749657408008,0.41513073662611016,0.31496850314968505,False,0.9994000599940005
KEGG,WHIL,hsa05321,Inflammatory bowel disease,6,0.01935216580292669,0.02198162488695234,0.003996601603027492,-0.6579237425200923,0.7163283671632836,False,0.9994000599940005
KEGG,WHIL,hsa05323,Rheumatoid arthritis,6,0.02151281685429636,0.025558603942766784,0.0053462250345163815,-0.7567558534012224,0.7569243075692431,False,0.9994000599940005
KEGG,WHIL,hsa05415,Diabetic cardiomyopathy,19,0.055082694104262066,0.06387044841386377,0.0070177945029441325,-1.2522102643380386,0.9077092290770923,False,0.9994000599940005
KEGG,WHIL,hsa05417,Lipid and atherosclerosis,38,0.10954323577867914,0.13057344470396637,0.009333197633786993,-2.2532694313850197,0.9956004399560044,False,0.9994000599940005
KEGG,WHIL,hsa05418,Fluid shear stress and atherosclerosis,20,0.049224846428246045,0.06023306194096804,0.006654007597109386,-1.654373751767904,0.9733026697330267,False,0.9994000599940005
