family,syndrome,term_id,term_name,n_frozen_targets,A_self,A_other1,A_other2,Delta,empirical_p_upper,BH_q_primary_family,primary_positive
KEGG,PDOL,hsa00052,Galactose metabolism,5,0.4713869685695097,0.7918968975695281,2.2679020425792067,-1.0585125015048575,0.8471152884711529,0.8841320909925814,False
KEGG,PDOL,hsa00140,Steroid hormone biosynthesis,16,1.9943390359934,2.0638272153881276,1.558427668314644,0.18321159414201404,0.40185981401859816,0.8293956318653849,False
KEGG,PDOL,hsa00230,Purine metabolism,6,-0.7379357231759969,-0.7695925308293136,-0.8674602943874017,0.0805906894323607,0.416958304169583,0.8293956318653849,False
KEGG,PDOL,hsa00330,Arginine and proline metabolism,6,0.357907191281477,-0.28855527884167076,0.840681637882559,0.0818440117610329,0.42805719428057193,0.8293956318653849,False
KEGG,PDOL,hsa00350,Tyrosine metabolism,6,-0.23772111198239354,-0.6929328129706359,-0.611238005908651,0.4143642974572499,0.2555744425557444,0.8293956318653849,False
KEGG,PDOL,hsa00380,Tryptophan metabolism,8,-0.5024545989982541,-0.9709724715457946,-0.6688343737777949,0.31744882366354066,0.35156484351564843,0.8293956318653849,False
KEGG,PDOL,hsa00500,Starch and sucrose metabolism,5,1.2327682190511822,1.0185367885865024,0.249421416624103,0.5987891164458794,0.29627037296270375,0.8293956318653849,False
KEGG,PDOL,hsa00590,Arachidonic acid metabolism,17,-0.7296772149872256,-0.8216481873190589,-1.051174742626325,0.2067342499854663,0.39736026397360263,0.8293956318653849,False
KEGG,PDOL,hsa00591,Linoleic acid metabolism,9,1.2174443896372877,0.32424225563619613,0.2759325460698588,0.9173569887842603,0.19438056194380562,0.8293956318653849,False
KEGG,PDOL,hsa00760,Nicotinate and nicotinamide metabolism,6,-0.6014528398086113,-0.9826104342371538,-0.737476674685609,0.25859071465277006,0.35896410358964104,0.8293956318653849,False
KEGG,PDOL,hsa00790,Folate biosynthesis,7,-0.49753284492700534,0.1087762114248534,0.4729455952846007,-0.7883937482817324,0.7805219478052194,0.8577251429786599,False
KEGG,PDOL,hsa00830,Retinol metabolism,10,2.5856403658220968,3.1234466125351465,2.093834292455533,-0.023000086673242937,0.48585141485851413,0.8293956318653849,False
KEGG,PDOL,hsa00910,Nitrogen metabolism,12,0.2723318812602927,1.794975171065323,2.6525969946280634,-1.9514542015864005,0.9458054194580542,0.9589590796222172,False
KEGG,PDOL,hsa00980,Metabolism of xenobiotics by cytochrome P450,15,1.780511498170168,1.936410534025748,1.5404413016871443,0.04208558031372167,0.45555444455554445,0.8293956318653849,False
KEGG,PDOL,hsa00982,Drug metabolism - cytochrome P450,15,2.0546497408824855,1.830301583007987,1.5771619431269057,0.3509179778150391,0.3581641835816418,0.8293956318653849,False
KEGG,PDOL,hsa00983,Drug metabolism - other enzymes,9,3.244173223343496,3.08309226530328,2.512796785944572,0.4462286977195702,0.29727027297270275,0.8293956318653849,False
KEGG,PDOL,hsa01100,Metabolic pathways,98,0.9304192571007647,1.474546352563934,2.460443505735396,-1.0370756720489003,0.7946205379462054,0.8597109361228826,False
KEGG,PDOL,hsa01240,Biosynthesis of cofactors,7,4.135802913303272,3.861535868791732,2.042729364130253,1.1836702968422799,0.0888911108889111,0.8293956318653849,False
KEGG,PDOL,hsa01521,EGFR tyrosine kinase inhibitor resistance,20,-1.3131028240562785,-2.3547674401466416,-1.3281142265708819,0.5283380093024832,0.32456754324567544,0.8293956318653849,False
KEGG,PDOL,hsa01522,Endocrine resistance,21,-1.546628742668475,-1.8082952540196415,-0.8092983266686733,-0.23783195232431775,0.5642435756424358,0.8293956318653849,False
KEGG,PDOL,hsa01523,Antifolate resistance,5,-0.2772179747211133,0.5206631009613228,-0.285208382782406,-0.39494533381057173,0.6075392460753924,0.8293956318653849,False
KEGG,PDOL,hsa01524,Platinum drug resistance,11,-1.024234092803078,-0.6635089648123433,0.44480937698385226,-0.9148842988888324,0.768023197680232,0.8562700282934005,False
KEGG,PDOL,hsa03083,Polycomb repressive complex,5,-0.8388872272114832,-1.1322774674240577,-1.2953932231351646,0.3749481180681279,0.257974202579742,0.8293956318653849,False
KEGG,PDOL,hsa03320,PPAR signaling pathway,10,0.7114528207242999,-0.09227322194147526,-1.4478660086710122,1.4815224360305437,0.10288971102889712,0.8293956318653849,False
KEGG,PDOL,hsa03410,Base excision repair,5,-0.21653054952829448,-0.27616476135450696,-0.36940996125496817,0.10625681177644308,0.43255674432556745,0.8293956318653849,False
KEGG,PDOL,hsa04010,MAPK signaling pathway,31,-1.0898782330545413,-1.882327836745559,-0.34101795819861225,0.021794664417544185,0.48205179482051796,0.8293956318653849,False
KEGG,PDOL,hsa04012,ErbB signaling pathway,15,-0.7716251024326318,-1.8721763529710485,-0.8306541734510993,0.579790160778442,0.30296970302969706,0.8293956318653849,False
KEGG,PDOL,hsa04014,Ras signaling pathway,23,-1.3365922253672724,-1.6334784204028163,-0.5600384498453076,-0.2398337902432104,0.5631436856314369,0.8293956318653849,False
KEGG,PDOL,hsa04015,Rap1 signaling pathway,22,-1.0903601664098443,-2.3557884945315637,-0.9847688411338399,0.5799185014228574,0.3094690530946905,0.8293956318653849,False
KEGG,PDOL,hsa04020,Calcium signaling pathway,42,-1.1479561380345455,-1.4884552471932633,-0.8889413583497797,0.040742164736975894,0.47095290470952905,0.8293956318653849,False
KEGG,PDOL,hsa04022,cGMP-PKG signaling pathway,23,-1.4393144136349714,-2.065454150914838,-1.6225680687092503,0.4046966961770726,0.3448655134486551,0.8293956318653849,False
KEGG,PDOL,hsa04024,cAMP signaling pathway,37,-0.8643146011824173,-1.1638535954624378,-1.6927409223840577,0.5639826577408306,0.3217678232176782,0.8293956318653849,False
KEGG,PDOL,hsa04062,Chemokine signaling pathway,20,-0.26787118390220854,-0.9302084052851486,-1.303676202676871,0.8490711200788013,0.24267573242675733,0.8293956318653849,False
KEGG,PDOL,hsa04064,NF-kappa B signaling pathway,11,-0.07801490523828188,0.682975433582918,-0.8781835952975183,0.01958917561901828,0.47975202479752027,0.8293956318653849,False
KEGG,PDOL,hsa04066,HIF-1 signaling pathway,22,-0.7125322761316804,-0.11809316634438873,0.852575118967277,-1.0797732524431245,0.8046195380461953,0.8597109361228826,False
KEGG,PDOL,hsa04068,FoxO signaling pathway,19,-1.248965482774261,-2.1151267271807614,-1.325140614658159,0.47116818814519923,0.33526647335266474,0.8293956318653849,False
KEGG,PDOL,hsa04071,Sphingolipid signaling pathway,19,-0.6487760109910307,-1.2294236069285465,-0.864504443411064,0.3981880141787747,0.35666433356664334,0.8293956318653849,False
KEGG,PDOL,hsa04072,Phospholipase D signaling pathway,26,-0.6308633331353076,-0.9052666698703636,-0.8360945715545449,0.2398172875771466,0.40875912408759124,0.8293956318653849,False
KEGG,PDOL,hsa04080,Neuroactive ligand-receptor interaction,71,0.7447351925695849,-0.8103906218677861,-2.5726520891091167,2.4362565480580365,0.0216978302169783,0.8293956318653849,False
KEGG,PDOL,hsa04081,Hormone signaling,30,-0.5769620856740219,-0.7088858999197588,-1.382412972909659,0.468687350740687,0.33936606339366066,0.8293956318653849,False
KEGG,PDOL,hsa04082,Neuroactive ligand signaling,60,-1.051652902275247,-1.0180655197083945,-2.5768162117916087,0.7457879634747546,0.276972302769723,0.8293956318653849,False
KEGG,PDOL,hsa04110,Cell cycle,12,-0.5445490036437287,-0.6242731917523666,-0.6319237469057232,0.08354946568531618,0.42775722427757223,0.8293956318653849,False
KEGG,PDOL,hsa04114,Oocyte meiosis,9,0.9732644443882134,0.3062718434230513,-0.16700514813889272,0.9036310967461341,0.21897810218978103,0.8293956318653849,False
KEGG,PDOL,hsa04137,Mitophagy - animal,7,-1.1332214376263197,-0.739284587742133,-1.3058008258363474,-0.11067873083707958,0.49845015498450157,0.8293956318653849,False
KEGG,PDOL,hsa04140,Autophagy - animal,17,-1.0192673067101985,-1.4824362752527411,-0.9302933416405941,0.1870975017364691,0.42495750424957507,0.8293956318653849,False
KEGG,PDOL,hsa04141,Protein processing in endoplasmic reticulum,10,0.6415735967486387,-1.1566772055148635,-1.0603528318700157,1.7500886154410784,0.07889211078892111,0.8293956318653849,False
KEGG,PDOL,hsa04144,Endocytosis,8,-1.495496243180171,-1.4894850952317986,-0.4875718871844258,-0.5069677519720588,0.6365363463653635,0.8293956318653849,False
KEGG,PDOL,hsa04145,Phagocytosis,12,-0.8327379825846355,-0.6232062294637133,-0.47146845950908645,-0.2854006380982357,0.5631436856314369,0.8293956318653849,False
KEGG,PDOL,hsa04146,Peroxisome,5,-0.47401022441949237,-0.2926022444874514,0.3095139644698334,-0.4824660844106834,0.6731326867313269,0.8293956318653849,False
KEGG,PDOL,hsa04148,Efferocytosis,20,0.5192372905187922,0.32859044996867526,0.7362758384783857,-0.013195853704738303,0.47975202479752027,0.8293956318653849,False
KEGG,PDOL,hsa04150,mTOR signaling pathway,11,-0.225696783110869,-1.1129359260162246,-0.40817344702565417,0.5348579034100704,0.3190680931906809,0.8293956318653849,False
KEGG,PDOL,hsa04151,PI3K-Akt signaling pathway,36,-1.3366436650241962,-1.957403296698566,-2.0814234383323935,0.6827697024912833,0.27507249275072493,0.8293956318653849,False
KEGG,PDOL,hsa04152,AMPK signaling pathway,11,-1.0659870742466087,-1.3792778984929852,-1.2814207820401007,0.2643622660199343,0.38776122387761225,0.8293956318653849,False
KEGG,PDOL,hsa04210,Apoptosis,17,-0.7304468658267287,-0.8785166924425365,-0.99128979581023,0.20445637829965457,0.41585841415858416,0.8293956318653849,False
KEGG,PDOL,hsa04211,Longevity regulating pathway,9,0.32925990494425467,0.7534844116032771,0.9528860952823306,-0.5239253484985491,0.6538346165383462,0.8293956318653849,False
KEGG,PDOL,hsa04213,Longevity regulating pathway - multiple species,9,-1.2096524448014592,-1.5947561633293112,-0.9300454971355013,0.052748385430947176,0.44565543445655437,0.8293956318653849,False
KEGG,PDOL,hsa04217,Necroptosis,11,0.5728792558565468,-0.42722149014669186,-1.377343403540756,1.4751617027002706,0.0665933406659334,0.8293956318653849,False
KEGG,PDOL,hsa04218,Cellular senescence,14,0.07046125949201194,-0.33854692574368733,-0.8726551533277797,0.6760622990277455,0.25817418258174185,0.8293956318653849,False
KEGG,PDOL,hsa04261,Adrenergic signaling in cardiomyocytes,15,-0.5334759351761124,-1.081931217334151,-0.9354316868127246,0.4752055168973256,0.32586741325867413,0.8293956318653849,False
KEGG,PDOL,hsa04270,Vascular smooth muscle contraction,17,0.03323309462637231,-1.1055229548329495,-0.3639484136312211,0.7679687788584577,0.23497650234976503,0.8293956318653849,False
KEGG,PDOL,hsa04310,Wnt signaling pathway,10,0.09600418103915369,-0.7747899570359879,-1.1597224446438383,1.0632603818790667,0.18888111188881113,0.8293956318653849,False
KEGG,PDOL,hsa04330,Notch signaling pathway,5,-0.7958660939402074,-0.9882671051160383,-1.7930081618604157,0.5947715395480198,0.23317668233176683,0.8293956318653849,False
KEGG,PDOL,hsa04350,TGF-beta signaling pathway,5,-0.7091156515998437,-0.8531443726428363,-0.3236213913154309,-0.12073276962071011,0.48165183481651835,0.8293956318653849,False
KEGG,PDOL,hsa04360,Axon guidance,14,-0.7160320743776907,-1.0321686560516328,0.23847200901806784,-0.3191837508609082,0.5860413958604139,0.8293956318653849,False
KEGG,PDOL,hsa04370,VEGF signaling pathway,12,-1.0846988501421955,-1.4607066975556824,-0.7043175325956301,-0.002186735066539214,0.48355164483551644,0.8293956318653849,False
KEGG,PDOL,hsa04371,Apelin signaling pathway,9,-0.38909874585461,-0.5450349428971922,0.5036732229873769,-0.36841788589970237,0.595940405959404,0.8293956318653849,False
KEGG,PDOL,hsa04380,Osteoclast differentiation,14,-0.7662372981940673,-1.0167557654398978,-1.0751938921652633,0.27973753060851325,0.39676032396760325,0.8293956318653849,False
KEGG,PDOL,hsa04510,Focal adhesion,23,-1.0776428437563506,-2.3594603836227908,-1.2086428993752891,0.7064087977426894,0.2832716728327167,0.8293956318653849,False
KEGG,PDOL,hsa04517,IgSF CAM signaling,21,-0.30628305130139705,0.21025093359007976,1.4491131288526076,-1.1359650825227408,0.8191180881911809,0.8680415234927019,False
KEGG,PDOL,hsa04518,Integrin signaling,13,-1.324192489717996,-2.265549999352497,-1.1315030877092198,0.37433405381286233,0.3715628437156284,0.8293956318653849,False
KEGG,PDOL,hsa04519,Cadherin signaling,18,0.5879292575059606,-0.4380262398637757,-0.6027962490476554,1.108340501961676,0.1800819918008199,0.8293956318653849,False
KEGG,PDOL,hsa04520,Adherens junction,16,-0.8843203737484201,0.017441238571337062,2.126527640192437,-1.9563048131303074,0.9524047595240476,0.9632627942417484,False
KEGG,PDOL,hsa04530,Tight junction,7,-0.8956959476092868,-1.5755576124181163,-1.2151906111649955,0.49967816418226907,0.2763723627637236,0.8293956318653849,False
KEGG,PDOL,hsa04540,Gap junction,16,-0.5244434353799491,-0.6376688125829568,-0.5254879343124261,0.05713493806774239,0.46455354464553544,0.8293956318653849,False
KEGG,PDOL,hsa04550,Signaling pathways regulating pluripotency of stem cells,12,-0.16156269468090367,-1.2088131939368245,-0.6024953518325007,0.7440915782037589,0.26317368263173685,0.8293956318653849,False
KEGG,PDOL,hsa04611,Platelet activation,13,-1.1905585623757085,-1.3039890733533204,-0.771948410127901,-0.15258982063509774,0.5276472352764724,0.8293956318653849,False
KEGG,PDOL,hsa04612,Antigen processing and presentation,5,0.28878373129632096,-1.1500387446959774,-0.5208780262855766,1.124242116787098,0.16578342165783422,0.8293956318653849,False
KEGG,PDOL,hsa04613,Neutrophil extracellular trap formation,20,-1.2489732537026685,-1.3340826739867153,-1.4118896532332308,0.12401290990730462,0.44785521447855214,0.8293956318653849,False
KEGG,PDOL,hsa04620,Toll-like receptor signaling pathway,14,0.6042583573079676,-0.12244577164432946,-0.7703503911790054,1.050656438719635,0.18748125187481252,0.8293956318653849,False
KEGG,PDOL,hsa04621,NOD-like receptor signaling pathway,14,0.9796529923911529,0.17942256846249574,-1.0555988312755122,1.4177411237976612,0.1284871512848715,0.8293956318653849,False
KEGG,PDOL,hsa04622,RIG-I-like receptor signaling pathway,6,1.474842227091293,0.8738995276854378,-0.9579710112535479,1.5168779688753482,0.1207879212078792,0.8293956318653849,False
KEGG,PDOL,hsa04625,C-type lectin receptor signaling pathway,14,-1.3642296246334504,-1.0603367780621087,-0.5199268615677732,-0.5740978048185095,0.668933106689331,0.8293956318653849,False
KEGG,PDOL,hsa04630,JAK-STAT signaling pathway,16,-1.219611246527308,0.15984555449828808,1.2046614161445361,-1.90186473184872,0.9466053394660534,0.9589590796222172,False
KEGG,PDOL,hsa04650,Natural killer cell mediated cytotoxicity,11,-0.32021152688033705,0.9020136546983113,2.4665916959422325,-2.004514202200609,0.9623037696230377,0.970114676844004,False
KEGG,PDOL,hsa04657,IL-17 signaling pathway,15,-0.0003721833727472733,-0.7308622185309157,-1.3924872701211295,1.0613025609532754,0.17838216178382163,0.8293956318653849,False
KEGG,PDOL,hsa04658,Th1 and Th2 cell differentiation,6,-0.10835823440530273,-0.4191857653780457,-0.47147253359147534,0.3369709150794578,0.35256474352564743,0.8293956318653849,False
KEGG,PDOL,hsa04659,Th17 cell differentiation,13,0.2731881709728027,-0.5492952761930038,-1.159561074402658,1.1276163462706337,0.17598240175982402,0.8293956318653849,False
KEGG,PDOL,hsa04660,T cell receptor signaling pathway,17,-0.08809598212768183,-0.09352643177788264,0.9135416636278498,-0.4981035980526654,0.6434356564343565,0.8293956318653849,False
KEGG,PDOL,hsa04662,B cell receptor signaling pathway,10,-0.4746026749406213,-0.2866731927367088,0.3875641368281337,-0.5250481469863337,0.6505349465053495,0.8293956318653849,False
KEGG,PDOL,hsa04664,Fc epsilon RI signaling pathway,13,-0.36392419636345974,-0.8085278481247458,-0.7562395221454008,0.41845948877161354,0.33326667333266674,0.8293956318653849,False
KEGG,PDOL,hsa04666,Fc gamma R-mediated phagosome formation,10,-0.7082609678061874,-1.034070800001252,-0.3536935567176991,-0.014378789446711893,0.4771522847715228,0.8293956318653849,False
KEGG,PDOL,hsa04668,TNF signaling pathway,17,-1.0108688242291382,-1.1961569595240273,-1.0049288509151886,0.08967408099046992,0.44855514448555145,0.8293956318653849,False
KEGG,PDOL,hsa04670,Leukocyte transendothelial migration,9,-0.5137828806203606,-0.19206821190652243,0.8285513329535998,-0.8320244411438993,0.7442255774422558,0.8463826377874096,False
KEGG,PDOL,hsa04713,Circadian entrainment,10,-0.4238022994496545,-0.43681497541093933,-0.27871434373253806,-0.06603763987791578,0.4831516848315168,0.8293956318653849,False
KEGG,PDOL,hsa04720,Long-term potentiation,11,-0.48298744885571127,-1.0541626448161823,-0.7445850712354205,0.4163864091700901,0.33356664333566644,0.8293956318653849,False
KEGG,PDOL,hsa04722,Neurotrophin signaling pathway,18,-0.1543932897674301,-0.7773445824287922,-0.4381985678915373,0.45337828539273467,0.3418658134186581,0.8293956318653849,False
KEGG,PDOL,hsa04723,Retrograde endocannabinoid signaling,15,1.8532656822309586,1.181201931411643,0.444994279070053,1.0401675769901106,0.19338066193380662,0.8293956318653849,False
KEGG,PDOL,hsa04724,Glutamatergic synapse,16,-1.0860244997046486,-1.1821800455603653,-1.6272685092995698,0.3186997777253189,0.3842615738426157,0.8293956318653849,False
KEGG,PDOL,hsa04725,Cholinergic synapse,21,-1.1599972180665217,-1.2900243137598044,-0.3984464316340034,-0.3157618453696178,0.5827417258274172,0.8293956318653849,False
KEGG,PDOL,hsa04726,Serotonergic synapse,32,-0.913876833458597,-1.1891040632346543,-1.0495168290822143,0.20543361269983718,0.41135886411358863,0.8293956318653849,False
KEGG,PDOL,hsa04727,GABAergic synapse,5,1.7073466080978483,1.4948377170891567,0.36166457951495373,0.7790954597957931,0.22027797220277973,0.8293956318653849,False
KEGG,PDOL,hsa04728,Dopaminergic synapse,19,0.5401354821004518,-1.0031316122663947,-1.77749503387802,1.9304488051726592,0.06269373062693731,0.8293956318653849,False
KEGG,PDOL,hsa04730,Long-term depression,8,-0.25970222617850125,-0.477040576240894,-0.21441867946780832,0.08602740167584993,0.42445755424457554,0.8293956318653849,False
KEGG,PDOL,hsa04742,Taste transduction,10,-0.8092167046894714,-0.5416138428469323,-1.359941162984816,0.14156079822640266,0.39346065393460655,0.8293956318653849,False
KEGG,PDOL,hsa04750,Inflammatory mediator regulation of TRP channels,16,-0.20555090787732558,-1.5424309896437327,-1.3914852291146662,1.2614072015018738,0.15398460153984603,0.8293956318653849,False
KEGG,PDOL,hsa04810,Regulation of actin cytoskeleton,18,-1.5208841328866831,-2.1072108620264065,-0.8302494054649748,-0.0521539991409925,0.5043495650434956,0.8293956318653849,False
KEGG,PDOL,hsa04910,Insulin signaling pathway,15,0.530261816506736,-0.16128055075728914,0.6426039036163141,0.28960014007722346,0.39346065393460655,0.8293956318653849,False
KEGG,PDOL,hsa04911,Insulin secretion,5,0.25604700254042556,-0.1591569148447289,-0.061074746634442525,0.3661628332800113,0.387961203879612,0.8293956318653849,False
KEGG,PDOL,hsa04912,GnRH signaling pathway,15,-0.7777068768959116,-1.4574650018855364,-0.7494762268075646,0.3257637374506389,0.38196180381961803,0.8293956318653849,False
KEGG,PDOL,hsa04913,Ovarian steroidogenesis,11,-1.0250907102394753,-0.9475500696878907,-1.1913088144537038,0.044338731831321976,0.44515548445155484,0.8293956318653849,False
KEGG,PDOL,hsa04914,Progesterone-mediated oocyte maturation,15,-0.41457681889800485,-1.2945896493981008,-0.09544060436808288,0.280438307985087,0.38196180381961803,0.8293956318653849,False
KEGG,PDOL,hsa04915,Estrogen signaling pathway,21,-1.6110059423083591,-1.999979525998214,-0.6555285286963359,-0.28325191496108415,0.5883411658834117,0.8293956318653849,False
KEGG,PDOL,hsa04916,Melanogenesis,8,-0.10327901958495597,-0.5765730150008327,-0.19274268891344576,0.2813788323721832,0.3601639836016398,0.8293956318653849,False
KEGG,PDOL,hsa04917,Prolactin signaling pathway,15,-0.6673894925068319,-1.3912328559292952,-1.3146455536602455,0.6855497122879385,0.27997200279972,0.8293956318653849,False
KEGG,PDOL,hsa04919,Thyroid hormone signaling pathway,19,0.13154271036446272,-0.7777688295203324,-1.0111234322322884,1.0259888412407732,0.20187981201879812,0.8293956318653849,False
KEGG,PDOL,hsa04920,Adipocytokine signaling pathway,9,0.4201123453165523,-0.09791780735177238,-0.8858339669401565,0.9119882324625167,0.22317768223177684,0.8293956318653849,False
KEGG,PDOL,hsa04921,Oxytocin signaling pathway,13,-1.3947202967245929,-1.5864004843451278,-0.6992295143811297,-0.25190529736146416,0.5613438656134386,0.8293956318653849,False
KEGG,PDOL,hsa04922,Glucagon signaling pathway,7,-0.6949607450445328,-1.3322175885986502,-1.575967107106169,0.759131602807877,0.253974602539746,0.8293956318653849,False
KEGG,PDOL,hsa04923,Regulation of lipolysis in adipocytes,11,-1.042516441293498,-0.6938835307897407,-0.4080737892771447,-0.4915377812600552,0.6483351664833517,0.8293956318653849,False
KEGG,PDOL,hsa04924,Renin secretion,7,-0.6446171158952778,-1.0531106414840448,-0.9892228989170005,0.3765496543052449,0.3243675632436756,0.8293956318653849,False
KEGG,PDOL,hsa04925,Aldosterone synthesis and secretion,6,0.14332127358216962,-0.446553339305957,-0.2769215478196272,0.5050587171449616,0.34366563343665635,0.8293956318653849,False
KEGG,PDOL,hsa04926,Relaxin signaling pathway,18,-1.415392600314337,-1.4877272542793158,-0.7093047907124476,-0.31687657781845524,0.593040695930407,0.8293956318653849,False
KEGG,PDOL,hsa04928,"Parathyroid hormone synthesis, secretion and action",12,-0.06545286302247307,-0.7357527631076525,-0.26076023001358467,0.4328036335381455,0.3504649535046495,0.8293956318653849,False
KEGG,PDOL,hsa04929,GnRH secretion,9,-0.4706657848421737,-0.6777854429031045,0.026194932665845695,-0.1448705297235443,0.5085491450854914,0.8293956318653849,False
KEGG,PDOL,hsa04930,Type II diabetes mellitus,10,0.13901242699424068,0.0171586194073669,0.3922486906804178,-0.06569122804965166,0.47165283471652836,0.8293956318653849,False
KEGG,PDOL,hsa04931,Insulin resistance,17,0.19963727477390544,-0.17442316830520552,0.2570385779732692,0.15832956993987363,0.43545645435456454,0.8293956318653849,False
KEGG,PDOL,hsa04932,Non-alcoholic fatty liver disease,15,1.4484571493243847,0.1776927889761528,-1.486686713584947,2.1029541116287818,0.048095190480951906,0.8293956318653849,False
KEGG,PDOL,hsa04933,AGE-RAGE signaling pathway in diabetic complications,20,0.20223164121695714,-0.45910762637498004,-1.2904526776302292,1.0770117932195618,0.18598140185981402,0.8293956318653849,False
KEGG,PDOL,hsa04934,Cushing syndrome,11,0.049929215115399835,-0.4315422527147223,-0.4406455747460201,0.48602312884577104,0.31186881311868814,0.8293956318653849,False
KEGG,PDOL,hsa04935,"Growth hormone synthesis, secretion and action",15,-0.08410570111662062,-1.5149395152594871,-1.1694037198818161,1.2580659164540309,0.15328467153284672,0.8293956318653849,False
KEGG,PDOL,hsa04936,Alcoholic liver disease,13,1.3541396781124229,-0.0455044814719161,-1.5292183970617517,2.141501117379257,0.0453954604539546,0.8293956318653849,False
KEGG,PDOL,hsa04960,Aldosterone-regulated sodium reabsorption,8,-0.5645761514174464,-0.4289793050991574,0.5180772499076448,-0.6091251238216902,0.6756324367563243,0.8308272143082721,False
KEGG,PDOL,hsa04970,Salivary secretion,9,-0.8108980787938171,-1.0160807650933228,-1.1029118723482207,0.24859823992695462,0.36906309369063095,0.8293956318653849,False
KEGG,PDOL,hsa04971,Gastric acid secretion,5,-0.12673056878341935,0.16743511536225386,0.3758655261449479,-0.3983808895370202,0.6109389061093891,0.8293956318653849,False
KEGG,PDOL,hsa04972,Pancreatic secretion,6,-0.5857757968671804,-0.6341832360267834,-0.3654981711808663,-0.08593509326335558,0.5036496350364964,0.8293956318653849,False
KEGG,PDOL,hsa04973,Carbohydrate digestion and absorption,8,-0.1484276003722561,0.1639666032955635,0.2599066958800573,-0.36036424996006655,0.5909409059094091,0.8293956318653849,False
KEGG,PDOL,hsa04976,Bile secretion,13,4.912510619755267,4.951619140571592,2.8839107725651316,0.9947456631869054,0.17028297170282972,0.8293956318653849,False
KEGG,PDOL,hsa04981,Folate transport and metabolism,7,2.200569717457479,1.7710031362939145,-0.22036309263090054,1.425249695625972,0.12338766123387661,0.8293956318653849,False
KEGG,PDOL,hsa05010,Alzheimer disease,27,-0.4601562550075579,-0.5107244915118664,0.08773599066513418,-0.2486620045841918,0.5684431556844316,0.8293956318653849,False
KEGG,PDOL,hsa05012,Parkinson disease,12,1.2777216176980384,0.2595595359800715,-0.03264952907034456,1.164266614243175,0.16868313168683133,0.8293956318653849,False
KEGG,PDOL,hsa05014,Amyotrophic lateral sclerosis,11,0.07448806150750768,1.3596962110261153,0.5616309875208738,-0.8861755377659869,0.7669233076692331,0.8562700282934005,False
KEGG,PDOL,hsa05016,Huntington disease,13,-0.6040106073809185,-1.0378836738564947,-1.926250286128563,0.8780563726116105,0.22547745225477453,0.8293956318653849,False
KEGG,PDOL,hsa05017,Spinocerebellar ataxia,9,-0.61804887528255,-1.1196328629511871,-1.3206175563885494,0.6020763343873182,0.2793720627937206,0.8293956318653849,False
KEGG,PDOL,hsa05020,Prion disease,14,0.08035088146243587,-0.714377783208791,-0.05986066580056922,0.46747010596711597,0.3354664533546645,0.8293956318653849,False
KEGG,PDOL,hsa05022,Pathways of neurodegeneration - multiple diseases,34,-0.10222455868298329,-0.13896577550689182,-0.1894214235441121,0.061969040842518655,0.46325367463253675,0.8293956318653849,False
KEGG,PDOL,hsa05030,Cocaine addiction,10,-0.15288569044228142,-0.1940235078028666,-1.0867196532127525,0.4874858900655282,0.32326767323267674,0.8293956318653849,False
KEGG,PDOL,hsa05031,Amphetamine addiction,13,0.11669957202499384,-0.34603076237491004,-1.3243207982077858,0.9518753523163418,0.20877912208779123,0.8293956318653849,False
KEGG,PDOL,hsa05032,Morphine addiction,8,2.3887887406917243,2.8291180039063546,1.1040306056160807,0.42221443593050667,0.31886811318868113,0.8293956318653849,False
KEGG,PDOL,hsa05033,Nicotine addiction,5,2.1184167848930726,2.5809068206364554,0.7015204915011818,0.477203128824254,0.28587141285871415,0.8293956318653849,False
KEGG,PDOL,hsa05034,Alcoholism,16,-0.16490448870924726,-1.159221516409799,-1.1802862768256317,1.004849407908468,0.20467953204679531,0.8293956318653849,False
KEGG,PDOL,hsa05100,Bacterial invasion of epithelial cells,5,-1.3291781964717047,-1.6051764643108015,-1.0026102627975282,-0.02528483291753969,0.4694530546945305,0.8293956318653849,False
KEGG,PDOL,hsa05120,Epithelial cell signaling in Helicobacter pylori infection,10,-0.042690991481424564,-0.2900580909997734,-0.8506816608395266,0.5276788844382255,0.32966703329667035,0.8293956318653849,False
KEGG,PDOL,hsa05130,Pathogenic Escherichia coli infection,13,0.7541980770758411,1.378217405542273,1.2497333192739912,-0.559777285332291,0.6633336666333367,0.8293956318653849,False
KEGG,PDOL,hsa05131,Shigellosis,20,1.2307647250577827,0.1950465214032592,-0.5185752944958658,1.392529111604086,0.12838716128387162,0.8293956318653849,False
KEGG,PDOL,hsa05132,Salmonella infection,19,0.7646136516991263,-0.0578700890140294,-1.0727665510291073,1.3299319717206948,0.1396860313968603,0.8293956318653849,False
KEGG,PDOL,hsa05133,Pertussis,7,1.2644742698228182,1.143034124023781,0.40545168199154535,0.490231366815155,0.3324667533246675,0.8293956318653849,False
KEGG,PDOL,hsa05134,Legionellosis,8,1.4742131534396032,1.145171137754572,-0.3203721263488776,1.0618136477367561,0.1917808219178082,0.8293956318653849,False
KEGG,PDOL,hsa05135,Yersinia infection,18,0.32052915014950634,-0.6999642005229108,-1.2671938705958534,1.3041081857088885,0.1404859514048595,0.8293956318653849,False
KEGG,PDOL,hsa05140,Leishmaniasis,10,-0.12635629152955,1.0744273081009381,1.752258719624798,-1.539699305392418,0.908009199080092,0.9320226655020449,False
KEGG,PDOL,hsa05142,Chagas disease,11,0.8070709718390793,0.5834784161322893,0.14769076927396332,0.44148637913595296,0.34926507349265073,0.8293956318653849,False
KEGG,PDOL,hsa05145,Toxoplasmosis,19,-0.4583738587294267,-0.5883503599028617,-0.5686306546003613,0.12011664852218484,0.42055794420557946,0.8293956318653849,False
KEGG,PDOL,hsa05146,Amoebiasis,9,1.2386741200322813,1.7220818598418464,0.8016640090966684,-0.023198814436976134,0.47385261473852613,0.8293956318653849,False
KEGG,PDOL,hsa05152,Tuberculosis,16,-1.0087342135264554,-0.8775149603975696,-0.47674995287977046,-0.33160175688778537,0.5962403759624038,0.8293956318653849,False
KEGG,PDOL,hsa05160,Hepatitis C,14,-0.21820493494592488,-0.9601439640454627,-1.200687120779814,0.8622106074667134,0.22057794220577942,0.8293956318653849,False
KEGG,PDOL,hsa05161,Hepatitis B,24,-0.1599932008230276,-0.8549674770946973,-1.4520190421062167,0.9935000587774294,0.20567943205679431,0.8293956318653849,False
KEGG,PDOL,hsa05162,Measles,16,-0.685726902318843,-1.0369471168513456,-1.559666271979095,0.6125797920963771,0.2713728627137286,0.8293956318653849,False
KEGG,PDOL,hsa05163,Human cytomegalovirus infection,18,-0.34322335676873794,-0.8134725020336777,-1.1808202995626667,0.6539230440294342,0.2806719328067193,0.8293956318653849,False
KEGG,PDOL,hsa05164,Influenza A,15,0.1964359621659306,-0.30689167615363616,-1.0022912846198684,0.8510274425526829,0.2221777822217778,0.8293956318653849,False
KEGG,PDOL,hsa05165,Human papillomavirus infection,18,-1.1653830179796278,-1.3072120316816909,-1.1332713068671418,0.05485865129478862,0.46955304469553044,0.8293956318653849,False
KEGG,PDOL,hsa05166,Human T-cell leukemia virus 1 infection,18,-0.12485676212808469,-0.8138394832693335,-0.7754582850104415,0.6697921220118028,0.28157184281571845,0.8293956318653849,False
KEGG,PDOL,hsa05167,Kaposi sarcoma-associated herpesvirus infection,23,-0.8263685113092872,-1.270874060340507,-2.1183623235363434,0.8682496806291381,0.22917708229177083,0.8293956318653849,False
KEGG,PDOL,hsa05168,Herpes simplex virus 1 infection,13,-1.2759053840510295,-0.4852223553063653,-0.2705911692436879,-0.8979986217760029,0.7632236776322368,0.85608731545618,False
KEGG,PDOL,hsa05169,Epstein-Barr virus infection,16,-1.0263111053309002,-1.0819707355004755,-2.028571734875368,0.5289601298570217,0.29557044295570445,0.8293956318653849,False
KEGG,PDOL,hsa05170,Human immunodeficiency virus 1 infection,20,-0.34163042411169703,-0.8418404915705759,-0.8558091520521306,0.5071943976996562,0.3210678932106789,0.8293956318653849,False
KEGG,PDOL,hsa05171,Coronavirus disease,18,-0.09185347891429951,-0.4964430134057125,-1.0563614549880358,0.6845487552825746,0.25947405259474055,0.8293956318653849,False
KEGG,PDOL,hsa05200,Pathways in cancer,58,-0.8356875162601151,-1.4166425196603363,-1.7896330189918346,0.7674502530659703,0.2586741325867413,0.8293956318653849,False
KEGG,PDOL,hsa05202,Transcriptional misregulation in cancer,16,0.17978627653534326,-0.14168224119330725,-1.7602584272318833,1.1307566107479385,0.16478352164783522,0.8293956318653849,False
KEGG,PDOL,hsa05203,Viral carcinogenesis,20,-1.5659475590845275,-1.4381644025771743,-1.827426877018597,0.06684808071335802,0.46085391460853914,0.8293956318653849,False
KEGG,PDOL,hsa05204,Chemical carcinogenesis - DNA adducts,17,1.4135743024665075,1.6223784521886644,0.9703130209653726,0.11722856588948893,0.43275672432756723,0.8293956318653849,False
KEGG,PDOL,hsa05205,Proteoglycans in cancer,26,-1.608204294228672,-1.8446309637987048,-0.24377498410643011,-0.5640013202761045,0.6704329567043296,0.8293956318653849,False
KEGG,PDOL,hsa05206,MicroRNAs in cancer,27,-1.7880649928465893,-1.4198320266331346,-1.095228695257533,-0.5305346319012556,0.664933506649335,0.8293956318653849,False
KEGG,PDOL,hsa05207,Chemical carcinogenesis - receptor activation,36,1.9132471027329077,1.6618681915592972,0.22617984125733498,0.9692230863245915,0.20427957204279573,0.8293956318653849,False
KEGG,PDOL,hsa05208,Chemical carcinogenesis - reactive oxygen species,31,-1.3586819878766434,-1.30097081573459,-0.013263773324557374,-0.7015646933470697,0.7134286571342866,0.8433422817414076,False
KEGG,PDOL,hsa05210,Colorectal cancer,11,-0.3298385580034332,-1.4219261223611555,-0.6611861277449064,0.7117175670495978,0.27187281271872815,0.8293956318653849,False
KEGG,PDOL,hsa05211,Renal cell carcinoma,11,-0.6751974345719185,-0.5197999222151533,1.1682567686758427,-0.9994258578022632,0.788021197880212,0.8597109361228826,False
KEGG,PDOL,hsa05212,Pancreatic cancer,15,-1.2412115097166034,-1.4301072952542224,-1.1108688378917284,0.029276556856371982,0.46085391460853914,0.8293956318653849,False
KEGG,PDOL,hsa05213,Endometrial cancer,10,-0.47148898742730616,-1.3750229631194106,-0.20223007246360897,0.31713753036420367,0.3802619738026197,0.8293956318653849,False
KEGG,PDOL,hsa05214,Glioma,12,-0.976974768943721,-1.229262076684604,-0.4450537469545014,-0.13981685712416836,0.5222477752224778,0.8293956318653849,False
KEGG,PDOL,hsa05215,Prostate cancer,25,-0.38121156966329284,-1.1814196298014235,-1.2913137409401851,0.8551551157075116,0.22567743225677434,0.8293956318653849,False
KEGG,PDOL,hsa05216,Thyroid cancer,5,0.7080909697503852,0.004254289061924704,-0.23037446055657798,0.8211510554977118,0.24287571242875713,0.8293956318653849,False
KEGG,PDOL,hsa05218,Melanoma,11,-1.2096666346246703,-1.5488370192734193,-0.8775977652514552,0.0035507576377669103,0.47385261473852613,0.8293956318653849,False
KEGG,PDOL,hsa05219,Bladder cancer,11,-0.5485663781348589,-0.8598788794194344,-0.7170456164678595,0.23989586980878808,0.4056594340565943,0.8293956318653849,False
KEGG,PDOL,hsa05220,Chronic myeloid leukemia,16,-1.1745728751713784,-0.7445907486974193,-0.02963334521599978,-0.7874608282146689,0.7438256174382561,0.8463826377874096,False
KEGG,PDOL,hsa05221,Acute myeloid leukemia,14,-1.3385151910836763,-1.5029144532663772,-1.2424114068934589,0.03414773899624168,0.47605239476052397,0.8293956318653849,False
KEGG,PDOL,hsa05222,Small cell lung cancer,13,-0.6302701212105568,-0.22208000715961443,-0.331384242596367,-0.3535379963325661,0.6006399360063993,0.8293956318653849,False
KEGG,PDOL,hsa05223,Non-small cell lung cancer,15,-0.8034696830576843,-1.5149952621069098,-1.3502273220047616,0.6291416089981513,0.28077192280771923,0.8293956318653849,False
KEGG,PDOL,hsa05224,Breast cancer,16,-0.8406469767685781,-1.3364693442869864,-0.438976546290048,0.047075968519939004,0.46165383461653836,0.8293956318653849,False
KEGG,PDOL,hsa05225,Hepatocellular carcinoma,17,-0.8863103709930433,-1.5513337802014409,-0.7904412140736099,0.28457712614448205,0.38436156384361564,0.8293956318653849,False
KEGG,PDOL,hsa05226,Gastric cancer,15,-0.422153633563904,-1.51282337150458,-0.7072173387723797,0.687866721574576,0.28317168283171684,0.8293956318653849,False
KEGG,PDOL,hsa05230,Central carbon metabolism in cancer,16,-1.3563419238165428,-1.3296020461923532,-0.21703503225085988,-0.5830233845949363,0.6724327567243276,0.8293956318653849,False
KEGG,PDOL,hsa05231,Choline metabolism in cancer,12,-0.9918772603050775,-1.619218658652489,-0.904653433843032,0.27005878594268296,0.40255974402559747,0.8293956318653849,False
KEGG,PDOL,hsa05235,PD-L1 expression and PD-1 checkpoint pathway in cancer,17,-0.921491289246537,-0.30907858124746906,0.41513073662611016,-0.9745173669358576,0.7826217378262174,0.8577251429786599,False
KEGG,PDOL,hsa05321,Inflammatory bowel disease,6,-0.06707152157640803,-0.025784332964950512,-0.6579237425200923,0.2747825161661134,0.3825617438256174,0.8293956318653849,False
KEGG,PDOL,hsa05323,Rheumatoid arthritis,6,0.7766761692484091,-0.013463421840887094,-0.7567558534012224,1.1617858068694638,0.1322867713228677,0.8293956318653849,False
KEGG,PDOL,hsa05415,Diabetic cardiomyopathy,19,-0.5144349054039495,-1.320281754396446,-1.2522102643380386,0.7718111039632928,0.26037396260373963,0.8293956318653849,False
KEGG,PDOL,hsa05417,Lipid and atherosclerosis,38,-0.6238458808802771,-1.4724243386286149,-2.2532694313850197,1.2390010041265402,0.14908509149085092,0.8293956318653849,False
KEGG,PDOL,hsa05418,Fluid shear stress and atherosclerosis,20,-1.0563389986347516,-1.9534546048931198,-1.654373751767904,0.7475751796957604,0.2652734726527347,0.8293956318653849,False
KEGG,PHOL,hsa00052,Galactose metabolism,5,0.7918968975695281,0.4713869685695097,2.2679020425792067,-0.5777476080048302,0.756024397560244,0.8536202743362028,False
KEGG,PHOL,hsa00140,Steroid hormone biosynthesis,16,2.0638272153881276,1.9943390359934,1.558427668314644,0.28744386323410565,0.3448655134486551,0.8293956318653849,False
KEGG,PHOL,hsa00230,Purine metabolism,6,-0.7695925308293136,-0.7379357231759969,-0.8674602943874017,0.03310547795238572,0.44245575442455753,0.8293956318653849,False
KEGG,PHOL,hsa00330,Arginine and proline metabolism,6,-0.28855527884167076,0.357907191281477,0.840681637882559,-0.8878496934236888,0.7622237776222378,0.85608731545618,False
KEGG,PHOL,hsa00350,Tyrosine metabolism,6,-0.6929328129706359,-0.23772111198239354,-0.611238005908651,-0.26845325402511366,0.5972402759724028,0.8293956318653849,False
KEGG,PHOL,hsa00380,Tryptophan metabolism,8,-0.9709724715457946,-0.5024545989982541,-0.6688343737777949,-0.3853279851577701,0.6260373962603739,0.8293956318653849,False
KEGG,PHOL,hsa00500,Starch and sucrose metabolism,5,1.0185367885865024,1.2327682190511822,0.249421416624103,0.2774419707488598,0.39346065393460655,0.8293956318653849,False
KEGG,PHOL,hsa00590,Arachidonic acid metabolism,17,-0.8216481873190589,-0.7296772149872256,-1.051174742626325,0.06877779148771634,0.43145685431456854,0.8293956318653849,False
KEGG,PHOL,hsa00591,Linoleic acid metabolism,9,0.32424225563619613,1.2174443896372877,0.2759325460698588,-0.4224462122173771,0.6194380561943805,0.8293956318653849,False
KEGG,PHOL,hsa00760,Nicotinate and nicotinamide metabolism,6,-0.9826104342371538,-0.6014528398086113,-0.737476674685609,-0.3131456769900436,0.5785421457854215,0.8293956318653849,False
KEGG,PHOL,hsa00790,Folate biosynthesis,7,0.1087762114248534,-0.49753284492700534,0.4729455952846007,0.12106983624605573,0.38786121387861217,0.8293956318653849,False
KEGG,PHOL,hsa00830,Retinol metabolism,10,3.1234466125351465,2.5856403658220968,2.093834292455533,0.7837092833963317,0.21437856214378562,0.8293956318653849,False
KEGG,PHOL,hsa00910,Nitrogen metabolism,12,1.794975171065323,0.2723318812602927,2.6525969946280634,0.332510733121145,0.38476152384761525,0.8293956318653849,False
KEGG,PHOL,hsa00980,Metabolism of xenobiotics by cytochrome P450,15,1.936410534025748,1.780511498170168,1.5404413016871443,0.275934134097092,0.35466453354664534,0.8293956318653849,False
KEGG,PHOL,hsa00982,Drug metabolism - cytochrome P450,15,1.830301583007987,2.0546497408824855,1.5771619431269057,0.014395741003291329,0.4460553944605539,0.8293956318653849,False
KEGG,PHOL,hsa00983,Drug metabolism - other enzymes,9,3.08309226530328,3.244173223343496,2.512796785944572,0.20460726065924595,0.35566443355664434,0.8293956318653849,False
KEGG,PHOL,hsa01100,Metabolic pathways,98,1.474546352563934,0.9304192571007647,2.460443505735396,-0.2208850288541464,0.5762423757624238,0.8293956318653849,False
KEGG,PHOL,hsa01240,Biosynthesis of cofactors,7,3.861535868791732,4.135802913303272,2.042729364130253,0.772269730074969,0.1374862513748625,0.8293956318653849,False
KEGG,PHOL,hsa01521,EGFR tyrosine kinase inhibitor resistance,20,-2.3547674401466416,-1.3131028240562785,-1.3281142265708819,-1.0341589148330614,0.7987201279872013,0.8597109361228826,False
KEGG,PHOL,hsa01522,Endocrine resistance,21,-1.8082952540196415,-1.546628742668475,-0.8092983266686733,-0.6303317193510674,0.6990300969903009,0.8413708629137087,False
KEGG,PHOL,hsa01523,Antifolate resistance,5,0.5206631009613228,-0.2772179747211133,-0.285208382782406,0.8018762797130825,0.23527647235276472,0.8293956318653849,False
KEGG,PHOL,hsa01524,Platinum drug resistance,11,-0.6635089648123433,-1.024234092803078,0.44480937698385226,-0.3737966069027305,0.6036396360363964,0.8293956318653849,False
KEGG,PHOL,hsa03083,Polycomb repressive complex,5,-1.1322774674240577,-0.8388872272114832,-1.2953932231351646,-0.0651372422507337,0.48705129487051296,0.8293956318653849,False
KEGG,PHOL,hsa03320,PPAR signaling pathway,10,-0.09227322194147526,0.7114528207242999,-1.4478660086710122,0.2759333720318809,0.34506549345065496,0.8293956318653849,False
KEGG,PHOL,hsa03410,Base excision repair,5,-0.27616476135450696,-0.21653054952829448,-0.36940996125496817,0.01680549403712439,0.46415358464153583,0.8293956318653849,False
KEGG,PHOL,hsa04010,MAPK signaling pathway,31,-1.882327836745559,-1.0898782330545413,-0.34101795819861225,-1.1668797411189822,0.8289171082891711,0.8754379664074409,False
KEGG,PHOL,hsa04012,ErbB signaling pathway,15,-1.8721763529710485,-0.7716251024326318,-0.8306541734510993,-1.0710367150291829,0.8057194280571943,0.8597109361228826,False
KEGG,PHOL,hsa04014,Ras signaling pathway,23,-1.6334784204028163,-1.3365922253672724,-0.5600384498453076,-0.6851630827965263,0.7045295470452955,0.8413708629137087,False
KEGG,PHOL,hsa04015,Rap1 signaling pathway,22,-2.3557884945315637,-1.0903601664098443,-0.9847688411338399,-1.3182239907597215,0.8595140485951405,0.8940673771818797,False
KEGG,PHOL,hsa04020,Calcium signaling pathway,42,-1.4884552471932633,-1.1479561380345455,-0.8889413583497797,-0.4700064990011006,0.6457354264573543,0.8293956318653849,False
KEGG,PHOL,hsa04022,cGMP-PKG signaling pathway,23,-2.065454150914838,-1.4393144136349714,-1.6225680687092503,-0.534512909742727,0.6587341265873413,0.8293956318653849,False
KEGG,PHOL,hsa04024,cAMP signaling pathway,37,-1.1638535954624378,-0.8643146011824173,-1.6927409223840577,0.11467416632079974,0.4537546245375462,0.8293956318653849,False
KEGG,PHOL,hsa04062,Chemokine signaling pathway,20,-0.9302084052851486,-0.26787118390220854,-1.303676202676871,-0.14443471199560887,0.5388461153884612,0.8293956318653849,False
KEGG,PHOL,hsa04064,NF-kappa B signaling pathway,11,0.682975433582918,-0.07801490523828188,-0.8781835952975183,1.1610746838508181,0.17128287171282872,0.8293956318653849,False
KEGG,PHOL,hsa04066,HIF-1 signaling pathway,22,-0.11809316634438873,-0.7125322761316804,0.852575118967277,-0.18811458776218704,0.5495450454954505,0.8293956318653849,False
KEGG,PHOL,hsa04068,FoxO signaling pathway,19,-2.1151267271807614,-1.248965482774261,-1.325140614658159,-0.8280736784645515,0.7426257374262574,0.8463826377874096,False
KEGG,PHOL,hsa04071,Sphingolipid signaling pathway,19,-1.2294236069285465,-0.6487760109910307,-0.864504443411064,-0.4727833797274992,0.6446355364463554,0.8293956318653849,False
KEGG,PHOL,hsa04072,Phospholipase D signaling pathway,26,-0.9052666698703636,-0.6308633331353076,-0.8360945715545449,-0.1717877175254373,0.5440455954404559,0.8293956318653849,False
KEGG,PHOL,hsa04080,Neuroactive ligand-receptor interaction,71,-0.8103906218677861,0.7447351925695849,-2.5726520891091167,0.10356782640197981,0.46535346465353467,0.8293956318653849,False
KEGG,PHOL,hsa04081,Hormone signaling,30,-0.7088858999197588,-0.5769620856740219,-1.382412972909659,0.27080162937208163,0.40215978402159785,0.8293956318653849,False
KEGG,PHOL,hsa04082,Neuroactive ligand signaling,60,-1.0180655197083945,-1.051652902275247,-2.5768162117916087,0.7961690373250332,0.260973902609739,0.8293956318653849,False
KEGG,PHOL,hsa04110,Cell cycle,12,-0.6242731917523666,-0.5445490036437287,-0.6319237469057232,-0.036036816477640676,0.4794520547945205,0.8293956318653849,False
KEGG,PHOL,hsa04114,Oocyte meiosis,9,0.3062718434230513,0.9732644443882134,-0.16700514813889272,-0.09685780470160904,0.51004899510049,0.8293956318653849,False
KEGG,PHOL,hsa04137,Mitophagy - animal,7,-0.739284587742133,-1.1332214376263197,-1.3058008258363474,0.4802265439892006,0.33136686331366866,0.8293956318653849,False
KEGG,PHOL,hsa04140,Autophagy - animal,17,-1.4824362752527411,-1.0192673067101985,-0.9302933416405941,-0.5076559510773448,0.6511348865113489,0.8293956318653849,False
KEGG,PHOL,hsa04141,Protein processing in endoplasmic reticulum,10,-1.1566772055148635,0.6415735967486387,-1.0603528318700157,-0.947287587954175,0.7807219278072193,0.8577251429786599,False
KEGG,PHOL,hsa04144,Endocytosis,8,-1.4894850952317986,-1.495496243180171,-0.4875718871844258,-0.49795103004950025,0.6496350364963503,0.8293956318653849,False
KEGG,PHOL,hsa04145,Phagocytosis,12,-0.6232062294637133,-0.8327379825846355,-0.47146845950908645,0.028896991583147624,0.4687531246875312,0.8293956318653849,False
KEGG,PHOL,hsa04146,Peroxisome,5,-0.2926022444874514,-0.47401022441949237,0.3095139644698334,-0.21035411451262195,0.5567443255674432,0.8293956318653849,False
KEGG,PHOL,hsa04148,Efferocytosis,20,0.32859044996867526,0.5192372905187922,0.7362758384783857,-0.2991661145299137,0.5689431056894311,0.8293956318653849,False
KEGG,PHOL,hsa04150,mTOR signaling pathway,11,-1.1129359260162246,-0.225696783110869,-0.40817344702565417,-0.796000810947963,0.7378262173782622,0.8463826377874096,False
KEGG,PHOL,hsa04151,PI3K-Akt signaling pathway,36,-1.957403296698566,-1.3366436650241962,-2.0814234383323935,-0.2483697450202711,0.5602439756024398,0.8293956318653849,False
KEGG,PHOL,hsa04152,AMPK signaling pathway,11,-1.3792778984929852,-1.0659870742466087,-1.2814207820401007,-0.20557397034963043,0.553944605539446,0.8293956318653849,False
KEGG,PHOL,hsa04210,Apoptosis,17,-0.8785166924425365,-0.7304468658267287,-0.99128979581023,-0.01764836162405714,0.49325067493250674,0.8293956318653849,False
KEGG,PHOL,hsa04211,Longevity regulating pathway,9,0.7534844116032771,0.32925990494425467,0.9528860952823306,0.11241141148998446,0.45635436456354367,0.8293956318653849,False
KEGG,PHOL,hsa04213,Longevity regulating pathway - multiple species,9,-1.5947561633293112,-1.2096524448014592,-0.9300454971355013,-0.524907192360831,0.655034496550345,0.8293956318653849,False
KEGG,PHOL,hsa04217,Necroptosis,11,-0.42722149014669186,0.5728792558565468,-1.377343403540756,-0.024989416304587286,0.47495250474952505,0.8293956318653849,False
KEGG,PHOL,hsa04218,Cellular senescence,14,-0.33854692574368733,0.07046125949201194,-0.8726551533277797,0.0625500211741965,0.4433556644335566,0.8293956318653849,False
KEGG,PHOL,hsa04261,Adrenergic signaling in cardiomyocytes,15,-1.081931217334151,-0.5334759351761124,-0.9354316868127246,-0.34747740633973256,0.5976402359764024,0.8293956318653849,False
KEGG,PHOL,hsa04270,Vascular smooth muscle contraction,17,-1.1055229548329495,0.03323309462637231,-0.3639484136312211,-0.9401652953305251,0.7838216178382161,0.8577251429786599,False
KEGG,PHOL,hsa04310,Wnt signaling pathway,10,-0.7747899570359879,0.09600418103915369,-1.1597224446438383,-0.2429308252336455,0.5631436856314369,0.8293956318653849,False
KEGG,PHOL,hsa04330,Notch signaling pathway,5,-0.9882671051160383,-0.7958660939402074,-1.7930081618604157,0.3061700227842732,0.34036596340365965,0.8293956318653849,False
KEGG,PHOL,hsa04350,TGF-beta signaling pathway,5,-0.8531443726428363,-0.7091156515998437,-0.3236213913154309,-0.33677585118519904,0.58994100589941,0.8293956318653849,False
KEGG,PHOL,hsa04360,Axon guidance,14,-1.0321686560516328,-0.7160320743776907,0.23847200901806784,-0.7933886233718214,0.7313268673132687,0.8455373793475671,False
KEGG,PHOL,hsa04370,VEGF signaling pathway,12,-1.4607066975556824,-1.0846988501421955,-0.7043175325956301,-0.5661985061867696,0.6708329167083291,0.8293956318653849,False
KEGG,PHOL,hsa04371,Apelin signaling pathway,9,-0.5450349428971922,-0.38909874585461,0.5036732229873769,-0.6023221814635757,0.684931506849315,0.8327372742177837,False
KEGG,PHOL,hsa04380,Osteoclast differentiation,14,-1.0167557654398978,-0.7662372981940673,-1.0751938921652633,-0.09604017026023248,0.5187481251874813,0.8293956318653849,False
KEGG,PHOL,hsa04510,Focal adhesion,23,-2.3594603836227908,-1.0776428437563506,-1.2086428993752891,-1.216317512056971,0.8367163283671633,0.8794872201968992,False
KEGG,PHOL,hsa04517,IgSF CAM signaling,21,0.21025093359007976,-0.30628305130139705,1.4491131288526076,-0.36116410518552555,0.6089391060893911,0.8293956318653849,False
KEGG,PHOL,hsa04518,Integrin signaling,13,-2.265549999352497,-1.324192489717996,-1.1315030877092198,-1.037702210638889,0.7973202679732027,0.8597109361228826,False
KEGG,PHOL,hsa04519,Cadherin signaling,18,-0.4380262398637757,0.5879292575059606,-0.6027962490476554,-0.4305927440929283,0.6283371662833717,0.8293956318653849,False
KEGG,PHOL,hsa04520,Adherens junction,16,0.017441238571337062,-0.8843203737484201,2.126527640192437,-0.6036623946506715,0.6819318068193181,0.832349574472808,False
KEGG,PHOL,hsa04530,Tight junction,7,-1.5755576124181163,-0.8956959476092868,-1.2151906111649955,-0.5201143330309752,0.6593340665933407,0.8293956318653849,False
KEGG,PHOL,hsa04540,Gap junction,16,-0.6376688125829568,-0.5244434353799491,-0.5254879343124261,-0.11270312773676916,0.5244475552444755,0.8293956318653849,False
KEGG,PHOL,hsa04550,Signaling pathways regulating pluripotency of stem cells,12,-1.2088131939368245,-0.16156269468090367,-0.6024953518325007,-0.8267841706801223,0.7446255374462554,0.8463826377874096,False
KEGG,PHOL,hsa04611,Platelet activation,13,-1.3039890733533204,-1.1905585623757085,-0.771948410127901,-0.3227355871015156,0.5863413658634137,0.8293956318653849,False
KEGG,PHOL,hsa04612,Antigen processing and presentation,5,-1.1500387446959774,0.28878373129632096,-0.5208780262855766,-1.0339915972013496,0.808019198080192,0.8598663210602017,False
KEGG,PHOL,hsa04613,Neutrophil extracellular trap formation,20,-1.3340826739867153,-1.2489732537026685,-1.4118896532332308,-0.003651220518765541,0.49205079492050796,0.8293956318653849,False
KEGG,PHOL,hsa04620,Toll-like receptor signaling pathway,14,-0.12244577164432946,0.6042583573079676,-0.7703503911790054,-0.039399754708810575,0.5008499150084992,0.8293956318653849,False
KEGG,PHOL,hsa04621,NOD-like receptor signaling pathway,14,0.17942256846249574,0.9796529923911529,-1.0555988312755122,0.21739548790467542,0.41235876412358763,0.8293956318653849,False
KEGG,PHOL,hsa04622,RIG-I-like receptor signaling pathway,6,0.8738995276854378,1.474842227091293,-0.9579710112535479,0.6154639197665652,0.28917108289171084,0.8293956318653849,False
KEGG,PHOL,hsa04625,C-type lectin receptor signaling pathway,14,-1.0603367780621087,-1.3642296246334504,-0.5199268615677732,-0.11825853496149685,0.5243475652434757,0.8293956318653849,False
KEGG,PHOL,hsa04630,JAK-STAT signaling pathway,16,0.15984555449828808,-1.219611246527308,1.2046614161445361,0.16732046968967396,0.42655734426557346,0.8293956318653849,False
KEGG,PHOL,hsa04650,Natural killer cell mediated cytotoxicity,11,0.9020136546983113,-0.32021152688033705,2.4665916959422325,-0.17117642983263637,0.5418458154184581,0.8293956318653849,False
KEGG,PHOL,hsa04657,IL-17 signaling pathway,15,-0.7308622185309157,-0.0003721833727472733,-1.3924872701211295,-0.03443249178397734,0.46805319468053197,0.8293956318653849,False
KEGG,PHOL,hsa04658,Th1 and Th2 cell differentiation,6,-0.4191857653780457,-0.10835823440530273,-0.47147253359147534,-0.12927038137965668,0.517948205179482,0.8293956318653849,False
KEGG,PHOL,hsa04659,Th17 cell differentiation,13,-0.5492952761930038,0.2731881709728027,-1.159561074402658,-0.10610882447807607,0.5225477452254774,0.8293956318653849,False
KEGG,PHOL,hsa04660,T cell receptor signaling pathway,17,-0.09352643177788264,-0.08809598212768183,0.9135416636278498,-0.5062492725279667,0.6517348265173483,0.8293956318653849,False
KEGG,PHOL,hsa04662,B cell receptor signaling pathway,10,-0.2866731927367088,-0.4746026749406213,0.3875641368281337,-0.243153923680465,0.565043495650435,0.8293956318653849,False
KEGG,PHOL,hsa04664,Fc epsilon RI signaling pathway,13,-0.8085278481247458,-0.36392419636345974,-0.7562395221454008,-0.24844598887031544,0.5609439056094391,0.8293956318653849,False
KEGG,PHOL,hsa04666,Fc gamma R-mediated phagosome formation,10,-1.034070800001252,-0.7082609678061874,-0.3536935567176991,-0.5030935377393086,0.6466353364663534,0.8293956318653849,False
KEGG,PHOL,hsa04668,TNF signaling pathway,17,-1.1961569595240273,-1.0108688242291382,-1.0049288509151886,-0.18825812195186398,0.532046795320468,0.8293956318653849,False
KEGG,PHOL,hsa04670,Leukocyte transendothelial migration,9,-0.19206821190652243,-0.5137828806203606,0.8285513329535998,-0.3494524380731421,0.5934406559344065,0.8293956318653849,False
KEGG,PHOL,hsa04713,Circadian entrainment,10,-0.43681497541093933,-0.4238022994496545,-0.27871434373253806,-0.08555665381984306,0.5014498550144986,0.8293956318653849,False
KEGG,PHOL,hsa04720,Long-term potentiation,11,-1.0541626448161823,-0.48298744885571127,-0.7445850712354205,-0.44037638477061636,0.6296370362963704,0.8293956318653849,False
KEGG,PHOL,hsa04722,Neurotrophin signaling pathway,18,-0.7773445824287922,-0.1543932897674301,-0.4381985678915373,-0.4810486535993085,0.6425357464253575,0.8293956318653849,False
KEGG,PHOL,hsa04723,Retrograde endocannabinoid signaling,15,1.181201931411643,1.8532656822309586,0.444994279070053,0.032071950761137336,0.47115288471152883,0.8293956318653849,False
KEGG,PHOL,hsa04724,Glutamatergic synapse,16,-1.1821800455603653,-1.0860244997046486,-1.6272685092995698,0.17446645894174395,0.43015698430156984,0.8293956318653849,False
KEGG,PHOL,hsa04725,Cholinergic synapse,21,-1.2900243137598044,-1.1599972180665217,-0.3984464316340034,-0.5108024889095419,0.6495350464953504,0.8293956318653849,False
KEGG,PHOL,hsa04726,Serotonergic synapse,32,-1.1891040632346543,-0.913876833458597,-1.0495168290822143,-0.2074072319642486,0.5262473752624738,0.8293956318653849,False
KEGG,PHOL,hsa04727,GABAergic synapse,5,1.4948377170891567,1.7073466080978483,0.36166457951495373,0.46033212328275575,0.29357064293570645,0.8293956318653849,False
KEGG,PHOL,hsa04728,Dopaminergic synapse,19,-1.0031316122663947,0.5401354821004518,-1.77749503387802,-0.3844518363776106,0.613038696130387,0.8293956318653849,False
KEGG,PHOL,hsa04730,Long-term depression,8,-0.477040576240894,-0.25970222617850125,-0.21441867946780832,-0.23998012341773922,0.5573442655734426,0.8293956318653849,False
KEGG,PHOL,hsa04742,Taste transduction,10,-0.5416138428469323,-0.8092167046894714,-1.359941162984816,0.5429650909902114,0.26277372262773724,0.8293956318653849,False
KEGG,PHOL,hsa04750,Inflammatory mediator regulation of TRP channels,16,-1.5424309896437327,-0.20555090787732558,-1.3914852291146662,-0.7439129211477368,0.7226277372262774,0.8444988521785721,False
KEGG,PHOL,hsa04810,Regulation of actin cytoskeleton,18,-2.1072108620264065,-1.5208841328866831,-0.8302494054649748,-0.9316440928505776,0.7741225877412259,0.8569385054377124,False
KEGG,PHOL,hsa04910,Insulin signaling pathway,15,-0.16128055075728914,0.530261816506736,0.6426039036163141,-0.7477134108188142,0.7233276672332767,0.8444988521785721,False
KEGG,PHOL,hsa04911,Insulin secretion,5,-0.1591569148447289,0.25604700254042556,-0.061074746634442525,-0.25664304279772043,0.5484451554844516,0.8293956318653849,False
KEGG,PHOL,hsa04912,GnRH signaling pathway,15,-1.4574650018855364,-0.7777068768959116,-0.7494762268075646,-0.6938734500337983,0.7061293870612939,0.8416628586661488,False
KEGG,PHOL,hsa04913,Ovarian steroidogenesis,11,-0.9475500696878907,-1.0250907102394753,-1.1913088144537038,0.16064969265869888,0.3832616738326167,0.8293956318653849,False
KEGG,PHOL,hsa04914,Progesterone-mediated oocyte maturation,15,-1.2945896493981008,-0.41457681889800485,-0.09544060436808288,-1.0395809377650571,0.8034196580341966,0.8597109361228826,False
KEGG,PHOL,hsa04915,Estrogen signaling pathway,21,-1.999979525998214,-1.6110059423083591,-0.6555285286963359,-0.8667122904958666,0.7514248575142486,0.8499723798111992,False
KEGG,PHOL,hsa04916,Melanogenesis,8,-0.5765730150008327,-0.10327901958495597,-0.19274268891344576,-0.42856216075163184,0.6414358564143585,0.8293956318653849,False
KEGG,PHOL,hsa04917,Prolactin signaling pathway,15,-1.3912328559292952,-0.6673894925068319,-1.3146455536602455,-0.4002153328457565,0.6203379662033797,0.8293956318653849,False
KEGG,PHOL,hsa04919,Thyroid hormone signaling pathway,19,-0.7777688295203324,0.13154271036446272,-1.0111234322322884,-0.3379784685864196,0.6008399160083991,0.8293956318653849,False
KEGG,PHOL,hsa04920,Adipocytokine signaling pathway,9,-0.09791780735177238,0.4201123453165523,-0.8858339669401565,0.13494300346002971,0.43395660433956607,0.8293956318653849,False
KEGG,PHOL,hsa04921,Oxytocin signaling pathway,13,-1.5864004843451278,-1.3947202967245929,-0.6992295143811297,-0.5394255787922666,0.661033896610339,0.8293956318653849,False
KEGG,PHOL,hsa04922,Glucagon signaling pathway,7,-1.3322175885986502,-0.6949607450445328,-1.575967107106169,-0.1967536625232995,0.541945805419458,0.8293956318653849,False
KEGG,PHOL,hsa04923,Regulation of lipolysis in adipocytes,11,-0.6938835307897407,-1.042516441293498,-0.4080737892771447,0.03141158449558057,0.45195480451954806,0.8293956318653849,False
KEGG,PHOL,hsa04924,Renin secretion,7,-1.0531106414840448,-0.6446171158952778,-0.9892228989170005,-0.23619063407790564,0.5589441055894411,0.8293956318653849,False
KEGG,PHOL,hsa04925,Aldosterone synthesis and secretion,6,-0.446553339305957,0.14332127358216962,-0.2769215478196272,-0.3797532021872282,0.601039896010399,0.8293956318653849,False
KEGG,PHOL,hsa04926,Relaxin signaling pathway,18,-1.4877272542793158,-1.415392600314337,-0.7093047907124476,-0.42537855876592356,0.6219378062193781,0.8293956318653849,False
KEGG,PHOL,hsa04928,"Parathyroid hormone synthesis, secretion and action",12,-0.7357527631076525,-0.06545286302247307,-0.26076023001358467,-0.5726462165896236,0.6725327467253275,0.8293956318653849,False
KEGG,PHOL,hsa04929,GnRH secretion,9,-0.6777854429031045,-0.4706657848421737,0.026194932665845695,-0.4555500168149405,0.6342365763423657,0.8293956318653849,False
KEGG,PHOL,hsa04930,Type II diabetes mellitus,10,0.0171586194073669,0.13901242699424068,0.3922486906804178,-0.24847193942996232,0.5565443455654434,0.8293956318653849,False
KEGG,PHOL,hsa04931,Insulin resistance,17,-0.17442316830520552,0.19963727477390544,0.2570385779732692,-0.40276109467879284,0.6236376362363764,0.8293956318653849,False
KEGG,PHOL,hsa04932,Non-alcoholic fatty liver disease,15,0.1776927889761528,1.4484571493243847,-1.486686713584947,0.19680757110643396,0.42345765423457654,0.8293956318653849,False
KEGG,PHOL,hsa04933,AGE-RAGE signaling pathway in diabetic complications,20,-0.45910762637498004,0.20223164121695714,-1.2904526776302292,0.08500289183165599,0.46015398460153983,0.8293956318653849,False
KEGG,PHOL,hsa04934,Cushing syndrome,11,-0.4315422527147223,0.049929215115399835,-0.4406455747460201,-0.23618407289941215,0.5553444655534446,0.8293956318653849,False
KEGG,PHOL,hsa04935,"Growth hormone synthesis, secretion and action",15,-1.5149395152594871,-0.08410570111662062,-1.1694037198818161,-0.8881848047602687,0.7634236576342366,0.85608731545618,False
KEGG,PHOL,hsa04936,Alcoholic liver disease,13,-0.0455044814719161,1.3541396781124229,-1.5292183970617517,0.0420348780027483,0.47705229477052297,0.8293956318653849,False
KEGG,PHOL,hsa04960,Aldosterone-regulated sodium reabsorption,8,-0.4289793050991574,-0.5645761514174464,0.5180772499076448,-0.40572985434425657,0.6175382461753824,0.8293956318653849,False
KEGG,PHOL,hsa04970,Salivary secretion,9,-1.0160807650933228,-0.8108980787938171,-1.1029118723482207,-0.059175789522303845,0.49635036496350365,0.8293956318653849,False
KEGG,PHOL,hsa04971,Gastric acid secretion,5,0.16743511536225386,-0.12673056878341935,0.3758655261449479,0.04286763668148959,0.46515348465153483,0.8293956318653849,False
KEGG,PHOL,hsa04972,Pancreatic secretion,6,-0.6341832360267834,-0.5857757968671804,-0.3654981711808663,-0.15854625200276007,0.5302469753024698,0.8293956318653849,False
KEGG,PHOL,hsa04973,Carbohydrate digestion and absorption,8,0.1639666032955635,-0.1484276003722561,0.2599066958800573,0.1082270555416629,0.42725727427257276,0.8293956318653849,False
KEGG,PHOL,hsa04976,Bile secretion,13,4.951619140571592,4.912510619755267,2.8839107725651316,1.0534084444113923,0.13758624137586242,0.8293956318653849,False
KEGG,PHOL,hsa04981,Folate transport and metabolism,7,1.7710031362939145,2.200569717457479,-0.22036309263090054,0.7808998238806253,0.25747425257474255,0.8293956318653849,False
KEGG,PHOL,hsa05010,Alzheimer disease,27,-0.5107244915118664,-0.4601562550075579,0.08773599066513418,-0.32451435934065453,0.5900409959004099,0.8293956318653849,False
KEGG,PHOL,hsa05012,Parkinson disease,12,0.2595595359800715,1.2777216176980384,-0.03264952907034456,-0.3629765083337754,0.6035396460353964,0.8293956318653849,False
KEGG,PHOL,hsa05014,Amyotrophic lateral sclerosis,11,1.3596962110261153,0.07448806150750768,0.5616309875208738,1.0416366865119246,0.18938106189381063,0.8293956318653849,False
KEGG,PHOL,hsa05016,Huntington disease,13,-1.0378836738564947,-0.6040106073809185,-1.926250286128563,0.22724677289824613,0.40635936406359363,0.8293956318653849,False
KEGG,PHOL,hsa05017,Spinocerebellar ataxia,9,-1.1196328629511871,-0.61804887528255,-1.3206175563885494,-0.15029964711563748,0.5209479052094791,0.8293956318653849,False
KEGG,PHOL,hsa05020,Prion disease,14,-0.714377783208791,0.08035088146243587,-0.05986066580056922,-0.7246228910397243,0.7210278972102789,0.8444988521785721,False
KEGG,PHOL,hsa05022,Pathways of neurodegeneration - multiple diseases,34,-0.13896577550689182,-0.10222455868298329,-0.1894214235441121,0.006857215606655864,0.4834516548345166,0.8293956318653849,False
KEGG,PHOL,hsa05030,Cocaine addiction,10,-0.1940235078028666,-0.15288569044228142,-1.0867196532127525,0.42577916402465044,0.3461653834616538,0.8293956318653849,False
KEGG,PHOL,hsa05031,Amphetamine addiction,13,-0.34603076237491004,0.11669957202499384,-1.3243207982077858,0.2577798507164859,0.40405959404059594,0.8293956318653849,False
KEGG,PHOL,hsa05032,Morphine addiction,8,2.8291180039063546,2.3887887406917243,1.1040306056160807,1.082708330752452,0.17298270172982702,0.8293956318653849,False
KEGG,PHOL,hsa05033,Nicotine addiction,5,2.5809068206364554,2.1184167848930726,0.7015204915011818,1.1709381824393281,0.1463853614638536,0.8293956318653849,False
KEGG,PHOL,hsa05034,Alcoholism,16,-1.159221516409799,-0.16490448870924726,-1.1802862768256317,-0.4866261336423595,0.6442355764423557,0.8293956318653849,False
KEGG,PHOL,hsa05100,Bacterial invasion of epithelial cells,5,-1.6051764643108015,-1.3291781964717047,-1.0026102627975282,-0.4392822346761851,0.6188381161883811,0.8293956318653849,False
KEGG,PHOL,hsa05120,Epithelial cell signaling in Helicobacter pylori infection,10,-0.2900580909997734,-0.042690991481424564,-0.8506816608395266,0.15662823516070212,0.44025597440255976,0.8293956318653849,False
KEGG,PHOL,hsa05130,Pathogenic Escherichia coli infection,13,1.378217405542273,0.7541980770758411,1.2497333192739912,0.3762517073673568,0.36496350364963503,0.8293956318653849,False
KEGG,PHOL,hsa05131,Shigellosis,20,0.1950465214032592,1.2307647250577827,-0.5185752944958658,-0.16104819387769923,0.5436456354364564,0.8293956318653849,False
KEGG,PHOL,hsa05132,Salmonella infection,19,-0.0578700890140294,0.7646136516991263,-1.0727665510291073,0.09620636065096111,0.4577542245775422,0.8293956318653849,False
KEGG,PHOL,hsa05133,Pertussis,7,1.143034124023781,1.2644742698228182,0.40545168199154535,0.3080711481165992,0.38376162383761625,0.8293956318653849,False
KEGG,PHOL,hsa05134,Legionellosis,8,1.145171137754572,1.4742131534396032,-0.3203721263488776,0.5682506242092091,0.30556944305569445,0.8293956318653849,False
KEGG,PHOL,hsa05135,Yersinia infection,18,-0.6999642005229108,0.32052915014950634,-1.2671938705958534,-0.2266318402997372,0.5625437456254374,0.8293956318653849,False
KEGG,PHOL,hsa05140,Leishmaniasis,10,1.0744273081009381,-0.12635629152955,1.752258719624798,0.26147609405331407,0.3925607439256074,0.8293956318653849,False
KEGG,PHOL,hsa05142,Chagas disease,11,0.5834784161322893,0.8070709718390793,0.14769076927396332,0.10609754557576806,0.45085491450854914,0.8293956318653849,False
KEGG,PHOL,hsa05145,Toxoplasmosis,19,-0.5883503599028617,-0.4583738587294267,-0.5686306546003613,-0.07484810323796764,0.49555044495550443,0.8293956318653849,False
KEGG,PHOL,hsa05146,Amoebiasis,9,1.7220818598418464,1.2386741200322813,0.8016640090966684,0.7019127952773716,0.27217278272172785,0.8293956318653849,False
KEGG,PHOL,hsa05152,Tuberculosis,16,-0.8775149603975696,-1.0087342135264554,-0.47674995287977046,-0.13477287719445663,0.5282471752824718,0.8293956318653849,False
KEGG,PHOL,hsa05160,Hepatitis C,14,-0.9601439640454627,-0.21820493494592488,-1.200687120779814,-0.2506979361825932,0.5593440655934406,0.8293956318653849,False
KEGG,PHOL,hsa05161,Hepatitis B,24,-0.8549674770946973,-0.1599932008230276,-1.4520190421062167,-0.0489613556300752,0.5032496750324967,0.8293956318653849,False
KEGG,PHOL,hsa05162,Measles,16,-1.0369471168513456,-0.685726902318843,-1.559666271979095,0.08574947029762336,0.43375662433756623,0.8293956318653849,False
KEGG,PHOL,hsa05163,Human cytomegalovirus infection,18,-0.8134725020336777,-0.34322335676873794,-1.1808202995626667,-0.051450673867975416,0.49505049495050496,0.8293956318653849,False
KEGG,PHOL,hsa05164,Influenza A,15,-0.30689167615363616,0.1964359621659306,-1.0022912846198684,0.09603598507333272,0.4283571642835716,0.8293956318653849,False
KEGG,PHOL,hsa05165,Human papillomavirus infection,18,-1.3072120316816909,-1.1653830179796278,-1.1332713068671418,-0.15788486925830592,0.5229477052294771,0.8293956318653849,False
KEGG,PHOL,hsa05166,Human T-cell leukemia virus 1 infection,18,-0.8138394832693335,-0.12485676212808469,-0.7754582850104415,-0.36368195970007045,0.6065393460653935,0.8293956318653849,False
KEGG,PHOL,hsa05167,Kaposi sarcoma-associated herpesvirus infection,23,-1.270874060340507,-0.8263685113092872,-2.1183623235363434,0.20149135708230825,0.40705929407059294,0.8293956318653849,False
KEGG,PHOL,hsa05168,Herpes simplex virus 1 infection,13,-0.4852223553063653,-1.2759053840510295,-0.2705911692436879,0.2880259213409934,0.3925607439256074,0.8293956318653849,False
KEGG,PHOL,hsa05169,Epstein-Barr virus infection,16,-1.0819707355004755,-1.0263111053309002,-2.028571734875368,0.4454706846026586,0.2983701629837016,0.8293956318653849,False
KEGG,PHOL,hsa05170,Human immunodeficiency virus 1 infection,20,-0.8418404915705759,-0.34163042411169703,-0.8558091520521306,-0.2431207034886621,0.5627437256274372,0.8293956318653849,False
KEGG,PHOL,hsa05171,Coronavirus disease,18,-0.4964430134057125,-0.09185347891429951,-1.0563614549880358,0.07766445354545515,0.42705729427057293,0.8293956318653849,False
KEGG,PHOL,hsa05200,Pathways in cancer,58,-1.4166425196603363,-0.8356875162601151,-1.7896330189918346,-0.1039822520343614,0.5116488351164884,0.8293956318653849,False
KEGG,PHOL,hsa05202,Transcriptional misregulation in cancer,16,-0.14168224119330725,0.17978627653534326,-1.7602584272318833,0.6485538341549628,0.2618738126187381,0.8293956318653849,False
KEGG,PHOL,hsa05203,Viral carcinogenesis,20,-1.4381644025771743,-1.5659475590845275,-1.827426877018597,0.25852281547438816,0.37406259374062595,0.8293956318653849,False
KEGG,PHOL,hsa05204,Chemical carcinogenesis - DNA adducts,17,1.6223784521886644,1.4135743024665075,0.9703130209653726,0.43043479047272437,0.31316868313168683,0.8293956318653849,False
KEGG,PHOL,hsa05205,Proteoglycans in cancer,26,-1.8446309637987048,-1.608204294228672,-0.24377498410643011,-0.9186413246311538,0.7677232276772322,0.8562700282934005,False
KEGG,PHOL,hsa05206,MicroRNAs in cancer,27,-1.4198320266331346,-1.7880649928465893,-1.095228695257533,0.021814817418926546,0.45685431456854314,0.8293956318653849,False
KEGG,PHOL,hsa05207,Chemical carcinogenesis - receptor activation,36,1.6618681915592972,1.9132471027329077,0.22617984125733498,0.5921547195641759,0.2840715928407159,0.8293956318653849,False
KEGG,PHOL,hsa05208,Chemical carcinogenesis - reactive oxygen species,31,-1.30097081573459,-1.3586819878766434,-0.013263773324557374,-0.6149979351339897,0.6852314768523148,0.8327372742177837,False
KEGG,PHOL,hsa05210,Colorectal cancer,11,-1.4219261223611555,-0.3298385580034332,-0.6611861277449064,-0.9264137794869857,0.775022497750225,0.8569385054377124,False
KEGG,PHOL,hsa05211,Renal cell carcinoma,11,-0.5197999222151533,-0.6751974345719185,1.1682567686758427,-0.7663295892671154,0.7271272872712728,0.8455373793475671,False
KEGG,PHOL,hsa05212,Pancreatic cancer,15,-1.4301072952542224,-1.2412115097166034,-1.1108688378917284,-0.2540671214500565,0.5621437856214379,0.8293956318653849,False
KEGG,PHOL,hsa05213,Endometrial cancer,10,-1.3750229631194106,-0.47148898742730616,-0.20223007246360897,-1.038163433173953,0.7987201279872013,0.8597109361228826,False
KEGG,PHOL,hsa05214,Glioma,12,-1.229262076684604,-0.976974768943721,-0.4450537469545014,-0.5182478187354929,0.6652334766523348,0.8293956318653849,False
KEGG,PHOL,hsa05215,Prostate cancer,25,-1.1814196298014235,-0.38121156966329284,-1.2913137409401851,-0.3451569744996845,0.5989401059894011,0.8293956318653849,False
KEGG,PHOL,hsa05216,Thyroid cancer,5,0.004254289061924704,0.7080909697503852,-0.23037446055657798,-0.23460396553497892,0.5489451054894511,0.8293956318653849,False
KEGG,PHOL,hsa05218,Melanoma,11,-1.5488370192734193,-1.2096666346246703,-0.8775977652514552,-0.5052048193353567,0.6551344865513449,0.8293956318653849,False
KEGG,PHOL,hsa05219,Bladder cancer,11,-0.8598788794194344,-0.5485663781348589,-0.7170456164678595,-0.2270728821180753,0.5505449455054494,0.8293956318653849,False
KEGG,PHOL,hsa05220,Chronic myeloid leukemia,16,-0.7445907486974193,-1.1745728751713784,-0.02963334521599978,-0.14248763850373014,0.5214478552144786,0.8293956318653849,False
KEGG,PHOL,hsa05221,Acute myeloid leukemia,14,-1.5029144532663772,-1.3385151910836763,-1.2424114068934589,-0.21245115427780958,0.5598440155984401,0.8293956318653849,False
KEGG,PHOL,hsa05222,Small cell lung cancer,13,-0.22208000715961443,-0.6302701212105568,-0.331384242596367,0.25874717474384745,0.3628637136286371,0.8293956318653849,False
KEGG,PHOL,hsa05223,Non-small cell lung cancer,15,-1.5149952621069098,-0.8034696830576843,-1.3502273220047616,-0.43814675957568694,0.630936906309369,0.8293956318653849,False
KEGG,PHOL,hsa05224,Breast cancer,16,-1.3364693442869864,-0.8406469767685781,-0.438976546290048,-0.6966575827576733,0.7143285671432856,0.8433422817414076,False
KEGG,PHOL,hsa05225,Hepatocellular carcinoma,17,-1.5513337802014409,-0.8863103709930433,-0.7904412140736099,-0.7129579876681142,0.7185281471852815,0.8444988521785721,False
KEGG,PHOL,hsa05226,Gastric cancer,15,-1.51282337150458,-0.422153633563904,-0.7072173387723797,-0.9481378853364382,0.7777222277772223,0.8577251429786599,False
KEGG,PHOL,hsa05230,Central carbon metabolism in cancer,16,-1.3296020461923532,-1.3563419238165428,-0.21703503225085988,-0.5429135681586519,0.6597340265973403,0.8293956318653849,False
KEGG,PHOL,hsa05231,Choline metabolism in cancer,12,-1.619218658652489,-0.9918772603050775,-0.904653433843032,-0.6709533115784343,0.7012298770122988,0.8413708629137087,False
KEGG,PHOL,hsa05235,PD-L1 expression and PD-1 checkpoint pathway in cancer,17,-0.30907858124746906,-0.921491289246537,0.41513073662611016,-0.055898304937255616,0.5070492950704929,0.8293956318653849,False
KEGG,PHOL,hsa05321,Inflammatory bowel disease,6,-0.025784332964950512,-0.06707152157640803,-0.6579237425200923,0.33671329908329967,0.37106289371062895,0.8293956318653849,False
KEGG,PHOL,hsa05323,Rheumatoid arthritis,6,-0.013463421840887094,0.7766761692484091,-0.7567558534012224,-0.02342357976448043,0.45515448455154484,0.8293956318653849,False
KEGG,PHOL,hsa05415,Diabetic cardiomyopathy,19,-1.320281754396446,-0.5144349054039495,-1.2522102643380386,-0.436959169525452,0.6335366463353664,0.8293956318653849,False
KEGG,PHOL,hsa05417,Lipid and atherosclerosis,38,-1.4724243386286149,-0.6238458808802771,-2.2532694313850197,-0.03386668249596636,0.4747525247475253,0.8293956318653849,False
KEGG,PHOL,hsa05418,Fluid shear stress and atherosclerosis,20,-1.9534546048931198,-1.0563389986347516,-1.654373751767904,-0.598098229691792,0.6731326867313269,0.8293956318653849,False
KEGG,WHIL,hsa00052,Galactose metabolism,5,2.2679020425792067,0.4713869685695097,0.7918968975695281,1.6362601095096878,0.0892910708929107,0.8293956318653849,False
KEGG,WHIL,hsa00140,Steroid hormone biosynthesis,16,1.558427668314644,1.9943390359934,2.0638272153881276,-0.47065545737611947,0.643035696430357,0.8293956318653849,False
KEGG,WHIL,hsa00230,Purine metabolism,6,-0.8674602943874017,-0.7379357231759969,-0.7695925308293136,-0.11369616738474653,0.49425057494250574,0.8293956318653849,False
KEGG,WHIL,hsa00330,Arginine and proline metabolism,6,0.840681637882559,0.357907191281477,-0.28855527884167076,0.8060056816626558,0.24957504249575044,0.8293956318653849,False
KEGG,WHIL,hsa00350,Tyrosine metabolism,6,-0.611238005908651,-0.23772111198239354,-0.6929328129706359,-0.14591104343213623,0.5194480551944806,0.8293956318653849,False
KEGG,WHIL,hsa00380,Tryptophan metabolism,8,-0.6688343737777949,-0.5024545989982541,-0.9709724715457946,0.06787916149422946,0.45465453454654536,0.8293956318653849,False
KEGG,WHIL,hsa00500,Starch and sucrose metabolism,5,0.249421416624103,1.2327682190511822,1.0185367885865024,-0.8762310871947393,0.7637236276372362,0.85608731545618,False
KEGG,WHIL,hsa00590,Arachidonic acid metabolism,17,-1.051174742626325,-0.7296772149872256,-0.8216481873190589,-0.27551204147318265,0.5752424757524247,0.8293956318653849,False
KEGG,WHIL,hsa00591,Linoleic acid metabolism,9,0.2759325460698588,1.2174443896372877,0.32424225563619613,-0.49491077656688315,0.6504349565043496,0.8293956318653849,False
KEGG,WHIL,hsa00760,Nicotinate and nicotinamide metabolism,6,-0.737476674685609,-0.6014528398086113,-0.9826104342371538,0.05455496233727364,0.4403559644035596,0.8293956318653849,False
KEGG,WHIL,hsa00790,Folate biosynthesis,7,0.4729455952846007,-0.49753284492700534,0.1087762114248534,0.6673239120356766,0.26817318268173185,0.8293956318653849,False
KEGG,WHIL,hsa00830,Retinol metabolism,10,2.093834292455533,2.5856403658220968,3.1234466125351465,-0.7607091967230888,0.7325267473252675,0.8455373793475671,False
KEGG,WHIL,hsa00910,Nitrogen metabolism,12,2.6525969946280634,0.2723318812602927,1.794975171065323,1.6189434684652555,0.0963903609639036,0.8293956318653849,False
KEGG,WHIL,hsa00980,Metabolism of xenobiotics by cytochrome P450,15,1.5404413016871443,1.780511498170168,1.936410534025748,-0.31801971441081367,0.5835416458354165,0.8293956318653849,False
KEGG,WHIL,hsa00982,Drug metabolism - cytochrome P450,15,1.5771619431269057,2.0546497408824855,1.830301583007987,-0.36531371881833063,0.6013398660133986,0.8293956318653849,False
KEGG,WHIL,hsa00983,Drug metabolism - other enzymes,9,2.512796785944572,3.244173223343496,3.08309226530328,-0.6508359583788161,0.7183281671832816,0.8444988521785721,False
KEGG,WHIL,hsa01100,Metabolic pathways,98,2.460443505735396,0.9304192571007647,1.474546352563934,1.2579607009030467,0.15448455154484553,0.8293956318653849,False
KEGG,WHIL,hsa01240,Biosynthesis of cofactors,7,2.042729364130253,4.135802913303272,3.861535868791732,-1.9559400269172489,0.9464053594640536,0.9589590796222172,False
KEGG,WHIL,hsa01521,EGFR tyrosine kinase inhibitor resistance,20,-1.3281142265708819,-1.3131028240562785,-2.3547674401466416,0.5058209055305782,0.33096690330966905,0.8293956318653849,False
KEGG,WHIL,hsa01522,Endocrine resistance,21,-0.8092983266686733,-1.546628742668475,-1.8082952540196415,0.8681636716753849,0.23397660233976603,0.8293956318653849,False
KEGG,WHIL,hsa01523,Antifolate resistance,5,-0.285208382782406,-0.2772179747211133,0.5206631009613228,-0.4069309459025108,0.6114388561143885,0.8293956318653849,False
KEGG,WHIL,hsa01524,Platinum drug resistance,11,0.44480937698385226,-1.024234092803078,-0.6635089648123433,1.288680905791563,0.1461853814618538,0.8293956318653849,False
KEGG,WHIL,hsa03083,Polycomb repressive complex,5,-1.2953932231351646,-0.8388872272114832,-1.1322774674240577,-0.3098108758173941,0.5973402659734026,0.8293956318653849,False
KEGG,WHIL,hsa03320,PPAR signaling pathway,10,-1.4478660086710122,0.7114528207242999,-0.09227322194147526,-1.7574558080624245,0.9356064393560644,0.9529869963823291,False
KEGG,WHIL,hsa03410,Base excision repair,5,-0.36940996125496817,-0.21653054952829448,-0.27616476135450696,-0.12306230581356745,0.51004899510049,0.8293956318653849,False
KEGG,WHIL,hsa04010,MAPK signaling pathway,31,-0.34101795819861225,-1.0898782330545413,-1.882327836745559,1.145085076701438,0.1772822717728227,0.8293956318653849,False
KEGG,WHIL,hsa04012,ErbB signaling pathway,15,-0.8306541734510993,-0.7716251024326318,-1.8721763529710485,0.49124655425074093,0.32766723327667235,0.8293956318653849,False
KEGG,WHIL,hsa04014,Ras signaling pathway,23,-0.5600384498453076,-1.3365922253672724,-1.6334784204028163,0.9249968730397368,0.2211778822117788,0.8293956318653849,False
KEGG,WHIL,hsa04015,Rap1 signaling pathway,22,-0.9847688411338399,-1.0903601664098443,-2.3557884945315637,0.7383054893368642,0.26747325267473254,0.8293956318653849,False
KEGG,WHIL,hsa04020,Calcium signaling pathway,42,-0.8889413583497797,-1.1479561380345455,-1.4884552471932633,0.4292643342641246,0.35636436356364365,0.8293956318653849,False
KEGG,WHIL,hsa04022,cGMP-PKG signaling pathway,23,-1.6225680687092503,-1.4393144136349714,-2.065454150914838,0.1298162135656542,0.44375562443755623,0.8293956318653849,False
KEGG,WHIL,hsa04024,cAMP signaling pathway,37,-1.6927409223840577,-0.8643146011824173,-1.1638535954624378,-0.6786568240616302,0.7017298270172982,0.8413708629137087,False
KEGG,WHIL,hsa04062,Chemokine signaling pathway,20,-1.303676202676871,-0.26787118390220854,-0.9302084052851486,-0.7046364080831924,0.7125287471252875,0.8433422817414076,False
KEGG,WHIL,hsa04064,NF-kappa B signaling pathway,11,-0.8781835952975183,-0.07801490523828188,0.682975433582918,-1.1806638594698364,0.8372162783721628,0.8794872201968992,False
KEGG,WHIL,hsa04066,HIF-1 signaling pathway,22,0.852575118967277,-0.7125322761316804,-0.11809316634438873,1.2678878402053115,0.15128487151284872,0.8293956318653849,False
KEGG,WHIL,hsa04068,FoxO signaling pathway,19,-1.325140614658159,-1.248965482774261,-2.1151267271807614,0.35690549031935226,0.3708629137086291,0.8293956318653849,False
KEGG,WHIL,hsa04071,Sphingolipid signaling pathway,19,-0.864504443411064,-0.6487760109910307,-1.2294236069285465,0.07459536554872459,0.46265373462653736,0.8293956318653849,False
KEGG,WHIL,hsa04072,Phospholipase D signaling pathway,26,-0.8360945715545449,-0.6308633331353076,-0.9052666698703636,-0.06802957005170929,0.5091490850914908,0.8293956318653849,False
KEGG,WHIL,hsa04080,Neuroactive ligand-receptor interaction,71,-2.5726520891091167,0.7447351925695849,-0.8103906218677861,-2.539824374460016,0.9875012498750125,0.9875012498750126,False
KEGG,WHIL,hsa04081,Hormone signaling,30,-1.382412972909659,-0.5769620856740219,-0.7088858999197588,-0.7394889801127686,0.7237276272372762,0.8444988521785721,False
KEGG,WHIL,hsa04082,Neuroactive ligand signaling,60,-2.5768162117916087,-1.051652902275247,-1.0180655197083945,-1.5419570007997878,0.8993100689931007,0.9303771115425771,False
KEGG,WHIL,hsa04110,Cell cycle,12,-0.6319237469057232,-0.5445490036437287,-0.6242731917523666,-0.047512649207675506,0.48595140485951405,0.8293956318653849,False
KEGG,WHIL,hsa04114,Oocyte meiosis,9,-0.16700514813889272,0.9732644443882134,0.3062718434230513,-0.806773292044525,0.7433256674332567,0.8463826377874096,False
KEGG,WHIL,hsa04137,Mitophagy - animal,7,-1.3058008258363474,-1.1332214376263197,-0.739284587742133,-0.36954781315212104,0.5997400259974003,0.8293956318653849,False
KEGG,WHIL,hsa04140,Autophagy - animal,17,-0.9302933416405941,-1.0192673067101985,-1.4824362752527411,0.32055844934087574,0.37706229377062295,0.8293956318653849,False
KEGG,WHIL,hsa04141,Protein processing in endoplasmic reticulum,10,-1.0603528318700157,0.6415735967486387,-1.1566772055148635,-0.8028010274869033,0.7373262673732627,0.8463826377874096,False
KEGG,WHIL,hsa04144,Endocytosis,8,-0.4875718871844258,-1.495496243180171,-1.4894850952317986,1.004918782021559,0.1947805219478052,0.8293956318653849,False
KEGG,WHIL,hsa04145,Phagocytosis,12,-0.47146845950908645,-0.8327379825846355,-0.6232062294637133,0.25650364651508795,0.3925607439256074,0.8293956318653849,False
KEGG,WHIL,hsa04146,Peroxisome,5,0.3095139644698334,-0.47401022441949237,-0.2926022444874514,0.6928201989233054,0.24887511248875113,0.8293956318653849,False
KEGG,WHIL,hsa04148,Efferocytosis,20,0.7362758384783857,0.5192372905187922,0.32859044996867526,0.312361968234652,0.38446155384461556,0.8293956318653849,False
KEGG,WHIL,hsa04150,mTOR signaling pathway,11,-0.40817344702565417,-0.225696783110869,-1.1129359260162246,0.2611429075378926,0.39066093390660933,0.8293956318653849,False
KEGG,WHIL,hsa04151,PI3K-Akt signaling pathway,36,-2.0814234383323935,-1.3366436650241962,-1.957403296698566,-0.43439995747101245,0.6326367363263674,0.8293956318653849,False
KEGG,WHIL,hsa04152,AMPK signaling pathway,11,-1.2814207820401007,-1.0659870742466087,-1.3792778984929852,-0.05878829567030386,0.49775022497750226,0.8293956318653849,False
KEGG,WHIL,hsa04210,Apoptosis,17,-0.99128979581023,-0.7304468658267287,-0.8785166924425365,-0.18680801667559743,0.5431456854314568,0.8293956318653849,False
KEGG,WHIL,hsa04211,Longevity regulating pathway,9,0.9528860952823306,0.32925990494425467,0.7534844116032771,0.41151393700856476,0.34836516348365165,0.8293956318653849,False
KEGG,WHIL,hsa04213,Longevity regulating pathway - multiple species,9,-0.9300454971355013,-1.2096524448014592,-1.5947561633293112,0.47215880692988377,0.32226777322267774,0.8293956318653849,False
KEGG,WHIL,hsa04217,Necroptosis,11,-1.377343403540756,0.5728792558565468,-0.42722149014669186,-1.4501722863956834,0.9073092690730927,0.9320226655020449,False
KEGG,WHIL,hsa04218,Cellular senescence,14,-0.8726551533277797,0.07046125949201194,-0.33854692574368733,-0.7386123202019419,0.7248275172482752,0.8444988521785721,False
KEGG,WHIL,hsa04261,Adrenergic signaling in cardiomyocytes,15,-0.9354316868127246,-0.5334759351761124,-1.081931217334151,-0.12772811055759292,0.5213478652134786,0.8293956318653849,False
KEGG,WHIL,hsa04270,Vascular smooth muscle contraction,17,-0.3639484136312211,0.03323309462637231,-1.1055229548329495,0.17219651647206746,0.41085891410858916,0.8293956318653849,False
KEGG,WHIL,hsa04310,Wnt signaling pathway,10,-1.1597224446438383,0.09600418103915369,-0.7747899570359879,-0.8203295566454212,0.7482251774822518,0.8478975095191211,False
KEGG,WHIL,hsa04330,Notch signaling pathway,5,-1.7930081618604157,-0.7958660939402074,-0.9882671051160383,-0.9009415623322928,0.7733226677332267,0.8569385054377124,False
KEGG,WHIL,hsa04350,TGF-beta signaling pathway,5,-0.3236213913154309,-0.7091156515998437,-0.8531443726428363,0.45750862080590915,0.30216978302169784,0.8293956318653849,False
KEGG,WHIL,hsa04360,Axon guidance,14,0.23847200901806784,-0.7160320743776907,-1.0321686560516328,1.1125723742327296,0.1785821417858214,0.8293956318653849,False
KEGG,WHIL,hsa04370,VEGF signaling pathway,12,-0.7043175325956301,-1.0846988501421955,-1.4607066975556824,0.5683852412533088,0.3077692230776922,0.8293956318653849,False
KEGG,WHIL,hsa04371,Apelin signaling pathway,9,0.5036732229873769,-0.38909874585461,-0.5450349428971922,0.970740067363278,0.19768023197680232,0.8293956318653849,False
KEGG,WHIL,hsa04380,Osteoclast differentiation,14,-1.0751938921652633,-0.7662372981940673,-1.0167557654398978,-0.18369736034828077,0.5333466653334666,0.8293956318653849,False
KEGG,WHIL,hsa04510,Focal adhesion,23,-1.2086428993752891,-1.0776428437563506,-2.3594603836227908,0.5099087143142815,0.32666733326667335,0.8293956318653849,False
KEGG,WHIL,hsa04517,IgSF CAM signaling,21,1.4491131288526076,-0.30628305130139705,0.21025093359007976,1.4971291877082662,0.11738826117388261,0.8293956318653849,False
KEGG,WHIL,hsa04518,Integrin signaling,13,-1.1315030877092198,-1.324192489717996,-2.265549999352497,0.6633681568260266,0.2792720727927207,0.8293956318653849,False
KEGG,WHIL,hsa04519,Cadherin signaling,18,-0.6027962490476554,0.5879292575059606,-0.4380262398637757,-0.6777477578687479,0.7036296370362963,0.8413708629137087,False
KEGG,WHIL,hsa04520,Adherens junction,16,2.126527640192437,-0.8843203737484201,0.017441238571337062,2.5599672077809785,0.022397760223977603,0.8293956318653849,False
KEGG,WHIL,hsa04530,Tight junction,7,-1.2151906111649955,-0.8956959476092868,-1.5755576124181163,0.020436168848706027,0.44985501449855014,0.8293956318653849,False
KEGG,WHIL,hsa04540,Gap junction,16,-0.5254879343124261,-0.5244434353799491,-0.6376688125829568,0.05556818966902677,0.45445455454454553,0.8293956318653849,False
KEGG,WHIL,hsa04550,Signaling pathways regulating pluripotency of stem cells,12,-0.6024953518325007,-0.16156269468090367,-1.2088131939368245,0.0826925924763634,0.4460553944605539,0.8293956318653849,False
KEGG,WHIL,hsa04611,Platelet activation,13,-0.771948410127901,-1.1905585623757085,-1.3039890733533204,0.47532540773661336,0.32696730326967305,0.8293956318653849,False
KEGG,WHIL,hsa04612,Antigen processing and presentation,5,-0.5208780262855766,0.28878373129632096,-1.1500387446959774,-0.09025051958574831,0.4911508849115088,0.8293956318653849,False
KEGG,WHIL,hsa04613,Neutrophil extracellular trap formation,20,-1.4118896532332308,-1.2489732537026685,-1.3340826739867153,-0.12036168938853886,0.5198480151984801,0.8293956318653849,False
KEGG,WHIL,hsa04620,Toll-like receptor signaling pathway,14,-0.7703503911790054,0.6042583573079676,-0.12244577164432946,-1.0112566840108244,0.7981201879812019,0.8597109361228826,False
KEGG,WHIL,hsa04621,NOD-like receptor signaling pathway,14,-1.0555988312755122,0.9796529923911529,0.17942256846249574,-1.6351366117023365,0.9169083091690831,0.9380561120164754,False
KEGG,WHIL,hsa04622,RIG-I-like receptor signaling pathway,6,-0.9579710112535479,1.474842227091293,0.8738995276854378,-2.132341888641913,0.9714028597140286,0.9777004471351892,False
KEGG,WHIL,hsa04625,C-type lectin receptor signaling pathway,14,-0.5199268615677732,-1.3642296246334504,-1.0603367780621087,0.6923563397800063,0.27217278272172785,0.8293956318653849,False
KEGG,WHIL,hsa04630,JAK-STAT signaling pathway,16,1.2046614161445361,-1.219611246527308,0.15984555449828808,1.7345442621590461,0.0847915208479152,0.8293956318653849,False
KEGG,WHIL,hsa04650,Natural killer cell mediated cytotoxicity,11,2.4665916959422325,-0.32021152688033705,0.9020136546983113,2.175690632033245,0.049095090490950906,0.8293956318653849,False
KEGG,WHIL,hsa04657,IL-17 signaling pathway,15,-1.3924872701211295,-0.0003721833727472733,-0.7308622185309157,-1.026870069169298,0.8014198580141986,0.8597109361228826,False
KEGG,WHIL,hsa04658,Th1 and Th2 cell differentiation,6,-0.47147253359147534,-0.10835823440530273,-0.4191857653780457,-0.20770053369980113,0.5423457654234577,0.8293956318653849,False
KEGG,WHIL,hsa04659,Th17 cell differentiation,13,-1.159561074402658,0.2731881709728027,-0.5492952761930038,-1.0215075217925575,0.7978202179782021,0.8597109361228826,False
KEGG,WHIL,hsa04660,T cell receptor signaling pathway,17,0.9135416636278498,-0.08809598212768183,-0.09352643177788264,1.0043528705806322,0.20237976202379762,0.8293956318653849,False
KEGG,WHIL,hsa04662,B cell receptor signaling pathway,10,0.3875641368281337,-0.4746026749406213,-0.2866731927367088,0.7682020706667987,0.25077492250774924,0.8293956318653849,False
KEGG,WHIL,hsa04664,Fc epsilon RI signaling pathway,13,-0.7562395221454008,-0.36392419636345974,-0.8085278481247458,-0.1700134999012981,0.5332466753324667,0.8293956318653849,False
KEGG,WHIL,hsa04666,Fc gamma R-mediated phagosome formation,10,-0.3536935567176991,-0.7082609678061874,-1.034070800001252,0.5174723271860207,0.29547045295470453,0.8293956318653849,False
KEGG,WHIL,hsa04668,TNF signaling pathway,17,-1.0049288509151886,-1.0108688242291382,-1.1961569595240273,0.09858404096139406,0.44185581441855815,0.8293956318653849,False
KEGG,WHIL,hsa04670,Leukocyte transendothelial migration,9,0.8285513329535998,-0.5137828806203606,-0.19206821190652243,1.1814768792170414,0.16318368163183683,0.8293956318653849,False
KEGG,WHIL,hsa04713,Circadian entrainment,10,-0.27871434373253806,-0.4238022994496545,-0.43681497541093933,0.15159429369775884,0.40675932406759324,0.8293956318653849,False
KEGG,WHIL,hsa04720,Long-term potentiation,11,-0.7445850712354205,-0.48298744885571127,-1.0541626448161823,0.023989975600526292,0.47015298470152983,0.8293956318653849,False
KEGG,WHIL,hsa04722,Neurotrophin signaling pathway,18,-0.4381985678915373,-0.1543932897674301,-0.7773445824287922,0.02767036820657387,0.47195280471952805,0.8293956318653849,False
KEGG,WHIL,hsa04723,Retrograde endocannabinoid signaling,15,0.444994279070053,1.8532656822309586,1.181201931411643,-1.072239527751248,0.809019098090191,0.8598663210602017,False
KEGG,WHIL,hsa04724,Glutamatergic synapse,16,-1.6272685092995698,-1.0860244997046486,-1.1821800455603653,-0.49316623666706283,0.6443355664433557,0.8293956318653849,False
KEGG,WHIL,hsa04725,Cholinergic synapse,21,-0.3984464316340034,-1.1599972180665217,-1.2900243137598044,0.8265643342791597,0.23557644235576441,0.8293956318653849,False
KEGG,WHIL,hsa04726,Serotonergic synapse,32,-1.0495168290822143,-0.913876833458597,-1.1891040632346543,0.001973619264411308,0.49005099490050996,0.8293956318653849,False
KEGG,WHIL,hsa04727,GABAergic synapse,5,0.36166457951495373,1.7073466080978483,1.4948377170891567,-1.2394275830785488,0.8706129387061294,0.9040980517332884,False
KEGG,WHIL,hsa04728,Dopaminergic synapse,19,-1.77749503387802,0.5401354821004518,-1.0031316122663947,-1.5459969687950486,0.9032096790320968,0.9303771115425771,False
KEGG,WHIL,hsa04730,Long-term depression,8,-0.21441867946780832,-0.25970222617850125,-0.477040576240894,0.15395272174188931,0.4176582341765823,0.8293956318653849,False
KEGG,WHIL,hsa04742,Taste transduction,10,-1.359941162984816,-0.8092167046894714,-0.5416138428469323,-0.6845258892166142,0.7297270272972702,0.8455373793475671,False
KEGG,WHIL,hsa04750,Inflammatory mediator regulation of TRP channels,16,-1.3914852291146662,-0.20555090787732558,-1.5424309896437327,-0.517494280354137,0.6526347365263474,0.8293956318653849,False
KEGG,WHIL,hsa04810,Regulation of actin cytoskeleton,18,-0.8302494054649748,-1.5208841328866831,-2.1072108620264065,0.98379809199157,0.20377962203779623,0.8293956318653849,False
KEGG,WHIL,hsa04910,Insulin signaling pathway,15,0.6426039036163141,0.530261816506736,-0.16128055075728914,0.4581132707415907,0.3428657134286571,0.8293956318653849,False
KEGG,WHIL,hsa04911,Insulin secretion,5,-0.061074746634442525,0.25604700254042556,-0.1591569148447289,-0.10951979048229085,0.48805119488051196,0.8293956318653849,False
KEGG,WHIL,hsa04912,GnRH signaling pathway,15,-0.7494762268075646,-0.7777068768959116,-1.4574650018855364,0.3681097125831593,0.35806419358064195,0.8293956318653849,False
KEGG,WHIL,hsa04913,Ovarian steroidogenesis,11,-1.1913088144537038,-1.0250907102394753,-0.9475500696878907,-0.20498842449002086,0.557044295570443,0.8293956318653849,False
KEGG,WHIL,hsa04914,Progesterone-mediated oocyte maturation,15,-0.09544060436808288,-0.41457681889800485,-1.2945896493981008,0.7591426297799699,0.25537446255374463,0.8293956318653849,False
KEGG,WHIL,hsa04915,Estrogen signaling pathway,21,-0.6555285286963359,-1.6110059423083591,-1.999979525998214,1.1499642054569508,0.17398260173982602,0.8293956318653849,False
KEGG,WHIL,hsa04916,Melanogenesis,8,-0.19274268891344576,-0.10327901958495597,-0.5765730150008327,0.14718332837944859,0.41125887411258877,0.8293956318653849,False
KEGG,WHIL,hsa04917,Prolactin signaling pathway,15,-1.3146455536602455,-0.6673894925068319,-1.3912328559292952,-0.2853343794421819,0.5674432556744325,0.8293956318653849,False
KEGG,WHIL,hsa04919,Thyroid hormone signaling pathway,19,-1.0111234322322884,0.13154271036446272,-0.7777688295203324,-0.6880103726543536,0.7025297470252975,0.8413708629137087,False
KEGG,WHIL,hsa04920,Adipocytokine signaling pathway,9,-0.8858339669401565,0.4201123453165523,-0.09791780735177238,-1.0469312359225464,0.8043195680431957,0.8597109361228826,False
KEGG,WHIL,hsa04921,Oxytocin signaling pathway,13,-0.6992295143811297,-1.3947202967245929,-1.5864004843451278,0.7913308761537307,0.24727527247275272,0.8293956318653849,False
KEGG,WHIL,hsa04922,Glucagon signaling pathway,7,-1.575967107106169,-0.6949607450445328,-1.3322175885986502,-0.5623779402845774,0.6667333266673333,0.8293956318653849,False
KEGG,WHIL,hsa04923,Regulation of lipolysis in adipocytes,11,-0.4080737892771447,-1.042516441293498,-0.6938835307897407,0.4601261967644747,0.3344665533446655,0.8293956318653849,False
KEGG,WHIL,hsa04924,Renin secretion,7,-0.9892228989170005,-0.6446171158952778,-1.0531106414840448,-0.14035902022733926,0.5049495050494951,0.8293956318653849,False
KEGG,WHIL,hsa04925,Aldosterone synthesis and secretion,6,-0.2769215478196272,0.14332127358216962,-0.446553339305957,-0.1253055149577335,0.4981501849815019,0.8293956318653849,False
KEGG,WHIL,hsa04926,Relaxin signaling pathway,18,-0.7093047907124476,-1.415392600314337,-1.4877272542793158,0.7422551365843789,0.2675732426757324,0.8293956318653849,False
KEGG,WHIL,hsa04928,"Parathyroid hormone synthesis, secretion and action",12,-0.26076023001358467,-0.06545286302247307,-0.7357527631076525,0.13984258305147812,0.42575742425757424,0.8293956318653849,False
KEGG,WHIL,hsa04929,GnRH secretion,9,0.026194932665845695,-0.4706657848421737,-0.6777854429031045,0.6004205465384849,0.282971702829717,0.8293956318653849,False
KEGG,WHIL,hsa04930,Type II diabetes mellitus,10,0.3922486906804178,0.13901242699424068,0.0171586194073669,0.314163167479614,0.3615638436156384,0.8293956318653849,False
KEGG,WHIL,hsa04931,Insulin resistance,17,0.2570385779732692,0.19963727477390544,-0.17442316830520552,0.24443152473891921,0.405959404059594,0.8293956318653849,False
KEGG,WHIL,hsa04932,Non-alcoholic fatty liver disease,15,-1.486686713584947,1.4484571493243847,0.1776927889761528,-2.299761682735216,0.9801019898010199,0.9816827994619893,False
KEGG,WHIL,hsa04933,AGE-RAGE signaling pathway in diabetic complications,20,-1.2904526776302292,0.20223164121695714,-0.45910762637498004,-1.1620146850512176,0.8366163383661633,0.8794872201968992,False
KEGG,WHIL,hsa04934,Cushing syndrome,11,-0.4406455747460201,0.049929215115399835,-0.4315422527147223,-0.24983905594635888,0.5605439456054394,0.8293956318653849,False
KEGG,WHIL,hsa04935,"Growth hormone synthesis, secretion and action",15,-1.1694037198818161,-0.08410570111662062,-1.5149395152594871,-0.36988111169376225,0.5957404259574043,0.8293956318653849,False
KEGG,WHIL,hsa04936,Alcoholic liver disease,13,-1.5292183970617517,1.3541396781124229,-0.0455044814719161,-2.1835359953820053,0.9733026697330267,0.9780274399744491,False
KEGG,WHIL,hsa04960,Aldosterone-regulated sodium reabsorption,8,0.5180772499076448,-0.5645761514174464,-0.4289793050991574,1.0148549781659466,0.19218078192180782,0.8293956318653849,False
KEGG,WHIL,hsa04970,Salivary secretion,9,-1.1029118723482207,-0.8108980787938171,-1.0160807650933228,-0.18942245040465078,0.533946605339466,0.8293956318653849,False
KEGG,WHIL,hsa04971,Gastric acid secretion,5,0.3758655261449479,-0.12673056878341935,0.16743511536225386,0.35551325285553065,0.3300669933006699,0.8293956318653849,False
KEGG,WHIL,hsa04972,Pancreatic secretion,6,-0.3654981711808663,-0.5857757968671804,-0.6341832360267834,0.2444813452661156,0.38096190380961903,0.8293956318653849,False
KEGG,WHIL,hsa04973,Carbohydrate digestion and absorption,8,0.2599066958800573,-0.1484276003722561,0.1639666032955635,0.25213719441840365,0.38066193380661933,0.8293956318653849,False
KEGG,WHIL,hsa04976,Bile secretion,13,2.8839107725651316,4.912510619755267,4.951619140571592,-2.048154107598297,0.9583041695830417,0.9676534785545834,False
KEGG,WHIL,hsa04981,Folate transport and metabolism,7,-0.22036309263090054,2.200569717457479,1.7710031362939145,-2.206149519506597,0.9759024097590241,0.9790555677873246,False
KEGG,WHIL,hsa05010,Alzheimer disease,27,0.08773599066513418,-0.4601562550075579,-0.5107244915118664,0.5731763639248463,0.31026897310268975,0.8293956318653849,False
KEGG,WHIL,hsa05012,Parkinson disease,12,-0.03264952907034456,1.2777216176980384,0.2595595359800715,-0.8012901059093995,0.7392260773922608,0.8463826377874096,False
KEGG,WHIL,hsa05014,Amyotrophic lateral sclerosis,11,0.5616309875208738,0.07448806150750768,1.3596962110261153,-0.15546114874593764,0.5242475752424758,0.8293956318653849,False
KEGG,WHIL,hsa05016,Huntington disease,13,-1.926250286128563,-0.6040106073809185,-1.0378836738564947,-1.1053031455098565,0.8207179282071793,0.8682552528392816,False
KEGG,WHIL,hsa05017,Spinocerebellar ataxia,9,-1.3206175563885494,-0.61804887528255,-1.1196328629511871,-0.45177668727168085,0.6337366263373663,0.8293956318653849,False
KEGG,WHIL,hsa05020,Prion disease,14,-0.05986066580056922,0.08035088146243587,-0.714377783208791,0.25715278507260836,0.39636036396360363,0.8293956318653849,False
KEGG,WHIL,hsa05022,Pathways of neurodegeneration - multiple diseases,34,-0.1894214235441121,-0.10222455868298329,-0.13896577550689182,-0.06882625644917453,0.521947805219478,0.8293956318653849,False
KEGG,WHIL,hsa05030,Cocaine addiction,10,-1.0867196532127525,-0.15288569044228142,-0.1940235078028666,-0.9132650540901786,0.775022497750225,0.8569385054377124,False
KEGG,WHIL,hsa05031,Amphetamine addiction,13,-1.3243207982077858,0.11669957202499384,-0.34603076237491004,-1.2096552030328278,0.8434156584341566,0.8825890138258901,False
KEGG,WHIL,hsa05032,Morphine addiction,8,1.1040306056160807,2.3887887406917243,2.8291180039063546,-1.5049227666829585,0.9034096590340965,0.9303771115425771,False
KEGG,WHIL,hsa05033,Nicotine addiction,5,0.7015204915011818,2.1184167848930726,2.5809068206364554,-1.6481413112635823,0.9136086391360864,0.9362227143622271,False
KEGG,WHIL,hsa05034,Alcoholism,16,-1.1802862768256317,-0.16490448870924726,-1.159221516409799,-0.5182232742661086,0.6484351564843516,0.8293956318653849,False
KEGG,WHIL,hsa05100,Bacterial invasion of epithelial cells,5,-1.0026102627975282,-1.3291781964717047,-1.6051764643108015,0.4645670675937248,0.29587041295870414,0.8293956318653849,False
KEGG,WHIL,hsa05120,Epithelial cell signaling in Helicobacter pylori infection,10,-0.8506816608395266,-0.042690991481424564,-0.2900580909997734,-0.6843071195989275,0.6972302769723028,0.8413708629137087,False
KEGG,WHIL,hsa05130,Pathogenic Escherichia coli infection,13,1.2497333192739912,0.7541980770758411,1.378217405542273,0.1835255779649343,0.42125787421257876,0.8293956318653849,False
KEGG,WHIL,hsa05131,Shigellosis,20,-0.5185752944958658,1.2307647250577827,0.1950465214032592,-1.2314809177263868,0.8442155784421558,0.8825890138258901,False
KEGG,WHIL,hsa05132,Salmonella infection,19,-1.0727665510291073,0.7646136516991263,-0.0578700890140294,-1.4261383323716559,0.8839116088391161,0.9163758081620886,False
KEGG,WHIL,hsa05133,Pertussis,7,0.40545168199154535,1.2644742698228182,1.143034124023781,-0.7983025149317541,0.7455254474552545,0.8463826377874096,False
KEGG,WHIL,hsa05134,Legionellosis,8,-0.3203721263488776,1.4742131534396032,1.145171137754572,-1.6300642719459653,0.9266073392660734,0.9464196672438019,False
KEGG,WHIL,hsa05135,Yersinia infection,18,-1.2671938705958534,0.32052915014950634,-0.6999642005229108,-1.0774763454091512,0.8057194280571943,0.8597109361228826,False
KEGG,WHIL,hsa05140,Leishmaniasis,10,1.752258719624798,-0.12635629152955,1.0744273081009381,1.278223211339104,0.147985201479852,0.8293956318653849,False
KEGG,WHIL,hsa05142,Chagas disease,11,0.14769076927396332,0.8070709718390793,0.5834784161322893,-0.547583924711721,0.6538346165383462,0.8293956318653849,False
KEGG,WHIL,hsa05145,Toxoplasmosis,19,-0.5686306546003613,-0.4583738587294267,-0.5883503599028617,-0.04526854528421709,0.5049495050494951,0.8293956318653849,False
KEGG,WHIL,hsa05146,Amoebiasis,9,0.8016640090966684,1.2386741200322813,1.7220818598418464,-0.6787139808403954,0.7032296770322968,0.8413708629137087,False
KEGG,WHIL,hsa05152,Tuberculosis,16,-0.47674995287977046,-1.0087342135264554,-0.8775149603975696,0.46637463408224206,0.3397660233976602,0.8293956318653849,False
KEGG,WHIL,hsa05160,Hepatitis C,14,-1.200687120779814,-0.21820493494592488,-0.9601439640454627,-0.6115126712841202,0.6822317768223177,0.832349574472808,False
KEGG,WHIL,hsa05161,Hepatitis B,24,-1.4520190421062167,-0.1599932008230276,-0.8549674770946973,-0.9445387031473542,0.7755224477552245,0.8569385054377124,False
KEGG,WHIL,hsa05162,Measles,16,-1.559666271979095,-0.685726902318843,-1.0369471168513456,-0.6983292623940007,0.7135286471352865,0.8433422817414076,False
KEGG,WHIL,hsa05163,Human cytomegalovirus infection,18,-1.1808202995626667,-0.34322335676873794,-0.8134725020336777,-0.6024723701614588,0.6814318568143186,0.832349574472808,False
KEGG,WHIL,hsa05164,Influenza A,15,-1.0022912846198684,0.1964359621659306,-0.30689167615363616,-0.9470634276260156,0.7845215478452154,0.8577251429786599,False
KEGG,WHIL,hsa05165,Human papillomavirus infection,18,-1.1332713068671418,-1.1653830179796278,-1.3072120316816909,0.10302621796351752,0.44445555444455553,0.8293956318653849,False
KEGG,WHIL,hsa05166,Human T-cell leukemia virus 1 infection,18,-0.7754582850104415,-0.12485676212808469,-0.8138394832693335,-0.3061101623117323,0.5803419658034197,0.8293956318653849,False
KEGG,WHIL,hsa05167,Kaposi sarcoma-associated herpesvirus infection,23,-2.1183623235363434,-0.8263685113092872,-1.270874060340507,-1.0697410377114462,0.81001899810019,0.8598663210602017,False
KEGG,WHIL,hsa05168,Herpes simplex virus 1 infection,13,-0.2705911692436879,-1.2759053840510295,-0.4852223553063653,0.6099727004350095,0.2973702629737026,0.8293956318653849,False
KEGG,WHIL,hsa05169,Epstein-Barr virus infection,16,-2.028571734875368,-1.0263111053309002,-1.0819707355004755,-0.97443081445968,0.7955204479552045,0.8597109361228826,False
KEGG,WHIL,hsa05170,Human immunodeficiency virus 1 infection,20,-0.8558091520521306,-0.34163042411169703,-0.8418404915705759,-0.26407369421099414,0.5706429357064293,0.8293956318653849,False
KEGG,WHIL,hsa05171,Coronavirus disease,18,-1.0563614549880358,-0.09185347891429951,-0.4964430134057125,-0.7622132088280298,0.7310268973102689,0.8455373793475671,False
KEGG,WHIL,hsa05200,Pathways in cancer,58,-1.7896330189918346,-0.8356875162601151,-1.4166425196603363,-0.663468001031609,0.7094290570942906,0.8433422817414076,False
KEGG,WHIL,hsa05202,Transcriptional misregulation in cancer,16,-1.7602584272318833,0.17978627653534326,-0.14168224119330725,-1.7793104449029014,0.9361063893610639,0.9529869963823291,False
KEGG,WHIL,hsa05203,Viral carcinogenesis,20,-1.827426877018597,-1.5659475590845275,-1.4381644025771743,-0.3253708961877462,0.5881411858814118,0.8293956318653849,False
KEGG,WHIL,hsa05204,Chemical carcinogenesis - DNA adducts,17,0.9703130209653726,1.4135743024665075,1.6223784521886644,-0.5476633563622134,0.6648335166483351,0.8293956318653849,False
KEGG,WHIL,hsa05205,Proteoglycans in cancer,26,-0.24377498410643011,-1.608204294228672,-1.8446309637987048,1.4826426449072583,0.12198780121987801,0.8293956318653849,False
KEGG,WHIL,hsa05206,MicroRNAs in cancer,27,-1.095228695257533,-1.7880649928465893,-1.4198320266331346,0.5087198144823288,0.32526747325267474,0.8293956318653849,False
KEGG,WHIL,hsa05207,Chemical carcinogenesis - receptor activation,36,0.22617984125733498,1.9132471027329077,1.6618681915592972,-1.5613778058887675,0.9005099490050995,0.9303771115425771,False
KEGG,WHIL,hsa05208,Chemical carcinogenesis - reactive oxygen species,31,-0.013263773324557374,-1.3586819878766434,-1.30097081573459,1.3165626284810594,0.1431856814318568,0.8293956318653849,False
KEGG,WHIL,hsa05210,Colorectal cancer,11,-0.6611861277449064,-0.3298385580034332,-1.4219261223611555,0.214696212437388,0.400959904009599,0.8293956318653849,False
KEGG,WHIL,hsa05211,Renal cell carcinoma,11,1.1682567686758427,-0.6751974345719185,-0.5197999222151533,1.7657554470693786,0.08739126087391261,0.8293956318653849,False
KEGG,WHIL,hsa05212,Pancreatic cancer,15,-1.1108688378917284,-1.2412115097166034,-1.4301072952542224,0.22479056459368452,0.40775922407759224,0.8293956318653849,False
KEGG,WHIL,hsa05213,Endometrial cancer,10,-0.20223007246360897,-0.47148898742730616,-1.3750229631194106,0.7210259028097494,0.2546745325467453,0.8293956318653849,False
KEGG,WHIL,hsa05214,Glioma,12,-0.4450537469545014,-0.976974768943721,-1.229262076684604,0.6580646758596612,0.2676732326767323,0.8293956318653849,False
KEGG,WHIL,hsa05215,Prostate cancer,25,-1.2913137409401851,-0.38121156966329284,-1.1814196298014235,-0.5099981412078269,0.6493350664933507,0.8293956318653849,False
KEGG,WHIL,hsa05216,Thyroid cancer,5,-0.23037446055657798,0.7080909697503852,0.004254289061924704,-0.586547089962733,0.6787321267873213,0.832349574472808,False
KEGG,WHIL,hsa05218,Melanoma,11,-0.8775977652514552,-1.2096666346246703,-1.5488370192734193,0.5016540616975896,0.31286871312868714,0.8293956318653849,False
KEGG,WHIL,hsa05219,Bladder cancer,11,-0.7170456164678595,-0.5485663781348589,-0.8598788794194344,-0.012822987690712773,0.4794520547945205,0.8293956318653849,False
KEGG,WHIL,hsa05220,Chronic myeloid leukemia,16,-0.02963334521599978,-1.1745728751713784,-0.7445907486974193,0.929948466718399,0.2106789321067893,0.8293956318653849,False
KEGG,WHIL,hsa05221,Acute myeloid leukemia,14,-1.2424114068934589,-1.3385151910836763,-1.5029144532663772,0.1783034152815679,0.41415858414158585,0.8293956318653849,False
KEGG,WHIL,hsa05222,Small cell lung cancer,13,-0.331384242596367,-0.6302701212105568,-0.22208000715961443,0.0947908215887186,0.44465553444655537,0.8293956318653849,False
KEGG,WHIL,hsa05223,Non-small cell lung cancer,15,-1.3502273220047616,-0.8034696830576843,-1.5149952621069098,-0.19099484942246447,0.5408459154084592,0.8293956318653849,False
KEGG,WHIL,hsa05224,Breast cancer,16,-0.438976546290048,-0.8406469767685781,-1.3364693442869864,0.6495816142377343,0.28187181281871815,0.8293956318653849,False
KEGG,WHIL,hsa05225,Hepatocellular carcinoma,17,-0.7904412140736099,-0.8863103709930433,-1.5513337802014409,0.4283808615236322,0.35006499350064996,0.8293956318653849,False
KEGG,WHIL,hsa05226,Gastric cancer,15,-0.7072173387723797,-0.422153633563904,-1.51282337150458,0.2602711637618623,0.391960803919608,0.8293956318653849,False
KEGG,WHIL,hsa05230,Central carbon metabolism in cancer,16,-0.21703503225085988,-1.3563419238165428,-1.3296020461923532,1.1259369527535883,0.18188181181881813,0.8293956318653849,False
KEGG,WHIL,hsa05231,Choline metabolism in cancer,12,-0.904653433843032,-0.9918772603050775,-1.619218658652489,0.40089452563575134,0.3481651834816518,0.8293956318653849,False
KEGG,WHIL,hsa05235,PD-L1 expression and PD-1 checkpoint pathway in cancer,17,0.41513073662611016,-0.921491289246537,-0.30907858124746906,1.0304156718731132,0.19808019198080193,0.8293956318653849,False
KEGG,WHIL,hsa05321,Inflammatory bowel disease,6,-0.6579237425200923,-0.06707152157640803,-0.025784332964950512,-0.6114958152494131,0.6879312068793121,0.8343853114688531,False
KEGG,WHIL,hsa05323,Rheumatoid arthritis,6,-0.7567558534012224,0.7766761692484091,-0.013463421840887094,-1.1383622271049834,0.8504149585041496,0.8860867268977801,False
KEGG,WHIL,hsa05415,Diabetic cardiomyopathy,19,-1.2522102643380386,-0.5144349054039495,-1.320281754396446,-0.3348519344378409,0.5925407459254075,0.8293956318653849,False
KEGG,WHIL,hsa05417,Lipid and atherosclerosis,38,-2.2532694313850197,-0.6238458808802771,-1.4724243386286149,-1.2051343216305737,0.8384161583841616,0.8794872201968992,False
KEGG,WHIL,hsa05418,Fluid shear stress and atherosclerosis,20,-1.654373751767904,-1.0563389986347516,-1.9534546048931198,-0.14947695000396832,0.532046795320468,0.8293956318653849,False
