component_id,component_type,syndrome_code,target_id,ubiquity_corrected,ubiquity_corrected_sum1,contributing_herbs,target_herb_degree,target_idf
SHARED,SHARED,ALL,ABCB1,0.01410689944343577,0.002232406341746236,7.0,28,2.7859957645113047
SHARED,SHARED,ALL,ABCB11,0.004865597402519505,0.0007699771690669323,5.0,18,3.2088526153313386
SHARED,SHARED,ALL,ABCC1,0.0231296535589326,0.00366025046782206,19.0,60,2.042417730324468
SHARED,SHARED,ALL,ABCG2,0.025361117235656767,0.0040133779345109515,20.0,63,1.9944085111381071
SHARED,SHARED,ALL,ACHE,0.025837275848676337,0.004088729680771296,23.0,95,1.5889434030299427
SHARED,SHARED,ALL,ACP1,0.07215016461875332,0.011417709873014532,7.0,24,2.9344157696295783
SHARED,SHARED,ALL,ADORA1,0.01027999169079555,0.001626801037013792,7.0,31,2.6875556916980523
SHARED,SHARED,ALL,ADORA2A,0.021060991430187602,0.0033328862249806255,9.0,35,2.569772656041669
SHARED,SHARED,ALL,ADORA2B,0.01027999169079555,0.001626801037013792,7.0,31,2.6875556916980523
SHARED,SHARED,ALL,ADORA3,0.024096810639785485,0.003813302356326548,21.0,74,1.8358034809614685
SHARED,SHARED,ALL,ADRA1A,0.0,0.0,0.0,2,5.054679305829669
SHARED,SHARED,ALL,ADRA1B,0.0,0.0,0.0,2,5.054679305829669
SHARED,SHARED,ALL,ADRA1D,0.0,0.0,0.0,1,5.460144413937834
SHARED,SHARED,ALL,ADRA2A,0.0015127731362219662,0.000239395223342058,1.0,2,5.054679305829669
SHARED,SHARED,ALL,ADRA2B,0.003038340169452367,0.000480815071367364,2.0,13,3.5142342648825204
SHARED,SHARED,ALL,ADRA2C,0.0,0.0,0.0,2,5.054679305829669
SHARED,SHARED,ALL,ADRB1,0.0,0.0,0.0,1,5.460144413937834
SHARED,SHARED,ALL,ADRB2,0.021597893678066186,0.0034178506062656775,8.0,25,2.8951950564762967
SHARED,SHARED,ALL,AGTR1,0.0009852299556004735,0.00015591190748753095,1.0,1,5.460144413937834
SHARED,SHARED,ALL,AKR1B1,0.05478936318534995,0.008670375962176955,27.0,113,1.4170931461032836
SHARED,SHARED,ALL,AKR1B10,0.05411824656483666,0.008564172256274571,22.0,87,1.6759547800195724
SHARED,SHARED,ALL,AKR1C2,0.006369841378901968,0.0010080226592098687,8.0,44,2.3466291047274592
SHARED,SHARED,ALL,AKR1C3,0.006310180417057493,0.0009985813563842317,8.0,45,2.324650198008684
SHARED,SHARED,ALL,AKR1C4,0.006369841378901968,0.0010080226592098687,8.0,44,2.3466291047274592
SHARED,SHARED,ALL,AKT1,0.027479487343267318,0.004348608428026376,22.0,67,1.9337838893216723
SHARED,SHARED,ALL,ALDH2,0.006062381896650722,0.0009593674248857111,1.0,2,5.054679305829669
SHARED,SHARED,ALL,ALK,0.013753990671704394,0.002176558791174973,16.0,51,2.2020478759163518
SHARED,SHARED,ALL,ALOX12,0.02583920513291966,0.004089034988567463,23.0,79,1.7712649598238974
SHARED,SHARED,ALL,ALOX15,0.06897624722720276,0.010915439807116165,29.0,116,1.391117659700023
SHARED,SHARED,ALL,ALOX5,0.029009344239532914,0.004590707143685452,26.0,105,1.4898525003857117
SHARED,SHARED,ALL,ALPI,0.019196007223660348,0.003037753861798911,12.0,46,2.3031439927877204
SHARED,SHARED,ALL,ALPL,0.019196007223660348,0.003037753861798911,12.0,46,2.3031439927877204
SHARED,SHARED,ALL,AMY1A,0.02709004763199301,0.0042869798834505425,23.0,83,1.7224747956544653
SHARED,SHARED,ALL,ANPEP,0.0,0.0,0.0,2,5.054679305829669
SHARED,SHARED,ALL,AOC3,0.0016114034945577775,0.0002550034041702005,1.0,5,4.361532125269724
SHARED,SHARED,ALL,AOX1,0.02115496331369846,0.0033477572056335066,4.0,5,4.361532125269724
SHARED,SHARED,ALL,APEX1,0.028828495998441075,0.0045620880440792,24.0,91,1.6315030174487386
SHARED,SHARED,ALL,APOBEC3G,0.001387461695209139,0.00021956478103033042,1.0,10,3.755396321699408
SHARED,SHARED,ALL,APP,0.0316521699344818,0.005008932343715436,26.0,94,1.599414702897238
SHARED,SHARED,ALL,AR,0.05162675737828633,0.008169895946108112,21.0,71,1.8766254754817235
SHARED,SHARED,ALL,ATR,0.0,0.0,0.0,3,4.7669972333778885
SHARED,SHARED,ALL,AURKA,0.0023947157858001797,0.0003789619914947175,2.0,11,3.6683849447097785
SHARED,SHARED,ALL,AURKB,0.01420426013356308,0.0022478135985249843,18.0,59,2.058947032275678
SHARED,SHARED,ALL,AVPR2,0.013998963239625217,0.0022153255177950297,16.0,49,2.241268589069633
SHARED,SHARED,ALL,AXL,0.013753990671704394,0.002176558791174973,16.0,51,2.2020478759163518
SHARED,SHARED,ALL,BACE1,0.029817790209906665,0.004718643117033681,25.0,96,1.578580615994396
SHARED,SHARED,ALL,BBOX1,0.0,0.0,0.0,1,5.460144413937834
SHARED,SHARED,ALL,BCHE,0.02320193307919201,0.0036716886481289713,21.0,79,1.7712649598238974
SHARED,SHARED,ALL,BCL2,0.0218309079912493,0.003454724947970132,12.0,51,2.2020478759163518
SHARED,SHARED,ALL,BCL2L1,0.018428273529867985,0.0029162605759307787,9.0,43,2.369101960579518
SHARED,SHARED,ALL,BCR,0.004385883611043853,0.000694062818460875,1.0,8,3.95606701716156
SHARED,SHARED,ALL,BRAF,0.0023947157858001797,0.0003789619914947175,2.0,11,3.6683849447097785
SHARED,SHARED,ALL,CA1,0.030995516460152795,0.004905017419936498,28.0,117,1.3826069700321142
SHARED,SHARED,ALL,CA12,0.03176863337712945,0.005027362596868562,28.0,113,1.4170931461032836
SHARED,SHARED,ALL,CA13,0.030029936488786064,0.004752215107834864,15.0,52,2.182999680945657
SHARED,SHARED,ALL,CA14,0.0306027254841908,0.004842858540217094,26.0,99,1.5481214085096875
SHARED,SHARED,ALL,CA2,0.030995516460152795,0.004905017419936498,28.0,117,1.3826069700321142
SHARED,SHARED,ALL,CA3,0.031002085574863968,0.0049060569774522856,26.0,97,1.568324115827207
SHARED,SHARED,ALL,CA4,0.02937833783260413,0.004649100105267043,27.0,111,1.4347927232026845
SHARED,SHARED,ALL,CA5A,0.031002085574863968,0.0049060569774522856,26.0,97,1.568324115827207
SHARED,SHARED,ALL,CA5B,0.031002085574863968,0.0049060569774522856,26.0,97,1.568324115827207
SHARED,SHARED,ALL,CA6,0.030406030805141367,0.004811731753593403,26.0,100,1.5381710776565196
SHARED,SHARED,ALL,CA7,0.03176863337712945,0.005027362596868562,28.0,113,1.4170931461032836
SHARED,SHARED,ALL,CA9,0.032758466601405814,0.005184002968199337,27.0,103,1.5089006953564064
SHARED,SHARED,ALL,CACNA1C,0.0,0.0,0.0,2,5.054679305829669
SHARED,SHARED,ALL,CACNA1D,0.0,0.0,0.0,1,5.460144413937834
SHARED,SHARED,ALL,CAMK2B,0.01387527603278211,0.002195752109332271,16.0,50,2.221465961773453
SHARED,SHARED,ALL,CARM1,0.0024515166726105366,0.000387950689574029,2.0,10,3.755396321699408
SHARED,SHARED,ALL,CBR1,0.02400374237919484,0.0037985743733285177,9.0,23,2.975237764149833
SHARED,SHARED,ALL,CCR4,0.013998963239625217,0.0022153255177950297,16.0,49,2.241268589069633
SHARED,SHARED,ALL,CD38,0.020892829839316247,0.003306274778333217,20.0,67,1.9337838893216723
SHARED,SHARED,ALL,CDC25B,0.06622764485753785,0.010480475527007548,8.0,32,2.6567840330312986
SHARED,SHARED,ALL,CDK6,0.0249510708456578,0.0039484883983577895,21.0,69,1.90479635244842
SHARED,SHARED,ALL,CES1,0.02199368279963343,0.003480483940296567,5.0,13,3.5142342648825204
SHARED,SHARED,ALL,CES2,0.024319430281809412,0.0038485317490534344,6.0,12,3.588342237036242
SHARED,SHARED,ALL,CHRM1,0.004420827830002307,0.0006995927151134325,3.0,6,4.207381445442466
SHARED,SHARED,ALL,CHRM2,0.004420827830002307,0.0006995927151134325,3.0,6,4.207381445442466
SHARED,SHARED,ALL,CHRM3,0.004774369776927385,0.0007555404651880324,3.0,4,4.543853682063679
SHARED,SHARED,ALL,CHRM4,0.004420827830002307,0.0006995927151134325,3.0,6,4.207381445442466
SHARED,SHARED,ALL,CHRM5,0.004582798790855477,0.0007252244991661361,3.0,5,4.361532125269724
SHARED,SHARED,ALL,CHRNA3,0.005008833714777371,0.000792644208917535,3.0,3,4.7669972333778885
SHARED,SHARED,ALL,CHRNA7,0.020359358326526893,0.0032218533083236555,5.0,10,3.755396321699408
SHARED,SHARED,ALL,CLK1,0.0,0.0,0.0,1,5.460144413937834
SHARED,SHARED,ALL,CNR1,0.0015927145722562407,0.00025204589612006927,2.0,16,3.3200782504415627
SHARED,SHARED,ALL,CNR2,0.0015927145722562407,0.00025204589612006927,2.0,16,3.3200782504415627
SHARED,SHARED,ALL,CSNK1D,0.0,0.0,0.0,1,5.460144413937834
SHARED,SHARED,ALL,CSNK2A1,0.021445164579159067,0.0033936813399902243,12.0,49,2.241268589069633
SHARED,SHARED,ALL,CTBP2,0.0042172918254576655,0.0006673832938198982,3.0,8,3.95606701716156
SHARED,SHARED,ALL,CTSD,0.0036781417486797894,0.0005820631952838615,4.0,12,3.588342237036242
SHARED,SHARED,ALL,CTSL,0.02333528103074964,0.003692790862255452,9.0,39,2.4644121403838426
SHARED,SHARED,ALL,CXCL8,0.04702802574542546,0.007442150086548255,24.0,94,1.599414702897238
SHARED,SHARED,ALL,CXCR1,0.013998963239625217,0.0022153255177950297,16.0,49,2.241268589069633
SHARED,SHARED,ALL,CYP19A1,0.03307064340818542,0.0052334047156205364,28.0,115,1.3997014033914144
SHARED,SHARED,ALL,CYP1A1,0.025165641460371497,0.003982444038501105,22.0,79,1.7712649598238974
SHARED,SHARED,ALL,CYP1A2,0.0820606445695172,0.01298603595207573,23.0,86,1.6873834758431951
SHARED,SHARED,ALL,CYP1B1,0.025344357310459455,0.004010725688817438,22.0,78,1.7838437420307574
SHARED,SHARED,ALL,CYP2A13,0.005255781177647275,0.0008317234611940117,2.0,10,3.755396321699408
SHARED,SHARED,ALL,CYP2A6,0.016325139880903273,0.002583441240660517,14.0,66,1.948598975106813
SHARED,SHARED,ALL,CYP2B6,0.009517318361599747,0.0015061085500782821,5.0,14,3.445241393395569
SHARED,SHARED,ALL,CYP2C19,0.022601499796544862,0.003576670527857282,24.0,105,1.4898525003857117
SHARED,SHARED,ALL,CYP2C8,0.013753990671704394,0.002176558791174973,16.0,51,2.2020478759163518
SHARED,SHARED,ALL,CYP2C9,0.030000180289770594,0.004747506211478528,26.0,106,1.4804627600358728
SHARED,SHARED,ALL,CYP2D6,0.022601499796544862,0.003576670527857282,24.0,105,1.4898525003857117
SHARED,SHARED,ALL,CYP2E1,0.0034657717368883336,0.0005484557989157974,2.0,4,4.543853682063679
SHARED,SHARED,ALL,CYP2J2,0.013753990671704394,0.002176558791174973,16.0,51,2.2020478759163518
SHARED,SHARED,ALL,CYP3A4,0.05474950187715864,0.00866406793981149,29.0,134,1.2480168160593494
SHARED,SHARED,ALL,CYP3A5,0.0009852299556004735,0.00015591190748753095,1.0,1,5.460144413937834
SHARED,SHARED,ALL,DAO,0.009892396506829647,0.0015654643875122314,7.0,29,2.7520942128356234
SHARED,SHARED,ALL,DAPK1,0.026556890083345025,0.004202608098032771,23.0,82,1.734450986701181
SHARED,SHARED,ALL,DHFR,0.016716022341897875,0.0026452980993062177,3.0,11,3.6683849447097785
SHARED,SHARED,ALL,DNMT1,0.018474481253997036,0.0029235729138968195,3.0,8,3.95606701716156
SHARED,SHARED,ALL,DNMT3B,0.0,0.0,0.0,2,5.054679305829669
SHARED,SHARED,ALL,DPP4,0.02389870162229072,0.003781951751696115,23.0,82,1.734450986701181
SHARED,SHARED,ALL,DRD1,0.04509418053768864,0.007136120521155976,22.0,74,1.8358034809614685
SHARED,SHARED,ALL,DRD2,0.003171615918126227,0.0005019058594412059,2.0,11,3.6683849447097785
SHARED,SHARED,ALL,DRD3,0.0,0.0,0.0,4,4.543853682063679
SHARED,SHARED,ALL,DRD4,0.0,0.0,0.0,2,5.054679305829669
SHARED,SHARED,ALL,DRD5,0.0,0.0,0.0,2,5.054679305829669
SHARED,SHARED,ALL,DUSP3,0.030325675699769555,0.004799015617950486,24.0,75,1.822558254211448
SHARED,SHARED,ALL,DYRK1A,0.0023947157858001797,0.0003789619914947175,2.0,11,3.6683849447097785
SHARED,SHARED,ALL,DYRK1B,0.0,0.0,0.0,1,5.460144413937834
SHARED,SHARED,ALL,EBP,0.0,0.0,0.0,2,5.054679305829669
SHARED,SHARED,ALL,EDNRA,0.0,0.0,0.0,1,5.460144413937834
SHARED,SHARED,ALL,EGFR,0.026674885981491144,0.004221280861128421,25.0,97,1.568324115827207
SHARED,SHARED,ALL,EGLN1,0.07300703491541626,0.011553308959971548,6.0,23,2.975237764149833
SHARED,SHARED,ALL,EHMT2,0.05404468005371537,0.008552530410621257,30.0,138,1.2188176613670871
SHARED,SHARED,ALL,ENPP2,0.0,0.0,0.0,1,5.460144413937834
SHARED,SHARED,ALL,EP300,0.0007350866208621321,0.000116326910865522,1.0,7,4.073850052817943
SHARED,SHARED,ALL,EPHB4,0.0023947157858001797,0.0003789619914947175,2.0,11,3.6683849447097785
SHARED,SHARED,ALL,EPHX2,0.025480173683375767,0.0040322185287874875,23.0,73,1.849226501293609
SHARED,SHARED,ALL,ERBB2,0.010816750141170233,0.0017117426624508332,9.0,41,2.4156219762144104
SHARED,SHARED,ALL,ERN1,0.0,0.0,0.0,4,4.543853682063679
SHARED,SHARED,ALL,ESR1,0.02830979973514869,0.004480004746310121,27.0,117,1.3826069700321142
SHARED,SHARED,ALL,ESR2,0.02120875078393687,0.0033562690327822134,9.0,43,2.369101960579518
SHARED,SHARED,ALL,ESRRA,0.02389283371835453,0.003781023160263786,14.0,39,2.4644121403838426
SHARED,SHARED,ALL,ESRRB,0.02121939272161795,0.0033579531115029114,3.0,4,4.543853682063679
SHARED,SHARED,ALL,F10,0.0020555165853665246,0.0003252839703817437,2.0,5,4.361532125269724
SHARED,SHARED,ALL,F2,0.02320315450539734,0.003671881937917254,20.0,59,2.058947032275678
SHARED,SHARED,ALL,F3,0.03339757115759527,0.005285140788738644,18.0,60,2.042417730324468
SHARED,SHARED,ALL,FABP2,0.023463833408974167,0.0037131341804697558,17.0,63,1.9944085111381071
SHARED,SHARED,ALL,FABP3,0.02579116904292681,0.004081433313063734,20.0,70,1.8906117174564636
SHARED,SHARED,ALL,FABP4,0.031053998531786857,0.004914272164263401,21.0,73,1.849226501293609
SHARED,SHARED,ALL,FABP5,0.023463833408974167,0.0037131341804697558,17.0,63,1.9944085111381071
SHARED,SHARED,ALL,FASN,0.02144651459729519,0.003393894979355886,13.0,51,2.2020478759163518
SHARED,SHARED,ALL,FDPS,0.0,0.0,0.0,3,4.7669972333778885
SHARED,SHARED,ALL,FLT3,0.0241908541701713,0.0038281846750440876,22.0,76,1.8094861726440952
SHARED,SHARED,ALL,FLT4,0.0023947157858001797,0.0003789619914947175,2.0,11,3.6683849447097785
SHARED,SHARED,ALL,FOLH1,0.0019436417670542425,0.0003075798636158689,1.0,5,4.361532125269724
SHARED,SHARED,ALL,FUCA1,0.0,0.0,0.0,1,5.460144413937834
SHARED,SHARED,ALL,FUT7,0.017730819113212937,0.002805888933383617,8.0,26,2.85745472849345
SHARED,SHARED,ALL,FYN,0.01964809729083198,0.003109296778585211,3.0,6,4.207381445442466
SHARED,SHARED,ALL,GAA,0.026749479777702583,0.004233085273882978,24.0,108,1.4619437122686354
SHARED,SHARED,ALL,GABRR1,0.040525037877877736,0.006413057094567826,4.0,16,3.3200782504415627
SHARED,SHARED,ALL,GBA,0.0259251776703256,0.004102640078650553,24.0,97,1.568324115827207
SHARED,SHARED,ALL,GBA2,0.020834778117910353,0.0032970881366097514,2.0,3,4.7669972333778885
SHARED,SHARED,ALL,GLO1,0.02454268784388583,0.0038838620921540306,22.0,74,1.8358034809614685
SHARED,SHARED,ALL,GLRA1,0.004052638527449911,0.0006413270319080729,3.0,13,3.5142342648825204
SHARED,SHARED,ALL,GLRA2,0.0,0.0,0.0,2,5.054679305829669
SHARED,SHARED,ALL,GPBAR1,0.0,0.0,0.0,3,4.7669972333778885
SHARED,SHARED,ALL,GPR35,0.020684767948159363,0.0032733491388504407,21.0,70,1.8906117174564636
SHARED,SHARED,ALL,GRIA1,0.0019436417670542425,0.0003075798636158689,1.0,5,4.361532125269724
SHARED,SHARED,ALL,GRIA2,0.0019436417670542425,0.0003075798636158689,1.0,5,4.361532125269724
SHARED,SHARED,ALL,GRIA4,0.0019436417670542425,0.0003075798636158689,1.0,5,4.361532125269724
SHARED,SHARED,ALL,GRIK2,0.0019436417670542425,0.0003075798636158689,1.0,5,4.361532125269724
SHARED,SHARED,ALL,GRIK5,0.0019436417670542425,0.0003075798636158689,1.0,5,4.361532125269724
SHARED,SHARED,ALL,GRK6,0.0067678804967907106,0.0010710120534846953,2.0,7,4.073850052817943
SHARED,SHARED,ALL,GRM1,0.0019436417670542425,0.0003075798636158689,1.0,5,4.361532125269724
SHARED,SHARED,ALL,GRM2,0.0019436417670542425,0.0003075798636158689,1.0,5,4.361532125269724
SHARED,SHARED,ALL,GRM3,0.0019436417670542425,0.0003075798636158689,1.0,5,4.361532125269724
SHARED,SHARED,ALL,GRM4,0.0019436417670542425,0.0003075798636158689,1.0,5,4.361532125269724
SHARED,SHARED,ALL,GRM5,0.011240513523817625,0.0017788029024855116,7.0,21,3.0622491411394632
SHARED,SHARED,ALL,GRM8,0.0019436417670542425,0.0003075798636158689,1.0,5,4.361532125269724
SHARED,SHARED,ALL,GSK3B,0.04509762391958759,0.007136665433779695,25.0,86,1.6873834758431951
SHARED,SHARED,ALL,GSTP1,0.0024515166726105366,0.000387950689574029,2.0,10,3.755396321699408
SHARED,SHARED,ALL,HCAR2,0.02323175149804257,0.0036764073907279205,16.0,63,1.9944085111381071
SHARED,SHARED,ALL,HDAC1,0.005317088971941493,0.0008414253740296187,1.0,5,4.361532125269724
SHARED,SHARED,ALL,HDAC10,0.0,0.0,0.0,1,5.460144413937834
SHARED,SHARED,ALL,HDAC2,0.005317088971941493,0.0008414253740296187,1.0,5,4.361532125269724
SHARED,SHARED,ALL,HDAC3,0.005317088971941493,0.0008414253740296187,1.0,5,4.361532125269724
SHARED,SHARED,ALL,HDAC6,0.005317088971941493,0.0008414253740296187,1.0,5,4.361532125269724
SHARED,SHARED,ALL,HDAC8,0.005317088971941493,0.0008414253740296187,1.0,5,4.361532125269724
SHARED,SHARED,ALL,HIF1A,0.02784817349000086,0.004406952736453763,26.0,101,1.5283187812135075
SHARED,SHARED,ALL,HKDC1,0.07274732237174888,0.01151220964315577,1.0,7,4.073850052817943
SHARED,SHARED,ALL,HMGCR,0.0009234814410540953,0.0001461402509999044,1.0,6,4.207381445442466
SHARED,SHARED,ALL,HRH1,0.0,0.0,0.0,2,5.054679305829669
SHARED,SHARED,ALL,HRH3,0.0015127731362219662,0.000239395223342058,1.0,2,5.054679305829669
SHARED,SHARED,ALL,HRH4,0.0,0.0,0.0,1,5.460144413937834
SHARED,SHARED,ALL,HSD11B1,0.022218997401304248,0.003516139808382592,18.0,57,2.0928485839513598
SHARED,SHARED,ALL,HSD11B2,0.019062640407647394,0.003016648662386409,2.0,5,4.361532125269724
SHARED,SHARED,ALL,HSD17B1,0.024041225829987196,0.003804506101529666,20.0,70,1.8906117174564636
SHARED,SHARED,ALL,HSD17B2,0.024041225829987196,0.003804506101529666,20.0,70,1.8906117174564636
SHARED,SHARED,ALL,HSD17B3,0.005961307148516502,0.0009433724211905348,2.0,12,3.588342237036242
SHARED,SHARED,ALL,HSP90AA1,0.0,0.0,0.0,3,4.7669972333778885
SHARED,SHARED,ALL,HSP90AB1,0.013081252183387819,0.002070098425899347,7.0,24,2.9344157696295783
SHARED,SHARED,ALL,HSPA1A,0.0023424640350997988,0.0003706931908203672,2.0,12,3.588342237036242
SHARED,SHARED,ALL,HSPA8,0.011035224314846397,0.0017463160378958097,9.0,39,2.4644121403838426
SHARED,SHARED,ALL,HTR1A,0.01351826458931523,0.002139255314011149,16.0,53,2.1643075479335048
SHARED,SHARED,ALL,HTR1B,0.0,0.0,0.0,1,5.460144413937834
SHARED,SHARED,ALL,HTR1D,0.0,0.0,0.0,1,5.460144413937834
SHARED,SHARED,ALL,HTR1E,0.0,0.0,0.0,2,5.054679305829669
SHARED,SHARED,ALL,HTR2A,0.0,0.0,0.0,6,4.207381445442466
SHARED,SHARED,ALL,HTR2B,0.0,0.0,0.0,2,5.054679305829669
SHARED,SHARED,ALL,HTR2C,0.0,0.0,0.0,3,4.7669972333778885
SHARED,SHARED,ALL,HTR3A,0.0014266751496541947,0.00022577028102243918,1.0,3,4.7669972333778885
SHARED,SHARED,ALL,HTR4,0.0,0.0,0.0,1,5.460144413937834
SHARED,SHARED,ALL,HTR5A,0.0,0.0,0.0,2,5.054679305829669
SHARED,SHARED,ALL,HTR6,0.0,0.0,0.0,3,4.7669972333778885
SHARED,SHARED,ALL,HTR7,0.02285854581545599,0.003617347869114211,15.0,57,2.0928485839513598
SHARED,SHARED,ALL,IDH1,0.0538910869368556,0.008528224414147603,25.0,97,1.568324115827207
SHARED,SHARED,ALL,IDO1,0.01601420063796609,0.0025342353367966636,10.0,47,2.282090583589888
SHARED,SHARED,ALL,IGF1R,0.01420426013356308,0.0022478135985249843,18.0,59,2.058947032275678
SHARED,SHARED,ALL,INSR,0.02075629670546748,0.0032846685114788585,10.0,42,2.3920914788042165
SHARED,SHARED,ALL,JAK2,0.0,0.0,0.0,1,5.460144413937834
SHARED,SHARED,ALL,KAT2B,0.0,0.0,0.0,4,4.543853682063679
SHARED,SHARED,ALL,KCNA3,0.0,0.0,0.0,1,5.460144413937834
SHARED,SHARED,ALL,KCNA5,0.0,0.0,0.0,1,5.460144413937834
SHARED,SHARED,ALL,KCNH2,0.029031305582128065,0.00459418250981245,17.0,44,2.3466291047274592
SHARED,SHARED,ALL,KDM2A,0.0,0.0,0.0,1,5.460144413937834
SHARED,SHARED,ALL,KDM4E,0.05484526216738167,0.008679221934496042,30.0,132,1.2629424662760251
SHARED,SHARED,ALL,KDM5C,0.0,0.0,0.0,1,5.460144413937834
SHARED,SHARED,ALL,KDM7A,0.0,0.0,0.0,1,5.460144413937834
SHARED,SHARED,ALL,KDR,0.01420426013356308,0.0022478135985249843,18.0,59,2.058947032275678
SHARED,SHARED,ALL,KIT,0.0,0.0,0.0,6,4.207381445442466
SHARED,SHARED,ALL,KMT2A,0.050477509637067826,0.007988028346071624,28.0,100,1.5381710776565196
SHARED,SHARED,ALL,LDHA,0.0,0.0,0.0,6,4.207381445442466
SHARED,SHARED,ALL,LIMK1,0.0,0.0,0.0,1,5.460144413937834
SHARED,SHARED,ALL,MAN1B1,0.0,0.0,0.0,1,5.460144413937834
SHARED,SHARED,ALL,MAOA,0.01529654111531038,0.0024206662512569863,9.0,38,2.489729948368133
SHARED,SHARED,ALL,MAOB,0.010550212594709476,0.001669563294020632,5.0,30,2.719304390012633
SHARED,SHARED,ALL,MAP2K1,0.019069514439658607,0.0030177364728380773,18.0,58,2.07575415059206
SHARED,SHARED,ALL,MAP2K7,0.0,0.0,0.0,1,5.460144413937834
SHARED,SHARED,ALL,MAP3K7,0.0,0.0,0.0,1,5.460144413937834
SHARED,SHARED,ALL,MAP3K8,0.0024515166726105366,0.000387950689574029,2.0,10,3.755396321699408
SHARED,SHARED,ALL,MAPK1,0.023795342841241608,0.00376559530149142,25.0,120,1.3575010489010375
SHARED,SHARED,ALL,MAPK14,0.019548933918765415,0.003093604248730726,18.0,55,2.1279399037626296
SHARED,SHARED,ALL,MAPK9,0.013340169266620124,0.002111071861693078,6.0,17,3.2629198366016143
SHARED,SHARED,ALL,MAPKAPK2,0.01387527603278211,0.002195752109332271,16.0,50,2.221465961773453
SHARED,SHARED,ALL,MAPT,0.059918661472040065,0.009482083599977079,30.0,135,1.240636708761727
SHARED,SHARED,ALL,MCL1,0.02215258412029954,0.0035056299560734033,7.0,23,2.975237764149833
SHARED,SHARED,ALL,MERTK,0.0,0.0,0.0,1,5.460144413937834
SHARED,SHARED,ALL,MET,0.018177953425892922,0.0028766476057085705,19.0,65,1.9636368524713528
SHARED,SHARED,ALL,MGAM,0.0,0.0,0.0,1,5.460144413937834
SHARED,SHARED,ALL,MGLL,0.07776489359532981,0.012306236556340982,8.0,25,2.8951950564762967
SHARED,SHARED,ALL,MIF,0.009923854230005446,0.001570442548801049,3.0,9,3.850706501503733
SHARED,SHARED,ALL,MMP1,0.022636338831097034,0.0035821837791558,17.0,67,1.9337838893216723
SHARED,SHARED,ALL,MMP12,0.015550586882877741,0.002460868804970876,19.0,65,1.9636368524713528
SHARED,SHARED,ALL,MMP13,0.015314172957061372,0.0024234564770964353,19.0,67,1.9337838893216723
SHARED,SHARED,ALL,MMP14,0.0,0.0,0.0,2,5.054679305829669
SHARED,SHARED,ALL,MMP2,0.024833711221620276,0.003929916325166452,23.0,88,1.6646552247656392
SHARED,SHARED,ALL,MMP3,0.025519727764716588,0.004038477932732433,23.0,84,1.7106403380074624
SHARED,SHARED,ALL,MMP9,0.0241778591898014,0.003826128229068489,23.0,92,1.620692101344523
SHARED,SHARED,ALL,MPG,0.021990626439285687,0.0034800002735453917,19.0,65,1.9636368524713528
SHARED,SHARED,ALL,MPO,0.0,0.0,0.0,2,5.054679305829669
SHARED,SHARED,ALL,MTNR1A,0.0009120677202868388,0.0001443340381800065,1.0,2,5.054679305829669
SHARED,SHARED,ALL,MTNR1B,0.0009120677202868388,0.0001443340381800065,1.0,2,5.054679305829669
SHARED,SHARED,ALL,MYLK,0.0,0.0,0.0,1,5.460144413937834
SHARED,SHARED,ALL,NEK2,0.013753990671704394,0.002176558791174973,16.0,51,2.2020478759163518
SHARED,SHARED,ALL,NEK6,0.013753990671704394,0.002176558791174973,16.0,51,2.2020478759163518
SHARED,SHARED,ALL,NFKB1,0.026927066143793654,0.0042611881841971115,25.0,102,1.518562606268143
SHARED,SHARED,ALL,NOS2,0.07257193310408336,0.011484454422032893,5.0,22,3.017797378568629
SHARED,SHARED,ALL,NQO1,0.010031435885315161,0.0015874672657157725,2.0,4,4.543853682063679
SHARED,SHARED,ALL,NQO2,0.004963898481279026,0.0007855332416471025,2.0,9,3.850706501503733
SHARED,SHARED,ALL,NR1H4,0.06676457662616563,0.010565444579929197,14.0,40,2.439719527793472
SHARED,SHARED,ALL,NR1I2,0.01957885245906601,0.0030983388354746556,9.0,39,2.4644121403838426
SHARED,SHARED,ALL,NR3C1,0.01964809729083198,0.003109296778585211,3.0,6,4.207381445442466
SHARED,SHARED,ALL,NR3C2,0.0,0.0,0.0,1,5.460144413937834
SHARED,SHARED,ALL,NT5E,0.004370179680982451,0.0006915776832119861,2.0,2,5.054679305829669
SHARED,SHARED,ALL,NUAK1,0.01420426013356308,0.0022478135985249843,18.0,59,2.058947032275678
SHARED,SHARED,ALL,ODC1,0.020307208439073403,0.003213600627432342,4.0,13,3.5142342648825204
SHARED,SHARED,ALL,OPRD1,0.0011524460798594557,0.00018237373474693487,1.0,9,3.850706501503733
SHARED,SHARED,ALL,OPRK1,0.006720603931188227,0.001063530572150675,3.0,8,3.95606701716156
SHARED,SHARED,ALL,OPRM1,0.0,0.0,0.0,9,3.850706501503733
SHARED,SHARED,ALL,OXER1,0.0,0.0,0.0,2,5.054679305829669
SHARED,SHARED,ALL,OXTR,0.0,0.0,0.0,1,5.460144413937834
SHARED,SHARED,ALL,PARP1,0.02330967473781359,0.003688738685448759,13.0,45,2.324650198008684
SHARED,SHARED,ALL,PCNA,0.0,0.0,0.0,1,5.460144413937834
SHARED,SHARED,ALL,PDE4B,0.0,0.0,0.0,3,4.7669972333778885
SHARED,SHARED,ALL,PDE4D,0.0,0.0,0.0,3,4.7669972333778885
SHARED,SHARED,ALL,PDE5A,0.02477270153965049,0.003920261588384398,21.0,72,1.862832153349388
SHARED,SHARED,ALL,PDGFRB,0.0023947157858001797,0.0003789619914947175,2.0,11,3.6683849447097785
SHARED,SHARED,ALL,PDPK1,0.001505117014587908,0.00023818364778942973,1.0,7,4.073850052817943
SHARED,SHARED,ALL,PGR,0.0,0.0,0.0,1,5.460144413937834
SHARED,SHARED,ALL,PHF8,0.0,0.0,0.0,1,5.460144413937834
SHARED,SHARED,ALL,PIK3CA,0.0040669456149775764,0.0006435911178652137,1.0,11,3.6683849447097785
SHARED,SHARED,ALL,PIK3CB,0.004163410556207765,0.000658856623047407,1.0,10,3.755396321699408
SHARED,SHARED,ALL,PIK3CG,0.013753990671704394,0.002176558791174973,16.0,51,2.2020478759163518
SHARED,SHARED,ALL,PIM1,0.02367987829231233,0.0037473231225260742,22.0,79,1.7712649598238974
SHARED,SHARED,ALL,PIM3,0.0,0.0,0.0,1,5.460144413937834
SHARED,SHARED,ALL,PKN1,0.013753990671704394,0.002176558791174973,16.0,51,2.2020478759163518
SHARED,SHARED,ALL,PLA2G2A,0.0,0.0,0.0,5,4.361532125269724
SHARED,SHARED,ALL,PLG,0.02263998686475258,0.0035827610777677448,20.0,67,1.9337838893216723
SHARED,SHARED,ALL,PLK1,0.01420426013356308,0.0022478135985249843,18.0,59,2.058947032275678
SHARED,SHARED,ALL,PLK4,0.0023947157858001797,0.0003789619914947175,2.0,11,3.6683849447097785
SHARED,SHARED,ALL,PNP,0.010162289052527109,0.0016081746820756063,7.0,32,2.6567840330312986
SHARED,SHARED,ALL,POLA1,0.003770897799554339,0.000596741771326596,2.0,5,4.361532125269724
SHARED,SHARED,ALL,POLB,0.02770356906834716,0.004384069194309108,26.0,110,1.443761393185445
SHARED,SHARED,ALL,PPARA,0.03441511013373017,0.005446165574688651,27.0,101,1.5283187812135075
SHARED,SHARED,ALL,PPARD,0.03474534318089256,0.00549842470871704,26.0,98,1.558171744363189
SHARED,SHARED,ALL,PPARG,0.0339778482407449,0.0053769692054355545,27.0,103,1.5089006953564064
SHARED,SHARED,ALL,PRKCA,0.021605213966235867,0.0034190090364224195,19.0,60,2.042417730324468
SHARED,SHARED,ALL,PRKCD,0.0,0.0,0.0,1,5.460144413937834
SHARED,SHARED,ALL,PRKCE,0.0,0.0,0.0,1,5.460144413937834
SHARED,SHARED,ALL,PRMT1,0.0,0.0,0.0,4,4.543853682063679
SHARED,SHARED,ALL,PTAFR,0.0,0.0,0.0,3,4.7669972333778885
SHARED,SHARED,ALL,PTGES,0.018982279842086263,0.003003931662672595,5.0,12,3.588342237036242
SHARED,SHARED,ALL,PTGS1,0.026276071090846048,0.0041581687013920576,20.0,71,1.8766254754817235
SHARED,SHARED,ALL,PTGS2,0.031126105609274996,0.004925683055630053,24.0,89,1.6534819241675138
SHARED,SHARED,ALL,PTK2,0.01420426013356308,0.0022478135985249843,18.0,59,2.058947032275678
SHARED,SHARED,ALL,PTK2B,0.024379729379588887,0.0038580740364160277,3.0,5,4.361532125269724
SHARED,SHARED,ALL,PTPN1,0.06951999206902221,0.01100148702380164,21.0,90,1.6424320879809289
SHARED,SHARED,ALL,PTPN11,0.07027107838377404,0.011120345874321839,9.0,31,2.6875556916980523
SHARED,SHARED,ALL,PTPN2,0.06544527900072616,0.010356666712227569,10.0,35,2.569772656041669
SHARED,SHARED,ALL,PTPN6,0.06990637623544556,0.011062632030678058,12.0,38,2.489729948368133
SHARED,SHARED,ALL,PTPRF,0.06544527900072616,0.010356666712227569,10.0,35,2.569772656041669
SHARED,SHARED,ALL,PTPRS,0.03062938666524722,0.004847077652284026,17.0,46,2.3031439927877204
SHARED,SHARED,ALL,PYGL,0.013998963239625217,0.0022153255177950297,16.0,49,2.241268589069633
SHARED,SHARED,ALL,RELA,0.025768410456085362,0.0040778317836278905,8.0,24,2.9344157696295783
SHARED,SHARED,ALL,RORB,0.0018255963669492506,0.00028889926687205507,1.0,3,4.7669972333778885
SHARED,SHARED,ALL,RORC,0.03389974347294872,0.005364609184039787,28.0,111,1.4347927232026845
SHARED,SHARED,ALL,RXRA,0.0,0.0,0.0,7,4.073850052817943
SHARED,SHARED,ALL,SAE1,0.0,0.0,0.0,3,4.7669972333778885
SHARED,SHARED,ALL,SENP6,0.0,0.0,0.0,1,5.460144413937834
SHARED,SHARED,ALL,SENP7,0.0,0.0,0.0,1,5.460144413937834
SHARED,SHARED,ALL,SENP8,0.0,0.0,0.0,3,4.7669972333778885
SHARED,SHARED,ALL,SHBG,0.02059006379402018,0.003258362276915418,9.0,22,3.017797378568629
SHARED,SHARED,ALL,SIGMAR1,0.0,0.0,0.0,1,5.460144413937834
SHARED,SHARED,ALL,SIRT2,0.002449950375839942,0.00038770282427536766,1.0,6,4.207381445442466
SHARED,SHARED,ALL,SIRT3,0.0029433303411275213,0.0004657798367198737,1.0,2,5.054679305829669
SHARED,SHARED,ALL,SLC15A2,0.0,0.0,0.0,2,5.054679305829669
SHARED,SHARED,ALL,SLC1A1,0.0019436417670542425,0.0003075798636158689,1.0,5,4.361532125269724
SHARED,SHARED,ALL,SLC22A1,0.011467889658995038,0.001814785006715226,7.0,28,2.7859957645113047
SHARED,SHARED,ALL,SLC22A12,0.009646338808484055,0.0015265259398097647,2.0,4,4.543853682063679
SHARED,SHARED,ALL,SLC28A1,0.010821400975988549,0.0017124786536007277,8.0,31,2.6875556916980523
SHARED,SHARED,ALL,SLC28A2,0.010821400975988549,0.0017124786536007277,8.0,31,2.6875556916980523
SHARED,SHARED,ALL,SLC28A3,0.010577296884036207,0.001673849362656559,8.0,33,2.6269310698816177
SHARED,SHARED,ALL,SLC47A1,0.0014226748158265004,0.00022513723117035405,1.0,9,3.850706501503733
SHARED,SHARED,ALL,SLC5A1,0.018486346186912972,0.0029254505307035558,4.0,11,3.6683849447097785
SHARED,SHARED,ALL,SLC5A2,0.01892482864212803,0.0029948400530214483,4.0,10,3.755396321699408
SHARED,SHARED,ALL,SLC6A15,0.0,0.0,0.0,1,5.460144413937834
SHARED,SHARED,ALL,SLC6A2,0.0015127731362219662,0.000239395223342058,1.0,2,5.054679305829669
SHARED,SHARED,ALL,SLC6A3,0.0015127731362219662,0.000239395223342058,1.0,2,5.054679305829669
SHARED,SHARED,ALL,SLC6A4,0.0015127731362219662,0.000239395223342058,1.0,2,5.054679305829669
SHARED,SHARED,ALL,SLCO1B1,0.04515969532026934,0.007146488186758025,23.0,81,1.746572347233526
SHARED,SHARED,ALL,SLCO1B3,0.04484628319658899,0.007096890951356327,23.0,82,1.734450986701181
SHARED,SHARED,ALL,SLCO2B1,0.04515969532026934,0.007146488186758025,23.0,81,1.746572347233526
SHARED,SHARED,ALL,SMAD3,0.0023424640350997988,0.0003706931908203672,2.0,12,3.588342237036242
SHARED,SHARED,ALL,SOAT1,0.02615528169365585,0.0041390538691509745,16.0,52,2.182999680945657
SHARED,SHARED,ALL,SOAT2,0.00262280993453179,0.00041505772083519967,1.0,2,5.054679305829669
SHARED,SHARED,ALL,SRC,0.024671003657160153,0.003904167974140963,21.0,66,1.948598975106813
SHARED,SHARED,ALL,STAT3,0.006047394137589452,0.00095699562316478,6.0,19,3.157559320943788
SHARED,SHARED,ALL,SYK,0.028651141460359467,0.004534021820375089,22.0,69,1.90479635244842
SHARED,SHARED,ALL,TAS2R31,0.0,0.0,0.0,2,5.054679305829669
SHARED,SHARED,ALL,TBXAS1,0.01897402265505954,0.003002624968968755,6.0,16,3.3200782504415627
SHARED,SHARED,ALL,TEK,0.0023947157858001797,0.0003789619914947175,2.0,11,3.6683849447097785
SHARED,SHARED,ALL,TERT,0.03612252910888922,0.005716363357230906,20.0,67,1.9337838893216723
SHARED,SHARED,ALL,TGM2,0.0,0.0,0.0,4,4.543853682063679
SHARED,SHARED,ALL,THRA,0.0,0.0,0.0,1,5.460144413937834
SHARED,SHARED,ALL,THRB,0.054262006145921846,0.008586922103027798,26.0,104,1.4993312443402556
SHARED,SHARED,ALL,TLR2,0.023463833408974167,0.0037131341804697558,17.0,63,1.9944085111381071
SHARED,SHARED,ALL,TNKS,0.021351783483433563,0.0033789038510648435,11.0,42,2.3920914788042165
SHARED,SHARED,ALL,TNKS2,0.021351783483433563,0.0033789038510648435,11.0,42,2.3920914788042165
SHARED,SHARED,ALL,TOP1,0.05913302699048026,0.009357757527762484,12.0,50,2.221465961773453
SHARED,SHARED,ALL,TOP2A,0.06439430156281305,0.01019035031457853,24.0,83,1.7224747956544653
SHARED,SHARED,ALL,TRPV1,0.03923734119165603,0.006209280051987107,12.0,37,2.515705434771393
SHARED,SHARED,ALL,TTR,0.01992944671239225,0.0031538201152302484,14.0,64,1.9789043246021416
SHARED,SHARED,ALL,TUBB3,0.007597603544440396,0.0012023151084822323,1.0,1,5.460144413937834
SHARED,SHARED,ALL,TYR,0.025469988869195825,0.004030606789520757,20.0,77,1.7965827678081872
SHARED,SHARED,ALL,UBE2N,0.05392449464782413,0.00853351115955388,5.0,14,3.445241393395569
SHARED,SHARED,ALL,UGT1A1,0.2970022247381292,0.04700038110264278,31.0,109,1.4528112287053627
SHARED,SHARED,ALL,VCP,0.0,0.0,0.0,4,4.543853682063679
SHARED,SHARED,ALL,VDR,0.0,0.0,0.0,3,4.7669972333778885
SHARED,SHARED,ALL,XDH,0.02966134158486042,0.004693885238513946,23.0,73,1.849226501293609
SHARED,SHARED,ALL,XIAP,0.0,0.0,0.0,2,5.054679305829669
SHARED,SHARED,ALL,XPO1,0.023676848860014,0.0037468437171186853,5.0,11,3.6683849447097785
SPECIFIC_PDOL,SPECIFIC,PDOL,ABCB1,0.019051360124894317,0.001143842884012757,8.0,28,2.7859957645113047
SPECIFIC_PDOL,SPECIFIC,PDOL,ABCB11,0.031165971012341954,0.0018712036270435554,11.0,18,3.2088526153313386
SPECIFIC_PDOL,SPECIFIC,PDOL,ABCC1,0.04716040647139591,0.002831508878936518,29.0,60,2.042417730324468
SPECIFIC_PDOL,SPECIFIC,PDOL,ABCG2,0.04877645233025975,0.0029285362063179504,30.0,63,1.9944085111381071
SPECIFIC_PDOL,SPECIFIC,PDOL,ACHE,0.05509844914775886,0.0033081086371072074,39.0,95,1.5889434030299427
SPECIFIC_PDOL,SPECIFIC,PDOL,ACP1,0.012646071288274647,0.0007592696037963976,10.0,24,2.9344157696295783
SPECIFIC_PDOL,SPECIFIC,PDOL,ADORA1,0.047512182876456484,0.002852629519932976,15.0,31,2.6875556916980523
SPECIFIC_PDOL,SPECIFIC,PDOL,ADORA2A,0.050233890790086784,0.0030160407519373104,17.0,35,2.569772656041669
SPECIFIC_PDOL,SPECIFIC,PDOL,ADORA2B,0.047512182876456484,0.002852629519932976,15.0,31,2.6875556916980523
SPECIFIC_PDOL,SPECIFIC,PDOL,ADORA3,0.06296759731829671,0.003780571971961188,37.0,74,1.8358034809614685
SPECIFIC_PDOL,SPECIFIC,PDOL,ADRA1A,0.0,0.0,0.0,2,5.054679305829669
SPECIFIC_PDOL,SPECIFIC,PDOL,ADRA1B,0.0,0.0,0.0,2,5.054679305829669
SPECIFIC_PDOL,SPECIFIC,PDOL,ADRA1D,0.0,0.0,0.0,1,5.460144413937834
SPECIFIC_PDOL,SPECIFIC,PDOL,ADRA2A,0.002337922119615769,0.00014036874860205573,1.0,2,5.054679305829669
SPECIFIC_PDOL,SPECIFIC,PDOL,ADRA2B,0.010207313410418743,0.0006128466803868279,5.0,13,3.5142342648825204
SPECIFIC_PDOL,SPECIFIC,PDOL,ADRA2C,0.0,0.0,0.0,2,5.054679305829669
SPECIFIC_PDOL,SPECIFIC,PDOL,ADRB1,0.00745921368024294,0.0004478508847947058,1.0,1,5.460144413937834
SPECIFIC_PDOL,SPECIFIC,PDOL,ADRB2,0.035995403607137086,0.0021611625628445404,13.0,25,2.8951950564762967
SPECIFIC_PDOL,SPECIFIC,PDOL,AGTR1,0.0005373981576002591,3.2265363439820675e-05,1.0,1,5.460144413937834
SPECIFIC_PDOL,SPECIFIC,PDOL,AKR1B1,0.08428786179927975,0.005060639780871901,50.0,113,1.4170931461032836
SPECIFIC_PDOL,SPECIFIC,PDOL,AKR1B10,0.050790522406155614,0.003049460891438263,36.0,87,1.6759547800195724
SPECIFIC_PDOL,SPECIFIC,PDOL,AKR1C2,0.029288633058355537,0.0017584883329397785,16.0,44,2.3466291047274592
SPECIFIC_PDOL,SPECIFIC,PDOL,AKR1C3,0.02901431099671692,0.0017420180475598373,16.0,45,2.324650198008684
SPECIFIC_PDOL,SPECIFIC,PDOL,AKR1C4,0.029288633058355537,0.0017584883329397785,16.0,44,2.3466291047274592
SPECIFIC_PDOL,SPECIFIC,PDOL,AKT1,0.07670299191229842,0.00460524450255529,35.0,67,1.9337838893216723
SPECIFIC_PDOL,SPECIFIC,PDOL,ALDH2,0.009369135658460209,0.0005625225223828651,1.0,2,5.054679305829669
SPECIFIC_PDOL,SPECIFIC,PDOL,ALK,0.03963023022324842,0.0023793974044622954,26.0,51,2.2020478759163518
SPECIFIC_PDOL,SPECIFIC,PDOL,ALOX12,0.0506515993611,0.0030411199574854894,36.0,79,1.7712649598238974
SPECIFIC_PDOL,SPECIFIC,PDOL,ALOX15,0.1980515943954037,0.011891009640857339,54.0,116,1.391117659700023
SPECIFIC_PDOL,SPECIFIC,PDOL,ALOX5,0.1292336390714063,0.00775918241310979,47.0,105,1.4898525003857117
SPECIFIC_PDOL,SPECIFIC,PDOL,ALPI,0.04027705684772715,0.0024182328485854265,21.0,46,2.3031439927877204
SPECIFIC_PDOL,SPECIFIC,PDOL,ALPL,0.04027705684772715,0.0024182328485854265,21.0,46,2.3031439927877204
SPECIFIC_PDOL,SPECIFIC,PDOL,AMY1A,0.07222789164884182,0.00433655966546013,39.0,83,1.7224747956544653
SPECIFIC_PDOL,SPECIFIC,PDOL,ANPEP,0.0,0.0,0.0,2,5.054679305829669
SPECIFIC_PDOL,SPECIFIC,PDOL,AOC3,0.011605360521411078,0.00069678537184716,3.0,5,4.361532125269724
SPECIFIC_PDOL,SPECIFIC,PDOL,AOX1,0.008695907909314701,0.0005221019558127244,3.0,5,4.361532125269724
SPECIFIC_PDOL,SPECIFIC,PDOL,APEX1,0.08447510122233966,0.0050718816281872465,39.0,91,1.6315030174487386
SPECIFIC_PDOL,SPECIFIC,PDOL,APOBEC3G,0.010238006066658327,0.0006146894662142411,3.0,10,3.755396321699408
SPECIFIC_PDOL,SPECIFIC,PDOL,APP,0.06555081708409237,0.003935668381224139,39.0,94,1.599414702897238
SPECIFIC_PDOL,SPECIFIC,PDOL,AR,0.277877618680711,0.016683760879571574,31.0,71,1.8766254754817235
SPECIFIC_PDOL,SPECIFIC,PDOL,ATR,0.010146556057135263,0.0006091988113764707,2.0,3,4.7669972333778885
SPECIFIC_PDOL,SPECIFIC,PDOL,AURKA,0.015533067192477323,0.0009326047200058249,5.0,11,3.6683849447097785
SPECIFIC_PDOL,SPECIFIC,PDOL,AURKB,0.04214363658066117,0.0025303022195364865,29.0,59,2.058947032275678
SPECIFIC_PDOL,SPECIFIC,PDOL,AVPR2,0.036116562554342785,0.002168436941087731,24.0,49,2.241268589069633
SPECIFIC_PDOL,SPECIFIC,PDOL,AXL,0.03963023022324842,0.0023793974044622954,26.0,51,2.2020478759163518
SPECIFIC_PDOL,SPECIFIC,PDOL,BACE1,0.08936093070461107,0.005365226630809567,43.0,96,1.578580615994396
SPECIFIC_PDOL,SPECIFIC,PDOL,BBOX1,0.0,0.0,0.0,1,5.460144413937834
SPECIFIC_PDOL,SPECIFIC,PDOL,BCHE,0.05177555534524352,0.0031086022288812306,35.0,79,1.7712649598238974
SPECIFIC_PDOL,SPECIFIC,PDOL,BCL2,0.059706456583685626,0.0035847732154107442,21.0,51,2.2020478759163518
SPECIFIC_PDOL,SPECIFIC,PDOL,BCL2L1,0.024458487381628848,0.0014684865837287385,13.0,43,2.369101960579518
SPECIFIC_PDOL,SPECIFIC,PDOL,BCR,0.0009826296614906995,5.8997044754159564e-05,1.0,8,3.95606701716156
SPECIFIC_PDOL,SPECIFIC,PDOL,BRAF,0.015533067192477323,0.0009326047200058249,5.0,11,3.6683849447097785
SPECIFIC_PDOL,SPECIFIC,PDOL,CA1,0.08995503952246495,0.005400896899975463,50.0,117,1.3826069700321142
SPECIFIC_PDOL,SPECIFIC,PDOL,CA12,0.0910687174084601,0.005467762074778041,49.0,113,1.4170931461032836
SPECIFIC_PDOL,SPECIFIC,PDOL,CA13,0.06617392784236623,0.003973079925708672,24.0,52,2.182999680945657
SPECIFIC_PDOL,SPECIFIC,PDOL,CA14,0.08894755142691303,0.005340407355855262,44.0,99,1.5481214085096875
SPECIFIC_PDOL,SPECIFIC,PDOL,CA2,0.08995503952246495,0.005400896899975463,50.0,117,1.3826069700321142
SPECIFIC_PDOL,SPECIFIC,PDOL,CA3,0.0892982162837349,0.005361461259540854,43.0,97,1.568324115827207
SPECIFIC_PDOL,SPECIFIC,PDOL,CA4,0.0893881157756347,0.005366858821363832,48.0,111,1.4347927232026845
SPECIFIC_PDOL,SPECIFIC,PDOL,CA5A,0.0892982162837349,0.005361461259540854,43.0,97,1.568324115827207
SPECIFIC_PDOL,SPECIFIC,PDOL,CA5B,0.0892982162837349,0.005361461259540854,43.0,97,1.568324115827207
SPECIFIC_PDOL,SPECIFIC,PDOL,CA6,0.08837585365152412,0.005306082644763898,44.0,100,1.5381710776565196
SPECIFIC_PDOL,SPECIFIC,PDOL,CA7,0.0910687174084601,0.005467762074778041,49.0,113,1.4170931461032836
SPECIFIC_PDOL,SPECIFIC,PDOL,CA9,0.09512096467273241,0.005711058835067682,47.0,103,1.5089006953564064
SPECIFIC_PDOL,SPECIFIC,PDOL,CACNA1C,0.006905299598127961,0.0004145939059213829,1.0,2,5.054679305829669
SPECIFIC_PDOL,SPECIFIC,PDOL,CACNA1D,0.00745921368024294,0.0004478508847947058,1.0,1,5.460144413937834
SPECIFIC_PDOL,SPECIFIC,PDOL,CAMK2B,0.03883224586390404,0.00233148645610975,25.0,50,2.221465961773453
SPECIFIC_PDOL,SPECIFIC,PDOL,CARM1,0.010771177210950821,0.0006467010399476567,4.0,10,3.755396321699408
SPECIFIC_PDOL,SPECIFIC,PDOL,CBR1,0.03918253310116718,0.002352517687532454,14.0,23,2.975237764149833
SPECIFIC_PDOL,SPECIFIC,PDOL,CCR4,0.036116562554342785,0.002168436941087731,24.0,49,2.241268589069633
SPECIFIC_PDOL,SPECIFIC,PDOL,CD38,0.0632706032821588,0.0037987644376594348,29.0,67,1.9337838893216723
SPECIFIC_PDOL,SPECIFIC,PDOL,CDC25B,0.016258268115944274,0.0009761457538401089,12.0,32,2.6567840330312986
SPECIFIC_PDOL,SPECIFIC,PDOL,CDK6,0.04879716330066372,0.0029297796921353555,32.0,69,1.90479635244842
SPECIFIC_PDOL,SPECIFIC,PDOL,CES1,0.013877811126183689,0.0008332232133712993,6.0,13,3.5142342648825204
SPECIFIC_PDOL,SPECIFIC,PDOL,CES2,0.014170465617311705,0.0008507941770692527,6.0,12,3.588342237036242
SPECIFIC_PDOL,SPECIFIC,PDOL,CHRM1,0.0018172477404519727,0.00010910748013671184,3.0,6,4.207381445442466
SPECIFIC_PDOL,SPECIFIC,PDOL,CHRM2,0.0018172477404519727,0.00010910748013671184,3.0,6,4.207381445442466
SPECIFIC_PDOL,SPECIFIC,PDOL,CHRM3,0.001962576472741521,0.00011783301128946029,3.0,4,4.543853682063679
SPECIFIC_PDOL,SPECIFIC,PDOL,CHRM4,0.0018172477404519727,0.00010910748013671184,3.0,6,4.207381445442466
SPECIFIC_PDOL,SPECIFIC,PDOL,CHRM5,0.0018838283389162893,0.00011310497654995765,3.0,5,4.361532125269724
SPECIFIC_PDOL,SPECIFIC,PDOL,CHRNA3,0.0020589563992303426,0.0001236196581405613,3.0,3,4.7669972333778885
SPECIFIC_PDOL,SPECIFIC,PDOL,CHRNA7,0.018120675598530492,0.0010879646230506437,6.0,10,3.755396321699408
SPECIFIC_PDOL,SPECIFIC,PDOL,CLK1,0.00745921368024294,0.0004478508847947058,1.0,1,5.460144413937834
SPECIFIC_PDOL,SPECIFIC,PDOL,CNR1,0.12914361412155018,0.007753777318796236,7.0,16,3.3200782504415627
SPECIFIC_PDOL,SPECIFIC,PDOL,CNR2,0.12914361412155018,0.007753777318796236,7.0,16,3.3200782504415627
SPECIFIC_PDOL,SPECIFIC,PDOL,CSNK1D,0.00745921368024294,0.0004478508847947058,1.0,1,5.460144413937834
SPECIFIC_PDOL,SPECIFIC,PDOL,CSNK2A1,0.034017693219003754,0.0020424209118928885,18.0,49,2.241268589069633
SPECIFIC_PDOL,SPECIFIC,PDOL,CTBP2,0.012689647186362894,0.0007618858989383689,6.0,8,3.95606701716156
SPECIFIC_PDOL,SPECIFIC,PDOL,CTSD,0.009059998776276931,0.0005439619565989461,7.0,12,3.588342237036242
SPECIFIC_PDOL,SPECIFIC,PDOL,CTSL,0.06864944252335436,0.004121709726077484,18.0,39,2.4644121403838426
SPECIFIC_PDOL,SPECIFIC,PDOL,CXCL8,0.3171859258310331,0.019043830035879814,43.0,94,1.599414702897238
SPECIFIC_PDOL,SPECIFIC,PDOL,CXCR1,0.036116562554342785,0.002168436941087731,24.0,49,2.241268589069633
SPECIFIC_PDOL,SPECIFIC,PDOL,CYP19A1,0.11072163477692473,0.006647722431132582,54.0,115,1.3997014033914144
SPECIFIC_PDOL,SPECIFIC,PDOL,CYP1A1,0.051038421792002533,0.0030643447604425346,35.0,79,1.7712649598238974
SPECIFIC_PDOL,SPECIFIC,PDOL,CYP1A2,0.11209091769596434,0.006729934121682542,41.0,86,1.6873834758431951
SPECIFIC_PDOL,SPECIFIC,PDOL,CYP1B1,0.05140087529639935,0.003086106454047184,35.0,78,1.7838437420307574
SPECIFIC_PDOL,SPECIFIC,PDOL,CYP2A13,0.023950612244487517,0.0014379937812318178,6.0,10,3.755396321699408
SPECIFIC_PDOL,SPECIFIC,PDOL,CYP2A6,0.06412967133966031,0.0038503428487552263,32.0,66,1.948598975106813
SPECIFIC_PDOL,SPECIFIC,PDOL,CYP2B6,0.01804558919953253,0.0010834564387206581,8.0,14,3.445241393395569
SPECIFIC_PDOL,SPECIFIC,PDOL,CYP2C19,0.0761240141673021,0.004570482702385945,47.0,105,1.4898525003857117
SPECIFIC_PDOL,SPECIFIC,PDOL,CYP2C8,0.037799533806725814,0.002269482466363425,26.0,51,2.2020478759163518
SPECIFIC_PDOL,SPECIFIC,PDOL,CYP2C9,0.07602154794034703,0.00456433063430336,46.0,106,1.4804627600358728
SPECIFIC_PDOL,SPECIFIC,PDOL,CYP2D6,0.06495948736385476,0.003900164968965651,45.0,105,1.4898525003857117
SPECIFIC_PDOL,SPECIFIC,PDOL,CYP2E1,0.02715246378343765,0.001630232816895615,3.0,4,4.543853682063679
SPECIFIC_PDOL,SPECIFIC,PDOL,CYP2J2,0.039670374508784086,0.0023818076657267256,26.0,51,2.2020478759163518
SPECIFIC_PDOL,SPECIFIC,PDOL,CYP3A4,0.3562531552578129,0.021389424895510014,60.0,134,1.2480168160593494
SPECIFIC_PDOL,SPECIFIC,PDOL,CYP3A5,0.0005373981576002591,3.2265363439820675e-05,1.0,1,5.460144413937834
SPECIFIC_PDOL,SPECIFIC,PDOL,DAO,0.05770501833187886,0.0034646069444929715,15.0,29,2.7520942128356234
SPECIFIC_PDOL,SPECIFIC,PDOL,DAPK1,0.06980759981581794,0.004191245442628288,39.0,82,1.734450986701181
SPECIFIC_PDOL,SPECIFIC,PDOL,DHFR,0.01121429071537035,0.000673305556660242,5.0,11,3.6683849447097785
SPECIFIC_PDOL,SPECIFIC,PDOL,DNMT1,0.003820812625372828,0.0002294014340198219,2.0,8,3.95606701716156
SPECIFIC_PDOL,SPECIFIC,PDOL,DNMT3B,0.0,0.0,0.0,2,5.054679305829669
SPECIFIC_PDOL,SPECIFIC,PDOL,DPP4,0.06649659639162721,0.003992452932231425,41.0,82,1.734450986701181
SPECIFIC_PDOL,SPECIFIC,PDOL,DRD1,0.19072935738678146,0.011451382829833845,32.0,74,1.8358034809614685
SPECIFIC_PDOL,SPECIFIC,PDOL,DRD2,0.015465618990867416,0.0009285551327351429,5.0,11,3.6683849447097785
SPECIFIC_PDOL,SPECIFIC,PDOL,DRD3,0.012755073671579803,0.0007658141024393638,3.0,4,4.543853682063679
SPECIFIC_PDOL,SPECIFIC,PDOL,DRD4,0.0020048704211604257,0.00012037233822562754,1.0,2,5.054679305829669
SPECIFIC_PDOL,SPECIFIC,PDOL,DRD5,0.0020048704211604257,0.00012037233822562754,1.0,2,5.054679305829669
SPECIFIC_PDOL,SPECIFIC,PDOL,DUSP3,0.06591803974491199,0.003957716414785684,33.0,75,1.822558254211448
SPECIFIC_PDOL,SPECIFIC,PDOL,DYRK1A,0.010521612349977628,0.0006317171758848066,4.0,11,3.6683849447097785
SPECIFIC_PDOL,SPECIFIC,PDOL,DYRK1B,0.00745921368024294,0.0004478508847947058,1.0,1,5.460144413937834
SPECIFIC_PDOL,SPECIFIC,PDOL,EBP,0.0,0.0,0.0,2,5.054679305829669
SPECIFIC_PDOL,SPECIFIC,PDOL,EDNRA,0.006153430969877346,0.0003694517441807565,1.0,1,5.460144413937834
SPECIFIC_PDOL,SPECIFIC,PDOL,EGFR,0.07111409113162599,0.00426968712788407,42.0,97,1.568324115827207
SPECIFIC_PDOL,SPECIFIC,PDOL,EGLN1,0.08208410246983736,0.004928326160713855,11.0,23,2.975237764149833
SPECIFIC_PDOL,SPECIFIC,PDOL,EHMT2,0.33111760284950953,0.01988028735522497,61.0,138,1.2188176613670871
SPECIFIC_PDOL,SPECIFIC,PDOL,ENPP2,0.0,0.0,0.0,1,5.460144413937834
SPECIFIC_PDOL,SPECIFIC,PDOL,EP300,0.0052581419401203245,0.0003156986273896825,2.0,7,4.073850052817943
SPECIFIC_PDOL,SPECIFIC,PDOL,EPHB4,0.015533067192477323,0.0009326047200058249,5.0,11,3.6683849447097785
SPECIFIC_PDOL,SPECIFIC,PDOL,EPHX2,0.055025127606158984,0.003303706414743342,33.0,73,1.849226501293609
SPECIFIC_PDOL,SPECIFIC,PDOL,ERBB2,0.05072740141232974,0.00304567110954625,18.0,41,2.4156219762144104
SPECIFIC_PDOL,SPECIFIC,PDOL,ERN1,0.0011286273427877978,6.776273957800746e-05,1.0,4,4.543853682063679
SPECIFIC_PDOL,SPECIFIC,PDOL,ESR1,0.11270596540755558,0.006766861561173473,54.0,117,1.3826069700321142
SPECIFIC_PDOL,SPECIFIC,PDOL,ESR2,0.03686750636088874,0.0022135235765709704,17.0,43,2.369101960579518
SPECIFIC_PDOL,SPECIFIC,PDOL,ESRRA,0.02833234029636925,0.0017010725545565022,17.0,39,2.4644121403838426
SPECIFIC_PDOL,SPECIFIC,PDOL,ESRRB,0.004388503390099852,0.0002634855643546564,2.0,4,4.543853682063679
SPECIFIC_PDOL,SPECIFIC,PDOL,F10,0.04754027233324332,0.0028543160097715377,4.0,5,4.361532125269724
SPECIFIC_PDOL,SPECIFIC,PDOL,F2,0.06042178261829286,0.0036277213613210924,30.0,59,2.058947032275678
SPECIFIC_PDOL,SPECIFIC,PDOL,F3,0.08589314066122652,0.00515702065819806,31.0,60,2.042417730324468
SPECIFIC_PDOL,SPECIFIC,PDOL,FABP2,0.08523007455738138,0.005117210196396843,29.0,63,1.9944085111381071
SPECIFIC_PDOL,SPECIFIC,PDOL,FABP3,0.09236719514535874,0.005545722625083303,35.0,70,1.8906117174564636
SPECIFIC_PDOL,SPECIFIC,PDOL,FABP4,0.1036364589679497,0.006222328764856464,37.0,73,1.849226501293609
SPECIFIC_PDOL,SPECIFIC,PDOL,FABP5,0.08523007455738138,0.005117210196396843,29.0,63,1.9944085111381071
SPECIFIC_PDOL,SPECIFIC,PDOL,FASN,0.0442320694192396,0.0026556916418919545,20.0,51,2.2020478759163518
SPECIFIC_PDOL,SPECIFIC,PDOL,FDPS,0.12037871801459299,0.007227533314413913,2.0,3,4.7669972333778885
SPECIFIC_PDOL,SPECIFIC,PDOL,FLT3,0.05035143673265031,0.0030230982055293072,35.0,76,1.8094861726440952
SPECIFIC_PDOL,SPECIFIC,PDOL,FLT4,0.015533067192477323,0.0009326047200058249,5.0,11,3.6683849447097785
SPECIFIC_PDOL,SPECIFIC,PDOL,FOLH1,0.013597373565006045,0.0008163857536487368,3.0,5,4.361532125269724
SPECIFIC_PDOL,SPECIFIC,PDOL,FUCA1,0.0,0.0,0.0,1,5.460144413937834
SPECIFIC_PDOL,SPECIFIC,PDOL,FUT7,0.024001104857735395,0.001441025355669557,12.0,26,2.85745472849345
SPECIFIC_PDOL,SPECIFIC,PDOL,FYN,0.009811323698098121,0.0005890714742277499,3.0,6,4.207381445442466
SPECIFIC_PDOL,SPECIFIC,PDOL,GAA,0.16646408864414838,0.009994497085301104,47.0,108,1.4619437122686354
SPECIFIC_PDOL,SPECIFIC,PDOL,GABRR1,0.2789575374789607,0.016748599160124333,6.0,16,3.3200782504415627
SPECIFIC_PDOL,SPECIFIC,PDOL,GBA,0.07165163906117768,0.004301961483625738,43.0,97,1.568324115827207
SPECIFIC_PDOL,SPECIFIC,PDOL,GBA2,0.002399156268123008,0.00014404524437817946,1.0,3,4.7669972333778885
SPECIFIC_PDOL,SPECIFIC,PDOL,GLO1,0.04703299406225976,0.0028238590430943586,34.0,74,1.8358034809614685
SPECIFIC_PDOL,SPECIFIC,PDOL,GLRA1,0.03401188791255339,0.002042072361530645,8.0,13,3.5142342648825204
SPECIFIC_PDOL,SPECIFIC,PDOL,GLRA2,0.0013280817934392178,7.9737976651196e-05,1.0,2,5.054679305829669
SPECIFIC_PDOL,SPECIFIC,PDOL,GPBAR1,0.0,0.0,0.0,3,4.7669972333778885
SPECIFIC_PDOL,SPECIFIC,PDOL,GPR35,0.04222926141840923,0.002535443131298733,31.0,70,1.8906117174564636
SPECIFIC_PDOL,SPECIFIC,PDOL,GRIA1,0.013597373565006045,0.0008163857536487368,3.0,5,4.361532125269724
SPECIFIC_PDOL,SPECIFIC,PDOL,GRIA2,0.013597373565006045,0.0008163857536487368,3.0,5,4.361532125269724
SPECIFIC_PDOL,SPECIFIC,PDOL,GRIA4,0.013597373565006045,0.0008163857536487368,3.0,5,4.361532125269724
SPECIFIC_PDOL,SPECIFIC,PDOL,GRIK2,0.013597373565006045,0.0008163857536487368,3.0,5,4.361532125269724
SPECIFIC_PDOL,SPECIFIC,PDOL,GRIK5,0.013597373565006045,0.0008163857536487368,3.0,5,4.361532125269724
SPECIFIC_PDOL,SPECIFIC,PDOL,GRK6,0.007491872629583934,0.00044981172677964183,3.0,7,4.073850052817943
SPECIFIC_PDOL,SPECIFIC,PDOL,GRM1,0.013597373565006045,0.0008163857536487368,3.0,5,4.361532125269724
SPECIFIC_PDOL,SPECIFIC,PDOL,GRM2,0.013597373565006045,0.0008163857536487368,3.0,5,4.361532125269724
SPECIFIC_PDOL,SPECIFIC,PDOL,GRM3,0.013597373565006045,0.0008163857536487368,3.0,5,4.361532125269724
SPECIFIC_PDOL,SPECIFIC,PDOL,GRM4,0.013597373565006045,0.0008163857536487368,3.0,5,4.361532125269724
SPECIFIC_PDOL,SPECIFIC,PDOL,GRM5,0.057975747596829455,0.0034808615185064613,12.0,21,3.0622491411394632
SPECIFIC_PDOL,SPECIFIC,PDOL,GRM8,0.013597373565006045,0.0008163857536487368,3.0,5,4.361532125269724
SPECIFIC_PDOL,SPECIFIC,PDOL,GSK3B,0.17911083845771905,0.01075380742772857,43.0,86,1.6873834758431951
SPECIFIC_PDOL,SPECIFIC,PDOL,GSTP1,0.010771177210950821,0.0006467010399476567,4.0,10,3.755396321699408
SPECIFIC_PDOL,SPECIFIC,PDOL,HCAR2,0.05620836154520767,0.0033747477321312115,26.0,63,1.9944085111381071
SPECIFIC_PDOL,SPECIFIC,PDOL,HDAC1,0.00831414516112262,0.000499180935999023,3.0,5,4.361532125269724
SPECIFIC_PDOL,SPECIFIC,PDOL,HDAC10,0.0028203225278604477,0.00016933204941617993,1.0,1,5.460144413937834
SPECIFIC_PDOL,SPECIFIC,PDOL,HDAC2,0.00831414516112262,0.000499180935999023,3.0,5,4.361532125269724
SPECIFIC_PDOL,SPECIFIC,PDOL,HDAC3,0.00831414516112262,0.000499180935999023,3.0,5,4.361532125269724
SPECIFIC_PDOL,SPECIFIC,PDOL,HDAC6,0.00831414516112262,0.000499180935999023,3.0,5,4.361532125269724
SPECIFIC_PDOL,SPECIFIC,PDOL,HDAC8,0.00831414516112262,0.000499180935999023,3.0,5,4.361532125269724
SPECIFIC_PDOL,SPECIFIC,PDOL,HIF1A,0.06547393286298006,0.003931052255727815,45.0,101,1.5283187812135075
SPECIFIC_PDOL,SPECIFIC,PDOL,HKDC1,0.030127678962037486,0.0018088646147377675,1.0,7,4.073850052817943
SPECIFIC_PDOL,SPECIFIC,PDOL,HMGCR,0.0015487696696466114,9.298806772778341e-05,2.0,6,4.207381445442466
SPECIFIC_PDOL,SPECIFIC,PDOL,HRH1,0.0027030370619409963,0.00016229023483125776,1.0,2,5.054679305829669
SPECIFIC_PDOL,SPECIFIC,PDOL,HRH3,0.002337922119615769,0.00014036874860205573,1.0,2,5.054679305829669
SPECIFIC_PDOL,SPECIFIC,PDOL,HRH4,0.0,0.0,0.0,1,5.460144413937834
SPECIFIC_PDOL,SPECIFIC,PDOL,HSD11B1,0.03719903935696011,0.0022334288041182754,27.0,57,2.0928485839513598
SPECIFIC_PDOL,SPECIFIC,PDOL,HSD11B2,0.002195091925729092,0.00013179322959299788,1.0,5,4.361532125269724
SPECIFIC_PDOL,SPECIFIC,PDOL,HSD17B1,0.10042683669940553,0.006029623174905127,32.0,70,1.8906117174564636
SPECIFIC_PDOL,SPECIFIC,PDOL,HSD17B2,0.10042683669940553,0.006029623174905127,32.0,70,1.8906117174564636
SPECIFIC_PDOL,SPECIFIC,PDOL,HSD17B3,0.006599016321829557,0.00039620467051827615,3.0,12,3.588342237036242
SPECIFIC_PDOL,SPECIFIC,PDOL,HSP90AA1,0.007145097332082584,0.0004289913520768395,2.0,3,4.7669972333778885
SPECIFIC_PDOL,SPECIFIC,PDOL,HSP90AB1,0.07346101197308981,0.004410596159378456,14.0,24,2.9344157696295783
SPECIFIC_PDOL,SPECIFIC,PDOL,HSPA1A,0.0102920349325918,0.0006179333571188346,4.0,12,3.588342237036242
SPECIFIC_PDOL,SPECIFIC,PDOL,HSPA8,0.04838529827569175,0.002905051332852895,17.0,39,2.4644121403838426
SPECIFIC_PDOL,SPECIFIC,PDOL,HTR1A,0.034876386222958,0.002093976804789016,24.0,53,2.1643075479335048
SPECIFIC_PDOL,SPECIFIC,PDOL,HTR1B,0.0,0.0,0.0,1,5.460144413937834
SPECIFIC_PDOL,SPECIFIC,PDOL,HTR1D,0.0,0.0,0.0,1,5.460144413937834
SPECIFIC_PDOL,SPECIFIC,PDOL,HTR1E,0.0,0.0,0.0,2,5.054679305829669
SPECIFIC_PDOL,SPECIFIC,PDOL,HTR2A,0.0016688011444718636,0.0001001947525752876,1.0,6,4.207381445442466
SPECIFIC_PDOL,SPECIFIC,PDOL,HTR2B,0.0,0.0,0.0,2,5.054679305829669
SPECIFIC_PDOL,SPECIFIC,PDOL,HTR2C,0.0,0.0,0.0,3,4.7669972333778885
SPECIFIC_PDOL,SPECIFIC,PDOL,HTR3A,0.002204861594920122,0.00013237980013232207,1.0,3,4.7669972333778885
SPECIFIC_PDOL,SPECIFIC,PDOL,HTR4,0.0,0.0,0.0,1,5.460144413937834
SPECIFIC_PDOL,SPECIFIC,PDOL,HTR5A,0.0,0.0,0.0,2,5.054679305829669
SPECIFIC_PDOL,SPECIFIC,PDOL,HTR6,0.0,0.0,0.0,3,4.7669972333778885
SPECIFIC_PDOL,SPECIFIC,PDOL,HTR7,0.08741296951931393,0.00524827112078151,26.0,57,2.0928485839513598
SPECIFIC_PDOL,SPECIFIC,PDOL,IDH1,0.06223805034743958,0.0037367700016190516,44.0,97,1.568324115827207
SPECIFIC_PDOL,SPECIFIC,PDOL,IDO1,0.053070238966652465,0.0031863349806474095,23.0,47,2.282090583589888
SPECIFIC_PDOL,SPECIFIC,PDOL,IGF1R,0.04214363658066117,0.0025303022195364865,29.0,59,2.058947032275678
SPECIFIC_PDOL,SPECIFIC,PDOL,INSR,0.03404566381609654,0.002044100265400272,16.0,42,2.3920914788042165
SPECIFIC_PDOL,SPECIFIC,PDOL,JAK2,0.00745921368024294,0.0004478508847947058,1.0,1,5.460144413937834
SPECIFIC_PDOL,SPECIFIC,PDOL,KAT2B,0.001193865917515416,7.167966094089806e-05,1.0,4,4.543853682063679
SPECIFIC_PDOL,SPECIFIC,PDOL,KCNA3,0.0,0.0,0.0,1,5.460144413937834
SPECIFIC_PDOL,SPECIFIC,PDOL,KCNA5,0.00745921368024294,0.0004478508847947058,1.0,1,5.460144413937834
SPECIFIC_PDOL,SPECIFIC,PDOL,KCNH2,0.07885979595554378,0.004734738929247296,24.0,44,2.3466291047274592
SPECIFIC_PDOL,SPECIFIC,PDOL,KDM2A,0.0,0.0,0.0,1,5.460144413937834
SPECIFIC_PDOL,SPECIFIC,PDOL,KDM4E,0.19781305769025162,0.011876687906819696,60.0,132,1.2629424662760251
SPECIFIC_PDOL,SPECIFIC,PDOL,KDM5C,0.0,0.0,0.0,1,5.460144413937834
SPECIFIC_PDOL,SPECIFIC,PDOL,KDM7A,0.0,0.0,0.0,1,5.460144413937834
SPECIFIC_PDOL,SPECIFIC,PDOL,KDR,0.04214363658066117,0.0025303022195364865,29.0,59,2.058947032275678
SPECIFIC_PDOL,SPECIFIC,PDOL,KIT,0.012267491512955742,0.0007365396895440376,3.0,6,4.207381445442466
SPECIFIC_PDOL,SPECIFIC,PDOL,KMT2A,0.19842884853486162,0.01191365996398673,44.0,100,1.5381710776565196
SPECIFIC_PDOL,SPECIFIC,PDOL,LDHA,0.005786654449480136,0.00034743049687195653,2.0,6,4.207381445442466
SPECIFIC_PDOL,SPECIFIC,PDOL,LIMK1,0.00745921368024294,0.0004478508847947058,1.0,1,5.460144413937834
SPECIFIC_PDOL,SPECIFIC,PDOL,MAN1B1,0.0,0.0,0.0,1,5.460144413937834
SPECIFIC_PDOL,SPECIFIC,PDOL,MAOA,0.05690505262731804,0.0034165770362545316,16.0,38,2.489729948368133
SPECIFIC_PDOL,SPECIFIC,PDOL,MAOB,0.056690078111739504,0.0034036699751168187,13.0,30,2.719304390012633
SPECIFIC_PDOL,SPECIFIC,PDOL,MAP2K1,0.07615917692749946,0.004572593873072465,31.0,58,2.07575415059206
SPECIFIC_PDOL,SPECIFIC,PDOL,MAP2K7,0.0,0.0,0.0,1,5.460144413937834
SPECIFIC_PDOL,SPECIFIC,PDOL,MAP3K7,0.0,0.0,0.0,1,5.460144413937834
SPECIFIC_PDOL,SPECIFIC,PDOL,MAP3K8,0.010771177210950821,0.0006467010399476567,4.0,10,3.755396321699408
SPECIFIC_PDOL,SPECIFIC,PDOL,MAPK1,0.10946174175889134,0.006572078505772536,52.0,120,1.3575010489010375
SPECIFIC_PDOL,SPECIFIC,PDOL,MAPK14,0.07697472359345905,0.004621559261597101,30.0,55,2.1279399037626296
SPECIFIC_PDOL,SPECIFIC,PDOL,MAPK9,0.07402277852348237,0.00444432460012654,11.0,17,3.2629198366016143
SPECIFIC_PDOL,SPECIFIC,PDOL,MAPKAPK2,0.03883224586390404,0.00233148645610975,25.0,50,2.221465961773453
SPECIFIC_PDOL,SPECIFIC,PDOL,MAPT,0.22332682710666496,0.013408533580828686,61.0,135,1.240636708761727
SPECIFIC_PDOL,SPECIFIC,PDOL,MCL1,0.03778689068363899,0.0022687233737695234,9.0,23,2.975237764149833
SPECIFIC_PDOL,SPECIFIC,PDOL,MERTK,0.00745921368024294,0.0004478508847947058,1.0,1,5.460144413937834
SPECIFIC_PDOL,SPECIFIC,PDOL,MET,0.06740675430088837,0.004047098775940817,32.0,65,1.9636368524713528
SPECIFIC_PDOL,SPECIFIC,PDOL,MGAM,0.0,0.0,0.0,1,5.460144413937834
SPECIFIC_PDOL,SPECIFIC,PDOL,MGLL,0.015648233066442502,0.0009395192743763576,10.0,25,2.8951950564762967
SPECIFIC_PDOL,SPECIFIC,PDOL,MIF,0.06170101161503629,0.0037045262180533814,8.0,9,3.850706501503733
SPECIFIC_PDOL,SPECIFIC,PDOL,MMP1,0.06943786702083601,0.00416904670071413,30.0,67,1.9337838893216723
SPECIFIC_PDOL,SPECIFIC,PDOL,MMP12,0.050744171821281825,0.003046678004214981,31.0,65,1.9636368524713528
SPECIFIC_PDOL,SPECIFIC,PDOL,MMP13,0.049972713550097296,0.0030003596811124665,31.0,67,1.9337838893216723
SPECIFIC_PDOL,SPECIFIC,PDOL,MMP14,0.0,0.0,0.0,2,5.054679305829669
SPECIFIC_PDOL,SPECIFIC,PDOL,MMP2,0.07703961309430242,0.004625455224578233,41.0,88,1.6646552247656392
SPECIFIC_PDOL,SPECIFIC,PDOL,MMP3,0.07916778671220369,0.00475323068170159,41.0,84,1.7106403380074624
SPECIFIC_PDOL,SPECIFIC,PDOL,MMP9,0.07858112430155689,0.004718007494520363,42.0,92,1.620692101344523
SPECIFIC_PDOL,SPECIFIC,PDOL,MPG,0.04732918800599383,0.00284164251538226,29.0,65,1.9636368524713528
SPECIFIC_PDOL,SPECIFIC,PDOL,MPO,0.0,0.0,0.0,2,5.054679305829669
SPECIFIC_PDOL,SPECIFIC,PDOL,MTNR1A,0.005196022164058363,0.0003119689585713343,1.0,2,5.054679305829669
SPECIFIC_PDOL,SPECIFIC,PDOL,MTNR1B,0.005196022164058363,0.0003119689585713343,1.0,2,5.054679305829669
SPECIFIC_PDOL,SPECIFIC,PDOL,MYLK,0.00745921368024294,0.0004478508847947058,1.0,1,5.460144413937834
SPECIFIC_PDOL,SPECIFIC,PDOL,NEK2,0.03963023022324842,0.0023793974044622954,26.0,51,2.2020478759163518
SPECIFIC_PDOL,SPECIFIC,PDOL,NEK6,0.03963023022324842,0.0023793974044622954,26.0,51,2.2020478759163518
SPECIFIC_PDOL,SPECIFIC,PDOL,NFKB1,0.10118468341848157,0.006075124260974821,48.0,102,1.518562606268143
SPECIFIC_PDOL,SPECIFIC,PDOL,NOS2,0.011085333087557643,0.0006655629459518347,8.0,22,3.017797378568629
SPECIFIC_PDOL,SPECIFIC,PDOL,NQO1,0.03678600463455463,0.0022086302162496667,2.0,4,4.543853682063679
SPECIFIC_PDOL,SPECIFIC,PDOL,NQO2,0.00491484257728156,0.000295086947662096,2.0,9,3.850706501503733
SPECIFIC_PDOL,SPECIFIC,PDOL,NR1H4,0.032648402177826226,0.001960208733690099,21.0,40,2.439719527793472
SPECIFIC_PDOL,SPECIFIC,PDOL,NR1I2,0.06563115319238232,0.003940491757885665,19.0,39,2.4644121403838426
SPECIFIC_PDOL,SPECIFIC,PDOL,NR3C1,0.011973895883605715,0.0007189122199456622,3.0,6,4.207381445442466
SPECIFIC_PDOL,SPECIFIC,PDOL,NR3C2,0.0,0.0,0.0,1,5.460144413937834
SPECIFIC_PDOL,SPECIFIC,PDOL,NT5E,0.0002158113422707388,1.2957304178144366e-05,1.0,2,5.054679305829669
SPECIFIC_PDOL,SPECIFIC,PDOL,NUAK1,0.04214363658066117,0.0025303022195364865,29.0,59,2.058947032275678
SPECIFIC_PDOL,SPECIFIC,PDOL,ODC1,0.008227414880068746,0.0004939736534658316,4.0,13,3.5142342648825204
SPECIFIC_PDOL,SPECIFIC,PDOL,OPRD1,0.00774805690880717,0.00046519302044394713,3.0,9,3.850706501503733
SPECIFIC_PDOL,SPECIFIC,PDOL,OPRK1,0.006677526497576996,0.00040091841826450414,3.0,8,3.95606701716156
SPECIFIC_PDOL,SPECIFIC,PDOL,OPRM1,0.005967003876297099,0.00035825866909420135,2.0,9,3.850706501503733
SPECIFIC_PDOL,SPECIFIC,PDOL,OXER1,0.0,0.0,0.0,2,5.054679305829669
SPECIFIC_PDOL,SPECIFIC,PDOL,OXTR,0.0,0.0,0.0,1,5.460144413937834
SPECIFIC_PDOL,SPECIFIC,PDOL,PARP1,0.04719058176729716,0.0028333206024703417,17.0,45,2.324650198008684
SPECIFIC_PDOL,SPECIFIC,PDOL,PCNA,0.0,0.0,0.0,1,5.460144413937834
SPECIFIC_PDOL,SPECIFIC,PDOL,PDE4B,0.001184052964077964,7.109049161718605e-05,1.0,3,4.7669972333778885
SPECIFIC_PDOL,SPECIFIC,PDOL,PDE4D,0.001184052964077964,7.109049161718605e-05,1.0,3,4.7669972333778885
SPECIFIC_PDOL,SPECIFIC,PDOL,PDE5A,0.05621157111323806,0.0033749404344647063,34.0,72,1.862832153349388
SPECIFIC_PDOL,SPECIFIC,PDOL,PDGFRB,0.015533067192477323,0.0009326047200058249,5.0,11,3.6683849447097785
SPECIFIC_PDOL,SPECIFIC,PDOL,PDPK1,0.016405252070081134,0.0009849706644449855,4.0,7,4.073850052817943
SPECIFIC_PDOL,SPECIFIC,PDOL,PGR,0.0,0.0,0.0,1,5.460144413937834
SPECIFIC_PDOL,SPECIFIC,PDOL,PHF8,0.0,0.0,0.0,1,5.460144413937834
SPECIFIC_PDOL,SPECIFIC,PDOL,PIK3CA,0.009779158563467012,0.0005871402808578324,4.0,11,3.6683849447097785
SPECIFIC_PDOL,SPECIFIC,PDOL,PIK3CB,0.004880790126045443,0.0002930424398802748,3.0,10,3.755396321699408
SPECIFIC_PDOL,SPECIFIC,PDOL,PIK3CG,0.037799533806725814,0.002269482466363425,26.0,51,2.2020478759163518
SPECIFIC_PDOL,SPECIFIC,PDOL,PIM1,0.05439612420994679,0.0032659410765175935,37.0,79,1.7712649598238974
SPECIFIC_PDOL,SPECIFIC,PDOL,PIM3,0.00745921368024294,0.0004478508847947058,1.0,1,5.460144413937834
SPECIFIC_PDOL,SPECIFIC,PDOL,PKN1,0.03963023022324842,0.0023793974044622954,26.0,51,2.2020478759163518
SPECIFIC_PDOL,SPECIFIC,PDOL,PLA2G2A,0.03418787223783848,0.0020526384532351476,2.0,5,4.361532125269724
SPECIFIC_PDOL,SPECIFIC,PDOL,PLG,0.04687521862106516,0.0028143862120471623,31.0,67,1.9337838893216723
SPECIFIC_PDOL,SPECIFIC,PDOL,PLK1,0.04214363658066117,0.0025303022195364865,29.0,59,2.058947032275678
SPECIFIC_PDOL,SPECIFIC,PDOL,PLK4,0.015533067192477323,0.0009326047200058249,5.0,11,3.6683849447097785
SPECIFIC_PDOL,SPECIFIC,PDOL,PNP,0.05108510088664615,0.0030671473713789832,15.0,32,2.6567840330312986
SPECIFIC_PDOL,SPECIFIC,PDOL,POLA1,0.00838639922898994,0.0005035190672835717,2.0,5,4.361532125269724
SPECIFIC_PDOL,SPECIFIC,PDOL,POLB,0.18492923583324883,0.011103143768584452,51.0,110,1.443761393185445
SPECIFIC_PDOL,SPECIFIC,PDOL,PPARA,0.15569205241207698,0.009347744469760442,50.0,101,1.5283187812135075
SPECIFIC_PDOL,SPECIFIC,PDOL,PPARD,0.11290325454384413,0.006778706792860727,48.0,98,1.558171744363189
SPECIFIC_PDOL,SPECIFIC,PDOL,PPARG,0.11235068930290314,0.006745530798356415,50.0,103,1.5089006953564064
SPECIFIC_PDOL,SPECIFIC,PDOL,PRKCA,0.0721831135708877,0.004333871191488098,30.0,60,2.042417730324468
SPECIFIC_PDOL,SPECIFIC,PDOL,PRKCD,0.00745921368024294,0.0004478508847947058,1.0,1,5.460144413937834
SPECIFIC_PDOL,SPECIFIC,PDOL,PRKCE,0.00745921368024294,0.0004478508847947058,1.0,1,5.460144413937834
SPECIFIC_PDOL,SPECIFIC,PDOL,PRMT1,0.0,0.0,0.0,4,4.543853682063679
SPECIFIC_PDOL,SPECIFIC,PDOL,PTAFR,0.0025491963814854987,0.00015305364665817698,1.0,3,4.7669972333778885
SPECIFIC_PDOL,SPECIFIC,PDOL,PTGES,0.017841450858871722,0.0010711999810825538,6.0,12,3.588342237036242
SPECIFIC_PDOL,SPECIFIC,PDOL,PTGS1,0.05616624457016983,0.0033722190306696175,31.0,71,1.8766254754817235
SPECIFIC_PDOL,SPECIFIC,PDOL,PTGS2,0.06182670702132192,0.0037120729651145025,37.0,89,1.6534819241675138
SPECIFIC_PDOL,SPECIFIC,PDOL,PTK2,0.04214363658066117,0.0025303022195364865,29.0,59,2.058947032275678
SPECIFIC_PDOL,SPECIFIC,PDOL,PTK2B,0.00815346914604292,0.0004895339546141986,2.0,5,4.361532125269724
SPECIFIC_PDOL,SPECIFIC,PDOL,PTPN1,0.16652862187042639,0.00999837165757188,42.0,90,1.6424320879809289
SPECIFIC_PDOL,SPECIFIC,PDOL,PTPN11,0.016446576187189938,0.0009874517627488934,12.0,31,2.6875556916980523
SPECIFIC_PDOL,SPECIFIC,PDOL,PTPN2,0.019900121335103885,0.0011948024724179789,15.0,35,2.569772656041669
SPECIFIC_PDOL,SPECIFIC,PDOL,PTPN6,0.021501047987492684,0.001290922043259982,15.0,38,2.489729948368133
SPECIFIC_PDOL,SPECIFIC,PDOL,PTPRF,0.022192288457112914,0.0013324240928319479,15.0,35,2.569772656041669
SPECIFIC_PDOL,SPECIFIC,PDOL,PTPRS,0.03071382331076681,0.001844056697502622,20.0,46,2.3031439927877204
SPECIFIC_PDOL,SPECIFIC,PDOL,PYGL,0.036116562554342785,0.002168436941087731,24.0,49,2.241268589069633
SPECIFIC_PDOL,SPECIFIC,PDOL,RELA,0.03079601211516013,0.0018489913099625466,11.0,24,2.9344157696295783
SPECIFIC_PDOL,SPECIFIC,PDOL,RORB,0.01505606932021767,0.0009039657872316507,2.0,3,4.7669972333778885
SPECIFIC_PDOL,SPECIFIC,PDOL,RORC,0.1500272083155217,0.009007627461504457,53.0,111,1.4347927232026845
SPECIFIC_PDOL,SPECIFIC,PDOL,RXRA,0.14756930848259642,0.008860055255894107,3.0,7,4.073850052817943
SPECIFIC_PDOL,SPECIFIC,PDOL,SAE1,0.0012524953319437422,7.519976858927771e-05,1.0,3,4.7669972333778885
SPECIFIC_PDOL,SPECIFIC,PDOL,SENP6,0.0,0.0,0.0,1,5.460144413937834
SPECIFIC_PDOL,SPECIFIC,PDOL,SENP7,0.0,0.0,0.0,1,5.460144413937834
SPECIFIC_PDOL,SPECIFIC,PDOL,SENP8,0.0,0.0,0.0,3,4.7669972333778885
SPECIFIC_PDOL,SPECIFIC,PDOL,SHBG,0.02397753872878086,0.0014396104462493552,11.0,22,3.017797378568629
SPECIFIC_PDOL,SPECIFIC,PDOL,SIGMAR1,0.0,0.0,0.0,1,5.460144413937834
SPECIFIC_PDOL,SPECIFIC,PDOL,SIRT2,0.018689644620727017,0.0011221254999117546,2.0,6,4.207381445442466
SPECIFIC_PDOL,SPECIFIC,PDOL,SIRT3,0.02119792457801945,0.0012727225261320381,1.0,2,5.054679305829669
SPECIFIC_PDOL,SPECIFIC,PDOL,SLC15A2,0.0,0.0,0.0,2,5.054679305829669
SPECIFIC_PDOL,SPECIFIC,PDOL,SLC1A1,0.013597373565006045,0.0008163857536487368,3.0,5,4.361532125269724
SPECIFIC_PDOL,SPECIFIC,PDOL,SLC22A1,0.030112838667270377,0.0018079736040458943,14.0,28,2.7859957645113047
SPECIFIC_PDOL,SPECIFIC,PDOL,SLC22A12,0.004670912438502518,0.00028044139208971143,1.0,4,4.543853682063679
SPECIFIC_PDOL,SPECIFIC,PDOL,SLC28A1,0.04697711240520858,0.0028205039106867094,15.0,31,2.6875556916980523
SPECIFIC_PDOL,SPECIFIC,PDOL,SLC28A2,0.04697711240520858,0.0028205039106867094,15.0,31,2.6875556916980523
SPECIFIC_PDOL,SPECIFIC,PDOL,SLC28A3,0.04591742471859008,0.002756880305250232,15.0,33,2.6269310698816177
SPECIFIC_PDOL,SPECIFIC,PDOL,SLC47A1,0.0118860556045037,0.0007136382931749828,5.0,9,3.850706501503733
SPECIFIC_PDOL,SPECIFIC,PDOL,SLC5A1,0.027574108076336572,0.0016555483230251125,7.0,11,3.6683849447097785
SPECIFIC_PDOL,SPECIFIC,PDOL,SLC5A2,0.02822814552037388,0.001694816704460116,7.0,10,3.755396321699408
SPECIFIC_PDOL,SPECIFIC,PDOL,SLC6A15,0.002919863322961405,0.00017530847468969217,1.0,1,5.460144413937834
SPECIFIC_PDOL,SPECIFIC,PDOL,SLC6A2,0.002337922119615769,0.00014036874860205573,1.0,2,5.054679305829669
SPECIFIC_PDOL,SPECIFIC,PDOL,SLC6A3,0.002337922119615769,0.00014036874860205573,1.0,2,5.054679305829669
SPECIFIC_PDOL,SPECIFIC,PDOL,SLC6A4,0.002337922119615769,0.00014036874860205573,1.0,2,5.054679305829669
SPECIFIC_PDOL,SPECIFIC,PDOL,SLCO1B1,0.15752679992778765,0.009457902635689153,42.0,81,1.746572347233526
SPECIFIC_PDOL,SPECIFIC,PDOL,SLCO1B3,0.15643355054796337,0.009392263987562958,42.0,82,1.734450986701181
SPECIFIC_PDOL,SPECIFIC,PDOL,SLCO2B1,0.15752679992778765,0.009457902635689153,42.0,81,1.746572347233526
SPECIFIC_PDOL,SPECIFIC,PDOL,SMAD3,0.0102920349325918,0.0006179333571188346,4.0,12,3.588342237036242
SPECIFIC_PDOL,SPECIFIC,PDOL,SOAT1,0.0810162337641888,0.004864211367228853,27.0,52,2.182999680945657
SPECIFIC_PDOL,SPECIFIC,PDOL,SOAT2,0.0,0.0,0.0,2,5.054679305829669
SPECIFIC_PDOL,SPECIFIC,PDOL,SRC,0.04086567296954769,0.0024535733365057526,30.0,66,1.948598975106813
SPECIFIC_PDOL,SPECIFIC,PDOL,STAT3,0.032761415341529924,0.0019669940394244296,11.0,19,3.157559320943788
SPECIFIC_PDOL,SPECIFIC,PDOL,SYK,0.04950062366300152,0.002972015423567134,32.0,69,1.90479635244842
SPECIFIC_PDOL,SPECIFIC,PDOL,TAS2R31,0.00850956112092537,0.0005109137022465528,1.0,2,5.054679305829669
SPECIFIC_PDOL,SPECIFIC,PDOL,TBXAS1,0.01299384927129991,0.0007801501796971149,7.0,16,3.3200782504415627
SPECIFIC_PDOL,SPECIFIC,PDOL,TEK,0.015533067192477323,0.0009326047200058249,5.0,11,3.6683849447097785
SPECIFIC_PDOL,SPECIFIC,PDOL,TERT,0.08888889974275174,0.0053368859111330245,33.0,67,1.9337838893216723
SPECIFIC_PDOL,SPECIFIC,PDOL,TGM2,0.010124451163243484,0.000607871634449773,1.0,4,4.543853682063679
SPECIFIC_PDOL,SPECIFIC,PDOL,THRA,0.0,0.0,0.0,1,5.460144413937834
SPECIFIC_PDOL,SPECIFIC,PDOL,THRB,0.25962932622216944,0.015588134145456591,44.0,104,1.4993312443402556
SPECIFIC_PDOL,SPECIFIC,PDOL,TLR2,0.08523007455738138,0.005117210196396843,29.0,63,1.9944085111381071
SPECIFIC_PDOL,SPECIFIC,PDOL,TNKS,0.03852787615106233,0.0023132121109784506,16.0,42,2.3920914788042165
SPECIFIC_PDOL,SPECIFIC,PDOL,TNKS2,0.03852787615106233,0.0023132121109784506,16.0,42,2.3920914788042165
SPECIFIC_PDOL,SPECIFIC,PDOL,TOP1,0.03083500465672308,0.0018513324205658823,20.0,50,2.221465961773453
SPECIFIC_PDOL,SPECIFIC,PDOL,TOP2A,0.05675065441679367,0.00340730697399888,34.0,83,1.7224747956544653
SPECIFIC_PDOL,SPECIFIC,PDOL,TRPV1,0.1970720077857836,0.011832195300813237,22.0,37,2.515705434771393
SPECIFIC_PDOL,SPECIFIC,PDOL,TTR,0.044954289454124136,0.002699053703297463,25.0,64,1.9789043246021416
SPECIFIC_PDOL,SPECIFIC,PDOL,TUBB3,0.0,0.0,0.0,1,5.460144413937834
SPECIFIC_PDOL,SPECIFIC,PDOL,TYR,0.05606321750203159,0.003366033289705295,30.0,77,1.7965827678081872
SPECIFIC_PDOL,SPECIFIC,PDOL,UBE2N,0.21665569322052436,0.013007998974693806,8.0,14,3.445241393395569
SPECIFIC_PDOL,SPECIFIC,PDOL,UGT1A1,0.46010731811183164,0.027624824592796995,53.0,109,1.4528112287053627
SPECIFIC_PDOL,SPECIFIC,PDOL,VCP,0.03561699987254324,0.002138443218070125,2.0,4,4.543853682063679
SPECIFIC_PDOL,SPECIFIC,PDOL,VDR,0.0,0.0,0.0,3,4.7669972333778885
SPECIFIC_PDOL,SPECIFIC,PDOL,XDH,0.08009764033003598,0.004809059054949397,36.0,73,1.849226501293609
SPECIFIC_PDOL,SPECIFIC,PDOL,XIAP,0.0,0.0,0.0,2,5.054679305829669
SPECIFIC_PDOL,SPECIFIC,PDOL,XPO1,0.015552243081203638,0.0009337560395819823,5.0,11,3.6683849447097785
SPECIFIC_PHOL,SPECIFIC,PHOL,ABCB1,0.04382938146626752,0.002490333586548409,17.0,28,2.7859957645113047
SPECIFIC_PHOL,SPECIFIC,PHOL,ABCB11,0.08799820231568115,0.004999953717149387,6.0,18,3.2088526153313386
SPECIFIC_PHOL,SPECIFIC,PHOL,ABCC1,0.05877471569837277,0.003339509791077971,38.0,60,2.042417730324468
SPECIFIC_PHOL,SPECIFIC,PHOL,ABCG2,0.07077917539172526,0.004021588984591815,39.0,63,1.9944085111381071
SPECIFIC_PHOL,SPECIFIC,PHOL,ACHE,0.0985319414198557,0.005598468307259532,54.0,95,1.5889434030299427
SPECIFIC_PHOL,SPECIFIC,PHOL,ACP1,0.08630711517602857,0.004903868147132889,16.0,24,2.9344157696295783
SPECIFIC_PHOL,SPECIFIC,PHOL,ADORA1,0.037702761237923606,0.002142226275510624,18.0,31,2.6875556916980523
SPECIFIC_PHOL,SPECIFIC,PHOL,ADORA2A,0.04083349471680633,0.002320110846822534,21.0,35,2.569772656041669
SPECIFIC_PHOL,SPECIFIC,PHOL,ADORA2B,0.037702761237923606,0.002142226275510624,18.0,31,2.6875556916980523
SPECIFIC_PHOL,SPECIFIC,PHOL,ADORA3,0.06618794253673614,0.003760720567106989,46.0,74,1.8358034809614685
SPECIFIC_PHOL,SPECIFIC,PHOL,ADRA1A,0.0019822271787567295,0.00011262780249879173,1.0,2,5.054679305829669
SPECIFIC_PHOL,SPECIFIC,PHOL,ADRA1B,0.0019822271787567295,0.00011262780249879173,1.0,2,5.054679305829669
SPECIFIC_PHOL,SPECIFIC,PHOL,ADRA1D,0.002141233103505029,0.00012166233097293039,1.0,1,5.460144413937834
SPECIFIC_PHOL,SPECIFIC,PHOL,ADRA2A,0.001532547948460164,8.707756079066616e-05,1.0,2,5.054679305829669
SPECIFIC_PHOL,SPECIFIC,PHOL,ADRA2B,0.008701196081677352,0.0004943916642314832,7.0,13,3.5142342648825204
SPECIFIC_PHOL,SPECIFIC,PHOL,ADRA2C,0.0019822271787567295,0.00011262780249879173,1.0,2,5.054679305829669
SPECIFIC_PHOL,SPECIFIC,PHOL,ADRB1,0.0,0.0,0.0,1,5.460144413937834
SPECIFIC_PHOL,SPECIFIC,PHOL,ADRB2,0.059964506109778666,0.003407112274237761,15.0,25,2.8951950564762967
SPECIFIC_PHOL,SPECIFIC,PHOL,AGTR1,0.0,0.0,0.0,1,5.460144413937834
SPECIFIC_PHOL,SPECIFIC,PHOL,AKR1B1,0.15831258004402132,0.008995133448556373,65.0,113,1.4170931461032836
SPECIFIC_PHOL,SPECIFIC,PHOL,AKR1B10,0.131875440401755,0.007493006460200932,54.0,87,1.6759547800195724
SPECIFIC_PHOL,SPECIFIC,PHOL,AKR1C2,0.04889440341463934,0.0027781221396299314,27.0,44,2.3466291047274592
SPECIFIC_PHOL,SPECIFIC,PHOL,AKR1C3,0.04843645054532754,0.0027521017995441118,27.0,45,2.324650198008684
SPECIFIC_PHOL,SPECIFIC,PHOL,AKR1C4,0.04889440341463934,0.0027781221396299314,27.0,44,2.3466291047274592
SPECIFIC_PHOL,SPECIFIC,PHOL,AKT1,0.04949115780418851,0.0028120290178357816,38.0,67,1.9337838893216723
SPECIFIC_PHOL,SPECIFIC,PHOL,ALDH2,0.00777148751269474,0.00044156672357332735,2.0,2,5.054679305829669
SPECIFIC_PHOL,SPECIFIC,PHOL,ALK,0.039206517398695344,0.0022276679209974784,30.0,51,2.2020478759163518
SPECIFIC_PHOL,SPECIFIC,PHOL,ALOX12,0.07018041130538444,0.0039875679177925685,45.0,79,1.7712649598238974
SPECIFIC_PHOL,SPECIFIC,PHOL,ALOX15,0.13961752058845206,0.007932902294312153,64.0,116,1.391117659700023
SPECIFIC_PHOL,SPECIFIC,PHOL,ALOX5,0.12092649311808577,0.006870900232695654,59.0,105,1.4898525003857117
SPECIFIC_PHOL,SPECIFIC,PHOL,ALPI,0.04857019340799282,0.0027597009107273897,29.0,46,2.3031439927877204
SPECIFIC_PHOL,SPECIFIC,PHOL,ALPL,0.04857019340799282,0.0027597009107273897,29.0,46,2.3031439927877204
SPECIFIC_PHOL,SPECIFIC,PHOL,AMY1A,0.0754620070068187,0.004287661935226384,46.0,83,1.7224747956544653
SPECIFIC_PHOL,SPECIFIC,PHOL,ANPEP,0.0,0.0,0.0,2,5.054679305829669
SPECIFIC_PHOL,SPECIFIC,PHOL,AOC3,0.016667765399738566,0.0009470427051229214,4.0,5,4.361532125269724
SPECIFIC_PHOL,SPECIFIC,PHOL,AOX1,0.008573668849416696,0.0004871457178121231,3.0,5,4.361532125269724
SPECIFIC_PHOL,SPECIFIC,PHOL,APEX1,0.12908461920545228,0.007334435302527788,56.0,91,1.6315030174487386
SPECIFIC_PHOL,SPECIFIC,PHOL,APOBEC3G,0.009095789352327554,0.0005168119869020753,9.0,10,3.755396321699408
SPECIFIC_PHOL,SPECIFIC,PHOL,APP,0.10022358789072629,0.0056945856578139165,54.0,94,1.599414702897238
SPECIFIC_PHOL,SPECIFIC,PHOL,AR,0.23868215928885508,0.01356163783065022,42.0,71,1.8766254754817235
SPECIFIC_PHOL,SPECIFIC,PHOL,ATR,0.0038363519394299344,0.00021797697720045168,2.0,3,4.7669972333778885
SPECIFIC_PHOL,SPECIFIC,PHOL,AURKA,0.004627702048179371,0.0002629405538836908,3.0,11,3.6683849447097785
SPECIFIC_PHOL,SPECIFIC,PHOL,AURKB,0.03877313649816233,0.0022030437310988234,32.0,59,2.058947032275678
SPECIFIC_PHOL,SPECIFIC,PHOL,AVPR2,0.03990482536440815,0.002267344953220881,30.0,49,2.241268589069633
SPECIFIC_PHOL,SPECIFIC,PHOL,AXL,0.039206517398695344,0.0022276679209974784,30.0,51,2.2020478759163518
SPECIFIC_PHOL,SPECIFIC,PHOL,BACE1,0.12176094798697265,0.006918312970839066,52.0,96,1.578580615994396
SPECIFIC_PHOL,SPECIFIC,PHOL,BBOX1,0.0010850843429924134,6.165320826330932e-05,1.0,1,5.460144413937834
SPECIFIC_PHOL,SPECIFIC,PHOL,BCHE,0.07115489870112693,0.004042937138395267,45.0,79,1.7712649598238974
SPECIFIC_PHOL,SPECIFIC,PHOL,BCL2,0.05799388331641894,0.003295143819184419,32.0,51,2.2020478759163518
SPECIFIC_PHOL,SPECIFIC,PHOL,BCL2L1,0.04265814859107862,0.0024237855206351955,30.0,43,2.369101960579518
SPECIFIC_PHOL,SPECIFIC,PHOL,BCR,0.012826785570089004,0.0007288027766769069,6.0,8,3.95606701716156
SPECIFIC_PHOL,SPECIFIC,PHOL,BRAF,0.004627702048179371,0.0002629405538836908,3.0,11,3.6683849447097785
SPECIFIC_PHOL,SPECIFIC,PHOL,CA1,0.12044910172273542,0.0068437754185641745,66.0,117,1.3826069700321142
SPECIFIC_PHOL,SPECIFIC,PHOL,CA12,0.1147700970109589,0.006521101091462654,62.0,113,1.4170931461032836
SPECIFIC_PHOL,SPECIFIC,PHOL,CA13,0.07890322201619697,0.004483187699672427,30.0,52,2.182999680945657
SPECIFIC_PHOL,SPECIFIC,PHOL,CA14,0.09080840699712756,0.005159626221509681,55.0,99,1.5481214085096875
SPECIFIC_PHOL,SPECIFIC,PHOL,CA2,0.12044910172273542,0.0068437754185641745,66.0,117,1.3826069700321142
SPECIFIC_PHOL,SPECIFIC,PHOL,CA3,0.08956569414734977,0.005089016748030829,54.0,97,1.568324115827207
SPECIFIC_PHOL,SPECIFIC,PHOL,CA4,0.09370289194099612,0.005324087430642241,61.0,111,1.4347927232026845
SPECIFIC_PHOL,SPECIFIC,PHOL,CA5A,0.08956569414734977,0.005089016748030829,54.0,97,1.568324115827207
SPECIFIC_PHOL,SPECIFIC,PHOL,CA5B,0.08956569414734977,0.005089016748030829,54.0,97,1.568324115827207
SPECIFIC_PHOL,SPECIFIC,PHOL,CA6,0.08902181254147266,0.005058114038822759,55.0,100,1.5381710776565196
SPECIFIC_PHOL,SPECIFIC,PHOL,CA7,0.1147700970109589,0.006521101091462654,62.0,113,1.4170931461032836
SPECIFIC_PHOL,SPECIFIC,PHOL,CA9,0.1159236146593045,0.006586642599151104,58.0,103,1.5089006953564064
SPECIFIC_PHOL,SPECIFIC,PHOL,CACNA1C,0.0,0.0,0.0,2,5.054679305829669
SPECIFIC_PHOL,SPECIFIC,PHOL,CACNA1D,0.0,0.0,0.0,1,5.460144413937834
SPECIFIC_PHOL,SPECIFIC,PHOL,CAMK2B,0.03955224808390535,0.002247311929388095,30.0,50,2.221465961773453
SPECIFIC_PHOL,SPECIFIC,PHOL,CARM1,0.004737467717153262,0.0002691773092964044,3.0,10,3.755396321699408
SPECIFIC_PHOL,SPECIFIC,PHOL,CBR1,0.06817484330336501,0.00387361391733788,15.0,23,2.975237764149833
SPECIFIC_PHOL,SPECIFIC,PHOL,CCR4,0.03990482536440815,0.002267344953220881,30.0,49,2.241268589069633
SPECIFIC_PHOL,SPECIFIC,PHOL,CD38,0.05633454209723107,0.0032008620148001135,39.0,67,1.9337838893216723
SPECIFIC_PHOL,SPECIFIC,PHOL,CDC25B,0.0850900962604859,0.004834718572590678,21.0,32,2.6567840330312986
SPECIFIC_PHOL,SPECIFIC,PHOL,CDK6,0.0700395713381291,0.003979565557525306,41.0,69,1.90479635244842
SPECIFIC_PHOL,SPECIFIC,PHOL,CES1,0.019900166690472607,0.0011307039211889696,8.0,13,3.5142342648825204
SPECIFIC_PHOL,SPECIFIC,PHOL,CES2,0.02507353604158636,0.0014246486454743035,8.0,12,3.588342237036242
SPECIFIC_PHOL,SPECIFIC,PHOL,CHRM1,0.0029523120200602793,0.00016774687516832087,2.0,6,4.207381445442466
SPECIFIC_PHOL,SPECIFIC,PHOL,CHRM2,0.0029523120200602793,0.00016774687516832087,2.0,6,4.207381445442466
SPECIFIC_PHOL,SPECIFIC,PHOL,CHRM3,0.003188413985492821,0.00018116190943749652,2.0,4,4.543853682063679
SPECIFIC_PHOL,SPECIFIC,PHOL,CHRM4,0.0029523120200602793,0.00016774687516832087,2.0,6,4.207381445442466
SPECIFIC_PHOL,SPECIFIC,PHOL,CHRM5,0.0030604792758358295,0.0001738928106346916,2.0,5,4.361532125269724
SPECIFIC_PHOL,SPECIFIC,PHOL,CHRNA3,0.001475582735790011,8.38408648202579e-05,1.0,3,4.7669972333778885
SPECIFIC_PHOL,SPECIFIC,PHOL,CHRNA7,0.02722768517731937,0.0015470448501133964,8.0,10,3.755396321699408
SPECIFIC_PHOL,SPECIFIC,PHOL,CLK1,0.0,0.0,0.0,1,5.460144413937834
SPECIFIC_PHOL,SPECIFIC,PHOL,CNR1,0.043265391344173246,0.002458288335245607,7.0,16,3.3200782504415627
SPECIFIC_PHOL,SPECIFIC,PHOL,CNR2,0.043265391344173246,0.002458288335245607,7.0,16,3.3200782504415627
SPECIFIC_PHOL,SPECIFIC,PHOL,CSNK1D,0.0,0.0,0.0,1,5.460144413937834
SPECIFIC_PHOL,SPECIFIC,PHOL,CSNK2A1,0.07246000840607393,0.004117091927343435,32.0,49,2.241268589069633
SPECIFIC_PHOL,SPECIFIC,PHOL,CTBP2,0.0044083032855178885,0.00025047457582913935,3.0,8,3.95606701716156
SPECIFIC_PHOL,SPECIFIC,PHOL,CTSD,0.011299160131227755,0.0006420049070562775,7.0,12,3.588342237036242
SPECIFIC_PHOL,SPECIFIC,PHOL,CTSL,0.041113835907471724,0.0023360395015160603,25.0,39,2.4644121403838426
SPECIFIC_PHOL,SPECIFIC,PHOL,CXCL8,0.24402777241912715,0.013865369242631388,52.0,94,1.599414702897238
SPECIFIC_PHOL,SPECIFIC,PHOL,CXCR1,0.03990482536440815,0.002267344953220881,30.0,49,2.241268589069633
SPECIFIC_PHOL,SPECIFIC,PHOL,CYP19A1,0.11996808309383003,0.006816444509314622,64.0,115,1.3997014033914144
SPECIFIC_PHOL,SPECIFIC,PHOL,CYP1A1,0.07608119340077715,0.00432284337337639,46.0,79,1.7712649598238974
SPECIFIC_PHOL,SPECIFIC,PHOL,CYP1A2,0.07112913182904246,0.004041473095216341,47.0,86,1.6873834758431951
SPECIFIC_PHOL,SPECIFIC,PHOL,CYP1B1,0.0766214901850152,0.004353542397261262,46.0,78,1.7838437420307574
SPECIFIC_PHOL,SPECIFIC,PHOL,CYP2A13,0.011746005751068923,0.0006673941463716655,4.0,10,3.755396321699408
SPECIFIC_PHOL,SPECIFIC,PHOL,CYP2A6,0.06607187247830154,0.003754125603745829,34.0,66,1.948598975106813
SPECIFIC_PHOL,SPECIFIC,PHOL,CYP2B6,0.03865784968710286,0.0021964932709266118,7.0,14,3.445241393395569
SPECIFIC_PHOL,SPECIFIC,PHOL,CYP2C19,0.08120339778158985,0.004613880964598632,57.0,105,1.4898525003857117
SPECIFIC_PHOL,SPECIFIC,PHOL,CYP2C8,0.039206517398695344,0.0022276679209974784,30.0,51,2.2020478759163518
SPECIFIC_PHOL,SPECIFIC,PHOL,CYP2C9,0.11361471747742778,0.006455453793661347,58.0,106,1.4804627600358728
SPECIFIC_PHOL,SPECIFIC,PHOL,CYP2D6,0.07717947542863518,0.004385246458475421,56.0,105,1.4898525003857117
SPECIFIC_PHOL,SPECIFIC,PHOL,CYP2E1,0.015721119655197326,0.0008932554141932385,3.0,4,4.543853682063679
SPECIFIC_PHOL,SPECIFIC,PHOL,CYP2J2,0.039206517398695344,0.0022276679209974784,30.0,51,2.2020478759163518
SPECIFIC_PHOL,SPECIFIC,PHOL,CYP3A4,0.27507333105649523,0.015629341144614513,70.0,134,1.2480168160593494
SPECIFIC_PHOL,SPECIFIC,PHOL,CYP3A5,0.0,0.0,0.0,1,5.460144413937834
SPECIFIC_PHOL,SPECIFIC,PHOL,DAO,0.03319202306426692,0.0018859314705604619,15.0,29,2.7520942128356234
SPECIFIC_PHOL,SPECIFIC,PHOL,DAPK1,0.0967722087867118,0.0054984823815389895,45.0,82,1.734450986701181
SPECIFIC_PHOL,SPECIFIC,PHOL,DHFR,0.02728721383011643,0.001550427197718201,7.0,11,3.6683849447097785
SPECIFIC_PHOL,SPECIFIC,PHOL,DNMT1,0.014350410593132332,0.0008153733474049158,5.0,8,3.95606701716156
SPECIFIC_PHOL,SPECIFIC,PHOL,DNMT3B,0.0,0.0,0.0,2,5.054679305829669
SPECIFIC_PHOL,SPECIFIC,PHOL,DPP4,0.07818456146306875,0.004442354257517646,49.0,82,1.734450986701181
SPECIFIC_PHOL,SPECIFIC,PHOL,DRD1,0.19363229903694826,0.011001958083835172,46.0,74,1.8358034809614685
SPECIFIC_PHOL,SPECIFIC,PHOL,DRD2,0.008459208678419629,0.0004806422263499985,3.0,11,3.6683849447097785
SPECIFIC_PHOL,SPECIFIC,PHOL,DRD3,0.001781903404730851,0.00010124564272488008,1.0,4,4.543853682063679
SPECIFIC_PHOL,SPECIFIC,PHOL,DRD4,0.0019822271787567295,0.00011262780249879173,1.0,2,5.054679305829669
SPECIFIC_PHOL,SPECIFIC,PHOL,DRD5,0.0019822271787567295,0.00011262780249879173,1.0,2,5.054679305829669
SPECIFIC_PHOL,SPECIFIC,PHOL,DUSP3,0.08073381559577242,0.004587199860511275,44.0,75,1.822558254211448
SPECIFIC_PHOL,SPECIFIC,PHOL,DYRK1A,0.009863049139785533,0.0005604067800383909,4.0,11,3.6683849447097785
SPECIFIC_PHOL,SPECIFIC,PHOL,DYRK1B,0.0,0.0,0.0,1,5.460144413937834
SPECIFIC_PHOL,SPECIFIC,PHOL,EBP,0.0030624296301016924,0.00017400362745599867,1.0,2,5.054679305829669
SPECIFIC_PHOL,SPECIFIC,PHOL,EDNRA,0.0022120176689101553,0.00012568422621170503,1.0,1,5.460144413937834
SPECIFIC_PHOL,SPECIFIC,PHOL,EGFR,0.07622173127428987,0.0043308285690347,55.0,97,1.568324115827207
SPECIFIC_PHOL,SPECIFIC,PHOL,EGLN1,0.09785974290953582,0.005560274783393223,15.0,23,2.975237764149833
SPECIFIC_PHOL,SPECIFIC,PHOL,EHMT2,0.3515353903632289,0.019973824868044773,77.0,138,1.2188176613670871
SPECIFIC_PHOL,SPECIFIC,PHOL,ENPP2,0.0,0.0,0.0,1,5.460144413937834
SPECIFIC_PHOL,SPECIFIC,PHOL,EP300,0.009078156811264865,0.0005158101267855138,4.0,7,4.073850052817943
SPECIFIC_PHOL,SPECIFIC,PHOL,EPHB4,0.004627702048179371,0.0002629405538836908,3.0,11,3.6683849447097785
SPECIFIC_PHOL,SPECIFIC,PHOL,EPHX2,0.061769863173480516,0.0035096905261099523,44.0,73,1.849226501293609
SPECIFIC_PHOL,SPECIFIC,PHOL,ERBB2,0.0403826923215489,0.0022944967882105034,22.0,41,2.4156219762144104
SPECIFIC_PHOL,SPECIFIC,PHOL,ERN1,0.004105105335041891,0.00023324722709221644,2.0,4,4.543853682063679
SPECIFIC_PHOL,SPECIFIC,PHOL,ESR1,0.09842455132198659,0.005592366528985704,64.0,117,1.3826069700321142
SPECIFIC_PHOL,SPECIFIC,PHOL,ESR2,0.09371660180836072,0.0053248664090814295,26.0,43,2.369101960579518
SPECIFIC_PHOL,SPECIFIC,PHOL,ESRRA,0.03258395719395126,0.0018513818874036402,25.0,39,2.4644121403838426
SPECIFIC_PHOL,SPECIFIC,PHOL,ESRRB,0.00893206690935643,0.000507509471444116,3.0,4,4.543853682063679
SPECIFIC_PHOL,SPECIFIC,PHOL,F10,0.0016659786574750636,9.465893577293714e-05,1.0,5,4.361532125269724
SPECIFIC_PHOL,SPECIFIC,PHOL,F2,0.042298721716187794,0.0024033633109551964,34.0,59,2.058947032275678
SPECIFIC_PHOL,SPECIFIC,PHOL,F3,0.09784827766713172,0.005559623341887967,34.0,60,2.042417730324468
SPECIFIC_PHOL,SPECIFIC,PHOL,FABP2,0.06868249985281263,0.003902458361708916,35.0,63,1.9944085111381071
SPECIFIC_PHOL,SPECIFIC,PHOL,FABP3,0.08799927003394921,0.005000014383637824,40.0,70,1.8906117174564636
SPECIFIC_PHOL,SPECIFIC,PHOL,FABP4,0.10690686608218075,0.006074321615558038,41.0,73,1.849226501293609
SPECIFIC_PHOL,SPECIFIC,PHOL,FABP5,0.06868249985281263,0.003902458361708916,35.0,63,1.9944085111381071
SPECIFIC_PHOL,SPECIFIC,PHOL,FASN,0.04066451476183675,0.0023105096057546436,31.0,51,2.2020478759163518
SPECIFIC_PHOL,SPECIFIC,PHOL,FDPS,0.03338233356707201,0.0018967446881134676,1.0,3,4.7669972333778885
SPECIFIC_PHOL,SPECIFIC,PHOL,FLT3,0.06965045562235246,0.003957456463040407,44.0,76,1.8094861726440952
SPECIFIC_PHOL,SPECIFIC,PHOL,FLT4,0.004627702048179371,0.0002629405538836908,3.0,11,3.6683849447097785
SPECIFIC_PHOL,SPECIFIC,PHOL,FOLH1,0.01841628990099203,0.0010463917980533246,4.0,5,4.361532125269724
SPECIFIC_PHOL,SPECIFIC,PHOL,FUCA1,0.0012806418083164057,7.27645520173029e-05,1.0,1,5.460144413937834
SPECIFIC_PHOL,SPECIFIC,PHOL,FUT7,0.029280579595738404,0.0016636878815411006,14.0,26,2.85745472849345
SPECIFIC_PHOL,SPECIFIC,PHOL,FYN,0.008270647607387067,0.00046992840944000327,3.0,6,4.207381445442466
SPECIFIC_PHOL,SPECIFIC,PHOL,GAA,0.11286809007388734,0.0064130313081625446,62.0,108,1.4619437122686354
SPECIFIC_PHOL,SPECIFIC,PHOL,GABRR1,0.21522192649655475,0.012228655166592441,9.0,16,3.3200782504415627
SPECIFIC_PHOL,SPECIFIC,PHOL,GBA,0.10015404127128316,0.005690634101199699,54.0,97,1.568324115827207
SPECIFIC_PHOL,SPECIFIC,PHOL,GBA2,0.009043454774399474,0.0005138383981177472,3.0,3,4.7669972333778885
SPECIFIC_PHOL,SPECIFIC,PHOL,GLO1,0.06685602554567695,0.0037986802530552855,41.0,74,1.8358034809614685
SPECIFIC_PHOL,SPECIFIC,PHOL,GLRA1,0.018829649653808476,0.0010698784100320587,10.0,13,3.5142342648825204
SPECIFIC_PHOL,SPECIFIC,PHOL,GLRA2,0.0028644901427120387,0.0001627569400271558,2.0,2,5.054679305829669
SPECIFIC_PHOL,SPECIFIC,PHOL,GPBAR1,0.0028881344771511754,0.00016410038312891808,1.0,3,4.7669972333778885
SPECIFIC_PHOL,SPECIFIC,PHOL,GPR35,0.09161938094522011,0.005205704801521243,41.0,70,1.8906117174564636
SPECIFIC_PHOL,SPECIFIC,PHOL,GRIA1,0.01841628990099203,0.0010463917980533246,4.0,5,4.361532125269724
SPECIFIC_PHOL,SPECIFIC,PHOL,GRIA2,0.01841628990099203,0.0010463917980533246,4.0,5,4.361532125269724
SPECIFIC_PHOL,SPECIFIC,PHOL,GRIA4,0.01841628990099203,0.0010463917980533246,4.0,5,4.361532125269724
SPECIFIC_PHOL,SPECIFIC,PHOL,GRIK2,0.01841628990099203,0.0010463917980533246,4.0,5,4.361532125269724
SPECIFIC_PHOL,SPECIFIC,PHOL,GRIK5,0.01841628990099203,0.0010463917980533246,4.0,5,4.361532125269724
SPECIFIC_PHOL,SPECIFIC,PHOL,GRK6,0.04192659161684911,0.0023822193190952625,4.0,7,4.073850052817943
SPECIFIC_PHOL,SPECIFIC,PHOL,GRM1,0.01841628990099203,0.0010463917980533246,4.0,5,4.361532125269724
SPECIFIC_PHOL,SPECIFIC,PHOL,GRM2,0.01841628990099203,0.0010463917980533246,4.0,5,4.361532125269724
SPECIFIC_PHOL,SPECIFIC,PHOL,GRM3,0.01841628990099203,0.0010463917980533246,4.0,5,4.361532125269724
SPECIFIC_PHOL,SPECIFIC,PHOL,GRM4,0.01841628990099203,0.0010463917980533246,4.0,5,4.361532125269724
SPECIFIC_PHOL,SPECIFIC,PHOL,GRM5,0.024826038091380835,0.0014105861048365107,11.0,21,3.0622491411394632
SPECIFIC_PHOL,SPECIFIC,PHOL,GRM8,0.01841628990099203,0.0010463917980533246,4.0,5,4.361532125269724
SPECIFIC_PHOL,SPECIFIC,PHOL,GSK3B,0.0927025288476472,0.005267247983523243,50.0,86,1.6873834758431951
SPECIFIC_PHOL,SPECIFIC,PHOL,GSTP1,0.004737467717153262,0.0002691773092964044,3.0,10,3.755396321699408
SPECIFIC_PHOL,SPECIFIC,PHOL,HCAR2,0.08019640061812068,0.0045566645774662625,38.0,63,1.9944085111381071
SPECIFIC_PHOL,SPECIFIC,PHOL,HDAC1,0.005310984311309649,0.00030176384346800185,4.0,5,4.361532125269724
SPECIFIC_PHOL,SPECIFIC,PHOL,HDAC10,0.0,0.0,0.0,1,5.460144413937834
SPECIFIC_PHOL,SPECIFIC,PHOL,HDAC2,0.005310984311309649,0.00030176384346800185,4.0,5,4.361532125269724
SPECIFIC_PHOL,SPECIFIC,PHOL,HDAC3,0.005310984311309649,0.00030176384346800185,4.0,5,4.361532125269724
SPECIFIC_PHOL,SPECIFIC,PHOL,HDAC6,0.005310984311309649,0.00030176384346800185,4.0,5,4.361532125269724
SPECIFIC_PHOL,SPECIFIC,PHOL,HDAC8,0.005310984311309649,0.00030176384346800185,4.0,5,4.361532125269724
SPECIFIC_PHOL,SPECIFIC,PHOL,HIF1A,0.10026067304654991,0.00569669279248067,56.0,101,1.5283187812135075
SPECIFIC_PHOL,SPECIFIC,PHOL,HKDC1,0.06473210290140374,0.0036780014818904435,4.0,7,4.073850052817943
SPECIFIC_PHOL,SPECIFIC,PHOL,HMGCR,0.004979626015227425,0.0002829364572191197,4.0,6,4.207381445442466
SPECIFIC_PHOL,SPECIFIC,PHOL,HRH1,0.0019822271787567295,0.00011262780249879173,1.0,2,5.054679305829669
SPECIFIC_PHOL,SPECIFIC,PHOL,HRH3,0.0035147751272168936,0.0001997053632894579,2.0,2,5.054679305829669
SPECIFIC_PHOL,SPECIFIC,PHOL,HRH4,0.002141233103505029,0.00012166233097293039,1.0,1,5.460144413937834
SPECIFIC_PHOL,SPECIFIC,PHOL,HSD11B1,0.04370393739344791,0.0024832060027832462,35.0,57,2.0928485839513598
SPECIFIC_PHOL,SPECIFIC,PHOL,HSD11B2,0.010281523544862649,0.000584184000505818,3.0,5,4.361532125269724
SPECIFIC_PHOL,SPECIFIC,PHOL,HSD17B1,0.08296426218435297,0.004713931196129585,42.0,70,1.8906117174564636
SPECIFIC_PHOL,SPECIFIC,PHOL,HSD17B2,0.08296426218435297,0.004713931196129585,42.0,70,1.8906117174564636
SPECIFIC_PHOL,SPECIFIC,PHOL,HSD17B3,0.0384658820353668,0.0021855858961324437,6.0,12,3.588342237036242
SPECIFIC_PHOL,SPECIFIC,PHOL,HSP90AA1,0.007379252683247493,0.0004192804047408716,1.0,3,4.7669972333778885
SPECIFIC_PHOL,SPECIFIC,PHOL,HSP90AB1,0.028580234888078915,0.0016238951240505994,16.0,24,2.9344157696295783
SPECIFIC_PHOL,SPECIFIC,PHOL,HSPA1A,0.00575393064841327,0.00032693153015271375,5.0,12,3.588342237036242
SPECIFIC_PHOL,SPECIFIC,PHOL,HSPA8,0.03768123891341365,0.002141003402501818,21.0,39,2.4644121403838426
SPECIFIC_PHOL,SPECIFIC,PHOL,HTR1A,0.04435915376440377,0.0025204346215878157,33.0,53,2.1643075479335048
SPECIFIC_PHOL,SPECIFIC,PHOL,HTR1B,0.0037935232148711183,0.00021554349975519185,1.0,1,5.460144413937834
SPECIFIC_PHOL,SPECIFIC,PHOL,HTR1D,0.0037935232148711183,0.00021554349975519185,1.0,1,5.460144413937834
SPECIFIC_PHOL,SPECIFIC,PHOL,HTR1E,0.005494046983640703,0.000312165247870667,2.0,2,5.054679305829669
SPECIFIC_PHOL,SPECIFIC,PHOL,HTR2A,0.011322909292308976,0.0006433543062837895,3.0,6,4.207381445442466
SPECIFIC_PHOL,SPECIFIC,PHOL,HTR2B,0.005494046983640703,0.000312165247870667,2.0,2,5.054679305829669
SPECIFIC_PHOL,SPECIFIC,PHOL,HTR2C,0.005181358734441917,0.0002943986715912809,2.0,3,4.7669972333778885
SPECIFIC_PHOL,SPECIFIC,PHOL,HTR3A,0.0066266832324576065,0.0003765202991492664,3.0,3,4.7669972333778885
SPECIFIC_PHOL,SPECIFIC,PHOL,HTR4,0.0037935232148711183,0.00021554349975519185,1.0,1,5.460144413937834
SPECIFIC_PHOL,SPECIFIC,PHOL,HTR5A,0.005494046983640703,0.000312165247870667,2.0,2,5.054679305829669
SPECIFIC_PHOL,SPECIFIC,PHOL,HTR6,0.005181358734441917,0.0002943986715912809,2.0,3,4.7669972333778885
SPECIFIC_PHOL,SPECIFIC,PHOL,HTR7,0.07045119683257473,0.0040029536309957574,34.0,57,2.0928485839513598
SPECIFIC_PHOL,SPECIFIC,PHOL,IDH1,0.11578388799518059,0.006578703495450269,55.0,97,1.568324115827207
SPECIFIC_PHOL,SPECIFIC,PHOL,IDO1,0.053565430816504195,0.0030435243888381406,24.0,47,2.282090583589888
SPECIFIC_PHOL,SPECIFIC,PHOL,IGF1R,0.03877313649816233,0.0022030437310988234,32.0,59,2.058947032275678
SPECIFIC_PHOL,SPECIFIC,PHOL,INSR,0.05794369283751917,0.0032922920555695195,27.0,42,2.3920914788042165
SPECIFIC_PHOL,SPECIFIC,PHOL,JAK2,0.0,0.0,0.0,1,5.460144413937834
SPECIFIC_PHOL,SPECIFIC,PHOL,KAT2B,0.010125511670387624,0.0005753195904250016,4.0,4,4.543853682063679
SPECIFIC_PHOL,SPECIFIC,PHOL,KCNA3,0.0055376718194095585,0.00031464395941275104,1.0,1,5.460144413937834
SPECIFIC_PHOL,SPECIFIC,PHOL,KCNA5,0.0,0.0,0.0,1,5.460144413937834
SPECIFIC_PHOL,SPECIFIC,PHOL,KCNH2,0.08435213808336157,0.004792788662277544,24.0,44,2.3466291047274592
SPECIFIC_PHOL,SPECIFIC,PHOL,KDM2A,0.0010850843429924134,6.165320826330932e-05,1.0,1,5.460144413937834
SPECIFIC_PHOL,SPECIFIC,PHOL,KDM4E,0.19412003227150668,0.011029670509031763,70.0,132,1.2629424662760251
SPECIFIC_PHOL,SPECIFIC,PHOL,KDM5C,0.0010850843429924134,6.165320826330932e-05,1.0,1,5.460144413937834
SPECIFIC_PHOL,SPECIFIC,PHOL,KDM7A,0.0010850843429924134,6.165320826330932e-05,1.0,1,5.460144413937834
SPECIFIC_PHOL,SPECIFIC,PHOL,KDR,0.03877313649816233,0.0022030437310988234,32.0,59,2.058947032275678
SPECIFIC_PHOL,SPECIFIC,PHOL,KIT,0.0078055137357057845,0.00044350005329765865,3.0,6,4.207381445442466
SPECIFIC_PHOL,SPECIFIC,PHOL,KMT2A,0.20859832178165869,0.011852309785167856,58.0,100,1.5381710776565196
SPECIFIC_PHOL,SPECIFIC,PHOL,LDHA,0.0038196208227799975,0.00021702633495226332,4.0,6,4.207381445442466
SPECIFIC_PHOL,SPECIFIC,PHOL,LIMK1,0.0,0.0,0.0,1,5.460144413937834
SPECIFIC_PHOL,SPECIFIC,PHOL,MAN1B1,0.0012806418083164057,7.27645520173029e-05,1.0,1,5.460144413937834
SPECIFIC_PHOL,SPECIFIC,PHOL,MAOA,0.039099717756819856,0.002221599691734454,21.0,38,2.489729948368133
SPECIFIC_PHOL,SPECIFIC,PHOL,MAOB,0.02981985619323416,0.0016943289396225802,17.0,30,2.719304390012633
SPECIFIC_PHOL,SPECIFIC,PHOL,MAP2K1,0.04898397347615713,0.0027832114045267817,35.0,58,2.07575415059206
SPECIFIC_PHOL,SPECIFIC,PHOL,MAP2K7,0.0,0.0,0.0,1,5.460144413937834
SPECIFIC_PHOL,SPECIFIC,PHOL,MAP3K7,0.0,0.0,0.0,1,5.460144413937834
SPECIFIC_PHOL,SPECIFIC,PHOL,MAP3K8,0.004737467717153262,0.0002691773092964044,3.0,10,3.755396321699408
SPECIFIC_PHOL,SPECIFIC,PHOL,MAPK1,0.10565646804286462,0.006003275478704389,64.0,120,1.3575010489010375
SPECIFIC_PHOL,SPECIFIC,PHOL,MAPK14,0.04873704060301252,0.0027691809708988695,34.0,55,2.1279399037626296
SPECIFIC_PHOL,SPECIFIC,PHOL,MAPK9,0.021913393858050287,0.0012450931063667037,9.0,17,3.2629198366016143
SPECIFIC_PHOL,SPECIFIC,PHOL,MAPKAPK2,0.03955224808390535,0.002247311929388095,30.0,50,2.221465961773453
SPECIFIC_PHOL,SPECIFIC,PHOL,MAPT,0.17166257299938545,0.009753664249692937,70.0,135,1.240636708761727
SPECIFIC_PHOL,SPECIFIC,PHOL,MCL1,0.07190921743774213,0.004085796636337335,13.0,23,2.975237764149833
SPECIFIC_PHOL,SPECIFIC,PHOL,MERTK,0.0,0.0,0.0,1,5.460144413937834
SPECIFIC_PHOL,SPECIFIC,PHOL,MET,0.047192639251401096,0.002681429913768649,35.0,65,1.9636368524713528
SPECIFIC_PHOL,SPECIFIC,PHOL,MGAM,0.0012806418083164057,7.27645520173029e-05,1.0,1,5.460144413937834
SPECIFIC_PHOL,SPECIFIC,PHOL,MGLL,0.10830516767707515,0.0061537714574083,17.0,25,2.8951950564762967
SPECIFIC_PHOL,SPECIFIC,PHOL,MIF,0.022529438611033122,0.0012800960401943419,6.0,9,3.850706501503733
SPECIFIC_PHOL,SPECIFIC,PHOL,MMP1,0.0756520411804204,0.004298459452081065,42.0,67,1.9337838893216723
SPECIFIC_PHOL,SPECIFIC,PHOL,MMP12,0.048194423204409344,0.002738350092452022,38.0,65,1.9636368524713528
SPECIFIC_PHOL,SPECIFIC,PHOL,MMP13,0.04746172849146861,0.0026967192459449348,38.0,67,1.9337838893216723
SPECIFIC_PHOL,SPECIFIC,PHOL,MMP14,0.008399344012704734,0.0004772407868888454,2.0,2,5.054679305829669
SPECIFIC_PHOL,SPECIFIC,PHOL,MMP2,0.07615254957681505,0.004326897746854867,52.0,88,1.6646552247656392
SPECIFIC_PHOL,SPECIFIC,PHOL,MMP3,0.074761713423317,0.004247872082550027,49.0,84,1.7106403380074624
SPECIFIC_PHOL,SPECIFIC,PHOL,MMP9,0.08034415329007295,0.004565059709433804,54.0,92,1.620692101344523
SPECIFIC_PHOL,SPECIFIC,PHOL,MPG,0.04760615213234474,0.002704925226306356,41.0,65,1.9636368524713528
SPECIFIC_PHOL,SPECIFIC,PHOL,MPO,0.0011855425710267527,6.736112589640658e-05,1.0,2,5.054679305829669
SPECIFIC_PHOL,SPECIFIC,PHOL,MTNR1A,0.003511819804883973,0.0001995374453718753,1.0,2,5.054679305829669
SPECIFIC_PHOL,SPECIFIC,PHOL,MTNR1B,0.003511819804883973,0.0001995374453718753,1.0,2,5.054679305829669
SPECIFIC_PHOL,SPECIFIC,PHOL,MYLK,0.0,0.0,0.0,1,5.460144413937834
SPECIFIC_PHOL,SPECIFIC,PHOL,NEK2,0.039206517398695344,0.0022276679209974784,30.0,51,2.2020478759163518
SPECIFIC_PHOL,SPECIFIC,PHOL,NEK6,0.039206517398695344,0.0022276679209974784,30.0,51,2.2020478759163518
SPECIFIC_PHOL,SPECIFIC,PHOL,NFKB1,0.11044727272737995,0.006275483331366518,55.0,102,1.518562606268143
SPECIFIC_PHOL,SPECIFIC,PHOL,NOS2,0.08518857763933725,0.004840314167992632,14.0,22,3.017797378568629
SPECIFIC_PHOL,SPECIFIC,PHOL,NQO1,0.0021634898465651684,0.00012292693277463507,2.0,4,4.543853682063679
SPECIFIC_PHOL,SPECIFIC,PHOL,NQO2,0.012485174385032135,0.0007093928334099121,6.0,9,3.850706501503733
SPECIFIC_PHOL,SPECIFIC,PHOL,NR1H4,0.10595585000259412,0.006020286007362999,23.0,40,2.439719527793472
SPECIFIC_PHOL,SPECIFIC,PHOL,NR1I2,0.2046599627166472,0.011628536883808663,19.0,39,2.4644121403838426
SPECIFIC_PHOL,SPECIFIC,PHOL,NR3C1,0.013529510742406926,0.0007687307893522217,5.0,6,4.207381445442466
SPECIFIC_PHOL,SPECIFIC,PHOL,NR3C2,0.0033080848509206948,0.00018796146639076346,1.0,1,5.460144413937834
SPECIFIC_PHOL,SPECIFIC,PHOL,NT5E,0.001564632231462854,8.890055178184446e-05,1.0,2,5.054679305829669
SPECIFIC_PHOL,SPECIFIC,PHOL,NUAK1,0.03877313649816233,0.0022030437310988234,32.0,59,2.058947032275678
SPECIFIC_PHOL,SPECIFIC,PHOL,ODC1,0.019726012672918423,0.001120808696008087,10.0,13,3.5142342648825204
SPECIFIC_PHOL,SPECIFIC,PHOL,OPRD1,0.009596425417780639,0.0005452575356806909,5.0,9,3.850706501503733
SPECIFIC_PHOL,SPECIFIC,PHOL,OPRK1,0.006022938817789227,0.0003422162559882458,5.0,8,3.95606701716156
SPECIFIC_PHOL,SPECIFIC,PHOL,OPRM1,0.009862535867758938,0.0005603776165292538,5.0,9,3.850706501503733
SPECIFIC_PHOL,SPECIFIC,PHOL,OXER1,0.03539691390637019,0.002011210758906996,1.0,2,5.054679305829669
SPECIFIC_PHOL,SPECIFIC,PHOL,OXTR,0.0012806418083164057,7.27645520173029e-05,1.0,1,5.460144413937834
SPECIFIC_PHOL,SPECIFIC,PHOL,PARP1,0.06900968785577737,0.003921048796838051,32.0,45,2.324650198008684
SPECIFIC_PHOL,SPECIFIC,PHOL,PCNA,0.0,0.0,0.0,1,5.460144413937834
SPECIFIC_PHOL,SPECIFIC,PHOL,PDE4B,0.0018842205063036325,0.00010705917935261205,2.0,3,4.7669972333778885
SPECIFIC_PHOL,SPECIFIC,PHOL,PDE4D,0.0018842205063036325,0.00010705917935261205,2.0,3,4.7669972333778885
SPECIFIC_PHOL,SPECIFIC,PHOL,PDE5A,0.0695231515118495,0.003950223194135273,42.0,72,1.862832153349388
SPECIFIC_PHOL,SPECIFIC,PHOL,PDGFRB,0.004627702048179371,0.0002629405538836908,3.0,11,3.6683849447097785
SPECIFIC_PHOL,SPECIFIC,PHOL,PDPK1,0.014059339499631663,0.0007988350323302217,4.0,7,4.073850052817943
SPECIFIC_PHOL,SPECIFIC,PHOL,PGR,0.0033080848509206948,0.00018796146639076346,1.0,1,5.460144413937834
SPECIFIC_PHOL,SPECIFIC,PHOL,PHF8,0.0010850843429924134,6.165320826330932e-05,1.0,1,5.460144413937834
SPECIFIC_PHOL,SPECIFIC,PHOL,PIK3CA,0.011894031842791083,0.0006758048137269624,6.0,11,3.6683849447097785
SPECIFIC_PHOL,SPECIFIC,PHOL,PIK3CB,0.012176149478807505,0.0006918344039430611,6.0,10,3.755396321699408
SPECIFIC_PHOL,SPECIFIC,PHOL,PIK3CG,0.039206517398695344,0.0022276679209974784,30.0,51,2.2020478759163518
SPECIFIC_PHOL,SPECIFIC,PHOL,PIM1,0.07788798520622246,0.004425503145576549,45.0,79,1.7712649598238974
SPECIFIC_PHOL,SPECIFIC,PHOL,PIM3,0.0,0.0,0.0,1,5.460144413937834
SPECIFIC_PHOL,SPECIFIC,PHOL,PKN1,0.039206517398695344,0.0022276679209974784,30.0,51,2.2020478759163518
SPECIFIC_PHOL,SPECIFIC,PHOL,PLA2G2A,0.02114920700650615,0.0012016729138124528,4.0,5,4.361532125269724
SPECIFIC_PHOL,SPECIFIC,PHOL,PLG,0.049837727146116825,0.002831720677708653,39.0,67,1.9337838893216723
SPECIFIC_PHOL,SPECIFIC,PHOL,PLK1,0.03877313649816233,0.0022030437310988234,32.0,59,2.058947032275678
SPECIFIC_PHOL,SPECIFIC,PHOL,PLK4,0.004627702048179371,0.0002629405538836908,3.0,11,3.6683849447097785
SPECIFIC_PHOL,SPECIFIC,PHOL,PNP,0.044935595695577195,0.0025531873699468324,20.0,32,2.6567840330312986
SPECIFIC_PHOL,SPECIFIC,PHOL,POLA1,0.020227559592809276,0.0011493059984579374,4.0,5,4.361532125269724
SPECIFIC_PHOL,SPECIFIC,PHOL,POLB,0.1104631990487872,0.006276388246101424,60.0,110,1.443761393185445
SPECIFIC_PHOL,SPECIFIC,PHOL,PPARA,0.11138019378432547,0.006328490801789018,56.0,101,1.5283187812135075
SPECIFIC_PHOL,SPECIFIC,PHOL,PPARD,0.10235326392326256,0.005815591329691218,55.0,98,1.558171744363189
SPECIFIC_PHOL,SPECIFIC,PHOL,PPARG,0.11065508864204758,0.006287291185705379,57.0,103,1.5089006953564064
SPECIFIC_PHOL,SPECIFIC,PHOL,PRKCA,0.06267663485550504,0.0035612122199950146,37.0,60,2.042417730324468
SPECIFIC_PHOL,SPECIFIC,PHOL,PRKCD,0.0,0.0,0.0,1,5.460144413937834
SPECIFIC_PHOL,SPECIFIC,PHOL,PRKCE,0.0,0.0,0.0,1,5.460144413937834
SPECIFIC_PHOL,SPECIFIC,PHOL,PRMT1,0.00522203532074224,0.0002967098670875667,2.0,4,4.543853682063679
SPECIFIC_PHOL,SPECIFIC,PHOL,PTAFR,0.003245504652354223,0.00018440573356658712,1.0,3,4.7669972333778885
SPECIFIC_PHOL,SPECIFIC,PHOL,PTGES,0.018613458786124144,0.0010575947007738366,8.0,12,3.588342237036242
SPECIFIC_PHOL,SPECIFIC,PHOL,PTGS1,0.058435785882842366,0.003320252200054296,40.0,71,1.8766254754817235
SPECIFIC_PHOL,SPECIFIC,PHOL,PTGS2,0.1020398355628727,0.0057977827011698145,52.0,89,1.6534819241675138
SPECIFIC_PHOL,SPECIFIC,PHOL,PTK2,0.03877313649816233,0.0022030437310988234,32.0,59,2.058947032275678
SPECIFIC_PHOL,SPECIFIC,PHOL,PTK2B,0.009167582693180638,0.0005208911995680025,4.0,5,4.361532125269724
SPECIFIC_PHOL,SPECIFIC,PHOL,PTPN1,0.1352198826363049,0.00768303371010362,55.0,90,1.6424320879809289
SPECIFIC_PHOL,SPECIFIC,PHOL,PTPN11,0.08364773432854182,0.004752765274530935,20.0,31,2.6875556916980523
SPECIFIC_PHOL,SPECIFIC,PHOL,PTPN2,0.08239083544362144,0.004681349767323254,21.0,35,2.569772656041669
SPECIFIC_PHOL,SPECIFIC,PHOL,PTPN6,0.09918919942238394,0.005635812929153945,25.0,38,2.489729948368133
SPECIFIC_PHOL,SPECIFIC,PHOL,PTPRF,0.08404590585326616,0.004775388909363459,22.0,35,2.569772656041669
SPECIFIC_PHOL,SPECIFIC,PHOL,PTPRS,0.08852405198430266,0.005029831873021867,30.0,46,2.3031439927877204
SPECIFIC_PHOL,SPECIFIC,PHOL,PYGL,0.03990482536440815,0.002267344953220881,30.0,49,2.241268589069633
SPECIFIC_PHOL,SPECIFIC,PHOL,RELA,0.07301405493880377,0.004148572195665946,15.0,24,2.9344157696295783
SPECIFIC_PHOL,SPECIFIC,PHOL,RORB,0.002143819586876184,0.00012180929189719516,1.0,3,4.7669972333778885
SPECIFIC_PHOL,SPECIFIC,PHOL,RORC,0.11862719704950868,0.006740256951101475,60.0,111,1.4347927232026845
SPECIFIC_PHOL,SPECIFIC,PHOL,RXRA,0.0756853214983503,0.004300350400361402,5.0,7,4.073850052817943
SPECIFIC_PHOL,SPECIFIC,PHOL,SAE1,0.0027014605198786594,0.00015349378978952915,2.0,3,4.7669972333778885
SPECIFIC_PHOL,SPECIFIC,PHOL,SENP6,0.002141233103505029,0.00012166233097293039,1.0,1,5.460144413937834
SPECIFIC_PHOL,SPECIFIC,PHOL,SENP7,0.002141233103505029,0.00012166233097293039,1.0,1,5.460144413937834
SPECIFIC_PHOL,SPECIFIC,PHOL,SENP8,0.009516999824212532,0.0005407446674476215,2.0,3,4.7669972333778885
SPECIFIC_PHOL,SPECIFIC,PHOL,SHBG,0.03037610032719696,0.0017259340730464733,11.0,22,3.017797378568629
SPECIFIC_PHOL,SPECIFIC,PHOL,SIGMAR1,0.002141233103505029,0.00012166233097293039,1.0,1,5.460144413937834
SPECIFIC_PHOL,SPECIFIC,PHOL,SIRT2,0.01789753393859546,0.001016916698173745,5.0,6,4.207381445442466
SPECIFIC_PHOL,SPECIFIC,PHOL,SIRT3,0.014880313621006138,0.0008454818103533028,2.0,2,5.054679305829669
SPECIFIC_PHOL,SPECIFIC,PHOL,SLC15A2,0.0008902217868667947,5.058134842760108e-05,1.0,2,5.054679305829669
SPECIFIC_PHOL,SPECIFIC,PHOL,SLC1A1,0.01841628990099203,0.0010463917980533246,4.0,5,4.361532125269724
SPECIFIC_PHOL,SPECIFIC,PHOL,SLC22A1,0.027912638225702294,0.0015859630717385297,13.0,28,2.7859957645113047
SPECIFIC_PHOL,SPECIFIC,PHOL,SLC22A12,0.06967274542942166,0.003958722943499977,3.0,4,4.543853682063679
SPECIFIC_PHOL,SPECIFIC,PHOL,SLC28A1,0.037702761237923606,0.002142226275510624,18.0,31,2.6875556916980523
SPECIFIC_PHOL,SPECIFIC,PHOL,SLC28A2,0.037702761237923606,0.002142226275510624,18.0,31,2.6875556916980523
SPECIFIC_PHOL,SPECIFIC,PHOL,SLC28A3,0.040038555437843855,0.0022749433377352696,20.0,33,2.6269310698816177
SPECIFIC_PHOL,SPECIFIC,PHOL,SLC47A1,0.0250182587260212,0.0014215078538199176,5.0,9,3.850706501503733
SPECIFIC_PHOL,SPECIFIC,PHOL,SLC5A1,0.027959623647446665,0.0015886327277987733,9.0,11,3.6683849447097785
SPECIFIC_PHOL,SPECIFIC,PHOL,SLC5A2,0.02481408685661789,0.0014099070498205554,8.0,10,3.755396321699408
SPECIFIC_PHOL,SPECIFIC,PHOL,SLC6A15,0.0,0.0,0.0,1,5.460144413937834
SPECIFIC_PHOL,SPECIFIC,PHOL,SLC6A2,0.0035147751272168936,0.0001997053632894579,2.0,2,5.054679305829669
SPECIFIC_PHOL,SPECIFIC,PHOL,SLC6A3,0.0035147751272168936,0.0001997053632894579,2.0,2,5.054679305829669
SPECIFIC_PHOL,SPECIFIC,PHOL,SLC6A4,0.0035147751272168936,0.0001997053632894579,2.0,2,5.054679305829669
SPECIFIC_PHOL,SPECIFIC,PHOL,SLCO1B1,0.11845572791090687,0.00673051427756534,47.0,81,1.746572347233526
SPECIFIC_PHOL,SPECIFIC,PHOL,SLCO1B3,0.11763363509156059,0.006683803936447385,47.0,82,1.734450986701181
SPECIFIC_PHOL,SPECIFIC,PHOL,SLCO2B1,0.11845572791090687,0.00673051427756534,47.0,81,1.746572347233526
SPECIFIC_PHOL,SPECIFIC,PHOL,SMAD3,0.007824836094719238,0.0004445979268704259,4.0,12,3.588342237036242
SPECIFIC_PHOL,SPECIFIC,PHOL,SOAT1,0.0923310404271012,0.005246140451092937,29.0,52,2.182999680945657
SPECIFIC_PHOL,SPECIFIC,PHOL,SOAT2,0.00976367388631897,0.000554760395738626,2.0,2,5.054679305829669
SPECIFIC_PHOL,SPECIFIC,PHOL,SRC,0.055859635028664784,0.0031738783571765143,37.0,66,1.948598975106813
SPECIFIC_PHOL,SPECIFIC,PHOL,STAT3,0.023254981920310887,0.0013213205524083803,11.0,19,3.157559320943788
SPECIFIC_PHOL,SPECIFIC,PHOL,SYK,0.0945846253510012,0.0053741864795418355,42.0,69,1.90479635244842
SPECIFIC_PHOL,SPECIFIC,PHOL,TAS2R31,0.007734643256491779,0.0004394732765379352,2.0,2,5.054679305829669
SPECIFIC_PHOL,SPECIFIC,PHOL,TBXAS1,0.011980732772170787,0.0006807310579311024,8.0,16,3.3200782504415627
SPECIFIC_PHOL,SPECIFIC,PHOL,TEK,0.004627702048179371,0.0002629405538836908,3.0,11,3.6683849447097785
SPECIFIC_PHOL,SPECIFIC,PHOL,TERT,0.09890611451299113,0.005619728379609287,40.0,67,1.9337838893216723
SPECIFIC_PHOL,SPECIFIC,PHOL,TGM2,0.0016916804475292893,9.611928106792415e-05,1.0,4,4.543853682063679
SPECIFIC_PHOL,SPECIFIC,PHOL,THRA,0.0,0.0,0.0,1,5.460144413937834
SPECIFIC_PHOL,SPECIFIC,PHOL,THRB,0.18113124637983175,0.010291663065796017,61.0,104,1.4993312443402556
SPECIFIC_PHOL,SPECIFIC,PHOL,TLR2,0.06868249985281263,0.003902458361708916,35.0,63,1.9944085111381071
SPECIFIC_PHOL,SPECIFIC,PHOL,TNKS,0.059910208958687775,0.0034040271743688614,29.0,42,2.3920914788042165
SPECIFIC_PHOL,SPECIFIC,PHOL,TNKS2,0.059910208958687775,0.0034040271743688614,29.0,42,2.3920914788042165
SPECIFIC_PHOL,SPECIFIC,PHOL,TOP1,0.0881318748630688,0.0050075488331018025,32.0,50,2.221465961773453
SPECIFIC_PHOL,SPECIFIC,PHOL,TOP2A,0.14794619463204775,0.008406127697188152,48.0,83,1.7224747956544653
SPECIFIC_PHOL,SPECIFIC,PHOL,TRPV1,0.06762136683505794,0.003842166039401247,21.0,37,2.515705434771393
SPECIFIC_PHOL,SPECIFIC,PHOL,TTR,0.06655945469638413,0.0037818294483649775,42.0,64,1.9789043246021416
SPECIFIC_PHOL,SPECIFIC,PHOL,TUBB3,0.03664726415553604,0.002082254180380862,1.0,1,5.460144413937834
SPECIFIC_PHOL,SPECIFIC,PHOL,TYR,0.0866430262832444,0.004922954218722515,45.0,77,1.7965827678081872
SPECIFIC_PHOL,SPECIFIC,PHOL,UBE2N,0.06958452200971012,0.003953710193196921,11.0,14,3.445241393395569
SPECIFIC_PHOL,SPECIFIC,PHOL,UGT1A1,0.6393128401333623,0.0363249990037185,60.0,109,1.4528112287053627
SPECIFIC_PHOL,SPECIFIC,PHOL,VCP,0.01928034933948302,0.0010954866328071384,3.0,4,4.543853682063679
SPECIFIC_PHOL,SPECIFIC,PHOL,VDR,0.0,0.0,0.0,3,4.7669972333778885
SPECIFIC_PHOL,SPECIFIC,PHOL,XDH,0.0724156214873085,0.004114569915147346,44.0,73,1.849226501293609
SPECIFIC_PHOL,SPECIFIC,PHOL,XIAP,0.001728686493101799,9.822192078383001e-05,2.0,2,5.054679305829669
SPECIFIC_PHOL,SPECIFIC,PHOL,XPO1,0.018256684480590108,0.0010373232069455995,8.0,11,3.6683849447097785
SPECIFIC_WHIL,SPECIFIC,WHIL,ABCB1,0.09513861362269006,0.005472979387708135,18.0,28,2.7859957645113047
SPECIFIC_WHIL,SPECIFIC,WHIL,ABCB11,0.11258331979267731,0.006476510064238773,9.0,18,3.2088526153313386
SPECIFIC_WHIL,SPECIFIC,WHIL,ABCC1,0.05356540029653944,0.003081423205092594,33.0,60,2.042417730324468
SPECIFIC_WHIL,SPECIFIC,WHIL,ABCG2,0.06385316928160144,0.003673241242551561,35.0,63,1.9944085111381071
SPECIFIC_WHIL,SPECIFIC,WHIL,ACHE,0.10718245341008549,0.006165817809410275,53.0,95,1.5889434030299427
SPECIFIC_WHIL,SPECIFIC,WHIL,ACP1,0.14426925344808347,0.008299286907131158,13.0,24,2.9344157696295783
SPECIFIC_WHIL,SPECIFIC,WHIL,ADORA1,0.06584343801788604,0.0037877341845328778,16.0,31,2.6875556916980523
SPECIFIC_WHIL,SPECIFIC,WHIL,ADORA2A,0.06912307991397666,0.003976400088027683,19.0,35,2.569772656041669
SPECIFIC_WHIL,SPECIFIC,WHIL,ADORA2B,0.06584343801788604,0.0037877341845328778,16.0,31,2.6875556916980523
SPECIFIC_WHIL,SPECIFIC,WHIL,ADORA3,0.07885899185747013,0.004536471791390964,39.0,74,1.8358034809614685
SPECIFIC_WHIL,SPECIFIC,WHIL,ADRA1A,0.0,0.0,0.0,2,5.054679305829669
SPECIFIC_WHIL,SPECIFIC,WHIL,ADRA1B,0.0,0.0,0.0,2,5.054679305829669
SPECIFIC_WHIL,SPECIFIC,WHIL,ADRA1D,0.0,0.0,0.0,1,5.460144413937834
SPECIFIC_WHIL,SPECIFIC,WHIL,ADRA2A,0.0,0.0,0.0,2,5.054679305829669
SPECIFIC_WHIL,SPECIFIC,WHIL,ADRA2B,0.011760703109828534,0.0006765505955375363,6.0,13,3.5142342648825204
SPECIFIC_WHIL,SPECIFIC,WHIL,ADRA2C,0.0,0.0,0.0,2,5.054679305829669
SPECIFIC_WHIL,SPECIFIC,WHIL,ADRB1,0.0023976043972209426,0.00013792548520739708,1.0,1,5.460144413937834
SPECIFIC_WHIL,SPECIFIC,WHIL,ADRB2,0.04783540170290387,0.002751797167877723,14.0,25,2.8951950564762967
SPECIFIC_WHIL,SPECIFIC,WHIL,AGTR1,0.0020056466953295377,0.00011537758019153616,1.0,1,5.460144413937834
SPECIFIC_WHIL,SPECIFIC,WHIL,AKR1B1,0.15266664593131116,0.008782358440562032,57.0,113,1.4170931461032836
SPECIFIC_WHIL,SPECIFIC,WHIL,AKR1B10,0.15677153738857555,0.009018497958250243,49.0,87,1.6759547800195724
SPECIFIC_WHIL,SPECIFIC,WHIL,AKR1C2,0.08979436459605225,0.005165544124024701,25.0,44,2.3466291047274592
SPECIFIC_WHIL,SPECIFIC,WHIL,AKR1C3,0.0889533360929316,0.0051171628045290326,25.0,45,2.324650198008684
SPECIFIC_WHIL,SPECIFIC,WHIL,AKR1C4,0.08979436459605225,0.005165544124024701,25.0,44,2.3466291047274592
SPECIFIC_WHIL,SPECIFIC,WHIL,AKT1,0.05784668254098648,0.003327709845023526,37.0,67,1.9337838893216723
SPECIFIC_WHIL,SPECIFIC,WHIL,ALDH2,0.005945409790860389,0.00034201786212592687,1.0,2,5.054679305829669
SPECIFIC_WHIL,SPECIFIC,WHIL,ALK,0.051176753228190035,0.002944013002528239,29.0,51,2.2020478759163518
SPECIFIC_WHIL,SPECIFIC,WHIL,ALOX12,0.07817672521674444,0.004497223466032543,44.0,79,1.7712649598238974
SPECIFIC_WHIL,SPECIFIC,WHIL,ALOX15,0.09012380733695852,0.005184495770067818,54.0,116,1.391117659700023
SPECIFIC_WHIL,SPECIFIC,WHIL,ALOX5,0.09547081566957642,0.005492089766616682,51.0,105,1.4898525003857117
SPECIFIC_WHIL,SPECIFIC,WHIL,ALPI,0.04815863185590636,0.002770391426270894,24.0,46,2.3031439927877204
SPECIFIC_WHIL,SPECIFIC,WHIL,ALPL,0.04815863185590636,0.002770391426270894,24.0,46,2.3031439927877204
SPECIFIC_WHIL,SPECIFIC,WHIL,AMY1A,0.07514664817555079,0.004322914123504291,46.0,83,1.7224747956544653
SPECIFIC_WHIL,SPECIFIC,WHIL,ANPEP,0.003008737682041466,0.00017308176659099915,1.0,2,5.054679305829669
SPECIFIC_WHIL,SPECIFIC,WHIL,AOC3,0.007511744573115299,0.0004321234212791132,2.0,5,4.361532125269724
SPECIFIC_WHIL,SPECIFIC,WHIL,AOX1,0.008419218052300576,0.00048432707926145216,3.0,5,4.361532125269724
SPECIFIC_WHIL,SPECIFIC,WHIL,APEX1,0.10484836355063694,0.006031546085202872,48.0,91,1.6315030174487386
SPECIFIC_WHIL,SPECIFIC,WHIL,APOBEC3G,0.013566229815728498,0.0007804159985434758,4.0,10,3.755396321699408
SPECIFIC_WHIL,SPECIFIC,WHIL,APP,0.1021988694824148,0.005879130300790217,52.0,94,1.599414702897238
SPECIFIC_WHIL,SPECIFIC,WHIL,AR,0.06910828998904686,0.003975549277287392,36.0,71,1.8766254754817235
SPECIFIC_WHIL,SPECIFIC,WHIL,ATR,0.0,0.0,0.0,3,4.7669972333778885
SPECIFIC_WHIL,SPECIFIC,WHIL,AURKA,0.02528355534754318,0.0014544712393420832,9.0,11,3.6683849447097785
SPECIFIC_WHIL,SPECIFIC,WHIL,AURKB,0.05792149573962106,0.003332013577004311,35.0,59,2.058947032275678
SPECIFIC_WHIL,SPECIFIC,WHIL,AVPR2,0.05110409966558223,0.002939833506575386,28.0,49,2.241268589069633
SPECIFIC_WHIL,SPECIFIC,WHIL,AXL,0.051176753228190035,0.002944013002528239,29.0,51,2.2020478759163518
SPECIFIC_WHIL,SPECIFIC,WHIL,BACE1,0.10566859665876735,0.006078731121046645,52.0,96,1.578580615994396
SPECIFIC_WHIL,SPECIFIC,WHIL,BBOX1,0.005929210874208555,0.0003410859972020771,1.0,1,5.460144413937834
SPECIFIC_WHIL,SPECIFIC,WHIL,BCHE,0.0697820544450286,0.00401430850279369,42.0,79,1.7712649598238974
SPECIFIC_WHIL,SPECIFIC,WHIL,BCL2,0.04700893721663082,0.002704253663449712,28.0,51,2.2020478759163518
SPECIFIC_WHIL,SPECIFIC,WHIL,BCL2L1,0.05592624076723698,0.0032172337949445493,23.0,43,2.369101960579518
SPECIFIC_WHIL,SPECIFIC,WHIL,BCR,0.034323358815846555,0.0019744983468125395,5.0,8,3.95606701716156
SPECIFIC_WHIL,SPECIFIC,WHIL,BRAF,0.02528355534754318,0.0014544712393420832,9.0,11,3.6683849447097785
SPECIFIC_WHIL,SPECIFIC,WHIL,CA1,0.11551210830245,0.006644992644913245,59.0,117,1.3826069700321142
SPECIFIC_WHIL,SPECIFIC,WHIL,CA12,0.1183933109808784,0.0068107377852974155,59.0,113,1.4170931461032836
SPECIFIC_WHIL,SPECIFIC,WHIL,CA13,0.057637193104901445,0.0033156586775534695,25.0,52,2.182999680945657
SPECIFIC_WHIL,SPECIFIC,WHIL,CA14,0.11018278493503204,0.006338416000271521,51.0,99,1.5481214085096875
SPECIFIC_WHIL,SPECIFIC,WHIL,CA2,0.11551210830245,0.006644992644913245,59.0,117,1.3826069700321142
SPECIFIC_WHIL,SPECIFIC,WHIL,CA3,0.10425070640596522,0.005997165037286017,50.0,97,1.568324115827207
SPECIFIC_WHIL,SPECIFIC,WHIL,CA4,0.10310604175832945,0.0059313166316408185,56.0,111,1.4347927232026845
SPECIFIC_WHIL,SPECIFIC,WHIL,CA5A,0.10425070640596522,0.005997165037286017,50.0,97,1.568324115827207
SPECIFIC_WHIL,SPECIFIC,WHIL,CA5B,0.10425070640596522,0.005997165037286017,50.0,97,1.568324115827207
SPECIFIC_WHIL,SPECIFIC,WHIL,CA6,0.10305421612267794,0.005928335290785879,51.0,100,1.5381710776565196
SPECIFIC_WHIL,SPECIFIC,WHIL,CA7,0.1183933109808784,0.0068107377852974155,59.0,113,1.4170931461032836
SPECIFIC_WHIL,SPECIFIC,WHIL,CA9,0.11793265628004618,0.0067842379910865785,53.0,103,1.5089006953564064
SPECIFIC_WHIL,SPECIFIC,WHIL,CACNA1C,0.0022195605851125567,0.00012768327043598298,1.0,2,5.054679305829669
SPECIFIC_WHIL,SPECIFIC,WHIL,CACNA1D,0.0023976043972209426,0.00013792548520739708,1.0,1,5.460144413937834
SPECIFIC_WHIL,SPECIFIC,WHIL,CAMK2B,0.051628039777833805,0.002969973880978135,29.0,50,2.221465961773453
SPECIFIC_WHIL,SPECIFIC,WHIL,CARM1,0.024234230232755116,0.0013941073712389024,8.0,10,3.755396321699408
SPECIFIC_WHIL,SPECIFIC,WHIL,CBR1,0.04161752053194342,0.0023941050154689665,12.0,23,2.975237764149833
SPECIFIC_WHIL,SPECIFIC,WHIL,CCR4,0.05110409966558223,0.002939833506575386,28.0,49,2.241268589069633
SPECIFIC_WHIL,SPECIFIC,WHIL,CD38,0.07471928788153585,0.004298329635763649,40.0,67,1.9337838893216723
SPECIFIC_WHIL,SPECIFIC,WHIL,CDC25B,0.12028576494517682,0.006919603798206411,15.0,32,2.6567840330312986
SPECIFIC_WHIL,SPECIFIC,WHIL,CDK6,0.06764779125546386,0.003891532082162244,39.0,69,1.90479635244842
SPECIFIC_WHIL,SPECIFIC,WHIL,CES1,0.015153895745279294,0.0008717486612356052,5.0,13,3.5142342648825204
SPECIFIC_WHIL,SPECIFIC,WHIL,CES2,0.010775228515966977,0.0006198598163266436,6.0,12,3.588342237036242
SPECIFIC_WHIL,SPECIFIC,WHIL,CHRM1,0.005513959933648706,0.00031719811664683155,4.0,6,4.207381445442466
SPECIFIC_WHIL,SPECIFIC,WHIL,CHRM2,0.005513959933648706,0.00031719811664683155,4.0,6,4.207381445442466
SPECIFIC_WHIL,SPECIFIC,WHIL,CHRM3,0.0035684439442550827,0.0002052796378824063,3.0,4,4.543853682063679
SPECIFIC_WHIL,SPECIFIC,WHIL,CHRM4,0.005513959933648706,0.00031719811664683155,4.0,6,4.207381445442466
SPECIFIC_WHIL,SPECIFIC,WHIL,CHRM5,0.003425260580359205,0.00019704281826284903,3.0,5,4.361532125269724
SPECIFIC_WHIL,SPECIFIC,WHIL,CHRNA3,0.0037436862187873736,0.00021536069035783966,3.0,3,4.7669972333778885
SPECIFIC_WHIL,SPECIFIC,WHIL,CHRNA7,0.018508333109261133,0.001064717276725837,7.0,10,3.755396321699408
SPECIFIC_WHIL,SPECIFIC,WHIL,CLK1,0.0023976043972209426,0.00013792548520739708,1.0,1,5.460144413937834
SPECIFIC_WHIL,SPECIFIC,WHIL,CNR1,0.030750716041265547,0.0017689771654500338,8.0,16,3.3200782504415627
SPECIFIC_WHIL,SPECIFIC,WHIL,CNR2,0.030750716041265547,0.0017689771654500338,8.0,16,3.3200782504415627
SPECIFIC_WHIL,SPECIFIC,WHIL,CSNK1D,0.0023976043972209426,0.00013792548520739708,1.0,1,5.460144413937834
SPECIFIC_WHIL,SPECIFIC,WHIL,CSNK2A1,0.06173541554674312,0.0035514145509719683,29.0,49,2.241268589069633
SPECIFIC_WHIL,SPECIFIC,WHIL,CTBP2,0.009104780632971508,0.0005237650080910264,4.0,8,3.95606701716156
SPECIFIC_WHIL,SPECIFIC,WHIL,CTSD,0.04202059989252178,0.002417292709172439,8.0,12,3.588342237036242
SPECIFIC_WHIL,SPECIFIC,WHIL,CTSL,0.045371779297981966,0.002610073906125065,18.0,39,2.4644121403838426
SPECIFIC_WHIL,SPECIFIC,WHIL,CXCL8,0.07478048289843964,0.004301849963140639,46.0,94,1.599414702897238
SPECIFIC_WHIL,SPECIFIC,WHIL,CXCR1,0.05110409966558223,0.002939833506575386,28.0,49,2.241268589069633
SPECIFIC_WHIL,SPECIFIC,WHIL,CYP19A1,0.1038033448586461,0.005971429949984442,55.0,115,1.3997014033914144
SPECIFIC_WHIL,SPECIFIC,WHIL,CYP1A1,0.08005101265598517,0.004605044424642332,44.0,79,1.7712649598238974
SPECIFIC_WHIL,SPECIFIC,WHIL,CYP1A2,0.08366394830937479,0.004812883509186247,44.0,86,1.6873834758431951
SPECIFIC_WHIL,SPECIFIC,WHIL,CYP1B1,0.078999788593787,0.004544571316981855,43.0,78,1.7838437420307574
SPECIFIC_WHIL,SPECIFIC,WHIL,CYP2A13,0.03587971316898598,0.0020640297680762864,6.0,10,3.755396321699408
SPECIFIC_WHIL,SPECIFIC,WHIL,CYP2A6,0.09520522903386662,0.0054768115307086505,33.0,66,1.948598975106813
SPECIFIC_WHIL,SPECIFIC,WHIL,CYP2B6,0.04302138278655441,0.0024748641193711803,8.0,14,3.445241393395569
SPECIFIC_WHIL,SPECIFIC,WHIL,CYP2C19,0.09891067801583829,0.005689972571513416,53.0,105,1.4898525003857117
SPECIFIC_WHIL,SPECIFIC,WHIL,CYP2C8,0.050209811830685784,0.0028883883708865567,28.0,51,2.2020478759163518
SPECIFIC_WHIL,SPECIFIC,WHIL,CYP2C9,0.09893640666756429,0.00569145264753311,53.0,106,1.4804627600358728
SPECIFIC_WHIL,SPECIFIC,WHIL,CYP2D6,0.105772352296879,0.0060846998066005,53.0,105,1.4898525003857117
SPECIFIC_WHIL,SPECIFIC,WHIL,CYP2E1,0.007724312458765492,0.00044435168078756104,2.0,4,4.543853682063679
SPECIFIC_WHIL,SPECIFIC,WHIL,CYP2J2,0.051176753228190035,0.002944013002528239,29.0,51,2.2020478759163518
SPECIFIC_WHIL,SPECIFIC,WHIL,CYP3A4,0.1646519207306614,0.00947182783090868,64.0,134,1.2480168160593494
SPECIFIC_WHIL,SPECIFIC,WHIL,CYP3A5,0.0020056466953295377,0.00011537758019153616,1.0,1,5.460144413937834
SPECIFIC_WHIL,SPECIFIC,WHIL,DAO,0.05186442677001205,0.0029835723672966843,11.0,29,2.7520942128356234
SPECIFIC_WHIL,SPECIFIC,WHIL,DAPK1,0.07662206925512934,0.004407789747073369,45.0,82,1.734450986701181
SPECIFIC_WHIL,SPECIFIC,WHIL,DHFR,0.022869031524159335,0.0013155724409118484,6.0,11,3.6683849447097785
SPECIFIC_WHIL,SPECIFIC,WHIL,DNMT1,0.018499148664522878,0.0010641889289306993,5.0,8,3.95606701716156
SPECIFIC_WHIL,SPECIFIC,WHIL,DNMT3B,0.003008737682041466,0.00017308176659099915,1.0,2,5.054679305829669
SPECIFIC_WHIL,SPECIFIC,WHIL,DPP4,0.07687722359702728,0.004422467850954827,40.0,82,1.734450986701181
SPECIFIC_WHIL,SPECIFIC,WHIL,DRD1,0.07374016860204857,0.004242004454738902,39.0,74,1.8358034809614685
SPECIFIC_WHIL,SPECIFIC,WHIL,DRD2,0.00853280908046164,0.0004908615591333116,5.0,11,3.6683849447097785
SPECIFIC_WHIL,SPECIFIC,WHIL,DRD3,0.0012744540993073128,7.33147220722748e-05,1.0,4,4.543853682063679
SPECIFIC_WHIL,SPECIFIC,WHIL,DRD4,0.001417729797820586,8.155685336748651e-05,1.0,2,5.054679305829669
SPECIFIC_WHIL,SPECIFIC,WHIL,DRD5,0.001417729797820586,8.155685336748651e-05,1.0,2,5.054679305829669
SPECIFIC_WHIL,SPECIFIC,WHIL,DUSP3,0.11408270883655668,0.006562764477865734,46.0,75,1.822558254211448
SPECIFIC_WHIL,SPECIFIC,WHIL,DYRK1A,0.027404134792651556,0.0015764604837839188,9.0,11,3.6683849447097785
SPECIFIC_WHIL,SPECIFIC,WHIL,DYRK1B,0.0023976043972209426,0.00013792548520739708,1.0,1,5.460144413937834
SPECIFIC_WHIL,SPECIFIC,WHIL,EBP,0.014705627996494827,0.0008459614434503903,1.0,2,5.054679305829669
SPECIFIC_WHIL,SPECIFIC,WHIL,EDNRA,0.0,0.0,0.0,1,5.460144413937834
SPECIFIC_WHIL,SPECIFIC,WHIL,EGFR,0.10632530247133962,0.006116509024666831,55.0,97,1.568324115827207
SPECIFIC_WHIL,SPECIFIC,WHIL,EGLN1,0.16449019331832992,0.009462524239439208,12.0,23,2.975237764149833
SPECIFIC_WHIL,SPECIFIC,WHIL,EHMT2,0.32277063253833527,0.018567823847482685,62.0,138,1.2188176613670871
SPECIFIC_WHIL,SPECIFIC,WHIL,ENPP2,0.0032500859606772775,0.00018696565772558272,1.0,1,5.460144413937834
SPECIFIC_WHIL,SPECIFIC,WHIL,EP300,0.012393666408972248,0.0007129626784708438,4.0,7,4.073850052817943
SPECIFIC_WHIL,SPECIFIC,WHIL,EPHB4,0.02528355534754318,0.0014544712393420832,9.0,11,3.6683849447097785
SPECIFIC_WHIL,SPECIFIC,WHIL,EPHX2,0.06291194404356575,0.0036190959682953104,42.0,73,1.849226501293609
SPECIFIC_WHIL,SPECIFIC,WHIL,ERBB2,0.07760997679634599,0.004464620484921652,25.0,41,2.4156219762144104
SPECIFIC_WHIL,SPECIFIC,WHIL,ERN1,0.006146988206254971,0.00035361393726779025,1.0,4,4.543853682063679
SPECIFIC_WHIL,SPECIFIC,WHIL,ESR1,0.09654606406936544,0.005553944907285959,54.0,117,1.3826069700321142
SPECIFIC_WHIL,SPECIFIC,WHIL,ESR2,0.08541258739672081,0.0049134763738199515,25.0,43,2.369101960579518
SPECIFIC_WHIL,SPECIFIC,WHIL,ESRRA,0.03322121260683288,0.0019110958727330363,20.0,39,2.4644121403838426
SPECIFIC_WHIL,SPECIFIC,WHIL,ESRRB,0.008097675206779693,0.0004658298855480774,2.0,4,4.543853682063679
SPECIFIC_WHIL,SPECIFIC,WHIL,F10,0.01863191673936083,0.0010718265947455027,3.0,5,4.361532125269724
SPECIFIC_WHIL,SPECIFIC,WHIL,F2,0.05619947233358217,0.0032329518159849757,33.0,59,2.058947032275678
SPECIFIC_WHIL,SPECIFIC,WHIL,F3,0.07171035908949598,0.00412523687530757,30.0,60,2.042417730324468
SPECIFIC_WHIL,SPECIFIC,WHIL,FABP2,0.056883202967822774,0.003272284359580618,32.0,63,1.9944085111381071
SPECIFIC_WHIL,SPECIFIC,WHIL,FABP3,0.0650309737737208,0.0037409960632564737,35.0,70,1.8906117174564636
SPECIFIC_WHIL,SPECIFIC,WHIL,FABP4,0.07341083229345517,0.00422305893136073,36.0,73,1.849226501293609
SPECIFIC_WHIL,SPECIFIC,WHIL,FABP5,0.056883202967822774,0.003272284359580618,32.0,63,1.9944085111381071
SPECIFIC_WHIL,SPECIFIC,WHIL,FASN,0.047987609382703356,0.002760553123661325,31.0,51,2.2020478759163518
SPECIFIC_WHIL,SPECIFIC,WHIL,FDPS,0.0,0.0,0.0,3,4.7669972333778885
SPECIFIC_WHIL,SPECIFIC,WHIL,FLT3,0.07103804872540039,0.0040865612984337,43.0,76,1.8094861726440952
SPECIFIC_WHIL,SPECIFIC,WHIL,FLT4,0.02528355534754318,0.0014544712393420832,9.0,11,3.6683849447097785
SPECIFIC_WHIL,SPECIFIC,WHIL,FOLH1,0.004125280485176354,0.00023731242451592932,2.0,5,4.361532125269724
SPECIFIC_WHIL,SPECIFIC,WHIL,FUCA1,0.006997792738300366,0.0004025576362512551,1.0,1,5.460144413937834
SPECIFIC_WHIL,SPECIFIC,WHIL,FUT7,0.039476277792247945,0.0022709270866323188,18.0,26,2.85745472849345
SPECIFIC_WHIL,SPECIFIC,WHIL,FYN,0.010878848424927725,0.0006258206938747175,4.0,6,4.207381445442466
SPECIFIC_WHIL,SPECIFIC,WHIL,GAA,0.10577967891292868,0.00608512128024926,52.0,108,1.4619437122686354
SPECIFIC_WHIL,SPECIFIC,WHIL,GABRR1,0.03979103627528382,0.0022890340005778335,7.0,16,3.3200782504415627
SPECIFIC_WHIL,SPECIFIC,WHIL,GBA,0.07815463469034055,0.004495952678167674,49.0,97,1.568324115827207
SPECIFIC_WHIL,SPECIFIC,WHIL,GBA2,0.010276401838608413,0.0005911641267504898,2.0,3,4.7669972333778885
SPECIFIC_WHIL,SPECIFIC,WHIL,GLO1,0.0718867430584579,0.004135383605322779,43.0,74,1.8358034809614685
SPECIFIC_WHIL,SPECIFIC,WHIL,GLRA1,0.006725468476306192,0.0003868918091394809,2.0,13,3.5142342648825204
SPECIFIC_WHIL,SPECIFIC,WHIL,GLRA2,0.0,0.0,0.0,2,5.054679305829669
SPECIFIC_WHIL,SPECIFIC,WHIL,GPBAR1,0.013868671726320104,0.0007978143847467004,1.0,3,4.7669972333778885
SPECIFIC_WHIL,SPECIFIC,WHIL,GPR35,0.07932123595966625,0.004563063018097738,42.0,70,1.8906117174564636
SPECIFIC_WHIL,SPECIFIC,WHIL,GRIA1,0.004125280485176354,0.00023731242451592932,2.0,5,4.361532125269724
SPECIFIC_WHIL,SPECIFIC,WHIL,GRIA2,0.004125280485176354,0.00023731242451592932,2.0,5,4.361532125269724
SPECIFIC_WHIL,SPECIFIC,WHIL,GRIA4,0.004125280485176354,0.00023731242451592932,2.0,5,4.361532125269724
SPECIFIC_WHIL,SPECIFIC,WHIL,GRIK2,0.004125280485176354,0.00023731242451592932,2.0,5,4.361532125269724
SPECIFIC_WHIL,SPECIFIC,WHIL,GRIK5,0.004125280485176354,0.00023731242451592932,2.0,5,4.361532125269724
SPECIFIC_WHIL,SPECIFIC,WHIL,GRK6,0.037219225188469374,0.002141087036340615,4.0,7,4.073850052817943
SPECIFIC_WHIL,SPECIFIC,WHIL,GRM1,0.004125280485176354,0.00023731242451592932,2.0,5,4.361532125269724
SPECIFIC_WHIL,SPECIFIC,WHIL,GRM2,0.004125280485176354,0.00023731242451592932,2.0,5,4.361532125269724
SPECIFIC_WHIL,SPECIFIC,WHIL,GRM3,0.004125280485176354,0.00023731242451592932,2.0,5,4.361532125269724
SPECIFIC_WHIL,SPECIFIC,WHIL,GRM4,0.004125280485176354,0.00023731242451592932,2.0,5,4.361532125269724
SPECIFIC_WHIL,SPECIFIC,WHIL,GRM5,0.05566609080392861,0.0032022683110817475,11.0,21,3.0622491411394632
SPECIFIC_WHIL,SPECIFIC,WHIL,GRM8,0.004125280485176354,0.00023731242451592932,2.0,5,4.361532125269724
SPECIFIC_WHIL,SPECIFIC,WHIL,GSK3B,0.07144442601042188,0.004109938709769291,45.0,86,1.6873834758431951
SPECIFIC_WHIL,SPECIFIC,WHIL,GSTP1,0.024234230232755116,0.0013941073712389024,8.0,10,3.755396321699408
SPECIFIC_WHIL,SPECIFIC,WHIL,HCAR2,0.0964400612353809,0.005547846948703791,32.0,63,1.9944085111381071
SPECIFIC_WHIL,SPECIFIC,WHIL,HDAC1,0.0009494801735609846,5.46201507575624e-05,1.0,5,4.361532125269724
SPECIFIC_WHIL,SPECIFIC,WHIL,HDAC10,0.0,0.0,0.0,1,5.460144413937834
SPECIFIC_WHIL,SPECIFIC,WHIL,HDAC2,0.0009494801735609846,5.46201507575624e-05,1.0,5,4.361532125269724
SPECIFIC_WHIL,SPECIFIC,WHIL,HDAC3,0.0009494801735609846,5.46201507575624e-05,1.0,5,4.361532125269724
SPECIFIC_WHIL,SPECIFIC,WHIL,HDAC6,0.0009494801735609846,5.46201507575624e-05,1.0,5,4.361532125269724
SPECIFIC_WHIL,SPECIFIC,WHIL,HDAC8,0.0009494801735609846,5.46201507575624e-05,1.0,5,4.361532125269724
SPECIFIC_WHIL,SPECIFIC,WHIL,HIF1A,0.08785920241564699,0.005054221262339607,51.0,101,1.5283187812135075
SPECIFIC_WHIL,SPECIFIC,WHIL,HKDC1,0.016541190323963454,0.0009515546868303155,4.0,7,4.073850052817943
SPECIFIC_WHIL,SPECIFIC,WHIL,HMGCR,0.007486795968545714,0.00043068821854320895,1.0,6,4.207381445442466
SPECIFIC_WHIL,SPECIFIC,WHIL,HRH1,0.0,0.0,0.0,2,5.054679305829669
SPECIFIC_WHIL,SPECIFIC,WHIL,HRH3,0.0,0.0,0.0,2,5.054679305829669
SPECIFIC_WHIL,SPECIFIC,WHIL,HRH4,0.0,0.0,0.0,1,5.460144413937834
SPECIFIC_WHIL,SPECIFIC,WHIL,HSD11B1,0.05550004633913643,0.0031927163752415357,32.0,57,2.0928485839513598
SPECIFIC_WHIL,SPECIFIC,WHIL,HSD11B2,0.008248469547519021,0.000474504537061525,3.0,5,4.361532125269724
SPECIFIC_WHIL,SPECIFIC,WHIL,HSD17B1,0.07161889287040295,0.004119975155457909,39.0,70,1.8906117174564636
SPECIFIC_WHIL,SPECIFIC,WHIL,HSD17B2,0.07161889287040295,0.004119975155457909,39.0,70,1.8906117174564636
SPECIFIC_WHIL,SPECIFIC,WHIL,HSD17B3,0.04075060737327316,0.0023442346456194344,7.0,12,3.588342237036242
SPECIFIC_WHIL,SPECIFIC,WHIL,HSP90AA1,0.022401302788429906,0.0012886657031298775,1.0,3,4.7669972333778885
SPECIFIC_WHIL,SPECIFIC,WHIL,HSP90AB1,0.02286880921422129,0.0013155596522273986,12.0,24,2.9344157696295783
SPECIFIC_WHIL,SPECIFIC,WHIL,HSPA1A,0.0231562009644042,0.0013320922572870682,8.0,12,3.588342237036242
SPECIFIC_WHIL,SPECIFIC,WHIL,HSPA8,0.07558862831992254,0.0043483396382118745,23.0,39,2.4644121403838426
SPECIFIC_WHIL,SPECIFIC,WHIL,HTR1A,0.052370323770463946,0.003012674786917357,30.0,53,2.1643075479335048
SPECIFIC_WHIL,SPECIFIC,WHIL,HTR1B,0.0023032105233146065,0.00013249534799450745,1.0,1,5.460144413937834
SPECIFIC_WHIL,SPECIFIC,WHIL,HTR1D,0.0023032105233146065,0.00013249534799450745,1.0,1,5.460144413937834
SPECIFIC_WHIL,SPECIFIC,WHIL,HTR1E,0.0021321763101081253,0.00012265637002511752,1.0,2,5.054679305829669
SPECIFIC_WHIL,SPECIFIC,WHIL,HTR2A,0.007052946821196869,0.0004057304506044014,3.0,6,4.207381445442466
SPECIFIC_WHIL,SPECIFIC,WHIL,HTR2B,0.0021321763101081253,0.00012265637002511752,1.0,2,5.054679305829669
SPECIFIC_WHIL,SPECIFIC,WHIL,HTR2C,0.0045145006221611154,0.0002597028473514634,2.0,3,4.7669972333778885
SPECIFIC_WHIL,SPECIFIC,WHIL,HTR3A,0.0020108256046307152,0.00011567550406047715,1.0,3,4.7669972333778885
SPECIFIC_WHIL,SPECIFIC,WHIL,HTR4,0.0023032105233146065,0.00013249534799450745,1.0,1,5.460144413937834
SPECIFIC_WHIL,SPECIFIC,WHIL,HTR5A,0.0021321763101081253,0.00012265637002511752,1.0,2,5.054679305829669
SPECIFIC_WHIL,SPECIFIC,WHIL,HTR6,0.0020108256046307152,0.00011567550406047715,1.0,3,4.7669972333778885
SPECIFIC_WHIL,SPECIFIC,WHIL,HTR7,0.08290335564368115,0.004769129371688594,33.0,57,2.0928485839513598
SPECIFIC_WHIL,SPECIFIC,WHIL,IDH1,0.13312962079301033,0.007658464242322896,50.0,97,1.568324115827207
SPECIFIC_WHIL,SPECIFIC,WHIL,IDO1,0.05938793227660336,0.003416372352423466,20.0,47,2.282090583589888
SPECIFIC_WHIL,SPECIFIC,WHIL,IGF1R,0.05792149573962106,0.003332013577004311,35.0,59,2.058947032275678
SPECIFIC_WHIL,SPECIFIC,WHIL,INSR,0.058385680566458605,0.0033587164465609773,24.0,42,2.3920914788042165
SPECIFIC_WHIL,SPECIFIC,WHIL,JAK2,0.0023976043972209426,0.00013792548520739708,1.0,1,5.460144413937834
SPECIFIC_WHIL,SPECIFIC,WHIL,KAT2B,0.01044537516247431,0.0006008845492306638,2.0,4,4.543853682063679
SPECIFIC_WHIL,SPECIFIC,WHIL,KCNA3,0.0,0.0,0.0,1,5.460144413937834
SPECIFIC_WHIL,SPECIFIC,WHIL,KCNA5,0.0023976043972209426,0.00013792548520739708,1.0,1,5.460144413937834
SPECIFIC_WHIL,SPECIFIC,WHIL,KCNH2,0.05343727998120704,0.0030740529080253935,24.0,44,2.3466291047274592
SPECIFIC_WHIL,SPECIFIC,WHIL,KDM2A,0.005929210874208555,0.0003410859972020771,1.0,1,5.460144413937834
SPECIFIC_WHIL,SPECIFIC,WHIL,KDM4E,0.5137507299542533,0.029554216194601447,62.0,132,1.2629424662760251
SPECIFIC_WHIL,SPECIFIC,WHIL,KDM5C,0.005929210874208555,0.0003410859972020771,1.0,1,5.460144413937834
SPECIFIC_WHIL,SPECIFIC,WHIL,KDM7A,0.005929210874208555,0.0003410859972020771,1.0,1,5.460144413937834
SPECIFIC_WHIL,SPECIFIC,WHIL,KDR,0.05792149573962106,0.003332013577004311,35.0,59,2.058947032275678
SPECIFIC_WHIL,SPECIFIC,WHIL,KIT,0.019203334258958357,0.0011046981721991678,4.0,6,4.207381445442466
SPECIFIC_WHIL,SPECIFIC,WHIL,KMT2A,0.08836722608307769,0.005083446021398457,51.0,100,1.5381710776565196
SPECIFIC_WHIL,SPECIFIC,WHIL,LDHA,0.0,0.0,0.0,6,4.207381445442466
SPECIFIC_WHIL,SPECIFIC,WHIL,LIMK1,0.0023976043972209426,0.00013792548520739708,1.0,1,5.460144413937834
SPECIFIC_WHIL,SPECIFIC,WHIL,MAN1B1,0.006997792738300366,0.0004025576362512551,1.0,1,5.460144413937834
SPECIFIC_WHIL,SPECIFIC,WHIL,MAOA,0.09434200321120718,0.005427153279926386,22.0,38,2.489729948368133
SPECIFIC_WHIL,SPECIFIC,WHIL,MAOB,0.05176013074749318,0.0029775725953877777,15.0,30,2.719304390012633
SPECIFIC_WHIL,SPECIFIC,WHIL,MAP2K1,0.04911721982076316,0.0028255355152290622,30.0,58,2.07575415059206
SPECIFIC_WHIL,SPECIFIC,WHIL,MAP2K7,0.0,0.0,0.0,1,5.460144413937834
SPECIFIC_WHIL,SPECIFIC,WHIL,MAP3K7,0.0,0.0,0.0,1,5.460144413937834
SPECIFIC_WHIL,SPECIFIC,WHIL,MAP3K8,0.024234230232755116,0.0013941073712389024,8.0,10,3.755396321699408
SPECIFIC_WHIL,SPECIFIC,WHIL,MAPK1,0.14716040439488978,0.008465604335314177,59.0,120,1.3575010489010375
SPECIFIC_WHIL,SPECIFIC,WHIL,MAPK14,0.04945444489664462,0.002844934850777897,29.0,55,2.1279399037626296
SPECIFIC_WHIL,SPECIFIC,WHIL,MAPK9,0.019480602982478,0.0011206484362496546,10.0,17,3.2629198366016143
SPECIFIC_WHIL,SPECIFIC,WHIL,MAPKAPK2,0.051628039777833805,0.002969973880978135,29.0,50,2.221465961773453
SPECIFIC_WHIL,SPECIFIC,WHIL,MAPT,0.1650808136034425,0.009496500482347299,61.0,135,1.240636708761727
SPECIFIC_WHIL,SPECIFIC,WHIL,MCL1,0.038486895182713324,0.002214011493453563,13.0,23,2.975237764149833
SPECIFIC_WHIL,SPECIFIC,WHIL,MERTK,0.0023976043972209426,0.00013792548520739708,1.0,1,5.460144413937834
SPECIFIC_WHIL,SPECIFIC,WHIL,MET,0.0552402668945171,0.0031777722059750965,35.0,65,1.9636368524713528
SPECIFIC_WHIL,SPECIFIC,WHIL,MGAM,0.006997792738300366,0.0004025576362512551,1.0,1,5.460144413937834
SPECIFIC_WHIL,SPECIFIC,WHIL,MGLL,0.146083191074401,0.008403636159883526,13.0,25,2.8951950564762967
SPECIFIC_WHIL,SPECIFIC,WHIL,MIF,0.0015069427277116473,8.668894966171275e-05,2.0,9,3.850706501503733
SPECIFIC_WHIL,SPECIFIC,WHIL,MMP1,0.08510608571512526,0.004895844443715073,35.0,67,1.9337838893216723
SPECIFIC_WHIL,SPECIFIC,WHIL,MMP12,0.06567958406747641,0.0037783082610404147,37.0,65,1.9636368524713528
SPECIFIC_WHIL,SPECIFIC,WHIL,MMP13,0.06583212614422158,0.003787083453467493,38.0,67,1.9337838893216723
SPECIFIC_WHIL,SPECIFIC,WHIL,MMP14,0.01161965709498966,0.0006684367298573722,2.0,2,5.054679305829669
SPECIFIC_WHIL,SPECIFIC,WHIL,MMP2,0.09008330770817177,0.005182165973310018,45.0,88,1.6646552247656392
SPECIFIC_WHIL,SPECIFIC,WHIL,MMP3,0.07810400245712092,0.004493039989426343,42.0,84,1.7106403380074624
SPECIFIC_WHIL,SPECIFIC,WHIL,MMP9,0.09082869894099073,0.005225045627507792,47.0,92,1.620692101344523
SPECIFIC_WHIL,SPECIFIC,WHIL,MPG,0.06681670810896646,0.0038437228829627398,34.0,65,1.9636368524713528
SPECIFIC_WHIL,SPECIFIC,WHIL,MPO,0.006478143334539048,0.0003726640907461708,1.0,2,5.054679305829669
SPECIFIC_WHIL,SPECIFIC,WHIL,MTNR1A,0.0028813747946294576,0.00016575504160497656,2.0,2,5.054679305829669
SPECIFIC_WHIL,SPECIFIC,WHIL,MTNR1B,0.0028813747946294576,0.00016575504160497656,2.0,2,5.054679305829669
SPECIFIC_WHIL,SPECIFIC,WHIL,MYLK,0.0023976043972209426,0.00013792548520739708,1.0,1,5.460144413937834
SPECIFIC_WHIL,SPECIFIC,WHIL,NEK2,0.051176753228190035,0.002944013002528239,29.0,51,2.2020478759163518
SPECIFIC_WHIL,SPECIFIC,WHIL,NEK6,0.051176753228190035,0.002944013002528239,29.0,51,2.2020478759163518
SPECIFIC_WHIL,SPECIFIC,WHIL,NFKB1,0.09851872224330202,0.005667424777486359,53.0,102,1.518562606268143
SPECIFIC_WHIL,SPECIFIC,WHIL,NOS2,0.1303313748918922,0.007497491304465141,10.0,22,3.017797378568629
SPECIFIC_WHIL,SPECIFIC,WHIL,NQO1,0.011397445277066768,0.000655653689902425,2.0,4,4.543853682063679
SPECIFIC_WHIL,SPECIFIC,WHIL,NQO2,0.03397998418058607,0.0019547452494161925,6.0,9,3.850706501503733
SPECIFIC_WHIL,SPECIFIC,WHIL,NR1H4,0.1338432872586484,0.0076995188857259,21.0,40,2.439719527793472
SPECIFIC_WHIL,SPECIFIC,WHIL,NR1I2,0.19566605598392683,0.011255958548241648,22.0,39,2.4644121403838426
SPECIFIC_WHIL,SPECIFIC,WHIL,NR3C1,0.019738618621878493,0.001135491140198921,3.0,6,4.207381445442466
SPECIFIC_WHIL,SPECIFIC,WHIL,NR3C2,0.015885251605557506,0.0009138209113553776,1.0,1,5.460144413937834
SPECIFIC_WHIL,SPECIFIC,WHIL,NT5E,0.003196705507385315,0.00018389487385088736,2.0,2,5.054679305829669
SPECIFIC_WHIL,SPECIFIC,WHIL,NUAK1,0.05792149573962106,0.003332013577004311,35.0,59,2.058947032275678
SPECIFIC_WHIL,SPECIFIC,WHIL,ODC1,0.03675273340240973,0.0021142514557869092,7.0,13,3.5142342648825204
SPECIFIC_WHIL,SPECIFIC,WHIL,OPRD1,0.017711224746776166,0.001018862523628935,4.0,9,3.850706501503733
SPECIFIC_WHIL,SPECIFIC,WHIL,OPRK1,0.00926121374470463,0.0005327640376487393,4.0,8,3.95606701716156
SPECIFIC_WHIL,SPECIFIC,WHIL,OPRM1,0.027285766228815282,0.001569651169612096,5.0,9,3.850706501503733
SPECIFIC_WHIL,SPECIFIC,WHIL,OXER1,0.0017358102011777686,9.985486534096105e-05,1.0,2,5.054679305829669
SPECIFIC_WHIL,SPECIFIC,WHIL,OXTR,0.006997792738300366,0.0004025576362512551,1.0,1,5.460144413937834
SPECIFIC_WHIL,SPECIFIC,WHIL,PARP1,0.058780349238825885,0.0033814203038760172,25.0,45,2.324650198008684
SPECIFIC_WHIL,SPECIFIC,WHIL,PCNA,0.0,0.0,0.0,1,5.460144413937834
SPECIFIC_WHIL,SPECIFIC,WHIL,PDE4B,0.0061094462150263415,0.00035145428267178497,1.0,3,4.7669972333778885
SPECIFIC_WHIL,SPECIFIC,WHIL,PDE4D,0.0061094462150263415,0.00035145428267178497,1.0,3,4.7669972333778885
SPECIFIC_WHIL,SPECIFIC,WHIL,PDE5A,0.06786386261886561,0.0039039618840391315,39.0,72,1.862832153349388
SPECIFIC_WHIL,SPECIFIC,WHIL,PDGFRB,0.02528355534754318,0.0014544712393420832,9.0,11,3.6683849447097785
SPECIFIC_WHIL,SPECIFIC,WHIL,PDPK1,0.01342335959862937,0.0007721971931233973,3.0,7,4.073850052817943
SPECIFIC_WHIL,SPECIFIC,WHIL,PGR,0.015885251605557506,0.0009138209113553776,1.0,1,5.460144413937834
SPECIFIC_WHIL,SPECIFIC,WHIL,PHF8,0.005929210874208555,0.0003410859972020771,1.0,1,5.460144413937834
SPECIFIC_WHIL,SPECIFIC,WHIL,PIK3CA,0.033438216012083126,0.0019235792915970862,6.0,11,3.6683849447097785
SPECIFIC_WHIL,SPECIFIC,WHIL,PIK3CB,0.0325823134153784,0.001874342319443714,5.0,10,3.755396321699408
SPECIFIC_WHIL,SPECIFIC,WHIL,PIK3CG,0.050209811830685784,0.0028883883708865567,28.0,51,2.2020478759163518
SPECIFIC_WHIL,SPECIFIC,WHIL,PIM1,0.07227392609688181,0.00415765684126637,44.0,79,1.7712649598238974
SPECIFIC_WHIL,SPECIFIC,WHIL,PIM3,0.0023976043972209426,0.00013792548520739708,1.0,1,5.460144413937834
SPECIFIC_WHIL,SPECIFIC,WHIL,PKN1,0.051176753228190035,0.002944013002528239,29.0,51,2.2020478759163518
SPECIFIC_WHIL,SPECIFIC,WHIL,PLA2G2A,0.012689048117257426,0.0007299549168417131,1.0,5,4.361532125269724
SPECIFIC_WHIL,SPECIFIC,WHIL,PLG,0.05728410453100073,0.003295346772498202,37.0,67,1.9337838893216723
SPECIFIC_WHIL,SPECIFIC,WHIL,PLK1,0.05792149573962106,0.003332013577004311,35.0,59,2.058947032275678
SPECIFIC_WHIL,SPECIFIC,WHIL,PLK4,0.02528355534754318,0.0014544712393420832,9.0,11,3.6683849447097785
SPECIFIC_WHIL,SPECIFIC,WHIL,PNP,0.07757443894839404,0.004462576121419616,17.0,32,2.6567840330312986
SPECIFIC_WHIL,SPECIFIC,WHIL,POLA1,0.010227735264144989,0.0005883645152282428,4.0,5,4.361532125269724
SPECIFIC_WHIL,SPECIFIC,WHIL,POLB,0.10107768718811574,0.005814632749765377,53.0,110,1.443761393185445
SPECIFIC_WHIL,SPECIFIC,WHIL,PPARA,0.07696177838158906,0.00442733198104268,49.0,101,1.5283187812135075
SPECIFIC_WHIL,SPECIFIC,WHIL,PPARD,0.0751245636933734,0.004321643683341852,47.0,98,1.558171744363189
SPECIFIC_WHIL,SPECIFIC,WHIL,PPARG,0.07598393891596247,0.004371080423067638,49.0,103,1.5089006953564064
SPECIFIC_WHIL,SPECIFIC,WHIL,PRKCA,0.06832555811014453,0.00393052155114957,30.0,60,2.042417730324468
SPECIFIC_WHIL,SPECIFIC,WHIL,PRKCD,0.0023976043972209426,0.00013792548520739708,1.0,1,5.460144413937834
SPECIFIC_WHIL,SPECIFIC,WHIL,PRKCE,0.0023976043972209426,0.00013792548520739708,1.0,1,5.460144413937834
SPECIFIC_WHIL,SPECIFIC,WHIL,PRMT1,0.0046213734955372,0.00026585085614431965,2.0,4,4.543853682063679
SPECIFIC_WHIL,SPECIFIC,WHIL,PTAFR,0.0159609282367563,0.0009181743134800374,1.0,3,4.7669972333778885
SPECIFIC_WHIL,SPECIFIC,WHIL,PTGES,0.007130182767246684,0.00041017355445703053,4.0,12,3.588342237036242
SPECIFIC_WHIL,SPECIFIC,WHIL,PTGS1,0.06841170697369006,0.003935477382819864,37.0,71,1.8766254754817235
SPECIFIC_WHIL,SPECIFIC,WHIL,PTGS2,0.09226848249773771,0.005307871153640517,47.0,89,1.6534819241675138
SPECIFIC_WHIL,SPECIFIC,WHIL,PTK2,0.05792149573962106,0.003332013577004311,35.0,59,2.058947032275678
SPECIFIC_WHIL,SPECIFIC,WHIL,PTK2B,0.006677200933048478,0.00038411515243526995,3.0,5,4.361532125269724
SPECIFIC_WHIL,SPECIFIC,WHIL,PTPN1,0.1534689948944994,0.00882851466641049,44.0,90,1.6424320879809289
SPECIFIC_WHIL,SPECIFIC,WHIL,PTPN11,0.12113034465327042,0.006968189405644467,15.0,31,2.6875556916980523
SPECIFIC_WHIL,SPECIFIC,WHIL,PTPN2,0.1321514344842786,0.007602192731721966,18.0,35,2.569772656041669
SPECIFIC_WHIL,SPECIFIC,WHIL,PTPN6,0.14482702033310654,0.008331373213086633,21.0,38,2.489729948368133
SPECIFIC_WHIL,SPECIFIC,WHIL,PTPRF,0.1321514344842786,0.007602192731721966,18.0,35,2.569772656041669
SPECIFIC_WHIL,SPECIFIC,WHIL,PTPRS,0.05902517601145928,0.003395504300154286,24.0,46,2.3031439927877204
SPECIFIC_WHIL,SPECIFIC,WHIL,PYGL,0.05110409966558223,0.002939833506575386,28.0,49,2.241268589069633
SPECIFIC_WHIL,SPECIFIC,WHIL,RELA,0.04057864794437257,0.002334342443346786,14.0,24,2.9344157696295783
SPECIFIC_WHIL,SPECIFIC,WHIL,RORB,0.0014995970157083136,8.626637749199703e-05,1.0,3,4.7669972333778885
SPECIFIC_WHIL,SPECIFIC,WHIL,RORC,0.09888835660376966,0.005688688501633644,54.0,111,1.4347927232026845
SPECIFIC_WHIL,SPECIFIC,WHIL,RXRA,0.003117427654634303,0.00017933430651143886,2.0,7,4.073850052817943
SPECIFIC_WHIL,SPECIFIC,WHIL,SAE1,0.001637018280692954,9.417172445949102e-05,1.0,3,4.7669972333778885
SPECIFIC_WHIL,SPECIFIC,WHIL,SENP6,0.0,0.0,0.0,1,5.460144413937834
SPECIFIC_WHIL,SPECIFIC,WHIL,SENP7,0.0,0.0,0.0,1,5.460144413937834
SPECIFIC_WHIL,SPECIFIC,WHIL,SENP8,0.004643179123420015,0.00026710525483055635,1.0,3,4.7669972333778885
SPECIFIC_WHIL,SPECIFIC,WHIL,SHBG,0.04815390918934785,0.0027701197483922125,15.0,22,3.017797378568629
SPECIFIC_WHIL,SPECIFIC,WHIL,SIGMAR1,0.0,0.0,0.0,1,5.460144413937834
SPECIFIC_WHIL,SPECIFIC,WHIL,SIRT2,0.0073816188077957335,0.00042463775794762774,2.0,6,4.207381445442466
SPECIFIC_WHIL,SPECIFIC,WHIL,SIRT3,0.006735979885167464,0.00038749649236790874,1.0,2,5.054679305829669
SPECIFIC_WHIL,SPECIFIC,WHIL,SLC15A2,0.005945409790860389,0.00034201786212592687,1.0,2,5.054679305829669
SPECIFIC_WHIL,SPECIFIC,WHIL,SLC1A1,0.004125280485176354,0.00023731242451592932,2.0,5,4.361532125269724
SPECIFIC_WHIL,SPECIFIC,WHIL,SLC22A1,0.030529670799346292,0.001756261234381573,14.0,28,2.7859957645113047
SPECIFIC_WHIL,SPECIFIC,WHIL,SLC22A12,0.029651454586732438,0.0017057406408332095,4.0,4,4.543853682063679
SPECIFIC_WHIL,SPECIFIC,WHIL,SLC28A1,0.0695752948765378,0.004002414374705495,17.0,31,2.6875556916980523
SPECIFIC_WHIL,SPECIFIC,WHIL,SLC28A2,0.0695752948765378,0.004002414374705495,17.0,31,2.6875556916980523
SPECIFIC_WHIL,SPECIFIC,WHIL,SLC28A3,0.07085845169968912,0.004076229732916993,18.0,33,2.6269310698816177
SPECIFIC_WHIL,SPECIFIC,WHIL,SLC47A1,0.006211579605345996,0.00035732964619382505,2.0,9,3.850706501503733
SPECIFIC_WHIL,SPECIFIC,WHIL,SLC5A1,0.007892802831814089,0.00045404432085880856,3.0,11,3.6683849447097785
SPECIFIC_WHIL,SPECIFIC,WHIL,SLC5A2,0.008080014275829578,0.00046481391624416204,3.0,10,3.755396321699408
SPECIFIC_WHIL,SPECIFIC,WHIL,SLC6A15,0.0,0.0,0.0,1,5.460144413937834
SPECIFIC_WHIL,SPECIFIC,WHIL,SLC6A2,0.0,0.0,0.0,2,5.054679305829669
SPECIFIC_WHIL,SPECIFIC,WHIL,SLC6A3,0.0,0.0,0.0,2,5.054679305829669
SPECIFIC_WHIL,SPECIFIC,WHIL,SLC6A4,0.0,0.0,0.0,2,5.054679305829669
SPECIFIC_WHIL,SPECIFIC,WHIL,SLCO1B1,0.0781272774741352,0.0044943789167400505,39.0,81,1.746572347233526
SPECIFIC_WHIL,SPECIFIC,WHIL,SLCO1B3,0.07758506752836654,0.004463187545077111,39.0,82,1.734450986701181
SPECIFIC_WHIL,SPECIFIC,WHIL,SLCO2B1,0.0781272774741352,0.0044943789167400505,39.0,81,1.746572347233526
SPECIFIC_WHIL,SPECIFIC,WHIL,SMAD3,0.024463905861283296,0.0014073197771478092,9.0,12,3.588342237036242
SPECIFIC_WHIL,SPECIFIC,WHIL,SOAT1,0.0713460965038217,0.004104282169881496,27.0,52,2.182999680945657
SPECIFIC_WHIL,SPECIFIC,WHIL,SOAT2,0.009419437332549702,0.0005418660668033746,2.0,2,5.054679305829669
SPECIFIC_WHIL,SPECIFIC,WHIL,SRC,0.07069771136759102,0.00406698292459335,40.0,66,1.948598975106813
SPECIFIC_WHIL,SPECIFIC,WHIL,STAT3,0.020912503676703522,0.0012030204898915234,8.0,19,3.157559320943788
SPECIFIC_WHIL,SPECIFIC,WHIL,SYK,0.07589496099593683,0.004365961846038622,41.0,69,1.90479635244842
SPECIFIC_WHIL,SPECIFIC,WHIL,TAS2R31,0.0,0.0,0.0,2,5.054679305829669
SPECIFIC_WHIL,SPECIFIC,WHIL,TBXAS1,0.025194293130425566,0.0014493363077324709,10.0,16,3.3200782504415627
SPECIFIC_WHIL,SPECIFIC,WHIL,TEK,0.02528355534754318,0.0014544712393420832,9.0,11,3.6683849447097785
SPECIFIC_WHIL,SPECIFIC,WHIL,TERT,0.08478521932766289,0.004877386164180389,36.0,67,1.9337838893216723
SPECIFIC_WHIL,SPECIFIC,WHIL,TGM2,0.011298008703142057,0.0006499334644466225,1.0,4,4.543853682063679
SPECIFIC_WHIL,SPECIFIC,WHIL,THRA,0.0,0.0,0.0,1,5.460144413937834
SPECIFIC_WHIL,SPECIFIC,WHIL,THRB,0.10484742316016703,0.006031491987949798,53.0,104,1.4993312443402556
SPECIFIC_WHIL,SPECIFIC,WHIL,TLR2,0.056883202967822774,0.003272284359580618,32.0,63,1.9944085111381071
SPECIFIC_WHIL,SPECIFIC,WHIL,TNKS,0.05590594564735996,0.003216066290305492,23.0,42,2.3920914788042165
SPECIFIC_WHIL,SPECIFIC,WHIL,TNKS2,0.05590594564735996,0.003216066290305492,23.0,42,2.3920914788042165
SPECIFIC_WHIL,SPECIFIC,WHIL,TOP1,0.13340227440942687,0.007674149016000068,29.0,50,2.221465961773453
SPECIFIC_WHIL,SPECIFIC,WHIL,TOP2A,0.13511174646645538,0.007772488743432766,45.0,83,1.7224747956544653
SPECIFIC_WHIL,SPECIFIC,WHIL,TRPV1,0.05078504109319296,0.0029214792240851734,17.0,37,2.515705434771393
SPECIFIC_WHIL,SPECIFIC,WHIL,TTR,0.08342741687496803,0.0047992767136301635,37.0,64,1.9789043246021416
SPECIFIC_WHIL,SPECIFIC,WHIL,TUBB3,0.029214594581598204,0.0016806096691659546,1.0,1,5.460144413937834
SPECIFIC_WHIL,SPECIFIC,WHIL,TYR,0.10707972310454035,0.006159908107520238,42.0,77,1.7965827678081872
SPECIFIC_WHIL,SPECIFIC,WHIL,UBE2N,0.011059177533988357,0.0006361943734913525,5.0,14,3.445241393395569
SPECIFIC_WHIL,SPECIFIC,WHIL,UGT1A1,0.10159505469462814,0.005844395025997842,54.0,109,1.4528112287053627
SPECIFIC_WHIL,SPECIFIC,WHIL,VCP,0.0,0.0,0.0,4,4.543853682063679
SPECIFIC_WHIL,SPECIFIC,WHIL,VDR,0.00283749835320112,0.00016323098906311775,1.0,3,4.7669972333778885
SPECIFIC_WHIL,SPECIFIC,WHIL,XDH,0.06567425865908641,0.003778001909610225,39.0,73,1.849226501293609
SPECIFIC_WHIL,SPECIFIC,WHIL,XIAP,0.0,0.0,0.0,2,5.054679305829669
SPECIFIC_WHIL,SPECIFIC,WHIL,XPO1,0.00632519457114954,0.000363865503111438,4.0,11,3.6683849447097785
