herb_raw,target_raw,canonical_name,target_id
一枝蒿,ACHE,一枝蒿,ACHE
一枝蒿,AKR1B1,一枝蒿,AKR1B1
一枝蒿,AKR1B10,一枝蒿,AKR1B10
一枝蒿,AKR1C2,一枝蒿,AKR1C2
一枝蒿,AKR1C3,一枝蒿,AKR1C3
一枝蒿,AKR1C4,一枝蒿,AKR1C4
一枝蒿,ALOX5,一枝蒿,ALOX5
一枝蒿,APEX1,一枝蒿,APEX1
一枝蒿,APP,一枝蒿,APP
一枝蒿,CA1,一枝蒿,CA1
一枝蒿,CA12,一枝蒿,CA12
一枝蒿,CA14,一枝蒿,CA14
一枝蒿,CA2,一枝蒿,CA2
一枝蒿,CA3,一枝蒿,CA3
一枝蒿,CA4,一枝蒿,CA4
一枝蒿,CA5A,一枝蒿,CA5A
一枝蒿,CA5B,一枝蒿,CA5B
一枝蒿,CA6,一枝蒿,CA6
一枝蒿,CA7,一枝蒿,CA7
一枝蒿,CA9,一枝蒿,CA9
一枝蒿,CYP2C9,一枝蒿,CYP2C9
一枝蒿,CYP2D6,一枝蒿,CYP2D6
一枝蒿,CYP3A4,一枝蒿,CYP3A4
一枝蒿,DPP4,一枝蒿,DPP4
一枝蒿,DUSP3,一枝蒿,DUSP3
一枝蒿,EGFR,一枝蒿,EGFR
一枝蒿,EHMT2,一枝蒿,EHMT2
一枝蒿,ESR1,一枝蒿,ESR1
一枝蒿,GAA,一枝蒿,GAA
一枝蒿,HCAR2,一枝蒿,HCAR2
一枝蒿,HIF1A,一枝蒿,HIF1A
一枝蒿,IDH1,一枝蒿,IDH1
一枝蒿,KDM4E,一枝蒿,KDM4E
一枝蒿,KMT2A,一枝蒿,KMT2A
一枝蒿,MAPK1,一枝蒿,MAPK1
一枝蒿,MAPT,一枝蒿,MAPT
一枝蒿,MMP1,一枝蒿,MMP1
一枝蒿,MMP2,一枝蒿,MMP2
一枝蒿,MMP9,一枝蒿,MMP9
一枝蒿,MPG,一枝蒿,MPG
一枝蒿,NFKB1,一枝蒿,NFKB1
一枝蒿,POLB,一枝蒿,POLB
一枝蒿,PTGS2,一枝蒿,PTGS2
一枝蒿,PTPN1,一枝蒿,PTPN1
一枝蒿,SOAT1,一枝蒿,SOAT1
一枝蒿,THRB,一枝蒿,THRB
一枝蒿,TTR,一枝蒿,TTR
一枝蒿,TYR,一枝蒿,TYR
丹参,ABCB1,丹参,ABCB1
丹参,ABCC1,丹参,ABCC1
丹参,ABCG2,丹参,ABCG2
丹参,ACHE,丹参,ACHE
丹参,ACP1,丹参,ACP1
丹参,ADORA3,丹参,ADORA3
丹参,ADRA2A,丹参,ADRA2A
丹参,AKR1B1,丹参,AKR1B1
丹参,AKR1B10,丹参,AKR1B10
丹参,AKR1C2,丹参,AKR1C2
丹参,AKR1C3,丹参,AKR1C3
丹参,AKR1C4,丹参,AKR1C4
丹参,AKT1,丹参,AKT1
丹参,ALK,丹参,ALK
丹参,ALOX12,丹参,ALOX12
丹参,ALOX15,丹参,ALOX15
丹参,ALOX5,丹参,ALOX5
丹参,ALPI,丹参,ALPI
丹参,ALPL,丹参,ALPL
丹参,AMY1A,丹参,AMY1A
丹参,AOX1,丹参,AOX1
丹参,APEX1,丹参,APEX1
丹参,APP,丹参,APP
丹参,AR,丹参,AR
丹参,AURKB,丹参,AURKB
丹参,AVPR2,丹参,AVPR2
丹参,AXL,丹参,AXL
丹参,BACE1,丹参,BACE1
丹参,BCHE,丹参,BCHE
丹参,BCL2,丹参,BCL2
丹参,BCL2L1,丹参,BCL2L1
丹参,CA1,丹参,CA1
丹参,CA12,丹参,CA12
丹参,CA13,丹参,CA13
丹参,CA14,丹参,CA14
丹参,CA2,丹参,CA2
丹参,CA3,丹参,CA3
丹参,CA4,丹参,CA4
丹参,CA5A,丹参,CA5A
丹参,CA5B,丹参,CA5B
丹参,CA6,丹参,CA6
丹参,CA7,丹参,CA7
丹参,CA9,丹参,CA9
丹参,CAMK2B,丹参,CAMK2B
丹参,CCR4,丹参,CCR4
丹参,CD38,丹参,CD38
丹参,CDC25B,丹参,CDC25B
丹参,CDK6,丹参,CDK6
丹参,CES1,丹参,CES1
丹参,CES2,丹参,CES2
丹参,CNR1,丹参,CNR1
丹参,CNR2,丹参,CNR2
丹参,CTSD,丹参,CTSD
丹参,CTSL,丹参,CTSL
丹参,CXCR1,丹参,CXCR1
丹参,CYP19A1,丹参,CYP19A1
丹参,CYP1A1,丹参,CYP1A1
丹参,CYP1A2,丹参,CYP1A2
丹参,CYP1B1,丹参,CYP1B1
丹参,CYP2B6,丹参,CYP2B6
丹参,CYP2C19,丹参,CYP2C19
丹参,CYP2C8,丹参,CYP2C8
丹参,CYP2C9,丹参,CYP2C9
丹参,CYP2D6,丹参,CYP2D6
丹参,CYP2J2,丹参,CYP2J2
丹参,CYP3A4,丹参,CYP3A4
丹参,DAPK1,丹参,DAPK1
丹参,DNMT1,丹参,DNMT1
丹参,DPP4,丹参,DPP4
丹参,DRD1,丹参,DRD1
丹参,DUSP3,丹参,DUSP3
丹参,EGFR,丹参,EGFR
丹参,EGLN1,丹参,EGLN1
丹参,EHMT2,丹参,EHMT2
丹参,EPHX2,丹参,EPHX2
丹参,ESR1,丹参,ESR1
丹参,ESR2,丹参,ESR2
丹参,ESRRA,丹参,ESRRA
丹参,ESRRB,丹参,ESRRB
丹参,F2,丹参,F2
丹参,F3,丹参,F3
丹参,FABP3,丹参,FABP3
丹参,FABP4,丹参,FABP4
丹参,FASN,丹参,FASN
丹参,FLT3,丹参,FLT3
丹参,FYN,丹参,FYN
丹参,GAA,丹参,GAA
丹参,GBA,丹参,GBA
丹参,GLO1,丹参,GLO1
丹参,GPR35,丹参,GPR35
丹参,GSK3B,丹参,GSK3B
丹参,HCAR2,丹参,HCAR2
丹参,HIF1A,丹参,HIF1A
丹参,HRH3,丹参,HRH3
丹参,HSD11B1,丹参,HSD11B1
丹参,HSD17B1,丹参,HSD17B1
丹参,HSD17B2,丹参,HSD17B2
丹参,HTR1A,丹参,HTR1A
丹参,HTR3A,丹参,HTR3A
丹参,HTR7,丹参,HTR7
丹参,IDH1,丹参,IDH1
丹参,IGF1R,丹参,IGF1R
丹参,KCNH2,丹参,KCNH2
丹参,KDM4E,丹参,KDM4E
丹参,KDR,丹参,KDR
丹参,KMT2A,丹参,KMT2A
丹参,MAP2K1,丹参,MAP2K1
丹参,MAPK1,丹参,MAPK1
丹参,MAPK14,丹参,MAPK14
丹参,MAPKAPK2,丹参,MAPKAPK2
丹参,MAPT,丹参,MAPT
丹参,MCL1,丹参,MCL1
丹参,MET,丹参,MET
丹参,MGLL,丹参,MGLL
丹参,MMP1,丹参,MMP1
丹参,MMP12,丹参,MMP12
丹参,MMP13,丹参,MMP13
丹参,MMP2,丹参,MMP2
丹参,MMP3,丹参,MMP3
丹参,MMP9,丹参,MMP9
丹参,MPG,丹参,MPG
丹参,NEK2,丹参,NEK2
丹参,NEK6,丹参,NEK6
丹参,NFKB1,丹参,NFKB1
丹参,NOS2,丹参,NOS2
丹参,NR1H4,丹参,NR1H4
丹参,NR1I2,丹参,NR1I2
丹参,NR3C1,丹参,NR3C1
丹参,NUAK1,丹参,NUAK1
丹参,ODC1,丹参,ODC1
丹参,OPRD1,丹参,OPRD1
丹参,OPRK1,丹参,OPRK1
丹参,PARP1,丹参,PARP1
丹参,PDE5A,丹参,PDE5A
丹参,PIK3CG,丹参,PIK3CG
丹参,PIM1,丹参,PIM1
丹参,PKN1,丹参,PKN1
丹参,PLG,丹参,PLG
丹参,PLK1,丹参,PLK1
丹参,POLB,丹参,POLB
丹参,PPARA,丹参,PPARA
丹参,PPARD,丹参,PPARD
丹参,PPARG,丹参,PPARG
丹参,PRKCA,丹参,PRKCA
丹参,PTGS1,丹参,PTGS1
丹参,PTGS2,丹参,PTGS2
丹参,PTK2,丹参,PTK2
丹参,PTPN1,丹参,PTPN1
丹参,PTPN11,丹参,PTPN11
丹参,PTPN2,丹参,PTPN2
丹参,PTPN6,丹参,PTPN6
丹参,PTPRF,丹参,PTPRF
丹参,PTPRS,丹参,PTPRS
丹参,PYGL,丹参,PYGL
丹参,RORC,丹参,RORC
丹参,SHBG,丹参,SHBG
丹参,SLC5A1,丹参,SLC5A1
丹参,SLC5A2,丹参,SLC5A2
丹参,SLC6A2,丹参,SLC6A2
丹参,SLC6A3,丹参,SLC6A3
丹参,SLC6A4,丹参,SLC6A4
丹参,SLCO1B1,丹参,SLCO1B1
丹参,SLCO1B3,丹参,SLCO1B3
丹参,SLCO2B1,丹参,SLCO2B1
丹参,SOAT1,丹参,SOAT1
丹参,SRC,丹参,SRC
丹参,STAT3,丹参,STAT3
丹参,SYK,丹参,SYK
丹参,TBXAS1,丹参,TBXAS1
丹参,TERT,丹参,TERT
丹参,THRB,丹参,THRB
丹参,TNKS,丹参,TNKS
丹参,TNKS2,丹参,TNKS2
丹参,TOP1,丹参,TOP1
丹参,TOP2A,丹参,TOP2A
丹参,TTR,丹参,TTR
丹参,TYR,丹参,TYR
丹参,UGT1A1,丹参,UGT1A1
丹参,XDH,丹参,XDH
乌梅,ABCC1,乌梅,ABCC1
乌梅,ABCG2,乌梅,ABCG2
乌梅,ACHE,乌梅,ACHE
乌梅,ADORA3,乌梅,ADORA3
乌梅,ADRA2B,乌梅,ADRA2B
乌梅,AKR1B1,乌梅,AKR1B1
乌梅,AKR1B10,乌梅,AKR1B10
乌梅,AKR1C2,乌梅,AKR1C2
乌梅,AKR1C3,乌梅,AKR1C3
乌梅,AKR1C4,乌梅,AKR1C4
乌梅,AKT1,乌梅,AKT1
乌梅,ALK,乌梅,ALK
乌梅,ALOX12,乌梅,ALOX12
乌梅,ALOX15,乌梅,ALOX15
乌梅,ALOX5,乌梅,ALOX5
乌梅,ALPI,乌梅,ALPI
乌梅,ALPL,乌梅,ALPL
乌梅,AMY1A,乌梅,AMY1A
乌梅,APEX1,乌梅,APEX1
乌梅,APP,乌梅,APP
乌梅,AR,乌梅,AR
乌梅,AURKB,乌梅,AURKB
乌梅,AVPR2,乌梅,AVPR2
乌梅,AXL,乌梅,AXL
乌梅,BACE1,乌梅,BACE1
乌梅,BCHE,乌梅,BCHE
乌梅,BCL2,乌梅,BCL2
乌梅,CA1,乌梅,CA1
乌梅,CA12,乌梅,CA12
乌梅,CA13,乌梅,CA13
乌梅,CA14,乌梅,CA14
乌梅,CA2,乌梅,CA2
乌梅,CA3,乌梅,CA3
乌梅,CA4,乌梅,CA4
乌梅,CA5A,乌梅,CA5A
乌梅,CA5B,乌梅,CA5B
乌梅,CA6,乌梅,CA6
乌梅,CA7,乌梅,CA7
乌梅,CA9,乌梅,CA9
乌梅,CAMK2B,乌梅,CAMK2B
乌梅,CBR1,乌梅,CBR1
乌梅,CCR4,乌梅,CCR4
乌梅,CD38,乌梅,CD38
乌梅,CDK6,乌梅,CDK6
乌梅,CES1,乌梅,CES1
乌梅,CES2,乌梅,CES2
乌梅,CTBP2,乌梅,CTBP2
乌梅,CTSL,乌梅,CTSL
乌梅,CXCL8,乌梅,CXCL8
乌梅,CXCR1,乌梅,CXCR1
乌梅,CYP19A1,乌梅,CYP19A1
乌梅,CYP1A1,乌梅,CYP1A1
乌梅,CYP1A2,乌梅,CYP1A2
乌梅,CYP1B1,乌梅,CYP1B1
乌梅,CYP2A6,乌梅,CYP2A6
乌梅,CYP2C19,乌梅,CYP2C19
乌梅,CYP2C8,乌梅,CYP2C8
乌梅,CYP2C9,乌梅,CYP2C9
乌梅,CYP2D6,乌梅,CYP2D6
乌梅,CYP2J2,乌梅,CYP2J2
乌梅,CYP3A4,乌梅,CYP3A4
乌梅,DAPK1,乌梅,DAPK1
乌梅,DPP4,乌梅,DPP4
乌梅,DRD1,乌梅,DRD1
乌梅,DUSP3,乌梅,DUSP3
乌梅,EGFR,乌梅,EGFR
乌梅,EGLN1,乌梅,EGLN1
乌梅,EHMT2,乌梅,EHMT2
乌梅,EPHX2,乌梅,EPHX2
乌梅,ESR1,乌梅,ESR1
乌梅,ESR2,乌梅,ESR2
乌梅,F2,乌梅,F2
乌梅,FABP2,乌梅,FABP2
乌梅,FABP3,乌梅,FABP3
乌梅,FABP4,乌梅,FABP4
乌梅,FABP5,乌梅,FABP5
乌梅,FASN,乌梅,FASN
乌梅,FLT3,乌梅,FLT3
乌梅,GAA,乌梅,GAA
乌梅,GBA,乌梅,GBA
乌梅,GLO1,乌梅,GLO1
乌梅,GPR35,乌梅,GPR35
乌梅,GSK3B,乌梅,GSK3B
乌梅,HCAR2,乌梅,HCAR2
乌梅,HIF1A,乌梅,HIF1A
乌梅,HSD11B1,乌梅,HSD11B1
乌梅,HSD17B1,乌梅,HSD17B1
乌梅,HSD17B2,乌梅,HSD17B2
乌梅,HTR1A,乌梅,HTR1A
乌梅,IDH1,乌梅,IDH1
乌梅,IGF1R,乌梅,IGF1R
乌梅,KDM4E,乌梅,KDM4E
乌梅,KDR,乌梅,KDR
乌梅,KMT2A,乌梅,KMT2A
乌梅,MAP2K1,乌梅,MAP2K1
乌梅,MAPK1,乌梅,MAPK1
乌梅,MAPK14,乌梅,MAPK14
乌梅,MAPKAPK2,乌梅,MAPKAPK2
乌梅,MAPT,乌梅,MAPT
乌梅,MET,乌梅,MET
乌梅,MMP1,乌梅,MMP1
乌梅,MMP12,乌梅,MMP12
乌梅,MMP13,乌梅,MMP13
乌梅,MMP2,乌梅,MMP2
乌梅,MMP3,乌梅,MMP3
乌梅,MMP9,乌梅,MMP9
乌梅,MPG,乌梅,MPG
乌梅,NEK2,乌梅,NEK2
乌梅,NEK6,乌梅,NEK6
乌梅,NFKB1,乌梅,NFKB1
乌梅,NUAK1,乌梅,NUAK1
乌梅,PDE5A,乌梅,PDE5A
乌梅,PIK3CG,乌梅,PIK3CG
乌梅,PIM1,乌梅,PIM1
乌梅,PKN1,乌梅,PKN1
乌梅,PLG,乌梅,PLG
乌梅,PLK1,乌梅,PLK1
乌梅,POLB,乌梅,POLB
乌梅,PPARA,乌梅,PPARA
乌梅,PPARD,乌梅,PPARD
乌梅,PPARG,乌梅,PPARG
乌梅,PRKCA,乌梅,PRKCA
乌梅,PTGS2,乌梅,PTGS2
乌梅,PTK2,乌梅,PTK2
乌梅,PTPN1,乌梅,PTPN1
乌梅,PYGL,乌梅,PYGL
乌梅,RORC,乌梅,RORC
乌梅,SHBG,乌梅,SHBG
乌梅,SLCO1B1,乌梅,SLCO1B1
乌梅,SLCO1B3,乌梅,SLCO1B3
乌梅,SLCO2B1,乌梅,SLCO2B1
乌梅,SRC,乌梅,SRC
乌梅,SYK,乌梅,SYK
乌梅,THRB,乌梅,THRB
乌梅,TLR2,乌梅,TLR2
乌梅,TOP2A,乌梅,TOP2A
乌梅,TTR,乌梅,TTR
乌梅,TYR,乌梅,TYR
乌梅,UBE2N,乌梅,UBE2N
乌梅,UGT1A1,乌梅,UGT1A1
乌梅,XDH,乌梅,XDH
五味子,ABCB11,五味子,ABCB11
五味子,ABCC1,五味子,ABCC1
五味子,ABCG2,五味子,ABCG2
五味子,ACHE,五味子,ACHE
五味子,ADORA3,五味子,ADORA3
五味子,ADRA2B,五味子,ADRA2B
五味子,AKR1B1,五味子,AKR1B1
五味子,AKR1B10,五味子,AKR1B10
五味子,AKR1C2,五味子,AKR1C2
五味子,AKR1C3,五味子,AKR1C3
五味子,AKR1C4,五味子,AKR1C4
五味子,AKT1,五味子,AKT1
五味子,ALK,五味子,ALK
五味子,ALOX12,五味子,ALOX12
五味子,ALOX15,五味子,ALOX15
五味子,ALOX5,五味子,ALOX5
五味子,ALPI,五味子,ALPI
五味子,ALPL,五味子,ALPL
五味子,AMY1A,五味子,AMY1A
五味子,APEX1,五味子,APEX1
五味子,APP,五味子,APP
五味子,AR,五味子,AR
五味子,ATR,五味子,ATR
五味子,AURKB,五味子,AURKB
五味子,AVPR2,五味子,AVPR2
五味子,AXL,五味子,AXL
五味子,BACE1,五味子,BACE1
五味子,BCHE,五味子,BCHE
五味子,CA1,五味子,CA1
五味子,CA12,五味子,CA12
五味子,CA14,五味子,CA14
五味子,CA2,五味子,CA2
五味子,CA3,五味子,CA3
五味子,CA4,五味子,CA4
五味子,CA5A,五味子,CA5A
五味子,CA5B,五味子,CA5B
五味子,CA6,五味子,CA6
五味子,CA7,五味子,CA7
五味子,CA9,五味子,CA9
五味子,CAMK2B,五味子,CAMK2B
五味子,CCR4,五味子,CCR4
五味子,CD38,五味子,CD38
五味子,CDK6,五味子,CDK6
五味子,CTBP2,五味子,CTBP2
五味子,CTSL,五味子,CTSL
五味子,CXCR1,五味子,CXCR1
五味子,CYP19A1,五味子,CYP19A1
五味子,CYP1A1,五味子,CYP1A1
五味子,CYP1A2,五味子,CYP1A2
五味子,CYP1B1,五味子,CYP1B1
五味子,CYP2A6,五味子,CYP2A6
五味子,CYP2C19,五味子,CYP2C19
五味子,CYP2C8,五味子,CYP2C8
五味子,CYP2C9,五味子,CYP2C9
五味子,CYP2D6,五味子,CYP2D6
五味子,CYP2J2,五味子,CYP2J2
五味子,CYP3A4,五味子,CYP3A4
五味子,DAO,五味子,DAO
五味子,DAPK1,五味子,DAPK1
五味子,DPP4,五味子,DPP4
五味子,DRD1,五味子,DRD1
五味子,EGFR,五味子,EGFR
五味子,EHMT2,五味子,EHMT2
五味子,EPHX2,五味子,EPHX2
五味子,ESR1,五味子,ESR1
五味子,ESR2,五味子,ESR2
五味子,F2,五味子,F2
五味子,FLT3,五味子,FLT3
五味子,GAA,五味子,GAA
五味子,GBA,五味子,GBA
五味子,GLO1,五味子,GLO1
五味子,GPR35,五味子,GPR35
五味子,GRM5,五味子,GRM5
五味子,GSK3B,五味子,GSK3B
五味子,HCAR2,五味子,HCAR2
五味子,HIF1A,五味子,HIF1A
五味子,HSD11B1,五味子,HSD11B1
五味子,HSD17B1,五味子,HSD17B1
五味子,HSD17B2,五味子,HSD17B2
五味子,HTR1A,五味子,HTR1A
五味子,IDH1,五味子,IDH1
五味子,IDO1,五味子,IDO1
五味子,IGF1R,五味子,IGF1R
五味子,KDM4E,五味子,KDM4E
五味子,KDR,五味子,KDR
五味子,KMT2A,五味子,KMT2A
五味子,MAP2K1,五味子,MAP2K1
五味子,MAPK1,五味子,MAPK1
五味子,MAPK14,五味子,MAPK14
五味子,MAPKAPK2,五味子,MAPKAPK2
五味子,MAPT,五味子,MAPT
五味子,MET,五味子,MET
五味子,MMP1,五味子,MMP1
五味子,MMP12,五味子,MMP12
五味子,MMP13,五味子,MMP13
五味子,MMP2,五味子,MMP2
五味子,MMP3,五味子,MMP3
五味子,MMP9,五味子,MMP9
五味子,MPG,五味子,MPG
五味子,NEK2,五味子,NEK2
五味子,NEK6,五味子,NEK6
五味子,NFKB1,五味子,NFKB1
五味子,NR3C1,五味子,NR3C1
五味子,NUAK1,五味子,NUAK1
五味子,PDE5A,五味子,PDE5A
五味子,PIK3CG,五味子,PIK3CG
五味子,PIM1,五味子,PIM1
五味子,PKN1,五味子,PKN1
五味子,PLG,五味子,PLG
五味子,PLK1,五味子,PLK1
五味子,POLA1,五味子,POLA1
五味子,POLB,五味子,POLB
五味子,PPARG,五味子,PPARG
五味子,PRKCA,五味子,PRKCA
五味子,PTGS1,五味子,PTGS1
五味子,PTGS2,五味子,PTGS2
五味子,PTK2,五味子,PTK2
五味子,PTPN1,五味子,PTPN1
五味子,PTPN6,五味子,PTPN6
五味子,PTPRF,五味子,PTPRF
五味子,PYGL,五味子,PYGL
五味子,RORC,五味子,RORC
五味子,RXRA,五味子,RXRA
五味子,SHBG,五味子,SHBG
五味子,SLCO1B1,五味子,SLCO1B1
五味子,SLCO1B3,五味子,SLCO1B3
五味子,SLCO2B1,五味子,SLCO2B1
五味子,SRC,五味子,SRC
五味子,STAT3,五味子,STAT3
五味子,SYK,五味子,SYK
五味子,THRB,五味子,THRB
五味子,TOP2A,五味子,TOP2A
五味子,TRPV1,五味子,TRPV1
五味子,TTR,五味子,TTR
五味子,TYR,五味子,TYR
五味子,UGT1A1,五味子,UGT1A1
五味子,XDH,五味子,XDH
五指毛桃,ACHE,五指毛桃,ACHE
五指毛桃,ADORA1,五指毛桃,ADORA1
五指毛桃,ADORA2A,五指毛桃,ADORA2A
五指毛桃,ADORA2B,五指毛桃,ADORA2B
五指毛桃,ADORA3,五指毛桃,ADORA3
五指毛桃,AKR1B1,五指毛桃,AKR1B1
五指毛桃,AKR1B10,五指毛桃,AKR1B10
五指毛桃,AKT1,五指毛桃,AKT1
五指毛桃,ALK,五指毛桃,ALK
五指毛桃,ALOX5,五指毛桃,ALOX5
五指毛桃,ALPI,五指毛桃,ALPI
五指毛桃,ALPL,五指毛桃,ALPL
五指毛桃,AMY1A,五指毛桃,AMY1A
五指毛桃,APEX1,五指毛桃,APEX1
五指毛桃,APP,五指毛桃,APP
五指毛桃,AURKB,五指毛桃,AURKB
五指毛桃,AXL,五指毛桃,AXL
五指毛桃,BACE1,五指毛桃,BACE1
五指毛桃,BCHE,五指毛桃,BCHE
五指毛桃,BCL2,五指毛桃,BCL2
五指毛桃,CA1,五指毛桃,CA1
五指毛桃,CA12,五指毛桃,CA12
五指毛桃,CA14,五指毛桃,CA14
五指毛桃,CA2,五指毛桃,CA2
五指毛桃,CA4,五指毛桃,CA4
五指毛桃,CA6,五指毛桃,CA6
五指毛桃,CA7,五指毛桃,CA7
五指毛桃,CA9,五指毛桃,CA9
五指毛桃,CTSL,五指毛桃,CTSL
五指毛桃,CYP19A1,五指毛桃,CYP19A1
五指毛桃,CYP1A2,五指毛桃,CYP1A2
五指毛桃,CYP2A6,五指毛桃,CYP2A6
五指毛桃,CYP2B6,五指毛桃,CYP2B6
五指毛桃,CYP2C19,五指毛桃,CYP2C19
五指毛桃,CYP2C8,五指毛桃,CYP2C8
五指毛桃,CYP2C9,五指毛桃,CYP2C9
五指毛桃,CYP2D6,五指毛桃,CYP2D6
五指毛桃,CYP3A4,五指毛桃,CYP3A4
五指毛桃,DAPK1,五指毛桃,DAPK1
五指毛桃,DRD2,五指毛桃,DRD2
五指毛桃,DRD3,五指毛桃,DRD3
五指毛桃,EHMT2,五指毛桃,EHMT2
五指毛桃,ESR1,五指毛桃,ESR1
五指毛桃,F2,五指毛桃,F2
五指毛桃,FASN,五指毛桃,FASN
五指毛桃,GAA,五指毛桃,GAA
五指毛桃,GLRA1,五指毛桃,GLRA1
五指毛桃,HDAC1,五指毛桃,HDAC1
五指毛桃,HDAC10,五指毛桃,HDAC10
五指毛桃,HDAC2,五指毛桃,HDAC2
五指毛桃,HDAC3,五指毛桃,HDAC3
五指毛桃,HDAC6,五指毛桃,HDAC6
五指毛桃,HDAC8,五指毛桃,HDAC8
五指毛桃,HIF1A,五指毛桃,HIF1A
五指毛桃,IDO1,五指毛桃,IDO1
五指毛桃,IGF1R,五指毛桃,IGF1R
五指毛桃,KCNH2,五指毛桃,KCNH2
五指毛桃,KDM4E,五指毛桃,KDM4E
五指毛桃,KDR,五指毛桃,KDR
五指毛桃,KMT2A,五指毛桃,KMT2A
五指毛桃,MAOA,五指毛桃,MAOA
五指毛桃,MAOB,五指毛桃,MAOB
五指毛桃,MAP2K1,五指毛桃,MAP2K1
五指毛桃,MAPK1,五指毛桃,MAPK1
五指毛桃,MAPT,五指毛桃,MAPT
五指毛桃,MET,五指毛桃,MET
五指毛桃,MMP1,五指毛桃,MMP1
五指毛桃,MMP2,五指毛桃,MMP2
五指毛桃,MMP3,五指毛桃,MMP3
五指毛桃,MMP9,五指毛桃,MMP9
五指毛桃,NEK2,五指毛桃,NEK2
五指毛桃,NEK6,五指毛桃,NEK6
五指毛桃,NFKB1,五指毛桃,NFKB1
五指毛桃,NUAK1,五指毛桃,NUAK1
五指毛桃,PIK3CA,五指毛桃,PIK3CA
五指毛桃,PIK3CB,五指毛桃,PIK3CB
五指毛桃,PIK3CG,五指毛桃,PIK3CG
五指毛桃,PIM1,五指毛桃,PIM1
五指毛桃,PKN1,五指毛桃,PKN1
五指毛桃,PLK1,五指毛桃,PLK1
五指毛桃,POLB,五指毛桃,POLB
五指毛桃,PTK2,五指毛桃,PTK2
五指毛桃,PTPN1,五指毛桃,PTPN1
五指毛桃,SLC22A1,五指毛桃,SLC22A1
五指毛桃,SLCO1B1,五指毛桃,SLCO1B1
五指毛桃,SLCO1B3,五指毛桃,SLCO1B3
五指毛桃,SLCO2B1,五指毛桃,SLCO2B1
五指毛桃,SRC,五指毛桃,SRC
人参,ABCB1,人参,ABCB1
人参,ABCB11,人参,ABCB11
人参,ABCC1,人参,ABCC1
人参,ABCG2,人参,ABCG2
人参,ACHE,人参,ACHE
人参,ACP1,人参,ACP1
人参,ADORA1,人参,ADORA1
人参,ADORA2A,人参,ADORA2A
人参,ADORA2B,人参,ADORA2B
人参,ADORA3,人参,ADORA3
人参,AKR1B1,人参,AKR1B1
人参,AKR1B10,人参,AKR1B10
人参,AKR1C2,人参,AKR1C2
人参,AKR1C3,人参,AKR1C3
人参,AKR1C4,人参,AKR1C4
人参,AKT1,人参,AKT1
人参,ALK,人参,ALK
人参,ALOX12,人参,ALOX12
人参,ALOX15,人参,ALOX15
人参,ALOX5,人参,ALOX5
人参,AMY1A,人参,AMY1A
人参,APEX1,人参,APEX1
人参,APP,人参,APP
人参,AR,人参,AR
人参,ATR,人参,ATR
人参,AURKB,人参,AURKB
人参,AVPR2,人参,AVPR2
人参,AXL,人参,AXL
人参,BACE1,人参,BACE1
人参,BCHE,人参,BCHE
人参,BCL2L1,人参,BCL2L1
人参,BCR,人参,BCR
人参,CA1,人参,CA1
人参,CA12,人参,CA12
人参,CA13,人参,CA13
人参,CA14,人参,CA14
人参,CA2,人参,CA2
人参,CA3,人参,CA3
人参,CA4,人参,CA4
人参,CA5A,人参,CA5A
人参,CA5B,人参,CA5B
人参,CA6,人参,CA6
人参,CA7,人参,CA7
人参,CA9,人参,CA9
人参,CAMK2B,人参,CAMK2B
人参,CCR4,人参,CCR4
人参,CD38,人参,CD38
人参,CDC25B,人参,CDC25B
人参,CDK6,人参,CDK6
人参,CTBP2,人参,CTBP2
人参,CTSL,人参,CTSL
人参,CXCL8,人参,CXCL8
人参,CXCR1,人参,CXCR1
人参,CYP19A1,人参,CYP19A1
人参,CYP1A1,人参,CYP1A1
人参,CYP1A2,人参,CYP1A2
人参,CYP1B1,人参,CYP1B1
人参,CYP2A6,人参,CYP2A6
人参,CYP2C19,人参,CYP2C19
人参,CYP2C8,人参,CYP2C8
人参,CYP2C9,人参,CYP2C9
人参,CYP2D6,人参,CYP2D6
人参,CYP2J2,人参,CYP2J2
人参,CYP3A4,人参,CYP3A4
人参,DAO,人参,DAO
人参,DAPK1,人参,DAPK1
人参,DPP4,人参,DPP4
人参,DRD1,人参,DRD1
人参,DUSP3,人参,DUSP3
人参,EGFR,人参,EGFR
人参,EGLN1,人参,EGLN1
人参,EHMT2,人参,EHMT2
人参,EPHX2,人参,EPHX2
人参,ERBB2,人参,ERBB2
人参,ERN1,人参,ERN1
人参,ESR1,人参,ESR1
人参,ESR2,人参,ESR2
人参,ESRRA,人参,ESRRA
人参,F2,人参,F2
人参,F3,人参,F3
人参,FABP2,人参,FABP2
人参,FABP3,人参,FABP3
人参,FABP4,人参,FABP4
人参,FABP5,人参,FABP5
人参,FLT3,人参,FLT3
人参,GAA,人参,GAA
人参,GBA,人参,GBA
人参,GLO1,人参,GLO1
人参,GPR35,人参,GPR35
人参,GSK3B,人参,GSK3B
人参,HCAR2,人参,HCAR2
人参,HIF1A,人参,HIF1A
人参,HMGCR,人参,HMGCR
人参,HSD11B1,人参,HSD11B1
人参,HSD17B1,人参,HSD17B1
人参,HSD17B2,人参,HSD17B2
人参,HSP90AB1,人参,HSP90AB1
人参,HSPA8,人参,HSPA8
人参,HTR1A,人参,HTR1A
人参,HTR7,人参,HTR7
人参,IDH1,人参,IDH1
人参,IDO1,人参,IDO1
人参,IGF1R,人参,IGF1R
人参,KCNH2,人参,KCNH2
人参,KDM4E,人参,KDM4E
人参,KDR,人参,KDR
人参,KMT2A,人参,KMT2A
人参,LDHA,人参,LDHA
人参,MAOA,人参,MAOA
人参,MAOB,人参,MAOB
人参,MAP2K1,人参,MAP2K1
人参,MAPK1,人参,MAPK1
人参,MAPK14,人参,MAPK14
人参,MAPK9,人参,MAPK9
人参,MAPKAPK2,人参,MAPKAPK2
人参,MAPT,人参,MAPT
人参,MET,人参,MET
人参,MGLL,人参,MGLL
人参,MMP1,人参,MMP1
人参,MMP12,人参,MMP12
人参,MMP13,人参,MMP13
人参,MMP2,人参,MMP2
人参,MMP3,人参,MMP3
人参,MMP9,人参,MMP9
人参,MPG,人参,MPG
人参,NEK2,人参,NEK2
人参,NEK6,人参,NEK6
人参,NFKB1,人参,NFKB1
人参,NOS2,人参,NOS2
人参,NQO2,人参,NQO2
人参,NR1H4,人参,NR1H4
人参,NR1I2,人参,NR1I2
人参,NUAK1,人参,NUAK1
人参,ODC1,人参,ODC1
人参,PDE4B,人参,PDE4B
人参,PDE4D,人参,PDE4D
人参,PDE5A,人参,PDE5A
人参,PIK3CA,人参,PIK3CA
人参,PIK3CB,人参,PIK3CB
人参,PIK3CG,人参,PIK3CG
人参,PIM1,人参,PIM1
人参,PKN1,人参,PKN1
人参,PLG,人参,PLG
人参,PLK1,人参,PLK1
人参,PNP,人参,PNP
人参,POLB,人参,POLB
人参,PPARA,人参,PPARA
人参,PPARD,人参,PPARD
人参,PPARG,人参,PPARG
人参,PRKCA,人参,PRKCA
人参,PTGS1,人参,PTGS1
人参,PTGS2,人参,PTGS2
人参,PTK2,人参,PTK2
人参,PTPN1,人参,PTPN1
人参,PTPN11,人参,PTPN11
人参,PTPN2,人参,PTPN2
人参,PTPN6,人参,PTPN6
人参,PTPRF,人参,PTPRF
人参,PTPRS,人参,PTPRS
人参,PYGL,人参,PYGL
人参,RORC,人参,RORC
人参,SIRT2,人参,SIRT2
人参,SLC28A1,人参,SLC28A1
人参,SLC28A2,人参,SLC28A2
人参,SLC28A3,人参,SLC28A3
人参,SLC47A1,人参,SLC47A1
人参,SLCO1B1,人参,SLCO1B1
人参,SLCO1B3,人参,SLCO1B3
人参,SLCO2B1,人参,SLCO2B1
人参,SOAT1,人参,SOAT1
人参,SRC,人参,SRC
人参,STAT3,人参,STAT3
人参,SYK,人参,SYK
人参,TBXAS1,人参,TBXAS1
人参,TERT,人参,TERT
人参,THRB,人参,THRB
人参,TLR2,人参,TLR2
人参,TOP1,人参,TOP1
人参,TOP2A,人参,TOP2A
人参,TTR,人参,TTR
人参,TYR,人参,TYR
人参,UGT1A1,人参,UGT1A1
人参,XDH,人参,XDH
仙鹤草,ABCB1,仙鹤草,ABCB1
仙鹤草,AKR1B1,仙鹤草,AKR1B1
仙鹤草,AKT1,仙鹤草,AKT1
仙鹤草,ALOX15,仙鹤草,ALOX15
仙鹤草,APEX1,仙鹤草,APEX1
仙鹤草,AURKA,仙鹤草,AURKA
仙鹤草,AURKB,仙鹤草,AURKB
仙鹤草,BACE1,仙鹤草,BACE1
仙鹤草,BRAF,仙鹤草,BRAF
仙鹤草,CA1,仙鹤草,CA1
仙鹤草,CA12,仙鹤草,CA12
仙鹤草,CA13,仙鹤草,CA13
仙鹤草,CA14,仙鹤草,CA14
仙鹤草,CA2,仙鹤草,CA2
仙鹤草,CA3,仙鹤草,CA3
仙鹤草,CA4,仙鹤草,CA4
仙鹤草,CA5A,仙鹤草,CA5A
仙鹤草,CA5B,仙鹤草,CA5B
仙鹤草,CA6,仙鹤草,CA6
仙鹤草,CA7,仙鹤草,CA7
仙鹤草,CA9,仙鹤草,CA9
仙鹤草,CARM1,仙鹤草,CARM1
仙鹤草,CSNK2A1,仙鹤草,CSNK2A1
仙鹤草,CXCL8,仙鹤草,CXCL8
仙鹤草,CYP19A1,仙鹤草,CYP19A1
仙鹤草,CYP2C19,仙鹤草,CYP2C19
仙鹤草,CYP2C9,仙鹤草,CYP2C9
仙鹤草,CYP2D6,仙鹤草,CYP2D6
仙鹤草,CYP3A4,仙鹤草,CYP3A4
仙鹤草,DUSP3,仙鹤草,DUSP3
仙鹤草,DYRK1A,仙鹤草,DYRK1A
仙鹤草,EGFR,仙鹤草,EGFR
仙鹤草,EHMT2,仙鹤草,EHMT2
仙鹤草,EPHB4,仙鹤草,EPHB4
仙鹤草,EPHX2,仙鹤草,EPHX2
仙鹤草,ERBB2,仙鹤草,ERBB2
仙鹤草,ESR1,仙鹤草,ESR1
仙鹤草,FLT3,仙鹤草,FLT3
仙鹤草,FLT4,仙鹤草,FLT4
仙鹤草,FUT7,仙鹤草,FUT7
仙鹤草,GAA,仙鹤草,GAA
仙鹤草,GBA,仙鹤草,GBA
仙鹤草,GPR35,仙鹤草,GPR35
仙鹤草,GSK3B,仙鹤草,GSK3B
仙鹤草,GSTP1,仙鹤草,GSTP1
仙鹤草,HIF1A,仙鹤草,HIF1A
仙鹤草,HSPA1A,仙鹤草,HSPA1A
仙鹤草,HSPA8,仙鹤草,HSPA8
仙鹤草,IDH1,仙鹤草,IDH1
仙鹤草,IGF1R,仙鹤草,IGF1R
仙鹤草,INSR,仙鹤草,INSR
仙鹤草,KDM4E,仙鹤草,KDM4E
仙鹤草,KDR,仙鹤草,KDR
仙鹤草,KMT2A,仙鹤草,KMT2A
仙鹤草,MAP3K8,仙鹤草,MAP3K8
仙鹤草,MAPK1,仙鹤草,MAPK1
仙鹤草,MAPT,仙鹤草,MAPT
仙鹤草,MCL1,仙鹤草,MCL1
仙鹤草,MET,仙鹤草,MET
仙鹤草,NUAK1,仙鹤草,NUAK1
仙鹤草,PDGFRB,仙鹤草,PDGFRB
仙鹤草,PLG,仙鹤草,PLG
仙鹤草,PLK1,仙鹤草,PLK1
仙鹤草,PLK4,仙鹤草,PLK4
仙鹤草,POLB,仙鹤草,POLB
仙鹤草,PPARA,仙鹤草,PPARA
仙鹤草,PPARD,仙鹤草,PPARD
仙鹤草,PPARG,仙鹤草,PPARG
仙鹤草,PTK2,仙鹤草,PTK2
仙鹤草,PTPN1,仙鹤草,PTPN1
仙鹤草,SMAD3,仙鹤草,SMAD3
仙鹤草,SRC,仙鹤草,SRC
仙鹤草,TEK,仙鹤草,TEK
仙鹤草,THRB,仙鹤草,THRB
仙鹤草,UGT1A1,仙鹤草,UGT1A1
仙鹤草,XPO1,仙鹤草,XPO1
佩兰,ALOX15,佩兰,ALOX15
佩兰,AR,佩兰,AR
佩兰,CA1,佩兰,CA1
佩兰,CA12,佩兰,CA12
佩兰,CA13,佩兰,CA13
佩兰,CA14,佩兰,CA14
佩兰,CA2,佩兰,CA2
佩兰,CA3,佩兰,CA3
佩兰,CA4,佩兰,CA4
佩兰,CA5A,佩兰,CA5A
佩兰,CA5B,佩兰,CA5B
佩兰,CA6,佩兰,CA6
佩兰,CA7,佩兰,CA7
佩兰,CA9,佩兰,CA9
佩兰,CXCL8,佩兰,CXCL8
佩兰,CYP2A6,佩兰,CYP2A6
佩兰,CYP3A4,佩兰,CYP3A4
佩兰,ESR1,佩兰,ESR1
佩兰,HCAR2,佩兰,HCAR2
佩兰,MAPT,佩兰,MAPT
佩兰,TRPV1,佩兰,TRPV1
佩兰,UGT1A1,佩兰,UGT1A1
侧柏叶,APEX1,侧柏叶,APEX1
侧柏叶,CBR1,侧柏叶,CBR1
侧柏叶,MAPT,侧柏叶,MAPT
侧柏叶,MCL1,侧柏叶,MCL1
侧柏叶,PLA2G2A,侧柏叶,PLA2G2A
侧柏叶,PTPN1,侧柏叶,PTPN1
侧柏叶,THRB,侧柏叶,THRB
侧柏叶,VCP,侧柏叶,VCP
党参,ABCC1,党参,ABCC1
党参,ABCG2,党参,ABCG2
党参,ACHE,党参,ACHE
党参,ADORA1,党参,ADORA1
党参,ADORA2A,党参,ADORA2A
党参,ADORA2B,党参,ADORA2B
党参,ADORA3,党参,ADORA3
党参,AKR1B1,党参,AKR1B1
党参,AKR1B10,党参,AKR1B10
党参,AKT1,党参,AKT1
党参,ALK,党参,ALK
党参,ALOX12,党参,ALOX12
党参,ALOX15,党参,ALOX15
党参,ALOX5,党参,ALOX5
党参,ALPI,党参,ALPI
党参,ALPL,党参,ALPL
党参,AMY1A,党参,AMY1A
党参,APEX1,党参,APEX1
党参,APOBEC3G,党参,APOBEC3G
党参,APP,党参,APP
党参,AR,党参,AR
党参,AURKB,党参,AURKB
党参,AVPR2,党参,AVPR2
党参,AXL,党参,AXL
党参,BACE1,党参,BACE1
党参,BCHE,党参,BCHE
党参,CA1,党参,CA1
党参,CA12,党参,CA12
党参,CA13,党参,CA13
党参,CA14,党参,CA14
党参,CA2,党参,CA2
党参,CA3,党参,CA3
党参,CA4,党参,CA4
党参,CA5A,党参,CA5A
党参,CA5B,党参,CA5B
党参,CA6,党参,CA6
党参,CA7,党参,CA7
党参,CA9,党参,CA9
党参,CAMK2B,党参,CAMK2B
党参,CCR4,党参,CCR4
党参,CD38,党参,CD38
党参,CDK6,党参,CDK6
党参,CXCL8,党参,CXCL8
党参,CXCR1,党参,CXCR1
党参,CYP19A1,党参,CYP19A1
党参,CYP1A1,党参,CYP1A1
党参,CYP1A2,党参,CYP1A2
党参,CYP1B1,党参,CYP1B1
党参,CYP2A6,党参,CYP2A6
党参,CYP2C19,党参,CYP2C19
党参,CYP2C8,党参,CYP2C8
党参,CYP2C9,党参,CYP2C9
党参,CYP2D6,党参,CYP2D6
党参,CYP2J2,党参,CYP2J2
党参,CYP3A4,党参,CYP3A4
党参,DAO,党参,DAO
党参,DAPK1,党参,DAPK1
党参,DPP4,党参,DPP4
党参,DRD1,党参,DRD1
党参,DUSP3,党参,DUSP3
党参,EGFR,党参,EGFR
党参,EHMT2,党参,EHMT2
党参,EPHX2,党参,EPHX2
党参,ERBB2,党参,ERBB2
党参,ESR1,党参,ESR1
党参,ESRRA,党参,ESRRA
党参,F2,党参,F2
党参,FLT3,党参,FLT3
党参,FUT7,党参,FUT7
党参,GAA,党参,GAA
党参,GBA,党参,GBA
党参,GLO1,党参,GLO1
党参,GLRA1,党参,GLRA1
党参,GPR35,党参,GPR35
党参,GSK3B,党参,GSK3B
党参,HCAR2,党参,HCAR2
党参,HIF1A,党参,HIF1A
党参,HSD11B1,党参,HSD11B1
党参,HSD17B1,党参,HSD17B1
党参,HSD17B2,党参,HSD17B2
党参,HSP90AB1,党参,HSP90AB1
党参,HSPA8,党参,HSPA8
党参,HTR1A,党参,HTR1A
党参,IDH1,党参,IDH1
党参,IGF1R,党参,IGF1R
党参,KCNH2,党参,KCNH2
党参,KDM4E,党参,KDM4E
党参,KDR,党参,KDR
党参,KMT2A,党参,KMT2A
党参,MAOA,党参,MAOA
党参,MAOB,党参,MAOB
党参,MAP2K1,党参,MAP2K1
党参,MAPK1,党参,MAPK1
党参,MAPK14,党参,MAPK14
党参,MAPKAPK2,党参,MAPKAPK2
党参,MAPT,党参,MAPT
党参,MET,党参,MET
党参,MIF,党参,MIF
党参,MMP12,党参,MMP12
党参,MMP13,党参,MMP13
党参,MMP2,党参,MMP2
党参,MMP3,党参,MMP3
党参,MMP9,党参,MMP9
党参,MPG,党参,MPG
党参,NEK2,党参,NEK2
党参,NEK6,党参,NEK6
党参,NFKB1,党参,NFKB1
党参,NQO1,党参,NQO1
党参,NR1H4,党参,NR1H4
党参,NUAK1,党参,NUAK1
党参,PDE5A,党参,PDE5A
党参,PIK3CG,党参,PIK3CG
党参,PIM1,党参,PIM1
党参,PKN1,党参,PKN1
党参,PLG,党参,PLG
党参,PLK1,党参,PLK1
党参,PNP,党参,PNP
党参,POLB,党参,POLB
党参,PPARA,党参,PPARA
党参,PPARD,党参,PPARD
党参,PPARG,党参,PPARG
党参,PRKCA,党参,PRKCA
党参,PTGES,党参,PTGES
党参,PTGS1,党参,PTGS1
党参,PTGS2,党参,PTGS2
党参,PTK2,党参,PTK2
党参,PTPN1,党参,PTPN1
党参,PTPRS,党参,PTPRS
党参,PYGL,党参,PYGL
党参,RORC,党参,RORC
党参,SLC28A1,党参,SLC28A1
党参,SLC28A2,党参,SLC28A2
党参,SLC28A3,党参,SLC28A3
党参,SLC47A1,党参,SLC47A1
党参,SLCO1B1,党参,SLCO1B1
党参,SLCO1B3,党参,SLCO1B3
党参,SLCO2B1,党参,SLCO2B1
党参,SRC,党参,SRC
党参,SYK,党参,SYK
党参,THRB,党参,THRB
党参,TOP1,党参,TOP1
党参,TOP2A,党参,TOP2A
党参,TYR,党参,TYR
党参,UGT1A1,党参,UGT1A1
党参,XDH,党参,XDH
全蝎,ALOX15,全蝎,ALOX15
全蝎,CYP19A1,全蝎,CYP19A1
全蝎,CYP2C19,全蝎,CYP2C19
全蝎,EHMT2,全蝎,EHMT2
全蝎,GBA,全蝎,GBA
全蝎,NFKB1,全蝎,NFKB1
全蝎,PPARA,全蝎,PPARA
全蝎,PPARD,全蝎,PPARD
全蝎,PPARG,全蝎,PPARG
冬瓜子,ABCC1,冬瓜子,ABCC1
冬瓜子,ABCG2,冬瓜子,ABCG2
冬瓜子,ACHE,冬瓜子,ACHE
冬瓜子,AKR1B1,冬瓜子,AKR1B1
冬瓜子,ALOX12,冬瓜子,ALOX12
冬瓜子,ALOX15,冬瓜子,ALOX15
冬瓜子,ALOX5,冬瓜子,ALOX5
冬瓜子,ALPI,冬瓜子,ALPI
冬瓜子,ALPL,冬瓜子,ALPL
冬瓜子,APEX1,冬瓜子,APEX1
冬瓜子,APP,冬瓜子,APP
冬瓜子,BCHE,冬瓜子,BCHE
冬瓜子,BCL2,冬瓜子,BCL2
冬瓜子,CA1,冬瓜子,CA1
冬瓜子,CA12,冬瓜子,CA12
冬瓜子,CA14,冬瓜子,CA14
冬瓜子,CA2,冬瓜子,CA2
冬瓜子,CA3,冬瓜子,CA3
冬瓜子,CA4,冬瓜子,CA4
冬瓜子,CA5A,冬瓜子,CA5A
冬瓜子,CA5B,冬瓜子,CA5B
冬瓜子,CA6,冬瓜子,CA6
冬瓜子,CA7,冬瓜子,CA7
冬瓜子,CA9,冬瓜子,CA9
冬瓜子,CNR1,冬瓜子,CNR1
冬瓜子,CNR2,冬瓜子,CNR2
冬瓜子,CSNK2A1,冬瓜子,CSNK2A1
冬瓜子,CXCL8,冬瓜子,CXCL8
冬瓜子,CYP19A1,冬瓜子,CYP19A1
冬瓜子,CYP2C19,冬瓜子,CYP2C19
冬瓜子,CYP2C9,冬瓜子,CYP2C9
冬瓜子,CYP2D6,冬瓜子,CYP2D6
冬瓜子,CYP3A4,冬瓜子,CYP3A4
冬瓜子,DAO,冬瓜子,DAO
冬瓜子,DAPK1,冬瓜子,DAPK1
冬瓜子,DHFR,冬瓜子,DHFR
冬瓜子,DPP4,冬瓜子,DPP4
冬瓜子,DUSP3,冬瓜子,DUSP3
冬瓜子,EHMT2,冬瓜子,EHMT2
冬瓜子,EPHX2,冬瓜子,EPHX2
冬瓜子,ESR1,冬瓜子,ESR1
冬瓜子,F3,冬瓜子,F3
冬瓜子,FABP2,冬瓜子,FABP2
冬瓜子,FABP3,冬瓜子,FABP3
冬瓜子,FABP4,冬瓜子,FABP4
冬瓜子,FABP5,冬瓜子,FABP5
冬瓜子,FUT7,冬瓜子,FUT7
冬瓜子,GAA,冬瓜子,GAA
冬瓜子,HCAR2,冬瓜子,HCAR2
冬瓜子,HIF1A,冬瓜子,HIF1A
冬瓜子,IDH1,冬瓜子,IDH1
冬瓜子,KCNH2,冬瓜子,KCNH2
冬瓜子,KDM4E,冬瓜子,KDM4E
冬瓜子,KMT2A,冬瓜子,KMT2A
冬瓜子,MAPK1,冬瓜子,MAPK1
冬瓜子,MAPT,冬瓜子,MAPT
冬瓜子,NFKB1,冬瓜子,NFKB1
冬瓜子,NR1I2,冬瓜子,NR1I2
冬瓜子,PIM1,冬瓜子,PIM1
冬瓜子,POLB,冬瓜子,POLB
冬瓜子,PPARA,冬瓜子,PPARA
冬瓜子,PPARD,冬瓜子,PPARD
冬瓜子,PPARG,冬瓜子,PPARG
冬瓜子,PTGS1,冬瓜子,PTGS1
冬瓜子,PTGS2,冬瓜子,PTGS2
冬瓜子,RORC,冬瓜子,RORC
冬瓜子,RXRA,冬瓜子,RXRA
冬瓜子,SLC47A1,冬瓜子,SLC47A1
冬瓜子,SOAT1,冬瓜子,SOAT1
冬瓜子,TERT,冬瓜子,TERT
冬瓜子,THRB,冬瓜子,THRB
冬瓜子,TLR2,冬瓜子,TLR2
冬瓜子,TYR,冬瓜子,TYR
冬瓜子,UGT1A1,冬瓜子,UGT1A1
冰片,AKR1B1,冰片,AKR1B1
冰片,AKR1B10,冰片,AKR1B10
冰片,NR1H4,冰片,NR1H4
冰片,UGT1A1,冰片,UGT1A1
制半夏,DRD1,制半夏,DRD1
制半夏,EHMT2,制半夏,EHMT2
制半夏,GABRR1,制半夏,GABRR1
制半夏,KMT2A,制半夏,KMT2A
制半夏,THRB,制半夏,THRB
制南星,SLC22A1,制南星,SLC22A1
前胡,ABCB1,前胡,ABCB1
前胡,ACHE,前胡,ACHE
前胡,ADORA1,前胡,ADORA1
前胡,ADORA2A,前胡,ADORA2A
前胡,ADORA2B,前胡,ADORA2B
前胡,ADORA3,前胡,ADORA3
前胡,AKR1B1,前胡,AKR1B1
前胡,ALOX12,前胡,ALOX12
前胡,ALOX15,前胡,ALOX15
前胡,ALOX5,前胡,ALOX5
前胡,APP,前胡,APP
前胡,AR,前胡,AR
前胡,BACE1,前胡,BACE1
前胡,CA1,前胡,CA1
前胡,CA12,前胡,CA12
前胡,CA13,前胡,CA13
前胡,CA14,前胡,CA14
前胡,CA2,前胡,CA2
前胡,CA3,前胡,CA3
前胡,CA4,前胡,CA4
前胡,CA5A,前胡,CA5A
前胡,CA5B,前胡,CA5B
前胡,CA6,前胡,CA6
前胡,CA7,前胡,CA7
前胡,CA9,前胡,CA9
前胡,CES1,前胡,CES1
前胡,CES2,前胡,CES2
前胡,CYP19A1,前胡,CYP19A1
前胡,CYP1A2,前胡,CYP1A2
前胡,CYP2A13,前胡,CYP2A13
前胡,CYP2A6,前胡,CYP2A6
前胡,CYP2C19,前胡,CYP2C19
前胡,CYP2C9,前胡,CYP2C9
前胡,CYP2D6,前胡,CYP2D6
前胡,CYP3A4,前胡,CYP3A4
前胡,DPP4,前胡,DPP4
前胡,DUSP3,前胡,DUSP3
前胡,EGFR,前胡,EGFR
前胡,EHMT2,前胡,EHMT2
前胡,EPHX2,前胡,EPHX2
前胡,ERBB2,前胡,ERBB2
前胡,ESR1,前胡,ESR1
前胡,FABP2,前胡,FABP2
前胡,FABP3,前胡,FABP3
前胡,FABP4,前胡,FABP4
前胡,FABP5,前胡,FABP5
前胡,GAA,前胡,GAA
前胡,GBA,前胡,GBA
前胡,HDAC1,前胡,HDAC1
前胡,HDAC2,前胡,HDAC2
前胡,HDAC3,前胡,HDAC3
前胡,HDAC6,前胡,HDAC6
前胡,HDAC8,前胡,HDAC8
前胡,HIF1A,前胡,HIF1A
前胡,HSPA8,前胡,HSPA8
前胡,HTR7,前胡,HTR7
前胡,IDH1,前胡,IDH1
前胡,KDM4E,前胡,KDM4E
前胡,KMT2A,前胡,KMT2A
前胡,MAOA,前胡,MAOA
前胡,MAPK1,前胡,MAPK1
前胡,MAPT,前胡,MAPT
前胡,MGLL,前胡,MGLL
前胡,OPRK1,前胡,OPRK1
前胡,PNP,前胡,PNP
前胡,POLB,前胡,POLB
前胡,PPARA,前胡,PPARA
前胡,PPARD,前胡,PPARD
前胡,PPARG,前胡,PPARG
前胡,PTGS2,前胡,PTGS2
前胡,PTK2B,前胡,PTK2B
前胡,PTPN1,前胡,PTPN1
前胡,PTPN11,前胡,PTPN11
前胡,PTPN6,前胡,PTPN6
前胡,RELA,前胡,RELA
前胡,RORC,前胡,RORC
前胡,SLC22A1,前胡,SLC22A1
前胡,SLC28A1,前胡,SLC28A1
前胡,SLC28A2,前胡,SLC28A2
前胡,SLC28A3,前胡,SLC28A3
前胡,SLCO1B1,前胡,SLCO1B1
前胡,SLCO1B3,前胡,SLCO1B3
前胡,SLCO2B1,前胡,SLCO2B1
前胡,TERT,前胡,TERT
前胡,TLR2,前胡,TLR2
前胡,UGT1A1,前胡,UGT1A1
前胡,XPO1,前胡,XPO1
化橘红,EHMT2,化橘红,EHMT2
化橘红,GSK3B,化橘红,GSK3B
化橘红,PTPN1,化橘红,PTPN1
化橘红,SLCO1B1,化橘红,SLCO1B1
化橘红,SLCO1B3,化橘红,SLCO1B3
化橘红,SLCO2B1,化橘红,SLCO2B1
化橘红,UBE2N,化橘红,UBE2N
化橘红,UGT1A1,化橘红,UGT1A1
北沙参,ABCB1,北沙参,ABCB1
北沙参,ABCC1,北沙参,ABCC1
北沙参,ABCG2,北沙参,ABCG2
北沙参,ACHE,北沙参,ACHE
北沙参,ADORA1,北沙参,ADORA1
北沙参,ADORA2A,北沙参,ADORA2A
北沙参,ADORA2B,北沙参,ADORA2B
北沙参,ADORA3,北沙参,ADORA3
北沙参,AGTR1,北沙参,AGTR1
北沙参,AKR1B1,北沙参,AKR1B1
北沙参,AKR1B10,北沙参,AKR1B10
北沙参,AKR1C2,北沙参,AKR1C2
北沙参,AKR1C3,北沙参,AKR1C3
北沙参,AKR1C4,北沙参,AKR1C4
北沙参,AKT1,北沙参,AKT1
北沙参,ALK,北沙参,ALK
北沙参,ALOX12,北沙参,ALOX12
北沙参,ALOX15,北沙参,ALOX15
北沙参,ALOX5,北沙参,ALOX5
北沙参,ALPI,北沙参,ALPI
北沙参,ALPL,北沙参,ALPL
北沙参,AMY1A,北沙参,AMY1A
北沙参,APEX1,北沙参,APEX1
北沙参,APP,北沙参,APP
北沙参,AURKB,北沙参,AURKB
北沙参,AVPR2,北沙参,AVPR2
北沙参,AXL,北沙参,AXL
北沙参,BACE1,北沙参,BACE1
北沙参,BCHE,北沙参,BCHE
北沙参,CA1,北沙参,CA1
北沙参,CA12,北沙参,CA12
北沙参,CA13,北沙参,CA13
北沙参,CA14,北沙参,CA14
北沙参,CA2,北沙参,CA2
北沙参,CA3,北沙参,CA3
北沙参,CA4,北沙参,CA4
北沙参,CA5A,北沙参,CA5A
北沙参,CA5B,北沙参,CA5B
北沙参,CA6,北沙参,CA6
北沙参,CA7,北沙参,CA7
北沙参,CA9,北沙参,CA9
北沙参,CAMK2B,北沙参,CAMK2B
北沙参,CCR4,北沙参,CCR4
北沙参,CD38,北沙参,CD38
北沙参,CDC25B,北沙参,CDC25B
北沙参,CDK6,北沙参,CDK6
北沙参,CNR1,北沙参,CNR1
北沙参,CNR2,北沙参,CNR2
北沙参,CXCL8,北沙参,CXCL8
北沙参,CXCR1,北沙参,CXCR1
北沙参,CYP19A1,北沙参,CYP19A1
北沙参,CYP1A1,北沙参,CYP1A1
北沙参,CYP1A2,北沙参,CYP1A2
北沙参,CYP1B1,北沙参,CYP1B1
北沙参,CYP2A13,北沙参,CYP2A13
北沙参,CYP2A6,北沙参,CYP2A6
北沙参,CYP2B6,北沙参,CYP2B6
北沙参,CYP2C19,北沙参,CYP2C19
北沙参,CYP2C8,北沙参,CYP2C8
北沙参,CYP2C9,北沙参,CYP2C9
北沙参,CYP2D6,北沙参,CYP2D6
北沙参,CYP2E1,北沙参,CYP2E1
北沙参,CYP2J2,北沙参,CYP2J2
北沙参,CYP3A4,北沙参,CYP3A4
北沙参,CYP3A5,北沙参,CYP3A5
北沙参,DAPK1,北沙参,DAPK1
北沙参,DPP4,北沙参,DPP4
北沙参,DRD1,北沙参,DRD1
北沙参,DUSP3,北沙参,DUSP3
北沙参,EGFR,北沙参,EGFR
北沙参,EHMT2,北沙参,EHMT2
北沙参,EPHX2,北沙参,EPHX2
北沙参,ERBB2,北沙参,ERBB2
北沙参,ESR1,北沙参,ESR1
北沙参,F2,北沙参,F2
北沙参,F3,北沙参,F3
北沙参,FABP2,北沙参,FABP2
北沙参,FABP3,北沙参,FABP3
北沙参,FABP4,北沙参,FABP4
北沙参,FABP5,北沙参,FABP5
北沙参,FLT3,北沙参,FLT3
北沙参,GAA,北沙参,GAA
北沙参,GBA,北沙参,GBA
北沙参,GLO1,北沙参,GLO1
北沙参,GPR35,北沙参,GPR35
北沙参,GSK3B,北沙参,GSK3B
北沙参,HCAR2,北沙参,HCAR2
北沙参,HIF1A,北沙参,HIF1A
北沙参,HSD11B1,北沙参,HSD11B1
北沙参,HSD17B1,北沙参,HSD17B1
北沙参,HSD17B2,北沙参,HSD17B2
北沙参,HSPA8,北沙参,HSPA8
北沙参,HTR1A,北沙参,HTR1A
北沙参,HTR7,北沙参,HTR7
北沙参,IDH1,北沙参,IDH1
北沙参,IDO1,北沙参,IDO1
北沙参,IGF1R,北沙参,IGF1R
北沙参,KCNH2,北沙参,KCNH2
北沙参,KDM4E,北沙参,KDM4E
北沙参,KDR,北沙参,KDR
北沙参,KMT2A,北沙参,KMT2A
北沙参,MAOA,北沙参,MAOA
北沙参,MAP2K1,北沙参,MAP2K1
北沙参,MAPK1,北沙参,MAPK1
北沙参,MAPK14,北沙参,MAPK14
北沙参,MAPKAPK2,北沙参,MAPKAPK2
北沙参,MAPT,北沙参,MAPT
北沙参,MET,北沙参,MET
北沙参,MMP1,北沙参,MMP1
北沙参,MMP12,北沙参,MMP12
北沙参,MMP13,北沙参,MMP13
北沙参,MMP2,北沙参,MMP2
北沙参,MMP3,北沙参,MMP3
北沙参,MMP9,北沙参,MMP9
北沙参,MPG,北沙参,MPG
北沙参,NEK2,北沙参,NEK2
北沙参,NEK6,北沙参,NEK6
北沙参,NFKB1,北沙参,NFKB1
北沙参,NR1I2,北沙参,NR1I2
北沙参,NUAK1,北沙参,NUAK1
北沙参,OPRK1,北沙参,OPRK1
北沙参,PDE5A,北沙参,PDE5A
北沙参,PIK3CG,北沙参,PIK3CG
北沙参,PIM1,北沙参,PIM1
北沙参,PKN1,北沙参,PKN1
北沙参,PLG,北沙参,PLG
北沙参,PLK1,北沙参,PLK1
北沙参,PNP,北沙参,PNP
北沙参,POLB,北沙参,POLB
北沙参,PPARA,北沙参,PPARA
北沙参,PPARD,北沙参,PPARD
北沙参,PPARG,北沙参,PPARG
北沙参,PRKCA,北沙参,PRKCA
北沙参,PTGS1,北沙参,PTGS1
北沙参,PTGS2,北沙参,PTGS2
北沙参,PTK2,北沙参,PTK2
北沙参,PTPN1,北沙参,PTPN1
北沙参,PTPN11,北沙参,PTPN11
北沙参,PTPN2,北沙参,PTPN2
北沙参,PTPN6,北沙参,PTPN6
北沙参,PTPRF,北沙参,PTPRF
北沙参,PYGL,北沙参,PYGL
北沙参,RELA,北沙参,RELA
北沙参,RORC,北沙参,RORC
北沙参,SHBG,北沙参,SHBG
北沙参,SLC28A1,北沙参,SLC28A1
北沙参,SLC28A2,北沙参,SLC28A2
北沙参,SLC28A3,北沙参,SLC28A3
北沙参,SLCO1B1,北沙参,SLCO1B1
北沙参,SLCO1B3,北沙参,SLCO1B3
北沙参,SLCO2B1,北沙参,SLCO2B1
北沙参,SOAT1,北沙参,SOAT1
北沙参,SRC,北沙参,SRC
北沙参,SYK,北沙参,SYK
北沙参,TERT,北沙参,TERT
北沙参,THRB,北沙参,THRB
北沙参,TLR2,北沙参,TLR2
北沙参,TOP2A,北沙参,TOP2A
北沙参,TRPV1,北沙参,TRPV1
北沙参,TTR,北沙参,TTR
北沙参,TYR,北沙参,TYR
北沙参,UGT1A1,北沙参,UGT1A1
北沙参,XDH,北沙参,XDH
半夏,ADORA1,半夏,ADORA1
半夏,ADORA2A,半夏,ADORA2A
半夏,ADORA2B,半夏,ADORA2B
半夏,ADORA3,半夏,ADORA3
半夏,AKR1B1,半夏,AKR1B1
半夏,AKT1,半夏,AKT1
半夏,ALOX15,半夏,ALOX15
半夏,ALOX5,半夏,ALOX5
半夏,APP,半夏,APP
半夏,AR,半夏,AR
半夏,CA1,半夏,CA1
半夏,CA12,半夏,CA12
半夏,CA14,半夏,CA14
半夏,CA2,半夏,CA2
半夏,CA3,半夏,CA3
半夏,CA4,半夏,CA4
半夏,CA5A,半夏,CA5A
半夏,CA5B,半夏,CA5B
半夏,CA6,半夏,CA6
半夏,CA7,半夏,CA7
半夏,CA9,半夏,CA9
半夏,CTSL,半夏,CTSL
半夏,CXCL8,半夏,CXCL8
半夏,CYP19A1,半夏,CYP19A1
半夏,CYP2A6,半夏,CYP2A6
半夏,CYP2C19,半夏,CYP2C19
半夏,CYP2C9,半夏,CYP2C9
半夏,CYP2D6,半夏,CYP2D6
半夏,CYP2E1,半夏,CYP2E1
半夏,CYP3A4,半夏,CYP3A4
半夏,DPP4,半夏,DPP4
半夏,DRD1,半夏,DRD1
半夏,DUSP3,半夏,DUSP3
半夏,EGFR,半夏,EGFR
半夏,EHMT2,半夏,EHMT2
半夏,EPHX2,半夏,EPHX2
半夏,ERBB2,半夏,ERBB2
半夏,ESR1,半夏,ESR1
半夏,F3,半夏,F3
半夏,FABP2,半夏,FABP2
半夏,FABP3,半夏,FABP3
半夏,FABP4,半夏,FABP4
半夏,FABP5,半夏,FABP5
半夏,GAA,半夏,GAA
半夏,GABRR1,半夏,GABRR1
半夏,GLRA1,半夏,GLRA1
半夏,GSK3B,半夏,GSK3B
半夏,HCAR2,半夏,HCAR2
半夏,HIF1A,半夏,HIF1A
半夏,HSP90AB1,半夏,HSP90AB1
半夏,HSPA8,半夏,HSPA8
半夏,HTR7,半夏,HTR7
半夏,IDH1,半夏,IDH1
半夏,IDO1,半夏,IDO1
半夏,KCNH2,半夏,KCNH2
半夏,KDM4E,半夏,KDM4E
半夏,KMT2A,半夏,KMT2A
半夏,MAP2K1,半夏,MAP2K1
半夏,MAPK1,半夏,MAPK1
半夏,MAPK14,半夏,MAPK14
半夏,MAPK9,半夏,MAPK9
半夏,MAPT,半夏,MAPT
半夏,MMP1,半夏,MMP1
半夏,MMP12,半夏,MMP12
半夏,MMP13,半夏,MMP13
半夏,MMP2,半夏,MMP2
半夏,MMP3,半夏,MMP3
半夏,MMP9,半夏,MMP9
半夏,MPG,半夏,MPG
半夏,NFKB1,半夏,NFKB1
半夏,PARP1,半夏,PARP1
半夏,PDE5A,半夏,PDE5A
半夏,PNP,半夏,PNP
半夏,POLB,半夏,POLB
半夏,PPARA,半夏,PPARA
半夏,PPARD,半夏,PPARD
半夏,PPARG,半夏,PPARG
半夏,PRKCA,半夏,PRKCA
半夏,RORC,半夏,RORC
半夏,SIRT2,半夏,SIRT2
半夏,SIRT3,半夏,SIRT3
半夏,SLC28A1,半夏,SLC28A1
半夏,SLC28A2,半夏,SLC28A2
半夏,SLC28A3,半夏,SLC28A3
半夏,SOAT1,半夏,SOAT1
半夏,TERT,半夏,TERT
半夏,THRB,半夏,THRB
半夏,TLR2,半夏,TLR2
半夏,TRPV1,半夏,TRPV1
半夏,TYR,半夏,TYR
半夏,UGT1A1,半夏,UGT1A1
半夏,XDH,半夏,XDH
半枝莲,ABCG2,半枝莲,ABCG2
半枝莲,ACHE,半枝莲,ACHE
半枝莲,ADRB2,半枝莲,ADRB2
半枝莲,AKR1B1,半枝莲,AKR1B1
半枝莲,AKR1B10,半枝莲,AKR1B10
半枝莲,AKR1C2,半枝莲,AKR1C2
半枝莲,AKR1C3,半枝莲,AKR1C3
半枝莲,AKR1C4,半枝莲,AKR1C4
半枝莲,ALOX12,半枝莲,ALOX12
半枝莲,ALOX15,半枝莲,ALOX15
半枝莲,ALOX5,半枝莲,ALOX5
半枝莲,AMY1A,半枝莲,AMY1A
半枝莲,APEX1,半枝莲,APEX1
半枝莲,APP,半枝莲,APP
半枝莲,AR,半枝莲,AR
半枝莲,BACE1,半枝莲,BACE1
半枝莲,BCHE,半枝莲,BCHE
半枝莲,BCL2,半枝莲,BCL2
半枝莲,BCL2L1,半枝莲,BCL2L1
半枝莲,CA1,半枝莲,CA1
半枝莲,CA12,半枝莲,CA12
半枝莲,CA13,半枝莲,CA13
半枝莲,CA14,半枝莲,CA14
半枝莲,CA2,半枝莲,CA2
半枝莲,CA3,半枝莲,CA3
半枝莲,CA4,半枝莲,CA4
半枝莲,CA5A,半枝莲,CA5A
半枝莲,CA5B,半枝莲,CA5B
半枝莲,CA6,半枝莲,CA6
半枝莲,CA7,半枝莲,CA7
半枝莲,CA9,半枝莲,CA9
半枝莲,CBR1,半枝莲,CBR1
半枝莲,CD38,半枝莲,CD38
半枝莲,CDC25B,半枝莲,CDC25B
半枝莲,CDK6,半枝莲,CDK6
半枝莲,CNR1,半枝莲,CNR1
半枝莲,CNR2,半枝莲,CNR2
半枝莲,CSNK2A1,半枝莲,CSNK2A1
半枝莲,CTSL,半枝莲,CTSL
半枝莲,CXCL8,半枝莲,CXCL8
半枝莲,CYP19A1,半枝莲,CYP19A1
半枝莲,CYP1A1,半枝莲,CYP1A1
半枝莲,CYP1A2,半枝莲,CYP1A2
半枝莲,CYP1B1,半枝莲,CYP1B1
半枝莲,CYP2A6,半枝莲,CYP2A6
半枝莲,CYP2C19,半枝莲,CYP2C19
半枝莲,CYP2C9,半枝莲,CYP2C9
半枝莲,CYP2D6,半枝莲,CYP2D6
半枝莲,CYP3A4,半枝莲,CYP3A4
半枝莲,DAPK1,半枝莲,DAPK1
半枝莲,DPP4,半枝莲,DPP4
半枝莲,EGFR,半枝莲,EGFR
半枝莲,EHMT2,半枝莲,EHMT2
半枝莲,ESR1,半枝莲,ESR1
半枝莲,ESR2,半枝莲,ESR2
半枝莲,FABP2,半枝莲,FABP2
半枝莲,FABP3,半枝莲,FABP3
半枝莲,FABP4,半枝莲,FABP4
半枝莲,FABP5,半枝莲,FABP5
半枝莲,FASN,半枝莲,FASN
半枝莲,FLT3,半枝莲,FLT3
半枝莲,GAA,半枝莲,GAA
半枝莲,GBA,半枝莲,GBA
半枝莲,GLO1,半枝莲,GLO1
半枝莲,GPR35,半枝莲,GPR35
半枝莲,GRK6,半枝莲,GRK6
半枝莲,GSK3B,半枝莲,GSK3B
半枝莲,HCAR2,半枝莲,HCAR2
半枝莲,HIF1A,半枝莲,HIF1A
半枝莲,HSD17B1,半枝莲,HSD17B1
半枝莲,HSD17B2,半枝莲,HSD17B2
半枝莲,HSD17B3,半枝莲,HSD17B3
半枝莲,HTR7,半枝莲,HTR7
半枝莲,IDH1,半枝莲,IDH1
半枝莲,IDO1,半枝莲,IDO1
半枝莲,INSR,半枝莲,INSR
半枝莲,KDM4E,半枝莲,KDM4E
半枝莲,MAPK1,半枝莲,MAPK1
半枝莲,MAPT,半枝莲,MAPT
半枝莲,MMP1,半枝莲,MMP1
半枝莲,MMP12,半枝莲,MMP12
半枝莲,MMP13,半枝莲,MMP13
半枝莲,MMP2,半枝莲,MMP2
半枝莲,MMP3,半枝莲,MMP3
半枝莲,MMP9,半枝莲,MMP9
半枝莲,NFKB1,半枝莲,NFKB1
半枝莲,OPRD1,半枝莲,OPRD1
半枝莲,OPRK1,半枝莲,OPRK1
半枝莲,PARP1,半枝莲,PARP1
半枝莲,PDE5A,半枝莲,PDE5A
半枝莲,PIM1,半枝莲,PIM1
半枝莲,PLG,半枝莲,PLG
半枝莲,POLB,半枝莲,POLB
半枝莲,PPARA,半枝莲,PPARA
半枝莲,PPARD,半枝莲,PPARD
半枝莲,PPARG,半枝莲,PPARG
半枝莲,PTGS1,半枝莲,PTGS1
半枝莲,PTGS2,半枝莲,PTGS2
半枝莲,PTPN1,半枝莲,PTPN1
半枝莲,PTPN11,半枝莲,PTPN11
半枝莲,PTPN2,半枝莲,PTPN2
半枝莲,PTPN6,半枝莲,PTPN6
半枝莲,PTPRF,半枝莲,PTPRF
半枝莲,PTPRS,半枝莲,PTPRS
半枝莲,RORB,半枝莲,RORB
半枝莲,RORC,半枝莲,RORC
半枝莲,SHBG,半枝莲,SHBG
半枝莲,SLCO1B1,半枝莲,SLCO1B1
半枝莲,SLCO1B3,半枝莲,SLCO1B3
半枝莲,SLCO2B1,半枝莲,SLCO2B1
半枝莲,SYK,半枝莲,SYK
半枝莲,THRB,半枝莲,THRB
半枝莲,TLR2,半枝莲,TLR2
半枝莲,TNKS,半枝莲,TNKS
半枝莲,TNKS2,半枝莲,TNKS2
半枝莲,TOP1,半枝莲,TOP1
半枝莲,TOP2A,半枝莲,TOP2A
半枝莲,TRPV1,半枝莲,TRPV1
半枝莲,TTR,半枝莲,TTR
半枝莲,TYR,半枝莲,TYR
半枝莲,UBE2N,半枝莲,UBE2N
半枝莲,UGT1A1,半枝莲,UGT1A1
半枝莲,XDH,半枝莲,XDH
南沙参,ACHE,南沙参,ACHE
南沙参,BACE1,南沙参,BACE1
南沙参,CYP19A1,南沙参,CYP19A1
南沙参,CYP2A13,南沙参,CYP2A13
南沙参,CYP2A6,南沙参,CYP2A6
南沙参,CYP2C19,南沙参,CYP2C19
南沙参,CYP2D6,南沙参,CYP2D6
南沙参,CYP3A4,南沙参,CYP3A4
南沙参,MAOA,南沙参,MAOA
南沙参,MAPK1,南沙参,MAPK1
南沙参,PTPN1,南沙参,PTPN1
南沙参,RORC,南沙参,RORC
南沙参,SLCO1B1,南沙参,SLCO1B1
南沙参,SLCO1B3,南沙参,SLCO1B3
南沙参,SLCO2B1,南沙参,SLCO2B1
厚朴,ALOX5,厚朴,ALOX5
厚朴,CNR1,厚朴,CNR1
厚朴,CNR2,厚朴,CNR2
厚朴,CXCL8,厚朴,CXCL8
厚朴,CYP3A4,厚朴,CYP3A4
厚朴,EHMT2,厚朴,EHMT2
厚朴,GAA,厚朴,GAA
厚朴,HSD17B1,厚朴,HSD17B1
厚朴,HSD17B2,厚朴,HSD17B2
厚朴,KDM4E,厚朴,KDM4E
厚朴,MAPT,厚朴,MAPT
厚朴,POLB,厚朴,POLB
厚朴,PPARA,厚朴,PPARA
厚朴,RORC,厚朴,RORC
厚朴,RXRA,厚朴,RXRA
厚朴花,ALOX5,厚朴花,ALOX5
厚朴花,CNR1,厚朴花,CNR1
厚朴花,CNR2,厚朴花,CNR2
厚朴花,EHMT2,厚朴花,EHMT2
厚朴花,GAA,厚朴花,GAA
厚朴花,KDM4E,厚朴花,KDM4E
厚朴花,MAPT,厚朴花,MAPT
厚朴花,POLB,厚朴花,POLB
厚朴花,RXRA,厚朴花,RXRA
合欢皮,EHMT2,合欢皮,EHMT2
合欢皮,KDM4E,合欢皮,KDM4E
合欢皮,MAPK1,合欢皮,MAPK1
合欢皮,MAPT,合欢皮,MAPT
地骨皮,AKR1B1,地骨皮,AKR1B1
地骨皮,AKR1B10,地骨皮,AKR1B10
地骨皮,AKR1C2,地骨皮,AKR1C2
地骨皮,AKR1C3,地骨皮,AKR1C3
地骨皮,AKR1C4,地骨皮,AKR1C4
地骨皮,ALPI,地骨皮,ALPI
地骨皮,ALPL,地骨皮,ALPL
地骨皮,APEX1,地骨皮,APEX1
地骨皮,CA1,地骨皮,CA1
地骨皮,CA12,地骨皮,CA12
地骨皮,CA14,地骨皮,CA14
地骨皮,CA2,地骨皮,CA2
地骨皮,CA3,地骨皮,CA3
地骨皮,CA4,地骨皮,CA4
地骨皮,CA5A,地骨皮,CA5A
地骨皮,CA5B,地骨皮,CA5B
地骨皮,CA6,地骨皮,CA6
地骨皮,CA7,地骨皮,CA7
地骨皮,CA9,地骨皮,CA9
地骨皮,CYP19A1,地骨皮,CYP19A1
地骨皮,DPP4,地骨皮,DPP4
地骨皮,EGFR,地骨皮,EGFR
地骨皮,EHMT2,地骨皮,EHMT2
地骨皮,ESR1,地骨皮,ESR1
地骨皮,ESR2,地骨皮,ESR2
地骨皮,GAA,地骨皮,GAA
地骨皮,HCAR2,地骨皮,HCAR2
地骨皮,KDM4E,地骨皮,KDM4E
地骨皮,MCL1,地骨皮,MCL1
地骨皮,POLB,地骨皮,POLB
地骨皮,SMAD3,地骨皮,SMAD3
地骨皮,TYR,地骨皮,TYR
地龙,ALOX15,地龙,ALOX15
地龙,HKDC1,地龙,HKDC1
地龙,KDM4E,地龙,KDM4E
夏枯草,ABCB1,夏枯草,ABCB1
夏枯草,ABCC1,夏枯草,ABCC1
夏枯草,ABCG2,夏枯草,ABCG2
夏枯草,ACHE,夏枯草,ACHE
夏枯草,ACP1,夏枯草,ACP1
夏枯草,ADORA3,夏枯草,ADORA3
夏枯草,AKR1B1,夏枯草,AKR1B1
夏枯草,AKR1B10,夏枯草,AKR1B10
夏枯草,AKR1C2,夏枯草,AKR1C2
夏枯草,AKR1C3,夏枯草,AKR1C3
夏枯草,AKR1C4,夏枯草,AKR1C4
夏枯草,AKT1,夏枯草,AKT1
夏枯草,ALK,夏枯草,ALK
夏枯草,ALOX12,夏枯草,ALOX12
夏枯草,ALOX15,夏枯草,ALOX15
夏枯草,ALOX5,夏枯草,ALOX5
夏枯草,ALPI,夏枯草,ALPI
夏枯草,ALPL,夏枯草,ALPL
夏枯草,AMY1A,夏枯草,AMY1A
夏枯草,APEX1,夏枯草,APEX1
夏枯草,APP,夏枯草,APP
夏枯草,AURKB,夏枯草,AURKB
夏枯草,AVPR2,夏枯草,AVPR2
夏枯草,AXL,夏枯草,AXL
夏枯草,BACE1,夏枯草,BACE1
夏枯草,BCHE,夏枯草,BCHE
夏枯草,BCL2,夏枯草,BCL2
夏枯草,BCL2L1,夏枯草,BCL2L1
夏枯草,CA1,夏枯草,CA1
夏枯草,CA12,夏枯草,CA12
夏枯草,CA14,夏枯草,CA14
夏枯草,CA2,夏枯草,CA2
夏枯草,CA3,夏枯草,CA3
夏枯草,CA4,夏枯草,CA4
夏枯草,CA5A,夏枯草,CA5A
夏枯草,CA5B,夏枯草,CA5B
夏枯草,CA6,夏枯草,CA6
夏枯草,CA7,夏枯草,CA7
夏枯草,CA9,夏枯草,CA9
夏枯草,CAMK2B,夏枯草,CAMK2B
夏枯草,CCR4,夏枯草,CCR4
夏枯草,CD38,夏枯草,CD38
夏枯草,CDC25B,夏枯草,CDC25B
夏枯草,CDK6,夏枯草,CDK6
夏枯草,CES1,夏枯草,CES1
夏枯草,CES2,夏枯草,CES2
夏枯草,CTSD,夏枯草,CTSD
夏枯草,CTSL,夏枯草,CTSL
夏枯草,CXCL8,夏枯草,CXCL8
夏枯草,CXCR1,夏枯草,CXCR1
夏枯草,CYP19A1,夏枯草,CYP19A1
夏枯草,CYP1A1,夏枯草,CYP1A1
夏枯草,CYP1A2,夏枯草,CYP1A2
夏枯草,CYP1B1,夏枯草,CYP1B1
夏枯草,CYP2C19,夏枯草,CYP2C19
夏枯草,CYP2C8,夏枯草,CYP2C8
夏枯草,CYP2C9,夏枯草,CYP2C9
夏枯草,CYP2D6,夏枯草,CYP2D6
夏枯草,CYP2J2,夏枯草,CYP2J2
夏枯草,CYP3A4,夏枯草,CYP3A4
夏枯草,DAPK1,夏枯草,DAPK1
夏枯草,DPP4,夏枯草,DPP4
夏枯草,DRD1,夏枯草,DRD1
夏枯草,DUSP3,夏枯草,DUSP3
夏枯草,EGFR,夏枯草,EGFR
夏枯草,EHMT2,夏枯草,EHMT2
夏枯草,EPHX2,夏枯草,EPHX2
夏枯草,ESR1,夏枯草,ESR1
夏枯草,ESR2,夏枯草,ESR2
夏枯草,F2,夏枯草,F2
夏枯草,FASN,夏枯草,FASN
夏枯草,FLT3,夏枯草,FLT3
夏枯草,FYN,夏枯草,FYN
夏枯草,GAA,夏枯草,GAA
夏枯草,GBA,夏枯草,GBA
夏枯草,GLO1,夏枯草,GLO1
夏枯草,GPR35,夏枯草,GPR35
夏枯草,GSK3B,夏枯草,GSK3B
夏枯草,HCAR2,夏枯草,HCAR2
夏枯草,HIF1A,夏枯草,HIF1A
夏枯草,HSD11B1,夏枯草,HSD11B1
夏枯草,HSD17B1,夏枯草,HSD17B1
夏枯草,HSD17B2,夏枯草,HSD17B2
夏枯草,HTR1A,夏枯草,HTR1A
夏枯草,HTR7,夏枯草,HTR7
夏枯草,IDH1,夏枯草,IDH1
夏枯草,IGF1R,夏枯草,IGF1R
夏枯草,KDM4E,夏枯草,KDM4E
夏枯草,KDR,夏枯草,KDR
夏枯草,KMT2A,夏枯草,KMT2A
夏枯草,MAP2K1,夏枯草,MAP2K1
夏枯草,MAPK1,夏枯草,MAPK1
夏枯草,MAPK14,夏枯草,MAPK14
夏枯草,MAPKAPK2,夏枯草,MAPKAPK2
夏枯草,MAPT,夏枯草,MAPT
夏枯草,MCL1,夏枯草,MCL1
夏枯草,MET,夏枯草,MET
夏枯草,MGLL,夏枯草,MGLL
夏枯草,MMP1,夏枯草,MMP1
夏枯草,MMP12,夏枯草,MMP12
夏枯草,MMP13,夏枯草,MMP13
夏枯草,MMP2,夏枯草,MMP2
夏枯草,MMP3,夏枯草,MMP3
夏枯草,MMP9,夏枯草,MMP9
夏枯草,MPG,夏枯草,MPG
夏枯草,NEK2,夏枯草,NEK2
夏枯草,NEK6,夏枯草,NEK6
夏枯草,NFKB1,夏枯草,NFKB1
夏枯草,NOS2,夏枯草,NOS2
夏枯草,NR1H4,夏枯草,NR1H4
夏枯草,NUAK1,夏枯草,NUAK1
夏枯草,PARP1,夏枯草,PARP1
夏枯草,PDE5A,夏枯草,PDE5A
夏枯草,PIK3CG,夏枯草,PIK3CG
夏枯草,PIM1,夏枯草,PIM1
夏枯草,PKN1,夏枯草,PKN1
夏枯草,PLG,夏枯草,PLG
夏枯草,PLK1,夏枯草,PLK1
夏枯草,POLB,夏枯草,POLB
夏枯草,PPARA,夏枯草,PPARA
夏枯草,PPARG,夏枯草,PPARG
夏枯草,PRKCA,夏枯草,PRKCA
夏枯草,PTGS2,夏枯草,PTGS2
夏枯草,PTK2,夏枯草,PTK2
夏枯草,PTPN1,夏枯草,PTPN1
夏枯草,PTPN11,夏枯草,PTPN11
夏枯草,PTPN2,夏枯草,PTPN2
夏枯草,PTPN6,夏枯草,PTPN6
夏枯草,PTPRF,夏枯草,PTPRF
夏枯草,PYGL,夏枯草,PYGL
夏枯草,RORC,夏枯草,RORC
夏枯草,SLCO1B1,夏枯草,SLCO1B1
夏枯草,SLCO1B3,夏枯草,SLCO1B3
夏枯草,SLCO2B1,夏枯草,SLCO2B1
夏枯草,SMAD3,夏枯草,SMAD3
夏枯草,SRC,夏枯草,SRC
夏枯草,SYK,夏枯草,SYK
夏枯草,TERT,夏枯草,TERT
夏枯草,THRB,夏枯草,THRB
夏枯草,TNKS,夏枯草,TNKS
夏枯草,TNKS2,夏枯草,TNKS2
夏枯草,TOP1,夏枯草,TOP1
夏枯草,TOP2A,夏枯草,TOP2A
夏枯草,TTR,夏枯草,TTR
夏枯草,TYR,夏枯草,TYR
夏枯草,UGT1A1,夏枯草,UGT1A1
夏枯草,XDH,夏枯草,XDH
大枣,ABCC1,大枣,ABCC1
大枣,ABCG2,大枣,ABCG2
大枣,ACHE,大枣,ACHE
大枣,ACP1,大枣,ACP1
大枣,ADORA1,大枣,ADORA1
大枣,ADORA2A,大枣,ADORA2A
大枣,ADORA2B,大枣,ADORA2B
大枣,ADORA3,大枣,ADORA3
大枣,ADRA2B,大枣,ADRA2B
大枣,AKR1B1,大枣,AKR1B1
大枣,AKR1B10,大枣,AKR1B10
大枣,AKR1C2,大枣,AKR1C2
大枣,AKR1C3,大枣,AKR1C3
大枣,AKR1C4,大枣,AKR1C4
大枣,AKT1,大枣,AKT1
大枣,ALK,大枣,ALK
大枣,ALOX12,大枣,ALOX12
大枣,ALOX15,大枣,ALOX15
大枣,ALOX5,大枣,ALOX5
大枣,ALPI,大枣,ALPI
大枣,ALPL,大枣,ALPL
大枣,AMY1A,大枣,AMY1A
大枣,APEX1,大枣,APEX1
大枣,APP,大枣,APP
大枣,AR,大枣,AR
大枣,AURKA,大枣,AURKA
大枣,AURKB,大枣,AURKB
大枣,AVPR2,大枣,AVPR2
大枣,AXL,大枣,AXL
大枣,BACE1,大枣,BACE1
大枣,BCHE,大枣,BCHE
大枣,BCL2,大枣,BCL2
大枣,BRAF,大枣,BRAF
大枣,CA1,大枣,CA1
大枣,CA12,大枣,CA12
大枣,CA13,大枣,CA13
大枣,CA14,大枣,CA14
大枣,CA2,大枣,CA2
大枣,CA3,大枣,CA3
大枣,CA4,大枣,CA4
大枣,CA5A,大枣,CA5A
大枣,CA5B,大枣,CA5B
大枣,CA6,大枣,CA6
大枣,CA7,大枣,CA7
大枣,CA9,大枣,CA9
大枣,CAMK2B,大枣,CAMK2B
大枣,CARM1,大枣,CARM1
大枣,CCR4,大枣,CCR4
大枣,CD38,大枣,CD38
大枣,CDC25B,大枣,CDC25B
大枣,CDK6,大枣,CDK6
大枣,CSNK2A1,大枣,CSNK2A1
大枣,CTBP2,大枣,CTBP2
大枣,CTSD,大枣,CTSD
大枣,CTSL,大枣,CTSL
大枣,CXCL8,大枣,CXCL8
大枣,CXCR1,大枣,CXCR1
大枣,CYP19A1,大枣,CYP19A1
大枣,CYP1A1,大枣,CYP1A1
大枣,CYP1A2,大枣,CYP1A2
大枣,CYP1B1,大枣,CYP1B1
大枣,CYP2A6,大枣,CYP2A6
大枣,CYP2C19,大枣,CYP2C19
大枣,CYP2C8,大枣,CYP2C8
大枣,CYP2C9,大枣,CYP2C9
大枣,CYP2D6,大枣,CYP2D6
大枣,CYP2J2,大枣,CYP2J2
大枣,CYP3A4,大枣,CYP3A4
大枣,DAO,大枣,DAO
大枣,DAPK1,大枣,DAPK1
大枣,DPP4,大枣,DPP4
大枣,DRD1,大枣,DRD1
大枣,DRD2,大枣,DRD2
大枣,DRD3,大枣,DRD3
大枣,DRD4,大枣,DRD4
大枣,DRD5,大枣,DRD5
大枣,DUSP3,大枣,DUSP3
大枣,DYRK1A,大枣,DYRK1A
大枣,EGFR,大枣,EGFR
大枣,EGLN1,大枣,EGLN1
大枣,EHMT2,大枣,EHMT2
大枣,EPHB4,大枣,EPHB4
大枣,EPHX2,大枣,EPHX2
大枣,ERBB2,大枣,ERBB2
大枣,ESR1,大枣,ESR1
大枣,ESR2,大枣,ESR2
大枣,F2,大枣,F2
大枣,F3,大枣,F3
大枣,FABP2,大枣,FABP2
大枣,FABP3,大枣,FABP3
大枣,FABP4,大枣,FABP4
大枣,FABP5,大枣,FABP5
大枣,FASN,大枣,FASN
大枣,FLT3,大枣,FLT3
大枣,FLT4,大枣,FLT4
大枣,FUT7,大枣,FUT7
大枣,GAA,大枣,GAA
大枣,GBA,大枣,GBA
大枣,GLO1,大枣,GLO1
大枣,GPR35,大枣,GPR35
大枣,GSK3B,大枣,GSK3B
大枣,GSTP1,大枣,GSTP1
大枣,HCAR2,大枣,HCAR2
大枣,HIF1A,大枣,HIF1A
大枣,HSD11B1,大枣,HSD11B1
大枣,HSD17B1,大枣,HSD17B1
大枣,HSD17B2,大枣,HSD17B2
大枣,HSP90AB1,大枣,HSP90AB1
大枣,HSPA1A,大枣,HSPA1A
大枣,HSPA8,大枣,HSPA8
大枣,HTR1A,大枣,HTR1A
大枣,HTR2A,大枣,HTR2A
大枣,HTR7,大枣,HTR7
大枣,IDH1,大枣,IDH1
大枣,IDO1,大枣,IDO1
大枣,IGF1R,大枣,IGF1R
大枣,INSR,大枣,INSR
大枣,KCNH2,大枣,KCNH2
大枣,KDM4E,大枣,KDM4E
大枣,KDR,大枣,KDR
大枣,KMT2A,大枣,KMT2A
大枣,MAP2K1,大枣,MAP2K1
大枣,MAP3K8,大枣,MAP3K8
大枣,MAPK1,大枣,MAPK1
大枣,MAPK14,大枣,MAPK14
大枣,MAPK9,大枣,MAPK9
大枣,MAPKAPK2,大枣,MAPKAPK2
大枣,MAPT,大枣,MAPT
大枣,MCL1,大枣,MCL1
大枣,MET,大枣,MET
大枣,MGLL,大枣,MGLL
大枣,MMP1,大枣,MMP1
大枣,MMP12,大枣,MMP12
大枣,MMP13,大枣,MMP13
大枣,MMP2,大枣,MMP2
大枣,MMP3,大枣,MMP3
大枣,MMP9,大枣,MMP9
大枣,MPG,大枣,MPG
大枣,NEK2,大枣,NEK2
大枣,NEK6,大枣,NEK6
大枣,NFKB1,大枣,NFKB1
大枣,NOS2,大枣,NOS2
大枣,NR1H4,大枣,NR1H4
大枣,NR1I2,大枣,NR1I2
大枣,NUAK1,大枣,NUAK1
大枣,PDE5A,大枣,PDE5A
大枣,PDGFRB,大枣,PDGFRB
大枣,PIK3CG,大枣,PIK3CG
大枣,PIM1,大枣,PIM1
大枣,PKN1,大枣,PKN1
大枣,PLG,大枣,PLG
大枣,PLK1,大枣,PLK1
大枣,PLK4,大枣,PLK4
大枣,PNP,大枣,PNP
大枣,POLB,大枣,POLB
大枣,PPARA,大枣,PPARA
大枣,PPARD,大枣,PPARD
大枣,PPARG,大枣,PPARG
大枣,PRKCA,大枣,PRKCA
大枣,PTGS1,大枣,PTGS1
大枣,PTGS2,大枣,PTGS2
大枣,PTK2,大枣,PTK2
大枣,PTPN1,大枣,PTPN1
大枣,PTPN11,大枣,PTPN11
大枣,PTPN2,大枣,PTPN2
大枣,PTPN6,大枣,PTPN6
大枣,PTPRF,大枣,PTPRF
大枣,PYGL,大枣,PYGL
大枣,RELA,大枣,RELA
大枣,RORC,大枣,RORC
大枣,SLC28A1,大枣,SLC28A1
大枣,SLC28A2,大枣,SLC28A2
大枣,SLC28A3,大枣,SLC28A3
大枣,SLC47A1,大枣,SLC47A1
大枣,SLCO1B1,大枣,SLCO1B1
大枣,SLCO1B3,大枣,SLCO1B3
大枣,SLCO2B1,大枣,SLCO2B1
大枣,SMAD3,大枣,SMAD3
大枣,SOAT1,大枣,SOAT1
大枣,SRC,大枣,SRC
大枣,SYK,大枣,SYK
大枣,TEK,大枣,TEK
大枣,TERT,大枣,TERT
大枣,THRB,大枣,THRB
大枣,TLR2,大枣,TLR2
大枣,TOP1,大枣,TOP1
大枣,TOP2A,大枣,TOP2A
大枣,TTR,大枣,TTR
大枣,TYR,大枣,TYR
大枣,UGT1A1,大枣,UGT1A1
大枣,XDH,大枣,XDH
大青叶,ABCB1,大青叶,ABCB1
大青叶,ABCB11,大青叶,ABCB11
大青叶,ACHE,大青叶,ACHE
大青叶,ADORA1,大青叶,ADORA1
大青叶,ADORA2A,大青叶,ADORA2A
大青叶,ADORA2B,大青叶,ADORA2B
大青叶,ADORA3,大青叶,ADORA3
大青叶,AKR1B1,大青叶,AKR1B1
大青叶,ALOX15,大青叶,ALOX15
大青叶,ALOX5,大青叶,ALOX5
大青叶,AMY1A,大青叶,AMY1A
大青叶,BCHE,大青叶,BCHE
大青叶,CA1,大青叶,CA1
大青叶,CA12,大青叶,CA12
大青叶,CA14,大青叶,CA14
大青叶,CA2,大青叶,CA2
大青叶,CA3,大青叶,CA3
大青叶,CA4,大青叶,CA4
大青叶,CA5A,大青叶,CA5A
大青叶,CA5B,大青叶,CA5B
大青叶,CA6,大青叶,CA6
大青叶,CA7,大青叶,CA7
大青叶,CA9,大青叶,CA9
大青叶,CES1,大青叶,CES1
大青叶,CYP19A1,大青叶,CYP19A1
大青叶,CYP1A1,大青叶,CYP1A1
大青叶,CYP1A2,大青叶,CYP1A2
大青叶,CYP1B1,大青叶,CYP1B1
大青叶,CYP2A6,大青叶,CYP2A6
大青叶,CYP2C19,大青叶,CYP2C19
大青叶,CYP2C9,大青叶,CYP2C9
大青叶,CYP2D6,大青叶,CYP2D6
大青叶,CYP3A4,大青叶,CYP3A4
大青叶,DAO,大青叶,DAO
大青叶,DHFR,大青叶,DHFR
大青叶,DRD1,大青叶,DRD1
大青叶,EGFR,大青叶,EGFR
大青叶,EHMT2,大青叶,EHMT2
大青叶,ERBB2,大青叶,ERBB2
大青叶,FABP2,大青叶,FABP2
大青叶,FABP3,大青叶,FABP3
大青叶,FABP4,大青叶,FABP4
大青叶,FABP5,大青叶,FABP5
大青叶,GABRR1,大青叶,GABRR1
大青叶,GRM5,大青叶,GRM5
大青叶,GSK3B,大青叶,GSK3B
大青叶,HIF1A,大青叶,HIF1A
大青叶,HKDC1,大青叶,HKDC1
大青叶,HSD17B1,大青叶,HSD17B1
大青叶,HSD17B2,大青叶,HSD17B2
大青叶,HSPA8,大青叶,HSPA8
大青叶,IDO1,大青叶,IDO1
大青叶,KDM4E,大青叶,KDM4E
大青叶,KMT2A,大青叶,KMT2A
大青叶,MAOA,大青叶,MAOA
大青叶,MAOB,大青叶,MAOB
大青叶,MAPK1,大青叶,MAPK1
大青叶,MAPT,大青叶,MAPT
大青叶,MMP1,大青叶,MMP1
大青叶,MMP2,大青叶,MMP2
大青叶,MMP3,大青叶,MMP3
大青叶,MMP9,大青叶,MMP9
大青叶,NQO1,大青叶,NQO1
大青叶,NR1I2,大青叶,NR1I2
大青叶,OPRM1,大青叶,OPRM1
大青叶,PDPK1,大青叶,PDPK1
大青叶,PNP,大青叶,PNP
大青叶,PPARA,大青叶,PPARA
大青叶,PPARD,大青叶,PPARD
大青叶,PPARG,大青叶,PPARG
大青叶,PTGS1,大青叶,PTGS1
大青叶,PTGS2,大青叶,PTGS2
大青叶,SLC28A1,大青叶,SLC28A1
大青叶,SLC28A2,大青叶,SLC28A2
大青叶,SLC28A3,大青叶,SLC28A3
大青叶,TGM2,大青叶,TGM2
大青叶,THRB,大青叶,THRB
大青叶,TLR2,大青叶,TLR2
大青叶,TOP2A,大青叶,TOP2A
大黄,ABCB1,大黄,ABCB1
大黄,ABCC1,大黄,ABCC1
大黄,ABCG2,大黄,ABCG2
大黄,ACHE,大黄,ACHE
大黄,ADORA3,大黄,ADORA3
大黄,AKR1B1,大黄,AKR1B1
大黄,AKR1B10,大黄,AKR1B10
大黄,AKR1C2,大黄,AKR1C2
大黄,AKR1C3,大黄,AKR1C3
大黄,AKR1C4,大黄,AKR1C4
大黄,ALOX12,大黄,ALOX12
大黄,ALOX15,大黄,ALOX15
大黄,ALOX5,大黄,ALOX5
大黄,ALPI,大黄,ALPI
大黄,ALPL,大黄,ALPL
大黄,AMY1A,大黄,AMY1A
大黄,APEX1,大黄,APEX1
大黄,APP,大黄,APP
大黄,AR,大黄,AR
大黄,BACE1,大黄,BACE1
大黄,BCHE,大黄,BCHE
大黄,BCL2,大黄,BCL2
大黄,BCL2L1,大黄,BCL2L1
大黄,BCR,大黄,BCR
大黄,CA1,大黄,CA1
大黄,CA12,大黄,CA12
大黄,CA13,大黄,CA13
大黄,CA14,大黄,CA14
大黄,CA2,大黄,CA2
大黄,CA3,大黄,CA3
大黄,CA4,大黄,CA4
大黄,CA5A,大黄,CA5A
大黄,CA5B,大黄,CA5B
大黄,CA6,大黄,CA6
大黄,CA7,大黄,CA7
大黄,CA9,大黄,CA9
大黄,CD38,大黄,CD38
大黄,CDC25B,大黄,CDC25B
大黄,CNR1,大黄,CNR1
大黄,CNR2,大黄,CNR2
大黄,CSNK2A1,大黄,CSNK2A1
大黄,CTSL,大黄,CTSL
大黄,CXCL8,大黄,CXCL8
大黄,CYP19A1,大黄,CYP19A1
大黄,CYP1A1,大黄,CYP1A1
大黄,CYP1B1,大黄,CYP1B1
大黄,CYP2C19,大黄,CYP2C19
大黄,CYP2C9,大黄,CYP2C9
大黄,CYP2D6,大黄,CYP2D6
大黄,CYP3A4,大黄,CYP3A4
大黄,DAPK1,大黄,DAPK1
大黄,DHFR,大黄,DHFR
大黄,DRD1,大黄,DRD1
大黄,DUSP3,大黄,DUSP3
大黄,EGFR,大黄,EGFR
大黄,EHMT2,大黄,EHMT2
大黄,EPHX2,大黄,EPHX2
大黄,ESR1,大黄,ESR1
大黄,ESR2,大黄,ESR2
大黄,F2,大黄,F2
大黄,FASN,大黄,FASN
大黄,FLT3,大黄,FLT3
大黄,FUT7,大黄,FUT7
大黄,GAA,大黄,GAA
大黄,GBA,大黄,GBA
大黄,GLO1,大黄,GLO1
大黄,GPR35,大黄,GPR35
大黄,GRK6,大黄,GRK6
大黄,GSK3B,大黄,GSK3B
大黄,HCAR2,大黄,HCAR2
大黄,HIF1A,大黄,HIF1A
大黄,HKDC1,大黄,HKDC1
大黄,HSD11B1,大黄,HSD11B1
大黄,HSD11B2,大黄,HSD11B2
大黄,HSD17B3,大黄,HSD17B3
大黄,HTR1A,大黄,HTR1A
大黄,HTR1B,大黄,HTR1B
大黄,HTR1D,大黄,HTR1D
大黄,HTR1E,大黄,HTR1E
大黄,HTR2A,大黄,HTR2A
大黄,HTR2B,大黄,HTR2B
大黄,HTR2C,大黄,HTR2C
大黄,HTR3A,大黄,HTR3A
大黄,HTR4,大黄,HTR4
大黄,HTR5A,大黄,HTR5A
大黄,HTR6,大黄,HTR6
大黄,HTR7,大黄,HTR7
大黄,IDH1,大黄,IDH1
大黄,KDM4E,大黄,KDM4E
大黄,KMT2A,大黄,KMT2A
大黄,MAOA,大黄,MAOA
大黄,MAOB,大黄,MAOB
大黄,MAP2K1,大黄,MAP2K1
大黄,MAPK1,大黄,MAPK1
大黄,MAPT,大黄,MAPT
大黄,MMP1,大黄,MMP1
大黄,MMP2,大黄,MMP2
大黄,MMP9,大黄,MMP9
大黄,MPG,大黄,MPG
大黄,MTNR1A,大黄,MTNR1A
大黄,MTNR1B,大黄,MTNR1B
大黄,NFKB1,大黄,NFKB1
大黄,NQO2,大黄,NQO2
大黄,ODC1,大黄,ODC1
大黄,PIK3CA,大黄,PIK3CA
大黄,PIK3CB,大黄,PIK3CB
大黄,PIM1,大黄,PIM1
大黄,POLB,大黄,POLB
大黄,PRMT1,大黄,PRMT1
大黄,PTGS1,大黄,PTGS1
大黄,PTGS2,大黄,PTGS2
大黄,PTPN1,大黄,PTPN1
大黄,PTPRS,大黄,PTPRS
大黄,RORC,大黄,RORC
大黄,RXRA,大黄,RXRA
大黄,SIRT2,大黄,SIRT2
大黄,SLCO1B1,大黄,SLCO1B1
大黄,SLCO1B3,大黄,SLCO1B3
大黄,SLCO2B1,大黄,SLCO2B1
大黄,SRC,大黄,SRC
大黄,SYK,大黄,SYK
大黄,TERT,大黄,TERT
大黄,THRB,大黄,THRB
大黄,TTR,大黄,TTR
大黄,TYR,大黄,TYR
大黄,UBE2N,大黄,UBE2N
大黄,UGT1A1,大黄,UGT1A1
天冬,IDH1,天冬,IDH1
天冬,RORC,天冬,RORC
天冬,SLCO1B3,天冬,SLCO1B3
天竺黄,ABCB11,天竺黄,ABCB11
天竺黄,EHMT2,天竺黄,EHMT2
天花粉,ABCC1,天花粉,ABCC1
天花粉,ABCG2,天花粉,ABCG2
天花粉,ACHE,天花粉,ACHE
天花粉,ADORA1,天花粉,ADORA1
天花粉,ADORA2A,天花粉,ADORA2A
天花粉,ADORA2B,天花粉,ADORA2B
天花粉,ADORA3,天花粉,ADORA3
天花粉,AKR1B1,天花粉,AKR1B1
天花粉,AKR1B10,天花粉,AKR1B10
天花粉,ALOX12,天花粉,ALOX12
天花粉,ALOX15,天花粉,ALOX15
天花粉,ALOX5,天花粉,ALOX5
天花粉,AMY1A,天花粉,AMY1A
天花粉,APEX1,天花粉,APEX1
天花粉,APP,天花粉,APP
天花粉,AR,天花粉,AR
天花粉,BACE1,天花粉,BACE1
天花粉,BCHE,天花粉,BCHE
天花粉,BCL2,天花粉,BCL2
天花粉,BCL2L1,天花粉,BCL2L1
天花粉,CA1,天花粉,CA1
天花粉,CA12,天花粉,CA12
天花粉,CA2,天花粉,CA2
天花粉,CA4,天花粉,CA4
天花粉,CA7,天花粉,CA7
天花粉,CD38,天花粉,CD38
天花粉,CDK6,天花粉,CDK6
天花粉,CSNK2A1,天花粉,CSNK2A1
天花粉,CXCL8,天花粉,CXCL8
天花粉,CYP19A1,天花粉,CYP19A1
天花粉,CYP1A1,天花粉,CYP1A1
天花粉,CYP1A2,天花粉,CYP1A2
天花粉,CYP1B1,天花粉,CYP1B1
天花粉,CYP2A6,天花粉,CYP2A6
天花粉,CYP2C19,天花粉,CYP2C19
天花粉,CYP2C9,天花粉,CYP2C9
天花粉,CYP2D6,天花粉,CYP2D6
天花粉,CYP3A4,天花粉,CYP3A4
天花粉,DAPK1,天花粉,DAPK1
天花粉,DPP4,天花粉,DPP4
天花粉,DRD1,天花粉,DRD1
天花粉,DUSP3,天花粉,DUSP3
天花粉,EGFR,天花粉,EGFR
天花粉,EHMT2,天花粉,EHMT2
天花粉,EPHX2,天花粉,EPHX2
天花粉,ERBB2,天花粉,ERBB2
天花粉,ESR1,天花粉,ESR1
天花粉,F3,天花粉,F3
天花粉,FABP2,天花粉,FABP2
天花粉,FABP3,天花粉,FABP3
天花粉,FABP4,天花粉,FABP4
天花粉,FABP5,天花粉,FABP5
天花粉,FASN,天花粉,FASN
天花粉,FLT3,天花粉,FLT3
天花粉,GAA,天花粉,GAA
天花粉,GABRR1,天花粉,GABRR1
天花粉,GBA,天花粉,GBA
天花粉,GLO1,天花粉,GLO1
天花粉,GPR35,天花粉,GPR35
天花粉,GSK3B,天花粉,GSK3B
天花粉,HIF1A,天花粉,HIF1A
天花粉,HSD17B1,天花粉,HSD17B1
天花粉,HSD17B2,天花粉,HSD17B2
天花粉,HSPA8,天花粉,HSPA8
天花粉,HTR7,天花粉,HTR7
天花粉,IDH1,天花粉,IDH1
天花粉,INSR,天花粉,INSR
天花粉,KDM4E,天花粉,KDM4E
天花粉,KMT2A,天花粉,KMT2A
天花粉,MAPK1,天花粉,MAPK1
天花粉,MAPT,天花粉,MAPT
天花粉,MMP1,天花粉,MMP1
天花粉,MMP12,天花粉,MMP12
天花粉,MMP13,天花粉,MMP13
天花粉,MMP2,天花粉,MMP2
天花粉,MMP3,天花粉,MMP3
天花粉,MMP9,天花粉,MMP9
天花粉,NFKB1,天花粉,NFKB1
天花粉,NR1I2,天花粉,NR1I2
天花粉,PARP1,天花粉,PARP1
天花粉,PDE5A,天花粉,PDE5A
天花粉,PIM1,天花粉,PIM1
天花粉,PLG,天花粉,PLG
天花粉,PNP,天花粉,PNP
天花粉,POLB,天花粉,POLB
天花粉,PPARA,天花粉,PPARA
天花粉,PPARD,天花粉,PPARD
天花粉,PPARG,天花粉,PPARG
天花粉,PTGS1,天花粉,PTGS1
天花粉,PTGS2,天花粉,PTGS2
天花粉,RORC,天花粉,RORC
天花粉,SHBG,天花粉,SHBG
天花粉,SLC28A1,天花粉,SLC28A1
天花粉,SLC28A2,天花粉,SLC28A2
天花粉,SLC28A3,天花粉,SLC28A3
天花粉,SOAT1,天花粉,SOAT1
天花粉,SYK,天花粉,SYK
天花粉,TERT,天花粉,TERT
天花粉,THRB,天花粉,THRB
天花粉,TLR2,天花粉,TLR2
天花粉,TNKS,天花粉,TNKS
天花粉,TNKS2,天花粉,TNKS2
天花粉,TOP1,天花粉,TOP1
天花粉,TOP2A,天花粉,TOP2A
天花粉,TTR,天花粉,TTR
天花粉,UGT1A1,天花粉,UGT1A1
天花粉,XDH,天花粉,XDH
太子参,ALOX15,太子参,ALOX15
太子参,ALOX5,太子参,ALOX5
太子参,CYP19A1,太子参,CYP19A1
太子参,CYP3A4,太子参,CYP3A4
太子参,DAO,太子参,DAO
太子参,DUSP3,太子参,DUSP3
太子参,ESR1,太子参,ESR1
太子参,F3,太子参,F3
太子参,FABP3,太子参,FABP3
太子参,FABP4,太子参,FABP4
太子参,KMT2A,太子参,KMT2A
太子参,MMP1,太子参,MMP1
太子参,MMP2,太子参,MMP2
太子参,MMP3,太子参,MMP3
太子参,MMP9,太子参,MMP9
太子参,PNP,太子参,PNP
太子参,PPARA,太子参,PPARA
太子参,PPARD,太子参,PPARD
太子参,PPARG,太子参,PPARG
太子参,RORC,太子参,RORC
太子参,SOAT1,太子参,SOAT1
太子参,TERT,太子参,TERT
姜黄,ABCB1,姜黄,ABCB1
姜黄,ACHE,姜黄,ACHE
姜黄,ADRB2,姜黄,ADRB2
姜黄,ALOX12,姜黄,ALOX12
姜黄,ALOX15,姜黄,ALOX15
姜黄,ALOX5,姜黄,ALOX5
姜黄,ALPI,姜黄,ALPI
姜黄,ALPL,姜黄,ALPL
姜黄,ANPEP,姜黄,ANPEP
姜黄,APP,姜黄,APP
姜黄,BACE1,姜黄,BACE1
姜黄,CA1,姜黄,CA1
姜黄,CA12,姜黄,CA12
姜黄,CA13,姜黄,CA13
姜黄,CA14,姜黄,CA14
姜黄,CA2,姜黄,CA2
姜黄,CA3,姜黄,CA3
姜黄,CA4,姜黄,CA4
姜黄,CA5A,姜黄,CA5A
姜黄,CA5B,姜黄,CA5B
姜黄,CA6,姜黄,CA6
姜黄,CA7,姜黄,CA7
姜黄,CA9,姜黄,CA9
姜黄,CES2,姜黄,CES2
姜黄,CXCL8,姜黄,CXCL8
姜黄,CYP19A1,姜黄,CYP19A1
姜黄,CYP1A2,姜黄,CYP1A2
姜黄,CYP2A13,姜黄,CYP2A13
姜黄,CYP2A6,姜黄,CYP2A6
姜黄,CYP2B6,姜黄,CYP2B6
姜黄,CYP2C19,姜黄,CYP2C19
姜黄,CYP2C9,姜黄,CYP2C9
姜黄,CYP2D6,姜黄,CYP2D6
姜黄,CYP3A4,姜黄,CYP3A4
姜黄,DNMT1,姜黄,DNMT1
姜黄,DNMT3B,姜黄,DNMT3B
姜黄,DPP4,姜黄,DPP4
姜黄,DUSP3,姜黄,DUSP3
姜黄,EGFR,姜黄,EGFR
姜黄,EHMT2,姜黄,EHMT2
姜黄,ENPP2,姜黄,ENPP2
姜黄,EP300,姜黄,EP300
姜黄,ESR1,姜黄,ESR1
姜黄,F3,姜黄,F3
姜黄,FABP2,姜黄,FABP2
姜黄,FABP3,姜黄,FABP3
姜黄,FABP4,姜黄,FABP4
姜黄,FABP5,姜黄,FABP5
姜黄,GAA,姜黄,GAA
姜黄,GBA,姜黄,GBA
姜黄,GLO1,姜黄,GLO1
姜黄,GSK3B,姜黄,GSK3B
姜黄,HIF1A,姜黄,HIF1A
姜黄,HSD11B1,姜黄,HSD11B1
姜黄,HSD11B2,姜黄,HSD11B2
姜黄,HSD17B3,姜黄,HSD17B3
姜黄,HTR7,姜黄,HTR7
姜黄,IDH1,姜黄,IDH1
姜黄,KCNH2,姜黄,KCNH2
姜黄,KDM4E,姜黄,KDM4E
姜黄,KMT2A,姜黄,KMT2A
姜黄,MAOA,姜黄,MAOA
姜黄,MAOB,姜黄,MAOB
姜黄,MAPK1,姜黄,MAPK1
姜黄,MAPT,姜黄,MAPT
姜黄,MMP13,姜黄,MMP13
姜黄,MMP9,姜黄,MMP9
姜黄,NFKB1,姜黄,NFKB1
姜黄,NOS2,姜黄,NOS2
姜黄,NR1I2,姜黄,NR1I2
姜黄,POLB,姜黄,POLB
姜黄,PPARA,姜黄,PPARA
姜黄,PPARD,姜黄,PPARD
姜黄,PPARG,姜黄,PPARG
姜黄,PRMT1,姜黄,PRMT1
姜黄,PTGES,姜黄,PTGES
姜黄,PTGS1,姜黄,PTGS1
姜黄,PTGS2,姜黄,PTGS2
姜黄,PTPN1,姜黄,PTPN1
姜黄,RORC,姜黄,RORC
姜黄,SOAT1,姜黄,SOAT1
姜黄,SRC,姜黄,SRC
姜黄,STAT3,姜黄,STAT3
姜黄,TERT,姜黄,TERT
姜黄,THRB,姜黄,THRB
姜黄,TLR2,姜黄,TLR2
姜黄,TOP2A,姜黄,TOP2A
姜黄,TRPV1,姜黄,TRPV1
姜黄,UGT1A1,姜黄,UGT1A1
姜黄,VDR,姜黄,VDR
射干,ABCB1,射干,ABCB1
射干,APP,射干,APP
射干,BCL2L1,射干,BCL2L1
射干,BCR,射干,BCR
射干,CA1,射干,CA1
射干,CA12,射干,CA12
射干,CA13,射干,CA13
射干,CA14,射干,CA14
射干,CA2,射干,CA2
射干,CA3,射干,CA3
射干,CA4,射干,CA4
射干,CA5A,射干,CA5A
射干,CA5B,射干,CA5B
射干,CA6,射干,CA6
射干,CA7,射干,CA7
射干,CA9,射干,CA9
射干,CD38,射干,CD38
射干,CTSL,射干,CTSL
射干,CYP19A1,射干,CYP19A1
射干,CYP1A1,射干,CYP1A1
射干,CYP1B1,射干,CYP1B1
射干,CYP3A4,射干,CYP3A4
射干,EHMT2,射干,EHMT2
射干,ESR1,射干,ESR1
射干,ESR2,射干,ESR2
射干,GAA,射干,GAA
射干,HIF1A,射干,HIF1A
射干,KDM4E,射干,KDM4E
射干,MAOA,射干,MAOA
射干,MAOB,射干,MAOB
射干,MAPT,射干,MAPT
射干,NQO2,射干,NQO2
射干,ODC1,射干,ODC1
射干,PIK3CA,射干,PIK3CA
射干,PIK3CB,射干,PIK3CB
射干,POLB,射干,POLB
射干,PTGS1,射干,PTGS1
射干,PTGS2,射干,PTGS2
射干,RORC,射干,RORC
射干,TERT,射干,TERT
射干,THRB,射干,THRB
山楂,ABCC1,山楂,ABCC1
山楂,ABCG2,山楂,ABCG2
山楂,ACHE,山楂,ACHE
山楂,ACP1,山楂,ACP1
山楂,ADORA3,山楂,ADORA3
山楂,ADRB2,山楂,ADRB2
山楂,AKR1B1,山楂,AKR1B1
山楂,AKR1B10,山楂,AKR1B10
山楂,AKR1C2,山楂,AKR1C2
山楂,AKR1C3,山楂,AKR1C3
山楂,AKR1C4,山楂,AKR1C4
山楂,AKT1,山楂,AKT1
山楂,ALK,山楂,ALK
山楂,ALOX12,山楂,ALOX12
山楂,ALOX15,山楂,ALOX15
山楂,ALOX5,山楂,ALOX5
山楂,ALPI,山楂,ALPI
山楂,ALPL,山楂,ALPL
山楂,AMY1A,山楂,AMY1A
山楂,APEX1,山楂,APEX1
山楂,APP,山楂,APP
山楂,AR,山楂,AR
山楂,AURKB,山楂,AURKB
山楂,AVPR2,山楂,AVPR2
山楂,AXL,山楂,AXL
山楂,BACE1,山楂,BACE1
山楂,BCHE,山楂,BCHE
山楂,BCL2,山楂,BCL2
山楂,CA1,山楂,CA1
山楂,CA12,山楂,CA12
山楂,CA13,山楂,CA13
山楂,CA14,山楂,CA14
山楂,CA2,山楂,CA2
山楂,CA3,山楂,CA3
山楂,CA4,山楂,CA4
山楂,CA5A,山楂,CA5A
山楂,CA5B,山楂,CA5B
山楂,CA6,山楂,CA6
山楂,CA7,山楂,CA7
山楂,CA9,山楂,CA9
山楂,CAMK2B,山楂,CAMK2B
山楂,CCR4,山楂,CCR4
山楂,CD38,山楂,CD38
山楂,CDC25B,山楂,CDC25B
山楂,CDK6,山楂,CDK6
山楂,CHRM1,山楂,CHRM1
山楂,CHRM2,山楂,CHRM2
山楂,CHRM3,山楂,CHRM3
山楂,CHRM4,山楂,CHRM4
山楂,CHRM5,山楂,CHRM5
山楂,CHRNA3,山楂,CHRNA3
山楂,CHRNA7,山楂,CHRNA7
山楂,CTSD,山楂,CTSD
山楂,CTSL,山楂,CTSL
山楂,CXCL8,山楂,CXCL8
山楂,CXCR1,山楂,CXCR1
山楂,CYP19A1,山楂,CYP19A1
山楂,CYP1A1,山楂,CYP1A1
山楂,CYP1A2,山楂,CYP1A2
山楂,CYP1B1,山楂,CYP1B1
山楂,CYP2C19,山楂,CYP2C19
山楂,CYP2C8,山楂,CYP2C8
山楂,CYP2C9,山楂,CYP2C9
山楂,CYP2D6,山楂,CYP2D6
山楂,CYP2J2,山楂,CYP2J2
山楂,CYP3A4,山楂,CYP3A4
山楂,DAPK1,山楂,DAPK1
山楂,DHFR,山楂,DHFR
山楂,DPP4,山楂,DPP4
山楂,DRD1,山楂,DRD1
山楂,DUSP3,山楂,DUSP3
山楂,EGFR,山楂,EGFR
山楂,EHMT2,山楂,EHMT2
山楂,EPHX2,山楂,EPHX2
山楂,ESR1,山楂,ESR1
山楂,ESR2,山楂,ESR2
山楂,ESRRA,山楂,ESRRA
山楂,F2,山楂,F2
山楂,F3,山楂,F3
山楂,FABP3,山楂,FABP3
山楂,FABP4,山楂,FABP4
山楂,FASN,山楂,FASN
山楂,FLT3,山楂,FLT3
山楂,FUT7,山楂,FUT7
山楂,GAA,山楂,GAA
山楂,GBA,山楂,GBA
山楂,GLO1,山楂,GLO1
山楂,GPR35,山楂,GPR35
山楂,GSK3B,山楂,GSK3B
山楂,HCAR2,山楂,HCAR2
山楂,HIF1A,山楂,HIF1A
山楂,HSD11B1,山楂,HSD11B1
山楂,HSD17B1,山楂,HSD17B1
山楂,HSD17B2,山楂,HSD17B2
山楂,HTR1A,山楂,HTR1A
山楂,IDH1,山楂,IDH1
山楂,IDO1,山楂,IDO1
山楂,IGF1R,山楂,IGF1R
山楂,KDM4E,山楂,KDM4E
山楂,KDR,山楂,KDR
山楂,KMT2A,山楂,KMT2A
山楂,MAP2K1,山楂,MAP2K1
山楂,MAPK1,山楂,MAPK1
山楂,MAPK14,山楂,MAPK14
山楂,MAPKAPK2,山楂,MAPKAPK2
山楂,MAPT,山楂,MAPT
山楂,MET,山楂,MET
山楂,MGLL,山楂,MGLL
山楂,MMP1,山楂,MMP1
山楂,MMP12,山楂,MMP12
山楂,MMP13,山楂,MMP13
山楂,MMP2,山楂,MMP2
山楂,MMP3,山楂,MMP3
山楂,MMP9,山楂,MMP9
山楂,MPG,山楂,MPG
山楂,NEK2,山楂,NEK2
山楂,NEK6,山楂,NEK6
山楂,NFKB1,山楂,NFKB1
山楂,NOS2,山楂,NOS2
山楂,NR1H4,山楂,NR1H4
山楂,NR1I2,山楂,NR1I2
山楂,NUAK1,山楂,NUAK1
山楂,PDE5A,山楂,PDE5A
山楂,PIK3CG,山楂,PIK3CG
山楂,PIM1,山楂,PIM1
山楂,PKN1,山楂,PKN1
山楂,PLG,山楂,PLG
山楂,PLK1,山楂,PLK1
山楂,POLB,山楂,POLB
山楂,PPARA,山楂,PPARA
山楂,PPARD,山楂,PPARD
山楂,PPARG,山楂,PPARG
山楂,PRKCA,山楂,PRKCA
山楂,PTGS1,山楂,PTGS1
山楂,PTGS2,山楂,PTGS2
山楂,PTK2,山楂,PTK2
山楂,PTPN1,山楂,PTPN1
山楂,PTPN11,山楂,PTPN11
山楂,PTPN2,山楂,PTPN2
山楂,PTPN6,山楂,PTPN6
山楂,PTPRF,山楂,PTPRF
山楂,PTPRS,山楂,PTPRS
山楂,PYGL,山楂,PYGL
山楂,RORC,山楂,RORC
山楂,SLC22A1,山楂,SLC22A1
山楂,SLCO1B1,山楂,SLCO1B1
山楂,SLCO1B3,山楂,SLCO1B3
山楂,SLCO2B1,山楂,SLCO2B1
山楂,SOAT1,山楂,SOAT1
山楂,SRC,山楂,SRC
山楂,SYK,山楂,SYK
山楂,TERT,山楂,TERT
山楂,THRB,山楂,THRB
山楂,TOP1,山楂,TOP1
山楂,TOP2A,山楂,TOP2A
山楂,TYR,山楂,TYR
山楂,UGT1A1,山楂,UGT1A1
山楂,XDH,山楂,XDH
山药,GAA,山药,GAA
山药,KDM4E,山药,KDM4E
山药,MAPT,山药,MAPT
山药,POLB,山药,POLB
岩白菜,ABCB11,岩白菜,ABCB11
岩白菜,ABCC1,岩白菜,ABCC1
岩白菜,ABCG2,岩白菜,ABCG2
岩白菜,ACHE,岩白菜,ACHE
岩白菜,ACP1,岩白菜,ACP1
岩白菜,AKR1B1,岩白菜,AKR1B1
岩白菜,AKR1B10,岩白菜,AKR1B10
岩白菜,AMY1A,岩白菜,AMY1A
岩白菜,BCHE,岩白菜,BCHE
岩白菜,CDC25B,岩白菜,CDC25B
岩白菜,CNR1,岩白菜,CNR1
岩白菜,CNR2,岩白菜,CNR2
岩白菜,CYP19A1,岩白菜,CYP19A1
岩白菜,CYP1A1,岩白菜,CYP1A1
岩白菜,CYP1A2,岩白菜,CYP1A2
岩白菜,CYP1B1,岩白菜,CYP1B1
岩白菜,EHMT2,岩白菜,EHMT2
岩白菜,EPHX2,岩白菜,EPHX2
岩白菜,ESR1,岩白菜,ESR1
岩白菜,GAA,岩白菜,GAA
岩白菜,IDH1,岩白菜,IDH1
岩白菜,KDM4E,岩白菜,KDM4E
岩白菜,KIT,岩白菜,KIT
岩白菜,MAPK1,岩白菜,MAPK1
岩白菜,MAPT,岩白菜,MAPT
岩白菜,MGLL,岩白菜,MGLL
岩白菜,NOS2,岩白菜,NOS2
岩白菜,NR1H4,岩白菜,NR1H4
岩白菜,OPRD1,岩白菜,OPRD1
岩白菜,OPRM1,岩白菜,OPRM1
岩白菜,PLG,岩白菜,PLG
岩白菜,POLB,岩白菜,POLB
岩白菜,PPARA,岩白菜,PPARA
岩白菜,PPARD,岩白菜,PPARD
岩白菜,PPARG,岩白菜,PPARG
岩白菜,PTPN1,岩白菜,PTPN1
岩白菜,PTPN11,岩白菜,PTPN11
岩白菜,PTPN2,岩白菜,PTPN2
岩白菜,PTPN6,岩白菜,PTPN6
岩白菜,PTPRF,岩白菜,PTPRF
岩白菜,RELA,岩白菜,RELA
岩白菜,SLC22A1,岩白菜,SLC22A1
岩白菜,TOP1,岩白菜,TOP1
岩白菜,TOP2A,岩白菜,TOP2A
川芎,ACHE,川芎,ACHE
川芎,AKR1B1,川芎,AKR1B1
川芎,AKR1B10,川芎,AKR1B10
川芎,AKR1C2,川芎,AKR1C2
川芎,AKR1C3,川芎,AKR1C3
川芎,AKR1C4,川芎,AKR1C4
川芎,ALOX15,川芎,ALOX15
川芎,ALOX5,川芎,ALOX5
川芎,AOC3,川芎,AOC3
川芎,APEX1,川芎,APEX1
川芎,APP,川芎,APP
川芎,CA1,川芎,CA1
川芎,CA12,川芎,CA12
川芎,CA14,川芎,CA14
川芎,CA2,川芎,CA2
川芎,CA3,川芎,CA3
川芎,CA4,川芎,CA4
川芎,CA5A,川芎,CA5A
川芎,CA5B,川芎,CA5B
川芎,CA6,川芎,CA6
川芎,CA7,川芎,CA7
川芎,CA9,川芎,CA9
川芎,CHRNA7,川芎,CHRNA7
川芎,CTSL,川芎,CTSL
川芎,CXCL8,川芎,CXCL8
川芎,CYP19A1,川芎,CYP19A1
川芎,CYP3A4,川芎,CYP3A4
川芎,DUSP3,川芎,DUSP3
川芎,EGFR,川芎,EGFR
川芎,EHMT2,川芎,EHMT2
川芎,EPHX2,川芎,EPHX2
川芎,ERN1,川芎,ERN1
川芎,ESR1,川芎,ESR1
川芎,F3,川芎,F3
川芎,FABP2,川芎,FABP2
川芎,FABP3,川芎,FABP3
川芎,FABP4,川芎,FABP4
川芎,FABP5,川芎,FABP5
川芎,GAA,川芎,GAA
川芎,HCAR2,川芎,HCAR2
川芎,HTR7,川芎,HTR7
川芎,KCNH2,川芎,KCNH2
川芎,KDM4E,川芎,KDM4E
川芎,KMT2A,川芎,KMT2A
川芎,MAPK1,川芎,MAPK1
川芎,MAPT,川芎,MAPT
川芎,MMP1,川芎,MMP1
川芎,MMP2,川芎,MMP2
川芎,MMP3,川芎,MMP3
川芎,MMP9,川芎,MMP9
川芎,MPG,川芎,MPG
川芎,NFKB1,川芎,NFKB1
川芎,POLB,川芎,POLB
川芎,PPARA,川芎,PPARA
川芎,PPARD,川芎,PPARD
川芎,PPARG,川芎,PPARG
川芎,PTPN1,川芎,PTPN1
川芎,RORC,川芎,RORC
川芎,SOAT1,川芎,SOAT1
川芎,TERT,川芎,TERT
川芎,THRB,川芎,THRB
川芎,TLR2,川芎,TLR2
川芎,TRPV1,川芎,TRPV1
川芎,TTR,川芎,TTR
川芎,TYR,川芎,TYR
川芎,UGT1A1,川芎,UGT1A1
川贝母,ABCC1,川贝母,ABCC1
川贝母,ABCG2,川贝母,ABCG2
川贝母,ACHE,川贝母,ACHE
川贝母,ACP1,川贝母,ACP1
川贝母,ADORA1,川贝母,ADORA1
川贝母,ADORA2A,川贝母,ADORA2A
川贝母,ADORA2B,川贝母,ADORA2B
川贝母,ADORA3,川贝母,ADORA3
川贝母,AKR1B1,川贝母,AKR1B1
川贝母,AKR1B10,川贝母,AKR1B10
川贝母,AKT1,川贝母,AKT1
川贝母,ALK,川贝母,ALK
川贝母,ALOX12,川贝母,ALOX12
川贝母,ALOX15,川贝母,ALOX15
川贝母,ALOX5,川贝母,ALOX5
川贝母,AMY1A,川贝母,AMY1A
川贝母,APEX1,川贝母,APEX1
川贝母,APP,川贝母,APP
川贝母,AR,川贝母,AR
川贝母,AURKB,川贝母,AURKB
川贝母,AVPR2,川贝母,AVPR2
川贝母,AXL,川贝母,AXL
川贝母,BACE1,川贝母,BACE1
川贝母,BCHE,川贝母,BCHE
川贝母,BCL2,川贝母,BCL2
川贝母,BCL2L1,川贝母,BCL2L1
川贝母,CA1,川贝母,CA1
川贝母,CA12,川贝母,CA12
川贝母,CA14,川贝母,CA14
川贝母,CA2,川贝母,CA2
川贝母,CA3,川贝母,CA3
川贝母,CA4,川贝母,CA4
川贝母,CA5A,川贝母,CA5A
川贝母,CA5B,川贝母,CA5B
川贝母,CA6,川贝母,CA6
川贝母,CA7,川贝母,CA7
川贝母,CA9,川贝母,CA9
川贝母,CAMK2B,川贝母,CAMK2B
川贝母,CCR4,川贝母,CCR4
川贝母,CD38,川贝母,CD38
川贝母,CDK6,川贝母,CDK6
川贝母,CSNK2A1,川贝母,CSNK2A1
川贝母,CTSD,川贝母,CTSD
川贝母,CXCL8,川贝母,CXCL8
川贝母,CXCR1,川贝母,CXCR1
川贝母,CYP19A1,川贝母,CYP19A1
川贝母,CYP1A1,川贝母,CYP1A1
川贝母,CYP1A2,川贝母,CYP1A2
川贝母,CYP1B1,川贝母,CYP1B1
川贝母,CYP2C19,川贝母,CYP2C19
川贝母,CYP2C8,川贝母,CYP2C8
川贝母,CYP2C9,川贝母,CYP2C9
川贝母,CYP2D6,川贝母,CYP2D6
川贝母,CYP2J2,川贝母,CYP2J2
川贝母,CYP3A4,川贝母,CYP3A4
川贝母,DAPK1,川贝母,DAPK1
川贝母,DPP4,川贝母,DPP4
川贝母,DRD1,川贝母,DRD1
川贝母,DUSP3,川贝母,DUSP3
川贝母,EGFR,川贝母,EGFR
川贝母,EHMT2,川贝母,EHMT2
川贝母,EPHX2,川贝母,EPHX2
川贝母,ERBB2,川贝母,ERBB2
川贝母,ESR1,川贝母,ESR1
川贝母,F2,川贝母,F2
川贝母,FASN,川贝母,FASN
川贝母,FLT3,川贝母,FLT3
川贝母,GAA,川贝母,GAA
川贝母,GBA,川贝母,GBA
川贝母,GLO1,川贝母,GLO1
川贝母,GPR35,川贝母,GPR35
川贝母,GSK3B,川贝母,GSK3B
川贝母,HIF1A,川贝母,HIF1A
川贝母,HSD11B1,川贝母,HSD11B1
川贝母,HSD17B1,川贝母,HSD17B1
川贝母,HSD17B2,川贝母,HSD17B2
川贝母,HSP90AB1,川贝母,HSP90AB1
川贝母,HSPA8,川贝母,HSPA8
川贝母,HTR1A,川贝母,HTR1A
川贝母,IDH1,川贝母,IDH1
川贝母,IGF1R,川贝母,IGF1R
川贝母,INSR,川贝母,INSR
川贝母,KCNH2,川贝母,KCNH2
川贝母,KDM4E,川贝母,KDM4E
川贝母,KDR,川贝母,KDR
川贝母,KMT2A,川贝母,KMT2A
川贝母,MAP2K1,川贝母,MAP2K1
川贝母,MAPK1,川贝母,MAPK1
川贝母,MAPK14,川贝母,MAPK14
川贝母,MAPK9,川贝母,MAPK9
川贝母,MAPKAPK2,川贝母,MAPKAPK2
川贝母,MAPT,川贝母,MAPT
川贝母,MET,川贝母,MET
川贝母,MMP1,川贝母,MMP1
川贝母,MMP12,川贝母,MMP12
川贝母,MMP13,川贝母,MMP13
川贝母,MMP2,川贝母,MMP2
川贝母,MMP3,川贝母,MMP3
川贝母,MMP9,川贝母,MMP9
川贝母,MPG,川贝母,MPG
川贝母,NEK2,川贝母,NEK2
川贝母,NEK6,川贝母,NEK6
川贝母,NFKB1,川贝母,NFKB1
川贝母,NR1H4,川贝母,NR1H4
川贝母,NUAK1,川贝母,NUAK1
川贝母,PARP1,川贝母,PARP1
川贝母,PDE5A,川贝母,PDE5A
川贝母,PIK3CG,川贝母,PIK3CG
川贝母,PIM1,川贝母,PIM1
川贝母,PKN1,川贝母,PKN1
川贝母,PLG,川贝母,PLG
川贝母,PLK1,川贝母,PLK1
川贝母,PNP,川贝母,PNP
川贝母,POLB,川贝母,POLB
川贝母,PPARA,川贝母,PPARA
川贝母,PPARD,川贝母,PPARD
川贝母,PPARG,川贝母,PPARG
川贝母,PRKCA,川贝母,PRKCA
川贝母,PTGS2,川贝母,PTGS2
川贝母,PTK2,川贝母,PTK2
川贝母,PTPN1,川贝母,PTPN1
川贝母,PTPN2,川贝母,PTPN2
川贝母,PTPN6,川贝母,PTPN6
川贝母,PTPRF,川贝母,PTPRF
川贝母,PYGL,川贝母,PYGL
川贝母,RORC,川贝母,RORC
川贝母,SLC28A1,川贝母,SLC28A1
川贝母,SLC28A2,川贝母,SLC28A2
川贝母,SLC28A3,川贝母,SLC28A3
川贝母,SLCO1B1,川贝母,SLCO1B1
川贝母,SLCO1B3,川贝母,SLCO1B3
川贝母,SLCO2B1,川贝母,SLCO2B1
川贝母,SRC,川贝母,SRC
川贝母,SYK,川贝母,SYK
川贝母,THRB,川贝母,THRB
川贝母,TNKS,川贝母,TNKS
川贝母,TNKS2,川贝母,TNKS2
川贝母,TOP1,川贝母,TOP1
川贝母,TOP2A,川贝母,TOP2A
川贝母,TTR,川贝母,TTR
川贝母,UGT1A1,川贝母,UGT1A1
川贝母,XDH,川贝母,XDH
广藿香,ABCC1,广藿香,ABCC1
广藿香,ABCG2,广藿香,ABCG2
广藿香,ACHE,广藿香,ACHE
广藿香,ACP1,广藿香,ACP1
广藿香,ADORA1,广藿香,ADORA1
广藿香,ADORA2A,广藿香,ADORA2A
广藿香,ADORA2B,广藿香,ADORA2B
广藿香,ADORA3,广藿香,ADORA3
广藿香,AKR1B1,广藿香,AKR1B1
广藿香,AKR1B10,广藿香,AKR1B10
广藿香,AKR1C2,广藿香,AKR1C2
广藿香,AKR1C3,广藿香,AKR1C3
广藿香,AKR1C4,广藿香,AKR1C4
广藿香,AKT1,广藿香,AKT1
广藿香,ALK,广藿香,ALK
广藿香,ALOX12,广藿香,ALOX12
广藿香,ALOX15,广藿香,ALOX15
广藿香,ALOX5,广藿香,ALOX5
广藿香,AMY1A,广藿香,AMY1A
广藿香,APEX1,广藿香,APEX1
广藿香,APP,广藿香,APP
广藿香,AR,广藿香,AR
广藿香,AURKB,广藿香,AURKB
广藿香,AVPR2,广藿香,AVPR2
广藿香,AXL,广藿香,AXL
广藿香,BACE1,广藿香,BACE1
广藿香,BCHE,广藿香,BCHE
广藿香,BCL2,广藿香,BCL2
广藿香,BCL2L1,广藿香,BCL2L1
广藿香,CA1,广藿香,CA1
广藿香,CA12,广藿香,CA12
广藿香,CA14,广藿香,CA14
广藿香,CA2,广藿香,CA2
广藿香,CA3,广藿香,CA3
广藿香,CA4,广藿香,CA4
广藿香,CA5A,广藿香,CA5A
广藿香,CA5B,广藿香,CA5B
广藿香,CA6,广藿香,CA6
广藿香,CA7,广藿香,CA7
广藿香,CA9,广藿香,CA9
广藿香,CAMK2B,广藿香,CAMK2B
广藿香,CCR4,广藿香,CCR4
广藿香,CD38,广藿香,CD38
广藿香,CDC25B,广藿香,CDC25B
广藿香,CDK6,广藿香,CDK6
广藿香,CSNK2A1,广藿香,CSNK2A1
广藿香,CTSL,广藿香,CTSL
广藿香,CXCL8,广藿香,CXCL8
广藿香,CXCR1,广藿香,CXCR1
广藿香,CYP19A1,广藿香,CYP19A1
广藿香,CYP1A1,广藿香,CYP1A1
广藿香,CYP1A2,广藿香,CYP1A2
广藿香,CYP1B1,广藿香,CYP1B1
广藿香,CYP2A6,广藿香,CYP2A6
广藿香,CYP2C19,广藿香,CYP2C19
广藿香,CYP2C8,广藿香,CYP2C8
广藿香,CYP2C9,广藿香,CYP2C9
广藿香,CYP2D6,广藿香,CYP2D6
广藿香,CYP2J2,广藿香,CYP2J2
广藿香,CYP3A4,广藿香,CYP3A4
广藿香,DAO,广藿香,DAO
广藿香,DAPK1,广藿香,DAPK1
广藿香,DPP4,广藿香,DPP4
广藿香,DRD1,广藿香,DRD1
广藿香,DUSP3,广藿香,DUSP3
广藿香,EGFR,广藿香,EGFR
广藿香,EGLN1,广藿香,EGLN1
广藿香,EHMT2,广藿香,EHMT2
广藿香,EPHX2,广藿香,EPHX2
广藿香,ERBB2,广藿香,ERBB2
广藿香,ESR1,广藿香,ESR1
广藿香,ESRRA,广藿香,ESRRA
广藿香,F2,广藿香,F2
广藿香,F3,广藿香,F3
广藿香,FABP2,广藿香,FABP2
广藿香,FABP3,广藿香,FABP3
广藿香,FABP4,广藿香,FABP4
广藿香,FABP5,广藿香,FABP5
广藿香,FASN,广藿香,FASN
广藿香,FLT3,广藿香,FLT3
广藿香,GAA,广藿香,GAA
广藿香,GBA,广藿香,GBA
广藿香,GLO1,广藿香,GLO1
广藿香,GLRA1,广藿香,GLRA1
广藿香,GPR35,广藿香,GPR35
广藿香,GSK3B,广藿香,GSK3B
广藿香,HCAR2,广藿香,HCAR2
广藿香,HIF1A,广藿香,HIF1A
广藿香,HMGCR,广藿香,HMGCR
广藿香,HSD11B1,广藿香,HSD11B1
广藿香,HSD17B1,广藿香,HSD17B1
广藿香,HSD17B2,广藿香,HSD17B2
广藿香,HSPA1A,广藿香,HSPA1A
广藿香,HSPA8,广藿香,HSPA8
广藿香,HTR1A,广藿香,HTR1A
广藿香,IDH1,广藿香,IDH1
广藿香,IGF1R,广藿香,IGF1R
广藿香,INSR,广藿香,INSR
广藿香,KCNH2,广藿香,KCNH2
广藿香,KDM4E,广藿香,KDM4E
广藿香,KDR,广藿香,KDR
广藿香,KMT2A,广藿香,KMT2A
广藿香,LDHA,广藿香,LDHA
广藿香,MAP2K1,广藿香,MAP2K1
广藿香,MAPK1,广藿香,MAPK1
广藿香,MAPK14,广藿香,MAPK14
广藿香,MAPKAPK2,广藿香,MAPKAPK2
广藿香,MAPT,广藿香,MAPT
广藿香,MET,广藿香,MET
广藿香,MGLL,广藿香,MGLL
广藿香,MMP1,广藿香,MMP1
广藿香,MMP12,广藿香,MMP12
广藿香,MMP13,广藿香,MMP13
广藿香,MMP2,广藿香,MMP2
广藿香,MMP3,广藿香,MMP3
广藿香,MMP9,广藿香,MMP9
广藿香,MPG,广藿香,MPG
广藿香,NEK2,广藿香,NEK2
广藿香,NEK6,广藿香,NEK6
广藿香,NFKB1,广藿香,NFKB1
广藿香,NOS2,广藿香,NOS2
广藿香,NR1H4,广藿香,NR1H4
广藿香,NUAK1,广藿香,NUAK1
广藿香,PARP1,广藿香,PARP1
广藿香,PDE5A,广藿香,PDE5A
广藿香,PIK3CG,广藿香,PIK3CG
广藿香,PIM1,广藿香,PIM1
广藿香,PKN1,广藿香,PKN1
广藿香,PLG,广藿香,PLG
广藿香,PLK1,广藿香,PLK1
广藿香,PNP,广藿香,PNP
广藿香,POLB,广藿香,POLB
广藿香,PPARA,广藿香,PPARA
广藿香,PPARD,广藿香,PPARD
广藿香,PPARG,广藿香,PPARG
广藿香,PRKCA,广藿香,PRKCA
广藿香,PTGES,广藿香,PTGES
广藿香,PTGS1,广藿香,PTGS1
广藿香,PTGS2,广藿香,PTGS2
广藿香,PTK2,广藿香,PTK2
广藿香,PTPN1,广藿香,PTPN1
广藿香,PTPN11,广藿香,PTPN11
广藿香,PTPN2,广藿香,PTPN2
广藿香,PTPN6,广藿香,PTPN6
广藿香,PTPRF,广藿香,PTPRF
广藿香,PTPRS,广藿香,PTPRS
广藿香,PYGL,广藿香,PYGL
广藿香,RORC,广藿香,RORC
广藿香,SLC22A1,广藿香,SLC22A1
广藿香,SLC28A1,广藿香,SLC28A1
广藿香,SLC28A2,广藿香,SLC28A2
广藿香,SLC28A3,广藿香,SLC28A3
广藿香,SLCO1B1,广藿香,SLCO1B1
广藿香,SLCO1B3,广藿香,SLCO1B3
广藿香,SLCO2B1,广藿香,SLCO2B1
广藿香,SOAT1,广藿香,SOAT1
广藿香,SRC,广藿香,SRC
广藿香,SYK,广藿香,SYK
广藿香,TERT,广藿香,TERT
广藿香,THRB,广藿香,THRB
广藿香,TLR2,广藿香,TLR2
广藿香,TNKS,广藿香,TNKS
广藿香,TNKS2,广藿香,TNKS2
广藿香,TOP1,广藿香,TOP1
广藿香,TOP2A,广藿香,TOP2A
广藿香,TRPV1,广藿香,TRPV1
广藿香,TTR,广藿香,TTR
广藿香,TYR,广藿香,TYR
广藿香,UBE2N,广藿香,UBE2N
广藿香,UGT1A1,广藿香,UGT1A1
广藿香,XDH,广藿香,XDH
广藿香,XIAP,广藿香,XIAP
延胡索,ACHE,延胡索,ACHE
延胡索,ADORA1,延胡索,ADORA1
延胡索,ADORA2A,延胡索,ADORA2A
延胡索,ADORA2B,延胡索,ADORA2B
延胡索,ADORA3,延胡索,ADORA3
延胡索,ADRA1A,延胡索,ADRA1A
延胡索,ADRA1B,延胡索,ADRA1B
延胡索,ADRA1D,延胡索,ADRA1D
延胡索,ADRA2B,延胡索,ADRA2B
延胡索,ADRA2C,延胡索,ADRA2C
延胡索,ADRB2,延胡索,ADRB2
延胡索,ALOX15,延胡索,ALOX15
延胡索,APOBEC3G,延胡索,APOBEC3G
延胡索,BCHE,延胡索,BCHE
延胡索,CHRM1,延胡索,CHRM1
延胡索,CHRM2,延胡索,CHRM2
延胡索,CHRM3,延胡索,CHRM3
延胡索,CHRM4,延胡索,CHRM4
延胡索,CHRM5,延胡索,CHRM5
延胡索,CYP2C19,延胡索,CYP2C19
延胡索,CYP2C9,延胡索,CYP2C9
延胡索,CYP2D6,延胡索,CYP2D6
延胡索,CYP3A4,延胡索,CYP3A4
延胡索,DRD1,延胡索,DRD1
延胡索,DRD2,延胡索,DRD2
延胡索,DRD3,延胡索,DRD3
延胡索,DRD4,延胡索,DRD4
延胡索,DRD5,延胡索,DRD5
延胡索,EGFR,延胡索,EGFR
延胡索,EGLN1,延胡索,EGLN1
延胡索,EHMT2,延胡索,EHMT2
延胡索,ERBB2,延胡索,ERBB2
延胡索,ESR1,延胡索,ESR1
延胡索,F3,延胡索,F3
延胡索,GAA,延胡索,GAA
延胡索,GBA,延胡索,GBA
延胡索,HCAR2,延胡索,HCAR2
延胡索,HIF1A,延胡索,HIF1A
延胡索,HRH1,延胡索,HRH1
延胡索,HRH3,延胡索,HRH3
延胡索,HRH4,延胡索,HRH4
延胡索,HSPA8,延胡索,HSPA8
延胡索,HTR1A,延胡索,HTR1A
延胡索,HTR1E,延胡索,HTR1E
延胡索,HTR2A,延胡索,HTR2A
延胡索,HTR2B,延胡索,HTR2B
延胡索,HTR2C,延胡索,HTR2C
延胡索,HTR3A,延胡索,HTR3A
延胡索,HTR5A,延胡索,HTR5A
延胡索,HTR6,延胡索,HTR6
延胡索,HTR7,延胡索,HTR7
延胡索,KCNH2,延胡索,KCNH2
延胡索,KDM4E,延胡索,KDM4E
延胡索,KMT2A,延胡索,KMT2A
延胡索,MAPK1,延胡索,MAPK1
延胡索,MAPT,延胡索,MAPT
延胡索,OPRD1,延胡索,OPRD1
延胡索,OPRK1,延胡索,OPRK1
延胡索,OPRM1,延胡索,OPRM1
延胡索,PNP,延胡索,PNP
延胡索,POLB,延胡索,POLB
延胡索,SENP6,延胡索,SENP6
延胡索,SENP7,延胡索,SENP7
延胡索,SENP8,延胡索,SENP8
延胡索,SIGMAR1,延胡索,SIGMAR1
延胡索,SLC28A1,延胡索,SLC28A1
延胡索,SLC28A2,延胡索,SLC28A2
延胡索,SLC28A3,延胡索,SLC28A3
延胡索,SLC6A2,延胡索,SLC6A2
延胡索,SLC6A3,延胡索,SLC6A3
延胡索,SLC6A4,延胡索,SLC6A4
延胡索,SLCO1B1,延胡索,SLCO1B1
延胡索,SLCO1B3,延胡索,SLCO1B3
延胡索,SLCO2B1,延胡索,SLCO2B1
延胡索,THRB,延胡索,THRB
当归,ABCB1,当归,ABCB1
当归,ACHE,当归,ACHE
当归,ADORA1,当归,ADORA1
当归,ADORA2A,当归,ADORA2A
当归,ADORA2B,当归,ADORA2B
当归,ADORA3,当归,ADORA3
当归,AKR1B1,当归,AKR1B1
当归,AKR1B10,当归,AKR1B10
当归,AKR1C2,当归,AKR1C2
当归,AKR1C3,当归,AKR1C3
当归,AKR1C4,当归,AKR1C4
当归,AKT1,当归,AKT1
当归,ALOX12,当归,ALOX12
当归,ALOX15,当归,ALOX15
当归,ALOX5,当归,ALOX5
当归,APEX1,当归,APEX1
当归,APP,当归,APP
当归,BACE1,当归,BACE1
当归,CA1,当归,CA1
当归,CA12,当归,CA12
当归,CA13,当归,CA13
当归,CA14,当归,CA14
当归,CA2,当归,CA2
当归,CA3,当归,CA3
当归,CA4,当归,CA4
当归,CA5A,当归,CA5A
当归,CA5B,当归,CA5B
当归,CA6,当归,CA6
当归,CA7,当归,CA7
当归,CA9,当归,CA9
当归,CTSL,当归,CTSL
当归,CXCL8,当归,CXCL8
当归,CYP19A1,当归,CYP19A1
当归,CYP1A2,当归,CYP1A2
当归,CYP2A13,当归,CYP2A13
当归,CYP2A6,当归,CYP2A6
当归,CYP2C19,当归,CYP2C19
当归,CYP2C9,当归,CYP2C9
当归,CYP2D6,当归,CYP2D6
当归,CYP3A4,当归,CYP3A4
当归,DAO,当归,DAO
当归,DPP4,当归,DPP4
当归,DRD1,当归,DRD1
当归,DUSP3,当归,DUSP3
当归,EDNRA,当归,EDNRA
当归,EGFR,当归,EGFR
当归,EGLN1,当归,EGLN1
当归,EHMT2,当归,EHMT2
当归,ERBB2,当归,ERBB2
当归,ESR1,当归,ESR1
当归,F3,当归,F3
当归,FABP2,当归,FABP2
当归,FABP3,当归,FABP3
当归,FABP4,当归,FABP4
当归,FABP5,当归,FABP5
当归,GAA,当归,GAA
当归,GABRR1,当归,GABRR1
当归,GBA,当归,GBA
当归,GLRA1,当归,GLRA1
当归,GSK3B,当归,GSK3B
当归,HCAR2,当归,HCAR2
当归,HDAC1,当归,HDAC1
当归,HDAC2,当归,HDAC2
当归,HDAC3,当归,HDAC3
当归,HDAC6,当归,HDAC6
当归,HDAC8,当归,HDAC8
当归,HIF1A,当归,HIF1A
当归,HSP90AB1,当归,HSP90AB1
当归,HSPA8,当归,HSPA8
当归,HTR7,当归,HTR7
当归,IDH1,当归,IDH1
当归,IDO1,当归,IDO1
当归,KCNH2,当归,KCNH2
当归,KDM4E,当归,KDM4E
当归,KMT2A,当归,KMT2A
当归,LDHA,当归,LDHA
当归,MAOA,当归,MAOA
当归,MAOB,当归,MAOB
当归,MAP2K1,当归,MAP2K1
当归,MAPK1,当归,MAPK1
当归,MAPK14,当归,MAPK14
当归,MAPK9,当归,MAPK9
当归,MAPT,当归,MAPT
当归,MET,当归,MET
当归,MMP1,当归,MMP1
当归,MMP2,当归,MMP2
当归,MMP3,当归,MMP3
当归,MMP9,当归,MMP9
当归,MPG,当归,MPG
当归,NFKB1,当归,NFKB1
当归,NR1I2,当归,NR1I2
当归,ODC1,当归,ODC1
当归,OPRK1,当归,OPRK1
当归,PNP,当归,PNP
当归,POLB,当归,POLB
当归,PPARA,当归,PPARA
当归,PPARD,当归,PPARD
当归,PPARG,当归,PPARG
当归,PRKCA,当归,PRKCA
当归,PTGS1,当归,PTGS1
当归,PTGS2,当归,PTGS2
当归,PTPN1,当归,PTPN1
当归,RELA,当归,RELA
当归,RORC,当归,RORC
当归,SLC22A1,当归,SLC22A1
当归,SLC28A1,当归,SLC28A1
当归,SLC28A2,当归,SLC28A2
当归,SLC28A3,当归,SLC28A3
当归,SLC47A1,当归,SLC47A1
当归,SLCO1B1,当归,SLCO1B1
当归,SLCO1B3,当归,SLCO1B3
当归,SLCO2B1,当归,SLCO2B1
当归,SOAT1,当归,SOAT1
当归,TERT,当归,TERT
当归,THRB,当归,THRB
当归,TLR2,当归,TLR2
当归,TRPV1,当归,TRPV1
当归,TTR,当归,TTR
当归,TYR,当归,TYR
当归,UGT1A1,当归,UGT1A1
当归,XDH,当归,XDH
旋覆花,AKR1B1,旋覆花,AKR1B1
旋覆花,AKR1B10,旋覆花,AKR1B10
旋覆花,AKR1C2,旋覆花,AKR1C2
旋覆花,AKR1C3,旋覆花,AKR1C3
旋覆花,AKR1C4,旋覆花,AKR1C4
旋覆花,CA1,旋覆花,CA1
旋覆花,CA12,旋覆花,CA12
旋覆花,CA14,旋覆花,CA14
旋覆花,CA2,旋覆花,CA2
旋覆花,CA3,旋覆花,CA3
旋覆花,CA4,旋覆花,CA4
旋覆花,CA5A,旋覆花,CA5A
旋覆花,CA5B,旋覆花,CA5B
旋覆花,CA6,旋覆花,CA6
旋覆花,CA7,旋覆花,CA7
旋覆花,CA9,旋覆花,CA9
旋覆花,CYP2C19,旋覆花,CYP2C19
旋覆花,CYP2C9,旋覆花,CYP2C9
旋覆花,CYP3A4,旋覆花,CYP3A4
旋覆花,DPP4,旋覆花,DPP4
旋覆花,ESR1,旋覆花,ESR1
旋覆花,ESR2,旋覆花,ESR2
旋覆花,GBA,旋覆花,GBA
旋覆花,HCAR2,旋覆花,HCAR2
旋覆花,MAPT,旋覆花,MAPT
旋覆花,PARP1,旋覆花,PARP1
旋覆花,PIM1,旋覆花,PIM1
旋覆花,POLB,旋覆花,POLB
旋覆花,TNKS,旋覆花,TNKS
旋覆花,TNKS2,旋覆花,TNKS2
旋覆花,TTR,旋覆花,TTR
旋覆花,TYR,旋覆花,TYR
木蝴蝶,ABCB1,木蝴蝶,ABCB1
木蝴蝶,ABCC1,木蝴蝶,ABCC1
木蝴蝶,ABCG2,木蝴蝶,ABCG2
木蝴蝶,ACHE,木蝴蝶,ACHE
木蝴蝶,ADORA1,木蝴蝶,ADORA1
木蝴蝶,ADORA2A,木蝴蝶,ADORA2A
木蝴蝶,ADORA2B,木蝴蝶,ADORA2B
木蝴蝶,ADORA3,木蝴蝶,ADORA3
木蝴蝶,ADRB2,木蝴蝶,ADRB2
木蝴蝶,AKR1B1,木蝴蝶,AKR1B1
木蝴蝶,AKR1B10,木蝴蝶,AKR1B10
木蝴蝶,AKT1,木蝴蝶,AKT1
木蝴蝶,ALDH2,木蝴蝶,ALDH2
木蝴蝶,ALK,木蝴蝶,ALK
木蝴蝶,ALOX12,木蝴蝶,ALOX12
木蝴蝶,ALOX15,木蝴蝶,ALOX15
木蝴蝶,ALOX5,木蝴蝶,ALOX5
木蝴蝶,ALPI,木蝴蝶,ALPI
木蝴蝶,ALPL,木蝴蝶,ALPL
木蝴蝶,AMY1A,木蝴蝶,AMY1A
木蝴蝶,APEX1,木蝴蝶,APEX1
木蝴蝶,APP,木蝴蝶,APP
木蝴蝶,AR,木蝴蝶,AR
木蝴蝶,AURKB,木蝴蝶,AURKB
木蝴蝶,AVPR2,木蝴蝶,AVPR2
木蝴蝶,AXL,木蝴蝶,AXL
木蝴蝶,BACE1,木蝴蝶,BACE1
木蝴蝶,BCHE,木蝴蝶,BCHE
木蝴蝶,BCL2,木蝴蝶,BCL2
木蝴蝶,BCL2L1,木蝴蝶,BCL2L1
木蝴蝶,BCR,木蝴蝶,BCR
木蝴蝶,CA1,木蝴蝶,CA1
木蝴蝶,CA12,木蝴蝶,CA12
木蝴蝶,CA13,木蝴蝶,CA13
木蝴蝶,CA14,木蝴蝶,CA14
木蝴蝶,CA2,木蝴蝶,CA2
木蝴蝶,CA3,木蝴蝶,CA3
木蝴蝶,CA4,木蝴蝶,CA4
木蝴蝶,CA5A,木蝴蝶,CA5A
木蝴蝶,CA5B,木蝴蝶,CA5B
木蝴蝶,CA6,木蝴蝶,CA6
木蝴蝶,CA7,木蝴蝶,CA7
木蝴蝶,CA9,木蝴蝶,CA9
木蝴蝶,CAMK2B,木蝴蝶,CAMK2B
木蝴蝶,CBR1,木蝴蝶,CBR1
木蝴蝶,CCR4,木蝴蝶,CCR4
木蝴蝶,CD38,木蝴蝶,CD38
木蝴蝶,CDK6,木蝴蝶,CDK6
木蝴蝶,CNR1,木蝴蝶,CNR1
木蝴蝶,CNR2,木蝴蝶,CNR2
木蝴蝶,CSNK2A1,木蝴蝶,CSNK2A1
木蝴蝶,CTSL,木蝴蝶,CTSL
木蝴蝶,CXCL8,木蝴蝶,CXCL8
木蝴蝶,CXCR1,木蝴蝶,CXCR1
木蝴蝶,CYP19A1,木蝴蝶,CYP19A1
木蝴蝶,CYP1A1,木蝴蝶,CYP1A1
木蝴蝶,CYP1A2,木蝴蝶,CYP1A2
木蝴蝶,CYP1B1,木蝴蝶,CYP1B1
木蝴蝶,CYP2A6,木蝴蝶,CYP2A6
木蝴蝶,CYP2B6,木蝴蝶,CYP2B6
木蝴蝶,CYP2C19,木蝴蝶,CYP2C19
木蝴蝶,CYP2C8,木蝴蝶,CYP2C8
木蝴蝶,CYP2C9,木蝴蝶,CYP2C9
木蝴蝶,CYP2D6,木蝴蝶,CYP2D6
木蝴蝶,CYP2J2,木蝴蝶,CYP2J2
木蝴蝶,CYP3A4,木蝴蝶,CYP3A4
木蝴蝶,DAPK1,木蝴蝶,DAPK1
木蝴蝶,DPP4,木蝴蝶,DPP4
木蝴蝶,DRD1,木蝴蝶,DRD1
木蝴蝶,EGFR,木蝴蝶,EGFR
木蝴蝶,EGLN1,木蝴蝶,EGLN1
木蝴蝶,EHMT2,木蝴蝶,EHMT2
木蝴蝶,EPHX2,木蝴蝶,EPHX2
木蝴蝶,ERBB2,木蝴蝶,ERBB2
木蝴蝶,ESR1,木蝴蝶,ESR1
木蝴蝶,ESR2,木蝴蝶,ESR2
木蝴蝶,ESRRA,木蝴蝶,ESRRA
木蝴蝶,F2,木蝴蝶,F2
木蝴蝶,FASN,木蝴蝶,FASN
木蝴蝶,FLT3,木蝴蝶,FLT3
木蝴蝶,GAA,木蝴蝶,GAA
木蝴蝶,GBA,木蝴蝶,GBA
木蝴蝶,GLO1,木蝴蝶,GLO1
木蝴蝶,GPR35,木蝴蝶,GPR35
木蝴蝶,GRK6,木蝴蝶,GRK6
木蝴蝶,GSK3B,木蝴蝶,GSK3B
木蝴蝶,HIF1A,木蝴蝶,HIF1A
木蝴蝶,HSD11B1,木蝴蝶,HSD11B1
木蝴蝶,HSD17B1,木蝴蝶,HSD17B1
木蝴蝶,HSD17B2,木蝴蝶,HSD17B2
木蝴蝶,HSD17B3,木蝴蝶,HSD17B3
木蝴蝶,HSPA8,木蝴蝶,HSPA8
木蝴蝶,HTR1A,木蝴蝶,HTR1A
木蝴蝶,HTR7,木蝴蝶,HTR7
木蝴蝶,IDH1,木蝴蝶,IDH1
木蝴蝶,IGF1R,木蝴蝶,IGF1R
木蝴蝶,INSR,木蝴蝶,INSR
木蝴蝶,KDM4E,木蝴蝶,KDM4E
木蝴蝶,KDR,木蝴蝶,KDR
木蝴蝶,KMT2A,木蝴蝶,KMT2A
木蝴蝶,MAOA,木蝴蝶,MAOA
木蝴蝶,MAOB,木蝴蝶,MAOB
木蝴蝶,MAP2K1,木蝴蝶,MAP2K1
木蝴蝶,MAPK1,木蝴蝶,MAPK1
木蝴蝶,MAPK14,木蝴蝶,MAPK14
木蝴蝶,MAPKAPK2,木蝴蝶,MAPKAPK2
木蝴蝶,MAPT,木蝴蝶,MAPT
木蝴蝶,MET,木蝴蝶,MET
木蝴蝶,MMP12,木蝴蝶,MMP12
木蝴蝶,MMP13,木蝴蝶,MMP13
木蝴蝶,MMP2,木蝴蝶,MMP2
木蝴蝶,MMP3,木蝴蝶,MMP3
木蝴蝶,MMP9,木蝴蝶,MMP9
木蝴蝶,MPG,木蝴蝶,MPG
木蝴蝶,NEK2,木蝴蝶,NEK2
木蝴蝶,NEK6,木蝴蝶,NEK6
木蝴蝶,NFKB1,木蝴蝶,NFKB1
木蝴蝶,NQO2,木蝴蝶,NQO2
木蝴蝶,NUAK1,木蝴蝶,NUAK1
木蝴蝶,ODC1,木蝴蝶,ODC1
木蝴蝶,OPRD1,木蝴蝶,OPRD1
木蝴蝶,OPRK1,木蝴蝶,OPRK1
木蝴蝶,OPRM1,木蝴蝶,OPRM1
木蝴蝶,PARP1,木蝴蝶,PARP1
木蝴蝶,PDE5A,木蝴蝶,PDE5A
木蝴蝶,PIK3CA,木蝴蝶,PIK3CA
木蝴蝶,PIK3CB,木蝴蝶,PIK3CB
木蝴蝶,PIK3CG,木蝴蝶,PIK3CG
木蝴蝶,PIM1,木蝴蝶,PIM1
木蝴蝶,PKN1,木蝴蝶,PKN1
木蝴蝶,PLG,木蝴蝶,PLG
木蝴蝶,PLK1,木蝴蝶,PLK1
木蝴蝶,PNP,木蝴蝶,PNP
木蝴蝶,POLB,木蝴蝶,POLB
木蝴蝶,PPARA,木蝴蝶,PPARA
木蝴蝶,PPARD,木蝴蝶,PPARD
木蝴蝶,PPARG,木蝴蝶,PPARG
木蝴蝶,PRKCA,木蝴蝶,PRKCA
木蝴蝶,PTGS1,木蝴蝶,PTGS1
木蝴蝶,PTGS2,木蝴蝶,PTGS2
木蝴蝶,PTK2,木蝴蝶,PTK2
木蝴蝶,PTPN1,木蝴蝶,PTPN1
木蝴蝶,PTPN6,木蝴蝶,PTPN6
木蝴蝶,PTPRS,木蝴蝶,PTPRS
木蝴蝶,PYGL,木蝴蝶,PYGL
木蝴蝶,RORC,木蝴蝶,RORC
木蝴蝶,SLC15A2,木蝴蝶,SLC15A2
木蝴蝶,SLC22A1,木蝴蝶,SLC22A1
木蝴蝶,SLC28A1,木蝴蝶,SLC28A1
木蝴蝶,SLC28A2,木蝴蝶,SLC28A2
木蝴蝶,SLC28A3,木蝴蝶,SLC28A3
木蝴蝶,SLCO1B1,木蝴蝶,SLCO1B1
木蝴蝶,SLCO1B3,木蝴蝶,SLCO1B3
木蝴蝶,SLCO2B1,木蝴蝶,SLCO2B1
木蝴蝶,SRC,木蝴蝶,SRC
木蝴蝶,SYK,木蝴蝶,SYK
木蝴蝶,TERT,木蝴蝶,TERT
木蝴蝶,THRB,木蝴蝶,THRB
木蝴蝶,TNKS,木蝴蝶,TNKS
木蝴蝶,TNKS2,木蝴蝶,TNKS2
木蝴蝶,TOP1,木蝴蝶,TOP1
木蝴蝶,TOP2A,木蝴蝶,TOP2A
木蝴蝶,TRPV1,木蝴蝶,TRPV1
木蝴蝶,TTR,木蝴蝶,TTR
木蝴蝶,TYR,木蝴蝶,TYR
木蝴蝶,UGT1A1,木蝴蝶,UGT1A1
木蝴蝶,XDH,木蝴蝶,XDH
木通,ACHE,木通,ACHE
木通,ACP1,木通,ACP1
木通,AKR1B1,木通,AKR1B1
木通,AKR1B10,木通,AKR1B10
木通,ALOX15,木通,ALOX15
木通,APP,木通,APP
木通,AR,木通,AR
木通,BACE1,木通,BACE1
木通,CA1,木通,CA1
木通,CA2,木通,CA2
木通,CA4,木通,CA4
木通,CA6,木通,CA6
木通,CDC25B,木通,CDC25B
木通,CTSL,木通,CTSL
木通,CXCL8,木通,CXCL8
木通,CYP19A1,木通,CYP19A1
木通,CYP1A2,木通,CYP1A2
木通,CYP2A6,木通,CYP2A6
木通,CYP2C19,木通,CYP2C19
木通,CYP2C9,木通,CYP2C9
木通,CYP3A4,木通,CYP3A4
木通,DUSP3,木通,DUSP3
木通,EHMT2,木通,EHMT2
木通,ESR1,木通,ESR1
木通,F3,木通,F3
木通,FABP2,木通,FABP2
木通,FABP3,木通,FABP3
木通,FABP4,木通,FABP4
木通,FABP5,木通,FABP5
木通,GAA,木通,GAA
木通,GBA,木通,GBA
木通,HIF1A,木通,HIF1A
木通,HTR7,木通,HTR7
木通,IDH1,木通,IDH1
木通,IDO1,木通,IDO1
木通,KDM4E,木通,KDM4E
木通,MAPK1,木通,MAPK1
木通,MAPT,木通,MAPT
木通,MGLL,木通,MGLL
木通,MPG,木通,MPG
木通,NOS2,木通,NOS2
木通,NR1H4,木通,NR1H4
木通,PDE5A,木通,PDE5A
木通,PPARA,木通,PPARA
木通,PPARD,木通,PPARD
木通,PPARG,木通,PPARG
木通,PRKCA,木通,PRKCA
木通,PTGS1,木通,PTGS1
木通,PTGS2,木通,PTGS2
木通,PTPN1,木通,PTPN1
木通,PTPN11,木通,PTPN11
木通,PTPN2,木通,PTPN2
木通,PTPN6,木通,PTPN6
木通,PTPRF,木通,PTPRF
木通,RORC,木通,RORC
木通,SOAT1,木通,SOAT1
木通,SRC,木通,SRC
木通,STAT3,木通,STAT3
木通,TERT,木通,TERT
木通,TLR2,木通,TLR2
木通,TOP1,木通,TOP1
木通,TOP2A,木通,TOP2A
木通,TRPV1,木通,TRPV1
木通,UGT1A1,木通,UGT1A1
杏仁,ABCC1,杏仁,ABCC1
杏仁,ABCG2,杏仁,ABCG2
杏仁,ACHE,杏仁,ACHE
杏仁,ADORA3,杏仁,ADORA3
杏仁,AKR1B1,杏仁,AKR1B1
杏仁,AKR1B10,杏仁,AKR1B10
杏仁,AKT1,杏仁,AKT1
杏仁,ALDH2,杏仁,ALDH2
杏仁,ALK,杏仁,ALK
杏仁,ALOX12,杏仁,ALOX12
杏仁,ALOX15,杏仁,ALOX15
杏仁,ALOX5,杏仁,ALOX5
杏仁,ALPI,杏仁,ALPI
杏仁,ALPL,杏仁,ALPL
杏仁,AMY1A,杏仁,AMY1A
杏仁,APEX1,杏仁,APEX1
杏仁,APP,杏仁,APP
杏仁,AR,杏仁,AR
杏仁,AURKB,杏仁,AURKB
杏仁,AVPR2,杏仁,AVPR2
杏仁,AXL,杏仁,AXL
杏仁,BACE1,杏仁,BACE1
杏仁,BCHE,杏仁,BCHE
杏仁,CA1,杏仁,CA1
杏仁,CA12,杏仁,CA12
杏仁,CA14,杏仁,CA14
杏仁,CA2,杏仁,CA2
杏仁,CA3,杏仁,CA3
杏仁,CA4,杏仁,CA4
杏仁,CA5A,杏仁,CA5A
杏仁,CA5B,杏仁,CA5B
杏仁,CA6,杏仁,CA6
杏仁,CA7,杏仁,CA7
杏仁,CA9,杏仁,CA9
杏仁,CAMK2B,杏仁,CAMK2B
杏仁,CCR4,杏仁,CCR4
杏仁,CD38,杏仁,CD38
杏仁,CDK6,杏仁,CDK6
杏仁,CXCL8,杏仁,CXCL8
杏仁,CXCR1,杏仁,CXCR1
杏仁,CYP19A1,杏仁,CYP19A1
杏仁,CYP1A1,杏仁,CYP1A1
杏仁,CYP1A2,杏仁,CYP1A2
杏仁,CYP1B1,杏仁,CYP1B1
杏仁,CYP2A6,杏仁,CYP2A6
杏仁,CYP2C19,杏仁,CYP2C19
杏仁,CYP2C8,杏仁,CYP2C8
杏仁,CYP2C9,杏仁,CYP2C9
杏仁,CYP2D6,杏仁,CYP2D6
杏仁,CYP2J2,杏仁,CYP2J2
杏仁,CYP3A4,杏仁,CYP3A4
杏仁,DAO,杏仁,DAO
杏仁,DAPK1,杏仁,DAPK1
杏仁,DPP4,杏仁,DPP4
杏仁,DRD1,杏仁,DRD1
杏仁,DUSP3,杏仁,DUSP3
杏仁,EGFR,杏仁,EGFR
杏仁,EHMT2,杏仁,EHMT2
杏仁,EPHX2,杏仁,EPHX2
杏仁,ESR1,杏仁,ESR1
杏仁,ESRRA,杏仁,ESRRA
杏仁,F2,杏仁,F2
杏仁,F3,杏仁,F3
杏仁,FABP2,杏仁,FABP2
杏仁,FABP3,杏仁,FABP3
杏仁,FABP4,杏仁,FABP4
杏仁,FABP5,杏仁,FABP5
杏仁,FLT3,杏仁,FLT3
杏仁,GAA,杏仁,GAA
杏仁,GBA,杏仁,GBA
杏仁,GLO1,杏仁,GLO1
杏仁,GPR35,杏仁,GPR35
杏仁,GRM5,杏仁,GRM5
杏仁,GSK3B,杏仁,GSK3B
杏仁,HIF1A,杏仁,HIF1A
杏仁,HSD11B1,杏仁,HSD11B1
杏仁,HSD17B1,杏仁,HSD17B1
杏仁,HSD17B2,杏仁,HSD17B2
杏仁,HTR1A,杏仁,HTR1A
杏仁,IDH1,杏仁,IDH1
杏仁,IGF1R,杏仁,IGF1R
杏仁,KCNH2,杏仁,KCNH2
杏仁,KDM4E,杏仁,KDM4E
杏仁,KDR,杏仁,KDR
杏仁,KMT2A,杏仁,KMT2A
杏仁,MAP2K1,杏仁,MAP2K1
杏仁,MAPK1,杏仁,MAPK1
杏仁,MAPK14,杏仁,MAPK14
杏仁,MAPKAPK2,杏仁,MAPKAPK2
杏仁,MAPT,杏仁,MAPT
杏仁,MET,杏仁,MET
杏仁,MMP12,杏仁,MMP12
杏仁,MMP13,杏仁,MMP13
杏仁,MMP2,杏仁,MMP2
杏仁,MMP3,杏仁,MMP3
杏仁,MMP9,杏仁,MMP9
杏仁,MPG,杏仁,MPG
杏仁,NEK2,杏仁,NEK2
杏仁,NEK6,杏仁,NEK6
杏仁,NFKB1,杏仁,NFKB1
杏仁,NR1I2,杏仁,NR1I2
杏仁,NUAK1,杏仁,NUAK1
杏仁,PDE5A,杏仁,PDE5A
杏仁,PIK3CG,杏仁,PIK3CG
杏仁,PIM1,杏仁,PIM1
杏仁,PKN1,杏仁,PKN1
杏仁,PLG,杏仁,PLG
杏仁,PLK1,杏仁,PLK1
杏仁,POLB,杏仁,POLB
杏仁,PPARA,杏仁,PPARA
杏仁,PPARD,杏仁,PPARD
杏仁,PPARG,杏仁,PPARG
杏仁,PRKCA,杏仁,PRKCA
杏仁,PTGS1,杏仁,PTGS1
杏仁,PTGS2,杏仁,PTGS2
杏仁,PTK2,杏仁,PTK2
杏仁,PTPN1,杏仁,PTPN1
杏仁,PTPRS,杏仁,PTPRS
杏仁,PYGL,杏仁,PYGL
杏仁,RORC,杏仁,RORC
杏仁,SLC22A1,杏仁,SLC22A1
杏仁,SLCO1B1,杏仁,SLCO1B1
杏仁,SLCO1B3,杏仁,SLCO1B3
杏仁,SLCO2B1,杏仁,SLCO2B1
杏仁,SOAT1,杏仁,SOAT1
杏仁,SRC,杏仁,SRC
杏仁,SYK,杏仁,SYK
杏仁,TERT,杏仁,TERT
杏仁,THRB,杏仁,THRB
杏仁,TLR2,杏仁,TLR2
杏仁,TOP2A,杏仁,TOP2A
杏仁,TYR,杏仁,TYR
杏仁,UGT1A1,杏仁,UGT1A1
杏仁,XDH,杏仁,XDH
板蓝根,ABCB1,板蓝根,ABCB1
板蓝根,ABCB11,板蓝根,ABCB11
板蓝根,ACHE,板蓝根,ACHE
板蓝根,ADORA1,板蓝根,ADORA1
板蓝根,ADORA2A,板蓝根,ADORA2A
板蓝根,ADORA2B,板蓝根,ADORA2B
板蓝根,ADORA3,板蓝根,ADORA3
板蓝根,AKR1B1,板蓝根,AKR1B1
板蓝根,ALOX15,板蓝根,ALOX15
板蓝根,ALOX5,板蓝根,ALOX5
板蓝根,AMY1A,板蓝根,AMY1A
板蓝根,BCHE,板蓝根,BCHE
板蓝根,CA1,板蓝根,CA1
板蓝根,CA12,板蓝根,CA12
板蓝根,CA14,板蓝根,CA14
板蓝根,CA2,板蓝根,CA2
板蓝根,CA3,板蓝根,CA3
板蓝根,CA4,板蓝根,CA4
板蓝根,CA5A,板蓝根,CA5A
板蓝根,CA5B,板蓝根,CA5B
板蓝根,CA6,板蓝根,CA6
板蓝根,CA7,板蓝根,CA7
板蓝根,CA9,板蓝根,CA9
板蓝根,CES1,板蓝根,CES1
板蓝根,CYP19A1,板蓝根,CYP19A1
板蓝根,CYP1A1,板蓝根,CYP1A1
板蓝根,CYP1A2,板蓝根,CYP1A2
板蓝根,CYP1B1,板蓝根,CYP1B1
板蓝根,CYP2A6,板蓝根,CYP2A6
板蓝根,CYP2C19,板蓝根,CYP2C19
板蓝根,CYP2C9,板蓝根,CYP2C9
板蓝根,CYP2D6,板蓝根,CYP2D6
板蓝根,CYP3A4,板蓝根,CYP3A4
板蓝根,DAO,板蓝根,DAO
板蓝根,DHFR,板蓝根,DHFR
板蓝根,DRD1,板蓝根,DRD1
板蓝根,EGFR,板蓝根,EGFR
板蓝根,EHMT2,板蓝根,EHMT2
板蓝根,ERBB2,板蓝根,ERBB2
板蓝根,FABP2,板蓝根,FABP2
板蓝根,FABP3,板蓝根,FABP3
板蓝根,FABP4,板蓝根,FABP4
板蓝根,FABP5,板蓝根,FABP5
板蓝根,GABRR1,板蓝根,GABRR1
板蓝根,GRM5,板蓝根,GRM5
板蓝根,GSK3B,板蓝根,GSK3B
板蓝根,HIF1A,板蓝根,HIF1A
板蓝根,HKDC1,板蓝根,HKDC1
板蓝根,HSD17B1,板蓝根,HSD17B1
板蓝根,HSD17B2,板蓝根,HSD17B2
板蓝根,HSPA8,板蓝根,HSPA8
板蓝根,IDO1,板蓝根,IDO1
板蓝根,KDM4E,板蓝根,KDM4E
板蓝根,KMT2A,板蓝根,KMT2A
板蓝根,MAOA,板蓝根,MAOA
板蓝根,MAOB,板蓝根,MAOB
板蓝根,MAPK1,板蓝根,MAPK1
板蓝根,MAPT,板蓝根,MAPT
板蓝根,MMP1,板蓝根,MMP1
板蓝根,MMP2,板蓝根,MMP2
板蓝根,MMP3,板蓝根,MMP3
板蓝根,MMP9,板蓝根,MMP9
板蓝根,NQO1,板蓝根,NQO1
板蓝根,NR1I2,板蓝根,NR1I2
板蓝根,OPRM1,板蓝根,OPRM1
板蓝根,PDPK1,板蓝根,PDPK1
板蓝根,PNP,板蓝根,PNP
板蓝根,PPARA,板蓝根,PPARA
板蓝根,PPARD,板蓝根,PPARD
板蓝根,PPARG,板蓝根,PPARG
板蓝根,PTGS1,板蓝根,PTGS1
板蓝根,PTGS2,板蓝根,PTGS2
板蓝根,SLC28A1,板蓝根,SLC28A1
板蓝根,SLC28A2,板蓝根,SLC28A2
板蓝根,SLC28A3,板蓝根,SLC28A3
板蓝根,TGM2,板蓝根,TGM2
板蓝根,THRB,板蓝根,THRB
板蓝根,TLR2,板蓝根,TLR2
板蓝根,TOP2A,板蓝根,TOP2A
枳壳,ABCB1,枳壳,ABCB1
枳壳,ABCB11,枳壳,ABCB11
枳壳,ABCC1,枳壳,ABCC1
枳壳,ABCG2,枳壳,ABCG2
枳壳,ACHE,枳壳,ACHE
枳壳,ADORA3,枳壳,ADORA3
枳壳,ADRA2B,枳壳,ADRA2B
枳壳,ADRB2,枳壳,ADRB2
枳壳,AKR1B1,枳壳,AKR1B1
枳壳,AKR1B10,枳壳,AKR1B10
枳壳,AKR1C2,枳壳,AKR1C2
枳壳,AKR1C3,枳壳,AKR1C3
枳壳,AKR1C4,枳壳,AKR1C4
枳壳,AKT1,枳壳,AKT1
枳壳,ALK,枳壳,ALK
枳壳,ALOX12,枳壳,ALOX12
枳壳,ALOX15,枳壳,ALOX15
枳壳,ALOX5,枳壳,ALOX5
枳壳,AMY1A,枳壳,AMY1A
枳壳,APEX1,枳壳,APEX1
枳壳,APP,枳壳,APP
枳壳,AR,枳壳,AR
枳壳,AURKB,枳壳,AURKB
枳壳,AVPR2,枳壳,AVPR2
枳壳,AXL,枳壳,AXL
枳壳,BACE1,枳壳,BACE1
枳壳,BCHE,枳壳,BCHE
枳壳,CA1,枳壳,CA1
枳壳,CA12,枳壳,CA12
枳壳,CA14,枳壳,CA14
枳壳,CA2,枳壳,CA2
枳壳,CA3,枳壳,CA3
枳壳,CA4,枳壳,CA4
枳壳,CA5A,枳壳,CA5A
枳壳,CA5B,枳壳,CA5B
枳壳,CA6,枳壳,CA6
枳壳,CA7,枳壳,CA7
枳壳,CA9,枳壳,CA9
枳壳,CAMK2B,枳壳,CAMK2B
枳壳,CBR1,枳壳,CBR1
枳壳,CCR4,枳壳,CCR4
枳壳,CD38,枳壳,CD38
枳壳,CDK6,枳壳,CDK6
枳壳,CHRM1,枳壳,CHRM1
枳壳,CHRM2,枳壳,CHRM2
枳壳,CHRM3,枳壳,CHRM3
枳壳,CHRM4,枳壳,CHRM4
枳壳,CHRM5,枳壳,CHRM5
枳壳,CHRNA3,枳壳,CHRNA3
枳壳,CHRNA7,枳壳,CHRNA7
枳壳,CSNK2A1,枳壳,CSNK2A1
枳壳,CTBP2,枳壳,CTBP2
枳壳,CXCL8,枳壳,CXCL8
枳壳,CXCR1,枳壳,CXCR1
枳壳,CYP19A1,枳壳,CYP19A1
枳壳,CYP1A1,枳壳,CYP1A1
枳壳,CYP1A2,枳壳,CYP1A2
枳壳,CYP1B1,枳壳,CYP1B1
枳壳,CYP2A6,枳壳,CYP2A6
枳壳,CYP2C19,枳壳,CYP2C19
枳壳,CYP2C8,枳壳,CYP2C8
枳壳,CYP2C9,枳壳,CYP2C9
枳壳,CYP2D6,枳壳,CYP2D6
枳壳,CYP2J2,枳壳,CYP2J2
枳壳,CYP3A4,枳壳,CYP3A4
枳壳,DAO,枳壳,DAO
枳壳,DAPK1,枳壳,DAPK1
枳壳,DPP4,枳壳,DPP4
枳壳,DRD1,枳壳,DRD1
枳壳,DRD2,枳壳,DRD2
枳壳,DUSP3,枳壳,DUSP3
枳壳,EGFR,枳壳,EGFR
枳壳,EGLN1,枳壳,EGLN1
枳壳,EHMT2,枳壳,EHMT2
枳壳,EPHX2,枳壳,EPHX2
枳壳,ESR1,枳壳,ESR1
枳壳,ESR2,枳壳,ESR2
枳壳,ESRRA,枳壳,ESRRA
枳壳,F2,枳壳,F2
枳壳,FABP2,枳壳,FABP2
枳壳,FABP3,枳壳,FABP3
枳壳,FABP4,枳壳,FABP4
枳壳,FABP5,枳壳,FABP5
枳壳,FASN,枳壳,FASN
枳壳,FLT3,枳壳,FLT3
枳壳,GAA,枳壳,GAA
枳壳,GBA,枳壳,GBA
枳壳,GLO1,枳壳,GLO1
枳壳,GPR35,枳壳,GPR35
枳壳,GRM5,枳壳,GRM5
枳壳,GSK3B,枳壳,GSK3B
枳壳,HCAR2,枳壳,HCAR2
枳壳,HIF1A,枳壳,HIF1A
枳壳,HSD11B1,枳壳,HSD11B1
枳壳,HSD17B1,枳壳,HSD17B1
枳壳,HSD17B2,枳壳,HSD17B2
枳壳,HTR1A,枳壳,HTR1A
枳壳,HTR7,枳壳,HTR7
枳壳,IDH1,枳壳,IDH1
枳壳,IDO1,枳壳,IDO1
枳壳,IGF1R,枳壳,IGF1R
枳壳,INSR,枳壳,INSR
枳壳,KCNH2,枳壳,KCNH2
枳壳,KDM4E,枳壳,KDM4E
枳壳,KDR,枳壳,KDR
枳壳,KMT2A,枳壳,KMT2A
枳壳,MAOA,枳壳,MAOA
枳壳,MAP2K1,枳壳,MAP2K1
枳壳,MAPK1,枳壳,MAPK1
枳壳,MAPK14,枳壳,MAPK14
枳壳,MAPKAPK2,枳壳,MAPKAPK2
枳壳,MAPT,枳壳,MAPT
枳壳,MET,枳壳,MET
枳壳,MMP1,枳壳,MMP1
枳壳,MMP12,枳壳,MMP12
枳壳,MMP13,枳壳,MMP13
枳壳,MMP2,枳壳,MMP2
枳壳,MMP3,枳壳,MMP3
枳壳,MMP9,枳壳,MMP9
枳壳,MPG,枳壳,MPG
枳壳,NEK2,枳壳,NEK2
枳壳,NEK6,枳壳,NEK6
枳壳,NFKB1,枳壳,NFKB1
枳壳,NR1H4,枳壳,NR1H4
枳壳,NT5E,枳壳,NT5E
枳壳,NUAK1,枳壳,NUAK1
枳壳,PARP1,枳壳,PARP1
枳壳,PDE5A,枳壳,PDE5A
枳壳,PIK3CG,枳壳,PIK3CG
枳壳,PIM1,枳壳,PIM1
枳壳,PKN1,枳壳,PKN1
枳壳,PLG,枳壳,PLG
枳壳,PLK1,枳壳,PLK1
枳壳,POLA1,枳壳,POLA1
枳壳,POLB,枳壳,POLB
枳壳,PPARA,枳壳,PPARA
枳壳,PPARD,枳壳,PPARD
枳壳,PPARG,枳壳,PPARG
枳壳,PRKCA,枳壳,PRKCA
枳壳,PTGS1,枳壳,PTGS1
枳壳,PTGS2,枳壳,PTGS2
枳壳,PTK2,枳壳,PTK2
枳壳,PTPN1,枳壳,PTPN1
枳壳,PTPRS,枳壳,PTPRS
枳壳,PYGL,枳壳,PYGL
枳壳,RORC,枳壳,RORC
枳壳,SHBG,枳壳,SHBG
枳壳,SLC22A1,枳壳,SLC22A1
枳壳,SLCO1B1,枳壳,SLCO1B1
枳壳,SLCO1B3,枳壳,SLCO1B3
枳壳,SLCO2B1,枳壳,SLCO2B1
枳壳,SRC,枳壳,SRC
枳壳,STAT3,枳壳,STAT3
枳壳,SYK,枳壳,SYK
枳壳,TBXAS1,枳壳,TBXAS1
枳壳,THRB,枳壳,THRB
枳壳,TLR2,枳壳,TLR2
枳壳,TNKS,枳壳,TNKS
枳壳,TNKS2,枳壳,TNKS2
枳壳,TOP2A,枳壳,TOP2A
枳壳,TRPV1,枳壳,TRPV1
枳壳,TTR,枳壳,TTR
枳壳,TYR,枳壳,TYR
枳壳,UBE2N,枳壳,UBE2N
枳壳,UGT1A1,枳壳,UGT1A1
枳壳,XDH,枳壳,XDH
枳壳,XPO1,枳壳,XPO1
枳实,ABCB1,枳实,ABCB1
枳实,ABCB11,枳实,ABCB11
枳实,ABCC1,枳实,ABCC1
枳实,ABCG2,枳实,ABCG2
枳实,ACHE,枳实,ACHE
枳实,ADORA3,枳实,ADORA3
枳实,ADRA2B,枳实,ADRA2B
枳实,ADRB2,枳实,ADRB2
枳实,AKR1B1,枳实,AKR1B1
枳实,AKR1B10,枳实,AKR1B10
枳实,AKR1C2,枳实,AKR1C2
枳实,AKR1C3,枳实,AKR1C3
枳实,AKR1C4,枳实,AKR1C4
枳实,AKT1,枳实,AKT1
枳实,ALK,枳实,ALK
枳实,ALOX12,枳实,ALOX12
枳实,ALOX15,枳实,ALOX15
枳实,ALOX5,枳实,ALOX5
枳实,AMY1A,枳实,AMY1A
枳实,APEX1,枳实,APEX1
枳实,APP,枳实,APP
枳实,AR,枳实,AR
枳实,AURKB,枳实,AURKB
枳实,AVPR2,枳实,AVPR2
枳实,AXL,枳实,AXL
枳实,BACE1,枳实,BACE1
枳实,BCHE,枳实,BCHE
枳实,CA1,枳实,CA1
枳实,CA12,枳实,CA12
枳实,CA14,枳实,CA14
枳实,CA2,枳实,CA2
枳实,CA3,枳实,CA3
枳实,CA4,枳实,CA4
枳实,CA5A,枳实,CA5A
枳实,CA5B,枳实,CA5B
枳实,CA6,枳实,CA6
枳实,CA7,枳实,CA7
枳实,CA9,枳实,CA9
枳实,CAMK2B,枳实,CAMK2B
枳实,CBR1,枳实,CBR1
枳实,CCR4,枳实,CCR4
枳实,CD38,枳实,CD38
枳实,CDK6,枳实,CDK6
枳实,CHRM1,枳实,CHRM1
枳实,CHRM2,枳实,CHRM2
枳实,CHRM3,枳实,CHRM3
枳实,CHRM4,枳实,CHRM4
枳实,CHRM5,枳实,CHRM5
枳实,CHRNA3,枳实,CHRNA3
枳实,CHRNA7,枳实,CHRNA7
枳实,CSNK2A1,枳实,CSNK2A1
枳实,CTBP2,枳实,CTBP2
枳实,CXCL8,枳实,CXCL8
枳实,CXCR1,枳实,CXCR1
枳实,CYP19A1,枳实,CYP19A1
枳实,CYP1A1,枳实,CYP1A1
枳实,CYP1A2,枳实,CYP1A2
枳实,CYP1B1,枳实,CYP1B1
枳实,CYP2A6,枳实,CYP2A6
枳实,CYP2C19,枳实,CYP2C19
枳实,CYP2C8,枳实,CYP2C8
枳实,CYP2C9,枳实,CYP2C9
枳实,CYP2D6,枳实,CYP2D6
枳实,CYP2J2,枳实,CYP2J2
枳实,CYP3A4,枳实,CYP3A4
枳实,DAO,枳实,DAO
枳实,DAPK1,枳实,DAPK1
枳实,DPP4,枳实,DPP4
枳实,DRD1,枳实,DRD1
枳实,DRD2,枳实,DRD2
枳实,DUSP3,枳实,DUSP3
枳实,EGFR,枳实,EGFR
枳实,EGLN1,枳实,EGLN1
枳实,EHMT2,枳实,EHMT2
枳实,EPHX2,枳实,EPHX2
枳实,ESR1,枳实,ESR1
枳实,ESR2,枳实,ESR2
枳实,ESRRA,枳实,ESRRA
枳实,F2,枳实,F2
枳实,FABP2,枳实,FABP2
枳实,FABP3,枳实,FABP3
枳实,FABP4,枳实,FABP4
枳实,FABP5,枳实,FABP5
枳实,FASN,枳实,FASN
枳实,FLT3,枳实,FLT3
枳实,GAA,枳实,GAA
枳实,GBA,枳实,GBA
枳实,GLO1,枳实,GLO1
枳实,GPR35,枳实,GPR35
枳实,GRM5,枳实,GRM5
枳实,GSK3B,枳实,GSK3B
枳实,HCAR2,枳实,HCAR2
枳实,HIF1A,枳实,HIF1A
枳实,HSD11B1,枳实,HSD11B1
枳实,HSD17B1,枳实,HSD17B1
枳实,HSD17B2,枳实,HSD17B2
枳实,HTR1A,枳实,HTR1A
枳实,HTR7,枳实,HTR7
枳实,IDH1,枳实,IDH1
枳实,IDO1,枳实,IDO1
枳实,IGF1R,枳实,IGF1R
枳实,INSR,枳实,INSR
枳实,KCNH2,枳实,KCNH2
枳实,KDM4E,枳实,KDM4E
枳实,KDR,枳实,KDR
枳实,KMT2A,枳实,KMT2A
枳实,MAOA,枳实,MAOA
枳实,MAP2K1,枳实,MAP2K1
枳实,MAPK1,枳实,MAPK1
枳实,MAPK14,枳实,MAPK14
枳实,MAPKAPK2,枳实,MAPKAPK2
枳实,MAPT,枳实,MAPT
枳实,MET,枳实,MET
枳实,MMP1,枳实,MMP1
枳实,MMP12,枳实,MMP12
枳实,MMP13,枳实,MMP13
枳实,MMP2,枳实,MMP2
枳实,MMP3,枳实,MMP3
枳实,MMP9,枳实,MMP9
枳实,MPG,枳实,MPG
枳实,NEK2,枳实,NEK2
枳实,NEK6,枳实,NEK6
枳实,NFKB1,枳实,NFKB1
枳实,NR1H4,枳实,NR1H4
枳实,NT5E,枳实,NT5E
枳实,NUAK1,枳实,NUAK1
枳实,PARP1,枳实,PARP1
枳实,PDE5A,枳实,PDE5A
枳实,PIK3CG,枳实,PIK3CG
枳实,PIM1,枳实,PIM1
枳实,PKN1,枳实,PKN1
枳实,PLG,枳实,PLG
枳实,PLK1,枳实,PLK1
枳实,POLA1,枳实,POLA1
枳实,POLB,枳实,POLB
枳实,PPARA,枳实,PPARA
枳实,PPARD,枳实,PPARD
枳实,PPARG,枳实,PPARG
枳实,PRKCA,枳实,PRKCA
枳实,PTGS1,枳实,PTGS1
枳实,PTGS2,枳实,PTGS2
枳实,PTK2,枳实,PTK2
枳实,PTPN1,枳实,PTPN1
枳实,PTPRS,枳实,PTPRS
枳实,PYGL,枳实,PYGL
枳实,RORC,枳实,RORC
枳实,SHBG,枳实,SHBG
枳实,SLC22A1,枳实,SLC22A1
枳实,SLCO1B1,枳实,SLCO1B1
枳实,SLCO1B3,枳实,SLCO1B3
枳实,SLCO2B1,枳实,SLCO2B1
枳实,SRC,枳实,SRC
枳实,STAT3,枳实,STAT3
枳实,SYK,枳实,SYK
枳实,TBXAS1,枳实,TBXAS1
枳实,THRB,枳实,THRB
枳实,TLR2,枳实,TLR2
枳实,TNKS,枳实,TNKS
枳实,TNKS2,枳实,TNKS2
枳实,TOP2A,枳实,TOP2A
枳实,TRPV1,枳实,TRPV1
枳实,TTR,枳实,TTR
枳实,TYR,枳实,TYR
枳实,UBE2N,枳实,UBE2N
枳实,UGT1A1,枳实,UGT1A1
枳实,XDH,枳实,XDH
枳实,XPO1,枳实,XPO1
柏子仁,MAPT,柏子仁,MAPT
柏子仁,MCL1,柏子仁,MCL1
柏子仁,PLA2G2A,柏子仁,PLA2G2A
柏子仁,PTPN1,柏子仁,PTPN1
柏子仁,THRB,柏子仁,THRB
柏子仁,VCP,柏子仁,VCP
柴胡,ABCB11,柴胡,ABCB11
柴胡,ABCC1,柴胡,ABCC1
柴胡,ABCG2,柴胡,ABCG2
柴胡,ACHE,柴胡,ACHE
柴胡,ADORA3,柴胡,ADORA3
柴胡,ADRB2,柴胡,ADRB2
柴胡,AKR1B1,柴胡,AKR1B1
柴胡,AKR1B10,柴胡,AKR1B10
柴胡,AKT1,柴胡,AKT1
柴胡,ALK,柴胡,ALK
柴胡,ALOX12,柴胡,ALOX12
柴胡,ALOX15,柴胡,ALOX15
柴胡,ALOX5,柴胡,ALOX5
柴胡,ALPI,柴胡,ALPI
柴胡,ALPL,柴胡,ALPL
柴胡,AMY1A,柴胡,AMY1A
柴胡,APEX1,柴胡,APEX1
柴胡,APP,柴胡,APP
柴胡,AR,柴胡,AR
柴胡,AURKB,柴胡,AURKB
柴胡,AVPR2,柴胡,AVPR2
柴胡,AXL,柴胡,AXL
柴胡,BACE1,柴胡,BACE1
柴胡,BCHE,柴胡,BCHE
柴胡,CA1,柴胡,CA1
柴胡,CA12,柴胡,CA12
柴胡,CA14,柴胡,CA14
柴胡,CA2,柴胡,CA2
柴胡,CA3,柴胡,CA3
柴胡,CA4,柴胡,CA4
柴胡,CA5A,柴胡,CA5A
柴胡,CA5B,柴胡,CA5B
柴胡,CA6,柴胡,CA6
柴胡,CA7,柴胡,CA7
柴胡,CA9,柴胡,CA9
柴胡,CAMK2B,柴胡,CAMK2B
柴胡,CCR4,柴胡,CCR4
柴胡,CD38,柴胡,CD38
柴胡,CDK6,柴胡,CDK6
柴胡,CTBP2,柴胡,CTBP2
柴胡,CXCL8,柴胡,CXCL8
柴胡,CXCR1,柴胡,CXCR1
柴胡,CYP19A1,柴胡,CYP19A1
柴胡,CYP1A1,柴胡,CYP1A1
柴胡,CYP1A2,柴胡,CYP1A2
柴胡,CYP1B1,柴胡,CYP1B1
柴胡,CYP2C19,柴胡,CYP2C19
柴胡,CYP2C8,柴胡,CYP2C8
柴胡,CYP2C9,柴胡,CYP2C9
柴胡,CYP2D6,柴胡,CYP2D6
柴胡,CYP2J2,柴胡,CYP2J2
柴胡,CYP3A4,柴胡,CYP3A4
柴胡,DAPK1,柴胡,DAPK1
柴胡,DPP4,柴胡,DPP4
柴胡,DRD1,柴胡,DRD1
柴胡,DUSP3,柴胡,DUSP3
柴胡,EGFR,柴胡,EGFR
柴胡,EGLN1,柴胡,EGLN1
柴胡,EHMT2,柴胡,EHMT2
柴胡,EPHX2,柴胡,EPHX2
柴胡,ESR1,柴胡,ESR1
柴胡,F10,柴胡,F10
柴胡,F2,柴胡,F2
柴胡,F3,柴胡,F3
柴胡,FABP2,柴胡,FABP2
柴胡,FABP3,柴胡,FABP3
柴胡,FABP4,柴胡,FABP4
柴胡,FABP5,柴胡,FABP5
柴胡,FLT3,柴胡,FLT3
柴胡,GAA,柴胡,GAA
柴胡,GABRR1,柴胡,GABRR1
柴胡,GBA,柴胡,GBA
柴胡,GLO1,柴胡,GLO1
柴胡,GLRA1,柴胡,GLRA1
柴胡,GPR35,柴胡,GPR35
柴胡,GSK3B,柴胡,GSK3B
柴胡,HCAR2,柴胡,HCAR2
柴胡,HIF1A,柴胡,HIF1A
柴胡,HSD11B1,柴胡,HSD11B1
柴胡,HSD17B1,柴胡,HSD17B1
柴胡,HSD17B2,柴胡,HSD17B2
柴胡,HSP90AB1,柴胡,HSP90AB1
柴胡,HTR1A,柴胡,HTR1A
柴胡,HTR7,柴胡,HTR7
柴胡,IDH1,柴胡,IDH1
柴胡,IGF1R,柴胡,IGF1R
柴胡,KCNH2,柴胡,KCNH2
柴胡,KDM4E,柴胡,KDM4E
柴胡,KDR,柴胡,KDR
柴胡,KMT2A,柴胡,KMT2A
柴胡,MAP2K1,柴胡,MAP2K1
柴胡,MAPK1,柴胡,MAPK1
柴胡,MAPK14,柴胡,MAPK14
柴胡,MAPK9,柴胡,MAPK9
柴胡,MAPKAPK2,柴胡,MAPKAPK2
柴胡,MAPT,柴胡,MAPT
柴胡,MET,柴胡,MET
柴胡,MGLL,柴胡,MGLL
柴胡,MMP1,柴胡,MMP1
柴胡,MMP12,柴胡,MMP12
柴胡,MMP13,柴胡,MMP13
柴胡,MMP2,柴胡,MMP2
柴胡,MMP3,柴胡,MMP3
柴胡,MMP9,柴胡,MMP9
柴胡,MPG,柴胡,MPG
柴胡,NEK2,柴胡,NEK2
柴胡,NEK6,柴胡,NEK6
柴胡,NFKB1,柴胡,NFKB1
柴胡,NR1I2,柴胡,NR1I2
柴胡,NUAK1,柴胡,NUAK1
柴胡,PDE5A,柴胡,PDE5A
柴胡,PIK3CG,柴胡,PIK3CG
柴胡,PIM1,柴胡,PIM1
柴胡,PKN1,柴胡,PKN1
柴胡,PLG,柴胡,PLG
柴胡,PLK1,柴胡,PLK1
柴胡,POLB,柴胡,POLB
柴胡,PPARA,柴胡,PPARA
柴胡,PPARD,柴胡,PPARD
柴胡,PPARG,柴胡,PPARG
柴胡,PRKCA,柴胡,PRKCA
柴胡,PTGS1,柴胡,PTGS1
柴胡,PTGS2,柴胡,PTGS2
柴胡,PTK2,柴胡,PTK2
柴胡,PTPN1,柴胡,PTPN1
柴胡,PYGL,柴胡,PYGL
柴胡,RORC,柴胡,RORC
柴胡,SLC22A1,柴胡,SLC22A1
柴胡,SLC28A1,柴胡,SLC28A1
柴胡,SLC28A2,柴胡,SLC28A2
柴胡,SLC28A3,柴胡,SLC28A3
柴胡,SLCO1B1,柴胡,SLCO1B1
柴胡,SLCO1B3,柴胡,SLCO1B3
柴胡,SLCO2B1,柴胡,SLCO2B1
柴胡,SOAT1,柴胡,SOAT1
柴胡,SRC,柴胡,SRC
柴胡,STAT3,柴胡,STAT3
柴胡,SYK,柴胡,SYK
柴胡,TERT,柴胡,TERT
柴胡,THRB,柴胡,THRB
柴胡,TLR2,柴胡,TLR2
柴胡,TOP1,柴胡,TOP1
柴胡,TOP2A,柴胡,TOP2A
柴胡,TRPV1,柴胡,TRPV1
柴胡,UGT1A1,柴胡,UGT1A1
柴胡,XDH,柴胡,XDH
栀子,ABCB1,栀子,ABCB1
栀子,ABCB11,栀子,ABCB11
栀子,ABCC1,栀子,ABCC1
栀子,ABCG2,栀子,ABCG2
栀子,ACHE,栀子,ACHE
栀子,ADORA3,栀子,ADORA3
栀子,ADRB2,栀子,ADRB2
栀子,AKR1B1,栀子,AKR1B1
栀子,AKR1B10,栀子,AKR1B10
栀子,AKR1C2,栀子,AKR1C2
栀子,AKR1C3,栀子,AKR1C3
栀子,AKR1C4,栀子,AKR1C4
栀子,AKT1,栀子,AKT1
栀子,ALK,栀子,ALK
栀子,ALOX12,栀子,ALOX12
栀子,ALOX15,栀子,ALOX15
栀子,ALOX5,栀子,ALOX5
栀子,ALPI,栀子,ALPI
栀子,ALPL,栀子,ALPL
栀子,AMY1A,栀子,AMY1A
栀子,APEX1,栀子,APEX1
栀子,APP,栀子,APP
栀子,AURKB,栀子,AURKB
栀子,AVPR2,栀子,AVPR2
栀子,AXL,栀子,AXL
栀子,BACE1,栀子,BACE1
栀子,BCHE,栀子,BCHE
栀子,BCL2,栀子,BCL2
栀子,CA1,栀子,CA1
栀子,CA12,栀子,CA12
栀子,CA13,栀子,CA13
栀子,CA14,栀子,CA14
栀子,CA2,栀子,CA2
栀子,CA3,栀子,CA3
栀子,CA4,栀子,CA4
栀子,CA5A,栀子,CA5A
栀子,CA5B,栀子,CA5B
栀子,CA6,栀子,CA6
栀子,CA7,栀子,CA7
栀子,CA9,栀子,CA9
栀子,CAMK2B,栀子,CAMK2B
栀子,CCR4,栀子,CCR4
栀子,CD38,栀子,CD38
栀子,CDK6,栀子,CDK6
栀子,CNR1,栀子,CNR1
栀子,CNR2,栀子,CNR2
栀子,CTSL,栀子,CTSL
栀子,CXCL8,栀子,CXCL8
栀子,CXCR1,栀子,CXCR1
栀子,CYP19A1,栀子,CYP19A1
栀子,CYP1A1,栀子,CYP1A1
栀子,CYP1A2,栀子,CYP1A2
栀子,CYP1B1,栀子,CYP1B1
栀子,CYP2A6,栀子,CYP2A6
栀子,CYP2C19,栀子,CYP2C19
栀子,CYP2C8,栀子,CYP2C8
栀子,CYP2C9,栀子,CYP2C9
栀子,CYP2D6,栀子,CYP2D6
栀子,CYP2J2,栀子,CYP2J2
栀子,CYP3A4,栀子,CYP3A4
栀子,DAPK1,栀子,DAPK1
栀子,DHFR,栀子,DHFR
栀子,DNMT1,栀子,DNMT1
栀子,DPP4,栀子,DPP4
栀子,DRD1,栀子,DRD1
栀子,DUSP3,栀子,DUSP3
栀子,DYRK1A,栀子,DYRK1A
栀子,EGFR,栀子,EGFR
栀子,EHMT2,栀子,EHMT2
栀子,EP300,栀子,EP300
栀子,EPHX2,栀子,EPHX2
栀子,ERBB2,栀子,ERBB2
栀子,ESR1,栀子,ESR1
栀子,ESR2,栀子,ESR2
栀子,F2,栀子,F2
栀子,FABP2,栀子,FABP2
栀子,FABP3,栀子,FABP3
栀子,FABP4,栀子,FABP4
栀子,FABP5,栀子,FABP5
栀子,FASN,栀子,FASN
栀子,FLT3,栀子,FLT3
栀子,FUT7,栀子,FUT7
栀子,GAA,栀子,GAA
栀子,GBA,栀子,GBA
栀子,GLO1,栀子,GLO1
栀子,GPR35,栀子,GPR35
栀子,GSK3B,栀子,GSK3B
栀子,HCAR2,栀子,HCAR2
栀子,HIF1A,栀子,HIF1A
栀子,HSD11B1,栀子,HSD11B1
栀子,HSD17B1,栀子,HSD17B1
栀子,HSD17B2,栀子,HSD17B2
栀子,HSP90AB1,栀子,HSP90AB1
栀子,HTR1A,栀子,HTR1A
栀子,HTR7,栀子,HTR7
栀子,IDH1,栀子,IDH1
栀子,IDO1,栀子,IDO1
栀子,IGF1R,栀子,IGF1R
栀子,KAT2B,栀子,KAT2B
栀子,KDM4E,栀子,KDM4E
栀子,KDR,栀子,KDR
栀子,KIT,栀子,KIT
栀子,KMT2A,栀子,KMT2A
栀子,MAOA,栀子,MAOA
栀子,MAOB,栀子,MAOB
栀子,MAP2K1,栀子,MAP2K1
栀子,MAPK1,栀子,MAPK1
栀子,MAPK14,栀子,MAPK14
栀子,MAPKAPK2,栀子,MAPKAPK2
栀子,MAPT,栀子,MAPT
栀子,MET,栀子,MET
栀子,MMP1,栀子,MMP1
栀子,MMP12,栀子,MMP12
栀子,MMP13,栀子,MMP13
栀子,MMP14,栀子,MMP14
栀子,MMP2,栀子,MMP2
栀子,MMP3,栀子,MMP3
栀子,MMP9,栀子,MMP9
栀子,MPG,栀子,MPG
栀子,NEK2,栀子,NEK2
栀子,NEK6,栀子,NEK6
栀子,NFKB1,栀子,NFKB1
栀子,NR1H4,栀子,NR1H4
栀子,NUAK1,栀子,NUAK1
栀子,OPRD1,栀子,OPRD1
栀子,OPRM1,栀子,OPRM1
栀子,PDE5A,栀子,PDE5A
栀子,PIK3CG,栀子,PIK3CG
栀子,PIM1,栀子,PIM1
栀子,PKN1,栀子,PKN1
栀子,PLG,栀子,PLG
栀子,PLK1,栀子,PLK1
栀子,POLB,栀子,POLB
栀子,PPARA,栀子,PPARA
栀子,PPARD,栀子,PPARD
栀子,PPARG,栀子,PPARG
栀子,PRKCA,栀子,PRKCA
栀子,PTGS1,栀子,PTGS1
栀子,PTGS2,栀子,PTGS2
栀子,PTK2,栀子,PTK2
栀子,PTPN1,栀子,PTPN1
栀子,PYGL,栀子,PYGL
栀子,RELA,栀子,RELA
栀子,RORC,栀子,RORC
栀子,SLC22A1,栀子,SLC22A1
栀子,SLCO1B1,栀子,SLCO1B1
栀子,SLCO1B3,栀子,SLCO1B3
栀子,SLCO2B1,栀子,SLCO2B1
栀子,SRC,栀子,SRC
栀子,SYK,栀子,SYK
栀子,TERT,栀子,TERT
栀子,THRB,栀子,THRB
栀子,TLR2,栀子,TLR2
栀子,TOP2A,栀子,TOP2A
栀子,TTR,栀子,TTR
栀子,TYR,栀子,TYR
栀子,UGT1A1,栀子,UGT1A1
栀子,XDH,栀子,XDH
桂枝,AKR1B1,桂枝,AKR1B1
桂枝,ALOX5,桂枝,ALOX5
桂枝,APP,桂枝,APP
桂枝,BACE1,桂枝,BACE1
桂枝,BCL2,桂枝,BCL2
桂枝,CA1,桂枝,CA1
桂枝,CA12,桂枝,CA12
桂枝,CA13,桂枝,CA13
桂枝,CA14,桂枝,CA14
桂枝,CA2,桂枝,CA2
桂枝,CA3,桂枝,CA3
桂枝,CA4,桂枝,CA4
桂枝,CA5A,桂枝,CA5A
桂枝,CA5B,桂枝,CA5B
桂枝,CA6,桂枝,CA6
桂枝,CA7,桂枝,CA7
桂枝,CA9,桂枝,CA9
桂枝,CTSL,桂枝,CTSL
桂枝,CXCL8,桂枝,CXCL8
桂枝,CYP19A1,桂枝,CYP19A1
桂枝,CYP3A4,桂枝,CYP3A4
桂枝,DAPK1,桂枝,DAPK1
桂枝,DHFR,桂枝,DHFR
桂枝,ESR1,桂枝,ESR1
桂枝,GAA,桂枝,GAA
桂枝,HCAR2,桂枝,HCAR2
桂枝,KDM4E,桂枝,KDM4E
桂枝,MAPK1,桂枝,MAPK1
桂枝,MAPT,桂枝,MAPT
桂枝,MMP1,桂枝,MMP1
桂枝,MMP2,桂枝,MMP2
桂枝,MMP3,桂枝,MMP3
桂枝,MMP9,桂枝,MMP9
桂枝,MPG,桂枝,MPG
桂枝,PDE5A,桂枝,PDE5A
桂枝,POLB,桂枝,POLB
桂枝,RORC,桂枝,RORC
桂枝,SLCO1B1,桂枝,SLCO1B1
桂枝,SLCO1B3,桂枝,SLCO1B3
桂枝,SLCO2B1,桂枝,SLCO2B1
桂枝,UGT1A1,桂枝,UGT1A1
桂枝,XPO1,桂枝,XPO1
桃仁,ADRB2,桃仁,ADRB2
桃仁,AKR1B1,桃仁,AKR1B1
桃仁,ALOX12,桃仁,ALOX12
桃仁,ALOX15,桃仁,ALOX15
桃仁,ALOX5,桃仁,ALOX5
桃仁,APEX1,桃仁,APEX1
桃仁,AR,桃仁,AR
桃仁,CA1,桃仁,CA1
桃仁,CA12,桃仁,CA12
桃仁,CA14,桃仁,CA14
桃仁,CA2,桃仁,CA2
桃仁,CA3,桃仁,CA3
桃仁,CA4,桃仁,CA4
桃仁,CA5A,桃仁,CA5A
桃仁,CA5B,桃仁,CA5B
桃仁,CA6,桃仁,CA6
桃仁,CA7,桃仁,CA7
桃仁,CA9,桃仁,CA9
桃仁,CBR1,桃仁,CBR1
桃仁,CDK6,桃仁,CDK6
桃仁,CXCL8,桃仁,CXCL8
桃仁,CYP19A1,桃仁,CYP19A1
桃仁,CYP1A1,桃仁,CYP1A1
桃仁,CYP1A2,桃仁,CYP1A2
桃仁,CYP1B1,桃仁,CYP1B1
桃仁,CYP2A6,桃仁,CYP2A6
桃仁,CYP2B6,桃仁,CYP2B6
桃仁,CYP2C19,桃仁,CYP2C19
桃仁,CYP2C9,桃仁,CYP2C9
桃仁,CYP2D6,桃仁,CYP2D6
桃仁,CYP3A4,桃仁,CYP3A4
桃仁,DAPK1,桃仁,DAPK1
桃仁,DPP4,桃仁,DPP4
桃仁,DUSP3,桃仁,DUSP3
桃仁,EHMT2,桃仁,EHMT2
桃仁,ESR1,桃仁,ESR1
桃仁,F3,桃仁,F3
桃仁,FABP3,桃仁,FABP3
桃仁,FABP4,桃仁,FABP4
桃仁,FLT3,桃仁,FLT3
桃仁,GBA,桃仁,GBA
桃仁,GLO1,桃仁,GLO1
桃仁,GPR35,桃仁,GPR35
桃仁,GRK6,桃仁,GRK6
桃仁,HIF1A,桃仁,HIF1A
桃仁,HSD17B1,桃仁,HSD17B1
桃仁,HSD17B2,桃仁,HSD17B2
桃仁,HSD17B3,桃仁,HSD17B3
桃仁,HTR7,桃仁,HTR7
桃仁,IDH1,桃仁,IDH1
桃仁,IDO1,桃仁,IDO1
桃仁,KCNH2,桃仁,KCNH2
桃仁,KDM4E,桃仁,KDM4E
桃仁,KMT2A,桃仁,KMT2A
桃仁,MAPK1,桃仁,MAPK1
桃仁,MAPT,桃仁,MAPT
桃仁,MMP1,桃仁,MMP1
桃仁,MMP2,桃仁,MMP2
桃仁,MMP3,桃仁,MMP3
桃仁,MMP9,桃仁,MMP9
桃仁,NFKB1,桃仁,NFKB1
桃仁,PIM1,桃仁,PIM1
桃仁,POLB,桃仁,POLB
桃仁,PPARA,桃仁,PPARA
桃仁,PPARD,桃仁,PPARD
桃仁,PPARG,桃仁,PPARG
桃仁,PTGS2,桃仁,PTGS2
桃仁,PTPRS,桃仁,PTPRS
桃仁,RORC,桃仁,RORC
桃仁,SLCO1B1,桃仁,SLCO1B1
桃仁,SLCO1B3,桃仁,SLCO1B3
桃仁,SLCO2B1,桃仁,SLCO2B1
桃仁,SOAT1,桃仁,SOAT1
桃仁,TERT,桃仁,TERT
桃仁,THRB,桃仁,THRB
桃仁,UGT1A1,桃仁,UGT1A1
桑叶,ABCB1,桑叶,ABCB1
桑叶,ABCC1,桑叶,ABCC1
桑叶,ABCG2,桑叶,ABCG2
桑叶,ACHE,桑叶,ACHE
桑叶,ACP1,桑叶,ACP1
桑叶,ADORA3,桑叶,ADORA3
桑叶,ADRA2B,桑叶,ADRA2B
桑叶,AKR1B1,桑叶,AKR1B1
桑叶,AKR1B10,桑叶,AKR1B10
桑叶,AKR1C2,桑叶,AKR1C2
桑叶,AKR1C3,桑叶,AKR1C3
桑叶,AKR1C4,桑叶,AKR1C4
桑叶,AKT1,桑叶,AKT1
桑叶,ALK,桑叶,ALK
桑叶,ALOX12,桑叶,ALOX12
桑叶,ALOX15,桑叶,ALOX15
桑叶,ALOX5,桑叶,ALOX5
桑叶,ALPI,桑叶,ALPI
桑叶,ALPL,桑叶,ALPL
桑叶,AMY1A,桑叶,AMY1A
桑叶,APEX1,桑叶,APEX1
桑叶,APOBEC3G,桑叶,APOBEC3G
桑叶,APP,桑叶,APP
桑叶,AR,桑叶,AR
桑叶,AURKA,桑叶,AURKA
桑叶,AURKB,桑叶,AURKB
桑叶,AVPR2,桑叶,AVPR2
桑叶,AXL,桑叶,AXL
桑叶,BACE1,桑叶,BACE1
桑叶,BCHE,桑叶,BCHE
桑叶,BCL2,桑叶,BCL2
桑叶,BCL2L1,桑叶,BCL2L1
桑叶,BCR,桑叶,BCR
桑叶,BRAF,桑叶,BRAF
桑叶,CA1,桑叶,CA1
桑叶,CA12,桑叶,CA12
桑叶,CA13,桑叶,CA13
桑叶,CA14,桑叶,CA14
桑叶,CA2,桑叶,CA2
桑叶,CA3,桑叶,CA3
桑叶,CA4,桑叶,CA4
桑叶,CA5A,桑叶,CA5A
桑叶,CA5B,桑叶,CA5B
桑叶,CA6,桑叶,CA6
桑叶,CA7,桑叶,CA7
桑叶,CA9,桑叶,CA9
桑叶,CAMK2B,桑叶,CAMK2B
桑叶,CARM1,桑叶,CARM1
桑叶,CCR4,桑叶,CCR4
桑叶,CD38,桑叶,CD38
桑叶,CDC25B,桑叶,CDC25B
桑叶,CDK6,桑叶,CDK6
桑叶,CSNK2A1,桑叶,CSNK2A1
桑叶,CTSL,桑叶,CTSL
桑叶,CXCL8,桑叶,CXCL8
桑叶,CXCR1,桑叶,CXCR1
桑叶,CYP19A1,桑叶,CYP19A1
桑叶,CYP1A1,桑叶,CYP1A1
桑叶,CYP1A2,桑叶,CYP1A2
桑叶,CYP1B1,桑叶,CYP1B1
桑叶,CYP2A6,桑叶,CYP2A6
桑叶,CYP2C19,桑叶,CYP2C19
桑叶,CYP2C8,桑叶,CYP2C8
桑叶,CYP2C9,桑叶,CYP2C9
桑叶,CYP2D6,桑叶,CYP2D6
桑叶,CYP2J2,桑叶,CYP2J2
桑叶,CYP3A4,桑叶,CYP3A4
桑叶,DAO,桑叶,DAO
桑叶,DAPK1,桑叶,DAPK1
桑叶,DHFR,桑叶,DHFR
桑叶,DNMT1,桑叶,DNMT1
桑叶,DPP4,桑叶,DPP4
桑叶,DRD1,桑叶,DRD1
桑叶,DUSP3,桑叶,DUSP3
桑叶,DYRK1A,桑叶,DYRK1A
桑叶,EGFR,桑叶,EGFR
桑叶,EHMT2,桑叶,EHMT2
桑叶,EP300,桑叶,EP300
桑叶,EPHB4,桑叶,EPHB4
桑叶,EPHX2,桑叶,EPHX2
桑叶,ERBB2,桑叶,ERBB2
桑叶,ESR1,桑叶,ESR1
桑叶,ESR2,桑叶,ESR2
桑叶,ESRRA,桑叶,ESRRA
桑叶,F2,桑叶,F2
桑叶,F3,桑叶,F3
桑叶,FABP2,桑叶,FABP2
桑叶,FABP3,桑叶,FABP3
桑叶,FABP4,桑叶,FABP4
桑叶,FABP5,桑叶,FABP5
桑叶,FASN,桑叶,FASN
桑叶,FLT3,桑叶,FLT3
桑叶,FLT4,桑叶,FLT4
桑叶,FUCA1,桑叶,FUCA1
桑叶,FUT7,桑叶,FUT7
桑叶,GAA,桑叶,GAA
桑叶,GABRR1,桑叶,GABRR1
桑叶,GBA,桑叶,GBA
桑叶,GBA2,桑叶,GBA2
桑叶,GLO1,桑叶,GLO1
桑叶,GPR35,桑叶,GPR35
桑叶,GRM5,桑叶,GRM5
桑叶,GSK3B,桑叶,GSK3B
桑叶,GSTP1,桑叶,GSTP1
桑叶,HCAR2,桑叶,HCAR2
桑叶,HIF1A,桑叶,HIF1A
桑叶,HSD11B1,桑叶,HSD11B1
桑叶,HSD17B1,桑叶,HSD17B1
桑叶,HSD17B2,桑叶,HSD17B2
桑叶,HSD17B3,桑叶,HSD17B3
桑叶,HSP90AB1,桑叶,HSP90AB1
桑叶,HSPA1A,桑叶,HSPA1A
桑叶,HSPA8,桑叶,HSPA8
桑叶,HTR1A,桑叶,HTR1A
桑叶,HTR7,桑叶,HTR7
桑叶,IDH1,桑叶,IDH1
桑叶,IDO1,桑叶,IDO1
桑叶,IGF1R,桑叶,IGF1R
桑叶,INSR,桑叶,INSR
桑叶,KAT2B,桑叶,KAT2B
桑叶,KCNH2,桑叶,KCNH2
桑叶,KDM4E,桑叶,KDM4E
桑叶,KDR,桑叶,KDR
桑叶,KIT,桑叶,KIT
桑叶,KMT2A,桑叶,KMT2A
桑叶,MAN1B1,桑叶,MAN1B1
桑叶,MAOA,桑叶,MAOA
桑叶,MAOB,桑叶,MAOB
桑叶,MAP2K1,桑叶,MAP2K1
桑叶,MAP3K8,桑叶,MAP3K8
桑叶,MAPK1,桑叶,MAPK1
桑叶,MAPK14,桑叶,MAPK14
桑叶,MAPK9,桑叶,MAPK9
桑叶,MAPKAPK2,桑叶,MAPKAPK2
桑叶,MAPT,桑叶,MAPT
桑叶,MCL1,桑叶,MCL1
桑叶,MET,桑叶,MET
桑叶,MGAM,桑叶,MGAM
桑叶,MGLL,桑叶,MGLL
桑叶,MMP1,桑叶,MMP1
桑叶,MMP12,桑叶,MMP12
桑叶,MMP13,桑叶,MMP13
桑叶,MMP14,桑叶,MMP14
桑叶,MMP2,桑叶,MMP2
桑叶,MMP3,桑叶,MMP3
桑叶,MMP9,桑叶,MMP9
桑叶,MPG,桑叶,MPG
桑叶,MPO,桑叶,MPO
桑叶,NEK2,桑叶,NEK2
桑叶,NEK6,桑叶,NEK6
桑叶,NFKB1,桑叶,NFKB1
桑叶,NOS2,桑叶,NOS2
桑叶,NQO2,桑叶,NQO2
桑叶,NR1H4,桑叶,NR1H4
桑叶,NUAK1,桑叶,NUAK1
桑叶,ODC1,桑叶,ODC1
桑叶,OXTR,桑叶,OXTR
桑叶,PARP1,桑叶,PARP1
桑叶,PDE4B,桑叶,PDE4B
桑叶,PDE4D,桑叶,PDE4D
桑叶,PDE5A,桑叶,PDE5A
桑叶,PDGFRB,桑叶,PDGFRB
桑叶,PIK3CA,桑叶,PIK3CA
桑叶,PIK3CB,桑叶,PIK3CB
桑叶,PIK3CG,桑叶,PIK3CG
桑叶,PIM1,桑叶,PIM1
桑叶,PKN1,桑叶,PKN1
桑叶,PLG,桑叶,PLG
桑叶,PLK1,桑叶,PLK1
桑叶,PLK4,桑叶,PLK4
桑叶,POLB,桑叶,POLB
桑叶,PPARA,桑叶,PPARA
桑叶,PPARD,桑叶,PPARD
桑叶,PPARG,桑叶,PPARG
桑叶,PRKCA,桑叶,PRKCA
桑叶,PTGS1,桑叶,PTGS1
桑叶,PTGS2,桑叶,PTGS2
桑叶,PTK2,桑叶,PTK2
桑叶,PTPN1,桑叶,PTPN1
桑叶,PTPN11,桑叶,PTPN11
桑叶,PTPN2,桑叶,PTPN2
桑叶,PTPN6,桑叶,PTPN6
桑叶,PTPRF,桑叶,PTPRF
桑叶,PTPRS,桑叶,PTPRS
桑叶,PYGL,桑叶,PYGL
桑叶,RELA,桑叶,RELA
桑叶,RORC,桑叶,RORC
桑叶,SLC22A12,桑叶,SLC22A12
桑叶,SLCO1B1,桑叶,SLCO1B1
桑叶,SLCO1B3,桑叶,SLCO1B3
桑叶,SLCO2B1,桑叶,SLCO2B1
桑叶,SMAD3,桑叶,SMAD3
桑叶,SOAT1,桑叶,SOAT1
桑叶,SOAT2,桑叶,SOAT2
桑叶,SRC,桑叶,SRC
桑叶,SYK,桑叶,SYK
桑叶,TEK,桑叶,TEK
桑叶,TERT,桑叶,TERT
桑叶,THRB,桑叶,THRB
桑叶,TLR2,桑叶,TLR2
桑叶,TNKS,桑叶,TNKS
桑叶,TNKS2,桑叶,TNKS2
桑叶,TOP1,桑叶,TOP1
桑叶,TOP2A,桑叶,TOP2A
桑叶,TTR,桑叶,TTR
桑叶,TYR,桑叶,TYR
桑叶,UBE2N,桑叶,UBE2N
桑叶,UGT1A1,桑叶,UGT1A1
桑叶,XDH,桑叶,XDH
桑白皮,ACHE,桑白皮,ACHE
桑白皮,AKR1B1,桑白皮,AKR1B1
桑白皮,ALOX15,桑白皮,ALOX15
桑白皮,ALOX5,桑白皮,ALOX5
桑白皮,APEX1,桑白皮,APEX1
桑白皮,APP,桑白皮,APP
桑白皮,BACE1,桑白皮,BACE1
桑白皮,CA1,桑白皮,CA1
桑白皮,CA12,桑白皮,CA12
桑白皮,CA13,桑白皮,CA13
桑白皮,CA2,桑白皮,CA2
桑白皮,CA7,桑白皮,CA7
桑白皮,CA9,桑白皮,CA9
桑白皮,CYP2C9,桑白皮,CYP2C9
桑白皮,CYP3A4,桑白皮,CYP3A4
桑白皮,DAPK1,桑白皮,DAPK1
桑白皮,DRD1,桑白皮,DRD1
桑白皮,EHMT2,桑白皮,EHMT2
桑白皮,ESR2,桑白皮,ESR2
桑白皮,GAA,桑白皮,GAA
桑白皮,GBA,桑白皮,GBA
桑白皮,GPR35,桑白皮,GPR35
桑白皮,HIF1A,桑白皮,HIF1A
桑白皮,KDM4E,桑白皮,KDM4E
桑白皮,KMT2A,桑白皮,KMT2A
桑白皮,MAPT,桑白皮,MAPT
桑白皮,MCL1,桑白皮,MCL1
桑白皮,NFKB1,桑白皮,NFKB1
桑白皮,POLB,桑白皮,POLB
桑白皮,PTGS2,桑白皮,PTGS2
桑白皮,PTPRS,桑白皮,PTPRS
桑白皮,RELA,桑白皮,RELA
桑白皮,SLC22A12,桑白皮,SLC22A12
桑白皮,SLCO1B1,桑白皮,SLCO1B1
桑白皮,SLCO1B3,桑白皮,SLCO1B3
桑白皮,SLCO2B1,桑白皮,SLCO2B1
桑白皮,SYK,桑白皮,SYK
桑白皮,TOP2A,桑白皮,TOP2A
桑白皮,UGT1A1,桑白皮,UGT1A1
桔梗,ACP1,桔梗,ACP1
桔梗,AKR1B1,桔梗,AKR1B1
桔梗,AKR1B10,桔梗,AKR1B10
桔梗,CDC25B,桔梗,CDC25B
桔梗,IDH1,桔梗,IDH1
桔梗,MGLL,桔梗,MGLL
桔梗,NOS2,桔梗,NOS2
桔梗,NR1H4,桔梗,NR1H4
桔梗,PTPN1,桔梗,PTPN1
桔梗,PTPN11,桔梗,PTPN11
桔梗,PTPN2,桔梗,PTPN2
桔梗,PTPN6,桔梗,PTPN6
桔梗,PTPRF,桔梗,PTPRF
桔梗,TOP1,桔梗,TOP1
桔梗,TOP2A,桔梗,TOP2A
橘红,ACHE,橘红,ACHE
橘红,AKR1B1,橘红,AKR1B1
橘红,AKR1B10,橘红,AKR1B10
橘红,ALOX15,橘红,ALOX15
橘红,ALOX5,橘红,ALOX5
橘红,AMY1A,橘红,AMY1A
橘红,APEX1,橘红,APEX1
橘红,APP,橘红,APP
橘红,AR,橘红,AR
橘红,BACE1,橘红,BACE1
橘红,BCHE,橘红,BCHE
橘红,CA1,橘红,CA1
橘红,CA12,橘红,CA12
橘红,CA2,橘红,CA2
橘红,CA4,橘红,CA4
橘红,CA7,橘红,CA7
橘红,CA9,橘红,CA9
橘红,CBR1,橘红,CBR1
橘红,CDK6,橘红,CDK6
橘红,CSNK2A1,橘红,CSNK2A1
橘红,CXCL8,橘红,CXCL8
橘红,CYP19A1,橘红,CYP19A1
橘红,CYP1A1,橘红,CYP1A1
橘红,CYP1A2,橘红,CYP1A2
橘红,CYP1B1,橘红,CYP1B1
橘红,CYP2A6,橘红,CYP2A6
橘红,CYP2C19,橘红,CYP2C19
橘红,CYP2C9,橘红,CYP2C9
橘红,CYP2D6,橘红,CYP2D6
橘红,CYP3A4,橘红,CYP3A4
橘红,DAPK1,橘红,DAPK1
橘红,DPP4,橘红,DPP4
橘红,EGFR,橘红,EGFR
橘红,EHMT2,橘红,EHMT2
橘红,ESR1,橘红,ESR1
橘红,ESR2,橘红,ESR2
橘红,FLT3,橘红,FLT3
橘红,GAA,橘红,GAA
橘红,GBA,橘红,GBA
橘红,GLO1,橘红,GLO1
橘红,GSK3B,橘红,GSK3B
橘红,HIF1A,橘红,HIF1A
橘红,HSD17B1,橘红,HSD17B1
橘红,HSD17B2,橘红,HSD17B2
橘红,IDH1,橘红,IDH1
橘红,INSR,橘红,INSR
橘红,KDM4E,橘红,KDM4E
橘红,MAOA,橘红,MAOA
橘红,MAPK1,橘红,MAPK1
橘红,MAPT,橘红,MAPT
橘红,MGLL,橘红,MGLL
橘红,NFKB1,橘红,NFKB1
橘红,NR1H4,橘红,NR1H4
橘红,PARP1,橘红,PARP1
橘红,PDE5A,橘红,PDE5A
橘红,PIM1,橘红,PIM1
橘红,PPARA,橘红,PPARA
橘红,PPARD,橘红,PPARD
橘红,PPARG,橘红,PPARG
橘红,PTPN1,橘红,PTPN1
橘红,RORC,橘红,RORC
橘红,SHBG,橘红,SHBG
橘红,SLCO1B1,橘红,SLCO1B1
橘红,SLCO1B3,橘红,SLCO1B3
橘红,SLCO2B1,橘红,SLCO2B1
橘红,SYK,橘红,SYK
橘红,THRB,橘红,THRB
橘红,TNKS,橘红,TNKS
橘红,TNKS2,橘红,TNKS2
橘红,TOP2A,橘红,TOP2A
橘红,TRPV1,橘红,TRPV1
橘红,TTR,橘红,TTR
橘红,UBE2N,橘红,UBE2N
橘红,UGT1A1,橘红,UGT1A1
橘红,XDH,橘红,XDH
款冬花,ABCC1,款冬花,ABCC1
款冬花,ABCG2,款冬花,ABCG2
款冬花,ACHE,款冬花,ACHE
款冬花,ADORA1,款冬花,ADORA1
款冬花,ADORA2A,款冬花,ADORA2A
款冬花,ADORA2B,款冬花,ADORA2B
款冬花,ADORA3,款冬花,ADORA3
款冬花,ADRB2,款冬花,ADRB2
款冬花,AKR1B1,款冬花,AKR1B1
款冬花,AKR1B10,款冬花,AKR1B10
款冬花,AKR1C2,款冬花,AKR1C2
款冬花,AKR1C3,款冬花,AKR1C3
款冬花,AKR1C4,款冬花,AKR1C4
款冬花,AKT1,款冬花,AKT1
款冬花,ALK,款冬花,ALK
款冬花,ALOX12,款冬花,ALOX12
款冬花,ALOX15,款冬花,ALOX15
款冬花,ALOX5,款冬花,ALOX5
款冬花,ALPI,款冬花,ALPI
款冬花,ALPL,款冬花,ALPL
款冬花,AMY1A,款冬花,AMY1A
款冬花,APEX1,款冬花,APEX1
款冬花,APP,款冬花,APP
款冬花,AR,款冬花,AR
款冬花,AURKB,款冬花,AURKB
款冬花,AVPR2,款冬花,AVPR2
款冬花,AXL,款冬花,AXL
款冬花,BACE1,款冬花,BACE1
款冬花,BCHE,款冬花,BCHE
款冬花,CA1,款冬花,CA1
款冬花,CA12,款冬花,CA12
款冬花,CA14,款冬花,CA14
款冬花,CA2,款冬花,CA2
款冬花,CA3,款冬花,CA3
款冬花,CA4,款冬花,CA4
款冬花,CA5A,款冬花,CA5A
款冬花,CA5B,款冬花,CA5B
款冬花,CA6,款冬花,CA6
款冬花,CA7,款冬花,CA7
款冬花,CA9,款冬花,CA9
款冬花,CAMK2B,款冬花,CAMK2B
款冬花,CCR4,款冬花,CCR4
款冬花,CD38,款冬花,CD38
款冬花,CDK6,款冬花,CDK6
款冬花,CXCL8,款冬花,CXCL8
款冬花,CXCR1,款冬花,CXCR1
款冬花,CYP19A1,款冬花,CYP19A1
款冬花,CYP1A1,款冬花,CYP1A1
款冬花,CYP1A2,款冬花,CYP1A2
款冬花,CYP1B1,款冬花,CYP1B1
款冬花,CYP2C19,款冬花,CYP2C19
款冬花,CYP2C8,款冬花,CYP2C8
款冬花,CYP2C9,款冬花,CYP2C9
款冬花,CYP2D6,款冬花,CYP2D6
款冬花,CYP2J2,款冬花,CYP2J2
款冬花,CYP3A4,款冬花,CYP3A4
款冬花,DAPK1,款冬花,DAPK1
款冬花,DPP4,款冬花,DPP4
款冬花,DRD1,款冬花,DRD1
款冬花,DUSP3,款冬花,DUSP3
款冬花,EGFR,款冬花,EGFR
款冬花,EGLN1,款冬花,EGLN1
款冬花,EHMT2,款冬花,EHMT2
款冬花,EPHX2,款冬花,EPHX2
款冬花,ERBB2,款冬花,ERBB2
款冬花,ESR1,款冬花,ESR1
款冬花,ESRRA,款冬花,ESRRA
款冬花,F2,款冬花,F2
款冬花,FLT3,款冬花,FLT3
款冬花,FOLH1,款冬花,FOLH1
款冬花,FUT7,款冬花,FUT7
款冬花,GAA,款冬花,GAA
款冬花,GBA,款冬花,GBA
款冬花,GLO1,款冬花,GLO1
款冬花,GPR35,款冬花,GPR35
款冬花,GRIA1,款冬花,GRIA1
款冬花,GRIA2,款冬花,GRIA2
款冬花,GRIA4,款冬花,GRIA4
款冬花,GRIK2,款冬花,GRIK2
款冬花,GRIK5,款冬花,GRIK5
款冬花,GRM1,款冬花,GRM1
款冬花,GRM2,款冬花,GRM2
款冬花,GRM3,款冬花,GRM3
款冬花,GRM4,款冬花,GRM4
款冬花,GRM5,款冬花,GRM5
款冬花,GRM8,款冬花,GRM8
款冬花,GSK3B,款冬花,GSK3B
款冬花,HCAR2,款冬花,HCAR2
款冬花,HIF1A,款冬花,HIF1A
款冬花,HSD11B1,款冬花,HSD11B1
款冬花,HSD17B1,款冬花,HSD17B1
款冬花,HSD17B2,款冬花,HSD17B2
款冬花,HSP90AB1,款冬花,HSP90AB1
款冬花,HSPA8,款冬花,HSPA8
款冬花,HTR1A,款冬花,HTR1A
款冬花,HTR7,款冬花,HTR7
款冬花,IDH1,款冬花,IDH1
款冬花,IGF1R,款冬花,IGF1R
款冬花,KDM4E,款冬花,KDM4E
款冬花,KDR,款冬花,KDR
款冬花,KMT2A,款冬花,KMT2A
款冬花,MAP2K1,款冬花,MAP2K1
款冬花,MAPK1,款冬花,MAPK1
款冬花,MAPK14,款冬花,MAPK14
款冬花,MAPK9,款冬花,MAPK9
款冬花,MAPKAPK2,款冬花,MAPKAPK2
款冬花,MAPT,款冬花,MAPT
款冬花,MET,款冬花,MET
款冬花,MMP1,款冬花,MMP1
款冬花,MMP12,款冬花,MMP12
款冬花,MMP13,款冬花,MMP13
款冬花,MMP2,款冬花,MMP2
款冬花,MMP3,款冬花,MMP3
款冬花,MMP9,款冬花,MMP9
款冬花,MPG,款冬花,MPG
款冬花,NEK2,款冬花,NEK2
款冬花,NEK6,款冬花,NEK6
款冬花,NFKB1,款冬花,NFKB1
款冬花,NUAK1,款冬花,NUAK1
款冬花,PDE5A,款冬花,PDE5A
款冬花,PIK3CG,款冬花,PIK3CG
款冬花,PIM1,款冬花,PIM1
款冬花,PKN1,款冬花,PKN1
款冬花,PLG,款冬花,PLG
款冬花,PLK1,款冬花,PLK1
款冬花,PNP,款冬花,PNP
款冬花,POLB,款冬花,POLB
款冬花,PPARA,款冬花,PPARA
款冬花,PPARD,款冬花,PPARD
款冬花,PPARG,款冬花,PPARG
款冬花,PRKCA,款冬花,PRKCA
款冬花,PTGS1,款冬花,PTGS1
款冬花,PTGS2,款冬花,PTGS2
款冬花,PTK2,款冬花,PTK2
款冬花,PTPN1,款冬花,PTPN1
款冬花,PTPRS,款冬花,PTPRS
款冬花,PYGL,款冬花,PYGL
款冬花,RORC,款冬花,RORC
款冬花,SLC1A1,款冬花,SLC1A1
款冬花,SLC22A1,款冬花,SLC22A1
款冬花,SLC28A1,款冬花,SLC28A1
款冬花,SLC28A2,款冬花,SLC28A2
款冬花,SLC28A3,款冬花,SLC28A3
款冬花,SLCO1B1,款冬花,SLCO1B1
款冬花,SLCO1B3,款冬花,SLCO1B3
款冬花,SLCO2B1,款冬花,SLCO2B1
款冬花,SRC,款冬花,SRC
款冬花,SYK,款冬花,SYK
款冬花,THRB,款冬花,THRB
款冬花,TOP2A,款冬花,TOP2A
款冬花,TTR,款冬花,TTR
款冬花,TYR,款冬花,TYR
款冬花,UGT1A1,款冬花,UGT1A1
款冬花,XDH,款冬花,XDH
水牛角,ADRA1A,水牛角,ADRA1A
水牛角,ADRA1B,水牛角,ADRA1B
水牛角,ADRA2A,水牛角,ADRA2A
水牛角,ADRA2B,水牛角,ADRA2B
水牛角,ADRA2C,水牛角,ADRA2C
水牛角,ADRB2,水牛角,ADRB2
水牛角,AKR1B1,水牛角,AKR1B1
水牛角,APEX1,水牛角,APEX1
水牛角,APOBEC3G,水牛角,APOBEC3G
水牛角,AR,水牛角,AR
水牛角,CXCL8,水牛角,CXCL8
水牛角,CYP19A1,水牛角,CYP19A1
水牛角,CYP3A4,水牛角,CYP3A4
水牛角,DAO,水牛角,DAO
水牛角,DRD1,水牛角,DRD1
水牛角,DRD2,水牛角,DRD2
水牛角,EHMT2,水牛角,EHMT2
水牛角,FABP2,水牛角,FABP2
水牛角,FABP3,水牛角,FABP3
水牛角,FABP4,水牛角,FABP4
水牛角,FABP5,水牛角,FABP5
水牛角,GABRR1,水牛角,GABRR1
水牛角,GBA,水牛角,GBA
水牛角,GPBAR1,水牛角,GPBAR1
水牛角,HIF1A,水牛角,HIF1A
水牛角,KMT2A,水牛角,KMT2A
水牛角,MAPK1,水牛角,MAPK1
水牛角,MAPT,水牛角,MAPT
水牛角,NFKB1,水牛角,NFKB1
水牛角,NR1H4,水牛角,NR1H4
水牛角,NR1I2,水牛角,NR1I2
水牛角,PCNA,水牛角,PCNA
水牛角,PPARA,水牛角,PPARA
水牛角,PPARD,水牛角,PPARD
水牛角,PPARG,水牛角,PPARG
水牛角,RORC,水牛角,RORC
水牛角,SLC15A2,水牛角,SLC15A2
水牛角,SLC22A1,水牛角,SLC22A1
水牛角,SLCO1B1,水牛角,SLCO1B1
水牛角,SLCO1B3,水牛角,SLCO1B3
水牛角,SLCO2B1,水牛角,SLCO2B1
水牛角,THRA,水牛角,THRA
水牛角,THRB,水牛角,THRB
水牛角,TLR2,水牛角,TLR2
水牛角,UGT1A1,水牛角,UGT1A1
水牛角,VDR,水牛角,VDR
沙参,ACHE,沙参,ACHE
沙参,BACE1,沙参,BACE1
沙参,CYP2A6,沙参,CYP2A6
沙参,CYP2C19,沙参,CYP2C19
沙参,CYP2C9,沙参,CYP2C9
沙参,CYP2D6,沙参,CYP2D6
沙参,CYP3A4,沙参,CYP3A4
沙参,KDM4E,沙参,KDM4E
沙参,MAOA,沙参,MAOA
法半夏,DRD1,法半夏,DRD1
法半夏,EHMT2,法半夏,EHMT2
法半夏,GABRR1,法半夏,GABRR1
法半夏,KMT2A,法半夏,KMT2A
法半夏,THRB,法半夏,THRB
海藻,ABCC1,海藻,ABCC1
海藻,ABCG2,海藻,ABCG2
海藻,ACHE,海藻,ACHE
海藻,ADORA3,海藻,ADORA3
海藻,AKR1B1,海藻,AKR1B1
海藻,AKR1B10,海藻,AKR1B10
海藻,AKT1,海藻,AKT1
海藻,ALK,海藻,ALK
海藻,ALOX12,海藻,ALOX12
海藻,ALOX15,海藻,ALOX15
海藻,ALOX5,海藻,ALOX5
海藻,AMY1A,海藻,AMY1A
海藻,APEX1,海藻,APEX1
海藻,APP,海藻,APP
海藻,AURKB,海藻,AURKB
海藻,AVPR2,海藻,AVPR2
海藻,AXL,海藻,AXL
海藻,BACE1,海藻,BACE1
海藻,BCHE,海藻,BCHE
海藻,CA1,海藻,CA1
海藻,CA12,海藻,CA12
海藻,CA14,海藻,CA14
海藻,CA2,海藻,CA2
海藻,CA3,海藻,CA3
海藻,CA4,海藻,CA4
海藻,CA5A,海藻,CA5A
海藻,CA5B,海藻,CA5B
海藻,CA6,海藻,CA6
海藻,CA7,海藻,CA7
海藻,CA9,海藻,CA9
海藻,CAMK2B,海藻,CAMK2B
海藻,CCR4,海藻,CCR4
海藻,CD38,海藻,CD38
海藻,CDK6,海藻,CDK6
海藻,CXCL8,海藻,CXCL8
海藻,CXCR1,海藻,CXCR1
海藻,CYP19A1,海藻,CYP19A1
海藻,CYP1A1,海藻,CYP1A1
海藻,CYP1A2,海藻,CYP1A2
海藻,CYP1B1,海藻,CYP1B1
海藻,CYP2C19,海藻,CYP2C19
海藻,CYP2C8,海藻,CYP2C8
海藻,CYP2C9,海藻,CYP2C9
海藻,CYP2D6,海藻,CYP2D6
海藻,CYP2J2,海藻,CYP2J2
海藻,CYP3A4,海藻,CYP3A4
海藻,DAPK1,海藻,DAPK1
海藻,DPP4,海藻,DPP4
海藻,DRD1,海藻,DRD1
海藻,EGFR,海藻,EGFR
海藻,EHMT2,海藻,EHMT2
海藻,EPHX2,海藻,EPHX2
海藻,ERN1,海藻,ERN1
海藻,ESR1,海藻,ESR1
海藻,F2,海藻,F2
海藻,FLT3,海藻,FLT3
海藻,GBA,海藻,GBA
海藻,GLO1,海藻,GLO1
海藻,GPR35,海藻,GPR35
海藻,GSK3B,海藻,GSK3B
海藻,HIF1A,海藻,HIF1A
海藻,HSD11B1,海藻,HSD11B1
海藻,HSD17B1,海藻,HSD17B1
海藻,HSD17B2,海藻,HSD17B2
海藻,HTR1A,海藻,HTR1A
海藻,IDO1,海藻,IDO1
海藻,IGF1R,海藻,IGF1R
海藻,KDM4E,海藻,KDM4E
海藻,KDR,海藻,KDR
海藻,KMT2A,海藻,KMT2A
海藻,MAP2K1,海藻,MAP2K1
海藻,MAPK1,海藻,MAPK1
海藻,MAPK14,海藻,MAPK14
海藻,MAPKAPK2,海藻,MAPKAPK2
海藻,MAPT,海藻,MAPT
海藻,MET,海藻,MET
海藻,MMP12,海藻,MMP12
海藻,MMP13,海藻,MMP13
海藻,MMP2,海藻,MMP2
海藻,MMP3,海藻,MMP3
海藻,MMP9,海藻,MMP9
海藻,MPG,海藻,MPG
海藻,NEK2,海藻,NEK2
海藻,NEK6,海藻,NEK6
海藻,NFKB1,海藻,NFKB1
海藻,NUAK1,海藻,NUAK1
海藻,PDE5A,海藻,PDE5A
海藻,PIK3CG,海藻,PIK3CG
海藻,PIM1,海藻,PIM1
海藻,PKN1,海藻,PKN1
海藻,PLG,海藻,PLG
海藻,PLK1,海藻,PLK1
海藻,POLB,海藻,POLB
海藻,PPARG,海藻,PPARG
海藻,PRKCA,海藻,PRKCA
海藻,PTGS2,海藻,PTGS2
海藻,PTK2,海藻,PTK2
海藻,PYGL,海藻,PYGL
海藻,RORC,海藻,RORC
海藻,SENP8,海藻,SENP8
海藻,SLC22A1,海藻,SLC22A1
海藻,SLCO1B1,海藻,SLCO1B1
海藻,SLCO1B3,海藻,SLCO1B3
海藻,SLCO2B1,海藻,SLCO2B1
海藻,SRC,海藻,SRC
海藻,SYK,海藻,SYK
海藻,THRB,海藻,THRB
海藻,TOP2A,海藻,TOP2A
海藻,UGT1A1,海藻,UGT1A1
海藻,XDH,海藻,XDH
海蛤壳,CYP19A1,海蛤壳,CYP19A1
海蛤壳,EHMT2,海蛤壳,EHMT2
海蛤壳,FDPS,海蛤壳,FDPS
海蛤壳,MAPT,海蛤壳,MAPT
海蛤壳,OXER1,海蛤壳,OXER1
海蛤壳,PPARG,海蛤壳,PPARG
海蛤壳,RXRA,海蛤壳,RXRA
淡豆豉,KDM4E,淡豆豉,KDM4E
淫羊藿,AKR1B1,淫羊藿,AKR1B1
淫羊藿,ALOX15,淫羊藿,ALOX15
淫羊藿,ALOX5,淫羊藿,ALOX5
淫羊藿,ALPI,淫羊藿,ALPI
淫羊藿,ALPL,淫羊藿,ALPL
淫羊藿,CA1,淫羊藿,CA1
淫羊藿,CA12,淫羊藿,CA12
淫羊藿,CA2,淫羊藿,CA2
淫羊藿,CA4,淫羊藿,CA4
淫羊藿,CA7,淫羊藿,CA7
淫羊藿,CYP19A1,淫羊藿,CYP19A1
淫羊藿,EHMT2,淫羊藿,EHMT2
淫羊藿,EPHX2,淫羊藿,EPHX2
淫羊藿,FLT3,淫羊藿,FLT3
淫羊藿,GAA,淫羊藿,GAA
淫羊藿,GBA,淫羊藿,GBA
淫羊藿,IDH1,淫羊藿,IDH1
淫羊藿,IDO1,淫羊藿,IDO1
淫羊藿,KDM4E,淫羊藿,KDM4E
淫羊藿,MAPK1,淫羊藿,MAPK1
淫羊藿,MAPT,淫羊藿,MAPT
淫羊藿,MET,淫羊藿,MET
淫羊藿,NFKB1,淫羊藿,NFKB1
淫羊藿,PDE5A,淫羊藿,PDE5A
淫羊藿,PLG,淫羊藿,PLG
淫羊藿,POLB,淫羊藿,POLB
淫羊藿,PPARA,淫羊藿,PPARA
淫羊藿,PPARD,淫羊藿,PPARD
淫羊藿,PPARG,淫羊藿,PPARG
淫羊藿,PTPN1,淫羊藿,PTPN1
火麻仁,ACHE,火麻仁,ACHE
火麻仁,AKR1B1,火麻仁,AKR1B1
火麻仁,AKR1B10,火麻仁,AKR1B10
火麻仁,ALOX12,火麻仁,ALOX12
火麻仁,ALOX15,火麻仁,ALOX15
火麻仁,ALOX5,火麻仁,ALOX5
火麻仁,AMY1A,火麻仁,AMY1A
火麻仁,APEX1,火麻仁,APEX1
火麻仁,APP,火麻仁,APP
火麻仁,AR,火麻仁,AR
火麻仁,BACE1,火麻仁,BACE1
火麻仁,BCHE,火麻仁,BCHE
火麻仁,BCL2,火麻仁,BCL2
火麻仁,BCL2L1,火麻仁,BCL2L1
火麻仁,CA1,火麻仁,CA1
火麻仁,CA12,火麻仁,CA12
火麻仁,CA2,火麻仁,CA2
火麻仁,CA4,火麻仁,CA4
火麻仁,CA6,火麻仁,CA6
火麻仁,CA7,火麻仁,CA7
火麻仁,CD38,火麻仁,CD38
火麻仁,CDK6,火麻仁,CDK6
火麻仁,CHRM1,火麻仁,CHRM1
火麻仁,CHRM2,火麻仁,CHRM2
火麻仁,CHRM4,火麻仁,CHRM4
火麻仁,CNR1,火麻仁,CNR1
火麻仁,CNR2,火麻仁,CNR2
火麻仁,CSNK2A1,火麻仁,CSNK2A1
火麻仁,CXCL8,火麻仁,CXCL8
火麻仁,CYP19A1,火麻仁,CYP19A1
火麻仁,CYP1A1,火麻仁,CYP1A1
火麻仁,CYP1A2,火麻仁,CYP1A2
火麻仁,CYP1B1,火麻仁,CYP1B1
火麻仁,CYP2A6,火麻仁,CYP2A6
火麻仁,CYP2C19,火麻仁,CYP2C19
火麻仁,CYP2C9,火麻仁,CYP2C9
火麻仁,CYP2D6,火麻仁,CYP2D6
火麻仁,CYP3A4,火麻仁,CYP3A4
火麻仁,DAPK1,火麻仁,DAPK1
火麻仁,DUSP3,火麻仁,DUSP3
火麻仁,EGFR,火麻仁,EGFR
火麻仁,EHMT2,火麻仁,EHMT2
火麻仁,ESR1,火麻仁,ESR1
火麻仁,F3,火麻仁,F3
火麻仁,FABP2,火麻仁,FABP2
火麻仁,FABP3,火麻仁,FABP3
火麻仁,FABP4,火麻仁,FABP4
火麻仁,FABP5,火麻仁,FABP5
火麻仁,FASN,火麻仁,FASN
火麻仁,FLT3,火麻仁,FLT3
火麻仁,GAA,火麻仁,GAA
火麻仁,GBA,火麻仁,GBA
火麻仁,GLO1,火麻仁,GLO1
火麻仁,GLRA1,火麻仁,GLRA1
火麻仁,GPR35,火麻仁,GPR35
火麻仁,GSK3B,火麻仁,GSK3B
火麻仁,HIF1A,火麻仁,HIF1A
火麻仁,HSD17B1,火麻仁,HSD17B1
火麻仁,HSD17B2,火麻仁,HSD17B2
火麻仁,HTR2C,火麻仁,HTR2C
火麻仁,HTR7,火麻仁,HTR7
火麻仁,IDH1,火麻仁,IDH1
火麻仁,INSR,火麻仁,INSR
火麻仁,KCNH2,火麻仁,KCNH2
火麻仁,KDM4E,火麻仁,KDM4E
火麻仁,KMT2A,火麻仁,KMT2A
火麻仁,MAPK1,火麻仁,MAPK1
火麻仁,MAPT,火麻仁,MAPT
火麻仁,MMP12,火麻仁,MMP12
火麻仁,MMP13,火麻仁,MMP13
火麻仁,MMP2,火麻仁,MMP2
火麻仁,MMP3,火麻仁,MMP3
火麻仁,MMP9,火麻仁,MMP9
火麻仁,NFKB1,火麻仁,NFKB1
火麻仁,NR1I2,火麻仁,NR1I2
火麻仁,PARP1,火麻仁,PARP1
火麻仁,PDE5A,火麻仁,PDE5A
火麻仁,PIM1,火麻仁,PIM1
火麻仁,PLG,火麻仁,PLG
火麻仁,POLB,火麻仁,POLB
火麻仁,PPARA,火麻仁,PPARA
火麻仁,PPARD,火麻仁,PPARD
火麻仁,PPARG,火麻仁,PPARG
火麻仁,PTGS1,火麻仁,PTGS1
火麻仁,PTGS2,火麻仁,PTGS2
火麻仁,RORC,火麻仁,RORC
火麻仁,SLC22A1,火麻仁,SLC22A1
火麻仁,SOAT1,火麻仁,SOAT1
火麻仁,SYK,火麻仁,SYK
火麻仁,TBXAS1,火麻仁,TBXAS1
火麻仁,TERT,火麻仁,TERT
火麻仁,THRB,火麻仁,THRB
火麻仁,TLR2,火麻仁,TLR2
火麻仁,TNKS,火麻仁,TNKS
火麻仁,TNKS2,火麻仁,TNKS2
火麻仁,TOP1,火麻仁,TOP1
火麻仁,TOP2A,火麻仁,TOP2A
火麻仁,TRPV1,火麻仁,TRPV1
火麻仁,TTR,火麻仁,TTR
火麻仁,TYR,火麻仁,TYR
火麻仁,UGT1A1,火麻仁,UGT1A1
火麻仁,XDH,火麻仁,XDH
炙甘草,ABCC1,炙甘草,ABCC1
炙甘草,ABCG2,炙甘草,ABCG2
炙甘草,ACHE,炙甘草,ACHE
炙甘草,ACP1,炙甘草,ACP1
炙甘草,ADORA2A,炙甘草,ADORA2A
炙甘草,ADORA3,炙甘草,ADORA3
炙甘草,ADRB2,炙甘草,ADRB2
炙甘草,AKR1B1,炙甘草,AKR1B1
炙甘草,AKR1B10,炙甘草,AKR1B10
炙甘草,AKT1,炙甘草,AKT1
炙甘草,ALOX12,炙甘草,ALOX12
炙甘草,ALOX15,炙甘草,ALOX15
炙甘草,ALOX5,炙甘草,ALOX5
炙甘草,ALPI,炙甘草,ALPI
炙甘草,ALPL,炙甘草,ALPL
炙甘草,AMY1A,炙甘草,AMY1A
炙甘草,AOX1,炙甘草,AOX1
炙甘草,APEX1,炙甘草,APEX1
炙甘草,APP,炙甘草,APP
炙甘草,AR,炙甘草,AR
炙甘草,BACE1,炙甘草,BACE1
炙甘草,BCHE,炙甘草,BCHE
炙甘草,BCL2,炙甘草,BCL2
炙甘草,BCL2L1,炙甘草,BCL2L1
炙甘草,CA1,炙甘草,CA1
炙甘草,CA12,炙甘草,CA12
炙甘草,CA13,炙甘草,CA13
炙甘草,CA14,炙甘草,CA14
炙甘草,CA2,炙甘草,CA2
炙甘草,CA3,炙甘草,CA3
炙甘草,CA4,炙甘草,CA4
炙甘草,CA5A,炙甘草,CA5A
炙甘草,CA5B,炙甘草,CA5B
炙甘草,CA6,炙甘草,CA6
炙甘草,CA7,炙甘草,CA7
炙甘草,CA9,炙甘草,CA9
炙甘草,CBR1,炙甘草,CBR1
炙甘草,CDC25B,炙甘草,CDC25B
炙甘草,CDK6,炙甘草,CDK6
炙甘草,CES1,炙甘草,CES1
炙甘草,CES2,炙甘草,CES2
炙甘草,CHRNA7,炙甘草,CHRNA7
炙甘草,CSNK2A1,炙甘草,CSNK2A1
炙甘草,CTSL,炙甘草,CTSL
炙甘草,CXCL8,炙甘草,CXCL8
炙甘草,CYP19A1,炙甘草,CYP19A1
炙甘草,CYP1A1,炙甘草,CYP1A1
炙甘草,CYP1A2,炙甘草,CYP1A2
炙甘草,CYP1B1,炙甘草,CYP1B1
炙甘草,CYP2C19,炙甘草,CYP2C19
炙甘草,CYP2C9,炙甘草,CYP2C9
炙甘草,CYP2D6,炙甘草,CYP2D6
炙甘草,CYP3A4,炙甘草,CYP3A4
炙甘草,DAPK1,炙甘草,DAPK1
炙甘草,DHFR,炙甘草,DHFR
炙甘草,DNMT1,炙甘草,DNMT1
炙甘草,DPP4,炙甘草,DPP4
炙甘草,DRD1,炙甘草,DRD1
炙甘草,DUSP3,炙甘草,DUSP3
炙甘草,EGFR,炙甘草,EGFR
炙甘草,EHMT2,炙甘草,EHMT2
炙甘草,EPHX2,炙甘草,EPHX2
炙甘草,ESR1,炙甘草,ESR1
炙甘草,ESR2,炙甘草,ESR2
炙甘草,ESRRA,炙甘草,ESRRA
炙甘草,ESRRB,炙甘草,ESRRB
炙甘草,F2,炙甘草,F2
炙甘草,F3,炙甘草,F3
炙甘草,FASN,炙甘草,FASN
炙甘草,FLT3,炙甘草,FLT3
炙甘草,FUT7,炙甘草,FUT7
炙甘草,FYN,炙甘草,FYN
炙甘草,GAA,炙甘草,GAA
炙甘草,GBA,炙甘草,GBA
炙甘草,GBA2,炙甘草,GBA2
炙甘草,GLO1,炙甘草,GLO1
炙甘草,GSK3B,炙甘草,GSK3B
炙甘草,HCAR2,炙甘草,HCAR2
炙甘草,HIF1A,炙甘草,HIF1A
炙甘草,HSD11B1,炙甘草,HSD11B1
炙甘草,HSD11B2,炙甘草,HSD11B2
炙甘草,HSD17B1,炙甘草,HSD17B1
炙甘草,HSD17B2,炙甘草,HSD17B2
炙甘草,IDH1,炙甘草,IDH1
炙甘草,IDO1,炙甘草,IDO1
炙甘草,INSR,炙甘草,INSR
炙甘草,KDM4E,炙甘草,KDM4E
炙甘草,KMT2A,炙甘草,KMT2A
炙甘草,MAPK1,炙甘草,MAPK1
炙甘草,MAPT,炙甘草,MAPT
炙甘草,MCL1,炙甘草,MCL1
炙甘草,MGLL,炙甘草,MGLL
炙甘草,MMP1,炙甘草,MMP1
炙甘草,MMP2,炙甘草,MMP2
炙甘草,MMP3,炙甘草,MMP3
炙甘草,MMP9,炙甘草,MMP9
炙甘草,MPG,炙甘草,MPG
炙甘草,NFKB1,炙甘草,NFKB1
炙甘草,NOS2,炙甘草,NOS2
炙甘草,NR1H4,炙甘草,NR1H4
炙甘草,NR3C1,炙甘草,NR3C1
炙甘草,ODC1,炙甘草,ODC1
炙甘草,PARP1,炙甘草,PARP1
炙甘草,PDE5A,炙甘草,PDE5A
炙甘草,PIM1,炙甘草,PIM1
炙甘草,PLG,炙甘草,PLG
炙甘草,POLB,炙甘草,POLB
炙甘草,PPARA,炙甘草,PPARA
炙甘草,PPARD,炙甘草,PPARD
炙甘草,PPARG,炙甘草,PPARG
炙甘草,PTGES,炙甘草,PTGES
炙甘草,PTGS1,炙甘草,PTGS1
炙甘草,PTGS2,炙甘草,PTGS2
炙甘草,PTK2B,炙甘草,PTK2B
炙甘草,PTPN1,炙甘草,PTPN1
炙甘草,PTPN11,炙甘草,PTPN11
炙甘草,PTPN2,炙甘草,PTPN2
炙甘草,PTPN6,炙甘草,PTPN6
炙甘草,PTPRF,炙甘草,PTPRF
炙甘草,PTPRS,炙甘草,PTPRS
炙甘草,RELA,炙甘草,RELA
炙甘草,RORC,炙甘草,RORC
炙甘草,SHBG,炙甘草,SHBG
炙甘草,SLC5A1,炙甘草,SLC5A1
炙甘草,SLC5A2,炙甘草,SLC5A2
炙甘草,SLCO1B1,炙甘草,SLCO1B1
炙甘草,SLCO1B3,炙甘草,SLCO1B3
炙甘草,SLCO2B1,炙甘草,SLCO2B1
炙甘草,SRC,炙甘草,SRC
炙甘草,SYK,炙甘草,SYK
炙甘草,TBXAS1,炙甘草,TBXAS1
炙甘草,TERT,炙甘草,TERT
炙甘草,THRB,炙甘草,THRB
炙甘草,TNKS,炙甘草,TNKS
炙甘草,TNKS2,炙甘草,TNKS2
炙甘草,TOP1,炙甘草,TOP1
炙甘草,TOP2A,炙甘草,TOP2A
炙甘草,TTR,炙甘草,TTR
炙甘草,TYR,炙甘草,TYR
炙甘草,UBE2N,炙甘草,UBE2N
炙甘草,UGT1A1,炙甘草,UGT1A1
炙甘草,XDH,炙甘草,XDH
炙甘草,XPO1,炙甘草,XPO1
炙麻黄,ABCC1,炙麻黄,ABCC1
炙麻黄,ABCG2,炙麻黄,ABCG2
炙麻黄,ACHE,炙麻黄,ACHE
炙麻黄,ADORA3,炙麻黄,ADORA3
炙麻黄,AKR1B1,炙麻黄,AKR1B1
炙麻黄,AKR1B10,炙麻黄,AKR1B10
炙麻黄,AKT1,炙麻黄,AKT1
炙麻黄,ALK,炙麻黄,ALK
炙麻黄,ALOX12,炙麻黄,ALOX12
炙麻黄,ALOX15,炙麻黄,ALOX15
炙麻黄,ALOX5,炙麻黄,ALOX5
炙麻黄,AMY1A,炙麻黄,AMY1A
炙麻黄,AOC3,炙麻黄,AOC3
炙麻黄,APEX1,炙麻黄,APEX1
炙麻黄,APP,炙麻黄,APP
炙麻黄,AR,炙麻黄,AR
炙麻黄,AURKB,炙麻黄,AURKB
炙麻黄,AVPR2,炙麻黄,AVPR2
炙麻黄,AXL,炙麻黄,AXL
炙麻黄,BACE1,炙麻黄,BACE1
炙麻黄,BCHE,炙麻黄,BCHE
炙麻黄,BCL2,炙麻黄,BCL2
炙麻黄,BCL2L1,炙麻黄,BCL2L1
炙麻黄,CA1,炙麻黄,CA1
炙麻黄,CA12,炙麻黄,CA12
炙麻黄,CA13,炙麻黄,CA13
炙麻黄,CA14,炙麻黄,CA14
炙麻黄,CA2,炙麻黄,CA2
炙麻黄,CA3,炙麻黄,CA3
炙麻黄,CA4,炙麻黄,CA4
炙麻黄,CA5A,炙麻黄,CA5A
炙麻黄,CA5B,炙麻黄,CA5B
炙麻黄,CA6,炙麻黄,CA6
炙麻黄,CA7,炙麻黄,CA7
炙麻黄,CA9,炙麻黄,CA9
炙麻黄,CAMK2B,炙麻黄,CAMK2B
炙麻黄,CBR1,炙麻黄,CBR1
炙麻黄,CCR4,炙麻黄,CCR4
炙麻黄,CD38,炙麻黄,CD38
炙麻黄,CDK6,炙麻黄,CDK6
炙麻黄,CES1,炙麻黄,CES1
炙麻黄,CES2,炙麻黄,CES2
炙麻黄,CSNK2A1,炙麻黄,CSNK2A1
炙麻黄,CXCL8,炙麻黄,CXCL8
炙麻黄,CXCR1,炙麻黄,CXCR1
炙麻黄,CYP19A1,炙麻黄,CYP19A1
炙麻黄,CYP1A1,炙麻黄,CYP1A1
炙麻黄,CYP1A2,炙麻黄,CYP1A2
炙麻黄,CYP1B1,炙麻黄,CYP1B1
炙麻黄,CYP2A6,炙麻黄,CYP2A6
炙麻黄,CYP2C19,炙麻黄,CYP2C19
炙麻黄,CYP2C8,炙麻黄,CYP2C8
炙麻黄,CYP2C9,炙麻黄,CYP2C9
炙麻黄,CYP2D6,炙麻黄,CYP2D6
炙麻黄,CYP2J2,炙麻黄,CYP2J2
炙麻黄,CYP3A4,炙麻黄,CYP3A4
炙麻黄,DAPK1,炙麻黄,DAPK1
炙麻黄,DPP4,炙麻黄,DPP4
炙麻黄,DRD1,炙麻黄,DRD1
炙麻黄,EGFR,炙麻黄,EGFR
炙麻黄,EHMT2,炙麻黄,EHMT2
炙麻黄,EPHX2,炙麻黄,EPHX2
炙麻黄,ESR1,炙麻黄,ESR1
炙麻黄,ESRRA,炙麻黄,ESRRA
炙麻黄,F2,炙麻黄,F2
炙麻黄,FABP2,炙麻黄,FABP2
炙麻黄,FABP3,炙麻黄,FABP3
炙麻黄,FABP4,炙麻黄,FABP4
炙麻黄,FABP5,炙麻黄,FABP5
炙麻黄,FASN,炙麻黄,FASN
炙麻黄,FLT3,炙麻黄,FLT3
炙麻黄,GAA,炙麻黄,GAA
炙麻黄,GBA,炙麻黄,GBA
炙麻黄,GLO1,炙麻黄,GLO1
炙麻黄,GPR35,炙麻黄,GPR35
炙麻黄,GSK3B,炙麻黄,GSK3B
炙麻黄,HIF1A,炙麻黄,HIF1A
炙麻黄,HSD11B1,炙麻黄,HSD11B1
炙麻黄,HSD17B1,炙麻黄,HSD17B1
炙麻黄,HSD17B2,炙麻黄,HSD17B2
炙麻黄,HTR1A,炙麻黄,HTR1A
炙麻黄,IDH1,炙麻黄,IDH1
炙麻黄,IGF1R,炙麻黄,IGF1R
炙麻黄,INSR,炙麻黄,INSR
炙麻黄,KDM4E,炙麻黄,KDM4E
炙麻黄,KDR,炙麻黄,KDR
炙麻黄,KMT2A,炙麻黄,KMT2A
炙麻黄,MAP2K1,炙麻黄,MAP2K1
炙麻黄,MAPK1,炙麻黄,MAPK1
炙麻黄,MAPK14,炙麻黄,MAPK14
炙麻黄,MAPKAPK2,炙麻黄,MAPKAPK2
炙麻黄,MAPT,炙麻黄,MAPT
炙麻黄,MET,炙麻黄,MET
炙麻黄,MIF,炙麻黄,MIF
炙麻黄,MMP12,炙麻黄,MMP12
炙麻黄,MMP13,炙麻黄,MMP13
炙麻黄,MMP2,炙麻黄,MMP2
炙麻黄,MMP3,炙麻黄,MMP3
炙麻黄,MMP9,炙麻黄,MMP9
炙麻黄,MPG,炙麻黄,MPG
炙麻黄,NEK2,炙麻黄,NEK2
炙麻黄,NEK6,炙麻黄,NEK6
炙麻黄,NFKB1,炙麻黄,NFKB1
炙麻黄,NUAK1,炙麻黄,NUAK1
炙麻黄,PARP1,炙麻黄,PARP1
炙麻黄,PDE5A,炙麻黄,PDE5A
炙麻黄,PDPK1,炙麻黄,PDPK1
炙麻黄,PIK3CG,炙麻黄,PIK3CG
炙麻黄,PIM1,炙麻黄,PIM1
炙麻黄,PKN1,炙麻黄,PKN1
炙麻黄,PLG,炙麻黄,PLG
炙麻黄,PLK1,炙麻黄,PLK1
炙麻黄,POLB,炙麻黄,POLB
炙麻黄,PPARA,炙麻黄,PPARA
炙麻黄,PPARD,炙麻黄,PPARD
炙麻黄,PPARG,炙麻黄,PPARG
炙麻黄,PRKCA,炙麻黄,PRKCA
炙麻黄,PTGES,炙麻黄,PTGES
炙麻黄,PTGS1,炙麻黄,PTGS1
炙麻黄,PTGS2,炙麻黄,PTGS2
炙麻黄,PTK2,炙麻黄,PTK2
炙麻黄,PTPN1,炙麻黄,PTPN1
炙麻黄,PTPRS,炙麻黄,PTPRS
炙麻黄,PYGL,炙麻黄,PYGL
炙麻黄,RELA,炙麻黄,RELA
炙麻黄,RORC,炙麻黄,RORC
炙麻黄,SLC5A1,炙麻黄,SLC5A1
炙麻黄,SLC5A2,炙麻黄,SLC5A2
炙麻黄,SLCO1B1,炙麻黄,SLCO1B1
炙麻黄,SLCO1B3,炙麻黄,SLCO1B3
炙麻黄,SLCO2B1,炙麻黄,SLCO2B1
炙麻黄,SRC,炙麻黄,SRC
炙麻黄,STAT3,炙麻黄,STAT3
炙麻黄,SYK,炙麻黄,SYK
炙麻黄,THRB,炙麻黄,THRB
炙麻黄,TLR2,炙麻黄,TLR2
炙麻黄,TNKS,炙麻黄,TNKS
炙麻黄,TNKS2,炙麻黄,TNKS2
炙麻黄,TOP1,炙麻黄,TOP1
炙麻黄,TOP2A,炙麻黄,TOP2A
炙麻黄,TRPV1,炙麻黄,TRPV1
炙麻黄,TTR,炙麻黄,TTR
炙麻黄,TYR,炙麻黄,TYR
炙麻黄,UGT1A1,炙麻黄,UGT1A1
炙麻黄,XDH,炙麻黄,XDH
焦槟榔,CHRM1,焦槟榔,CHRM1
焦槟榔,CHRM2,焦槟榔,CHRM2
焦槟榔,CHRM4,焦槟榔,CHRM4
焦槟榔,CHRM5,焦槟榔,CHRM5
焦槟榔,DRD1,焦槟榔,DRD1
焦槟榔,EHMT2,焦槟榔,EHMT2
焦槟榔,GABRR1,焦槟榔,GABRR1
焦槟榔,THRB,焦槟榔,THRB
熟地黄,ABCB11,熟地黄,ABCB11
熟地黄,ADORA1,熟地黄,ADORA1
熟地黄,ADORA2A,熟地黄,ADORA2A
熟地黄,ADORA2B,熟地黄,ADORA2B
熟地黄,ADORA3,熟地黄,ADORA3
熟地黄,AKR1B1,熟地黄,AKR1B1
熟地黄,AKT1,熟地黄,AKT1
熟地黄,ALOX15,熟地黄,ALOX15
熟地黄,ALOX5,熟地黄,ALOX5
熟地黄,APP,熟地黄,APP
熟地黄,CA1,熟地黄,CA1
熟地黄,CA12,熟地黄,CA12
熟地黄,CA14,熟地黄,CA14
熟地黄,CA2,熟地黄,CA2
熟地黄,CA3,熟地黄,CA3
熟地黄,CA4,熟地黄,CA4
熟地黄,CA5A,熟地黄,CA5A
熟地黄,CA5B,熟地黄,CA5B
熟地黄,CA6,熟地黄,CA6
熟地黄,CA7,熟地黄,CA7
熟地黄,CA9,熟地黄,CA9
熟地黄,CTSL,熟地黄,CTSL
熟地黄,CXCL8,熟地黄,CXCL8
熟地黄,CYP19A1,熟地黄,CYP19A1
熟地黄,CYP1A2,熟地黄,CYP1A2
熟地黄,CYP3A4,熟地黄,CYP3A4
熟地黄,DAO,熟地黄,DAO
熟地黄,DPP4,熟地黄,DPP4
熟地黄,DRD1,熟地黄,DRD1
熟地黄,DUSP3,熟地黄,DUSP3
熟地黄,EGFR,熟地黄,EGFR
熟地黄,EGLN1,熟地黄,EGLN1
熟地黄,EHMT2,熟地黄,EHMT2
熟地黄,ERBB2,熟地黄,ERBB2
熟地黄,ESR1,熟地黄,ESR1
熟地黄,F3,熟地黄,F3
熟地黄,FABP2,熟地黄,FABP2
熟地黄,FABP3,熟地黄,FABP3
熟地黄,FABP4,熟地黄,FABP4
熟地黄,FABP5,熟地黄,FABP5
熟地黄,FUT7,熟地黄,FUT7
熟地黄,GAA,熟地黄,GAA
熟地黄,GABRR1,熟地黄,GABRR1
熟地黄,GRM5,熟地黄,GRM5
熟地黄,GSK3B,熟地黄,GSK3B
熟地黄,HCAR2,熟地黄,HCAR2
熟地黄,HIF1A,熟地黄,HIF1A
熟地黄,HSP90AA1,熟地黄,HSP90AA1
熟地黄,HSP90AB1,熟地黄,HSP90AB1
熟地黄,HSPA8,熟地黄,HSPA8
熟地黄,HTR7,熟地黄,HTR7
熟地黄,IDH1,熟地黄,IDH1
熟地黄,IDO1,熟地黄,IDO1
熟地黄,KCNH2,熟地黄,KCNH2
熟地黄,KDM4E,熟地黄,KDM4E
熟地黄,KMT2A,熟地黄,KMT2A
熟地黄,MAP2K1,熟地黄,MAP2K1
熟地黄,MAPK1,熟地黄,MAPK1
熟地黄,MAPK14,熟地黄,MAPK14
熟地黄,MAPK9,熟地黄,MAPK9
熟地黄,MAPT,熟地黄,MAPT
熟地黄,MET,熟地黄,MET
熟地黄,MMP1,熟地黄,MMP1
熟地黄,MMP12,熟地黄,MMP12
熟地黄,MMP13,熟地黄,MMP13
熟地黄,MMP2,熟地黄,MMP2
熟地黄,MMP3,熟地黄,MMP3
熟地黄,MMP9,熟地黄,MMP9
熟地黄,NFKB1,熟地黄,NFKB1
熟地黄,PNP,熟地黄,PNP
熟地黄,POLB,熟地黄,POLB
熟地黄,PPARA,熟地黄,PPARA
熟地黄,PPARD,熟地黄,PPARD
熟地黄,PPARG,熟地黄,PPARG
熟地黄,PRKCA,熟地黄,PRKCA
熟地黄,PTGS1,熟地黄,PTGS1
熟地黄,PTGS2,熟地黄,PTGS2
熟地黄,RORC,熟地黄,RORC
熟地黄,SLC22A1,熟地黄,SLC22A1
熟地黄,SLC28A1,熟地黄,SLC28A1
熟地黄,SLC28A2,熟地黄,SLC28A2
熟地黄,SLC28A3,熟地黄,SLC28A3
熟地黄,SOAT1,熟地黄,SOAT1
熟地黄,TERT,熟地黄,TERT
熟地黄,THRB,熟地黄,THRB
熟地黄,TLR2,熟地黄,TLR2
熟地黄,TYR,熟地黄,TYR
熟地黄,UGT1A1,熟地黄,UGT1A1
熟地黄,XDH,熟地黄,XDH
牛蒡子,ABCC1,牛蒡子,ABCC1
牛蒡子,ABCG2,牛蒡子,ABCG2
牛蒡子,ACHE,牛蒡子,ACHE
牛蒡子,ACP1,牛蒡子,ACP1
牛蒡子,ADORA3,牛蒡子,ADORA3
牛蒡子,AKR1B1,牛蒡子,AKR1B1
牛蒡子,AKR1B10,牛蒡子,AKR1B10
牛蒡子,AKR1C2,牛蒡子,AKR1C2
牛蒡子,AKR1C3,牛蒡子,AKR1C3
牛蒡子,AKR1C4,牛蒡子,AKR1C4
牛蒡子,AKT1,牛蒡子,AKT1
牛蒡子,ALK,牛蒡子,ALK
牛蒡子,ALOX12,牛蒡子,ALOX12
牛蒡子,ALOX15,牛蒡子,ALOX15
牛蒡子,ALOX5,牛蒡子,ALOX5
牛蒡子,AMY1A,牛蒡子,AMY1A
牛蒡子,APEX1,牛蒡子,APEX1
牛蒡子,APP,牛蒡子,APP
牛蒡子,AURKB,牛蒡子,AURKB
牛蒡子,AVPR2,牛蒡子,AVPR2
牛蒡子,AXL,牛蒡子,AXL
牛蒡子,BACE1,牛蒡子,BACE1
牛蒡子,BCHE,牛蒡子,BCHE
牛蒡子,BCL2,牛蒡子,BCL2
牛蒡子,BCL2L1,牛蒡子,BCL2L1
牛蒡子,CA1,牛蒡子,CA1
牛蒡子,CA12,牛蒡子,CA12
牛蒡子,CA14,牛蒡子,CA14
牛蒡子,CA2,牛蒡子,CA2
牛蒡子,CA3,牛蒡子,CA3
牛蒡子,CA4,牛蒡子,CA4
牛蒡子,CA5A,牛蒡子,CA5A
牛蒡子,CA5B,牛蒡子,CA5B
牛蒡子,CA6,牛蒡子,CA6
牛蒡子,CA7,牛蒡子,CA7
牛蒡子,CA9,牛蒡子,CA9
牛蒡子,CAMK2B,牛蒡子,CAMK2B
牛蒡子,CCR4,牛蒡子,CCR4
牛蒡子,CD38,牛蒡子,CD38
牛蒡子,CDK6,牛蒡子,CDK6
牛蒡子,CTSD,牛蒡子,CTSD
牛蒡子,CXCL8,牛蒡子,CXCL8
牛蒡子,CXCR1,牛蒡子,CXCR1
牛蒡子,CYP19A1,牛蒡子,CYP19A1
牛蒡子,CYP1A1,牛蒡子,CYP1A1
牛蒡子,CYP1A2,牛蒡子,CYP1A2
牛蒡子,CYP1B1,牛蒡子,CYP1B1
牛蒡子,CYP2A6,牛蒡子,CYP2A6
牛蒡子,CYP2C19,牛蒡子,CYP2C19
牛蒡子,CYP2C8,牛蒡子,CYP2C8
牛蒡子,CYP2C9,牛蒡子,CYP2C9
牛蒡子,CYP2D6,牛蒡子,CYP2D6
牛蒡子,CYP2J2,牛蒡子,CYP2J2
牛蒡子,CYP3A4,牛蒡子,CYP3A4
牛蒡子,DAPK1,牛蒡子,DAPK1
牛蒡子,DPP4,牛蒡子,DPP4
牛蒡子,DRD1,牛蒡子,DRD1
牛蒡子,DUSP3,牛蒡子,DUSP3
牛蒡子,EGFR,牛蒡子,EGFR
牛蒡子,EHMT2,牛蒡子,EHMT2
牛蒡子,EPHX2,牛蒡子,EPHX2
牛蒡子,ESR1,牛蒡子,ESR1
牛蒡子,F2,牛蒡子,F2
牛蒡子,FASN,牛蒡子,FASN
牛蒡子,FLT3,牛蒡子,FLT3
牛蒡子,GAA,牛蒡子,GAA
牛蒡子,GBA,牛蒡子,GBA
牛蒡子,GLO1,牛蒡子,GLO1
牛蒡子,GPR35,牛蒡子,GPR35
牛蒡子,GSK3B,牛蒡子,GSK3B
牛蒡子,HCAR2,牛蒡子,HCAR2
牛蒡子,HIF1A,牛蒡子,HIF1A
牛蒡子,HMGCR,牛蒡子,HMGCR
牛蒡子,HSD11B1,牛蒡子,HSD11B1
牛蒡子,HSD17B1,牛蒡子,HSD17B1
牛蒡子,HSD17B2,牛蒡子,HSD17B2
牛蒡子,HTR1A,牛蒡子,HTR1A
牛蒡子,IDH1,牛蒡子,IDH1
牛蒡子,IGF1R,牛蒡子,IGF1R
牛蒡子,KDM4E,牛蒡子,KDM4E
牛蒡子,KDR,牛蒡子,KDR
牛蒡子,KMT2A,牛蒡子,KMT2A
牛蒡子,MAP2K1,牛蒡子,MAP2K1
牛蒡子,MAPK1,牛蒡子,MAPK1
牛蒡子,MAPK14,牛蒡子,MAPK14
牛蒡子,MAPKAPK2,牛蒡子,MAPKAPK2
牛蒡子,MAPT,牛蒡子,MAPT
牛蒡子,MET,牛蒡子,MET
牛蒡子,MMP1,牛蒡子,MMP1
牛蒡子,MMP12,牛蒡子,MMP12
牛蒡子,MMP13,牛蒡子,MMP13
牛蒡子,MMP2,牛蒡子,MMP2
牛蒡子,MMP3,牛蒡子,MMP3
牛蒡子,MMP9,牛蒡子,MMP9
牛蒡子,MPG,牛蒡子,MPG
牛蒡子,NEK2,牛蒡子,NEK2
牛蒡子,NEK6,牛蒡子,NEK6
牛蒡子,NFKB1,牛蒡子,NFKB1
牛蒡子,NR1H4,牛蒡子,NR1H4
牛蒡子,NUAK1,牛蒡子,NUAK1
牛蒡子,PARP1,牛蒡子,PARP1
牛蒡子,PDE5A,牛蒡子,PDE5A
牛蒡子,PIK3CG,牛蒡子,PIK3CG
牛蒡子,PIM1,牛蒡子,PIM1
牛蒡子,PKN1,牛蒡子,PKN1
牛蒡子,PLG,牛蒡子,PLG
牛蒡子,PLK1,牛蒡子,PLK1
牛蒡子,POLB,牛蒡子,POLB
牛蒡子,PPARA,牛蒡子,PPARA
牛蒡子,PPARG,牛蒡子,PPARG
牛蒡子,PRKCA,牛蒡子,PRKCA
牛蒡子,PTGS2,牛蒡子,PTGS2
牛蒡子,PTK2,牛蒡子,PTK2
牛蒡子,PTPN1,牛蒡子,PTPN1
牛蒡子,PTPN2,牛蒡子,PTPN2
牛蒡子,PTPN6,牛蒡子,PTPN6
牛蒡子,PTPRF,牛蒡子,PTPRF
牛蒡子,PYGL,牛蒡子,PYGL
牛蒡子,RORC,牛蒡子,RORC
牛蒡子,SHBG,牛蒡子,SHBG
牛蒡子,SLCO1B1,牛蒡子,SLCO1B1
牛蒡子,SLCO1B3,牛蒡子,SLCO1B3
牛蒡子,SLCO2B1,牛蒡子,SLCO2B1
牛蒡子,SRC,牛蒡子,SRC
牛蒡子,SYK,牛蒡子,SYK
牛蒡子,THRB,牛蒡子,THRB
牛蒡子,TNKS,牛蒡子,TNKS
牛蒡子,TNKS2,牛蒡子,TNKS2
牛蒡子,TOP1,牛蒡子,TOP1
牛蒡子,TOP2A,牛蒡子,TOP2A
牛蒡子,TTR,牛蒡子,TTR
牛蒡子,TYR,牛蒡子,TYR
牛蒡子,UGT1A1,牛蒡子,UGT1A1
牛蒡子,XDH,牛蒡子,XDH
牡丹皮,CYP3A4,牡丹皮,CYP3A4
牡丹皮,MAPK1,牡丹皮,MAPK1
牡蛎,ABCC1,牡蛎,ABCC1
牡蛎,ABCG2,牡蛎,ABCG2
牡蛎,ACHE,牡蛎,ACHE
牡蛎,AKR1B1,牡蛎,AKR1B1
牡蛎,BCHE,牡蛎,BCHE
牡蛎,CYP2D6,牡蛎,CYP2D6
牡蛎,CYP3A4,牡蛎,CYP3A4
牡蛎,EHMT2,牡蛎,EHMT2
牡蛎,EPHX2,牡蛎,EPHX2
牡蛎,ESR1,牡蛎,ESR1
牡蛎,FDPS,牡蛎,FDPS
牡蛎,GAA,牡蛎,GAA
牡蛎,GBA,牡蛎,GBA
牡蛎,KDM4E,牡蛎,KDM4E
牡蛎,MAPK1,牡蛎,MAPK1
牡蛎,MAPT,牡蛎,MAPT
牡蛎,POLB,牡蛎,POLB
牡蛎,PTPN1,牡蛎,PTPN1
玄参,ADORA1,玄参,ADORA1
玄参,ADORA2A,玄参,ADORA2A
玄参,ADORA2B,玄参,ADORA2B
玄参,ADORA3,玄参,ADORA3
玄参,AKR1B1,玄参,AKR1B1
玄参,AKR1B10,玄参,AKR1B10
玄参,AKR1C2,玄参,AKR1C2
玄参,AKR1C3,玄参,AKR1C3
玄参,AKR1C4,玄参,AKR1C4
玄参,ALOX12,玄参,ALOX12
玄参,ALOX15,玄参,ALOX15
玄参,APP,玄参,APP
玄参,AR,玄参,AR
玄参,CA1,玄参,CA1
玄参,CA12,玄参,CA12
玄参,CA14,玄参,CA14
玄参,CA2,玄参,CA2
玄参,CA3,玄参,CA3
玄参,CA4,玄参,CA4
玄参,CA5A,玄参,CA5A
玄参,CA5B,玄参,CA5B
玄参,CA6,玄参,CA6
玄参,CA7,玄参,CA7
玄参,CA9,玄参,CA9
玄参,CXCL8,玄参,CXCL8
玄参,CYP19A1,玄参,CYP19A1
玄参,CYP2D6,玄参,CYP2D6
玄参,CYP3A4,玄参,CYP3A4
玄参,DAO,玄参,DAO
玄参,DPP4,玄参,DPP4
玄参,EGFR,玄参,EGFR
玄参,EHMT2,玄参,EHMT2
玄参,ERBB2,玄参,ERBB2
玄参,ESR1,玄参,ESR1
玄参,ESR2,玄参,ESR2
玄参,F3,玄参,F3
玄参,FABP4,玄参,FABP4
玄参,GRM5,玄参,GRM5
玄参,HCAR2,玄参,HCAR2
玄参,HSPA8,玄参,HSPA8
玄参,HTR7,玄参,HTR7
玄参,IDH1,玄参,IDH1
玄参,KCNH2,玄参,KCNH2
玄参,KDM4E,玄参,KDM4E
玄参,KMT2A,玄参,KMT2A
玄参,MAPK1,玄参,MAPK1
玄参,MAPT,玄参,MAPT
玄参,NR1I2,玄参,NR1I2
玄参,PNP,玄参,PNP
玄参,PPARA,玄参,PPARA
玄参,PPARD,玄参,PPARD
玄参,PPARG,玄参,PPARG
玄参,PRKCA,玄参,PRKCA
玄参,PTGS1,玄参,PTGS1
玄参,PTGS2,玄参,PTGS2
玄参,RORC,玄参,RORC
玄参,SLC28A1,玄参,SLC28A1
玄参,SLC28A2,玄参,SLC28A2
玄参,SLC28A3,玄参,SLC28A3
玄参,SOAT1,玄参,SOAT1
玄参,TERT,玄参,TERT
玄参,THRB,玄参,THRB
玄参,TYR,玄参,TYR
玄参,UGT1A1,玄参,UGT1A1
玉竹,ALOX15,玉竹,ALOX15
玉竹,ALOX5,玉竹,ALOX5
玉竹,CXCL8,玉竹,CXCL8
玉竹,CYP19A1,玉竹,CYP19A1
玉竹,CYP1A1,玉竹,CYP1A1
玉竹,CYP1A2,玉竹,CYP1A2
玉竹,CYP1B1,玉竹,CYP1B1
玉竹,CYP3A4,玉竹,CYP3A4
玉竹,DUSP3,玉竹,DUSP3
玉竹,EGLN1,玉竹,EGLN1
玉竹,ESR1,玉竹,ESR1
玉竹,F3,玉竹,F3
玉竹,FABP2,玉竹,FABP2
玉竹,FABP3,玉竹,FABP3
玉竹,FABP4,玉竹,FABP4
玉竹,FABP5,玉竹,FABP5
玉竹,GBA,玉竹,GBA
玉竹,GSK3B,玉竹,GSK3B
玉竹,HCAR2,玉竹,HCAR2
玉竹,KMT2A,玉竹,KMT2A
玉竹,MAPK1,玉竹,MAPK1
玉竹,MAPT,玉竹,MAPT
玉竹,POLB,玉竹,POLB
玉竹,PPARA,玉竹,PPARA
玉竹,PPARD,玉竹,PPARD
玉竹,PPARG,玉竹,PPARG
玉竹,PTPN1,玉竹,PTPN1
玉竹,RORC,玉竹,RORC
玉竹,SOAT1,玉竹,SOAT1
玉竹,TERT,玉竹,TERT
玉竹,TLR2,玉竹,TLR2
玉竹,TYR,玉竹,TYR
瓜蒌,ABCC1,瓜蒌,ABCC1
瓜蒌,ABCG2,瓜蒌,ABCG2
瓜蒌,ACHE,瓜蒌,ACHE
瓜蒌,ADORA1,瓜蒌,ADORA1
瓜蒌,ADORA2A,瓜蒌,ADORA2A
瓜蒌,ADORA2B,瓜蒌,ADORA2B
瓜蒌,ADORA3,瓜蒌,ADORA3
瓜蒌,AKR1B1,瓜蒌,AKR1B1
瓜蒌,AKR1B10,瓜蒌,AKR1B10
瓜蒌,ALOX12,瓜蒌,ALOX12
瓜蒌,ALOX15,瓜蒌,ALOX15
瓜蒌,ALOX5,瓜蒌,ALOX5
瓜蒌,AMY1A,瓜蒌,AMY1A
瓜蒌,APEX1,瓜蒌,APEX1
瓜蒌,APP,瓜蒌,APP
瓜蒌,AR,瓜蒌,AR
瓜蒌,BACE1,瓜蒌,BACE1
瓜蒌,BCHE,瓜蒌,BCHE
瓜蒌,BCL2,瓜蒌,BCL2
瓜蒌,BCL2L1,瓜蒌,BCL2L1
瓜蒌,CA1,瓜蒌,CA1
瓜蒌,CA12,瓜蒌,CA12
瓜蒌,CA2,瓜蒌,CA2
瓜蒌,CA4,瓜蒌,CA4
瓜蒌,CA7,瓜蒌,CA7
瓜蒌,CD38,瓜蒌,CD38
瓜蒌,CDK6,瓜蒌,CDK6
瓜蒌,CSNK2A1,瓜蒌,CSNK2A1
瓜蒌,CXCL8,瓜蒌,CXCL8
瓜蒌,CYP19A1,瓜蒌,CYP19A1
瓜蒌,CYP1A1,瓜蒌,CYP1A1
瓜蒌,CYP1A2,瓜蒌,CYP1A2
瓜蒌,CYP1B1,瓜蒌,CYP1B1
瓜蒌,CYP2A6,瓜蒌,CYP2A6
瓜蒌,CYP2C19,瓜蒌,CYP2C19
瓜蒌,CYP2C9,瓜蒌,CYP2C9
瓜蒌,CYP2D6,瓜蒌,CYP2D6
瓜蒌,CYP3A4,瓜蒌,CYP3A4
瓜蒌,DAPK1,瓜蒌,DAPK1
瓜蒌,DPP4,瓜蒌,DPP4
瓜蒌,DRD1,瓜蒌,DRD1
瓜蒌,DUSP3,瓜蒌,DUSP3
瓜蒌,EGFR,瓜蒌,EGFR
瓜蒌,EHMT2,瓜蒌,EHMT2
瓜蒌,EPHX2,瓜蒌,EPHX2
瓜蒌,ERBB2,瓜蒌,ERBB2
瓜蒌,ESR1,瓜蒌,ESR1
瓜蒌,F3,瓜蒌,F3
瓜蒌,FABP2,瓜蒌,FABP2
瓜蒌,FABP3,瓜蒌,FABP3
瓜蒌,FABP4,瓜蒌,FABP4
瓜蒌,FABP5,瓜蒌,FABP5
瓜蒌,FASN,瓜蒌,FASN
瓜蒌,FLT3,瓜蒌,FLT3
瓜蒌,GAA,瓜蒌,GAA
瓜蒌,GABRR1,瓜蒌,GABRR1
瓜蒌,GBA,瓜蒌,GBA
瓜蒌,GLO1,瓜蒌,GLO1
瓜蒌,GPR35,瓜蒌,GPR35
瓜蒌,GSK3B,瓜蒌,GSK3B
瓜蒌,HIF1A,瓜蒌,HIF1A
瓜蒌,HSD17B1,瓜蒌,HSD17B1
瓜蒌,HSD17B2,瓜蒌,HSD17B2
瓜蒌,HSPA8,瓜蒌,HSPA8
瓜蒌,HTR7,瓜蒌,HTR7
瓜蒌,IDH1,瓜蒌,IDH1
瓜蒌,INSR,瓜蒌,INSR
瓜蒌,KDM4E,瓜蒌,KDM4E
瓜蒌,KMT2A,瓜蒌,KMT2A
瓜蒌,MAPK1,瓜蒌,MAPK1
瓜蒌,MAPT,瓜蒌,MAPT
瓜蒌,MMP1,瓜蒌,MMP1
瓜蒌,MMP12,瓜蒌,MMP12
瓜蒌,MMP13,瓜蒌,MMP13
瓜蒌,MMP2,瓜蒌,MMP2
瓜蒌,MMP3,瓜蒌,MMP3
瓜蒌,MMP9,瓜蒌,MMP9
瓜蒌,NFKB1,瓜蒌,NFKB1
瓜蒌,NR1I2,瓜蒌,NR1I2
瓜蒌,PARP1,瓜蒌,PARP1
瓜蒌,PDE5A,瓜蒌,PDE5A
瓜蒌,PIM1,瓜蒌,PIM1
瓜蒌,PLG,瓜蒌,PLG
瓜蒌,PNP,瓜蒌,PNP
瓜蒌,POLB,瓜蒌,POLB
瓜蒌,PPARA,瓜蒌,PPARA
瓜蒌,PPARD,瓜蒌,PPARD
瓜蒌,PPARG,瓜蒌,PPARG
瓜蒌,PTGS1,瓜蒌,PTGS1
瓜蒌,PTGS2,瓜蒌,PTGS2
瓜蒌,RORC,瓜蒌,RORC
瓜蒌,SHBG,瓜蒌,SHBG
瓜蒌,SLC28A1,瓜蒌,SLC28A1
瓜蒌,SLC28A2,瓜蒌,SLC28A2
瓜蒌,SLC28A3,瓜蒌,SLC28A3
瓜蒌,SOAT1,瓜蒌,SOAT1
瓜蒌,SYK,瓜蒌,SYK
瓜蒌,TERT,瓜蒌,TERT
瓜蒌,THRB,瓜蒌,THRB
瓜蒌,TLR2,瓜蒌,TLR2
瓜蒌,TNKS,瓜蒌,TNKS
瓜蒌,TNKS2,瓜蒌,TNKS2
瓜蒌,TOP1,瓜蒌,TOP1
瓜蒌,TOP2A,瓜蒌,TOP2A
瓜蒌,TTR,瓜蒌,TTR
瓜蒌,UGT1A1,瓜蒌,UGT1A1
瓜蒌,XDH,瓜蒌,XDH
瓜蒌子,ADORA3,瓜蒌子,ADORA3
瓜蒌子,ADRB2,瓜蒌子,ADRB2
瓜蒌子,AKR1B1,瓜蒌子,AKR1B1
瓜蒌子,ALOX15,瓜蒌子,ALOX15
瓜蒌子,AMY1A,瓜蒌子,AMY1A
瓜蒌子,APEX1,瓜蒌子,APEX1
瓜蒌子,CA1,瓜蒌子,CA1
瓜蒌子,CA2,瓜蒌子,CA2
瓜蒌子,CXCL8,瓜蒌子,CXCL8
瓜蒌子,CYP19A1,瓜蒌子,CYP19A1
瓜蒌子,CYP1A1,瓜蒌子,CYP1A1
瓜蒌子,CYP1A2,瓜蒌子,CYP1A2
瓜蒌子,CYP1B1,瓜蒌子,CYP1B1
瓜蒌子,CYP2C19,瓜蒌子,CYP2C19
瓜蒌子,CYP3A4,瓜蒌子,CYP3A4
瓜蒌子,EGLN1,瓜蒌子,EGLN1
瓜蒌子,EHMT2,瓜蒌子,EHMT2
瓜蒌子,ESR1,瓜蒌子,ESR1
瓜蒌子,F3,瓜蒌子,F3
瓜蒌子,FABP2,瓜蒌子,FABP2
瓜蒌子,FABP3,瓜蒌子,FABP3
瓜蒌子,FABP4,瓜蒌子,FABP4
瓜蒌子,FABP5,瓜蒌子,FABP5
瓜蒌子,FOLH1,瓜蒌子,FOLH1
瓜蒌子,GBA,瓜蒌子,GBA
瓜蒌子,GLRA1,瓜蒌子,GLRA1
瓜蒌子,GRIA1,瓜蒌子,GRIA1
瓜蒌子,GRIA2,瓜蒌子,GRIA2
瓜蒌子,GRIA4,瓜蒌子,GRIA4
瓜蒌子,GRIK2,瓜蒌子,GRIK2
瓜蒌子,GRIK5,瓜蒌子,GRIK5
瓜蒌子,GRM1,瓜蒌子,GRM1
瓜蒌子,GRM2,瓜蒌子,GRM2
瓜蒌子,GRM3,瓜蒌子,GRM3
瓜蒌子,GRM4,瓜蒌子,GRM4
瓜蒌子,GRM5,瓜蒌子,GRM5
瓜蒌子,GRM8,瓜蒌子,GRM8
瓜蒌子,HCAR2,瓜蒌子,HCAR2
瓜蒌子,HTR7,瓜蒌子,HTR7
瓜蒌子,IDH1,瓜蒌子,IDH1
瓜蒌子,KCNH2,瓜蒌子,KCNH2
瓜蒌子,KDM4E,瓜蒌子,KDM4E
瓜蒌子,KMT2A,瓜蒌子,KMT2A
瓜蒌子,MAPT,瓜蒌子,MAPT
瓜蒌子,NFKB1,瓜蒌子,NFKB1
瓜蒌子,NR1I2,瓜蒌子,NR1I2
瓜蒌子,PPARA,瓜蒌子,PPARA
瓜蒌子,PPARD,瓜蒌子,PPARD
瓜蒌子,PPARG,瓜蒌子,PPARG
瓜蒌子,PTGS1,瓜蒌子,PTGS1
瓜蒌子,PTGS2,瓜蒌子,PTGS2
瓜蒌子,RORC,瓜蒌子,RORC
瓜蒌子,SLC1A1,瓜蒌子,SLC1A1
瓜蒌子,SLC22A1,瓜蒌子,SLC22A1
瓜蒌子,SOAT1,瓜蒌子,SOAT1
瓜蒌子,TERT,瓜蒌子,TERT
瓜蒌子,TLR2,瓜蒌子,TLR2
瓜蒌皮,ABCC1,瓜蒌皮,ABCC1
瓜蒌皮,ABCG2,瓜蒌皮,ABCG2
瓜蒌皮,ACHE,瓜蒌皮,ACHE
瓜蒌皮,ADORA1,瓜蒌皮,ADORA1
瓜蒌皮,ADORA2A,瓜蒌皮,ADORA2A
瓜蒌皮,ADORA2B,瓜蒌皮,ADORA2B
瓜蒌皮,ADORA3,瓜蒌皮,ADORA3
瓜蒌皮,AKR1B1,瓜蒌皮,AKR1B1
瓜蒌皮,AKR1B10,瓜蒌皮,AKR1B10
瓜蒌皮,ALOX12,瓜蒌皮,ALOX12
瓜蒌皮,ALOX15,瓜蒌皮,ALOX15
瓜蒌皮,ALOX5,瓜蒌皮,ALOX5
瓜蒌皮,AMY1A,瓜蒌皮,AMY1A
瓜蒌皮,APEX1,瓜蒌皮,APEX1
瓜蒌皮,APP,瓜蒌皮,APP
瓜蒌皮,AR,瓜蒌皮,AR
瓜蒌皮,BACE1,瓜蒌皮,BACE1
瓜蒌皮,BCHE,瓜蒌皮,BCHE
瓜蒌皮,BCL2,瓜蒌皮,BCL2
瓜蒌皮,BCL2L1,瓜蒌皮,BCL2L1
瓜蒌皮,CA1,瓜蒌皮,CA1
瓜蒌皮,CA12,瓜蒌皮,CA12
瓜蒌皮,CA2,瓜蒌皮,CA2
瓜蒌皮,CA4,瓜蒌皮,CA4
瓜蒌皮,CA7,瓜蒌皮,CA7
瓜蒌皮,CD38,瓜蒌皮,CD38
瓜蒌皮,CDK6,瓜蒌皮,CDK6
瓜蒌皮,CSNK2A1,瓜蒌皮,CSNK2A1
瓜蒌皮,CXCL8,瓜蒌皮,CXCL8
瓜蒌皮,CYP19A1,瓜蒌皮,CYP19A1
瓜蒌皮,CYP1A1,瓜蒌皮,CYP1A1
瓜蒌皮,CYP1A2,瓜蒌皮,CYP1A2
瓜蒌皮,CYP1B1,瓜蒌皮,CYP1B1
瓜蒌皮,CYP2A6,瓜蒌皮,CYP2A6
瓜蒌皮,CYP2C19,瓜蒌皮,CYP2C19
瓜蒌皮,CYP2C9,瓜蒌皮,CYP2C9
瓜蒌皮,CYP2D6,瓜蒌皮,CYP2D6
瓜蒌皮,CYP3A4,瓜蒌皮,CYP3A4
瓜蒌皮,DAPK1,瓜蒌皮,DAPK1
瓜蒌皮,DPP4,瓜蒌皮,DPP4
瓜蒌皮,DRD1,瓜蒌皮,DRD1
瓜蒌皮,DUSP3,瓜蒌皮,DUSP3
瓜蒌皮,EGFR,瓜蒌皮,EGFR
瓜蒌皮,EHMT2,瓜蒌皮,EHMT2
瓜蒌皮,EPHX2,瓜蒌皮,EPHX2
瓜蒌皮,ERBB2,瓜蒌皮,ERBB2
瓜蒌皮,ESR1,瓜蒌皮,ESR1
瓜蒌皮,F3,瓜蒌皮,F3
瓜蒌皮,FABP2,瓜蒌皮,FABP2
瓜蒌皮,FABP3,瓜蒌皮,FABP3
瓜蒌皮,FABP4,瓜蒌皮,FABP4
瓜蒌皮,FABP5,瓜蒌皮,FABP5
瓜蒌皮,FASN,瓜蒌皮,FASN
瓜蒌皮,FLT3,瓜蒌皮,FLT3
瓜蒌皮,GAA,瓜蒌皮,GAA
瓜蒌皮,GABRR1,瓜蒌皮,GABRR1
瓜蒌皮,GBA,瓜蒌皮,GBA
瓜蒌皮,GLO1,瓜蒌皮,GLO1
瓜蒌皮,GPR35,瓜蒌皮,GPR35
瓜蒌皮,GSK3B,瓜蒌皮,GSK3B
瓜蒌皮,HIF1A,瓜蒌皮,HIF1A
瓜蒌皮,HSD17B1,瓜蒌皮,HSD17B1
瓜蒌皮,HSD17B2,瓜蒌皮,HSD17B2
瓜蒌皮,HSPA8,瓜蒌皮,HSPA8
瓜蒌皮,HTR7,瓜蒌皮,HTR7
瓜蒌皮,IDH1,瓜蒌皮,IDH1
瓜蒌皮,INSR,瓜蒌皮,INSR
瓜蒌皮,KDM4E,瓜蒌皮,KDM4E
瓜蒌皮,KMT2A,瓜蒌皮,KMT2A
瓜蒌皮,MAPK1,瓜蒌皮,MAPK1
瓜蒌皮,MAPT,瓜蒌皮,MAPT
瓜蒌皮,MMP1,瓜蒌皮,MMP1
瓜蒌皮,MMP12,瓜蒌皮,MMP12
瓜蒌皮,MMP13,瓜蒌皮,MMP13
瓜蒌皮,MMP2,瓜蒌皮,MMP2
瓜蒌皮,MMP3,瓜蒌皮,MMP3
瓜蒌皮,MMP9,瓜蒌皮,MMP9
瓜蒌皮,NFKB1,瓜蒌皮,NFKB1
瓜蒌皮,NR1I2,瓜蒌皮,NR1I2
瓜蒌皮,PARP1,瓜蒌皮,PARP1
瓜蒌皮,PDE5A,瓜蒌皮,PDE5A
瓜蒌皮,PIM1,瓜蒌皮,PIM1
瓜蒌皮,PLG,瓜蒌皮,PLG
瓜蒌皮,PNP,瓜蒌皮,PNP
瓜蒌皮,POLB,瓜蒌皮,POLB
瓜蒌皮,PPARA,瓜蒌皮,PPARA
瓜蒌皮,PPARD,瓜蒌皮,PPARD
瓜蒌皮,PPARG,瓜蒌皮,PPARG
瓜蒌皮,PTGS1,瓜蒌皮,PTGS1
瓜蒌皮,PTGS2,瓜蒌皮,PTGS2
瓜蒌皮,RORC,瓜蒌皮,RORC
瓜蒌皮,SHBG,瓜蒌皮,SHBG
瓜蒌皮,SLC28A1,瓜蒌皮,SLC28A1
瓜蒌皮,SLC28A2,瓜蒌皮,SLC28A2
瓜蒌皮,SLC28A3,瓜蒌皮,SLC28A3
瓜蒌皮,SOAT1,瓜蒌皮,SOAT1
瓜蒌皮,SYK,瓜蒌皮,SYK
瓜蒌皮,TERT,瓜蒌皮,TERT
瓜蒌皮,THRB,瓜蒌皮,THRB
瓜蒌皮,TLR2,瓜蒌皮,TLR2
瓜蒌皮,TNKS,瓜蒌皮,TNKS
瓜蒌皮,TNKS2,瓜蒌皮,TNKS2
瓜蒌皮,TOP1,瓜蒌皮,TOP1
瓜蒌皮,TOP2A,瓜蒌皮,TOP2A
瓜蒌皮,TTR,瓜蒌皮,TTR
瓜蒌皮,UGT1A1,瓜蒌皮,UGT1A1
瓜蒌皮,XDH,瓜蒌皮,XDH
甘草,ABCC1,甘草,ABCC1
甘草,ABCG2,甘草,ABCG2
甘草,ACHE,甘草,ACHE
甘草,ACP1,甘草,ACP1
甘草,ADORA2A,甘草,ADORA2A
甘草,ADORA3,甘草,ADORA3
甘草,ADRB2,甘草,ADRB2
甘草,AKR1B1,甘草,AKR1B1
甘草,AKR1B10,甘草,AKR1B10
甘草,AKT1,甘草,AKT1
甘草,ALOX12,甘草,ALOX12
甘草,ALOX15,甘草,ALOX15
甘草,ALOX5,甘草,ALOX5
甘草,ALPI,甘草,ALPI
甘草,ALPL,甘草,ALPL
甘草,AMY1A,甘草,AMY1A
甘草,AOX1,甘草,AOX1
甘草,APEX1,甘草,APEX1
甘草,APP,甘草,APP
甘草,AR,甘草,AR
甘草,BACE1,甘草,BACE1
甘草,BCHE,甘草,BCHE
甘草,BCL2,甘草,BCL2
甘草,BCL2L1,甘草,BCL2L1
甘草,CA1,甘草,CA1
甘草,CA12,甘草,CA12
甘草,CA13,甘草,CA13
甘草,CA14,甘草,CA14
甘草,CA2,甘草,CA2
甘草,CA3,甘草,CA3
甘草,CA4,甘草,CA4
甘草,CA5A,甘草,CA5A
甘草,CA5B,甘草,CA5B
甘草,CA6,甘草,CA6
甘草,CA7,甘草,CA7
甘草,CA9,甘草,CA9
甘草,CBR1,甘草,CBR1
甘草,CDC25B,甘草,CDC25B
甘草,CDK6,甘草,CDK6
甘草,CES1,甘草,CES1
甘草,CES2,甘草,CES2
甘草,CHRNA7,甘草,CHRNA7
甘草,CSNK2A1,甘草,CSNK2A1
甘草,CTSL,甘草,CTSL
甘草,CXCL8,甘草,CXCL8
甘草,CYP19A1,甘草,CYP19A1
甘草,CYP1A1,甘草,CYP1A1
甘草,CYP1A2,甘草,CYP1A2
甘草,CYP1B1,甘草,CYP1B1
甘草,CYP2C19,甘草,CYP2C19
甘草,CYP2C9,甘草,CYP2C9
甘草,CYP2D6,甘草,CYP2D6
甘草,CYP3A4,甘草,CYP3A4
甘草,DAPK1,甘草,DAPK1
甘草,DHFR,甘草,DHFR
甘草,DNMT1,甘草,DNMT1
甘草,DPP4,甘草,DPP4
甘草,DRD1,甘草,DRD1
甘草,DUSP3,甘草,DUSP3
甘草,EGFR,甘草,EGFR
甘草,EHMT2,甘草,EHMT2
甘草,EPHX2,甘草,EPHX2
甘草,ESR1,甘草,ESR1
甘草,ESR2,甘草,ESR2
甘草,ESRRA,甘草,ESRRA
甘草,ESRRB,甘草,ESRRB
甘草,F2,甘草,F2
甘草,F3,甘草,F3
甘草,FASN,甘草,FASN
甘草,FLT3,甘草,FLT3
甘草,FUT7,甘草,FUT7
甘草,FYN,甘草,FYN
甘草,GAA,甘草,GAA
甘草,GBA,甘草,GBA
甘草,GBA2,甘草,GBA2
甘草,GLO1,甘草,GLO1
甘草,GSK3B,甘草,GSK3B
甘草,HCAR2,甘草,HCAR2
甘草,HIF1A,甘草,HIF1A
甘草,HSD11B1,甘草,HSD11B1
甘草,HSD11B2,甘草,HSD11B2
甘草,HSD17B1,甘草,HSD17B1
甘草,HSD17B2,甘草,HSD17B2
甘草,IDH1,甘草,IDH1
甘草,IDO1,甘草,IDO1
甘草,INSR,甘草,INSR
甘草,KDM4E,甘草,KDM4E
甘草,KMT2A,甘草,KMT2A
甘草,MAPK1,甘草,MAPK1
甘草,MAPT,甘草,MAPT
甘草,MCL1,甘草,MCL1
甘草,MGLL,甘草,MGLL
甘草,MMP1,甘草,MMP1
甘草,MMP2,甘草,MMP2
甘草,MMP3,甘草,MMP3
甘草,MMP9,甘草,MMP9
甘草,MPG,甘草,MPG
甘草,NFKB1,甘草,NFKB1
甘草,NOS2,甘草,NOS2
甘草,NR1H4,甘草,NR1H4
甘草,NR3C1,甘草,NR3C1
甘草,ODC1,甘草,ODC1
甘草,PARP1,甘草,PARP1
甘草,PDE5A,甘草,PDE5A
甘草,PIM1,甘草,PIM1
甘草,PLG,甘草,PLG
甘草,POLB,甘草,POLB
甘草,PPARA,甘草,PPARA
甘草,PPARD,甘草,PPARD
甘草,PPARG,甘草,PPARG
甘草,PTGES,甘草,PTGES
甘草,PTGS1,甘草,PTGS1
甘草,PTGS2,甘草,PTGS2
甘草,PTK2B,甘草,PTK2B
甘草,PTPN1,甘草,PTPN1
甘草,PTPN11,甘草,PTPN11
甘草,PTPN2,甘草,PTPN2
甘草,PTPN6,甘草,PTPN6
甘草,PTPRF,甘草,PTPRF
甘草,PTPRS,甘草,PTPRS
甘草,RELA,甘草,RELA
甘草,RORC,甘草,RORC
甘草,SHBG,甘草,SHBG
甘草,SLC5A1,甘草,SLC5A1
甘草,SLC5A2,甘草,SLC5A2
甘草,SLCO1B1,甘草,SLCO1B1
甘草,SLCO1B3,甘草,SLCO1B3
甘草,SLCO2B1,甘草,SLCO2B1
甘草,SRC,甘草,SRC
甘草,SYK,甘草,SYK
甘草,TBXAS1,甘草,TBXAS1
甘草,TERT,甘草,TERT
甘草,THRB,甘草,THRB
甘草,TNKS,甘草,TNKS
甘草,TNKS2,甘草,TNKS2
甘草,TOP1,甘草,TOP1
甘草,TOP2A,甘草,TOP2A
甘草,TTR,甘草,TTR
甘草,TYR,甘草,TYR
甘草,UBE2N,甘草,UBE2N
甘草,UGT1A1,甘草,UGT1A1
甘草,XDH,甘草,XDH
甘草,XPO1,甘草,XPO1
生地黄,CA1,生地黄,CA1
生地黄,CA12,生地黄,CA12
生地黄,CA14,生地黄,CA14
生地黄,CA2,生地黄,CA2
生地黄,CA7,生地黄,CA7
生地黄,CA9,生地黄,CA9
生地黄,DRD1,生地黄,DRD1
生地黄,DUSP3,生地黄,DUSP3
生地黄,EHMT2,生地黄,EHMT2
生地黄,GABRR1,生地黄,GABRR1
生地黄,HSP90AA1,生地黄,HSP90AA1
生地黄,KMT2A,生地黄,KMT2A
生地黄,MMP12,生地黄,MMP12
生地黄,MMP13,生地黄,MMP13
生地黄,MMP2,生地黄,MMP2
生地黄,MMP3,生地黄,MMP3
生地黄,MMP9,生地黄,MMP9
生地黄,PNP,生地黄,PNP
生地黄,THRB,生地黄,THRB
生姜,ABCB11,生姜,ABCB11
生姜,ABCC1,生姜,ABCC1
生姜,ABCG2,生姜,ABCG2
生姜,ACHE,生姜,ACHE
生姜,ADORA3,生姜,ADORA3
生姜,AKR1B1,生姜,AKR1B1
生姜,AKR1B10,生姜,AKR1B10
生姜,AKT1,生姜,AKT1
生姜,ALK,生姜,ALK
生姜,ALOX12,生姜,ALOX12
生姜,ALOX15,生姜,ALOX15
生姜,ALOX5,生姜,ALOX5
生姜,ALPI,生姜,ALPI
生姜,ALPL,生姜,ALPL
生姜,AMY1A,生姜,AMY1A
生姜,AOX1,生姜,AOX1
生姜,APEX1,生姜,APEX1
生姜,APP,生姜,APP
生姜,AR,生姜,AR
生姜,AURKB,生姜,AURKB
生姜,AVPR2,生姜,AVPR2
生姜,AXL,生姜,AXL
生姜,BACE1,生姜,BACE1
生姜,BCHE,生姜,BCHE
生姜,BCL2,生姜,BCL2
生姜,CA1,生姜,CA1
生姜,CA12,生姜,CA12
生姜,CA13,生姜,CA13
生姜,CA14,生姜,CA14
生姜,CA2,生姜,CA2
生姜,CA3,生姜,CA3
生姜,CA4,生姜,CA4
生姜,CA5A,生姜,CA5A
生姜,CA5B,生姜,CA5B
生姜,CA6,生姜,CA6
生姜,CA7,生姜,CA7
生姜,CA9,生姜,CA9
生姜,CAMK2B,生姜,CAMK2B
生姜,CBR1,生姜,CBR1
生姜,CCR4,生姜,CCR4
生姜,CD38,生姜,CD38
生姜,CDC25B,生姜,CDC25B
生姜,CDK6,生姜,CDK6
生姜,CTSL,生姜,CTSL
生姜,CXCL8,生姜,CXCL8
生姜,CXCR1,生姜,CXCR1
生姜,CYP19A1,生姜,CYP19A1
生姜,CYP1A1,生姜,CYP1A1
生姜,CYP1A2,生姜,CYP1A2
生姜,CYP1B1,生姜,CYP1B1
生姜,CYP2C19,生姜,CYP2C19
生姜,CYP2C8,生姜,CYP2C8
生姜,CYP2C9,生姜,CYP2C9
生姜,CYP2D6,生姜,CYP2D6
生姜,CYP2J2,生姜,CYP2J2
生姜,CYP3A4,生姜,CYP3A4
生姜,DAPK1,生姜,DAPK1
生姜,DPP4,生姜,DPP4
生姜,DRD1,生姜,DRD1
生姜,DUSP3,生姜,DUSP3
生姜,EGFR,生姜,EGFR
生姜,EHMT2,生姜,EHMT2
生姜,EP300,生姜,EP300
生姜,EPHX2,生姜,EPHX2
生姜,ESR1,生姜,ESR1
生姜,ESR2,生姜,ESR2
生姜,ESRRA,生姜,ESRRA
生姜,F2,生姜,F2
生姜,F3,生姜,F3
生姜,FABP2,生姜,FABP2
生姜,FABP3,生姜,FABP3
生姜,FABP4,生姜,FABP4
生姜,FABP5,生姜,FABP5
生姜,FASN,生姜,FASN
生姜,FLT3,生姜,FLT3
生姜,FUT7,生姜,FUT7
生姜,GAA,生姜,GAA
生姜,GBA,生姜,GBA
生姜,GLO1,生姜,GLO1
生姜,GPR35,生姜,GPR35
生姜,GSK3B,生姜,GSK3B
生姜,HCAR2,生姜,HCAR2
生姜,HIF1A,生姜,HIF1A
生姜,HSD11B1,生姜,HSD11B1
生姜,HSD17B1,生姜,HSD17B1
生姜,HSD17B2,生姜,HSD17B2
生姜,HSP90AB1,生姜,HSP90AB1
生姜,HTR1A,生姜,HTR1A
生姜,HTR7,生姜,HTR7
生姜,IDH1,生姜,IDH1
生姜,IDO1,生姜,IDO1
生姜,IGF1R,生姜,IGF1R
生姜,KCNH2,生姜,KCNH2
生姜,KDM4E,生姜,KDM4E
生姜,KDR,生姜,KDR
生姜,KMT2A,生姜,KMT2A
生姜,MAOA,生姜,MAOA
生姜,MAOB,生姜,MAOB
生姜,MAP2K1,生姜,MAP2K1
生姜,MAPK1,生姜,MAPK1
生姜,MAPK14,生姜,MAPK14
生姜,MAPK9,生姜,MAPK9
生姜,MAPKAPK2,生姜,MAPKAPK2
生姜,MAPT,生姜,MAPT
生姜,MCL1,生姜,MCL1
生姜,MET,生姜,MET
生姜,MMP1,生姜,MMP1
生姜,MMP12,生姜,MMP12
生姜,MMP13,生姜,MMP13
生姜,MMP2,生姜,MMP2
生姜,MMP3,生姜,MMP3
生姜,MMP9,生姜,MMP9
生姜,MPG,生姜,MPG
生姜,MTNR1A,生姜,MTNR1A
生姜,MTNR1B,生姜,MTNR1B
生姜,NEK2,生姜,NEK2
生姜,NEK6,生姜,NEK6
生姜,NFKB1,生姜,NFKB1
生姜,NQO2,生姜,NQO2
生姜,NR1I2,生姜,NR1I2
生姜,NUAK1,生姜,NUAK1
生姜,PDE5A,生姜,PDE5A
生姜,PIK3CG,生姜,PIK3CG
生姜,PIM1,生姜,PIM1
生姜,PKN1,生姜,PKN1
生姜,PLG,生姜,PLG
生姜,PLK1,生姜,PLK1
生姜,POLB,生姜,POLB
生姜,PPARA,生姜,PPARA
生姜,PPARD,生姜,PPARD
生姜,PPARG,生姜,PPARG
生姜,PRKCA,生姜,PRKCA
生姜,PTGES,生姜,PTGES
生姜,PTGS1,生姜,PTGS1
生姜,PTGS2,生姜,PTGS2
生姜,PTK2,生姜,PTK2
生姜,PTPN1,生姜,PTPN1
生姜,PTPN11,生姜,PTPN11
生姜,PTPN2,生姜,PTPN2
生姜,PTPN6,生姜,PTPN6
生姜,PTPRF,生姜,PTPRF
生姜,PTPRS,生姜,PTPRS
生姜,PYGL,生姜,PYGL
生姜,RELA,生姜,RELA
生姜,RORC,生姜,RORC
生姜,SHBG,生姜,SHBG
生姜,SLC22A12,生姜,SLC22A12
生姜,SLCO1B1,生姜,SLCO1B1
生姜,SLCO1B3,生姜,SLCO1B3
生姜,SLCO2B1,生姜,SLCO2B1
生姜,SOAT1,生姜,SOAT1
生姜,SRC,生姜,SRC
生姜,STAT3,生姜,STAT3
生姜,SYK,生姜,SYK
生姜,TBXAS1,生姜,TBXAS1
生姜,TERT,生姜,TERT
生姜,THRB,生姜,THRB
生姜,TLR2,生姜,TLR2
生姜,TOP2A,生姜,TOP2A
生姜,TRPV1,生姜,TRPV1
生姜,TYR,生姜,TYR
生姜,UGT1A1,生姜,UGT1A1
生姜,XDH,生姜,XDH
生晒参,ABCB1,生晒参,ABCB1
生晒参,ABCB11,生晒参,ABCB11
生晒参,ABCC1,生晒参,ABCC1
生晒参,ABCG2,生晒参,ABCG2
生晒参,ACHE,生晒参,ACHE
生晒参,ACP1,生晒参,ACP1
生晒参,ADORA1,生晒参,ADORA1
生晒参,ADORA2A,生晒参,ADORA2A
生晒参,ADORA2B,生晒参,ADORA2B
生晒参,ADORA3,生晒参,ADORA3
生晒参,AKR1B1,生晒参,AKR1B1
生晒参,AKR1B10,生晒参,AKR1B10
生晒参,AKR1C2,生晒参,AKR1C2
生晒参,AKR1C3,生晒参,AKR1C3
生晒参,AKR1C4,生晒参,AKR1C4
生晒参,AKT1,生晒参,AKT1
生晒参,ALK,生晒参,ALK
生晒参,ALOX12,生晒参,ALOX12
生晒参,ALOX15,生晒参,ALOX15
生晒参,ALOX5,生晒参,ALOX5
生晒参,AMY1A,生晒参,AMY1A
生晒参,APEX1,生晒参,APEX1
生晒参,APP,生晒参,APP
生晒参,AR,生晒参,AR
生晒参,ATR,生晒参,ATR
生晒参,AURKB,生晒参,AURKB
生晒参,AVPR2,生晒参,AVPR2
生晒参,AXL,生晒参,AXL
生晒参,BACE1,生晒参,BACE1
生晒参,BCHE,生晒参,BCHE
生晒参,BCL2L1,生晒参,BCL2L1
生晒参,BCR,生晒参,BCR
生晒参,CA1,生晒参,CA1
生晒参,CA12,生晒参,CA12
生晒参,CA13,生晒参,CA13
生晒参,CA14,生晒参,CA14
生晒参,CA2,生晒参,CA2
生晒参,CA3,生晒参,CA3
生晒参,CA4,生晒参,CA4
生晒参,CA5A,生晒参,CA5A
生晒参,CA5B,生晒参,CA5B
生晒参,CA6,生晒参,CA6
生晒参,CA7,生晒参,CA7
生晒参,CA9,生晒参,CA9
生晒参,CAMK2B,生晒参,CAMK2B
生晒参,CCR4,生晒参,CCR4
生晒参,CD38,生晒参,CD38
生晒参,CDC25B,生晒参,CDC25B
生晒参,CDK6,生晒参,CDK6
生晒参,CTBP2,生晒参,CTBP2
生晒参,CTSL,生晒参,CTSL
生晒参,CXCL8,生晒参,CXCL8
生晒参,CXCR1,生晒参,CXCR1
生晒参,CYP19A1,生晒参,CYP19A1
生晒参,CYP1A1,生晒参,CYP1A1
生晒参,CYP1A2,生晒参,CYP1A2
生晒参,CYP1B1,生晒参,CYP1B1
生晒参,CYP2A6,生晒参,CYP2A6
生晒参,CYP2C19,生晒参,CYP2C19
生晒参,CYP2C8,生晒参,CYP2C8
生晒参,CYP2C9,生晒参,CYP2C9
生晒参,CYP2D6,生晒参,CYP2D6
生晒参,CYP2J2,生晒参,CYP2J2
生晒参,CYP3A4,生晒参,CYP3A4
生晒参,DAO,生晒参,DAO
生晒参,DAPK1,生晒参,DAPK1
生晒参,DPP4,生晒参,DPP4
生晒参,DRD1,生晒参,DRD1
生晒参,DUSP3,生晒参,DUSP3
生晒参,EGFR,生晒参,EGFR
生晒参,EGLN1,生晒参,EGLN1
生晒参,EHMT2,生晒参,EHMT2
生晒参,EPHX2,生晒参,EPHX2
生晒参,ERBB2,生晒参,ERBB2
生晒参,ERN1,生晒参,ERN1
生晒参,ESR1,生晒参,ESR1
生晒参,ESR2,生晒参,ESR2
生晒参,ESRRA,生晒参,ESRRA
生晒参,F2,生晒参,F2
生晒参,F3,生晒参,F3
生晒参,FABP2,生晒参,FABP2
生晒参,FABP3,生晒参,FABP3
生晒参,FABP4,生晒参,FABP4
生晒参,FABP5,生晒参,FABP5
生晒参,FLT3,生晒参,FLT3
生晒参,GAA,生晒参,GAA
生晒参,GBA,生晒参,GBA
生晒参,GLO1,生晒参,GLO1
生晒参,GPR35,生晒参,GPR35
生晒参,GSK3B,生晒参,GSK3B
生晒参,HCAR2,生晒参,HCAR2
生晒参,HIF1A,生晒参,HIF1A
生晒参,HMGCR,生晒参,HMGCR
生晒参,HSD11B1,生晒参,HSD11B1
生晒参,HSD17B1,生晒参,HSD17B1
生晒参,HSD17B2,生晒参,HSD17B2
生晒参,HSP90AB1,生晒参,HSP90AB1
生晒参,HSPA8,生晒参,HSPA8
生晒参,HTR1A,生晒参,HTR1A
生晒参,HTR7,生晒参,HTR7
生晒参,IDH1,生晒参,IDH1
生晒参,IDO1,生晒参,IDO1
生晒参,IGF1R,生晒参,IGF1R
生晒参,KCNH2,生晒参,KCNH2
生晒参,KDM4E,生晒参,KDM4E
生晒参,KDR,生晒参,KDR
生晒参,KMT2A,生晒参,KMT2A
生晒参,LDHA,生晒参,LDHA
生晒参,MAOA,生晒参,MAOA
生晒参,MAOB,生晒参,MAOB
生晒参,MAP2K1,生晒参,MAP2K1
生晒参,MAPK1,生晒参,MAPK1
生晒参,MAPK14,生晒参,MAPK14
生晒参,MAPK9,生晒参,MAPK9
生晒参,MAPKAPK2,生晒参,MAPKAPK2
生晒参,MAPT,生晒参,MAPT
生晒参,MET,生晒参,MET
生晒参,MGLL,生晒参,MGLL
生晒参,MMP1,生晒参,MMP1
生晒参,MMP12,生晒参,MMP12
生晒参,MMP13,生晒参,MMP13
生晒参,MMP2,生晒参,MMP2
生晒参,MMP3,生晒参,MMP3
生晒参,MMP9,生晒参,MMP9
生晒参,MPG,生晒参,MPG
生晒参,NEK2,生晒参,NEK2
生晒参,NEK6,生晒参,NEK6
生晒参,NFKB1,生晒参,NFKB1
生晒参,NOS2,生晒参,NOS2
生晒参,NQO2,生晒参,NQO2
生晒参,NR1H4,生晒参,NR1H4
生晒参,NR1I2,生晒参,NR1I2
生晒参,NUAK1,生晒参,NUAK1
生晒参,ODC1,生晒参,ODC1
生晒参,PDE4B,生晒参,PDE4B
生晒参,PDE4D,生晒参,PDE4D
生晒参,PDE5A,生晒参,PDE5A
生晒参,PIK3CA,生晒参,PIK3CA
生晒参,PIK3CB,生晒参,PIK3CB
生晒参,PIK3CG,生晒参,PIK3CG
生晒参,PIM1,生晒参,PIM1
生晒参,PKN1,生晒参,PKN1
生晒参,PLG,生晒参,PLG
生晒参,PLK1,生晒参,PLK1
生晒参,PNP,生晒参,PNP
生晒参,POLB,生晒参,POLB
生晒参,PPARA,生晒参,PPARA
生晒参,PPARD,生晒参,PPARD
生晒参,PPARG,生晒参,PPARG
生晒参,PRKCA,生晒参,PRKCA
生晒参,PTGS1,生晒参,PTGS1
生晒参,PTGS2,生晒参,PTGS2
生晒参,PTK2,生晒参,PTK2
生晒参,PTPN1,生晒参,PTPN1
生晒参,PTPN11,生晒参,PTPN11
生晒参,PTPN2,生晒参,PTPN2
生晒参,PTPN6,生晒参,PTPN6
生晒参,PTPRF,生晒参,PTPRF
生晒参,PTPRS,生晒参,PTPRS
生晒参,PYGL,生晒参,PYGL
生晒参,RORC,生晒参,RORC
生晒参,SIRT2,生晒参,SIRT2
生晒参,SLC28A1,生晒参,SLC28A1
生晒参,SLC28A2,生晒参,SLC28A2
生晒参,SLC28A3,生晒参,SLC28A3
生晒参,SLC47A1,生晒参,SLC47A1
生晒参,SLCO1B1,生晒参,SLCO1B1
生晒参,SLCO1B3,生晒参,SLCO1B3
生晒参,SLCO2B1,生晒参,SLCO2B1
生晒参,SOAT1,生晒参,SOAT1
生晒参,SRC,生晒参,SRC
生晒参,STAT3,生晒参,STAT3
生晒参,SYK,生晒参,SYK
生晒参,TBXAS1,生晒参,TBXAS1
生晒参,TERT,生晒参,TERT
生晒参,THRB,生晒参,THRB
生晒参,TLR2,生晒参,TLR2
生晒参,TOP1,生晒参,TOP1
生晒参,TOP2A,生晒参,TOP2A
生晒参,TTR,生晒参,TTR
生晒参,TYR,生晒参,TYR
生晒参,UGT1A1,生晒参,UGT1A1
生晒参,XDH,生晒参,XDH
白前,CYP1A2,白前,CYP1A2
白前,UGT1A1,白前,UGT1A1
白头翁,ABCB1,白头翁,ABCB1
白头翁,ABCC1,白头翁,ABCC1
白头翁,ABCG2,白头翁,ABCG2
白头翁,ADORA3,白头翁,ADORA3
白头翁,CYP19A1,白头翁,CYP19A1
白头翁,CYP1A1,白头翁,CYP1A1
白头翁,CYP1A2,白头翁,CYP1A2
白头翁,CYP1B1,白头翁,CYP1B1
白头翁,CYP2C19,白头翁,CYP2C19
白头翁,CYP2C9,白头翁,CYP2C9
白头翁,CYP2D6,白头翁,CYP2D6
白头翁,CYP3A4,白头翁,CYP3A4
白头翁,DPP4,白头翁,DPP4
白头翁,EHMT2,白头翁,EHMT2
白头翁,ESR1,白头翁,ESR1
白头翁,GAA,白头翁,GAA
白头翁,GBA,白头翁,GBA
白头翁,KCNA3,白头翁,KCNA3
白头翁,KDM4E,白头翁,KDM4E
白头翁,KMT2A,白头翁,KMT2A
白头翁,MAPK1,白头翁,MAPK1
白头翁,MAPT,白头翁,MAPT
白头翁,POLB,白头翁,POLB
白头翁,RORC,白头翁,RORC
白头翁,SLC28A3,白头翁,SLC28A3
白头翁,SLC5A1,白头翁,SLC5A1
白头翁,TAS2R31,白头翁,TAS2R31
白头翁,THRB,白头翁,THRB
白头翁,TOP2A,白头翁,TOP2A
白术,ACHE,白术,ACHE
白术,AKR1B1,白术,AKR1B1
白术,AKR1B10,白术,AKR1B10
白术,AKT1,白术,AKT1
白术,ALOX12,白术,ALOX12
白术,ALOX15,白术,ALOX15
白术,ALOX5,白术,ALOX5
白术,ALPI,白术,ALPI
白术,ALPL,白术,ALPL
白术,AMY1A,白术,AMY1A
白术,APEX1,白术,APEX1
白术,APP,白术,APP
白术,AURKA,白术,AURKA
白术,AURKB,白术,AURKB
白术,BACE1,白术,BACE1
白术,BCHE,白术,BCHE
白术,BCL2,白术,BCL2
白术,BCL2L1,白术,BCL2L1
白术,BRAF,白术,BRAF
白术,CA1,白术,CA1
白术,CA12,白术,CA12
白术,CA13,白术,CA13
白术,CA14,白术,CA14
白术,CA2,白术,CA2
白术,CA3,白术,CA3
白术,CA4,白术,CA4
白术,CA5A,白术,CA5A
白术,CA5B,白术,CA5B
白术,CA6,白术,CA6
白术,CA7,白术,CA7
白术,CA9,白术,CA9
白术,CARM1,白术,CARM1
白术,CD38,白术,CD38
白术,CDK6,白术,CDK6
白术,CSNK2A1,白术,CSNK2A1
白术,CTSL,白术,CTSL
白术,CXCL8,白术,CXCL8
白术,CYP19A1,白术,CYP19A1
白术,CYP1A1,白术,CYP1A1
白术,CYP1A2,白术,CYP1A2
白术,CYP1B1,白术,CYP1B1
白术,CYP2A6,白术,CYP2A6
白术,CYP2C19,白术,CYP2C19
白术,CYP2C9,白术,CYP2C9
白术,CYP2D6,白术,CYP2D6
白术,CYP3A4,白术,CYP3A4
白术,DAPK1,白术,DAPK1
白术,DPP4,白术,DPP4
白术,DUSP3,白术,DUSP3
白术,DYRK1A,白术,DYRK1A
白术,EGFR,白术,EGFR
白术,EHMT2,白术,EHMT2
白术,EPHB4,白术,EPHB4
白术,EPHX2,白术,EPHX2
白术,ERBB2,白术,ERBB2
白术,ESR1,白术,ESR1
白术,F2,白术,F2
白术,F3,白术,F3
白术,FABP2,白术,FABP2
白术,FABP3,白术,FABP3
白术,FABP4,白术,FABP4
白术,FABP5,白术,FABP5
白术,FASN,白术,FASN
白术,FLT3,白术,FLT3
白术,FLT4,白术,FLT4
白术,FUT7,白术,FUT7
白术,GAA,白术,GAA
白术,GBA,白术,GBA
白术,GLO1,白术,GLO1
白术,GPR35,白术,GPR35
白术,GSK3B,白术,GSK3B
白术,GSTP1,白术,GSTP1
白术,HIF1A,白术,HIF1A
白术,HSPA1A,白术,HSPA1A
白术,HSPA8,白术,HSPA8
白术,HTR7,白术,HTR7
白术,IDH1,白术,IDH1
白术,IDO1,白术,IDO1
白术,IGF1R,白术,IGF1R
白术,INSR,白术,INSR
白术,KCNH2,白术,KCNH2
白术,KDM4E,白术,KDM4E
白术,KDR,白术,KDR
白术,KMT2A,白术,KMT2A
白术,MAOA,白术,MAOA
白术,MAOB,白术,MAOB
白术,MAP3K8,白术,MAP3K8
白术,MAPK1,白术,MAPK1
白术,MAPT,白术,MAPT
白术,MCL1,白术,MCL1
白术,MET,白术,MET
白术,MMP12,白术,MMP12
白术,MMP13,白术,MMP13
白术,MMP2,白术,MMP2
白术,MMP3,白术,MMP3
白术,MMP9,白术,MMP9
白术,NFKB1,白术,NFKB1
白术,NR1H4,白术,NR1H4
白术,NUAK1,白术,NUAK1
白术,PARP1,白术,PARP1
白术,PDGFRB,白术,PDGFRB
白术,PIM1,白术,PIM1
白术,PLG,白术,PLG
白术,PLK1,白术,PLK1
白术,PLK4,白术,PLK4
白术,POLB,白术,POLB
白术,PPARA,白术,PPARA
白术,PPARD,白术,PPARD
白术,PPARG,白术,PPARG
白术,PTK2,白术,PTK2
白术,PTPN1,白术,PTPN1
白术,RORB,白术,RORB
白术,RORC,白术,RORC
白术,SMAD3,白术,SMAD3
白术,SOAT1,白术,SOAT1
白术,SRC,白术,SRC
白术,SYK,白术,SYK
白术,TEK,白术,TEK
白术,TERT,白术,TERT
白术,THRB,白术,THRB
白术,TLR2,白术,TLR2
白术,TNKS,白术,TNKS
白术,TNKS2,白术,TNKS2
白术,TOP1,白术,TOP1
白术,TOP2A,白术,TOP2A
白术,TTR,白术,TTR
白术,UGT1A1,白术,UGT1A1
白术,XDH,白术,XDH
白果,ABCC1,白果,ABCC1
白果,ABCG2,白果,ABCG2
白果,ACHE,白果,ACHE
白果,ADORA3,白果,ADORA3
白果,ADRA2B,白果,ADRA2B
白果,AKR1B1,白果,AKR1B1
白果,AKR1B10,白果,AKR1B10
白果,AKR1C2,白果,AKR1C2
白果,AKR1C3,白果,AKR1C3
白果,AKR1C4,白果,AKR1C4
白果,AKT1,白果,AKT1
白果,ALK,白果,ALK
白果,ALOX12,白果,ALOX12
白果,ALOX15,白果,ALOX15
白果,ALOX5,白果,ALOX5
白果,ALPI,白果,ALPI
白果,ALPL,白果,ALPL
白果,AMY1A,白果,AMY1A
白果,APEX1,白果,APEX1
白果,APOBEC3G,白果,APOBEC3G
白果,APP,白果,APP
白果,AR,白果,AR
白果,AURKB,白果,AURKB
白果,AVPR2,白果,AVPR2
白果,AXL,白果,AXL
白果,BACE1,白果,BACE1
白果,BCHE,白果,BCHE
白果,BCL2,白果,BCL2
白果,BCL2L1,白果,BCL2L1
白果,CA1,白果,CA1
白果,CA12,白果,CA12
白果,CA13,白果,CA13
白果,CA14,白果,CA14
白果,CA2,白果,CA2
白果,CA3,白果,CA3
白果,CA4,白果,CA4
白果,CA5A,白果,CA5A
白果,CA5B,白果,CA5B
白果,CA6,白果,CA6
白果,CA7,白果,CA7
白果,CA9,白果,CA9
白果,CAMK2B,白果,CAMK2B
白果,CCR4,白果,CCR4
白果,CD38,白果,CD38
白果,CDC25B,白果,CDC25B
白果,CDK6,白果,CDK6
白果,CSNK2A1,白果,CSNK2A1
白果,CTSL,白果,CTSL
白果,CXCL8,白果,CXCL8
白果,CXCR1,白果,CXCR1
白果,CYP19A1,白果,CYP19A1
白果,CYP1A1,白果,CYP1A1
白果,CYP1A2,白果,CYP1A2
白果,CYP1B1,白果,CYP1B1
白果,CYP2A6,白果,CYP2A6
白果,CYP2C19,白果,CYP2C19
白果,CYP2C8,白果,CYP2C8
白果,CYP2C9,白果,CYP2C9
白果,CYP2D6,白果,CYP2D6
白果,CYP2J2,白果,CYP2J2
白果,CYP3A4,白果,CYP3A4
白果,DAPK1,白果,DAPK1
白果,DPP4,白果,DPP4
白果,DRD1,白果,DRD1
白果,DUSP3,白果,DUSP3
白果,EGFR,白果,EGFR
白果,EHMT2,白果,EHMT2
白果,EP300,白果,EP300
白果,EPHX2,白果,EPHX2
白果,ESR1,白果,ESR1
白果,ESR2,白果,ESR2
白果,ESRRA,白果,ESRRA
白果,F2,白果,F2
白果,F3,白果,F3
白果,FABP2,白果,FABP2
白果,FABP3,白果,FABP3
白果,FABP4,白果,FABP4
白果,FABP5,白果,FABP5
白果,FASN,白果,FASN
白果,FLT3,白果,FLT3
白果,GAA,白果,GAA
白果,GBA,白果,GBA
白果,GLO1,白果,GLO1
白果,GLRA1,白果,GLRA1
白果,GLRA2,白果,GLRA2
白果,GPR35,白果,GPR35
白果,GSK3B,白果,GSK3B
白果,HCAR2,白果,HCAR2
白果,HDAC1,白果,HDAC1
白果,HDAC2,白果,HDAC2
白果,HDAC3,白果,HDAC3
白果,HDAC6,白果,HDAC6
白果,HDAC8,白果,HDAC8
白果,HIF1A,白果,HIF1A
白果,HSD11B1,白果,HSD11B1
白果,HSD17B1,白果,HSD17B1
白果,HSD17B2,白果,HSD17B2
白果,HSP90AB1,白果,HSP90AB1
白果,HTR1A,白果,HTR1A
白果,HTR7,白果,HTR7
白果,IDH1,白果,IDH1
白果,IGF1R,白果,IGF1R
白果,INSR,白果,INSR
白果,KAT2B,白果,KAT2B
白果,KCNH2,白果,KCNH2
白果,KDM4E,白果,KDM4E
白果,KDR,白果,KDR
白果,KMT2A,白果,KMT2A
白果,MAOA,白果,MAOA
白果,MAOB,白果,MAOB
白果,MAP2K1,白果,MAP2K1
白果,MAPK1,白果,MAPK1
白果,MAPK14,白果,MAPK14
白果,MAPKAPK2,白果,MAPKAPK2
白果,MAPT,白果,MAPT
白果,MCL1,白果,MCL1
白果,MET,白果,MET
白果,MMP1,白果,MMP1
白果,MMP12,白果,MMP12
白果,MMP13,白果,MMP13
白果,MMP2,白果,MMP2
白果,MMP3,白果,MMP3
白果,MMP9,白果,MMP9
白果,MPG,白果,MPG
白果,NEK2,白果,NEK2
白果,NEK6,白果,NEK6
白果,NFKB1,白果,NFKB1
白果,NR1I2,白果,NR1I2
白果,NUAK1,白果,NUAK1
白果,PARP1,白果,PARP1
白果,PDE5A,白果,PDE5A
白果,PIK3CG,白果,PIK3CG
白果,PIM1,白果,PIM1
白果,PKN1,白果,PKN1
白果,PLA2G2A,白果,PLA2G2A
白果,PLG,白果,PLG
白果,PLK1,白果,PLK1
白果,POLB,白果,POLB
白果,PPARA,白果,PPARA
白果,PPARD,白果,PPARD
白果,PPARG,白果,PPARG
白果,PRKCA,白果,PRKCA
白果,PTGS1,白果,PTGS1
白果,PTGS2,白果,PTGS2
白果,PTK2,白果,PTK2
白果,PTPN1,白果,PTPN1
白果,PTPN11,白果,PTPN11
白果,PTPN2,白果,PTPN2
白果,PTPN6,白果,PTPN6
白果,PTPRF,白果,PTPRF
白果,PTPRS,白果,PTPRS
白果,PYGL,白果,PYGL
白果,RORC,白果,RORC
白果,SAE1,白果,SAE1
白果,SLCO1B1,白果,SLCO1B1
白果,SLCO1B3,白果,SLCO1B3
白果,SLCO2B1,白果,SLCO2B1
白果,SOAT1,白果,SOAT1
白果,SRC,白果,SRC
白果,SYK,白果,SYK
白果,TBXAS1,白果,TBXAS1
白果,TERT,白果,TERT
白果,THRB,白果,THRB
白果,TLR2,白果,TLR2
白果,TNKS,白果,TNKS
白果,TNKS2,白果,TNKS2
白果,TOP1,白果,TOP1
白果,TOP2A,白果,TOP2A
白果,TTR,白果,TTR
白果,TYR,白果,TYR
白果,UGT1A1,白果,UGT1A1
白果,VCP,白果,VCP
白果,XDH,白果,XDH
白芍,APEX1,白芍,APEX1
白芍,BACE1,白芍,BACE1
白芍,CYP3A4,白芍,CYP3A4
白芍,DAO,白芍,DAO
白芍,DAPK1,白芍,DAPK1
白芍,EHMT2,白芍,EHMT2
白芍,ESR1,白芍,ESR1
白芍,F10,白芍,F10
白芍,F2,白芍,F2
白芍,GRM5,白芍,GRM5
白芍,KDM4E,白芍,KDM4E
白芍,MAPK1,白芍,MAPK1
白芍,MAPT,白芍,MAPT
白芍,POLB,白芍,POLB
白芥子,ABCC1,白芥子,ABCC1
白芥子,ABCG2,白芥子,ABCG2
白芥子,ACHE,白芥子,ACHE
白芥子,ADORA3,白芥子,ADORA3
白芥子,ADRB2,白芥子,ADRB2
白芥子,AKR1B1,白芥子,AKR1B1
白芥子,AKR1B10,白芥子,AKR1B10
白芥子,AKR1C2,白芥子,AKR1C2
白芥子,AKR1C3,白芥子,AKR1C3
白芥子,AKR1C4,白芥子,AKR1C4
白芥子,AKT1,白芥子,AKT1
白芥子,ALK,白芥子,ALK
白芥子,ALOX12,白芥子,ALOX12
白芥子,ALOX15,白芥子,ALOX15
白芥子,ALOX5,白芥子,ALOX5
白芥子,ALPI,白芥子,ALPI
白芥子,ALPL,白芥子,ALPL
白芥子,AMY1A,白芥子,AMY1A
白芥子,APEX1,白芥子,APEX1
白芥子,APOBEC3G,白芥子,APOBEC3G
白芥子,APP,白芥子,APP
白芥子,AR,白芥子,AR
白芥子,AURKB,白芥子,AURKB
白芥子,AVPR2,白芥子,AVPR2
白芥子,AXL,白芥子,AXL
白芥子,BACE1,白芥子,BACE1
白芥子,BCHE,白芥子,BCHE
白芥子,BCL2,白芥子,BCL2
白芥子,BCL2L1,白芥子,BCL2L1
白芥子,CA1,白芥子,CA1
白芥子,CA12,白芥子,CA12
白芥子,CA13,白芥子,CA13
白芥子,CA14,白芥子,CA14
白芥子,CA2,白芥子,CA2
白芥子,CA3,白芥子,CA3
白芥子,CA4,白芥子,CA4
白芥子,CA5A,白芥子,CA5A
白芥子,CA5B,白芥子,CA5B
白芥子,CA6,白芥子,CA6
白芥子,CA7,白芥子,CA7
白芥子,CA9,白芥子,CA9
白芥子,CAMK2B,白芥子,CAMK2B
白芥子,CBR1,白芥子,CBR1
白芥子,CCR4,白芥子,CCR4
白芥子,CD38,白芥子,CD38
白芥子,CDK6,白芥子,CDK6
白芥子,CHRNA7,白芥子,CHRNA7
白芥子,CSNK2A1,白芥子,CSNK2A1
白芥子,CXCL8,白芥子,CXCL8
白芥子,CXCR1,白芥子,CXCR1
白芥子,CYP19A1,白芥子,CYP19A1
白芥子,CYP1A1,白芥子,CYP1A1
白芥子,CYP1A2,白芥子,CYP1A2
白芥子,CYP1B1,白芥子,CYP1B1
白芥子,CYP2A13,白芥子,CYP2A13
白芥子,CYP2A6,白芥子,CYP2A6
白芥子,CYP2B6,白芥子,CYP2B6
白芥子,CYP2C19,白芥子,CYP2C19
白芥子,CYP2C8,白芥子,CYP2C8
白芥子,CYP2C9,白芥子,CYP2C9
白芥子,CYP2D6,白芥子,CYP2D6
白芥子,CYP2E1,白芥子,CYP2E1
白芥子,CYP2J2,白芥子,CYP2J2
白芥子,CYP3A4,白芥子,CYP3A4
白芥子,DAPK1,白芥子,DAPK1
白芥子,DPP4,白芥子,DPP4
白芥子,DRD1,白芥子,DRD1
白芥子,DUSP3,白芥子,DUSP3
白芥子,EGFR,白芥子,EGFR
白芥子,EHMT2,白芥子,EHMT2
白芥子,EPHX2,白芥子,EPHX2
白芥子,ESR1,白芥子,ESR1
白芥子,ESR2,白芥子,ESR2
白芥子,ESRRA,白芥子,ESRRA
白芥子,F2,白芥子,F2
白芥子,FASN,白芥子,FASN
白芥子,FLT3,白芥子,FLT3
白芥子,FOLH1,白芥子,FOLH1
白芥子,FUT7,白芥子,FUT7
白芥子,GAA,白芥子,GAA
白芥子,GBA,白芥子,GBA
白芥子,GLO1,白芥子,GLO1
白芥子,GLRA1,白芥子,GLRA1
白芥子,GPR35,白芥子,GPR35
白芥子,GRIA1,白芥子,GRIA1
白芥子,GRIA2,白芥子,GRIA2
白芥子,GRIA4,白芥子,GRIA4
白芥子,GRIK2,白芥子,GRIK2
白芥子,GRIK5,白芥子,GRIK5
白芥子,GRM1,白芥子,GRM1
白芥子,GRM2,白芥子,GRM2
白芥子,GRM3,白芥子,GRM3
白芥子,GRM4,白芥子,GRM4
白芥子,GRM5,白芥子,GRM5
白芥子,GRM8,白芥子,GRM8
白芥子,GSK3B,白芥子,GSK3B
白芥子,HCAR2,白芥子,HCAR2
白芥子,HIF1A,白芥子,HIF1A
白芥子,HSD11B1,白芥子,HSD11B1
白芥子,HSD17B1,白芥子,HSD17B1
白芥子,HSD17B2,白芥子,HSD17B2
白芥子,HSP90AB1,白芥子,HSP90AB1
白芥子,HTR1A,白芥子,HTR1A
白芥子,IDH1,白芥子,IDH1
白芥子,IDO1,白芥子,IDO1
白芥子,IGF1R,白芥子,IGF1R
白芥子,INSR,白芥子,INSR
白芥子,KDM4E,白芥子,KDM4E
白芥子,KDR,白芥子,KDR
白芥子,KMT2A,白芥子,KMT2A
白芥子,MAOA,白芥子,MAOA
白芥子,MAOB,白芥子,MAOB
白芥子,MAP2K1,白芥子,MAP2K1
白芥子,MAPK1,白芥子,MAPK1
白芥子,MAPK14,白芥子,MAPK14
白芥子,MAPKAPK2,白芥子,MAPKAPK2
白芥子,MAPT,白芥子,MAPT
白芥子,MET,白芥子,MET
白芥子,MIF,白芥子,MIF
白芥子,MMP1,白芥子,MMP1
白芥子,MMP12,白芥子,MMP12
白芥子,MMP13,白芥子,MMP13
白芥子,MMP2,白芥子,MMP2
白芥子,MMP3,白芥子,MMP3
白芥子,MMP9,白芥子,MMP9
白芥子,MPG,白芥子,MPG
白芥子,NEK2,白芥子,NEK2
白芥子,NEK6,白芥子,NEK6
白芥子,NFKB1,白芥子,NFKB1
白芥子,NUAK1,白芥子,NUAK1
白芥子,PARP1,白芥子,PARP1
白芥子,PDE5A,白芥子,PDE5A
白芥子,PIK3CG,白芥子,PIK3CG
白芥子,PIM1,白芥子,PIM1
白芥子,PKN1,白芥子,PKN1
白芥子,PLG,白芥子,PLG
白芥子,PLK1,白芥子,PLK1
白芥子,POLB,白芥子,POLB
白芥子,PPARA,白芥子,PPARA
白芥子,PPARD,白芥子,PPARD
白芥子,PPARG,白芥子,PPARG
白芥子,PRKCA,白芥子,PRKCA
白芥子,PTGS1,白芥子,PTGS1
白芥子,PTGS2,白芥子,PTGS2
白芥子,PTK2,白芥子,PTK2
白芥子,PTPN1,白芥子,PTPN1
白芥子,PTPRS,白芥子,PTPRS
白芥子,PYGL,白芥子,PYGL
白芥子,RELA,白芥子,RELA
白芥子,RORC,白芥子,RORC
白芥子,SLC1A1,白芥子,SLC1A1
白芥子,SLC22A1,白芥子,SLC22A1
白芥子,SLC5A1,白芥子,SLC5A1
白芥子,SLC5A2,白芥子,SLC5A2
白芥子,SLCO1B1,白芥子,SLCO1B1
白芥子,SLCO1B3,白芥子,SLCO1B3
白芥子,SLCO2B1,白芥子,SLCO2B1
白芥子,SRC,白芥子,SRC
白芥子,SYK,白芥子,SYK
白芥子,TAS2R31,白芥子,TAS2R31
白芥子,TERT,白芥子,TERT
白芥子,THRB,白芥子,THRB
白芥子,TNKS,白芥子,TNKS
白芥子,TNKS2,白芥子,TNKS2
白芥子,TOP1,白芥子,TOP1
白芥子,TOP2A,白芥子,TOP2A
白芥子,TRPV1,白芥子,TRPV1
白芥子,TTR,白芥子,TTR
白芥子,TYR,白芥子,TYR
白芥子,UGT1A1,白芥子,UGT1A1
白芥子,XDH,白芥子,XDH
白芷,ABCB1,白芷,ABCB1
白芷,BACE1,白芷,BACE1
白芷,CYP2A6,白芷,CYP2A6
白芷,CYP2C19,白芷,CYP2C19
白芷,CYP2C9,白芷,CYP2C9
白芷,CYP2D6,白芷,CYP2D6
白芷,CYP3A4,白芷,CYP3A4
白芷,KDM4E,白芷,KDM4E
白芷,MAOA,白芷,MAOA
白芷,MAPT,白芷,MAPT
白芷,PTPN1,白芷,PTPN1
白茅根,NR1I2,白茅根,NR1I2
百合,ABCC1,百合,ABCC1
百合,ABCG2,百合,ABCG2
百合,ACHE,百合,ACHE
百合,ADORA3,百合,ADORA3
百合,AKR1B1,百合,AKR1B1
百合,AKR1B10,百合,AKR1B10
百合,AKR1C2,百合,AKR1C2
百合,AKR1C3,百合,AKR1C3
百合,AKR1C4,百合,AKR1C4
百合,AKT1,百合,AKT1
百合,ALK,百合,ALK
百合,ALOX12,百合,ALOX12
百合,ALOX15,百合,ALOX15
百合,ALOX5,百合,ALOX5
百合,ALPI,百合,ALPI
百合,ALPL,百合,ALPL
百合,AMY1A,百合,AMY1A
百合,APEX1,百合,APEX1
百合,APOBEC3G,百合,APOBEC3G
百合,APP,百合,APP
百合,AR,百合,AR
百合,AURKB,百合,AURKB
百合,AVPR2,百合,AVPR2
百合,AXL,百合,AXL
百合,BACE1,百合,BACE1
百合,BCHE,百合,BCHE
百合,BCL2,百合,BCL2
百合,CA1,百合,CA1
百合,CA12,百合,CA12
百合,CA13,百合,CA13
百合,CA14,百合,CA14
百合,CA2,百合,CA2
百合,CA3,百合,CA3
百合,CA4,百合,CA4
百合,CA5A,百合,CA5A
百合,CA5B,百合,CA5B
百合,CA6,百合,CA6
百合,CA7,百合,CA7
百合,CA9,百合,CA9
百合,CAMK2B,百合,CAMK2B
百合,CCR4,百合,CCR4
百合,CD38,百合,CD38
百合,CDK6,百合,CDK6
百合,CTSL,百合,CTSL
百合,CXCL8,百合,CXCL8
百合,CXCR1,百合,CXCR1
百合,CYP19A1,百合,CYP19A1
百合,CYP1A1,百合,CYP1A1
百合,CYP1A2,百合,CYP1A2
百合,CYP1B1,百合,CYP1B1
百合,CYP2C19,百合,CYP2C19
百合,CYP2C8,百合,CYP2C8
百合,CYP2C9,百合,CYP2C9
百合,CYP2D6,百合,CYP2D6
百合,CYP2J2,百合,CYP2J2
百合,CYP3A4,百合,CYP3A4
百合,DAPK1,百合,DAPK1
百合,DPP4,百合,DPP4
百合,DRD1,百合,DRD1
百合,DUSP3,百合,DUSP3
百合,EGFR,百合,EGFR
百合,EHMT2,百合,EHMT2
百合,EPHX2,百合,EPHX2
百合,ESR1,百合,ESR1
百合,ESR2,百合,ESR2
百合,ESRRA,百合,ESRRA
百合,F2,百合,F2
百合,FASN,百合,FASN
百合,FLT3,百合,FLT3
百合,FUT7,百合,FUT7
百合,GAA,百合,GAA
百合,GBA,百合,GBA
百合,GLO1,百合,GLO1
百合,GPR35,百合,GPR35
百合,GSK3B,百合,GSK3B
百合,HCAR2,百合,HCAR2
百合,HIF1A,百合,HIF1A
百合,HSD11B1,百合,HSD11B1
百合,HSD17B1,百合,HSD17B1
百合,HSD17B2,百合,HSD17B2
百合,HSP90AB1,百合,HSP90AB1
百合,HTR1A,百合,HTR1A
百合,IDH1,百合,IDH1
百合,IGF1R,百合,IGF1R
百合,KCNH2,百合,KCNH2
百合,KDM4E,百合,KDM4E
百合,KDR,百合,KDR
百合,KMT2A,百合,KMT2A
百合,MAP2K1,百合,MAP2K1
百合,MAPK1,百合,MAPK1
百合,MAPK14,百合,MAPK14
百合,MAPKAPK2,百合,MAPKAPK2
百合,MAPT,百合,MAPT
百合,MET,百合,MET
百合,MMP1,百合,MMP1
百合,MMP12,百合,MMP12
百合,MMP13,百合,MMP13
百合,MMP2,百合,MMP2
百合,MMP3,百合,MMP3
百合,MMP9,百合,MMP9
百合,MPG,百合,MPG
百合,NEK2,百合,NEK2
百合,NEK6,百合,NEK6
百合,NFKB1,百合,NFKB1
百合,NUAK1,百合,NUAK1
百合,PDE5A,百合,PDE5A
百合,PIK3CG,百合,PIK3CG
百合,PIM1,百合,PIM1
百合,PKN1,百合,PKN1
百合,PLG,百合,PLG
百合,PLK1,百合,PLK1
百合,POLB,百合,POLB
百合,PPARA,百合,PPARA
百合,PPARD,百合,PPARD
百合,PPARG,百合,PPARG
百合,PRKCA,百合,PRKCA
百合,PTGS1,百合,PTGS1
百合,PTGS2,百合,PTGS2
百合,PTK2,百合,PTK2
百合,PTPN1,百合,PTPN1
百合,PTPRS,百合,PTPRS
百合,PYGL,百合,PYGL
百合,RORC,百合,RORC
百合,SLCO1B1,百合,SLCO1B1
百合,SLCO1B3,百合,SLCO1B3
百合,SLCO2B1,百合,SLCO2B1
百合,SRC,百合,SRC
百合,SYK,百合,SYK
百合,THRB,百合,THRB
百合,TOP1,百合,TOP1
百合,TOP2A,百合,TOP2A
百合,TTR,百合,TTR
百合,TYR,百合,TYR
百合,UGT1A1,百合,UGT1A1
百合,XDH,百合,XDH
百部,EGLN1,百部,EGLN1
百部,MAPT,百部,MAPT
皂角刺,ACHE,皂角刺,ACHE
皂角刺,AKR1B1,皂角刺,AKR1B1
皂角刺,AKR1B10,皂角刺,AKR1B10
皂角刺,AKR1C2,皂角刺,AKR1C2
皂角刺,AKR1C3,皂角刺,AKR1C3
皂角刺,AKR1C4,皂角刺,AKR1C4
皂角刺,ALOX5,皂角刺,ALOX5
皂角刺,APEX1,皂角刺,APEX1
皂角刺,APP,皂角刺,APP
皂角刺,CA1,皂角刺,CA1
皂角刺,CA12,皂角刺,CA12
皂角刺,CA14,皂角刺,CA14
皂角刺,CA2,皂角刺,CA2
皂角刺,CA3,皂角刺,CA3
皂角刺,CA4,皂角刺,CA4
皂角刺,CA5A,皂角刺,CA5A
皂角刺,CA5B,皂角刺,CA5B
皂角刺,CA6,皂角刺,CA6
皂角刺,CA7,皂角刺,CA7
皂角刺,CA9,皂角刺,CA9
皂角刺,CYP3A4,皂角刺,CYP3A4
皂角刺,DUSP3,皂角刺,DUSP3
皂角刺,EGFR,皂角刺,EGFR
皂角刺,EHMT2,皂角刺,EHMT2
皂角刺,ESR1,皂角刺,ESR1
皂角刺,GAA,皂角刺,GAA
皂角刺,HCAR2,皂角刺,HCAR2
皂角刺,KDM4E,皂角刺,KDM4E
皂角刺,MAPK1,皂角刺,MAPK1
皂角刺,MAPT,皂角刺,MAPT
皂角刺,MMP1,皂角刺,MMP1
皂角刺,MMP2,皂角刺,MMP2
皂角刺,MMP9,皂角刺,MMP9
皂角刺,MPG,皂角刺,MPG
皂角刺,NFKB1,皂角刺,NFKB1
皂角刺,POLB,皂角刺,POLB
皂角刺,PTPN1,皂角刺,PTPN1
皂角刺,THRB,皂角刺,THRB
皂角刺,TTR,皂角刺,TTR
皂角刺,TYR,皂角刺,TYR
知母,AKR1B1,知母,AKR1B1
知母,ALOX15,知母,ALOX15
知母,APEX1,知母,APEX1
知母,APP,知母,APP
知母,BACE1,知母,BACE1
知母,CA1,知母,CA1
知母,CA12,知母,CA12
知母,CA14,知母,CA14
知母,CA2,知母,CA2
知母,CA3,知母,CA3
知母,CA4,知母,CA4
知母,CA5A,知母,CA5A
知母,CA5B,知母,CA5B
知母,CA6,知母,CA6
知母,CA7,知母,CA7
知母,CA9,知母,CA9
知母,CHRNA7,知母,CHRNA7
知母,CSNK2A1,知母,CSNK2A1
知母,CXCL8,知母,CXCL8
知母,CYP19A1,知母,CYP19A1
知母,CYP2C19,知母,CYP2C19
知母,CYP2C9,知母,CYP2C9
知母,CYP2D6,知母,CYP2D6
知母,CYP2E1,知母,CYP2E1
知母,CYP3A4,知母,CYP3A4
知母,DAO,知母,DAO
知母,DRD1,知母,DRD1
知母,EGFR,知母,EGFR
知母,EHMT2,知母,EHMT2
知母,EPHX2,知母,EPHX2
知母,ESR1,知母,ESR1
知母,ESR2,知母,ESR2
知母,FABP2,知母,FABP2
知母,FABP3,知母,FABP3
知母,FABP4,知母,FABP4
知母,FABP5,知母,FABP5
知母,GAA,知母,GAA
知母,GBA,知母,GBA
知母,HCAR2,知母,HCAR2
知母,HIF1A,知母,HIF1A
知母,IDH1,知母,IDH1
知母,IDO1,知母,IDO1
知母,KMT2A,知母,KMT2A
知母,MAOA,知母,MAOA
知母,MAOB,知母,MAOB
知母,MAPK1,知母,MAPK1
知母,MAPT,知母,MAPT
知母,MMP1,知母,MMP1
知母,MMP9,知母,MMP9
知母,NFKB1,知母,NFKB1
知母,PARP1,知母,PARP1
知母,PDE5A,知母,PDE5A
知母,PIM1,知母,PIM1
知母,POLA1,知母,POLA1
知母,POLB,知母,POLB
知母,PPARA,知母,PPARA
知母,PPARD,知母,PPARD
知母,PPARG,知母,PPARG
知母,PTPN1,知母,PTPN1
知母,RORC,知母,RORC
知母,SIRT2,知母,SIRT2
知母,SIRT3,知母,SIRT3
知母,SLC47A1,知母,SLC47A1
知母,THRB,知母,THRB
知母,TLR2,知母,TLR2
知母,TYR,知母,TYR
知母,UGT1A1,知母,UGT1A1
矮地茶,ALOX15,矮地茶,ALOX15
矮地茶,ALOX5,矮地茶,ALOX5
矮地茶,CA1,矮地茶,CA1
矮地茶,CA2,矮地茶,CA2
矮地茶,CXCL8,矮地茶,CXCL8
矮地茶,CYP2A6,矮地茶,CYP2A6
矮地茶,EHMT2,矮地茶,EHMT2
矮地茶,ESR1,矮地茶,ESR1
矮地茶,MMP1,矮地茶,MMP1
矮地茶,MMP2,矮地茶,MMP2
矮地茶,MMP3,矮地茶,MMP3
矮地茶,MMP9,矮地茶,MMP9
矮地茶,RORC,矮地茶,RORC
矮地茶,UGT1A1,矮地茶,UGT1A1
石斛,BACE1,石斛,BACE1
石斛,EHMT2,石斛,EHMT2
石菖蒲,ADORA3,石菖蒲,ADORA3
石菖蒲,ADRB2,石菖蒲,ADRB2
石菖蒲,ALOX12,石菖蒲,ALOX12
石菖蒲,ALOX15,石菖蒲,ALOX15
石菖蒲,ALOX5,石菖蒲,ALOX5
石菖蒲,APEX1,石菖蒲,APEX1
石菖蒲,AR,石菖蒲,AR
石菖蒲,BCL2L1,石菖蒲,BCL2L1
石菖蒲,CA1,石菖蒲,CA1
石菖蒲,CA2,石菖蒲,CA2
石菖蒲,CSNK2A1,石菖蒲,CSNK2A1
石菖蒲,CXCL8,石菖蒲,CXCL8
石菖蒲,CYP19A1,石菖蒲,CYP19A1
石菖蒲,CYP2C19,石菖蒲,CYP2C19
石菖蒲,CYP2C9,石菖蒲,CYP2C9
石菖蒲,CYP2D6,石菖蒲,CYP2D6
石菖蒲,CYP3A4,石菖蒲,CYP3A4
石菖蒲,DRD1,石菖蒲,DRD1
石菖蒲,DUSP3,石菖蒲,DUSP3
石菖蒲,EHMT2,石菖蒲,EHMT2
石菖蒲,EPHX2,石菖蒲,EPHX2
石菖蒲,ESR1,石菖蒲,ESR1
石菖蒲,F3,石菖蒲,F3
石菖蒲,FABP2,石菖蒲,FABP2
石菖蒲,FABP3,石菖蒲,FABP3
石菖蒲,FABP4,石菖蒲,FABP4
石菖蒲,FABP5,石菖蒲,FABP5
石菖蒲,FASN,石菖蒲,FASN
石菖蒲,FOLH1,石菖蒲,FOLH1
石菖蒲,GAA,石菖蒲,GAA
石菖蒲,GABRR1,石菖蒲,GABRR1
石菖蒲,GBA,石菖蒲,GBA
石菖蒲,GLRA1,石菖蒲,GLRA1
石菖蒲,GRIA1,石菖蒲,GRIA1
石菖蒲,GRIA2,石菖蒲,GRIA2
石菖蒲,GRIA4,石菖蒲,GRIA4
石菖蒲,GRIK2,石菖蒲,GRIK2
石菖蒲,GRIK5,石菖蒲,GRIK5
石菖蒲,GRM1,石菖蒲,GRM1
石菖蒲,GRM2,石菖蒲,GRM2
石菖蒲,GRM3,石菖蒲,GRM3
石菖蒲,GRM4,石菖蒲,GRM4
石菖蒲,GRM5,石菖蒲,GRM5
石菖蒲,GRM8,石菖蒲,GRM8
石菖蒲,HIF1A,石菖蒲,HIF1A
石菖蒲,HMGCR,石菖蒲,HMGCR
石菖蒲,IDO1,石菖蒲,IDO1
石菖蒲,KDM4E,石菖蒲,KDM4E
石菖蒲,KMT2A,石菖蒲,KMT2A
石菖蒲,MAPK1,石菖蒲,MAPK1
石菖蒲,MAPT,石菖蒲,MAPT
石菖蒲,MCL1,石菖蒲,MCL1
石菖蒲,MET,石菖蒲,MET
石菖蒲,MMP1,石菖蒲,MMP1
石菖蒲,MMP2,石菖蒲,MMP2
石菖蒲,MMP3,石菖蒲,MMP3
石菖蒲,MMP9,石菖蒲,MMP9
石菖蒲,PIM1,石菖蒲,PIM1
石菖蒲,POLB,石菖蒲,POLB
石菖蒲,PPARA,石菖蒲,PPARA
石菖蒲,PPARD,石菖蒲,PPARD
石菖蒲,PPARG,石菖蒲,PPARG
石菖蒲,PTAFR,石菖蒲,PTAFR
石菖蒲,PTPN1,石菖蒲,PTPN1
石菖蒲,RORC,石菖蒲,RORC
石菖蒲,SLC1A1,石菖蒲,SLC1A1
石菖蒲,SOAT1,石菖蒲,SOAT1
石菖蒲,TERT,石菖蒲,TERT
石菖蒲,THRB,石菖蒲,THRB
石菖蒲,TLR2,石菖蒲,TLR2
石菖蒲,TYR,石菖蒲,TYR
石菖蒲,UGT1A1,石菖蒲,UGT1A1
砂仁,ABCC1,砂仁,ABCC1
砂仁,ABCG2,砂仁,ABCG2
砂仁,ACHE,砂仁,ACHE
砂仁,ADORA3,砂仁,ADORA3
砂仁,AKR1B1,砂仁,AKR1B1
砂仁,AKR1B10,砂仁,AKR1B10
砂仁,AKT1,砂仁,AKT1
砂仁,ALK,砂仁,ALK
砂仁,ALOX12,砂仁,ALOX12
砂仁,ALOX15,砂仁,ALOX15
砂仁,ALOX5,砂仁,ALOX5
砂仁,ALPI,砂仁,ALPI
砂仁,ALPL,砂仁,ALPL
砂仁,AMY1A,砂仁,AMY1A
砂仁,APEX1,砂仁,APEX1
砂仁,APP,砂仁,APP
砂仁,AR,砂仁,AR
砂仁,AURKB,砂仁,AURKB
砂仁,AVPR2,砂仁,AVPR2
砂仁,AXL,砂仁,AXL
砂仁,BACE1,砂仁,BACE1
砂仁,BCHE,砂仁,BCHE
砂仁,CA1,砂仁,CA1
砂仁,CA12,砂仁,CA12
砂仁,CA14,砂仁,CA14
砂仁,CA2,砂仁,CA2
砂仁,CA3,砂仁,CA3
砂仁,CA4,砂仁,CA4
砂仁,CA5A,砂仁,CA5A
砂仁,CA5B,砂仁,CA5B
砂仁,CA6,砂仁,CA6
砂仁,CA7,砂仁,CA7
砂仁,CA9,砂仁,CA9
砂仁,CAMK2B,砂仁,CAMK2B
砂仁,CCR4,砂仁,CCR4
砂仁,CD38,砂仁,CD38
砂仁,CDK6,砂仁,CDK6
砂仁,CXCR1,砂仁,CXCR1
砂仁,CYP19A1,砂仁,CYP19A1
砂仁,CYP1A1,砂仁,CYP1A1
砂仁,CYP1A2,砂仁,CYP1A2
砂仁,CYP1B1,砂仁,CYP1B1
砂仁,CYP2A6,砂仁,CYP2A6
砂仁,CYP2C19,砂仁,CYP2C19
砂仁,CYP2C8,砂仁,CYP2C8
砂仁,CYP2C9,砂仁,CYP2C9
砂仁,CYP2D6,砂仁,CYP2D6
砂仁,CYP2J2,砂仁,CYP2J2
砂仁,CYP3A4,砂仁,CYP3A4
砂仁,DAPK1,砂仁,DAPK1
砂仁,DPP4,砂仁,DPP4
砂仁,DRD1,砂仁,DRD1
砂仁,EGFR,砂仁,EGFR
砂仁,EHMT2,砂仁,EHMT2
砂仁,EPHX2,砂仁,EPHX2
砂仁,ESR1,砂仁,ESR1
砂仁,F2,砂仁,F2
砂仁,FABP2,砂仁,FABP2
砂仁,FABP3,砂仁,FABP3
砂仁,FABP4,砂仁,FABP4
砂仁,FABP5,砂仁,FABP5
砂仁,FLT3,砂仁,FLT3
砂仁,GAA,砂仁,GAA
砂仁,GBA,砂仁,GBA
砂仁,GLO1,砂仁,GLO1
砂仁,GPR35,砂仁,GPR35
砂仁,GSK3B,砂仁,GSK3B
砂仁,HIF1A,砂仁,HIF1A
砂仁,HSD11B1,砂仁,HSD11B1
砂仁,HSD17B1,砂仁,HSD17B1
砂仁,HSD17B2,砂仁,HSD17B2
砂仁,HTR1A,砂仁,HTR1A
砂仁,IDH1,砂仁,IDH1
砂仁,IGF1R,砂仁,IGF1R
砂仁,KDM4E,砂仁,KDM4E
砂仁,KDR,砂仁,KDR
砂仁,KMT2A,砂仁,KMT2A
砂仁,MAP2K1,砂仁,MAP2K1
砂仁,MAPK1,砂仁,MAPK1
砂仁,MAPK14,砂仁,MAPK14
砂仁,MAPKAPK2,砂仁,MAPKAPK2
砂仁,MAPT,砂仁,MAPT
砂仁,MET,砂仁,MET
砂仁,MMP12,砂仁,MMP12
砂仁,MMP13,砂仁,MMP13
砂仁,MMP2,砂仁,MMP2
砂仁,MMP3,砂仁,MMP3
砂仁,MMP9,砂仁,MMP9
砂仁,MPG,砂仁,MPG
砂仁,NEK2,砂仁,NEK2
砂仁,NEK6,砂仁,NEK6
砂仁,NFKB1,砂仁,NFKB1
砂仁,NUAK1,砂仁,NUAK1
砂仁,PDE5A,砂仁,PDE5A
砂仁,PIK3CG,砂仁,PIK3CG
砂仁,PIM1,砂仁,PIM1
砂仁,PKN1,砂仁,PKN1
砂仁,PLG,砂仁,PLG
砂仁,PLK1,砂仁,PLK1
砂仁,POLB,砂仁,POLB
砂仁,PPARA,砂仁,PPARA
砂仁,PPARD,砂仁,PPARD
砂仁,PPARG,砂仁,PPARG
砂仁,PRKCA,砂仁,PRKCA
砂仁,PTGS2,砂仁,PTGS2
砂仁,PTK2,砂仁,PTK2
砂仁,PTPN1,砂仁,PTPN1
砂仁,PYGL,砂仁,PYGL
砂仁,RORC,砂仁,RORC
砂仁,SLCO1B1,砂仁,SLCO1B1
砂仁,SLCO1B3,砂仁,SLCO1B3
砂仁,SLCO2B1,砂仁,SLCO2B1
砂仁,SRC,砂仁,SRC
砂仁,SYK,砂仁,SYK
砂仁,THRB,砂仁,THRB
砂仁,TLR2,砂仁,TLR2
砂仁,TOP2A,砂仁,TOP2A
砂仁,TRPV1,砂仁,TRPV1
砂仁,UGT1A1,砂仁,UGT1A1
砂仁,XDH,砂仁,XDH
穿山龙,ALOX15,穿山龙,ALOX15
穿山龙,HKDC1,穿山龙,HKDC1
穿山龙,KDM4E,穿山龙,KDM4E
紫花地丁,APEX1,紫花地丁,APEX1
紫花地丁,CYP19A1,紫花地丁,CYP19A1
紫花地丁,DUSP3,紫花地丁,DUSP3
紫花地丁,GAA,紫花地丁,GAA
紫花地丁,POLB,紫花地丁,POLB
紫苏叶,ABCB11,紫苏叶,ABCB11
紫苏叶,AKR1C2,紫苏叶,AKR1C2
紫苏叶,AKR1C3,紫苏叶,AKR1C3
紫苏叶,AKR1C4,紫苏叶,AKR1C4
紫苏叶,ALOX15,紫苏叶,ALOX15
紫苏叶,APEX1,紫苏叶,APEX1
紫苏叶,AR,紫苏叶,AR
紫苏叶,CNR1,紫苏叶,CNR1
紫苏叶,CNR2,紫苏叶,CNR2
紫苏叶,CXCL8,紫苏叶,CXCL8
紫苏叶,CYP19A1,紫苏叶,CYP19A1
紫苏叶,CYP2A6,紫苏叶,CYP2A6
紫苏叶,CYP2C19,紫苏叶,CYP2C19
紫苏叶,CYP3A4,紫苏叶,CYP3A4
紫苏叶,EHMT2,紫苏叶,EHMT2
紫苏叶,ESR1,紫苏叶,ESR1
紫苏叶,F3,紫苏叶,F3
紫苏叶,GBA,紫苏叶,GBA
紫苏叶,KDM4E,紫苏叶,KDM4E
紫苏叶,MAPT,紫苏叶,MAPT
紫苏叶,NFKB1,紫苏叶,NFKB1
紫苏叶,NR1I2,紫苏叶,NR1I2
紫苏叶,PPARA,紫苏叶,PPARA
紫苏叶,PPARD,紫苏叶,PPARD
紫苏叶,PPARG,紫苏叶,PPARG
紫苏叶,PTGS1,紫苏叶,PTGS1
紫苏叶,PTGS2,紫苏叶,PTGS2
紫苏叶,RORC,紫苏叶,RORC
紫苏叶,TERT,紫苏叶,TERT
紫苏叶,TRPV1,紫苏叶,TRPV1
紫苏叶,UGT1A1,紫苏叶,UGT1A1
紫苏子,AR,紫苏子,AR
紫苏子,CXCL8,紫苏子,CXCL8
紫苏子,CYP3A4,紫苏子,CYP3A4
紫苏子,UGT1A1,紫苏子,UGT1A1
紫菀,ABCC1,紫菀,ABCC1
紫菀,ABCG2,紫菀,ABCG2
紫菀,ACHE,紫菀,ACHE
紫菀,ADORA3,紫菀,ADORA3
紫菀,AKR1B1,紫菀,AKR1B1
紫菀,AKR1B10,紫菀,AKR1B10
紫菀,AKT1,紫菀,AKT1
紫菀,ALK,紫菀,ALK
紫菀,ALOX12,紫菀,ALOX12
紫菀,ALOX15,紫菀,ALOX15
紫菀,ALOX5,紫菀,ALOX5
紫菀,AMY1A,紫菀,AMY1A
紫菀,APEX1,紫菀,APEX1
紫菀,APP,紫菀,APP
紫菀,AR,紫菀,AR
紫菀,AURKB,紫菀,AURKB
紫菀,AVPR2,紫菀,AVPR2
紫菀,AXL,紫菀,AXL
紫菀,BACE1,紫菀,BACE1
紫菀,BCHE,紫菀,BCHE
紫菀,CA1,紫菀,CA1
紫菀,CA12,紫菀,CA12
紫菀,CA14,紫菀,CA14
紫菀,CA2,紫菀,CA2
紫菀,CA3,紫菀,CA3
紫菀,CA4,紫菀,CA4
紫菀,CA5A,紫菀,CA5A
紫菀,CA5B,紫菀,CA5B
紫菀,CA6,紫菀,CA6
紫菀,CA7,紫菀,CA7
紫菀,CA9,紫菀,CA9
紫菀,CAMK2B,紫菀,CAMK2B
紫菀,CBR1,紫菀,CBR1
紫菀,CCR4,紫菀,CCR4
紫菀,CD38,紫菀,CD38
紫菀,CDK6,紫菀,CDK6
紫菀,CSNK2A1,紫菀,CSNK2A1
紫菀,CXCL8,紫菀,CXCL8
紫菀,CXCR1,紫菀,CXCR1
紫菀,CYP19A1,紫菀,CYP19A1
紫菀,CYP1A1,紫菀,CYP1A1
紫菀,CYP1A2,紫菀,CYP1A2
紫菀,CYP1B1,紫菀,CYP1B1
紫菀,CYP2A6,紫菀,CYP2A6
紫菀,CYP2B6,紫菀,CYP2B6
紫菀,CYP2C19,紫菀,CYP2C19
紫菀,CYP2C8,紫菀,CYP2C8
紫菀,CYP2C9,紫菀,CYP2C9
紫菀,CYP2D6,紫菀,CYP2D6
紫菀,CYP2J2,紫菀,CYP2J2
紫菀,CYP3A4,紫菀,CYP3A4
紫菀,DAO,紫菀,DAO
紫菀,DAPK1,紫菀,DAPK1
紫菀,DPP4,紫菀,DPP4
紫菀,DRD1,紫菀,DRD1
紫菀,DUSP3,紫菀,DUSP3
紫菀,EGFR,紫菀,EGFR
紫菀,EHMT2,紫菀,EHMT2
紫菀,EPHX2,紫菀,EPHX2
紫菀,ESR1,紫菀,ESR1
紫菀,ESRRA,紫菀,ESRRA
紫菀,F2,紫菀,F2
紫菀,F3,紫菀,F3
紫菀,FABP2,紫菀,FABP2
紫菀,FABP3,紫菀,FABP3
紫菀,FABP4,紫菀,FABP4
紫菀,FABP5,紫菀,FABP5
紫菀,FLT3,紫菀,FLT3
紫菀,GBA,紫菀,GBA
紫菀,GLO1,紫菀,GLO1
紫菀,GPR35,紫菀,GPR35
紫菀,GRM5,紫菀,GRM5
紫菀,GSK3B,紫菀,GSK3B
紫菀,HIF1A,紫菀,HIF1A
紫菀,HSD11B1,紫菀,HSD11B1
紫菀,HSD17B1,紫菀,HSD17B1
紫菀,HSD17B2,紫菀,HSD17B2
紫菀,HTR1A,紫菀,HTR1A
紫菀,IDH1,紫菀,IDH1
紫菀,IGF1R,紫菀,IGF1R
紫菀,KCNH2,紫菀,KCNH2
紫菀,KDM4E,紫菀,KDM4E
紫菀,KDR,紫菀,KDR
紫菀,KMT2A,紫菀,KMT2A
紫菀,MAP2K1,紫菀,MAP2K1
紫菀,MAPK1,紫菀,MAPK1
紫菀,MAPK14,紫菀,MAPK14
紫菀,MAPKAPK2,紫菀,MAPKAPK2
紫菀,MAPT,紫菀,MAPT
紫菀,MET,紫菀,MET
紫菀,MMP12,紫菀,MMP12
紫菀,MMP13,紫菀,MMP13
紫菀,MMP2,紫菀,MMP2
紫菀,MMP3,紫菀,MMP3
紫菀,MMP9,紫菀,MMP9
紫菀,MPG,紫菀,MPG
紫菀,NEK2,紫菀,NEK2
紫菀,NEK6,紫菀,NEK6
紫菀,NFKB1,紫菀,NFKB1
紫菀,NR1H4,紫菀,NR1H4
紫菀,NUAK1,紫菀,NUAK1
紫菀,PDE5A,紫菀,PDE5A
紫菀,PIK3CG,紫菀,PIK3CG
紫菀,PIM1,紫菀,PIM1
紫菀,PKN1,紫菀,PKN1
紫菀,PLG,紫菀,PLG
紫菀,PLK1,紫菀,PLK1
紫菀,POLB,紫菀,POLB
紫菀,PPARA,紫菀,PPARA
紫菀,PPARD,紫菀,PPARD
紫菀,PPARG,紫菀,PPARG
紫菀,PRKCA,紫菀,PRKCA
紫菀,PTGS1,紫菀,PTGS1
紫菀,PTGS2,紫菀,PTGS2
紫菀,PTK2,紫菀,PTK2
紫菀,PTPRS,紫菀,PTPRS
紫菀,PYGL,紫菀,PYGL
紫菀,RORC,紫菀,RORC
紫菀,SLCO1B1,紫菀,SLCO1B1
紫菀,SLCO1B3,紫菀,SLCO1B3
紫菀,SLCO2B1,紫菀,SLCO2B1
紫菀,SOAT1,紫菀,SOAT1
紫菀,SRC,紫菀,SRC
紫菀,SYK,紫菀,SYK
紫菀,TERT,紫菀,TERT
紫菀,THRB,紫菀,THRB
紫菀,TLR2,紫菀,TLR2
紫菀,TOP2A,紫菀,TOP2A
紫菀,TRPV1,紫菀,TRPV1
紫菀,TYR,紫菀,TYR
紫菀,UGT1A1,紫菀,UGT1A1
紫菀,XDH,紫菀,XDH
红景天,ACHE,红景天,ACHE
红景天,AKR1B1,红景天,AKR1B1
红景天,ALOX15,红景天,ALOX15
红景天,ALOX5,红景天,ALOX5
红景天,AMY1A,红景天,AMY1A
红景天,APP,红景天,APP
红景天,AR,红景天,AR
红景天,BACE1,红景天,BACE1
红景天,BCHE,红景天,BCHE
红景天,CA1,红景天,CA1
红景天,CA12,红景天,CA12
红景天,CA2,红景天,CA2
红景天,CA4,红景天,CA4
红景天,CA7,红景天,CA7
红景天,CDK6,红景天,CDK6
红景天,CYP1A1,红景天,CYP1A1
红景天,CYP1A2,红景天,CYP1A2
红景天,CYP1B1,红景天,CYP1B1
红景天,CYP2C19,红景天,CYP2C19
红景天,CYP2C9,红景天,CYP2C9
红景天,CYP2D6,红景天,CYP2D6
红景天,CYP3A4,红景天,CYP3A4
红景天,DAPK1,红景天,DAPK1
红景天,EGFR,红景天,EGFR
红景天,ESR1,红景天,ESR1
红景天,ESRRA,红景天,ESRRA
红景天,FLT3,红景天,FLT3
红景天,GBA,红景天,GBA
红景天,GLO1,红景天,GLO1
红景天,HIF1A,红景天,HIF1A
红景天,HSD17B1,红景天,HSD17B1
红景天,HSD17B2,红景天,HSD17B2
红景天,IDH1,红景天,IDH1
红景天,KDM4E,红景天,KDM4E
红景天,MAPT,红景天,MAPT
红景天,MPG,红景天,MPG
红景天,PIM1,红景天,PIM1
红景天,PPARA,红景天,PPARA
红景天,PPARD,红景天,PPARD
红景天,PPARG,红景天,PPARG
红景天,PTGS1,红景天,PTGS1
红景天,PTGS2,红景天,PTGS2
红景天,PTPRS,红景天,PTPRS
红景天,RORC,红景天,RORC
红景天,TOP2A,红景天,TOP2A
红景天,TYR,红景天,TYR
红景天,XDH,红景天,XDH
红花,ABCC1,红花,ABCC1
红花,ABCG2,红花,ABCG2
红花,ACHE,红花,ACHE
红花,ADORA1,红花,ADORA1
红花,ADORA2A,红花,ADORA2A
红花,ADORA2B,红花,ADORA2B
红花,ADORA3,红花,ADORA3
红花,AKR1B1,红花,AKR1B1
红花,AKR1B10,红花,AKR1B10
红花,AKR1C2,红花,AKR1C2
红花,AKR1C3,红花,AKR1C3
红花,AKR1C4,红花,AKR1C4
红花,AKT1,红花,AKT1
红花,ALK,红花,ALK
红花,ALOX12,红花,ALOX12
红花,ALOX15,红花,ALOX15
红花,ALOX5,红花,ALOX5
红花,ALPI,红花,ALPI
红花,ALPL,红花,ALPL
红花,AMY1A,红花,AMY1A
红花,APEX1,红花,APEX1
红花,APP,红花,APP
红花,AR,红花,AR
红花,AURKB,红花,AURKB
红花,AVPR2,红花,AVPR2
红花,AXL,红花,AXL
红花,BACE1,红花,BACE1
红花,BCHE,红花,BCHE
红花,CA1,红花,CA1
红花,CA12,红花,CA12
红花,CA14,红花,CA14
红花,CA2,红花,CA2
红花,CA3,红花,CA3
红花,CA4,红花,CA4
红花,CA5A,红花,CA5A
红花,CA5B,红花,CA5B
红花,CA6,红花,CA6
红花,CA7,红花,CA7
红花,CA9,红花,CA9
红花,CAMK2B,红花,CAMK2B
红花,CCR4,红花,CCR4
红花,CD38,红花,CD38
红花,CDK6,红花,CDK6
红花,CXCL8,红花,CXCL8
红花,CXCR1,红花,CXCR1
红花,CYP19A1,红花,CYP19A1
红花,CYP1A1,红花,CYP1A1
红花,CYP1A2,红花,CYP1A2
红花,CYP1B1,红花,CYP1B1
红花,CYP2A6,红花,CYP2A6
红花,CYP2C19,红花,CYP2C19
红花,CYP2C8,红花,CYP2C8
红花,CYP2C9,红花,CYP2C9
红花,CYP2D6,红花,CYP2D6
红花,CYP2J2,红花,CYP2J2
红花,CYP3A4,红花,CYP3A4
红花,DAPK1,红花,DAPK1
红花,DPP4,红花,DPP4
红花,DRD1,红花,DRD1
红花,DUSP3,红花,DUSP3
红花,EGFR,红花,EGFR
红花,EHMT2,红花,EHMT2
红花,EPHX2,红花,EPHX2
红花,ERBB2,红花,ERBB2
红花,ESR1,红花,ESR1
红花,ESR2,红花,ESR2
红花,ESRRA,红花,ESRRA
红花,F2,红花,F2
红花,F3,红花,F3
红花,FABP2,红花,FABP2
红花,FABP3,红花,FABP3
红花,FABP4,红花,FABP4
红花,FABP5,红花,FABP5
红花,FLT3,红花,FLT3
红花,FUT7,红花,FUT7
红花,GAA,红花,GAA
红花,GBA,红花,GBA
红花,GLO1,红花,GLO1
红花,GPR35,红花,GPR35
红花,GSK3B,红花,GSK3B
红花,HCAR2,红花,HCAR2
红花,HIF1A,红花,HIF1A
红花,HSD11B1,红花,HSD11B1
红花,HSD17B1,红花,HSD17B1
红花,HSD17B2,红花,HSD17B2
红花,HSD17B3,红花,HSD17B3
红花,HSP90AB1,红花,HSP90AB1
红花,HSPA8,红花,HSPA8
红花,HTR1A,红花,HTR1A
红花,HTR7,红花,HTR7
红花,IDH1,红花,IDH1
红花,IDO1,红花,IDO1
红花,IGF1R,红花,IGF1R
红花,KCNH2,红花,KCNH2
红花,KDM4E,红花,KDM4E
红花,KDR,红花,KDR
红花,KMT2A,红花,KMT2A
红花,MAP2K1,红花,MAP2K1
红花,MAPK1,红花,MAPK1
红花,MAPK14,红花,MAPK14
红花,MAPK9,红花,MAPK9
红花,MAPKAPK2,红花,MAPKAPK2
红花,MAPT,红花,MAPT
红花,MET,红花,MET
红花,MMP1,红花,MMP1
红花,MMP12,红花,MMP12
红花,MMP13,红花,MMP13
红花,MMP2,红花,MMP2
红花,MMP3,红花,MMP3
红花,MMP9,红花,MMP9
红花,MPG,红花,MPG
红花,NEK2,红花,NEK2
红花,NEK6,红花,NEK6
红花,NFKB1,红花,NFKB1
红花,NR1I2,红花,NR1I2
红花,NUAK1,红花,NUAK1
红花,OXER1,红花,OXER1
红花,PDE5A,红花,PDE5A
红花,PIK3CG,红花,PIK3CG
红花,PIM1,红花,PIM1
红花,PKN1,红花,PKN1
红花,PLG,红花,PLG
红花,PLK1,红花,PLK1
红花,PNP,红花,PNP
红花,POLB,红花,POLB
红花,PPARA,红花,PPARA
红花,PPARD,红花,PPARD
红花,PPARG,红花,PPARG
红花,PRKCA,红花,PRKCA
红花,PTGS1,红花,PTGS1
红花,PTGS2,红花,PTGS2
红花,PTK2,红花,PTK2
红花,PTPN1,红花,PTPN1
红花,PTPRS,红花,PTPRS
红花,PYGL,红花,PYGL
红花,RORC,红花,RORC
红花,RXRA,红花,RXRA
红花,SAE1,红花,SAE1
红花,SHBG,红花,SHBG
红花,SLC28A1,红花,SLC28A1
红花,SLC28A2,红花,SLC28A2
红花,SLC28A3,红花,SLC28A3
红花,SLCO1B1,红花,SLCO1B1
红花,SLCO1B3,红花,SLCO1B3
红花,SLCO2B1,红花,SLCO2B1
红花,SOAT1,红花,SOAT1
红花,SRC,红花,SRC
红花,SYK,红花,SYK
红花,TERT,红花,TERT
红花,THRB,红花,THRB
红花,TLR2,红花,TLR2
红花,TOP2A,红花,TOP2A
红花,TTR,红花,TTR
红花,TYR,红花,TYR
红花,UGT1A1,红花,UGT1A1
红花,XDH,红花,XDH
红藤,AKR1B1,红藤,AKR1B1
红藤,AKR1B10,红藤,AKR1B10
红藤,ALOX15,红藤,ALOX15
红藤,ALOX5,红藤,ALOX5
红藤,ALPI,红藤,ALPI
红藤,ALPL,红藤,ALPL
红藤,AMY1A,红藤,AMY1A
红藤,APEX1,红藤,APEX1
红藤,APP,红藤,APP
红藤,BACE1,红藤,BACE1
红藤,BCL2,红藤,BCL2
红藤,CA1,红藤,CA1
红藤,CA12,红藤,CA12
红藤,CA13,红藤,CA13
红藤,CA14,红藤,CA14
红藤,CA2,红藤,CA2
红藤,CA3,红藤,CA3
红藤,CA4,红藤,CA4
红藤,CA5A,红藤,CA5A
红藤,CA5B,红藤,CA5B
红藤,CA6,红藤,CA6
红藤,CA7,红藤,CA7
红藤,CA9,红藤,CA9
红藤,CD38,红藤,CD38
红藤,CTSL,红藤,CTSL
红藤,CYP19A1,红藤,CYP19A1
红藤,CYP2D6,红藤,CYP2D6
红藤,CYP3A4,红藤,CYP3A4
红藤,DAPK1,红藤,DAPK1
红藤,DPP4,红藤,DPP4
红藤,EHMT2,红藤,EHMT2
红藤,ESR1,红藤,ESR1
红藤,F2,红藤,F2
红藤,FASN,红藤,FASN
红藤,GAA,红藤,GAA
红藤,HTR7,红藤,HTR7
红藤,IDH1,红藤,IDH1
红藤,KDM4E,红藤,KDM4E
红藤,MAPK1,红藤,MAPK1
红藤,MAPT,红藤,MAPT
红藤,MET,红藤,MET
红藤,MMP1,红藤,MMP1
红藤,MMP2,红藤,MMP2
红藤,MMP3,红藤,MMP3
红藤,MMP9,红藤,MMP9
红藤,NFKB1,红藤,NFKB1
红藤,POLB,红藤,POLB
红藤,PRKCA,红藤,PRKCA
红藤,UGT1A1,红藤,UGT1A1
细辛,ABCB1,细辛,ABCB1
细辛,ABCB11,细辛,ABCB11
细辛,ABCG2,细辛,ABCG2
细辛,ACHE,细辛,ACHE
细辛,ADORA2A,细辛,ADORA2A
细辛,ADORA3,细辛,ADORA3
细辛,ADRB1,细辛,ADRB1
细辛,ADRB2,细辛,ADRB2
细辛,AKR1B1,细辛,AKR1B1
细辛,AKT1,细辛,AKT1
细辛,ALK,细辛,ALK
细辛,ALOX12,细辛,ALOX12
细辛,ALOX15,细辛,ALOX15
细辛,AMY1A,细辛,AMY1A
细辛,AR,细辛,AR
细辛,AURKA,细辛,AURKA
细辛,AURKB,细辛,AURKB
细辛,AXL,细辛,AXL
细辛,BACE1,细辛,BACE1
细辛,BRAF,细辛,BRAF
细辛,CA1,细辛,CA1
细辛,CA12,细辛,CA12
细辛,CA14,细辛,CA14
细辛,CA2,细辛,CA2
细辛,CA3,细辛,CA3
细辛,CA4,细辛,CA4
细辛,CA5A,细辛,CA5A
细辛,CA5B,细辛,CA5B
细辛,CA6,细辛,CA6
细辛,CA7,细辛,CA7
细辛,CA9,细辛,CA9
细辛,CACNA1C,细辛,CACNA1C
细辛,CACNA1D,细辛,CACNA1D
细辛,CAMK2B,细辛,CAMK2B
细辛,CBR1,细辛,CBR1
细辛,CLK1,细辛,CLK1
细辛,CSNK1D,细辛,CSNK1D
细辛,CSNK2A1,细辛,CSNK2A1
细辛,CXCL8,细辛,CXCL8
细辛,CYP19A1,细辛,CYP19A1
细辛,CYP1A1,细辛,CYP1A1
细辛,CYP1A2,细辛,CYP1A2
细辛,CYP1B1,细辛,CYP1B1
细辛,CYP2A6,细辛,CYP2A6
细辛,CYP2C19,细辛,CYP2C19
细辛,CYP2C9,细辛,CYP2C9
细辛,CYP2D6,细辛,CYP2D6
细辛,CYP2J2,细辛,CYP2J2
细辛,CYP3A4,细辛,CYP3A4
细辛,DAPK1,细辛,DAPK1
细辛,DRD1,细辛,DRD1
细辛,DRD2,细辛,DRD2
细辛,DYRK1B,细辛,DYRK1B
细辛,EGFR,细辛,EGFR
细辛,EHMT2,细辛,EHMT2
细辛,EPHB4,细辛,EPHB4
细辛,ERBB2,细辛,ERBB2
细辛,ESR1,细辛,ESR1
细辛,ESR2,细辛,ESR2
细辛,FLT3,细辛,FLT3
细辛,FLT4,细辛,FLT4
细辛,FYN,细辛,FYN
细辛,GLO1,细辛,GLO1
细辛,GSK3B,细辛,GSK3B
细辛,HIF1A,细辛,HIF1A
细辛,HSD17B1,细辛,HSD17B1
细辛,HSD17B2,细辛,HSD17B2
细辛,IDH1,细辛,IDH1
细辛,IDO1,细辛,IDO1
细辛,IGF1R,细辛,IGF1R
细辛,INSR,细辛,INSR
细辛,JAK2,细辛,JAK2
细辛,KCNA5,细辛,KCNA5
细辛,KCNH2,细辛,KCNH2
细辛,KDM4E,细辛,KDM4E
细辛,KDR,细辛,KDR
细辛,KIT,细辛,KIT
细辛,KMT2A,细辛,KMT2A
细辛,LIMK1,细辛,LIMK1
细辛,MAP2K1,细辛,MAP2K1
细辛,MAPK1,细辛,MAPK1
细辛,MAPK14,细辛,MAPK14
细辛,MAPK9,细辛,MAPK9
细辛,MAPKAPK2,细辛,MAPKAPK2
细辛,MAPT,细辛,MAPT
细辛,MERTK,细辛,MERTK
细辛,MET,细辛,MET
细辛,MYLK,细辛,MYLK
细辛,NEK2,细辛,NEK2
细辛,NEK6,细辛,NEK6
细辛,NFKB1,细辛,NFKB1
细辛,NUAK1,细辛,NUAK1
细辛,PDE5A,细辛,PDE5A
细辛,PDGFRB,细辛,PDGFRB
细辛,PDPK1,细辛,PDPK1
细辛,PIK3CA,细辛,PIK3CA
细辛,PIM1,细辛,PIM1
细辛,PIM3,细辛,PIM3
细辛,PKN1,细辛,PKN1
细辛,PLK1,细辛,PLK1
细辛,PLK4,细辛,PLK4
细辛,PPARA,细辛,PPARA
细辛,PPARD,细辛,PPARD
细辛,PPARG,细辛,PPARG
细辛,PRKCD,细辛,PRKCD
细辛,PRKCE,细辛,PRKCE
细辛,PTK2,细辛,PTK2
细辛,PTK2B,细辛,PTK2B
细辛,PTPN1,细辛,PTPN1
细辛,RORC,细辛,RORC
细辛,SHBG,细辛,SHBG
细辛,SLC22A1,细辛,SLC22A1
细辛,SLCO1B1,细辛,SLCO1B1
细辛,SLCO1B3,细辛,SLCO1B3
细辛,SLCO2B1,细辛,SLCO2B1
细辛,SRC,细辛,SRC
细辛,SYK,细辛,SYK
细辛,TBXAS1,细辛,TBXAS1
细辛,TEK,细辛,TEK
细辛,TRPV1,细辛,TRPV1
细辛,TTR,细辛,TTR
细辛,UGT1A1,细辛,UGT1A1
肉桂,AKR1B1,肉桂,AKR1B1
肉桂,ALOX5,肉桂,ALOX5
肉桂,APP,肉桂,APP
肉桂,BACE1,肉桂,BACE1
肉桂,BCL2,肉桂,BCL2
肉桂,CA1,肉桂,CA1
肉桂,CA12,肉桂,CA12
肉桂,CA13,肉桂,CA13
肉桂,CA14,肉桂,CA14
肉桂,CA2,肉桂,CA2
肉桂,CA3,肉桂,CA3
肉桂,CA4,肉桂,CA4
肉桂,CA5A,肉桂,CA5A
肉桂,CA5B,肉桂,CA5B
肉桂,CA6,肉桂,CA6
肉桂,CA7,肉桂,CA7
肉桂,CA9,肉桂,CA9
肉桂,CTSL,肉桂,CTSL
肉桂,CXCL8,肉桂,CXCL8
肉桂,CYP19A1,肉桂,CYP19A1
肉桂,CYP3A4,肉桂,CYP3A4
肉桂,DAPK1,肉桂,DAPK1
肉桂,DHFR,肉桂,DHFR
肉桂,ESR1,肉桂,ESR1
肉桂,GAA,肉桂,GAA
肉桂,HCAR2,肉桂,HCAR2
肉桂,KDM4E,肉桂,KDM4E
肉桂,MAPK1,肉桂,MAPK1
肉桂,MAPT,肉桂,MAPT
肉桂,MMP1,肉桂,MMP1
肉桂,MMP2,肉桂,MMP2
肉桂,MMP3,肉桂,MMP3
肉桂,MMP9,肉桂,MMP9
肉桂,MPG,肉桂,MPG
肉桂,PDE5A,肉桂,PDE5A
肉桂,POLB,肉桂,POLB
肉桂,RORC,肉桂,RORC
肉桂,SLCO1B1,肉桂,SLCO1B1
肉桂,SLCO1B3,肉桂,SLCO1B3
肉桂,SLCO2B1,肉桂,SLCO2B1
肉桂,UGT1A1,肉桂,UGT1A1
肉桂,XPO1,肉桂,XPO1
芍药,ABCB11,芍药,ABCB11
芍药,AKR1B1,芍药,AKR1B1
芍药,AKT1,芍药,AKT1
芍药,ALOX12,芍药,ALOX12
芍药,ALOX15,芍药,ALOX15
芍药,ALOX5,芍药,ALOX5
芍药,AMY1A,芍药,AMY1A
芍药,APEX1,芍药,APEX1
芍药,AURKA,芍药,AURKA
芍药,AURKB,芍药,AURKB
芍药,BACE1,芍药,BACE1
芍药,BRAF,芍药,BRAF
芍药,CA1,芍药,CA1
芍药,CA12,芍药,CA12
芍药,CA13,芍药,CA13
芍药,CA14,芍药,CA14
芍药,CA2,芍药,CA2
芍药,CA3,芍药,CA3
芍药,CA4,芍药,CA4
芍药,CA5A,芍药,CA5A
芍药,CA5B,芍药,CA5B
芍药,CA6,芍药,CA6
芍药,CA7,芍药,CA7
芍药,CA9,芍药,CA9
芍药,CARM1,芍药,CARM1
芍药,CSNK2A1,芍药,CSNK2A1
芍药,CXCL8,芍药,CXCL8
芍药,CYP19A1,芍药,CYP19A1
芍药,CYP2C19,芍药,CYP2C19
芍药,CYP2C9,芍药,CYP2C9
芍药,CYP2D6,芍药,CYP2D6
芍药,CYP3A4,芍药,CYP3A4
芍药,DAO,芍药,DAO
芍药,DAPK1,芍药,DAPK1
芍药,DPP4,芍药,DPP4
芍药,DUSP3,芍药,DUSP3
芍药,DYRK1A,芍药,DYRK1A
芍药,EGFR,芍药,EGFR
芍药,EHMT2,芍药,EHMT2
芍药,EPHB4,芍药,EPHB4
芍药,EPHX2,芍药,EPHX2
芍药,ERBB2,芍药,ERBB2
芍药,ESR1,芍药,ESR1
芍药,F10,芍药,F10
芍药,F2,芍药,F2
芍药,F3,芍药,F3
芍药,FABP2,芍药,FABP2
芍药,FABP3,芍药,FABP3
芍药,FABP4,芍药,FABP4
芍药,FABP5,芍药,FABP5
芍药,FLT3,芍药,FLT3
芍药,FLT4,芍药,FLT4
芍药,FUT7,芍药,FUT7
芍药,GAA,芍药,GAA
芍药,GBA,芍药,GBA
芍药,GLO1,芍药,GLO1
芍药,GPR35,芍药,GPR35
芍药,GRK6,芍药,GRK6
芍药,GRM5,芍药,GRM5
芍药,GSK3B,芍药,GSK3B
芍药,GSTP1,芍药,GSTP1
芍药,HIF1A,芍药,HIF1A
芍药,HSD17B3,芍药,HSD17B3
芍药,HSPA1A,芍药,HSPA1A
芍药,HSPA8,芍药,HSPA8
芍药,HTR7,芍药,HTR7
芍药,IDH1,芍药,IDH1
芍药,IDO1,芍药,IDO1
芍药,IGF1R,芍药,IGF1R
芍药,INSR,芍药,INSR
芍药,KDM4E,芍药,KDM4E
芍药,KDR,芍药,KDR
芍药,KMT2A,芍药,KMT2A
芍药,MAP3K8,芍药,MAP3K8
芍药,MAPK1,芍药,MAPK1
芍药,MAPT,芍药,MAPT
芍药,MCL1,芍药,MCL1
芍药,MET,芍药,MET
芍药,MMP1,芍药,MMP1
芍药,MMP2,芍药,MMP2
芍药,MMP3,芍药,MMP3
芍药,MMP9,芍药,MMP9
芍药,NFKB1,芍药,NFKB1
芍药,NR1H4,芍药,NR1H4
芍药,NUAK1,芍药,NUAK1
芍药,PDGFRB,芍药,PDGFRB
芍药,PIM1,芍药,PIM1
芍药,PLK1,芍药,PLK1
芍药,PLK4,芍药,PLK4
芍药,POLB,芍药,POLB
芍药,PPARA,芍药,PPARA
芍药,PPARD,芍药,PPARD
芍药,PPARG,芍药,PPARG
芍药,PTGS1,芍药,PTGS1
芍药,PTK2,芍药,PTK2
芍药,PTPRS,芍药,PTPRS
芍药,RORC,芍药,RORC
芍药,SLCO1B1,芍药,SLCO1B1
芍药,SLCO1B3,芍药,SLCO1B3
芍药,SLCO2B1,芍药,SLCO2B1
芍药,SMAD3,芍药,SMAD3
芍药,SOAT1,芍药,SOAT1
芍药,SRC,芍药,SRC
芍药,TEK,芍药,TEK
芍药,TERT,芍药,TERT
芍药,THRB,芍药,THRB
芍药,TLR2,芍药,TLR2
芍药,TYR,芍药,TYR
芍药,UGT1A1,芍药,UGT1A1
芡实,ALOX15,芡实,ALOX15
芡实,CYP3A4,芡实,CYP3A4
芡实,MAPK1,芡实,MAPK1
芡实,NFKB1,芡实,NFKB1
芦根,AKR1B1,芦根,AKR1B1
芦根,AKR1B10,芦根,AKR1B10
芦根,AKR1C2,芦根,AKR1C2
芦根,AKR1C3,芦根,AKR1C3
芦根,AKR1C4,芦根,AKR1C4
芦根,ALOX15,芦根,ALOX15
芦根,CA1,芦根,CA1
芦根,CA12,芦根,CA12
芦根,CA14,芦根,CA14
芦根,CA2,芦根,CA2
芦根,CA3,芦根,CA3
芦根,CA4,芦根,CA4
芦根,CA5A,芦根,CA5A
芦根,CA5B,芦根,CA5B
芦根,CA6,芦根,CA6
芦根,CA7,芦根,CA7
芦根,CA9,芦根,CA9
芦根,CYP3A4,芦根,CYP3A4
芦根,DPP4,芦根,DPP4
芦根,ESR1,芦根,ESR1
芦根,ESR2,芦根,ESR2
芦根,HCAR2,芦根,HCAR2
芦根,IDO1,芦根,IDO1
芦根,MAPK1,芦根,MAPK1
芦根,NFKB1,芦根,NFKB1
芦根,NR1I2,芦根,NR1I2
芦根,TYR,芦根,TYR
芫花,ACHE,芫花,ACHE
芫花,AKR1B1,芫花,AKR1B1
芫花,AKR1B10,芫花,AKR1B10
芫花,ALOX12,芫花,ALOX12
芫花,ALOX15,芫花,ALOX15
芫花,ALOX5,芫花,ALOX5
芫花,AMY1A,芫花,AMY1A
芫花,APEX1,芫花,APEX1
芫花,APP,芫花,APP
芫花,AR,芫花,AR
芫花,BACE1,芫花,BACE1
芫花,BCHE,芫花,BCHE
芫花,BCL2,芫花,BCL2
芫花,BCL2L1,芫花,BCL2L1
芫花,CA1,芫花,CA1
芫花,CA12,芫花,CA12
芫花,CA2,芫花,CA2
芫花,CA4,芫花,CA4
芫花,CA7,芫花,CA7
芫花,CD38,芫花,CD38
芫花,CDK6,芫花,CDK6
芫花,CSNK2A1,芫花,CSNK2A1
芫花,CXCL8,芫花,CXCL8
芫花,CYP19A1,芫花,CYP19A1
芫花,CYP1A1,芫花,CYP1A1
芫花,CYP1A2,芫花,CYP1A2
芫花,CYP1B1,芫花,CYP1B1
芫花,CYP2C19,芫花,CYP2C19
芫花,CYP2C9,芫花,CYP2C9
芫花,CYP2D6,芫花,CYP2D6
芫花,CYP3A4,芫花,CYP3A4
芫花,DAO,芫花,DAO
芫花,DAPK1,芫花,DAPK1
芫花,DPP4,芫花,DPP4
芫花,EGFR,芫花,EGFR
芫花,EHMT2,芫花,EHMT2
芫花,ESR1,芫花,ESR1
芫花,ESRRA,芫花,ESRRA
芫花,FASN,芫花,FASN
芫花,FLT3,芫花,FLT3
芫花,GAA,芫花,GAA
芫花,GBA,芫花,GBA
芫花,GLO1,芫花,GLO1
芫花,GPR35,芫花,GPR35
芫花,GRM5,芫花,GRM5
芫花,GSK3B,芫花,GSK3B
芫花,HIF1A,芫花,HIF1A
芫花,HSD17B1,芫花,HSD17B1
芫花,HSD17B2,芫花,HSD17B2
芫花,IDH1,芫花,IDH1
芫花,INSR,芫花,INSR
芫花,KDM4E,芫花,KDM4E
芫花,MAPK1,芫花,MAPK1
芫花,MAPT,芫花,MAPT
芫花,MMP12,芫花,MMP12
芫花,MMP13,芫花,MMP13
芫花,MMP2,芫花,MMP2
芫花,MMP3,芫花,MMP3
芫花,MMP9,芫花,MMP9
芫花,MPG,芫花,MPG
芫花,NFKB1,芫花,NFKB1
芫花,PARP1,芫花,PARP1
芫花,PDE5A,芫花,PDE5A
芫花,PIM1,芫花,PIM1
芫花,PLG,芫花,PLG
芫花,POLB,芫花,POLB
芫花,PPARA,芫花,PPARA
芫花,PPARD,芫花,PPARD
芫花,PPARG,芫花,PPARG
芫花,PTGS1,芫花,PTGS1
芫花,PTGS2,芫花,PTGS2
芫花,PTPN1,芫花,PTPN1
芫花,PTPRS,芫花,PTPRS
芫花,RORC,芫花,RORC
芫花,SYK,芫花,SYK
芫花,THRB,芫花,THRB
芫花,TNKS,芫花,TNKS
芫花,TNKS2,芫花,TNKS2
芫花,TOP1,芫花,TOP1
芫花,TOP2A,芫花,TOP2A
芫花,TTR,芫花,TTR
芫花,TYR,芫花,TYR
芫花,UGT1A1,芫花,UGT1A1
芫花,XDH,芫花,XDH
苍术,ABCB1,苍术,ABCB1
苍术,ACHE,苍术,ACHE
苍术,ADORA1,苍术,ADORA1
苍术,ADORA2A,苍术,ADORA2A
苍术,ADORA2B,苍术,ADORA2B
苍术,ADORA3,苍术,ADORA3
苍术,ADRB2,苍术,ADRB2
苍术,AKR1B1,苍术,AKR1B1
苍术,AKR1B10,苍术,AKR1B10
苍术,ALOX12,苍术,ALOX12
苍术,ALOX15,苍术,ALOX15
苍术,ALOX5,苍术,ALOX5
苍术,AMY1A,苍术,AMY1A
苍术,APP,苍术,APP
苍术,BACE1,苍术,BACE1
苍术,BCHE,苍术,BCHE
苍术,BCL2,苍术,BCL2
苍术,BCL2L1,苍术,BCL2L1
苍术,CA1,苍术,CA1
苍术,CA12,苍术,CA12
苍术,CA13,苍术,CA13
苍术,CA14,苍术,CA14
苍术,CA2,苍术,CA2
苍术,CA3,苍术,CA3
苍术,CA4,苍术,CA4
苍术,CA5A,苍术,CA5A
苍术,CA5B,苍术,CA5B
苍术,CA6,苍术,CA6
苍术,CA7,苍术,CA7
苍术,CA9,苍术,CA9
苍术,CD38,苍术,CD38
苍术,CDK6,苍术,CDK6
苍术,CXCL8,苍术,CXCL8
苍术,CYP19A1,苍术,CYP19A1
苍术,CYP1A1,苍术,CYP1A1
苍术,CYP1A2,苍术,CYP1A2
苍术,CYP1B1,苍术,CYP1B1
苍术,CYP2A6,苍术,CYP2A6
苍术,CYP2C19,苍术,CYP2C19
苍术,CYP2C9,苍术,CYP2C9
苍术,CYP2D6,苍术,CYP2D6
苍术,CYP3A4,苍术,CYP3A4
苍术,DAPK1,苍术,DAPK1
苍术,DPP4,苍术,DPP4
苍术,DUSP3,苍术,DUSP3
苍术,EGFR,苍术,EGFR
苍术,EHMT2,苍术,EHMT2
苍术,ERBB2,苍术,ERBB2
苍术,ESR1,苍术,ESR1
苍术,F3,苍术,F3
苍术,FABP2,苍术,FABP2
苍术,FABP3,苍术,FABP3
苍术,FABP4,苍术,FABP4
苍术,FABP5,苍术,FABP5
苍术,FASN,苍术,FASN
苍术,FLT3,苍术,FLT3
苍术,GAA,苍术,GAA
苍术,GBA,苍术,GBA
苍术,GLO1,苍术,GLO1
苍术,GPR35,苍术,GPR35
苍术,GSK3B,苍术,GSK3B
苍术,HIF1A,苍术,HIF1A
苍术,HSPA8,苍术,HSPA8
苍术,HTR7,苍术,HTR7
苍术,IDH1,苍术,IDH1
苍术,IDO1,苍术,IDO1
苍术,KCNH2,苍术,KCNH2
苍术,KDM4E,苍术,KDM4E
苍术,KMT2A,苍术,KMT2A
苍术,MAOA,苍术,MAOA
苍术,MAOB,苍术,MAOB
苍术,MAPK1,苍术,MAPK1
苍术,MAPT,苍术,MAPT
苍术,MMP1,苍术,MMP1
苍术,MMP12,苍术,MMP12
苍术,MMP13,苍术,MMP13
苍术,MMP2,苍术,MMP2
苍术,MMP3,苍术,MMP3
苍术,MMP9,苍术,MMP9
苍术,NFKB1,苍术,NFKB1
苍术,NR1H4,苍术,NR1H4
苍术,PARP1,苍术,PARP1
苍术,PIM1,苍术,PIM1
苍术,PLG,苍术,PLG
苍术,PNP,苍术,PNP
苍术,POLB,苍术,POLB
苍术,PPARA,苍术,PPARA
苍术,PPARD,苍术,PPARD
苍术,PPARG,苍术,PPARG
苍术,PTGS2,苍术,PTGS2
苍术,RORB,苍术,RORB
苍术,RORC,苍术,RORC
苍术,SLC28A1,苍术,SLC28A1
苍术,SLC28A2,苍术,SLC28A2
苍术,SLC28A3,苍术,SLC28A3
苍术,SOAT1,苍术,SOAT1
苍术,STAT3,苍术,STAT3
苍术,SYK,苍术,SYK
苍术,TERT,苍术,TERT
苍术,THRB,苍术,THRB
苍术,TLR2,苍术,TLR2
苍术,TNKS,苍术,TNKS
苍术,TNKS2,苍术,TNKS2
苍术,TOP1,苍术,TOP1
苍术,TOP2A,苍术,TOP2A
苍术,TTR,苍术,TTR
苍术,UGT1A1,苍术,UGT1A1
苍术,XDH,苍术,XDH
苍术,XPO1,苍术,XPO1
苍耳子,APP,苍耳子,APP
苍耳子,IDH1,苍耳子,IDH1
苍耳子,IDO1,苍耳子,IDO1
苦地丁,ALOX12,苦地丁,ALOX12
苦地丁,ALOX15,苦地丁,ALOX15
苦地丁,CYP2C19,苦地丁,CYP2C19
苦地丁,CYP2C9,苦地丁,CYP2C9
苦地丁,CYP2D6,苦地丁,CYP2D6
苦地丁,CYP3A4,苦地丁,CYP3A4
苦地丁,DRD1,苦地丁,DRD1
苦地丁,DRD2,苦地丁,DRD2
苦地丁,EHMT2,苦地丁,EHMT2
苦地丁,HIF1A,苦地丁,HIF1A
苦地丁,HTR1A,苦地丁,HTR1A
苦地丁,HTR2A,苦地丁,HTR2A
苦地丁,KDM4E,苦地丁,KDM4E
苦地丁,MAPK1,苦地丁,MAPK1
苦地丁,MAPT,苦地丁,MAPT
苦地丁,NFKB1,苦地丁,NFKB1
苦地丁,SLCO1B1,苦地丁,SLCO1B1
苦地丁,SLCO1B3,苦地丁,SLCO1B3
苦地丁,SLCO2B1,苦地丁,SLCO2B1
苦杏仁,UGT1A1,苦杏仁,UGT1A1
茯苓,AKR1B1,茯苓,AKR1B1
茯苓,AKT1,茯苓,AKT1
茯苓,ALOX15,茯苓,ALOX15
茯苓,ALOX5,茯苓,ALOX5
茯苓,AMY1A,茯苓,AMY1A
茯苓,APEX1,茯苓,APEX1
茯苓,BACE1,茯苓,BACE1
茯苓,BCL2,茯苓,BCL2
茯苓,CA1,茯苓,CA1
茯苓,CA12,茯苓,CA12
茯苓,CA13,茯苓,CA13
茯苓,CA14,茯苓,CA14
茯苓,CA2,茯苓,CA2
茯苓,CA3,茯苓,CA3
茯苓,CA4,茯苓,CA4
茯苓,CA5A,茯苓,CA5A
茯苓,CA5B,茯苓,CA5B
茯苓,CA6,茯苓,CA6
茯苓,CA7,茯苓,CA7
茯苓,CA9,茯苓,CA9
茯苓,CD38,茯苓,CD38
茯苓,CTSL,茯苓,CTSL
茯苓,CXCL8,茯苓,CXCL8
茯苓,CYP19A1,茯苓,CYP19A1
茯苓,ESR1,茯苓,ESR1
茯苓,FABP2,茯苓,FABP2
茯苓,FABP3,茯苓,FABP3
茯苓,FABP4,茯苓,FABP4
茯苓,FABP5,茯苓,FABP5
茯苓,GAA,茯苓,GAA
茯苓,GSK3B,茯苓,GSK3B
茯苓,HSP90AB1,茯苓,HSP90AB1
茯苓,HTR7,茯苓,HTR7
茯苓,KDM4E,茯苓,KDM4E
茯苓,MAP2K1,茯苓,MAP2K1
茯苓,MAPK1,茯苓,MAPK1
茯苓,MAPK14,茯苓,MAPK14
茯苓,MAPK9,茯苓,MAPK9
茯苓,MAPT,茯苓,MAPT
茯苓,MET,茯苓,MET
茯苓,MMP1,茯苓,MMP1
茯苓,MMP2,茯苓,MMP2
茯苓,MMP3,茯苓,MMP3
茯苓,MMP9,茯苓,MMP9
茯苓,POLB,茯苓,POLB
茯苓,PPARA,茯苓,PPARA
茯苓,PPARD,茯苓,PPARD
茯苓,PPARG,茯苓,PPARG
茯苓,PRKCA,茯苓,PRKCA
茯苓,RORC,茯苓,RORC
茯苓,TLR2,茯苓,TLR2
茯苓,UGT1A1,茯苓,UGT1A1
茯苓,XDH,茯苓,XDH
茵陈,ABCC1,茵陈,ABCC1
茵陈,ABCG2,茵陈,ABCG2
茵陈,ACHE,茵陈,ACHE
茵陈,ADORA3,茵陈,ADORA3
茵陈,AKR1B1,茵陈,AKR1B1
茵陈,AKR1B10,茵陈,AKR1B10
茵陈,AKR1C2,茵陈,AKR1C2
茵陈,AKR1C3,茵陈,AKR1C3
茵陈,AKR1C4,茵陈,AKR1C4
茵陈,AKT1,茵陈,AKT1
茵陈,ALK,茵陈,ALK
茵陈,ALOX12,茵陈,ALOX12
茵陈,ALOX15,茵陈,ALOX15
茵陈,ALOX5,茵陈,ALOX5
茵陈,ALPI,茵陈,ALPI
茵陈,ALPL,茵陈,ALPL
茵陈,AMY1A,茵陈,AMY1A
茵陈,APEX1,茵陈,APEX1
茵陈,APP,茵陈,APP
茵陈,AR,茵陈,AR
茵陈,AURKB,茵陈,AURKB
茵陈,AVPR2,茵陈,AVPR2
茵陈,AXL,茵陈,AXL
茵陈,BACE1,茵陈,BACE1
茵陈,BCHE,茵陈,BCHE
茵陈,BCL2L1,茵陈,BCL2L1
茵陈,CA1,茵陈,CA1
茵陈,CA12,茵陈,CA12
茵陈,CA13,茵陈,CA13
茵陈,CA14,茵陈,CA14
茵陈,CA2,茵陈,CA2
茵陈,CA3,茵陈,CA3
茵陈,CA4,茵陈,CA4
茵陈,CA5A,茵陈,CA5A
茵陈,CA5B,茵陈,CA5B
茵陈,CA6,茵陈,CA6
茵陈,CA7,茵陈,CA7
茵陈,CA9,茵陈,CA9
茵陈,CAMK2B,茵陈,CAMK2B
茵陈,CCR4,茵陈,CCR4
茵陈,CD38,茵陈,CD38
茵陈,CDC25B,茵陈,CDC25B
茵陈,CDK6,茵陈,CDK6
茵陈,CNR1,茵陈,CNR1
茵陈,CNR2,茵陈,CNR2
茵陈,CXCL8,茵陈,CXCL8
茵陈,CXCR1,茵陈,CXCR1
茵陈,CYP19A1,茵陈,CYP19A1
茵陈,CYP1A1,茵陈,CYP1A1
茵陈,CYP1A2,茵陈,CYP1A2
茵陈,CYP1B1,茵陈,CYP1B1
茵陈,CYP2A6,茵陈,CYP2A6
茵陈,CYP2C19,茵陈,CYP2C19
茵陈,CYP2C8,茵陈,CYP2C8
茵陈,CYP2C9,茵陈,CYP2C9
茵陈,CYP2D6,茵陈,CYP2D6
茵陈,CYP2J2,茵陈,CYP2J2
茵陈,CYP3A4,茵陈,CYP3A4
茵陈,DAPK1,茵陈,DAPK1
茵陈,DPP4,茵陈,DPP4
茵陈,DRD1,茵陈,DRD1
茵陈,DUSP3,茵陈,DUSP3
茵陈,EGFR,茵陈,EGFR
茵陈,EHMT2,茵陈,EHMT2
茵陈,EPHX2,茵陈,EPHX2
茵陈,ESR1,茵陈,ESR1
茵陈,F2,茵陈,F2
茵陈,F3,茵陈,F3
茵陈,FABP2,茵陈,FABP2
茵陈,FABP3,茵陈,FABP3
茵陈,FABP4,茵陈,FABP4
茵陈,FABP5,茵陈,FABP5
茵陈,FLT3,茵陈,FLT3
茵陈,GAA,茵陈,GAA
茵陈,GBA,茵陈,GBA
茵陈,GLO1,茵陈,GLO1
茵陈,GPR35,茵陈,GPR35
茵陈,GSK3B,茵陈,GSK3B
茵陈,HCAR2,茵陈,HCAR2
茵陈,HIF1A,茵陈,HIF1A
茵陈,HSD11B1,茵陈,HSD11B1
茵陈,HSD17B1,茵陈,HSD17B1
茵陈,HSD17B2,茵陈,HSD17B2
茵陈,HSD17B3,茵陈,HSD17B3
茵陈,HTR1A,茵陈,HTR1A
茵陈,HTR7,茵陈,HTR7
茵陈,IDH1,茵陈,IDH1
茵陈,IDO1,茵陈,IDO1
茵陈,IGF1R,茵陈,IGF1R
茵陈,KDM4E,茵陈,KDM4E
茵陈,KDR,茵陈,KDR
茵陈,KIT,茵陈,KIT
茵陈,KMT2A,茵陈,KMT2A
茵陈,MAP2K1,茵陈,MAP2K1
茵陈,MAPK1,茵陈,MAPK1
茵陈,MAPK14,茵陈,MAPK14
茵陈,MAPKAPK2,茵陈,MAPKAPK2
茵陈,MAPT,茵陈,MAPT
茵陈,MET,茵陈,MET
茵陈,MMP1,茵陈,MMP1
茵陈,MMP12,茵陈,MMP12
茵陈,MMP13,茵陈,MMP13
茵陈,MMP2,茵陈,MMP2
茵陈,MMP3,茵陈,MMP3
茵陈,MMP9,茵陈,MMP9
茵陈,MPG,茵陈,MPG
茵陈,NEK2,茵陈,NEK2
茵陈,NEK6,茵陈,NEK6
茵陈,NFKB1,茵陈,NFKB1
茵陈,NR1I2,茵陈,NR1I2
茵陈,NUAK1,茵陈,NUAK1
茵陈,OPRD1,茵陈,OPRD1
茵陈,OPRM1,茵陈,OPRM1
茵陈,PDE5A,茵陈,PDE5A
茵陈,PIK3CG,茵陈,PIK3CG
茵陈,PIM1,茵陈,PIM1
茵陈,PKN1,茵陈,PKN1
茵陈,PLG,茵陈,PLG
茵陈,PLK1,茵陈,PLK1
茵陈,POLB,茵陈,POLB
茵陈,PPARA,茵陈,PPARA
茵陈,PPARD,茵陈,PPARD
茵陈,PPARG,茵陈,PPARG
茵陈,PRKCA,茵陈,PRKCA
茵陈,PTGS1,茵陈,PTGS1
茵陈,PTGS2,茵陈,PTGS2
茵陈,PTK2,茵陈,PTK2
茵陈,PTK2B,茵陈,PTK2B
茵陈,PTPN1,茵陈,PTPN1
茵陈,PTPN11,茵陈,PTPN11
茵陈,PTPN2,茵陈,PTPN2
茵陈,PTPN6,茵陈,PTPN6
茵陈,PTPRF,茵陈,PTPRF
茵陈,PYGL,茵陈,PYGL
茵陈,RELA,茵陈,RELA
茵陈,RORC,茵陈,RORC
茵陈,SLCO1B1,茵陈,SLCO1B1
茵陈,SLCO1B3,茵陈,SLCO1B3
茵陈,SLCO2B1,茵陈,SLCO2B1
茵陈,SOAT1,茵陈,SOAT1
茵陈,SRC,茵陈,SRC
茵陈,SYK,茵陈,SYK
茵陈,TERT,茵陈,TERT
茵陈,THRB,茵陈,THRB
茵陈,TLR2,茵陈,TLR2
茵陈,TOP2A,茵陈,TOP2A
茵陈,TRPV1,茵陈,TRPV1
茵陈,TTR,茵陈,TTR
茵陈,TYR,茵陈,TYR
茵陈,UGT1A1,茵陈,UGT1A1
茵陈,XDH,茵陈,XDH
茵陈,XPO1,茵陈,XPO1
荆芥,ACHE,荆芥,ACHE
荆芥,ACP1,荆芥,ACP1
荆芥,AKR1B1,荆芥,AKR1B1
荆芥,AKR1B10,荆芥,AKR1B10
荆芥,ALOX12,荆芥,ALOX12
荆芥,ALOX15,荆芥,ALOX15
荆芥,ALOX5,荆芥,ALOX5
荆芥,AMY1A,荆芥,AMY1A
荆芥,APEX1,荆芥,APEX1
荆芥,APP,荆芥,APP
荆芥,AR,荆芥,AR
荆芥,BACE1,荆芥,BACE1
荆芥,BCHE,荆芥,BCHE
荆芥,BCL2,荆芥,BCL2
荆芥,BCL2L1,荆芥,BCL2L1
荆芥,CA1,荆芥,CA1
荆芥,CA12,荆芥,CA12
荆芥,CA2,荆芥,CA2
荆芥,CA4,荆芥,CA4
荆芥,CA7,荆芥,CA7
荆芥,CD38,荆芥,CD38
荆芥,CDK6,荆芥,CDK6
荆芥,CNR1,荆芥,CNR1
荆芥,CNR2,荆芥,CNR2
荆芥,CSNK2A1,荆芥,CSNK2A1
荆芥,CTSD,荆芥,CTSD
荆芥,CXCL8,荆芥,CXCL8
荆芥,CYP19A1,荆芥,CYP19A1
荆芥,CYP1A1,荆芥,CYP1A1
荆芥,CYP1A2,荆芥,CYP1A2
荆芥,CYP1B1,荆芥,CYP1B1
荆芥,CYP2A13,荆芥,CYP2A13
荆芥,CYP2A6,荆芥,CYP2A6
荆芥,CYP2C19,荆芥,CYP2C19
荆芥,CYP2C9,荆芥,CYP2C9
荆芥,CYP2D6,荆芥,CYP2D6
荆芥,CYP3A4,荆芥,CYP3A4
荆芥,DAPK1,荆芥,DAPK1
荆芥,EGFR,荆芥,EGFR
荆芥,EHMT2,荆芥,EHMT2
荆芥,FASN,荆芥,FASN
荆芥,FLT3,荆芥,FLT3
荆芥,GAA,荆芥,GAA
荆芥,GBA,荆芥,GBA
荆芥,GLO1,荆芥,GLO1
荆芥,GPR35,荆芥,GPR35
荆芥,GSK3B,荆芥,GSK3B
荆芥,HIF1A,荆芥,HIF1A
荆芥,HSD11B1,荆芥,HSD11B1
荆芥,HSD17B1,荆芥,HSD17B1
荆芥,HSD17B2,荆芥,HSD17B2
荆芥,IDH1,荆芥,IDH1
荆芥,INSR,荆芥,INSR
荆芥,KDM4E,荆芥,KDM4E
荆芥,KIT,荆芥,KIT
荆芥,MAPK1,荆芥,MAPK1
荆芥,MAPT,荆芥,MAPT
荆芥,MMP12,荆芥,MMP12
荆芥,MMP13,荆芥,MMP13
荆芥,MMP2,荆芥,MMP2
荆芥,MMP3,荆芥,MMP3
荆芥,MMP9,荆芥,MMP9
荆芥,NFKB1,荆芥,NFKB1
荆芥,NR1H4,荆芥,NR1H4
荆芥,OPRD1,荆芥,OPRD1
荆芥,OPRM1,荆芥,OPRM1
荆芥,PARP1,荆芥,PARP1
荆芥,PDE5A,荆芥,PDE5A
荆芥,PIM1,荆芥,PIM1
荆芥,PLG,荆芥,PLG
荆芥,POLB,荆芥,POLB
荆芥,PPARA,荆芥,PPARA
荆芥,PPARD,荆芥,PPARD
荆芥,PPARG,荆芥,PPARG
荆芥,PTPN1,荆芥,PTPN1
荆芥,PTPN2,荆芥,PTPN2
荆芥,PTPN6,荆芥,PTPN6
荆芥,PTPRF,荆芥,PTPRF
荆芥,RORC,荆芥,RORC
荆芥,SYK,荆芥,SYK
荆芥,THRB,荆芥,THRB
荆芥,TNKS,荆芥,TNKS
荆芥,TNKS2,荆芥,TNKS2
荆芥,TOP1,荆芥,TOP1
荆芥,TOP2A,荆芥,TOP2A
荆芥,TTR,荆芥,TTR
荆芥,UGT1A1,荆芥,UGT1A1
荆芥,XDH,荆芥,XDH
莱菔子,ALOX15,莱菔子,ALOX15
莱菔子,APP,莱菔子,APP
莱菔子,CA1,莱菔子,CA1
莱菔子,CA12,莱菔子,CA12
莱菔子,CA14,莱菔子,CA14
莱菔子,CA2,莱菔子,CA2
莱菔子,CA3,莱菔子,CA3
莱菔子,CA4,莱菔子,CA4
莱菔子,CA5A,莱菔子,CA5A
莱菔子,CA5B,莱菔子,CA5B
莱菔子,CA6,莱菔子,CA6
莱菔子,CA7,莱菔子,CA7
莱菔子,CA9,莱菔子,CA9
莱菔子,CYP19A1,莱菔子,CYP19A1
莱菔子,CYP3A4,莱菔子,CYP3A4
莱菔子,DUSP3,莱菔子,DUSP3
莱菔子,EGFR,莱菔子,EGFR
莱菔子,EHMT2,莱菔子,EHMT2
莱菔子,ESR1,莱菔子,ESR1
莱菔子,F3,莱菔子,F3
莱菔子,FABP2,莱菔子,FABP2
莱菔子,FABP3,莱菔子,FABP3
莱菔子,FABP4,莱菔子,FABP4
莱菔子,FABP5,莱菔子,FABP5
莱菔子,FASN,莱菔子,FASN
莱菔子,HCAR2,莱菔子,HCAR2
莱菔子,HTR7,莱菔子,HTR7
莱菔子,KCNH2,莱菔子,KCNH2
莱菔子,KDM4E,莱菔子,KDM4E
莱菔子,KMT2A,莱菔子,KMT2A
莱菔子,MAOA,莱菔子,MAOA
莱菔子,MAOB,莱菔子,MAOB
莱菔子,MAPT,莱菔子,MAPT
莱菔子,MIF,莱菔子,MIF
莱菔子,NFKB1,莱菔子,NFKB1
莱菔子,NQO1,莱菔子,NQO1
莱菔子,NR1I2,莱菔子,NR1I2
莱菔子,PPARA,莱菔子,PPARA
莱菔子,PPARD,莱菔子,PPARD
莱菔子,PPARG,莱菔子,PPARG
莱菔子,PTGS1,莱菔子,PTGS1
莱菔子,PTGS2,莱菔子,PTGS2
莱菔子,RORC,莱菔子,RORC
莱菔子,SOAT1,莱菔子,SOAT1
莱菔子,TERT,莱菔子,TERT
莱菔子,TLR2,莱菔子,TLR2
莱菔子,TYR,莱菔子,TYR
莱菔子,UGT1A1,莱菔子,UGT1A1
菊花,ABCC1,菊花,ABCC1
菊花,ABCG2,菊花,ABCG2
菊花,ACHE,菊花,ACHE
菊花,ADORA2A,菊花,ADORA2A
菊花,ADORA3,菊花,ADORA3
菊花,AKR1B1,菊花,AKR1B1
菊花,AKR1B10,菊花,AKR1B10
菊花,AKT1,菊花,AKT1
菊花,ALK,菊花,ALK
菊花,ALOX12,菊花,ALOX12
菊花,ALOX15,菊花,ALOX15
菊花,ALOX5,菊花,ALOX5
菊花,ALPI,菊花,ALPI
菊花,ALPL,菊花,ALPL
菊花,AMY1A,菊花,AMY1A
菊花,APEX1,菊花,APEX1
菊花,APOBEC3G,菊花,APOBEC3G
菊花,APP,菊花,APP
菊花,AR,菊花,AR
菊花,AURKB,菊花,AURKB
菊花,AVPR2,菊花,AVPR2
菊花,AXL,菊花,AXL
菊花,BACE1,菊花,BACE1
菊花,BBOX1,菊花,BBOX1
菊花,BCHE,菊花,BCHE
菊花,BCL2,菊花,BCL2
菊花,BCL2L1,菊花,BCL2L1
菊花,CA1,菊花,CA1
菊花,CA12,菊花,CA12
菊花,CA14,菊花,CA14
菊花,CA2,菊花,CA2
菊花,CA3,菊花,CA3
菊花,CA4,菊花,CA4
菊花,CA5A,菊花,CA5A
菊花,CA5B,菊花,CA5B
菊花,CA6,菊花,CA6
菊花,CA7,菊花,CA7
菊花,CA9,菊花,CA9
菊花,CAMK2B,菊花,CAMK2B
菊花,CBR1,菊花,CBR1
菊花,CCR4,菊花,CCR4
菊花,CD38,菊花,CD38
菊花,CDK6,菊花,CDK6
菊花,CSNK2A1,菊花,CSNK2A1
菊花,CXCL8,菊花,CXCL8
菊花,CXCR1,菊花,CXCR1
菊花,CYP19A1,菊花,CYP19A1
菊花,CYP1A1,菊花,CYP1A1
菊花,CYP1A2,菊花,CYP1A2
菊花,CYP1B1,菊花,CYP1B1
菊花,CYP2A6,菊花,CYP2A6
菊花,CYP2B6,菊花,CYP2B6
菊花,CYP2C19,菊花,CYP2C19
菊花,CYP2C8,菊花,CYP2C8
菊花,CYP2C9,菊花,CYP2C9
菊花,CYP2D6,菊花,CYP2D6
菊花,CYP2J2,菊花,CYP2J2
菊花,CYP3A4,菊花,CYP3A4
菊花,DAPK1,菊花,DAPK1
菊花,DPP4,菊花,DPP4
菊花,DRD1,菊花,DRD1
菊花,EGFR,菊花,EGFR
菊花,EGLN1,菊花,EGLN1
菊花,EHMT2,菊花,EHMT2
菊花,EPHX2,菊花,EPHX2
菊花,ESR1,菊花,ESR1
菊花,ESR2,菊花,ESR2
菊花,F2,菊花,F2
菊花,FASN,菊花,FASN
菊花,FLT3,菊花,FLT3
菊花,GAA,菊花,GAA
菊花,GBA,菊花,GBA
菊花,GLO1,菊花,GLO1
菊花,GPR35,菊花,GPR35
菊花,GSK3B,菊花,GSK3B
菊花,HIF1A,菊花,HIF1A
菊花,HSD11B1,菊花,HSD11B1
菊花,HSD17B1,菊花,HSD17B1
菊花,HSD17B2,菊花,HSD17B2
菊花,HSP90AB1,菊花,HSP90AB1
菊花,HTR1A,菊花,HTR1A
菊花,HTR7,菊花,HTR7
菊花,IDH1,菊花,IDH1
菊花,IGF1R,菊花,IGF1R
菊花,INSR,菊花,INSR
菊花,KDM2A,菊花,KDM2A
菊花,KDM4E,菊花,KDM4E
菊花,KDM5C,菊花,KDM5C
菊花,KDM7A,菊花,KDM7A
菊花,KDR,菊花,KDR
菊花,KMT2A,菊花,KMT2A
菊花,MAOA,菊花,MAOA
菊花,MAOB,菊花,MAOB
菊花,MAP2K1,菊花,MAP2K1
菊花,MAPK1,菊花,MAPK1
菊花,MAPK14,菊花,MAPK14
菊花,MAPK9,菊花,MAPK9
菊花,MAPKAPK2,菊花,MAPKAPK2
菊花,MAPT,菊花,MAPT
菊花,MCL1,菊花,MCL1
菊花,MET,菊花,MET
菊花,MMP1,菊花,MMP1
菊花,MMP12,菊花,MMP12
菊花,MMP13,菊花,MMP13
菊花,MMP2,菊花,MMP2
菊花,MMP3,菊花,MMP3
菊花,MMP9,菊花,MMP9
菊花,MPG,菊花,MPG
菊花,NEK2,菊花,NEK2
菊花,NEK6,菊花,NEK6
菊花,NFKB1,菊花,NFKB1
菊花,NUAK1,菊花,NUAK1
菊花,PARP1,菊花,PARP1
菊花,PDE5A,菊花,PDE5A
菊花,PHF8,菊花,PHF8
菊花,PIK3CG,菊花,PIK3CG
菊花,PIM1,菊花,PIM1
菊花,PKN1,菊花,PKN1
菊花,PLG,菊花,PLG
菊花,PLK1,菊花,PLK1
菊花,POLB,菊花,POLB
菊花,PPARA,菊花,PPARA
菊花,PPARD,菊花,PPARD
菊花,PPARG,菊花,PPARG
菊花,PRKCA,菊花,PRKCA
菊花,PTGS2,菊花,PTGS2
菊花,PTK2,菊花,PTK2
菊花,PTPN1,菊花,PTPN1
菊花,PTPRS,菊花,PTPRS
菊花,PYGL,菊花,PYGL
菊花,RORC,菊花,RORC
菊花,SHBG,菊花,SHBG
菊花,SLC22A12,菊花,SLC22A12
菊花,SLC28A3,菊花,SLC28A3
菊花,SLCO1B1,菊花,SLCO1B1
菊花,SLCO1B3,菊花,SLCO1B3
菊花,SLCO2B1,菊花,SLCO2B1
菊花,SRC,菊花,SRC
菊花,SYK,菊花,SYK
菊花,TERT,菊花,TERT
菊花,THRB,菊花,THRB
菊花,TNKS,菊花,TNKS
菊花,TNKS2,菊花,TNKS2
菊花,TOP1,菊花,TOP1
菊花,TOP2A,菊花,TOP2A
菊花,TTR,菊花,TTR
菊花,UGT1A1,菊花,UGT1A1
菊花,XDH,菊花,XDH
葛根,ACHE,葛根,ACHE
葛根,AKR1B1,葛根,AKR1B1
葛根,AKR1B10,葛根,AKR1B10
葛根,AKT1,葛根,AKT1
葛根,ALOX15,葛根,ALOX15
葛根,AMY1A,葛根,AMY1A
葛根,AOX1,葛根,AOX1
葛根,AR,葛根,AR
葛根,BACE1,葛根,BACE1
葛根,CA1,葛根,CA1
葛根,CA12,葛根,CA12
葛根,CA2,葛根,CA2
葛根,CA4,葛根,CA4
葛根,CA7,葛根,CA7
葛根,CYP19A1,葛根,CYP19A1
葛根,CYP1A1,葛根,CYP1A1
葛根,CYP2C19,葛根,CYP2C19
葛根,CYP2C9,葛根,CYP2C9
葛根,CYP2D6,葛根,CYP2D6
葛根,CYP3A4,葛根,CYP3A4
葛根,DAPK1,葛根,DAPK1
葛根,DNMT1,葛根,DNMT1
葛根,EGFR,葛根,EGFR
葛根,EHMT2,葛根,EHMT2
葛根,ESR1,葛根,ESR1
葛根,ESR2,葛根,ESR2
葛根,ESRRA,葛根,ESRRA
葛根,ESRRB,葛根,ESRRB
葛根,FYN,葛根,FYN
葛根,GAA,葛根,GAA
葛根,GBA,葛根,GBA
葛根,HIF1A,葛根,HIF1A
葛根,HSD17B1,葛根,HSD17B1
葛根,HSD17B2,葛根,HSD17B2
葛根,KDM4E,葛根,KDM4E
葛根,MAPK1,葛根,MAPK1
葛根,MAPT,葛根,MAPT
葛根,MGLL,葛根,MGLL
葛根,NFKB1,葛根,NFKB1
葛根,NR1I2,葛根,NR1I2
葛根,NR3C1,葛根,NR3C1
葛根,ODC1,葛根,ODC1
葛根,PIM1,葛根,PIM1
葛根,POLB,葛根,POLB
葛根,PPARA,葛根,PPARA
葛根,PPARD,葛根,PPARD
葛根,PPARG,葛根,PPARG
葛根,RORC,葛根,RORC
葛根,SHBG,葛根,SHBG
葛根,SLC5A1,葛根,SLC5A1
葛根,SLC5A2,葛根,SLC5A2
葛根,SLCO1B1,葛根,SLCO1B1
葛根,SLCO1B3,葛根,SLCO1B3
葛根,SLCO2B1,葛根,SLCO2B1
葛根,SRC,葛根,SRC
葛根,TBXAS1,葛根,TBXAS1
葛根,THRB,葛根,THRB
葛根,TOP2A,葛根,TOP2A
葛根,UGT1A1,葛根,UGT1A1
葶苈子,ABCC1,葶苈子,ABCC1
葶苈子,ABCG2,葶苈子,ABCG2
葶苈子,ACHE,葶苈子,ACHE
葶苈子,ADORA3,葶苈子,ADORA3
葶苈子,AKR1B1,葶苈子,AKR1B1
葶苈子,AKR1B10,葶苈子,AKR1B10
葶苈子,AKT1,葶苈子,AKT1
葶苈子,ALK,葶苈子,ALK
葶苈子,ALOX12,葶苈子,ALOX12
葶苈子,ALOX15,葶苈子,ALOX15
葶苈子,ALOX5,葶苈子,ALOX5
葶苈子,ALPI,葶苈子,ALPI
葶苈子,ALPL,葶苈子,ALPL
葶苈子,AMY1A,葶苈子,AMY1A
葶苈子,APEX1,葶苈子,APEX1
葶苈子,APP,葶苈子,APP
葶苈子,AURKB,葶苈子,AURKB
葶苈子,AVPR2,葶苈子,AVPR2
葶苈子,AXL,葶苈子,AXL
葶苈子,BACE1,葶苈子,BACE1
葶苈子,BCHE,葶苈子,BCHE
葶苈子,CA1,葶苈子,CA1
葶苈子,CA12,葶苈子,CA12
葶苈子,CA14,葶苈子,CA14
葶苈子,CA2,葶苈子,CA2
葶苈子,CA3,葶苈子,CA3
葶苈子,CA4,葶苈子,CA4
葶苈子,CA5A,葶苈子,CA5A
葶苈子,CA5B,葶苈子,CA5B
葶苈子,CA6,葶苈子,CA6
葶苈子,CA7,葶苈子,CA7
葶苈子,CA9,葶苈子,CA9
葶苈子,CAMK2B,葶苈子,CAMK2B
葶苈子,CCR4,葶苈子,CCR4
葶苈子,CD38,葶苈子,CD38
葶苈子,CDK6,葶苈子,CDK6
葶苈子,CXCR1,葶苈子,CXCR1
葶苈子,CYP19A1,葶苈子,CYP19A1
葶苈子,CYP1A1,葶苈子,CYP1A1
葶苈子,CYP1A2,葶苈子,CYP1A2
葶苈子,CYP1B1,葶苈子,CYP1B1
葶苈子,CYP2C19,葶苈子,CYP2C19
葶苈子,CYP2C8,葶苈子,CYP2C8
葶苈子,CYP2C9,葶苈子,CYP2C9
葶苈子,CYP2D6,葶苈子,CYP2D6
葶苈子,CYP2J2,葶苈子,CYP2J2
葶苈子,CYP3A4,葶苈子,CYP3A4
葶苈子,DAPK1,葶苈子,DAPK1
葶苈子,DPP4,葶苈子,DPP4
葶苈子,DRD1,葶苈子,DRD1
葶苈子,EGFR,葶苈子,EGFR
葶苈子,EHMT2,葶苈子,EHMT2
葶苈子,EPHX2,葶苈子,EPHX2
葶苈子,ESR1,葶苈子,ESR1
葶苈子,F2,葶苈子,F2
葶苈子,F3,葶苈子,F3
葶苈子,FABP2,葶苈子,FABP2
葶苈子,FABP3,葶苈子,FABP3
葶苈子,FABP4,葶苈子,FABP4
葶苈子,FABP5,葶苈子,FABP5
葶苈子,FLT3,葶苈子,FLT3
葶苈子,GAA,葶苈子,GAA
葶苈子,GBA,葶苈子,GBA
葶苈子,GLO1,葶苈子,GLO1
葶苈子,GPR35,葶苈子,GPR35
葶苈子,GSK3B,葶苈子,GSK3B
葶苈子,HIF1A,葶苈子,HIF1A
葶苈子,HSD11B1,葶苈子,HSD11B1
葶苈子,HSD17B1,葶苈子,HSD17B1
葶苈子,HSD17B2,葶苈子,HSD17B2
葶苈子,HTR1A,葶苈子,HTR1A
葶苈子,IDH1,葶苈子,IDH1
葶苈子,IGF1R,葶苈子,IGF1R
葶苈子,KDM4E,葶苈子,KDM4E
葶苈子,KDR,葶苈子,KDR
葶苈子,KMT2A,葶苈子,KMT2A
葶苈子,MAP2K1,葶苈子,MAP2K1
葶苈子,MAPK1,葶苈子,MAPK1
葶苈子,MAPK14,葶苈子,MAPK14
葶苈子,MAPKAPK2,葶苈子,MAPKAPK2
葶苈子,MAPT,葶苈子,MAPT
葶苈子,MET,葶苈子,MET
葶苈子,MIF,葶苈子,MIF
葶苈子,MMP12,葶苈子,MMP12
葶苈子,MMP13,葶苈子,MMP13
葶苈子,MMP2,葶苈子,MMP2
葶苈子,MMP3,葶苈子,MMP3
葶苈子,MMP9,葶苈子,MMP9
葶苈子,MPG,葶苈子,MPG
葶苈子,NEK2,葶苈子,NEK2
葶苈子,NEK6,葶苈子,NEK6
葶苈子,NFKB1,葶苈子,NFKB1
葶苈子,NR1H4,葶苈子,NR1H4
葶苈子,NR1I2,葶苈子,NR1I2
葶苈子,NUAK1,葶苈子,NUAK1
葶苈子,PDE5A,葶苈子,PDE5A
葶苈子,PIK3CG,葶苈子,PIK3CG
葶苈子,PIM1,葶苈子,PIM1
葶苈子,PKN1,葶苈子,PKN1
葶苈子,PLG,葶苈子,PLG
葶苈子,PLK1,葶苈子,PLK1
葶苈子,POLB,葶苈子,POLB
葶苈子,PPARA,葶苈子,PPARA
葶苈子,PPARD,葶苈子,PPARD
葶苈子,PPARG,葶苈子,PPARG
葶苈子,PRKCA,葶苈子,PRKCA
葶苈子,PTGS1,葶苈子,PTGS1
葶苈子,PTGS2,葶苈子,PTGS2
葶苈子,PTK2,葶苈子,PTK2
葶苈子,PTPN1,葶苈子,PTPN1
葶苈子,PYGL,葶苈子,PYGL
葶苈子,SLCO1B1,葶苈子,SLCO1B1
葶苈子,SLCO1B3,葶苈子,SLCO1B3
葶苈子,SLCO2B1,葶苈子,SLCO2B1
葶苈子,SRC,葶苈子,SRC
葶苈子,SYK,葶苈子,SYK
葶苈子,TERT,葶苈子,TERT
葶苈子,THRB,葶苈子,THRB
葶苈子,TLR2,葶苈子,TLR2
葶苈子,TOP2A,葶苈子,TOP2A
葶苈子,TRPV1,葶苈子,TRPV1
葶苈子,UGT1A1,葶苈子,UGT1A1
葶苈子,XDH,葶苈子,XDH
蒲公英,ABCC1,蒲公英,ABCC1
蒲公英,ABCG2,蒲公英,ABCG2
蒲公英,ACHE,蒲公英,ACHE
蒲公英,ADORA3,蒲公英,ADORA3
蒲公英,AKR1B1,蒲公英,AKR1B1
蒲公英,AKR1B10,蒲公英,AKR1B10
蒲公英,AKR1C2,蒲公英,AKR1C2
蒲公英,AKR1C3,蒲公英,AKR1C3
蒲公英,AKR1C4,蒲公英,AKR1C4
蒲公英,AKT1,蒲公英,AKT1
蒲公英,ALK,蒲公英,ALK
蒲公英,ALOX12,蒲公英,ALOX12
蒲公英,ALOX15,蒲公英,ALOX15
蒲公英,ALOX5,蒲公英,ALOX5
蒲公英,ALPI,蒲公英,ALPI
蒲公英,ALPL,蒲公英,ALPL
蒲公英,AMY1A,蒲公英,AMY1A
蒲公英,APEX1,蒲公英,APEX1
蒲公英,APOBEC3G,蒲公英,APOBEC3G
蒲公英,APP,蒲公英,APP
蒲公英,AURKB,蒲公英,AURKB
蒲公英,AVPR2,蒲公英,AVPR2
蒲公英,AXL,蒲公英,AXL
蒲公英,BACE1,蒲公英,BACE1
蒲公英,BCHE,蒲公英,BCHE
蒲公英,BCL2,蒲公英,BCL2
蒲公英,BCL2L1,蒲公英,BCL2L1
蒲公英,CA1,蒲公英,CA1
蒲公英,CA12,蒲公英,CA12
蒲公英,CA13,蒲公英,CA13
蒲公英,CA14,蒲公英,CA14
蒲公英,CA2,蒲公英,CA2
蒲公英,CA3,蒲公英,CA3
蒲公英,CA4,蒲公英,CA4
蒲公英,CA5A,蒲公英,CA5A
蒲公英,CA5B,蒲公英,CA5B
蒲公英,CA6,蒲公英,CA6
蒲公英,CA7,蒲公英,CA7
蒲公英,CA9,蒲公英,CA9
蒲公英,CAMK2B,蒲公英,CAMK2B
蒲公英,CCR4,蒲公英,CCR4
蒲公英,CD38,蒲公英,CD38
蒲公英,CDC25B,蒲公英,CDC25B
蒲公英,CDK6,蒲公英,CDK6
蒲公英,CHRNA7,蒲公英,CHRNA7
蒲公英,CTSL,蒲公英,CTSL
蒲公英,CXCL8,蒲公英,CXCL8
蒲公英,CXCR1,蒲公英,CXCR1
蒲公英,CYP19A1,蒲公英,CYP19A1
蒲公英,CYP1A1,蒲公英,CYP1A1
蒲公英,CYP1A2,蒲公英,CYP1A2
蒲公英,CYP1B1,蒲公英,CYP1B1
蒲公英,CYP2C19,蒲公英,CYP2C19
蒲公英,CYP2C8,蒲公英,CYP2C8
蒲公英,CYP2C9,蒲公英,CYP2C9
蒲公英,CYP2D6,蒲公英,CYP2D6
蒲公英,CYP2J2,蒲公英,CYP2J2
蒲公英,CYP3A4,蒲公英,CYP3A4
蒲公英,DAPK1,蒲公英,DAPK1
蒲公英,DPP4,蒲公英,DPP4
蒲公英,DRD1,蒲公英,DRD1
蒲公英,DUSP3,蒲公英,DUSP3
蒲公英,EGFR,蒲公英,EGFR
蒲公英,EHMT2,蒲公英,EHMT2
蒲公英,EPHX2,蒲公英,EPHX2
蒲公英,ESR1,蒲公英,ESR1
蒲公英,ESR2,蒲公英,ESR2
蒲公英,F2,蒲公英,F2
蒲公英,F3,蒲公英,F3
蒲公英,FABP2,蒲公英,FABP2
蒲公英,FABP3,蒲公英,FABP3
蒲公英,FABP4,蒲公英,FABP4
蒲公英,FABP5,蒲公英,FABP5
蒲公英,FASN,蒲公英,FASN
蒲公英,FLT3,蒲公英,FLT3
蒲公英,FUT7,蒲公英,FUT7
蒲公英,GAA,蒲公英,GAA
蒲公英,GBA,蒲公英,GBA
蒲公英,GLO1,蒲公英,GLO1
蒲公英,GPR35,蒲公英,GPR35
蒲公英,GSK3B,蒲公英,GSK3B
蒲公英,HCAR2,蒲公英,HCAR2
蒲公英,HIF1A,蒲公英,HIF1A
蒲公英,HSD11B1,蒲公英,HSD11B1
蒲公英,HSD17B1,蒲公英,HSD17B1
蒲公英,HSD17B2,蒲公英,HSD17B2
蒲公英,HSP90AB1,蒲公英,HSP90AB1
蒲公英,HTR1A,蒲公英,HTR1A
蒲公英,HTR7,蒲公英,HTR7
蒲公英,IDH1,蒲公英,IDH1
蒲公英,IDO1,蒲公英,IDO1
蒲公英,IGF1R,蒲公英,IGF1R
蒲公英,KDM4E,蒲公英,KDM4E
蒲公英,KDR,蒲公英,KDR
蒲公英,KMT2A,蒲公英,KMT2A
蒲公英,MAP2K1,蒲公英,MAP2K1
蒲公英,MAPK1,蒲公英,MAPK1
蒲公英,MAPK14,蒲公英,MAPK14
蒲公英,MAPKAPK2,蒲公英,MAPKAPK2
蒲公英,MAPT,蒲公英,MAPT
蒲公英,MET,蒲公英,MET
蒲公英,MMP1,蒲公英,MMP1
蒲公英,MMP12,蒲公英,MMP12
蒲公英,MMP13,蒲公英,MMP13
蒲公英,MMP2,蒲公英,MMP2
蒲公英,MMP3,蒲公英,MMP3
蒲公英,MMP9,蒲公英,MMP9
蒲公英,MPG,蒲公英,MPG
蒲公英,NEK2,蒲公英,NEK2
蒲公英,NEK6,蒲公英,NEK6
蒲公英,NFKB1,蒲公英,NFKB1
蒲公英,NR1I2,蒲公英,NR1I2
蒲公英,NUAK1,蒲公英,NUAK1
蒲公英,PARP1,蒲公英,PARP1
蒲公英,PDE5A,蒲公英,PDE5A
蒲公英,PIK3CG,蒲公英,PIK3CG
蒲公英,PIM1,蒲公英,PIM1
蒲公英,PKN1,蒲公英,PKN1
蒲公英,PLG,蒲公英,PLG
蒲公英,PLK1,蒲公英,PLK1
蒲公英,POLB,蒲公英,POLB
蒲公英,PPARA,蒲公英,PPARA
蒲公英,PPARD,蒲公英,PPARD
蒲公英,PPARG,蒲公英,PPARG
蒲公英,PRKCA,蒲公英,PRKCA
蒲公英,PTGS1,蒲公英,PTGS1
蒲公英,PTGS2,蒲公英,PTGS2
蒲公英,PTK2,蒲公英,PTK2
蒲公英,PTPN1,蒲公英,PTPN1
蒲公英,PTPN11,蒲公英,PTPN11
蒲公英,PTPN2,蒲公英,PTPN2
蒲公英,PTPN6,蒲公英,PTPN6
蒲公英,PTPRF,蒲公英,PTPRF
蒲公英,PYGL,蒲公英,PYGL
蒲公英,RELA,蒲公英,RELA
蒲公英,RORC,蒲公英,RORC
蒲公英,SLCO1B1,蒲公英,SLCO1B1
蒲公英,SLCO1B3,蒲公英,SLCO1B3
蒲公英,SLCO2B1,蒲公英,SLCO2B1
蒲公英,SOAT1,蒲公英,SOAT1
蒲公英,SRC,蒲公英,SRC
蒲公英,SYK,蒲公英,SYK
蒲公英,TERT,蒲公英,TERT
蒲公英,THRB,蒲公英,THRB
蒲公英,TLR2,蒲公英,TLR2
蒲公英,TNKS,蒲公英,TNKS
蒲公英,TNKS2,蒲公英,TNKS2
蒲公英,TOP1,蒲公英,TOP1
蒲公英,TOP2A,蒲公英,TOP2A
蒲公英,TTR,蒲公英,TTR
蒲公英,TYR,蒲公英,TYR
蒲公英,UGT1A1,蒲公英,UGT1A1
蒲公英,XDH,蒲公英,XDH
薄荷,ACHE,薄荷,ACHE
薄荷,AKR1B1,薄荷,AKR1B1
薄荷,AKR1B10,薄荷,AKR1B10
薄荷,AKR1C2,薄荷,AKR1C2
薄荷,AKR1C3,薄荷,AKR1C3
薄荷,AKR1C4,薄荷,AKR1C4
薄荷,ALOX5,薄荷,ALOX5
薄荷,APEX1,薄荷,APEX1
薄荷,APP,薄荷,APP
薄荷,CA1,薄荷,CA1
薄荷,CA12,薄荷,CA12
薄荷,CA14,薄荷,CA14
薄荷,CA2,薄荷,CA2
薄荷,CA3,薄荷,CA3
薄荷,CA4,薄荷,CA4
薄荷,CA5A,薄荷,CA5A
薄荷,CA5B,薄荷,CA5B
薄荷,CA6,薄荷,CA6
薄荷,CA7,薄荷,CA7
薄荷,CA9,薄荷,CA9
薄荷,CYP3A4,薄荷,CYP3A4
薄荷,DUSP3,薄荷,DUSP3
薄荷,EGFR,薄荷,EGFR
薄荷,EHMT2,薄荷,EHMT2
薄荷,ESR1,薄荷,ESR1
薄荷,GAA,薄荷,GAA
薄荷,HCAR2,薄荷,HCAR2
薄荷,KDM4E,薄荷,KDM4E
薄荷,MAPK1,薄荷,MAPK1
薄荷,MAPT,薄荷,MAPT
薄荷,MMP1,薄荷,MMP1
薄荷,MMP2,薄荷,MMP2
薄荷,MMP9,薄荷,MMP9
薄荷,MPG,薄荷,MPG
薄荷,NFKB1,薄荷,NFKB1
薄荷,POLB,薄荷,POLB
薄荷,PTPN1,薄荷,PTPN1
薄荷,THRB,薄荷,THRB
薄荷,TTR,薄荷,TTR
薄荷,TYR,薄荷,TYR
薏苡仁,CYP19A1,薏苡仁,CYP19A1
薏苡仁,CYP2C9,薏苡仁,CYP2C9
薏苡仁,EHMT2,薏苡仁,EHMT2
薏苡仁,F3,薏苡仁,F3
薏苡仁,FABP4,薏苡仁,FABP4
薏苡仁,KCNH2,薏苡仁,KCNH2
薏苡仁,KDM4E,薏苡仁,KDM4E
薏苡仁,KMT2A,薏苡仁,KMT2A
薏苡仁,MAPT,薏苡仁,MAPT
薏苡仁,NR1I2,薏苡仁,NR1I2
薏苡仁,PPARA,薏苡仁,PPARA
薏苡仁,PPARD,薏苡仁,PPARD
薏苡仁,PPARG,薏苡仁,PPARG
薏苡仁,RORC,薏苡仁,RORC
薏苡仁,SOAT1,薏苡仁,SOAT1
薏苡仁,TERT,薏苡仁,TERT
薏苡仁,TOP2A,薏苡仁,TOP2A
薤白,ADORA1,薤白,ADORA1
薤白,ADORA2A,薤白,ADORA2A
薤白,ADORA2B,薤白,ADORA2B
薤白,ADORA3,薤白,ADORA3
薤白,ALOX15,薤白,ALOX15
薤白,CYP2C19,薤白,CYP2C19
薤白,CYP2C9,薤白,CYP2C9
薤白,CYP2D6,薤白,CYP2D6
薤白,CYP3A4,薤白,CYP3A4
薤白,EGFR,薤白,EGFR
薤白,EHMT2,薤白,EHMT2
薤白,ERBB2,薤白,ERBB2
薤白,GSK3B,薤白,GSK3B
薤白,HIF1A,薤白,HIF1A
薤白,HSPA8,薤白,HSPA8
薤白,IDO1,薤白,IDO1
薤白,KDM4E,薤白,KDM4E
薤白,KMT2A,薤白,KMT2A
薤白,MAOA,薤白,MAOA
薤白,MAOB,薤白,MAOB
薤白,MAPK1,薤白,MAPK1
薤白,MAPT,薤白,MAPT
薤白,MIF,薤白,MIF
薤白,PNP,薤白,PNP
薤白,POLB,薤白,POLB
薤白,PTPN1,薤白,PTPN1
薤白,RORC,薤白,RORC
薤白,SLC28A1,薤白,SLC28A1
薤白,SLC28A2,薤白,SLC28A2
薤白,SLC28A3,薤白,SLC28A3
薤白,TERT,薤白,TERT
薤白,TGM2,薤白,TGM2
薤白,TRPV1,薤白,TRPV1
薤白,UGT1A1,薤白,UGT1A1
藏青果,ACHE,藏青果,ACHE
藏青果,ADRA2B,藏青果,ADRA2B
藏青果,AKR1B1,藏青果,AKR1B1
藏青果,AKR1B10,藏青果,AKR1B10
藏青果,AKT1,藏青果,AKT1
藏青果,ALOX12,藏青果,ALOX12
藏青果,ALOX15,藏青果,ALOX15
藏青果,ALOX5,藏青果,ALOX5
藏青果,AMY1A,藏青果,AMY1A
藏青果,APEX1,藏青果,APEX1
藏青果,APP,藏青果,APP
藏青果,AURKA,藏青果,AURKA
藏青果,AURKB,藏青果,AURKB
藏青果,BACE1,藏青果,BACE1
藏青果,BCHE,藏青果,BCHE
藏青果,BCL2,藏青果,BCL2
藏青果,BCL2L1,藏青果,BCL2L1
藏青果,BRAF,藏青果,BRAF
藏青果,CA1,藏青果,CA1
藏青果,CA12,藏青果,CA12
藏青果,CA13,藏青果,CA13
藏青果,CA14,藏青果,CA14
藏青果,CA2,藏青果,CA2
藏青果,CA3,藏青果,CA3
藏青果,CA4,藏青果,CA4
藏青果,CA5A,藏青果,CA5A
藏青果,CA5B,藏青果,CA5B
藏青果,CA6,藏青果,CA6
藏青果,CA7,藏青果,CA7
藏青果,CA9,藏青果,CA9
藏青果,CARM1,藏青果,CARM1
藏青果,CD38,藏青果,CD38
藏青果,CDK6,藏青果,CDK6
藏青果,CSNK2A1,藏青果,CSNK2A1
藏青果,CXCL8,藏青果,CXCL8
藏青果,CYP19A1,藏青果,CYP19A1
藏青果,CYP1A1,藏青果,CYP1A1
藏青果,CYP1A2,藏青果,CYP1A2
藏青果,CYP1B1,藏青果,CYP1B1
藏青果,CYP2A6,藏青果,CYP2A6
藏青果,CYP2C19,藏青果,CYP2C19
藏青果,CYP2C9,藏青果,CYP2C9
藏青果,CYP2D6,藏青果,CYP2D6
藏青果,CYP3A4,藏青果,CYP3A4
藏青果,DAPK1,藏青果,DAPK1
藏青果,DUSP3,藏青果,DUSP3
藏青果,DYRK1A,藏青果,DYRK1A
藏青果,EGFR,藏青果,EGFR
藏青果,EHMT2,藏青果,EHMT2
藏青果,EPHB4,藏青果,EPHB4
藏青果,EPHX2,藏青果,EPHX2
藏青果,ERBB2,藏青果,ERBB2
藏青果,ESR1,藏青果,ESR1
藏青果,F3,藏青果,F3
藏青果,FABP2,藏青果,FABP2
藏青果,FABP3,藏青果,FABP3
藏青果,FABP4,藏青果,FABP4
藏青果,FABP5,藏青果,FABP5
藏青果,FASN,藏青果,FASN
藏青果,FLT3,藏青果,FLT3
藏青果,FLT4,藏青果,FLT4
藏青果,FUT7,藏青果,FUT7
藏青果,GAA,藏青果,GAA
藏青果,GBA,藏青果,GBA
藏青果,GLO1,藏青果,GLO1
藏青果,GPR35,藏青果,GPR35
藏青果,GSK3B,藏青果,GSK3B
藏青果,GSTP1,藏青果,GSTP1
藏青果,HIF1A,藏青果,HIF1A
藏青果,HKDC1,藏青果,HKDC1
藏青果,HSPA1A,藏青果,HSPA1A
藏青果,HSPA8,藏青果,HSPA8
藏青果,IDH1,藏青果,IDH1
藏青果,IGF1R,藏青果,IGF1R
藏青果,INSR,藏青果,INSR
藏青果,KCNH2,藏青果,KCNH2
藏青果,KDM4E,藏青果,KDM4E
藏青果,KDR,藏青果,KDR
藏青果,KMT2A,藏青果,KMT2A
藏青果,MAP3K8,藏青果,MAP3K8
藏青果,MAPK1,藏青果,MAPK1
藏青果,MAPT,藏青果,MAPT
藏青果,MCL1,藏青果,MCL1
藏青果,MET,藏青果,MET
藏青果,MMP12,藏青果,MMP12
藏青果,MMP13,藏青果,MMP13
藏青果,MMP2,藏青果,MMP2
藏青果,MMP3,藏青果,MMP3
藏青果,MMP9,藏青果,MMP9
藏青果,NFKB1,藏青果,NFKB1
藏青果,NR1I2,藏青果,NR1I2
藏青果,NUAK1,藏青果,NUAK1
藏青果,PARP1,藏青果,PARP1
藏青果,PDE5A,藏青果,PDE5A
藏青果,PDGFRB,藏青果,PDGFRB
藏青果,PIM1,藏青果,PIM1
藏青果,PLG,藏青果,PLG
藏青果,PLK1,藏青果,PLK1
藏青果,PLK4,藏青果,PLK4
藏青果,POLB,藏青果,POLB
藏青果,PPARA,藏青果,PPARA
藏青果,PPARD,藏青果,PPARD
藏青果,PPARG,藏青果,PPARG
藏青果,PTGS1,藏青果,PTGS1
藏青果,PTGS2,藏青果,PTGS2
藏青果,PTK2,藏青果,PTK2
藏青果,RORC,藏青果,RORC
藏青果,SMAD3,藏青果,SMAD3
藏青果,SOAT1,藏青果,SOAT1
藏青果,SRC,藏青果,SRC
藏青果,SYK,藏青果,SYK
藏青果,TBXAS1,藏青果,TBXAS1
藏青果,TEK,藏青果,TEK
藏青果,TERT,藏青果,TERT
藏青果,THRB,藏青果,THRB
藏青果,TLR2,藏青果,TLR2
藏青果,TNKS,藏青果,TNKS
藏青果,TNKS2,藏青果,TNKS2
藏青果,TOP1,藏青果,TOP1
藏青果,TOP2A,藏青果,TOP2A
藏青果,TTR,藏青果,TTR
藏青果,TYR,藏青果,TYR
藏青果,UGT1A1,藏青果,UGT1A1
藏青果,XDH,藏青果,XDH
藿香,ABCC1,藿香,ABCC1
藿香,ABCG2,藿香,ABCG2
藿香,ACHE,藿香,ACHE
藿香,ACP1,藿香,ACP1
藿香,ADORA1,藿香,ADORA1
藿香,ADORA2A,藿香,ADORA2A
藿香,ADORA2B,藿香,ADORA2B
藿香,ADORA3,藿香,ADORA3
藿香,AKR1B1,藿香,AKR1B1
藿香,AKR1B10,藿香,AKR1B10
藿香,AKR1C2,藿香,AKR1C2
藿香,AKR1C3,藿香,AKR1C3
藿香,AKR1C4,藿香,AKR1C4
藿香,AKT1,藿香,AKT1
藿香,ALK,藿香,ALK
藿香,ALOX12,藿香,ALOX12
藿香,ALOX15,藿香,ALOX15
藿香,ALOX5,藿香,ALOX5
藿香,AMY1A,藿香,AMY1A
藿香,APEX1,藿香,APEX1
藿香,APP,藿香,APP
藿香,AR,藿香,AR
藿香,AURKB,藿香,AURKB
藿香,AVPR2,藿香,AVPR2
藿香,AXL,藿香,AXL
藿香,BACE1,藿香,BACE1
藿香,BCHE,藿香,BCHE
藿香,BCL2,藿香,BCL2
藿香,BCL2L1,藿香,BCL2L1
藿香,CA1,藿香,CA1
藿香,CA12,藿香,CA12
藿香,CA14,藿香,CA14
藿香,CA2,藿香,CA2
藿香,CA3,藿香,CA3
藿香,CA4,藿香,CA4
藿香,CA5A,藿香,CA5A
藿香,CA5B,藿香,CA5B
藿香,CA6,藿香,CA6
藿香,CA7,藿香,CA7
藿香,CA9,藿香,CA9
藿香,CAMK2B,藿香,CAMK2B
藿香,CCR4,藿香,CCR4
藿香,CD38,藿香,CD38
藿香,CDC25B,藿香,CDC25B
藿香,CDK6,藿香,CDK6
藿香,CSNK2A1,藿香,CSNK2A1
藿香,CTSL,藿香,CTSL
藿香,CXCL8,藿香,CXCL8
藿香,CXCR1,藿香,CXCR1
藿香,CYP19A1,藿香,CYP19A1
藿香,CYP1A1,藿香,CYP1A1
藿香,CYP1A2,藿香,CYP1A2
藿香,CYP1B1,藿香,CYP1B1
藿香,CYP2A6,藿香,CYP2A6
藿香,CYP2C19,藿香,CYP2C19
藿香,CYP2C8,藿香,CYP2C8
藿香,CYP2C9,藿香,CYP2C9
藿香,CYP2D6,藿香,CYP2D6
藿香,CYP2J2,藿香,CYP2J2
藿香,CYP3A4,藿香,CYP3A4
藿香,DAO,藿香,DAO
藿香,DAPK1,藿香,DAPK1
藿香,DPP4,藿香,DPP4
藿香,DRD1,藿香,DRD1
藿香,DUSP3,藿香,DUSP3
藿香,EGFR,藿香,EGFR
藿香,EGLN1,藿香,EGLN1
藿香,EHMT2,藿香,EHMT2
藿香,EPHX2,藿香,EPHX2
藿香,ERBB2,藿香,ERBB2
藿香,ESR1,藿香,ESR1
藿香,ESRRA,藿香,ESRRA
藿香,F2,藿香,F2
藿香,F3,藿香,F3
藿香,FABP2,藿香,FABP2
藿香,FABP3,藿香,FABP3
藿香,FABP4,藿香,FABP4
藿香,FABP5,藿香,FABP5
藿香,FASN,藿香,FASN
藿香,FLT3,藿香,FLT3
藿香,GAA,藿香,GAA
藿香,GBA,藿香,GBA
藿香,GLO1,藿香,GLO1
藿香,GLRA1,藿香,GLRA1
藿香,GPR35,藿香,GPR35
藿香,GSK3B,藿香,GSK3B
藿香,HCAR2,藿香,HCAR2
藿香,HIF1A,藿香,HIF1A
藿香,HMGCR,藿香,HMGCR
藿香,HSD11B1,藿香,HSD11B1
藿香,HSD17B1,藿香,HSD17B1
藿香,HSD17B2,藿香,HSD17B2
藿香,HSPA1A,藿香,HSPA1A
藿香,HSPA8,藿香,HSPA8
藿香,HTR1A,藿香,HTR1A
藿香,IDH1,藿香,IDH1
藿香,IGF1R,藿香,IGF1R
藿香,INSR,藿香,INSR
藿香,KCNH2,藿香,KCNH2
藿香,KDM4E,藿香,KDM4E
藿香,KDR,藿香,KDR
藿香,KMT2A,藿香,KMT2A
藿香,LDHA,藿香,LDHA
藿香,MAP2K1,藿香,MAP2K1
藿香,MAPK1,藿香,MAPK1
藿香,MAPK14,藿香,MAPK14
藿香,MAPKAPK2,藿香,MAPKAPK2
藿香,MAPT,藿香,MAPT
藿香,MET,藿香,MET
藿香,MGLL,藿香,MGLL
藿香,MMP1,藿香,MMP1
藿香,MMP12,藿香,MMP12
藿香,MMP13,藿香,MMP13
藿香,MMP2,藿香,MMP2
藿香,MMP3,藿香,MMP3
藿香,MMP9,藿香,MMP9
藿香,MPG,藿香,MPG
藿香,NEK2,藿香,NEK2
藿香,NEK6,藿香,NEK6
藿香,NFKB1,藿香,NFKB1
藿香,NOS2,藿香,NOS2
藿香,NR1H4,藿香,NR1H4
藿香,NUAK1,藿香,NUAK1
藿香,PARP1,藿香,PARP1
藿香,PDE5A,藿香,PDE5A
藿香,PIK3CG,藿香,PIK3CG
藿香,PIM1,藿香,PIM1
藿香,PKN1,藿香,PKN1
藿香,PLG,藿香,PLG
藿香,PLK1,藿香,PLK1
藿香,PNP,藿香,PNP
藿香,POLB,藿香,POLB
藿香,PPARA,藿香,PPARA
藿香,PPARD,藿香,PPARD
藿香,PPARG,藿香,PPARG
藿香,PRKCA,藿香,PRKCA
藿香,PTGES,藿香,PTGES
藿香,PTGS1,藿香,PTGS1
藿香,PTGS2,藿香,PTGS2
藿香,PTK2,藿香,PTK2
藿香,PTPN1,藿香,PTPN1
藿香,PTPN11,藿香,PTPN11
藿香,PTPN2,藿香,PTPN2
藿香,PTPN6,藿香,PTPN6
藿香,PTPRF,藿香,PTPRF
藿香,PTPRS,藿香,PTPRS
藿香,PYGL,藿香,PYGL
藿香,RORC,藿香,RORC
藿香,SLC22A1,藿香,SLC22A1
藿香,SLC28A1,藿香,SLC28A1
藿香,SLC28A2,藿香,SLC28A2
藿香,SLC28A3,藿香,SLC28A3
藿香,SLCO1B1,藿香,SLCO1B1
藿香,SLCO1B3,藿香,SLCO1B3
藿香,SLCO2B1,藿香,SLCO2B1
藿香,SOAT1,藿香,SOAT1
藿香,SRC,藿香,SRC
藿香,SYK,藿香,SYK
藿香,TERT,藿香,TERT
藿香,THRB,藿香,THRB
藿香,TLR2,藿香,TLR2
藿香,TNKS,藿香,TNKS
藿香,TNKS2,藿香,TNKS2
藿香,TOP1,藿香,TOP1
藿香,TOP2A,藿香,TOP2A
藿香,TRPV1,藿香,TRPV1
藿香,TTR,藿香,TTR
藿香,TYR,藿香,TYR
藿香,UBE2N,藿香,UBE2N
藿香,UGT1A1,藿香,UGT1A1
藿香,XDH,藿香,XDH
藿香,XIAP,藿香,XIAP
虎杖,ABCB1,虎杖,ABCB1
虎杖,ABCC1,虎杖,ABCC1
虎杖,ABCG2,虎杖,ABCG2
虎杖,ACHE,虎杖,ACHE
虎杖,ADORA3,虎杖,ADORA3
虎杖,AKR1B1,虎杖,AKR1B1
虎杖,AKR1B10,虎杖,AKR1B10
虎杖,AKR1C2,虎杖,AKR1C2
虎杖,AKR1C3,虎杖,AKR1C3
虎杖,AKR1C4,虎杖,AKR1C4
虎杖,AKT1,虎杖,AKT1
虎杖,ALK,虎杖,ALK
虎杖,ALOX12,虎杖,ALOX12
虎杖,ALOX15,虎杖,ALOX15
虎杖,ALOX5,虎杖,ALOX5
虎杖,ALPI,虎杖,ALPI
虎杖,ALPL,虎杖,ALPL
虎杖,AMY1A,虎杖,AMY1A
虎杖,APEX1,虎杖,APEX1
虎杖,APP,虎杖,APP
虎杖,AR,虎杖,AR
虎杖,AURKB,虎杖,AURKB
虎杖,AVPR2,虎杖,AVPR2
虎杖,AXL,虎杖,AXL
虎杖,BACE1,虎杖,BACE1
虎杖,BCHE,虎杖,BCHE
虎杖,BCL2,虎杖,BCL2
虎杖,BCL2L1,虎杖,BCL2L1
虎杖,BCR,虎杖,BCR
虎杖,CA1,虎杖,CA1
虎杖,CA12,虎杖,CA12
虎杖,CA13,虎杖,CA13
虎杖,CA14,虎杖,CA14
虎杖,CA2,虎杖,CA2
虎杖,CA3,虎杖,CA3
虎杖,CA4,虎杖,CA4
虎杖,CA5A,虎杖,CA5A
虎杖,CA5B,虎杖,CA5B
虎杖,CA6,虎杖,CA6
虎杖,CA7,虎杖,CA7
虎杖,CA9,虎杖,CA9
虎杖,CAMK2B,虎杖,CAMK2B
虎杖,CCR4,虎杖,CCR4
虎杖,CD38,虎杖,CD38
虎杖,CDC25B,虎杖,CDC25B
虎杖,CDK6,虎杖,CDK6
虎杖,CSNK2A1,虎杖,CSNK2A1
虎杖,CTSL,虎杖,CTSL
虎杖,CXCL8,虎杖,CXCL8
虎杖,CXCR1,虎杖,CXCR1
虎杖,CYP19A1,虎杖,CYP19A1
虎杖,CYP1A1,虎杖,CYP1A1
虎杖,CYP1A2,虎杖,CYP1A2
虎杖,CYP1B1,虎杖,CYP1B1
虎杖,CYP2C19,虎杖,CYP2C19
虎杖,CYP2C8,虎杖,CYP2C8
虎杖,CYP2C9,虎杖,CYP2C9
虎杖,CYP2D6,虎杖,CYP2D6
虎杖,CYP2J2,虎杖,CYP2J2
虎杖,CYP3A4,虎杖,CYP3A4
虎杖,DAPK1,虎杖,DAPK1
虎杖,DPP4,虎杖,DPP4
虎杖,DRD1,虎杖,DRD1
虎杖,DUSP3,虎杖,DUSP3
虎杖,EGFR,虎杖,EGFR
虎杖,EHMT2,虎杖,EHMT2
虎杖,EPHX2,虎杖,EPHX2
虎杖,ESR1,虎杖,ESR1
虎杖,ESR2,虎杖,ESR2
虎杖,ESRRA,虎杖,ESRRA
虎杖,F2,虎杖,F2
虎杖,FASN,虎杖,FASN
虎杖,FLT3,虎杖,FLT3
虎杖,FUT7,虎杖,FUT7
虎杖,GAA,虎杖,GAA
虎杖,GBA,虎杖,GBA
虎杖,GLO1,虎杖,GLO1
虎杖,GPR35,虎杖,GPR35
虎杖,GSK3B,虎杖,GSK3B
虎杖,HCAR2,虎杖,HCAR2
虎杖,HIF1A,虎杖,HIF1A
虎杖,HSD11B1,虎杖,HSD11B1
虎杖,HSD17B1,虎杖,HSD17B1
虎杖,HSD17B2,虎杖,HSD17B2
虎杖,HTR1A,虎杖,HTR1A
虎杖,HTR7,虎杖,HTR7
虎杖,IDH1,虎杖,IDH1
虎杖,IDO1,虎杖,IDO1
虎杖,IGF1R,虎杖,IGF1R
虎杖,INSR,虎杖,INSR
虎杖,KDM4E,虎杖,KDM4E
虎杖,KDR,虎杖,KDR
虎杖,KMT2A,虎杖,KMT2A
虎杖,MAOA,虎杖,MAOA
虎杖,MAOB,虎杖,MAOB
虎杖,MAP2K1,虎杖,MAP2K1
虎杖,MAPK1,虎杖,MAPK1
虎杖,MAPK14,虎杖,MAPK14
虎杖,MAPKAPK2,虎杖,MAPKAPK2
虎杖,MAPT,虎杖,MAPT
虎杖,MET,虎杖,MET
虎杖,MMP1,虎杖,MMP1
虎杖,MMP12,虎杖,MMP12
虎杖,MMP13,虎杖,MMP13
虎杖,MMP2,虎杖,MMP2
虎杖,MMP3,虎杖,MMP3
虎杖,MMP9,虎杖,MMP9
虎杖,MPG,虎杖,MPG
虎杖,NEK2,虎杖,NEK2
虎杖,NEK6,虎杖,NEK6
虎杖,NFKB1,虎杖,NFKB1
虎杖,NQO2,虎杖,NQO2
虎杖,NUAK1,虎杖,NUAK1
虎杖,ODC1,虎杖,ODC1
虎杖,PARP1,虎杖,PARP1
虎杖,PDE5A,虎杖,PDE5A
虎杖,PIK3CA,虎杖,PIK3CA
虎杖,PIK3CB,虎杖,PIK3CB
虎杖,PIK3CG,虎杖,PIK3CG
虎杖,PIM1,虎杖,PIM1
虎杖,PKN1,虎杖,PKN1
虎杖,PLG,虎杖,PLG
虎杖,PLK1,虎杖,PLK1
虎杖,POLB,虎杖,POLB
虎杖,PPARA,虎杖,PPARA
虎杖,PPARD,虎杖,PPARD
虎杖,PPARG,虎杖,PPARG
虎杖,PRKCA,虎杖,PRKCA
虎杖,PRMT1,虎杖,PRMT1
虎杖,PTGS1,虎杖,PTGS1
虎杖,PTGS2,虎杖,PTGS2
虎杖,PTK2,虎杖,PTK2
虎杖,PTPN1,虎杖,PTPN1
虎杖,PTPRS,虎杖,PTPRS
虎杖,PYGL,虎杖,PYGL
虎杖,RORC,虎杖,RORC
虎杖,SIRT2,虎杖,SIRT2
虎杖,SLCO1B1,虎杖,SLCO1B1
虎杖,SLCO1B3,虎杖,SLCO1B3
虎杖,SLCO2B1,虎杖,SLCO2B1
虎杖,SRC,虎杖,SRC
虎杖,SYK,虎杖,SYK
虎杖,TERT,虎杖,TERT
虎杖,THRB,虎杖,THRB
虎杖,TNKS,虎杖,TNKS
虎杖,TNKS2,虎杖,TNKS2
虎杖,TOP2A,虎杖,TOP2A
虎杖,TTR,虎杖,TTR
虎杖,TYR,虎杖,TYR
虎杖,UGT1A1,虎杖,UGT1A1
虎杖,XDH,虎杖,XDH
蜜款冬花,ABCC1,蜜款冬花,ABCC1
蜜款冬花,ABCG2,蜜款冬花,ABCG2
蜜款冬花,ACHE,蜜款冬花,ACHE
蜜款冬花,ADORA1,蜜款冬花,ADORA1
蜜款冬花,ADORA2A,蜜款冬花,ADORA2A
蜜款冬花,ADORA2B,蜜款冬花,ADORA2B
蜜款冬花,ADORA3,蜜款冬花,ADORA3
蜜款冬花,ADRB2,蜜款冬花,ADRB2
蜜款冬花,AKR1B1,蜜款冬花,AKR1B1
蜜款冬花,AKR1B10,蜜款冬花,AKR1B10
蜜款冬花,AKR1C2,蜜款冬花,AKR1C2
蜜款冬花,AKR1C3,蜜款冬花,AKR1C3
蜜款冬花,AKR1C4,蜜款冬花,AKR1C4
蜜款冬花,AKT1,蜜款冬花,AKT1
蜜款冬花,ALK,蜜款冬花,ALK
蜜款冬花,ALOX12,蜜款冬花,ALOX12
蜜款冬花,ALOX15,蜜款冬花,ALOX15
蜜款冬花,ALOX5,蜜款冬花,ALOX5
蜜款冬花,ALPI,蜜款冬花,ALPI
蜜款冬花,ALPL,蜜款冬花,ALPL
蜜款冬花,AMY1A,蜜款冬花,AMY1A
蜜款冬花,APEX1,蜜款冬花,APEX1
蜜款冬花,APP,蜜款冬花,APP
蜜款冬花,AR,蜜款冬花,AR
蜜款冬花,AURKB,蜜款冬花,AURKB
蜜款冬花,AVPR2,蜜款冬花,AVPR2
蜜款冬花,AXL,蜜款冬花,AXL
蜜款冬花,BACE1,蜜款冬花,BACE1
蜜款冬花,BCHE,蜜款冬花,BCHE
蜜款冬花,CA1,蜜款冬花,CA1
蜜款冬花,CA12,蜜款冬花,CA12
蜜款冬花,CA14,蜜款冬花,CA14
蜜款冬花,CA2,蜜款冬花,CA2
蜜款冬花,CA3,蜜款冬花,CA3
蜜款冬花,CA4,蜜款冬花,CA4
蜜款冬花,CA5A,蜜款冬花,CA5A
蜜款冬花,CA5B,蜜款冬花,CA5B
蜜款冬花,CA6,蜜款冬花,CA6
蜜款冬花,CA7,蜜款冬花,CA7
蜜款冬花,CA9,蜜款冬花,CA9
蜜款冬花,CAMK2B,蜜款冬花,CAMK2B
蜜款冬花,CCR4,蜜款冬花,CCR4
蜜款冬花,CD38,蜜款冬花,CD38
蜜款冬花,CDK6,蜜款冬花,CDK6
蜜款冬花,CXCL8,蜜款冬花,CXCL8
蜜款冬花,CXCR1,蜜款冬花,CXCR1
蜜款冬花,CYP19A1,蜜款冬花,CYP19A1
蜜款冬花,CYP1A1,蜜款冬花,CYP1A1
蜜款冬花,CYP1A2,蜜款冬花,CYP1A2
蜜款冬花,CYP1B1,蜜款冬花,CYP1B1
蜜款冬花,CYP2C19,蜜款冬花,CYP2C19
蜜款冬花,CYP2C8,蜜款冬花,CYP2C8
蜜款冬花,CYP2C9,蜜款冬花,CYP2C9
蜜款冬花,CYP2D6,蜜款冬花,CYP2D6
蜜款冬花,CYP2J2,蜜款冬花,CYP2J2
蜜款冬花,CYP3A4,蜜款冬花,CYP3A4
蜜款冬花,DAPK1,蜜款冬花,DAPK1
蜜款冬花,DPP4,蜜款冬花,DPP4
蜜款冬花,DRD1,蜜款冬花,DRD1
蜜款冬花,DUSP3,蜜款冬花,DUSP3
蜜款冬花,EGFR,蜜款冬花,EGFR
蜜款冬花,EGLN1,蜜款冬花,EGLN1
蜜款冬花,EHMT2,蜜款冬花,EHMT2
蜜款冬花,EPHX2,蜜款冬花,EPHX2
蜜款冬花,ERBB2,蜜款冬花,ERBB2
蜜款冬花,ESR1,蜜款冬花,ESR1
蜜款冬花,ESRRA,蜜款冬花,ESRRA
蜜款冬花,F2,蜜款冬花,F2
蜜款冬花,FLT3,蜜款冬花,FLT3
蜜款冬花,FOLH1,蜜款冬花,FOLH1
蜜款冬花,FUT7,蜜款冬花,FUT7
蜜款冬花,GAA,蜜款冬花,GAA
蜜款冬花,GBA,蜜款冬花,GBA
蜜款冬花,GLO1,蜜款冬花,GLO1
蜜款冬花,GPR35,蜜款冬花,GPR35
蜜款冬花,GRIA1,蜜款冬花,GRIA1
蜜款冬花,GRIA2,蜜款冬花,GRIA2
蜜款冬花,GRIA4,蜜款冬花,GRIA4
蜜款冬花,GRIK2,蜜款冬花,GRIK2
蜜款冬花,GRIK5,蜜款冬花,GRIK5
蜜款冬花,GRM1,蜜款冬花,GRM1
蜜款冬花,GRM2,蜜款冬花,GRM2
蜜款冬花,GRM3,蜜款冬花,GRM3
蜜款冬花,GRM4,蜜款冬花,GRM4
蜜款冬花,GRM5,蜜款冬花,GRM5
蜜款冬花,GRM8,蜜款冬花,GRM8
蜜款冬花,GSK3B,蜜款冬花,GSK3B
蜜款冬花,HCAR2,蜜款冬花,HCAR2
蜜款冬花,HIF1A,蜜款冬花,HIF1A
蜜款冬花,HSD11B1,蜜款冬花,HSD11B1
蜜款冬花,HSD17B1,蜜款冬花,HSD17B1
蜜款冬花,HSD17B2,蜜款冬花,HSD17B2
蜜款冬花,HSP90AB1,蜜款冬花,HSP90AB1
蜜款冬花,HSPA8,蜜款冬花,HSPA8
蜜款冬花,HTR1A,蜜款冬花,HTR1A
蜜款冬花,HTR7,蜜款冬花,HTR7
蜜款冬花,IDH1,蜜款冬花,IDH1
蜜款冬花,IGF1R,蜜款冬花,IGF1R
蜜款冬花,KDM4E,蜜款冬花,KDM4E
蜜款冬花,KDR,蜜款冬花,KDR
蜜款冬花,KMT2A,蜜款冬花,KMT2A
蜜款冬花,MAP2K1,蜜款冬花,MAP2K1
蜜款冬花,MAPK1,蜜款冬花,MAPK1
蜜款冬花,MAPK14,蜜款冬花,MAPK14
蜜款冬花,MAPK9,蜜款冬花,MAPK9
蜜款冬花,MAPKAPK2,蜜款冬花,MAPKAPK2
蜜款冬花,MAPT,蜜款冬花,MAPT
蜜款冬花,MET,蜜款冬花,MET
蜜款冬花,MMP1,蜜款冬花,MMP1
蜜款冬花,MMP12,蜜款冬花,MMP12
蜜款冬花,MMP13,蜜款冬花,MMP13
蜜款冬花,MMP2,蜜款冬花,MMP2
蜜款冬花,MMP3,蜜款冬花,MMP3
蜜款冬花,MMP9,蜜款冬花,MMP9
蜜款冬花,MPG,蜜款冬花,MPG
蜜款冬花,NEK2,蜜款冬花,NEK2
蜜款冬花,NEK6,蜜款冬花,NEK6
蜜款冬花,NFKB1,蜜款冬花,NFKB1
蜜款冬花,NUAK1,蜜款冬花,NUAK1
蜜款冬花,PDE5A,蜜款冬花,PDE5A
蜜款冬花,PIK3CG,蜜款冬花,PIK3CG
蜜款冬花,PIM1,蜜款冬花,PIM1
蜜款冬花,PKN1,蜜款冬花,PKN1
蜜款冬花,PLG,蜜款冬花,PLG
蜜款冬花,PLK1,蜜款冬花,PLK1
蜜款冬花,PNP,蜜款冬花,PNP
蜜款冬花,POLB,蜜款冬花,POLB
蜜款冬花,PPARA,蜜款冬花,PPARA
蜜款冬花,PPARD,蜜款冬花,PPARD
蜜款冬花,PPARG,蜜款冬花,PPARG
蜜款冬花,PRKCA,蜜款冬花,PRKCA
蜜款冬花,PTGS1,蜜款冬花,PTGS1
蜜款冬花,PTGS2,蜜款冬花,PTGS2
蜜款冬花,PTK2,蜜款冬花,PTK2
蜜款冬花,PTPN1,蜜款冬花,PTPN1
蜜款冬花,PTPRS,蜜款冬花,PTPRS
蜜款冬花,PYGL,蜜款冬花,PYGL
蜜款冬花,RORC,蜜款冬花,RORC
蜜款冬花,SLC1A1,蜜款冬花,SLC1A1
蜜款冬花,SLC22A1,蜜款冬花,SLC22A1
蜜款冬花,SLC28A1,蜜款冬花,SLC28A1
蜜款冬花,SLC28A2,蜜款冬花,SLC28A2
蜜款冬花,SLC28A3,蜜款冬花,SLC28A3
蜜款冬花,SLCO1B1,蜜款冬花,SLCO1B1
蜜款冬花,SLCO1B3,蜜款冬花,SLCO1B3
蜜款冬花,SLCO2B1,蜜款冬花,SLCO2B1
蜜款冬花,SRC,蜜款冬花,SRC
蜜款冬花,SYK,蜜款冬花,SYK
蜜款冬花,THRB,蜜款冬花,THRB
蜜款冬花,TOP2A,蜜款冬花,TOP2A
蜜款冬花,TTR,蜜款冬花,TTR
蜜款冬花,TYR,蜜款冬花,TYR
蜜款冬花,UGT1A1,蜜款冬花,UGT1A1
蜜款冬花,XDH,蜜款冬花,XDH
蜜百部,EGLN1,蜜百部,EGLN1
蜜百部,MAPT,蜜百部,MAPT
蜜紫菀,ABCC1,蜜紫菀,ABCC1
蜜紫菀,ABCG2,蜜紫菀,ABCG2
蜜紫菀,ACHE,蜜紫菀,ACHE
蜜紫菀,ADORA3,蜜紫菀,ADORA3
蜜紫菀,AKR1B1,蜜紫菀,AKR1B1
蜜紫菀,AKR1B10,蜜紫菀,AKR1B10
蜜紫菀,AKT1,蜜紫菀,AKT1
蜜紫菀,ALK,蜜紫菀,ALK
蜜紫菀,ALOX12,蜜紫菀,ALOX12
蜜紫菀,ALOX15,蜜紫菀,ALOX15
蜜紫菀,ALOX5,蜜紫菀,ALOX5
蜜紫菀,AMY1A,蜜紫菀,AMY1A
蜜紫菀,APEX1,蜜紫菀,APEX1
蜜紫菀,APP,蜜紫菀,APP
蜜紫菀,AR,蜜紫菀,AR
蜜紫菀,AURKB,蜜紫菀,AURKB
蜜紫菀,AVPR2,蜜紫菀,AVPR2
蜜紫菀,AXL,蜜紫菀,AXL
蜜紫菀,BACE1,蜜紫菀,BACE1
蜜紫菀,BCHE,蜜紫菀,BCHE
蜜紫菀,CA1,蜜紫菀,CA1
蜜紫菀,CA12,蜜紫菀,CA12
蜜紫菀,CA14,蜜紫菀,CA14
蜜紫菀,CA2,蜜紫菀,CA2
蜜紫菀,CA3,蜜紫菀,CA3
蜜紫菀,CA4,蜜紫菀,CA4
蜜紫菀,CA5A,蜜紫菀,CA5A
蜜紫菀,CA5B,蜜紫菀,CA5B
蜜紫菀,CA6,蜜紫菀,CA6
蜜紫菀,CA7,蜜紫菀,CA7
蜜紫菀,CA9,蜜紫菀,CA9
蜜紫菀,CAMK2B,蜜紫菀,CAMK2B
蜜紫菀,CBR1,蜜紫菀,CBR1
蜜紫菀,CCR4,蜜紫菀,CCR4
蜜紫菀,CD38,蜜紫菀,CD38
蜜紫菀,CDK6,蜜紫菀,CDK6
蜜紫菀,CSNK2A1,蜜紫菀,CSNK2A1
蜜紫菀,CXCL8,蜜紫菀,CXCL8
蜜紫菀,CXCR1,蜜紫菀,CXCR1
蜜紫菀,CYP19A1,蜜紫菀,CYP19A1
蜜紫菀,CYP1A1,蜜紫菀,CYP1A1
蜜紫菀,CYP1A2,蜜紫菀,CYP1A2
蜜紫菀,CYP1B1,蜜紫菀,CYP1B1
蜜紫菀,CYP2A6,蜜紫菀,CYP2A6
蜜紫菀,CYP2B6,蜜紫菀,CYP2B6
蜜紫菀,CYP2C19,蜜紫菀,CYP2C19
蜜紫菀,CYP2C8,蜜紫菀,CYP2C8
蜜紫菀,CYP2C9,蜜紫菀,CYP2C9
蜜紫菀,CYP2D6,蜜紫菀,CYP2D6
蜜紫菀,CYP2J2,蜜紫菀,CYP2J2
蜜紫菀,CYP3A4,蜜紫菀,CYP3A4
蜜紫菀,DAO,蜜紫菀,DAO
蜜紫菀,DAPK1,蜜紫菀,DAPK1
蜜紫菀,DPP4,蜜紫菀,DPP4
蜜紫菀,DRD1,蜜紫菀,DRD1
蜜紫菀,DUSP3,蜜紫菀,DUSP3
蜜紫菀,EGFR,蜜紫菀,EGFR
蜜紫菀,EHMT2,蜜紫菀,EHMT2
蜜紫菀,EPHX2,蜜紫菀,EPHX2
蜜紫菀,ESR1,蜜紫菀,ESR1
蜜紫菀,ESRRA,蜜紫菀,ESRRA
蜜紫菀,F2,蜜紫菀,F2
蜜紫菀,F3,蜜紫菀,F3
蜜紫菀,FABP2,蜜紫菀,FABP2
蜜紫菀,FABP3,蜜紫菀,FABP3
蜜紫菀,FABP4,蜜紫菀,FABP4
蜜紫菀,FABP5,蜜紫菀,FABP5
蜜紫菀,FLT3,蜜紫菀,FLT3
蜜紫菀,GBA,蜜紫菀,GBA
蜜紫菀,GLO1,蜜紫菀,GLO1
蜜紫菀,GPR35,蜜紫菀,GPR35
蜜紫菀,GRM5,蜜紫菀,GRM5
蜜紫菀,GSK3B,蜜紫菀,GSK3B
蜜紫菀,HIF1A,蜜紫菀,HIF1A
蜜紫菀,HSD11B1,蜜紫菀,HSD11B1
蜜紫菀,HSD17B1,蜜紫菀,HSD17B1
蜜紫菀,HSD17B2,蜜紫菀,HSD17B2
蜜紫菀,HTR1A,蜜紫菀,HTR1A
蜜紫菀,IDH1,蜜紫菀,IDH1
蜜紫菀,IGF1R,蜜紫菀,IGF1R
蜜紫菀,KCNH2,蜜紫菀,KCNH2
蜜紫菀,KDM4E,蜜紫菀,KDM4E
蜜紫菀,KDR,蜜紫菀,KDR
蜜紫菀,KMT2A,蜜紫菀,KMT2A
蜜紫菀,MAP2K1,蜜紫菀,MAP2K1
蜜紫菀,MAPK1,蜜紫菀,MAPK1
蜜紫菀,MAPK14,蜜紫菀,MAPK14
蜜紫菀,MAPKAPK2,蜜紫菀,MAPKAPK2
蜜紫菀,MAPT,蜜紫菀,MAPT
蜜紫菀,MET,蜜紫菀,MET
蜜紫菀,MMP12,蜜紫菀,MMP12
蜜紫菀,MMP13,蜜紫菀,MMP13
蜜紫菀,MMP2,蜜紫菀,MMP2
蜜紫菀,MMP3,蜜紫菀,MMP3
蜜紫菀,MMP9,蜜紫菀,MMP9
蜜紫菀,MPG,蜜紫菀,MPG
蜜紫菀,NEK2,蜜紫菀,NEK2
蜜紫菀,NEK6,蜜紫菀,NEK6
蜜紫菀,NFKB1,蜜紫菀,NFKB1
蜜紫菀,NR1H4,蜜紫菀,NR1H4
蜜紫菀,NUAK1,蜜紫菀,NUAK1
蜜紫菀,PDE5A,蜜紫菀,PDE5A
蜜紫菀,PIK3CG,蜜紫菀,PIK3CG
蜜紫菀,PIM1,蜜紫菀,PIM1
蜜紫菀,PKN1,蜜紫菀,PKN1
蜜紫菀,PLG,蜜紫菀,PLG
蜜紫菀,PLK1,蜜紫菀,PLK1
蜜紫菀,POLB,蜜紫菀,POLB
蜜紫菀,PPARA,蜜紫菀,PPARA
蜜紫菀,PPARD,蜜紫菀,PPARD
蜜紫菀,PPARG,蜜紫菀,PPARG
蜜紫菀,PRKCA,蜜紫菀,PRKCA
蜜紫菀,PTGS1,蜜紫菀,PTGS1
蜜紫菀,PTGS2,蜜紫菀,PTGS2
蜜紫菀,PTK2,蜜紫菀,PTK2
蜜紫菀,PTPRS,蜜紫菀,PTPRS
蜜紫菀,PYGL,蜜紫菀,PYGL
蜜紫菀,RORC,蜜紫菀,RORC
蜜紫菀,SLCO1B1,蜜紫菀,SLCO1B1
蜜紫菀,SLCO1B3,蜜紫菀,SLCO1B3
蜜紫菀,SLCO2B1,蜜紫菀,SLCO2B1
蜜紫菀,SOAT1,蜜紫菀,SOAT1
蜜紫菀,SRC,蜜紫菀,SRC
蜜紫菀,SYK,蜜紫菀,SYK
蜜紫菀,TERT,蜜紫菀,TERT
蜜紫菀,THRB,蜜紫菀,THRB
蜜紫菀,TLR2,蜜紫菀,TLR2
蜜紫菀,TOP2A,蜜紫菀,TOP2A
蜜紫菀,TRPV1,蜜紫菀,TRPV1
蜜紫菀,TYR,蜜紫菀,TYR
蜜紫菀,UGT1A1,蜜紫菀,UGT1A1
蜜紫菀,XDH,蜜紫菀,XDH
蜜麻黄,ABCC1,蜜麻黄,ABCC1
蜜麻黄,ABCG2,蜜麻黄,ABCG2
蜜麻黄,ACHE,蜜麻黄,ACHE
蜜麻黄,ADORA3,蜜麻黄,ADORA3
蜜麻黄,AKR1B1,蜜麻黄,AKR1B1
蜜麻黄,AKR1B10,蜜麻黄,AKR1B10
蜜麻黄,AKT1,蜜麻黄,AKT1
蜜麻黄,ALK,蜜麻黄,ALK
蜜麻黄,ALOX12,蜜麻黄,ALOX12
蜜麻黄,ALOX15,蜜麻黄,ALOX15
蜜麻黄,ALOX5,蜜麻黄,ALOX5
蜜麻黄,AMY1A,蜜麻黄,AMY1A
蜜麻黄,AOC3,蜜麻黄,AOC3
蜜麻黄,APEX1,蜜麻黄,APEX1
蜜麻黄,APP,蜜麻黄,APP
蜜麻黄,AR,蜜麻黄,AR
蜜麻黄,AURKB,蜜麻黄,AURKB
蜜麻黄,AVPR2,蜜麻黄,AVPR2
蜜麻黄,AXL,蜜麻黄,AXL
蜜麻黄,BACE1,蜜麻黄,BACE1
蜜麻黄,BCHE,蜜麻黄,BCHE
蜜麻黄,BCL2,蜜麻黄,BCL2
蜜麻黄,BCL2L1,蜜麻黄,BCL2L1
蜜麻黄,CA1,蜜麻黄,CA1
蜜麻黄,CA12,蜜麻黄,CA12
蜜麻黄,CA13,蜜麻黄,CA13
蜜麻黄,CA14,蜜麻黄,CA14
蜜麻黄,CA2,蜜麻黄,CA2
蜜麻黄,CA3,蜜麻黄,CA3
蜜麻黄,CA4,蜜麻黄,CA4
蜜麻黄,CA5A,蜜麻黄,CA5A
蜜麻黄,CA5B,蜜麻黄,CA5B
蜜麻黄,CA6,蜜麻黄,CA6
蜜麻黄,CA7,蜜麻黄,CA7
蜜麻黄,CA9,蜜麻黄,CA9
蜜麻黄,CAMK2B,蜜麻黄,CAMK2B
蜜麻黄,CBR1,蜜麻黄,CBR1
蜜麻黄,CCR4,蜜麻黄,CCR4
蜜麻黄,CD38,蜜麻黄,CD38
蜜麻黄,CDK6,蜜麻黄,CDK6
蜜麻黄,CES1,蜜麻黄,CES1
蜜麻黄,CES2,蜜麻黄,CES2
蜜麻黄,CSNK2A1,蜜麻黄,CSNK2A1
蜜麻黄,CXCL8,蜜麻黄,CXCL8
蜜麻黄,CXCR1,蜜麻黄,CXCR1
蜜麻黄,CYP19A1,蜜麻黄,CYP19A1
蜜麻黄,CYP1A1,蜜麻黄,CYP1A1
蜜麻黄,CYP1A2,蜜麻黄,CYP1A2
蜜麻黄,CYP1B1,蜜麻黄,CYP1B1
蜜麻黄,CYP2A6,蜜麻黄,CYP2A6
蜜麻黄,CYP2C19,蜜麻黄,CYP2C19
蜜麻黄,CYP2C8,蜜麻黄,CYP2C8
蜜麻黄,CYP2C9,蜜麻黄,CYP2C9
蜜麻黄,CYP2D6,蜜麻黄,CYP2D6
蜜麻黄,CYP2J2,蜜麻黄,CYP2J2
蜜麻黄,CYP3A4,蜜麻黄,CYP3A4
蜜麻黄,DAPK1,蜜麻黄,DAPK1
蜜麻黄,DPP4,蜜麻黄,DPP4
蜜麻黄,DRD1,蜜麻黄,DRD1
蜜麻黄,EGFR,蜜麻黄,EGFR
蜜麻黄,EHMT2,蜜麻黄,EHMT2
蜜麻黄,EPHX2,蜜麻黄,EPHX2
蜜麻黄,ESR1,蜜麻黄,ESR1
蜜麻黄,ESRRA,蜜麻黄,ESRRA
蜜麻黄,F2,蜜麻黄,F2
蜜麻黄,FABP2,蜜麻黄,FABP2
蜜麻黄,FABP3,蜜麻黄,FABP3
蜜麻黄,FABP4,蜜麻黄,FABP4
蜜麻黄,FABP5,蜜麻黄,FABP5
蜜麻黄,FASN,蜜麻黄,FASN
蜜麻黄,FLT3,蜜麻黄,FLT3
蜜麻黄,GAA,蜜麻黄,GAA
蜜麻黄,GBA,蜜麻黄,GBA
蜜麻黄,GLO1,蜜麻黄,GLO1
蜜麻黄,GPR35,蜜麻黄,GPR35
蜜麻黄,GSK3B,蜜麻黄,GSK3B
蜜麻黄,HIF1A,蜜麻黄,HIF1A
蜜麻黄,HSD11B1,蜜麻黄,HSD11B1
蜜麻黄,HSD17B1,蜜麻黄,HSD17B1
蜜麻黄,HSD17B2,蜜麻黄,HSD17B2
蜜麻黄,HTR1A,蜜麻黄,HTR1A
蜜麻黄,IDH1,蜜麻黄,IDH1
蜜麻黄,IGF1R,蜜麻黄,IGF1R
蜜麻黄,INSR,蜜麻黄,INSR
蜜麻黄,KDM4E,蜜麻黄,KDM4E
蜜麻黄,KDR,蜜麻黄,KDR
蜜麻黄,KMT2A,蜜麻黄,KMT2A
蜜麻黄,MAP2K1,蜜麻黄,MAP2K1
蜜麻黄,MAPK1,蜜麻黄,MAPK1
蜜麻黄,MAPK14,蜜麻黄,MAPK14
蜜麻黄,MAPKAPK2,蜜麻黄,MAPKAPK2
蜜麻黄,MAPT,蜜麻黄,MAPT
蜜麻黄,MET,蜜麻黄,MET
蜜麻黄,MIF,蜜麻黄,MIF
蜜麻黄,MMP12,蜜麻黄,MMP12
蜜麻黄,MMP13,蜜麻黄,MMP13
蜜麻黄,MMP2,蜜麻黄,MMP2
蜜麻黄,MMP3,蜜麻黄,MMP3
蜜麻黄,MMP9,蜜麻黄,MMP9
蜜麻黄,MPG,蜜麻黄,MPG
蜜麻黄,NEK2,蜜麻黄,NEK2
蜜麻黄,NEK6,蜜麻黄,NEK6
蜜麻黄,NFKB1,蜜麻黄,NFKB1
蜜麻黄,NUAK1,蜜麻黄,NUAK1
蜜麻黄,PARP1,蜜麻黄,PARP1
蜜麻黄,PDE5A,蜜麻黄,PDE5A
蜜麻黄,PDPK1,蜜麻黄,PDPK1
蜜麻黄,PIK3CG,蜜麻黄,PIK3CG
蜜麻黄,PIM1,蜜麻黄,PIM1
蜜麻黄,PKN1,蜜麻黄,PKN1
蜜麻黄,PLG,蜜麻黄,PLG
蜜麻黄,PLK1,蜜麻黄,PLK1
蜜麻黄,POLB,蜜麻黄,POLB
蜜麻黄,PPARA,蜜麻黄,PPARA
蜜麻黄,PPARD,蜜麻黄,PPARD
蜜麻黄,PPARG,蜜麻黄,PPARG
蜜麻黄,PRKCA,蜜麻黄,PRKCA
蜜麻黄,PTGES,蜜麻黄,PTGES
蜜麻黄,PTGS1,蜜麻黄,PTGS1
蜜麻黄,PTGS2,蜜麻黄,PTGS2
蜜麻黄,PTK2,蜜麻黄,PTK2
蜜麻黄,PTPN1,蜜麻黄,PTPN1
蜜麻黄,PTPRS,蜜麻黄,PTPRS
蜜麻黄,PYGL,蜜麻黄,PYGL
蜜麻黄,RELA,蜜麻黄,RELA
蜜麻黄,RORC,蜜麻黄,RORC
蜜麻黄,SLC5A1,蜜麻黄,SLC5A1
蜜麻黄,SLC5A2,蜜麻黄,SLC5A2
蜜麻黄,SLCO1B1,蜜麻黄,SLCO1B1
蜜麻黄,SLCO1B3,蜜麻黄,SLCO1B3
蜜麻黄,SLCO2B1,蜜麻黄,SLCO2B1
蜜麻黄,SRC,蜜麻黄,SRC
蜜麻黄,STAT3,蜜麻黄,STAT3
蜜麻黄,SYK,蜜麻黄,SYK
蜜麻黄,THRB,蜜麻黄,THRB
蜜麻黄,TLR2,蜜麻黄,TLR2
蜜麻黄,TNKS,蜜麻黄,TNKS
蜜麻黄,TNKS2,蜜麻黄,TNKS2
蜜麻黄,TOP1,蜜麻黄,TOP1
蜜麻黄,TOP2A,蜜麻黄,TOP2A
蜜麻黄,TRPV1,蜜麻黄,TRPV1
蜜麻黄,TTR,蜜麻黄,TTR
蜜麻黄,TYR,蜜麻黄,TYR
蜜麻黄,UGT1A1,蜜麻黄,UGT1A1
蜜麻黄,XDH,蜜麻黄,XDH
蝉蜕,EHMT2,蝉蜕,EHMT2
蝉蜕,KDM4E,蝉蜕,KDM4E
补骨脂,ACHE,补骨脂,ACHE
补骨脂,ALOX15,补骨脂,ALOX15
补骨脂,BACE1,补骨脂,BACE1
补骨脂,CA1,补骨脂,CA1
补骨脂,CA12,补骨脂,CA12
补骨脂,CA14,补骨脂,CA14
补骨脂,CA2,补骨脂,CA2
补骨脂,CA3,补骨脂,CA3
补骨脂,CA4,补骨脂,CA4
补骨脂,CA5A,补骨脂,CA5A
补骨脂,CA5B,补骨脂,CA5B
补骨脂,CA6,补骨脂,CA6
补骨脂,CA7,补骨脂,CA7
补骨脂,CA9,补骨脂,CA9
补骨脂,CXCL8,补骨脂,CXCL8
补骨脂,CYP19A1,补骨脂,CYP19A1
补骨脂,CYP2A13,补骨脂,CYP2A13
补骨脂,CYP2A6,补骨脂,CYP2A6
补骨脂,CYP2C19,补骨脂,CYP2C19
补骨脂,CYP2C9,补骨脂,CYP2C9
补骨脂,CYP2D6,补骨脂,CYP2D6
补骨脂,CYP3A4,补骨脂,CYP3A4
补骨脂,DUSP3,补骨脂,DUSP3
补骨脂,EHMT2,补骨脂,EHMT2
补骨脂,ESR1,补骨脂,ESR1
补骨脂,ESR2,补骨脂,ESR2
补骨脂,HIF1A,补骨脂,HIF1A
补骨脂,HSP90AA1,补骨脂,HSP90AA1
补骨脂,HSP90AB1,补骨脂,HSP90AB1
补骨脂,IDO1,补骨脂,IDO1
补骨脂,KDM4E,补骨脂,KDM4E
补骨脂,MAOA,补骨脂,MAOA
补骨脂,MAPK1,补骨脂,MAPK1
补骨脂,MAPT,补骨脂,MAPT
补骨脂,NFKB1,补骨脂,NFKB1
补骨脂,PDE5A,补骨脂,PDE5A
补骨脂,PPARA,补骨脂,PPARA
补骨脂,PPARD,补骨脂,PPARD
补骨脂,PPARG,补骨脂,PPARG
补骨脂,PTPN1,补骨脂,PTPN1
补骨脂,PTPN2,补骨脂,PTPN2
补骨脂,RORC,补骨脂,RORC
补骨脂,SLCO1B1,补骨脂,SLCO1B1
补骨脂,SLCO1B3,补骨脂,SLCO1B3
补骨脂,SLCO2B1,补骨脂,SLCO2B1
补骨脂,THRB,补骨脂,THRB
诃子,ACHE,诃子,ACHE
诃子,ADRA2B,诃子,ADRA2B
诃子,AKR1B1,诃子,AKR1B1
诃子,AKR1B10,诃子,AKR1B10
诃子,AKT1,诃子,AKT1
诃子,ALOX12,诃子,ALOX12
诃子,ALOX15,诃子,ALOX15
诃子,ALOX5,诃子,ALOX5
诃子,AMY1A,诃子,AMY1A
诃子,APEX1,诃子,APEX1
诃子,APP,诃子,APP
诃子,AURKA,诃子,AURKA
诃子,AURKB,诃子,AURKB
诃子,BACE1,诃子,BACE1
诃子,BCHE,诃子,BCHE
诃子,BCL2,诃子,BCL2
诃子,BCL2L1,诃子,BCL2L1
诃子,BRAF,诃子,BRAF
诃子,CA1,诃子,CA1
诃子,CA12,诃子,CA12
诃子,CA13,诃子,CA13
诃子,CA14,诃子,CA14
诃子,CA2,诃子,CA2
诃子,CA3,诃子,CA3
诃子,CA4,诃子,CA4
诃子,CA5A,诃子,CA5A
诃子,CA5B,诃子,CA5B
诃子,CA6,诃子,CA6
诃子,CA7,诃子,CA7
诃子,CA9,诃子,CA9
诃子,CARM1,诃子,CARM1
诃子,CD38,诃子,CD38
诃子,CDK6,诃子,CDK6
诃子,CSNK2A1,诃子,CSNK2A1
诃子,CXCL8,诃子,CXCL8
诃子,CYP19A1,诃子,CYP19A1
诃子,CYP1A1,诃子,CYP1A1
诃子,CYP1A2,诃子,CYP1A2
诃子,CYP1B1,诃子,CYP1B1
诃子,CYP2A6,诃子,CYP2A6
诃子,CYP2C19,诃子,CYP2C19
诃子,CYP2C9,诃子,CYP2C9
诃子,CYP2D6,诃子,CYP2D6
诃子,CYP3A4,诃子,CYP3A4
诃子,DAPK1,诃子,DAPK1
诃子,DUSP3,诃子,DUSP3
诃子,DYRK1A,诃子,DYRK1A
诃子,EGFR,诃子,EGFR
诃子,EHMT2,诃子,EHMT2
诃子,EPHB4,诃子,EPHB4
诃子,EPHX2,诃子,EPHX2
诃子,ERBB2,诃子,ERBB2
诃子,ESR1,诃子,ESR1
诃子,F3,诃子,F3
诃子,FABP2,诃子,FABP2
诃子,FABP3,诃子,FABP3
诃子,FABP4,诃子,FABP4
诃子,FABP5,诃子,FABP5
诃子,FASN,诃子,FASN
诃子,FLT3,诃子,FLT3
诃子,FLT4,诃子,FLT4
诃子,FUT7,诃子,FUT7
诃子,GAA,诃子,GAA
诃子,GBA,诃子,GBA
诃子,GLO1,诃子,GLO1
诃子,GPR35,诃子,GPR35
诃子,GSK3B,诃子,GSK3B
诃子,GSTP1,诃子,GSTP1
诃子,HIF1A,诃子,HIF1A
诃子,HKDC1,诃子,HKDC1
诃子,HSPA1A,诃子,HSPA1A
诃子,HSPA8,诃子,HSPA8
诃子,IDH1,诃子,IDH1
诃子,IGF1R,诃子,IGF1R
诃子,INSR,诃子,INSR
诃子,KCNH2,诃子,KCNH2
诃子,KDM4E,诃子,KDM4E
诃子,KDR,诃子,KDR
诃子,KMT2A,诃子,KMT2A
诃子,MAP3K8,诃子,MAP3K8
诃子,MAPK1,诃子,MAPK1
诃子,MAPT,诃子,MAPT
诃子,MCL1,诃子,MCL1
诃子,MET,诃子,MET
诃子,MMP12,诃子,MMP12
诃子,MMP13,诃子,MMP13
诃子,MMP2,诃子,MMP2
诃子,MMP3,诃子,MMP3
诃子,MMP9,诃子,MMP9
诃子,NFKB1,诃子,NFKB1
诃子,NR1I2,诃子,NR1I2
诃子,NUAK1,诃子,NUAK1
诃子,PARP1,诃子,PARP1
诃子,PDE5A,诃子,PDE5A
诃子,PDGFRB,诃子,PDGFRB
诃子,PIM1,诃子,PIM1
诃子,PLG,诃子,PLG
诃子,PLK1,诃子,PLK1
诃子,PLK4,诃子,PLK4
诃子,POLB,诃子,POLB
诃子,PPARA,诃子,PPARA
诃子,PPARD,诃子,PPARD
诃子,PPARG,诃子,PPARG
诃子,PTGS1,诃子,PTGS1
诃子,PTGS2,诃子,PTGS2
诃子,PTK2,诃子,PTK2
诃子,RORC,诃子,RORC
诃子,SMAD3,诃子,SMAD3
诃子,SOAT1,诃子,SOAT1
诃子,SRC,诃子,SRC
诃子,SYK,诃子,SYK
诃子,TBXAS1,诃子,TBXAS1
诃子,TEK,诃子,TEK
诃子,TERT,诃子,TERT
诃子,THRB,诃子,THRB
诃子,TLR2,诃子,TLR2
诃子,TNKS,诃子,TNKS
诃子,TNKS2,诃子,TNKS2
诃子,TOP1,诃子,TOP1
诃子,TOP2A,诃子,TOP2A
诃子,TTR,诃子,TTR
诃子,TYR,诃子,TYR
诃子,UGT1A1,诃子,UGT1A1
诃子,XDH,诃子,XDH
豆蔻,CYP3A4,豆蔻,CYP3A4
败酱草,ABCC1,败酱草,ABCC1
败酱草,ABCG2,败酱草,ABCG2
败酱草,ACHE,败酱草,ACHE
败酱草,ACP1,败酱草,ACP1
败酱草,ADORA3,败酱草,ADORA3
败酱草,ADRA2B,败酱草,ADRA2B
败酱草,AKR1B1,败酱草,AKR1B1
败酱草,AKR1B10,败酱草,AKR1B10
败酱草,AKT1,败酱草,AKT1
败酱草,ALK,败酱草,ALK
败酱草,ALOX12,败酱草,ALOX12
败酱草,ALOX15,败酱草,ALOX15
败酱草,ALOX5,败酱草,ALOX5
败酱草,ALPI,败酱草,ALPI
败酱草,ALPL,败酱草,ALPL
败酱草,AMY1A,败酱草,AMY1A
败酱草,APEX1,败酱草,APEX1
败酱草,APP,败酱草,APP
败酱草,AR,败酱草,AR
败酱草,AURKB,败酱草,AURKB
败酱草,AVPR2,败酱草,AVPR2
败酱草,AXL,败酱草,AXL
败酱草,BACE1,败酱草,BACE1
败酱草,BCHE,败酱草,BCHE
败酱草,BCL2,败酱草,BCL2
败酱草,BCL2L1,败酱草,BCL2L1
败酱草,CA1,败酱草,CA1
败酱草,CA12,败酱草,CA12
败酱草,CA13,败酱草,CA13
败酱草,CA14,败酱草,CA14
败酱草,CA2,败酱草,CA2
败酱草,CA3,败酱草,CA3
败酱草,CA4,败酱草,CA4
败酱草,CA5A,败酱草,CA5A
败酱草,CA5B,败酱草,CA5B
败酱草,CA6,败酱草,CA6
败酱草,CA7,败酱草,CA7
败酱草,CA9,败酱草,CA9
败酱草,CAMK2B,败酱草,CAMK2B
败酱草,CCR4,败酱草,CCR4
败酱草,CD38,败酱草,CD38
败酱草,CDC25B,败酱草,CDC25B
败酱草,CDK6,败酱草,CDK6
败酱草,CSNK2A1,败酱草,CSNK2A1
败酱草,CTSD,败酱草,CTSD
败酱草,CXCL8,败酱草,CXCL8
败酱草,CXCR1,败酱草,CXCR1
败酱草,CYP19A1,败酱草,CYP19A1
败酱草,CYP1A1,败酱草,CYP1A1
败酱草,CYP1A2,败酱草,CYP1A2
败酱草,CYP1B1,败酱草,CYP1B1
败酱草,CYP2C19,败酱草,CYP2C19
败酱草,CYP2C8,败酱草,CYP2C8
败酱草,CYP2C9,败酱草,CYP2C9
败酱草,CYP2D6,败酱草,CYP2D6
败酱草,CYP2J2,败酱草,CYP2J2
败酱草,CYP3A4,败酱草,CYP3A4
败酱草,DAPK1,败酱草,DAPK1
败酱草,DPP4,败酱草,DPP4
败酱草,DRD1,败酱草,DRD1
败酱草,EGFR,败酱草,EGFR
败酱草,EHMT2,败酱草,EHMT2
败酱草,EPHX2,败酱草,EPHX2
败酱草,ESR1,败酱草,ESR1
败酱草,ESRRA,败酱草,ESRRA
败酱草,F2,败酱草,F2
败酱草,FABP2,败酱草,FABP2
败酱草,FABP3,败酱草,FABP3
败酱草,FABP4,败酱草,FABP4
败酱草,FABP5,败酱草,FABP5
败酱草,FASN,败酱草,FASN
败酱草,FLT3,败酱草,FLT3
败酱草,GAA,败酱草,GAA
败酱草,GBA,败酱草,GBA
败酱草,GLO1,败酱草,GLO1
败酱草,GPR35,败酱草,GPR35
败酱草,GSK3B,败酱草,GSK3B
败酱草,HCAR2,败酱草,HCAR2
败酱草,HIF1A,败酱草,HIF1A
败酱草,HSD11B1,败酱草,HSD11B1
败酱草,HSD17B1,败酱草,HSD17B1
败酱草,HSD17B2,败酱草,HSD17B2
败酱草,HTR1A,败酱草,HTR1A
败酱草,HTR7,败酱草,HTR7
败酱草,IDH1,败酱草,IDH1
败酱草,IDO1,败酱草,IDO1
败酱草,IGF1R,败酱草,IGF1R
败酱草,INSR,败酱草,INSR
败酱草,KDM4E,败酱草,KDM4E
败酱草,KDR,败酱草,KDR
败酱草,KMT2A,败酱草,KMT2A
败酱草,MAP2K1,败酱草,MAP2K1
败酱草,MAPK1,败酱草,MAPK1
败酱草,MAPK14,败酱草,MAPK14
败酱草,MAPKAPK2,败酱草,MAPKAPK2
败酱草,MAPT,败酱草,MAPT
败酱草,MET,败酱草,MET
败酱草,MGLL,败酱草,MGLL
败酱草,MMP12,败酱草,MMP12
败酱草,MMP13,败酱草,MMP13
败酱草,MMP2,败酱草,MMP2
败酱草,MMP3,败酱草,MMP3
败酱草,MMP9,败酱草,MMP9
败酱草,MPG,败酱草,MPG
败酱草,NEK2,败酱草,NEK2
败酱草,NEK6,败酱草,NEK6
败酱草,NFKB1,败酱草,NFKB1
败酱草,NOS2,败酱草,NOS2
败酱草,NR1H4,败酱草,NR1H4
败酱草,NUAK1,败酱草,NUAK1
败酱草,PARP1,败酱草,PARP1
败酱草,PDE5A,败酱草,PDE5A
败酱草,PIK3CG,败酱草,PIK3CG
败酱草,PIM1,败酱草,PIM1
败酱草,PKN1,败酱草,PKN1
败酱草,PLG,败酱草,PLG
败酱草,PLK1,败酱草,PLK1
败酱草,POLB,败酱草,POLB
败酱草,PPARA,败酱草,PPARA
败酱草,PPARD,败酱草,PPARD
败酱草,PPARG,败酱草,PPARG
败酱草,PRKCA,败酱草,PRKCA
败酱草,PTGS1,败酱草,PTGS1
败酱草,PTGS2,败酱草,PTGS2
败酱草,PTK2,败酱草,PTK2
败酱草,PTPN1,败酱草,PTPN1
败酱草,PTPN11,败酱草,PTPN11
败酱草,PTPN2,败酱草,PTPN2
败酱草,PTPN6,败酱草,PTPN6
败酱草,PTPRF,败酱草,PTPRF
败酱草,PTPRS,败酱草,PTPRS
败酱草,PYGL,败酱草,PYGL
败酱草,RELA,败酱草,RELA
败酱草,RORC,败酱草,RORC
败酱草,SLCO1B1,败酱草,SLCO1B1
败酱草,SLCO1B3,败酱草,SLCO1B3
败酱草,SLCO2B1,败酱草,SLCO2B1
败酱草,SRC,败酱草,SRC
败酱草,SYK,败酱草,SYK
败酱草,THRB,败酱草,THRB
败酱草,TLR2,败酱草,TLR2
败酱草,TNKS,败酱草,TNKS
败酱草,TNKS2,败酱草,TNKS2
败酱草,TOP1,败酱草,TOP1
败酱草,TOP2A,败酱草,TOP2A
败酱草,TTR,败酱草,TTR
败酱草,TYR,败酱草,TYR
败酱草,UGT1A1,败酱草,UGT1A1
败酱草,XDH,败酱草,XDH
贯众,ABCB1,贯众,ABCB1
贯众,ABCC1,贯众,ABCC1
贯众,ABCG2,贯众,ABCG2
贯众,ACHE,贯众,ACHE
贯众,ACP1,贯众,ACP1
贯众,ADORA3,贯众,ADORA3
贯众,AKR1B1,贯众,AKR1B1
贯众,AKR1B10,贯众,AKR1B10
贯众,AKT1,贯众,AKT1
贯众,ALK,贯众,ALK
贯众,ALOX12,贯众,ALOX12
贯众,ALOX15,贯众,ALOX15
贯众,ALOX5,贯众,ALOX5
贯众,AMY1A,贯众,AMY1A
贯众,APEX1,贯众,APEX1
贯众,APP,贯众,APP
贯众,AR,贯众,AR
贯众,AURKB,贯众,AURKB
贯众,AVPR2,贯众,AVPR2
贯众,AXL,贯众,AXL
贯众,BACE1,贯众,BACE1
贯众,BCHE,贯众,BCHE
贯众,BCL2L1,贯众,BCL2L1
贯众,BCR,贯众,BCR
贯众,CA1,贯众,CA1
贯众,CA12,贯众,CA12
贯众,CA13,贯众,CA13
贯众,CA14,贯众,CA14
贯众,CA2,贯众,CA2
贯众,CA3,贯众,CA3
贯众,CA4,贯众,CA4
贯众,CA5A,贯众,CA5A
贯众,CA5B,贯众,CA5B
贯众,CA6,贯众,CA6
贯众,CA7,贯众,CA7
贯众,CA9,贯众,CA9
贯众,CAMK2B,贯众,CAMK2B
贯众,CCR4,贯众,CCR4
贯众,CD38,贯众,CD38
贯众,CDC25B,贯众,CDC25B
贯众,CDK6,贯众,CDK6
贯众,CTSL,贯众,CTSL
贯众,CXCR1,贯众,CXCR1
贯众,CYP19A1,贯众,CYP19A1
贯众,CYP1A1,贯众,CYP1A1
贯众,CYP1A2,贯众,CYP1A2
贯众,CYP1B1,贯众,CYP1B1
贯众,CYP2C19,贯众,CYP2C19
贯众,CYP2C8,贯众,CYP2C8
贯众,CYP2C9,贯众,CYP2C9
贯众,CYP2D6,贯众,CYP2D6
贯众,CYP2J2,贯众,CYP2J2
贯众,CYP3A4,贯众,CYP3A4
贯众,DAPK1,贯众,DAPK1
贯众,DPP4,贯众,DPP4
贯众,DRD1,贯众,DRD1
贯众,DUSP3,贯众,DUSP3
贯众,EGFR,贯众,EGFR
贯众,EHMT2,贯众,EHMT2
贯众,EPHX2,贯众,EPHX2
贯众,ESR1,贯众,ESR1
贯众,ESR2,贯众,ESR2
贯众,ESRRA,贯众,ESRRA
贯众,F2,贯众,F2
贯众,F3,贯众,F3
贯众,FABP3,贯众,FABP3
贯众,FABP4,贯众,FABP4
贯众,FASN,贯众,FASN
贯众,FLT3,贯众,FLT3
贯众,GAA,贯众,GAA
贯众,GBA,贯众,GBA
贯众,GLO1,贯众,GLO1
贯众,GPR35,贯众,GPR35
贯众,GSK3B,贯众,GSK3B
贯众,HIF1A,贯众,HIF1A
贯众,HSD11B1,贯众,HSD11B1
贯众,HSD17B1,贯众,HSD17B1
贯众,HSD17B2,贯众,HSD17B2
贯众,HTR1A,贯众,HTR1A
贯众,IDH1,贯众,IDH1
贯众,IGF1R,贯众,IGF1R
贯众,KDM4E,贯众,KDM4E
贯众,KDR,贯众,KDR
贯众,KMT2A,贯众,KMT2A
贯众,MAOA,贯众,MAOA
贯众,MAOB,贯众,MAOB
贯众,MAP2K1,贯众,MAP2K1
贯众,MAPK1,贯众,MAPK1
贯众,MAPK14,贯众,MAPK14
贯众,MAPKAPK2,贯众,MAPKAPK2
贯众,MAPT,贯众,MAPT
贯众,MET,贯众,MET
贯众,MGLL,贯众,MGLL
贯众,MMP12,贯众,MMP12
贯众,MMP13,贯众,MMP13
贯众,MMP2,贯众,MMP2
贯众,MMP3,贯众,MMP3
贯众,MMP9,贯众,MMP9
贯众,MPG,贯众,MPG
贯众,NEK2,贯众,NEK2
贯众,NEK6,贯众,NEK6
贯众,NFKB1,贯众,NFKB1
贯众,NOS2,贯众,NOS2
贯众,NQO2,贯众,NQO2
贯众,NR1H4,贯众,NR1H4
贯众,NUAK1,贯众,NUAK1
贯众,ODC1,贯众,ODC1
贯众,PDE5A,贯众,PDE5A
贯众,PIK3CA,贯众,PIK3CA
贯众,PIK3CB,贯众,PIK3CB
贯众,PIK3CG,贯众,PIK3CG
贯众,PIM1,贯众,PIM1
贯众,PKN1,贯众,PKN1
贯众,PLG,贯众,PLG
贯众,PLK1,贯众,PLK1
贯众,POLB,贯众,POLB
贯众,PPARA,贯众,PPARA
贯众,PPARD,贯众,PPARD
贯众,PPARG,贯众,PPARG
贯众,PRKCA,贯众,PRKCA
贯众,PTGS1,贯众,PTGS1
贯众,PTGS2,贯众,PTGS2
贯众,PTK2,贯众,PTK2
贯众,PTPN1,贯众,PTPN1
贯众,PTPN11,贯众,PTPN11
贯众,PTPN2,贯众,PTPN2
贯众,PTPN6,贯众,PTPN6
贯众,PTPRF,贯众,PTPRF
贯众,PTPRS,贯众,PTPRS
贯众,PYGL,贯众,PYGL
贯众,RORC,贯众,RORC
贯众,SLCO1B1,贯众,SLCO1B1
贯众,SLCO1B3,贯众,SLCO1B3
贯众,SLCO2B1,贯众,SLCO2B1
贯众,SOAT1,贯众,SOAT1
贯众,SRC,贯众,SRC
贯众,SYK,贯众,SYK
贯众,TERT,贯众,TERT
贯众,THRB,贯众,THRB
贯众,TOP1,贯众,TOP1
贯众,TOP2A,贯众,TOP2A
贯众,TYR,贯众,TYR
贯众,UGT1A1,贯众,UGT1A1
贯众,XDH,贯众,XDH
赤芍,ABCB11,赤芍,ABCB11
赤芍,AKR1B1,赤芍,AKR1B1
赤芍,AKT1,赤芍,AKT1
赤芍,ALOX12,赤芍,ALOX12
赤芍,ALOX15,赤芍,ALOX15
赤芍,ALOX5,赤芍,ALOX5
赤芍,AMY1A,赤芍,AMY1A
赤芍,APEX1,赤芍,APEX1
赤芍,AURKA,赤芍,AURKA
赤芍,AURKB,赤芍,AURKB
赤芍,BACE1,赤芍,BACE1
赤芍,BRAF,赤芍,BRAF
赤芍,CA1,赤芍,CA1
赤芍,CA12,赤芍,CA12
赤芍,CA13,赤芍,CA13
赤芍,CA14,赤芍,CA14
赤芍,CA2,赤芍,CA2
赤芍,CA3,赤芍,CA3
赤芍,CA4,赤芍,CA4
赤芍,CA5A,赤芍,CA5A
赤芍,CA5B,赤芍,CA5B
赤芍,CA6,赤芍,CA6
赤芍,CA7,赤芍,CA7
赤芍,CA9,赤芍,CA9
赤芍,CARM1,赤芍,CARM1
赤芍,CSNK2A1,赤芍,CSNK2A1
赤芍,CXCL8,赤芍,CXCL8
赤芍,CYP19A1,赤芍,CYP19A1
赤芍,CYP2C19,赤芍,CYP2C19
赤芍,CYP2C9,赤芍,CYP2C9
赤芍,CYP2D6,赤芍,CYP2D6
赤芍,CYP3A4,赤芍,CYP3A4
赤芍,DAO,赤芍,DAO
赤芍,DAPK1,赤芍,DAPK1
赤芍,DPP4,赤芍,DPP4
赤芍,DUSP3,赤芍,DUSP3
赤芍,DYRK1A,赤芍,DYRK1A
赤芍,EGFR,赤芍,EGFR
赤芍,EHMT2,赤芍,EHMT2
赤芍,EPHB4,赤芍,EPHB4
赤芍,EPHX2,赤芍,EPHX2
赤芍,ERBB2,赤芍,ERBB2
赤芍,ESR1,赤芍,ESR1
赤芍,F10,赤芍,F10
赤芍,F2,赤芍,F2
赤芍,F3,赤芍,F3
赤芍,FABP2,赤芍,FABP2
赤芍,FABP3,赤芍,FABP3
赤芍,FABP4,赤芍,FABP4
赤芍,FABP5,赤芍,FABP5
赤芍,FLT3,赤芍,FLT3
赤芍,FLT4,赤芍,FLT4
赤芍,FUT7,赤芍,FUT7
赤芍,GAA,赤芍,GAA
赤芍,GBA,赤芍,GBA
赤芍,GLO1,赤芍,GLO1
赤芍,GPR35,赤芍,GPR35
赤芍,GRK6,赤芍,GRK6
赤芍,GRM5,赤芍,GRM5
赤芍,GSK3B,赤芍,GSK3B
赤芍,GSTP1,赤芍,GSTP1
赤芍,HIF1A,赤芍,HIF1A
赤芍,HSD17B3,赤芍,HSD17B3
赤芍,HSPA1A,赤芍,HSPA1A
赤芍,HSPA8,赤芍,HSPA8
赤芍,HTR7,赤芍,HTR7
赤芍,IDH1,赤芍,IDH1
赤芍,IDO1,赤芍,IDO1
赤芍,IGF1R,赤芍,IGF1R
赤芍,INSR,赤芍,INSR
赤芍,KDM4E,赤芍,KDM4E
赤芍,KDR,赤芍,KDR
赤芍,KMT2A,赤芍,KMT2A
赤芍,MAP3K8,赤芍,MAP3K8
赤芍,MAPK1,赤芍,MAPK1
赤芍,MAPT,赤芍,MAPT
赤芍,MCL1,赤芍,MCL1
赤芍,MET,赤芍,MET
赤芍,MMP1,赤芍,MMP1
赤芍,MMP2,赤芍,MMP2
赤芍,MMP3,赤芍,MMP3
赤芍,MMP9,赤芍,MMP9
赤芍,NFKB1,赤芍,NFKB1
赤芍,NR1H4,赤芍,NR1H4
赤芍,NUAK1,赤芍,NUAK1
赤芍,PDGFRB,赤芍,PDGFRB
赤芍,PIM1,赤芍,PIM1
赤芍,PLK1,赤芍,PLK1
赤芍,PLK4,赤芍,PLK4
赤芍,POLB,赤芍,POLB
赤芍,PPARA,赤芍,PPARA
赤芍,PPARD,赤芍,PPARD
赤芍,PPARG,赤芍,PPARG
赤芍,PTGS1,赤芍,PTGS1
赤芍,PTK2,赤芍,PTK2
赤芍,PTPRS,赤芍,PTPRS
赤芍,RORC,赤芍,RORC
赤芍,SLCO1B1,赤芍,SLCO1B1
赤芍,SLCO1B3,赤芍,SLCO1B3
赤芍,SLCO2B1,赤芍,SLCO2B1
赤芍,SMAD3,赤芍,SMAD3
赤芍,SOAT1,赤芍,SOAT1
赤芍,SRC,赤芍,SRC
赤芍,TEK,赤芍,TEK
赤芍,TERT,赤芍,TERT
赤芍,THRB,赤芍,THRB
赤芍,TLR2,赤芍,TLR2
赤芍,TYR,赤芍,TYR
赤芍,UGT1A1,赤芍,UGT1A1
车前子,ACP1,车前子,ACP1
车前子,AKR1B1,车前子,AKR1B1
车前子,AKR1B10,车前子,AKR1B10
车前子,AKT1,车前子,AKT1
车前子,ALOX15,车前子,ALOX15
车前子,ALOX5,车前子,ALOX5
车前子,CA1,车前子,CA1
车前子,CA12,车前子,CA12
车前子,CA14,车前子,CA14
车前子,CA2,车前子,CA2
车前子,CA3,车前子,CA3
车前子,CA4,车前子,CA4
车前子,CA5A,车前子,CA5A
车前子,CA5B,车前子,CA5B
车前子,CA6,车前子,CA6
车前子,CA7,车前子,CA7
车前子,CA9,车前子,CA9
车前子,CDC25B,车前子,CDC25B
车前子,CTSD,车前子,CTSD
车前子,CYP19A1,车前子,CYP19A1
车前子,CYP2D6,车前子,CYP2D6
车前子,CYP3A4,车前子,CYP3A4
车前子,DPP4,车前子,DPP4
车前子,EGFR,车前子,EGFR
车前子,EHMT2,车前子,EHMT2
车前子,ESR1,车前子,ESR1
车前子,F3,车前子,F3
车前子,FABP2,车前子,FABP2
车前子,FABP3,车前子,FABP3
车前子,FABP4,车前子,FABP4
车前子,FABP5,车前子,FABP5
车前子,GAA,车前子,GAA
车前子,GSK3B,车前子,GSK3B
车前子,HSD11B1,车前子,HSD11B1
车前子,HSP90AB1,车前子,HSP90AB1
车前子,HTR7,车前子,HTR7
车前子,IDH1,车前子,IDH1
车前子,KDM4E,车前子,KDM4E
车前子,MAP2K1,车前子,MAP2K1
车前子,MAPK1,车前子,MAPK1
车前子,MAPK14,车前子,MAPK14
车前子,MAPK9,车前子,MAPK9
车前子,MAPT,车前子,MAPT
车前子,MGLL,车前子,MGLL
车前子,MMP1,车前子,MMP1
车前子,MMP12,车前子,MMP12
车前子,MMP13,车前子,MMP13
车前子,MMP2,车前子,MMP2
车前子,MMP3,车前子,MMP3
车前子,MMP9,车前子,MMP9
车前子,NFKB1,车前子,NFKB1
车前子,NOS2,车前子,NOS2
车前子,NR1H4,车前子,NR1H4
车前子,NR1I2,车前子,NR1I2
车前子,PPARA,车前子,PPARA
车前子,PPARD,车前子,PPARD
车前子,PPARG,车前子,PPARG
车前子,PRKCA,车前子,PRKCA
车前子,PTGS1,车前子,PTGS1
车前子,PTGS2,车前子,PTGS2
车前子,PTPN1,车前子,PTPN1
车前子,PTPN11,车前子,PTPN11
车前子,PTPN2,车前子,PTPN2
车前子,PTPN6,车前子,PTPN6
车前子,PTPRF,车前子,PTPRF
车前子,RORC,车前子,RORC
车前子,TERT,车前子,TERT
车前子,TLR2,车前子,TLR2
车前子,TOP1,车前子,TOP1
车前子,TOP2A,车前子,TOP2A
车前子,XDH,车前子,XDH
辛夷,ALOX15,辛夷,ALOX15
辛夷,AR,辛夷,AR
辛夷,CD38,辛夷,CD38
辛夷,CNR1,辛夷,CNR1
辛夷,CNR2,辛夷,CNR2
辛夷,CXCL8,辛夷,CXCL8
辛夷,CYP3A4,辛夷,CYP3A4
辛夷,EHMT2,辛夷,EHMT2
辛夷,GAA,辛夷,GAA
辛夷,KDM4E,辛夷,KDM4E
辛夷,MAPK1,辛夷,MAPK1
辛夷,MAPT,辛夷,MAPT
辛夷,PTAFR,辛夷,PTAFR
辛夷,RORC,辛夷,RORC
辛夷,TRPV1,辛夷,TRPV1
辛夷,UGT1A1,辛夷,UGT1A1
连翘,ABCC1,连翘,ABCC1
连翘,ABCG2,连翘,ABCG2
连翘,ACHE,连翘,ACHE
连翘,ACP1,连翘,ACP1
连翘,ADORA3,连翘,ADORA3
连翘,AKR1B1,连翘,AKR1B1
连翘,AKR1B10,连翘,AKR1B10
连翘,AKR1C2,连翘,AKR1C2
连翘,AKR1C3,连翘,AKR1C3
连翘,AKR1C4,连翘,AKR1C4
连翘,AKT1,连翘,AKT1
连翘,ALK,连翘,ALK
连翘,ALOX12,连翘,ALOX12
连翘,ALOX15,连翘,ALOX15
连翘,ALOX5,连翘,ALOX5
连翘,ALPI,连翘,ALPI
连翘,ALPL,连翘,ALPL
连翘,AMY1A,连翘,AMY1A
连翘,APEX1,连翘,APEX1
连翘,APP,连翘,APP
连翘,AURKB,连翘,AURKB
连翘,AVPR2,连翘,AVPR2
连翘,AXL,连翘,AXL
连翘,BACE1,连翘,BACE1
连翘,BCHE,连翘,BCHE
连翘,CA1,连翘,CA1
连翘,CA12,连翘,CA12
连翘,CA14,连翘,CA14
连翘,CA2,连翘,CA2
连翘,CA3,连翘,CA3
连翘,CA4,连翘,CA4
连翘,CA5A,连翘,CA5A
连翘,CA5B,连翘,CA5B
连翘,CA6,连翘,CA6
连翘,CA7,连翘,CA7
连翘,CA9,连翘,CA9
连翘,CAMK2B,连翘,CAMK2B
连翘,CCR4,连翘,CCR4
连翘,CD38,连翘,CD38
连翘,CDC25B,连翘,CDC25B
连翘,CDK6,连翘,CDK6
连翘,CTSD,连翘,CTSD
连翘,CXCR1,连翘,CXCR1
连翘,CYP19A1,连翘,CYP19A1
连翘,CYP1A1,连翘,CYP1A1
连翘,CYP1A2,连翘,CYP1A2
连翘,CYP1B1,连翘,CYP1B1
连翘,CYP2C19,连翘,CYP2C19
连翘,CYP2C8,连翘,CYP2C8
连翘,CYP2C9,连翘,CYP2C9
连翘,CYP2D6,连翘,CYP2D6
连翘,CYP2J2,连翘,CYP2J2
连翘,CYP3A4,连翘,CYP3A4
连翘,DAO,连翘,DAO
连翘,DAPK1,连翘,DAPK1
连翘,DPP4,连翘,DPP4
连翘,DRD1,连翘,DRD1
连翘,DUSP3,连翘,DUSP3
连翘,EGFR,连翘,EGFR
连翘,EHMT2,连翘,EHMT2
连翘,EPHX2,连翘,EPHX2
连翘,ESR1,连翘,ESR1
连翘,F2,连翘,F2
连翘,F3,连翘,F3
连翘,FABP2,连翘,FABP2
连翘,FABP3,连翘,FABP3
连翘,FABP4,连翘,FABP4
连翘,FABP5,连翘,FABP5
连翘,FLT3,连翘,FLT3
连翘,GAA,连翘,GAA
连翘,GBA,连翘,GBA
连翘,GLO1,连翘,GLO1
连翘,GPR35,连翘,GPR35
连翘,GRM5,连翘,GRM5
连翘,GSK3B,连翘,GSK3B
连翘,HCAR2,连翘,HCAR2
连翘,HIF1A,连翘,HIF1A
连翘,HSD11B1,连翘,HSD11B1
连翘,HSD17B1,连翘,HSD17B1
连翘,HSD17B2,连翘,HSD17B2
连翘,HTR1A,连翘,HTR1A
连翘,HTR7,连翘,HTR7
连翘,IDH1,连翘,IDH1
连翘,IDO1,连翘,IDO1
连翘,IGF1R,连翘,IGF1R
连翘,KDM4E,连翘,KDM4E
连翘,KDR,连翘,KDR
连翘,KMT2A,连翘,KMT2A
连翘,MAP2K1,连翘,MAP2K1
连翘,MAPK1,连翘,MAPK1
连翘,MAPK14,连翘,MAPK14
连翘,MAPKAPK2,连翘,MAPKAPK2
连翘,MAPT,连翘,MAPT
连翘,MET,连翘,MET
连翘,MGLL,连翘,MGLL
连翘,MMP1,连翘,MMP1
连翘,MMP12,连翘,MMP12
连翘,MMP13,连翘,MMP13
连翘,MMP2,连翘,MMP2
连翘,MMP3,连翘,MMP3
连翘,MMP9,连翘,MMP9
连翘,MPG,连翘,MPG
连翘,NEK2,连翘,NEK2
连翘,NEK6,连翘,NEK6
连翘,NFKB1,连翘,NFKB1
连翘,NOS2,连翘,NOS2
连翘,NR1H4,连翘,NR1H4
连翘,NUAK1,连翘,NUAK1
连翘,PDE5A,连翘,PDE5A
连翘,PIK3CG,连翘,PIK3CG
连翘,PIM1,连翘,PIM1
连翘,PKN1,连翘,PKN1
连翘,PLG,连翘,PLG
连翘,PLK1,连翘,PLK1
连翘,POLB,连翘,POLB
连翘,PPARA,连翘,PPARA
连翘,PPARD,连翘,PPARD
连翘,PPARG,连翘,PPARG
连翘,PRKCA,连翘,PRKCA
连翘,PTGS2,连翘,PTGS2
连翘,PTK2,连翘,PTK2
连翘,PTPN1,连翘,PTPN1
连翘,PTPN11,连翘,PTPN11
连翘,PTPN2,连翘,PTPN2
连翘,PTPN6,连翘,PTPN6
连翘,PTPRF,连翘,PTPRF
连翘,PYGL,连翘,PYGL
连翘,RORC,连翘,RORC
连翘,SHBG,连翘,SHBG
连翘,SLCO1B1,连翘,SLCO1B1
连翘,SLCO1B3,连翘,SLCO1B3
连翘,SLCO2B1,连翘,SLCO2B1
连翘,SOAT1,连翘,SOAT1
连翘,SRC,连翘,SRC
连翘,SYK,连翘,SYK
连翘,TERT,连翘,TERT
连翘,THRB,连翘,THRB
连翘,TLR2,连翘,TLR2
连翘,TOP1,连翘,TOP1
连翘,TOP2A,连翘,TOP2A
连翘,TTR,连翘,TTR
连翘,TYR,连翘,TYR
连翘,UGT1A1,连翘,UGT1A1
连翘,XDH,连翘,XDH
通草,ACHE,通草,ACHE
通草,AKR1B1,通草,AKR1B1
通草,BACE1,通草,BACE1
通草,CA1,通草,CA1
通草,CA12,通草,CA12
通草,CA13,通草,CA13
通草,CA14,通草,CA14
通草,CA2,通草,CA2
通草,CA3,通草,CA3
通草,CA4,通草,CA4
通草,CA5A,通草,CA5A
通草,CA5B,通草,CA5B
通草,CA6,通草,CA6
通草,CA7,通草,CA7
通草,CA9,通草,CA9
通草,CYP2A6,通草,CYP2A6
通草,SLCO1B1,通草,SLCO1B1
通草,SLCO1B3,通草,SLCO1B3
通草,SLCO2B1,通草,SLCO2B1
通草,XPO1,通草,XPO1
郁金,ABCB1,郁金,ABCB1
郁金,ADRB2,郁金,ADRB2
郁金,AKR1C3,郁金,AKR1C3
郁金,ALOX12,郁金,ALOX12
郁金,ALOX15,郁金,ALOX15
郁金,ALOX5,郁金,ALOX5
郁金,ALPI,郁金,ALPI
郁金,ALPL,郁金,ALPL
郁金,ANPEP,郁金,ANPEP
郁金,APP,郁金,APP
郁金,AR,郁金,AR
郁金,BACE1,郁金,BACE1
郁金,CA1,郁金,CA1
郁金,CA12,郁金,CA12
郁金,CA13,郁金,CA13
郁金,CA14,郁金,CA14
郁金,CA2,郁金,CA2
郁金,CA3,郁金,CA3
郁金,CA4,郁金,CA4
郁金,CA5A,郁金,CA5A
郁金,CA5B,郁金,CA5B
郁金,CA6,郁金,CA6
郁金,CA7,郁金,CA7
郁金,CA9,郁金,CA9
郁金,CACNA1C,郁金,CACNA1C
郁金,CXCL8,郁金,CXCL8
郁金,CYP19A1,郁金,CYP19A1
郁金,CYP1A2,郁金,CYP1A2
郁金,CYP2B6,郁金,CYP2B6
郁金,CYP2C9,郁金,CYP2C9
郁金,CYP2D6,郁金,CYP2D6
郁金,CYP3A4,郁金,CYP3A4
郁金,DNMT1,郁金,DNMT1
郁金,DNMT3B,郁金,DNMT3B
郁金,EBP,郁金,EBP
郁金,EGFR,郁金,EGFR
郁金,EHMT2,郁金,EHMT2
郁金,EP300,郁金,EP300
郁金,ESR1,郁金,ESR1
郁金,ESR2,郁金,ESR2
郁金,F3,郁金,F3
郁金,GAA,郁金,GAA
郁金,GBA,郁金,GBA
郁金,GLO1,郁金,GLO1
郁金,GPBAR1,郁金,GPBAR1
郁金,GSK3B,郁金,GSK3B
郁金,HIF1A,郁金,HIF1A
郁金,HSD11B1,郁金,HSD11B1
郁金,HSD11B2,郁金,HSD11B2
郁金,HSD17B3,郁金,HSD17B3
郁金,KDM4E,郁金,KDM4E
郁金,KMT2A,郁金,KMT2A
郁金,MAOA,郁金,MAOA
郁金,MAOB,郁金,MAOB
郁金,MAP2K1,郁金,MAP2K1
郁金,MAP2K7,郁金,MAP2K7
郁金,MAP3K7,郁金,MAP3K7
郁金,MAPK1,郁金,MAPK1
郁金,MAPT,郁金,MAPT
郁金,MMP13,郁金,MMP13
郁金,MMP9,郁金,MMP9
郁金,NFKB1,郁金,NFKB1
郁金,NOS2,郁金,NOS2
郁金,POLB,郁金,POLB
郁金,PRMT1,郁金,PRMT1
郁金,PTGES,郁金,PTGES
郁金,PTGS1,郁金,PTGS1
郁金,PTGS2,郁金,PTGS2
郁金,PTPN1,郁金,PTPN1
郁金,RELA,郁金,RELA
郁金,RORC,郁金,RORC
郁金,SHBG,郁金,SHBG
郁金,SLC22A1,郁金,SLC22A1
郁金,SLCO1B1,郁金,SLCO1B1
郁金,SLCO1B3,郁金,SLCO1B3
郁金,SLCO2B1,郁金,SLCO2B1
郁金,STAT3,郁金,STAT3
郁金,THRB,郁金,THRB
郁金,TOP2A,郁金,TOP2A
郁金,UGT1A1,郁金,UGT1A1
郁金,VDR,郁金,VDR
野菊花,ABCC1,野菊花,ABCC1
野菊花,ABCG2,野菊花,ABCG2
野菊花,ACHE,野菊花,ACHE
野菊花,ADORA3,野菊花,ADORA3
野菊花,AKR1B1,野菊花,AKR1B1
野菊花,AKR1B10,野菊花,AKR1B10
野菊花,AKR1C2,野菊花,AKR1C2
野菊花,AKR1C3,野菊花,AKR1C3
野菊花,AKR1C4,野菊花,AKR1C4
野菊花,AKT1,野菊花,AKT1
野菊花,ALK,野菊花,ALK
野菊花,ALOX12,野菊花,ALOX12
野菊花,ALOX15,野菊花,ALOX15
野菊花,ALOX5,野菊花,ALOX5
野菊花,AMY1A,野菊花,AMY1A
野菊花,APEX1,野菊花,APEX1
野菊花,APP,野菊花,APP
野菊花,AR,野菊花,AR
野菊花,AURKB,野菊花,AURKB
野菊花,AVPR2,野菊花,AVPR2
野菊花,AXL,野菊花,AXL
野菊花,BACE1,野菊花,BACE1
野菊花,BCHE,野菊花,BCHE
野菊花,BCL2,野菊花,BCL2
野菊花,BCL2L1,野菊花,BCL2L1
野菊花,CA1,野菊花,CA1
野菊花,CA12,野菊花,CA12
野菊花,CA14,野菊花,CA14
野菊花,CA2,野菊花,CA2
野菊花,CA3,野菊花,CA3
野菊花,CA4,野菊花,CA4
野菊花,CA5A,野菊花,CA5A
野菊花,CA5B,野菊花,CA5B
野菊花,CA6,野菊花,CA6
野菊花,CA7,野菊花,CA7
野菊花,CA9,野菊花,CA9
野菊花,CAMK2B,野菊花,CAMK2B
野菊花,CCR4,野菊花,CCR4
野菊花,CD38,野菊花,CD38
野菊花,CDC25B,野菊花,CDC25B
野菊花,CDK6,野菊花,CDK6
野菊花,CNR1,野菊花,CNR1
野菊花,CNR2,野菊花,CNR2
野菊花,CSNK2A1,野菊花,CSNK2A1
野菊花,CXCL8,野菊花,CXCL8
野菊花,CXCR1,野菊花,CXCR1
野菊花,CYP19A1,野菊花,CYP19A1
野菊花,CYP1A1,野菊花,CYP1A1
野菊花,CYP1A2,野菊花,CYP1A2
野菊花,CYP1B1,野菊花,CYP1B1
野菊花,CYP2A6,野菊花,CYP2A6
野菊花,CYP2C19,野菊花,CYP2C19
野菊花,CYP2C8,野菊花,CYP2C8
野菊花,CYP2C9,野菊花,CYP2C9
野菊花,CYP2D6,野菊花,CYP2D6
野菊花,CYP2J2,野菊花,CYP2J2
野菊花,CYP3A4,野菊花,CYP3A4
野菊花,DAPK1,野菊花,DAPK1
野菊花,DPP4,野菊花,DPP4
野菊花,DRD1,野菊花,DRD1
野菊花,DUSP3,野菊花,DUSP3
野菊花,EGFR,野菊花,EGFR
野菊花,EHMT2,野菊花,EHMT2
野菊花,EPHX2,野菊花,EPHX2
野菊花,ESR1,野菊花,ESR1
野菊花,ESRRA,野菊花,ESRRA
野菊花,F2,野菊花,F2
野菊花,F3,野菊花,F3
野菊花,FABP2,野菊花,FABP2
野菊花,FABP3,野菊花,FABP3
野菊花,FABP4,野菊花,FABP4
野菊花,FABP5,野菊花,FABP5
野菊花,FASN,野菊花,FASN
野菊花,FLT3,野菊花,FLT3
野菊花,GAA,野菊花,GAA
野菊花,GBA,野菊花,GBA
野菊花,GLO1,野菊花,GLO1
野菊花,GPR35,野菊花,GPR35
野菊花,GSK3B,野菊花,GSK3B
野菊花,HCAR2,野菊花,HCAR2
野菊花,HIF1A,野菊花,HIF1A
野菊花,HSD11B1,野菊花,HSD11B1
野菊花,HSD17B1,野菊花,HSD17B1
野菊花,HSD17B2,野菊花,HSD17B2
野菊花,HTR1A,野菊花,HTR1A
野菊花,IDH1,野菊花,IDH1
野菊花,IGF1R,野菊花,IGF1R
野菊花,INSR,野菊花,INSR
野菊花,KDM4E,野菊花,KDM4E
野菊花,KDR,野菊花,KDR
野菊花,KMT2A,野菊花,KMT2A
野菊花,MAP2K1,野菊花,MAP2K1
野菊花,MAPK1,野菊花,MAPK1
野菊花,MAPK14,野菊花,MAPK14
野菊花,MAPKAPK2,野菊花,MAPKAPK2
野菊花,MAPT,野菊花,MAPT
野菊花,MET,野菊花,MET
野菊花,MMP1,野菊花,MMP1
野菊花,MMP12,野菊花,MMP12
野菊花,MMP13,野菊花,MMP13
野菊花,MMP2,野菊花,MMP2
野菊花,MMP3,野菊花,MMP3
野菊花,MMP9,野菊花,MMP9
野菊花,MPG,野菊花,MPG
野菊花,NEK2,野菊花,NEK2
野菊花,NEK6,野菊花,NEK6
野菊花,NFKB1,野菊花,NFKB1
野菊花,NR1I2,野菊花,NR1I2
野菊花,NUAK1,野菊花,NUAK1
野菊花,OPRD1,野菊花,OPRD1
野菊花,OPRK1,野菊花,OPRK1
野菊花,OPRM1,野菊花,OPRM1
野菊花,PARP1,野菊花,PARP1
野菊花,PDE5A,野菊花,PDE5A
野菊花,PIK3CG,野菊花,PIK3CG
野菊花,PIM1,野菊花,PIM1
野菊花,PKN1,野菊花,PKN1
野菊花,PLG,野菊花,PLG
野菊花,PLK1,野菊花,PLK1
野菊花,POLB,野菊花,POLB
野菊花,PPARA,野菊花,PPARA
野菊花,PPARD,野菊花,PPARD
野菊花,PPARG,野菊花,PPARG
野菊花,PRKCA,野菊花,PRKCA
野菊花,PTGS1,野菊花,PTGS1
野菊花,PTGS2,野菊花,PTGS2
野菊花,PTK2,野菊花,PTK2
野菊花,PTPN1,野菊花,PTPN1
野菊花,PTPN11,野菊花,PTPN11
野菊花,PTPN2,野菊花,PTPN2
野菊花,PTPN6,野菊花,PTPN6
野菊花,PTPRF,野菊花,PTPRF
野菊花,PTPRS,野菊花,PTPRS
野菊花,PYGL,野菊花,PYGL
野菊花,RELA,野菊花,RELA
野菊花,RORC,野菊花,RORC
野菊花,SLC22A1,野菊花,SLC22A1
野菊花,SLCO1B1,野菊花,SLCO1B1
野菊花,SLCO1B3,野菊花,SLCO1B3
野菊花,SLCO2B1,野菊花,SLCO2B1
野菊花,SRC,野菊花,SRC
野菊花,STAT3,野菊花,STAT3
野菊花,SYK,野菊花,SYK
野菊花,TERT,野菊花,TERT
野菊花,THRB,野菊花,THRB
野菊花,TLR2,野菊花,TLR2
野菊花,TNKS,野菊花,TNKS
野菊花,TNKS2,野菊花,TNKS2
野菊花,TOP1,野菊花,TOP1
野菊花,TOP2A,野菊花,TOP2A
野菊花,TTR,野菊花,TTR
野菊花,TYR,野菊花,TYR
野菊花,UGT1A1,野菊花,UGT1A1
野菊花,XDH,野菊花,XDH
金荞麦,ABCC1,金荞麦,ABCC1
金荞麦,ABCG2,金荞麦,ABCG2
金荞麦,ACHE,金荞麦,ACHE
金荞麦,ADORA3,金荞麦,ADORA3
金荞麦,AKR1B1,金荞麦,AKR1B1
金荞麦,AKR1B10,金荞麦,AKR1B10
金荞麦,AKR1C2,金荞麦,AKR1C2
金荞麦,AKR1C3,金荞麦,AKR1C3
金荞麦,AKR1C4,金荞麦,AKR1C4
金荞麦,AKT1,金荞麦,AKT1
金荞麦,ALK,金荞麦,ALK
金荞麦,ALOX12,金荞麦,ALOX12
金荞麦,ALOX15,金荞麦,ALOX15
金荞麦,ALOX5,金荞麦,ALOX5
金荞麦,ALPI,金荞麦,ALPI
金荞麦,ALPL,金荞麦,ALPL
金荞麦,AMY1A,金荞麦,AMY1A
金荞麦,APEX1,金荞麦,APEX1
金荞麦,APP,金荞麦,APP
金荞麦,AURKB,金荞麦,AURKB
金荞麦,AVPR2,金荞麦,AVPR2
金荞麦,AXL,金荞麦,AXL
金荞麦,BACE1,金荞麦,BACE1
金荞麦,BCHE,金荞麦,BCHE
金荞麦,BCL2,金荞麦,BCL2
金荞麦,BCL2L1,金荞麦,BCL2L1
金荞麦,CA1,金荞麦,CA1
金荞麦,CA12,金荞麦,CA12
金荞麦,CA14,金荞麦,CA14
金荞麦,CA2,金荞麦,CA2
金荞麦,CA3,金荞麦,CA3
金荞麦,CA4,金荞麦,CA4
金荞麦,CA5A,金荞麦,CA5A
金荞麦,CA5B,金荞麦,CA5B
金荞麦,CA6,金荞麦,CA6
金荞麦,CA7,金荞麦,CA7
金荞麦,CA9,金荞麦,CA9
金荞麦,CAMK2B,金荞麦,CAMK2B
金荞麦,CCR4,金荞麦,CCR4
金荞麦,CD38,金荞麦,CD38
金荞麦,CDK6,金荞麦,CDK6
金荞麦,CSNK2A1,金荞麦,CSNK2A1
金荞麦,CTSL,金荞麦,CTSL
金荞麦,CXCL8,金荞麦,CXCL8
金荞麦,CXCR1,金荞麦,CXCR1
金荞麦,CYP19A1,金荞麦,CYP19A1
金荞麦,CYP1A1,金荞麦,CYP1A1
金荞麦,CYP1A2,金荞麦,CYP1A2
金荞麦,CYP1B1,金荞麦,CYP1B1
金荞麦,CYP2A6,金荞麦,CYP2A6
金荞麦,CYP2C19,金荞麦,CYP2C19
金荞麦,CYP2C8,金荞麦,CYP2C8
金荞麦,CYP2C9,金荞麦,CYP2C9
金荞麦,CYP2D6,金荞麦,CYP2D6
金荞麦,CYP2J2,金荞麦,CYP2J2
金荞麦,CYP3A4,金荞麦,CYP3A4
金荞麦,DAPK1,金荞麦,DAPK1
金荞麦,DPP4,金荞麦,DPP4
金荞麦,DRD1,金荞麦,DRD1
金荞麦,EGFR,金荞麦,EGFR
金荞麦,EGLN1,金荞麦,EGLN1
金荞麦,EHMT2,金荞麦,EHMT2
金荞麦,EPHX2,金荞麦,EPHX2
金荞麦,ESR1,金荞麦,ESR1
金荞麦,ESR2,金荞麦,ESR2
金荞麦,F2,金荞麦,F2
金荞麦,FABP2,金荞麦,FABP2
金荞麦,FABP3,金荞麦,FABP3
金荞麦,FABP4,金荞麦,FABP4
金荞麦,FABP5,金荞麦,FABP5
金荞麦,FASN,金荞麦,FASN
金荞麦,FLT3,金荞麦,FLT3
金荞麦,GAA,金荞麦,GAA
金荞麦,GBA,金荞麦,GBA
金荞麦,GLO1,金荞麦,GLO1
金荞麦,GPR35,金荞麦,GPR35
金荞麦,GSK3B,金荞麦,GSK3B
金荞麦,HCAR2,金荞麦,HCAR2
金荞麦,HIF1A,金荞麦,HIF1A
金荞麦,HSD11B1,金荞麦,HSD11B1
金荞麦,HSD17B1,金荞麦,HSD17B1
金荞麦,HSD17B2,金荞麦,HSD17B2
金荞麦,HTR1A,金荞麦,HTR1A
金荞麦,HTR7,金荞麦,HTR7
金荞麦,IDH1,金荞麦,IDH1
金荞麦,IDO1,金荞麦,IDO1
金荞麦,IGF1R,金荞麦,IGF1R
金荞麦,KDM4E,金荞麦,KDM4E
金荞麦,KDR,金荞麦,KDR
金荞麦,KMT2A,金荞麦,KMT2A
金荞麦,MAOA,金荞麦,MAOA
金荞麦,MAOB,金荞麦,MAOB
金荞麦,MAP2K1,金荞麦,MAP2K1
金荞麦,MAPK1,金荞麦,MAPK1
金荞麦,MAPK14,金荞麦,MAPK14
金荞麦,MAPKAPK2,金荞麦,MAPKAPK2
金荞麦,MAPT,金荞麦,MAPT
金荞麦,MET,金荞麦,MET
金荞麦,MMP1,金荞麦,MMP1
金荞麦,MMP12,金荞麦,MMP12
金荞麦,MMP13,金荞麦,MMP13
金荞麦,MMP2,金荞麦,MMP2
金荞麦,MMP3,金荞麦,MMP3
金荞麦,MMP9,金荞麦,MMP9
金荞麦,MPG,金荞麦,MPG
金荞麦,NEK2,金荞麦,NEK2
金荞麦,NEK6,金荞麦,NEK6
金荞麦,NFKB1,金荞麦,NFKB1
金荞麦,NUAK1,金荞麦,NUAK1
金荞麦,PARP1,金荞麦,PARP1
金荞麦,PDE5A,金荞麦,PDE5A
金荞麦,PIK3CG,金荞麦,PIK3CG
金荞麦,PIM1,金荞麦,PIM1
金荞麦,PKN1,金荞麦,PKN1
金荞麦,PLG,金荞麦,PLG
金荞麦,PLK1,金荞麦,PLK1
金荞麦,POLA1,金荞麦,POLA1
金荞麦,POLB,金荞麦,POLB
金荞麦,PPARA,金荞麦,PPARA
金荞麦,PPARD,金荞麦,PPARD
金荞麦,PPARG,金荞麦,PPARG
金荞麦,PRKCA,金荞麦,PRKCA
金荞麦,PTGS2,金荞麦,PTGS2
金荞麦,PTK2,金荞麦,PTK2
金荞麦,PYGL,金荞麦,PYGL
金荞麦,RORC,金荞麦,RORC
金荞麦,SLCO1B1,金荞麦,SLCO1B1
金荞麦,SLCO1B3,金荞麦,SLCO1B3
金荞麦,SLCO2B1,金荞麦,SLCO2B1
金荞麦,SRC,金荞麦,SRC
金荞麦,SYK,金荞麦,SYK
金荞麦,THRB,金荞麦,THRB
金荞麦,TLR2,金荞麦,TLR2
金荞麦,TNKS,金荞麦,TNKS
金荞麦,TNKS2,金荞麦,TNKS2
金荞麦,TOP1,金荞麦,TOP1
金荞麦,TOP2A,金荞麦,TOP2A
金荞麦,TTR,金荞麦,TTR
金荞麦,TYR,金荞麦,TYR
金荞麦,UGT1A1,金荞麦,UGT1A1
金荞麦,XDH,金荞麦,XDH
金银花,ABCB1,金银花,ABCB1
金银花,ABCC1,金银花,ABCC1
金银花,ABCG2,金银花,ABCG2
金银花,ACHE,金银花,ACHE
金银花,ACP1,金银花,ACP1
金银花,ADORA1,金银花,ADORA1
金银花,ADORA2A,金银花,ADORA2A
金银花,ADORA2B,金银花,ADORA2B
金银花,ADORA3,金银花,ADORA3
金银花,AKR1B1,金银花,AKR1B1
金银花,AKR1B10,金银花,AKR1B10
金银花,AKR1C2,金银花,AKR1C2
金银花,AKR1C3,金银花,AKR1C3
金银花,AKR1C4,金银花,AKR1C4
金银花,AKT1,金银花,AKT1
金银花,ALK,金银花,ALK
金银花,ALOX12,金银花,ALOX12
金银花,ALOX15,金银花,ALOX15
金银花,ALOX5,金银花,ALOX5
金银花,ALPI,金银花,ALPI
金银花,ALPL,金银花,ALPL
金银花,AMY1A,金银花,AMY1A
金银花,APEX1,金银花,APEX1
金银花,APP,金银花,APP
金银花,AR,金银花,AR
金银花,AURKB,金银花,AURKB
金银花,AVPR2,金银花,AVPR2
金银花,AXL,金银花,AXL
金银花,BACE1,金银花,BACE1
金银花,BCHE,金银花,BCHE
金银花,BCL2,金银花,BCL2
金银花,BCL2L1,金银花,BCL2L1
金银花,CA1,金银花,CA1
金银花,CA12,金银花,CA12
金银花,CA14,金银花,CA14
金银花,CA2,金银花,CA2
金银花,CA3,金银花,CA3
金银花,CA4,金银花,CA4
金银花,CA5A,金银花,CA5A
金银花,CA5B,金银花,CA5B
金银花,CA6,金银花,CA6
金银花,CA7,金银花,CA7
金银花,CA9,金银花,CA9
金银花,CAMK2B,金银花,CAMK2B
金银花,CBR1,金银花,CBR1
金银花,CCR4,金银花,CCR4
金银花,CD38,金银花,CD38
金银花,CDK6,金银花,CDK6
金银花,CSNK2A1,金银花,CSNK2A1
金银花,CTSD,金银花,CTSD
金银花,CTSL,金银花,CTSL
金银花,CXCL8,金银花,CXCL8
金银花,CXCR1,金银花,CXCR1
金银花,CYP19A1,金银花,CYP19A1
金银花,CYP1A1,金银花,CYP1A1
金银花,CYP1A2,金银花,CYP1A2
金银花,CYP1B1,金银花,CYP1B1
金银花,CYP2A6,金银花,CYP2A6
金银花,CYP2B6,金银花,CYP2B6
金银花,CYP2C19,金银花,CYP2C19
金银花,CYP2C8,金银花,CYP2C8
金银花,CYP2C9,金银花,CYP2C9
金银花,CYP2D6,金银花,CYP2D6
金银花,CYP2J2,金银花,CYP2J2
金银花,CYP3A4,金银花,CYP3A4
金银花,DAPK1,金银花,DAPK1
金银花,DPP4,金银花,DPP4
金银花,DRD1,金银花,DRD1
金银花,DUSP3,金银花,DUSP3
金银花,EBP,金银花,EBP
金银花,EGFR,金银花,EGFR
金银花,EHMT2,金银花,EHMT2
金银花,EPHX2,金银花,EPHX2
金银花,ERBB2,金银花,ERBB2
金银花,ESR1,金银花,ESR1
金银花,ESR2,金银花,ESR2
金银花,ESRRA,金银花,ESRRA
金银花,F2,金银花,F2
金银花,F3,金银花,F3
金银花,FABP2,金银花,FABP2
金银花,FABP3,金银花,FABP3
金银花,FABP4,金银花,FABP4
金银花,FABP5,金银花,FABP5
金银花,FASN,金银花,FASN
金银花,FLT3,金银花,FLT3
金银花,FUT7,金银花,FUT7
金银花,GAA,金银花,GAA
金银花,GBA,金银花,GBA
金银花,GLO1,金银花,GLO1
金银花,GPBAR1,金银花,GPBAR1
金银花,GPR35,金银花,GPR35
金银花,GSK3B,金银花,GSK3B
金银花,HCAR2,金银花,HCAR2
金银花,HIF1A,金银花,HIF1A
金银花,HSD11B1,金银花,HSD11B1
金银花,HSD17B1,金银花,HSD17B1
金银花,HSD17B2,金银花,HSD17B2
金银花,HSPA8,金银花,HSPA8
金银花,HTR1A,金银花,HTR1A
金银花,HTR7,金银花,HTR7
金银花,IDH1,金银花,IDH1
金银花,IDO1,金银花,IDO1
金银花,IGF1R,金银花,IGF1R
金银花,INSR,金银花,INSR
金银花,KDM4E,金银花,KDM4E
金银花,KDR,金银花,KDR
金银花,KMT2A,金银花,KMT2A
金银花,MAP2K1,金银花,MAP2K1
金银花,MAPK1,金银花,MAPK1
金银花,MAPK14,金银花,MAPK14
金银花,MAPKAPK2,金银花,MAPKAPK2
金银花,MAPT,金银花,MAPT
金银花,MET,金银花,MET
金银花,MMP1,金银花,MMP1
金银花,MMP12,金银花,MMP12
金银花,MMP13,金银花,MMP13
金银花,MMP2,金银花,MMP2
金银花,MMP3,金银花,MMP3
金银花,MMP9,金银花,MMP9
金银花,MPG,金银花,MPG
金银花,NEK2,金银花,NEK2
金银花,NEK6,金银花,NEK6
金银花,NFKB1,金银花,NFKB1
金银花,NR1H4,金银花,NR1H4
金银花,NR1I2,金银花,NR1I2
金银花,NR3C1,金银花,NR3C1
金银花,NR3C2,金银花,NR3C2
金银花,NUAK1,金银花,NUAK1
金银花,PARP1,金银花,PARP1
金银花,PDE5A,金银花,PDE5A
金银花,PGR,金银花,PGR
金银花,PIK3CG,金银花,PIK3CG
金银花,PIM1,金银花,PIM1
金银花,PKN1,金银花,PKN1
金银花,PLA2G2A,金银花,PLA2G2A
金银花,PLG,金银花,PLG
金银花,PLK1,金银花,PLK1
金银花,PNP,金银花,PNP
金银花,POLB,金银花,POLB
金银花,PPARA,金银花,PPARA
金银花,PPARD,金银花,PPARD
金银花,PPARG,金银花,PPARG
金银花,PRKCA,金银花,PRKCA
金银花,PTGS1,金银花,PTGS1
金银花,PTGS2,金银花,PTGS2
金银花,PTK2,金银花,PTK2
金银花,PTPN1,金银花,PTPN1
金银花,PTPN2,金银花,PTPN2
金银花,PTPN6,金银花,PTPN6
金银花,PTPRF,金银花,PTPRF
金银花,PTPRS,金银花,PTPRS
金银花,PYGL,金银花,PYGL
金银花,RORC,金银花,RORC
金银花,SHBG,金银花,SHBG
金银花,SLC22A1,金银花,SLC22A1
金银花,SLC28A1,金银花,SLC28A1
金银花,SLC28A2,金银花,SLC28A2
金银花,SLC28A3,金银花,SLC28A3
金银花,SLCO1B1,金银花,SLCO1B1
金银花,SLCO1B3,金银花,SLCO1B3
金银花,SLCO2B1,金银花,SLCO2B1
金银花,SOAT1,金银花,SOAT1
金银花,SRC,金银花,SRC
金银花,STAT3,金银花,STAT3
金银花,SYK,金银花,SYK
金银花,TBXAS1,金银花,TBXAS1
金银花,TERT,金银花,TERT
金银花,THRB,金银花,THRB
金银花,TLR2,金银花,TLR2
金银花,TNKS,金银花,TNKS
金银花,TNKS2,金银花,TNKS2
金银花,TOP1,金银花,TOP1
金银花,TOP2A,金银花,TOP2A
金银花,TRPV1,金银花,TRPV1
金银花,TTR,金银花,TTR
金银花,TYR,金银花,TYR
金银花,UGT1A1,金银花,UGT1A1
金银花,XDH,金银花,XDH
银杏叶,ABCC1,银杏叶,ABCC1
银杏叶,ABCG2,银杏叶,ABCG2
银杏叶,ACHE,银杏叶,ACHE
银杏叶,ADORA3,银杏叶,ADORA3
银杏叶,ADRA2B,银杏叶,ADRA2B
银杏叶,AKR1B1,银杏叶,AKR1B1
银杏叶,AKR1B10,银杏叶,AKR1B10
银杏叶,AKR1C2,银杏叶,AKR1C2
银杏叶,AKR1C3,银杏叶,AKR1C3
银杏叶,AKR1C4,银杏叶,AKR1C4
银杏叶,AKT1,银杏叶,AKT1
银杏叶,ALK,银杏叶,ALK
银杏叶,ALOX12,银杏叶,ALOX12
银杏叶,ALOX15,银杏叶,ALOX15
银杏叶,ALOX5,银杏叶,ALOX5
银杏叶,ALPI,银杏叶,ALPI
银杏叶,ALPL,银杏叶,ALPL
银杏叶,AMY1A,银杏叶,AMY1A
银杏叶,APEX1,银杏叶,APEX1
银杏叶,APOBEC3G,银杏叶,APOBEC3G
银杏叶,APP,银杏叶,APP
银杏叶,AR,银杏叶,AR
银杏叶,AURKB,银杏叶,AURKB
银杏叶,AVPR2,银杏叶,AVPR2
银杏叶,AXL,银杏叶,AXL
银杏叶,BACE1,银杏叶,BACE1
银杏叶,BCHE,银杏叶,BCHE
银杏叶,BCL2,银杏叶,BCL2
银杏叶,BCL2L1,银杏叶,BCL2L1
银杏叶,CA1,银杏叶,CA1
银杏叶,CA12,银杏叶,CA12
银杏叶,CA13,银杏叶,CA13
银杏叶,CA14,银杏叶,CA14
银杏叶,CA2,银杏叶,CA2
银杏叶,CA3,银杏叶,CA3
银杏叶,CA4,银杏叶,CA4
银杏叶,CA5A,银杏叶,CA5A
银杏叶,CA5B,银杏叶,CA5B
银杏叶,CA6,银杏叶,CA6
银杏叶,CA7,银杏叶,CA7
银杏叶,CA9,银杏叶,CA9
银杏叶,CAMK2B,银杏叶,CAMK2B
银杏叶,CCR4,银杏叶,CCR4
银杏叶,CD38,银杏叶,CD38
银杏叶,CDC25B,银杏叶,CDC25B
银杏叶,CDK6,银杏叶,CDK6
银杏叶,CSNK2A1,银杏叶,CSNK2A1
银杏叶,CTSL,银杏叶,CTSL
银杏叶,CXCL8,银杏叶,CXCL8
银杏叶,CXCR1,银杏叶,CXCR1
银杏叶,CYP19A1,银杏叶,CYP19A1
银杏叶,CYP1A1,银杏叶,CYP1A1
银杏叶,CYP1A2,银杏叶,CYP1A2
银杏叶,CYP1B1,银杏叶,CYP1B1
银杏叶,CYP2A6,银杏叶,CYP2A6
银杏叶,CYP2C19,银杏叶,CYP2C19
银杏叶,CYP2C8,银杏叶,CYP2C8
银杏叶,CYP2C9,银杏叶,CYP2C9
银杏叶,CYP2D6,银杏叶,CYP2D6
银杏叶,CYP2J2,银杏叶,CYP2J2
银杏叶,CYP3A4,银杏叶,CYP3A4
银杏叶,DAPK1,银杏叶,DAPK1
银杏叶,DPP4,银杏叶,DPP4
银杏叶,DRD1,银杏叶,DRD1
银杏叶,DUSP3,银杏叶,DUSP3
银杏叶,EGFR,银杏叶,EGFR
银杏叶,EHMT2,银杏叶,EHMT2
银杏叶,EP300,银杏叶,EP300
银杏叶,EPHX2,银杏叶,EPHX2
银杏叶,ESR1,银杏叶,ESR1
银杏叶,ESR2,银杏叶,ESR2
银杏叶,ESRRA,银杏叶,ESRRA
银杏叶,F2,银杏叶,F2
银杏叶,F3,银杏叶,F3
银杏叶,FABP2,银杏叶,FABP2
银杏叶,FABP3,银杏叶,FABP3
银杏叶,FABP4,银杏叶,FABP4
银杏叶,FABP5,银杏叶,FABP5
银杏叶,FASN,银杏叶,FASN
银杏叶,FLT3,银杏叶,FLT3
银杏叶,GAA,银杏叶,GAA
银杏叶,GBA,银杏叶,GBA
银杏叶,GLO1,银杏叶,GLO1
银杏叶,GLRA1,银杏叶,GLRA1
银杏叶,GLRA2,银杏叶,GLRA2
银杏叶,GPR35,银杏叶,GPR35
银杏叶,GSK3B,银杏叶,GSK3B
银杏叶,HCAR2,银杏叶,HCAR2
银杏叶,HDAC1,银杏叶,HDAC1
银杏叶,HDAC2,银杏叶,HDAC2
银杏叶,HDAC3,银杏叶,HDAC3
银杏叶,HDAC6,银杏叶,HDAC6
银杏叶,HDAC8,银杏叶,HDAC8
银杏叶,HIF1A,银杏叶,HIF1A
银杏叶,HSD11B1,银杏叶,HSD11B1
银杏叶,HSD17B1,银杏叶,HSD17B1
银杏叶,HSD17B2,银杏叶,HSD17B2
银杏叶,HSP90AB1,银杏叶,HSP90AB1
银杏叶,HTR1A,银杏叶,HTR1A
银杏叶,HTR7,银杏叶,HTR7
银杏叶,IDH1,银杏叶,IDH1
银杏叶,IGF1R,银杏叶,IGF1R
银杏叶,INSR,银杏叶,INSR
银杏叶,KAT2B,银杏叶,KAT2B
银杏叶,KCNH2,银杏叶,KCNH2
银杏叶,KDM4E,银杏叶,KDM4E
银杏叶,KDR,银杏叶,KDR
银杏叶,KMT2A,银杏叶,KMT2A
银杏叶,MAOA,银杏叶,MAOA
银杏叶,MAOB,银杏叶,MAOB
银杏叶,MAP2K1,银杏叶,MAP2K1
银杏叶,MAPK1,银杏叶,MAPK1
银杏叶,MAPK14,银杏叶,MAPK14
银杏叶,MAPKAPK2,银杏叶,MAPKAPK2
银杏叶,MAPT,银杏叶,MAPT
银杏叶,MCL1,银杏叶,MCL1
银杏叶,MET,银杏叶,MET
银杏叶,MMP1,银杏叶,MMP1
银杏叶,MMP12,银杏叶,MMP12
银杏叶,MMP13,银杏叶,MMP13
银杏叶,MMP2,银杏叶,MMP2
银杏叶,MMP3,银杏叶,MMP3
银杏叶,MMP9,银杏叶,MMP9
银杏叶,MPG,银杏叶,MPG
银杏叶,NEK2,银杏叶,NEK2
银杏叶,NEK6,银杏叶,NEK6
银杏叶,NFKB1,银杏叶,NFKB1
银杏叶,NR1I2,银杏叶,NR1I2
银杏叶,NUAK1,银杏叶,NUAK1
银杏叶,PARP1,银杏叶,PARP1
银杏叶,PDE5A,银杏叶,PDE5A
银杏叶,PIK3CG,银杏叶,PIK3CG
银杏叶,PIM1,银杏叶,PIM1
银杏叶,PKN1,银杏叶,PKN1
银杏叶,PLA2G2A,银杏叶,PLA2G2A
银杏叶,PLG,银杏叶,PLG
银杏叶,PLK1,银杏叶,PLK1
银杏叶,POLB,银杏叶,POLB
银杏叶,PPARA,银杏叶,PPARA
银杏叶,PPARD,银杏叶,PPARD
银杏叶,PPARG,银杏叶,PPARG
银杏叶,PRKCA,银杏叶,PRKCA
银杏叶,PTGS1,银杏叶,PTGS1
银杏叶,PTGS2,银杏叶,PTGS2
银杏叶,PTK2,银杏叶,PTK2
银杏叶,PTPN1,银杏叶,PTPN1
银杏叶,PTPN11,银杏叶,PTPN11
银杏叶,PTPN2,银杏叶,PTPN2
银杏叶,PTPN6,银杏叶,PTPN6
银杏叶,PTPRF,银杏叶,PTPRF
银杏叶,PTPRS,银杏叶,PTPRS
银杏叶,PYGL,银杏叶,PYGL
银杏叶,RORC,银杏叶,RORC
银杏叶,SAE1,银杏叶,SAE1
银杏叶,SLCO1B1,银杏叶,SLCO1B1
银杏叶,SLCO1B3,银杏叶,SLCO1B3
银杏叶,SLCO2B1,银杏叶,SLCO2B1
银杏叶,SOAT1,银杏叶,SOAT1
银杏叶,SRC,银杏叶,SRC
银杏叶,SYK,银杏叶,SYK
银杏叶,TBXAS1,银杏叶,TBXAS1
银杏叶,TERT,银杏叶,TERT
银杏叶,THRB,银杏叶,THRB
银杏叶,TLR2,银杏叶,TLR2
银杏叶,TNKS,银杏叶,TNKS
银杏叶,TNKS2,银杏叶,TNKS2
银杏叶,TOP1,银杏叶,TOP1
银杏叶,TOP2A,银杏叶,TOP2A
银杏叶,TTR,银杏叶,TTR
银杏叶,TYR,银杏叶,TYR
银杏叶,UGT1A1,银杏叶,UGT1A1
银杏叶,VCP,银杏叶,VCP
银杏叶,XDH,银杏叶,XDH
防风,ABCB1,防风,ABCB1
防风,ACHE,防风,ACHE
防风,ADORA1,防风,ADORA1
防风,ADORA2A,防风,ADORA2A
防风,ADORA2B,防风,ADORA2B
防风,ADORA3,防风,ADORA3
防风,ADRB2,防风,ADRB2
防风,AKR1B1,防风,AKR1B1
防风,ALOX5,防风,ALOX5
防风,BACE1,防风,BACE1
防风,CA1,防风,CA1
防风,CA12,防风,CA12
防风,CA13,防风,CA13
防风,CA2,防风,CA2
防风,CA7,防风,CA7
防风,CA9,防风,CA9
防风,CYP19A1,防风,CYP19A1
防风,CYP2A13,防风,CYP2A13
防风,CYP2A6,防风,CYP2A6
防风,CYP2C19,防风,CYP2C19
防风,CYP2C9,防风,CYP2C9
防风,CYP2D6,防风,CYP2D6
防风,CYP3A4,防风,CYP3A4
防风,DPP4,防风,DPP4
防风,DUSP3,防风,DUSP3
防风,EGFR,防风,EGFR
防风,EHMT2,防风,EHMT2
防风,ERBB2,防风,ERBB2
防风,ESR1,防风,ESR1
防风,GAA,防风,GAA
防风,GBA,防风,GBA
防风,HIF1A,防风,HIF1A
防风,HSPA8,防风,HSPA8
防风,HTR7,防风,HTR7
防风,IDH1,防风,IDH1
防风,KDM4E,防风,KDM4E
防风,MAOA,防风,MAOA
防风,MAOB,防风,MAOB
防风,MAPK1,防风,MAPK1
防风,MAPT,防风,MAPT
防风,NFKB1,防风,NFKB1
防风,PNP,防风,PNP
防风,POLB,防风,POLB
防风,PTGS2,防风,PTGS2
防风,PTPN1,防风,PTPN1
防风,RELA,防风,RELA
防风,RORC,防风,RORC
防风,SLC28A1,防风,SLC28A1
防风,SLC28A2,防风,SLC28A2
防风,SLC28A3,防风,SLC28A3
防风,SLCO1B1,防风,SLCO1B1
防风,SLCO1B3,防风,SLCO1B3
防风,SLCO2B1,防风,SLCO2B1
防风,UGT1A1,防风,UGT1A1
附子,ALOX15,附子,ALOX15
附子,CA1,附子,CA1
附子,CA12,附子,CA12
附子,CA14,附子,CA14
附子,CA2,附子,CA2
附子,CA3,附子,CA3
附子,CA4,附子,CA4
附子,CA5A,附子,CA5A
附子,CA5B,附子,CA5B
附子,CA6,附子,CA6
附子,CA7,附子,CA7
附子,CA9,附子,CA9
附子,CXCL8,附子,CXCL8
附子,CYP2C9,附子,CYP2C9
附子,CYP3A4,附子,CYP3A4
附子,DRD2,附子,DRD2
附子,DRD3,附子,DRD3
附子,EHMT2,附子,EHMT2
附子,GBA,附子,GBA
附子,HIF1A,附子,HIF1A
附子,KDM4E,附子,KDM4E
附子,NFKB1,附子,NFKB1
附子,RORC,附子,RORC
附子,THRB,附子,THRB
陈皮,ALOX15,陈皮,ALOX15
陈皮,CYP3A4,陈皮,CYP3A4
陈皮,EHMT2,陈皮,EHMT2
陈皮,GSK3B,陈皮,GSK3B
陈皮,PTPN1,陈皮,PTPN1
陈皮,SLCO1B1,陈皮,SLCO1B1
陈皮,SLCO1B3,陈皮,SLCO1B3
陈皮,SLCO2B1,陈皮,SLCO2B1
陈皮,THRB,陈皮,THRB
陈皮,TRPV1,陈皮,TRPV1
陈皮,UBE2N,陈皮,UBE2N
陈皮,UGT1A1,陈皮,UGT1A1
青果,ACHE,青果,ACHE
青果,AKR1B1,青果,AKR1B1
青果,AKT1,青果,AKT1
青果,ALOX15,青果,ALOX15
青果,ALOX5,青果,ALOX5
青果,AMY1A,青果,AMY1A
青果,APEX1,青果,APEX1
青果,APP,青果,APP
青果,AR,青果,AR
青果,AURKA,青果,AURKA
青果,AURKB,青果,AURKB
青果,BACE1,青果,BACE1
青果,BCHE,青果,BCHE
青果,BRAF,青果,BRAF
青果,CA1,青果,CA1
青果,CA12,青果,CA12
青果,CA13,青果,CA13
青果,CA14,青果,CA14
青果,CA2,青果,CA2
青果,CA3,青果,CA3
青果,CA4,青果,CA4
青果,CA5A,青果,CA5A
青果,CA5B,青果,CA5B
青果,CA6,青果,CA6
青果,CA7,青果,CA7
青果,CA9,青果,CA9
青果,CARM1,青果,CARM1
青果,CDK6,青果,CDK6
青果,CSNK2A1,青果,CSNK2A1
青果,CXCL8,青果,CXCL8
青果,CYP19A1,青果,CYP19A1
青果,CYP1A1,青果,CYP1A1
青果,CYP1A2,青果,CYP1A2
青果,CYP1B1,青果,CYP1B1
青果,CYP2C19,青果,CYP2C19
青果,CYP2C9,青果,CYP2C9
青果,CYP2D6,青果,CYP2D6
青果,CYP3A4,青果,CYP3A4
青果,DAPK1,青果,DAPK1
青果,DUSP3,青果,DUSP3
青果,DYRK1A,青果,DYRK1A
青果,EGFR,青果,EGFR
青果,EHMT2,青果,EHMT2
青果,EPHB4,青果,EPHB4
青果,EPHX2,青果,EPHX2
青果,ERBB2,青果,ERBB2
青果,ESR1,青果,ESR1
青果,ESRRA,青果,ESRRA
青果,FLT3,青果,FLT3
青果,FLT4,青果,FLT4
青果,FUT7,青果,FUT7
青果,GAA,青果,GAA
青果,GBA,青果,GBA
青果,GLO1,青果,GLO1
青果,GPR35,青果,GPR35
青果,GSK3B,青果,GSK3B
青果,GSTP1,青果,GSTP1
青果,HIF1A,青果,HIF1A
青果,HSD17B1,青果,HSD17B1
青果,HSD17B2,青果,HSD17B2
青果,HSPA1A,青果,HSPA1A
青果,HSPA8,青果,HSPA8
青果,IDH1,青果,IDH1
青果,IGF1R,青果,IGF1R
青果,INSR,青果,INSR
青果,KDM4E,青果,KDM4E
青果,KDR,青果,KDR
青果,KMT2A,青果,KMT2A
青果,MAP3K8,青果,MAP3K8
青果,MAPK1,青果,MAPK1
青果,MAPT,青果,MAPT
青果,MCL1,青果,MCL1
青果,MET,青果,MET
青果,MPG,青果,MPG
青果,NR1H4,青果,NR1H4
青果,NUAK1,青果,NUAK1
青果,PDGFRB,青果,PDGFRB
青果,PIM1,青果,PIM1
青果,PLK1,青果,PLK1
青果,PLK4,青果,PLK4
青果,POLB,青果,POLB
青果,PPARA,青果,PPARA
青果,PPARD,青果,PPARD
青果,PPARG,青果,PPARG
青果,PTGS1,青果,PTGS1
青果,PTGS2,青果,PTGS2
青果,PTK2,青果,PTK2
青果,PTPRS,青果,PTPRS
青果,RELA,青果,RELA
青果,RORC,青果,RORC
青果,SMAD3,青果,SMAD3
青果,SRC,青果,SRC
青果,TEK,青果,TEK
青果,THRB,青果,THRB
青果,TOP1,青果,TOP1
青果,TOP2A,青果,TOP2A
青果,TYR,青果,TYR
青果,UGT1A1,青果,UGT1A1
青果,XDH,青果,XDH
青葙子,EHMT2,青葙子,EHMT2
青蒿,AKR1B1,青蒿,AKR1B1
青蒿,AKR1B10,青蒿,AKR1B10
青蒿,AKT1,青蒿,AKT1
青蒿,ALOX15,青蒿,ALOX15
青蒿,ALPI,青蒿,ALPI
青蒿,ALPL,青蒿,ALPL
青蒿,AMY1A,青蒿,AMY1A
青蒿,APEX1,青蒿,APEX1
青蒿,APP,青蒿,APP
青蒿,AURKA,青蒿,AURKA
青蒿,AURKB,青蒿,AURKB
青蒿,BACE1,青蒿,BACE1
青蒿,BCL2,青蒿,BCL2
青蒿,BRAF,青蒿,BRAF
青蒿,CA1,青蒿,CA1
青蒿,CA12,青蒿,CA12
青蒿,CA13,青蒿,CA13
青蒿,CA14,青蒿,CA14
青蒿,CA2,青蒿,CA2
青蒿,CA3,青蒿,CA3
青蒿,CA4,青蒿,CA4
青蒿,CA5A,青蒿,CA5A
青蒿,CA5B,青蒿,CA5B
青蒿,CA6,青蒿,CA6
青蒿,CA7,青蒿,CA7
青蒿,CA9,青蒿,CA9
青蒿,CARM1,青蒿,CARM1
青蒿,CD38,青蒿,CD38
青蒿,CSNK2A1,青蒿,CSNK2A1
青蒿,CTSL,青蒿,CTSL
青蒿,CYP19A1,青蒿,CYP19A1
青蒿,CYP2C19,青蒿,CYP2C19
青蒿,CYP2C9,青蒿,CYP2C9
青蒿,CYP3A4,青蒿,CYP3A4
青蒿,DAPK1,青蒿,DAPK1
青蒿,DUSP3,青蒿,DUSP3
青蒿,DYRK1A,青蒿,DYRK1A
青蒿,EGFR,青蒿,EGFR
青蒿,EGLN1,青蒿,EGLN1
青蒿,EHMT2,青蒿,EHMT2
青蒿,EPHB4,青蒿,EPHB4
青蒿,EPHX2,青蒿,EPHX2
青蒿,ERBB2,青蒿,ERBB2
青蒿,F10,青蒿,F10
青蒿,F2,青蒿,F2
青蒿,FASN,青蒿,FASN
青蒿,FLT3,青蒿,FLT3
青蒿,FLT4,青蒿,FLT4
青蒿,GAA,青蒿,GAA
青蒿,GBA,青蒿,GBA
青蒿,GPR35,青蒿,GPR35
青蒿,GSK3B,青蒿,GSK3B
青蒿,GSTP1,青蒿,GSTP1
青蒿,HSPA1A,青蒿,HSPA1A
青蒿,HSPA8,青蒿,HSPA8
青蒿,IGF1R,青蒿,IGF1R
青蒿,INSR,青蒿,INSR
青蒿,KDM4E,青蒿,KDM4E
青蒿,KDR,青蒿,KDR
青蒿,KMT2A,青蒿,KMT2A
青蒿,MAP3K8,青蒿,MAP3K8
青蒿,MAPK1,青蒿,MAPK1
青蒿,MAPT,青蒿,MAPT
青蒿,MCL1,青蒿,MCL1
青蒿,MET,青蒿,MET
青蒿,NFKB1,青蒿,NFKB1
青蒿,NUAK1,青蒿,NUAK1
青蒿,PDGFRB,青蒿,PDGFRB
青蒿,PLK1,青蒿,PLK1
青蒿,PLK4,青蒿,PLK4
青蒿,POLB,青蒿,POLB
青蒿,PTK2,青蒿,PTK2
青蒿,PTPN1,青蒿,PTPN1
青蒿,SMAD3,青蒿,SMAD3
青蒿,SRC,青蒿,SRC
青蒿,TEK,青蒿,TEK
青蒿,THRB,青蒿,THRB
青黛,ACHE,青黛,ACHE
青黛,ALOX5,青黛,ALOX5
青黛,BCHE,青黛,BCHE
青黛,CES1,青黛,CES1
青黛,CYP2C19,青黛,CYP2C19
青黛,CYP2C9,青黛,CYP2C9
青黛,CYP2D6,青黛,CYP2D6
青黛,CYP3A4,青黛,CYP3A4
青黛,DPP4,青黛,DPP4
青黛,EHMT2,青黛,EHMT2
青黛,GAA,青黛,GAA
青黛,IDH1,青黛,IDH1
青黛,IDO1,青黛,IDO1
青黛,KMT2A,青黛,KMT2A
青黛,MAOA,青黛,MAOA
青黛,MAOB,青黛,MAOB
青黛,MAPT,青黛,MAPT
青黛,PTGS2,青黛,PTGS2
青黛,RORC,青黛,RORC
青黛,TGM2,青黛,TGM2
青黛,TOP2A,青黛,TOP2A
香附,AKR1B1,香附,AKR1B1
香附,ALOX12,香附,ALOX12
香附,ALOX15,香附,ALOX15
香附,BACE1,香附,BACE1
香附,CDC25B,香附,CDC25B
香附,CYP19A1,香附,CYP19A1
香附,CYP1A2,香附,CYP1A2
香附,CYP2A6,香附,CYP2A6
香附,CYP2C19,香附,CYP2C19
香附,CYP2C9,香附,CYP2C9
香附,CYP2D6,香附,CYP2D6
香附,CYP3A4,香附,CYP3A4
香附,DPP4,香附,DPP4
香附,EHMT2,香附,EHMT2
香附,ESR1,香附,ESR1
香附,FABP2,香附,FABP2
香附,FABP3,香附,FABP3
香附,FABP4,香附,FABP4
香附,FABP5,香附,FABP5
香附,GAA,香附,GAA
香附,GBA,香附,GBA
香附,HIF1A,香附,HIF1A
香附,HTR7,香附,HTR7
香附,IDH1,香附,IDH1
香附,IDO1,香附,IDO1
香附,KDM4E,香附,KDM4E
香附,MAPK1,香附,MAPK1
香附,MAPT,香附,MAPT
香附,POLB,香附,POLB
香附,PPARA,香附,PPARA
香附,PPARD,香附,PPARD
香附,PPARG,香附,PPARG
香附,PTPN1,香附,PTPN1
香附,PTPN11,香附,PTPN11
香附,PTPN2,香附,PTPN2
香附,PTPN6,香附,PTPN6
香附,PTPRF,香附,PTPRF
香附,RORC,香附,RORC
香附,SLCO1B1,香附,SLCO1B1
香附,SLCO1B3,香附,SLCO1B3
香附,SLCO2B1,香附,SLCO2B1
香附,TLR2,香附,TLR2
香附,UGT1A1,香附,UGT1A1
马鞭草,ACHE,马鞭草,ACHE
马鞭草,ACP1,马鞭草,ACP1
马鞭草,AKR1B1,马鞭草,AKR1B1
马鞭草,AKR1B10,马鞭草,AKR1B10
马鞭草,ALOX12,马鞭草,ALOX12
马鞭草,ALOX15,马鞭草,ALOX15
马鞭草,ALOX5,马鞭草,ALOX5
马鞭草,AMY1A,马鞭草,AMY1A
马鞭草,APEX1,马鞭草,APEX1
马鞭草,APP,马鞭草,APP
马鞭草,AR,马鞭草,AR
马鞭草,BACE1,马鞭草,BACE1
马鞭草,BCHE,马鞭草,BCHE
马鞭草,BCL2,马鞭草,BCL2
马鞭草,BCL2L1,马鞭草,BCL2L1
马鞭草,CA1,马鞭草,CA1
马鞭草,CA12,马鞭草,CA12
马鞭草,CA2,马鞭草,CA2
马鞭草,CA4,马鞭草,CA4
马鞭草,CA7,马鞭草,CA7
马鞭草,CD38,马鞭草,CD38
马鞭草,CDC25B,马鞭草,CDC25B
马鞭草,CDK6,马鞭草,CDK6
马鞭草,CSNK2A1,马鞭草,CSNK2A1
马鞭草,CTSD,马鞭草,CTSD
马鞭草,CXCL8,马鞭草,CXCL8
马鞭草,CYP19A1,马鞭草,CYP19A1
马鞭草,CYP1A1,马鞭草,CYP1A1
马鞭草,CYP1A2,马鞭草,CYP1A2
马鞭草,CYP1B1,马鞭草,CYP1B1
马鞭草,CYP2C19,马鞭草,CYP2C19
马鞭草,CYP2C9,马鞭草,CYP2C9
马鞭草,CYP2D6,马鞭草,CYP2D6
马鞭草,CYP3A4,马鞭草,CYP3A4
马鞭草,DAPK1,马鞭草,DAPK1
马鞭草,EGFR,马鞭草,EGFR
马鞭草,EHMT2,马鞭草,EHMT2
马鞭草,ESR1,马鞭草,ESR1
马鞭草,ESRRA,马鞭草,ESRRA
马鞭草,FASN,马鞭草,FASN
马鞭草,FLT3,马鞭草,FLT3
马鞭草,GAA,马鞭草,GAA
马鞭草,GBA,马鞭草,GBA
马鞭草,GLO1,马鞭草,GLO1
马鞭草,GPR35,马鞭草,GPR35
马鞭草,GSK3B,马鞭草,GSK3B
马鞭草,HIF1A,马鞭草,HIF1A
马鞭草,HSD11B1,马鞭草,HSD11B1
马鞭草,HSD17B1,马鞭草,HSD17B1
马鞭草,HSD17B2,马鞭草,HSD17B2
马鞭草,IDH1,马鞭草,IDH1
马鞭草,INSR,马鞭草,INSR
马鞭草,KDM4E,马鞭草,KDM4E
马鞭草,MAPK1,马鞭草,MAPK1
马鞭草,MAPT,马鞭草,MAPT
马鞭草,MGLL,马鞭草,MGLL
马鞭草,MMP12,马鞭草,MMP12
马鞭草,MMP13,马鞭草,MMP13
马鞭草,MMP2,马鞭草,MMP2
马鞭草,MMP3,马鞭草,MMP3
马鞭草,MMP9,马鞭草,MMP9
马鞭草,MPG,马鞭草,MPG
马鞭草,NFKB1,马鞭草,NFKB1
马鞭草,NOS2,马鞭草,NOS2
马鞭草,NR1H4,马鞭草,NR1H4
马鞭草,PARP1,马鞭草,PARP1
马鞭草,PDE5A,马鞭草,PDE5A
马鞭草,PIM1,马鞭草,PIM1
马鞭草,PLG,马鞭草,PLG
马鞭草,POLB,马鞭草,POLB
马鞭草,PPARA,马鞭草,PPARA
马鞭草,PPARD,马鞭草,PPARD
马鞭草,PPARG,马鞭草,PPARG
马鞭草,PRKCA,马鞭草,PRKCA
马鞭草,PTGS1,马鞭草,PTGS1
马鞭草,PTGS2,马鞭草,PTGS2
马鞭草,PTPN1,马鞭草,PTPN1
马鞭草,PTPN11,马鞭草,PTPN11
马鞭草,PTPN2,马鞭草,PTPN2
马鞭草,PTPN6,马鞭草,PTPN6
马鞭草,PTPRF,马鞭草,PTPRF
马鞭草,PTPRS,马鞭草,PTPRS
马鞭草,RORC,马鞭草,RORC
马鞭草,SLCO1B1,马鞭草,SLCO1B1
马鞭草,SLCO1B3,马鞭草,SLCO1B3
马鞭草,SLCO2B1,马鞭草,SLCO2B1
马鞭草,SYK,马鞭草,SYK
马鞭草,THRB,马鞭草,THRB
马鞭草,TNKS,马鞭草,TNKS
马鞭草,TNKS2,马鞭草,TNKS2
马鞭草,TOP1,马鞭草,TOP1
马鞭草,TOP2A,马鞭草,TOP2A
马鞭草,TTR,马鞭草,TTR
马鞭草,TYR,马鞭草,TYR
马鞭草,UGT1A1,马鞭草,UGT1A1
马鞭草,XDH,马鞭草,XDH
鱼腥草,ABCC1,鱼腥草,ABCC1
鱼腥草,ABCG2,鱼腥草,ABCG2
鱼腥草,ACHE,鱼腥草,ACHE
鱼腥草,ADORA3,鱼腥草,ADORA3
鱼腥草,AKR1B1,鱼腥草,AKR1B1
鱼腥草,AKR1B10,鱼腥草,AKR1B10
鱼腥草,AKR1C2,鱼腥草,AKR1C2
鱼腥草,AKR1C3,鱼腥草,AKR1C3
鱼腥草,AKR1C4,鱼腥草,AKR1C4
鱼腥草,AKT1,鱼腥草,AKT1
鱼腥草,ALK,鱼腥草,ALK
鱼腥草,ALOX12,鱼腥草,ALOX12
鱼腥草,ALOX15,鱼腥草,ALOX15
鱼腥草,ALOX5,鱼腥草,ALOX5
鱼腥草,ALPI,鱼腥草,ALPI
鱼腥草,ALPL,鱼腥草,ALPL
鱼腥草,AMY1A,鱼腥草,AMY1A
鱼腥草,APEX1,鱼腥草,APEX1
鱼腥草,APP,鱼腥草,APP
鱼腥草,AR,鱼腥草,AR
鱼腥草,AURKB,鱼腥草,AURKB
鱼腥草,AVPR2,鱼腥草,AVPR2
鱼腥草,AXL,鱼腥草,AXL
鱼腥草,BACE1,鱼腥草,BACE1
鱼腥草,BCHE,鱼腥草,BCHE
鱼腥草,BCL2,鱼腥草,BCL2
鱼腥草,CA1,鱼腥草,CA1
鱼腥草,CA12,鱼腥草,CA12
鱼腥草,CA13,鱼腥草,CA13
鱼腥草,CA14,鱼腥草,CA14
鱼腥草,CA2,鱼腥草,CA2
鱼腥草,CA3,鱼腥草,CA3
鱼腥草,CA4,鱼腥草,CA4
鱼腥草,CA5A,鱼腥草,CA5A
鱼腥草,CA5B,鱼腥草,CA5B
鱼腥草,CA6,鱼腥草,CA6
鱼腥草,CA7,鱼腥草,CA7
鱼腥草,CA9,鱼腥草,CA9
鱼腥草,CAMK2B,鱼腥草,CAMK2B
鱼腥草,CCR4,鱼腥草,CCR4
鱼腥草,CD38,鱼腥草,CD38
鱼腥草,CDC25B,鱼腥草,CDC25B
鱼腥草,CDK6,鱼腥草,CDK6
鱼腥草,CES2,鱼腥草,CES2
鱼腥草,CXCL8,鱼腥草,CXCL8
鱼腥草,CXCR1,鱼腥草,CXCR1
鱼腥草,CYP19A1,鱼腥草,CYP19A1
鱼腥草,CYP1A1,鱼腥草,CYP1A1
鱼腥草,CYP1A2,鱼腥草,CYP1A2
鱼腥草,CYP1B1,鱼腥草,CYP1B1
鱼腥草,CYP2C19,鱼腥草,CYP2C19
鱼腥草,CYP2C8,鱼腥草,CYP2C8
鱼腥草,CYP2C9,鱼腥草,CYP2C9
鱼腥草,CYP2D6,鱼腥草,CYP2D6
鱼腥草,CYP2J2,鱼腥草,CYP2J2
鱼腥草,CYP3A4,鱼腥草,CYP3A4
鱼腥草,DAPK1,鱼腥草,DAPK1
鱼腥草,DPP4,鱼腥草,DPP4
鱼腥草,DRD1,鱼腥草,DRD1
鱼腥草,DUSP3,鱼腥草,DUSP3
鱼腥草,EGFR,鱼腥草,EGFR
鱼腥草,EHMT2,鱼腥草,EHMT2
鱼腥草,EPHX2,鱼腥草,EPHX2
鱼腥草,ESR1,鱼腥草,ESR1
鱼腥草,ESRRA,鱼腥草,ESRRA
鱼腥草,F2,鱼腥草,F2
鱼腥草,F3,鱼腥草,F3
鱼腥草,FABP2,鱼腥草,FABP2
鱼腥草,FABP3,鱼腥草,FABP3
鱼腥草,FABP4,鱼腥草,FABP4
鱼腥草,FABP5,鱼腥草,FABP5
鱼腥草,FLT3,鱼腥草,FLT3
鱼腥草,GAA,鱼腥草,GAA
鱼腥草,GBA,鱼腥草,GBA
鱼腥草,GLO1,鱼腥草,GLO1
鱼腥草,GPR35,鱼腥草,GPR35
鱼腥草,GSK3B,鱼腥草,GSK3B
鱼腥草,HCAR2,鱼腥草,HCAR2
鱼腥草,HIF1A,鱼腥草,HIF1A
鱼腥草,HSD11B1,鱼腥草,HSD11B1
鱼腥草,HSD17B1,鱼腥草,HSD17B1
鱼腥草,HSD17B2,鱼腥草,HSD17B2
鱼腥草,HTR1A,鱼腥草,HTR1A
鱼腥草,IDH1,鱼腥草,IDH1
鱼腥草,IGF1R,鱼腥草,IGF1R
鱼腥草,KCNH2,鱼腥草,KCNH2
鱼腥草,KDM4E,鱼腥草,KDM4E
鱼腥草,KDR,鱼腥草,KDR
鱼腥草,KMT2A,鱼腥草,KMT2A
鱼腥草,MAP2K1,鱼腥草,MAP2K1
鱼腥草,MAPK1,鱼腥草,MAPK1
鱼腥草,MAPK14,鱼腥草,MAPK14
鱼腥草,MAPKAPK2,鱼腥草,MAPKAPK2
鱼腥草,MAPT,鱼腥草,MAPT
鱼腥草,MET,鱼腥草,MET
鱼腥草,MMP1,鱼腥草,MMP1
鱼腥草,MMP12,鱼腥草,MMP12
鱼腥草,MMP13,鱼腥草,MMP13
鱼腥草,MMP2,鱼腥草,MMP2
鱼腥草,MMP3,鱼腥草,MMP3
鱼腥草,MMP9,鱼腥草,MMP9
鱼腥草,MPG,鱼腥草,MPG
鱼腥草,NEK2,鱼腥草,NEK2
鱼腥草,NEK6,鱼腥草,NEK6
鱼腥草,NFKB1,鱼腥草,NFKB1
鱼腥草,NUAK1,鱼腥草,NUAK1
鱼腥草,PARP1,鱼腥草,PARP1
鱼腥草,PDE5A,鱼腥草,PDE5A
鱼腥草,PIK3CG,鱼腥草,PIK3CG
鱼腥草,PIM1,鱼腥草,PIM1
鱼腥草,PKN1,鱼腥草,PKN1
鱼腥草,PLG,鱼腥草,PLG
鱼腥草,PLK1,鱼腥草,PLK1
鱼腥草,POLB,鱼腥草,POLB
鱼腥草,PPARA,鱼腥草,PPARA
鱼腥草,PPARD,鱼腥草,PPARD
鱼腥草,PPARG,鱼腥草,PPARG
鱼腥草,PRKCA,鱼腥草,PRKCA
鱼腥草,PTGS1,鱼腥草,PTGS1
鱼腥草,PTGS2,鱼腥草,PTGS2
鱼腥草,PTK2,鱼腥草,PTK2
鱼腥草,PTPN1,鱼腥草,PTPN1
鱼腥草,PTPN11,鱼腥草,PTPN11
鱼腥草,PTPN2,鱼腥草,PTPN2
鱼腥草,PTPN6,鱼腥草,PTPN6
鱼腥草,PTPRF,鱼腥草,PTPRF
鱼腥草,PTPRS,鱼腥草,PTPRS
鱼腥草,PYGL,鱼腥草,PYGL
鱼腥草,RELA,鱼腥草,RELA
鱼腥草,RORC,鱼腥草,RORC
鱼腥草,SLCO1B1,鱼腥草,SLCO1B1
鱼腥草,SLCO1B3,鱼腥草,SLCO1B3
鱼腥草,SLCO2B1,鱼腥草,SLCO2B1
鱼腥草,SOAT1,鱼腥草,SOAT1
鱼腥草,SOAT2,鱼腥草,SOAT2
鱼腥草,SRC,鱼腥草,SRC
鱼腥草,SYK,鱼腥草,SYK
鱼腥草,TERT,鱼腥草,TERT
鱼腥草,THRB,鱼腥草,THRB
鱼腥草,TLR2,鱼腥草,TLR2
鱼腥草,TOP2A,鱼腥草,TOP2A
鱼腥草,TRPV1,鱼腥草,TRPV1
鱼腥草,TTR,鱼腥草,TTR
鱼腥草,TYR,鱼腥草,TYR
鱼腥草,UGT1A1,鱼腥草,UGT1A1
鱼腥草,XDH,鱼腥草,XDH
麦冬,ACP1,麦冬,ACP1
麦冬,ADORA1,麦冬,ADORA1
麦冬,ADORA2A,麦冬,ADORA2A
麦冬,ADORA2B,麦冬,ADORA2B
麦冬,ADORA3,麦冬,ADORA3
麦冬,AKR1B1,麦冬,AKR1B1
麦冬,AKR1B10,麦冬,AKR1B10
麦冬,ALOX5,麦冬,ALOX5
麦冬,CDC25B,麦冬,CDC25B
麦冬,CYP3A4,麦冬,CYP3A4
麦冬,EGFR,麦冬,EGFR
麦冬,EHMT2,麦冬,EHMT2
麦冬,ERBB2,麦冬,ERBB2
麦冬,HSPA8,麦冬,HSPA8
麦冬,IDH1,麦冬,IDH1
麦冬,KDM4E,麦冬,KDM4E
麦冬,MAPK1,麦冬,MAPK1
麦冬,MGLL,麦冬,MGLL
麦冬,MMP1,麦冬,MMP1
麦冬,MMP2,麦冬,MMP2
麦冬,MMP3,麦冬,MMP3
麦冬,MMP9,麦冬,MMP9
麦冬,NOS2,麦冬,NOS2
麦冬,NR1H4,麦冬,NR1H4
麦冬,PNP,麦冬,PNP
麦冬,PTPN1,麦冬,PTPN1
麦冬,PTPN11,麦冬,PTPN11
麦冬,PTPN2,麦冬,PTPN2
麦冬,PTPN6,麦冬,PTPN6
麦冬,PTPRF,麦冬,PTPRF
麦冬,RORC,麦冬,RORC
麦冬,SLC28A1,麦冬,SLC28A1
麦冬,SLC28A2,麦冬,SLC28A2
麦冬,SLC28A3,麦冬,SLC28A3
麦冬,TOP1,麦冬,TOP1
麦冬,TOP2A,麦冬,TOP2A
麦冬,TYR,麦冬,TYR
麦芽,ABCB11,麦芽,ABCB11
麦芽,AKR1C2,麦芽,AKR1C2
麦芽,AKR1C3,麦芽,AKR1C3
麦芽,AKR1C4,麦芽,AKR1C4
麦芽,ALOX5,麦芽,ALOX5
麦芽,CA1,麦芽,CA1
麦芽,CA12,麦芽,CA12
麦芽,CA14,麦芽,CA14
麦芽,CA2,麦芽,CA2
麦芽,CA3,麦芽,CA3
麦芽,CA4,麦芽,CA4
麦芽,CA5A,麦芽,CA5A
麦芽,CA5B,麦芽,CA5B
麦芽,CA6,麦芽,CA6
麦芽,CA7,麦芽,CA7
麦芽,CA9,麦芽,CA9
麦芽,CXCL8,麦芽,CXCL8
麦芽,CYP2A13,麦芽,CYP2A13
麦芽,CYP2A6,麦芽,CYP2A6
麦芽,CYP2C19,麦芽,CYP2C19
麦芽,CYP2C9,麦芽,CYP2C9
麦芽,CYP2D6,麦芽,CYP2D6
麦芽,CYP3A4,麦芽,CYP3A4
麦芽,DAO,麦芽,DAO
麦芽,DRD1,麦芽,DRD1
麦芽,DRD2,麦芽,DRD2
麦芽,EHMT2,麦芽,EHMT2
麦芽,ESR1,麦芽,ESR1
麦芽,ESR2,麦芽,ESR2
麦芽,GAA,麦芽,GAA
麦芽,HCAR2,麦芽,HCAR2
麦芽,HTR2A,麦芽,HTR2A
麦芽,HTR6,麦芽,HTR6
麦芽,IDO1,麦芽,IDO1
麦芽,KDM4E,麦芽,KDM4E
麦芽,KMT2A,麦芽,KMT2A
麦芽,LDHA,麦芽,LDHA
麦芽,MAPT,麦芽,MAPT
麦芽,MMP1,麦芽,MMP1
麦芽,MMP2,麦芽,MMP2
麦芽,MMP3,麦芽,MMP3
麦芽,MMP9,麦芽,MMP9
麦芽,MPO,麦芽,MPO
麦芽,NFKB1,麦芽,NFKB1
麦芽,PTGS1,麦芽,PTGS1
麦芽,PTGS2,麦芽,PTGS2
麦芽,SLC47A1,麦芽,SLC47A1
麦芽,TOP2A,麦芽,TOP2A
麦芽,TYR,麦芽,TYR
麦芽,UGT1A1,麦芽,UGT1A1
麻黄,ABCC1,麻黄,ABCC1
麻黄,ABCG2,麻黄,ABCG2
麻黄,ACHE,麻黄,ACHE
麻黄,ADORA3,麻黄,ADORA3
麻黄,AKR1B1,麻黄,AKR1B1
麻黄,AKR1B10,麻黄,AKR1B10
麻黄,AKT1,麻黄,AKT1
麻黄,ALK,麻黄,ALK
麻黄,ALOX12,麻黄,ALOX12
麻黄,ALOX15,麻黄,ALOX15
麻黄,ALOX5,麻黄,ALOX5
麻黄,AMY1A,麻黄,AMY1A
麻黄,AOC3,麻黄,AOC3
麻黄,APEX1,麻黄,APEX1
麻黄,APP,麻黄,APP
麻黄,AR,麻黄,AR
麻黄,AURKB,麻黄,AURKB
麻黄,AVPR2,麻黄,AVPR2
麻黄,AXL,麻黄,AXL
麻黄,BACE1,麻黄,BACE1
麻黄,BCHE,麻黄,BCHE
麻黄,BCL2,麻黄,BCL2
麻黄,BCL2L1,麻黄,BCL2L1
麻黄,CA1,麻黄,CA1
麻黄,CA12,麻黄,CA12
麻黄,CA13,麻黄,CA13
麻黄,CA14,麻黄,CA14
麻黄,CA2,麻黄,CA2
麻黄,CA3,麻黄,CA3
麻黄,CA4,麻黄,CA4
麻黄,CA5A,麻黄,CA5A
麻黄,CA5B,麻黄,CA5B
麻黄,CA6,麻黄,CA6
麻黄,CA7,麻黄,CA7
麻黄,CA9,麻黄,CA9
麻黄,CAMK2B,麻黄,CAMK2B
麻黄,CBR1,麻黄,CBR1
麻黄,CCR4,麻黄,CCR4
麻黄,CD38,麻黄,CD38
麻黄,CDK6,麻黄,CDK6
麻黄,CES1,麻黄,CES1
麻黄,CES2,麻黄,CES2
麻黄,CSNK2A1,麻黄,CSNK2A1
麻黄,CXCL8,麻黄,CXCL8
麻黄,CXCR1,麻黄,CXCR1
麻黄,CYP19A1,麻黄,CYP19A1
麻黄,CYP1A1,麻黄,CYP1A1
麻黄,CYP1A2,麻黄,CYP1A2
麻黄,CYP1B1,麻黄,CYP1B1
麻黄,CYP2A6,麻黄,CYP2A6
麻黄,CYP2C19,麻黄,CYP2C19
麻黄,CYP2C8,麻黄,CYP2C8
麻黄,CYP2C9,麻黄,CYP2C9
麻黄,CYP2D6,麻黄,CYP2D6
麻黄,CYP2J2,麻黄,CYP2J2
麻黄,CYP3A4,麻黄,CYP3A4
麻黄,DAPK1,麻黄,DAPK1
麻黄,DPP4,麻黄,DPP4
麻黄,DRD1,麻黄,DRD1
麻黄,EGFR,麻黄,EGFR
麻黄,EHMT2,麻黄,EHMT2
麻黄,EPHX2,麻黄,EPHX2
麻黄,ESR1,麻黄,ESR1
麻黄,ESRRA,麻黄,ESRRA
麻黄,F2,麻黄,F2
麻黄,FABP2,麻黄,FABP2
麻黄,FABP3,麻黄,FABP3
麻黄,FABP4,麻黄,FABP4
麻黄,FABP5,麻黄,FABP5
麻黄,FASN,麻黄,FASN
麻黄,FLT3,麻黄,FLT3
麻黄,GAA,麻黄,GAA
麻黄,GBA,麻黄,GBA
麻黄,GLO1,麻黄,GLO1
麻黄,GPR35,麻黄,GPR35
麻黄,GSK3B,麻黄,GSK3B
麻黄,HIF1A,麻黄,HIF1A
麻黄,HSD11B1,麻黄,HSD11B1
麻黄,HSD17B1,麻黄,HSD17B1
麻黄,HSD17B2,麻黄,HSD17B2
麻黄,HTR1A,麻黄,HTR1A
麻黄,IDH1,麻黄,IDH1
麻黄,IGF1R,麻黄,IGF1R
麻黄,INSR,麻黄,INSR
麻黄,KDM4E,麻黄,KDM4E
麻黄,KDR,麻黄,KDR
麻黄,KMT2A,麻黄,KMT2A
麻黄,MAP2K1,麻黄,MAP2K1
麻黄,MAPK1,麻黄,MAPK1
麻黄,MAPK14,麻黄,MAPK14
麻黄,MAPKAPK2,麻黄,MAPKAPK2
麻黄,MAPT,麻黄,MAPT
麻黄,MET,麻黄,MET
麻黄,MIF,麻黄,MIF
麻黄,MMP12,麻黄,MMP12
麻黄,MMP13,麻黄,MMP13
麻黄,MMP2,麻黄,MMP2
麻黄,MMP3,麻黄,MMP3
麻黄,MMP9,麻黄,MMP9
麻黄,MPG,麻黄,MPG
麻黄,NEK2,麻黄,NEK2
麻黄,NEK6,麻黄,NEK6
麻黄,NFKB1,麻黄,NFKB1
麻黄,NUAK1,麻黄,NUAK1
麻黄,PARP1,麻黄,PARP1
麻黄,PDE5A,麻黄,PDE5A
麻黄,PDPK1,麻黄,PDPK1
麻黄,PIK3CG,麻黄,PIK3CG
麻黄,PIM1,麻黄,PIM1
麻黄,PKN1,麻黄,PKN1
麻黄,PLG,麻黄,PLG
麻黄,PLK1,麻黄,PLK1
麻黄,POLB,麻黄,POLB
麻黄,PPARA,麻黄,PPARA
麻黄,PPARD,麻黄,PPARD
麻黄,PPARG,麻黄,PPARG
麻黄,PRKCA,麻黄,PRKCA
麻黄,PTGES,麻黄,PTGES
麻黄,PTGS1,麻黄,PTGS1
麻黄,PTGS2,麻黄,PTGS2
麻黄,PTK2,麻黄,PTK2
麻黄,PTPN1,麻黄,PTPN1
麻黄,PTPRS,麻黄,PTPRS
麻黄,PYGL,麻黄,PYGL
麻黄,RELA,麻黄,RELA
麻黄,RORC,麻黄,RORC
麻黄,SLC5A1,麻黄,SLC5A1
麻黄,SLC5A2,麻黄,SLC5A2
麻黄,SLCO1B1,麻黄,SLCO1B1
麻黄,SLCO1B3,麻黄,SLCO1B3
麻黄,SLCO2B1,麻黄,SLCO2B1
麻黄,SRC,麻黄,SRC
麻黄,STAT3,麻黄,STAT3
麻黄,SYK,麻黄,SYK
麻黄,THRB,麻黄,THRB
麻黄,TLR2,麻黄,TLR2
麻黄,TNKS,麻黄,TNKS
麻黄,TNKS2,麻黄,TNKS2
麻黄,TOP1,麻黄,TOP1
麻黄,TOP2A,麻黄,TOP2A
麻黄,TRPV1,麻黄,TRPV1
麻黄,TTR,麻黄,TTR
麻黄,TYR,麻黄,TYR
麻黄,UGT1A1,麻黄,UGT1A1
麻黄,XDH,麻黄,XDH
麻黄绒,ABCC1,麻黄绒,ABCC1
麻黄绒,ABCG2,麻黄绒,ABCG2
麻黄绒,ACHE,麻黄绒,ACHE
麻黄绒,ADORA3,麻黄绒,ADORA3
麻黄绒,AKR1B1,麻黄绒,AKR1B1
麻黄绒,AKR1B10,麻黄绒,AKR1B10
麻黄绒,AKT1,麻黄绒,AKT1
麻黄绒,ALK,麻黄绒,ALK
麻黄绒,ALOX12,麻黄绒,ALOX12
麻黄绒,ALOX15,麻黄绒,ALOX15
麻黄绒,ALOX5,麻黄绒,ALOX5
麻黄绒,AMY1A,麻黄绒,AMY1A
麻黄绒,AOC3,麻黄绒,AOC3
麻黄绒,APEX1,麻黄绒,APEX1
麻黄绒,APP,麻黄绒,APP
麻黄绒,AR,麻黄绒,AR
麻黄绒,AURKB,麻黄绒,AURKB
麻黄绒,AVPR2,麻黄绒,AVPR2
麻黄绒,AXL,麻黄绒,AXL
麻黄绒,BACE1,麻黄绒,BACE1
麻黄绒,BCHE,麻黄绒,BCHE
麻黄绒,BCL2,麻黄绒,BCL2
麻黄绒,BCL2L1,麻黄绒,BCL2L1
麻黄绒,CA1,麻黄绒,CA1
麻黄绒,CA12,麻黄绒,CA12
麻黄绒,CA13,麻黄绒,CA13
麻黄绒,CA14,麻黄绒,CA14
麻黄绒,CA2,麻黄绒,CA2
麻黄绒,CA3,麻黄绒,CA3
麻黄绒,CA4,麻黄绒,CA4
麻黄绒,CA5A,麻黄绒,CA5A
麻黄绒,CA5B,麻黄绒,CA5B
麻黄绒,CA6,麻黄绒,CA6
麻黄绒,CA7,麻黄绒,CA7
麻黄绒,CA9,麻黄绒,CA9
麻黄绒,CAMK2B,麻黄绒,CAMK2B
麻黄绒,CBR1,麻黄绒,CBR1
麻黄绒,CCR4,麻黄绒,CCR4
麻黄绒,CD38,麻黄绒,CD38
麻黄绒,CDK6,麻黄绒,CDK6
麻黄绒,CES1,麻黄绒,CES1
麻黄绒,CES2,麻黄绒,CES2
麻黄绒,CSNK2A1,麻黄绒,CSNK2A1
麻黄绒,CXCL8,麻黄绒,CXCL8
麻黄绒,CXCR1,麻黄绒,CXCR1
麻黄绒,CYP19A1,麻黄绒,CYP19A1
麻黄绒,CYP1A1,麻黄绒,CYP1A1
麻黄绒,CYP1A2,麻黄绒,CYP1A2
麻黄绒,CYP1B1,麻黄绒,CYP1B1
麻黄绒,CYP2A6,麻黄绒,CYP2A6
麻黄绒,CYP2C19,麻黄绒,CYP2C19
麻黄绒,CYP2C8,麻黄绒,CYP2C8
麻黄绒,CYP2C9,麻黄绒,CYP2C9
麻黄绒,CYP2D6,麻黄绒,CYP2D6
麻黄绒,CYP2J2,麻黄绒,CYP2J2
麻黄绒,CYP3A4,麻黄绒,CYP3A4
麻黄绒,DAPK1,麻黄绒,DAPK1
麻黄绒,DPP4,麻黄绒,DPP4
麻黄绒,DRD1,麻黄绒,DRD1
麻黄绒,EGFR,麻黄绒,EGFR
麻黄绒,EHMT2,麻黄绒,EHMT2
麻黄绒,EPHX2,麻黄绒,EPHX2
麻黄绒,ESR1,麻黄绒,ESR1
麻黄绒,ESRRA,麻黄绒,ESRRA
麻黄绒,F2,麻黄绒,F2
麻黄绒,FABP2,麻黄绒,FABP2
麻黄绒,FABP3,麻黄绒,FABP3
麻黄绒,FABP4,麻黄绒,FABP4
麻黄绒,FABP5,麻黄绒,FABP5
麻黄绒,FASN,麻黄绒,FASN
麻黄绒,FLT3,麻黄绒,FLT3
麻黄绒,GAA,麻黄绒,GAA
麻黄绒,GBA,麻黄绒,GBA
麻黄绒,GLO1,麻黄绒,GLO1
麻黄绒,GPR35,麻黄绒,GPR35
麻黄绒,GSK3B,麻黄绒,GSK3B
麻黄绒,HIF1A,麻黄绒,HIF1A
麻黄绒,HSD11B1,麻黄绒,HSD11B1
麻黄绒,HSD17B1,麻黄绒,HSD17B1
麻黄绒,HSD17B2,麻黄绒,HSD17B2
麻黄绒,HTR1A,麻黄绒,HTR1A
麻黄绒,IDH1,麻黄绒,IDH1
麻黄绒,IGF1R,麻黄绒,IGF1R
麻黄绒,INSR,麻黄绒,INSR
麻黄绒,KDM4E,麻黄绒,KDM4E
麻黄绒,KDR,麻黄绒,KDR
麻黄绒,KMT2A,麻黄绒,KMT2A
麻黄绒,MAP2K1,麻黄绒,MAP2K1
麻黄绒,MAPK1,麻黄绒,MAPK1
麻黄绒,MAPK14,麻黄绒,MAPK14
麻黄绒,MAPKAPK2,麻黄绒,MAPKAPK2
麻黄绒,MAPT,麻黄绒,MAPT
麻黄绒,MET,麻黄绒,MET
麻黄绒,MIF,麻黄绒,MIF
麻黄绒,MMP12,麻黄绒,MMP12
麻黄绒,MMP13,麻黄绒,MMP13
麻黄绒,MMP2,麻黄绒,MMP2
麻黄绒,MMP3,麻黄绒,MMP3
麻黄绒,MMP9,麻黄绒,MMP9
麻黄绒,MPG,麻黄绒,MPG
麻黄绒,NEK2,麻黄绒,NEK2
麻黄绒,NEK6,麻黄绒,NEK6
麻黄绒,NFKB1,麻黄绒,NFKB1
麻黄绒,NUAK1,麻黄绒,NUAK1
麻黄绒,PARP1,麻黄绒,PARP1
麻黄绒,PDE5A,麻黄绒,PDE5A
麻黄绒,PDPK1,麻黄绒,PDPK1
麻黄绒,PIK3CG,麻黄绒,PIK3CG
麻黄绒,PIM1,麻黄绒,PIM1
麻黄绒,PKN1,麻黄绒,PKN1
麻黄绒,PLG,麻黄绒,PLG
麻黄绒,PLK1,麻黄绒,PLK1
麻黄绒,POLB,麻黄绒,POLB
麻黄绒,PPARA,麻黄绒,PPARA
麻黄绒,PPARD,麻黄绒,PPARD
麻黄绒,PPARG,麻黄绒,PPARG
麻黄绒,PRKCA,麻黄绒,PRKCA
麻黄绒,PTGES,麻黄绒,PTGES
麻黄绒,PTGS1,麻黄绒,PTGS1
麻黄绒,PTGS2,麻黄绒,PTGS2
麻黄绒,PTK2,麻黄绒,PTK2
麻黄绒,PTPN1,麻黄绒,PTPN1
麻黄绒,PTPRS,麻黄绒,PTPRS
麻黄绒,PYGL,麻黄绒,PYGL
麻黄绒,RELA,麻黄绒,RELA
麻黄绒,RORC,麻黄绒,RORC
麻黄绒,SLC5A1,麻黄绒,SLC5A1
麻黄绒,SLC5A2,麻黄绒,SLC5A2
麻黄绒,SLCO1B1,麻黄绒,SLCO1B1
麻黄绒,SLCO1B3,麻黄绒,SLCO1B3
麻黄绒,SLCO2B1,麻黄绒,SLCO2B1
麻黄绒,SRC,麻黄绒,SRC
麻黄绒,STAT3,麻黄绒,STAT3
麻黄绒,SYK,麻黄绒,SYK
麻黄绒,THRB,麻黄绒,THRB
麻黄绒,TLR2,麻黄绒,TLR2
麻黄绒,TNKS,麻黄绒,TNKS
麻黄绒,TNKS2,麻黄绒,TNKS2
麻黄绒,TOP1,麻黄绒,TOP1
麻黄绒,TOP2A,麻黄绒,TOP2A
麻黄绒,TRPV1,麻黄绒,TRPV1
麻黄绒,TTR,麻黄绒,TTR
麻黄绒,TYR,麻黄绒,TYR
麻黄绒,UGT1A1,麻黄绒,UGT1A1
麻黄绒,XDH,麻黄绒,XDH
黄芩,ABCB1,黄芩,ABCB1
黄芩,ABCG2,黄芩,ABCG2
黄芩,ACHE,黄芩,ACHE
黄芩,ADRB2,黄芩,ADRB2
黄芩,AKR1B1,黄芩,AKR1B1
黄芩,AKR1B10,黄芩,AKR1B10
黄芩,ALOX12,黄芩,ALOX12
黄芩,ALOX15,黄芩,ALOX15
黄芩,ALOX5,黄芩,ALOX5
黄芩,AMY1A,黄芩,AMY1A
黄芩,APEX1,黄芩,APEX1
黄芩,APP,黄芩,APP
黄芩,AR,黄芩,AR
黄芩,BACE1,黄芩,BACE1
黄芩,BCHE,黄芩,BCHE
黄芩,CA1,黄芩,CA1
黄芩,CA12,黄芩,CA12
黄芩,CA14,黄芩,CA14
黄芩,CA2,黄芩,CA2
黄芩,CA3,黄芩,CA3
黄芩,CA4,黄芩,CA4
黄芩,CA5A,黄芩,CA5A
黄芩,CA5B,黄芩,CA5B
黄芩,CA6,黄芩,CA6
黄芩,CA7,黄芩,CA7
黄芩,CA9,黄芩,CA9
黄芩,CBR1,黄芩,CBR1
黄芩,CDK6,黄芩,CDK6
黄芩,CSNK2A1,黄芩,CSNK2A1
黄芩,CXCL8,黄芩,CXCL8
黄芩,CYP19A1,黄芩,CYP19A1
黄芩,CYP1A1,黄芩,CYP1A1
黄芩,CYP1A2,黄芩,CYP1A2
黄芩,CYP1B1,黄芩,CYP1B1
黄芩,CYP2A6,黄芩,CYP2A6
黄芩,CYP2B6,黄芩,CYP2B6
黄芩,CYP2C19,黄芩,CYP2C19
黄芩,CYP2C9,黄芩,CYP2C9
黄芩,CYP2D6,黄芩,CYP2D6
黄芩,CYP3A4,黄芩,CYP3A4
黄芩,DAPK1,黄芩,DAPK1
黄芩,DUSP3,黄芩,DUSP3
黄芩,EGFR,黄芩,EGFR
黄芩,EHMT2,黄芩,EHMT2
黄芩,ESR1,黄芩,ESR1
黄芩,F3,黄芩,F3
黄芩,FABP3,黄芩,FABP3
黄芩,FABP4,黄芩,FABP4
黄芩,FLT3,黄芩,FLT3
黄芩,GBA,黄芩,GBA
黄芩,GLO1,黄芩,GLO1
黄芩,GPR35,黄芩,GPR35
黄芩,GRK6,黄芩,GRK6
黄芩,GSK3B,黄芩,GSK3B
黄芩,HCAR2,黄芩,HCAR2
黄芩,HIF1A,黄芩,HIF1A
黄芩,HSD17B1,黄芩,HSD17B1
黄芩,HSD17B2,黄芩,HSD17B2
黄芩,HSD17B3,黄芩,HSD17B3
黄芩,HTR7,黄芩,HTR7
黄芩,IDH1,黄芩,IDH1
黄芩,INSR,黄芩,INSR
黄芩,KCNH2,黄芩,KCNH2
黄芩,KDM4E,黄芩,KDM4E
黄芩,KMT2A,黄芩,KMT2A
黄芩,MAPK1,黄芩,MAPK1
黄芩,MAPT,黄芩,MAPT
黄芩,MGLL,黄芩,MGLL
黄芩,NFKB1,黄芩,NFKB1
黄芩,PARP1,黄芩,PARP1
黄芩,PDE5A,黄芩,PDE5A
黄芩,PIM1,黄芩,PIM1
黄芩,PPARA,黄芩,PPARA
黄芩,PPARD,黄芩,PPARD
黄芩,PPARG,黄芩,PPARG
黄芩,PRKCA,黄芩,PRKCA
黄芩,PTGS2,黄芩,PTGS2
黄芩,PTPN1,黄芩,PTPN1
黄芩,PTPN6,黄芩,PTPN6
黄芩,PTPRS,黄芩,PTPRS
黄芩,RORC,黄芩,RORC
黄芩,SLCO1B1,黄芩,SLCO1B1
黄芩,SLCO1B3,黄芩,SLCO1B3
黄芩,SLCO2B1,黄芩,SLCO2B1
黄芩,SOAT1,黄芩,SOAT1
黄芩,SRC,黄芩,SRC
黄芩,SYK,黄芩,SYK
黄芩,TERT,黄芩,TERT
黄芩,THRB,黄芩,THRB
黄芩,TNKS,黄芩,TNKS
黄芩,TNKS2,黄芩,TNKS2
黄芩,TOP2A,黄芩,TOP2A
黄芩,TRPV1,黄芩,TRPV1
黄芩,TTR,黄芩,TTR
黄芩,TUBB3,黄芩,TUBB3
黄芩,TYR,黄芩,TYR
黄芩,UGT1A1,黄芩,UGT1A1
黄芩,XDH,黄芩,XDH
黄芪,ABCC1,黄芪,ABCC1
黄芪,ABCG2,黄芪,ABCG2
黄芪,ACHE,黄芪,ACHE
黄芪,ADORA1,黄芪,ADORA1
黄芪,ADORA2A,黄芪,ADORA2A
黄芪,ADORA2B,黄芪,ADORA2B
黄芪,ADORA3,黄芪,ADORA3
黄芪,ADRB2,黄芪,ADRB2
黄芪,AKR1B1,黄芪,AKR1B1
黄芪,AKR1B10,黄芪,AKR1B10
黄芪,ALOX12,黄芪,ALOX12
黄芪,ALOX15,黄芪,ALOX15
黄芪,ALOX5,黄芪,ALOX5
黄芪,ALPI,黄芪,ALPI
黄芪,ALPL,黄芪,ALPL
黄芪,AMY1A,黄芪,AMY1A
黄芪,APEX1,黄芪,APEX1
黄芪,APP,黄芪,APP
黄芪,AR,黄芪,AR
黄芪,BACE1,黄芪,BACE1
黄芪,BCHE,黄芪,BCHE
黄芪,CA1,黄芪,CA1
黄芪,CA12,黄芪,CA12
黄芪,CA2,黄芪,CA2
黄芪,CA4,黄芪,CA4
黄芪,CA7,黄芪,CA7
黄芪,CA9,黄芪,CA9
黄芪,CBR1,黄芪,CBR1
黄芪,CDK6,黄芪,CDK6
黄芪,CHRNA7,黄芪,CHRNA7
黄芪,CSNK2A1,黄芪,CSNK2A1
黄芪,CXCL8,黄芪,CXCL8
黄芪,CYP19A1,黄芪,CYP19A1
黄芪,CYP1A1,黄芪,CYP1A1
黄芪,CYP1A2,黄芪,CYP1A2
黄芪,CYP1B1,黄芪,CYP1B1
黄芪,CYP2C19,黄芪,CYP2C19
黄芪,CYP2C9,黄芪,CYP2C9
黄芪,CYP2D6,黄芪,CYP2D6
黄芪,CYP3A4,黄芪,CYP3A4
黄芪,DAPK1,黄芪,DAPK1
黄芪,DPP4,黄芪,DPP4
黄芪,DRD1,黄芪,DRD1
黄芪,DUSP3,黄芪,DUSP3
黄芪,EGFR,黄芪,EGFR
黄芪,EHMT2,黄芪,EHMT2
黄芪,EPHX2,黄芪,EPHX2
黄芪,ERBB2,黄芪,ERBB2
黄芪,ESR1,黄芪,ESR1
黄芪,ESR2,黄芪,ESR2
黄芪,F3,黄芪,F3
黄芪,FABP3,黄芪,FABP3
黄芪,FABP4,黄芪,FABP4
黄芪,FLT3,黄芪,FLT3
黄芪,GAA,黄芪,GAA
黄芪,GBA,黄芪,GBA
黄芪,GSK3B,黄芪,GSK3B
黄芪,HIF1A,黄芪,HIF1A
黄芪,HSD17B1,黄芪,HSD17B1
黄芪,HSD17B2,黄芪,HSD17B2
黄芪,HSPA8,黄芪,HSPA8
黄芪,HTR7,黄芪,HTR7
黄芪,IDH1,黄芪,IDH1
黄芪,INSR,黄芪,INSR
黄芪,KDM4E,黄芪,KDM4E
黄芪,KMT2A,黄芪,KMT2A
黄芪,MAPK1,黄芪,MAPK1
黄芪,MAPT,黄芪,MAPT
黄芪,MMP9,黄芪,MMP9
黄芪,NFKB1,黄芪,NFKB1
黄芪,PARP1,黄芪,PARP1
黄芪,PDE5A,黄芪,PDE5A
黄芪,PIM1,黄芪,PIM1
黄芪,PLG,黄芪,PLG
黄芪,PNP,黄芪,PNP
黄芪,POLB,黄芪,POLB
黄芪,PPARA,黄芪,PPARA
黄芪,PPARD,黄芪,PPARD
黄芪,PPARG,黄芪,PPARG
黄芪,PTGS2,黄芪,PTGS2
黄芪,PTPN1,黄芪,PTPN1
黄芪,RORC,黄芪,RORC
黄芪,SLC28A1,黄芪,SLC28A1
黄芪,SLC28A2,黄芪,SLC28A2
黄芪,SLC28A3,黄芪,SLC28A3
黄芪,SLC5A1,黄芪,SLC5A1
黄芪,SLC5A2,黄芪,SLC5A2
黄芪,SLCO1B1,黄芪,SLCO1B1
黄芪,SLCO1B3,黄芪,SLCO1B3
黄芪,SLCO2B1,黄芪,SLCO2B1
黄芪,SOAT1,黄芪,SOAT1
黄芪,STAT3,黄芪,STAT3
黄芪,SYK,黄芪,SYK
黄芪,TERT,黄芪,TERT
黄芪,THRB,黄芪,THRB
黄芪,TNKS,黄芪,TNKS
黄芪,TNKS2,黄芪,TNKS2
黄芪,TOP2A,黄芪,TOP2A
黄芪,TRPV1,黄芪,TRPV1
黄芪,TTR,黄芪,TTR
黄芪,UBE2N,黄芪,UBE2N
黄芪,UGT1A1,黄芪,UGT1A1
黄芪,XDH,黄芪,XDH
黄连,ACHE,黄连,ACHE
黄连,ADRB2,黄连,ADRB2
黄连,AKR1B1,黄连,AKR1B1
黄连,AKR1B10,黄连,AKR1B10
黄连,ALOX5,黄连,ALOX5
黄连,AMY1A,黄连,AMY1A
黄连,APP,黄连,APP
黄连,AR,黄连,AR
黄连,BCHE,黄连,BCHE
黄连,CA1,黄连,CA1
黄连,CA12,黄连,CA12
黄连,CA14,黄连,CA14
黄连,CA2,黄连,CA2
黄连,CA3,黄连,CA3
黄连,CA4,黄连,CA4
黄连,CA5A,黄连,CA5A
黄连,CA5B,黄连,CA5B
黄连,CA6,黄连,CA6
黄连,CA7,黄连,CA7
黄连,CA9,黄连,CA9
黄连,CXCL8,黄连,CXCL8
黄连,CYP2C19,黄连,CYP2C19
黄连,CYP2C9,黄连,CYP2C9
黄连,CYP2D6,黄连,CYP2D6
黄连,CYP3A4,黄连,CYP3A4
黄连,DPP4,黄连,DPP4
黄连,DRD1,黄连,DRD1
黄连,DRD2,黄连,DRD2
黄连,EHMT2,黄连,EHMT2
黄连,ESR1,黄连,ESR1
黄连,F3,黄连,F3
黄连,GAA,黄连,GAA
黄连,GBA,黄连,GBA
黄连,HCAR2,黄连,HCAR2
黄连,HIF1A,黄连,HIF1A
黄连,HTR1A,黄连,HTR1A
黄连,HTR2A,黄连,HTR2A
黄连,HTR7,黄连,HTR7
黄连,IDH1,黄连,IDH1
黄连,KCNH2,黄连,KCNH2
黄连,KDM4E,黄连,KDM4E
黄连,MAPK1,黄连,MAPK1
黄连,MAPT,黄连,MAPT
黄连,NFKB1,黄连,NFKB1
黄连,POLB,黄连,POLB
黄连,PTGS2,黄连,PTGS2
黄连,PTPN1,黄连,PTPN1
黄连,SENP8,黄连,SENP8
黄连,SLC22A1,黄连,SLC22A1
黄连,SLCO1B1,黄连,SLCO1B1
黄连,SLCO1B3,黄连,SLCO1B3
黄连,SLCO2B1,黄连,SLCO2B1
黄连,THRB,黄连,THRB
黄连,TYR,黄连,TYR
黄连,UGT1A1,黄连,UGT1A1
黑芝麻,ACHE,黑芝麻,ACHE
黑芝麻,ADORA1,黑芝麻,ADORA1
黑芝麻,ADORA2A,黑芝麻,ADORA2A
黑芝麻,ADORA2B,黑芝麻,ADORA2B
黑芝麻,ADORA3,黑芝麻,ADORA3
黑芝麻,AKR1B1,黑芝麻,AKR1B1
黑芝麻,ALOX15,黑芝麻,ALOX15
黑芝麻,ALOX5,黑芝麻,ALOX5
黑芝麻,ALPI,黑芝麻,ALPI
黑芝麻,ALPL,黑芝麻,ALPL
黑芝麻,AMY1A,黑芝麻,AMY1A
黑芝麻,APP,黑芝麻,APP
黑芝麻,BCHE,黑芝麻,BCHE
黑芝麻,CA1,黑芝麻,CA1
黑芝麻,CA12,黑芝麻,CA12
黑芝麻,CA14,黑芝麻,CA14
黑芝麻,CA2,黑芝麻,CA2
黑芝麻,CA3,黑芝麻,CA3
黑芝麻,CA4,黑芝麻,CA4
黑芝麻,CA5A,黑芝麻,CA5A
黑芝麻,CA5B,黑芝麻,CA5B
黑芝麻,CA6,黑芝麻,CA6
黑芝麻,CA7,黑芝麻,CA7
黑芝麻,CA9,黑芝麻,CA9
黑芝麻,CYP19A1,黑芝麻,CYP19A1
黑芝麻,CYP1A2,黑芝麻,CYP1A2
黑芝麻,CYP2A6,黑芝麻,CYP2A6
黑芝麻,CYP2B6,黑芝麻,CYP2B6
黑芝麻,CYP2C19,黑芝麻,CYP2C19
黑芝麻,CYP2C8,黑芝麻,CYP2C8
黑芝麻,CYP2C9,黑芝麻,CYP2C9
黑芝麻,CYP2D6,黑芝麻,CYP2D6
黑芝麻,CYP2J2,黑芝麻,CYP2J2
黑芝麻,CYP3A4,黑芝麻,CYP3A4
黑芝麻,DAO,黑芝麻,DAO
黑芝麻,DPP4,黑芝麻,DPP4
黑芝麻,EGFR,黑芝麻,EGFR
黑芝麻,EHMT2,黑芝麻,EHMT2
黑芝麻,ERBB2,黑芝麻,ERBB2
黑芝麻,ESR1,黑芝麻,ESR1
黑芝麻,F3,黑芝麻,F3
黑芝麻,FABP4,黑芝麻,FABP4
黑芝麻,GAA,黑芝麻,GAA
黑芝麻,HCAR2,黑芝麻,HCAR2
黑芝麻,HIF1A,黑芝麻,HIF1A
黑芝麻,HRH1,黑芝麻,HRH1
黑芝麻,HSPA8,黑芝麻,HSPA8
黑芝麻,HTR7,黑芝麻,HTR7
黑芝麻,IDH1,黑芝麻,IDH1
黑芝麻,KCNH2,黑芝麻,KCNH2
黑芝麻,KDM4E,黑芝麻,KDM4E
黑芝麻,KMT2A,黑芝麻,KMT2A
黑芝麻,MAOB,黑芝麻,MAOB
黑芝麻,MAPK1,黑芝麻,MAPK1
黑芝麻,MAPT,黑芝麻,MAPT
黑芝麻,NR1H4,黑芝麻,NR1H4
黑芝麻,NR1I2,黑芝麻,NR1I2
黑芝麻,PIK3CA,黑芝麻,PIK3CA
黑芝麻,PIK3CB,黑芝麻,PIK3CB
黑芝麻,PIK3CG,黑芝麻,PIK3CG
黑芝麻,PNP,黑芝麻,PNP
黑芝麻,POLB,黑芝麻,POLB
黑芝麻,PPARA,黑芝麻,PPARA
黑芝麻,PPARD,黑芝麻,PPARD
黑芝麻,PPARG,黑芝麻,PPARG
黑芝麻,PRKCA,黑芝麻,PRKCA
黑芝麻,PTAFR,黑芝麻,PTAFR
黑芝麻,PTGS2,黑芝麻,PTGS2
黑芝麻,PTPN1,黑芝麻,PTPN1
黑芝麻,RORC,黑芝麻,RORC
黑芝麻,SLC22A1,黑芝麻,SLC22A1
黑芝麻,SLC28A1,黑芝麻,SLC28A1
黑芝麻,SLC28A2,黑芝麻,SLC28A2
黑芝麻,SLC28A3,黑芝麻,SLC28A3
黑芝麻,SLC47A1,黑芝麻,SLC47A1
黑芝麻,SLC6A15,黑芝麻,SLC6A15
黑芝麻,SLCO1B1,黑芝麻,SLCO1B1
黑芝麻,SLCO1B3,黑芝麻,SLCO1B3
黑芝麻,SLCO2B1,黑芝麻,SLCO2B1
黑芝麻,SOAT1,黑芝麻,SOAT1
黑芝麻,TERT,黑芝麻,TERT
黑芝麻,THRB,黑芝麻,THRB
黑芝麻,TTR,黑芝麻,TTR
黑芝麻,TYR,黑芝麻,TYR
黑芝麻,UGT1A1,黑芝麻,UGT1A1
龙骨,EHMT2,龙骨,EHMT2
龙骨,FDPS,龙骨,FDPS
