syndrome_code,target_id,contributing_herbs,weighted_raw,herb_degree_normalized,ubiquity_corrected,target_herb_degree,target_idf,binary_union,weighted_raw_sum1,herb_degree_normalized_sum1,ubiquity_corrected_sum1,representation
PDOL,ABCB1,12.0,1.1190476190476186,0.010698059046734468,0.029804747192694072,28.0,2.7859957645113047,1.0,0.0012480250667162335,0.0009341340539768144,0.0013559293303941704,FULL
PDOL,ABCB11,12.0,1.0476190476190472,0.009734326088192597,0.031236017726584894,18.0,3.2088526153313386,1.0,0.0011683638922449844,0.0008499827353515367,0.0014210431756512512,FULL
PDOL,ABCC1,34.0,4.095238095238094,0.03241343465666374,0.0662017736434836,60.0,2.042417730324468,1.0,0.00456724066968494,0.0028302791176296827,0.003011766079643813,FULL
PDOL,ABCG2,36.0,4.428571428571428,0.035456338000671134,0.07071442228232801,63.0,1.9944085111381071,1.0,0.004938992817217436,0.00309597961752222,0.0032170633300319103,FULL
PDOL,ACHE,48.0,5.595238095238094,0.05029041495566291,0.07990862307943895,95.0,1.5889434030299427,1.0,0.006240125333581168,0.004391262844361418,0.003635341883100534,FULL
PDOL,ACP1,13.0,1.5119047619047616,0.02897648819379984,0.08502906390437154,24.0,2.9344157696295783,1.0,0.001686161526308103,0.002530171526277741,0.0038682898713584485,FULL
PDOL,ADORA1,18.0,1.9047619047619042,0.01921276496150531,0.05163537582555051,31.0,2.6875556916980523,1.0,0.002124297985899972,0.0016776218885306093,0.002349086208151173,FULL
PDOL,ADORA2A,21.0,2.8214285714285707,0.02583797035720251,0.06639770971155419,35.0,2.569772656041669,1.0,0.0031466163916143335,0.002256122151772361,0.0030206799435951283,FULL
PDOL,ADORA2B,18.0,1.9047619047619042,0.01921276496150531,0.05163537582555051,31.0,2.6875556916980523,1.0,0.002124297985899972,0.0016776218885306093,0.002349086208151173,FULL
PDOL,ADORA3,43.0,5.297619047619047,0.04362701296655656,0.08009062226795564,74.0,1.8358034809614685,1.0,0.005908203773284298,0.0038094273276411137,0.003643621706318703,FULL
PDOL,ADRA1A,0.0,0.0,0.0,0.0,2.0,5.054679305829669,0.0,0.0,0.0,0.0,FULL
PDOL,ADRA1B,0.0,0.0,0.0,0.0,2.0,5.054679305829669,0.0,0.0,0.0,0.0,FULL
PDOL,ADRA1D,0.0,0.0,0.0,0.0,1.0,5.460144413937834,0.0,0.0,0.0,0.0,FULL
PDOL,ADRA2A,1.0,0.1071428571428571,0.0005985634477254587,0.003025546272443935,2.0,5.054679305829669,1.0,0.00011949176170687341,5.2265415393907004e-05,0.0001376434064261111,FULL
PDOL,ADRA2B,6.0,0.5238095238095237,0.003482846403310749,0.01223953816983748,13.0,3.5142342648825204,1.0,0.0005841819461224923,0.0003041154863597744,0.0005568223306061033,FULL
PDOL,ADRA2C,0.0,0.0,0.0,0.0,2.0,5.054679305829669,0.0,0.0,0.0,0.0,FULL
PDOL,ADRB1,1.0,0.1785714285714285,0.001463700234192037,0.00799201465740315,1.0,5.460144413937834,1.0,0.00019915293617812235,0.00012780750485668515,0.0003635866129932948,FULL
PDOL,ADRB2,16.0,2.2619047619047614,0.018863060774014163,0.05461224030293776,25.0,2.8951950564762967,1.0,0.002522603858256217,0.0016470863877517566,0.0024845148977958656,FULL
PDOL,AGTR1,1.0,0.0357142857142857,0.00021910604732690612,0.001196350660372005,1.0,5.460144413937834,1.0,3.983058723562447e-05,1.9131920972411764e-05,5.442646231310669e-05,FULL
PDOL,AKR1B1,61.0,7.654761904761903,0.1000536872641986,0.14178539446445723,113.0,1.4170931461032836,1.0,0.008537022530835513,0.008736496601031896,0.006450347447435843,FULL
PDOL,AKR1B10,43.0,5.32142857142857,0.059739224079565036,0.10012023815080737,87.0,1.6759547800195724,1.0,0.005934757498108048,0.005216314784494245,0.004554843783677738,FULL
PDOL,AKR1C2,18.0,1.5476190476190472,0.013129089110205033,0.03080910262456747,44.0,2.3466291047274592,1.0,0.0017259921135437273,0.0011464069493318325,0.001401621212275043,FULL
PDOL,AKR1C3,18.0,1.5476190476190472,0.013129089110205033,0.030520539599711786,45.0,2.324650198008684,1.0,0.0017259921135437273,0.0011464069493318325,0.0013884934019118337,FULL
PDOL,AKR1C4,18.0,1.5476190476190472,0.013129089110205033,0.03080910262456747,44.0,2.3466291047274592,1.0,0.0017259921135437273,0.0011464069493318325,0.001401621212275043,FULL
PDOL,AKT1,39.0,5.749999999999999,0.052340761442068326,0.10121572123150072,67.0,1.9337838893216723,1.0,0.006412724544935541,0.004570295177893701,0.004604681402848244,FULL
PDOL,ALDH2,1.0,0.4166666666666667,0.003109452736318408,0.015717286398724096,2.0,5.054679305829669,1.0,0.00046469018441561903,0.0002715114655413163,0.0007150380939134214,FULL
PDOL,ALK,29.0,3.178571428571428,0.022156609506075793,0.04878991490036223,51.0,2.2020478759163513,1.0,0.0035449222639705787,0.00193467276352429,0.002219635557152225,FULL
PDOL,ALOX12,43.0,5.249999999999999,0.04038474051884181,0.07153207579260487,79.0,1.7712649598238974,1.0,0.0058550963236367985,0.003526318298942529,0.003254261443792658,FULL
PDOL,ALOX15,64.0,8.45238095238095,0.17802222514461585,0.24764986121776858,116.0,1.391117659700023,1.0,0.009426572312431127,0.015544560199737769,0.01126651765647355,FULL
PDOL,ALOX5,57.0,7.3928571428571415,0.10267729616053785,0.15297402641762156,105.0,1.4898525003857117,1.0,0.008244931557774266,0.008965585111730956,0.006959360126999847,FULL
PDOL,ALPI,24.0,3.4999999999999996,0.026725667434238716,0.06155306040440931,46.0,2.3031439927877204,1.0,0.003903397549091199,0.002333634162657019,0.002800278742116668,FULL
PDOL,ALPL,24.0,3.4999999999999996,0.026725667434238716,0.06155306040440931,46.0,2.3031439927877204,1.0,0.003903397549091199,0.002333634162657019,0.002800278742116668,FULL
PDOL,AMY1A,46.0,6.023809523809523,0.05657033567950266,0.09744097738965585,83.0,1.7224747956544653,1.0,0.006718092380408662,0.004939613510476324,0.004432954199232276,FULL
PDOL,ANPEP,0.0,0.0,0.0,0.0,2.0,5.054679305829669,0.0,0.0,0.0,0.0,FULL
PDOL,AOC3,3.0,0.36904761904761896,0.002545155993431855,0.011100779629175814,5.0,4.361532125269724,1.0,0.0004115827347681196,0.00022223815327263602,0.0005050159490408702,FULL
PDOL,AOX1,4.0,0.9999999999999998,0.006709528147647213,0.029263822561364783,5.0,4.361532125269724,1.0,0.0011152564425974854,0.0005858631646594241,0.0013313206474749669,FULL
PDOL,APEX1,46.0,6.095238095238094,0.06760677648562259,0.11030065983627568,91.0,1.6315030174487386,1.0,0.006797753554879911,0.0059032944124660066,0.005017989210473744,FULL
PDOL,APOBEC3G,3.0,0.5119047619047619,0.00322836358053462,0.012123784715448043,10.0,3.755396321699408,1.0,0.0005709050837106176,0.00028189453301965503,0.0005515562733942657,FULL
PDOL,APP,49.0,6.202380952380951,0.058900787144113155,0.0942067849705152,94.0,1.599414702897238,1.0,0.006917245316586784,0.005143104074953748,0.004285818699880472,FULL
PDOL,AR,39.0,5.511904761904761,0.17548160786706343,0.32931325580182524,71.0,1.8766254754817235,1.0,0.006147187296698045,0.015322718358454605,0.01498169065291546,FULL
PDOL,ATR,2.0,0.3095238095238095,0.002193769694068844,0.010457694062294437,3.0,4.7669972333778885,1.0,0.0003451984227087455,0.00019155577370247705,0.00047575958338710064,FULL
PDOL,AURKA,5.0,0.6309523809523808,0.004974236018525944,0.018247412521793682,11.0,3.6683849447097785,1.0,0.0007036737078293658,0.0004343407750064234,0.0008301429863551024,FULL
PDOL,AURKB,32.0,3.5714285714285707,0.02535550230860965,0.05220563623017094,59.0,2.058947032275678,1.0,0.003983058723562448,0.002213993964577142,0.00237502948502543,FULL
PDOL,AVPR2,27.0,2.9642857142857135,0.020287065116039598,0.04546876180898984,49.0,2.241268589069633,1.0,0.0033059387405568316,0.001771427723230069,0.0020685438918478147,FULL
PDOL,AXL,29.0,3.178571428571428,0.022156609506075793,0.04878991490036223,51.0,2.2020478759163513,1.0,0.0035449222639705787,0.00193467276352429,0.002219635557152225,FULL
PDOL,BACE1,52.0,6.619047619047618,0.07412672023248859,0.1170150036862461,96.0,1.578580615994396,1.0,0.007381935501002404,0.00647260342986387,0.005323449803770045,FULL
PDOL,BBOX1,0.0,0.0,0.0,0.0,1.0,5.460144413937834,0.0,0.0,0.0,0.0,FULL
PDOL,BCHE,42.0,4.952380952380952,0.04144607640629983,0.07341198286066285,79.0,1.7712649598238974,1.0,0.005523174763339928,0.0036189921186374078,0.003339785441547618,FULL
PDOL,BCL2,25.0,3.4880952380952377,0.03581136204203469,0.07885833371833394,51.0,2.2020478759163513,1.0,0.0038901206866793245,0.003126979637766023,0.0035875602951234236,FULL
PDOL,BCL2L1,17.0,2.2499999999999996,0.01678059614962152,0.03975494323776144,43.0,2.369101960579518,1.0,0.002509326995844342,0.0014652495598422117,0.001808600932453124,FULL
PDOL,BCR,2.0,0.0714285714285714,0.0010662401705984269,0.004218117571277151,8.0,3.9560670171615597,1.0,7.966117447124894e-05,9.310205231836576e-05,0.00019189793145931144,FULL
PDOL,BRAF,5.0,0.6309523809523808,0.004974236018525944,0.018247412521793682,11.0,3.6683849447097785,1.0,0.0007036737078293658,0.0004343407750064234,0.0008301429863551024,FULL
PDOL,CA1,61.0,7.7261904761904745,0.08658338272282881,0.11971078844154123,117.0,1.3826069700321142,1.0,0.008616683705306763,0.00756029537288734,0.005446091126459411,FULL
PDOL,CA12,60.0,7.666666666666665,0.08553910536276198,0.12121687993337663,113.0,1.4170931461032836,1.0,0.008550299393247389,0.007469111071176722,0.005514608856699958,FULL
PDOL,CA13,29.0,4.059523809523808,0.04351462790085564,0.09499241882403685,52.0,2.182999680945657,1.0,0.0045274100824493155,0.003799614078660992,0.004321560119797691,FULL
PDOL,CA14,51.0,6.916666666666665,0.07331733837744961,0.11350414115707866,99.0,1.5481214085096875,1.0,0.007713857061299274,0.006401929754371901,0.005163727547194526,FULL
PDOL,CA2,61.0,7.7261904761904745,0.08658338272282881,0.11971078844154123,117.0,1.3826069700321142,1.0,0.008616683705306763,0.00756029537288734,0.005446091126459411,FULL
PDOL,CA3,50.0,6.88095238095238,0.07291149422160545,0.11434885470873989,97.0,1.568324115827207,1.0,0.00767402647406365,0.006366492218934364,0.005202156723361457,FULL
PDOL,CA4,58.0,7.4761904761904745,0.08124864273896602,0.11657496137196306,111.0,1.4347927232026845,1.0,0.00833786959465739,0.007094476081157117,0.005303430634451369,FULL
PDOL,CA5A,50.0,6.88095238095238,0.07291149422160545,0.11434885470873989,97.0,1.568324115827207,1.0,0.00767402647406365,0.006366492218934364,0.005202156723361457,FULL
PDOL,CA5B,50.0,6.88095238095238,0.07291149422160545,0.11434885470873989,97.0,1.568324115827207,1.0,0.00767402647406365,0.006366492218934364,0.005202156723361457,FULL
PDOL,CA6,51.0,6.916666666666665,0.07331733837744961,0.11277460938294936,100.0,1.5381710776565196,1.0,0.007713857061299274,0.006401929754371901,0.005130538420522823,FULL
PDOL,CA7,60.0,7.666666666666665,0.08553910536276198,0.12121687993337663,113.0,1.4170931461032836,1.0,0.008550299393247389,0.007469111071176722,0.005514608856699958,FULL
PDOL,CA9,55.0,7.3928571428571415,0.08077007561983086,0.12187402326675231,103.0,1.5089006953564064,1.0,0.008244931557774266,0.007052688515660908,0.005544504762685549,FULL
PDOL,CACNA1C,1.0,0.1785714285714285,0.001463700234192037,0.007398535283708529,2.0,5.054679305829669,1.0,0.00019915293617812235,0.00012780750485668515,0.0003365870184463645,FULL
PDOL,CACNA1D,1.0,0.1785714285714285,0.001463700234192037,0.00799201465740315,1.0,5.460144413937834,1.0,0.00019915293617812235,0.00012780750485668515,0.0003635866129932948,FULL
PDOL,CAMK2B,28.0,3.142857142857142,0.021750765350231637,0.048318584868061024,50.0,2.221465961773453,1.0,0.0035050916767349538,0.0018992352280867545,0.0021981929926184283,FULL
PDOL,CARM1,4.0,0.4523809523809523,0.003510535784333907,0.013183453171681701,10.0,3.755396321699408,1.0,0.0005045207716512434,0.00030653327014973825,0.0005997645514585377,FULL
PDOL,CBR1,17.0,2.559523809523809,0.019828932431892897,0.05899578859414314,23.0,2.975237764149833,1.0,0.0028545254185530873,0.0017314244535124776,0.002683938890920746,FULL
PDOL,CCR4,27.0,2.9642857142857135,0.020287065116039598,0.04546876180898984,49.0,2.241268589069633,1.0,0.0033059387405568316,0.001771427723230069,0.0020685438918478147,FULL
PDOL,CD38,34.0,4.3809523809523805,0.041252546774519915,0.07977351034605533,67.0,1.9337838893216723,1.0,0.004885885367569937,0.003602093481351012,0.0036291950999414574,FULL
PDOL,CDC25B,15.0,1.702380952380952,0.0304881961030582,0.08100055260253208,32.0,2.6567840330312986,1.0,0.0018985913248981002,0.0026621709694978055,0.00368501783765613,FULL
PDOL,CDK6,39.0,4.869047619047618,0.037597988792732344,0.07161651191179313,69.0,1.90479635244842,1.0,0.005430236726456803,0.003282984468388272,0.003258102758393041,FULL
PDOL,CES1,8.0,1.357142857142857,0.00979004450274283,0.03440450984626361,13.0,3.5142342648825204,1.0,0.0015135623149537304,0.0008548479607384592,0.001565189722857942,FULL
PDOL,CES2,9.0,1.4166666666666665,0.010197741828248374,0.036592987724694825,12.0,3.588342237036242,1.0,0.0015799466270131045,0.000890447311406303,0.001664751759908573,FULL
PDOL,CHRM1,5.0,0.2261904761904761,0.005629225274586449,0.023684297972510794,6.0,4.207381445442466,1.0,0.00025226038582562164,0.0004915331840595236,0.0010774872231962638,FULL
PDOL,CHRM2,5.0,0.2261904761904761,0.005629225274586449,0.023684297972510794,6.0,4.207381445442466,1.0,0.00025226038582562164,0.0004915331840595236,0.0010774872231962638,FULL
PDOL,CHRM3,4.0,0.1904761904761904,0.0011649395603007362,0.005293314910454143,4.0,4.543853682063679,1.0,0.0002124297985899972,0.00010172029424663394,0.00024081267644024588,FULL
PDOL,CHRM4,5.0,0.2261904761904761,0.005629225274586449,0.023684297972510794,6.0,4.207381445442466,1.0,0.00025226038582562164,0.0004915331840595236,0.0010774872231962638,FULL
PDOL,CHRM5,5.0,0.2261904761904761,0.005629225274586449,0.024552046875489078,5.0,4.361532125269724,1.0,0.00025226038582562164,0.0004915331840595236,0.0011169643635779154,FULL
PDOL,CHRNA3,4.0,0.1904761904761904,0.0011649395603007362,0.005553263661006063,3.0,4.7669972333778885,1.0,0.0002124297985899972,0.00010172029424663394,0.000252638716533586,FULL
PDOL,CHRNA7,8.0,1.3571428571428568,0.009522136215913333,0.035759395319961654,10.0,3.755396321699408,1.0,0.00151356231495373,0.0008314547215558421,0.0016268285262752214,FULL
PDOL,CLK1,1.0,0.1785714285714285,0.001463700234192037,0.00799201465740315,1.0,5.460144413937834,1.0,0.00019915293617812235,0.00012780750485668515,0.0003635866129932948,FULL
PDOL,CNR1,7.0,0.7023809523809522,0.03411405500917981,0.11326133207034493,16.0,3.3200782504415627,1.0,0.0007833348823006147,0.0029787740340655967,0.005152681254459347,FULL
PDOL,CNR2,7.0,0.7023809523809522,0.03411405500917981,0.11326133207034493,16.0,3.3200782504415627,1.0,0.0007833348823006147,0.0029787740340655967,0.005152681254459347,FULL
PDOL,CSNK1D,1.0,0.1785714285714285,0.001463700234192037,0.00799201465740315,1.0,5.460144413937834,1.0,0.00019915293617812235,0.00012780750485668515,0.0003635866129932948,FULL
PDOL,CSNK2A1,23.0,2.9642857142857135,0.02301661338185039,0.05158641259950106,49.0,2.241268589069633,1.0,0.0033059387405568316,0.0020097666570430698,0.0023468586880221838,FULL
PDOL,CTBP2,7.0,0.5833333333333331,0.0038792628021558535,0.015346623622510502,8.0,3.9560670171615597,1.0,0.0006505662581818664,0.00033872980808845294,0.0006981752590534585,FULL
PDOL,CTSD,8.0,0.4047619047619046,0.0029668648481109196,0.010646126446054529,12.0,3.588342237036242,1.0,0.000451413322003744,0.0002590609638683132,0.0004843320766977981,FULL
PDOL,CTSL,20.0,3.3809523809523805,0.03731713681807758,0.09196480501883528,39.0,2.4644121403838426,1.0,0.003770628924972451,0.0032584610111419097,0.004183822653580047,FULL
PDOL,CXCL8,49.0,7.107142857142856,0.22325378744297872,0.35707539011379497,94.0,1.599414702897238,1.0,0.007926286859889272,0.019494093706039724,0.016244693890103447,FULL
PDOL,CXCR1,27.0,2.9642857142857135,0.020287065116039598,0.04546876180898984,49.0,2.241268589069633,1.0,0.0033059387405568316,0.001771427723230069,0.0020685438918478147,FULL
PDOL,CYP19A1,63.0,7.797619047619046,0.09607853946517017,0.13448126652519607,115.0,1.3997014033914144,1.0,0.00869634487977801,0.00838939429841403,0.006118055371889454,FULL
PDOL,CYP1A1,43.0,5.178571428571427,0.041788734838052344,0.07401892173401428,79.0,1.7712649598238974,1.0,0.005775435149165549,0.0036489123975014526,0.0033673973590322035,FULL
PDOL,CYP1A2,49.0,5.63095238095238,0.09886072256222869,0.16681594966142324,86.0,1.6873834758431951,1.0,0.006279955920816793,0.008632329205017891,0.0075890809427474875,FULL
PDOL,CYP1B1,43.0,5.178571428571427,0.041788734838052344,0.07454457312824236,78.0,1.7838437420307574,1.0,0.005775435149165549,0.0036489123975014526,0.003391311205319454,FULL
PDOL,CYP2A13,7.0,0.6785714285714284,0.006720324075182929,0.025237480312569945,10.0,3.755396321699408,1.0,0.000756781157476865,0.0005868058444026675,0.0011481472921014177,FULL
PDOL,CYP2A6,36.0,4.238095238095237,0.03856770622599568,0.07515299282419582,66.0,1.948598975106813,1.0,0.004726563018627438,0.0033676583398998313,0.0034189904909580526,FULL
PDOL,CYP2B6,9.0,0.8928571428571426,0.00722436580310395,0.02488968410588515,14.0,3.445241393395569,1.0,0.0009957646808906118,0.0006308178040132348,0.0011323247429418882,FULL
PDOL,CYP2C19,55.0,6.321428571428569,0.061556653817982664,0.09171033460609915,105.0,1.4898525003857117,1.0,0.007050013940705532,0.005375009273087884,0.004172245843546543,FULL
PDOL,CYP2C8,29.0,3.035714285714285,0.021113077339110647,0.04649200710864625,51.0,2.2020478759163513,1.0,0.0033855999150280806,0.0018435535306499944,0.002115095144405736,FULL
PDOL,CYP2C9,55.0,6.440476190476189,0.06656242881963802,0.09854319708501263,106.0,1.4804627600358728,1.0,0.007182782564824281,0.005812103971777125,0.004483098292178608,FULL
PDOL,CYP2D6,53.0,6.202380952380951,0.056573776969708216,0.08428658307458338,105.0,1.4898525003857117,1.0,0.006917245316586784,0.00493991399735498,0.003834511643754091,FULL
PDOL,CYP2E1,3.0,0.726190476190476,0.0064688790305095,0.029393639801605108,4.0,4.543853682063679,1.0,0.0008098886071243644,0.0005648501440361726,0.0013372265188616509,FULL
PDOL,CYP2J2,29.0,3.178571428571428,0.022170933417458526,0.0488214568389974,51.0,2.2020478759163513,1.0,0.0035449222639705787,0.0019359235000691438,0.0022210705178132366,FULL
PDOL,CYP3A4,70.0,8.928571428571427,0.3169066526962017,0.39550483168593975,134.0,1.2480168160593494,1.0,0.00995764680890612,0.027671682771809716,0.017992992798376458,FULL
PDOL,CYP3A5,1.0,0.0357142857142857,0.00021910604732690612,0.001196350660372005,1.0,5.460144413937834,1.0,3.983058723562447e-05,1.9131920972411764e-05,5.442646231310669e-05,FULL
PDOL,DAO,16.0,1.7857142857142854,0.02308522653965343,0.06353271836177954,29.0,2.7520942128356234,1.0,0.001991529361781224,0.002015757826747285,0.00289034078059638,FULL
PDOL,DAPK1,47.0,5.511904761904761,0.05470984511577509,0.09489154484332489,82.0,1.734450986701181,1.0,0.006147187296698045,0.004777159032978283,0.004316970985448164,FULL
PDOL,DHFR,6.0,0.9047619047619047,0.007881158423653901,0.02891112290820462,11.0,3.6683849447097785,1.0,0.0010090415433024868,0.0006881676794042908,0.001315275022211051,FULL
PDOL,DNMT1,3.0,0.8452380952380951,0.005760068609230619,0.02278721744156491,8.0,3.9560670171615597,1.0,0.0009426572312431127,0.0005029581737789731,0.0010366756774458181,FULL
PDOL,DNMT3B,0.0,0.0,0.0,0.0,2.0,5.054679305829669,0.0,0.0,0.0,0.0,FULL
PDOL,DPP4,47.0,5.678571428571427,0.04788014833584106,0.08304577052449844,82.0,1.734450986701181,1.0,0.006333063370464292,0.004180802973191944,0.0037780624439234752,FULL
PDOL,DRD1,39.0,5.3928571428571415,0.13609856946145987,0.24985022757122427,74.0,1.8358034809614685,1.0,0.006014418672579296,0.011883866772102528,0.011366620544680378,FULL
PDOL,DRD2,6.0,0.4285714285714284,0.0043821426042286,0.016075385954923496,11.0,3.6683849447097785,1.0,0.00047796704682749364,0.0003826403105563435,0.0007313293809460765,FULL
PDOL,DRD3,3.0,0.1309523809523809,0.002205582375739443,0.010021843599098423,4.0,4.543853682063679,1.0,0.00014604548653062306,0.00019258723447205115,0.0004559311170393563,FULL
PDOL,DRD4,1.0,0.0595238095238095,0.00031164298180004973,0.0015752553309117637,2.0,5.054679305829669,1.0,6.638431205937412e-05,2.7212069096885843e-05,7.166425174599734e-05,FULL
PDOL,DRD5,1.0,0.0595238095238095,0.00031164298180004973,0.0015752553309117637,2.0,5.054679305829669,1.0,6.638431205937412e-05,2.7212069096885843e-05,7.166425174599734e-05,FULL
PDOL,DUSP3,40.0,5.166666666666665,0.048703183687672555,0.08876438943634396,75.0,1.8225582542114478,1.0,0.005762158286753674,0.004252668845909038,0.004038223788751754,FULL
PDOL,DYRK1A,4.0,0.4523809523809523,0.003510535784333907,0.012877996619115439,11.0,3.6683849447097785,1.0,0.0005045207716512434,0.00030653327014973825,0.0005858681913885148,FULL
PDOL,DYRK1B,1.0,0.1785714285714285,0.001463700234192037,0.00799201465740315,1.0,5.460144413937834,1.0,0.00019915293617812235,0.00012780750485668515,0.0003635866129932948,FULL
PDOL,EBP,0.0,0.0,0.0,0.0,2.0,5.054679305829669,0.0,0.0,0.0,0.0,FULL
PDOL,EDNRA,1.0,0.1309523809523809,0.0010822510822510818,0.00590924720123142,1.0,5.460144413937834,1.0,0.00014604548653062306,9.450009450009447e-05,0.0002688337380920119,FULL
PDOL,EGFR,50.0,6.38095238095238,0.05874340889800756,0.09212870482064378,97.0,1.568324115827207,1.0,0.007116398252764907,0.005129362107518332,0.004191279068059295,FULL
PDOL,EGLN1,13.0,0.8690476190476187,0.04172626228630982,0.12414555131104994,23.0,2.975237764149833,1.0,0.0009692109560668622,0.0036434574137734154,0.005647845062140632,FULL
PDOL,EHMT2,72.0,8.999999999999998,0.3170149999519319,0.38638348085970087,138.0,1.2188176613670871,1.0,0.010037307983377368,0.02768114344694624,0.01757802846272378,FULL
PDOL,ENPP2,0.0,0.0,0.0,0.0,1.0,5.460144413937834,0.0,0.0,0.0,0.0,FULL
PDOL,EP300,2.0,0.1904761904761904,0.001155900496302638,0.004708965297914788,7.0,4.073850052817943,1.0,0.0002124297985899972,0.00010093102046717422,0.0002142284288462652,FULL
PDOL,EPHB4,5.0,0.6309523809523808,0.004974236018525944,0.018247412521793682,11.0,3.6683849447097785,1.0,0.0007036737078293658,0.0004343407750064234,0.0008301429863551024,FULL
PDOL,EPHX2,40.0,5.095238095238094,0.04361576621600967,0.08065543076087155,73.0,1.849226501293609,1.0,0.0056824971122824254,0.003808445282894816,0.0036693169553556793,FULL
PDOL,ERBB2,21.0,2.44047619047619,0.02346951384238705,0.05669347340873846,41.0,2.4156219762144104,1.0,0.002721756794434339,0.002049313059002612,0.00257919796936489,FULL
PDOL,ERN1,1.0,0.0357142857142857,0.00019516003122560491,0.0008867786264761274,4.0,4.543853682063679,1.0,3.983058723562447e-05,1.704100064755802e-05,4.034287361781011e-05,FULL
PDOL,ESR1,63.0,7.845238095238093,0.09780443600796954,0.13522509492467857,117.0,1.3826069700321142,1.0,0.008749452329425509,0.00854009628344017,0.006151894905475087,FULL
PDOL,ESR2,21.0,2.5833333333333326,0.02318242675483065,0.05492153267586036,43.0,2.369101960579518,1.0,0.002881079143376837,0.0020242451636234664,0.0024985857636683926,FULL
PDOL,ESRRA,21.0,2.9880952380952377,0.021074710283905763,0.05193677187872958,39.0,2.4644121403838426,1.0,0.0033324924653805816,0.0018402033927734764,0.0023627978409299514,FULL
PDOL,ESRRB,3.0,0.8452380952380951,0.005760068609230619,0.026172908958991967,4.0,4.543853682063679,1.0,0.0009426572312431127,0.0005029581737789731,0.0011907034369321127,FULL
PDOL,F10,4.0,0.2857142857142856,0.010635182815114228,0.046385691506237205,5.0,4.361532125269724,1.0,0.00031864469788499576,0.000928643821693966,0.002110258450349821,FULL
PDOL,F2,34.0,4.261904761904761,0.03840704873252141,0.0790780790062923,59.0,2.058947032275678,1.0,0.004753116743451188,0.00335363003485634,0.0035975573294626945,FULL
PDOL,F3,35.0,4.535714285714285,0.05231220428125717,0.10684337353639518,60.0,2.042417730324468,1.0,0.005058484578924309,0.004567801621232436,0.00486070433678332,FULL
PDOL,FABP2,33.0,4.4642857142857135,0.05114275817786866,0.10199955219301929,63.0,1.9944085111381071,1.0,0.00497882340445306,0.00446568782426296,0.004640340802470819,FULL
PDOL,FABP3,40.0,5.095238095238094,0.058226175342873755,0.11008308936591173,70.0,1.8906117174564634,1.0,0.0056824971122824254,0.005084198262787314,0.005008091116714155,FULL
PDOL,FABP4,42.0,5.261904761904761,0.06634942464259364,0.1226951143946674,73.0,1.849226501293609,1.0,0.0058683731860486735,0.005793504854446846,0.005581859266519066,FULL
PDOL,FABP5,33.0,4.4642857142857135,0.05114275817786866,0.10199955219301929,63.0,1.9944085111381071,1.0,0.00497882340445306,0.00446568782426296,0.004640340802470819,FULL
PDOL,FASN,24.0,3.047619047619047,0.02698405883139273,0.059420189433270224,51.0,2.2020478759163513,1.0,0.0033988767774399556,0.002356196405235956,0.0027032464710822503,FULL
PDOL,FDPS,2.0,0.119047619047619,0.03306878306878305,0.15763879740006237,3.0,4.7669972333778885,1.0,0.00013276862411874823,0.0028875028875028864,0.007171577991280661,FULL
PDOL,FLT3,43.0,5.202380952380951,0.041919560004061406,0.07585286419067357,76.0,1.8094861726440952,1.0,0.005801988873989299,0.003660335800770435,0.003450830254844486,FULL
PDOL,FLT4,5.0,0.6309523809523808,0.004974236018525944,0.018247412521793682,11.0,3.6683849447097785,1.0,0.0007036737078293658,0.0004343407750064234,0.0008301429863551024,FULL
PDOL,FOLH1,3.0,0.4642857142857142,0.0035112130976792623,0.015314268724195924,5.0,4.361532125269724,1.0,0.0005177976340631183,0.00030659241185556973,0.000696703313818593,FULL
PDOL,FUCA1,0.0,0.0,0.0,0.0,1.0,5.460144413937834,0.0,0.0,0.0,0.0,FULL
PDOL,FUT7,13.0,2.083333333333333,0.014501734215575993,0.04143804900565288,26.0,2.85745472849345,1.0,0.0023234509220780948,0.0012662636944993592,0.001885171703615344,FULL
PDOL,FYN,4.0,1.0238095238095237,0.007223768843422657,0.030393150997981868,6.0,4.207381445442466,1.0,0.0011418101674212351,0.0006307656786356582,0.0013826980183668312,FULL
PDOL,GAA,56.0,7.119047619047618,0.1223223045991787,0.17882832407897806,108.0,1.4619437122686354,1.0,0.007939563722301146,0.010680949673940761,0.008135568745349342,FULL
PDOL,GABRR1,8.0,1.2857142857142856,0.105113040337962,0.3489835190638543,16.0,3.3200782504415627,1.0,0.0014339011404824813,0.009178269634499801,0.015876564436649414,FULL
PDOL,GBA,53.0,5.797619047619046,0.061478412162343836,0.0964180763969685,97.0,1.568324115827207,1.0,0.006465831994583039,0.005368177361368901,0.004386418610485055,FULL
PDOL,GBA2,2.0,0.738095238095238,0.005161505161505161,0.024604880824960797,3.0,4.7669972333778885,1.0,0.0008231654695362393,0.0004506927583850661,0.0011193679773803108,FULL
PDOL,GLO1,41.0,4.9642857142857135,0.03820172982992056,0.07013086860051772,74.0,1.8358034809614685,1.0,0.005536451625751802,0.003335701980990985,0.003190515292301195,FULL
PDOL,GLRA1,8.0,1.238095238095238,0.01095621818329126,0.038502717353251066,13.0,3.5142342648825204,1.0,0.001380793690834982,0.0009566760160046424,0.001751632497387766,FULL
PDOL,GLRA2,1.0,0.0357142857142857,0.0002064409578860445,0.0010434928377022433,2.0,5.054679305829669,1.0,3.983058723562447e-05,1.802602958672322e-05,4.7472388728851404e-05,FULL
PDOL,GPBAR1,0.0,0.0,0.0,0.0,3.0,4.7669972333778885,0.0,0.0,0.0,0.0,FULL
PDOL,GPR35,37.0,3.9880952380952372,0.031628741720483196,0.05979766970514964,70.0,1.8906117174564634,1.0,0.0044477489079780665,0.0027617612313103833,0.002720419459297092,FULL
PDOL,GRIA1,3.0,0.4642857142857142,0.0035112130976792623,0.015314268724195924,5.0,4.361532125269724,1.0,0.0005177976340631183,0.00030659241185556973,0.000696703313818593,FULL
PDOL,GRIA2,3.0,0.4642857142857142,0.0035112130976792623,0.015314268724195924,5.0,4.361532125269724,1.0,0.0005177976340631183,0.00030659241185556973,0.000696703313818593,FULL
PDOL,GRIA4,3.0,0.4642857142857142,0.0035112130976792623,0.015314268724195924,5.0,4.361532125269724,1.0,0.0005177976340631183,0.00030659241185556973,0.000696703313818593,FULL
PDOL,GRIK2,3.0,0.4642857142857142,0.0035112130976792623,0.015314268724195924,5.0,4.361532125269724,1.0,0.0005177976340631183,0.00030659241185556973,0.000696703313818593,FULL
PDOL,GRIK5,3.0,0.4642857142857142,0.0035112130976792623,0.015314268724195924,5.0,4.361532125269724,1.0,0.0005177976340631183,0.00030659241185556973,0.000696703313818593,FULL
PDOL,GRK6,4.0,0.3333333333333332,0.003549438330895577,0.014459879531792978,7.0,4.073850052817943,1.0,0.00037175214753249505,0.0003099301661073061,0.0006578339565963677,FULL
PDOL,GRM1,3.0,0.4642857142857142,0.0035112130976792623,0.015314268724195924,5.0,4.361532125269724,1.0,0.0005177976340631183,0.00030659241185556973,0.000696703313818593,FULL
PDOL,GRM2,3.0,0.4642857142857142,0.0035112130976792623,0.015314268724195924,5.0,4.361532125269724,1.0,0.0005177976340631183,0.00030659241185556973,0.000696703313818593,FULL
PDOL,GRM3,3.0,0.4642857142857142,0.0035112130976792623,0.015314268724195924,5.0,4.361532125269724,1.0,0.0005177976340631183,0.00030659241185556973,0.000696703313818593,FULL
PDOL,GRM4,3.0,0.4642857142857142,0.0035112130976792623,0.015314268724195924,5.0,4.361532125269724,1.0,0.0005177976340631183,0.00030659241185556973,0.000696703313818593,FULL
PDOL,GRM5,13.0,1.7261904761904758,0.02140390653289743,0.06554409439739452,21.0,3.0622491411394632,1.0,0.0019251450497218498,0.0018689481795877178,0.0029818457929861792,FULL
PDOL,GRM8,3.0,0.4642857142857142,0.0035112130976792623,0.015314268724195924,5.0,4.361532125269724,1.0,0.0005177976340631183,0.00030659241185556973,0.000696703313818593,FULL
PDOL,GSK3B,49.0,7.249999999999998,0.12513502724960357,0.211150777230169,86.0,1.6873834758431951,1.0,0.008085609208831768,0.010926551235932122,0.009606037928484518,FULL
PDOL,GSTP1,4.0,0.4523809523809523,0.003510535784333907,0.013183453171681701,10.0,3.755396321699408,1.0,0.0005045207716512434,0.00030653327014973825,0.0005997645514585377,FULL
PDOL,HCAR2,30.0,3.88095238095238,0.03797237739733883,0.07573243266940084,63.0,1.9944085111381071,1.0,0.004328257146271193,0.003315675365256198,0.0034453513748881515,FULL
PDOL,HDAC1,4.0,0.3095238095238094,0.0029260632895773404,0.012762119038063978,5.0,4.361532125269724,1.0,0.00034519842270874546,0.00025549824981756404,0.0005805964871909593,FULL
PDOL,HDAC10,1.0,0.0357142857142857,0.00040584415584415565,0.002215967700461782,1.0,5.460144413937834,1.0,3.983058723562447e-05,3.543753543753543e-05,0.00010081265178450444,FULL
PDOL,HDAC2,4.0,0.3095238095238094,0.0029260632895773404,0.012762119038063978,5.0,4.361532125269724,1.0,0.00034519842270874546,0.00025549824981756404,0.0005805964871909593,FULL
PDOL,HDAC3,4.0,0.3095238095238094,0.0029260632895773404,0.012762119038063978,5.0,4.361532125269724,1.0,0.00034519842270874546,0.00025549824981756404,0.0005805964871909593,FULL
PDOL,HDAC6,4.0,0.3095238095238094,0.0029260632895773404,0.012762119038063978,5.0,4.361532125269724,1.0,0.00034519842270874546,0.00025549824981756404,0.0005805964871909593,FULL
PDOL,HDAC8,4.0,0.3095238095238094,0.0029260632895773404,0.012762119038063978,5.0,4.361532125269724,1.0,0.00034519842270874546,0.00025549824981756404,0.0005805964871909593,FULL
PDOL,HIF1A,55.0,6.32142857142857,0.05827159278804808,0.08905756966919946,101.0,1.5283187812135077,1.0,0.0070500139407055325,0.0050881640272308105,0.004051561653161421,FULL
PDOL,HKDC1,1.0,0.0595238095238095,0.019841269841269833,0.08083035819083217,7.0,4.073850052817943,1.0,6.638431205937412e-05,0.001732501732501732,0.0036772750578499096,FULL
PDOL,HMGCR,2.0,0.0952380952380952,0.0006393675649853773,0.002690063229737206,6.0,4.207381445442466,1.0,0.0001062148992949986,5.582835286774605e-05,0.00012238102911034442,FULL
PDOL,HRH1,1.0,0.0357142857142857,0.00042016806722689056,0.002123814834382213,2.0,5.054679305829669,1.0,3.983058723562447e-05,3.668827198238962e-05,9.662027353048581e-05,FULL
PDOL,HRH3,1.0,0.1071428571428571,0.0005985634477254587,0.003025546272443935,2.0,5.054679305829669,1.0,0.00011949176170687341,5.2265415393907004e-05,0.0001376434064261111,FULL
PDOL,HRH4,0.0,0.0,0.0,0.0,1.0,5.460144413937834,0.0,0.0,0.0,0.0,FULL
PDOL,HSD11B1,31.0,3.773809523809523,0.02635743254204083,0.05516211537220363,57.0,2.0928485839513593,1.0,0.004208765384564319,0.0023014805961865175,0.0025095307695846684,FULL
PDOL,HSD11B2,2.0,0.738095238095238,0.005161505161505161,0.022512070576650257,5.0,4.361532125269724,1.0,0.0008231654695362393,0.0004506927583850661,0.0010241582183346321,FULL
PDOL,HSD17B1,39.0,5.011904761904761,0.061725618417487936,0.11669917744734919,70.0,1.8906117174564634,1.0,0.005589559075399302,0.005389762938741151,0.005309081687917234,FULL
PDOL,HSD17B2,39.0,5.011904761904761,0.061725618417487936,0.11669917744734919,70.0,1.8906117174564634,1.0,0.005589559075399302,0.005389762938741151,0.005309081687917234,FULL
PDOL,HSD17B3,4.0,0.3333333333333332,0.003549438330895577,0.01273659948050802,12.0,3.588342237036242,1.0,0.00037175214753249505,0.0003099301661073061,0.0005794355071509311,FULL
PDOL,HSP90AA1,2.0,0.0714285714285714,0.0011776816246772273,0.00561400504663632,3.0,4.7669972333778885,1.0,7.966117447124894e-05,0.00010283290693647309,0.0002554020691569908,FULL
PDOL,HSP90AB1,15.0,2.4880952380952377,0.028948931432808696,0.08494820091035922,24.0,2.9344157696295783,1.0,0.0027748642440818387,0.0025277653226153125,0.003864611111575119,FULL
PDOL,HSPA1A,4.0,0.4523809523809523,0.003510535784333907,0.01259700382955251,12.0,3.588342237036242,1.0,0.0005045207716512434,0.00030653327014973825,0.0005730847793188078,FULL
PDOL,HSPA8,20.0,2.2619047619047614,0.02200581360819501,0.05423139421505976,39.0,2.4644121403838426,1.0,0.002522603858256217,0.0019215055541459264,0.002467188786033165,FULL
PDOL,HTR1A,27.0,2.9642857142857135,0.020287065116039598,0.043907448156063004,53.0,2.1643075479335048,1.0,0.0033059387405568316,0.001771427723230069,0.001997513899133523,FULL
PDOL,HTR1B,0.0,0.0,0.0,0.0,1.0,5.460144413937834,0.0,0.0,0.0,0.0,FULL
PDOL,HTR1D,0.0,0.0,0.0,0.0,1.0,5.460144413937834,0.0,0.0,0.0,0.0,FULL
PDOL,HTR1E,0.0,0.0,0.0,0.0,2.0,5.054679305829669,0.0,0.0,0.0,0.0,FULL
PDOL,HTR2A,1.0,0.0595238095238095,0.00031164298180004973,0.0013112008992278933,6.0,4.207381445442466,1.0,6.638431205937412e-05,2.7212069096885843e-05,5.965142887499884e-05,FULL
PDOL,HTR2B,0.0,0.0,0.0,0.0,2.0,5.054679305829669,0.0,0.0,0.0,0.0,FULL
PDOL,HTR2C,0.0,0.0,0.0,0.0,3.0,4.7669972333778885,0.0,0.0,0.0,0.0,FULL
PDOL,HTR3A,1.0,0.1071428571428571,0.0005985634477254587,0.002853350299308392,3.0,4.7669972333778885,1.0,0.00011949176170687341,5.2265415393907004e-05,0.00012980956811033155,FULL
PDOL,HTR4,0.0,0.0,0.0,0.0,1.0,5.460144413937834,0.0,0.0,0.0,0.0,FULL
PDOL,HTR5A,0.0,0.0,0.0,0.0,2.0,5.054679305829669,0.0,0.0,0.0,0.0,FULL
PDOL,HTR6,0.0,0.0,0.0,0.0,3.0,4.7669972333778885,0.0,0.0,0.0,0.0,FULL
PDOL,HTR7,30.0,3.9761904761904754,0.04960618561202622,0.10381823531335738,57.0,2.0928485839513593,1.0,0.0044344720455661915,0.004331517246788152,0.004723079494049578,FULL
PDOL,IDH1,54.0,6.499999999999998,0.074416603317647,0.11670935360101274,97.0,1.568324115827207,1.0,0.007249166876883655,0.006497915466405768,0.005309544639175763,FULL
PDOL,IDO1,26.0,3.3571428571428563,0.03044184713285042,0.06947105268896075,47.0,2.2820905835898877,1.0,0.003744075200148701,0.0026581238660700994,0.00316049780074669,FULL
PDOL,IGF1R,32.0,3.5714285714285707,0.02535550230860965,0.05220563623017094,59.0,2.058947032275678,1.0,0.003983058723562448,0.002213993964577142,0.00237502948502543,FULL
PDOL,INSR,21.0,2.7738095238095233,0.02157361193884895,0.051606053285949485,42.0,2.3920914788042165,1.0,0.0030935089419668344,0.0018837665310429438,0.002347752216246138,FULL
PDOL,JAK2,1.0,0.1785714285714285,0.001463700234192037,0.00799201465740315,1.0,5.460144413937834,1.0,0.00019915293617812235,0.00012780750485668515,0.0003635866129932948,FULL
PDOL,KAT2B,1.0,0.0357142857142857,0.0002064409578860445,0.0009380375066192562,4.0,4.543853682063679,1.0,3.983058723562447e-05,1.802602958672322e-05,4.267483163040029e-05,FULL
PDOL,KCNA3,0.0,0.0,0.0,0.0,1.0,5.460144413937834,0.0,0.0,0.0,0.0,FULL
PDOL,KCNA5,1.0,0.1785714285714285,0.001463700234192037,0.00799201465740315,1.0,5.460144413937834,1.0,0.00019915293617812235,0.00012780750485668515,0.0003635866129932948,FULL
PDOL,KCNH2,28.0,3.642857142857142,0.04206768106952394,0.09871724476613725,44.0,2.3466291047274592,1.0,0.004062719898033696,0.0036732694488981407,0.004491016371610659,FULL
PDOL,KDM2A,0.0,0.0,0.0,0.0,1.0,5.460144413937834,0.0,0.0,0.0,0.0,FULL
PDOL,KDM4E,71.0,8.749999999999998,0.18123337430823133,0.2288873247203637,132.0,1.2629424662760251,1.0,0.009758493872727998,0.01582495160279775,0.010412939755445133,FULL
PDOL,KDM5C,0.0,0.0,0.0,0.0,1.0,5.460144413937834,0.0,0.0,0.0,0.0,FULL
PDOL,KDM7A,0.0,0.0,0.0,0.0,1.0,5.460144413937834,0.0,0.0,0.0,0.0,FULL
PDOL,KDR,32.0,3.5714285714285707,0.02535550230860965,0.05220563623017094,59.0,2.058947032275678,1.0,0.003983058723562448,0.002213993964577142,0.00237502948502543,FULL
PDOL,KIT,3.0,0.2499999999999999,0.002681232701724504,0.011280968720149252,6.0,4.207381445442466,1.0,0.0002788141106493713,0.00023412011116929145,0.0005132134241574462,FULL
PDOL,KMT2A,52.0,6.9761904761904745,0.16107376750022176,0.24775901053801178,100.0,1.5381710776565196,1.0,0.007780241373358648,0.01406465329523766,0.011271483266943367,FULL
PDOL,LDHA,2.0,0.1666666666666666,0.0012774111134766868,0.005374555817043812,6.0,4.207381445442466,1.0,0.00018587607376624753,0.0001115410951476525,0.0002445086288789818,FULL
PDOL,LIMK1,1.0,0.1785714285714285,0.001463700234192037,0.00799201465740315,1.0,5.460144413937834,1.0,0.00019915293617812235,0.00012780750485668515,0.0003635866129932948,FULL
PDOL,MAN1B1,0.0,0.0,0.0,0.0,1.0,5.460144413937834,0.0,0.0,0.0,0.0,FULL
PDOL,MAOA,19.0,2.2738095238095233,0.026105601373056026,0.06499589755865783,38.0,2.4897299483681326,1.0,0.0025358807206680915,0.002279491180183687,0.0029569062701757104,FULL
PDOL,MAOB,14.0,1.9047619047619044,0.022157307360963455,0.06025246317752715,30.0,2.719304390012633,1.0,0.002124297985899972,0.001934733698878306,0.002741109713922692,FULL
PDOL,MAP2K1,34.0,4.619047619047618,0.043980363478029305,0.09129242203406676,58.0,2.0757541505920596,1.0,0.005151422615807432,0.0038402812184557818,0.004153233438901887,FULL
PDOL,MAP2K7,0.0,0.0,0.0,0.0,1.0,5.460144413937834,0.0,0.0,0.0,0.0,FULL
PDOL,MAP3K7,0.0,0.0,0.0,0.0,1.0,5.460144413937834,0.0,0.0,0.0,0.0,FULL
PDOL,MAP3K8,4.0,0.4523809523809523,0.003510535784333907,0.013183453171681701,10.0,3.755396321699408,1.0,0.0005045207716512434,0.00030653327014973825,0.0005997645514585377,FULL
PDOL,MAPK1,60.0,7.333333333333332,0.09410371495637872,0.12774589175876838,120.0,1.3575010489010377,1.0,0.008178547245714892,0.008216956399517477,0.005811638003610794,FULL
PDOL,MAPK14,33.0,4.583333333333332,0.04357451932218515,0.09272395845295352,55.0,2.1279399037626296,1.0,0.005111592028571808,0.0038048436830182466,0.004218359380261047,FULL
PDOL,MAPK9,12.0,2.1190476190476186,0.026407870570938165,0.08616676472832213,17.0,3.2629198366016143,1.0,0.002363281509313719,0.002305884748397927,0.003920048133437799,FULL
PDOL,MAPKAPK2,28.0,3.142857142857142,0.021750765350231637,0.048318584868061024,50.0,2.221465961773453,1.0,0.0035050916767349538,0.0018992352280867545,0.0021981929926184283,FULL
PDOL,MAPT,73.0,8.82142857142857,0.20343079494315197,0.25238371189905384,135.0,1.240636708761727,1.0,0.009838155047199246,0.01776318791603406,0.01148187821440623,FULL
PDOL,MCL1,11.0,1.6309523809523807,0.01912613858950086,0.05690480981384639,23.0,2.975237764149833,1.0,0.0018189301504268512,0.0016700578394158755,0.0025888124521992266,FULL
PDOL,MERTK,1.0,0.1785714285714285,0.001463700234192037,0.00799201465740315,1.0,5.460144413937834,1.0,0.00019915293617812235,0.00012780750485668515,0.0003635866129932948,FULL
PDOL,MET,36.0,4.595238095238094,0.04387258047694921,0.08614981583755268,65.0,1.9636368524713532,1.0,0.005124868890983683,0.0038308698129560646,0.003919277065058544,FULL
PDOL,MGAM,0.0,0.0,0.0,0.0,1.0,5.460144413937834,0.0,0.0,0.0,0.0,FULL
PDOL,MGLL,14.0,1.809523809523809,0.03252192640735834,0.0941573205616698,25.0,2.8951950564762967,1.0,0.0020180830866049736,0.002839752409790126,0.004283568379073171,FULL
PDOL,MIF,8.0,1.452380952380952,0.016760529573699248,0.06453988019808929,9.0,3.8507065015037334,1.0,0.0016197772142487288,0.001463497384813656,0.00293616033630262,FULL
PDOL,MMP1,35.0,4.32142857142857,0.04544154340155029,0.08787412453582949,67.0,1.9337838893216723,1.0,0.004819501055510562,0.003967868654605223,0.003997722311499703,FULL
PDOL,MMP12,35.0,4.059523809523808,0.03102413753922509,0.06092013978816231,65.0,1.9636368524713532,1.0,0.0045274100824493155,0.002708968350618407,0.0027714848180537648,FULL
PDOL,MMP13,35.0,4.059523809523808,0.03102413753922509,0.05999397735345319,67.0,1.9337838893216723,1.0,0.0045274100824493155,0.002708968350618407,0.0027293502278218033,FULL
PDOL,MMP14,0.0,0.0,0.0,0.0,2.0,5.054679305829669,0.0,0.0,0.0,0.0,FULL
PDOL,MMP2,46.0,6.07142857142857,0.05858433947223968,0.09752272679190765,88.0,1.6646552247656392,1.0,0.006771199830056161,0.005115472469509494,0.004436673285038935,FULL
PDOL,MMP3,46.0,6.07142857142857,0.05858433947223968,0.100216734276736,84.0,1.7106403380074624,1.0,0.006771199830056161,0.005115472469509494,0.004559233753053091,FULL
PDOL,MMP9,47.0,6.249999999999999,0.060318042662253546,0.09775697531127629,92.0,1.620692101344523,1.0,0.006970352766234284,0.005266856116038772,0.004447330125573761,FULL
PDOL,MPG,34.0,4.428571428571428,0.03485264376745147,0.06843793570782374,65.0,1.9636368524713532,1.0,0.004938992817217436,0.00304326619175252,0.0031134974485076566,FULL
PDOL,MPO,0.0,0.0,0.0,0.0,2.0,5.054679305829669,0.0,0.0,0.0,0.0,FULL
PDOL,MTNR1A,1.0,0.1547619047619047,0.0009494595384165934,0.004799213480556944,2.0,5.054679305829669,1.0,0.00017259921135437273,8.290499088045099e-05,0.0002183341559328974,FULL
PDOL,MTNR1B,1.0,0.1547619047619047,0.0009494595384165934,0.004799213480556944,2.0,5.054679305829669,1.0,0.00017259921135437273,8.290499088045099e-05,0.0002183341559328974,FULL
PDOL,MYLK,1.0,0.1785714285714285,0.001463700234192037,0.00799201465740315,1.0,5.460144413937834,1.0,0.00019915293617812235,0.00012780750485668515,0.0003635866129932948,FULL
PDOL,NEK2,29.0,3.178571428571428,0.022156609506075793,0.04878991490036223,51.0,2.2020478759163513,1.0,0.0035449222639705787,0.00193467276352429,0.002219635557152225,FULL
PDOL,NEK6,29.0,3.178571428571428,0.022156609506075793,0.04878991490036223,51.0,2.2020478759163513,1.0,0.0035449222639705787,0.00193467276352429,0.002219635557152225,FULL
PDOL,NFKB1,56.0,6.666666666666665,0.07843398293832538,0.11910691355081444,102.0,1.518562606268143,1.0,0.007435042950649903,0.006848705370914067,0.005418618600994549,FULL
PDOL,NOS2,10.0,1.3809523809523807,0.027874927449869955,0.08412088298600827,22.0,3.017797378568629,1.0,0.00154011603977748,0.002433985349053094,0.003826973327502142,FULL
PDOL,NQO1,2.0,0.619047619047619,0.009744458128078816,0.044277391944986276,4.0,4.543853682063679,1.0,0.000690396845417491,0.0008508674456950318,0.0020143440245747875,FULL
PDOL,NQO2,3.0,0.2261904761904761,0.00201569970901502,0.007761867974583321,9.0,3.8507065015037334,1.0,0.00025226038582562164,0.00017600704319881675,0.00035311638033167284,FULL
PDOL,NR1H4,25.0,2.8690476190476186,0.040199541106357366,0.09807560544551643,40.0,2.4397195277934713,1.0,0.0031997238412618334,0.0035101470404719534,0.004461825801103917,FULL
PDOL,NR1I2,20.0,2.0952380952380945,0.02967786661880803,0.07313849479608288,39.0,2.4644121403838426,1.0,0.002336727784489969,0.0025914145488356286,0.003327343447462608,FULL
PDOL,NR3C1,4.0,1.119047619047619,0.007758678272073859,0.03264371900308117,6.0,4.207381445442466,1.0,0.001248025066716234,0.0006774729468338921,0.0014850847673109346,FULL
PDOL,NR3C2,0.0,0.0,0.0,0.0,1.0,5.460144413937834,0.0,0.0,0.0,0.0,FULL
PDOL,NT5E,2.0,0.119047619047619,0.0007128599942971197,0.003603278661127507,2.0,5.054679305829669,1.0,0.00013276862411874823,6.224557122760714e-05,0.00016392661177826932,FULL
PDOL,NUAK1,32.0,3.5714285714285707,0.02535550230860965,0.05220563623017094,59.0,2.058947032275678,1.0,0.003983058723562448,0.002213993964577142,0.00237502948502543,FULL
PDOL,ODC1,6.0,1.0476190476190474,0.007908559862080129,0.027792532053196567,13.0,3.5142342648825204,1.0,0.0011683638922449847,0.0006905603205974334,0.0012643861440330168,FULL
PDOL,OPRD1,3.0,0.1785714285714285,0.0018160959152579256,0.006993252348238067,9.0,3.8507065015037334,1.0,0.00019915293617812235,0.00015857802170651328,0.00031814918316597153,FULL
PDOL,OPRK1,4.0,0.3809523809523808,0.003131447670899505,0.012388216846812919,8.0,3.9560670171615597,1.0,0.0004248595971799944,0.0002734320211596242,0.00056358627923522,FULL
PDOL,OPRM1,2.0,0.0714285714285714,0.001217532467532467,0.004688360188519154,9.0,3.8507065015037334,1.0,7.966117447124894e-05,0.00010631260631260629,0.00021329102541838544,FULL
PDOL,OXER1,0.0,0.0,0.0,0.0,2.0,5.054679305829669,0.0,0.0,0.0,0.0,FULL
PDOL,OXTR,0.0,0.0,0.0,0.0,1.0,5.460144413937834,0.0,0.0,0.0,0.0,FULL
PDOL,PARP1,23.0,3.297619047619047,0.028224294753934478,0.06561161238838925,45.0,2.324650198008684,1.0,0.003677690888089327,0.002464491433815485,0.002984917438711847,FULL
PDOL,PCNA,0.0,0.0,0.0,0.0,1.0,5.460144413937834,0.0,0.0,0.0,0.0,FULL
PDOL,PDE4B,1.0,0.0357142857142857,0.00019516003122560491,0.000930327328918401,3.0,4.7669972333778885,1.0,3.983058723562447e-05,1.704100064755802e-05,4.232406683378751e-05,FULL
PDOL,PDE4D,1.0,0.0357142857142857,0.00019516003122560491,0.000930327328918401,3.0,4.7669972333778885,1.0,3.983058723562447e-05,1.704100064755802e-05,4.232406683378751e-05,FULL
PDOL,PDE5A,41.0,5.107142857142856,0.04298806984140918,0.08007955871100615,72.0,1.862832153349388,1.0,0.0056957739746943,0.0037536360360482033,0.003643118383768462,FULL
PDOL,PDGFRB,5.0,0.6309523809523808,0.004974236018525944,0.018247412521793682,11.0,3.6683849447097785,1.0,0.0007036737078293658,0.0004343407750064234,0.0008301429863551024,FULL
PDOL,PDPK1,4.0,0.5476190476190474,0.004008856227623892,0.016331479154645133,7.0,4.073850052817943,1.0,0.000610735670946242,0.00035004565812932117,0.0007429800176239203,FULL
PDOL,PGR,0.0,0.0,0.0,0.0,1.0,5.460144413937834,0.0,0.0,0.0,0.0,FULL
PDOL,PHF8,0.0,0.0,0.0,0.0,1.0,5.460144413937834,0.0,0.0,0.0,0.0,FULL
PDOL,PIK3CA,5.0,0.3214285714285713,0.00335595262786151,0.01231092609520638,11.0,3.6683849447097785,1.0,0.00035847528512062023,0.000293035364594976,0.0005600700341084302,FULL
PDOL,PIK3CB,4.0,0.1428571428571428,0.001892252393669473,0.00710615767891324,10.0,3.755396321699408,1.0,0.00015932234894249788,0.0001652278597382908,0.00032328566858658424,FULL
PDOL,PIK3CG,29.0,3.035714285714285,0.021113077339110647,0.04649200710864625,51.0,2.2020478759163513,1.0,0.0033855999150280806,0.0018435535306499944,0.002115095144405736,FULL
PDOL,PIM1,44.0,5.238095238095237,0.04220139622339763,0.07474985438614877,79.0,1.7712649598238974,1.0,0.0058418194612249235,0.003684945200379835,0.003400650216879456,FULL
PDOL,PIM3,1.0,0.1785714285714285,0.001463700234192037,0.00799201465740315,1.0,5.460144413937834,1.0,0.00019915293617812235,0.00012780750485668515,0.0003635866129932948,FULL
PDOL,PKN1,29.0,3.178571428571428,0.022156609506075793,0.04878991490036223,51.0,2.2020478759163513,1.0,0.0035449222639705787,0.00193467276352429,0.002219635557152225,FULL
PDOL,PLA2G2A,2.0,0.0714285714285714,0.006158821910266994,0.026861899615444544,5.0,4.361532125269724,1.0,7.966117447124894e-05,0.0005377765493372428,0.0012220481966581935,FULL
PDOL,PLG,37.0,4.559523809523808,0.0350230742896692,0.06772705681587837,67.0,1.9337838893216723,1.0,0.005085038303748058,0.0030581478589731944,0.003081156911152483,FULL
PDOL,PLK1,32.0,3.5714285714285707,0.02535550230860965,0.05220563623017094,59.0,2.058947032275678,1.0,0.003983058723562448,0.002213993964577142,0.00237502948502543,FULL
PDOL,PLK4,5.0,0.6309523809523808,0.004974236018525944,0.018247412521793682,11.0,3.6683849447097785,1.0,0.0007036737078293658,0.0004343407750064234,0.0008301429863551024,FULL
PDOL,PNP,18.0,1.9047619047619042,0.020430297429037778,0.054278887999547956,32.0,2.6567840330312986,1.0,0.002124297985899972,0.0017839344948432157,0.0024693494557742174,FULL
PDOL,POLA1,3.0,0.3928571428571428,0.002711469657140359,0.011826162016311759,5.0,4.361532125269724,1.0,0.0004381364595918693,0.00023676034428252616,0.0005380163045919505,FULL
PDOL,POLB,60.0,7.499999999999998,0.1358947685573567,0.19619962037898292,110.0,1.443761393185445,1.0,0.00836442331948114,0.01186607126696254,0.008925853930721359,FULL
PDOL,PPARA,59.0,7.7261904761904745,0.11644916215731929,0.17797144158160835,101.0,1.5283187812135077,1.0,0.008616683705306763,0.010168118109370917,0.008096585958366676,FULL
PDOL,PPARD,57.0,7.273809523809522,0.08981447843308332,0.13994638252914746,98.0,1.558171744363189,1.0,0.008112162933655518,0.007842428470248441,0.006366683922095064,FULL
PDOL,PPARG,59.0,7.607142857142856,0.09225729562968633,0.13920709752733526,103.0,1.5089006953564064,1.0,0.008483915081188015,0.008055730595523548,0.00633305108464817,FULL
PDOL,PRKCA,34.0,4.595238095238094,0.04411019026503536,0.09009143468529396,60.0,2.042417730324468,1.0,0.005124868890983683,0.0038516174451798035,0.0040985960363060835,FULL
PDOL,PRKCD,1.0,0.1785714285714285,0.001463700234192037,0.00799201465740315,1.0,5.460144413937834,1.0,0.00019915293617812235,0.00012780750485668515,0.0003635866129932948,FULL
PDOL,PRKCE,1.0,0.1785714285714285,0.001463700234192037,0.00799201465740315,1.0,5.460144413937834,1.0,0.00019915293617812235,0.00012780750485668515,0.0003635866129932948,FULL
PDOL,PRMT1,0.0,0.0,0.0,0.0,4.0,4.543853682063679,0.0,0.0,0.0,0.0,FULL
PDOL,PTAFR,1.0,0.0357142857142857,0.00042016806722689056,0.002002940014024322,3.0,4.7669972333778885,1.0,3.983058723562447e-05,3.668827198238962e-05,9.11212262421543e-05,FULL
PDOL,PTGES,7.0,1.488095238095238,0.010216055011908618,0.03665870169511748,12.0,3.588342237036242,1.0,0.0016596078014843535,0.0008920463835762204,0.0016677413339967763,FULL
PDOL,PTGS1,37.0,4.535714285714285,0.04126288922979357,0.07743498912061104,71.0,1.8766254754817235,1.0,0.005058484578924309,0.00360299656476368,0.003522807030321914,FULL
PDOL,PTGS2,47.0,5.51190476190476,0.053387139680292406,0.08827467044436972,89.0,1.6534819241675138,1.0,0.006147187296698044,0.0046616629242666975,0.004015944641722729,FULL
PDOL,PTK2,32.0,3.5714285714285707,0.02535550230860965,0.05220563623017094,59.0,2.058947032275678,1.0,0.003983058723562448,0.002213993964577142,0.00237502948502543,FULL
PDOL,PTK2B,4.0,1.0238095238095237,0.007856732489293257,0.03426739115170291,5.0,4.361532125269724,1.0,0.0011418101674212351,0.0006860348535349622,0.0015589516810286261,FULL
PDOL,PTPN1,50.0,6.261904761904761,0.13736986036075005,0.22562066657795535,90.0,1.6424320879809289,1.0,0.006983629628646159,0.011994873461853437,0.010264327269017194,FULL
PDOL,PTPN11,16.0,1.809523809523809,0.031719723196654254,0.08524852261625489,31.0,2.6875556916980523,1.0,0.0020180830866049736,0.0027697055597910164,0.00387827386828113,FULL
PDOL,PTPN2,19.0,1.8690476190476186,0.03236615436251603,0.08317365846201748,35.0,2.569772656041669,1.0,0.0020844673986643476,0.002826150692776868,0.003783880544119547,FULL
PDOL,PTPN6,21.0,2.3690476190476186,0.036399096713242735,0.0906239211805085,38.0,2.4897299483681326,1.0,0.0026420956199630905,0.003178299505106435,0.004122820836880039,FULL
PDOL,PTPRF,19.0,2.1071428571428568,0.033588366509831324,0.08631446581807029,35.0,2.569772656041669,1.0,0.0023500046469018443,0.002932871919777372,0.003926767607970694,FULL
PDOL,PTPRS,26.0,3.428571428571428,0.027371401362054088,0.0630402786211965,46.0,2.3031439927877204,1.0,0.00382373637461995,0.0023900184141502534,0.0028679378565456804,FULL
PDOL,PYGL,27.0,2.9642857142857135,0.020287065116039598,0.04546876180898984,49.0,2.241268589069633,1.0,0.0033059387405568316,0.001771427723230069,0.0020685438918478147,FULL
PDOL,RELA,15.0,2.1309523809523805,0.018472484463411085,0.05420594971367086,24.0,2.9344157696295783,1.0,0.002376558371725594,0.0016129820113581408,0.002466031220578662,FULL
PDOL,RORB,2.0,0.4285714285714285,0.003526546799912625,0.01681103883856113,3.0,4.7669972333778885,1.0,0.00047796704682749375,0.00030793132140609207,0.0007647969797639531,FULL
PDOL,RORC,62.0,8.023809523809522,0.11834613491837874,0.16980217320005295,111.0,1.4347927232026845,1.0,0.008948605265603633,0.010333758142561138,0.007724935411062992,FULL
PDOL,RXRA,3.0,0.7023809523809523,0.03215733982157339,0.1310041805306013,7.0,4.073850052817943,1.0,0.0007833348823006148,0.0028079174064575526,0.005959869736094848,FULL
PDOL,SAE1,1.0,0.0357142857142857,0.0002064409578860445,0.0009841034750986554,3.0,4.7669972333778885,1.0,3.983058723562447e-05,1.802602958672322e-05,4.477054468545153e-05,FULL
PDOL,SENP6,0.0,0.0,0.0,0.0,1.0,5.460144413937834,0.0,0.0,0.0,0.0,FULL
PDOL,SENP7,0.0,0.0,0.0,0.0,1.0,5.460144413937834,0.0,0.0,0.0,0.0,FULL
PDOL,SENP8,0.0,0.0,0.0,0.0,3.0,4.7669972333778885,0.0,0.0,0.0,0.0,FULL
PDOL,SHBG,14.0,1.9285714285714282,0.014342470425660506,0.043282669652756366,22.0,3.017797378568629,1.0,0.0021508517107237217,0.0012523570849849093,0.0019690903902154235,FULL
PDOL,SIGMAR1,0.0,0.0,0.0,0.0,1.0,5.460144413937834,0.0,0.0,0.0,0.0,FULL
PDOL,SIRT2,2.0,0.4761904761904761,0.004982944710314631,0.02096514911784346,6.0,4.207381445442466,1.0,0.000531074496474993,0.00043510120131645436,0.0009537829803146153,FULL
PDOL,SIRT3,1.0,0.4404761904761904,0.004787784679089026,0.024200716138159644,2.0,5.054679305829669,1.0,0.0004912439092393686,0.0004180602006688963,0.0011009810154107896,FULL
PDOL,SLC15A2,0.0,0.0,0.0,0.0,2.0,5.054679305829669,0.0,0.0,0.0,0.0,FULL
PDOL,SLC1A1,3.0,0.4642857142857142,0.0035112130976792623,0.015314268724195924,5.0,4.361532125269724,1.0,0.0005177976340631183,0.00030659241185556973,0.000696703313818593,FULL
PDOL,SLC22A1,16.0,1.69047619047619,0.014009765773751763,0.039031148107467856,28.0,2.7859957645113047,1.0,0.0018853144624862252,0.0012233059511384077,0.0017756727871473953,FULL
PDOL,SLC22A12,2.0,0.2619047619047618,0.0036967122856693393,0.016797319730768666,4.0,4.543853682063679,1.0,0.0002920909730612461,0.0003227898461499216,0.0007641728462820492,FULL
PDOL,SLC28A1,18.0,1.928571428571428,0.0192146181311667,0.05164035632222165,31.0,2.6875556916980523,1.0,0.0021508517107237217,0.0016777837037609178,0.0023493127895569026,FULL
PDOL,SLC28A2,18.0,1.928571428571428,0.0192146181311667,0.05164035632222165,31.0,2.6875556916980523,1.0,0.0021508517107237217,0.0016777837037609178,0.0023493127895569026,FULL
PDOL,SLC28A3,18.0,1.928571428571428,0.0192146181311667,0.050475477364672464,33.0,2.6269310698816177,1.0,0.0021508517107237217,0.0016777837037609178,0.002296318092615232,FULL
PDOL,SLC47A1,5.0,0.488095238095238,0.003569156481058635,0.013743774066496675,9.0,3.8507065015037334,1.0,0.0005443513588868679,0.0003116519172649952,0.00062525564288771,FULL
PDOL,SLC5A1,8.0,1.6428571428571426,0.011500916096769911,0.04218978745976109,11.0,3.6683849447097785,1.0,0.0018322070128387262,0.0010042379959757511,0.0019193710951458435,FULL
PDOL,SLC5A2,8.0,1.6428571428571426,0.011500916096769911,0.043190498005983236,10.0,3.755396321699408,1.0,0.0018322070128387262,0.0010042379959757511,0.001964897157557471,FULL
PDOL,SLC6A15,1.0,0.0357142857142857,0.00042016806722689056,0.0022941783251839627,1.0,5.460144413937834,1.0,3.983058723562447e-05,3.668827198238962e-05,0.00010437074537689873,FULL
PDOL,SLC6A2,1.0,0.1071428571428571,0.0005985634477254587,0.003025546272443935,2.0,5.054679305829669,1.0,0.00011949176170687341,5.2265415393907004e-05,0.0001376434064261111,FULL
PDOL,SLC6A3,1.0,0.1071428571428571,0.0005985634477254587,0.003025546272443935,2.0,5.054679305829669,1.0,0.00011949176170687341,5.2265415393907004e-05,0.0001376434064261111,FULL
PDOL,SLC6A4,1.0,0.1071428571428571,0.0005985634477254587,0.003025546272443935,2.0,5.054679305829669,1.0,0.00011949176170687341,5.2265415393907004e-05,0.0001376434064261111,FULL
PDOL,SLCO1B1,49.0,5.916666666666665,0.10891686771775327,0.1902311893031198,81.0,1.746572347233526,1.0,0.006598600618701788,0.009510412565791347,0.0086543276970017,FULL
PDOL,SLCO1B3,49.0,5.916666666666665,0.10891686771775327,0.1889109686814592,82.0,1.734450986701181,1.0,0.006598600618701788,0.009510412565791347,0.008594265927246455,FULL
PDOL,SLCO2B1,49.0,5.916666666666665,0.10891686771775327,0.1902311893031198,81.0,1.746572347233526,1.0,0.006598600618701788,0.009510412565791347,0.0086543276970017,FULL
PDOL,SMAD3,4.0,0.4523809523809523,0.003510535784333907,0.01259700382955251,12.0,3.588342237036242,1.0,0.0005045207716512434,0.00030653327014973825,0.0005730847793188078,FULL
PDOL,SOAT1,30.0,3.5476190476190466,0.04346933125525231,0.09489353626113688,52.0,2.182999680945657,1.0,0.003956504998738698,0.003795658862204984,0.0043170615824863765,FULL
PDOL,SOAT2,1.0,0.0595238095238095,0.0004076973255055445,0.0020607792342749783,2.0,5.054679305829669,1.0,6.638431205937412e-05,3.5599350667843805e-05,9.37525485170239e-05,FULL
PDOL,SRC,35.0,4.4642857142857135,0.032096210579930166,0.06254264304086436,66.0,1.948598975106813,1.0,0.00497882340445306,0.0028025797179980607,0.0028452985543278957,FULL
PDOL,STAT3,12.0,1.4285714285714282,0.0103426071738481,0.03265739568464415,19.0,3.157559320943788,1.0,0.001593223489424979,0.0009030966763027448,0.0014857069706651124,FULL
PDOL,SYK,39.0,5.011904761904761,0.03944598651368547,0.07513657122999765,69.0,1.90479635244842,1.0,0.005589559075399302,0.003444348094750083,0.0034182434112703377,FULL
PDOL,TAS2R31,1.0,0.25,0.0014619883040935672,0.007389882026066767,2.0,5.054679305829669,1.0,0.0002788141106493714,0.0001276580223948645,0.00033619334941894195,FULL
PDOL,TBXAS1,9.0,1.3690476190476186,0.00928768936524802,0.03083585545841735,16.0,3.3200782504415627,1.0,0.001526839177365605,0.0008109832709779977,0.0014028382986624461,FULL
PDOL,TEK,5.0,0.6309523809523808,0.004974236018525944,0.018247412521793682,11.0,3.6683849447097785,1.0,0.0007036737078293658,0.0004343407750064234,0.0008301429863551024,FULL
PDOL,TERT,39.0,4.988095238095237,0.057627500098431664,0.11143913127223024,67.0,1.9337838893216723,1.0,0.005563005350575552,0.005031923085517942,0.005069782530572937,FULL
PDOL,TGM2,1.0,0.0595238095238095,0.001750700280112044,0.007954925913977026,4.0,4.543853682063679,1.0,6.638431205937412e-05,0.00015286779992662342,0.00036189930745388483,FULL
PDOL,THRA,0.0,0.0,0.0,0.0,1.0,5.460144413937834,0.0,0.0,0.0,0.0,FULL
PDOL,THRB,52.0,6.904761904761903,0.20982994863165225,0.31460459798174706,104.0,1.4993312443402556,1.0,0.007700580198887399,0.01832194977656839,0.01431253884229838,FULL
PDOL,TLR2,33.0,4.4642857142857135,0.05114275817786866,0.10199955219301929,63.0,1.9944085111381071,1.0,0.00497882340445306,0.00446568782426296,0.004640340802470819,FULL
PDOL,TNKS,21.0,2.797619047619047,0.02302881274933991,0.055087026744673896,42.0,2.3920914788042165,1.0,0.003120062666790584,0.002010831882478745,0.0025061147073114896,FULL
PDOL,TNKS2,21.0,2.797619047619047,0.02302881274933991,0.055087026744673896,42.0,2.3920914788042165,1.0,0.003120062666790584,0.002010831882478745,0.0025061147073114896,FULL
PDOL,TOP1,24.0,2.9999999999999996,0.03979684646372298,0.0884073398050848,50.0,2.221465961773453,1.0,0.0033457693277924565,0.0034749845145038783,0.004021980266728209,FULL
PDOL,TOP2A,43.0,5.3928571428571415,0.06810780780601797,0.11731398233314438,83.0,1.7224747956544653,1.0,0.006014418672579296,0.005947043509049387,0.005337051459703242,FULL
PDOL,TRPV1,25.0,3.749999999999999,0.0871696806641557,0.21929323939410333,37.0,2.515705434771393,1.0,0.00418221165974057,0.007611489787722536,0.009976468960773551,FULL
PDOL,TTR,31.0,3.7976190476190466,0.03038538842171442,0.060129776552446515,64.0,1.9789043246021418,1.0,0.004235319109388069,0.0026531939994012595,0.0027355282408667927,FULL
PDOL,TUBB3,1.0,0.1547619047619047,0.0015792031098153542,0.008622677038531562,1.0,5.460144413937834,1.0,0.00017259921135437273,0.00013789299503585216,0.00039227780150160923,FULL
PDOL,TYR,35.0,4.797619047619047,0.04349064721380456,0.07813454734514642,77.0,1.7965827678081872,1.0,0.005350575551985555,0.0037975201309351178,0.0035546325482111755,FULL
PDOL,UBE2N,10.0,1.9285714285714284,0.07327802781896711,0.2524604946682975,14.0,3.445241393395569,1.0,0.002150851710723722,0.006398497231593803,0.011485371349516998,FULL
PDOL,UGT1A1,61.0,9.035714285714285,0.5109448719026561,0.742306447149602,109.0,1.4528112287053627,1.0,0.010077138570612994,0.044614728939525075,0.03377029428646048,FULL
PDOL,VCP,2.0,0.0714285714285714,0.006158821910266994,0.02798478561414114,4.0,4.543853682063679,1.0,7.966117447124894e-05,0.0005377765493372428,0.0012731324769736086,FULL
PDOL,VDR,0.0,0.0,0.0,0.0,3.0,4.7669972333778885,0.0,0.0,0.0,0.0,FULL
PDOL,XDH,43.0,6.226190476190475,0.058325251536615684,0.10785660083612551,73.0,1.849226501293609,1.0,0.006943799041410534,0.005092849406523615,0.004906799833087252,FULL
PDOL,XIAP,0.0,0.0,0.0,0.0,2.0,5.054679305829669,0.0,0.0,0.0,0.0,FULL
PDOL,XPO1,8.0,1.1904761904761902,0.01057486393593228,0.03879267165492836,11.0,3.6683849447097785,1.0,0.0013276862411874825,0.0009233768925346275,0.0017648236021328041,FULL
PHOL,ABCB1,21.0,2.138157894736841,0.021925998924997466,0.06108574013772236,28.0,2.7859957645113047,1.0,0.0021738548801369865,0.001847423412749233,0.0026808621001308004,FULL
PHOL,ABCB11,11.0,0.69078947368421,0.0338815810691846,0.1087210000254138,18.0,3.2088526153313386,1.0,0.0007023223458904107,0.002854767362813782,0.004771424686012149,FULL
PHOL,ABCC1,49.0,4.9802631578947345,0.03728142840711362,0.07614425039051115,60.0,2.042417730324468,1.0,0.005063409674657534,0.003141229001042834,0.0033417330223806715,FULL
PHOL,ABCG2,51.0,5.782894736842103,0.045430612342562,0.09060719992222159,63.0,1.9944085111381071,1.0,0.005879441352739726,0.003827856472322299,0.003976466647089973,FULL
PHOL,ACHE,70.0,7.171052631578944,0.07512211999191008,0.11936479698276929,95.0,1.5889434030299427,1.0,0.007290774828767123,0.006329579954972471,0.0052385476479363,FULL
PHOL,ACP1,20.0,2.355263157894736,0.052717540454927485,0.15469518204702448,24.0,2.9344157696295783,1.0,0.0023945847602739726,0.004441832676911852,0.006789087759069356,FULL
PHOL,ADORA1,23.0,1.6644736842105252,0.0178001926526856,0.04783900907704704,31.0,2.6875556916980523,1.0,0.0016922624143835613,0.0014997945028870357,0.002099504500613728,FULL
PHOL,ADORA2A,26.0,2.539473684210525,0.023914410937956515,0.06145459931370446,35.0,2.569772656041669,1.0,0.002581870719178082,0.0020149614537524345,0.00269705017582484,FULL
PHOL,ADORA2B,23.0,1.6644736842105252,0.0178001926526856,0.04783900907704704,31.0,2.6875556916980523,1.0,0.0016922624143835613,0.0014997945028870357,0.002099504500613728,FULL
PHOL,ADORA3,59.0,5.546052631578944,0.04702612245296461,0.0863307192952727,74.0,1.8358034809614685,1.0,0.005638645119863013,0.0039622896967021195,0.003788785286286569,FULL
PHOL,ADRA1A,2.0,0.0394736842105262,0.0006922196796338652,0.0034989484897333424,2.0,5.054679305829669,1.0,4.013270547945196e-05,5.8324496288441e-05,0.0001535579068909972,FULL
PHOL,ADRA1B,2.0,0.0394736842105262,0.0006922196796338652,0.0034989484897333424,2.0,5.054679305829669,1.0,4.013270547945196e-05,5.8324496288441e-05,0.0001535579068909972,FULL
PHOL,ADRA1D,1.0,0.0197368421052631,0.00026315789473684134,0.0014368801089310048,1.0,5.460144413937834,1.0,2.006635273972598e-05,2.217294900221724e-05,6.306017440044355e-05,FULL
PHOL,ADRA2A,2.0,0.0921052631578946,0.000833354639939658,0.004212340452920125,2.0,5.054679305829669,1.0,9.364297945205471e-05,7.021613374214417e-05,0.00018486644915198096,FULL
PHOL,ADRA2B,9.0,0.4671052631578942,0.003307862243591756,0.01162460283994132,13.0,3.5142342648825204,1.0,0.000474903681506849,0.0002787112311673765,0.0005101674648192866,FULL
PHOL,ADRA2C,2.0,0.0394736842105262,0.0006922196796338652,0.0034989484897333424,2.0,5.054679305829669,1.0,4.013270547945196e-05,5.8324496288441e-05,0.0001535579068909972,FULL
PHOL,ADRB1,0.0,0.0,0.0,0.0,1.0,5.460144413937834,0.0,0.0,0.0,0.0,FULL
PHOL,ADRB2,23.0,3.032894736842104,0.028376942157943244,0.0821567826535911,25.0,2.8951950564762967,1.0,0.003083529537671233,0.002390961866966394,0.00360560426030893,FULL
PHOL,AGTR1,1.0,0.0197368421052631,0.00012108492089118467,0.0006611411544161065,1.0,5.460144413937834,1.0,2.006635273972598e-05,1.0202277148259468e-05,2.9015417668915742e-05,FULL
PHOL,AKR1B1,85.0,9.190789473684207,0.14207288697843706,0.20133051438424962,113.0,1.4170931461032836,1.0,0.009344231592465755,0.011970664534768539,0.008835766651851824,FULL
PHOL,AKR1B10,71.0,7.230263157894734,0.10558347061149603,0.17695312226239282,87.0,1.6759547800195724,1.0,0.0073509738869863015,0.008896168255514082,0.007765919147472388,FULL
PHOL,AKR1C2,36.0,2.2894736842105243,0.022492229937190418,0.052780921400833306,44.0,2.3466291047274592,1.0,0.002327696917808218,0.0018951324559051803,0.002316389577575029,FULL
PHOL,AKR1C3,37.0,2.3355263157894717,0.023060780944337913,0.05360824898849002,45.0,2.324650198008684,1.0,0.002374518407534246,0.0019430369753544148,0.0023526983980811074,FULL
PHOL,AKR1C4,36.0,2.2894736842105243,0.022492229937190418,0.052780921400833306,44.0,2.3466291047274592,1.0,0.002327696917808218,0.0018951324559051803,0.002316389577575029,FULL
PHOL,AKT1,51.0,4.76973684210526,0.03807909569497908,0.0736367417748888,67.0,1.9337838893216723,1.0,0.0048493685787671225,0.0032084382182022302,0.0032316863110169796,FULL
PHOL,ALDH2,2.0,0.3947368421052631,0.0029166921459516156,0.01474294343161756,2.0,5.054679305829669,1.0,0.0004013270547945207,0.0002457523315879411,0.0006470216813463583,FULL
PHOL,ALK,40.0,3.2236842105263137,0.021793543402490578,0.047990425958145184,51.0,2.2020478759163513,1.0,0.0032775042808219175,0.0018362630804759253,0.0021061497139964395,FULL
PHOL,ALOX12,62.0,6.421052631578944,0.05225328327432399,0.09255440969956222,79.0,1.7712649598238974,1.0,0.006528253424657534,0.0044027156639120015,0.004061923594673932,FULL
PHOL,ALOX15,84.0,8.710526315789469,0.1398939480023251,0.19460894155119118,116.0,1.391117659700023,1.0,0.008855950342465753,0.011787073224142698,0.008540777840702306,FULL
PHOL,ALOX5,78.0,8.14473684210526,0.0939316696274969,0.13994433285993085,105.0,1.4898525003857117,1.0,0.008280714897260275,0.00791442005730573,0.0061417191188389625,FULL
PHOL,ALPI,38.0,3.605263157894735,0.027718660595421114,0.06384006663846584,46.0,2.3031439927877204,1.0,0.0036654537671232876,0.0023354969016097624,0.0028017408765945275,FULL
PHOL,ALPL,38.0,3.605263157894735,0.027718660595421114,0.06384006663846584,46.0,2.3031439927877204,1.0,0.0036654537671232876,0.0023354969016097624,0.0028017408765945275,FULL
PHOL,AMY1A,62.0,6.618421052631576,0.05871599318882995,0.10113681836957884,83.0,1.7224747956544653,1.0,0.006728916952054795,0.004947245545843768,0.004438578671282773,FULL
PHOL,ANPEP,1.0,0.0460526315789473,0.0005685510071474976,0.0028738430101370722,2.0,5.054679305829669,1.0,4.6821489726027354e-05,4.7904519449234854e-05,0.00012612398229492185,FULL
PHOL,AOC3,4.0,0.5394736842105262,0.004100670956387833,0.01788520811144606,5.0,4.361532125269724,1.0,0.0005484803082191782,0.0003455110783652722,0.0007849258512842092,FULL
PHOL,AOX1,4.0,0.9473684210526313,0.006506239019952957,0.02837717050020823,5.0,4.361532125269724,1.0,0.0009631849315068495,0.0005481975227454823,0.001245385268827727,FULL
PHOL,APEX1,75.0,7.888157894736839,0.09083128494608535,0.14819151546828443,91.0,1.6315030174487386,1.0,0.008019852311643837,0.007653190305878591,0.006503662171959794,FULL
PHOL,APOBEC3G,10.0,0.34210526315789413,0.0025503721422755862,0.009577658162066377,10.0,3.755396321699408,1.0,0.00034781678082191736,0.00021488723149993864,0.000420333464353593,FULL
PHOL,APP,74.0,7.605263157894734,0.07827804596135549,0.12519905762465774,94.0,1.599414702897238,1.0,0.0077322345890410964,0.006595489460158558,0.005494595101922453,FULL
PHOL,AR,56.0,6.0526315789473655,0.13586994020050985,0.25497699113245514,71.0,1.8766254754817235,1.0,0.006153681506849315,0.011448021569000835,0.011190142746756497,FULL
PHOL,ATR,2.0,0.0921052631578946,0.0006119462830823611,0.0029171462384294973,3.0,4.7669972333778885,1.0,9.364297945205471e-05,5.156088416215018e-05,0.00012802442556172588,FULL
PHOL,AURKA,5.0,0.17763157894736809,0.001610908008252323,0.0059094306847852374,11.0,3.6683849447097785,1.0,0.000180597174657534,0.0001357306082341204,0.00025934643208829004,FULL
PHOL,AURKB,44.0,3.3684210526315765,0.023247060325373974,0.047864465866062404,59.0,2.058947032275678,1.0,0.0034246575342465747,0.0019587323555747484,0.0021006217194721464,FULL
PHOL,AVPR2,40.0,3.2236842105263137,0.021793543402490578,0.04884518427252786,49.0,2.241268589069633,1.0,0.0032775042808219175,0.0018362630804759253,0.0021436623833139246,FULL
PHOL,AXL,40.0,3.2236842105263137,0.021793543402490578,0.047990425958145184,51.0,2.2020478759163513,1.0,0.0032775042808219175,0.0018362630804759253,0.0021061497139964395,FULL
PHOL,BACE1,72.0,7.513157894736839,0.09941978454028498,0.1569421447216332,96.0,1.578580615994396,1.0,0.007638591609589042,0.008376833287208051,0.006887699923891882,FULL
PHOL,BBOX1,1.0,0.0197368421052631,0.0001333570412517777,0.0007281487038501713,1.0,5.460144413937834,1.0,2.006635273972598e-05,1.1236291724096574e-05,3.1956169459684224e-05,FULL
PHOL,BCHE,59.0,6.217105263157892,0.05068854125746053,0.08978283699392779,79.0,1.7712649598238974,1.0,0.0063209011130136985,0.004270874873134148,0.003940287936211902,FULL
PHOL,BCL2,41.0,4.177631578947366,0.0360245692094319,0.07932782610843112,51.0,2.2020478759163513,1.0,0.004247377996575342,0.003035329556448809,0.0034814502045876178,FULL
PHOL,BCL2L1,35.0,3.177631578947367,0.025150844924523248,0.05958491602091944,43.0,2.369101960579518,1.0,0.00323068279109589,0.0021191399271216936,0.0026149956231980836,FULL
PHOL,BCR,6.0,0.3552631578947365,0.0041514966766261294,0.01642359907425646,8.0,3.9560670171615597,1.0,0.0003611943493150683,0.00034979351155608204,0.0007207804015577099,FULL
PHOL,BRAF,5.0,0.17763157894736809,0.001610908008252323,0.0059094306847852374,11.0,3.6683849447097785,1.0,0.000180597174657534,0.0001357306082341204,0.00025934643208829004,FULL
PHOL,CA1,87.0,8.703947368421048,0.10261971495756772,0.14188273316304192,117.0,1.3826069700321142,1.0,0.008849261558219178,0.008646450484229656,0.006226789446149009,FULL
PHOL,CA12,83.0,8.46710526315789,0.09758442594006783,0.1382862211660936,113.0,1.4170931461032836,1.0,0.008608465325342466,0.008222191099163147,0.006068949782038425,FULL
PHOL,CA13,39.0,4.098684210526314,0.04735402062184827,0.10337381190898882,52.0,2.182999680945657,1.0,0.004167112585616439,0.003989917480333115,0.004536753321938078,FULL
PHOL,CA14,74.0,7.118421052631575,0.07495960622133963,0.11604657116471184,99.0,1.5481214085096875,1.0,0.00723726455479452,0.006315886998693807,0.005092921093927955,FULL
PHOL,CA2,87.0,8.703947368421048,0.10261971495756772,0.14188273316304192,117.0,1.3826069700321142,1.0,0.008849261558219178,0.008646450484229656,0.006226789446149009,FULL
PHOL,CA3,73.0,7.098684210526312,0.07392082505790473,0.11593181260015607,97.0,1.568324115827207,1.0,0.007217198202054794,0.006228362200000845,0.0050878846994160875,FULL
PHOL,CA4,82.0,7.907894736842101,0.08238351167946693,0.11820326306958252,111.0,1.4347927232026845,1.0,0.00803991866438356,0.006941404531751097,0.00518757155697205,FULL
PHOL,CA5A,73.0,7.098684210526312,0.07392082505790473,0.11593181260015607,97.0,1.568324115827207,1.0,0.007217198202054794,0.006228362200000845,0.0050878846994160875,FULL
PHOL,CA5B,73.0,7.098684210526312,0.07392082505790473,0.11593181260015607,97.0,1.568324115827207,1.0,0.007217198202054794,0.006228362200000845,0.0050878846994160875,FULL
PHOL,CA6,74.0,7.131578947368418,0.07443480532106261,0.11449346471585213,100.0,1.5381710776565196,1.0,0.007250642123287672,0.0062716687410208,0.005024760108944726,FULL
PHOL,CA7,83.0,8.46710526315789,0.09758442594006783,0.1382862211660936,113.0,1.4170931461032836,1.0,0.008608465325342466,0.008222191099163147,0.006068949782038425,FULL
PHOL,CA9,77.0,7.914473684210522,0.09230817742530173,0.13928387310412033,103.0,1.5089006953564064,1.0,0.008046607448630137,0.0077776291400476,0.006112733605623895,FULL
PHOL,CACNA1C,1.0,0.0460526315789473,0.0005685510071474976,0.0028738430101370722,2.0,5.054679305829669,1.0,4.6821489726027354e-05,4.7904519449234854e-05,0.00012612398229492185,FULL
PHOL,CACNA1D,0.0,0.0,0.0,0.0,1.0,5.460144413937834,0.0,0.0,0.0,0.0,FULL
PHOL,CAMK2B,40.0,3.2236842105263137,0.021793543402490578,0.04841361485506522,50.0,2.221465961773453,1.0,0.0032775042808219175,0.0018362630804759253,0.0021247221512361494,FULL
PHOL,CARM1,5.0,0.17763157894736809,0.001610908008252323,0.006049598008786894,10.0,3.755396321699408,1.0,0.000180597174657534,0.0001357306082341204,0.0002654979375909752,FULL
PHOL,CBR1,20.0,3.1184210526315783,0.028389307706104726,0.08446494038527265,23.0,2.975237764149833,1.0,0.0031704837328767133,0.0023920037535077165,0.0037069020848099995,FULL
PHOL,CCR4,40.0,3.2236842105263137,0.021793543402490578,0.04884518427252786,49.0,2.241268589069633,1.0,0.0032775042808219175,0.0018362630804759253,0.0021436623833139246,FULL
PHOL,CD38,54.0,4.539473684210524,0.03924110844362526,0.07588382330740717,67.0,1.9337838893216723,1.0,0.004615261130136986,0.0033063461659817305,0.0033303036921414537,FULL
PHOL,CDC25B,26.0,2.69736842105263,0.05508927678349988,0.1463603109496443,32.0,2.6567840330312986,1.0,0.00274240154109589,0.004641668553820391,0.006423296332394907,FULL
PHOL,CDK6,55.0,5.940789473684208,0.04709463600207935,0.08970569087664679,69.0,1.90479635244842,1.0,0.006039972174657534,0.0039680624569379515,0.0039369022343848535,FULL
PHOL,CES1,8.0,1.5526315789473681,0.011323432794490872,0.03979319552249425,13.0,3.5142342648825204,1.0,0.0015785530821917813,0.0009540808119526681,0.0017463989055192149,FULL
PHOL,CES2,8.0,1.8157894736842104,0.01301123453397049,0.04668876243423087,12.0,3.588342237036242,1.0,0.0018461044520547952,0.001096290271154942,0.002049023772647164,FULL
PHOL,CHRM1,5.0,0.282894736842105,0.001856905775391254,0.007812710905316118,6.0,4.207381445442466,1.0,0.0002876177226027396,0.00015645769282675762,0.00034287544880554706,FULL
PHOL,CHRM2,5.0,0.282894736842105,0.001856905775391254,0.007812710905316118,6.0,4.207381445442466,1.0,0.0002876177226027396,0.00015645769282675762,0.00034287544880554706,FULL
PHOL,CHRM3,5.0,0.282894736842105,0.001856905775391254,0.00843750814475686,4.0,4.543853682063679,1.0,0.0002876177226027396,0.00015645769282675762,0.0003702958457051612,FULL
PHOL,CHRM4,5.0,0.282894736842105,0.001856905775391254,0.007812710905316118,6.0,4.207381445442466,1.0,0.0002876177226027396,0.00015645769282675762,0.00034287544880554706,FULL
PHOL,CHRM5,5.0,0.282894736842105,0.001856905775391254,0.008098954192967842,5.0,4.361532125269724,1.0,0.0002876177226027396,0.00015645769282675762,0.000355437771526893,FULL
PHOL,CHRNA3,4.0,0.2631578947368419,0.0015937478806544129,0.007597391737781459,3.0,4.7669972333778885,1.0,0.00026755136986301363,0.0001342847438245404,0.0003334257639138858,FULL
PHOL,CHRNA7,11.0,1.5328947368421046,0.012401204426349718,0.046571437487356156,10.0,3.755396321699408,1.0,0.001558486729452055,0.0010448908385837904,0.0020438747476412113,FULL
PHOL,CLK1,0.0,0.0,0.0,0.0,1.0,5.460144413937834,0.0,0.0,0.0,0.0,FULL
PHOL,CNR1,10.0,0.7631578947368416,0.010741478590798062,0.03566254944689233,16.0,3.3200782504415627,1.0,0.0007758989726027396,0.0009050469766082629,0.001565117767103461,FULL
PHOL,CNR2,10.0,0.7631578947368416,0.010741478590798062,0.03566254944689233,16.0,3.3200782504415627,1.0,0.0007758989726027396,0.0009050469766082629,0.001565117767103461,FULL
PHOL,CSNK1D,0.0,0.0,0.0,0.0,1.0,5.460144413937834,0.0,0.0,0.0,0.0,FULL
PHOL,CSNK2A1,40.0,4.578947368421051,0.03972320032930945,0.08903036115540176,49.0,2.241268589069633,1.0,0.00465539383561644,0.003346965881405232,0.003907264124889972,FULL
PHOL,CTBP2,5.0,0.3223684210526313,0.0020077667546122635,0.007942859836075082,8.0,3.9560670171615597,1.0,0.0003277504280821917,0.00016916881746178726,0.0003485872783595086,FULL
PHOL,CTSD,11.0,0.6381578947368416,0.004451694781033637,0.015974204409176806,12.0,3.588342237036242,1.0,0.000648812071917808,0.00037508736514252393,0.0007010578751072357,FULL
PHOL,CTSL,32.0,2.7499999999999982,0.026306076616371216,0.06482901457925275,39.0,2.4644121403838426,1.0,0.0027959118150684926,0.0022164765220002366,0.002845142708961306,FULL
PHOL,CXCL8,71.0,7.480263157894734,0.16044081442981156,0.256611397543848,94.0,1.599414702897238,1.0,0.007605147688356165,0.013518294785660403,0.011261871732844498,FULL
PHOL,CXCR1,40.0,3.2236842105263137,0.021793543402490578,0.04884518427252786,49.0,2.241268589069633,1.0,0.0032775042808219175,0.0018362630804759253,0.0021436623833139246,FULL
PHOL,CYP19A1,85.0,8.124999999999996,0.10197441531648922,0.1427337322285089,115.0,1.3997014033914144,1.0,0.008260648544520549,0.008592079339305083,0.00626413713378795,FULL
PHOL,CYP1A1,60.0,6.355263157894734,0.05407089711448317,0.09577388540512713,79.0,1.7712649598238974,1.0,0.00646136558219178,0.004555862728049582,0.004203216315067949,FULL
PHOL,CYP1A2,64.0,6.486842105263155,0.0965220492503095,0.1628697109594953,86.0,1.6873834758431951,1.0,0.006595141267123288,0.008132678207343154,0.007147842268689079,FULL
PHOL,CYP1B1,60.0,6.355263157894734,0.05407089711448317,0.09645403144365974,78.0,1.7838437420307574,1.0,0.00646136558219178,0.004555862728049582,0.004233065797666429,FULL
PHOL,CYP2A13,6.0,0.3026315789473681,0.004659494693992769,0.017498249234798355,10.0,3.755396321699408,1.0,0.0003076840753424656,0.00039259600525881443,0.0007679434363314695,FULL
PHOL,CYP2A6,45.0,4.20394736842105,0.04366119234179204,0.08507815464915738,66.0,1.948598975106813,1.0,0.004274133133561644,0.0036787700864481117,0.0037338141411361043,FULL
PHOL,CYP2B6,11.0,1.4144736842105257,0.013417724653796387,0.04622730038244355,14.0,3.445241393395569,1.0,0.0014380886130136987,0.0011305399930028003,0.0020287716463326423,FULL
PHOL,CYP2C19,74.0,7.21052631578947,0.06971576769141638,0.1038662108113661,105.0,1.4898525003857117,1.0,0.007330907534246575,0.005874055814354376,0.0045583631698756346,FULL
PHOL,CYP2C8,40.0,3.2236842105263137,0.021793543402490578,0.047990425958145184,51.0,2.2020478759163513,1.0,0.0032775042808219175,0.0018362630804759253,0.0021061497139964395,FULL
PHOL,CYP2C9,76.0,7.894736842105259,0.09406886248091807,0.13926544778193492,106.0,1.4804627600358728,1.0,0.00802654109589041,0.007925979543846759,0.0061119249758550135,FULL
PHOL,CYP2D6,76.0,7.144736842105259,0.06846529369877319,0.10200318900675934,105.0,1.4898525003857117,1.0,0.007264019691780821,0.005768694369297965,0.004476600969132431,FULL
PHOL,CYP2E1,4.0,0.32894736842105243,0.003905176177243409,0.017744549152074827,4.0,4.543853682063679,1.0,0.0003344392123287671,0.00032903923444622973,0.0007787527694426532,FULL
PHOL,CYP2J2,40.0,3.2236842105263137,0.021793543402490578,0.047990425958145184,51.0,2.2020478759163513,1.0,0.0032775042808219175,0.0018362630804759253,0.0021061497139964395,FULL
PHOL,CYP3A4,96.0,9.289473684210522,0.25919062918086255,0.3234742637827196,134.0,1.2480168160593494,1.0,0.009444563356164384,0.02183867829018355,0.014196273830646266,FULL
PHOL,CYP3A5,1.0,0.0197368421052631,0.00012108492089118467,0.0006611411544161065,1.0,5.460144413937834,1.0,2.006635273972598e-05,1.0202277148259468e-05,2.9015417668915742e-05,FULL
PHOL,DAO,23.0,1.6118421052631566,0.01724739642841651,0.047466459897126875,29.0,2.7520942128356234,1.0,0.0016387521404109583,0.0014532174374275557,0.002083154482186661,FULL
PHOL,DAPK1,62.0,6.907894736842103,0.06752610440683193,0.11712071841651661,82.0,1.734450986701181,1.0,0.00702322345890411,0.005689560903458126,0.005140062057609997,FULL
PHOL,DHFR,9.0,1.4802631578947365,0.011479959687992291,0.04211291128530609,11.0,3.6683849447097785,1.0,0.0015049764554794524,0.0009672693306955816,0.0018482039758609579,FULL
PHOL,DNMT1,6.0,1.2236842105263155,0.008485180135615503,0.033567941269182944,8.0,3.9560670171615597,1.0,0.001244113869863014,0.0007149375724021935,0.0014731919646889385,FULL
PHOL,DNMT3B,1.0,0.0460526315789473,0.0005685510071474976,0.0028738430101370722,2.0,5.054679305829669,1.0,4.6821489726027354e-05,4.7904519449234854e-05,0.00012612398229492185,FULL
PHOL,DPP4,66.0,6.013157894736839,0.05560110619696439,0.09643739350500202,82.0,1.734450986701181,1.0,0.006113548801369863,0.004684793870254208,0.0042323356105708615,FULL
PHOL,DRD1,60.0,6.236842105263155,0.12328614273437921,0.22632912998608584,74.0,1.8358034809614685,1.0,0.006340967465753425,0.010387745951012,0.0099328777120044,FULL
PHOL,DRD2,5.0,0.3618421052631577,0.003986349124094226,0.014623463111184273,11.0,3.6683849447097785,1.0,0.0003678831335616438,0.00033587864016758464,0.0006417780637354572,FULL
PHOL,DRD3,1.0,0.0197368421052631,0.00026315789473684134,0.0011957509689641225,4.0,4.543853682063679,1.0,2.006635273972598e-05,2.217294900221724e-05,5.247777053471456e-05,FULL
PHOL,DRD4,1.0,0.0197368421052631,0.00026315789473684134,0.0013301787646920144,2.0,5.054679305829669,1.0,2.006635273972598e-05,2.217294900221724e-05,5.837738609079232e-05,FULL
PHOL,DRD5,1.0,0.0197368421052631,0.00026315789473684134,0.0013301787646920144,2.0,5.054679305829669,1.0,2.006635273972598e-05,2.217294900221724e-05,5.837738609079232e-05,FULL
PHOL,DUSP3,60.0,5.749999999999997,0.055707272444293326,0.10152974921295274,75.0,1.8225582542114478,1.0,0.00584599743150685,0.0046937391416477766,0.004455823177178888,FULL
PHOL,DYRK1A,6.0,0.3947368421052628,0.002984991952289631,0.010950099537859132,11.0,3.6683849447097785,1.0,0.00040132705479452036,0.00025150708245455885,0.00048056562427698684,FULL
PHOL,DYRK1B,0.0,0.0,0.0,0.0,1.0,5.460144413937834,0.0,0.0,0.0,0.0,FULL
PHOL,EBP,2.0,0.1710526315789473,0.0012707981981587334,0.006423477354118582,2.0,5.054679305829669,1.0,0.0001739083904109589,0.0001070739058315563,0.0002819063328181041,FULL
PHOL,EDNRA,1.0,0.0592105263157894,0.0004893431926924744,0.0026718845000783193,1.0,5.460144413937834,1.0,6.019905821917804e-05,4.123069029337924e-05,0.00011726065487685804,FULL
PHOL,EGFR,75.0,6.927631578947365,0.06319870921570103,0.09911605975213508,97.0,1.568324115827207,1.0,0.007043289811643835,0.005324946674493659,0.004349893895117274,FULL
PHOL,EGLN1,19.0,0.9802631578947357,0.0602678303938976,0.17931112495130128,23.0,2.975237764149833,1.0,0.0009966288527397255,0.00507799901323306,0.007869404511265133,FULL
PHOL,EHMT2,101.0,9.519736842105258,0.3090850180113408,0.37671827881618636,138.0,1.2188176613670871,1.0,0.00967867080479452,0.026042640098516534,0.016532987139516682,FULL
PHOL,ENPP2,0.0,0.0,0.0,0.0,1.0,5.460144413937834,0.0,0.0,0.0,0.0,FULL
PHOL,EP300,6.0,0.3947368421052628,0.0026774541275088022,0.010907546638769352,7.0,4.073850052817943,1.0,0.00040132705479452036,0.00022559480453510983,0.00047869811061236915,FULL
PHOL,EPHB4,5.0,0.17763157894736809,0.001610908008252323,0.0059094306847852374,11.0,3.6683849447097785,1.0,0.000180597174657534,0.0001357306082341204,0.00025934643208829004,FULL
PHOL,EPHX2,57.0,5.546052631578944,0.043932375366258374,0.08124091279206351,73.0,1.849226501293609,1.0,0.005638645119863013,0.003701619210460796,0.003565409596302475,FULL
PHOL,ERBB2,29.0,2.059210526315788,0.02078518460497523,0.05020914871145161,41.0,2.4156219762144104,1.0,0.0020935894691780817,0.0017513015853415947,0.002203522516988212,FULL
PHOL,ERN1,2.0,0.0789473684210525,0.0008775198054749378,0.0039873215991911,4.0,4.543853682063679,1.0,8.026541095890401e-05,7.393736720187949e-05,0.00017499107536724887,FULL
PHOL,ESR1,85.0,8.124999999999996,0.08903626836686326,0.12310216522967499,117.0,1.3826069700321142,1.0,0.008260648544520549,0.007501947223815533,0.005402569052355275,FULL
PHOL,ESR2,33.0,3.5460526315789456,0.04511209563358209,0.10687515421137003,43.0,2.369101960579518,1.0,0.0036052547089041095,0.003801019144292949,0.004690416285779978,FULL
PHOL,ESRRA,32.0,3.1447368421052615,0.021328424921508098,0.052562029311829864,39.0,2.4644121403838426,1.0,0.0031972388698630135,0.0017970734967124348,0.002306783088333763,FULL
PHOL,ESRRB,3.0,0.9276315789473684,0.006385154099061772,0.029013205963565828,4.0,4.543853682063679,1.0,0.0009431185787671237,0.0005379952455972228,0.0012732988762295557,FULL
PHOL,F10,4.0,0.0921052631578945,0.002103067487403022,0.00917259640791856,5.0,4.361532125269724,1.0,9.36429794520546e-05,0.0001771985909563523,0.000402556570720822,FULL
PHOL,F2,48.0,4.3552631578947345,0.03159191518524851,0.06504608001457234,59.0,2.058947032275678,1.0,0.004427975171232877,0.0026618465122825808,0.002854669032084914,FULL
PHOL,F3,48.0,5.302631578947366,0.06222726252094753,0.12709406428233846,60.0,2.042417730324468,1.0,0.005391160102739726,0.0052430952900133195,0.005577761017840275,FULL
PHOL,FABP2,48.0,4.57894736842105,0.04473823637107805,0.08922631939178649,63.0,1.9944085111381071,1.0,0.004655393835616439,0.0037695188073192166,0.003915864119061245,FULL
PHOL,FABP3,55.0,5.782894736842103,0.058127187799006164,0.10989594235559343,70.0,1.8906117174564634,1.0,0.005879441352739726,0.004897634448696752,0.004822989230465835,FULL
PHOL,FABP4,57.0,6.046052631578945,0.07218605970303092,0.13348837462680746,73.0,1.849226501293609,1.0,0.00614699272260274,0.00608219571777201,0.005858387301819363,FULL
PHOL,FABP5,48.0,4.57894736842105,0.04473823637107805,0.08922631939178649,63.0,1.9944085111381071,1.0,0.004655393835616439,0.0037695188073192166,0.003915864119061245,FULL
PHOL,FASN,42.0,3.644736842105261,0.027562096183038693,0.06069305535566253,51.0,2.2020478759163513,1.0,0.0037055864726027394,0.0023223052216307556,0.0026636283930962477,FULL
PHOL,FDPS,1.0,0.0328947368421052,0.004699248120300743,0.022401302788429885,3.0,4.7669972333778885,1.0,3.344392123287666e-05,0.00039594551789673687,0.0009831231233943972,FULL
PHOL,FLT3,59.0,6.151315789473681,0.04906982265662458,0.08879116559126013,76.0,1.8094861726440952,1.0,0.006254013270547945,0.0041344861661901,0.0038967665796203073,FULL
PHOL,FLT4,5.0,0.17763157894736809,0.001610908008252323,0.0059094306847852374,11.0,3.6683849447097785,1.0,0.000180597174657534,0.0001357306082341204,0.00025934643208829004,FULL
PHOL,FOLH1,5.0,0.34868421052631554,0.004141321705379874,0.01806250765909112,5.0,4.361532125269724,1.0,0.00035450556506849305,0.00034893619690562147,0.0007927069739583446,FULL
PHOL,FUCA1,1.0,0.0328947368421052,0.00015739108536892438,0.0008593780555807452,1.0,5.460144413937834,1.0,3.344392123287666e-05,1.3261333135297404e-05,3.7715415311270096e-05,FULL
PHOL,FUT7,21.0,2.0723684210526305,0.015571987404875637,0.04449624904210234,26.0,2.85745472849345,1.0,0.002106967037671233,0.0013120521538476152,0.0019528012165524915,FULL
PHOL,FYN,3.0,0.9276315789473684,0.006385154099061772,0.026864778882683404,6.0,4.207381445442466,1.0,0.0009431185787671237,0.0005379952455972228,0.0011790111304635748,FULL
PHOL,GAA,79.0,7.296052631578943,0.08713259192089975,0.1273829448924283,108.0,1.4619437122686354,1.0,0.007417861729452054,0.007341548764953863,0.005590439084395685,FULL
PHOL,GABRR1,14.0,1.1184210526315783,0.0743657268000336,0.24690003212707076,16.0,3.3200782504415627,1.0,0.0011370933219178082,0.0062658483778298855,0.010835670275226705,FULL
PHOL,GBA,71.0,7.506578947368418,0.07577239709908472,0.11883567768453006,97.0,1.568324115827207,1.0,0.007631902825342466,0.006384370487284303,0.005215326256660705,FULL
PHOL,GBA2,3.0,0.888157894736842,0.006138252329388063,0.029261031871968275,3.0,4.7669972333778885,1.0,0.0009029858732876716,0.0005171919922765998,0.0012841751803189993,FULL
PHOL,GLO1,57.0,6.059210526315787,0.04811887297378353,0.08833679450521455,74.0,1.8358034809614685,1.0,0.0061603702910958905,0.004054361802669124,0.0038768256536164877,FULL
PHOL,GLRA1,11.0,0.5592105263157888,0.00587238071089859,0.020636921510675,13.0,3.5142342648825204,1.0,0.0005685466609589037,0.0004947903924925643,0.000905689946894462,FULL
PHOL,GLRA2,2.0,0.0789473684210525,0.0004563431700638873,0.0023066683780786404,2.0,5.054679305829669,1.0,8.026541095890401e-05,3.845020058187966e-05,0.00010123246142911975,FULL
PHOL,GPBAR1,3.0,0.1907894736842104,0.0016998599830557576,0.00810322783635658,3.0,4.7669972333778885,1.0,0.0001939747431506849,0.00014322545311778008,0.0003556253283701843,FULL
PHOL,GPR35,56.0,5.64473684210526,0.05509261692929111,0.10415874711185809,70.0,1.8906117174564634,1.0,0.005738976883561644,0.004641949985173089,0.004571201673250289,FULL
PHOL,GRIA1,5.0,0.34868421052631554,0.004141321705379874,0.01806250765909112,5.0,4.361532125269724,1.0,0.00035450556506849305,0.00034893619690562147,0.0007927069739583446,FULL
PHOL,GRIA2,5.0,0.34868421052631554,0.004141321705379874,0.01806250765909112,5.0,4.361532125269724,1.0,0.00035450556506849305,0.00034893619690562147,0.0007927069739583446,FULL
PHOL,GRIA4,5.0,0.34868421052631554,0.004141321705379874,0.01806250765909112,5.0,4.361532125269724,1.0,0.00035450556506849305,0.00034893619690562147,0.0007927069739583446,FULL
PHOL,GRIK2,5.0,0.34868421052631554,0.004141321705379874,0.01806250765909112,5.0,4.361532125269724,1.0,0.00035450556506849305,0.00034893619690562147,0.0007927069739583446,FULL
PHOL,GRIK5,5.0,0.34868421052631554,0.004141321705379874,0.01806250765909112,5.0,4.361532125269724,1.0,0.00035450556506849305,0.00034893619690562147,0.0007927069739583446,FULL
PHOL,GRK6,6.0,1.157894736842105,0.01189066478147897,0.04844078534806856,7.0,4.073850052817943,1.0,0.0011772260273972606,0.0010018741944483394,0.0021259145792033034,FULL
PHOL,GRM1,5.0,0.34868421052631554,0.004141321705379874,0.01806250765909112,5.0,4.361532125269724,1.0,0.00035450556506849305,0.00034893619690562147,0.0007927069739583446,FULL
PHOL,GRM2,5.0,0.34868421052631554,0.004141321705379874,0.01806250765909112,5.0,4.361532125269724,1.0,0.00035450556506849305,0.00034893619690562147,0.0007927069739583446,FULL
PHOL,GRM3,5.0,0.34868421052631554,0.004141321705379874,0.01806250765909112,5.0,4.361532125269724,1.0,0.00035450556506849305,0.00034893619690562147,0.0007927069739583446,FULL
PHOL,GRM4,5.0,0.34868421052631554,0.004141321705379874,0.01806250765909112,5.0,4.361532125269724,1.0,0.00035450556506849305,0.00034893619690562147,0.0007927069739583446,FULL
PHOL,GRM5,19.0,1.3749999999999991,0.01319659832636978,0.04041127189088834,21.0,3.0622491411394632,1.0,0.0013979559075342463,0.001111908506434705,0.00177352434440689,FULL
PHOL,GRM8,5.0,0.34868421052631554,0.004141321705379874,0.01806250765909112,5.0,4.361532125269724,1.0,0.00035450556506849305,0.00034893619690562147,0.0007927069739583446,FULL
PHOL,GSK3B,67.0,6.848684210526312,0.08025080782652624,0.13541388704954815,86.0,1.6873834758431951,1.0,0.006963024400684931,0.00676170886343237,0.0059428920203644505,FULL
PHOL,GSTP1,5.0,0.17763157894736809,0.001610908008252323,0.006049598008786894,10.0,3.755396321699408,1.0,0.000180597174657534,0.0001357306082341204,0.0002654979375909752,FULL
PHOL,HCAR2,51.0,4.848684210526313,0.04958965038107625,0.09890202078438157,63.0,1.9944085111381071,1.0,0.004929633989726027,0.004178285397962081,0.004340500394190416,FULL
PHOL,HDAC1,4.0,0.2499999999999998,0.002231227802562774,0.009731571739672512,5.0,4.361532125269724,1.0,0.00025417380136986295,0.00018799702105850433,0.0004270882499380771,FULL
PHOL,HDAC10,0.0,0.0,0.0,0.0,1.0,5.460144413937834,0.0,0.0,0.0,0.0,FULL
PHOL,HDAC2,4.0,0.2499999999999998,0.002231227802562774,0.009731571739672512,5.0,4.361532125269724,1.0,0.00025417380136986295,0.00018799702105850433,0.0004270882499380771,FULL
PHOL,HDAC3,4.0,0.2499999999999998,0.002231227802562774,0.009731571739672512,5.0,4.361532125269724,1.0,0.00025417380136986295,0.00018799702105850433,0.0004270882499380771,FULL
PHOL,HDAC6,4.0,0.2499999999999998,0.002231227802562774,0.009731571739672512,5.0,4.361532125269724,1.0,0.00025417380136986295,0.00018799702105850433,0.0004270882499380771,FULL
PHOL,HDAC8,4.0,0.2499999999999998,0.002231227802562774,0.009731571739672512,5.0,4.361532125269724,1.0,0.00025417380136986295,0.00018799702105850433,0.0004270882499380771,FULL
PHOL,HIF1A,74.0,7.723684210526312,0.07865758264351014,0.12021386083893018,101.0,1.5283187812135077,1.0,0.007852632705479453,0.006627468160650525,0.00527581040529081,FULL
PHOL,HKDC1,4.0,0.2236842105263156,0.027549874886558523,0.11223405926173416,7.0,4.073850052817943,1.0,0.00022741866438356155,0.0023212754893330917,0.004925601869442063,FULL
PHOL,HMGCR,5.0,0.1381578947368418,0.001111605280145278,0.004676947430339117,6.0,4.207381445442466,1.0,0.00014046446917808197,9.366075531157557e-05,0.0002052565964172956,FULL
PHOL,HRH1,1.0,0.0197368421052631,0.00026315789473684134,0.0013301787646920144,2.0,5.054679305829669,1.0,2.006635273972598e-05,2.217294900221724e-05,5.837738609079232e-05,FULL
PHOL,HRH3,2.0,0.0921052631578946,0.0006674507497794755,0.003373749492570811,2.0,5.054679305829669,1.0,9.364297945205471e-05,5.623753545813765e-05,0.00014806331444256837,FULL
PHOL,HRH4,1.0,0.0197368421052631,0.00026315789473684134,0.0014368801089310048,1.0,5.460144413937834,1.0,2.006635273972598e-05,2.217294900221724e-05,6.306017440044355e-05,FULL
PHOL,HSD11B1,47.0,4.309210526315788,0.030035065715698448,0.06285884475198551,57.0,2.0928485839513593,1.0,0.00438115368150685,0.002530670725491223,0.002758678116589439,FULL
PHOL,HSD11B2,4.0,1.026315789473684,0.007533664219670573,0.03285831851508827,5.0,4.361532125269724,1.0,0.0010434503424657537,0.0006347654996618225,0.001442048841227493,FULL
PHOL,HSD17B1,55.0,5.9276315789473655,0.05128394740597013,0.09695803188314812,70.0,1.8906117174564634,1.0,0.006026594606164383,0.004321042131766886,0.004255184800786099,FULL
PHOL,HSD17B2,55.0,5.9276315789473655,0.05128394740597013,0.09695803188314812,70.0,1.8906117174564634,1.0,0.006026594606164383,0.004321042131766886,0.004255184800786099,FULL
PHOL,HSD17B3,9.0,1.2565789473684208,0.012746454519424754,0.04573864112451334,12.0,3.588342237036242,1.0,0.0012775577910958907,0.001073980646869492,0.002007325919694812,FULL
PHOL,HSP90AA1,2.0,0.0394736842105262,0.001260543434280553,0.006009007063768058,3.0,4.7669972333778885,1.0,4.013270547945196e-05,0.00010620986807685374,0.0002637165279548776,FULL
PHOL,HSP90AB1,20.0,1.38157894736842,0.014175901883530065,0.041597990035752264,24.0,2.9344157696295783,1.0,0.0014046446917808215,0.0011944218881910038,0.0018256056925403572,FULL
PHOL,HSPA1A,7.0,0.2171052631578943,0.0018404061722670103,0.006604007201247911,12.0,3.588342237036242,1.0,0.00022072988013698596,0.00015506748236396103,0.00028982922323443145,FULL
PHOL,HSPA8,28.0,1.8421052631578934,0.019411100660937923,0.04783695212702825,39.0,2.4644121403838426,1.0,0.0018728595890410954,0.0016355251111211562,0.0020994142275101396,FULL
PHOL,HTR1A,43.0,3.480263157894735,0.025074446088697862,0.05426881293002053,53.0,2.1643075479335048,1.0,0.0035383668664383558,0.0021127027746574707,0.0023816884836816024,FULL
PHOL,HTR1B,1.0,0.125,0.000984251968503937,0.0053741578877340886,1.0,5.460144413937834,1.0,0.00012708690068493155,8.29303210712852e-05,0.00023585498299378562,FULL
PHOL,HTR1D,1.0,0.125,0.000984251968503937,0.0053741578877340886,1.0,5.460144413937834,1.0,0.00012708690068493155,8.29303210712852e-05,0.00023585498299378562,FULL
PHOL,HTR1E,2.0,0.1447368421052631,0.0012474098632407784,0.00630525682161098,2.0,5.054679305829669,1.0,0.00014715325342465755,0.00010510327007350245,0.00027671800335950437,FULL
PHOL,HTR2A,3.0,0.256578947368421,0.0032809026862072855,0.013804009086250877,6.0,4.207381445442466,1.0,0.0002608625856164384,0.00027643969418154527,0.0006058147892741732,FULL
PHOL,HTR2B,2.0,0.1447368421052631,0.0012474098632407784,0.00630525682161098,2.0,5.054679305829669,1.0,0.00014715325342465755,0.00010510327007350245,0.00027671800335950437,FULL
PHOL,HTR2C,2.0,0.1447368421052631,0.0012474098632407784,0.00594639936695708,3.0,4.7669972333778885,1.0,0.00014715325342465755,0.00010510327007350245,0.0002609688719359996,FULL
PHOL,HTR3A,3.0,0.2171052631578946,0.0016517027182834125,0.007873662288419766,3.0,4.7669972333778885,1.0,0.00022072988013698626,0.00013916785652942285,0.00034555041439562943,FULL
PHOL,HTR4,1.0,0.125,0.000984251968503937,0.0053741578877340886,1.0,5.460144413937834,1.0,0.00012708690068493155,8.29303210712852e-05,0.00023585498299378562,FULL
PHOL,HTR5A,2.0,0.1447368421052631,0.0012474098632407784,0.00630525682161098,2.0,5.054679305829669,1.0,0.00014715325342465755,0.00010510327007350245,0.00027671800335950437,FULL
PHOL,HTR6,2.0,0.1447368421052631,0.0012474098632407784,0.00594639936695708,3.0,4.7669972333778885,1.0,0.00014715325342465755,0.00010510327007350245,0.0002609688719359996,FULL
PHOL,HTR7,47.0,4.282894736842103,0.04482475854681023,0.09381143245065339,57.0,2.0928485839513593,1.0,0.004354398544520547,0.0037768089241214846,0.004117090392109876,FULL
PHOL,IDH1,73.0,7.861842105263155,0.10466084372397222,0.16414212519512822,97.0,1.568324115827207,1.0,0.007993097174657534,0.00881843029159855,0.0072036845502475005,FULL
PHOL,IDO1,33.0,2.953947368421051,0.028582695464221083,0.06522830017251632,47.0,2.2820905835898877,1.0,0.0030032641267123284,0.0024082980657215117,0.002862666104956758,FULL
PHOL,IGF1R,44.0,3.3684210526315765,0.023247060325373974,0.047864465866062404,59.0,2.058947032275678,1.0,0.0034246575342465747,0.0019587323555747484,0.0021006217194721464,FULL
PHOL,INSR,33.0,3.8881578947368407,0.031926095916351135,0.07637014199298965,42.0,2.3920914788042165,1.0,0.003953071489726028,0.002690003647053977,0.0033516466983786555,FULL
PHOL,JAK2,0.0,0.0,0.0,0.0,1.0,5.460144413937834,0.0,0.0,0.0,0.0,FULL
PHOL,KAT2B,4.0,0.3289473684210524,0.00198781819947012,0.009032355044935495,4.0,4.543853682063679,1.0,0.00033443921232876705,0.0001674880079376155,0.00039640181587878624,FULL
PHOL,KCNA3,1.0,0.0197368421052631,0.0006805807622504517,0.003716069247235357,1.0,5.460144413937834,1.0,2.006635273972598e-05,5.7343833626423895e-05,0.00016308665793218159,FULL
PHOL,KCNA5,0.0,0.0,0.0,0.0,1.0,5.460144413937834,0.0,0.0,0.0,0.0,FULL
PHOL,KCNH2,34.0,3.5263157894736827,0.04598663786289689,0.1079135828376356,44.0,2.3466291047274592,1.0,0.0035851883561643836,0.003874705629246303,0.004735989670690593,FULL
PHOL,KDM2A,1.0,0.0197368421052631,0.0001333570412517777,0.0007281487038501713,1.0,5.460144413937834,1.0,2.006635273972598e-05,1.1236291724096574e-05,3.1956169459684224e-05,FULL
PHOL,KDM4E,94.0,9.039473684210522,0.18080780533258475,0.22834985558869003,132.0,1.2629424662760251,1.0,0.009190389554794521,0.015234360538000495,0.010021561039251836,FULL
PHOL,KDM5C,1.0,0.0197368421052631,0.0001333570412517777,0.0007281487038501713,1.0,5.460144413937834,1.0,2.006635273972598e-05,1.1236291724096574e-05,3.1956169459684224e-05,FULL
PHOL,KDM7A,1.0,0.0197368421052631,0.0001333570412517777,0.0007281487038501713,1.0,5.460144413937834,1.0,2.006635273972598e-05,1.1236291724096574e-05,3.1956169459684224e-05,FULL
PHOL,KDR,44.0,3.3684210526315765,0.023247060325373974,0.047864465866062404,59.0,2.058947032275678,1.0,0.0034246575342465747,0.0019587323555747484,0.0021006217194721464,FULL
PHOL,KIT,4.0,0.2894736842105261,0.0018856049714863121,0.007933459370465579,6.0,4.207381445442466,1.0,0.000294306506849315,0.00015887580691015499,0.00034817472132214956,FULL
PHOL,KMT2A,77.0,8.20394736842105,0.15894100159091148,0.24447845170089894,100.0,1.5381710776565196,1.0,0.008340913955479453,0.013391924746019156,0.010729394683373252,FULL
PHOL,LDHA,4.0,0.1315789473684208,0.0008985940170465343,0.0037807277943071992,6.0,4.207381445442466,1.0,0.00013377568493150665,7.57130213919475e-05,0.0001659243193553487,FULL
PHOL,LIMK1,0.0,0.0,0.0,0.0,1.0,5.460144413937834,0.0,0.0,0.0,0.0,FULL
PHOL,MAN1B1,1.0,0.0328947368421052,0.00015739108536892438,0.0008593780555807452,1.0,5.460144413937834,1.0,3.344392123287666e-05,1.3261333135297404e-05,3.7715415311270096e-05,FULL
PHOL,MAOA,29.0,1.9013157894736825,0.02427397295876988,0.06043563744132758,38.0,2.4897299483681326,1.0,0.0019330586472602732,0.0020452571450848248,0.0026523311258636758,FULL
PHOL,MAOB,21.0,1.3486842105263146,0.013584381427934106,0.036940068052587295,30.0,2.719304390012633,1.0,0.0013712007705479446,0.0011445820271873532,0.001621184063500918,FULL
PHOL,MAP2K1,47.0,3.940789473684208,0.03219752050372798,0.0668341368243863,58.0,2.0757541505920596,1.0,0.004006581763698629,0.002712873124482625,0.0029331412536460124,FULL
PHOL,MAP2K7,1.0,0.0460526315789473,0.0005685510071474976,0.0031043706057151386,1.0,5.460144413937834,1.0,4.6821489726027354e-05,4.7904519449234854e-05,0.0001362411175318227,FULL
PHOL,MAP3K7,1.0,0.0460526315789473,0.0005685510071474976,0.0031043706057151386,1.0,5.460144413937834,1.0,4.6821489726027354e-05,4.7904519449234854e-05,0.0001362411175318227,FULL
PHOL,MAP3K8,5.0,0.17763157894736809,0.001610908008252323,0.006049598008786894,10.0,3.755396321699408,1.0,0.000180597174657534,0.0001357306082341204,0.0002654979375909752,FULL
PHOL,MAPK1,87.0,8.059210526315786,0.10176413819540803,0.13814492434077658,120.0,1.3575010489010377,1.0,0.008193760702054794,0.00857436197655323,0.006062748706255318,FULL
PHOL,MAPK14,45.0,3.769736842105261,0.030644717528076546,0.06521011726752818,55.0,2.1279399037626296,1.0,0.0038326733732876707,0.0025820382839621047,0.002861868114120548,FULL
PHOL,MAPK9,13.0,0.9144736842105257,0.011234413603471738,0.03665699099935495,17.0,3.2629198366016143,1.0,0.0009297410102739724,0.0009465803036184618,0.0016087606969064179,FULL
PHOL,MAPKAPK2,40.0,3.2236842105263137,0.021793543402490578,0.04841361485506522,50.0,2.221465961773453,1.0,0.0032775042808219175,0.0018362630804759253,0.0021247221512361494,FULL
PHOL,MAPT,94.0,9.02631578947368,0.17974316794543913,0.22299597230223592,135.0,1.240636708761727,1.0,0.00917701198630137,0.015144657166134567,0.009786595845103111,FULL
PHOL,MCL1,16.0,1.8815789473684201,0.027334897734347746,0.08132782001840512,23.0,2.975237764149833,1.0,0.001912992294520548,0.0023031621150891683,0.0035692236826801046,FULL
PHOL,MERTK,0.0,0.0,0.0,0.0,1.0,5.460144413937834,0.0,0.0,0.0,0.0,FULL
PHOL,MET,49.0,3.8749999999999973,0.03189330152808033,0.06262686222751945,65.0,1.9636368524713532,1.0,0.003939693921232876,0.0026872404835189645,0.0027484971290736688,FULL
PHOL,MGAM,1.0,0.0328947368421052,0.00015739108536892438,0.0008593780555807452,1.0,5.460144413937834,1.0,3.344392123287666e-05,1.3261333135297404e-05,3.7715415311270096e-05,FULL
PHOL,MGLL,20.0,3.092105263157894,0.061824137293333206,0.17899293666257016,25.0,2.8951950564762967,1.0,0.0031437285958904114,0.005209129084582401,0.007855440222348577,FULL
PHOL,MIF,7.0,0.8618421052631576,0.006958429872709747,0.02679487115110122,9.0,3.8507065015037334,1.0,0.00087623073630137,0.0005862978606717749,0.0011759430987481163,FULL
PHOL,MMP1,56.0,4.8289473684210495,0.0497034475458261,0.09611572610786331,67.0,1.9337838893216723,1.0,0.004909567636986301,0.004187873629138343,0.004218218634466575,FULL
PHOL,MMP12,53.0,4.032894736842103,0.03044047789039737,0.059774044192423714,65.0,1.9636368524713532,1.0,0.004100224743150685,0.0025648296226942363,0.0026232958671815352,FULL
PHOL,MMP13,54.0,4.0789473684210495,0.03100902889754487,0.05996476050558244,67.0,1.9337838893216723,1.0,0.0041470462328767116,0.0026127341421434713,0.002631665809735578,FULL
PHOL,MMP14,2.0,0.2499999999999999,0.0015314750294062325,0.007741115138534567,2.0,5.054679305829669,1.0,0.000254173801369863,0.00012903780735573585,0.00033973333450421057,FULL
PHOL,MMP2,70.0,6.065789473684207,0.05852058436649722,0.09741659652202798,88.0,1.6646552247656392,1.0,0.006167059075342465,0.004930780944405533,0.0042753097687092435,FULL
PHOL,MMP3,66.0,5.881578947368418,0.05613830608220381,0.09603245089162751,84.0,1.7106403380074624,1.0,0.005979773116438355,0.004730056831759969,0.00421456394565404,FULL
PHOL,MMP9,73.0,6.3749999999999964,0.06257070555035442,0.10140784826101332,92.0,1.620692101344523,1.0,0.0064814319349315065,0.005272032840162902,0.004450473325621266,FULL
PHOL,MPG,52.0,4.51315789473684,0.03308494131537846,0.0649668100287292,65.0,1.9636368524713532,1.0,0.004588505993150685,0.0027876447228035077,0.0028511901203086853,FULL
PHOL,MPO,1.0,0.0328947368421052,0.00015739108536892438,0.000795561462136373,2.0,5.054679305829669,1.0,3.344392123287666e-05,1.3261333135297404e-05,3.4914704599756204e-05,FULL
PHOL,MTNR1A,2.0,0.1447368421052631,0.0011053368893951217,0.0055871235007956595,2.0,5.054679305829669,1.0,0.00014715325342465755,9.313259821954466e-05,0.00024520137773993554,FULL
PHOL,MTNR1B,2.0,0.1447368421052631,0.0011053368893951217,0.0055871235007956595,2.0,5.054679305829669,1.0,0.00014715325342465755,9.313259821954466e-05,0.00024520137773993554,FULL
PHOL,MYLK,0.0,0.0,0.0,0.0,1.0,5.460144413937834,0.0,0.0,0.0,0.0,FULL
PHOL,NEK2,40.0,3.2236842105263137,0.021793543402490578,0.047990425958145184,51.0,2.2020478759163513,1.0,0.0032775042808219175,0.0018362630804759253,0.0021061497139964395,FULL
PHOL,NEK6,40.0,3.2236842105263137,0.021793543402490578,0.047990425958145184,51.0,2.2020478759163513,1.0,0.0032775042808219175,0.0018362630804759253,0.0021061497139964395,FULL
PHOL,NFKB1,76.0,7.894736842105259,0.08564998260890458,0.13006486081739926,102.0,1.518562606268143,1.0,0.00802654109589041,0.007216628246426553,0.005708139987139629,FULL
PHOL,NOS2,17.0,2.085526315789473,0.05114113594296906,0.15433358598571395,22.0,3.017797378568629,1.0,0.002120344606164384,0.0043090092368798785,0.006773218438764185,FULL
PHOL,NQO1,3.0,0.1249999999999998,0.0018009904316662428,0.008183437004288112,4.0,4.543853682063679,1.0,0.00012708690068493136,0.00015174642218030435,0.000359145457911152,FULL
PHOL,NQO2,7.0,0.3749999999999996,0.0042725815975173135,0.01645245773576513,9.0,3.8507065015037334,1.0,0.0003812607020547943,0.0003599957887043414,0.0007220469179611236,FULL
PHOL,NR1H4,33.0,3.440789473684209,0.06641798880255328,0.16204126427835738,40.0,2.4397195277934713,1.0,0.003498234160958904,0.005596194178485645,0.007111484334669872,FULL
PHOL,NR1I2,28.0,2.5263157894736827,0.07273206506152849,0.17924178413281835,39.0,2.4644121403838426,1.0,0.0025684931506849314,0.006128200603853845,0.007866361359592683,FULL
PHOL,NR3C1,5.0,1.1118421052631577,0.007519594912815997,0.03163780411342558,6.0,4.207381445442466,1.0,0.0011304045376712333,0.0006335800591729668,0.001388484281074759,FULL
PHOL,NR3C2,1.0,0.125,0.0007022471910112359,0.003834371077203535,1.0,5.460144413937834,1.0,0.00012708690068493155,5.916938638232146e-05,0.000168278555282083,FULL
PHOL,NT5E,2.0,0.21052631578947362,0.001260636621493854,0.006372113842836013,2.0,5.054679305829669,1.0,0.000214041095890411,0.00010621771977110084,0.000279652148937928,FULL
PHOL,NUAK1,44.0,3.3684210526315765,0.023247060325373974,0.047864465866062404,59.0,2.058947032275678,1.0,0.0034246575342465747,0.0019587323555747484,0.0021006217194721464,FULL
PHOL,ODC1,10.0,1.3421052631578942,0.011025993968380375,0.038747925808070315,13.0,3.5142342648825204,1.0,0.0013645119863013701,0.000929019447446684,0.0017005252866435843,FULL
PHOL,OPRD1,7.0,0.3881578947368417,0.0026743114500990097,0.010297988487942136,9.0,3.8507065015037334,1.0,0.000394638270547945,0.00022533001131654637,0.0004519465096545318,FULL
PHOL,OPRK1,7.0,0.3223684210526312,0.0028420671173716937,0.011243407983593589,8.0,3.9560670171615597,1.0,0.0003277504280821915,0.00023946463516657298,0.0004934380146915903,FULL
PHOL,OPRM1,6.0,0.3157894736842102,0.0023593899084896966,0.009085318060203573,9.0,3.8507065015037334,1.0,0.00032106164383561626,0.00019879560204569515,0.00039872619698672925,FULL
PHOL,OXER1,1.0,0.0328947368421052,0.004699248120300743,0.023753192226643138,2.0,5.054679305829669,1.0,3.344392123287666e-05,0.00039594551789673687,0.0010424533230498638,FULL
PHOL,OXTR,1.0,0.0328947368421052,0.00015739108536892438,0.0008593780555807452,1.0,5.460144413937834,1.0,3.344392123287666e-05,1.3261333135297404e-05,3.7715415311270096e-05,FULL
PHOL,PARP1,38.0,4.618421052631577,0.038290471663198836,0.08901195253370109,45.0,2.324650198008684,1.0,0.0046955265410958905,0.0032262481667440276,0.003906456228053137,FULL
PHOL,PCNA,1.0,0.0197368421052631,0.00042906178489702395,0.002342739308039682,1.0,5.460144413937834,1.0,2.006635273972598e-05,3.6151547286223766e-05,0.00010281550173985361,FULL
PHOL,PDE4B,2.0,0.0657894736842104,0.00033714374570829707,0.0016071633030421105,3.0,4.7669972333778885,1.0,6.688784246575333e-05,2.8406790104025044e-05,7.053337126034004e-05,FULL
PHOL,PDE4D,2.0,0.0657894736842104,0.00033714374570829707,0.0016071633030421105,3.0,4.7669972333778885,1.0,6.688784246575333e-05,2.8406790104025044e-05,7.053337126034004e-05,FULL
PHOL,PDE5A,55.0,5.940789473684208,0.0478241060720609,0.08908828249622673,72.0,1.862832153349388,1.0,0.006039972174657534,0.0040295255670472615,0.003909806111400348,FULL
PHOL,PDGFRB,5.0,0.17763157894736809,0.001610908008252323,0.0059094306847852374,11.0,3.6683849447097785,1.0,0.000180597174657534,0.0001357306082341204,0.00025934643208829004,FULL
PHOL,PDPK1,4.0,0.513157894736842,0.003652737255622687,0.014880703861748553,7.0,4.073850052817943,1.0,0.0005217251712328768,0.0003077694361722,0.0006530675558041817,FULL
PHOL,PGR,1.0,0.125,0.0007022471910112359,0.003834371077203535,1.0,5.460144413937834,1.0,0.00012708690068493155,5.916938638232146e-05,0.000168278555282083,FULL
PHOL,PHF8,1.0,0.0197368421052631,0.0001333570412517777,0.0007281487038501713,1.0,5.460144413937834,1.0,2.006635273972598e-05,1.1236291724096574e-05,3.1956169459684224e-05,FULL
PHOL,PIK3CA,6.0,0.3552631578947365,0.0041514966766261294,0.015229287906547971,11.0,3.6683849447097785,1.0,0.0003611943493150683,0.00034979351155608204,0.0006683658193973892,FULL
PHOL,PIK3CB,6.0,0.3552631578947365,0.0041514966766261294,0.015590515348949084,10.0,3.755396321699408,1.0,0.0003611943493150683,0.00034979351155608204,0.0006842189621714146,FULL
PHOL,PIK3CG,40.0,3.2236842105263137,0.021793543402490578,0.047990425958145184,51.0,2.2020478759163513,1.0,0.0032775042808219175,0.0018362630804759253,0.0021061497139964395,FULL
PHOL,PIM1,60.0,6.486842105263155,0.053889190230906985,0.09545203436928983,79.0,1.7712649598238974,1.0,0.006595141267123288,0.004540552613690613,0.004189091279635478,FULL
PHOL,PIM3,0.0,0.0,0.0,0.0,1.0,5.460144413937834,0.0,0.0,0.0,0.0,FULL
PHOL,PKN1,40.0,3.2236842105263137,0.021793543402490578,0.047990425958145184,51.0,2.2020478759163513,1.0,0.0032775042808219175,0.0018362630804759253,0.0021061497139964395,FULL
PHOL,PLA2G2A,4.0,0.2236842105263156,0.0036256956242330107,0.015813587941542143,5.0,4.361532125269724,1.0,0.00022741866438356155,0.00030549098385998773,0.0006940089206414659,FULL
PHOL,PLG,53.0,4.874999999999997,0.03535937680144619,0.06837739319509112,67.0,1.9337838893216723,1.0,0.004956389126712328,0.002979282302560878,0.003000869949503347,FULL
PHOL,PLK1,44.0,3.3684210526315765,0.023247060325373974,0.047864465866062404,59.0,2.058947032275678,1.0,0.0034246575342465747,0.0019587323555747484,0.0021006217194721464,FULL
PHOL,PLK4,5.0,0.17763157894736809,0.001610908008252323,0.0059094306847852374,11.0,3.6683849447097785,1.0,0.000180597174657534,0.0001357306082341204,0.00025934643208829004,FULL
PHOL,PNP,25.0,1.7171052631578936,0.02033418912712528,0.05402354899758509,32.0,2.6567840330312986,1.0,0.001745772688356164,0.0017133019663653239,0.002370924616705238,FULL
PHOL,POLA1,5.0,0.532894736842105,0.004950617455994403,0.021592277074240662,5.0,4.361532125269724,1.0,0.0005417915239726027,0.00041712519584875254,0.0009476175148790345,FULL
PHOL,POLB,80.0,7.394736842105259,0.08894332190191487,0.1284129343436501,110.0,1.443761393185445,1.0,0.007518193493150685,0.007494115814352032,0.00563564210030561,FULL
PHOL,PPARA,75.0,7.690789473684207,0.08919979255071768,0.13632571823561057,101.0,1.5283187812135077,1.0,0.007819188784246575,0.007515725314694619,0.00598290943953496,FULL
PHOL,PPARD,73.0,7.58552631578947,0.08412974803644693,0.1310885962507861,98.0,1.558171744363189,1.0,0.007712168236301369,0.007088537528569811,0.005753068533765078,FULL
PHOL,PPARG,76.0,7.71052631578947,0.08950667289025264,0.1350566809631406,103.0,1.5089006953564064,1.0,0.0078392551369863,0.007541582194744129,0.005927215362328925,FULL
PHOL,PRKCA,50.0,4.657894736842103,0.04026978466019255,0.08224772218632553,60.0,2.042417730324468,1.0,0.004735659246575342,0.0033930195500827443,0.0036095953120038374,FULL
PHOL,PRKCD,0.0,0.0,0.0,0.0,1.0,5.460144413937834,0.0,0.0,0.0,0.0,FULL
PHOL,PRKCE,0.0,0.0,0.0,0.0,1.0,5.460144413937834,0.0,0.0,0.0,0.0,FULL
PHOL,PRMT1,3.0,0.2171052631578946,0.0018577872907438008,0.008441513621537326,4.0,4.543853682063679,1.0,0.00022072988013698626,0.00015653196684759304,0.00037047163355465756,FULL
PHOL,PTAFR,1.0,0.0328947368421052,0.0004568713450292389,0.0021779044377640165,3.0,4.7669972333778885,1.0,3.344392123287666e-05,3.8494703128849416e-05,9.558141477445527e-05,FULL
PHOL,PTGES,10.0,1.4999999999999996,0.010620503503041653,0.03811000129855573,12.0,3.588342237036242,1.0,0.0015250428082191783,0.0008948539536930887,0.001672528774913573,FULL
PHOL,PTGS1,56.0,5.118421052631576,0.04306884601021079,0.08082409362236095,71.0,1.8766254754817235,1.0,0.005203874143835616,0.003628860639441266,0.00354711670647018,FULL
PHOL,PTGS2,68.0,7.381578947368418,0.0754872584519409,0.12481681735524568,89.0,1.6534819241675138,1.0,0.007504815924657534,0.006360345501493915,0.005477819771884701,FULL
PHOL,PTK2,44.0,3.3684210526315765,0.023247060325373974,0.047864465866062404,59.0,2.058947032275678,1.0,0.0034246575342465747,0.0019587323555747484,0.0021006217194721464,FULL
PHOL,PTK2B,4.0,0.9868421052631577,0.007396250329254913,0.03225898341758208,5.0,4.361532125269724,1.0,0.0010033176369863017,0.0006231873891611681,0.0014157458981091803,FULL
PHOL,PTPN1,69.0,6.980263157894734,0.1219726961673177,0.20033187004275108,90.0,1.6424320879809289,1.0,0.007096800085616439,0.010277078612767351,0.008791939274781538,FULL
PHOL,PTPN11,25.0,2.6381578947368407,0.05508558193971,0.14804556927256704,31.0,2.6875556916980523,1.0,0.002682202482876712,0.004641357236605279,0.006497257049849873,FULL
PHOL,PTPN2,28.0,2.8421052631578934,0.0559449960190095,0.14376592101201063,35.0,2.569772656041669,1.0,0.002889554794520548,0.004713769065903242,0.006309436671513631,FULL
PHOL,PTPN6,32.0,3.815789473684209,0.06576963756933524,0.1637486363496918,38.0,2.4897299483681326,1.0,0.003879494863013699,0.005541565914932905,0.0071864155553859116,FULL
PHOL,PTPRF,29.0,2.9013157894736827,0.056377189641752486,0.14487656036585117,35.0,2.569772656041669,1.0,0.002949753852739726,0.004750184493096664,0.006358179159431628,FULL
PHOL,PTPRS,39.0,4.874999999999998,0.04791037542129768,0.11034449334376621,46.0,2.3031439927877204,1.0,0.004956389126712329,0.004036794381395372,0.004842674730575313,FULL
PHOL,PYGL,40.0,3.2236842105263137,0.021793543402490578,0.04884518427252786,49.0,2.241268589069633,1.0,0.0032775042808219175,0.0018362630804759253,0.0021436623833139246,FULL
PHOL,RELA,18.0,2.8815789473684204,0.03120077779982881,0.09155605440052611,24.0,2.9344157696295783,1.0,0.002929687500000001,0.0026288903689434488,0.004018108902773394,FULL
PHOL,RORB,3.0,0.1249999999999998,0.0010455455749255086,0.004984112863040393,3.0,4.7669972333778885,1.0,0.00012708690068493136,8.809474910680564e-05,0.00021873712665467277,FULL
PHOL,RORC,80.0,8.013157894736839,0.10033514463722863,0.1439601354069845,111.0,1.4347927232026845,1.0,0.008146939212328768,0.008453958971651196,0.006317960133938927,FULL
PHOL,RXRA,5.0,0.46710526315789447,0.013340681857588441,0.05434793749016405,7.0,4.073850052817943,1.0,0.00047490368150684926,0.0011240485822358337,0.002385161013178667,FULL
PHOL,SAE1,2.0,0.0789473684210525,0.0004563431700638873,0.002175386629165446,3.0,4.7669972333778885,1.0,8.026541095890401e-05,3.845020058187966e-05,9.54709160290513e-05,FULL
PHOL,SENP6,1.0,0.0197368421052631,0.00026315789473684134,0.0014368801089310048,1.0,5.460144413937834,1.0,2.006635273972598e-05,2.217294900221724e-05,6.306017440044355e-05,FULL
PHOL,SENP7,1.0,0.0197368421052631,0.00026315789473684134,0.0014368801089310048,1.0,5.460144413937834,1.0,2.006635273972598e-05,2.217294900221724e-05,6.306017440044355e-05,FULL
PHOL,SENP8,2.0,0.131578947368421,0.0022966507177033485,0.010948127617327203,3.0,4.7669972333778885,1.0,0.00013377568493150684,0.00019350937311026005,0.0004804790828516624,FULL
PHOL,SHBG,18.0,2.223684210526315,0.017360452922735362,0.05239032932099487,22.0,3.017797378568629,1.0,0.002260809075342466,0.0014627432617825811,0.0022992477126964283,FULL
PHOL,SIGMAR1,1.0,0.0197368421052631,0.00026315789473684134,0.0014368801089310048,1.0,5.460144413937834,1.0,2.006635273972598e-05,2.217294900221724e-05,6.306017440044355e-05,FULL
PHOL,SIRT2,5.0,0.4539473684210524,0.004906819812476267,0.020644862635142123,6.0,4.207381445442466,1.0,0.0004615261130136986,0.0004134349287674018,0.0009060384580129052,FULL
PHOL,SIRT3,2.0,0.2499999999999999,0.003437830868540591,0.017377132548154563,2.0,5.054679305829669,1.0,0.000254173801369863,0.000289662024400316,0.0007626280037250265,FULL
PHOL,SLC15A2,2.0,0.0394736842105262,0.0005472464681620724,0.0027661553978072027,2.0,5.054679305829669,1.0,4.013270547945196e-05,4.6109458514764434e-05,0.00012139790976313556,FULL
PHOL,SLC1A1,5.0,0.34868421052631554,0.004141321705379874,0.01806250765909112,5.0,4.361532125269724,1.0,0.00035450556506849305,0.00034893619690562147,0.0007927069739583446,FULL
PHOL,SLC22A1,21.0,1.743421052631578,0.01566365605441151,0.04363887942435233,28.0,2.7859957645113047,1.0,0.0017725278253424657,0.0013197758981544074,0.0019151739452965893,FULL
PHOL,SLC22A12,4.0,0.6447368421052629,0.01508794640783577,0.06855742084002403,4.0,4.543853682063679,1.0,0.0006555008561643837,0.0012712682117466951,0.003008770799835819,FULL
PHOL,SLC28A1,24.0,1.6842105263157883,0.01793537650272165,0.04820232320263707,31.0,2.6875556916980523,1.0,0.0017123287671232874,0.0015111847164155719,0.002115449221387194,FULL
PHOL,SLC28A2,24.0,1.6842105263157883,0.01793537650272165,0.04820232320263707,31.0,2.6875556916980523,1.0,0.0017123287671232874,0.0015111847164155719,0.002115449221387194,FULL
PHOL,SLC28A3,26.0,1.7236842105263146,0.018749314306223876,0.04925315628999541,33.0,2.6269310698816177,1.0,0.0017524614726027394,0.0015797648417660922,0.002161566999302481,FULL
PHOL,SLC47A1,5.0,0.49342105263157865,0.0060383445475101095,0.023251892607416797,9.0,3.8507065015037334,1.0,0.0005016588184931506,0.0005087740416970827,0.0010204528504851713,FULL
PHOL,SLC5A1,9.0,1.5855263157894732,0.011645251640856452,0.042719265796674656,11.0,3.6683849447097785,1.0,0.001611997003424658,0.0009811963688526504,0.0018748149791017533,FULL
PHOL,SLC5A2,8.0,1.5657894736842102,0.010964670878606,0.0411766846861616,10.0,3.755396321699408,1.0,0.0015919306506849318,0.0009238525352262266,0.0018071159183024822,FULL
PHOL,SLC6A15,0.0,0.0,0.0,0.0,1.0,5.460144413937834,0.0,0.0,0.0,0.0,FULL
PHOL,SLC6A2,2.0,0.0921052631578946,0.0006674507497794755,0.003373749492570811,2.0,5.054679305829669,1.0,9.364297945205471e-05,5.623753545813765e-05,0.00014806331444256837,FULL
PHOL,SLC6A3,2.0,0.0921052631578946,0.0006674507497794755,0.003373749492570811,2.0,5.054679305829669,1.0,9.364297945205471e-05,5.623753545813765e-05,0.00014806331444256837,FULL
PHOL,SLC6A4,2.0,0.0921052631578946,0.0006674507497794755,0.003373749492570811,2.0,5.054679305829669,1.0,9.364297945205471e-05,5.623753545813765e-05,0.00014806331444256837,FULL
PHOL,SLCO1B1,61.0,6.717105263157892,0.08919870496812546,0.15579199150636966,81.0,1.746572347233526,1.0,0.006829248715753425,0.007515633678023878,0.006837223296168426,FULL
PHOL,SLCO1B3,61.0,6.717105263157892,0.08919870496812546,0.15471078184443274,82.0,1.734450986701181,1.0,0.006829248715753425,0.007515633678023878,0.006789772385392082,FULL
PHOL,SLCO2B1,61.0,6.717105263157892,0.08919870496812546,0.15579199150636966,81.0,1.746572347233526,1.0,0.006829248715753425,0.007515633678023878,0.006837223296168426,FULL
PHOL,SMAD3,6.0,0.21052631578947328,0.00263886853456811,0.009469163420576684,12.0,3.588342237036242,1.0,0.00021404109589041065,0.00022234369027403157,0.00041557196944713135,FULL
PHOL,SOAT1,42.0,4.065789473684208,0.05185629138463041,0.1132022675476732,52.0,2.182999680945657,1.0,0.004133668664383561,0.004369266236399017,0.004968093503217057,FULL
PHOL,SOAT2,2.0,0.3157894736842104,0.00209502626921896,0.010589685928190614,2.0,5.054679305829669,1.0,0.0003210616438356165,0.0001765210603776508,0.0004647481980764816,FULL
PHOL,SRC,49.0,5.164473684210524,0.038714875605566225,0.07543976692639409,66.0,1.948598975106813,1.0,0.005250695633561644,0.0032620072572317454,0.0033108154462841515,FULL
PHOL,STAT3,15.0,1.2434210526315783,0.00897368059074161,0.028334928792468527,19.0,3.157559320943788,1.0,0.0012641802226027398,0.0007560972559826637,0.00124353141237827,FULL
PHOL,SYK,56.0,6.460526315789471,0.060417743713178644,0.11508349784802613,69.0,1.90479635244842,1.0,0.006568386130136986,0.005090630290689112,0.005050654817894809,FULL
PHOL,TAS2R31,2.0,0.0789473684210525,0.0010268411500620857,0.0051903527115931625,2.0,5.054679305829669,1.0,8.026541095890401e-05,8.651876652407822e-05,0.00022778834863013348,FULL
PHOL,TBXAS1,10.0,1.3947368421052626,0.009105218662861308,0.030230038448080435,16.0,3.3200782504415627,1.0,0.0014180222602739726,0.0007671802864495119,0.0013267018485531852,FULL
PHOL,TEK,5.0,0.17763157894736809,0.001610908008252323,0.0059094306847852374,11.0,3.6683849447097785,1.0,0.000180597174657534,0.0001357306082341204,0.00025934643208829004,FULL
PHOL,TERT,53.0,5.822368421052629,0.06631565653992164,0.12824014822668986,67.0,1.9337838893216723,1.0,0.005919574058219178,0.005587571947931315,0.0056280590579893,FULL
PHOL,TGM2,1.0,0.0197368421052631,0.000249833444370419,0.0011352066161051798,4.0,4.543853682063679,1.0,2.006635273972598e-05,2.105026804007966e-05,4.98206682291594e-05,FULL
PHOL,THRA,1.0,0.0197368421052631,0.00042906178489702395,0.002342739308039682,1.0,5.460144413937834,1.0,2.006635273972598e-05,3.6151547286223766e-05,0.00010281550173985361,FULL
PHOL,THRB,82.0,7.749999999999996,0.1527049058547339,0.22895523651203972,104.0,1.4993312443402556,1.0,0.007879387842465753,0.012866488741640557,0.010048129314759202,FULL
PHOL,TLR2,48.0,4.57894736842105,0.04473823637107805,0.08922631939178649,63.0,1.9944085111381071,1.0,0.004655393835616439,0.0037695188073192166,0.003915864119061245,FULL
PHOL,TNKS,35.0,4.085526315789472,0.03291500561080821,0.07873570444640729,42.0,2.3920914788042165,1.0,0.004153735017123288,0.002773326415101358,0.003455463836593922,FULL
PHOL,TNKS2,35.0,4.085526315789472,0.03291500561080821,0.07873570444640729,42.0,2.3920914788042165,1.0,0.004153735017123288,0.002773326415101358,0.003455463836593922,FULL
PHOL,TOP1,40.0,3.881578947368419,0.06457306348005956,0.14344686256838876,50.0,2.221465961773453,1.0,0.003946382705479452,0.005440745925149145,0.006295434194220172,FULL
PHOL,TOP2A,63.0,7.4276315789473655,0.11647367481108509,0.20062296921934844,83.0,1.7224747956544653,1.0,0.007551637414383562,0.009813746436410722,0.0088047147072828,FULL
PHOL,TRPV1,28.0,3.1184210526315774,0.04269408774971675,0.10740574858456921,37.0,2.515705434771393,1.0,0.0031704837328767124,0.0035972845554085088,0.004713702413482537,FULL
PHOL,TTR,51.0,5.243421052631577,0.042265399326495444,0.08363918150823829,64.0,1.9789043246021418,1.0,0.005330961044520548,0.003561164466533986,0.0036706621101072795,FULL
PHOL,TUBB3,1.0,0.7828947368421053,0.00798872180451128,0.04361957473540563,1.0,5.460144413937834,1.0,0.0007959653253424662,0.000673107380424454,0.0019143267228706135,FULL
PHOL,TYR,60.0,5.921052631578944,0.059554074683324805,0.10699382432882316,77.0,1.7965827678081872,1.0,0.006019905821917808,0.005017859951144886,0.0046956243461158415,FULL
PHOL,UBE2N,13.0,1.7697368421052626,0.03529424326850216,0.12159718785721657,14.0,3.445241393395569,1.0,0.0017992829623287674,0.0029737943330445295,0.005336520302020388,FULL
PHOL,UGT1A1,82.0,9.210526315789469,0.6203769192630796,0.9012905543350421,109.0,1.4528112287053627,1.0,0.009364297945205479,0.052271226013297194,0.03955482380789871,FULL
PHOL,VCP,3.0,0.0986842105263156,0.002923448433221775,0.013283721927618054,4.0,4.543853682063679,1.0,0.00010033176369862998,0.0002463215974776663,0.0005829810129849974,FULL
PHOL,VDR,2.0,0.0657894736842104,0.0009976127920445215,0.004755617419658625,3.0,4.7669972333778885,1.0,6.688784246575333e-05,8.405606673545861e-05,0.000208709176222482,FULL
PHOL,XDH,59.0,6.309210526315787,0.05360855250993679,0.09913435599736514,73.0,1.849226501293609,1.0,0.006414544092465753,0.004516906863364965,0.004350696860102251,FULL
PHOL,XIAP,2.0,0.0394736842105262,0.0002294981640146872,0.0011600396203709428,2.0,5.054679305829669,1.0,4.013270547945196e-05,1.9336874129840617e-05,5.091051112569098e-05,FULL
PHOL,XPO1,9.0,1.296052631578947,0.01049905574792277,0.03851457803934855,11.0,3.6683849447097785,1.0,0.0013176904965753425,0.0008846211051464866,0.0016902843828269839,FULL
WHIL,ABCB1,21.0,3.2125,0.038786103380159476,0.1080579197390219,28.0,2.7859957645113047,1.0,0.0027671899562848592,0.003156549613848177,0.004529252977903547,FULL
WHIL,ABCB11,12.0,1.325,0.03094043077438216,0.09928328220985443,18.0,3.2088526153313386,1.0,0.001141331266016323,0.0025180411616994637,0.004161463617762329,FULL
WHIL,ABCC1,44.0,5.675,0.038152661082756896,0.07792367145448299,60.0,2.042417730324468,1.0,0.004888343346900101,0.003104997850071772,0.003266174490835977,FULL
WHIL,ABCG2,46.0,6.375,0.04522024221356988,0.09018763594647047,63.0,1.9944085111381071,1.0,0.005491310808191744,0.0036801824792325436,0.003780219160864718,FULL
WHIL,ACHE,66.0,8.15,0.08190922282180818,0.13014911925002173,95.0,1.5889434030299427,1.0,0.007020264013609837,0.006666060860370961,0.005455206683215578,FULL
WHIL,ACP1,17.0,3.8125,0.06674636343363001,0.19586158142507093,24.0,2.9344157696295783,1.0,0.003284019208820553,0.0054320539925639885,0.008209547741330878,FULL
WHIL,ADORA1,21.0,2.2875,0.024151822099722994,0.06490936694898934,31.0,2.6875556916980523,1.0,0.001970411525292332,0.0019655602929581277,0.0027206792825327543,FULL
WHIL,ADORA2A,25.0,3.3125,0.03132049663520081,0.08048655582678413,35.0,2.569772656041669,1.0,0.0028533281650408083,0.0025489722592228537,0.003373597914341654,FULL
WHIL,ADORA2B,21.0,2.2875,0.024151822099722994,0.06490936694898934,31.0,2.6875556916980523,1.0,0.001970411525292332,0.0019655602929581277,0.0027206792825327543,FULL
WHIL,ADORA3,53.0,6.6875,0.054615925049031164,0.10026410532094207,74.0,1.8358034809614685,1.0,0.005760492710554084,0.004444836219656656,0.0042025748663169875,FULL
WHIL,ADRA1A,0.0,0.0,0.0,0.0,2.0,5.054679305829669,0.0,0.0,0.0,0.0,FULL
WHIL,ADRA1B,0.0,0.0,0.0,0.0,2.0,5.054679305829669,0.0,0.0,0.0,0.0,FULL
WHIL,ADRA1D,0.0,0.0,0.0,0.0,1.0,5.460144413937834,0.0,0.0,0.0,0.0,FULL
WHIL,ADRA2A,1.0,0.0375,0.0002094972067039106,0.0010589411953553776,2.0,5.054679305829669,1.0,3.2301828283480846e-05,1.7049620077632604e-05,4.438557186804769e-05,FULL
WHIL,ADRA2B,7.0,0.7125,0.004103426598841596,0.01442040235707948,13.0,3.5142342648825204,1.0,0.0006137347373861361,0.00033395130000745445,0.0006044318683546105,FULL
WHIL,ADRA2C,0.0,0.0,0.0,0.0,2.0,5.054679305829669,0.0,0.0,0.0,0.0,FULL
WHIL,ADRB1,1.0,0.0375,0.00030737704918032784,0.001678323078054662,1.0,5.460144413937834,1.0,3.2301828283480846e-05,2.5015426179477342e-05,7.034699370043722e-05,FULL
WHIL,ADRB2,18.0,2.9250000000000003,0.025146360259279275,0.07280361791103737,25.0,2.8951950564762967,1.0,0.002519542606111506,0.0020464993089952615,0.0030515671967599437,FULL
WHIL,AGTR1,1.0,0.0625,0.0003834355828220859,0.00209361365565101,1.0,5.460144413937834,1.0,5.383638047246808e-05,3.120533736090221e-05,8.775391852201782e-05,FULL
WHIL,AKR1B1,72.0,9.825,0.13921306478657447,0.19727787995708707,113.0,1.4170931461032836,1.0,0.008463079010271981,0.011329649219660181,0.008268911963400185,FULL
WHIL,AKR1B10,60.0,8.5,0.11810542048149296,0.19793934400217963,87.0,1.6759547800195724,1.0,0.007321747744255659,0.009611834830640322,0.008296637261122437,FULL
WHIL,AKR1C2,32.0,4.075,0.04352806870444422,0.10214423289442527,44.0,2.3466291047274592,1.0,0.0035101320068049186,0.0035424674428845755,0.00428138050528916,FULL
WHIL,AKR1C3,32.0,4.075,0.04352806870444422,0.10118753353272186,45.0,2.324650198008684,1.0,0.0035101320068049186,0.0035424674428845755,0.004241280404866916,FULL
WHIL,AKR1C4,32.0,4.075,0.04352806870444422,0.10214423289442527,44.0,2.3466291047274592,1.0,0.0035101320068049186,0.0035424674428845755,0.00428138050528916,FULL
WHIL,AKT1,49.0,6.1125,0.04395200363020652,0.08499367652350104,67.0,1.9337838893216723,1.0,0.005265198010207378,0.0035769687593250475,0.0035625140982426464,FULL
WHIL,ALDH2,2.0,0.375,0.0025957413531146663,0.013120640100875007,2.0,5.054679305829669,1.0,0.0003230182828348085,0.00021125056790353337,0.0005499522699716441,FULL
WHIL,ALK,38.0,4.625,0.030220297968666317,0.0665465429514609,51.0,2.2020478759163513,1.0,0.0039838921549626375,0.002459434219220046,0.002789301594552599,FULL
WHIL,ALOX12,55.0,7.3625,0.0564560416455686,0.09999860833715435,79.0,1.7712649598238974,1.0,0.006341925619656739,0.0045945913851937826,0.0041914465472881815,FULL
WHIL,ALOX15,74.0,9.05,0.12191849107062978,0.16960296597233265,116.0,1.391117659700023,1.0,0.007795507892413379,0.009922155936572108,0.007108916593496647,FULL
WHIL,ALOX5,69.0,8.5875,0.08726875054735676,0.13001756620851643,105.0,1.4898525003857117,1.0,0.007397118676917114,0.0071022380913413445,0.005449692631062536,FULL
WHIL,ALPI,32.0,4.425,0.02948659987223486,0.06791188536347288,46.0,2.3031439927877204,1.0,0.0038116157374507398,0.0023997232856345766,0.0028465299883658306,FULL
WHIL,ALPL,32.0,4.425,0.02948659987223486,0.06791188536347288,46.0,2.3031439927877204,1.0,0.0038116157374507398,0.0023997232856345766,0.0028465299883658306,FULL
WHIL,AMY1A,60.0,7.5249999999999995,0.059474126532475365,0.10244268394575332,83.0,1.7224747956544653,1.0,0.006481900208885156,0.0048402137564578125,0.004293890095666717,FULL
WHIL,ANPEP,1.0,0.0375,0.00041666666666666664,0.002106116377429029,2.0,5.054679305829669,1.0,3.2301828283480846e-05,3.39097999321804e-05,8.82779707153393e-05,FULL
WHIL,AOC3,4.0,0.3,0.0025849007314524557,0.011274127580863092,5.0,4.361532125269724,1.0,0.00025841462626784677,0.0002103683199554389,0.0004725556076057668,FULL
WHIL,AOX1,5.0,0.9625,0.007246660417829896,0.03160654221328561,5.0,4.361532125269724,1.0,0.0008290802592760084,0.0005897587318681503,0.0013247897589227994,FULL
WHIL,APEX1,62.0,8.025,0.08125091049454158,0.13256110564230197,91.0,1.6315030174487386,1.0,0.006912591252664901,0.006612485086025765,0.005556305210526511,FULL
WHIL,APOBEC3G,6.0,0.675,0.004033114836370994,0.015145944621498942,10.0,3.755396321699408,1.0,0.0005814329091026552,0.00032822908129163735,0.0006348430077662648,FULL
WHIL,APP,65.0,8.487499999999999,0.09560130507303073,0.1529061329499697,94.0,1.599414702897238,1.0,0.007310980468161164,0.0077803707078763565,0.006409068022741806,FULL
WHIL,AR,51.0,6.0125,0.06330946949346328,0.11880816329066621,71.0,1.8766254754817235,1.0,0.005179059801451429,0.005152347466405964,0.0049798499608648085,FULL
WHIL,ATR,0.0,0.0,0.0,0.0,3.0,4.7669972333778885,0.0,0.0,0.0,0.0,FULL
WHIL,AURKA,9.0,0.8125,0.005966612756257023,0.02188783240596658,11.0,3.6683849447097785,1.0,0.000699872946142085,0.00048558394760993067,0.0009174295631824758,FULL
WHIL,AURKB,44.0,5.075,0.03429632768360894,0.0706143221021208,59.0,2.058947032275678,1.0,0.004371514094364408,0.0027911558643832304,0.002959802756115559,FULL
WHIL,AVPR2,37.0,4.5875,0.02991292091948599,0.06704289006416787,49.0,2.241268589069633,1.0,0.003951590326679157,0.002434418793040569,0.0028101060079980126,FULL
WHIL,AXL,38.0,4.625,0.030220297968666317,0.0665465429514609,51.0,2.2020478759163513,1.0,0.0039838921549626375,0.002459434219220046,0.002789301594552599,FULL
WHIL,BACE1,64.0,8.05,0.08227326111573618,0.12987497521194663,96.0,1.578580615994396,1.0,0.006934125804853889,0.006695687578086363,0.005443715922484435,FULL
WHIL,BBOX1,1.0,0.1875,0.001266891891891892,0.006917412686576648,1.0,5.460144413937834,1.0,0.00016150914141740424,0.00010310412141541339,0.00028994369025180214,FULL
WHIL,BCHE,55.0,7.0375,0.05399511441114781,0.09563965415814847,79.0,1.7712649598238974,1.0,0.006061976441199905,0.004394312464793311,0.00400874077020595,FULL
WHIL,BCL2,37.0,4.2375,0.031127595777915937,0.06854445616514257,51.0,2.2020478759163513,1.0,0.0036501065960333353,0.0025332733084773907,0.0028730442243803393,FULL
WHIL,BCL2L1,30.0,3.85,0.031889280275445346,0.07554895642202732,43.0,2.369101960579518,1.0,0.0033163210371040335,0.002595261873891788,0.0031666381943905243,FULL
WHIL,BCR,6.0,0.85,0.01024278812690941,0.040521156272640343,8.0,3.9560670171615597,1.0,0.0007321747744255658,0.0008335941507149062,0.0016984462421561375,FULL
WHIL,BRAF,9.0,0.8125,0.005966612756257023,0.02188783240596658,11.0,3.6683849447097785,1.0,0.000699872946142085,0.00048558394760993067,0.0009174295631824758,FULL
WHIL,CA1,76.0,9.65,0.10903431283106545,0.15075160089289308,117.0,1.3826069700321142,1.0,0.008312337144949071,0.008873596161226079,0.006318760706451884,FULL
WHIL,CA12,75.0,9.5875,0.10793782160299528,0.15295794719892356,113.0,1.4170931461032836,1.0,0.008258500764476604,0.00878435984561508,0.006411239819514675,FULL
WHIL,CA13,35.0,3.9125,0.04207582132532704,0.0918515045287154,52.0,2.182999680945657,1.0,0.0033701574175765015,0.003424278439497623,0.003849960293668069,FULL
WHIL,CA14,66.0,8.675,0.09321519977386555,0.14430844636842866,99.0,1.5481214085096875,1.0,0.00747248960957857,0.007586181059928021,0.006048695570203618,FULL
WHIL,CA2,76.0,9.65,0.10903431283106545,0.15075160089289308,117.0,1.3826069700321142,1.0,0.008312337144949071,0.008873596161226079,0.006318760706451884,FULL
WHIL,CA3,65.0,8.6125,0.08992572608965503,0.14103268485967782,97.0,1.568324115827207,1.0,0.007418653229106102,0.007318472113095018,0.005911391866743059,FULL
WHIL,CA4,72.0,9.125,0.0955493450697819,0.13709350501290538,111.0,1.4347927232026845,1.0,0.00786011154898034,0.007776142019921213,0.005746280951276778,FULL
WHIL,CA5A,65.0,8.6125,0.08992572608965503,0.14103268485967782,97.0,1.568324115827207,1.0,0.007418653229106102,0.007318472113095018,0.005911391866743059,FULL
WHIL,CA5B,65.0,8.6125,0.08992572608965503,0.14103268485967782,97.0,1.568324115827207,1.0,0.007418653229106102,0.007318472113095018,0.005911391866743059,FULL
WHIL,CA6,66.0,8.65,0.09029337314847856,0.1388866550810375,100.0,1.5381710776565196,1.0,0.007450955057389582,0.007348392524799883,0.005821440923868612,FULL
WHIL,CA7,75.0,9.5875,0.10793782160299528,0.15295794719892356,113.0,1.4170931461032836,1.0,0.008258500764476604,0.00878435984561508,0.006411239819514675,FULL
WHIL,CA9,69.0,9.1125,0.10267828029277132,0.15493132853176264,103.0,1.5089006953564064,1.0,0.007849344272885847,0.008356319861059721,0.006493954194360011,FULL
WHIL,CACNA1C,1.0,0.0375,0.00030737704918032784,0.0015536924095787916,2.0,5.054679305829669,1.0,3.2301828283480846e-05,2.5015426179477342e-05,6.512309315066014e-05,FULL
WHIL,CACNA1D,1.0,0.0375,0.00030737704918032784,0.001678323078054662,1.0,5.460144413937834,1.0,3.2301828283480846e-05,2.5015426179477342e-05,7.034699370043722e-05,FULL
WHIL,CAMK2B,38.0,4.625,0.030220297968666317,0.06713336329204365,50.0,2.221465961773453,1.0,0.0039838921549626375,0.002459434219220046,0.002813898197758528,FULL
WHIL,CARM1,8.0,0.775,0.005659235707076695,0.02125267295798577,10.0,3.755396321699408,1.0,0.0006675711178586042,0.00046056852143045335,0.0008908068239315388,FULL
WHIL,CBR1,16.0,3.075,0.022699203806456746,0.06753552838110374,23.0,2.975237764149833,1.0,0.0026487499192454295,0.0018473411032721666,0.0028307549670877315,FULL
WHIL,CCR4,37.0,4.5875,0.02991292091948599,0.06704289006416787,49.0,2.241268589069633,1.0,0.003951590326679157,0.002434418793040569,0.0028101060079980126,FULL
WHIL,CD38,50.0,5.75,0.049898258880871765,0.09649244912903188,67.0,1.9337838893216723,1.0,0.0049529470034670635,0.004060895941474813,0.004044485713017578,FULL
WHIL,CDC25B,21.0,3.3375,0.06303263060805128,0.16746408655943054,32.0,2.6567840330312986,1.0,0.0028748627172297953,0.005129817343483319,0.0070192653585509765,FULL
WHIL,CDK6,50.0,6.725,0.04870066078344391,0.09276484102213177,69.0,1.90479635244842,1.0,0.005792794538837564,0.003963431192955761,0.003888242837350429,FULL
WHIL,CES1,11.0,1.4625,0.01330739918001899,0.046765318174892295,13.0,3.5142342648825204,1.0,0.0012597713030557528,0.001083002985149053,0.001960170592935709,FULL
WHIL,CES2,10.0,1.4000000000000001,0.010348486813268927,0.03713391232146548,12.0,3.588342237036242,1.0,0.001205934922583285,0.0008421962818530155,0.0015564697466822538,FULL
WHIL,CHRM1,5.0,0.36250000000000004,0.002339336591151279,0.009842481368254519,6.0,4.207381445442466,1.0,0.0003122510067403149,0.00019038344587192504,0.00041254808675563045,FULL
WHIL,CHRM2,5.0,0.36250000000000004,0.002339336591151279,0.009842481368254519,6.0,4.207381445442466,1.0,0.0003122510067403149,0.00019038344587192504,0.00041254808675563045,FULL
WHIL,CHRM3,4.0,0.325,0.0019716895323277496,0.008959068741353857,4.0,4.543853682063679,1.0,0.000279949178456834,0.00016046303416705998,0.00037551980339823297,FULL
WHIL,CHRM4,5.0,0.36250000000000004,0.002339336591151279,0.009842481368254519,6.0,4.207381445442466,1.0,0.0003122510067403149,0.00019038344587192504,0.00041254808675563045,FULL
WHIL,CHRM5,4.0,0.325,0.0019716895323277496,0.008599587236305517,5.0,4.361532125269724,1.0,0.000279949178456834,0.00016046303416705998,0.00036045211857537335,FULL
WHIL,CHRNA3,4.0,0.325,0.0019716895323277496,0.009399038545686526,3.0,4.7669972333778885,1.0,0.000279949178456834,0.00016046303416705998,0.00039396115921254226,FULL
WHIL,CHRNA7,10.0,1.425,0.011128142396054495,0.041790585021490294,10.0,3.755396321699408,1.0,0.0012274694747722722,0.0009056473974408542,0.0017516544100983965,FULL
WHIL,CLK1,1.0,0.0375,0.00030737704918032784,0.001678323078054662,1.0,5.460144413937834,1.0,3.2301828283480846e-05,2.5015426179477342e-05,7.034699370043722e-05,FULL
WHIL,CNR1,11.0,0.8875,0.013940731690266503,0.04628432008009526,16.0,3.3200782504415627,1.0,0.0007644766027090467,0.001134545814060346,0.0019400095343248547,FULL
WHIL,CNR2,11.0,0.8875,0.013940731690266503,0.04628432008009526,16.0,3.3200782504415627,1.0,0.0007644766027090467,0.001134545814060346,0.0019400095343248547,FULL
WHIL,CSNK1D,1.0,0.0375,0.00030737704918032784,0.001678323078054662,1.0,5.460144413937834,1.0,3.2301828283480846e-05,2.5015426179477342e-05,7.034699370043722e-05,FULL
WHIL,CSNK2A1,36.0,4.65,0.03612073269340661,0.0809562635999128,49.0,2.241268589069633,1.0,0.004005426707151625,0.0029396323656892464,0.0033932857385689345,FULL
WHIL,CTBP2,4.0,0.575,0.0036221763243934565,0.014329572287276444,8.0,3.9560670171615597,1.0,0.0004952947003467063,0.00029478545875023045,0.0006006247215473042,FULL
WHIL,CTSD,10.0,1.8499999999999999,0.012854098617061337,0.04612490498663035,12.0,3.588342237036242,1.0,0.001593556861985055,0.00104611178979136,0.001933327642904563,FULL
WHIL,CTSL,26.0,3.225,0.028267736981033232,0.0696633541972356,39.0,2.4644121403838426,1.0,0.002777957232379353,0.0023005279333496017,0.0029199428899854825,FULL
WHIL,CXCL8,64.0,7.25,0.07795576303672168,0.1246835935765057,94.0,1.599414702897238,1.0,0.006245020134806297,0.006344314387525671,0.005226118907952389,FULL
WHIL,CXCR1,37.0,4.5875,0.02991292091948599,0.06704289006416787,49.0,2.241268589069633,1.0,0.003951590326679157,0.002434418793040569,0.0028101060079980126,FULL
WHIL,CYP19A1,73.0,8.9375,0.09792050662541614,0.13705947054439327,115.0,1.3997014033914144,1.0,0.007698602407562935,0.007969115493421455,0.005744854394868585,FULL
WHIL,CYP1A1,57.0,7.4125,0.06100296737671537,0.10805241855965628,79.0,1.7712649598238974,1.0,0.006384994724034714,0.00496463620563299,0.0045290223957020394,FULL
WHIL,CYP1A2,57.0,7.2625,0.0980959447452572,0.16552547621037408,86.0,1.6873834758431951,1.0,0.0062557874109007905,0.007983393265127748,0.006938008411187331,FULL
WHIL,CYP1B1,56.0,7.35,0.05994364534281706,0.10693009661929537,78.0,1.7838437420307574,1.0,0.006331158343562245,0.00487842484987321,0.0044819802168148,FULL
WHIL,CYP2A13,7.0,0.6125,0.010199055866114783,0.03830149688441423,10.0,3.755396321699408,1.0,0.0005275965286301872,0.0008300350654009996,0.0016054091106035835,FULL
WHIL,CYP2A6,44.0,4.95,0.05728800673462938,0.111631351209011,66.0,1.948598975106813,1.0,0.004263841333419472,0.0046622996325232455,0.004679033532312441,FULL
WHIL,CYP2B6,9.0,1.7875,0.013924570343831778,0.04797350613381761,14.0,3.445241393395569,1.0,0.001539720481512587,0.0011332305468021793,0.0020108118501803974,FULL
WHIL,CYP2C19,70.0,8.15,0.08285858489648422,0.12344706988644878,105.0,1.4898525003857117,1.0,0.007020264013609837,0.006743323287608075,0.005174289957154846,FULL
WHIL,CYP2C8,37.0,4.5875,0.02991292091948599,0.06586968397320792,51.0,2.2020478759163513,1.0,0.003951590326679157,0.002434418793040569,0.002760931017455824,FULL
WHIL,CYP2C9,69.0,8.2875,0.08701217881413487,0.12881829040390902,106.0,1.4804627600358728,1.0,0.007138704050649267,0.007081357380601006,0.005399424927200898,FULL
WHIL,CYP2D6,68.0,8.25,0.083360514149143,0.12419487043853919,105.0,1.4898525003857117,1.0,0.007106402222365786,0.006784172056898718,0.005205634053780188,FULL
WHIL,CYP2E1,3.0,0.2125,0.0024701487560862,0.011223994520587297,4.0,4.543853682063679,1.0,0.00018304369360639145,0.00020102940029185758,0.0004704542779383628,FULL
WHIL,CYP2J2,38.0,4.625,0.030220297968666317,0.0665465429514609,51.0,2.2020478759163513,1.0,0.0039838921549626375,0.002459434219220046,0.002789301594552599,FULL
WHIL,CYP3A4,86.0,10.15,0.1688172333008262,0.21068674600004553,134.0,1.2480168160593494,1.0,0.008743028188728815,0.013738940655204574,0.008830945237796524,FULL
WHIL,CYP3A5,1.0,0.0625,0.0003834355828220859,0.00209361365565101,1.0,5.460144413937834,1.0,5.383638047246808e-05,3.120533736090221e-05,8.775391852201782e-05,FULL
WHIL,DAO,17.0,2.5375,0.02356912638243573,0.0648644563186928,29.0,2.7520942128356234,1.0,0.002185757047182204,0.0019181384644912092,0.002718796851272728,FULL
WHIL,DAPK1,56.0,7.325,0.058659575520068834,0.10174215864025582,82.0,1.734450986701181,1.0,0.006309623791373259,0.004773922727981187,0.00426452754330883,FULL
WHIL,DHFR,9.0,1.5625,0.01133870002088434,0.04159471644919256,11.0,3.6683849447097785,1.0,0.001345909511811702,0.0009227833180780744,0.001743444569334297,FULL
WHIL,DNMT1,7.0,1.3875000000000002,0.00972258122367799,0.038463182900666776,8.0,3.9560670171615597,1.0,0.0011951676464887916,0.0007912578818863065,0.001612186187863315,FULL
WHIL,DNMT3B,1.0,0.0375,0.00041666666666666664,0.002106116377429029,2.0,5.054679305829669,1.0,3.2301828283480846e-05,3.39097999321804e-05,8.82779707153393e-05,FULL
WHIL,DPP4,53.0,6.8125,0.05982726613620105,0.10376746078156805,82.0,1.734450986701181,1.0,0.00586816547149902,0.004868953500402934,0.004349418181374485,FULL
WHIL,DRD1,54.0,6.625,0.09138943233059389,0.1677730379955968,74.0,1.8358034809614685,1.0,0.005706656330081617,0.007437593678990348,0.00703221507307133,FULL
WHIL,DRD2,6.0,0.425,0.003563426349912514,0.013072019573601186,11.0,3.6683849447097785,1.0,0.0003660873872127829,0.00029000417903662375,0.000547914338198813,FULL
WHIL,DRD3,1.0,0.0625,0.0003272251308900524,0.0014868631158585336,4.0,4.543853682063679,1.0,5.383638047246808e-05,2.663073293103173e-05,6.232194004383826e-05,FULL
WHIL,DRD4,1.0,0.0625,0.0003272251308900524,0.0016540180974573527,2.0,5.054679305829669,1.0,5.383638047246808e-05,2.663073293103173e-05,6.932824925288428e-05,FULL
WHIL,DRD5,1.0,0.0625,0.0003272251308900524,0.0016540180974573527,2.0,5.054679305829669,1.0,5.383638047246808e-05,2.663073293103173e-05,6.932824925288428e-05,FULL
WHIL,DUSP3,57.0,7.2375,0.07491961851047234,0.13654536911863413,75.0,1.8225582542114478,1.0,0.006234252858711803,0.006097222259244951,0.005723305808525374,FULL
WHIL,DYRK1A,9.0,0.9625,0.006845944567836189,0.025113559984967965,11.0,3.6683849447097785,1.0,0.0008290802592760084,0.0005571470655410937,0.001052636092036479,FULL
WHIL,DYRK1B,1.0,0.0375,0.00030737704918032784,0.001678323078054662,1.0,5.460144413937834,1.0,3.2301828283480846e-05,2.5015426179477342e-05,7.034699370043722e-05,FULL
WHIL,EBP,1.0,0.4875,0.0027387640449438202,0.013843573941527887,2.0,5.054679305829669,1.0,0.000419923767685251,0.0002228902579811858,0.0005802540771738594,FULL
WHIL,EDNRA,0.0,0.0,0.0,0.0,1.0,5.460144413937834,0.0,0.0,0.0,0.0,FULL
WHIL,EGFR,68.0,8.675,0.08166155179393064,0.12807178101429395,97.0,1.568324115827207,1.0,0.00747248960957857,0.006645904520360581,0.0053681349497137045,FULL
WHIL,EGLN1,15.0,1.3875,0.059125767270471696,0.17591321561744158,23.0,2.975237764149833,1.0,0.0011951676464887913,0.004811863053548053,0.007373411015242426,FULL
WHIL,EHMT2,83.0,10.2625,0.32175750417259863,0.3921637287629574,138.0,1.2188176613670871,1.0,0.008839933673579258,0.02618575822360925,0.01643756182439221,FULL
WHIL,ENPP2,1.0,0.0375,0.00041666666666666664,0.0022750601724740973,1.0,5.460144413937834,1.0,3.2301828283480846e-05,3.39097999321804e-05,9.535925812725935e-05,FULL
WHIL,EP300,5.0,0.5875,0.0034595549772726123,0.014093708226888609,7.0,4.073850052817943,1.0,0.0005060619764412,0.0002815507611208637,0.0005907384679485664,FULL
WHIL,EPHB4,9.0,0.8125,0.005966612756257023,0.02188783240596658,11.0,3.6683849447097785,1.0,0.000699872946142085,0.00048558394760993067,0.0009174295631824758,FULL
WHIL,EPHX2,54.0,6.45,0.04655547711620919,0.08609162206366221,73.0,1.849226501293609,1.0,0.005555914464758706,0.003788848595418856,0.0036085345391262138,FULL
WHIL,ERBB2,30.0,3.225,0.03097791858584946,0.07483094091335878,41.0,2.4156219762144104,1.0,0.002777957232379353,0.0025210920517476673,0.0031365425393133934,FULL
WHIL,ERN1,1.0,0.0625,0.000946969696969697,0.004302891744378484,4.0,4.543853682063679,1.0,5.383638047246808e-05,7.706772711859182e-05,0.00018035591739959256,FULL
WHIL,ESR1,72.0,9.049999999999999,0.09851052057819071,0.1362013323728985,117.0,1.3826069700321142,1.0,0.007795507892413377,0.00801713290565133,0.005708885491542641,FULL
WHIL,ESR2,32.0,4.3,0.048156029158950814,0.1140865430941948,43.0,2.369101960579518,1.0,0.0037039429765058037,0.003919107154339843,0.00478194301996638,FULL
WHIL,ESRRA,30.0,3.575,0.023888039101960832,0.05886997357283622,39.0,2.4644121403838426,1.0,0.003079440963025174,0.0019440927041270261,0.0024675378145150757,FULL
WHIL,ESRRB,4.0,0.9,0.00686322483500781,0.031185489437381125,4.0,4.543853682063679,1.0,0.0007752438788035404,0.000558553394507248,0.001307141311278001,FULL
WHIL,F10,3.0,0.4875,0.004005141678730971,0.017468554098041843,5.0,4.361532125269724,1.0,0.000419923767685251,0.0003259525272619305,0.000732195297293453,FULL
WHIL,F2,43.0,5.7375,0.03869339232769428,0.07966764530178463,59.0,2.058947032275678,1.0,0.004942179727372569,0.0031490044620707453,0.0033392732397324394,FULL
WHIL,F3,42.0,5.775,0.0544939162363347,0.11129934071590639,60.0,2.042417730324468,1.0,0.004974481555656051,0.004434906713028256,0.004665117296295486,FULL
WHIL,FABP2,41.0,4.8875,0.040988679941864226,0.08174817213636983,63.0,1.9944085111381071,1.0,0.004210004952947004,0.0033358030471507,0.00342647862351099,FULL
WHIL,FABP3,48.0,5.825,0.051109326787841844,0.0966278920964053,70.0,1.8906117174564634,1.0,0.005017550660034025,0.004159456910505949,0.004050162811603167,FULL
WHIL,FABP4,50.0,6.15,0.05888735987607714,0.10889606647405578,73.0,1.849226501293609,1.0,0.005297499838490859,0.004792460620637,0.0045643839391948686,FULL
WHIL,FABP5,41.0,4.8875,0.040988679941864226,0.08174817213636983,63.0,1.9944085111381071,1.0,0.004210004952947004,0.0033358030471507,0.00342647862351099,FULL
WHIL,FASN,39.0,4.4375,0.03256070354360279,0.07170022807653255,51.0,2.2020478759163513,1.0,0.0038223830135452335,0.0026499046627550594,0.0030053185580133403,FULL
WHIL,FDPS,0.0,0.0,0.0,0.0,3.0,4.7669972333778885,0.0,0.0,0.0,0.0,FULL
WHIL,FLT3,54.0,7.0249999999999995,0.051510509896426936,0.09320755540343137,76.0,1.8094861726440952,1.0,0.006051209165105411,0.0041921066039818464,0.003906799232242212,FULL
WHIL,FLT4,9.0,0.8125,0.005966612756257023,0.02188783240596658,11.0,3.6683849447097785,1.0,0.000699872946142085,0.00048558394760993067,0.0009174295631824758,FULL
WHIL,FOLH1,3.0,0.2375,0.0022328548644338117,0.009738668222292845,5.0,4.361532125269724,1.0,0.00020457824579537867,0.00018171758815331123,0.00040819675367770287,FULL
WHIL,FUCA1,1.0,0.2625,0.001255980861244019,0.00685783688353436,1.0,5.460144413937834,1.0,0.00022611279798436594,0.00010221614333623757,0.0002874465675606382,FULL
WHIL,FUT7,22.0,2.8249999999999997,0.018764067637913596,0.05361747379772713,26.0,2.85745472849345,1.0,0.002433404397355557,0.0015270858708373222,0.0022473790301769433,FULL
WHIL,FYN,6.0,0.975,0.007425703925004464,0.03124276891341308,6.0,4.207381445442466,1.0,0.000839847535370502,0.0006043299226860195,0.001309542183310491,FULL
WHIL,GAA,69.0,8.0125,0.10224926627005906,0.14948267190759432,108.0,1.4619437122686354,1.0,0.006901823976570407,0.008321405189831868,0.006265573486123256,FULL
WHIL,GABRR1,10.0,1.225,0.04876863532461764,0.1619156854449791,16.0,3.3200782504415627,1.0,0.0010551930572603745,0.0039689632003758,0.0067867038551375665,FULL
WHIL,GBA,62.0,7.875,0.06854477076484865,0.10750041700435985,97.0,1.568324115827207,1.0,0.006783383939530978,0.005578414711279646,0.0045058852235801625,FULL
WHIL,GBA2,3.0,1.0625,0.0068503864556496135,0.03265577328165107,3.0,4.7669972333778885,1.0,0.0009152184680319574,0.0005575085620060723,0.0013687683303443168,FULL
WHIL,GLO1,53.0,6.9875,0.0510760859061777,0.09376565630044803,74.0,1.8358034809614685,1.0,0.006018907336821931,0.004156751650553628,0.0039301920585698745,FULL
WHIL,GLRA1,7.0,0.5125000000000001,0.004363099139274803,0.015332952496318948,13.0,3.5142342648825204,1.0,0.0004414583198742383,0.000355084365352985,0.0006426814519632805,FULL
WHIL,GLRA2,1.0,0.0375,0.00021676300578034682,0.001095667479587356,2.0,5.054679305829669,1.0,3.2301828283480846e-05,1.7640936380903097e-05,4.592495586347131e-05,FULL
WHIL,GPBAR1,1.0,0.4875,0.0027387640449438202,0.013055680625122025,3.0,4.7669972333778885,1.0,0.000419923767685251,0.0002228902579811858,0.0005472294903761472,FULL
WHIL,GPR35,51.0,6.3875,0.051334393172681694,0.09705340524078908,70.0,1.8906117174564634,1.0,0.005502078084286237,0.004177773605101257,0.004067998215810392,FULL
WHIL,GRIA1,3.0,0.2375,0.0022328548644338117,0.009738668222292845,5.0,4.361532125269724,1.0,0.00020457824579537867,0.00018171758815331123,0.00040819675367770287,FULL
WHIL,GRIA2,3.0,0.2375,0.0022328548644338117,0.009738668222292845,5.0,4.361532125269724,1.0,0.00020457824579537867,0.00018171758815331123,0.00040819675367770287,FULL
WHIL,GRIA4,3.0,0.2375,0.0022328548644338117,0.009738668222292845,5.0,4.361532125269724,1.0,0.00020457824579537867,0.00018171758815331123,0.00040819675367770287,FULL
WHIL,GRIK2,3.0,0.2375,0.0022328548644338117,0.009738668222292845,5.0,4.361532125269724,1.0,0.00020457824579537867,0.00018171758815331123,0.00040819675367770287,FULL
WHIL,GRIK5,3.0,0.2375,0.0022328548644338117,0.009738668222292845,5.0,4.361532125269724,1.0,0.00020457824579537867,0.00018171758815331123,0.00040819675367770287,FULL
WHIL,GRK6,4.0,1.025,0.00959901645183554,0.039104953679310515,7.0,4.073850052817943,1.0,0.0008829166397484764,0.0007812017458258832,0.0016390860413615493,FULL
WHIL,GRM1,3.0,0.2375,0.0022328548644338117,0.009738668222292845,5.0,4.361532125269724,1.0,0.00020457824579537867,0.00018171758815331123,0.00040819675367770287,FULL
WHIL,GRM2,3.0,0.2375,0.0022328548644338117,0.009738668222292845,5.0,4.361532125269724,1.0,0.00020457824579537867,0.00018171758815331123,0.00040819675367770287,FULL
WHIL,GRM3,3.0,0.2375,0.0022328548644338117,0.009738668222292845,5.0,4.361532125269724,1.0,0.00020457824579537867,0.00018171758815331123,0.00040819675367770287,FULL
WHIL,GRM4,3.0,0.2375,0.0022328548644338117,0.009738668222292845,5.0,4.361532125269724,1.0,0.00020457824579537867,0.00018171758815331123,0.00040819675367770287,FULL
WHIL,GRM5,14.0,2.45,0.02086446223835297,0.06389218156973314,21.0,3.0622491411394632,1.0,0.002110386114520749,0.001698023376468197,0.00267804390773373,FULL
WHIL,GRM8,3.0,0.2375,0.0022328548644338117,0.009738668222292845,5.0,4.361532125269724,1.0,0.00020457824579537867,0.00018171758815331123,0.00040819675367770287,FULL
WHIL,GSK3B,60.0,7.5249999999999995,0.0647524371176742,0.10926219241293902,86.0,1.6873834758431951,1.0,0.006481900208885156,0.005269781250675418,0.004579730125786094,FULL
WHIL,GSTP1,8.0,0.775,0.005659235707076695,0.02125267295798577,10.0,3.755396321699408,1.0,0.0006675711178586042,0.00046056852143045335,0.0008908068239315388,FULL
WHIL,HCAR2,43.0,6.2625,0.06474070219721237,0.1291194074791779,63.0,1.9944085111381071,1.0,0.005394405323341301,0.005268826221543225,0.005412046264102008,FULL
WHIL,HDAC1,2.0,0.15,0.0015098664540562088,0.006585331044233238,5.0,4.361532125269724,1.0,0.00012920731313392338,0.00012287824651525606,0.00027602447201103273,FULL
WHIL,HDAC10,0.0,0.0,0.0,0.0,1.0,5.460144413937834,0.0,0.0,0.0,0.0,FULL
WHIL,HDAC2,2.0,0.15,0.0015098664540562088,0.006585331044233238,5.0,4.361532125269724,1.0,0.00012920731313392338,0.00012287824651525606,0.00027602447201103273,FULL
WHIL,HDAC3,2.0,0.15,0.0015098664540562088,0.006585331044233238,5.0,4.361532125269724,1.0,0.00012920731313392338,0.00012287824651525606,0.00027602447201103273,FULL
WHIL,HDAC6,2.0,0.15,0.0015098664540562088,0.006585331044233238,5.0,4.361532125269724,1.0,0.00012920731313392338,0.00012287824651525606,0.00027602447201103273,FULL
WHIL,HDAC8,2.0,0.15,0.0015098664540562088,0.006585331044233238,5.0,4.361532125269724,1.0,0.00012920731313392338,0.00012287824651525606,0.00027602447201103273,FULL
WHIL,HIF1A,64.0,8.275,0.07520396395391139,0.11493563053246644,101.0,1.5283187812135077,1.0,0.007127936774554774,0.006120363292281701,0.0048175325613677,FULL
WHIL,HKDC1,6.0,0.4,0.02446670610640799,0.09967369196387128,7.0,4.073850052817943,1.0,0.0003445528350237957,0.0019911866617626037,0.004177827661649663,FULL
WHIL,HMGCR,2.0,0.3,0.002176978479694551,0.009159378862594401,6.0,4.207381445442466,1.0,0.00025841462626784677,0.00017717017128745073,0.0003839158119029694,FULL
WHIL,HRH1,0.0,0.0,0.0,0.0,2.0,5.054679305829669,0.0,0.0,0.0,0.0,FULL
WHIL,HRH3,1.0,0.0375,0.0002094972067039106,0.0010589411953553776,2.0,5.054679305829669,1.0,3.2301828283480846e-05,1.7049620077632604e-05,4.438557186804769e-05,FULL
WHIL,HRH4,0.0,0.0,0.0,0.0,1.0,5.460144413937834,0.0,0.0,0.0,0.0,FULL
WHIL,HSD11B1,42.0,5.625,0.03806585968020034,0.07966608052859843,57.0,2.0928485839513593,1.0,0.004845274242522127,0.0030979336464049107,0.0033392076521879957,FULL
WHIL,HSD11B2,4.0,0.875,0.006306347851623442,0.027505338747981348,5.0,4.361532125269724,1.0,0.0007537093266145531,0.0005132327854830879,0.0011528876155807808,FULL
WHIL,HSD17B1,52.0,6.875,0.05360896007323957,0.10135372807512244,70.0,1.8906117174564634,1.0,0.005922001851971489,0.004362885865573923,0.004248246457220109,FULL
WHIL,HSD17B2,52.0,6.875,0.05360896007323957,0.10135372807512244,70.0,1.8906117174564634,1.0,0.005922001851971489,0.004362885865573923,0.004248246457220109,FULL
WHIL,HSD17B3,7.0,1.3625,0.01151204859513084,0.04130917020872173,12.0,3.588342237036242,1.0,0.0011736330942998042,0.0009368910352090206,0.0017314758847334342,FULL
WHIL,HSP90AA1,1.0,0.0625,0.003289473684210526,0.01568091195190095,3.0,4.7669972333778885,1.0,5.383638047246808e-05,0.00026770894683300313,0.0006572661895206087,FULL
WHIL,HSP90AB1,16.0,1.725,0.012723323369462606,0.037335520737447614,24.0,2.9344157696295783,1.0,0.001485884101040119,0.0010354688398341897,0.0015649201732744267,FULL
WHIL,HSPA1A,9.0,0.8125,0.005877258962890649,0.021089616574540334,12.0,3.588342237036242,1.0,0.000699872946142085,0.00047831202139496636,0.0008839723076640585,FULL
WHIL,HSPA8,28.0,3.0,0.029483832675909635,0.07266031519155755,39.0,2.4644121403838426,1.0,0.002584146262678468,0.0023994980814575494,0.0030455606562813445,FULL
WHIL,HTR1A,39.0,4.6625,0.030890014691855355,0.0668554919533594,53.0,2.1643075479335048,1.0,0.004016193983246119,0.002513938123447028,0.0028022512070405006,FULL
WHIL,HTR1B,1.0,0.0375,0.0002952755905511811,0.0016122473663202266,1.0,5.460144413937834,1.0,3.2301828283480846e-05,2.4030566881072725e-05,6.757742701931766e-05,FULL
WHIL,HTR1D,1.0,0.0375,0.0002952755905511811,0.0016122473663202266,1.0,5.460144413937834,1.0,3.2301828283480846e-05,2.4030566881072725e-05,6.757742701931766e-05,FULL
WHIL,HTR1E,1.0,0.0375,0.0002952755905511811,0.0014925234170756897,2.0,5.054679305829669,1.0,3.2301828283480846e-05,2.4030566881072725e-05,6.255919184551603e-05,FULL
WHIL,HTR2A,4.0,0.175,0.0020543189032594155,0.00864330323659538,6.0,4.207381445442466,1.0,0.0001507418653229106,0.0001671877032154153,0.0003622844768603848,FULL
WHIL,HTR2B,1.0,0.0375,0.0002952755905511811,0.0014925234170756897,2.0,5.054679305829669,1.0,3.2301828283480846e-05,2.4030566881072725e-05,6.255919184551603e-05,FULL
WHIL,HTR2C,2.0,0.075,0.0006629226493747105,0.003160150435512785,3.0,4.7669972333778885,1.0,6.460365656696169e-05,5.3950978585937784e-05,0.00013245785968523245,FULL
WHIL,HTR3A,2.0,0.075,0.0005047727972550917,0.0024062505279994397,3.0,4.7669972333778885,1.0,6.460365656696169e-05,4.1080186958705326e-05,0.00010085810827975592,FULL
WHIL,HTR4,1.0,0.0375,0.0002952755905511811,0.0016122473663202266,1.0,5.460144413937834,1.0,3.2301828283480846e-05,2.4030566881072725e-05,6.757742701931766e-05,FULL
WHIL,HTR5A,1.0,0.0375,0.0002952755905511811,0.0014925234170756897,2.0,5.054679305829669,1.0,3.2301828283480846e-05,2.4030566881072725e-05,6.255919184551603e-05,FULL
WHIL,HTR6,2.0,0.075,0.0010452755905511811,0.004982825848274919,3.0,4.7669972333778885,1.0,6.460365656696169e-05,8.506820675899745e-05,0.00020885538853774555,FULL
WHIL,HTR7,40.0,5.4,0.048821503101425114,0.10217601363219446,57.0,2.0928485839513593,1.0,0.004651463272821242,0.003973265766138361,0.004282712596463308,FULL
WHIL,IDH1,65.0,8.6625,0.1242110418686987,0.1948031724147031,97.0,1.568324115827207,1.0,0.007461722333484075,0.010108731789924615,0.008165184476022548,FULL
WHIL,IDO1,28.0,4.075,0.04983090806582677,0.11371864606875666,47.0,2.2820905835898877,1.0,0.0035101320068049186,0.004055414695082545,0.004766522598195797,FULL
WHIL,IGF1R,44.0,5.075,0.03429632768360894,0.0706143221021208,59.0,2.058947032275678,1.0,0.004371514094364408,0.0027911558643832304,0.002959802756115559,FULL
WHIL,INSR,31.0,4.2875,0.032554637602677405,0.07787367120492396,42.0,2.3920914788042165,1.0,0.0036931757004113096,0.002649410995131427,0.0032640787279362457,FULL
WHIL,JAK2,1.0,0.0375,0.00030737704918032784,0.001678323078054662,1.0,5.460144413937834,1.0,3.2301828283480846e-05,2.5015426179477342e-05,7.034699370043722e-05,FULL
WHIL,KAT2B,3.0,0.4875,0.0026594527277838597,0.012084164069414986,4.0,4.543853682063679,1.0,0.000419923767685251,0.00021643562382778106,0.000506508326544324,FULL
WHIL,KCNA3,0.0,0.0,0.0,0.0,1.0,5.460144413937834,0.0,0.0,0.0,0.0,FULL
WHIL,KCNA5,1.0,0.0375,0.00030737704918032784,0.001678323078054662,1.0,5.460144413937834,1.0,3.2301828283480846e-05,2.5015426179477342e-05,7.034699370043722e-05,FULL
WHIL,KCNH2,32.0,3.475,0.03502484817134333,0.0821903281075346,44.0,2.3466291047274592,1.0,0.002993302754269225,0.002850445425948593,0.003445011612614728,FULL
WHIL,KDM2A,1.0,0.1875,0.001266891891891892,0.006917412686576648,1.0,5.460144413937834,1.0,0.00016150914141740424,0.00010310412141541339,0.00028994369025180214,FULL
WHIL,KDM4E,83.0,10.2125,0.4088854301355822,0.5163987735597656,132.0,1.2629424662760251,1.0,0.008796864569201285,0.03327653551459469,0.02164487978835931,FULL
WHIL,KDM5C,1.0,0.1875,0.001266891891891892,0.006917412686576648,1.0,5.460144413937834,1.0,0.00016150914141740424,0.00010310412141541339,0.00028994369025180214,FULL
WHIL,KDM7A,1.0,0.1875,0.001266891891891892,0.006917412686576648,1.0,5.460144413937834,1.0,0.00016150914141740424,0.00010310412141541339,0.00028994369025180214,FULL
WHIL,KDR,44.0,5.075,0.03429632768360894,0.0706143221021208,59.0,2.058947032275678,1.0,0.004371514094364408,0.0027911558643832304,0.002959802756115559,FULL
WHIL,KIT,4.0,0.65,0.00459665768027475,0.01933989223503859,6.0,4.207381445442466,1.0,0.000559898356913668,0.00037409218150760937,0.0008106325266064677,FULL
WHIL,KMT2A,70.0,8.55,0.11979760220598527,0.18426920688584741,100.0,1.5381710776565196,1.0,0.007364816848633634,0.009749550535583747,0.00772365279693847,FULL
WHIL,LDHA,2.0,0.075,0.0009680232558139535,0.004072843085268433,6.0,4.207381445442466,1.0,6.460365656696169e-05,7.878113984243772e-05,0.00017071341662914098,FULL
WHIL,LIMK1,1.0,0.0375,0.00030737704918032784,0.001678323078054662,1.0,5.460144413937834,1.0,3.2301828283480846e-05,2.5015426179477342e-05,7.034699370043722e-05,FULL
WHIL,MAN1B1,1.0,0.2625,0.001255980861244019,0.00685783688353436,1.0,5.460144413937834,1.0,0.00022611279798436594,0.00010221614333623757,0.0002874465675606382,FULL
WHIL,MAOA,27.0,2.7625,0.04458649008716667,0.11100831966263772,38.0,2.4897299483681326,1.0,0.002379568016883089,0.0036286055004815195,0.0046529191346490915,FULL
WHIL,MAOB,20.0,2.175,0.02679173294683265,0.07285487701836811,30.0,2.719304390012633,1.0,0.001873506040441889,0.002180405529752403,0.0030537157247445944,FULL
WHIL,MAP2K1,41.0,4.8375,0.03351752187751118,0.069574135154804,58.0,2.0757541505920596,1.0,0.004166935848569029,0.002727773906613321,0.00291620326946905,FULL
WHIL,MAP2K7,0.0,0.0,0.0,0.0,1.0,5.460144413937834,0.0,0.0,0.0,0.0,FULL
WHIL,MAP3K7,0.0,0.0,0.0,0.0,1.0,5.460144413937834,0.0,0.0,0.0,0.0,FULL
WHIL,MAP3K8,8.0,0.775,0.005659235707076695,0.02125267295798577,10.0,3.755396321699408,1.0,0.0006675711178586042,0.00046056852143045335,0.0008908068239315388,FULL
WHIL,MAPK1,73.0,9.0625,0.11509974663542737,0.15624802678583635,120.0,1.3575010489010377,1.0,0.007806275168507871,0.009367222513564791,0.006549143665919958,FULL
WHIL,MAPK14,40.0,4.8,0.03322224628696,0.07069494356665204,55.0,2.1279399037626296,1.0,0.004134634020285548,0.0027037433397322486,0.00296318200873483,FULL
WHIL,MAPK9,12.0,1.35,0.010333749474648357,0.03371819614730163,17.0,3.2629198366016143,1.0,0.0011628658182053105,0.0008409969053630403,0.0014132998365926543,FULL
WHIL,MAPKAPK2,38.0,4.625,0.030220297968666317,0.06713336329204365,50.0,2.221465961773453,1.0,0.0039838921549626375,0.002459434219220046,0.002813898197758528,FULL
WHIL,MAPT,83.0,9.8625,0.17908857813723766,0.2221838641569999,135.0,1.240636708761727,1.0,0.008495380838555463,0.014574858851453727,0.009312847506278654,FULL
WHIL,MCL1,16.0,2.175,0.01967507461924044,0.05853802501963006,23.0,2.975237764149833,1.0,0.001873506040441889,0.0016012268255739931,0.0024536241747119877,FULL
WHIL,MERTK,1.0,0.0375,0.00030737704918032784,0.001678323078054662,1.0,5.460144413937834,1.0,3.2301828283480846e-05,2.5015426179477342e-05,7.034699370043722e-05,FULL
WHIL,MET,45.0,5.2125,0.03689066730625045,0.0724398738348135,65.0,1.9636368524713532,1.0,0.004489954131403838,0.003002292354526995,0.0030363208460582945,FULL
WHIL,MGAM,1.0,0.2625,0.001255980861244019,0.00685783688353436,1.0,5.460144413937834,1.0,0.00022611279798436594,0.00010221614333623757,0.0002874465675606382,FULL
WHIL,MGLL,17.0,3.9124999999999996,0.07049643084190237,0.20410091807269887,25.0,2.8951950564762967,1.0,0.0033701574175765015,0.0057372476778760825,0.00855489993890555,FULL
WHIL,MIF,5.0,0.41250000000000003,0.004761135057471264,0.01833373372034195,9.0,3.8507065015037334,1.0,0.0003553201111182893,0.0003874779293974579,0.0007684593433734475,FULL
WHIL,MMP1,46.0,6.0,0.055538507090450696,0.10739947024849102,67.0,1.9337838893216723,1.0,0.005168292525356936,0.004519919193525998,0.004501654035382825,FULL
WHIL,MMP12,47.0,5.2875,0.03930026793857757,0.0771714544361893,65.0,1.9636368524713532,1.0,0.004554557787970799,0.0031983941353877984,0.0032346452778142486,FULL
WHIL,MMP13,48.0,5.325,0.03971693460524423,0.07680396827286372,67.0,1.9337838893216723,1.0,0.004586859616254281,0.0032323039353199783,0.003219242077349159,FULL
WHIL,MMP14,2.0,0.45,0.002442689722003513,0.012347013188373984,2.0,5.054679305829669,1.0,0.0003876219394017702,0.00019879468744687798,0.0005175256601896473,FULL
WHIL,MMP2,60.0,7.25,0.06727884916976601,0.11199608778667038,88.0,1.6646552247656392,1.0,0.006245020134806297,0.005475389556033857,0.004694321483760182,FULL
WHIL,MMP3,57.0,6.8875,0.058858573579214826,0.10068585020218515,84.0,1.7106403380074624,1.0,0.005932769128065982,0.0047901178904752656,0.004220252323590821,FULL
WHIL,MMP9,63.0,7.4375,0.06973869798394752,0.11302495698063497,92.0,1.620692101344523,1.0,0.006406529276223701,0.005675580710799392,0.00473744658622275,FULL
WHIL,MPG,45.0,5.8875,0.04566096837585252,0.08966156022235303,65.0,1.9636368524713532,1.0,0.005071387040506493,0.0037160503256034602,0.003758168671221604,FULL
WHIL,MPO,2.0,0.3,0.002005980861244019,0.01013958994722052,2.0,5.054679305829669,1.0,0.00025841462626784677,0.00016325378321416228,0.00042500140733863346,FULL
WHIL,MTNR1A,2.0,0.1,0.0006787111733732669,0.0034306673226852254,2.0,5.054679305829669,1.0,8.613820875594892e-05,5.523590424197493e-05,0.0001437965882093252,FULL
WHIL,MTNR1B,2.0,0.1,0.0006787111733732669,0.0034306673226852254,2.0,5.054679305829669,1.0,8.613820875594892e-05,5.523590424197493e-05,0.0001437965882093252,FULL
WHIL,MYLK,1.0,0.0375,0.00030737704918032784,0.001678323078054662,1.0,5.460144413937834,1.0,3.2301828283480846e-05,2.5015426179477342e-05,7.034699370043722e-05,FULL
WHIL,NEK2,38.0,4.625,0.030220297968666317,0.0665465429514609,51.0,2.2020478759163513,1.0,0.0039838921549626375,0.002459434219220046,0.002789301594552599,FULL
WHIL,NEK6,38.0,4.625,0.030220297968666317,0.0665465429514609,51.0,2.2020478759163513,1.0,0.0039838921549626375,0.002459434219220046,0.002789301594552599,FULL
WHIL,NFKB1,68.0,8.575,0.08814478858329082,0.13385337987999654,102.0,1.518562606268143,1.0,0.007386351400822619,0.007173533150216954,0.005610470948248301,FULL
WHIL,NOS2,14.0,2.85,0.060002522739282756,0.18107545583011203,22.0,3.017797378568629,1.0,0.0024549389495445444,0.00488321649963644,0.007589786565617265,FULL
WHIL,NQO1,4.0,0.375,0.005654849592608759,0.025694809142891607,4.0,4.543853682063679,1.0,0.0003230182828348085,0.0004602115639966437,0.0010769991788494384,FULL
WHIL,NQO2,7.0,0.9125,0.010626223709731495,0.04091846872549619,9.0,3.8507065015037334,1.0,0.0007860111548980339,0.0008647994880758084,0.0017150996130020845,FULL
WHIL,NR1H4,26.0,4.775,0.07379702166285261,0.18004403484385934,40.0,2.4397195277934713,1.0,0.004113099468096562,0.006005861376427476,0.007546554504656441,FULL
WHIL,NR1I2,30.0,3.0,0.07581558286210285,0.18684084283564345,39.0,2.4644121403838426,1.0,0.002584146262678468,0.006170138991829327,0.007831443043241827,FULL
WHIL,NR3C1,5.0,1.3875,0.009601988879951631,0.04039922985285337,6.0,4.207381445442466,1.0,0.0011951676464887913,0.0007814436524884339,0.0016933356903220933,FULL
WHIL,NR3C2,1.0,0.4875,0.0027387640449438202,0.014954047201093787,1.0,5.460144413937834,1.0,0.000419923767685251,0.0002228902579811858,0.0006267996180274913,FULL
WHIL,NT5E,2.0,0.25,0.0014970059880239522,0.007566885188367768,2.0,5.054679305829669,1.0,0.0002153455218898723,0.00012183161652280384,0.00031716636185151844,FULL
WHIL,NUAK1,44.0,5.075,0.03429632768360894,0.0706143221021208,59.0,2.058947032275678,1.0,0.004371514094364408,0.0027911558643832304,0.002959802756115559,FULL
WHIL,ODC1,10.0,1.75,0.01710601296191722,0.06011453688629403,13.0,3.5142342648825204,1.0,0.0015074186532291062,0.0013921475452221541,0.0025197037465197122,FULL
WHIL,OPRD1,5.0,0.5875,0.004471994425811643,0.01722033801016135,9.0,3.8507065015037334,1.0,0.0005060619764412,0.00036394664706503705,0.0007217913078597168,FULL
WHIL,OPRK1,5.0,0.41250000000000003,0.003115233687059188,0.01232407324012545,8.0,3.9560670171615597,1.0,0.0003553201111182893,0.0002535286825683978,0.000516564131139592,FULL
WHIL,OPRM1,6.0,0.75,0.006794142788727985,0.02616224980869956,9.0,3.8507065015037334,1.0,0.000646036565669617,0.0005529312544234373,0.0010965919771627611,FULL
WHIL,OXER1,1.0,0.0375,0.00024038461538461537,0.0012150671408244396,2.0,5.054679305829669,1.0,3.2301828283480846e-05,1.956334611471946e-05,5.092959848961882e-05,FULL
WHIL,OXTR,1.0,0.2625,0.001255980861244019,0.00685783688353436,1.0,5.460144413937834,1.0,0.00022611279798436594,0.00010221614333623757,0.0002874465675606382,FULL
WHIL,PARP1,34.0,4.675,0.0356239524087955,0.0828132280209584,45.0,2.324650198008684,1.0,0.004026961259340612,0.0028992026375418514,0.003471120492876577,FULL
WHIL,PCNA,0.0,0.0,0.0,0.0,1.0,5.460144413937834,0.0,0.0,0.0,0.0,FULL
WHIL,PDE4B,1.0,0.2625,0.001255980861244019,0.005987257290725817,3.0,4.7669972333778885,1.0,0.00022611279798436594,0.00010221614333623757,0.00025095618145332333,FULL
WHIL,PDE4D,1.0,0.2625,0.001255980861244019,0.005987257290725817,3.0,4.7669972333778885,1.0,0.00022611279798436594,0.00010221614333623757,0.00025095618145332333,FULL
WHIL,PDE5A,51.0,6.7875,0.05003236937710047,0.09320190638391604,72.0,1.862832153349388,1.0,0.005846630919310033,0.004071810325705023,0.003906562453313617,FULL
WHIL,PDGFRB,9.0,0.8125,0.005966612756257023,0.02188783240596658,11.0,3.6683849447097785,1.0,0.000699872946142085,0.00048558394760993067,0.0009174295631824758,FULL
WHIL,PDPK1,6.0,0.47500000000000003,0.004476953653283339,0.018238437876891816,7.0,4.073850052817943,1.0,0.0004091564915907574,0.0003643502464523572,0.0007644650134458421,FULL
WHIL,PGR,1.0,0.4875,0.0027387640449438202,0.014954047201093787,1.0,5.460144413937834,1.0,0.000419923767685251,0.0002228902579811858,0.0006267996180274913,FULL
WHIL,PHF8,1.0,0.1875,0.001266891891891892,0.006917412686576648,1.0,5.460144413937834,1.0,0.00016150914141740424,0.00010310412141541339,0.00028994369025180214,FULL
WHIL,PIK3CA,7.0,0.8875,0.010550165176089737,0.038702067096168975,11.0,3.6683849447097785,1.0,0.0007644766027090467,0.0008586095768943835,0.001622199030572721,FULL
WHIL,PIK3CB,6.0,0.85,0.01024278812690941,0.03846572885574196,10.0,3.755396321699408,1.0,0.0007321747744255658,0.0008335941507149062,0.0016122929016945061,FULL
WHIL,PIK3CG,37.0,4.5875,0.02991292091948599,0.06586968397320792,51.0,2.2020478759163513,1.0,0.003951590326679157,0.002434418793040569,0.002760931017455824,FULL
WHIL,PIM1,55.0,7.1625,0.053761923420924194,0.09522661112821874,79.0,1.7712649598238974,1.0,0.006169649202144841,0.004375334561214583,0.003991428051454471,FULL
WHIL,PIM3,1.0,0.0375,0.00030737704918032784,0.001678323078054662,1.0,5.460144413937834,1.0,3.2301828283480846e-05,2.5015426179477342e-05,7.034699370043722e-05,FULL
WHIL,PKN1,38.0,4.625,0.030220297968666317,0.0665465429514609,51.0,2.2020478759163513,1.0,0.0039838921549626375,0.002459434219220046,0.002789301594552599,FULL
WHIL,PLA2G2A,2.0,0.525,0.002955527050724167,0.012890626178837137,5.0,4.361532125269724,1.0,0.0004522255959687319,0.00024053119436208886,0.0005403112252072677,FULL
WHIL,PLG,48.0,6.025,0.041561668823023375,0.08037128558328543,67.0,1.9337838893216723,1.0,0.005189827077545923,0.0033824348991270295,0.003368766356461481,FULL
WHIL,PLK1,44.0,5.075,0.03429632768360894,0.0706143221021208,59.0,2.058947032275678,1.0,0.004371514094364408,0.0027911558643832304,0.002959802756115559,FULL
WHIL,PLK4,9.0,0.8125,0.005966612756257023,0.02188783240596658,11.0,3.6683849447097785,1.0,0.000699872946142085,0.00048558394760993067,0.0009174295631824758,FULL
WHIL,PNP,23.0,2.3875,0.029145841238478975,0.07743420563165611,32.0,2.6567840330312986,1.0,0.002056549734048281,0.002371991148604596,0.003245658506991619,FULL
WHIL,POLA1,4.0,0.4,0.003442067912444403,0.01501268977748636,5.0,4.361532125269724,1.0,0.0003445528350237957,0.00028012760223352214,0.0006292576244781011,FULL
WHIL,POLB,68.0,8.049999999999999,0.09713305956010236,0.1402369613948582,110.0,1.443761393185445,1.0,0.006934125804853888,0.007905030279560722,0.005878039078892558,FULL
WHIL,PPARA,68.0,8.375,0.0796167636666415,0.12167979521116543,101.0,1.5283187812135077,1.0,0.007214074983310722,0.006479492465240407,0.005100214552916705,FULL
WHIL,PPARD,65.0,8.0375,0.07490270640194457,0.11671128069184179,98.0,1.558171744363189,1.0,0.006923358528759394,0.006095845892325093,0.004891959024430188,FULL
WHIL,PPARG,67.0,8.3375,0.0771167636666415,0.11636153832023101,103.0,1.5089006953564064,1.0,0.007181773155027242,0.006276033665647324,0.004877299555860527,FULL
WHIL,PRKCA,41.0,5.6875,0.043776635819412324,0.08941017717152493,60.0,2.042417730324468,1.0,0.004899110622994595,0.003562696709616466,0.003747631938381406,FULL
WHIL,PRKCD,1.0,0.0375,0.00030737704918032784,0.001678323078054662,1.0,5.460144413937834,1.0,3.2301828283480846e-05,2.5015426179477342e-05,7.034699370043722e-05,FULL
WHIL,PRKCE,1.0,0.0375,0.00030737704918032784,0.001678323078054662,1.0,5.460144413937834,1.0,3.2301828283480846e-05,2.5015426179477342e-05,7.034699370043722e-05,FULL
WHIL,PRMT1,3.0,0.11249999999999999,0.0009602866280787748,0.004363401930832256,4.0,4.543853682063679,1.0,9.690548485044253e-05,7.815150584567853e-05,0.0001828922048170365,FULL
WHIL,PTAFR,1.0,0.0625,0.00390625,0.018621082942882377,3.0,4.7669972333778885,1.0,5.383638047246808e-05,0.00031790437436419127,0.0007805036000557229,FULL
WHIL,PTGES,9.0,1.2125,0.008509082823846232,0.03053350129524705,12.0,3.588342237036242,1.0,0.0010444257811658805,0.0006924991107911481,0.0012798131964905741,FULL
WHIL,PTGS1,51.0,5.8375,0.05306073978167761,0.09957513602220275,71.0,1.8766254754817235,1.0,0.0050283179361285185,0.0043182697686004155,0.004173696684546177,FULL
WHIL,PTGS2,63.0,8.1875,0.08011466393161507,0.1324681486716806,89.0,1.6534819241675138,1.0,0.007052565841893318,0.006520013341331847,0.005552408914567635,FULL
WHIL,PTK2,44.0,5.075,0.03429632768360894,0.0706143221021208,59.0,2.058947032275678,1.0,0.004371514094364408,0.0027911558643832304,0.002959802756115559,FULL
WHIL,PTK2B,4.0,0.95,0.007194886091861785,0.03138072682731151,5.0,4.361532125269724,1.0,0.0008183129831815147,0.0005855451549836651,0.0013153246960023784,FULL
WHIL,PTPN1,56.0,8.075,0.12477409359672641,0.2049329750719992,90.0,1.6424320879809289,1.0,0.006955660357042875,0.010154554921401946,0.008589775648626487,FULL
WHIL,PTPN11,20.0,3.375,0.06378211409491504,0.17141798376432346,31.0,2.6875556916980523,1.0,0.0029071645455132763,0.005190812947704174,0.007184993152800922,FULL
WHIL,PTPN2,23.0,4.2625,0.0696495180076531,0.17898342688254873,35.0,2.569772656041669,1.0,0.003671641148222323,0.00566832293042955,0.00750209907021206,FULL
WHIL,PTPN6,26.0,5.175,0.07852617883097478,0.1955089791663896,38.0,2.4897299483681326,1.0,0.004457652303120356,0.006390736832632739,0.008194768400455124,FULL
WHIL,PTPRF,23.0,4.2625,0.0696495180076531,0.17898342688254873,35.0,2.569772656041669,1.0,0.003671641148222323,0.00566832293042955,0.00750209907021206,FULL
WHIL,PTPRS,34.0,4.825,0.038961015708120376,0.08973282928106545,46.0,2.3031439927877204,1.0,0.004156168572474536,0.0031707845947605597,0.003761155917294684,FULL
WHIL,PYGL,37.0,4.5875,0.02991292091948599,0.06704289006416787,49.0,2.241268589069633,1.0,0.003951590326679157,0.002434418793040569,0.0028101060079980126,FULL
WHIL,RELA,17.0,2.5125,0.023459537226091245,0.06884003598445429,24.0,2.9344157696295783,1.0,0.002164222494993217,0.001909219713211902,0.0028854334669278464,FULL
WHIL,RORB,1.0,0.0875,0.00068359375,0.003258689515004416,3.0,4.7669972333778885,1.0,7.53709326614553e-05,5.5633265513733464e-05,0.0001365881300097515,FULL
WHIL,RORC,73.0,8.9375,0.0993100285707134,0.14248930633431028,111.0,1.4347927232026845,1.0,0.007698602407562935,0.008082199680220826,0.005972446226919445,FULL
WHIL,RXRA,3.0,0.11249999999999999,0.0030356602059357965,0.012366824490288874,7.0,4.073850052817943,1.0,9.690548485044253e-05,0.0002470527125888746,0.0005183560518759844,FULL
WHIL,SAE1,2.0,0.075,0.0004571476211649622,0.0021792214453386577,3.0,4.7669972333778885,1.0,6.460365656696169e-05,3.720428249562256e-05,9.134217320349767e-05,FULL
WHIL,SENP6,0.0,0.0,0.0,0.0,1.0,5.460144413937834,0.0,0.0,0.0,0.0,FULL
WHIL,SENP7,0.0,0.0,0.0,0.0,1.0,5.460144413937834,0.0,0.0,0.0,0.0,FULL
WHIL,SENP8,1.0,0.0375,0.0006818181818181818,0.0032502253863940147,3.0,4.7669972333778885,1.0,3.2301828283480846e-05,5.5488763525386106e-05,0.00013623335564608982,FULL
WHIL,SHBG,17.0,3.1374999999999997,0.022052539455701736,0.06655009576019796,22.0,3.017797378568629,1.0,0.002702586299717897,0.0017947132822544649,0.0027894505107041515,FULL
WHIL,SIGMAR1,0.0,0.0,0.0,0.0,1.0,5.460144413937834,0.0,0.0,0.0,0.0,FULL
WHIL,SIRT2,4.0,0.225,0.0026303331346762223,0.011066814826169257,6.0,4.207381445442466,1.0,0.0001938109697008851,0.0002140657688444535,0.00046386608337818387,FULL
WHIL,SIRT3,2.0,0.15,0.002086713173264114,0.010547665894100278,2.0,5.054679305829669,1.0,0.00012920731313392338,0.00016982406293095537,0.0004421059305617333,FULL
WHIL,SLC15A2,1.0,0.1375,0.0008233532934131737,0.004161786853602273,2.0,5.054679305829669,1.0,0.00011844003703942978,6.700738908754211e-05,0.00017444149901833515,FULL
WHIL,SLC1A1,3.0,0.2375,0.0022328548644338117,0.009738668222292845,5.0,4.361532125269724,1.0,0.00020457824579537867,0.00018171758815331123,0.00040819675367770287,FULL
WHIL,SLC22A1,18.0,2.2,0.015797517010815002,0.044011815481925884,28.0,2.7859957645113047,1.0,0.0018950405926308764,0.001285657539028688,0.0018447573932192617,FULL
WHIL,SLC22A12,4.0,0.75,0.008996051925701586,0.0408767436666352,4.0,4.543853682063679,1.0,0.000646036565669617,0.0007321303703521128,0.0017133507051242006,FULL
WHIL,SLC28A1,22.0,2.55,0.025949767305202445,0.06974144481933686,31.0,2.6875556916980523,1.0,0.0021965243232766976,0.0021118834022545224,0.0029232160622208233,FULL
WHIL,SLC28A2,22.0,2.55,0.025949767305202445,0.06974144481933686,31.0,2.6875556916980523,1.0,0.0021965243232766976,0.0021118834022545224,0.0029232160622208233,FULL
WHIL,SLC28A3,23.0,2.7375,0.027216659197094338,0.0714962876632264,33.0,2.6269310698816177,1.0,0.0023580334646941016,0.002214987523669936,0.0029967703856395556,FULL
WHIL,SLC47A1,4.0,0.25,0.0030149502981571654,0.011609688714824415,9.0,3.8507065015037334,1.0,0.0002153455218898723,0.0002453672673983451,0.0004866206689074621,FULL
WHIL,SLC5A1,8.0,1.175,0.008865233539393481,0.03252108924724723,11.0,3.6683849447097785,1.0,0.0010121239528824,0.0007214839096149324,0.001363123042471175,FULL
WHIL,SLC5A2,8.0,1.175,0.008865233539393481,0.03329246542484451,10.0,3.755396321699408,1.0,0.0010121239528824,0.0007214839096149324,0.0013954553125898697,FULL
WHIL,SLC6A15,0.0,0.0,0.0,0.0,1.0,5.460144413937834,0.0,0.0,0.0,0.0,FULL
WHIL,SLC6A2,1.0,0.0375,0.0002094972067039106,0.0010589411953553776,2.0,5.054679305829669,1.0,3.2301828283480846e-05,1.7049620077632604e-05,4.438557186804769e-05,FULL
WHIL,SLC6A3,1.0,0.0375,0.0002094972067039106,0.0010589411953553776,2.0,5.054679305829669,1.0,3.2301828283480846e-05,1.7049620077632604e-05,4.438557186804769e-05,FULL
WHIL,SLC6A4,1.0,0.0375,0.0002094972067039106,0.0010589411953553776,2.0,5.054679305829669,1.0,3.2301828283480846e-05,1.7049620077632604e-05,4.438557186804769e-05,FULL
WHIL,SLCO1B1,51.0,7.0875,0.06687935757105906,0.1168096365343549,81.0,1.746572347233526,1.0,0.0061050455455778805,0.005442877523585681,0.004896081614367813,FULL
WHIL,SLCO1B3,51.0,7.0875,0.06687935757105906,0.11599896772906448,82.0,1.734450986701181,1.0,0.0061050455455778805,0.005442877523585681,0.00486210239184231,FULL
WHIL,SLCO2B1,51.0,7.0875,0.06687935757105906,0.1168096365343549,81.0,1.746572347233526,1.0,0.0061050455455778805,0.005442877523585681,0.004896081614367813,FULL
WHIL,SMAD3,9.0,0.8125,0.005914337747893022,0.021222667944862335,12.0,3.588342237036242,1.0,0.000699872946142085,0.0004813296234297475,0.0008895491623425542,FULL
WHIL,SOAT1,37.0,4.8125,0.0457957192720087,0.09997204055947187,52.0,2.182999680945657,1.0,0.004145401296380042,0.003727016827833872,0.004190332957590404,FULL
WHIL,SOAT2,2.0,0.4,0.0021977616831618274,0.011108980499023471,2.0,5.054679305829669,1.0,0.0003445528350237957,0.00017886158153911108,0.00046563345961309104,FULL
WHIL,SRC,50.0,6.675,0.048422201650763344,0.09435545250909287,66.0,1.948598975106813,1.0,0.0057497254344595905,0.003940769208607394,0.003954913395430815,FULL
WHIL,STAT3,12.0,1.475,0.009451167554869714,0.029842622206680377,19.0,3.157559320943788,1.0,0.0012705385791502467,0.0007691692821867519,0.0012508549657859727,FULL
WHIL,SYK,52.0,7.0,0.05501426913413113,0.10479097917930867,69.0,1.90479635244842,1.0,0.006029674612916425,0.004477254863408434,0.004392319004952265,FULL
WHIL,TAS2R31,0.0,0.0,0.0,0.0,2.0,5.054679305829669,0.0,0.0,0.0,0.0,FULL
WHIL,TBXAS1,13.0,1.9125,0.013180669177485099,0.043760853062433755,16.0,3.3200782504415627,1.0,0.0016473932424575233,0.0010726892514738636,0.001834238291162033,FULL
WHIL,TEK,9.0,0.8125,0.005966612756257023,0.02188783240596658,11.0,3.6683849447097785,1.0,0.000699872946142085,0.00048558394760993067,0.0009174295631824758,FULL
WHIL,TERT,49.0,6.7625,0.06619307267303659,0.1280030975198168,67.0,1.9337838893216723,1.0,0.005825096367121046,0.0053870252429734766,0.005365256077691693,FULL
WHIL,TGM2,3.0,0.23750000000000002,0.004317359855334539,0.019617451475455756,4.0,4.543853682063679,1.0,0.0002045782457953787,0.0003513619414310917,0.0008222664357104028,FULL
WHIL,THRA,0.0,0.0,0.0,0.0,1.0,5.460144413937834,0.0,0.0,0.0,0.0,FULL
WHIL,THRB,68.0,8.75,0.12624616614231224,0.18928482137533964,104.0,1.4993312443402556,1.0,0.007537093266145531,0.010274357366617477,0.007933882522972566,FULL
WHIL,TLR2,41.0,4.8875,0.040988679941864226,0.08174817213636983,63.0,1.9944085111381071,1.0,0.004210004952947004,0.0033358030471507,0.00342647862351099,FULL
WHIL,TNKS,31.0,4.3875,0.032595458413613575,0.07797131831892223,42.0,2.3920914788042165,1.0,0.003779313909167259,0.0026527331364080225,0.0032681716114835928,FULL
WHIL,TNKS2,31.0,4.3875,0.032595458413613575,0.07797131831892223,42.0,2.3920914788042165,1.0,0.003779313909167259,0.0026527331364080225,0.0032681716114835928,FULL
WHIL,TOP1,37.0,5.4375,0.07867699015371088,0.17477825560125385,50.0,2.221465961773453,1.0,0.004683765101104723,0.006403010388908312,0.007325839110790305,FULL
WHIL,TOP2A,60.0,8.175,0.11122643973353852,0.19158473905140044,83.0,1.7224747956544653,1.0,0.0070417985657988255,0.009051999164479229,0.008030283684575435,FULL
WHIL,TRPV1,25.0,3.0125,0.03623657445777481,0.09116054730092235,37.0,2.515705434771393,1.0,0.0025949135387729615,0.0029490599762176857,0.0038209987877539818,FULL
WHIL,TTR,45.0,6.2125,0.05137602569474877,0.1016682394282091,64.0,1.9789043246021418,1.0,0.0053513362189633274,0.004181161806286777,0.004261429215929444,FULL
WHIL,TUBB3,1.0,0.6625,0.006760204081632653,0.03691169055340627,1.0,5.460144413937834,1.0,0.0005706656330081616,0.0005501692029812942,0.0015471553104320647,FULL
WHIL,TYR,54.0,7.275,0.07329807541433056,0.13168605920289123,77.0,1.7965827678081872,1.0,0.006266554686995284,0.005965255374513169,0.005519627596325931,FULL
WHIL,UBE2N,9.0,1.5125000000000002,0.01651643562660828,0.05690310769214412,14.0,3.445241393395569,1.0,0.0013028404074337276,0.0013441656664584562,0.0023850965351643635,FULL
WHIL,UGT1A1,73.0,9.0125,0.3574611695687547,0.5193236009756385,109.0,1.4528112287053627,1.0,0.007763206064129896,0.029091448184639244,0.02176747407219515,FULL
WHIL,VCP,1.0,0.0375,0.00021676300578034682,0.0009849393819502195,4.0,4.543853682063679,1.0,3.2301828283480846e-05,1.7640936380903097e-05,4.128378224869287e-05,FULL
WHIL,VDR,1.0,0.0375,0.00041666666666666664,0.0019862488472407866,3.0,4.7669972333778885,1.0,3.2301828283480846e-05,3.39097999321804e-05,8.325371733927709e-05,FULL
WHIL,XDH,52.0,6.8999999999999995,0.051702609101737594,0.09560983493695731,73.0,1.849226501293609,1.0,0.005943536404160475,0.004207740313467963,0.004007490896094871,FULL
WHIL,XIAP,1.0,0.0375,0.00021802325581395349,0.0011020376393523989,2.0,5.054679305829669,1.0,3.2301828283480846e-05,1.7743499964513e-05,4.6191961420817075e-05,FULL
WHIL,XPO1,5.0,1.1625,0.008384515030705409,0.03075762870733257,11.0,3.6683849447097785,1.0,0.0010013566767879062,0.0006823613453269916,0.0012892075079031003,FULL
PDOL,ABCB1,12.0,1.2424242424242418,0.011901762375488184,0.03315825956833009,28.0,2.7859957645113047,1.0,0.0013030351183855075,0.000993067404275879,0.0014432498221752397,LOPO
PDOL,ABCB11,12.0,1.1818181818181812,0.011228801298853336,0.03603156841486146,18.0,3.2088526153313386,1.0,0.0012394724296837755,0.0009369164168449057,0.0015683137590584563,LOPO
PDOL,ABCC1,34.0,4.454545454545453,0.03441512428466918,0.0702900600303285,60.0,2.042417730324468,1.0,0.0046718576195773085,0.002871552721603245,0.003059452394671255,LOPO
PDOL,ABCG2,36.0,4.757575757575756,0.03717271018042838,0.07413756956591652,63.0,1.9944085111381071,1.0,0.004989671063085969,0.0031016420630951627,0.0032269194911155635,LOPO
PDOL,ACHE,47.0,5.893939393939392,0.05093682055767345,0.0809357249964352,95.0,1.5889434030299427,1.0,0.006181471476243445,0.004250101336038494,0.0035228167047795388,LOPO
PDOL,ACP1,13.0,1.5606060606060599,0.02889714429176888,0.08479623590702796,24.0,2.9344157696295783,1.0,0.0016367392340696008,0.0024111397259883017,0.0036908497004117997,LOPO
PDOL,ADORA1,18.0,2.09090909090909,0.02150361934667027,0.05779217456725204,31.0,2.6875556916980523,1.0,0.0021929127602097567,0.0017942337255123114,0.002515468144382692,LOPO
PDOL,ADORA2A,21.0,2.9545454545454533,0.02774365353007256,0.07129488222027439,35.0,2.569772656041669,1.0,0.0030986810742094388,0.002314893973432098,0.0031031883888349007,LOPO
PDOL,ADORA2B,18.0,2.09090909090909,0.02150361934667027,0.05779217456725204,31.0,2.6875556916980523,1.0,0.0021929127602097567,0.0017942337255123114,0.002515468144382692,LOPO
PDOL,ADORA3,43.0,5.74242424242424,0.04742577779212174,0.0870644079580822,74.0,1.8358034809614685,1.0,0.006022564754489115,0.003957144543969704,0.0037895743907895014,LOPO
PDOL,ADRA1A,0.0,0.0,0.0,0.0,2.0,5.054679305829669,0.0,0.0,0.0,0.0,LOPO
PDOL,ADRA1B,0.0,0.0,0.0,0.0,2.0,5.054679305829669,0.0,0.0,0.0,0.0,LOPO
PDOL,ADRA1D,0.0,0.0,0.0,0.0,1.0,5.460144413937834,0.0,0.0,0.0,0.0,LOPO
PDOL,ADRA2A,1.0,0.1363636363636363,0.0007618080243778564,0.003850695255837735,2.0,5.054679305829669,1.0,0.00014301604957889715,6.356425993544695e-05,0.00016760575843211356,LOPO
PDOL,ADRA2B,6.0,0.5757575757575755,0.0037691435975779797,0.013245653579871109,13.0,3.5142342648825204,1.0,0.0006038455426664547,0.0003144923861443069,0.0005765316823806553,LOPO
PDOL,ADRA2C,0.0,0.0,0.0,0.0,2.0,5.054679305829669,0.0,0.0,0.0,0.0,LOPO
PDOL,ADRB1,1.0,0.1666666666666666,0.0013661202185792345,0.00745921368024294,1.0,5.460144413937834,1.0,0.0001747973939297632,0.00011398727487513213,0.00032467050314848327,LOPO
PDOL,ADRB2,16.0,2.393939393939393,0.019892717472134433,0.057593297285203265,25.0,2.8951950564762967,1.0,0.002510726203718417,0.0016598221911009773,0.0025068117913144587,LOPO
PDOL,AGTR1,1.0,0.0454545454545454,0.0002788622420524258,0.001522628113200733,1.0,5.460144413937834,1.0,4.767201652629902e-05,2.3267898831175863e-05,6.627406812735347e-05,LOPO
PDOL,AKR1B1,59.0,7.893939393939391,0.09814261353748244,0.1390772249846297,113.0,1.4170931461032836,1.0,0.008279040203400603,0.008188890636502962,0.006053489623424208,LOPO
PDOL,AKR1B10,43.0,5.71212121212121,0.06259641979705867,0.10490876897099227,87.0,1.6759547800195724,1.0,0.005990783410138249,0.005222962966631952,0.004566269886692765,LOPO
PDOL,AKR1C2,18.0,1.7575757575757567,0.015195615858262753,0.035658474437257504,44.0,2.3466291047274592,1.0,0.0018433179723502302,0.0012679022081483464,0.001552074432150422,LOPO
PDOL,AKR1C3,18.0,1.7575757575757567,0.015195615858262753,0.03532449141377441,45.0,2.324650198008684,1.0,0.0018433179723502302,0.0012679022081483464,0.0015375374526609465,LOPO
PDOL,AKR1C4,18.0,1.7575757575757567,0.015195615858262753,0.035658474437257504,44.0,2.3466291047274592,1.0,0.0018433179723502302,0.0012679022081483464,0.001552074432150422,LOPO
PDOL,AKT1,39.0,6.015151515151513,0.05387493392144796,0.10418247925556573,67.0,1.9337838893216723,1.0,0.006308596853646909,0.004495253652105647,0.004534657325711481,LOPO
PDOL,ALDH2,1.0,0.4090909090909091,0.0030529172320217096,0.01543151755511093,2.0,5.054679305829669,1.0,0.00042904814873669176,0.0002547313998905599,0.0006716738229704852,LOPO
PDOL,ALK,29.0,3.4999999999999987,0.02424298830139545,0.05338422089495281,51.0,2.2020478759163513,1.0,0.0036707452725250277,0.0020228030693958286,0.0023236070987028763,LOPO
PDOL,ALOX12,43.0,5.621212121212119,0.04318428141977388,0.07649080449401967,79.0,1.7712649598238974,1.0,0.005895439377085651,0.003603239663343966,0.0033293466370434904,LOPO
PDOL,ALOX15,62.0,8.848484848484846,0.19195201768927847,0.2670278416226065,116.0,1.391117659700023,1.0,0.009280152550452885,0.0160162239791307,0.011622681345608206,LOPO
PDOL,ALOX5,55.0,7.712121212121209,0.10621385893568075,0.15824298331093922,105.0,1.4898525003857117,1.0,0.008088352137295408,0.008862344740524566,0.006887700394930418,LOPO
PDOL,ALPI,23.0,3.59090909090909,0.025822555714113835,0.0594730640713875,46.0,2.3031439927877204,1.0,0.0037660893055776264,0.0021546000975113952,0.002588630714117105,LOPO
PDOL,ALPL,23.0,3.59090909090909,0.025822555714113835,0.0594730640713875,46.0,2.3031439927877204,1.0,0.0037660893055776264,0.0021546000975113952,0.002588630714117105,LOPO
PDOL,AMY1A,45.0,6.318181818181816,0.057660024710607355,0.09931793928083484,83.0,1.7224747956544653,1.0,0.006626410297155569,0.004811076650948276,0.004322922857591197,LOPO
PDOL,ANPEP,0.0,0.0,0.0,0.0,2.0,5.054679305829669,0.0,0.0,0.0,0.0,LOPO
PDOL,AOC3,3.0,0.4393939393939392,0.003030303030303029,0.013216764015968855,5.0,4.361532125269724,1.0,0.0004608294930875576,0.00025284450063211124,0.0005752742322458336,LOPO
PDOL,AOX1,4.0,1.0303030303030303,0.006844125038094758,0.029850871223013158,5.0,4.361532125269724,1.0,0.0010805657079294457,0.0005710647945818637,0.0012992920963058685,LOPO
PDOL,APEX1,46.0,6.393939393939392,0.06944737215255607,0.11330359722078075,91.0,1.6315030174487386,1.0,0.0067058636580327345,0.005794597423601394,0.004931664045989078,LOPO
PDOL,APOBEC3G,3.0,0.4999999999999999,0.003095670008167516,0.011625467761867465,10.0,3.755396321699408,1.0,0.0005243921817892897,0.0002582986353211835,0.0005060113075429488,LOPO
PDOL,APP,48.0,6.545454545454543,0.06077409870154196,0.09720298701857417,94.0,1.599414702897238,1.0,0.006864770379787065,0.005070910890394148,0.004230867227526336,LOPO
PDOL,AR,38.0,5.787878787878786,0.1755834503815497,0.3295043760589973,71.0,1.8766254754817235,1.0,0.006070236771015414,0.014650452244225391,0.014342041420271718,LOPO
PDOL,ATR,2.0,0.3030303030303029,0.002128500513088283,0.010146556057135263,3.0,4.7669972333778885,1.0,0.0003178134435086604,0.00017759928427790988,0.0004416400443145777,LOPO
PDOL,AURKA,5.0,0.6212121212121209,0.004887105156216327,0.017927782978277504,11.0,3.6683849447097785,1.0,0.0006515175591927537,0.00040777362871084413,0.0007803265289625807,LOPO
PDOL,AURKB,32.0,3.878787878787877,0.02736733671674157,0.05634789671422426,59.0,2.058947032275678,1.0,0.004068012076910853,0.0022834945933058715,0.0024526043577518374,LOPO
PDOL,AVPR2,27.0,3.2878787878787863,0.02236033915719638,0.050115525793968,49.0,2.241268589069633,1.0,0.003448275862068965,0.001865717300094768,0.002181333538972763,LOPO
PDOL,AXL,29.0,3.4999999999999987,0.02424298830139545,0.05338422089495281,51.0,2.2020478759163513,1.0,0.0036707452725250277,0.0020228030693958286,0.0023236070987028763,LOPO
PDOL,BACE1,51.0,6.924242424242421,0.07549739285214992,0.11917872091451773,96.0,1.578580615994396,1.0,0.0072620371841728894,0.006299403196260298,0.0051873852851804765,LOPO
PDOL,BBOX1,0.0,0.0,0.0,0.0,1.0,5.460144413937834,0.0,0.0,0.0,0.0,LOPO
PDOL,BCHE,41.0,5.257575757575755,0.04232991117934719,0.07497748842443554,79.0,1.7712649598238974,1.0,0.005514063244875258,0.00353195213380141,0.0032634778858859873,LOPO
PDOL,BCL2,25.0,3.712121212121211,0.03702797085690259,0.08153736457493492,51.0,2.2020478759163513,1.0,0.0038932146829810904,0.0030895652042421894,0.0035490037310585854,LOPO
PDOL,BCL2L1,17.0,2.4090909090909083,0.018102539116132462,0.04288676091149683,43.0,2.369101960579518,1.0,0.0025266168758938503,0.0015104520627872856,0.0018666935739385987,LOPO
PDOL,BCR,2.0,0.0909090909090908,0.0013570329443979969,0.005368513272534552,8.0,3.9560670171615597,1.0,9.534403305259804e-05,0.00011322904466531963,0.00023367046180346662,LOPO
PDOL,BRAF,5.0,0.6212121212121209,0.004887105156216327,0.017927782978277504,11.0,3.6683849447097785,1.0,0.0006515175591927537,0.00040777362871084413,0.0007803265289625807,LOPO
PDOL,CA1,59.0,8.045454545454543,0.08748007105722054,0.12095055598261774,117.0,1.3826069700321142,1.0,0.008437946925154935,0.0072992221109690995,0.005264506360901882,LOPO
PDOL,CA12,58.0,7.999999999999997,0.08668262289135133,0.12283735078558956,113.0,1.4170931461032836,1.0,0.008390274908628636,0.007232684084486965,0.005346631185887302,LOPO
PDOL,CA13,29.0,4.227272727272726,0.04406957324404079,0.0962038643311523,52.0,2.182999680945657,1.0,0.004433497536945813,0.0036771072491867166,0.004187379310496754,LOPO
PDOL,CA14,51.0,7.287878787878785,0.07722280452551195,0.11955027691110384,99.0,1.5481214085096875,1.0,0.007643413316383283,0.006443369277729191,0.005203557669768274,LOPO
PDOL,CA2,59.0,8.045454545454543,0.08748007105722054,0.12095055598261774,117.0,1.3826069700321142,1.0,0.008437946925154935,0.0072992221109690995,0.005264506360901882,LOPO
PDOL,CA3,50.0,7.2424242424242395,0.07670627559989211,0.12030030185859887,97.0,1.568324115827207,1.0,0.0075957412998569835,0.006400270783303263,0.005236203332905946,LOPO
PDOL,CA4,56.0,7.818181818181816,0.08277603565143075,0.11876645360823883,111.0,1.4347927232026845,1.0,0.008199586842523438,0.006906723581535312,0.005169440895932616,LOPO
PDOL,CA5A,50.0,7.2424242424242395,0.07670627559989211,0.12030030185859887,97.0,1.568324115827207,1.0,0.0075957412998569835,0.006400270783303263,0.005236203332905946,LOPO
PDOL,CA5B,50.0,7.2424242424242395,0.07670627559989211,0.12030030185859887,97.0,1.568324115827207,1.0,0.0075957412998569835,0.006400270783303263,0.005236203332905946,LOPO
PDOL,CA6,51.0,7.287878787878785,0.07722280452551195,0.11878188445666547,100.0,1.5381710776565196,1.0,0.007643413316383283,0.006443369277729191,0.005170112540631032,LOPO
PDOL,CA7,58.0,7.999999999999997,0.08668262289135133,0.12283735078558956,113.0,1.4170931461032836,1.0,0.008390274908628636,0.007232684084486965,0.005346631185887302,LOPO
PDOL,CA9,55.0,7.8030303030303,0.08475006451231887,0.12787943127413823,103.0,1.5089006953564064,1.0,0.008183696170348006,0.00707143395425164,0.005566093300703529,LOPO
PDOL,CACNA1C,1.0,0.1666666666666666,0.0013661202185792345,0.006905299598127961,2.0,5.054679305829669,1.0,0.0001747973939297632,0.00011398727487513213,0.0003005607817421053,LOPO
PDOL,CACNA1D,1.0,0.1666666666666666,0.0013661202185792345,0.00745921368024294,1.0,5.460144413937834,1.0,0.0001747973939297632,0.00011398727487513213,0.00032467050314848327,LOPO
PDOL,CAMK2B,28.0,3.4545454545454533,0.023726459375775617,0.05270752189668614,50.0,2.221465961773453,1.0,0.003623073255998729,0.0019797045749699003,0.0022941530283858884,LOPO
PDOL,CARM1,4.0,0.4545454545454543,0.0035209849376370925,0.013222693883561357,10.0,3.755396321699408,1.0,0.00047672016526299055,0.000293786353835712,0.0005755323362736027,LOPO
PDOL,CBR1,17.0,2.7727272727272716,0.021237386887772762,0.06318627548036201,23.0,2.975237764149833,1.0,0.0029079930081042427,0.0017720196391820516,0.0027502523364660685,LOPO
PDOL,CCR4,27.0,3.2878787878787863,0.02236033915719638,0.050115525793968,49.0,2.241268589069633,1.0,0.003448275862068965,0.001865717300094768,0.002181333538972763,LOPO
PDOL,CD38,34.0,4.727272727272726,0.04352266744294663,0.08416343312147505,67.0,1.9337838893216723,1.0,0.004957889718735103,0.003631474148210466,0.003663306261171896,LOPO
PDOL,CDC25B,15.0,1.8333333333333326,0.031047278193466317,0.08248591297348214,32.0,2.6567840330312986,1.0,0.0019227713332273953,0.002590544071768366,0.003590290346380079,LOPO
PDOL,CDK6,38.0,5.15151515151515,0.038717122726282915,0.07374823414632152,69.0,1.90479635244842,1.0,0.005402828539647227,0.003230505815340927,0.003209973237530116,LOPO
PDOL,CES1,8.0,1.4242424242424239,0.010207485108286111,0.03587149392581712,13.0,3.5142342648825204,1.0,0.0014937231844907041,0.0008516991367217238,0.0015613463403562789,LOPO
PDOL,CES2,9.0,1.4999999999999996,0.010726372613474987,0.03848989589912112,12.0,3.588342237036242,1.0,0.001573176545367869,0.0008949944279258526,0.0016753151744130482,LOPO
PDOL,CHRM1,4.0,0.2424242424242422,0.0014826503494736636,0.00623807557045428,6.0,4.207381445442466,1.0,0.0002542507548069282,0.00012371039578414896,0.00027151911997132786,LOPO
PDOL,CHRM2,4.0,0.2424242424242422,0.0014826503494736636,0.00623807557045428,6.0,4.207381445442466,1.0,0.0002542507548069282,0.00012371039578414896,0.00027151911997132786,LOPO
PDOL,CHRM3,4.0,0.2424242424242422,0.0014826503494736636,0.006736946249668907,4.0,4.543853682063679,1.0,0.0002542507548069282,0.00012371039578414896,0.000293233016552095,LOPO
PDOL,CHRM4,4.0,0.2424242424242422,0.0014826503494736636,0.00623807557045428,6.0,4.207381445442466,1.0,0.0002542507548069282,0.00012371039578414896,0.00027151911997132786,LOPO
PDOL,CHRM5,4.0,0.2424242424242422,0.0014826503494736636,0.006466627129771767,5.0,4.361532125269724,1.0,0.0002542507548069282,0.00012371039578414896,0.0002814670786892181,LOPO
PDOL,CHRNA3,4.0,0.2424242424242422,0.0014826503494736636,0.007067790114007714,3.0,4.7669972333778885,1.0,0.0002542507548069282,0.00012371039578414896,0.00030763336067723745,LOPO
PDOL,CHRNA7,8.0,1.4545454545454541,0.010246597330543327,0.03848003392505739,10.0,3.755396321699408,1.0,0.0015255045288415702,0.0008549626091224524,0.0016748859211138981,LOPO
PDOL,CLK1,1.0,0.1666666666666666,0.0013661202185792345,0.00745921368024294,1.0,5.460144413937834,1.0,0.0001747973939297632,0.00011398727487513213,0.00032467050314848327,LOPO
PDOL,CNR1,7.0,0.833333333333333,0.03937748415309753,0.13073632869380641,16.0,3.3200782504415627,1.0,0.0008739869696488161,0.0032856055045568117,0.0056904429121302745,LOPO
PDOL,CNR2,7.0,0.833333333333333,0.03937748415309753,0.13073632869380641,16.0,3.3200782504415627,1.0,0.0008739869696488161,0.0032856055045568117,0.0056904429121302745,LOPO
PDOL,CSNK1D,1.0,0.1666666666666666,0.0013661202185792345,0.00745921368024294,1.0,5.460144413937834,1.0,0.0001747973939297632,0.00011398727487513213,0.00032467050314848327,LOPO
PDOL,CSNK2A1,23.0,3.196969696969696,0.024746189755501757,0.055462857798162825,49.0,2.241268589069633,1.0,0.0033529318290163672,0.0020647895371215127,0.002414082062708227,LOPO
PDOL,CTBP2,7.0,0.6515151515151512,0.004273673559744477,0.016906939011820554,8.0,3.9560670171615597,1.0,0.0006832989035436197,0.00035658970283582246,0.000735893169303835,LOPO
PDOL,CTSD,8.0,0.4848484848484844,0.00354986778949983,0.012738140524956719,12.0,3.588342237036242,1.0,0.0005085015096138564,0.00029619630102021346,0.0005544416168647801,LOPO
PDOL,CTSL,20.0,3.424242424242423,0.037325219287297054,0.091984723554104,39.0,2.4644121403838426,1.0,0.0035912919116478626,0.0031143672224546227,0.004003736554348503,LOPO
PDOL,CXCL8,49.0,7.469696969696967,0.22771702105570754,0.3642139515764586,94.0,1.599414702897238,1.0,0.00783410138248848,0.019000408836506576,0.015852813980276652,LOPO
PDOL,CXCR1,27.0,3.2878787878787863,0.02236033915719638,0.050115525793968,49.0,2.241268589069633,1.0,0.003448275862068965,0.001865717300094768,0.002181333538972763,LOPO
PDOL,CYP19A1,62.0,8.27272727272727,0.10273068087001117,0.14379227818511015,115.0,1.3997014033914144,1.0,0.008676307007786429,0.008571712942377673,0.006258717514807256,LOPO
PDOL,CYP1A1,42.0,5.454545454545452,0.043022396412081894,0.07620406325237403,79.0,1.7712649598238974,1.0,0.005720641983155887,0.003589732191147163,0.003316865908217462,LOPO
PDOL,CYP1A2,48.0,5.969696969696967,0.11506072273729177,0.19415156226548155,86.0,1.6873834758431951,1.0,0.00626092483712061,0.009600515424350517,0.00845066090206776,LOPO
PDOL,CYP1B1,42.0,5.454545454545452,0.043022396412081894,0.0767452326068588,78.0,1.7838437420307574,1.0,0.005720641983155887,0.003589732191147163,0.0033404209012959534,LOPO
PDOL,CYP2A13,7.0,0.7727272727272724,0.007777180068419034,0.02920639342213479,10.0,3.755396321699408,1.0,0.000810424280947084,0.0006489176795393887,0.0012712404891460649,LOPO
PDOL,CYP2A6,36.0,4.484848484848483,0.04128854230571143,0.08045481122056358,66.0,1.948598975106813,1.0,0.004703638963928174,0.003445061684168085,0.00350188440222373,LOPO
PDOL,CYP2B6,9.0,1.0151515151515147,0.008000283409449799,0.027562907561132277,14.0,3.445241393395569,1.0,0.0010646750357540123,0.0006675331289806408,0.0011997059542362505,LOPO
PDOL,CYP2C19,54.0,6.727272727272724,0.06626529400614334,0.09872551396384696,105.0,1.4898525003857117,1.0,0.00705545844589226,0.005529089006833706,0.004297136892208034,LOPO
PDOL,CYP2C8,29.0,3.378787878787877,0.023411627441104987,0.051553524478430195,51.0,2.2020478759163513,1.0,0.0035436198951215633,0.0019534354122793043,0.0022439240178657063,LOPO
PDOL,CYP2C9,54.0,6.848484848484846,0.07161391092846445,0.10602172823011763,106.0,1.4804627600358728,1.0,0.007182583823295725,0.005975370570516631,0.00461471266607058,LOPO
PDOL,CYP2D6,52.0,6.575757575757573,0.058771581171780926,0.08756098716039963,105.0,1.4898525003857117,1.0,0.00689655172413793,0.00490382346060372,0.003811188548310757,LOPO
PDOL,CYP2E1,3.0,0.7727272727272727,0.006738385005923016,0.030618235520325977,4.0,4.543853682063679,1.0,0.0008104242809470843,0.0005622419853235388,0.001332692473770135,LOPO
PDOL,CYP2J2,29.0,3.4999999999999987,0.024261218734064387,0.05342436518048847,51.0,2.2020478759163513,1.0,0.0036707452725250277,0.002024324192728508,0.0023253544230110567,LOPO
PDOL,CYP3A4,69.0,9.469696969696967,0.3293246147377443,0.4110026571349716,134.0,1.2480168160593494,1.0,0.009931670109645638,0.02747841286054505,0.01788934399892788,LOPO
PDOL,CYP3A5,1.0,0.0454545454545454,0.0002788622420524258,0.001522628113200733,1.0,5.460144413937834,1.0,4.767201652629902e-05,2.3267898831175863e-05,6.627406812735347e-05,LOPO
PDOL,DAO,16.0,1.878787878787878,0.024562173243720255,0.06759741483870851,29.0,2.7520942128356234,1.0,0.0019704433497536944,0.002049435441321792,0.0029422520426449898,LOPO
PDOL,DAPK1,46.0,5.787878787878785,0.055559073527031336,0.09636448989916296,82.0,1.734450986701181,1.0,0.0060702367710154135,0.004635776046503249,0.004194370715518796,LOPO
PDOL,DHFR,6.0,0.8787878787878785,0.0076137901224207286,0.027930313057268223,11.0,3.6683849447097785,1.0,0.0009216589861751152,0.0006352846372689865,0.0012156976837138394,LOPO
PDOL,DNMT1,3.0,0.8333333333333333,0.005635721989200912,0.022295293879369862,8.0,3.9560670171615597,1.0,0.0008739869696488164,0.00047023723298010155,0.0009704272584161387,LOPO
PDOL,DNMT3B,0.0,0.0,0.0,0.0,2.0,5.054679305829669,0.0,0.0,0.0,0.0,LOPO
PDOL,DPP4,47.0,6.136363636363634,0.05211752808642014,0.09039529801391792,82.0,1.734450986701181,1.0,0.006435722231050373,0.004348618019853009,0.0039345550545322305,LOPO
PDOL,DRD1,38.0,5.666666666666665,0.12845794245959366,0.23582353792447008,74.0,1.8358034809614685,1.0,0.00594311139361195,0.010718361823430068,0.010264479607949704,LOPO
PDOL,DRD2,6.0,0.48484848484848453,0.005080501416807584,0.018637234908993643,11.0,3.6683849447097785,1.0,0.0005085015096138565,0.0004239103584188378,0.0008112062067918087,LOPO
PDOL,DRD3,3.0,0.16666666666666652,0.002807104841850198,0.012755073671579803,4.0,4.543853682063679,1.0,0.00017479739392976313,0.0002342211372466664,0.0005551786507492719,LOPO
PDOL,DRD4,1.0,0.0757575757575757,0.00039663652229097226,0.0020048704211604257,2.0,5.054679305829669,1.0,7.945336087716508e-05,3.3094829925669e-05,8.726419650770308e-05,LOPO
PDOL,DRD5,1.0,0.0757575757575757,0.00039663652229097226,0.0020048704211604257,2.0,5.054679305829669,1.0,7.945336087716508e-05,3.3094829925669e-05,8.726419650770308e-05,LOPO
PDOL,DUSP3,40.0,5.545454545454543,0.052806935099214455,0.09624371544468154,75.0,1.8225582542114478,1.0,0.0058159860162084855,0.004406141234574153,0.004189113874169978,LOPO
PDOL,DYRK1A,4.0,0.4545454545454543,0.0035209849376370925,0.012916328135777809,11.0,3.6683849447097785,1.0,0.00047672016526299055,0.000293786353835712,0.0005621974291715573,LOPO
PDOL,DYRK1B,1.0,0.1666666666666666,0.0013661202185792345,0.00745921368024294,1.0,5.460144413937834,1.0,0.0001747973939297632,0.00011398727487513213,0.00032467050314848327,LOPO
PDOL,EBP,0.0,0.0,0.0,0.0,2.0,5.054679305829669,0.0,0.0,0.0,0.0,LOPO
PDOL,EDNRA,1.0,0.1363636363636363,0.0011269722013523662,0.006153430969877346,1.0,5.460144413937834,1.0,0.00014301604957889715,9.403307874747939e-05,0.00026783487036591627,LOPO
PDOL,EGFR,49.0,6.8030303030303,0.0623525304025174,0.09778897711311714,97.0,1.568324115827207,1.0,0.007134911806769425,0.005202613156215107,0.004256373092754357,LOPO
PDOL,EGLN1,13.0,1.0151515151515145,0.0521273086991656,0.1550911373852536,23.0,2.975237764149833,1.0,0.0010646750357540121,0.004349434101321025,0.006750512824443026,LOPO
PDOL,EHMT2,70.0,9.515151515151512,0.3160130469977006,0.38516228290322485,138.0,1.2188176613670871,1.0,0.009979342126171938,0.02636771315025063,0.016764613207854325,LOPO
PDOL,ENPP2,0.0,0.0,0.0,0.0,1.0,5.460144413937834,0.0,0.0,0.0,0.0,LOPO
PDOL,EP300,2.0,0.24242424242424232,0.001471146086203357,0.005993228560982456,7.0,4.073850052817943,1.0,0.0002542507548069283,0.00012275049518258103,0.00026086188381114464,LOPO
PDOL,EPHB4,5.0,0.6212121212121209,0.004887105156216327,0.017927782978277504,11.0,3.6683849447097785,1.0,0.0006515175591927537,0.00040777362871084413,0.0007803265289625807,LOPO
PDOL,EPHX2,39.0,5.378787878787877,0.04353458120636819,0.08050530128953474,73.0,1.849226501293609,1.0,0.005641188622278723,0.0036324682169662473,0.003504082038167621,LOPO
PDOL,ERBB2,21.0,2.59090909090909,0.02547755905497579,0.061544151553499966,41.0,2.4156219762144104,1.0,0.0027173049419990463,0.0021258140298715585,0.002678777081241968,LOPO
PDOL,ERN1,1.0,0.0454545454545454,0.00024838549428713336,0.0011286273427877978,4.0,4.543853682063679,1.0,4.767201652629902e-05,2.0724959068205824e-05,4.91247500015465e-05,LOPO
PDOL,ESR1,62.0,8.27272727272727,0.10199266183319533,0.14101576514270425,117.0,1.3826069700321142,1.0,0.008676307007786429,0.008510133604286844,0.006137866722067011,LOPO
PDOL,ESR2,21.0,2.7727272727272716,0.024514038699549802,0.05807625714482561,43.0,2.369101960579518,1.0,0.0029079930081042427,0.002045419158243094,0.002527833151922404,LOPO
PDOL,ESRRA,20.0,3.1515151515151505,0.021191737030880512,0.05222517401472378,39.0,2.4644121403838426,1.0,0.0033052598124900683,0.0017682106751430015,0.0022731583047806213,LOPO
PDOL,ESRRB,3.0,0.8333333333333333,0.005635721989200912,0.0256078961117178,4.0,4.543853682063679,1.0,0.0008739869696488164,0.00047023723298010155,0.001114611924469594,LOPO
PDOL,F10,4.0,0.3333333333333331,0.011371185054734124,0.04959578891860984,5.0,4.361532125269724,1.0,0.0003495947878595263,0.0009487967302306605,0.002158711418188866,LOPO
PDOL,F2,34.0,4.545454545454544,0.04061539020324513,0.0836249371236902,59.0,2.058947032275678,1.0,0.004767201652629906,0.0033888947577928943,0.003639867628892554,LOPO
PDOL,F3,35.0,4.924242424242422,0.05840661782732895,0.1192907118188218,60.0,2.042417730324468,1.0,0.005164468457015731,0.0048733713989933146,0.0051922598128193295,LOPO
PDOL,FABP2,33.0,4.863636363636362,0.05449932015398865,0.10869390796635554,63.0,1.9944085111381071,1.0,0.005100905768314,0.004547351618411191,0.004731022236577386,LOPO
PDOL,FABP3,40.0,5.5757575757575735,0.06249742509120276,0.11815836418828553,70.0,1.8906117174564634,1.0,0.005847767360559351,0.005214702978532723,0.0051429731331899525,LOPO
PDOL,FABP4,42.0,5.787878787878785,0.07283610601811899,0.13469045749973654,73.0,1.849226501293609,1.0,0.0060702367710154135,0.006077348921865809,0.005862550729920183,LOPO
PDOL,FABP5,33.0,4.863636363636362,0.05449932015398865,0.10869390796635554,63.0,1.9944085111381071,1.0,0.005100905768314,0.004547351618411191,0.004731022236577386,LOPO
PDOL,FASN,24.0,3.3636363636363624,0.02982613808485138,0.06567858401653477,51.0,2.2020478759163513,1.0,0.0035277292229461306,0.002488653746650053,0.002858732814587204,LOPO
PDOL,FDPS,2.0,0.0909090909090908,0.02525252525252522,0.12037871801459299,3.0,4.7669972333778885,1.0,9.534403305259804e-05,0.0021070375052675916,0.005239616482590747,LOPO
PDOL,FLT3,41.0,5.439393939393937,0.04119528075414766,0.0745422909028216,76.0,1.8094861726440952,1.0,0.005704751310980453,0.0034372800629250905,0.0032445354337230182,LOPO
PDOL,FLT4,5.0,0.6212121212121209,0.004887105156216327,0.017927782978277504,11.0,3.6683849447097785,1.0,0.0006515175591927537,0.00040777362871084413,0.0007803265289625807,LOPO
PDOL,FOLH1,3.0,0.4999999999999999,0.003563200931621983,0.015541015332060287,5.0,4.361532125269724,1.0,0.0005243921817892897,0.0002973088008685853,0.0006764398344912371,LOPO
PDOL,FUCA1,0.0,0.0,0.0,0.0,1.0,5.460144413937834,0.0,0.0,0.0,0.0,LOPO
PDOL,FUT7,13.0,2.1060606060606055,0.014604579227384945,0.04173192397094833,26.0,2.85745472849345,1.0,0.0022088034323851902,0.0012185868887577835,0.0018164280222846172,LOPO
PDOL,FYN,4.0,0.9999999999999999,0.007001842207780147,0.029459420988930098,6.0,4.207381445442466,1.0,0.0010487843635785797,0.0005842245078552337,0.0012822537930871304,LOPO
PDOL,GAA,55.0,7.499999999999997,0.132162111851778,0.19321356842185097,108.0,1.4619437122686354,1.0,0.007865882726839345,0.011027432847303857,0.008409833685390973,LOPO
PDOL,GABRR1,7.0,1.2878787878787876,0.09622742334893701,0.3194825753568384,16.0,3.3200782504415627,1.0,0.001350707134911807,0.008029089685246326,0.013905831490391042,LOPO
PDOL,GBA,51.0,6.0757575757575735,0.06221725199962046,0.09757681673150327,97.0,1.568324115827207,1.0,0.006372159542348641,0.005191325704140267,0.004247138578125933,LOPO
PDOL,GBA2,2.0,0.6969696969696969,0.004873913964823055,0.023233934386033363,3.0,4.7669972333778885,1.0,0.0007309709200699192,0.0004066729730446546,0.001011282621814719,LOPO
PDOL,GLO1,40.0,5.21212121212121,0.038988749421402735,0.07157568190614559,74.0,1.8358034809614685,1.0,0.005466391228348959,0.003253169989649281,0.0031154105048921484,LOPO
PDOL,GLRA1,8.0,1.2424242424242422,0.010831527886566715,0.0380645264400033,13.0,3.5142342648825204,1.0,0.001303035118385508,0.0009037684456553773,0.0016568004995108428,LOPO
PDOL,GLRA2,1.0,0.0454545454545454,0.00026274303730951096,0.0013280817934392178,2.0,5.054679305829669,1.0,4.767201652629902e-05,2.1922933580818874e-05,5.780622496984259e-05,LOPO
PDOL,GPBAR1,0.0,0.0,0.0,0.0,3.0,4.7669972333778885,0.0,0.0,0.0,0.0,LOPO
PDOL,GPR35,37.0,4.318181818181817,0.03327707576636098,0.06291402936656858,70.0,1.8906117174564634,1.0,0.004528841569998411,0.002776595449532017,0.0027384025240683283,LOPO
PDOL,GRIA1,3.0,0.4999999999999999,0.003563200931621983,0.015541015332060287,5.0,4.361532125269724,1.0,0.0005243921817892897,0.0002973088008685853,0.0006764398344912371,LOPO
PDOL,GRIA2,3.0,0.4999999999999999,0.003563200931621983,0.015541015332060287,5.0,4.361532125269724,1.0,0.0005243921817892897,0.0002973088008685853,0.0006764398344912371,LOPO
PDOL,GRIA4,3.0,0.4999999999999999,0.003563200931621983,0.015541015332060287,5.0,4.361532125269724,1.0,0.0005243921817892897,0.0002973088008685853,0.0006764398344912371,LOPO
PDOL,GRIK2,3.0,0.4999999999999999,0.003563200931621983,0.015541015332060287,5.0,4.361532125269724,1.0,0.0005243921817892897,0.0002973088008685853,0.0006764398344912371,LOPO
PDOL,GRIK5,3.0,0.4999999999999999,0.003563200931621983,0.015541015332060287,5.0,4.361532125269724,1.0,0.0005243921817892897,0.0002973088008685853,0.0006764398344912371,LOPO
PDOL,GRK6,4.0,0.3333333333333331,0.003500313693801999,0.014259753126374643,7.0,4.073850052817943,1.0,0.0003495947878595263,0.00029206157242848545,0.0006206714837216497,LOPO
PDOL,GRM1,3.0,0.4999999999999999,0.003563200931621983,0.015541015332060287,5.0,4.361532125269724,1.0,0.0005243921817892897,0.0002973088008685853,0.0006764398344912371,LOPO
PDOL,GRM2,3.0,0.4999999999999999,0.003563200931621983,0.015541015332060287,5.0,4.361532125269724,1.0,0.0005243921817892897,0.0002973088008685853,0.0006764398344912371,LOPO
PDOL,GRM3,3.0,0.4999999999999999,0.003563200931621983,0.015541015332060287,5.0,4.361532125269724,1.0,0.0005243921817892897,0.0002973088008685853,0.0006764398344912371,LOPO
PDOL,GRM4,3.0,0.4999999999999999,0.003563200931621983,0.015541015332060287,5.0,4.361532125269724,1.0,0.0005243921817892897,0.0002973088008685853,0.0006764398344912371,LOPO
PDOL,GRM5,13.0,1.863636363636363,0.02260307960928734,0.06921626112064708,21.0,3.0622491411394632,1.0,0.0019545526775782618,0.0018859712442641783,0.003012714112697919,LOPO
PDOL,GRM8,3.0,0.4999999999999999,0.003563200931621983,0.015541015332060287,5.0,4.361532125269724,1.0,0.0005243921817892897,0.0002973088008685853,0.0006764398344912371,LOPO
PDOL,GSK3B,49.0,7.681818181818179,0.13287344909269566,0.22420846237730663,86.0,1.6873834758431951,1.0,0.00805657079294454,0.011086785891425938,0.009758920633014643,LOPO
PDOL,GSTP1,4.0,0.4545454545454543,0.0035209849376370925,0.013222693883561357,10.0,3.755396321699408,1.0,0.00047672016526299055,0.000293786353835712,0.0005755323362736027,LOPO
PDOL,HCAR2,30.0,4.060606060606059,0.03983141497822722,0.07944011304325024,63.0,1.9944085111381071,1.0,0.004258700143016049,0.003323480895781286,0.0034577185448164322,LOPO
PDOL,HDAC1,4.0,0.3333333333333331,0.003125331590265688,0.013631234133064114,5.0,4.361532125269724,1.0,0.0003495947878595263,0.0002607735587326618,0.0005933145012642358,LOPO
PDOL,HDAC10,1.0,0.0454545454545454,0.0005165289256198341,0.0028203225278604477,1.0,5.460144413937834,1.0,4.767201652629902e-05,4.3098494425928015e-05,0.00012275764891771153,LOPO
PDOL,HDAC2,4.0,0.3333333333333331,0.003125331590265688,0.013631234133064114,5.0,4.361532125269724,1.0,0.0003495947878595263,0.0002607735587326618,0.0005933145012642358,LOPO
PDOL,HDAC3,4.0,0.3333333333333331,0.003125331590265688,0.013631234133064114,5.0,4.361532125269724,1.0,0.0003495947878595263,0.0002607735587326618,0.0005933145012642358,LOPO
PDOL,HDAC6,4.0,0.3333333333333331,0.003125331590265688,0.013631234133064114,5.0,4.361532125269724,1.0,0.0003495947878595263,0.0002607735587326618,0.0005933145012642358,LOPO
PDOL,HDAC8,4.0,0.3333333333333331,0.003125331590265688,0.013631234133064114,5.0,4.361532125269724,1.0,0.0003495947878595263,0.0002607735587326618,0.0005933145012642358,LOPO
PDOL,HIF1A,54.0,6.696969696969694,0.061061937797349974,0.09332210635298092,101.0,1.5283187812135077,1.0,0.007023677101541394,0.005094927806099999,0.004061947615839284,LOPO
PDOL,HKDC1,1.0,0.0757575757575757,0.025252525252525235,0.10287500133378637,7.0,4.073850052817943,1.0,7.945336087716508e-05,0.002107037505267593,0.004477747906982265,LOPO
PDOL,HMGCR,2.0,0.0909090909090908,0.0005875985200673229,0.002472251110700707,6.0,4.207381445442466,1.0,9.534403305259804e-05,4.902844794493467e-05,0.00010760745655357777,LOPO
PDOL,HRH1,1.0,0.0454545454545454,0.0005347593582887694,0.0027030370619409963,2.0,5.054679305829669,1.0,4.767201652629902e-05,4.461961775860783e-05,0.00011765266964450316,LOPO
PDOL,HRH3,1.0,0.1363636363636363,0.0007618080243778564,0.003850695255837735,2.0,5.054679305829669,1.0,0.00014301604957889715,6.356425993544695e-05,0.00016760575843211356,LOPO
PDOL,HRH4,0.0,0.0,0.0,0.0,1.0,5.460144413937834,0.0,0.0,0.0,0.0,LOPO
PDOL,HSD11B1,31.0,4.075757575757574,0.028390986913196248,0.05941803675826434,57.0,2.0928485839513593,1.0,0.004274590815191483,0.0023689066198115715,0.002586235589616794,LOPO
PDOL,HSD11B2,2.0,0.6969696969696969,0.004873913964823055,0.021257732333376488,5.0,4.361532125269724,1.0,0.0007309709200699192,0.0004066729730446546,0.0009252662476681243,LOPO
PDOL,HSD17B1,38.0,5.333333333333331,0.06583480964396325,0.12446806252939271,70.0,1.8906117174564634,1.0,0.005593516605752423,0.005493169957650539,0.005417609713255815,LOPO
PDOL,HSD17B2,38.0,5.333333333333331,0.06583480964396325,0.12446806252939271,70.0,1.8906117174564634,1.0,0.005593516605752423,0.005493169957650539,0.005417609713255815,LOPO
PDOL,HSD17B3,4.0,0.3333333333333331,0.003500313693801999,0.012560323470346059,12.0,3.588342237036242,1.0,0.0003495947878595263,0.00029206157242848545,0.0005467019334257954,LOPO
PDOL,HSP90AA1,2.0,0.0909090909090908,0.00149886752231647,0.007145097332082584,3.0,4.7669972333778885,1.0,9.534403305259804e-05,0.0001250635353639533,0.0003109982426159139,LOPO
PDOL,HSP90AB1,15.0,2.5909090909090904,0.02949216162623136,0.08654226415647762,24.0,2.9344157696295783,1.0,0.002717304941999047,0.0024607871900521753,0.003766847505885824,LOPO
PDOL,HSPA1A,4.0,0.4545454545454543,0.0035209849376370925,0.012634498967691598,12.0,3.588342237036242,1.0,0.00047672016526299055,0.000293786353835712,0.0005499305037653544,LOPO
PDOL,HSPA8,20.0,2.424242424242423,0.024111438836396555,0.05942052259053814,39.0,2.4644121403838426,1.0,0.002542507548069283,0.0020118267549964265,0.002586343788208452,LOPO
PDOL,HTR1A,27.0,3.2878787878787863,0.02236033915719638,0.04839465081227323,53.0,2.1643075479335048,1.0,0.003448275862068965,0.001865717300094768,0.0021064305572225097,LOPO
PDOL,HTR1B,0.0,0.0,0.0,0.0,1.0,5.460144413937834,0.0,0.0,0.0,0.0,LOPO
PDOL,HTR1D,0.0,0.0,0.0,0.0,1.0,5.460144413937834,0.0,0.0,0.0,0.0,LOPO
PDOL,HTR1E,0.0,0.0,0.0,0.0,2.0,5.054679305829669,0.0,0.0,0.0,0.0,LOPO
PDOL,HTR2A,1.0,0.0757575757575757,0.00039663652229097226,0.0016688011444718636,6.0,4.207381445442466,1.0,7.945336087716508e-05,3.3094829925669e-05,7.263641054626529e-05,LOPO
PDOL,HTR2B,0.0,0.0,0.0,0.0,2.0,5.054679305829669,0.0,0.0,0.0,0.0,LOPO
PDOL,HTR2C,0.0,0.0,0.0,0.0,3.0,4.7669972333778885,0.0,0.0,0.0,0.0,LOPO
PDOL,HTR3A,1.0,0.1363636363636363,0.0007618080243778564,0.0036315367445743166,3.0,4.7669972333778885,1.0,0.00014301604957889715,6.356425993544695e-05,0.00015806664249156454,LOPO
PDOL,HTR4,0.0,0.0,0.0,0.0,1.0,5.460144413937834,0.0,0.0,0.0,0.0,LOPO
PDOL,HTR5A,0.0,0.0,0.0,0.0,2.0,5.054679305829669,0.0,0.0,0.0,0.0,LOPO
PDOL,HTR6,0.0,0.0,0.0,0.0,3.0,4.7669972333778885,0.0,0.0,0.0,0.0,LOPO
PDOL,HTR7,30.0,4.303030303030302,0.052689676730733215,0.11027151533476989,57.0,2.0928485839513593,1.0,0.004512950897822978,0.004396357350478374,0.004799689337431528,LOPO
PDOL,IDH1,52.0,6.787878787878785,0.074046643874403,0.11612913728429516,97.0,1.568324115827207,1.0,0.007119021134593993,0.00617835460898938,0.005054648793901212,LOPO
PDOL,IDO1,25.0,3.4696969696969684,0.030272435328112128,0.06908443960461853,47.0,2.2820905835898877,1.0,0.0036389639281741615,0.0025258922018399506,0.0030069764358100527,LOPO
PDOL,IGF1R,32.0,3.878787878787877,0.02736733671674157,0.05634789671422426,59.0,2.058947032275678,1.0,0.004068012076910853,0.0022834945933058715,0.0024526043577518374,LOPO
PDOL,INSR,21.0,2.9545454545454533,0.022909642464409012,0.054801960521564025,42.0,2.3920914788042165,1.0,0.0030986810742094388,0.0019115504458293241,0.0023853157797565625,LOPO
PDOL,JAK2,1.0,0.1666666666666666,0.0013661202185792345,0.00745921368024294,1.0,5.460144413937834,1.0,0.0001747973939297632,0.00011398727487513213,0.00032467050314848327,LOPO
PDOL,KAT2B,1.0,0.0454545454545454,0.00026274303730951096,0.001193865917515416,4.0,4.543853682063679,1.0,4.767201652629902e-05,2.1922933580818874e-05,5.196433092649137e-05,LOPO
PDOL,KCNA3,0.0,0.0,0.0,0.0,1.0,5.460144413937834,0.0,0.0,0.0,0.0,LOPO
PDOL,KCNA5,1.0,0.1666666666666666,0.0013661202185792345,0.00745921368024294,1.0,5.460144413937834,1.0,0.0001747973939297632,0.00011398727487513213,0.00032467050314848327,LOPO
PDOL,KCNH2,28.0,3.878787878787877,0.04597705761013412,0.10789110153767184,44.0,2.3466291047274592,1.0,0.004068012076910853,0.0038362652367494978,0.004696079201251565,LOPO
PDOL,KDM2A,0.0,0.0,0.0,0.0,1.0,5.460144413937834,0.0,0.0,0.0,0.0,LOPO
PDOL,KDM4E,69.0,9.227272727272723,0.2000552888229613,0.2526583198576333,132.0,1.2629424662760251,1.0,0.009677419354838708,0.01669235026841397,0.010997232060813756,LOPO
PDOL,KDM5C,0.0,0.0,0.0,0.0,1.0,5.460144413937834,0.0,0.0,0.0,0.0,LOPO
PDOL,KDM7A,0.0,0.0,0.0,0.0,1.0,5.460144413937834,0.0,0.0,0.0,0.0,LOPO
PDOL,KDR,32.0,3.878787878787877,0.02736733671674157,0.05634789671422426,59.0,2.058947032275678,1.0,0.004068012076910853,0.0022834945933058715,0.0024526043577518374,LOPO
PDOL,KIT,3.0,0.2575757575757574,0.0029157069954387368,0.012267491512955742,6.0,4.207381445442466,1.0,0.00027014142698236125,0.00024328275815291617,0.0005339560994787549,LOPO
PDOL,KMT2A,52.0,7.393939393939392,0.1618196842910027,0.2489063581719294,100.0,1.5381710776565196,1.0,0.007754648021611315,0.013502021698111483,0.010833923789927535,LOPO
PDOL,LDHA,2.0,0.1818181818181817,0.0013753576956394996,0.005786654449480136,6.0,4.207381445442466,1.0,0.00019068806610519622,0.00011475803781568521,0.0002518705177511332,LOPO
PDOL,LIMK1,1.0,0.1666666666666666,0.0013661202185792345,0.00745921368024294,1.0,5.460144413937834,1.0,0.0001747973939297632,0.00011398727487513213,0.00032467050314848327,LOPO
PDOL,MAN1B1,0.0,0.0,0.0,0.0,1.0,5.460144413937834,0.0,0.0,0.0,0.0,LOPO
PDOL,MAOA,19.0,2.469696969696969,0.02899976914763474,0.07220159374262841,38.0,2.4897299483681326,1.0,0.0025901795645955823,0.002419702609031471,0.0031426540079728714,LOPO
PDOL,MAOB,14.0,2.06060606060606,0.024727018774877423,0.06724029070644898,30.0,2.719304390012633,1.0,0.002161131415858891,0.0020631899357040585,0.002926707820870746,LOPO
PDOL,MAP2K1,34.0,4.939393939393938,0.04587667154127878,0.09522869136715806,58.0,2.0757541505920596,1.0,0.0051803591291911645,0.0038278891551509486,0.004144933831596558,LOPO
PDOL,MAP2K7,0.0,0.0,0.0,0.0,1.0,5.460144413937834,0.0,0.0,0.0,0.0,LOPO
PDOL,MAP3K7,0.0,0.0,0.0,0.0,1.0,5.460144413937834,0.0,0.0,0.0,0.0,LOPO
PDOL,MAP3K8,4.0,0.4545454545454543,0.0035209849376370925,0.013222693883561357,10.0,3.755396321699408,1.0,0.00047672016526299055,0.000293786353835712,0.0005755323362736027,LOPO
PDOL,MAPK1,59.0,7.712121212121209,0.09816352238402393,0.13325708460013297,120.0,1.3575010489010377,1.0,0.008088352137295408,0.008190635243167613,0.005800161593415578,LOPO
PDOL,MAPK14,33.0,4.893939393939393,0.04536014261565895,0.09652365751222446,55.0,2.1279399037626296,1.0,0.0051326871126648665,0.003784790660725021,0.004201298661443511,LOPO
PDOL,MAPK9,12.0,2.2121212121212115,0.026774469544152964,0.08736294779010248,17.0,3.2629198366016143,1.0,0.002320038137613221,0.0022340265359217398,0.0038025686662757525,LOPO
PDOL,MAPKAPK2,28.0,3.4545454545454533,0.023726459375775617,0.05270752189668614,50.0,2.221465961773453,1.0,0.003623073255998729,0.0019797045749699003,0.0022941530283858884,LOPO
PDOL,MAPT,71.0,9.318181818181815,0.2283065514492239,0.283245488578705,135.0,1.240636708761727,1.0,0.009772763387891308,0.019049598477432088,0.012328572317878822,LOPO
PDOL,MCL1,11.0,1.651515151515151,0.02014611253130087,0.05993947480393853,23.0,2.975237764149833,1.0,0.0017320832671221993,0.0016809651416761792,0.002608931755715134,LOPO
PDOL,MERTK,1.0,0.1666666666666666,0.0013661202185792345,0.00745921368024294,1.0,5.460144413937834,1.0,0.0001747973939297632,0.00011398727487513213,0.00032467050314848327,LOPO
PDOL,MET,35.0,4.833333333333331,0.04358479401069902,0.08558470772678131,65.0,1.9636368524713532,1.0,0.005069124423963133,0.0036366579073402482,0.0037251688060724623,LOPO
PDOL,MGAM,0.0,0.0,0.0,0.0,1.0,5.460144413937834,0.0,0.0,0.0,0.0,LOPO
PDOL,MGLL,14.0,1.8484848484848477,0.032264881930084595,0.09341312666177232,25.0,2.8951950564762967,1.0,0.0019386620054028284,0.0026921393266568696,0.00406590937517731,LOPO
PDOL,MIF,8.0,1.5757575757575755,0.018600447948206814,0.07162486584504174,9.0,3.8507065015037334,1.0,0.0016526299062450344,0.0015519969210893176,0.0031175512900838277,LOPO
PDOL,MMP1,35.0,4.621212121212119,0.04761349309008392,0.09207420585193304,67.0,1.9337838893216723,1.0,0.004846655013507071,0.0039728072616252086,0.004007631370062924,LOPO
PDOL,MMP12,35.0,4.439393939393938,0.03376121130580927,0.06629475870415959,65.0,1.9636368524713532,1.0,0.004655966947401875,0.0028169910824063374,0.0028855524975235415,LOPO
PDOL,MMP13,35.0,4.439393939393938,0.03376121130580927,0.06528688650715866,67.0,1.9337838893216723,1.0,0.004655966947401875,0.0028169910824063374,0.0028416837484385843,LOPO
PDOL,MMP14,0.0,0.0,0.0,0.0,2.0,5.054679305829669,0.0,0.0,0.0,0.0,LOPO
PDOL,MMP2,46.0,6.424242424242422,0.06119785214398679,0.10187332431592269,88.0,1.6646552247656392,1.0,0.006737645002383601,0.005106268320484361,0.004434148809902708,LOPO
PDOL,MMP3,46.0,6.424242424242422,0.06119785214398679,0.10468751447692028,84.0,1.7106403380074624,1.0,0.006737645002383601,0.005106268320484361,0.004556639540788546,LOPO
PDOL,MMP9,47.0,6.651515151515149,0.06340438347673172,0.10275898349135829,92.0,1.620692101344523,1.0,0.006976005085015095,0.00529037839376017,0.004472698102419742,LOPO
PDOL,MPG,33.0,4.65151515151515,0.03530174856824287,0.06931981444527953,65.0,1.9636368524713532,1.0,0.004878436357857937,0.0029455314860986474,0.0030172213853746845,LOPO
PDOL,MPO,0.0,0.0,0.0,0.0,2.0,5.054679305829669,0.0,0.0,0.0,0.0,LOPO
PDOL,MTNR1A,1.0,0.1969696969696969,0.001208403048893846,0.006108089884345202,2.0,5.054679305829669,1.0,0.00020657873828062927,0.00010082756160176215,0.0002658613496056771,LOPO
PDOL,MTNR1B,1.0,0.1969696969696969,0.001208403048893846,0.006108089884345202,2.0,5.054679305829669,1.0,0.00020657873828062927,0.00010082756160176215,0.0002658613496056771,LOPO
PDOL,MYLK,1.0,0.1666666666666666,0.0013661202185792345,0.00745921368024294,1.0,5.460144413937834,1.0,0.0001747973939297632,0.00011398727487513213,0.00032467050314848327,LOPO
PDOL,NEK2,29.0,3.4999999999999987,0.02424298830139545,0.05338422089495281,51.0,2.2020478759163513,1.0,0.0036707452725250277,0.0020228030693958286,0.0023236070987028763,LOPO
PDOL,NEK6,29.0,3.4999999999999987,0.02424298830139545,0.05338422089495281,51.0,2.2020478759163513,1.0,0.0036707452725250277,0.0020228030693958286,0.0023236070987028763,LOPO
PDOL,NFKB1,55.0,7.075757575757573,0.0843638247336466,0.12811174956227522,102.0,1.518562606268143,1.0,0.00742094390592722,0.0070392066149439665,0.005576205210448093,LOPO
PDOL,NOS2,10.0,1.4242424242424239,0.027721299907590372,0.083657266191641,22.0,3.017797378568629,1.0,0.0014937231844907041,0.002313028816562535,0.0036412747872349555,LOPO
PDOL,NQO1,2.0,0.606060606060606,0.010303465691396726,0.0468174405198698,4.0,4.543853682063679,1.0,0.000635626887017321,0.000859707630382028,0.0020377807395397284,LOPO
PDOL,NQO2,3.0,0.28787878787878773,0.002565435993291843,0.009878741058560587,9.0,3.8507065015037334,1.0,0.00030192277133322737,0.00021405660626708177,0.0004299831010943751,LOPO
PDOL,NR1H4,25.0,2.9848484848484835,0.04074770795227548,0.09941297880399183,40.0,2.4397195277934713,1.0,0.003130462418560305,0.003399935176801748,0.004327059557667788,LOPO
PDOL,NR1I2,20.0,2.393939393939393,0.03457619943317456,0.08521000565144833,39.0,2.4644121403838426,1.0,0.002510726203718417,0.0028849926202143134,0.003708859484936997,LOPO
PDOL,NR3C1,4.0,1.0909090909090908,0.007515837008002062,0.03162199317443769,6.0,4.207381445442466,1.0,0.0011441283966311779,0.0006271115581898056,0.0013763821328373863,LOPO
PDOL,NR3C2,0.0,0.0,0.0,0.0,1.0,5.460144413937834,0.0,0.0,0.0,0.0,LOPO
PDOL,NT5E,2.0,0.1515151515151514,0.0009072763563781522,0.00458599102325319,2.0,5.054679305829669,1.0,0.00015890672175433016,7.570194629703928e-05,0.0001996103177601352,LOPO
PDOL,NUAK1,32.0,3.878787878787877,0.02736733671674157,0.05634789671422426,59.0,2.058947032275678,1.0,0.004068012076910853,0.0022834945933058715,0.0024526043577518374,LOPO
PDOL,ODC1,6.0,1.0606060606060603,0.008119727134951274,0.028534623319142145,13.0,3.5142342648825204,1.0,0.0011123470522803114,0.0006774993563929005,0.0012420009544325847,LOPO
PDOL,OPRD1,3.0,0.2272727272727271,0.0023113948012373586,0.008900502988666627,9.0,3.8507065015037334,1.0,0.00023836008263149522,0.000192859743213231,0.00038740421007899814,LOPO
PDOL,OPRK1,4.0,0.424242424242424,0.0033867298937666256,0.013398130428765219,8.0,3.9560670171615597,1.0,0.00044493882091212444,0.00028258428949253775,0.0005831684054148898,LOPO
PDOL,OPRM1,2.0,0.0909090909090908,0.0015495867768595022,0.005967003876297101,9.0,3.8507065015037334,1.0,9.534403305259804e-05,0.00012929548327778406,0.0002597204254836729,LOPO
PDOL,OXER1,0.0,0.0,0.0,0.0,2.0,5.054679305829669,0.0,0.0,0.0,0.0,LOPO
PDOL,OXTR,0.0,0.0,0.0,0.0,1.0,5.460144413937834,0.0,0.0,0.0,0.0,LOPO
PDOL,PARP1,23.0,3.530303030303029,0.03032725378016094,0.07050025650511074,45.0,2.324650198008684,1.0,0.0037025266168758935,0.0025304661814040744,0.00306860142808859,LOPO
PDOL,PCNA,0.0,0.0,0.0,0.0,1.0,5.460144413937834,0.0,0.0,0.0,0.0,LOPO
PDOL,PDE4B,1.0,0.0454545454545454,0.00024838549428713336,0.001184052964077964,3.0,4.7669972333778885,1.0,4.767201652629902e-05,2.0724959068205824e-05,5.153721130417129e-05,LOPO
PDOL,PDE4D,1.0,0.0454545454545454,0.00024838549428713336,0.001184052964077964,3.0,4.7669972333778885,1.0,4.767201652629902e-05,2.0724959068205824e-05,5.153721130417129e-05,LOPO
PDOL,PDE5A,40.0,5.393939393939392,0.04347373568105862,0.08098427265288854,72.0,1.862832153349388,1.0,0.005657079294454155,0.00362739134633359,0.0035249297950760584,LOPO
PDOL,PDGFRB,5.0,0.6212121212121209,0.004887105156216327,0.017927782978277504,11.0,3.6683849447097785,1.0,0.0006515175591927537,0.00040777362871084413,0.0007803265289625807,LOPO
PDOL,PDPK1,4.0,0.6060606060606057,0.004396423248882264,0.01791036908466904,7.0,4.073850052817943,1.0,0.0006356268870173207,0.00036683177550724335,0.0007795685700352733,LOPO
PDOL,PGR,0.0,0.0,0.0,0.0,1.0,5.460144413937834,0.0,0.0,0.0,0.0,LOPO
PDOL,PHF8,0.0,0.0,0.0,0.0,1.0,5.460144413937834,0.0,0.0,0.0,0.0,LOPO
PDOL,PIK3CA,5.0,0.34848484848484823,0.0037744414468858347,0.01384610417844459,11.0,3.6683849447097785,1.0,0.0003654854600349593,0.0003149344317249876,0.000602666956996935,LOPO
PDOL,PIK3CB,4.0,0.1818181818181816,0.0024083212283066003,0.009044200682253208,10.0,3.755396321699408,1.0,0.00019068806610519608,0.00020094715684985546,0.000393658810694825,LOPO
PDOL,PIK3CG,29.0,3.378787878787877,0.023411627441104987,0.051553524478430195,51.0,2.2020478759163513,1.0,0.0035436198951215633,0.0019534354122793043,0.0022439240178657063,LOPO
PDOL,PIM1,43.0,5.560606060606058,0.044079233922191735,0.07807600250225913,79.0,1.7712649598238974,1.0,0.005831876688383918,0.003677913323469855,0.0033983441288687032,LOPO
PDOL,PIM3,1.0,0.1666666666666666,0.0013661202185792345,0.00745921368024294,1.0,5.460144413937834,1.0,0.0001747973939297632,0.00011398727487513213,0.00032467050314848327,LOPO
PDOL,PKN1,29.0,3.4999999999999987,0.02424298830139545,0.05338422089495281,51.0,2.2020478759163513,1.0,0.0036707452725250277,0.0020228030693958286,0.0023236070987028763,LOPO
PDOL,PLA2G2A,2.0,0.0909090909090908,0.007838500613067078,0.03418787223783848,5.0,4.361532125269724,1.0,9.534403305259804e-05,0.0006540341851610965,0.0014880648493064178,LOPO
PDOL,PLG,36.0,4.878787878787877,0.03594776327886468,0.06951520548581774,67.0,1.9337838893216723,1.0,0.005116796440489433,0.0029994341041783435,0.0030257259959357513,LOPO
PDOL,PLK1,32.0,3.878787878787877,0.02736733671674157,0.05634789671422426,59.0,2.058947032275678,1.0,0.004068012076910853,0.0022834945933058715,0.0024526043577518374,LOPO
PDOL,PLK4,5.0,0.6212121212121209,0.004887105156216327,0.017927782978277504,11.0,3.6683849447097785,1.0,0.0006515175591927537,0.00040777362871084413,0.0007803265289625807,LOPO
PDOL,PNP,18.0,2.09090909090909,0.023053206123529773,0.06124738993917326,32.0,2.6567840330312986,1.0,0.0021929127602097567,0.0019235292087900954,0.0026658602046422523,LOPO
PDOL,POLA1,3.0,0.40909090909090895,0.002787391375179302,0.012157297028544279,5.0,4.361532125269724,1.0,0.00042904814873669154,0.00023257627150674335,0.0005291597629972275,LOPO
PDOL,POLB,59.0,7.9545454545454515,0.14727697104606274,0.212632804901596,110.0,1.443761393185445,1.0,0.008342602892102336,0.012288596825588046,0.009255077373118774,LOPO
PDOL,PPARA,57.0,8.166666666666664,0.12438973130648782,0.19010716254580717,101.0,1.5283187812135077,1.0,0.008565072302558398,0.01037891563366397,0.008274623943185854,LOPO
PDOL,PPARD,55.0,7.681818181818179,0.09475758898777834,0.14764859772473668,98.0,1.558171744363189,1.0,0.00805657079294454,0.00790644863867683,0.006426568076395016,LOPO
PDOL,PPARG,57.0,7.984848484848482,0.09697691703235968,0.14632853754364805,103.0,1.5089006953564064,1.0,0.008374384236453201,0.008091626452763264,0.00636911100095079,LOPO
PDOL,PRKCA,34.0,4.909090909090907,0.045920247432548446,0.09378832753712357,60.0,2.042417730324468,1.0,0.005148577784840298,0.0038315250702252823,0.004082240407133761,LOPO
PDOL,PRKCD,1.0,0.1666666666666666,0.0013661202185792345,0.00745921368024294,1.0,5.460144413937834,1.0,0.0001747973939297632,0.00011398727487513213,0.00032467050314848327,LOPO
PDOL,PRKCE,1.0,0.1666666666666666,0.0013661202185792345,0.00745921368024294,1.0,5.460144413937834,1.0,0.0001747973939297632,0.00011398727487513213,0.00032467050314848327,LOPO
PDOL,PRMT1,0.0,0.0,0.0,0.0,4.0,4.543853682063679,0.0,0.0,0.0,0.0,LOPO
PDOL,PTAFR,1.0,0.0454545454545454,0.0005347593582887694,0.0025491963814854987,3.0,4.7669972333778885,1.0,4.767201652629902e-05,4.461961775860783e-05,0.00011095658433721581,LOPO
PDOL,PTGES,7.0,1.4999999999999996,0.010262045331376252,0.036823730700957985,12.0,3.588342237036242,1.0,0.001573176545367869,0.0008562515700010529,0.0016027934963373908,LOPO
PDOL,PTGS1,36.0,4.878787878787877,0.04393115021517717,0.08244231566101588,71.0,1.8766254754817235,1.0,0.005116796440489433,0.003665557413655745,0.0035883927252659616,LOPO
PDOL,PTGS2,46.0,5.9090909090909065,0.05621640688778397,0.09295281263059692,89.0,1.6534819241675138,1.0,0.0061973621484188775,0.004690623077868196,0.004045873699231484,LOPO
PDOL,PTK2,32.0,3.878787878787877,0.02736733671674157,0.05634789671422426,59.0,2.058947032275678,1.0,0.004068012076910853,0.0022834945933058715,0.0024526043577518374,LOPO
PDOL,PTK2B,4.0,0.9696969696969695,0.007459121609386267,0.03253319852563181,5.0,4.361532125269724,1.0,0.0010170030192277134,0.0006223792998982222,0.0014160433508324378,LOPO
PDOL,PTPN1,49.0,6.560606060606058,0.14371894927456474,0.2360486139394486,90.0,1.6424320879809289,1.0,0.006880661051962497,0.01199172016703069,0.010274276289766621,LOPO
PDOL,PTPN11,16.0,1.9393939393939386,0.032266365619450295,0.08671765457096398,31.0,2.6875556916980523,1.0,0.0020340060384554264,0.0026922631237468017,0.0037744815671367483,LOPO
PDOL,PTPN2,19.0,2.0151515151515142,0.03321126487013495,0.08534540033583005,35.0,2.569772656041669,1.0,0.0021134593993325916,0.0027711042748785174,0.0037147526879187367,LOPO
PDOL,PTPN6,21.0,2.469696969696969,0.036713790699609915,0.09140742422293821,38.0,2.4897299483681326,1.0,0.0025901795645955823,0.0030633504249990584,0.0039786089641826216,LOPO
PDOL,PTPRF,19.0,2.227272727272726,0.03410323759644598,0.08763756745783907,35.0,2.569772656041669,1.0,0.002335928809788654,0.002845529306403837,0.0038145217902269633,LOPO
PDOL,PTPRS,25.0,3.560606060606059,0.026634552667184452,0.06134320997601403,46.0,2.3031439927877204,1.0,0.0037343079612267597,0.002222352055668994,0.0026700308774378584,LOPO
PDOL,PYGL,27.0,3.2878787878787863,0.02236033915719638,0.050115525793968,49.0,2.241268589069633,1.0,0.003448275862068965,0.001865717300094768,0.002181333538972763,LOPO
PDOL,RELA,15.0,2.287878787878787,0.019276212715550467,0.05656442257124549,24.0,2.9344157696295783,1.0,0.0023994914984903862,0.0016083818447867652,0.002462028884512606,LOPO
PDOL,RORB,2.0,0.4242424242424241,0.003541362593828189,0.01688166568716692,3.0,4.7669972333778885,1.0,0.00044493882091212455,0.00029548663867592993,0.0007347931199711199,LOPO
PDOL,RORC,61.0,8.530303030303028,0.12819060817224967,0.1839269517884704,111.0,1.4347927232026845,1.0,0.008946448434768791,0.010696055801982908,0.008005623453031931,LOPO
PDOL,RXRA,3.0,0.7424242424242423,0.036223549362235485,0.14756930848259642,7.0,4.073850052817943,1.0,0.0007786429365962182,0.003022445332373632,0.006423116924672667,LOPO
PDOL,SAE1,1.0,0.0454545454545454,0.00026274303730951096,0.0012524953319437422,3.0,4.7669972333778885,1.0,4.767201652629902e-05,2.1922933580818874e-05,5.4516240859325693e-05,LOPO
PDOL,SENP6,0.0,0.0,0.0,0.0,1.0,5.460144413937834,0.0,0.0,0.0,0.0,LOPO
PDOL,SENP7,0.0,0.0,0.0,0.0,1.0,5.460144413937834,0.0,0.0,0.0,0.0,LOPO
PDOL,SENP8,0.0,0.0,0.0,0.0,3.0,4.7669972333778885,0.0,0.0,0.0,0.0,LOPO
PDOL,SHBG,14.0,1.9999999999999993,0.014768255430038147,0.04456760252280104,22.0,3.017797378568629,1.0,0.002097568727157159,0.0012322438159071024,0.0019398540590847048,LOPO
PDOL,SIGMAR1,0.0,0.0,0.0,0.0,1.0,5.460144413937834,0.0,0.0,0.0,0.0,LOPO
PDOL,SIRT2,2.0,0.4848484848484848,0.005024406574656039,0.021139594996566955,6.0,4.207381445442466,1.0,0.0005085015096138568,0.0004192298785427291,0.0009201241897747884,LOPO
PDOL,SIRT3,1.0,0.4393939393939394,0.004776021080368906,0.024141254919146968,2.0,5.054679305829669,1.0,0.00046082949308755777,0.00039850491947452326,0.0010507747488177556,LOPO
PDOL,SLC15A2,0.0,0.0,0.0,0.0,2.0,5.054679305829669,0.0,0.0,0.0,0.0,LOPO
PDOL,SLC1A1,3.0,0.4999999999999999,0.003563200931621983,0.015541015332060287,5.0,4.361532125269724,1.0,0.0005243921817892897,0.0002973088008685853,0.0006764398344912371,LOPO
PDOL,SLC22A1,16.0,1.8181818181818175,0.014924907229196434,0.041580728326265415,28.0,2.7859957645113047,1.0,0.0019068806610519624,0.0012453146360644311,0.001809847065076878,LOPO
PDOL,SLC22A12,2.0,0.2727272727272726,0.003150904991395787,0.014317251246986573,4.0,4.543853682063679,1.0,0.0002860320991577943,0.0002629073696992693,0.0006231741528432774,LOPO
PDOL,SLC28A1,18.0,2.12121212121212,0.02150597792623931,0.05779851338119713,31.0,2.6875556916980523,1.0,0.0022246941045606225,0.001794430522290512,0.0025157440482515363,LOPO
PDOL,SLC28A2,18.0,2.12121212121212,0.02150597792623931,0.05779851338119713,31.0,2.6875556916980523,1.0,0.0022246941045606225,0.001794430522290512,0.0025157440482515363,LOPO
PDOL,SLC28A3,18.0,2.12121212121212,0.02150597792623931,0.05649472160262629,33.0,2.6269310698816177,1.0,0.0022246941045606225,0.001794430522290512,0.002458995072971388,LOPO
PDOL,SLC47A1,5.0,0.46969696969696945,0.0034561788635755625,0.013308730420330204,9.0,3.8507065015037334,1.0,0.0004926108374384235,0.000288379020222487,0.0005792771714371109,LOPO
PDOL,SLC5A1,8.0,1.7878787878787874,0.012556058035750549,0.04606045426324955,11.0,3.6683849447097785,1.0,0.0018750993167010966,0.0010476609739058615,0.002004832077743867,LOPO
PDOL,SLC5A2,8.0,1.7878787878787874,0.012556058035750549,0.04715297416250191,10.0,3.755396321699408,1.0,0.0018750993167010966,0.0010476609739058615,0.0020523852114380397,LOPO
PDOL,SLC6A15,1.0,0.0454545454545454,0.0005347593582887694,0.002919863322961405,1.0,5.460144413937834,1.0,4.767201652629902e-05,4.461961775860783e-05,0.00012709027182068958,LOPO
PDOL,SLC6A2,1.0,0.1363636363636363,0.0007618080243778564,0.003850695255837735,2.0,5.054679305829669,1.0,0.00014301604957889715,6.356425993544695e-05,0.00016760575843211356,LOPO
PDOL,SLC6A3,1.0,0.1363636363636363,0.0007618080243778564,0.003850695255837735,2.0,5.054679305829669,1.0,0.00014301604957889715,6.356425993544695e-05,0.00016760575843211356,LOPO
PDOL,SLC6A4,1.0,0.1363636363636363,0.0007618080243778564,0.003850695255837735,2.0,5.054679305829669,1.0,0.00014301604957889715,6.356425993544695e-05,0.00016760575843211356,LOPO
PDOL,SLCO1B1,49.0,6.318181818181816,0.1160481531550074,0.20268649524805696,81.0,1.746572347233526,1.0,0.006626410297155569,0.009682905320139684,0.00882215327439796,LOPO
PDOL,SLCO1B3,49.0,6.318181818181816,0.1160481531550074,0.20127983374455236,82.0,1.734450986701181,1.0,0.006626410297155569,0.009682905320139684,0.008760926780871961,LOPO
PDOL,SLCO2B1,49.0,6.318181818181816,0.1160481531550074,0.20268649524805696,81.0,1.746572347233526,1.0,0.006626410297155569,0.009682905320139684,0.00882215327439796,LOPO
PDOL,SMAD3,4.0,0.4545454545454543,0.0035209849376370925,0.012634498967691598,12.0,3.588342237036242,1.0,0.00047672016526299055,0.000293786353835712,0.0005499305037653544,LOPO
PDOL,SOAT1,30.0,3.9393939393939377,0.049093692680440004,0.10717151545784466,52.0,2.182999680945657,1.0,0.004131574765612585,0.004096313169290823,0.004664758423404036,LOPO
PDOL,SOAT2,1.0,0.0757575757575757,0.0005188875051888747,0.00262280993453179,2.0,5.054679305829669,1.0,7.945336087716508e-05,4.329529120412862e-05,0.00011416069543131019,LOPO
PDOL,SRC,35.0,4.71212121212121,0.03363271635874459,0.06553667662670784,66.0,1.948598975106813,1.0,0.004941999046559669,0.002806269632967312,0.0028525561389172696,LOPO
PDOL,STAT3,12.0,1.6969696969696964,0.012290761798742549,0.038808809479119376,19.0,3.157559320943788,1.0,0.0017797552836484982,0.0010255250046991259,0.0016891962397528396,LOPO
PDOL,SYK,39.0,5.318181818181816,0.041028934680027565,0.07815176512336099,69.0,1.90479635244842,1.0,0.005577625933576989,0.003423400365210898,0.003401641780520397,LOPO
PDOL,TAS2R31,1.0,0.2878787878787879,0.0016835016835016836,0.00850956112092537,2.0,5.054679305829669,1.0,0.00030192277133322753,0.00014046916701783964,0.0003703880340660289,LOPO
PDOL,TBXAS1,9.0,1.439393939393939,0.009628650144648788,0.03196787192635945,16.0,3.3200782504415627,1.0,0.001509613856666137,0.0008034019084030597,0.0013914368870284674,LOPO
PDOL,TEK,5.0,0.6212121212121209,0.004887105156216327,0.017927782978277504,11.0,3.6683849447097785,1.0,0.0006515175591927537,0.00040777362871084413,0.0007803265289625807,LOPO
PDOL,TERT,39.0,5.439393939393938,0.06464601837979535,0.12501142885164096,67.0,1.9337838893216723,1.0,0.005704751310980455,0.005393978777580903,0.005441260331779527,LOPO
PDOL,TGM2,1.0,0.0757575757575757,0.0022281639928698736,0.010124451163243484,4.0,4.543853682063679,1.0,7.945336087716508e-05,0.00018591507399419937,0.00044067790442563784,LOPO
PDOL,THRA,0.0,0.0,0.0,0.0,1.0,5.460144413937834,0.0,0.0,0.0,0.0,LOPO
PDOL,THRB,51.0,7.318181818181816,0.20935422612780377,0.3138913323680913,104.0,1.4993312443402556,1.0,0.0076751946607341495,0.017468241370967197,0.013662466472012481,LOPO
PDOL,TLR2,33.0,4.863636363636362,0.05449932015398865,0.10869390796635554,63.0,1.9944085111381071,1.0,0.005100905768314,0.004547351618411191,0.004731022236577386,LOPO
PDOL,TNKS,21.0,3.0151515151515142,0.025032345194603157,0.059879659634495895,42.0,2.3920914788042165,1.0,0.003162243762911171,0.0020886659707254223,0.0026063282344873815,LOPO
PDOL,TNKS2,21.0,3.0151515151515142,0.025032345194603157,0.059879659634495895,42.0,2.3920914788042165,1.0,0.003162243762911171,0.0020886659707254223,0.0026063282344873815,LOPO
PDOL,TOP1,24.0,3.1515151515151505,0.04049939688266912,0.08996803164720335,50.0,2.221465961773453,1.0,0.0033052598124900683,0.0033792164276310525,0.0039159578146345355,LOPO
PDOL,TOP2A,42.0,5.696969696969695,0.07033191793879162,0.1211449559796067,83.0,1.7224747956544653,1.0,0.005974892737962816,0.005868402761011692,0.005272967835199319,LOPO
PDOL,TRPV1,25.0,4.136363636363635,0.09393363217777263,0.2363093489774396,37.0,2.515705434771393,1.0,0.0043381535038932145,0.007837698765781284,0.01028562506989303,LOPO
PDOL,TTR,31.0,4.075757575757574,0.03278770750049336,0.0648837361665164,64.0,1.9789043246021418,1.0,0.004274590815191483,0.002735763204845212,0.0028241361851763206,LOPO
PDOL,TUBB3,1.0,0.1363636363636363,0.0013914656771799622,0.007597603544440396,1.0,5.460144413937834,1.0,0.00014301604957889715,0.00011610206661678576,0.00033069407463546803,LOPO
PDOL,TYR,34.0,5.060606060606059,0.04538238250536996,0.08153320637122742,77.0,1.7965827678081872,1.0,0.0053074845065946286,0.003786646327881692,0.003548822740655604,LOPO
PDOL,UBE2N,10.0,2.03030303030303,0.07853736704401704,0.2705801878683485,14.0,3.445241393395569,1.0,0.002129350071508025,0.006553054645897757,0.011777301134288815,LOPO
PDOL,UGT1A1,61.0,9.530303030303028,0.5211341486702581,0.7571095428499608,109.0,1.4528112287053627,1.0,0.00999523279834737,0.04348274818234772,0.03295402796499712,LOPO
PDOL,VCP,2.0,0.0909090909090908,0.007838500613067078,0.03561699987254324,4.0,4.543853682063679,1.0,9.534403305259804e-05,0.0006540341851610965,0.001550269205973659,LOPO
PDOL,VDR,0.0,0.0,0.0,0.0,3.0,4.7669972333778885,0.0,0.0,0.0,0.0,LOPO
PDOL,XDH,42.0,6.515151515151513,0.05935399575882972,0.1097589819148964,73.0,1.849226501293609,1.0,0.006832989035436199,0.004952419367993379,0.004777380754993209,LOPO
PDOL,XIAP,0.0,0.0,0.0,0.0,2.0,5.054679305829669,0.0,0.0,0.0,0.0,LOPO
PDOL,XPO1,8.0,1.2121212121212117,0.01069383189945493,0.03922909194121764,11.0,3.6683849447097785,1.0,0.0012712537740346417,0.00089227927353227,0.0017074894974986724,LOPO
PHOL,ABCB1,19.0,2.1666666666666656,0.020795538043420526,0.05793628090970329,28.0,2.7859957645113047,1.0,0.0020930408758571047,0.0016688787414861485,0.0024221918087533657,LOPO
PHOL,ABCB11,10.0,0.7058823529411759,0.02893987691254924,0.09286379971820065,18.0,3.2088526153313386,1.0,0.0006818956699624954,0.0023224763533281068,0.0038824365574605998,LOPO
PHOL,ABCC1,47.0,5.323529411764704,0.04010167363964945,0.08190436925730536,60.0,2.042417730324468,1.0,0.005142629844300489,0.003218230299956133,0.003424246244341334,LOPO
PHOL,ABCG2,48.0,6.117647058823527,0.048204914936168054,0.09614029262738204,63.0,1.9944085111381071,1.0,0.005909762473008296,0.0038685297588427568,0.004019419707939775,LOPO
PHOL,ACHE,64.0,7.607843137254899,0.07827164707778353,0.12436921726853203,95.0,1.5889434030299427,1.0,0.007349319998484676,0.006281438239129759,0.00519961058250207,LOPO
PHOL,ACP1,18.0,2.392156862745097,0.05399960068193897,0.15845727979478186,24.0,2.9344157696295783,1.0,0.0023108686593173466,0.004333563548039164,0.0066247594621141595,LOPO
PHOL,ADORA1,20.0,1.6862745098039205,0.017853677628686712,0.04798275292871916,31.0,2.6875556916980523,1.0,0.0016289729893548504,0.0014327892353470067,0.002006056123735667,LOPO
PHOL,ADORA2A,23.0,2.5784313725490184,0.02408558827236206,0.06189448614699392,35.0,2.569772656041669,1.0,0.002490813350001894,0.0019329110966018342,0.0025876758914833687,LOPO
PHOL,ADORA2B,20.0,1.6862745098039205,0.017853677628686712,0.04798275292871916,31.0,2.6875556916980523,1.0,0.0016289729893548504,0.0014327892353470067,0.002006056123735667,LOPO
PHOL,ADORA3,55.0,5.83333333333333,0.04917996621797265,0.09028475317652163,74.0,1.8358034809614685,1.0,0.005635110050384513,0.003946779350301505,0.0037746121457178992,LOPO
PHOL,ADRA1A,1.0,0.0294117647058823,0.0003921568627450973,0.0019822271787567295,2.0,5.054679305829669,1.0,2.8412319581770615e-05,3.1471282454759984e-05,8.287267253063713e-05,LOPO
PHOL,ADRA1B,1.0,0.0294117647058823,0.0003921568627450973,0.0019822271787567295,2.0,5.054679305829669,1.0,2.8412319581770615e-05,3.1471282454759984e-05,8.287267253063713e-05,LOPO
PHOL,ADRA1D,1.0,0.0294117647058823,0.0003921568627450973,0.002141233103505029,1.0,5.460144413937834,1.0,2.8412319581770615e-05,3.1471282454759984e-05,8.952036966309286e-05,LOPO
PHOL,ADRA2A,1.0,0.1078431372549019,0.000602475627122357,0.00304532108468213,2.0,5.054679305829669,1.0,0.00010417850513315905,4.834973561485479e-05,0.0001273183516532136,LOPO
PHOL,ADRA2B,8.0,0.509803921568627,0.0033405673515969113,0.01173953625112972,13.0,3.5142342648825204,1.0,0.0004924802060840244,0.00026808644363720304,0.0004908048652685812,LOPO
PHOL,ADRA2C,1.0,0.0294117647058823,0.0003921568627450973,0.0019822271787567295,2.0,5.054679305829669,1.0,2.8412319581770615e-05,3.1471282454759984e-05,8.287267253063713e-05,LOPO
PHOL,ADRB1,0.0,0.0,0.0,0.0,1.0,5.460144413937834,0.0,0.0,0.0,0.0,LOPO
PHOL,ADRB2,19.0,3.068627450980391,0.028171642392590072,0.08156239978784485,25.0,2.8951950564762967,1.0,0.0029643520096980717,0.0022608241731268204,0.003409949233301534,LOPO
PHOL,AGTR1,1.0,0.0294117647058823,0.00018044027426921658,0.0009852299556004735,1.0,5.460144413937834,1.0,2.8412319581770615e-05,1.4480651436239259e-05,4.119035413945991e-05,LOPO
PHOL,AKR1B1,76.0,9.627450980392153,0.15037963017135325,0.21310194322937126,113.0,1.4170931461032836,1.0,0.009300299276432928,0.012068231532240785,0.008909335794682637,LOPO
PHOL,AKR1B10,64.0,7.529411764705879,0.11097774783900767,0.18599368696659166,87.0,1.6759547800195724,1.0,0.007273553812933287,0.008906160723508093,0.007775997664614733,LOPO
PHOL,AKR1C2,32.0,2.431372549019606,0.023550481276400845,0.055264244793541306,44.0,2.3466291047274592,1.0,0.00234875175209304,0.0018899678128976296,0.0023104797020796915,LOPO
PHOL,AKR1C3,32.0,2.431372549019606,0.023550481276400845,0.05474663096238504,45.0,2.324650198008684,1.0,0.00234875175209304,0.0018899678128976296,0.002288839376497209,LOPO
PHOL,AKR1C4,32.0,2.431372549019606,0.023550481276400845,0.055264244793541306,44.0,2.3466291047274592,1.0,0.00234875175209304,0.0018899678128976296,0.0023104797020796915,LOPO
PHOL,AKT1,49.0,5.068627450980389,0.03980312669501833,0.07697064514745583,67.0,1.9337838893216723,1.0,0.004896389741258476,0.0031942713791438797,0.003217977807053275,LOPO
PHOL,ALDH2,2.0,0.3725490196078431,0.002736844134382683,0.01383386940934546,2.0,5.054679305829669,1.0,0.00035988938136909506,0.0002196365867089172,0.0005783644486760332,LOPO
PHOL,ALK,39.0,3.5588235294117627,0.024050570675426826,0.052960508070399724,51.0,2.2020478759163513,1.0,0.0034378906693942487,0.0019301008724575432,0.0022141654041527205,LOPO
PHOL,ALOX12,56.0,6.705882352941173,0.05420962905959058,0.09601961643830409,79.0,1.7712649598238974,1.0,0.006478008864643709,0.004350418697150465,0.004014374494955674,LOPO
PHOL,ALOX15,76.0,9.156862745098035,0.14994689080479032,0.20859376781565483,116.0,1.391117659700023,1.0,0.008845702163124598,0.012033503432013076,0.008720858636879806,LOPO
PHOL,ALOX5,70.0,8.549019607843134,0.1006380412281091,0.14993583735761867,105.0,1.4898525003857117,1.0,0.008258514225101337,0.0080763809640182,0.006268496206241222,LOPO
PHOL,ALPI,35.0,3.892156862745096,0.02942334515074288,0.06776620063165317,46.0,2.3031439927877204,1.0,0.0037598969579876497,0.002361275535307455,0.00283315969722241,LOPO
PHOL,ALPL,35.0,3.892156862745096,0.02942334515074288,0.06776620063165317,46.0,2.3031439927877204,1.0,0.0037598969579876497,0.002361275535307455,0.00283315969722241,LOPO
PHOL,AMY1A,57.0,6.852941176470585,0.05953762278410953,0.1025520546388117,83.0,1.7224747956544653,1.0,0.006620070462552563,0.004777999625475354,0.00428748174402328,LOPO
PHOL,ANPEP,0.0,0.0,0.0,0.0,2.0,5.054679305829669,0.0,0.0,0.0,0.0,LOPO
PHOL,AOC3,4.0,0.549019607843137,0.004190997193025589,0.018279168894296344,5.0,4.361532125269724,1.0,0.0005303632988597188,0.00033633494389347774,0.0007642128985736905,LOPO
PHOL,AOX1,4.0,0.9999999999999998,0.006816098405162312,0.029728632163115155,5.0,4.361532125269724,1.0,0.0009660188657802024,0.0005470039632781716,0.0012428904337709957,LOPO
PHOL,APEX1,67.0,8.303921568627448,0.09678996208712494,0.15791311520389334,91.0,1.6315030174487386,1.0,0.008021744895253249,0.007767565800855034,0.006602009106137426,LOPO
PHOL,APOBEC3G,9.0,0.4215686274509799,0.0027915165669632354,0.010483251047536694,10.0,3.755396321699408,1.0,0.0004072432473387124,0.00022402414620790727,0.00043828227179483557,LOPO
PHOL,APP,65.0,7.970588235294114,0.08245251065050455,0.13187575782520808,94.0,1.599414702897238,1.0,0.007699738606659848,0.006616959942054655,0.005513442964611541,LOPO
PHOL,AR,49.0,6.303921568627448,0.15469731198902117,0.2903089166671414,71.0,1.8766254754817235,1.0,0.006089707163692844,0.012414733141526487,0.012137193981352757,LOPO
PHOL,ATR,2.0,0.1176470588235293,0.0008047732674498534,0.0038363519394299344,3.0,4.7669972333778885,1.0,0.00011364927832708255,6.458447937048394e-05,0.0001603896573489923,LOPO
PHOL,AURKA,5.0,0.20588235294117618,0.0019143077784425715,0.007022417833979552,11.0,3.6683849447097785,1.0,0.00019888623707239438,0.00015362658804181148,0.0002935922480357211,LOPO
PHOL,AURKB,43.0,3.7156862745098014,0.02573033487567257,0.05297739663172541,59.0,2.058947032275678,1.0,0.003589423040497025,0.0020649049231460295,0.0022148714787274494,LOPO
PHOL,AVPR2,39.0,3.5588235294117627,0.024050570675426826,0.053903788604033366,49.0,2.241268589069633,1.0,0.0034378906693942487,0.0019301008724575432,0.0022536019428129237,LOPO
PHOL,AXL,39.0,3.5588235294117627,0.024050570675426826,0.052960508070399724,51.0,2.2020478759163513,1.0,0.0034378906693942487,0.0019301008724575432,0.0022141654041527205,LOPO
PHOL,BACE1,63.0,7.794117647058821,0.09602217122208564,0.1515787381968793,96.0,1.578580615994396,1.0,0.007529264689169224,0.007705949224746452,0.0063371823713344435,LOPO
PHOL,BBOX1,1.0,0.0294117647058823,0.00019872813990461013,0.0010850843429924134,1.0,5.460144413937834,1.0,2.8412319581770615e-05,1.5948285027749992e-05,4.53650521941349e-05,LOPO
PHOL,BCHE,55.0,6.558823529411762,0.05327087359629137,0.09435683178031894,79.0,1.7712649598238974,1.0,0.006335947266734856,0.004275081909379797,0.003944857029991542,LOPO
PHOL,BCL2,36.0,4.294117647058822,0.03625025240400383,0.07982479130766823,51.0,2.2020478759163513,1.0,0.004148198658938515,0.0029091469277800095,0.0033373035445997713,LOPO
PHOL,BCL2L1,32.0,3.2745098039215668,0.02578463195649205,0.0610864221209466,43.0,2.369101960579518,1.0,0.0031632382467704657,0.0020692623600017234,0.002553892465379601,LOPO
PHOL,BCR,6.0,0.3725490196078428,0.004350954902043794,0.01721266918113286,8.0,3.9560670171615597,1.0,0.0003598893813690948,0.00034917183320886476,0.000719624829945527,LOPO
PHOL,BRAF,5.0,0.20588235294117618,0.0019143077784425715,0.007022417833979552,11.0,3.6683849447097785,1.0,0.00019888623707239438,0.00015362658804181148,0.0002935922480357211,LOPO
PHOL,CA1,78.0,9.156862745098035,0.10953555237709424,0.1514446181828882,117.0,1.3826069700321142,1.0,0.008845702163124598,0.008790421984629124,0.0063315751008266,LOPO
PHOL,CA12,74.0,8.882352941176467,0.10340797342153542,0.14653873038808835,113.0,1.4170931461032836,1.0,0.008580520513694739,0.008298672926039825,0.00612647044024703,LOPO
PHOL,CA13,35.0,4.284313725490194,0.04990067541273946,0.10893315850498303,52.0,2.182999680945657,1.0,0.004138727885744592,0.0040046175390239394,0.0045542620287214635,LOPO
PHOL,CA14,67.0,7.441176470588232,0.07842481333437268,0.12141113248131835,99.0,1.5481214085096875,1.0,0.007188316854187976,0.00629373010236508,0.005075939393591032,LOPO
PHOL,CA2,78.0,9.156862745098035,0.10953555237709424,0.1514446181828882,117.0,1.3826069700321142,1.0,0.008845702163124598,0.008790421984629124,0.0063315751008266,LOPO
PHOL,CA3,66.0,7.41176470588235,0.07687682571827362,0.12056777972221375,97.0,1.568324115827207,1.0,0.007159904534606205,0.006169501355833133,0.005040680621144515,LOPO
PHOL,CA4,73.0,8.245098039215682,0.08578328268829205,0.12308122977360025,111.0,1.4347927232026845,1.0,0.007964920256089705,0.006884260294418405,0.005145762584131882,LOPO
PHOL,CA5A,66.0,7.41176470588235,0.07687682571827362,0.12056777972221375,97.0,1.568324115827207,1.0,0.007159904534606205,0.006169501355833133,0.005040680621144515,LOPO
PHOL,CA5B,66.0,7.41176470588235,0.07687682571827362,0.12056777972221375,97.0,1.568324115827207,1.0,0.007159904534606205,0.006169501355833133,0.005040680621144515,LOPO
PHOL,CA6,67.0,7.460784313725487,0.07764275709082263,0.11942784334661402,100.0,1.5381710776565196,1.0,0.007207258400575823,0.006230968704377586,0.004993022322956872,LOPO
PHOL,CA7,74.0,8.882352941176467,0.10340797342153542,0.14653873038808835,113.0,1.4170931461032836,1.0,0.008580520513694739,0.008298672926039825,0.00612647044024703,LOPO
PHOL,CA9,70.0,8.37254901960784,0.0985366907963358,0.1486820812607103,103.0,1.5089006953564064,1.0,0.008088040307610714,0.007907743871932538,0.006216079349300766,LOPO
PHOL,CACNA1C,0.0,0.0,0.0,0.0,2.0,5.054679305829669,0.0,0.0,0.0,0.0,LOPO
PHOL,CACNA1D,0.0,0.0,0.0,0.0,1.0,5.460144413937834,0.0,0.0,0.0,0.0,LOPO
PHOL,CAMK2B,39.0,3.5588235294117627,0.024050570675426826,0.05342752411668746,50.0,2.221465961773453,1.0,0.0034378906693942487,0.0019301008724575432,0.0022336903447273074,LOPO
PHOL,CARM1,5.0,0.20588235294117618,0.0019143077784425715,0.007188984389763798,10.0,3.755396321699408,1.0,0.00019888623707239438,0.00015362658804181148,0.00030055603895736603,LOPO
PHOL,CBR1,19.0,3.2647058823529402,0.03098192245112876,0.09217858568255986,23.0,2.975237764149833,1.0,0.003153767473576543,0.0024863541227499097,0.003853789226318328,LOPO
PHOL,CCR4,39.0,3.5588235294117627,0.024050570675426826,0.053903788604033366,49.0,2.241268589069633,1.0,0.0034378906693942487,0.0019301008724575432,0.0022536019428129237,LOPO
PHOL,CD38,49.0,4.735294117647056,0.03993588547458472,0.07722737193654731,67.0,1.9337838893216723,1.0,0.004574383452665075,0.003204925506221592,0.003228711004211617,LOPO
PHOL,CDC25B,24.0,2.8235294117647047,0.05695522828981151,0.15131774111802374,32.0,2.6567840330312986,1.0,0.002727582679849983,0.004570757895799195,0.006326270642507773,LOPO
PHOL,CDK6,51.0,6.303921568627448,0.0498691852605063,0.0949906421837869,69.0,1.90479635244842,1.0,0.006089707163692844,0.004002090398561483,0.003971355285376203,LOPO
PHOL,CES1,8.0,1.6274509803921564,0.01192118860963486,0.041893849490106036,13.0,3.5142342648825204,1.0,0.0015721483501913098,0.0009566964895222314,0.0017514921130376867,LOPO
PHOL,CES2,8.0,1.92156862745098,0.013764842665673783,0.04939296632339577,12.0,3.588342237036242,1.0,0.0018562715460090165,0.001104652991265717,0.0020650141251735516,LOPO
PHOL,CHRM1,4.0,0.2549019607843135,0.001752429615824195,0.007373139850062587,6.0,4.207381445442466,1.0,0.0002462401030420122,0.00014063557892530918,0.0003082551843023726,LOPO
PHOL,CHRM2,4.0,0.2549019607843135,0.001752429615824195,0.007373139850062587,6.0,4.207381445442466,1.0,0.0002462401030420122,0.00014063557892530918,0.0003082551843023726,LOPO
PHOL,CHRM3,4.0,0.2549019607843135,0.001752429615824195,0.007962783762420206,4.0,4.543853682063679,1.0,0.0002462401030420122,0.00014063557892530918,0.00033290693329571724,LOPO
PHOL,CHRM4,4.0,0.2549019607843135,0.001752429615824195,0.007373139850062587,6.0,4.207381445442466,1.0,0.0002462401030420122,0.00014063557892530918,0.0003082551843023726,LOPO
PHOL,CHRM5,4.0,0.2549019607843135,0.001752429615824195,0.007643278066691307,5.0,4.361532125269724,1.0,0.0002462401030420122,0.00014063557892530918,0.0003195490845195634,LOPO
PHOL,CHRNA3,3.0,0.22549019607843118,0.0013602727530790976,0.006484416450567382,3.0,4.7669972333778885,1.0,0.0002178277834602416,0.00010916429647054919,0.0002710995625623482,LOPO
PHOL,CHRNA7,10.0,1.5490196078431366,0.012671643530372305,0.04758704350384626,10.0,3.755396321699408,1.0,0.0014963821646399211,0.0010169218254114677,0.001989512360267876,LOPO
PHOL,CLK1,0.0,0.0,0.0,0.0,1.0,5.460144413937834,0.0,0.0,0.0,0.0,LOPO
PHOL,CNR1,8.0,0.8431372549019602,0.013511159235618457,0.04485810591642948,16.0,3.3200782504415627,1.0,0.0008144864946774252,0.00108429444691824,0.0018754213249606193,LOPO
PHOL,CNR2,8.0,0.8431372549019602,0.013511159235618457,0.04485810591642948,16.0,3.3200782504415627,1.0,0.0008144864946774252,0.00108429444691824,0.0018754213249606193,LOPO
PHOL,CSNK1D,0.0,0.0,0.0,0.0,1.0,5.460144413937834,0.0,0.0,0.0,0.0,LOPO
PHOL,CSNK2A1,37.0,4.794117647058822,0.04189822381984737,0.093905172985233,49.0,2.241268589069633,1.0,0.004631208091828617,0.0033624066322772883,0.00392597414319538,LOPO
PHOL,CTBP2,5.0,0.3431372549019605,0.002180346054189025,0.008625595110975553,8.0,3.9560670171615597,1.0,0.00033147706178732417,0.0001749766306272861,0.0003606176560761753,LOPO
PHOL,CTSD,9.0,0.598039215686274,0.0041738777659841905,0.014977301879907545,12.0,3.588342237036242,1.0,0.0005777171648293364,0.0003349610795675748,0.0006261689111056236,LOPO
PHOL,CTSL,28.0,2.8039215686274495,0.02615192316338092,0.06444911693822136,39.0,2.4644121403838426,1.0,0.0027086411334621354,0.002098738129555354,0.00269447953299678,LOPO
PHOL,CXCL8,63.0,7.735294117647055,0.18197644278080197,0.2910557981645526,94.0,1.599414702897238,1.0,0.007472440050005682,0.0146039316787111,0.0121684194969836,LOPO
PHOL,CXCR1,39.0,3.5588235294117627,0.024050570675426826,0.053903788604033366,49.0,2.241268589069633,1.0,0.0034378906693942487,0.0019301008724575432,0.0022536019428129237,LOPO
PHOL,CYP19A1,76.0,8.490196078431369,0.10933669576326023,0.15303872650201544,115.0,1.3997014033914144,1.0,0.008201689585937796,0.008774463389341108,0.006398221355163732,LOPO
PHOL,CYP1A1,56.0,6.705882352941173,0.057160750738960486,0.10124683486114865,79.0,1.7712649598238974,1.0,0.006478008864643709,0.004587251436171496,0.004232913300822624,LOPO
PHOL,CYP1A2,58.0,6.803921568627448,0.09078539560902708,0.15318977639855966,86.0,1.6873834758431951,1.0,0.006572716596582945,0.007285688711346001,0.006404536427798316,LOPO
PHOL,CYP1B1,56.0,6.705882352941173,0.057160750738960486,0.10196584749547465,78.0,1.7838437420307574,1.0,0.006478008864643709,0.004587251436171496,0.004262973678981329,LOPO
PHOL,CYP2A13,5.0,0.3235294117647056,0.004527294983615065,0.017001786928716196,10.0,3.755396321699408,1.0,0.00031253551539947707,0.0003633234369226883,0.0007108082946692774,LOPO
PHOL,CYP2A6,40.0,4.372549019607841,0.04228525900496699,0.08239701235920482,66.0,1.948598975106813,1.0,0.0042239648444899035,0.0033934668910359047,0.0034448425972194124,LOPO
PHOL,CYP2B6,10.0,1.509803921568627,0.013983103808358118,0.04817516804870261,14.0,3.445241393395569,1.0,0.001458499071864227,0.0011221688343450264,0.0020141005877603877,LOPO
PHOL,CYP2C19,68.0,7.607843137254898,0.06967461379650697,0.1038048975781347,105.0,1.4898525003857117,1.0,0.007349319998484675,0.005591511099326289,0.004339860423801021,LOPO
PHOL,CYP2C8,39.0,3.5588235294117627,0.024050570675426826,0.052960508070399724,51.0,2.2020478759163513,1.0,0.0034378906693942487,0.0019301008724575432,0.0022141654041527205,LOPO
PHOL,CYP2C9,69.0,8.362745098039213,0.09700676142891866,0.14361489776719838,106.0,1.4804627600358728,1.0,0.00807856953441679,0.007784964331825104,0.0060042312610438745,LOPO
PHOL,CYP2D6,67.0,7.441176470588232,0.06697372739875088,0.09978097522518005,105.0,1.4898525003857117,1.0,0.007188316854187976,0.005374760184636186,0.004171628849227274,LOPO
PHOL,CYP2E1,4.0,0.37254901960784287,0.004222603264674571,0.01918689139208566,4.0,4.543853682063679,1.0,0.00035988938136909484,0.0003388713870942615,0.0008021628319184487,LOPO
PHOL,CYP2J2,39.0,3.5588235294117627,0.024050570675426826,0.052960508070399724,51.0,2.2020478759163513,1.0,0.0034378906693942487,0.0019301008724575432,0.0022141654041527205,LOPO
PHOL,CYP3A4,82.0,9.745098039215682,0.26427755514952067,0.3298228329336539,134.0,1.2480168160593494,1.0,0.00941394855476001,0.021208741640638174,0.013789186183987964,LOPO
PHOL,CYP3A5,1.0,0.0294117647058823,0.00018044027426921658,0.0009852299556004735,1.0,5.460144413937834,1.0,2.8412319581770615e-05,1.4480651436239259e-05,4.119035413945991e-05,LOPO
PHOL,DAO,19.0,1.6176470588235283,0.01565513977325089,0.043084419571096565,29.0,2.7520942128356234,1.0,0.0015626775769973856,0.0012563526804654534,0.0018012672979933215,LOPO
PHOL,DAPK1,56.0,7.33333333333333,0.0711055543314148,0.12332909887005683,82.0,1.734450986701181,1.0,0.0070841383490548165,0.005706346610388917,0.005156125460133811,LOPO
PHOL,DHFR,8.0,1.509803921568627,0.011995261357582412,0.04400323617201431,11.0,3.6683849447097785,1.0,0.001458499071864227,0.0009626409586730185,0.0018396810520269675,LOPO
PHOL,DNMT1,5.0,1.245098039215686,0.008297354848826832,0.03282489184712937,8.0,3.9560670171615597,1.0,0.0012027881956282913,0.0006658774150907452,0.0013723384191548218,LOPO
PHOL,DNMT3B,0.0,0.0,0.0,0.0,2.0,5.054679305829669,0.0,0.0,0.0,0.0,LOPO
PHOL,DPP4,60.0,6.37254901960784,0.05885623973699917,0.10208326308535946,82.0,1.734450986701181,1.0,0.006156002576050308,0.004723317429719841,0.004267882573297176,LOPO
PHOL,DRD1,55.0,6.5980392156862715,0.13003923461873396,0.23872647957463689,74.0,1.8358034809614685,1.0,0.00637383035951055,0.010435878781361816,0.009980642773039441,LOPO
PHOL,DRD2,4.0,0.3137254901960782,0.0031705572811596035,0.011630824596545856,11.0,3.6683849447097785,1.0,0.00030306474220555355,0.00025444283452264333,0.00048625986384435353,LOPO
PHOL,DRD3,1.0,0.0294117647058823,0.0003921568627450973,0.001781903404730851,4.0,4.543853682063679,1.0,2.8412319581770615e-05,3.1471282454759984e-05,7.449756462027111e-05,LOPO
PHOL,DRD4,1.0,0.0294117647058823,0.0003921568627450973,0.0019822271787567295,2.0,5.054679305829669,1.0,2.8412319581770615e-05,3.1471282454759984e-05,8.287267253063713e-05,LOPO
PHOL,DRD5,1.0,0.0294117647058823,0.0003921568627450973,0.0019822271787567295,2.0,5.054679305829669,1.0,2.8412319581770615e-05,3.1471282454759984e-05,8.287267253063713e-05,LOPO
PHOL,DUSP3,56.0,6.039215686274507,0.060936044726643435,0.11105949129554196,75.0,1.8225582542114478,1.0,0.005833996287456907,0.004890225461933621,0.004643159448215868,LOPO
PHOL,DYRK1A,6.0,0.4313725490196075,0.0033414609181794787,0.012257764925585711,11.0,3.6683849447097785,1.0,0.0004167140205326361,0.00026815815393729895,0.0005124708961324676,LOPO
PHOL,DYRK1B,0.0,0.0,0.0,0.0,1.0,5.460144413937834,0.0,0.0,0.0,0.0,LOPO
PHOL,EBP,1.0,0.1078431372549019,0.0006058603216567522,0.0030624296301016924,2.0,5.054679305829669,1.0,0.00010417850513315905,4.8621363343028124e-05,0.0001280336232917148,LOPO
PHOL,EDNRA,1.0,0.0490196078431372,0.0004051207259763405,0.0022120176689101553,1.0,5.460144413937834,1.0,4.735386596961772e-05,3.251165542847108e-05,9.247972072633566e-05,LOPO
PHOL,EGFR,67.0,7.225490196078428,0.06560928077134653,0.10289661725578102,97.0,1.568324115827207,1.0,0.006979959843921657,0.005265260927362195,0.004301887169006055,LOPO
PHOL,EGLN1,18.0,1.0980392156862735,0.057429621216769144,0.17086677782495208,23.0,2.975237764149833,1.0,0.0010607265977194372,0.004608828767986196,0.007143573994345984,LOPO
PHOL,EHMT2,89.0,10.049019607843132,0.33276517339109224,0.40558007041694427,138.0,1.2188176613670871,1.0,0.009707542523771638,0.026704994245390575,0.01695643401564981,LOPO
PHOL,ENPP2,0.0,0.0,0.0,0.0,1.0,5.460144413937834,0.0,0.0,0.0,0.0,LOPO
PHOL,EP300,5.0,0.4019607843137252,0.0024088376609097406,0.009813243432126997,7.0,4.073850052817943,1.0,0.00038830170095086546,0.00019331348655609256,0.00041027068851117436,LOPO
PHOL,EPHB4,5.0,0.20588235294117618,0.0019143077784425715,0.007022417833979552,11.0,3.6683849447097785,1.0,0.00019888623707239438,0.00015362658804181148,0.0002935922480357211,LOPO
PHOL,EPHX2,55.0,5.9313725490196045,0.047181909190583925,0.08725003685685628,73.0,1.849226501293609,1.0,0.005729817782323748,0.0037864317367738492,0.003647737156575259,LOPO
PHOL,ERBB2,26.0,2.117647058823528,0.02119513854686619,0.05119944246271913,41.0,2.4156219762144104,1.0,0.0020456870098874867,0.0017009473892843055,0.002140539023193794,LOPO
PHOL,ERN1,2.0,0.0784313725490195,0.000903441356671828,0.004105105335041891,4.0,4.543853682063679,1.0,7.576618555138833e-05,7.250276819868331e-05,0.00017162566116567685,LOPO
PHOL,ESR1,76.0,8.470588235294114,0.09166332428816816,0.1267343510571353,117.0,1.3826069700321142,1.0,0.008182748039549948,0.007356144042008778,0.005298491760227118,LOPO
PHOL,ESR2,29.0,3.754901960784312,0.04851009137833187,0.1149253525922976,43.0,2.369101960579518,1.0,0.00362730613327272,0.003893020708567941,0.004804782828587353,LOPO
PHOL,ESRRA,31.0,3.382352941176469,0.022916942335590544,0.056476790912305785,39.0,2.4644121403838426,1.0,0.003267416751903625,0.0018391251913691868,0.0023611736581032844,LOPO
PHOL,ESRRB,3.0,0.9705882352941175,0.006635658130893096,0.030151459630974382,4.0,4.543853682063679,1.0,0.0009376065461984319,0.0005325233118419324,0.0012605679445308038,LOPO
PHOL,F10,3.0,0.0882352941176469,0.0008532541171209292,0.003721495242841588,5.0,4.361532125269724,1.0,8.523695874531184e-05,6.847515338027916e-05,0.00015558774488087305,LOPO
PHOL,F2,45.0,4.617647058823527,0.03181328863481657,0.06550187622158514,59.0,2.058947032275678,1.0,0.004460734174337993,0.0025530727307248556,0.0027384931436862043,LOPO
PHOL,F3,43.0,5.460784313725488,0.06426004184945881,0.131245848824727,60.0,2.042417730324468,1.0,0.005275220669015418,0.005156982115377499,0.005487107818529189,LOPO
PHOL,FABP2,44.0,4.745098039215684,0.0462023365560166,0.0921463332617868,63.0,1.9944085111381071,1.0,0.004583854225858998,0.0037078192987519236,0.003852440821688581,LOPO
PHOL,FABP3,50.0,6.019607843137252,0.06018710136313135,0.11379043907687601,70.0,1.8906117174564634,1.0,0.00581505474106906,0.004830121431187569,0.004757334525425089,LOPO
PHOL,FABP4,51.0,6.2647058823529385,0.07460463308170112,0.13796086461396762,73.0,1.849226501293609,1.0,0.00605182407091715,0.005987153874377276,0.005767848245511343,LOPO
PHOL,FABP5,44.0,4.745098039215684,0.0462023365560166,0.0921463332617868,63.0,1.9944085111381071,1.0,0.004583854225858998,0.0037078192987519236,0.003852440821688581,LOPO
PHOL,FASN,37.0,3.7352941176470567,0.028206030413069603,0.062111029359131924,51.0,2.2020478759163513,1.0,0.0036083645868848725,0.0022635838726460275,0.002596729099360127,LOPO
PHOL,FDPS,1.0,0.0490196078431372,0.007002801120448171,0.03338233356707201,3.0,4.7669972333778885,1.0,4.735386596961772e-05,0.000561987186692143,0.0013956438634584844,LOPO
PHOL,FLT3,55.0,6.499999999999997,0.05186074986989207,0.09384130979252377,76.0,1.8094861726440952,1.0,0.006279122627571315,0.004161916984051136,0.003923304159899382,LOPO
PHOL,FLT4,5.0,0.20588235294117618,0.0019143077784425715,0.007022417833979552,11.0,3.6683849447097785,1.0,0.00019888623707239438,0.00015362658804181148,0.0002935922480357211,LOPO
PHOL,FOLH1,5.0,0.42156862745098006,0.004668068716056329,0.020359931668046272,5.0,4.361532125269724,1.0,0.00040724324733871256,0.0003746207781571564,0.0008512051332735865,LOPO
PHOL,FUCA1,1.0,0.0490196078431372,0.0002345435781968287,0.0012806418083164057,1.0,5.460144413937834,1.0,4.735386596961772e-05,1.8822537353325363e-05,5.354089094682591e-05,LOPO
PHOL,FUT7,19.0,2.1666666666666656,0.01645219370937764,0.04701139870895134,26.0,2.85745472849345,1.0,0.0020930408758571047,0.0013203176698320378,0.001965445884390366,LOPO
PHOL,FYN,3.0,0.9705882352941175,0.006635658130893096,0.027918744898219043,6.0,4.207381445442466,1.0,0.0009376065461984319,0.0005325233118419324,0.0011672229238969855,LOPO
PHOL,GAA,71.0,7.696078431372546,0.0955013306462615,0.13961756985158993,108.0,1.4619437122686354,1.0,0.007434556957229988,0.0076641508465135144,0.0058371115429318625,LOPO
PHOL,GABRR1,10.0,1.0980392156862742,0.0770304026239197,0.2557469643744325,16.0,3.3200782504415627,1.0,0.0010607265977194379,0.006181826174382229,0.010692232785648818,LOPO
PHOL,GBA,65.0,7.91176470588235,0.0803910477874076,0.12607921894160876,97.0,1.568324115827207,1.0,0.0076429139674963065,0.006451523897966624,0.005271102089731132,LOPO
PHOL,GBA2,3.0,0.9117647058823528,0.006267726081967568,0.029878232892309824,3.0,4.7669972333778885,1.0,0.0008807819070348905,0.0005029961135804029,0.0012491449198227258,LOPO
PHOL,GLO1,52.0,6.3137254901960755,0.04978676330959694,0.09139871338956278,74.0,1.8358034809614685,1.0,0.006099177936886767,0.003995475891092754,0.003821184436188369,LOPO
PHOL,GLRA1,11.0,0.6568627450980385,0.0065113155403210814,0.022882288181258387,13.0,3.5142342648825204,1.0,0.0006345418039928776,0.0005225445988298589,0.0009566594563527682,LOPO
PHOL,GLRA2,2.0,0.0980392156862744,0.0005667006687067884,0.0028644901427120387,2.0,5.054679305829669,1.0,9.470773193923544e-05,4.547873187104047e-05,0.00011975819729860863,LOPO
PHOL,GPBAR1,1.0,0.1078431372549019,0.0006058603216567522,0.0028881344771511754,3.0,4.7669972333778885,1.0,0.00010417850513315905,4.8621363343028124e-05,0.00012074671627674535,LOPO
PHOL,GPR35,52.0,6.019607843137252,0.05940095888354483,0.11230414889337946,70.0,1.8906117174564634,1.0,0.00581505474106906,0.0047670321055244495,0.004695195916398618,LOPO
PHOL,GRIA1,5.0,0.42156862745098006,0.004668068716056329,0.020359931668046272,5.0,4.361532125269724,1.0,0.00040724324733871256,0.0003746207781571564,0.0008512051332735865,LOPO
PHOL,GRIA2,5.0,0.42156862745098006,0.004668068716056329,0.020359931668046272,5.0,4.361532125269724,1.0,0.00040724324733871256,0.0003746207781571564,0.0008512051332735865,LOPO
PHOL,GRIA4,5.0,0.42156862745098006,0.004668068716056329,0.020359931668046272,5.0,4.361532125269724,1.0,0.00040724324733871256,0.0003746207781571564,0.0008512051332735865,LOPO
PHOL,GRIK2,5.0,0.42156862745098006,0.004668068716056329,0.020359931668046272,5.0,4.361532125269724,1.0,0.00040724324733871256,0.0003746207781571564,0.0008512051332735865,LOPO
PHOL,GRIK5,5.0,0.42156862745098006,0.004668068716056329,0.020359931668046272,5.0,4.361532125269724,1.0,0.00040724324733871256,0.0003746207781571564,0.0008512051332735865,LOPO
PHOL,GRK6,5.0,1.1470588235294115,0.011952936775362445,0.048694472113639836,7.0,4.073850052817943,1.0,0.0011080804636890557,0.0009592443360243666,0.002035811578396872,LOPO
PHOL,GRM1,5.0,0.42156862745098006,0.004668068716056329,0.020359931668046272,5.0,4.361532125269724,1.0,0.00040724324733871256,0.0003746207781571564,0.0008512051332735865,LOPO
PHOL,GRM2,5.0,0.42156862745098006,0.004668068716056329,0.020359931668046272,5.0,4.361532125269724,1.0,0.00040724324733871256,0.0003746207781571564,0.0008512051332735865,LOPO
PHOL,GRM3,5.0,0.42156862745098006,0.004668068716056329,0.020359931668046272,5.0,4.361532125269724,1.0,0.00040724324733871256,0.0003746207781571564,0.0008512051332735865,LOPO
PHOL,GRM4,5.0,0.42156862745098006,0.004668068716056329,0.020359931668046272,5.0,4.361532125269724,1.0,0.00040724324733871256,0.0003746207781571564,0.0008512051332735865,LOPO
PHOL,GRM5,16.0,1.392156862745097,0.011777797936381522,0.03606655161519846,21.0,3.0622491411394632,1.0,0.001344849793537144,0.0009451891341549298,0.0015078652706146162,LOPO
PHOL,GRM8,5.0,0.42156862745098006,0.004668068716056329,0.020359931668046272,5.0,4.361532125269724,1.0,0.00040724324733871256,0.0003746207781571564,0.0008512051332735865,LOPO
PHOL,GSK3B,61.0,7.068627450980389,0.08166498886589799,0.13780015276723478,86.0,1.6873834758431951,1.0,0.006828427472818881,0.006553759924721949,0.005761129227434697,LOPO
PHOL,GSTP1,5.0,0.20588235294117618,0.0019143077784425715,0.007188984389763798,10.0,3.755396321699408,1.0,0.00019888623707239438,0.00015362658804181148,0.00030055603895736603,LOPO
PHOL,HCAR2,46.0,5.098039215686272,0.05185906073833494,0.10342815211616325,63.0,1.9944085111381071,1.0,0.004924802060840247,0.004161781428253474,0.004324109503002455,LOPO
PHOL,HDAC1,4.0,0.2745098039215684,0.0024367751922941263,0.010628073283251141,5.0,4.361532125269724,1.0,0.0002651816494298593,0.00019555552290637373,0.00044433697926940757,LOPO
PHOL,HDAC10,0.0,0.0,0.0,0.0,1.0,5.460144413937834,0.0,0.0,0.0,0.0,LOPO
PHOL,HDAC2,4.0,0.2745098039215684,0.0024367751922941263,0.010628073283251141,5.0,4.361532125269724,1.0,0.0002651816494298593,0.00019555552290637373,0.00044433697926940757,LOPO
PHOL,HDAC3,4.0,0.2745098039215684,0.0024367751922941263,0.010628073283251141,5.0,4.361532125269724,1.0,0.0002651816494298593,0.00019555552290637373,0.00044433697926940757,LOPO
PHOL,HDAC6,4.0,0.2745098039215684,0.0024367751922941263,0.010628073283251141,5.0,4.361532125269724,1.0,0.0002651816494298593,0.00019555552290637373,0.00044433697926940757,LOPO
PHOL,HDAC8,4.0,0.2745098039215684,0.0024367751922941263,0.010628073283251141,5.0,4.361532125269724,1.0,0.0002651816494298593,0.00019555552290637373,0.00044433697926940757,LOPO
PHOL,HIF1A,67.0,8.166666666666663,0.08382338037803243,0.12810884653655077,101.0,1.5283187812135077,1.0,0.007889154070538317,0.0067269746644841154,0.005355956472133593,LOPO
PHOL,HKDC1,4.0,0.21568627450980368,0.033746805476567804,0.13747942527315263,7.0,4.073850052817943,1.0,0.00020835701026631799,0.0027082408801022166,0.005747720297886414,LOPO
PHOL,HMGCR,5.0,0.1666666666666664,0.0014030359578345113,0.005903107456281521,6.0,4.207381445442466,1.0,0.0001610031442967002,0.00011259611935414651,0.000246796278640683,LOPO
PHOL,HRH1,1.0,0.0294117647058823,0.0003921568627450973,0.0019822271787567295,2.0,5.054679305829669,1.0,2.8412319581770615e-05,3.1471282454759984e-05,8.287267253063713e-05,LOPO
PHOL,HRH3,2.0,0.1372549019607842,0.0009946324898674544,0.005027548263438859,2.0,5.054679305829669,1.0,0.00013259082471492965,7.982101806961478e-05,0.0002101910241838507,LOPO
PHOL,HRH4,1.0,0.0294117647058823,0.0003921568627450973,0.002141233103505029,1.0,5.460144413937834,1.0,2.8412319581770615e-05,3.1471282454759984e-05,8.952036966309286e-05,LOPO
PHOL,HSD11B1,44.0,4.56862745098039,0.031499142030756815,0.06592293479475216,57.0,2.0928485839513593,1.0,0.004413380308368375,0.0025278619096280068,0.0027560967007477987,LOPO
PHOL,HSD11B2,3.0,0.9509803921568627,0.006727948599185282,0.029344163952510043,5.0,4.361532125269724,1.0,0.0009186649998105848,0.0005399297853004713,0.0012268166413937256,LOPO
PHOL,HSD17B1,51.0,6.343137254901958,0.056598341704080894,0.10700548801434016,70.0,1.8906117174564634,1.0,0.006127590256468538,0.004542117115512395,0.004473670254463673,LOPO
PHOL,HSD17B2,51.0,6.343137254901958,0.056598341704080894,0.10700548801434016,70.0,1.8906117174564634,1.0,0.006127590256468538,0.004542117115512395,0.004473670254463673,LOPO
PHOL,HSD17B3,7.0,1.225490196078431,0.012380978805571657,0.0444271891838833,12.0,3.588342237036242,1.0,0.001183846649240444,0.0009935954666941854,0.0018574056193709754,LOPO
PHOL,HSP90AA1,1.0,0.0294117647058823,0.0015479876160990685,0.007379252683247493,3.0,4.7669972333778885,1.0,2.8412319581770615e-05,0.00012422874653194733,0.00030851074876450695,LOPO
PHOL,HSP90AB1,19.0,1.460784313725489,0.014197540615291137,0.04166148707146674,24.0,2.9344157696295783,1.0,0.0014111452058946086,0.0011393777677102255,0.0017417775380209122,LOPO
PHOL,HSPA1A,7.0,0.2647058823529408,0.0022563050424644587,0.008096394683513069,12.0,3.588342237036242,1.0,0.0002557108762359356,0.00018107247390352076,0.0003384929197199325,LOPO
PHOL,HSPA8,25.0,1.8921568627450966,0.019767985407129283,0.048716463228260044,39.0,2.4644121403838426,1.0,0.0018278592264272448,0.0015864158233888182,0.002036730979795478,LOPO
PHOL,HTR1A,42.0,3.764705882352939,0.026741771708452773,0.05787741835371899,53.0,2.1643075479335048,1.0,0.003636776906466643,0.0021460745194824423,0.0024197308913677697,LOPO
PHOL,HTR1B,1.0,0.088235294117647,0.0006947660954145432,0.0037935232148711183,1.0,5.460144413937834,1.0,8.523695874531194e-05,5.5756209073393736e-05,0.00015859908011177885,LOPO
PHOL,HTR1D,1.0,0.088235294117647,0.0006947660954145432,0.0037935232148711183,1.0,5.460144413937834,1.0,8.523695874531194e-05,5.5756209073393736e-05,0.00015859908011177885,LOPO
PHOL,HTR1E,2.0,0.1176470588235293,0.0010869229581596405,0.005494046983640703,2.0,5.054679305829669,1.0,0.00011364927832708255,8.722749152815372e-05,0.00022969433646286838,LOPO
PHOL,HTR2A,3.0,0.2058823529411763,0.0026912010330259494,0.011322909292308976,6.0,4.207381445442466,1.0,0.0001988862370723945,0.00021597364702489926,0.00047338658451054913,LOPO
PHOL,HTR2B,2.0,0.1176470588235293,0.0010869229581596405,0.005494046983640703,2.0,5.054679305829669,1.0,0.00011364927832708255,8.722749152815372e-05,0.00022969433646286838,LOPO
PHOL,HTR2C,2.0,0.1176470588235293,0.0010869229581596405,0.005181358734441917,3.0,4.7669972333778885,1.0,0.00011364927832708255,8.722749152815372e-05,0.00021662151052357202,LOPO
PHOL,HTR3A,3.0,0.22549019607843118,0.0016893985852819975,0.0080533583821118,3.0,4.7669972333778885,1.0,0.0002178277834602416,0.0001355772271430085,0.0003366936641395534,LOPO
PHOL,HTR4,1.0,0.088235294117647,0.0006947660954145432,0.0037935232148711183,1.0,5.460144413937834,1.0,8.523695874531194e-05,5.5756209073393736e-05,0.00015859908011177885,LOPO
PHOL,HTR5A,2.0,0.1176470588235293,0.0010869229581596405,0.005494046983640703,2.0,5.054679305829669,1.0,0.00011364927832708255,8.722749152815372e-05,0.00022969433646286838,LOPO
PHOL,HTR6,2.0,0.1176470588235293,0.0010869229581596405,0.005181358734441917,3.0,4.7669972333778885,1.0,0.00011364927832708255,8.722749152815372e-05,0.00021662151052357202,LOPO
PHOL,HTR7,42.0,4.333333333333331,0.04458504230241978,0.0933097426480307,57.0,2.0928485839513593,1.0,0.0041860817517142095,0.003578028571870039,0.003901080476173458,LOPO
PHOL,IDH1,66.0,8.2156862745098,0.10818871763796205,0.16967497493203618,97.0,1.568324115827207,1.0,0.007936507936507936,0.008682336112566589,0.00709374726816436,LOPO
PHOL,IDO1,30.0,3.078431372549018,0.030489425772493507,0.06957963145447027,47.0,2.2820905835898877,1.0,0.002973822782891995,0.0024468303924424385,0.0029089753556630054,LOPO
PHOL,IGF1R,43.0,3.7156862745098014,0.02573033487567257,0.05297739663172541,59.0,2.058947032275678,1.0,0.003589423040497025,0.0020649049231460295,0.0022148714787274494,LOPO
PHOL,INSR,30.0,3.9999999999999982,0.03290007520211059,0.07869998954298665,42.0,2.3920914788042165,1.0,0.003864075463120809,0.002640289276644596,0.003290277992077177,LOPO
PHOL,JAK2,0.0,0.0,0.0,0.0,1.0,5.460144413937834,0.0,0.0,0.0,0.0,LOPO
PHOL,KAT2B,4.0,0.37254901960784287,0.002228397386640524,0.010125511670387624,4.0,4.543853682063679,1.0,0.00035988938136909484,0.0001788328351198533,0.00042332595469278485,LOPO
PHOL,KCNA3,1.0,0.0294117647058823,0.0010141987829614587,0.0055376718194095585,1.0,5.460144413937834,1.0,2.8412319581770615e-05,8.139124772782756e-05,0.00023151819740455055,LOPO
PHOL,KCNA5,0.0,0.0,0.0,0.0,1.0,5.460144413937834,0.0,0.0,0.0,0.0,LOPO
PHOL,KCNH2,32.0,3.7254901960784297,0.04831758177594842,0.11338344366548965,44.0,2.3466291047274592,1.0,0.0035988938136909494,0.00387757147218469,0.0047403189190350845,LOPO
PHOL,KDM2A,1.0,0.0294117647058823,0.00019872813990461013,0.0010850843429924134,1.0,5.460144413937834,1.0,2.8412319581770615e-05,1.5948285027749992e-05,4.53650521941349e-05,LOPO
PHOL,KDM4E,82.0,9.490196078431369,0.19713114499427656,0.24896529443888835,132.0,1.2629424662760251,1.0,0.009167708451717998,0.015820123359100092,0.010408705691578944,LOPO
PHOL,KDM5C,1.0,0.0294117647058823,0.00019872813990461013,0.0010850843429924134,1.0,5.460144413937834,1.0,2.8412319581770615e-05,1.5948285027749992e-05,4.53650521941349e-05,LOPO
PHOL,KDM7A,1.0,0.0294117647058823,0.00019872813990461013,0.0010850843429924134,1.0,5.460144413937834,1.0,2.8412319581770615e-05,1.5948285027749992e-05,4.53650521941349e-05,LOPO
PHOL,KDR,43.0,3.7156862745098014,0.02573033487567257,0.05297739663172541,59.0,2.058947032275678,1.0,0.003589423040497025,0.0020649049231460295,0.0022148714787274494,LOPO
PHOL,KIT,3.0,0.3039215686274508,0.0018551951699461193,0.0078055137357057845,6.0,4.207381445442466,1.0,0.00029359396901163003,0.00014888269656530625,0.0003263318103418672,LOPO
PHOL,KMT2A,70.0,8.686274509803917,0.16843109013169164,0.25907583141872653,100.0,1.5381710776565196,1.0,0.008391105049816267,0.013516893149828917,0.010831405586534757,LOPO
PHOL,LDHA,4.0,0.1372549019607841,0.0009078380157134315,0.0038196208227799975,6.0,4.207381445442466,1.0,0.00013259082471492957,7.285560787000004e-05,0.0001596901651989191,LOPO
PHOL,LIMK1,0.0,0.0,0.0,0.0,1.0,5.460144413937834,0.0,0.0,0.0,0.0,LOPO
PHOL,MAN1B1,1.0,0.0490196078431372,0.0002345435781968287,0.0012806418083164057,1.0,5.460144413937834,1.0,4.735386596961772e-05,1.8822537353325363e-05,5.354089094682591e-05,LOPO
PHOL,MAOA,26.0,2.0392156862745083,0.021848256638348943,0.054396258872130225,38.0,2.4897299483681326,1.0,0.001969920824336098,0.0017533612723143928,0.002274191069879915,LOPO
PHOL,MAOB,20.0,1.4901960784313713,0.014845733686972824,0.040370068787943636,30.0,2.719304390012633,1.0,0.0014395575254763792,0.0011913964091827133,0.001687786105728266,LOPO
PHOL,MAP2K1,44.0,4.137254901960782,0.03278494608641639,0.06805348791581572,58.0,2.0757541505920596,1.0,0.003996666287835738,0.00263104996130171,0.0028451705632209037,LOPO
PHOL,MAP2K7,0.0,0.0,0.0,0.0,1.0,5.460144413937834,0.0,0.0,0.0,0.0,LOPO
PHOL,MAP3K7,0.0,0.0,0.0,0.0,1.0,5.460144413937834,0.0,0.0,0.0,0.0,LOPO
PHOL,MAP3K8,5.0,0.20588235294117618,0.0019143077784425715,0.007188984389763798,10.0,3.755396321699408,1.0,0.00019888623707239438,0.00015362658804181148,0.00030055603895736603,LOPO
PHOL,MAPK1,75.0,8.343137254901956,0.09536037632449985,0.12945181088410623,120.0,1.3575010489010377,1.0,0.008059627988028941,0.0076528390126663955,0.005412102934954817,LOPO
PHOL,MAPK14,43.0,4.049019607843135,0.032090179991001846,0.06828597452177794,55.0,2.1279399037626296,1.0,0.003911429329090427,0.002575293752228316,0.0028548903302436472,LOPO
PHOL,MAPK9,12.0,0.9215686274509798,0.01080429948943753,0.03525356312467041,17.0,3.2629198366016143,1.0,0.0008902526802288136,0.0008670641604426661,0.0014738759631988203,LOPO
PHOL,MAPKAPK2,39.0,3.5588235294117627,0.024050570675426826,0.05342752411668746,50.0,2.221465961773453,1.0,0.0034378906693942487,0.0019301008724575432,0.0022336903447273074,LOPO
PHOL,MAPT,82.0,9.470588235294114,0.1866632132000717,0.2315812344714255,135.0,1.240636708761727,1.0,0.009148766905330152,0.014980053301658003,0.009681915379965872,LOPO
PHOL,MCL1,16.0,2.0980392156862737,0.03161488560391394,0.09406180155804167,23.0,2.975237764149833,1.0,0.00202674546349964,0.002537150536270042,0.003932522448335386,LOPO
PHOL,MERTK,0.0,0.0,0.0,0.0,1.0,5.460144413937834,0.0,0.0,0.0,0.0,LOPO
PHOL,MET,46.0,4.156862745098037,0.03329057131669803,0.06537059267729403,65.0,1.9636368524713532,1.0,0.004015607834223585,0.0026716272811197483,0.002733004459900967,LOPO
PHOL,MGAM,1.0,0.0490196078431372,0.0002345435781968287,0.0012806418083164057,1.0,5.460144413937834,1.0,4.735386596961772e-05,1.8822537353325363e-05,5.354089094682591e-05,LOPO
PHOL,MGLL,19.0,3.2450980392156854,0.06426857522300011,0.18607006127240497,25.0,2.8951950564762967,1.0,0.003134825927188696,0.005157666933710475,0.00777919071075155,LOPO
PHOL,MIF,7.0,1.009803921568627,0.008427880137934503,0.032453292841038574,9.0,3.8507065015037334,1.0,0.0009754896389741257,0.0006763523006052869,0.0013568026606532216,LOPO
PHOL,MMP1,50.0,4.9803921568627425,0.050826972214560534,0.09828838001151743,67.0,1.9337838893216723,1.0,0.004811152782513164,0.0040789544971559216,0.004109226640394561,LOPO
PHOL,MMP12,48.0,4.294117647058821,0.03246272853713263,0.0637450100872871,65.0,1.9636368524713532,1.0,0.0041481986589385145,0.002605191432562966,0.002665042333714379,LOPO
PHOL,MMP13,48.0,4.294117647058821,0.03246272853713263,0.06277590144852999,67.0,1.9337838893216723,1.0,0.0041481986589385145,0.002605191432562966,0.0026245259773012342,LOPO
PHOL,MMP14,2.0,0.2745098039215685,0.0016616967179337357,0.008399344012704734,2.0,5.054679305829669,1.0,0.0002651816494298594,0.00013335410324881284,0.0003511585822739208,LOPO
PHOL,MMP2,63.0,6.303921568627448,0.06066497091771831,0.10098626079843534,88.0,1.6646552247656392,1.0,0.006089707163692844,0.004868471308896357,0.004222019257394786,LOPO
PHOL,MMP3,60.0,6.156862745098036,0.05862216560661749,0.10028144118803359,84.0,1.7106403380074624,1.0,0.00594764556578399,0.0047045325663847256,0.004192552259165738,LOPO
PHOL,MMP9,65.0,6.5980392156862715,0.06449220823200354,0.10452201247987435,92.0,1.620692101344523,1.0,0.00637383035951055,0.00517561387857149,0.004369841461825122,LOPO
PHOL,MPG,50.0,4.843137254901958,0.035442795078957076,0.06959677857163044,65.0,1.9636368524713532,1.0,0.0046785619577982334,0.0028443470480358957,0.002909692239903363,LOPO
PHOL,MPO,1.0,0.0490196078431372,0.0002345435781968287,0.0011855425710267527,2.0,5.054679305829669,1.0,4.735386596961772e-05,1.8822537353325363e-05,4.9564995532677726e-05,LOPO
PHOL,MTNR1A,2.0,0.1176470588235293,0.0008752063696837599,0.004423887525170812,2.0,5.054679305829669,1.0,0.00011364927832708255,7.0236860509633e-05,0.00018495326172240172,LOPO
PHOL,MTNR1B,2.0,0.1176470588235293,0.0008752063696837599,0.004423887525170812,2.0,5.054679305829669,1.0,0.00011364927832708255,7.0236860509633e-05,0.00018495326172240172,LOPO
PHOL,MYLK,0.0,0.0,0.0,0.0,1.0,5.460144413937834,0.0,0.0,0.0,0.0,LOPO
PHOL,NEK2,39.0,3.5588235294117627,0.024050570675426826,0.052960508070399724,51.0,2.2020478759163513,1.0,0.0034378906693942487,0.0019301008724575432,0.0022141654041527205,LOPO
PHOL,NEK6,39.0,3.5588235294117627,0.024050570675426826,0.052960508070399724,51.0,2.2020478759163513,1.0,0.0034378906693942487,0.0019301008724575432,0.0022141654041527205,LOPO
PHOL,NFKB1,67.0,8.284313725490193,0.0904634015773443,0.1373743388711736,102.0,1.518562606268143,1.0,0.008002803348865401,0.007259848120290418,0.005743326860508517,LOPO
PHOL,NOS2,15.0,2.1274509803921564,0.05227670746345732,0.1577605107434206,22.0,3.017797378568629,1.0,0.002055157783081411,0.004195298317287686,0.006595629040514773,LOPO
PHOL,NQO1,3.0,0.1862745098039214,0.0026838288785614615,0.012194925731880331,4.0,4.543853682063679,1.0,0.0001799446906845474,0.00021538201857849662,0.0005098437240414757,LOPO
PHOL,NQO2,7.0,0.40196078431372506,0.00453139517631301,0.017449072866311165,9.0,3.8507065015037334,1.0,0.00038830170095086535,0.000363652484645104,0.0007295083616601438,LOPO
PHOL,NR1H4,30.0,3.5882352941176454,0.07079519783365072,0.1727204266287597,40.0,2.4397195277934713,1.0,0.0034663029889760197,0.005681439952031768,0.007221071080427261,LOPO
PHOL,NR1I2,24.0,2.6274509803921555,0.09099079309874973,0.2242388151757132,39.0,2.4644121403838426,1.0,0.0025381672159715115,0.007302172223503128,0.009374944556239276,LOPO
PHOL,NR3C1,5.0,1.1666666666666663,0.007885571694284497,0.0331776080332389,6.0,4.207381445442466,1.0,0.0011270220100769027,0.0006328310879756248,0.001387084727398887,LOPO
PHOL,NR3C2,1.0,0.1078431372549019,0.0006058603216567522,0.0033080848509206948,1.0,5.460144413937834,1.0,0.00010417850513315905,4.8621363343028124e-05,0.0001383039418952279,LOPO
PHOL,NT5E,2.0,0.19607843137254888,0.001174122343548197,0.005934811912445305,2.0,5.054679305829669,1.0,0.00018941546387847097,9.42253965711378e-05,0.000248121774043824,LOPO
PHOL,NUAK1,43.0,3.7156862745098014,0.02573033487567257,0.05297739663172541,59.0,2.058947032275678,1.0,0.003589423040497025,0.0020649049231460295,0.0022148714787274494,LOPO
PHOL,ODC1,10.0,1.3921568627450975,0.01139173375891323,0.040033221111991826,13.0,3.5142342648825204,1.0,0.0013448497935371444,0.0009142068004792682,0.0016737032259044864,LOPO
PHOL,OPRD1,5.0,0.42156862745098006,0.0027914024331489743,0.010748871497640096,9.0,3.8507065015037334,1.0,0.00040724324733871256,0.00022401498676726631,0.0004493872938703911,LOPO
PHOL,OPRK1,6.0,0.3725490196078428,0.0032212656392562383,0.012743542748977451,8.0,3.9560670171615597,1.0,0.0003598893813690948,0.00025851227002685794,0.0005327802264211579,LOPO
PHOL,OPRM1,5.0,0.3431372549019605,0.0025612276250884186,0.00986253586775894,9.0,3.8507065015037334,1.0,0.00033147706178732417,0.00020554305095123431,0.00041233149966346907,LOPO
PHOL,OXER1,1.0,0.0490196078431372,0.007002801120448171,0.03539691390637019,2.0,5.054679305829669,1.0,4.735386596961772e-05,0.000561987186692143,0.0014798691523328065,LOPO
PHOL,OXTR,1.0,0.0490196078431372,0.0002345435781968287,0.0012806418083164057,1.0,5.460144413937834,1.0,4.735386596961772e-05,1.8822537353325363e-05,5.354089094682591e-05,LOPO
PHOL,PARP1,35.0,4.813725490196076,0.03971322768159809,0.09231936259359096,45.0,2.324650198008684,1.0,0.004650149638216464,0.0031870568241723104,0.003859674807432735,LOPO
PHOL,PCNA,0.0,0.0,0.0,0.0,1.0,5.460144413937834,0.0,0.0,0.0,0.0,LOPO
PHOL,PDE4B,2.0,0.0784313725490195,0.00039526360391203255,0.0018842205063036325,3.0,4.7669972333778885,1.0,7.576618555138833e-05,3.172060393314503e-05,7.877522347985922e-05,LOPO
PHOL,PDE4D,2.0,0.0784313725490195,0.00039526360391203255,0.0018842205063036325,3.0,4.7669972333778885,1.0,7.576618555138833e-05,3.172060393314503e-05,7.877522347985922e-05,LOPO
PHOL,PDE5A,51.0,6.303921568627448,0.05061961856410695,0.0942958530515,72.0,1.862832153349388,1.0,0.006089707163692844,0.004062313999637223,0.003942307639952446,LOPO
PHOL,PDGFRB,5.0,0.20588235294117618,0.0019143077784425715,0.007022417833979552,11.0,3.6683849447097785,1.0,0.00019888623707239438,0.00015362658804181148,0.0002935922480357211,LOPO
PHOL,PDPK1,4.0,0.529411764705882,0.0038205766811307655,0.01556445651421957,7.0,4.073850052817943,1.0,0.0005114217524718717,0.00030660804207343685,0.0006507165887157682,LOPO
PHOL,PGR,1.0,0.1078431372549019,0.0006058603216567522,0.0033080848509206948,1.0,5.460144413937834,1.0,0.00010417850513315905,4.8621363343028124e-05,0.0001383039418952279,LOPO
PHOL,PHF8,1.0,0.0294117647058823,0.00019872813990461013,0.0010850843429924134,1.0,5.460144413937834,1.0,2.8412319581770615e-05,1.5948285027749992e-05,4.53650521941349e-05,LOPO
PHOL,PIK3CA,6.0,0.3725490196078428,0.004350954902043794,0.01596097745776866,11.0,3.6683849447097785,1.0,0.0003598893813690948,0.00034917183320886476,0.000667294280041186,LOPO
PHOL,PIK3CB,6.0,0.3725490196078428,0.004350954902043794,0.01633956003501527,10.0,3.755396321699408,1.0,0.0003598893813690948,0.00034917183320886476,0.0006831220066944151,LOPO
PHOL,PIK3CG,39.0,3.5588235294117627,0.024050570675426826,0.052960508070399724,51.0,2.2020478759163513,1.0,0.0034378906693942487,0.0019301008724575432,0.0022141654041527205,LOPO
PHOL,PIM1,56.0,6.8823529411764675,0.0573419933224631,0.10156786349853479,79.0,1.7712649598238974,1.0,0.006648482782134333,0.004601796474344011,0.004246334820527417,LOPO
PHOL,PIM3,0.0,0.0,0.0,0.0,1.0,5.460144413937834,0.0,0.0,0.0,0.0,LOPO
PHOL,PKN1,39.0,3.5588235294117627,0.024050570675426826,0.052960508070399724,51.0,2.2020478759163513,1.0,0.0034378906693942487,0.0019301008724575432,0.0022141654041527205,LOPO
PHOL,PLA2G2A,4.0,0.2352941176470586,0.004849031578598828,0.02114920700650615,5.0,4.361532125269724,1.0,0.0002272985566541651,0.0003891433682274435,0.0008842030445935788,LOPO
PHOL,PLG,49.0,5.186274509803919,0.03747973825363337,0.0724777140108694,67.0,1.9337838893216723,1.0,0.005010039019585559,0.0030078153437219555,0.0030301379798249113,LOPO
PHOL,PLK1,43.0,3.7156862745098014,0.02573033487567257,0.05297739663172541,59.0,2.058947032275678,1.0,0.003589423040497025,0.0020649049231460295,0.0022148714787274494,LOPO
PHOL,PLK4,5.0,0.20588235294117618,0.0019143077784425715,0.007022417833979552,11.0,3.6683849447097785,1.0,0.00019888623707239438,0.00015362658804181148,0.0002935922480357211,LOPO
PHOL,PNP,22.0,1.745098039215685,0.020738563640507704,0.05509788474810431,32.0,2.6567840330312986,1.0,0.0016857976285183916,0.0016643064447929084,0.0023035245449133323,LOPO
PHOL,POLA1,5.0,0.5980392156862742,0.005502299811876203,0.023998457392363618,5.0,4.361532125269724,1.0,0.0005777171648293365,0.00044156930040233907,0.0010033241003007541,LOPO
PHOL,POLB,71.0,7.774509803921565,0.09569917076968648,0.13816676811713435,110.0,1.443761393185445,1.0,0.007510323142781376,0.007680027866646754,0.005776456629945638,LOPO
PHOL,PPARA,68.0,8.117647058823525,0.09539587271334324,0.14579530391805565,101.0,1.5283187812135077,1.0,0.0078418002045687,0.007655687660708902,0.006095389371910418,LOPO
PHOL,PPARD,66.0,7.980392156862742,0.08798683944829593,0.1370986071041551,98.0,1.558171744363189,1.0,0.007709209379853771,0.0070610996252763085,0.005731799105930584,LOPO
PHOL,PPARG,69.0,8.147058823529408,0.09585318459186593,0.14463293688279247,103.0,1.5089006953564064,1.0,0.007870212524150471,0.007692387748521108,0.00604679329588739,LOPO
PHOL,PRKCA,46.0,4.921568627450978,0.04126572520908908,0.0842818488217409,60.0,2.042417730324468,1.0,0.0047543281433496225,0.003311647499077174,0.0035236435725100085,LOPO
PHOL,PRKCD,0.0,0.0,0.0,0.0,1.0,5.460144413937834,0.0,0.0,0.0,0.0,LOPO
PHOL,PRKCE,0.0,0.0,0.0,0.0,1.0,5.460144413937834,0.0,0.0,0.0,0.0,LOPO
PHOL,PRMT1,2.0,0.1568627450980391,0.0011492525257482656,0.00522203532074224,4.0,4.543853682063679,1.0,0.00015153237110277678,9.222954966665864e-05,0.00021832211146995053,LOPO
PHOL,PTAFR,1.0,0.0490196078431372,0.0006808278867102388,0.003245504652354223,3.0,4.7669972333778885,1.0,4.735386596961772e-05,5.4637643150625014e-05,0.00013568759783624153,LOPO
PHOL,PTGES,9.0,1.5196078431372544,0.010477188669512822,0.037595738628210404,12.0,3.588342237036242,1.0,0.0014679698450581506,0.0008408129380726265,0.001571797304200659,LOPO
PHOL,PTGS1,50.0,5.372549019607841,0.04514052381812794,0.08471185697368841,71.0,1.8766254754817235,1.0,0.005189983710270106,0.003622606946852126,0.003541621292290948,LOPO
PHOL,PTGS2,62.0,7.803921568627448,0.08053667791935093,0.1331659411721477,89.0,1.6534819241675138,1.0,0.007538735462363147,0.00646321097385822,0.005567382766850793,LOPO
PHOL,PTK2,43.0,3.7156862745098014,0.02573033487567257,0.05297739663172541,59.0,2.058947032275678,1.0,0.003589423040497025,0.0020649049231460295,0.0022148714787274494,LOPO
PHOL,PTK2B,4.0,1.0196078431372548,0.00769163475339412,0.03354731207276952,5.0,4.361532125269724,1.0,0.0009849604121680497,0.0006172673051504331,0.0014025412614075124,LOPO
PHOL,PTPN1,63.0,7.264705882352938,0.12465652382438382,0.20473987470532712,90.0,1.6424320879809289,1.0,0.0070178429366973515,0.010003906711319555,0.008559735620747726,LOPO
PHOL,PTPN11,23.0,2.7941176470588225,0.05727092956167425,0.15391881271231586,31.0,2.6875556916980523,1.0,0.0026991703602682123,0.004596093481739398,0.00643501587452387,LOPO
PHOL,PTPN2,25.0,2.9313725490196068,0.05752886898254491,0.1478361144443476,35.0,2.569772656041669,1.0,0.002831761184983142,0.0046167935768840155,0.006180711288719443,LOPO
PHOL,PTPN6,29.0,3.970588235294116,0.06791723566994139,0.16909557565782946,38.0,2.4897299483681326,1.0,0.0038356631435390383,0.005450478393653835,0.0070695238255486965,LOPO
PHOL,PTPRF,26.0,3.0196078431372535,0.058172922224279555,0.1494911848539923,35.0,2.569772656041669,1.0,0.0029169981437284537,0.004668479989674679,0.006249906237483923,LOPO
PHOL,PTPRS,37.0,5.18627450980392,0.051735123389018686,0.11915343864954987,46.0,2.3031439927877204,1.0,0.00501003901958556,0.004151835236569558,0.004981550050331225,LOPO
PHOL,PYGL,39.0,3.5588235294117627,0.024050570675426826,0.053903788604033366,49.0,2.241268589069633,1.0,0.0034378906693942487,0.0019301008724575432,0.0022536019428129237,LOPO
PHOL,RELA,17.0,3.049019607843136,0.0336634182576516,0.09878246539488912,24.0,2.9344157696295783,1.0,0.0029454104633102247,0.0027015489081671637,0.0041298832919717116,LOPO
PHOL,RORB,2.0,0.0980392156862744,0.0008326868591473277,0.003969415953825434,3.0,4.7669972333778885,1.0,9.470773193923544e-05,6.682459451851098e-05,0.00016595277877563255,LOPO
PHOL,RORC,72.0,8.333333333333329,0.10630590611164596,0.15252694052245738,111.0,1.4347927232026845,1.0,0.008050157214835018,0.008531237154514471,0.006376824679573657,LOPO
PHOL,RXRA,5.0,0.5588235294117644,0.018578327753128183,0.0756853214983503,7.0,4.073850052817943,1.0,0.0005398340720536423,0.0014909436906523018,0.003164241178371281,LOPO
PHOL,SAE1,2.0,0.0980392156862744,0.0005667006687067884,0.0027014605198786594,3.0,4.7669972333778885,1.0,9.470773193923544e-05,4.547873187104047e-05,0.00011294227796773862,LOPO
PHOL,SENP6,1.0,0.0294117647058823,0.0003921568627450973,0.002141233103505029,1.0,5.460144413937834,1.0,2.8412319581770615e-05,3.1471282454759984e-05,8.952036966309286e-05,LOPO
PHOL,SENP7,1.0,0.0294117647058823,0.0003921568627450973,0.002141233103505029,1.0,5.460144413937834,1.0,2.8412319581770615e-05,3.1471282454759984e-05,8.952036966309286e-05,LOPO
PHOL,SENP8,2.0,0.1176470588235293,0.001996434937611406,0.009516999824212532,3.0,4.7669972333778885,1.0,0.00011364927832708255,0.0001602174379515055,0.00039788537780052806,LOPO
PHOL,SHBG,15.0,2.186274509803921,0.01688853084808195,0.05096616412121714,22.0,3.017797378568629,1.0,0.002111982422244952,0.001355334497643084,0.0021307861554039826,LOPO
PHOL,SIGMAR1,1.0,0.0294117647058823,0.0003921568627450973,0.002141233103505029,1.0,5.460144413937834,1.0,2.8412319581770615e-05,3.1471282454759984e-05,8.952036966309286e-05,LOPO
PHOL,SIRT2,5.0,0.44117647058823495,0.0048361396698358,0.0203474843144354,6.0,4.207381445442466,1.0,0.00042618479372655965,0.0003881087697271848,0.0008506847360806099,LOPO
PHOL,SIRT3,2.0,0.2549019607843136,0.0035261671183723312,0.017823643962133658,2.0,5.054679305829669,1.0,0.0002462401030420123,0.00028298115348070646,0.0007451683768673861,LOPO
PHOL,SLC15A2,1.0,0.0294117647058823,0.00017611835153222933,0.0008902217868667947,2.0,5.054679305829669,1.0,2.8412319581770615e-05,1.4133809485670653e-05,3.721826610657355e-05,LOPO
PHOL,SLC1A1,5.0,0.42156862745098006,0.004668068716056329,0.020359931668046272,5.0,4.361532125269724,1.0,0.00040724324733871256,0.0003746207781571564,0.0008512051332735865,LOPO
PHOL,SLC22A1,17.0,1.6568627450980382,0.014135171483868038,0.03938052788469733,28.0,2.7859957645113047,1.0,0.0016005606697730799,0.0011343725345039656,0.001646415520101528,LOPO
PHOL,SLC22A12,4.0,0.764705882352941,0.017456346482063966,0.07931908423790571,4.0,4.543853682063679,1.0,0.0007387203091260372,0.0014009027074512394,0.0033161610152075832,LOPO
PHOL,SLC28A1,21.0,1.7156862745098027,0.018055128071877688,0.048524162213912155,31.0,2.6875556916980523,1.0,0.001657385308936621,0.0014489559900326711,0.0020286912862829726,LOPO
PHOL,SLC28A2,21.0,1.7156862745098027,0.018055128071877688,0.048524162213912155,31.0,2.6875556916980523,1.0,0.001657385308936621,0.0014489559900326711,0.0020286912862829726,LOPO
PHOL,SLC28A3,23.0,1.7745098039215672,0.019268054994743756,0.05061585232188006,33.0,2.6269310698816177,1.0,0.0017142099481001621,0.0015462955227882485,0.0021161403694208198,LOPO
PHOL,SLC47A1,5.0,0.5588235294117644,0.006866514893181887,0.026440933541847705,9.0,3.8507065015037334,1.0,0.0005398340720536423,0.0005510499756920163,0.0011054387964714739,LOPO
PHOL,SLC5A1,9.0,1.6960784313725485,0.012661149398004133,0.04644596983435964,11.0,3.6683849447097785,1.0,0.0016384437625487746,0.0010160796527115832,0.0019418065142588386,LOPO
PHOL,SLC5A2,8.0,1.6666666666666663,0.011646950615042674,0.04373891549874592,10.0,3.755396321699408,1.0,0.001610031442967004,0.0009346884049837555,0.001828630370836839,LOPO
PHOL,SLC6A15,0.0,0.0,0.0,0.0,1.0,5.460144413937834,0.0,0.0,0.0,0.0,LOPO
PHOL,SLC6A2,2.0,0.1372549019607842,0.0009946324898674544,0.005027548263438859,2.0,5.054679305829669,1.0,0.00013259082471492965,7.982101806961478e-05,0.0002101910241838507,LOPO
PHOL,SLC6A3,2.0,0.1372549019607842,0.0009946324898674544,0.005027548263438859,2.0,5.054679305829669,1.0,0.00013259082471492965,7.982101806961478e-05,0.0002101910241838507,LOPO
PHOL,SLC6A4,2.0,0.1372549019607842,0.0009946324898674544,0.005027548263438859,2.0,5.054679305829669,1.0,0.00013259082471492965,7.982101806961478e-05,0.0002101910241838507,LOPO
PHOL,SLCO1B1,57.0,7.107843137254899,0.09367801081377132,0.1636154232311762,81.0,1.746572347233526,1.0,0.006866310565594575,0.007517826202206671,0.006840410390752155,LOPO
PHOL,SLCO1B3,57.0,7.107843137254899,0.09367801081377132,0.1624799182881496,82.0,1.734450986701181,1.0,0.006866310565594575,0.007517826202206671,0.006792937361268529,LOPO
PHOL,SLCO2B1,57.0,7.107843137254899,0.09367801081377132,0.1636154232311762,81.0,1.746572347233526,1.0,0.006866310565594575,0.007517826202206671,0.006840410390752155,LOPO
PHOL,SMAD3,6.0,0.2352941176470585,0.0028334254255013933,0.010167300129819036,12.0,3.588342237036242,1.0,0.000227298556654165,0.0002273874062951552,0.00042507304067320784,LOPO
PHOL,SOAT1,38.0,4.215686274509802,0.05427683895465792,0.11848632212075705,52.0,2.182999680945657,1.0,0.004072432473387127,0.004355812410208584,0.004953659337186478,LOPO
PHOL,SOAT2,2.0,0.3725490196078431,0.002450498453297554,0.012386483820850759,2.0,5.054679305829669,1.0,0.00035988938136909506,0.00019665683889563386,0.0005178523574352514,LOPO
PHOL,SRC,48.0,5.509803921568625,0.041327456143925474,0.08053063868582494,66.0,1.948598975106813,1.0,0.0053225745349850355,0.003316601515877577,0.0033668135115972365,LOPO
PHOL,STAT3,14.0,1.2941176470588227,0.009280071434775744,0.02930237605790034,19.0,3.157559320943788,1.0,0.0012501420615979085,0.0007447421607766532,0.0012250695790272884,LOPO
PHOL,SYK,52.0,6.843137254901958,0.06469760751744077,0.12323576681136066,69.0,1.90479635244842,1.0,0.006610599689358639,0.005192097534837892,0.005152223446671465,LOPO
PHOL,TAS2R31,2.0,0.1176470588235293,0.0015301946549944822,0.007734643256491779,2.0,5.054679305829669,1.0,0.00011364927832708255,0.0001228008299051434,0.00032336886740629744,LOPO
PHOL,TBXAS1,10.0,1.4313725490196072,0.009323501764789254,0.030954755427230328,16.0,3.3200782504415627,1.0,0.0013827328863128385,0.0007482275216431978,0.0012941520211602598,LOPO
PHOL,TEK,5.0,0.20588235294117618,0.0019143077784425715,0.007022417833979552,11.0,3.6683849447097785,1.0,0.00019888623707239438,0.00015362658804181148,0.0002935922480357211,LOPO
PHOL,TERT,49.0,6.1078431372549,0.06982612915926471,0.13502864362188033,67.0,1.9337838893216723,1.0,0.005900291699814373,0.005603670475409129,0.005645258366475821,LOPO
PHOL,TGM2,1.0,0.0294117647058823,0.0003723008190618013,0.0016916804475292893,4.0,4.543853682063679,1.0,2.8412319581770615e-05,2.9877799798822774e-05,7.072553603190297e-05,LOPO
PHOL,THRA,0.0,0.0,0.0,0.0,1.0,5.460144413937834,0.0,0.0,0.0,0.0,LOPO
PHOL,THRB,72.0,8.058823529411761,0.1569988309216705,0.23539325252575358,104.0,1.4993312443402556,1.0,0.007784975565405159,0.012599434110157669,0.009841287689700495,LOPO
PHOL,TLR2,44.0,4.745098039215684,0.0462023365560166,0.0921463332617868,63.0,1.9944085111381071,1.0,0.004583854225858998,0.0037078192987519236,0.003852440821688581,LOPO
PHOL,TNKS,32.0,4.235294117647057,0.03397110568812503,0.08126199244212133,42.0,2.3920914788042165,1.0,0.004091374019774974,0.0027262413691492957,0.003397389845631571,LOPO
PHOL,TNKS2,32.0,4.235294117647057,0.03397110568812503,0.08126199244212133,42.0,2.3920914788042165,1.0,0.004091374019774974,0.0027262413691492957,0.003397389845631571,LOPO
PHOL,TOP1,36.0,3.9999999999999982,0.0662917660624355,0.14726490185354904,50.0,2.221465961773453,1.0,0.003864075463120809,0.005320031580148249,0.006156830113801684,LOPO
PHOL,TOP2A,58.0,7.8823529411764675,0.1232764024939945,0.2123404961948608,83.0,1.7224747956544653,1.0,0.0076145016479145355,0.009893149531382726,0.00887750132514419,LOPO
PHOL,TRPV1,27.0,3.3627450980392144,0.04247663758631758,0.10685870802671397,37.0,2.515705434771393,1.0,0.0032484752055157782,0.0034088253609790677,0.00446753369757506,LOPO
PHOL,TTR,47.0,5.460784313725488,0.043705448683662336,0.0864889014087764,64.0,1.9789043246021418,1.0,0.005275220669015418,0.0035074396268556726,0.0036159157137980757,LOPO
PHOL,TUBB3,1.0,0.7941176470588235,0.008103241296518607,0.044244867699976445,1.0,5.460144413937834,1.0,0.0007671326287078079,0.0006502994588866234,0.0018497831486506467,LOPO
PHOL,TYR,55.0,6.205882352941173,0.06240347907222609,0.11211301515244024,77.0,1.7965827678081872,1.0,0.005994999431753608,0.005007989665906423,0.0046872050240870985,LOPO
PHOL,UBE2N,12.0,1.7843137254901953,0.03584916194676448,0.12350901665753425,14.0,3.445241393395569,1.0,0.0017236807212940863,0.002876958708552304,0.0051636474374550006,LOPO
PHOL,UGT1A1,73.0,9.63725490196078,0.6444850138623073,0.9363150648714914,109.0,1.4528112287053627,1.0,0.009309770049626851,0.05172106326825757,0.03914532733087919,LOPO
PHOL,VCP,3.0,0.1274509803921567,0.004243171256942076,0.01928034933948302,4.0,4.543853682063679,1.0,0.00012312005152100605,0.00034052200488441536,0.0008060701085177458,LOPO
PHOL,VDR,0.0,0.0,0.0,0.0,3.0,4.7669972333778885,0.0,0.0,0.0,0.0,LOPO
PHOL,XDH,54.0,6.588235294117644,0.05519981624790794,0.10207696307216893,73.0,1.849226501293609,1.0,0.006364359586316626,0.004429882971901347,0.004267619183239935,LOPO
PHOL,XIAP,2.0,0.0588235294117646,0.0003419972640218872,0.001728686493101799,2.0,5.054679305829669,1.0,5.682463916354123e-05,2.7445885861709294e-05,7.227267953253238e-05,LOPO
PHOL,XPO1,9.0,1.3431372549019605,0.011431061345150529,0.04193353334060411,11.0,3.6683849447097785,1.0,0.0012974959275675268,0.00091736290889485,0.0017531512098265545,LOPO
WHIL,ABCB1,19.0,3.303571428571428,0.03921237586134261,0.10924551306612583,28.0,2.7859957645113047,1.0,0.002843004671748218,0.003224512552474577,0.00460903374676015,LOPO
WHIL,ABCB11,9.0,1.2678571428571423,0.03660153060132658,0.11744891719519682,18.0,3.2088526153313386,1.0,0.001091099090238505,0.0030098174943822163,0.004955132780102724,LOPO
WHIL,ABCC1,38.0,5.571428571428569,0.03755111048868926,0.07669505385547204,60.0,2.042417730324468,1.0,0.004794688959921318,0.0030879033588349478,0.003235740137130316,LOPO
WHIL,ABCG2,40.0,6.285714285714284,0.0447322030662355,0.08921428651725821,63.0,1.9944085111381071,1.0,0.005409392672731743,0.0036784190480311147,0.003763922615314,LOPO
WHIL,ACHE,58.0,8.178571428571425,0.0837158384654278,0.13301972925876182,95.0,1.5889434030299427,1.0,0.00703835751167937,0.0068841218121350346,0.00561206043096186,LOPO
WHIL,ACP1,15.0,3.8392857142857135,0.07375213161908416,0.2164194180668368,24.0,2.9344157696295783,1.0,0.003304032456356037,0.006064786153698553,0.009130667002501706,LOPO
WHIL,ADORA1,18.0,2.6071428571428563,0.028324410148533617,0.07612342970868159,31.0,2.6875556916980523,1.0,0.0022436685517580528,0.00232917322807325,0.003211623494633288,LOPO
WHIL,ADORA2A,22.0,3.5714285714285707,0.03509418279945381,0.09018407134416426,35.0,2.569772656041669,1.0,0.0030735185640521274,0.0028858652522311514,0.0038048375313490448,LOPO
WHIL,ADORA2B,18.0,2.6071428571428563,0.028324410148533617,0.07612342970868159,31.0,2.6875556916980523,1.0,0.0022436685517580528,0.00232917322807325,0.003211623494633288,LOPO
WHIL,ADORA3,45.0,6.696428571428569,0.05608214798859319,0.10295580249725561,74.0,1.8358034809614685,1.0,0.005762847307597739,0.004611747852219118,0.0043436728412579746,LOPO
WHIL,ADRA1A,0.0,0.0,0.0,0.0,2.0,5.054679305829669,0.0,0.0,0.0,0.0,LOPO
WHIL,ADRA1B,0.0,0.0,0.0,0.0,2.0,5.054679305829669,0.0,0.0,0.0,0.0,LOPO
WHIL,ADRA1D,0.0,0.0,0.0,0.0,1.0,5.460144413937834,0.0,0.0,0.0,0.0,LOPO
WHIL,ADRA2A,1.0,0.0535714285714285,0.00029928172386272907,0.0015127731362219662,2.0,5.054679305829669,1.0,4.610277846078186e-05,2.461053823247112e-05,6.382342157905244e-05,LOPO
WHIL,ADRA2B,6.0,0.7142857142857139,0.004211171528081275,0.0147990432792809,13.0,3.5142342648825204,1.0,0.0006147037128104252,0.0003462931065676234,0.0006243669692198972,LOPO
WHIL,ADRA2C,0.0,0.0,0.0,0.0,2.0,5.054679305829669,0.0,0.0,0.0,0.0,LOPO
WHIL,ADRB1,1.0,0.0535714285714285,0.00043911007025761064,0.0023976043972209426,1.0,5.460144413937834,1.0,4.610277846078186e-05,3.610890445583878e-05,0.00010115417345775059,LOPO
WHIL,ADRB2,15.0,2.8392857142857135,0.023982251291032663,0.06943329538097005,25.0,2.8951950564762967,1.0,0.002443447258421441,0.001972108769894023,0.002929368837015298,LOPO
WHIL,AGTR1,1.0,0.0892857142857142,0.000547765118317265,0.0029908766509300112,1.0,5.460144413937834,1.0,7.683796410130313e-05,4.504382764429787e-05,0.00012618414275915722,LOPO
WHIL,AKR1B1,64.0,10.035714285714283,0.1463954643257733,0.20745600911666112,113.0,1.4170931461032836,1.0,0.008636587164986477,0.0120383935422075,0.008752503605416781,LOPO
WHIL,AKR1B10,54.0,8.678571428571425,0.12583262177929966,0.2108897839534122,87.0,1.6759547800195724,1.0,0.007468650110646668,0.010347469632365321,0.008897373482972136,LOPO
WHIL,AKR1C2,26.0,4.107142857142856,0.040979720988384684,0.09616420597495423,44.0,2.3466291047274592,1.0,0.0035345463486599464,0.0033698448977232645,0.0040571375256453455,LOPO
WHIL,AKR1C3,26.0,4.107142857142856,0.040979720988384684,0.0952635165099891,45.0,2.324650198008684,1.0,0.0035345463486599464,0.0033698448977232645,0.004019137721142044,LOPO
WHIL,AKR1C4,26.0,4.107142857142856,0.040979720988384684,0.09616420597495423,44.0,2.3466291047274592,1.0,0.0035345463486599464,0.0033698448977232645,0.0040571375256453455,LOPO
WHIL,AKT1,44.0,6.107142857142855,0.04412394288494372,0.0853261698842538,67.0,1.9337838893216723,1.0,0.005255716744529137,0.0036284005896576347,0.003599884200646941,LOPO
WHIL,ALDH2,2.0,0.3571428571428571,0.002375579331741634,0.01200779168751111,2.0,5.054679305829669,1.0,0.0003073518564052128,0.0001953486675147306,0.0005066049447569077,LOPO
WHIL,ALK,33.0,4.5178571428571415,0.029486526887102488,0.06493074389989442,51.0,2.2020478759163513,1.0,0.0038880009835259408,0.0024247364253711305,0.0027394076098641094,LOPO
WHIL,ALOX12,49.0,7.517857142857141,0.05872409419763239,0.1040159303496641,79.0,1.7712649598238974,1.0,0.0064697565773297275,0.0048290004039169086,0.004388399301050182,LOPO
WHIL,ALOX15,63.0,8.946428571428568,0.11436851042381938,0.1591000545641613,116.0,1.391117659700023,1.0,0.007699164002950578,0.009404752692707618,0.006712381131422201,LOPO
WHIL,ALOX5,58.0,8.607142857142854,0.08355200254849547,0.12448015990910934,105.0,1.4898525003857117,1.0,0.007407179739365626,0.0068706492550892045,0.005251778692969354,LOPO
WHIL,ALPI,28.0,4.3928571428571415,0.029244649613956966,0.06735463907956671,46.0,2.3031439927877204,1.0,0.0037804278337841162,0.0024048463706043918,0.002841670983142942,LOPO
WHIL,ALPL,28.0,4.3928571428571415,0.029244649613956966,0.06735463907956671,46.0,2.3031439927877204,1.0,0.0037804278337841162,0.0024048463706043918,0.002841670983142942,LOPO
WHIL,AMY1A,52.0,7.535714285714283,0.0593545380550537,0.10223669580754381,83.0,1.7224747956544653,1.0,0.006485124170149988,0.004880843070606474,0.004313333956782266,LOPO
WHIL,ANPEP,1.0,0.0535714285714285,0.0005952380952380944,0.003008737682041466,2.0,5.054679305829669,1.0,4.610277846078186e-05,4.8947626040137005e-05,0.00012693769402944875,LOPO
WHIL,AOC3,3.0,0.1964285714285712,0.0020917301089714863,0.009123148067673077,5.0,4.361532125269724,1.0,0.00016904352102286685,0.0001720071748933969,0.0003849027400799779,LOPO
WHIL,AOX1,5.0,0.9107142857142855,0.006780686354378307,0.029574181365999035,5.0,4.361532125269724,1.0,0.0007837472338332925,0.0005575894799488771,0.001247725385903839,LOPO
WHIL,APEX1,54.0,7.964285714285712,0.08193479148945436,0.13367685954907801,91.0,1.6315030174487386,1.0,0.006853946397836244,0.006737662736284062,0.005639784550690717,LOPO
WHIL,APOBEC3G,5.0,0.6607142857142854,0.003981921009117548,0.014953691510937636,10.0,3.755396321699408,1.0,0.0005686009343496434,0.0003274413751990937,0.0006308915293466937,LOPO
WHIL,APP,58.0,8.499999999999996,0.08368751342252509,0.13385103941689658,94.0,1.599414702897238,1.0,0.007314974182444062,0.0068817925868743125,0.005647133144388071,LOPO
WHIL,AR,43.0,5.946428571428569,0.06433625086344995,0.12073504736733319,71.0,1.8766254754817235,1.0,0.0051174084091467915,0.005290499336788838,0.005093773575816279,LOPO
WHIL,ATR,0.0,0.0,0.0,0.0,3.0,4.7669972333778885,0.0,0.0,0.0,0.0,LOPO
WHIL,AURKA,9.0,0.9821428571428565,0.007545083613228357,0.02767827113334336,11.0,3.6683849447097785,1.0,0.0008452176051143347,0.000620447404318338,0.0011677375310447692,LOPO
WHIL,AURKB,39.0,5.124999999999997,0.0350304086227348,0.07212575587318415,59.0,2.058947032275678,1.0,0.004410499139414802,0.0028806209733820112,0.003042962896140836,LOPO
WHIL,AVPR2,32.0,4.464285714285713,0.029047416816844876,0.06510306290520744,49.0,2.241268589069633,1.0,0.0038418982050651587,0.0023886275209152917,0.00274667769435916,LOPO
WHIL,AXL,33.0,4.5178571428571415,0.029486526887102488,0.06493074389989442,51.0,2.2020478759163513,1.0,0.0038880009835259408,0.0024247364253711305,0.0027394076098641094,LOPO
WHIL,BACE1,58.0,8.14285714285714,0.0858279808429847,0.135486386868674,96.0,1.578580615994396,1.0,0.00700762232603885,0.007057807528938538,0.005716127937687802,LOPO
WHIL,BBOX1,1.0,0.1607142857142857,0.001085907335907336,0.005929210874208555,1.0,5.460144413937834,1.0,0.00013830833538234575,8.929634480295277e-05,0.0002501515370644376,LOPO
WHIL,BCHE,47.0,6.982142857142855,0.05249580928505764,0.0929839875242206,79.0,1.7712649598238974,1.0,0.006008728792721909,0.00431683600581972,0.003922965112059551,LOPO
WHIL,BCL2,32.0,4.214285714285713,0.031261738657354744,0.0688398452078801,51.0,2.2020478759163513,1.0,0.0036267519055815096,0.0025707156605166907,0.0029043313613513174,LOPO
WHIL,BCL2L1,26.0,3.7857142857142843,0.03138510521468512,0.07435451429710496,43.0,2.369101960579518,1.0,0.0032579296778952544,0.002580860340708322,0.003136993511228974,LOPO
WHIL,BCR,5.0,0.839285714285714,0.009784779241344582,0.03870924242689041,8.0,3.9560670171615597,1.0,0.0007222768625522498,0.0008046220815202596,0.0016331307314110515,LOPO
WHIL,BRAF,9.0,0.9821428571428565,0.007545083613228357,0.02767827113334336,11.0,3.6683849447097785,1.0,0.0008452176051143347,0.000620447404318338,0.0011677375310447692,LOPO
WHIL,CA1,66.0,9.607142857142854,0.10596476651582323,0.1465076247626028,117.0,1.3826069700321142,1.0,0.008267764937300222,0.008713695924942883,0.006181110488993522,LOPO
WHIL,CA12,66.0,9.607142857142854,0.10596476651582323,0.15016194435800784,113.0,1.4170931461032836,1.0,0.008267764937300222,0.008713695924942883,0.006335285080369864,LOPO
WHIL,CA13,30.0,3.8571428571428554,0.04015902080009048,0.08766712959368751,52.0,2.182999680945657,1.0,0.003319400049176297,0.003302357070198337,0.0036986485525892943,LOPO
WHIL,CA14,58.0,8.64285714285714,0.09093957983227637,0.14078551041922285,99.0,1.5481214085096875,1.0,0.007437914925006148,0.007478144597074124,0.005939696289258886,LOPO
WHIL,CA2,66.0,9.607142857142854,0.10596476651582323,0.1465076247626028,117.0,1.3826069700321142,1.0,0.008267764937300222,0.008713695924942883,0.006181110488993522,LOPO
WHIL,CA3,57.0,8.553571428571425,0.0862403317119756,0.13525279198082918,97.0,1.568324115827207,1.0,0.007361076960904844,0.007091715970441463,0.005706272643031483,LOPO
WHIL,CA4,63.0,9.124999999999996,0.09233694696695106,0.13248437959093357,111.0,1.4347927232026845,1.0,0.007852839931153184,0.007593052907708167,0.005589474197293447,LOPO
WHIL,CA5A,57.0,8.553571428571425,0.0862403317119756,0.13525279198082918,97.0,1.568324115827207,1.0,0.007361076960904844,0.007091715970441463,0.005706272643031483,LOPO
WHIL,CA5B,57.0,8.553571428571425,0.0862403317119756,0.13525279198082918,97.0,1.568324115827207,1.0,0.007361076960904844,0.007091715970441463,0.005706272643031483,LOPO
WHIL,CA6,58.0,8.607142857142854,0.08676554179600922,0.1334602469278193,100.0,1.5381710776565196,1.0,0.007407179739365626,0.007134905052241583,0.005630645732506475,LOPO
WHIL,CA7,66.0,9.607142857142854,0.10596476651582323,0.15016194435800784,113.0,1.4170931461032836,1.0,0.008267764937300222,0.008713695924942883,0.006335285080369864,LOPO
WHIL,CA9,60.0,9.035714285714283,0.09986815126084779,0.150691122881452,103.0,1.5089006953564064,1.0,0.0077760019670518815,0.00821235898767618,0.006357610955402723,LOPO
WHIL,CACNA1C,1.0,0.0535714285714285,0.00043911007025761064,0.0022195605851125567,2.0,5.054679305829669,1.0,4.610277846078186e-05,3.610890445583878e-05,9.364256116926546e-05,LOPO
WHIL,CACNA1D,1.0,0.0535714285714285,0.00043911007025761064,0.0023976043972209426,1.0,5.460144413937834,1.0,4.610277846078186e-05,3.610890445583878e-05,0.00010115417345775059,LOPO
WHIL,CAMK2B,33.0,4.5178571428571415,0.029486526887102488,0.06550331581061591,50.0,2.221465961773453,1.0,0.0038880009835259408,0.0024247364253711305,0.0027635642382225203,LOPO
WHIL,CARM1,8.0,0.9285714285714279,0.007105973542970746,0.02668574690536565,10.0,3.755396321699408,1.0,0.0007991148266535528,0.0005843384998624992,0.0011258632468491578,LOPO
WHIL,CBR1,14.0,2.9999999999999996,0.022055804649242672,0.06562126291113826,23.0,2.975237764149833,1.0,0.002581755593803787,0.0018136931870155507,0.0027685403892000983,LOPO
WHIL,CCR4,32.0,4.464285714285713,0.029047416816844876,0.06510306290520744,49.0,2.241268589069633,1.0,0.0038418982050651587,0.0023886275209152917,0.00274667769435916,LOPO
WHIL,CD38,45.0,5.767857142857141,0.04944302114048053,0.0956121177208521,67.0,1.9337838893216723,1.0,0.004963732480944185,0.004065799095252438,0.004033845096300386,LOPO
WHIL,CDC25B,17.0,3.374999999999999,0.07020269900896285,0.1865134098027147,32.0,2.6567840330312986,1.0,0.0029044750430292604,0.005772909169606345,0.007868941944404408,LOPO
WHIL,CDK6,44.0,6.678571428571426,0.04861352342579581,0.09259886210112166,69.0,1.90479635244842,1.0,0.0057474797147774774,0.003997587829434018,0.0039067167919045265,LOPO
WHIL,CES1,8.0,1.2857142857142854,0.010570603933871369,0.03714757854491273,13.0,3.5142342648825204,1.0,0.0011064666830587658,0.0008692420268675431,0.0015672446246857818,LOPO
WHIL,CES2,9.0,1.3035714285714282,0.009780187194954543,0.035094658797776394,12.0,3.588342237036242,1.0,0.0011218342758790264,0.0008042444683075692,0.0014806325879221816,LOPO
WHIL,CHRM1,4.0,0.3571428571428569,0.002361275746560276,0.009934787763651013,6.0,4.207381445442466,1.0,0.00030735185640521257,0.00019417245493006684,0.0004191455629106796,LOPO
WHIL,CHRM2,4.0,0.3571428571428569,0.002361275746560276,0.009934787763651013,6.0,4.207381445442466,1.0,0.00030735185640521257,0.00019417245493006684,0.0004191455629106796,LOPO
WHIL,CHRM3,3.0,0.3035714285714284,0.0018360656625266635,0.008342813721182467,4.0,4.543853682063679,1.0,0.0002612490779444307,0.00015098337312994595,0.00035198068007231194,LOPO
WHIL,CHRM4,4.0,0.3571428571428569,0.002361275746560276,0.009934787763651013,6.0,4.207381445442466,1.0,0.00030735185640521257,0.00019417245493006684,0.0004191455629106796,LOPO
WHIL,CHRM5,3.0,0.3035714285714284,0.0018360656625266635,0.008008059371214682,5.0,4.361532125269724,1.0,0.0002612490779444307,0.00015098337312994595,0.0003378574996086679,LOPO
WHIL,CHRNA3,3.0,0.3035714285714284,0.0018360656625266635,0.008752519933564745,3.0,4.7669972333778885,1.0,0.0002612490779444307,0.00015098337312994595,0.0003692660559758897,LOPO
WHIL,CHRNA7,8.0,1.321428571428571,0.010349824121412424,0.03886769143578803,10.0,3.755396321699408,1.0,0.001137201868699287,0.0008510868587358237,0.001639815645131103,LOPO
WHIL,CLK1,1.0,0.0535714285714285,0.00043911007025761064,0.0023976043972209426,1.0,5.460144413937834,1.0,4.610277846078186e-05,3.610890445583878e-05,0.00010115417345775059,LOPO
WHIL,CNR1,9.0,0.9107142857142851,0.009741767565032597,0.03234343061352179,16.0,3.3200782504415627,1.0,0.0007837472338332921,0.0008010851448484958,0.0013645591384012692,LOPO
WHIL,CNR2,9.0,0.9107142857142851,0.009741767565032597,0.03234343061352179,16.0,3.3200782504415627,1.0,0.0007837472338332921,0.0008010851448484958,0.0013645591384012692,LOPO
WHIL,CSNK1D,1.0,0.0535714285714285,0.00043911007025761064,0.0023976043972209426,1.0,5.460144413937834,1.0,4.610277846078186e-05,3.610890445583878e-05,0.00010115417345775059,LOPO
WHIL,CSNK2A1,31.0,4.732142857142856,0.03711316909163085,0.08318058012590218,49.0,2.241268589069633,1.0,0.004072412097369069,0.0030518905567273546,0.0035093624453327458,LOPO
WHIL,CTBP2,4.0,0.5357142857142855,0.00336750424111562,0.013322072458429172,8.0,3.9560670171615597,1.0,0.000461027784607819,0.00027691664831494095,0.0005620540360364065,LOPO
WHIL,CTSD,9.0,1.839285714285714,0.012735335322682603,0.045698741641201565,12.0,3.588342237036242,1.0,0.0015828620604868458,0.0010472522438622995,0.0019280154991929022,LOPO
WHIL,CTSL,22.0,3.1785714285714275,0.02787969560888066,0.06870706032873161,39.0,2.4644121403838426,1.0,0.002735431522006393,0.002292603456824255,0.0028987292091724503,LOPO
WHIL,CXCL8,53.0,7.232142857142854,0.07615817737777246,0.1218085086438651,94.0,1.599414702897238,1.0,0.006223875092205557,0.006262640136791864,0.005139062568567688,LOPO
WHIL,CXCR1,32.0,4.464285714285713,0.029047416816844876,0.06510306290520744,49.0,2.241268589069633,1.0,0.0038418982050651587,0.0023886275209152917,0.00274667769435916,LOPO
WHIL,CYP19A1,63.0,8.910714285714283,0.09778799102093627,0.13687398826683153,115.0,1.3997014033914144,1.0,0.007668428817310057,0.008041303226391239,0.005774670403109594,LOPO
WHIL,CYP1A1,49.0,7.303571428571426,0.05940198474135542,0.10521665411635667,79.0,1.7712649598238974,1.0,0.0062853454634866,0.004884744707071813,0.004439057458130493,LOPO
WHIL,CYP1A2,49.0,7.196428571428569,0.0982139479563639,0.16572459287889202,86.0,1.6873834758431951,1.0,0.006193139906565036,0.008076330522109222,0.0069918683139375895,LOPO
WHIL,CYP1B1,48.0,7.249999999999997,0.05849399442658544,0.10434414590424644,78.0,1.7838437420307574,1.0,0.006239242685025818,0.004810078836841095,0.0044022466117984585,LOPO
WHIL,CYP2A13,6.0,0.6428571428571426,0.010953702571668505,0.04113549434663325,10.0,3.755396321699408,1.0,0.0005532333415293828,0.0009007449985513017,0.001735493534810286,LOPO
WHIL,CYP2A6,37.0,4.982142857142855,0.057236183709198724,0.11153036891476989,66.0,1.948598975106813,1.0,0.004287558396852717,0.004706646531152907,0.004705431094507589,LOPO
WHIL,CYP2B6,9.0,1.9821428571428568,0.015249642956475958,0.05253870114815415,14.0,3.445241393395569,1.0,0.0017058028030489307,0.0012540088187410485,0.0022165912338771732,LOPO
WHIL,CYP2C19,59.0,8.089285714285712,0.08155987104825783,0.12151217781238316,105.0,1.4898525003857117,1.0,0.006961519547578068,0.006706832274159237,0.005126560464232484,LOPO
WHIL,CYP2C8,32.0,4.464285714285713,0.029047416816844876,0.06396380250239016,51.0,2.2020478759163513,1.0,0.0038418982050651587,0.0023886275209152917,0.0026986126572188787,LOPO
WHIL,CYP2C9,60.0,8.321428571428568,0.0870920839334119,0.12893658695733487,106.0,1.4804627600358728,1.0,0.007161298254241455,0.007161757269120512,0.005439793944843484,LOPO
WHIL,CYP2D6,59.0,8.374999999999996,0.08616547749538214,0.12837385209342386,105.0,1.4898525003857117,1.0,0.007207401032702237,0.007085560557623204,0.005416052338387991,LOPO
WHIL,CYP2E1,3.0,0.2321428571428569,0.0024626858562425435,0.011190084195653826,4.0,4.543853682063679,1.0,0.0001997787066633881,0.00020251161226076723,0.0004721061235314761,LOPO
WHIL,CYP2J2,33.0,4.5178571428571415,0.029486526887102488,0.06493074389989442,51.0,2.2020478759163513,1.0,0.0038880009835259408,0.0024247364253711305,0.0027394076098641094,LOPO
WHIL,CYP3A4,72.0,10.071428571428568,0.17580005316001,0.21940142260782006,134.0,1.2480168160593494,1.0,0.008667322350626998,0.01445639203665281,0.009256476833739941,LOPO
WHIL,CYP3A5,1.0,0.0892857142857142,0.000547765118317265,0.0029908766509300112,1.0,5.460144413937834,1.0,7.683796410130313e-05,4.504382764429787e-05,0.00012618414275915722,LOPO
WHIL,DAO,13.0,2.553571428571428,0.02243993791666401,0.0617568232768417,29.0,2.7520942128356234,1.0,0.002197565773297271,0.0018452812383747208,0.002605500899642214,LOPO
WHIL,DAPK1,50.0,7.392857142857141,0.05948796485435105,0.10317895933847436,82.0,1.734450986701181,1.0,0.006362183427587903,0.004891815024733716,0.004353087758018676,LOPO
WHIL,DHFR,7.0,1.4821428571428568,0.010790866951720345,0.03958505386605721,11.0,3.6683849447097785,1.0,0.0012755102040816328,0.0008873546979388246,0.0016700809398509622,LOPO
WHIL,DNMT1,7.0,1.339285714285714,0.009346057525852566,0.03697362991851991,8.0,3.9560670171615597,1.0,0.0011525694615195478,0.0007685451122580674,0.0015599057869912598,LOPO
WHIL,DNMT3B,1.0,0.0535714285714285,0.0005952380952380944,0.003008737682041466,2.0,5.054679305829669,1.0,4.610277846078186e-05,4.8947626040137005e-05,0.00012693769402944875,LOPO
WHIL,DPP4,46.0,6.821428571428569,0.058102492369062335,0.10077592521931801,82.0,1.734450986701181,1.0,0.005870420457339563,0.004777884835047712,0.00425170450630468,LOPO
WHIL,DRD1,46.0,6.392857142857141,0.0647315196708854,0.11883434913973721,74.0,1.8358034809614685,1.0,0.0055015982296533076,0.005323003086005263,0.005013583716960525,LOPO
WHIL,DRD2,5.0,0.41071428571428537,0.0031906207159275793,0.011704424998587867,11.0,3.6683849447097785,1.0,0.0003534546348659944,0.0002623711601937511,0.0004938059998149421,LOPO
WHIL,DRD3,1.0,0.0535714285714285,0.0002804786836200445,0.0012744540993073128,4.0,4.543853682063679,1.0,4.610277846078186e-05,2.3064326406347278e-05,5.376881656319109e-05,LOPO
WHIL,DRD4,1.0,0.0535714285714285,0.0002804786836200445,0.001417729797820586,2.0,5.054679305829669,1.0,4.610277846078186e-05,2.3064326406347278e-05,5.98135731028816e-05,LOPO
WHIL,DRD5,1.0,0.0535714285714285,0.0002804786836200445,0.001417729797820586,2.0,5.054679305829669,1.0,4.610277846078186e-05,2.3064326406347278e-05,5.98135731028816e-05,LOPO
WHIL,DUSP3,51.0,7.410714285714283,0.07923389236126571,0.1444083845363262,75.0,1.8225582542114478,1.0,0.006377551020408163,0.006515562367446229,0.006092544205821703,LOPO
WHIL,DYRK1A,9.0,1.0892857142857137,0.008123152566478884,0.029798850578451733,11.0,3.6683849447097785,1.0,0.0009374231620358986,0.00066798317727286,0.0012572041091299885,LOPO
WHIL,DYRK1B,1.0,0.0535714285714285,0.00043911007025761064,0.0023976043972209426,1.0,5.460144413937834,1.0,4.610277846078186e-05,3.610890445583878e-05,0.00010115417345775059,LOPO
WHIL,EBP,1.0,0.5178571428571429,0.0029093097913322637,0.014705627996494827,2.0,5.054679305829669,1.0,0.0004456601917875586,0.00023923839693774864,0.0006204258078967447,LOPO
WHIL,EDNRA,0.0,0.0,0.0,0.0,1.0,5.460144413937834,0.0,0.0,0.0,0.0,LOPO
WHIL,EGFR,61.0,8.874999999999996,0.08480401921428102,0.13300018845283076,97.0,1.568324115827207,1.0,0.007637693631669535,0.0069736051042580596,0.005611236010521631,LOPO
WHIL,EGLN1,13.0,1.410714285714285,0.07982462144554367,0.2374972282337462,23.0,2.975237764149833,1.0,0.0012140398328005899,0.006564139208444122,0.010019933166763171,LOPO
WHIL,EHMT2,71.0,10.160714285714281,0.3091646310485817,0.37681531259205064,138.0,1.2188176613670871,1.0,0.0087441603147283,0.02542322957227692,0.015897719213250307,LOPO
WHIL,ENPP2,1.0,0.0535714285714285,0.0005952380952380944,0.0032500859606772775,1.0,5.460144413937834,1.0,4.610277846078186e-05,4.8947626040137005e-05,0.00013712010179828412,LOPO
WHIL,EP300,4.0,0.5357142857142855,0.003222689313454977,0.01312875302983438,7.0,4.073850052817943,1.0,0.000461027784607819,0.0002650082254823477,0.0005538979503053755,LOPO
WHIL,EPHB4,9.0,0.9821428571428565,0.007545083613228357,0.02767827113334336,11.0,3.6683849447097785,1.0,0.0008452176051143347,0.000620447404318338,0.0011677375310447692,LOPO
WHIL,EPHX2,48.0,6.535714285714283,0.04779950842425611,0.08839211772694151,73.0,1.849226501293609,1.0,0.005624538972215392,0.003930649738264821,0.0037292355733133924,LOPO
WHIL,ERBB2,27.0,3.6964285714285703,0.036606194101650065,0.08842672693751623,41.0,2.4156219762144104,1.0,0.0031810917137939515,0.0030102009833956013,0.0037306957249938653,LOPO
WHIL,ERN1,1.0,0.0892857142857142,0.0013528138528138517,0.006146988206254971,4.0,4.543853682063679,1.0,7.683796410130313e-05,0.00011124460463667507,0.0002593394940295329,LOPO
WHIL,ESR1,61.0,8.874999999999996,0.09030466829023297,0.12485586380451415,117.0,1.3826069700321142,1.0,0.007637693631669535,0.007425934543690232,0.005267629521841949,LOPO
WHIL,ESR2,27.0,4.160714285714285,0.045004959666056964,0.10662133818065767,43.0,2.369101960579518,1.0,0.0035806491271207284,0.0037008483719518223,0.004498320635850027,LOPO
WHIL,ESRRA,25.0,3.482142857142856,0.023175525468841288,0.05711404632518741,39.0,2.4644121403838426,1.0,0.0029966805999508237,0.0019057700826066264,0.002409623604106037,LOPO
WHIL,ESRRB,4.0,0.857142857142857,0.0064520272833879485,0.029317067928397646,4.0,4.543853682063679,1.0,0.0007376444553725106,0.0005305631833622985,0.001236877851049634,LOPO
WHIL,F10,3.0,0.5535714285714284,0.004743157388402364,0.020687433324727354,5.0,4.361532125269724,1.0,0.0004763953774280797,0.0003900393740830139,0.0008727962883913092,LOPO
WHIL,F2,38.0,5.678571428571426,0.03856467679560398,0.07940262683897951,59.0,2.058947032275678,1.0,0.004886894516842882,0.0031712509552919584,0.003349971787497946,LOPO
WHIL,F3,35.0,5.803571428571427,0.05146250381913465,0.10510793024709125,60.0,2.042417730324468,1.0,0.0049944676665847065,0.004231865218607256,0.0044344704323711895,LOPO
WHIL,FABP2,36.0,4.892857142857141,0.0402861479622081,0.08034703637679694,63.0,1.9944085111381071,1.0,0.004210720432751413,0.0033128109924870108,0.0033898161280881897,LOPO
WHIL,FABP3,40.0,5.714285714285712,0.04803849567738598,0.09082214281664759,70.0,1.8906117174564634,1.0,0.004917629702483403,0.0039503021408716825,0.0038317575655635442,LOPO
WHIL,FABP4,42.0,6.107142857142855,0.05649109546730194,0.10446483082524202,73.0,1.849226501293609,1.0,0.005255716744529137,0.004645376426092378,0.004407338270558458,LOPO
WHIL,FABP5,36.0,4.892857142857141,0.0402861479622081,0.08034703637679694,63.0,1.9944085111381071,1.0,0.004210720432751413,0.0033128109924870108,0.0033898161280881897,LOPO
WHIL,FASN,34.0,4.321428571428569,0.03153161415761885,0.06943412397999853,51.0,2.2020478759163513,1.0,0.0037189574625030733,0.002592908065824752,0.002929403795347019,LOPO
WHIL,FDPS,0.0,0.0,0.0,0.0,3.0,4.7669972333778885,0.0,0.0,0.0,0.0,LOPO
WHIL,FLT3,48.0,7.107142857142855,0.05262759358720013,0.09522890289557169,76.0,1.8094861726440952,1.0,0.006116301942463733,0.004327672894101627,0.004017677383664838,LOPO
WHIL,FLT4,9.0,0.9821428571428565,0.007545083613228357,0.02767827113334336,11.0,3.6683849447097785,1.0,0.0008452176051143347,0.000620447404318338,0.0011677375310447692,LOPO
WHIL,FOLH1,2.0,0.2142857142857142,0.0013914656771799624,0.006068922252230597,5.0,4.361532125269724,1.0,0.0001844111138431276,0.0001144230219120087,0.00025604591604657653,LOPO
WHIL,FUCA1,1.0,0.2678571428571428,0.0012816131237183865,0.006997792738300366,1.0,5.460144413937834,1.0,0.00023051389230390956,0.00010538962544527118,0.0002952346689436743,LOPO
WHIL,FUT7,20.0,2.964285714285713,0.020020298601763836,0.057207096905460886,26.0,2.85745472849345,1.0,0.002551020408163265,0.0016463094298073057,0.002413549378745188,LOPO
WHIL,FYN,6.0,0.964285714285714,0.007255568840526025,0.030526945715759705,6.0,4.207381445442466,1.0,0.0008298500122940743,0.0005966400221284252,0.0012879222133753605,LOPO
WHIL,GAA,59.0,7.874999999999997,0.09065270952530266,0.13252915869063125,108.0,1.4619437122686354,1.0,0.00677710843373494,0.007454554674621073,0.005591363413389043,LOPO
WHIL,GABRR1,9.0,1.196428571428571,0.024191018432315473,0.08031607415316155,16.0,3.3200782504415627,1.0,0.0010296287189574625,0.0019892761119084685,0.0033885098416366463,LOPO
WHIL,GBA,54.0,7.8214285714285685,0.06636371354002271,0.10407981236066616,97.0,1.568324115827207,1.0,0.006731005655274158,0.005457221671426245,0.004391094462949794,LOPO
WHIL,GBA2,3.0,1.0178571428571428,0.006526368368473631,0.031111179956518766,3.0,4.7669972333778885,1.0,0.0008759527907548565,0.0005366764003443811,0.001312570871760455,LOPO
WHIL,GLO1,48.0,7.107142857142855,0.05252709884384824,0.09642943090234372,74.0,1.8358034809614685,1.0,0.006116301942463733,0.00431940900918576,0.0040683272816958325,LOPO
WHIL,GLRA1,4.0,0.39285714285714257,0.003066985918230016,0.010778107003756102,13.0,3.5142342648825204,1.0,0.00033808704204573386,0.00025220442205709393,0.00045472493571827277,LOPO
WHIL,GLRA2,0.0,0.0,0.0,0.0,2.0,5.054679305829669,0.0,0.0,0.0,0.0,LOPO
WHIL,GPBAR1,1.0,0.5178571428571429,0.0029093097913322637,0.013868671726320104,3.0,4.7669972333778885,1.0,0.0004456601917875586,0.00023923839693774864,0.0005851148867840137,LOPO
WHIL,GPR35,46.0,6.535714285714283,0.05289610922456822,0.1000060039078256,70.0,1.8906117174564634,1.0,0.005624538972215392,0.004349753475148049,0.0042192217689599396,LOPO
WHIL,GRIA1,2.0,0.2142857142857142,0.0013914656771799624,0.006068922252230597,5.0,4.361532125269724,1.0,0.0001844111138431276,0.0001144230219120087,0.00025604591604657653,LOPO
WHIL,GRIA2,2.0,0.2142857142857142,0.0013914656771799624,0.006068922252230597,5.0,4.361532125269724,1.0,0.0001844111138431276,0.0001144230219120087,0.00025604591604657653,LOPO
WHIL,GRIA4,2.0,0.2142857142857142,0.0013914656771799624,0.006068922252230597,5.0,4.361532125269724,1.0,0.0001844111138431276,0.0001144230219120087,0.00025604591604657653,LOPO
WHIL,GRIK2,2.0,0.2142857142857142,0.0013914656771799624,0.006068922252230597,5.0,4.361532125269724,1.0,0.0001844111138431276,0.0001144230219120087,0.00025604591604657653,LOPO
WHIL,GRIK5,2.0,0.2142857142857142,0.0013914656771799624,0.006068922252230597,5.0,4.361532125269724,1.0,0.0001844111138431276,0.0001144230219120087,0.00025604591604657653,LOPO
WHIL,GRK6,4.0,1.1785714285714284,0.010797428750435609,0.04398710568526008,7.0,4.073850052817943,1.0,0.001014261126137202,0.0008878942878478625,0.0018558021179593206,LOPO
WHIL,GRM1,2.0,0.2142857142857142,0.0013914656771799624,0.006068922252230597,5.0,4.361532125269724,1.0,0.0001844111138431276,0.0001144230219120087,0.00025604591604657653,LOPO
WHIL,GRM2,2.0,0.2142857142857142,0.0013914656771799624,0.006068922252230597,5.0,4.361532125269724,1.0,0.0001844111138431276,0.0001144230219120087,0.00025604591604657653,LOPO
WHIL,GRM3,2.0,0.2142857142857142,0.0013914656771799624,0.006068922252230597,5.0,4.361532125269724,1.0,0.0001844111138431276,0.0001144230219120087,0.00025604591604657653,LOPO
WHIL,GRM4,2.0,0.2142857142857142,0.0013914656771799624,0.006068922252230597,5.0,4.361532125269724,1.0,0.0001844111138431276,0.0001144230219120087,0.00025604591604657653,LOPO
WHIL,GRM5,12.0,2.571428571428571,0.021848844180865794,0.06690660432774624,21.0,3.0622491411394632,1.0,0.002212933366117532,0.0017966744113487297,0.002822768538246996,LOPO
WHIL,GRM8,2.0,0.2142857142857142,0.0013914656771799624,0.006068922252230597,5.0,4.361532125269724,1.0,0.0001844111138431276,0.0001144230219120087,0.00025604591604657653,LOPO
WHIL,GSK3B,53.0,7.660714285714283,0.06906672466480848,0.11654204993000947,86.0,1.6873834758431951,1.0,0.0065926973198918125,0.005679495713993064,0.004916872336156156,LOPO
WHIL,GSTP1,8.0,0.9285714285714279,0.007105973542970746,0.02668574690536565,10.0,3.755396321699408,1.0,0.0007991148266535528,0.0005843384998624992,0.0011258632468491578,LOPO
WHIL,HCAR2,36.0,6.1428571428571415,0.060003661268539656,0.11967181273342348,63.0,1.9944085111381071,1.0,0.005286451930169659,0.0049342217783233805,0.005048916041892229,LOPO
WHIL,HDAC1,1.0,0.125,0.0014367816091954023,0.006266569145502477,5.0,4.361532125269724,1.0,0.00010757314974182448,0.00011814944216584811,0.0002643845761477103,LOPO
WHIL,HDAC10,0.0,0.0,0.0,0.0,1.0,5.460144413937834,0.0,0.0,0.0,0.0,LOPO
WHIL,HDAC2,1.0,0.125,0.0014367816091954023,0.006266569145502477,5.0,4.361532125269724,1.0,0.00010757314974182448,0.00011814944216584811,0.0002643845761477103,LOPO
WHIL,HDAC3,1.0,0.125,0.0014367816091954023,0.006266569145502477,5.0,4.361532125269724,1.0,0.00010757314974182448,0.00011814944216584811,0.0002643845761477103,LOPO
WHIL,HDAC6,1.0,0.125,0.0014367816091954023,0.006266569145502477,5.0,4.361532125269724,1.0,0.00010757314974182448,0.00011814944216584811,0.0002643845761477103,LOPO
WHIL,HDAC8,1.0,0.125,0.0014367816091954023,0.006266569145502477,5.0,4.361532125269724,1.0,0.00010757314974182448,0.00011814944216584811,0.0002643845761477103,LOPO
WHIL,HIF1A,57.0,8.339285714285712,0.07570892756665236,0.11570737590564786,101.0,1.5283187812135077,1.0,0.007176665847061717,0.006225697421046305,0.004881657702274596,LOPO
WHIL,HKDC1,5.0,0.44642857142857106,0.021917476475097588,0.08928851269571234,7.0,4.073850052817943,1.0,0.0003841898205065157,0.0018023181829742517,0.0037670541943764834,LOPO
WHIL,HMGCR,1.0,0.2678571428571428,0.001998933901918976,0.00841027740959981,6.0,4.207381445442466,1.0,0.00023051389230390956,0.0001643763561049379,0.00035482695181262804,LOPO
WHIL,HRH1,0.0,0.0,0.0,0.0,2.0,5.054679305829669,0.0,0.0,0.0,0.0,LOPO
WHIL,HRH3,1.0,0.0535714285714285,0.00029928172386272907,0.0015127731362219662,2.0,5.054679305829669,1.0,4.610277846078186e-05,2.461053823247112e-05,6.382342157905244e-05,LOPO
WHIL,HRH4,0.0,0.0,0.0,0.0,1.0,5.460144413937834,0.0,0.0,0.0,0.0,LOPO
WHIL,HSD11B1,37.0,5.482142857142855,0.03713553113035289,0.07771904374044067,57.0,2.0928485839513593,1.0,0.004717850995820015,0.0030537294321582417,0.0032789419474719885,LOPO
WHIL,HSD11B2,4.0,0.857142857142857,0.0062618156122093115,0.027311109955166418,5.0,4.361532125269724,1.0,0.0007376444553725106,0.0005149216949834384,0.0011522471167181557,LOPO
WHIL,HSD17B1,44.0,6.749999999999998,0.05059744304826724,0.09566011870039014,70.0,1.8906117174564634,1.0,0.005808950086058521,0.004160729531135047,0.004035870242490459,LOPO
WHIL,HSD17B2,44.0,6.749999999999998,0.05059744304826724,0.09566011870039014,70.0,1.8906117174564634,1.0,0.005808950086058521,0.004160729531135047,0.004035870242490459,LOPO
WHIL,HSD17B3,7.0,1.5535714285714282,0.013017686562798683,0.04671191452178965,12.0,3.588342237036242,1.0,0.0013369805753626755,0.0010704705543564267,0.001970760943530796,LOPO
WHIL,HSP90AA1,1.0,0.0892857142857142,0.004699248120300747,0.022401302788429906,3.0,4.7669972333778885,1.0,7.683796410130313e-05,0.0003864286266326607,0.0009451039006130156,LOPO
WHIL,HSP90AB1,15.0,1.660714285714285,0.012251181911466898,0.035950061397609104,24.0,2.9344157696295783,1.0,0.001429186132284239,0.0010074393348636513,0.0015167217538663142,LOPO
WHIL,HSPA1A,8.0,0.9285714285714279,0.007105973542970746,0.025498664999503998,12.0,3.588342237036242,1.0,0.0007991148266535528,0.0005843384998624992,0.0010757806355754759,LOPO
WHIL,HSPA8,25.0,3.482142857142856,0.03514990500788431,0.08662385263476893,39.0,2.4644121403838426,1.0,0.0029966805999508237,0.0028904474015294013,0.003654633026679663,LOPO
WHIL,HTR1A,34.0,4.571428571428569,0.03044326506308682,0.06588858835977918,53.0,2.1643075479335048,1.0,0.003934103761986722,0.0025034109302978893,0.0027798187655798034,LOPO
WHIL,HTR1B,1.0,0.0535714285714285,0.00042182227221597245,0.0023032105233146065,1.0,5.460144413937834,1.0,4.610277846078186e-05,3.468729404419158e-05,9.717172568382341e-05,LOPO
WHIL,HTR1D,1.0,0.0535714285714285,0.00042182227221597245,0.0023032105233146065,1.0,5.460144413937834,1.0,4.610277846078186e-05,3.468729404419158e-05,9.717172568382341e-05,LOPO
WHIL,HTR1E,1.0,0.0535714285714285,0.00042182227221597245,0.0021321763101081253,2.0,5.054679305829669,1.0,4.610277846078186e-05,3.468729404419158e-05,8.995584616260147e-05,LOPO
WHIL,HTR2A,3.0,0.1607142857142855,0.0016763269298619896,0.007052946821196869,6.0,4.207381445442466,1.0,0.00013830833538234558,0.00013784773578894488,0.00029756160230877936,LOPO
WHIL,HTR2B,1.0,0.0535714285714285,0.00042182227221597245,0.0021321763101081253,2.0,5.054679305829669,1.0,4.610277846078186e-05,3.468729404419158e-05,8.995584616260147e-05,LOPO
WHIL,HTR2C,2.0,0.107142857142857,0.0009470323562495852,0.0045145006221611154,3.0,4.7669972333778885,1.0,9.220555692156372e-05,7.787637584431247e-05,0.00019046535764554094,LOPO
WHIL,HTR3A,2.0,0.107142857142857,0.0007211039960787016,0.00343750075428491,3.0,4.7669972333778885,1.0,9.220555692156372e-05,5.9297832276662706e-05,0.0001450270728411755,LOPO
WHIL,HTR4,1.0,0.0535714285714285,0.00042182227221597245,0.0023032105233146065,1.0,5.460144413937834,1.0,4.610277846078186e-05,3.468729404419158e-05,9.717172568382341e-05,LOPO
WHIL,HTR5A,1.0,0.0535714285714285,0.00042182227221597245,0.0021321763101081253,2.0,5.054679305829669,1.0,4.610277846078186e-05,3.468729404419158e-05,8.995584616260147e-05,LOPO
WHIL,HTR6,1.0,0.0535714285714285,0.00042182227221597245,0.0020108256046307152,3.0,4.7669972333778885,1.0,4.610277846078186e-05,3.468729404419158e-05,8.483609816526278e-05,LOPO
WHIL,HTR7,36.0,5.6428571428571415,0.05053490360944104,0.10576190145913712,57.0,2.0928485839513593,1.0,0.004856159331202361,0.004155586787266813,0.004462061271584005,LOPO
WHIL,IDH1,56.0,8.857142857142854,0.11924876104530377,0.18702070772986593,97.0,1.568324115827207,1.0,0.007622326038849275,0.009806065519143927,0.007890344683979499,LOPO
WHIL,IDO1,22.0,3.9285714285714275,0.03304081505649816,0.07540213291456943,47.0,2.2820905835898877,1.0,0.0033808704204573397,0.002717012691870628,0.0031811922103435566,LOPO
WHIL,IGF1R,39.0,5.124999999999997,0.0350304086227348,0.07212575587318415,59.0,2.058947032275678,1.0,0.004410499139414802,0.0028806209733820112,0.003042962896140836,LOPO
WHIL,INSR,26.0,4.285714285714285,0.03308484561446973,0.07914197727192608,42.0,2.3920914788042165,1.0,0.003688222276862553,0.0027206334132309916,0.003338975064457243,LOPO
WHIL,JAK2,1.0,0.0535714285714285,0.00043911007025761064,0.0023976043972209426,1.0,5.460144413937834,1.0,4.610277846078186e-05,3.610890445583878e-05,0.00010115417345775059,LOPO
WHIL,KAT2B,2.0,0.4285714285714285,0.0022987921472265235,0.01044537516247431,4.0,4.543853682063679,1.0,0.0003688222276862553,0.00018903430285563196,0.0004406870842583125,LOPO
WHIL,KCNA3,0.0,0.0,0.0,0.0,1.0,5.460144413937834,0.0,0.0,0.0,0.0,LOPO
WHIL,KCNA5,1.0,0.0535714285714285,0.00043911007025761064,0.0023976043972209426,1.0,5.460144413937834,1.0,4.610277846078186e-05,3.610890445583878e-05,0.00010115417345775059,LOPO
WHIL,KCNH2,29.0,3.5535714285714266,0.03514342568972489,0.08246858556333511,44.0,2.3466291047274592,1.0,0.0030581509712318657,0.0028899145941624,0.003479323619258534,LOPO
WHIL,KDM2A,1.0,0.1607142857142857,0.001085907335907336,0.005929210874208555,1.0,5.460144413937834,1.0,0.00013830833538234575,8.929634480295277e-05,0.0002501515370644376,LOPO
WHIL,KDM4E,71.0,10.232142857142854,0.4502152768670653,0.568595992121635,132.0,1.2629424662760251,1.0,0.008805630686009345,0.03702210793620509,0.023988885606449566,LOPO
WHIL,KDM5C,1.0,0.1607142857142857,0.001085907335907336,0.005929210874208555,1.0,5.460144413937834,1.0,0.00013830833538234575,8.929634480295277e-05,0.0002501515370644376,LOPO
WHIL,KDM7A,1.0,0.1607142857142857,0.001085907335907336,0.005929210874208555,1.0,5.460144413937834,1.0,0.00013830833538234575,8.929634480295277e-05,0.0002501515370644376,LOPO
WHIL,KDR,39.0,5.124999999999997,0.0350304086227348,0.07212575587318415,59.0,2.058947032275678,1.0,0.004410499139414802,0.0028806209733820112,0.003042962896140836,LOPO
WHIL,KIT,4.0,0.6428571428571427,0.004564200918782835,0.019203334258958357,6.0,4.207381445442466,1.0,0.0005532333415293829,0.0003753234235709822,0.000810182616802581,LOPO
WHIL,KMT2A,59.0,8.410714285714283,0.09026612041859636,0.13884473572014552,100.0,1.5381710776565196,1.0,0.007238136218342759,0.007422764674656972,0.005857815616709056,LOPO
WHIL,LDHA,0.0,0.0,0.0,0.0,6.0,4.207381445442466,0.0,0.0,0.0,0.0,LOPO
WHIL,LIMK1,1.0,0.0535714285714285,0.00043911007025761064,0.0023976043972209426,1.0,5.460144413937834,1.0,4.610277846078186e-05,3.610890445583878e-05,0.00010115417345775059,LOPO
WHIL,MAN1B1,1.0,0.2678571428571428,0.0012816131237183865,0.006997792738300366,1.0,5.460144413937834,1.0,0.00023051389230390956,0.00010538962544527118,0.0002952346689436743,LOPO
WHIL,MAOA,23.0,2.6607142857142843,0.04403631984198888,0.10963854432651754,38.0,2.4897299483681326,1.0,0.002289771330218834,0.003621195170560027,0.004625615611697527,LOPO
WHIL,MAOB,16.0,1.9999999999999991,0.02291407448575964,0.06231034334220265,30.0,2.719304390012633,1.0,0.001721170395869191,0.0018842704422944792,0.002628853736652676,LOPO
WHIL,MAP2K1,36.0,4.749999999999998,0.03284913786200216,0.06818673426042175,58.0,2.0757541505920596,1.0,0.004087779690189329,0.0027012506905611184,0.0028767768164301728,LOPO
WHIL,MAP2K7,0.0,0.0,0.0,0.0,1.0,5.460144413937834,0.0,0.0,0.0,0.0,LOPO
WHIL,MAP3K7,0.0,0.0,0.0,0.0,1.0,5.460144413937834,0.0,0.0,0.0,0.0,LOPO
WHIL,MAP3K8,8.0,0.9285714285714279,0.007105973542970746,0.02668574690536565,10.0,3.755396321699408,1.0,0.0007991148266535528,0.0005843384998624992,0.0011258632468491578,LOPO
WHIL,MAPK1,66.0,9.285714285714283,0.12593415480196374,0.17095574723613144,120.0,1.3575010489010377,1.0,0.00799114826653553,0.010355818897077786,0.007212569066676366,LOPO
WHIL,MAPK14,35.0,4.696428571428569,0.03242731558978618,0.06900337881541004,55.0,2.1279399037626296,1.0,0.004041676911728547,0.0026665633965169263,0.002911230792684288,LOPO
WHIL,MAPK9,12.0,1.3214285714285707,0.010058712408724546,0.03282077224909813,17.0,3.2629198366016143,1.0,0.0011372018686992868,0.0008271481569582596,0.001384698031481238,LOPO
WHIL,MAPKAPK2,33.0,4.5178571428571415,0.029486526887102488,0.06550331581061591,50.0,2.221465961773453,1.0,0.0038880009835259408,0.0024247364253711305,0.0027635642382225203,LOPO
WHIL,MAPT,69.0,9.696428571428568,0.18135806677851196,0.22499947507548257,135.0,1.240636708761727,1.0,0.008344602901401524,0.014913438677821841,0.009492656902059754,LOPO
WHIL,MCL1,15.0,2.2321428571428563,0.02038138935774783,0.06063947930301286,23.0,2.975237764149833,1.0,0.0019209491025325794,0.0016760026490952702,0.0025583605097298247,LOPO
WHIL,MERTK,1.0,0.0535714285714285,0.00043911007025761064,0.0023976043972209426,1.0,5.460144413937834,1.0,4.610277846078186e-05,3.610890445583878e-05,0.00010115417345775059,LOPO
WHIL,MET,40.0,5.249999999999997,0.037388899188772536,0.07341822032041004,65.0,1.9636368524713532,1.0,0.004518072289156626,0.0030745643973146297,0.0030974915636033254,LOPO
WHIL,MGAM,1.0,0.2678571428571428,0.0012816131237183865,0.006997792738300366,1.0,5.460144413937834,1.0,0.00023051389230390956,0.00010538962544527118,0.0002952346689436743,LOPO
WHIL,MGLL,15.0,3.910714285714285,0.07731709964377091,0.2238480846697308,25.0,2.8951950564762967,1.0,0.0033655028276370798,0.006357940646183807,0.009444080103920744,LOPO
WHIL,MIF,4.0,0.2499999999999997,0.0029684934318554975,0.011430796957717095,9.0,3.8507065015037334,1.0,0.0002151462994836487,0.00024410518676051091,0.00048226171905651983,LOPO
WHIL,MMP1,39.0,6.089285714285713,0.05571585591398008,0.10774242454622229,67.0,1.9337838893216723,1.0,0.005240349151708877,0.004581626918036543,0.004545618916089623,LOPO
WHIL,MMP12,42.0,5.357142857142855,0.0413672063895731,0.08123017095035417,65.0,1.9636368524713532,1.0,0.0046102778460781904,0.0034017086017857482,0.003427075297258755,LOPO
WHIL,MMP13,43.0,5.410714285714284,0.04196244448481119,0.08114629910128295,67.0,1.9337838893216723,1.0,0.0046563806245389725,0.003450656227825885,0.0034235367703946036,LOPO
WHIL,MMP14,2.0,0.4285714285714285,0.0022987921472265235,0.01161965709498966,2.0,5.054679305829669,1.0,0.0003688222276862553,0.00018903430285563196,0.0004902296686928598,LOPO
WHIL,MMP2,52.0,7.357142857142855,0.06903352551335115,0.11491701892979204,88.0,1.6646552247656392,1.0,0.006331448241947382,0.00567676568098042,0.00484831279069455,LOPO
WHIL,MMP3,49.0,6.982142857142855,0.06057598895542089,0.1036237302218375,84.0,1.7106403380074624,1.0,0.006008728792721909,0.004981285435394378,0.004371852501333636,LOPO
WHIL,MMP9,54.0,7.499999999999997,0.07096138620986855,0.11500655813079214,92.0,1.620692101344523,1.0,0.006454388984509466,0.005835297544423848,0.004852090421349436,LOPO
WHIL,MPG,40.0,5.785714285714284,0.045225946150115735,0.08880733454825217,65.0,1.9636368524713532,1.0,0.004979100073764446,0.0037190205351049664,0.003746753440069942,LOPO
WHIL,MPO,1.0,0.2678571428571428,0.0012816131237183865,0.006478143334539048,2.0,5.054679305829669,1.0,0.00023051389230390956,0.00010538962544527118,0.00027331082446532053,LOPO
WHIL,MTNR1A,2.0,0.107142857142857,0.0007504813432063313,0.0037934425149162964,2.0,5.054679305829669,1.0,9.220555692156372e-05,6.17135906307703e-05,0.000160044143479475,LOPO
WHIL,MTNR1B,2.0,0.107142857142857,0.0007504813432063313,0.0037934425149162964,2.0,5.054679305829669,1.0,9.220555692156372e-05,6.17135906307703e-05,0.000160044143479475,LOPO
WHIL,MYLK,1.0,0.0535714285714285,0.00043911007025761064,0.0023976043972209426,1.0,5.460144413937834,1.0,4.610277846078186e-05,3.610890445583878e-05,0.00010115417345775059,LOPO
WHIL,NEK2,33.0,4.5178571428571415,0.029486526887102488,0.06493074389989442,51.0,2.2020478759163513,1.0,0.0038880009835259408,0.0024247364253711305,0.0027394076098641094,LOPO
WHIL,NEK6,33.0,4.5178571428571415,0.029486526887102488,0.06493074389989442,51.0,2.2020478759163513,1.0,0.0038880009835259408,0.0024247364253711305,0.0027394076098641094,LOPO
WHIL,NFKB1,59.0,8.410714285714283,0.08260824273513347,0.12544578838709566,102.0,1.518562606268143,1.0,0.007238136218342759,0.006793041987030068,0.005292518253954139,LOPO
WHIL,NOS2,12.0,2.8928571428571423,0.06723556373828339,0.20290330799597558,22.0,3.017797378568629,1.0,0.0024895500368822235,0.005528915667171617,0.008560426580784647,LOPO
WHIL,NQO1,3.0,0.3392857142857141,0.0047160147887177544,0.02142888116238193,4.0,4.543853682063679,1.0,0.000291984263584952,0.00038780738350689334,0.0009040777388536616,LOPO
WHIL,NQO2,6.0,0.8928571428571425,0.01011343831233494,0.0389438826618651,9.0,3.8507065015037334,1.0,0.0007683796410130316,0.0008316483781068382,0.0016430301289331397,LOPO
WHIL,NR1H4,24.0,4.9642857142857135,0.0822257893169579,0.200607863884814,40.0,2.4397195277934713,1.0,0.004272190804032457,0.006761592073053809,0.008463582517580497,LOPO
WHIL,NR1I2,25.0,2.9464285714285703,0.08734127904818206,0.21524490844299285,39.0,2.4644121403838426,1.0,0.0025356528153430047,0.007182249084725693,0.009081114811841805,LOPO
WHIL,NR3C1,5.0,1.375,0.009361337074720212,0.03938671591271047,6.0,4.207381445442466,1.0,0.0011833046471600693,0.000769801580300047,0.0016617131241431892,LOPO
WHIL,NR3C2,1.0,0.5178571428571429,0.0029093097913322637,0.015885251605557506,1.0,5.460144413937834,1.0,0.0004456601917875586,0.00023923839693774864,0.0006701937559803786,LOPO
WHIL,NT5E,2.0,0.2499999999999999,0.0014970059880239513,0.007566885188367765,2.0,5.054679305829669,1.0,0.00021514629948364886,0.00012310181399315904,0.0003192444999543025,LOPO
WHIL,NUAK1,39.0,5.124999999999997,0.0350304086227348,0.07212575587318415,59.0,2.058947032275678,1.0,0.004410499139414802,0.0028806209733820112,0.003042962896140836,LOPO
WHIL,ODC1,9.0,1.696428571428571,0.01623680652473253,0.057059941841483136,13.0,3.5142342648825204,1.0,0.0014599213179247604,0.0013351852648825582,0.0024073409529998713,LOPO
WHIL,OPRD1,5.0,0.6607142857142855,0.004898755804751466,0.018863670826635624,9.0,3.8507065015037334,1.0,0.0005686009343496435,0.00040283454488411485,0.0007958523237024125,LOPO
WHIL,OPRK1,5.0,0.5535714285714283,0.004039824807457295,0.01598181767589285,8.0,3.9560670171615597,1.0,0.0004763953774280796,0.0003322029210243885,0.0006742678480366649,LOPO
WHIL,OPRM1,5.0,0.8035714285714284,0.007085911693908628,0.02728576622881529,9.0,3.8507065015037334,1.0,0.0006915416769117287,0.0005826887736547478,0.0011511778728952968,LOPO
WHIL,OXER1,1.0,0.0535714285714285,0.00034340659340659295,0.0017358102011777686,2.0,5.054679305829669,1.0,4.610277846078186e-05,2.8239015023155966e-05,7.323328501698965e-05,LOPO
WHIL,OXTR,1.0,0.2678571428571428,0.0012816131237183865,0.006997792738300366,1.0,5.460144413937834,1.0,0.00023051389230390956,0.00010538962544527118,0.0002952346689436743,LOPO
WHIL,PARP1,29.0,4.624999999999998,0.035312850099752,0.08209002397663948,45.0,2.324650198008684,1.0,0.0039802065404475045,0.002903846704238051,0.003463352225291524,LOPO
WHIL,PCNA,0.0,0.0,0.0,0.0,1.0,5.460144413937834,0.0,0.0,0.0,0.0,LOPO
WHIL,PDE4B,1.0,0.2678571428571428,0.0012816131237183865,0.0061094462150263415,3.0,4.7669972333778885,1.0,0.00023051389230390956,0.00010538962544527118,0.0002577556092580953,LOPO
WHIL,PDE4D,1.0,0.2678571428571428,0.0012816131237183865,0.0061094462150263415,3.0,4.7669972333778885,1.0,0.00023051389230390956,0.00010538962544527118,0.0002577556092580953,LOPO
WHIL,PDE5A,45.0,6.732142857142855,0.04972888404999601,0.0926365641585161,72.0,1.862832153349388,1.0,0.0057935824932382595,0.00408930617738587,0.003908307429817025,LOPO
WHIL,PDGFRB,9.0,0.9821428571428565,0.007545083613228357,0.02767827113334336,11.0,3.6683849447097785,1.0,0.0008452176051143347,0.000620447404318338,0.0011677375310447692,LOPO
WHIL,PDPK1,4.0,0.3571428571428569,0.003664463939435136,0.014928476613217277,7.0,4.073850052817943,1.0,0.00030735185640521257,0.00030133624171566477,0.0006298277207631421,LOPO
WHIL,PGR,1.0,0.5178571428571429,0.0029093097913322637,0.015885251605557506,1.0,5.460144413937834,1.0,0.0004456601917875586,0.00023923839693774864,0.0006701937559803786,LOPO
WHIL,PHF8,1.0,0.1607142857142857,0.001085907335907336,0.005929210874208555,1.0,5.460144413937834,1.0,0.00013830833538234575,8.929634480295277e-05,0.0002501515370644376,LOPO
WHIL,PIK3CA,6.0,0.8928571428571425,0.010223889311602192,0.037505161627060704,11.0,3.6683849447097785,1.0,0.0007683796410130316,0.0008407309859760983,0.0015823309421612918,LOPO
WHIL,PIK3CB,5.0,0.839285714285714,0.009784779241344582,0.03674572397158617,10.0,3.755396321699408,1.0,0.0007222768625522498,0.0008046220815202596,0.0015502905069580276,LOPO
WHIL,PIK3CG,32.0,4.464285714285713,0.029047416816844876,0.06396380250239016,51.0,2.2020478759163513,1.0,0.0038418982050651587,0.0023886275209152917,0.0026986126572188787,LOPO
WHIL,PIM1,49.0,7.1964285714285685,0.05417247366465944,0.09595380438919414,79.0,1.7712649598238974,1.0,0.006193139906565036,0.004454711490779632,0.004048260749090202,LOPO
WHIL,PIM3,1.0,0.0535714285714285,0.00043911007025761064,0.0023976043972209426,1.0,5.460144413937834,1.0,4.610277846078186e-05,3.610890445583878e-05,0.00010115417345775059,LOPO
WHIL,PKN1,33.0,4.5178571428571415,0.029486526887102488,0.06493074389989442,51.0,2.2020478759163513,1.0,0.0038880009835259408,0.0024247364253711305,0.0027394076098641094,LOPO
WHIL,PLA2G2A,1.0,0.5178571428571429,0.0029093097913322637,0.012689048117257426,5.0,4.361532125269724,1.0,0.0004456601917875586,0.00023923839693774864,0.0005353469387003799,LOPO
WHIL,PLG,42.0,5.964285714285713,0.041330415377381635,0.07992409139575331,67.0,1.9337838893216723,1.0,0.005132776001967053,0.00339868320283902,0.0033719722127095054,LOPO
WHIL,PLK1,39.0,5.124999999999997,0.0350304086227348,0.07212575587318415,59.0,2.058947032275678,1.0,0.004410499139414802,0.0028806209733820112,0.003042962896140836,LOPO
WHIL,PLK4,9.0,0.9821428571428565,0.007545083613228357,0.02767827113334336,11.0,3.6683849447097785,1.0,0.0008452176051143347,0.000620447404318338,0.0011677375310447692,LOPO
WHIL,PNP,19.0,2.6964285714285707,0.03302365826883436,0.08773672800092115,32.0,2.6567840330312986,1.0,0.002320506515859356,0.0027156018547059104,0.003701584887443307,LOPO
WHIL,POLA1,4.0,0.3928571428571426,0.0032095677990297113,0.013998633063699327,5.0,4.361532125269724,1.0,0.0003380870420457339,0.00026392921695398515,0.0005905979146260116,LOPO
WHIL,POLB,60.0,8.071428571428568,0.08919843463352778,0.12878125625646292,110.0,1.443761393185445,1.0,0.006946151954757806,0.0073349667246366485,0.005433240591555707,LOPO
WHIL,PPARA,57.0,8.26785714285714,0.0728754301029294,0.11137688851531925,101.0,1.5283187812135077,1.0,0.007115195475780675,0.0059926932243231255,0.004698955804853303,LOPO
WHIL,PPARD,55.0,7.9464285714285685,0.07051206471412996,0.10986990687426597,98.0,1.558171744363189,1.0,0.006838578805015982,0.005798348933907899,0.004635376724629127,LOPO
WHIL,PPARG,57.0,8.26785714285714,0.0728754301029294,0.10996178715670737,103.0,1.5089006953564064,1.0,0.007115195475780675,0.0059926932243231255,0.004639253124771784,LOPO
WHIL,PRKCA,36.0,5.642857142857141,0.04403152731253149,0.08993077207638038,60.0,2.042417730324468,1.0,0.00485615933120236,0.0036208010712213867,0.0037941509151166795,LOPO
WHIL,PRKCD,1.0,0.0535714285714285,0.00043911007025761064,0.0023976043972209426,1.0,5.460144413937834,1.0,4.610277846078186e-05,3.610890445583878e-05,0.00010115417345775059,LOPO
WHIL,PRKCE,1.0,0.0535714285714285,0.00043911007025761064,0.0023976043972209426,1.0,5.460144413937834,1.0,4.610277846078186e-05,3.610890445583878e-05,0.00010115417345775059,LOPO
WHIL,PRMT1,2.0,0.107142857142857,0.001017060367454067,0.0046213734955372,4.0,4.543853682063679,1.0,9.220555692156372e-05,8.363492008432858e-05,0.00019497429047196687,LOPO
WHIL,PTAFR,1.0,0.0535714285714285,0.003348214285714281,0.0159609282367563,3.0,4.7669972333778885,1.0,4.610277846078186e-05,0.0002753303964757707,0.0006733865291867733,LOPO
WHIL,PTGES,7.0,1.0178571428571426,0.00727702679522015,0.02611246260933295,12.0,3.588342237036242,1.0,0.0008759527907548563,0.0005984045529109083,0.001101676563179111,LOPO
WHIL,PTGS1,42.0,5.821428571428569,0.050456406620095616,0.09468777806453611,71.0,1.8766254754817235,1.0,0.005009835259404967,0.004149131821916821,0.003994847497681848,LOPO
WHIL,PTGS2,52.0,7.999999999999997,0.07462711645253622,0.12339458810701272,89.0,1.6534819241675138,1.0,0.0068846815834767644,0.006136737916801806,0.0052059787609633045,LOPO
WHIL,PTK2,39.0,5.124999999999997,0.0350304086227348,0.07212575587318415,59.0,2.058947032275678,1.0,0.004410499139414802,0.0028806209733820112,0.003042962896140836,LOPO
WHIL,PTK2B,4.0,0.9285714285714285,0.007120646924208258,0.03105693031263737,5.0,4.361532125269724,1.0,0.0007991148266535532,0.0005855451215207968,0.0013102820963921914,LOPO
WHIL,PTPN1,50.0,8.07142857142857,0.13576755385828218,0.22298898696352162,90.0,1.6424320879809289,1.0,0.006946151954757808,0.011164439083794133,0.009407835042603802,LOPO
WHIL,PTPN11,17.0,3.4464285714285703,0.07121765834594229,0.19140142303704447,31.0,2.6875556916980523,1.0,0.0029659454143103024,0.005856371317728003,0.00807516568137381,LOPO
WHIL,PTPN2,20.0,4.32142857142857,0.07689268271278575,0.19759671348500477,35.0,2.569772656041669,1.0,0.003718957462503074,0.006323039988129227,0.008336543031749253,LOPO
WHIL,PTPN6,23.0,5.303571428571427,0.08624766581986003,0.2147333965685521,38.0,2.4897299483681326,1.0,0.004564175067617409,0.007092319068887171,0.009059534287159395,LOPO
WHIL,PTPRF,20.0,4.32142857142857,0.07689268271278575,0.19759671348500477,35.0,2.569772656041669,1.0,0.003718957462503074,0.006323039988129227,0.008336543031749253,LOPO
WHIL,PTPRS,29.0,4.803571428571427,0.03892703320220496,0.08965456267670649,46.0,2.3031439927877204,1.0,0.004133882468650111,0.003201048251576327,0.00378249772764436,LOPO
WHIL,PYGL,32.0,4.464285714285713,0.029047416816844876,0.06510306290520744,49.0,2.241268589069633,1.0,0.0038418982050651587,0.0023886275209152917,0.00274667769435916,LOPO
WHIL,RELA,16.0,2.392857142857142,0.022609972004353412,0.06634705840045793,24.0,2.9344157696295783,1.0,0.002059257437914925,0.0018592634834710595,0.0027991614720220153,LOPO
WHIL,RORB,1.0,0.0892857142857142,0.0006975446428571422,0.003325193382657564,3.0,4.7669972333778885,1.0,7.683796410130313e-05,5.736049926578558e-05,0.0001402888602472445,LOPO
WHIL,RORC,62.0,8.857142857142854,0.0925486294496353,0.13278810007671837,111.0,1.4347927232026845,1.0,0.007622326038849275,0.007610459984110982,0.005602288068813435,LOPO
WHIL,RXRA,2.0,0.107142857142857,0.0007652288656225653,0.003117427654634303,7.0,4.073850052817943,1.0,9.220555692156372e-05,6.292630906734753e-05,0.00013152328969882508,LOPO
WHIL,SAE1,1.0,0.0535714285714285,0.00034340659340659295,0.001637018280692954,3.0,4.7669972333778885,1.0,4.610277846078186e-05,2.8239015023155966e-05,6.906528504479726e-05,LOPO
WHIL,SENP6,0.0,0.0,0.0,0.0,1.0,5.460144413937834,0.0,0.0,0.0,0.0,LOPO
WHIL,SENP7,0.0,0.0,0.0,0.0,1.0,5.460144413937834,0.0,0.0,0.0,0.0,LOPO
WHIL,SENP8,1.0,0.0535714285714285,0.0009740259740259727,0.004643179123420015,3.0,4.7669972333778885,1.0,4.610277846078186e-05,8.009611533840601e-05,0.00019589426303615224,LOPO
WHIL,SHBG,17.0,3.2321428571428563,0.022779519086193245,0.06874397298336803,22.0,3.017797378568629,1.0,0.002781534300467175,0.0018732056810966552,0.0029002865424315174,LOPO
WHIL,SIGMAR1,0.0,0.0,0.0,0.0,1.0,5.460144413937834,0.0,0.0,0.0,0.0,LOPO
WHIL,SIRT2,3.0,0.1964285714285712,0.002336743010141251,0.009831569183635674,6.0,4.207381445442466,1.0,0.00016904352102286685,0.00019215507866066097,0.00041479080356879804,LOPO
WHIL,SIRT3,2.0,0.1428571428571427,0.0019149207379252787,0.009679310226294986,2.0,5.054679305829669,1.0,0.000122940742562085,0.00015746778461646937,0.00040836704617196136,LOPO
WHIL,SLC15A2,1.0,0.1964285714285714,0.001176218990590248,0.005945409790860389,2.0,5.054679305829669,1.0,0.000169043521022867,9.672285385176785e-05,0.0002508349642498092,LOPO
WHIL,SLC1A1,2.0,0.2142857142857142,0.0013914656771799624,0.006068922252230597,5.0,4.361532125269724,1.0,0.0001844111138431276,0.0001144230219120087,0.00025604591604657653,LOPO
WHIL,SLC22A1,15.0,2.160714285714285,0.015074524158764533,0.041997560458341326,28.0,2.7859957645113047,1.0,0.001859478731251537,0.0012396084477104467,0.0017718638322191673,LOPO
WHIL,SLC22A12,4.0,0.7142857142857141,0.008648560482997033,0.039297793395216496,4.0,4.543853682063679,1.0,0.0006147037128104255,0.0007111885272361733,0.001657961511170961,LOPO
WHIL,SLC28A1,19.0,2.8392857142857135,0.029914429718005238,0.08039669585252635,31.0,2.6875556916980523,1.0,0.002443447258421441,0.002459923735988684,0.0033919112457095855,LOPO
WHIL,SLC28A2,19.0,2.8392857142857135,0.029914429718005238,0.08039669585252635,31.0,2.6875556916980523,1.0,0.002443447258421441,0.002459923735988684,0.0033919112457095855,LOPO
WHIL,SLC28A3,20.0,2.999999999999999,0.031000337053912575,0.08143574858372532,33.0,2.6269310698816177,1.0,0.0025817555938037868,0.002549220080791637,0.0034357485527837955,LOPO
WHIL,SLC47A1,3.0,0.1964285714285712,0.001982559412978178,0.007634254421172496,9.0,3.8507065015037334,1.0,0.00016904352102286685,0.00016302984893800003,0.00032208678664210813,LOPO
WHIL,SLC5A1,6.0,0.964285714285714,0.007190943539545583,0.026379149018727063,11.0,3.6683849447097785,1.0,0.0008298500122940743,0.0005913257536190202,0.0011129279786945083,LOPO
WHIL,SLC5A2,6.0,0.964285714285714,0.007190943539545583,0.027004842917957603,10.0,3.755396321699408,1.0,0.0008298500122940743,0.0005913257536190202,0.0011393258069966182,LOPO
WHIL,SLC6A15,0.0,0.0,0.0,0.0,1.0,5.460144413937834,0.0,0.0,0.0,0.0,LOPO
WHIL,SLC6A2,1.0,0.0535714285714285,0.00029928172386272907,0.0015127731362219662,2.0,5.054679305829669,1.0,4.610277846078186e-05,2.461053823247112e-05,6.382342157905244e-05,LOPO
WHIL,SLC6A3,1.0,0.0535714285714285,0.00029928172386272907,0.0015127731362219662,2.0,5.054679305829669,1.0,4.610277846078186e-05,2.461053823247112e-05,6.382342157905244e-05,LOPO
WHIL,SLC6A4,1.0,0.0535714285714285,0.00029928172386272907,0.0015127731362219662,2.0,5.054679305829669,1.0,4.610277846078186e-05,2.461053823247112e-05,6.382342157905244e-05,LOPO
WHIL,SLCO1B1,45.0,7.053571428571426,0.07058795645636111,0.12328697279440454,81.0,1.746572347233526,1.0,0.006070199164002951,0.005804589664546584,0.005201438504859797,LOPO
WHIL,SLCO1B3,45.0,7.053571428571426,0.07058795645636111,0.12243135072495552,82.0,1.734450986701181,1.0,0.006070199164002951,0.005804589664546584,0.00516534007956176,LOPO
WHIL,SLCO2B1,45.0,7.053571428571426,0.07058795645636111,0.12328697279440454,81.0,1.746572347233526,1.0,0.006070199164002951,0.005804589664546584,0.005201438504859797,LOPO
WHIL,SMAD3,9.0,0.9821428571428564,0.007470405029851212,0.026806369896383093,12.0,3.588342237036242,1.0,0.0008452176051143346,0.0006143064341727871,0.001130952292802908,LOPO
WHIL,SOAT1,31.0,4.910714285714284,0.04466394523486178,0.09750137819747755,52.0,2.182999680945657,1.0,0.004226088025571674,0.0036728060692397366,0.004113552400049476,LOPO
WHIL,SOAT2,2.0,0.4285714285714285,0.002382395902583357,0.012042247267081491,2.0,5.054679305829669,1.0,0.0003688222276862553,0.00019590920784826437,0.0005080586147937534,LOPO
WHIL,SRC,45.0,6.696428571428569,0.04894219705700272,0.09536871502475118,66.0,1.948598975106813,1.0,0.005762847307597739,0.004024615323336495,0.004023576013306538,LOPO
WHIL,STAT3,10.0,1.3571428571428565,0.008538207860568307,0.026959897814292973,19.0,3.157559320943788,1.0,0.0011679370543398082,0.0007021140090922545,0.0011374295872460046,LOPO
WHIL,SYK,46.0,6.964285714285712,0.0548857111795248,0.1045461024562963,69.0,1.90479635244842,1.0,0.005993361199901647,0.004513362446480749,0.004410767095044427,LOPO
WHIL,TAS2R31,0.0,0.0,0.0,0.0,2.0,5.054679305829669,0.0,0.0,0.0,0.0,LOPO
WHIL,TBXAS1,12.0,1.928571428571428,0.013303396020744639,0.04416831578548511,16.0,3.3200782504415627,1.0,0.0016597000245881486,0.0010939650178585904,0.001863447314944989,LOPO
WHIL,TEK,9.0,0.9821428571428565,0.007545083613228357,0.02767827113334336,11.0,3.6683849447097785,1.0,0.0008452176051143347,0.000620447404318338,0.0011677375310447692,LOPO
WHIL,TERT,41.0,6.767857142857141,0.0625239196087024,0.1209077484365521,67.0,1.9337838893216723,1.0,0.00582431767887878,0.005141467691758203,0.0051010597794670385,LOPO
WHIL,TGM2,1.0,0.1964285714285714,0.002486437613019891,0.011298008703142057,4.0,4.543853682063679,1.0,0.000169043521022867,0.0002044647670031042,0.000476659424469471,LOPO
WHIL,THRA,0.0,0.0,0.0,0.0,1.0,5.460144413937834,0.0,0.0,0.0,0.0,LOPO
WHIL,THRB,61.0,8.839285714285712,0.10612026522271344,0.15910942930608887,104.0,1.4993312443402556,1.0,0.0076069584460290145,0.008726482896434589,0.006712776648827893,LOPO
WHIL,TLR2,36.0,4.892857142857141,0.0402861479622081,0.08034703637679694,63.0,1.9944085111381071,1.0,0.004210720432751413,0.0033128109924870108,0.0033898161280881897,LOPO
WHIL,TNKS,26.0,4.32142857142857,0.032297146582961754,0.07725772913079353,42.0,2.3920914788042165,1.0,0.003718957462503074,0.0026558593372185886,0.0032594792295620074,LOPO
WHIL,TNKS2,26.0,4.32142857142857,0.032297146582961754,0.07725772913079353,42.0,2.3920914788042165,1.0,0.003718957462503074,0.0026558593372185886,0.0032594792295620074,LOPO
WHIL,TOP1,33.0,5.553571428571427,0.08667038105152927,0.19253530139990715,50.0,2.221465961773453,1.0,0.0047793213671010575,0.007127079792783614,0.008123003651945581,LOPO
WHIL,TOP2A,51.0,8.19642857142857,0.11582523502381051,0.1995060480292684,83.0,1.7224747956544653,1.0,0.007053725104499632,0.009524542087126858,0.008417097254081839,LOPO
WHIL,TRPV1,20.0,2.999999999999999,0.035784150656346415,0.09002238228484899,37.0,2.515705434771393,1.0,0.0025817555938037868,0.0029426026971444935,0.0037980159209235905,LOPO
WHIL,TTR,40.0,6.285714285714284,0.052229338378013884,0.10335686358736029,64.0,1.9789043246021418,1.0,0.005409392672731743,0.004294923567061349,0.004360593482178815,LOPO
WHIL,TUBB3,1.0,0.6607142857142857,0.006741982507288629,0.0368121981260386,1.0,5.460144413937834,1.0,0.0005686009343496437,0.000554406784740328,0.001553095030572404,LOPO
WHIL,TYR,48.0,7.392857142857141,0.07377879513752962,0.1325497119737362,77.0,1.7965827678081872,1.0,0.006362183427587903,0.0060669787484605876,0.005592230549921964,LOPO
WHIL,UBE2N,7.0,1.4464285714285712,0.01886186329538022,0.06498367218181249,14.0,3.445241393395569,1.0,0.0012447750184411118,0.0015510489640841302,0.002741640637387819,LOPO
WHIL,UGT1A1,64.0,8.964285714285712,0.2743627468986164,0.39859727943275736,109.0,1.4528112287053627,1.0,0.007714531595770839,0.022561400626024262,0.01681669352553039,LOPO
WHIL,VCP,0.0,0.0,0.0,0.0,4.0,4.543853682063679,0.0,0.0,0.0,0.0,LOPO
WHIL,VDR,1.0,0.0535714285714285,0.0005952380952380944,0.00283749835320112,3.0,4.7669972333778885,1.0,4.610277846078186e-05,4.8947626040137005e-05,0.00011971316074431525,LOPO
WHIL,XDH,46.0,6.857142857142855,0.0515543121284795,0.09533560024394683,73.0,1.849226501293609,1.0,0.005901155642980084,0.004239414800579814,0.004022178911146823,LOPO
WHIL,XIAP,0.0,0.0,0.0,0.0,2.0,5.054679305829669,0.0,0.0,0.0,0.0,LOPO
WHIL,XPO1,5.0,1.125,0.008178542841974598,0.030002043431163545,11.0,3.6683849447097785,1.0,0.0009681583476764203,0.000672538031058117,0.0012657767515110291,LOPO
