syndrome_code,target_id,contributing_herbs,weighted_raw,herb_degree_normalized,ubiquity_corrected,target_herb_degree,target_idf,binary_union,weighted_raw_sum1,herb_degree_normalized_sum1,ubiquity_corrected_sum1,representation,rank_ubiquity
PDOL,UGT1A1,61.0,9.035714285714285,0.5109448719026561,0.742306447149602,109.0,1.4528112287053627,1.0,0.010077138570612994,0.044614728939525075,0.03377029428646048,FULL,1.0
PDOL,CYP3A4,70.0,8.928571428571427,0.3169066526962017,0.39550483168593975,134.0,1.2480168160593494,1.0,0.00995764680890612,0.027671682771809716,0.017992992798376458,FULL,2.0
PDOL,EHMT2,72.0,8.999999999999998,0.3170149999519319,0.38638348085970087,138.0,1.2188176613670871,1.0,0.010037307983377368,0.02768114344694624,0.01757802846272378,FULL,3.0
PDOL,CXCL8,49.0,7.107142857142856,0.22325378744297872,0.35707539011379497,94.0,1.599414702897238,1.0,0.007926286859889272,0.019494093706039724,0.016244693890103447,FULL,4.0
PDOL,GABRR1,8.0,1.2857142857142856,0.105113040337962,0.3489835190638543,16.0,3.3200782504415627,1.0,0.0014339011404824813,0.009178269634499801,0.015876564436649414,FULL,5.0
PDOL,AR,39.0,5.511904761904761,0.17548160786706343,0.32931325580182524,71.0,1.8766254754817235,1.0,0.006147187296698045,0.015322718358454605,0.01498169065291546,FULL,6.0
PDOL,THRB,52.0,6.904761904761903,0.20982994863165225,0.31460459798174706,104.0,1.4993312443402556,1.0,0.007700580198887399,0.01832194977656839,0.01431253884229838,FULL,7.0
PDOL,UBE2N,10.0,1.9285714285714284,0.07327802781896711,0.2524604946682975,14.0,3.445241393395569,1.0,0.002150851710723722,0.006398497231593803,0.011485371349516998,FULL,8.0
PDOL,MAPT,73.0,8.82142857142857,0.20343079494315197,0.25238371189905384,135.0,1.240636708761727,1.0,0.009838155047199246,0.01776318791603406,0.01148187821440623,FULL,9.0
PDOL,DRD1,39.0,5.3928571428571415,0.13609856946145987,0.24985022757122427,74.0,1.8358034809614685,1.0,0.006014418672579296,0.011883866772102528,0.011366620544680378,FULL,10.0
PDOL,KMT2A,52.0,6.9761904761904745,0.16107376750022176,0.24775901053801178,100.0,1.5381710776565196,1.0,0.007780241373358648,0.01406465329523766,0.011271483266943367,FULL,11.0
PDOL,ALOX15,64.0,8.45238095238095,0.17802222514461585,0.24764986121776858,116.0,1.391117659700023,1.0,0.009426572312431127,0.015544560199737769,0.01126651765647355,FULL,12.0
PDOL,KDM4E,71.0,8.749999999999998,0.18123337430823133,0.2288873247203637,132.0,1.2629424662760251,1.0,0.009758493872727998,0.01582495160279775,0.010412939755445133,FULL,13.0
PDOL,PTPN1,50.0,6.261904761904761,0.13736986036075005,0.22562066657795535,90.0,1.6424320879809289,1.0,0.006983629628646159,0.011994873461853437,0.010264327269017194,FULL,14.0
PDOL,TRPV1,25.0,3.749999999999999,0.0871696806641557,0.21929323939410333,37.0,2.515705434771393,1.0,0.00418221165974057,0.007611489787722536,0.009976468960773551,FULL,15.0
PDOL,GSK3B,49.0,7.249999999999998,0.12513502724960357,0.211150777230169,86.0,1.6873834758431951,1.0,0.008085609208831768,0.010926551235932122,0.009606037928484518,FULL,16.0
PDOL,POLB,60.0,7.499999999999998,0.1358947685573567,0.19619962037898292,110.0,1.443761393185445,1.0,0.00836442331948114,0.01186607126696254,0.008925853930721359,FULL,17.0
PDOL,SLCO1B1,49.0,5.916666666666665,0.10891686771775327,0.1902311893031198,81.0,1.746572347233526,1.0,0.006598600618701788,0.009510412565791347,0.0086543276970017,FULL,18.0
PDOL,SLCO2B1,49.0,5.916666666666665,0.10891686771775327,0.1902311893031198,81.0,1.746572347233526,1.0,0.006598600618701788,0.009510412565791347,0.0086543276970017,FULL,18.0
PDOL,SLCO1B3,49.0,5.916666666666665,0.10891686771775327,0.1889109686814592,82.0,1.734450986701181,1.0,0.006598600618701788,0.009510412565791347,0.008594265927246455,FULL,20.0
PDOL,GAA,56.0,7.119047619047618,0.1223223045991787,0.17882832407897806,108.0,1.4619437122686354,1.0,0.007939563722301146,0.010680949673940761,0.008135568745349342,FULL,21.0
PDOL,PPARA,59.0,7.7261904761904745,0.11644916215731929,0.17797144158160835,101.0,1.5283187812135077,1.0,0.008616683705306763,0.010168118109370917,0.008096585958366676,FULL,22.0
PDOL,RORC,62.0,8.023809523809522,0.11834613491837874,0.16980217320005295,111.0,1.4347927232026845,1.0,0.008948605265603633,0.010333758142561138,0.007724935411062992,FULL,23.0
PDOL,CYP1A2,49.0,5.63095238095238,0.09886072256222869,0.16681594966142324,86.0,1.6873834758431951,1.0,0.006279955920816793,0.008632329205017891,0.0075890809427474875,FULL,24.0
PDOL,FDPS,2.0,0.119047619047619,0.03306878306878305,0.15763879740006237,3.0,4.7669972333778885,1.0,0.00013276862411874823,0.0028875028875028864,0.007171577991280661,FULL,25.0
PDOL,ALOX5,57.0,7.3928571428571415,0.10267729616053785,0.15297402641762156,105.0,1.4898525003857117,1.0,0.008244931557774266,0.008965585111730956,0.006959360126999847,FULL,26.0
PDOL,AKR1B1,61.0,7.654761904761903,0.1000536872641986,0.14178539446445723,113.0,1.4170931461032836,1.0,0.008537022530835513,0.008736496601031896,0.006450347447435843,FULL,27.0
PDOL,PPARD,57.0,7.273809523809522,0.08981447843308332,0.13994638252914746,98.0,1.558171744363189,1.0,0.008112162933655518,0.007842428470248441,0.006366683922095064,FULL,28.0
PDOL,PPARG,59.0,7.607142857142856,0.09225729562968633,0.13920709752733526,103.0,1.5089006953564064,1.0,0.008483915081188015,0.008055730595523548,0.00633305108464817,FULL,29.0
PDOL,ESR1,63.0,7.845238095238093,0.09780443600796954,0.13522509492467857,117.0,1.3826069700321142,1.0,0.008749452329425509,0.00854009628344017,0.006151894905475087,FULL,30.0
PDOL,CYP19A1,63.0,7.797619047619046,0.09607853946517017,0.13448126652519607,115.0,1.3997014033914144,1.0,0.00869634487977801,0.00838939429841403,0.006118055371889454,FULL,31.0
PDOL,RXRA,3.0,0.7023809523809523,0.03215733982157339,0.1310041805306013,7.0,4.073850052817943,1.0,0.0007833348823006148,0.0028079174064575526,0.005959869736094848,FULL,32.0
PDOL,MAPK1,60.0,7.333333333333332,0.09410371495637872,0.12774589175876838,120.0,1.3575010489010377,1.0,0.008178547245714892,0.008216956399517477,0.005811638003610794,FULL,33.0
PDOL,EGLN1,13.0,0.8690476190476187,0.04172626228630982,0.12414555131104994,23.0,2.975237764149833,1.0,0.0009692109560668622,0.0036434574137734154,0.005647845062140632,FULL,34.0
PDOL,FABP4,42.0,5.261904761904761,0.06634942464259364,0.1226951143946674,73.0,1.849226501293609,1.0,0.0058683731860486735,0.005793504854446846,0.005581859266519066,FULL,35.0
PDOL,CA9,55.0,7.3928571428571415,0.08077007561983086,0.12187402326675231,103.0,1.5089006953564064,1.0,0.008244931557774266,0.007052688515660908,0.005544504762685549,FULL,36.0
PDOL,CA12,60.0,7.666666666666665,0.08553910536276198,0.12121687993337663,113.0,1.4170931461032836,1.0,0.008550299393247389,0.007469111071176722,0.005514608856699958,FULL,37.0
PDOL,CA7,60.0,7.666666666666665,0.08553910536276198,0.12121687993337663,113.0,1.4170931461032836,1.0,0.008550299393247389,0.007469111071176722,0.005514608856699958,FULL,37.0
PDOL,CA1,61.0,7.7261904761904745,0.08658338272282881,0.11971078844154123,117.0,1.3826069700321142,1.0,0.008616683705306763,0.00756029537288734,0.005446091126459411,FULL,39.0
PDOL,CA2,61.0,7.7261904761904745,0.08658338272282881,0.11971078844154123,117.0,1.3826069700321142,1.0,0.008616683705306763,0.00756029537288734,0.005446091126459411,FULL,39.0
PDOL,NFKB1,56.0,6.666666666666665,0.07843398293832538,0.11910691355081444,102.0,1.518562606268143,1.0,0.007435042950649903,0.006848705370914067,0.005418618600994549,FULL,41.0
PDOL,TOP2A,43.0,5.3928571428571415,0.06810780780601797,0.11731398233314438,83.0,1.7224747956544653,1.0,0.006014418672579296,0.005947043509049387,0.005337051459703242,FULL,42.0
PDOL,BACE1,52.0,6.619047619047618,0.07412672023248859,0.1170150036862461,96.0,1.578580615994396,1.0,0.007381935501002404,0.00647260342986387,0.005323449803770045,FULL,43.0
PDOL,IDH1,54.0,6.499999999999998,0.074416603317647,0.11670935360101274,97.0,1.568324115827207,1.0,0.007249166876883655,0.006497915466405768,0.005309544639175763,FULL,44.0
PDOL,HSD17B1,39.0,5.011904761904761,0.061725618417487936,0.11669917744734919,70.0,1.8906117174564634,1.0,0.005589559075399302,0.005389762938741151,0.005309081687917234,FULL,45.0
PDOL,HSD17B2,39.0,5.011904761904761,0.061725618417487936,0.11669917744734919,70.0,1.8906117174564634,1.0,0.005589559075399302,0.005389762938741151,0.005309081687917234,FULL,45.0
PDOL,CA4,58.0,7.4761904761904745,0.08124864273896602,0.11657496137196306,111.0,1.4347927232026845,1.0,0.00833786959465739,0.007094476081157117,0.005303430634451369,FULL,47.0
PDOL,CA3,50.0,6.88095238095238,0.07291149422160545,0.11434885470873989,97.0,1.568324115827207,1.0,0.00767402647406365,0.006366492218934364,0.005202156723361457,FULL,48.0
PDOL,CA5A,50.0,6.88095238095238,0.07291149422160545,0.11434885470873989,97.0,1.568324115827207,1.0,0.00767402647406365,0.006366492218934364,0.005202156723361457,FULL,48.0
PDOL,CA5B,50.0,6.88095238095238,0.07291149422160545,0.11434885470873989,97.0,1.568324115827207,1.0,0.00767402647406365,0.006366492218934364,0.005202156723361457,FULL,48.0
PDOL,CA14,51.0,6.916666666666665,0.07331733837744961,0.11350414115707866,99.0,1.5481214085096875,1.0,0.007713857061299274,0.006401929754371901,0.005163727547194526,FULL,51.0
PDOL,CNR1,7.0,0.7023809523809522,0.03411405500917981,0.11326133207034493,16.0,3.3200782504415627,1.0,0.0007833348823006147,0.0029787740340655967,0.005152681254459347,FULL,52.0
PDOL,CNR2,7.0,0.7023809523809522,0.03411405500917981,0.11326133207034493,16.0,3.3200782504415627,1.0,0.0007833348823006147,0.0029787740340655967,0.005152681254459347,FULL,52.0
PDOL,CA6,51.0,6.916666666666665,0.07331733837744961,0.11277460938294936,100.0,1.5381710776565196,1.0,0.007713857061299274,0.006401929754371901,0.005130538420522823,FULL,54.0
PDOL,TERT,39.0,4.988095238095237,0.057627500098431664,0.11143913127223024,67.0,1.9337838893216723,1.0,0.005563005350575552,0.005031923085517942,0.005069782530572937,FULL,55.0
PDOL,APEX1,46.0,6.095238095238094,0.06760677648562259,0.11030065983627568,91.0,1.6315030174487386,1.0,0.006797753554879911,0.0059032944124660066,0.005017989210473744,FULL,56.0
PDOL,FABP3,40.0,5.095238095238094,0.058226175342873755,0.11008308936591173,70.0,1.8906117174564634,1.0,0.0056824971122824254,0.005084198262787314,0.005008091116714155,FULL,57.0
PDOL,XDH,43.0,6.226190476190475,0.058325251536615684,0.10785660083612551,73.0,1.849226501293609,1.0,0.006943799041410534,0.005092849406523615,0.004906799833087252,FULL,58.0
PDOL,F3,35.0,4.535714285714285,0.05231220428125717,0.10684337353639518,60.0,2.042417730324468,1.0,0.005058484578924309,0.004567801621232436,0.00486070433678332,FULL,59.0
PDOL,HTR7,30.0,3.9761904761904754,0.04960618561202622,0.10381823531335738,57.0,2.0928485839513593,1.0,0.0044344720455661915,0.004331517246788152,0.004723079494049578,FULL,60.0
PDOL,FABP2,33.0,4.4642857142857135,0.05114275817786866,0.10199955219301929,63.0,1.9944085111381071,1.0,0.00497882340445306,0.00446568782426296,0.004640340802470819,FULL,61.0
PDOL,FABP5,33.0,4.4642857142857135,0.05114275817786866,0.10199955219301929,63.0,1.9944085111381071,1.0,0.00497882340445306,0.00446568782426296,0.004640340802470819,FULL,61.0
PDOL,TLR2,33.0,4.4642857142857135,0.05114275817786866,0.10199955219301929,63.0,1.9944085111381071,1.0,0.00497882340445306,0.00446568782426296,0.004640340802470819,FULL,61.0
PDOL,AKT1,39.0,5.749999999999999,0.052340761442068326,0.10121572123150072,67.0,1.9337838893216723,1.0,0.006412724544935541,0.004570295177893701,0.004604681402848244,FULL,64.0
PDOL,MMP3,46.0,6.07142857142857,0.05858433947223968,0.100216734276736,84.0,1.7106403380074624,1.0,0.006771199830056161,0.005115472469509494,0.004559233753053091,FULL,65.0
PDOL,AKR1B10,43.0,5.32142857142857,0.059739224079565036,0.10012023815080737,87.0,1.6759547800195724,1.0,0.005934757498108048,0.005216314784494245,0.004554843783677738,FULL,66.0
PDOL,KCNH2,28.0,3.642857142857142,0.04206768106952394,0.09871724476613725,44.0,2.3466291047274592,1.0,0.004062719898033696,0.0036732694488981407,0.004491016371610659,FULL,67.0
PDOL,CYP2C9,55.0,6.440476190476189,0.06656242881963802,0.09854319708501263,106.0,1.4804627600358728,1.0,0.007182782564824281,0.005812103971777125,0.004483098292178608,FULL,68.0
PDOL,NR1H4,25.0,2.8690476190476186,0.040199541106357366,0.09807560544551643,40.0,2.4397195277934713,1.0,0.0031997238412618334,0.0035101470404719534,0.004461825801103917,FULL,69.0
PDOL,MMP9,47.0,6.249999999999999,0.060318042662253546,0.09775697531127629,92.0,1.620692101344523,1.0,0.006970352766234284,0.005266856116038772,0.004447330125573761,FULL,70.0
PDOL,MMP2,46.0,6.07142857142857,0.05858433947223968,0.09752272679190765,88.0,1.6646552247656392,1.0,0.006771199830056161,0.005115472469509494,0.004436673285038935,FULL,71.0
PDOL,AMY1A,46.0,6.023809523809523,0.05657033567950266,0.09744097738965585,83.0,1.7224747956544653,1.0,0.006718092380408662,0.004939613510476324,0.004432954199232276,FULL,72.0
PDOL,GBA,53.0,5.797619047619046,0.061478412162343836,0.0964180763969685,97.0,1.568324115827207,1.0,0.006465831994583039,0.005368177361368901,0.004386418610485055,FULL,73.0
PDOL,CA13,29.0,4.059523809523808,0.04351462790085564,0.09499241882403685,52.0,2.182999680945657,1.0,0.0045274100824493155,0.003799614078660992,0.004321560119797691,FULL,74.0
PDOL,SOAT1,30.0,3.5476190476190466,0.04346933125525231,0.09489353626113688,52.0,2.182999680945657,1.0,0.003956504998738698,0.003795658862204984,0.0043170615824863765,FULL,75.0
PDOL,DAPK1,47.0,5.511904761904761,0.05470984511577509,0.09489154484332489,82.0,1.734450986701181,1.0,0.006147187296698045,0.004777159032978283,0.004316970985448164,FULL,76.0
PDOL,APP,49.0,6.202380952380951,0.058900787144113155,0.0942067849705152,94.0,1.599414702897238,1.0,0.006917245316586784,0.005143104074953748,0.004285818699880472,FULL,77.0
PDOL,MGLL,14.0,1.809523809523809,0.03252192640735834,0.0941573205616698,25.0,2.8951950564762967,1.0,0.0020180830866049736,0.002839752409790126,0.004283568379073171,FULL,78.0
PDOL,MAPK14,33.0,4.583333333333332,0.04357451932218515,0.09272395845295352,55.0,2.1279399037626296,1.0,0.005111592028571808,0.0038048436830182466,0.004218359380261047,FULL,79.0
PDOL,EGFR,50.0,6.38095238095238,0.05874340889800756,0.09212870482064378,97.0,1.568324115827207,1.0,0.007116398252764907,0.005129362107518332,0.004191279068059295,FULL,80.0
PDOL,CTSL,20.0,3.3809523809523805,0.03731713681807758,0.09196480501883528,39.0,2.4644121403838426,1.0,0.003770628924972451,0.0032584610111419097,0.004183822653580047,FULL,81.0
PDOL,CYP2C19,55.0,6.321428571428569,0.061556653817982664,0.09171033460609915,105.0,1.4898525003857117,1.0,0.007050013940705532,0.005375009273087884,0.004172245843546543,FULL,82.0
PDOL,MAP2K1,34.0,4.619047619047618,0.043980363478029305,0.09129242203406676,58.0,2.0757541505920596,1.0,0.005151422615807432,0.0038402812184557818,0.004153233438901887,FULL,83.0
PDOL,PTPN6,21.0,2.3690476190476186,0.036399096713242735,0.0906239211805085,38.0,2.4897299483681326,1.0,0.0026420956199630905,0.003178299505106435,0.004122820836880039,FULL,84.0
PDOL,PRKCA,34.0,4.595238095238094,0.04411019026503536,0.09009143468529396,60.0,2.042417730324468,1.0,0.005124868890983683,0.0038516174451798035,0.0040985960363060835,FULL,85.0
PDOL,HIF1A,55.0,6.32142857142857,0.05827159278804808,0.08905756966919946,101.0,1.5283187812135077,1.0,0.0070500139407055325,0.0050881640272308105,0.004051561653161421,FULL,86.0
PDOL,DUSP3,40.0,5.166666666666665,0.048703183687672555,0.08876438943634396,75.0,1.8225582542114478,1.0,0.005762158286753674,0.004252668845909038,0.004038223788751754,FULL,87.0
PDOL,TOP1,24.0,2.9999999999999996,0.03979684646372298,0.0884073398050848,50.0,2.221465961773453,1.0,0.0033457693277924565,0.0034749845145038783,0.004021980266728209,FULL,88.0
PDOL,PTGS2,47.0,5.51190476190476,0.053387139680292406,0.08827467044436972,89.0,1.6534819241675138,1.0,0.006147187296698044,0.0046616629242666975,0.004015944641722729,FULL,89.0
PDOL,MMP1,35.0,4.32142857142857,0.04544154340155029,0.08787412453582949,67.0,1.9337838893216723,1.0,0.004819501055510562,0.003967868654605223,0.003997722311499703,FULL,90.0
PDOL,PTPRF,19.0,2.1071428571428568,0.033588366509831324,0.08631446581807029,35.0,2.569772656041669,1.0,0.0023500046469018443,0.002932871919777372,0.003926767607970694,FULL,91.0
PDOL,MAPK9,12.0,2.1190476190476186,0.026407870570938165,0.08616676472832213,17.0,3.2629198366016143,1.0,0.002363281509313719,0.002305884748397927,0.003920048133437799,FULL,92.0
PDOL,MET,36.0,4.595238095238094,0.04387258047694921,0.08614981583755268,65.0,1.9636368524713532,1.0,0.005124868890983683,0.0038308698129560646,0.003919277065058544,FULL,93.0
PDOL,PTPN11,16.0,1.809523809523809,0.031719723196654254,0.08524852261625489,31.0,2.6875556916980523,1.0,0.0020180830866049736,0.0027697055597910164,0.00387827386828113,FULL,94.0
PDOL,ACP1,13.0,1.5119047619047616,0.02897648819379984,0.08502906390437154,24.0,2.9344157696295783,1.0,0.001686161526308103,0.002530171526277741,0.0038682898713584485,FULL,95.0
PDOL,HSP90AB1,15.0,2.4880952380952377,0.028948931432808696,0.08494820091035922,24.0,2.9344157696295783,1.0,0.0027748642440818387,0.0025277653226153125,0.003864611111575119,FULL,96.0
PDOL,CYP2D6,53.0,6.202380952380951,0.056573776969708216,0.08428658307458338,105.0,1.4898525003857117,1.0,0.006917245316586784,0.00493991399735498,0.003834511643754091,FULL,97.0
PDOL,NOS2,10.0,1.3809523809523807,0.027874927449869955,0.08412088298600827,22.0,3.017797378568629,1.0,0.00154011603977748,0.002433985349053094,0.003826973327502142,FULL,98.0
PDOL,PTPN2,19.0,1.8690476190476186,0.03236615436251603,0.08317365846201748,35.0,2.569772656041669,1.0,0.0020844673986643476,0.002826150692776868,0.003783880544119547,FULL,99.0
PDOL,DPP4,47.0,5.678571428571427,0.04788014833584106,0.08304577052449844,82.0,1.734450986701181,1.0,0.006333063370464292,0.004180802973191944,0.0037780624439234752,FULL,100.0
PHOL,UGT1A1,82.0,9.210526315789469,0.6203769192630796,0.9012905543350421,109.0,1.4528112287053627,1.0,0.009364297945205479,0.052271226013297194,0.03955482380789871,FULL,1.0
PHOL,EHMT2,101.0,9.519736842105258,0.3090850180113408,0.37671827881618636,138.0,1.2188176613670871,1.0,0.00967867080479452,0.026042640098516534,0.016532987139516682,FULL,2.0
PHOL,CYP3A4,96.0,9.289473684210522,0.25919062918086255,0.3234742637827196,134.0,1.2480168160593494,1.0,0.009444563356164384,0.02183867829018355,0.014196273830646266,FULL,3.0
PHOL,CXCL8,71.0,7.480263157894734,0.16044081442981156,0.256611397543848,94.0,1.599414702897238,1.0,0.007605147688356165,0.013518294785660403,0.011261871732844498,FULL,4.0
PHOL,AR,56.0,6.0526315789473655,0.13586994020050985,0.25497699113245514,71.0,1.8766254754817235,1.0,0.006153681506849315,0.011448021569000835,0.011190142746756497,FULL,5.0
PHOL,GABRR1,14.0,1.1184210526315783,0.0743657268000336,0.24690003212707076,16.0,3.3200782504415627,1.0,0.0011370933219178082,0.0062658483778298855,0.010835670275226705,FULL,6.0
PHOL,KMT2A,77.0,8.20394736842105,0.15894100159091148,0.24447845170089894,100.0,1.5381710776565196,1.0,0.008340913955479453,0.013391924746019156,0.010729394683373252,FULL,7.0
PHOL,THRB,82.0,7.749999999999996,0.1527049058547339,0.22895523651203972,104.0,1.4993312443402556,1.0,0.007879387842465753,0.012866488741640557,0.010048129314759202,FULL,8.0
PHOL,KDM4E,94.0,9.039473684210522,0.18080780533258475,0.22834985558869003,132.0,1.2629424662760251,1.0,0.009190389554794521,0.015234360538000495,0.010021561039251836,FULL,9.0
PHOL,DRD1,60.0,6.236842105263155,0.12328614273437921,0.22632912998608584,74.0,1.8358034809614685,1.0,0.006340967465753425,0.010387745951012,0.0099328777120044,FULL,10.0
PHOL,MAPT,94.0,9.02631578947368,0.17974316794543913,0.22299597230223592,135.0,1.240636708761727,1.0,0.00917701198630137,0.015144657166134567,0.009786595845103111,FULL,11.0
PHOL,AKR1B1,85.0,9.190789473684207,0.14207288697843706,0.20133051438424962,113.0,1.4170931461032836,1.0,0.009344231592465755,0.011970664534768539,0.008835766651851824,FULL,12.0
PHOL,TOP2A,63.0,7.4276315789473655,0.11647367481108509,0.20062296921934844,83.0,1.7224747956544653,1.0,0.007551637414383562,0.009813746436410722,0.0088047147072828,FULL,13.0
PHOL,PTPN1,69.0,6.980263157894734,0.1219726961673177,0.20033187004275108,90.0,1.6424320879809289,1.0,0.007096800085616439,0.010277078612767351,0.008791939274781538,FULL,14.0
PHOL,ALOX15,84.0,8.710526315789469,0.1398939480023251,0.19460894155119118,116.0,1.391117659700023,1.0,0.008855950342465753,0.011787073224142698,0.008540777840702306,FULL,15.0
PHOL,EGLN1,19.0,0.9802631578947357,0.0602678303938976,0.17931112495130128,23.0,2.975237764149833,1.0,0.0009966288527397255,0.00507799901323306,0.007869404511265133,FULL,16.0
PHOL,NR1I2,28.0,2.5263157894736827,0.07273206506152849,0.17924178413281835,39.0,2.4644121403838426,1.0,0.0025684931506849314,0.006128200603853845,0.007866361359592683,FULL,17.0
PHOL,MGLL,20.0,3.092105263157894,0.061824137293333206,0.17899293666257016,25.0,2.8951950564762967,1.0,0.0031437285958904114,0.005209129084582401,0.007855440222348577,FULL,18.0
PHOL,AKR1B10,71.0,7.230263157894734,0.10558347061149603,0.17695312226239282,87.0,1.6759547800195724,1.0,0.0073509738869863015,0.008896168255514082,0.007765919147472388,FULL,19.0
PHOL,IDH1,73.0,7.861842105263155,0.10466084372397222,0.16414212519512822,97.0,1.568324115827207,1.0,0.007993097174657534,0.00881843029159855,0.0072036845502475005,FULL,20.0
PHOL,PTPN6,32.0,3.815789473684209,0.06576963756933524,0.1637486363496918,38.0,2.4897299483681326,1.0,0.003879494863013699,0.005541565914932905,0.0071864155553859116,FULL,21.0
PHOL,CYP1A2,64.0,6.486842105263155,0.0965220492503095,0.1628697109594953,86.0,1.6873834758431951,1.0,0.006595141267123288,0.008132678207343154,0.007147842268689079,FULL,22.0
PHOL,NR1H4,33.0,3.440789473684209,0.06641798880255328,0.16204126427835738,40.0,2.4397195277934713,1.0,0.003498234160958904,0.005596194178485645,0.007111484334669872,FULL,23.0
PHOL,BACE1,72.0,7.513157894736839,0.09941978454028498,0.1569421447216332,96.0,1.578580615994396,1.0,0.007638591609589042,0.008376833287208051,0.006887699923891882,FULL,24.0
PHOL,SLCO1B1,61.0,6.717105263157892,0.08919870496812546,0.15579199150636966,81.0,1.746572347233526,1.0,0.006829248715753425,0.007515633678023878,0.006837223296168426,FULL,25.0
PHOL,SLCO2B1,61.0,6.717105263157892,0.08919870496812546,0.15579199150636966,81.0,1.746572347233526,1.0,0.006829248715753425,0.007515633678023878,0.006837223296168426,FULL,25.0
PHOL,SLCO1B3,61.0,6.717105263157892,0.08919870496812546,0.15471078184443274,82.0,1.734450986701181,1.0,0.006829248715753425,0.007515633678023878,0.006789772385392082,FULL,27.0
PHOL,ACP1,20.0,2.355263157894736,0.052717540454927485,0.15469518204702448,24.0,2.9344157696295783,1.0,0.0023945847602739726,0.004441832676911852,0.006789087759069356,FULL,28.0
PHOL,NOS2,17.0,2.085526315789473,0.05114113594296906,0.15433358598571395,22.0,3.017797378568629,1.0,0.002120344606164384,0.0043090092368798785,0.006773218438764185,FULL,29.0
PHOL,APEX1,75.0,7.888157894736839,0.09083128494608535,0.14819151546828443,91.0,1.6315030174487386,1.0,0.008019852311643837,0.007653190305878591,0.006503662171959794,FULL,30.0
PHOL,PTPN11,25.0,2.6381578947368407,0.05508558193971,0.14804556927256704,31.0,2.6875556916980523,1.0,0.002682202482876712,0.004641357236605279,0.006497257049849873,FULL,31.0
PHOL,CDC25B,26.0,2.69736842105263,0.05508927678349988,0.1463603109496443,32.0,2.6567840330312986,1.0,0.00274240154109589,0.004641668553820391,0.006423296332394907,FULL,32.0
PHOL,PTPRF,29.0,2.9013157894736827,0.056377189641752486,0.14487656036585117,35.0,2.569772656041669,1.0,0.002949753852739726,0.004750184493096664,0.006358179159431628,FULL,33.0
PHOL,RORC,80.0,8.013157894736839,0.10033514463722863,0.1439601354069845,111.0,1.4347927232026845,1.0,0.008146939212328768,0.008453958971651196,0.006317960133938927,FULL,34.0
PHOL,PTPN2,28.0,2.8421052631578934,0.0559449960190095,0.14376592101201063,35.0,2.569772656041669,1.0,0.002889554794520548,0.004713769065903242,0.006309436671513631,FULL,35.0
PHOL,TOP1,40.0,3.881578947368419,0.06457306348005956,0.14344686256838876,50.0,2.221465961773453,1.0,0.003946382705479452,0.005440745925149145,0.006295434194220172,FULL,36.0
PHOL,CYP19A1,85.0,8.124999999999996,0.10197441531648922,0.1427337322285089,115.0,1.3997014033914144,1.0,0.008260648544520549,0.008592079339305083,0.00626413713378795,FULL,37.0
PHOL,CA1,87.0,8.703947368421048,0.10261971495756772,0.14188273316304192,117.0,1.3826069700321142,1.0,0.008849261558219178,0.008646450484229656,0.006226789446149009,FULL,38.0
PHOL,CA2,87.0,8.703947368421048,0.10261971495756772,0.14188273316304192,117.0,1.3826069700321142,1.0,0.008849261558219178,0.008646450484229656,0.006226789446149009,FULL,38.0
PHOL,ALOX5,78.0,8.14473684210526,0.0939316696274969,0.13994433285993085,105.0,1.4898525003857117,1.0,0.008280714897260275,0.00791442005730573,0.0061417191188389625,FULL,40.0
PHOL,CA9,77.0,7.914473684210522,0.09230817742530173,0.13928387310412033,103.0,1.5089006953564064,1.0,0.008046607448630137,0.0077776291400476,0.006112733605623895,FULL,41.0
PHOL,CYP2C9,76.0,7.894736842105259,0.09406886248091807,0.13926544778193492,106.0,1.4804627600358728,1.0,0.00802654109589041,0.007925979543846759,0.0061119249758550135,FULL,42.0
PHOL,CA12,83.0,8.46710526315789,0.09758442594006783,0.1382862211660936,113.0,1.4170931461032836,1.0,0.008608465325342466,0.008222191099163147,0.006068949782038425,FULL,43.0
PHOL,CA7,83.0,8.46710526315789,0.09758442594006783,0.1382862211660936,113.0,1.4170931461032836,1.0,0.008608465325342466,0.008222191099163147,0.006068949782038425,FULL,43.0
PHOL,MAPK1,87.0,8.059210526315786,0.10176413819540803,0.13814492434077658,120.0,1.3575010489010377,1.0,0.008193760702054794,0.00857436197655323,0.006062748706255318,FULL,45.0
PHOL,PPARA,75.0,7.690789473684207,0.08919979255071768,0.13632571823561057,101.0,1.5283187812135077,1.0,0.007819188784246575,0.007515725314694619,0.00598290943953496,FULL,46.0
PHOL,GSK3B,67.0,6.848684210526312,0.08025080782652624,0.13541388704954815,86.0,1.6873834758431951,1.0,0.006963024400684931,0.00676170886343237,0.0059428920203644505,FULL,47.0
PHOL,PPARG,76.0,7.71052631578947,0.08950667289025264,0.1350566809631406,103.0,1.5089006953564064,1.0,0.0078392551369863,0.007541582194744129,0.005927215362328925,FULL,48.0
PHOL,FABP4,57.0,6.046052631578945,0.07218605970303092,0.13348837462680746,73.0,1.849226501293609,1.0,0.00614699272260274,0.00608219571777201,0.005858387301819363,FULL,49.0
PHOL,PPARD,73.0,7.58552631578947,0.08412974803644693,0.1310885962507861,98.0,1.558171744363189,1.0,0.007712168236301369,0.007088537528569811,0.005753068533765078,FULL,50.0
PHOL,NFKB1,76.0,7.894736842105259,0.08564998260890458,0.13006486081739926,102.0,1.518562606268143,1.0,0.00802654109589041,0.007216628246426553,0.005708139987139629,FULL,51.0
PHOL,POLB,80.0,7.394736842105259,0.08894332190191487,0.1284129343436501,110.0,1.443761393185445,1.0,0.007518193493150685,0.007494115814352032,0.00563564210030561,FULL,52.0
PHOL,TERT,53.0,5.822368421052629,0.06631565653992164,0.12824014822668986,67.0,1.9337838893216723,1.0,0.005919574058219178,0.005587571947931315,0.0056280590579893,FULL,53.0
PHOL,GAA,79.0,7.296052631578943,0.08713259192089975,0.1273829448924283,108.0,1.4619437122686354,1.0,0.007417861729452054,0.007341548764953863,0.005590439084395685,FULL,54.0
PHOL,F3,48.0,5.302631578947366,0.06222726252094753,0.12709406428233846,60.0,2.042417730324468,1.0,0.005391160102739726,0.0052430952900133195,0.005577761017840275,FULL,55.0
PHOL,APP,74.0,7.605263157894734,0.07827804596135549,0.12519905762465774,94.0,1.599414702897238,1.0,0.0077322345890410964,0.006595489460158558,0.005494595101922453,FULL,56.0
PHOL,PTGS2,68.0,7.381578947368418,0.0754872584519409,0.12481681735524568,89.0,1.6534819241675138,1.0,0.007504815924657534,0.006360345501493915,0.005477819771884701,FULL,57.0
PHOL,ESR1,85.0,8.124999999999996,0.08903626836686326,0.12310216522967499,117.0,1.3826069700321142,1.0,0.008260648544520549,0.007501947223815533,0.005402569052355275,FULL,58.0
PHOL,UBE2N,13.0,1.7697368421052626,0.03529424326850216,0.12159718785721657,14.0,3.445241393395569,1.0,0.0017992829623287674,0.0029737943330445295,0.005336520302020388,FULL,59.0
PHOL,HIF1A,74.0,7.723684210526312,0.07865758264351014,0.12021386083893018,101.0,1.5283187812135077,1.0,0.007852632705479453,0.006627468160650525,0.00527581040529081,FULL,60.0
PHOL,ACHE,70.0,7.171052631578944,0.07512211999191008,0.11936479698276929,95.0,1.5889434030299427,1.0,0.007290774828767123,0.006329579954972471,0.0052385476479363,FULL,61.0
PHOL,GBA,71.0,7.506578947368418,0.07577239709908472,0.11883567768453006,97.0,1.568324115827207,1.0,0.007631902825342466,0.006384370487284303,0.005215326256660705,FULL,62.0
PHOL,CA4,82.0,7.907894736842101,0.08238351167946693,0.11820326306958252,111.0,1.4347927232026845,1.0,0.00803991866438356,0.006941404531751097,0.00518757155697205,FULL,63.0
PHOL,DAPK1,62.0,6.907894736842103,0.06752610440683193,0.11712071841651661,82.0,1.734450986701181,1.0,0.00702322345890411,0.005689560903458126,0.005140062057609997,FULL,64.0
PHOL,CA14,74.0,7.118421052631575,0.07495960622133963,0.11604657116471184,99.0,1.5481214085096875,1.0,0.00723726455479452,0.006315886998693807,0.005092921093927955,FULL,65.0
PHOL,CA3,73.0,7.098684210526312,0.07392082505790473,0.11593181260015607,97.0,1.568324115827207,1.0,0.007217198202054794,0.006228362200000845,0.0050878846994160875,FULL,66.0
PHOL,CA5A,73.0,7.098684210526312,0.07392082505790473,0.11593181260015607,97.0,1.568324115827207,1.0,0.007217198202054794,0.006228362200000845,0.0050878846994160875,FULL,66.0
PHOL,CA5B,73.0,7.098684210526312,0.07392082505790473,0.11593181260015607,97.0,1.568324115827207,1.0,0.007217198202054794,0.006228362200000845,0.0050878846994160875,FULL,66.0
PHOL,SYK,56.0,6.460526315789471,0.060417743713178644,0.11508349784802613,69.0,1.90479635244842,1.0,0.006568386130136986,0.005090630290689112,0.005050654817894809,FULL,69.0
PHOL,CA6,74.0,7.131578947368418,0.07443480532106261,0.11449346471585213,100.0,1.5381710776565196,1.0,0.007250642123287672,0.0062716687410208,0.005024760108944726,FULL,70.0
PHOL,SOAT1,42.0,4.065789473684208,0.05185629138463041,0.1132022675476732,52.0,2.182999680945657,1.0,0.004133668664383561,0.004369266236399017,0.004968093503217057,FULL,71.0
PHOL,HKDC1,4.0,0.2236842105263156,0.027549874886558523,0.11223405926173416,7.0,4.073850052817943,1.0,0.00022741866438356155,0.0023212754893330917,0.004925601869442063,FULL,72.0
PHOL,PTPRS,39.0,4.874999999999998,0.04791037542129768,0.11034449334376621,46.0,2.3031439927877204,1.0,0.004956389126712329,0.004036794381395372,0.004842674730575313,FULL,73.0
PHOL,FABP3,55.0,5.782894736842103,0.058127187799006164,0.10989594235559343,70.0,1.8906117174564634,1.0,0.005879441352739726,0.004897634448696752,0.004822989230465835,FULL,74.0
PHOL,ABCB11,11.0,0.69078947368421,0.0338815810691846,0.1087210000254138,18.0,3.2088526153313386,1.0,0.0007023223458904107,0.002854767362813782,0.004771424686012149,FULL,75.0
PHOL,KCNH2,34.0,3.5263157894736827,0.04598663786289689,0.1079135828376356,44.0,2.3466291047274592,1.0,0.0035851883561643836,0.003874705629246303,0.004735989670690593,FULL,76.0
PHOL,TRPV1,28.0,3.1184210526315774,0.04269408774971675,0.10740574858456921,37.0,2.515705434771393,1.0,0.0031704837328767124,0.0035972845554085088,0.004713702413482537,FULL,77.0
PHOL,TYR,60.0,5.921052631578944,0.059554074683324805,0.10699382432882316,77.0,1.7965827678081872,1.0,0.006019905821917808,0.005017859951144886,0.0046956243461158415,FULL,78.0
PHOL,ESR2,33.0,3.5460526315789456,0.04511209563358209,0.10687515421137003,43.0,2.369101960579518,1.0,0.0036052547089041095,0.003801019144292949,0.004690416285779978,FULL,79.0
PHOL,GPR35,56.0,5.64473684210526,0.05509261692929111,0.10415874711185809,70.0,1.8906117174564634,1.0,0.005738976883561644,0.004641949985173089,0.004571201673250289,FULL,80.0
PHOL,CYP2C19,74.0,7.21052631578947,0.06971576769141638,0.1038662108113661,105.0,1.4898525003857117,1.0,0.007330907534246575,0.005874055814354376,0.0045583631698756346,FULL,81.0
PHOL,CA13,39.0,4.098684210526314,0.04735402062184827,0.10337381190898882,52.0,2.182999680945657,1.0,0.004167112585616439,0.003989917480333115,0.004536753321938078,FULL,82.0
PHOL,CYP2D6,76.0,7.144736842105259,0.06846529369877319,0.10200318900675934,105.0,1.4898525003857117,1.0,0.007264019691780821,0.005768694369297965,0.004476600969132431,FULL,83.0
PHOL,DUSP3,60.0,5.749999999999997,0.055707272444293326,0.10152974921295274,75.0,1.8225582542114478,1.0,0.00584599743150685,0.0046937391416477766,0.004455823177178888,FULL,84.0
PHOL,MMP9,73.0,6.3749999999999964,0.06257070555035442,0.10140784826101332,92.0,1.620692101344523,1.0,0.0064814319349315065,0.005272032840162902,0.004450473325621266,FULL,85.0
PHOL,AMY1A,62.0,6.618421052631576,0.05871599318882995,0.10113681836957884,83.0,1.7224747956544653,1.0,0.006728916952054795,0.004947245545843768,0.004438578671282773,FULL,86.0
PHOL,XDH,59.0,6.309210526315787,0.05360855250993679,0.09913435599736514,73.0,1.849226501293609,1.0,0.006414544092465753,0.004516906863364965,0.004350696860102251,FULL,87.0
PHOL,EGFR,75.0,6.927631578947365,0.06319870921570103,0.09911605975213508,97.0,1.568324115827207,1.0,0.007043289811643835,0.005324946674493659,0.004349893895117274,FULL,88.0
PHOL,HCAR2,51.0,4.848684210526313,0.04958965038107625,0.09890202078438157,63.0,1.9944085111381071,1.0,0.004929633989726027,0.004178285397962081,0.004340500394190416,FULL,89.0
PHOL,MMP2,70.0,6.065789473684207,0.05852058436649722,0.09741659652202798,88.0,1.6646552247656392,1.0,0.006167059075342465,0.004930780944405533,0.0042753097687092435,FULL,90.0
PHOL,HSD17B1,55.0,5.9276315789473655,0.05128394740597013,0.09695803188314812,70.0,1.8906117174564634,1.0,0.006026594606164383,0.004321042131766886,0.004255184800786099,FULL,91.0
PHOL,HSD17B2,55.0,5.9276315789473655,0.05128394740597013,0.09695803188314812,70.0,1.8906117174564634,1.0,0.006026594606164383,0.004321042131766886,0.004255184800786099,FULL,91.0
PHOL,CYP1B1,60.0,6.355263157894734,0.05407089711448317,0.09645403144365974,78.0,1.7838437420307574,1.0,0.00646136558219178,0.004555862728049582,0.004233065797666429,FULL,93.0
PHOL,DPP4,66.0,6.013157894736839,0.05560110619696439,0.09643739350500202,82.0,1.734450986701181,1.0,0.006113548801369863,0.004684793870254208,0.0042323356105708615,FULL,94.0
PHOL,MMP1,56.0,4.8289473684210495,0.0497034475458261,0.09611572610786331,67.0,1.9337838893216723,1.0,0.004909567636986301,0.004187873629138343,0.004218218634466575,FULL,95.0
PHOL,MMP3,66.0,5.881578947368418,0.05613830608220381,0.09603245089162751,84.0,1.7106403380074624,1.0,0.005979773116438355,0.004730056831759969,0.00421456394565404,FULL,96.0
PHOL,CYP1A1,60.0,6.355263157894734,0.05407089711448317,0.09577388540512713,79.0,1.7712649598238974,1.0,0.00646136558219178,0.004555862728049582,0.004203216315067949,FULL,97.0
PHOL,PIM1,60.0,6.486842105263155,0.053889190230906985,0.09545203436928983,79.0,1.7712649598238974,1.0,0.006595141267123288,0.004540552613690613,0.004189091279635478,FULL,98.0
PHOL,HTR7,47.0,4.282894736842103,0.04482475854681023,0.09381143245065339,57.0,2.0928485839513593,1.0,0.004354398544520547,0.0037768089241214846,0.004117090392109876,FULL,99.0
PHOL,ALOX12,62.0,6.421052631578944,0.05225328327432399,0.09255440969956222,79.0,1.7712649598238974,1.0,0.006528253424657534,0.0044027156639120015,0.004061923594673932,FULL,100.0
WHIL,UGT1A1,73.0,9.0125,0.3574611695687547,0.5193236009756385,109.0,1.4528112287053627,1.0,0.007763206064129896,0.029091448184639244,0.02176747407219515,FULL,1.0
WHIL,KDM4E,83.0,10.2125,0.4088854301355822,0.5163987735597656,132.0,1.2629424662760251,1.0,0.008796864569201285,0.03327653551459469,0.02164487978835931,FULL,2.0
WHIL,EHMT2,83.0,10.2625,0.32175750417259863,0.3921637287629574,138.0,1.2188176613670871,1.0,0.008839933673579258,0.02618575822360925,0.01643756182439221,FULL,3.0
WHIL,MAPT,83.0,9.8625,0.17908857813723766,0.2221838641569999,135.0,1.240636708761727,1.0,0.008495380838555463,0.014574858851453727,0.009312847506278654,FULL,4.0
WHIL,CYP3A4,86.0,10.15,0.1688172333008262,0.21068674600004553,134.0,1.2480168160593494,1.0,0.008743028188728815,0.013738940655204574,0.008830945237796524,FULL,5.0
WHIL,PTPN1,56.0,8.075,0.12477409359672641,0.2049329750719992,90.0,1.6424320879809289,1.0,0.006955660357042875,0.010154554921401946,0.008589775648626487,FULL,6.0
WHIL,MGLL,17.0,3.9124999999999996,0.07049643084190237,0.20410091807269887,25.0,2.8951950564762967,1.0,0.0033701574175765015,0.0057372476778760825,0.00855489993890555,FULL,7.0
WHIL,AKR1B10,60.0,8.5,0.11810542048149296,0.19793934400217963,87.0,1.6759547800195724,1.0,0.007321747744255659,0.009611834830640322,0.008296637261122437,FULL,8.0
WHIL,AKR1B1,72.0,9.825,0.13921306478657447,0.19727787995708707,113.0,1.4170931461032836,1.0,0.008463079010271981,0.011329649219660181,0.008268911963400185,FULL,9.0
WHIL,ACP1,17.0,3.8125,0.06674636343363001,0.19586158142507093,24.0,2.9344157696295783,1.0,0.003284019208820553,0.0054320539925639885,0.008209547741330878,FULL,10.0
WHIL,PTPN6,26.0,5.175,0.07852617883097478,0.1955089791663896,38.0,2.4897299483681326,1.0,0.004457652303120356,0.006390736832632739,0.008194768400455124,FULL,11.0
WHIL,IDH1,65.0,8.6625,0.1242110418686987,0.1948031724147031,97.0,1.568324115827207,1.0,0.007461722333484075,0.010108731789924615,0.008165184476022548,FULL,12.0
WHIL,TOP2A,60.0,8.175,0.11122643973353852,0.19158473905140044,83.0,1.7224747956544653,1.0,0.0070417985657988255,0.009051999164479229,0.008030283684575435,FULL,13.0
WHIL,THRB,68.0,8.75,0.12624616614231224,0.18928482137533964,104.0,1.4993312443402556,1.0,0.007537093266145531,0.010274357366617477,0.007933882522972566,FULL,14.0
WHIL,NR1I2,30.0,3.0,0.07581558286210285,0.18684084283564345,39.0,2.4644121403838426,1.0,0.002584146262678468,0.006170138991829327,0.007831443043241827,FULL,15.0
WHIL,KMT2A,70.0,8.55,0.11979760220598527,0.18426920688584741,100.0,1.5381710776565196,1.0,0.007364816848633634,0.009749550535583747,0.00772365279693847,FULL,16.0
WHIL,NOS2,14.0,2.85,0.060002522739282756,0.18107545583011203,22.0,3.017797378568629,1.0,0.0024549389495445444,0.00488321649963644,0.007589786565617265,FULL,17.0
WHIL,NR1H4,26.0,4.775,0.07379702166285261,0.18004403484385934,40.0,2.4397195277934713,1.0,0.004113099468096562,0.006005861376427476,0.007546554504656441,FULL,18.0
WHIL,PTPN2,23.0,4.2625,0.0696495180076531,0.17898342688254873,35.0,2.569772656041669,1.0,0.003671641148222323,0.00566832293042955,0.00750209907021206,FULL,19.0
WHIL,PTPRF,23.0,4.2625,0.0696495180076531,0.17898342688254873,35.0,2.569772656041669,1.0,0.003671641148222323,0.00566832293042955,0.00750209907021206,FULL,19.0
WHIL,EGLN1,15.0,1.3875,0.059125767270471696,0.17591321561744158,23.0,2.975237764149833,1.0,0.0011951676464887913,0.004811863053548053,0.007373411015242426,FULL,21.0
WHIL,TOP1,37.0,5.4375,0.07867699015371088,0.17477825560125385,50.0,2.221465961773453,1.0,0.004683765101104723,0.006403010388908312,0.007325839110790305,FULL,22.0
WHIL,PTPN11,20.0,3.375,0.06378211409491504,0.17141798376432346,31.0,2.6875556916980523,1.0,0.0029071645455132763,0.005190812947704174,0.007184993152800922,FULL,23.0
WHIL,ALOX15,74.0,9.05,0.12191849107062978,0.16960296597233265,116.0,1.391117659700023,1.0,0.007795507892413379,0.009922155936572108,0.007108916593496647,FULL,24.0
WHIL,DRD1,54.0,6.625,0.09138943233059389,0.1677730379955968,74.0,1.8358034809614685,1.0,0.005706656330081617,0.007437593678990348,0.00703221507307133,FULL,25.0
WHIL,CDC25B,21.0,3.3375,0.06303263060805128,0.16746408655943054,32.0,2.6567840330312986,1.0,0.0028748627172297953,0.005129817343483319,0.0070192653585509765,FULL,26.0
WHIL,CYP1A2,57.0,7.2625,0.0980959447452572,0.16552547621037408,86.0,1.6873834758431951,1.0,0.0062557874109007905,0.007983393265127748,0.006938008411187331,FULL,27.0
WHIL,GABRR1,10.0,1.225,0.04876863532461764,0.1619156854449791,16.0,3.3200782504415627,1.0,0.0010551930572603745,0.0039689632003758,0.0067867038551375665,FULL,28.0
WHIL,MAPK1,73.0,9.0625,0.11509974663542737,0.15624802678583635,120.0,1.3575010489010377,1.0,0.007806275168507871,0.009367222513564791,0.006549143665919958,FULL,29.0
WHIL,CA9,69.0,9.1125,0.10267828029277132,0.15493132853176264,103.0,1.5089006953564064,1.0,0.007849344272885847,0.008356319861059721,0.006493954194360011,FULL,30.0
WHIL,CA12,75.0,9.5875,0.10793782160299528,0.15295794719892356,113.0,1.4170931461032836,1.0,0.008258500764476604,0.00878435984561508,0.006411239819514675,FULL,31.0
WHIL,CA7,75.0,9.5875,0.10793782160299528,0.15295794719892356,113.0,1.4170931461032836,1.0,0.008258500764476604,0.00878435984561508,0.006411239819514675,FULL,31.0
WHIL,APP,65.0,8.487499999999999,0.09560130507303073,0.1529061329499697,94.0,1.599414702897238,1.0,0.007310980468161164,0.0077803707078763565,0.006409068022741806,FULL,33.0
WHIL,CA1,76.0,9.65,0.10903431283106545,0.15075160089289308,117.0,1.3826069700321142,1.0,0.008312337144949071,0.008873596161226079,0.006318760706451884,FULL,34.0
WHIL,CA2,76.0,9.65,0.10903431283106545,0.15075160089289308,117.0,1.3826069700321142,1.0,0.008312337144949071,0.008873596161226079,0.006318760706451884,FULL,34.0
WHIL,GAA,69.0,8.0125,0.10224926627005906,0.14948267190759432,108.0,1.4619437122686354,1.0,0.006901823976570407,0.008321405189831868,0.006265573486123256,FULL,36.0
WHIL,CA14,66.0,8.675,0.09321519977386555,0.14430844636842866,99.0,1.5481214085096875,1.0,0.00747248960957857,0.007586181059928021,0.006048695570203618,FULL,37.0
WHIL,RORC,73.0,8.9375,0.0993100285707134,0.14248930633431028,111.0,1.4347927232026845,1.0,0.007698602407562935,0.008082199680220826,0.005972446226919445,FULL,38.0
WHIL,CA3,65.0,8.6125,0.08992572608965503,0.14103268485967782,97.0,1.568324115827207,1.0,0.007418653229106102,0.007318472113095018,0.005911391866743059,FULL,39.0
WHIL,CA5A,65.0,8.6125,0.08992572608965503,0.14103268485967782,97.0,1.568324115827207,1.0,0.007418653229106102,0.007318472113095018,0.005911391866743059,FULL,39.0
WHIL,CA5B,65.0,8.6125,0.08992572608965503,0.14103268485967782,97.0,1.568324115827207,1.0,0.007418653229106102,0.007318472113095018,0.005911391866743059,FULL,39.0
WHIL,POLB,68.0,8.049999999999999,0.09713305956010236,0.1402369613948582,110.0,1.443761393185445,1.0,0.006934125804853888,0.007905030279560722,0.005878039078892558,FULL,42.0
WHIL,CA6,66.0,8.65,0.09029337314847856,0.1388866550810375,100.0,1.5381710776565196,1.0,0.007450955057389582,0.007348392524799883,0.005821440923868612,FULL,43.0
WHIL,CA4,72.0,9.125,0.0955493450697819,0.13709350501290538,111.0,1.4347927232026845,1.0,0.00786011154898034,0.007776142019921213,0.005746280951276778,FULL,44.0
WHIL,CYP19A1,73.0,8.9375,0.09792050662541614,0.13705947054439327,115.0,1.3997014033914144,1.0,0.007698602407562935,0.007969115493421455,0.005744854394868585,FULL,45.0
WHIL,DUSP3,57.0,7.2375,0.07491961851047234,0.13654536911863413,75.0,1.8225582542114478,1.0,0.006234252858711803,0.006097222259244951,0.005723305808525374,FULL,46.0
WHIL,ESR1,72.0,9.049999999999999,0.09851052057819071,0.1362013323728985,117.0,1.3826069700321142,1.0,0.007795507892413377,0.00801713290565133,0.005708885491542641,FULL,47.0
WHIL,NFKB1,68.0,8.575,0.08814478858329082,0.13385337987999654,102.0,1.518562606268143,1.0,0.007386351400822619,0.007173533150216954,0.005610470948248301,FULL,48.0
WHIL,APEX1,62.0,8.025,0.08125091049454158,0.13256110564230197,91.0,1.6315030174487386,1.0,0.006912591252664901,0.006612485086025765,0.005556305210526511,FULL,49.0
WHIL,PTGS2,63.0,8.1875,0.08011466393161507,0.1324681486716806,89.0,1.6534819241675138,1.0,0.007052565841893318,0.006520013341331847,0.005552408914567635,FULL,50.0
WHIL,TYR,54.0,7.275,0.07329807541433056,0.13168605920289123,77.0,1.7965827678081872,1.0,0.006266554686995284,0.005965255374513169,0.005519627596325931,FULL,51.0
WHIL,ACHE,66.0,8.15,0.08190922282180818,0.13014911925002173,95.0,1.5889434030299427,1.0,0.007020264013609837,0.006666060860370961,0.005455206683215578,FULL,52.0
WHIL,ALOX5,69.0,8.5875,0.08726875054735676,0.13001756620851643,105.0,1.4898525003857117,1.0,0.007397118676917114,0.0071022380913413445,0.005449692631062536,FULL,53.0
WHIL,BACE1,64.0,8.05,0.08227326111573618,0.12987497521194663,96.0,1.578580615994396,1.0,0.006934125804853889,0.006695687578086363,0.005443715922484435,FULL,54.0
WHIL,HCAR2,43.0,6.2625,0.06474070219721237,0.1291194074791779,63.0,1.9944085111381071,1.0,0.005394405323341301,0.005268826221543225,0.005412046264102008,FULL,55.0
WHIL,CYP2C9,69.0,8.2875,0.08701217881413487,0.12881829040390902,106.0,1.4804627600358728,1.0,0.007138704050649267,0.007081357380601006,0.005399424927200898,FULL,56.0
WHIL,EGFR,68.0,8.675,0.08166155179393064,0.12807178101429395,97.0,1.568324115827207,1.0,0.00747248960957857,0.006645904520360581,0.0053681349497137045,FULL,57.0
WHIL,TERT,49.0,6.7625,0.06619307267303659,0.1280030975198168,67.0,1.9337838893216723,1.0,0.005825096367121046,0.0053870252429734766,0.005365256077691693,FULL,58.0
WHIL,CXCL8,64.0,7.25,0.07795576303672168,0.1246835935765057,94.0,1.599414702897238,1.0,0.006245020134806297,0.006344314387525671,0.005226118907952389,FULL,59.0
WHIL,CYP2D6,68.0,8.25,0.083360514149143,0.12419487043853919,105.0,1.4898525003857117,1.0,0.007106402222365786,0.006784172056898718,0.005205634053780188,FULL,60.0
WHIL,CYP2C19,70.0,8.15,0.08285858489648422,0.12344706988644878,105.0,1.4898525003857117,1.0,0.007020264013609837,0.006743323287608075,0.005174289957154846,FULL,61.0
WHIL,PPARA,68.0,8.375,0.0796167636666415,0.12167979521116543,101.0,1.5283187812135077,1.0,0.007214074983310722,0.006479492465240407,0.005100214552916705,FULL,62.0
WHIL,AR,51.0,6.0125,0.06330946949346328,0.11880816329066621,71.0,1.8766254754817235,1.0,0.005179059801451429,0.005152347466405964,0.0049798499608648085,FULL,63.0
WHIL,SLCO1B1,51.0,7.0875,0.06687935757105906,0.1168096365343549,81.0,1.746572347233526,1.0,0.0061050455455778805,0.005442877523585681,0.004896081614367813,FULL,64.0
WHIL,SLCO2B1,51.0,7.0875,0.06687935757105906,0.1168096365343549,81.0,1.746572347233526,1.0,0.0061050455455778805,0.005442877523585681,0.004896081614367813,FULL,64.0
WHIL,PPARD,65.0,8.0375,0.07490270640194457,0.11671128069184179,98.0,1.558171744363189,1.0,0.006923358528759394,0.006095845892325093,0.004891959024430188,FULL,66.0
WHIL,PPARG,67.0,8.3375,0.0771167636666415,0.11636153832023101,103.0,1.5089006953564064,1.0,0.007181773155027242,0.006276033665647324,0.004877299555860527,FULL,67.0
WHIL,SLCO1B3,51.0,7.0875,0.06687935757105906,0.11599896772906448,82.0,1.734450986701181,1.0,0.0061050455455778805,0.005442877523585681,0.00486210239184231,FULL,68.0
WHIL,HIF1A,64.0,8.275,0.07520396395391139,0.11493563053246644,101.0,1.5283187812135077,1.0,0.007127936774554774,0.006120363292281701,0.0048175325613677,FULL,69.0
WHIL,ESR2,32.0,4.3,0.048156029158950814,0.1140865430941948,43.0,2.369101960579518,1.0,0.0037039429765058037,0.003919107154339843,0.00478194301996638,FULL,70.0
WHIL,IDO1,28.0,4.075,0.04983090806582677,0.11371864606875666,47.0,2.2820905835898877,1.0,0.0035101320068049186,0.004055414695082545,0.004766522598195797,FULL,71.0
WHIL,MMP9,63.0,7.4375,0.06973869798394752,0.11302495698063497,92.0,1.620692101344523,1.0,0.006406529276223701,0.005675580710799392,0.00473744658622275,FULL,72.0
WHIL,MMP2,60.0,7.25,0.06727884916976601,0.11199608778667038,88.0,1.6646552247656392,1.0,0.006245020134806297,0.005475389556033857,0.004694321483760182,FULL,73.0
WHIL,CYP2A6,44.0,4.95,0.05728800673462938,0.111631351209011,66.0,1.948598975106813,1.0,0.004263841333419472,0.0046622996325232455,0.004679033532312441,FULL,74.0
WHIL,F3,42.0,5.775,0.0544939162363347,0.11129934071590639,60.0,2.042417730324468,1.0,0.004974481555656051,0.004434906713028256,0.004665117296295486,FULL,75.0
WHIL,MAOA,27.0,2.7625,0.04458649008716667,0.11100831966263772,38.0,2.4897299483681326,1.0,0.002379568016883089,0.0036286055004815195,0.0046529191346490915,FULL,76.0
WHIL,GSK3B,60.0,7.5249999999999995,0.0647524371176742,0.10926219241293902,86.0,1.6873834758431951,1.0,0.006481900208885156,0.005269781250675418,0.004579730125786094,FULL,77.0
WHIL,FABP4,50.0,6.15,0.05888735987607714,0.10889606647405578,73.0,1.849226501293609,1.0,0.005297499838490859,0.004792460620637,0.0045643839391948686,FULL,78.0
WHIL,ABCB1,21.0,3.2125,0.038786103380159476,0.1080579197390219,28.0,2.7859957645113047,1.0,0.0027671899562848592,0.003156549613848177,0.004529252977903547,FULL,79.0
WHIL,CYP1A1,57.0,7.4125,0.06100296737671537,0.10805241855965628,79.0,1.7712649598238974,1.0,0.006384994724034714,0.00496463620563299,0.0045290223957020394,FULL,80.0
WHIL,GBA,62.0,7.875,0.06854477076484865,0.10750041700435985,97.0,1.568324115827207,1.0,0.006783383939530978,0.005578414711279646,0.0045058852235801625,FULL,81.0
WHIL,MMP1,46.0,6.0,0.055538507090450696,0.10739947024849102,67.0,1.9337838893216723,1.0,0.005168292525356936,0.004519919193525998,0.004501654035382825,FULL,82.0
WHIL,CYP1B1,56.0,7.35,0.05994364534281706,0.10693009661929537,78.0,1.7838437420307574,1.0,0.006331158343562245,0.00487842484987321,0.0044819802168148,FULL,83.0
WHIL,SYK,52.0,7.0,0.05501426913413113,0.10479097917930867,69.0,1.90479635244842,1.0,0.006029674612916425,0.004477254863408434,0.004392319004952265,FULL,84.0
WHIL,DPP4,53.0,6.8125,0.05982726613620105,0.10376746078156805,82.0,1.734450986701181,1.0,0.00586816547149902,0.004868953500402934,0.004349418181374485,FULL,85.0
WHIL,AMY1A,60.0,7.5249999999999995,0.059474126532475365,0.10244268394575332,83.0,1.7224747956544653,1.0,0.006481900208885156,0.0048402137564578125,0.004293890095666717,FULL,86.0
WHIL,HTR7,40.0,5.4,0.048821503101425114,0.10217601363219446,57.0,2.0928485839513593,1.0,0.004651463272821242,0.003973265766138361,0.004282712596463308,FULL,87.0
WHIL,AKR1C2,32.0,4.075,0.04352806870444422,0.10214423289442527,44.0,2.3466291047274592,1.0,0.0035101320068049186,0.0035424674428845755,0.00428138050528916,FULL,88.0
WHIL,AKR1C4,32.0,4.075,0.04352806870444422,0.10214423289442527,44.0,2.3466291047274592,1.0,0.0035101320068049186,0.0035424674428845755,0.00428138050528916,FULL,88.0
WHIL,DAPK1,56.0,7.325,0.058659575520068834,0.10174215864025582,82.0,1.734450986701181,1.0,0.006309623791373259,0.004773922727981187,0.00426452754330883,FULL,90.0
WHIL,TTR,45.0,6.2125,0.05137602569474877,0.1016682394282091,64.0,1.9789043246021418,1.0,0.0053513362189633274,0.004181161806286777,0.004261429215929444,FULL,91.0
WHIL,HSD17B1,52.0,6.875,0.05360896007323957,0.10135372807512244,70.0,1.8906117174564634,1.0,0.005922001851971489,0.004362885865573923,0.004248246457220109,FULL,92.0
WHIL,HSD17B2,52.0,6.875,0.05360896007323957,0.10135372807512244,70.0,1.8906117174564634,1.0,0.005922001851971489,0.004362885865573923,0.004248246457220109,FULL,92.0
WHIL,AKR1C3,32.0,4.075,0.04352806870444422,0.10118753353272186,45.0,2.324650198008684,1.0,0.0035101320068049186,0.0035424674428845755,0.004241280404866916,FULL,94.0
WHIL,MMP3,57.0,6.8875,0.058858573579214826,0.10068585020218515,84.0,1.7106403380074624,1.0,0.005932769128065982,0.0047901178904752656,0.004220252323590821,FULL,95.0
WHIL,ADORA3,53.0,6.6875,0.054615925049031164,0.10026410532094207,74.0,1.8358034809614685,1.0,0.005760492710554084,0.004444836219656656,0.0042025748663169875,FULL,96.0
WHIL,ALOX12,55.0,7.3625,0.0564560416455686,0.09999860833715435,79.0,1.7712649598238974,1.0,0.006341925619656739,0.0045945913851937826,0.0041914465472881815,FULL,97.0
WHIL,SOAT1,37.0,4.8125,0.0457957192720087,0.09997204055947187,52.0,2.182999680945657,1.0,0.004145401296380042,0.003727016827833872,0.004190332957590404,FULL,98.0
WHIL,HKDC1,6.0,0.4,0.02446670610640799,0.09967369196387128,7.0,4.073850052817943,1.0,0.0003445528350237957,0.0019911866617626037,0.004177827661649663,FULL,99.0
WHIL,PTGS1,51.0,5.8375,0.05306073978167761,0.09957513602220275,71.0,1.8766254754817235,1.0,0.0050283179361285185,0.0043182697686004155,0.004173696684546177,FULL,100.0
PDOL,UGT1A1,61.0,9.530303030303028,0.5211341486702581,0.7571095428499608,109.0,1.4528112287053627,1.0,0.00999523279834737,0.04348274818234772,0.03295402796499712,LOPO,1.0
PDOL,CYP3A4,69.0,9.469696969696967,0.3293246147377443,0.4110026571349716,134.0,1.2480168160593494,1.0,0.009931670109645638,0.02747841286054505,0.01788934399892788,LOPO,2.0
PDOL,EHMT2,70.0,9.515151515151512,0.3160130469977006,0.38516228290322485,138.0,1.2188176613670871,1.0,0.009979342126171938,0.02636771315025063,0.016764613207854325,LOPO,3.0
PDOL,CXCL8,49.0,7.469696969696967,0.22771702105570754,0.3642139515764586,94.0,1.599414702897238,1.0,0.00783410138248848,0.019000408836506576,0.015852813980276652,LOPO,4.0
PDOL,AR,38.0,5.787878787878786,0.1755834503815497,0.3295043760589973,71.0,1.8766254754817235,1.0,0.006070236771015414,0.014650452244225391,0.014342041420271718,LOPO,5.0
PDOL,GABRR1,7.0,1.2878787878787876,0.09622742334893701,0.3194825753568384,16.0,3.3200782504415627,1.0,0.001350707134911807,0.008029089685246326,0.013905831490391042,LOPO,6.0
PDOL,THRB,51.0,7.318181818181816,0.20935422612780377,0.3138913323680913,104.0,1.4993312443402556,1.0,0.0076751946607341495,0.017468241370967197,0.013662466472012481,LOPO,7.0
PDOL,MAPT,71.0,9.318181818181815,0.2283065514492239,0.283245488578705,135.0,1.240636708761727,1.0,0.009772763387891308,0.019049598477432088,0.012328572317878822,LOPO,8.0
PDOL,UBE2N,10.0,2.03030303030303,0.07853736704401704,0.2705801878683485,14.0,3.445241393395569,1.0,0.002129350071508025,0.006553054645897757,0.011777301134288815,LOPO,9.0
PDOL,ALOX15,62.0,8.848484848484846,0.19195201768927847,0.2670278416226065,116.0,1.391117659700023,1.0,0.009280152550452885,0.0160162239791307,0.011622681345608206,LOPO,10.0
PDOL,KDM4E,69.0,9.227272727272723,0.2000552888229613,0.2526583198576333,132.0,1.2629424662760251,1.0,0.009677419354838708,0.01669235026841397,0.010997232060813756,LOPO,11.0
PDOL,KMT2A,52.0,7.393939393939392,0.1618196842910027,0.2489063581719294,100.0,1.5381710776565196,1.0,0.007754648021611315,0.013502021698111483,0.010833923789927535,LOPO,12.0
PDOL,TRPV1,25.0,4.136363636363635,0.09393363217777263,0.2363093489774396,37.0,2.515705434771393,1.0,0.0043381535038932145,0.007837698765781284,0.01028562506989303,LOPO,13.0
PDOL,PTPN1,49.0,6.560606060606058,0.14371894927456474,0.2360486139394486,90.0,1.6424320879809289,1.0,0.006880661051962497,0.01199172016703069,0.010274276289766621,LOPO,14.0
PDOL,DRD1,38.0,5.666666666666665,0.12845794245959366,0.23582353792447008,74.0,1.8358034809614685,1.0,0.00594311139361195,0.010718361823430068,0.010264479607949704,LOPO,15.0
PDOL,GSK3B,49.0,7.681818181818179,0.13287344909269566,0.22420846237730663,86.0,1.6873834758431951,1.0,0.00805657079294454,0.011086785891425938,0.009758920633014643,LOPO,16.0
PDOL,POLB,59.0,7.9545454545454515,0.14727697104606274,0.212632804901596,110.0,1.443761393185445,1.0,0.008342602892102336,0.012288596825588046,0.009255077373118774,LOPO,17.0
PDOL,SLCO1B1,49.0,6.318181818181816,0.1160481531550074,0.20268649524805696,81.0,1.746572347233526,1.0,0.006626410297155569,0.009682905320139684,0.00882215327439796,LOPO,18.0
PDOL,SLCO2B1,49.0,6.318181818181816,0.1160481531550074,0.20268649524805696,81.0,1.746572347233526,1.0,0.006626410297155569,0.009682905320139684,0.00882215327439796,LOPO,18.0
PDOL,SLCO1B3,49.0,6.318181818181816,0.1160481531550074,0.20127983374455236,82.0,1.734450986701181,1.0,0.006626410297155569,0.009682905320139684,0.008760926780871961,LOPO,20.0
PDOL,CYP1A2,48.0,5.969696969696967,0.11506072273729177,0.19415156226548155,86.0,1.6873834758431951,1.0,0.00626092483712061,0.009600515424350517,0.00845066090206776,LOPO,21.0
PDOL,GAA,55.0,7.499999999999997,0.132162111851778,0.19321356842185097,108.0,1.4619437122686354,1.0,0.007865882726839345,0.011027432847303857,0.008409833685390973,LOPO,22.0
PDOL,PPARA,57.0,8.166666666666664,0.12438973130648782,0.19010716254580717,101.0,1.5283187812135077,1.0,0.008565072302558398,0.01037891563366397,0.008274623943185854,LOPO,23.0
PDOL,RORC,61.0,8.530303030303028,0.12819060817224967,0.1839269517884704,111.0,1.4347927232026845,1.0,0.008946448434768791,0.010696055801982908,0.008005623453031931,LOPO,24.0
PDOL,ALOX5,55.0,7.712121212121209,0.10621385893568075,0.15824298331093922,105.0,1.4898525003857117,1.0,0.008088352137295408,0.008862344740524566,0.006887700394930418,LOPO,25.0
PDOL,EGLN1,13.0,1.0151515151515145,0.0521273086991656,0.1550911373852536,23.0,2.975237764149833,1.0,0.0010646750357540121,0.004349434101321025,0.006750512824443026,LOPO,26.0
PDOL,PPARD,55.0,7.681818181818179,0.09475758898777834,0.14764859772473668,98.0,1.558171744363189,1.0,0.00805657079294454,0.00790644863867683,0.006426568076395016,LOPO,27.0
PDOL,RXRA,3.0,0.7424242424242423,0.036223549362235485,0.14756930848259642,7.0,4.073850052817943,1.0,0.0007786429365962182,0.003022445332373632,0.006423116924672667,LOPO,28.0
PDOL,PPARG,57.0,7.984848484848482,0.09697691703235968,0.14632853754364805,103.0,1.5089006953564064,1.0,0.008374384236453201,0.008091626452763264,0.00636911100095079,LOPO,29.0
PDOL,CYP19A1,62.0,8.27272727272727,0.10273068087001117,0.14379227818511015,115.0,1.3997014033914144,1.0,0.008676307007786429,0.008571712942377673,0.006258717514807256,LOPO,30.0
PDOL,ESR1,62.0,8.27272727272727,0.10199266183319533,0.14101576514270425,117.0,1.3826069700321142,1.0,0.008676307007786429,0.008510133604286844,0.006137866722067011,LOPO,31.0
PDOL,AKR1B1,59.0,7.893939393939391,0.09814261353748244,0.1390772249846297,113.0,1.4170931461032836,1.0,0.008279040203400603,0.008188890636502962,0.006053489623424208,LOPO,32.0
PDOL,FABP4,42.0,5.787878787878785,0.07283610601811899,0.13469045749973654,73.0,1.849226501293609,1.0,0.0060702367710154135,0.006077348921865809,0.005862550729920183,LOPO,33.0
PDOL,MAPK1,59.0,7.712121212121209,0.09816352238402393,0.13325708460013297,120.0,1.3575010489010377,1.0,0.008088352137295408,0.008190635243167613,0.005800161593415578,LOPO,34.0
PDOL,CNR1,7.0,0.833333333333333,0.03937748415309753,0.13073632869380641,16.0,3.3200782504415627,1.0,0.0008739869696488161,0.0032856055045568117,0.0056904429121302745,LOPO,35.0
PDOL,CNR2,7.0,0.833333333333333,0.03937748415309753,0.13073632869380641,16.0,3.3200782504415627,1.0,0.0008739869696488161,0.0032856055045568117,0.0056904429121302745,LOPO,35.0
PDOL,NFKB1,55.0,7.075757575757573,0.0843638247336466,0.12811174956227522,102.0,1.518562606268143,1.0,0.00742094390592722,0.0070392066149439665,0.005576205210448093,LOPO,37.0
PDOL,CA9,55.0,7.8030303030303,0.08475006451231887,0.12787943127413823,103.0,1.5089006953564064,1.0,0.008183696170348006,0.00707143395425164,0.005566093300703529,LOPO,38.0
PDOL,TERT,39.0,5.439393939393938,0.06464601837979535,0.12501142885164096,67.0,1.9337838893216723,1.0,0.005704751310980455,0.005393978777580903,0.005441260331779527,LOPO,39.0
PDOL,HSD17B1,38.0,5.333333333333331,0.06583480964396325,0.12446806252939271,70.0,1.8906117174564634,1.0,0.005593516605752423,0.005493169957650539,0.005417609713255815,LOPO,40.0
PDOL,HSD17B2,38.0,5.333333333333331,0.06583480964396325,0.12446806252939271,70.0,1.8906117174564634,1.0,0.005593516605752423,0.005493169957650539,0.005417609713255815,LOPO,40.0
PDOL,CA12,58.0,7.999999999999997,0.08668262289135133,0.12283735078558956,113.0,1.4170931461032836,1.0,0.008390274908628636,0.007232684084486965,0.005346631185887302,LOPO,42.0
PDOL,CA7,58.0,7.999999999999997,0.08668262289135133,0.12283735078558956,113.0,1.4170931461032836,1.0,0.008390274908628636,0.007232684084486965,0.005346631185887302,LOPO,42.0
PDOL,TOP2A,42.0,5.696969696969695,0.07033191793879162,0.1211449559796067,83.0,1.7224747956544653,1.0,0.005974892737962816,0.005868402761011692,0.005272967835199319,LOPO,44.0
PDOL,CA1,59.0,8.045454545454543,0.08748007105722054,0.12095055598261774,117.0,1.3826069700321142,1.0,0.008437946925154935,0.0072992221109690995,0.005264506360901882,LOPO,45.0
PDOL,CA2,59.0,8.045454545454543,0.08748007105722054,0.12095055598261774,117.0,1.3826069700321142,1.0,0.008437946925154935,0.0072992221109690995,0.005264506360901882,LOPO,45.0
PDOL,FDPS,2.0,0.0909090909090908,0.02525252525252522,0.12037871801459299,3.0,4.7669972333778885,1.0,9.534403305259804e-05,0.0021070375052675916,0.005239616482590747,LOPO,47.0
PDOL,CA3,50.0,7.2424242424242395,0.07670627559989211,0.12030030185859887,97.0,1.568324115827207,1.0,0.0075957412998569835,0.006400270783303263,0.005236203332905946,LOPO,48.0
PDOL,CA5A,50.0,7.2424242424242395,0.07670627559989211,0.12030030185859887,97.0,1.568324115827207,1.0,0.0075957412998569835,0.006400270783303263,0.005236203332905946,LOPO,48.0
PDOL,CA5B,50.0,7.2424242424242395,0.07670627559989211,0.12030030185859887,97.0,1.568324115827207,1.0,0.0075957412998569835,0.006400270783303263,0.005236203332905946,LOPO,48.0
PDOL,CA14,51.0,7.287878787878785,0.07722280452551195,0.11955027691110384,99.0,1.5481214085096875,1.0,0.007643413316383283,0.006443369277729191,0.005203557669768274,LOPO,51.0
PDOL,F3,35.0,4.924242424242422,0.05840661782732895,0.1192907118188218,60.0,2.042417730324468,1.0,0.005164468457015731,0.0048733713989933146,0.0051922598128193295,LOPO,52.0
PDOL,BACE1,51.0,6.924242424242421,0.07549739285214992,0.11917872091451773,96.0,1.578580615994396,1.0,0.0072620371841728894,0.006299403196260298,0.0051873852851804765,LOPO,53.0
PDOL,CA6,51.0,7.287878787878785,0.07722280452551195,0.11878188445666547,100.0,1.5381710776565196,1.0,0.007643413316383283,0.006443369277729191,0.005170112540631032,LOPO,54.0
PDOL,CA4,56.0,7.818181818181816,0.08277603565143075,0.11876645360823883,111.0,1.4347927232026845,1.0,0.008199586842523438,0.006906723581535312,0.005169440895932616,LOPO,55.0
PDOL,FABP3,40.0,5.5757575757575735,0.06249742509120276,0.11815836418828553,70.0,1.8906117174564634,1.0,0.005847767360559351,0.005214702978532723,0.0051429731331899525,LOPO,56.0
PDOL,IDH1,52.0,6.787878787878785,0.074046643874403,0.11612913728429516,97.0,1.568324115827207,1.0,0.007119021134593993,0.00617835460898938,0.005054648793901212,LOPO,57.0
PDOL,APEX1,46.0,6.393939393939392,0.06944737215255607,0.11330359722078075,91.0,1.6315030174487386,1.0,0.0067058636580327345,0.005794597423601394,0.004931664045989078,LOPO,58.0
PDOL,HTR7,30.0,4.303030303030302,0.052689676730733215,0.11027151533476989,57.0,2.0928485839513593,1.0,0.004512950897822978,0.004396357350478374,0.004799689337431528,LOPO,59.0
PDOL,XDH,42.0,6.515151515151513,0.05935399575882972,0.1097589819148964,73.0,1.849226501293609,1.0,0.006832989035436199,0.004952419367993379,0.004777380754993209,LOPO,60.0
PDOL,FABP2,33.0,4.863636363636362,0.05449932015398865,0.10869390796635554,63.0,1.9944085111381071,1.0,0.005100905768314,0.004547351618411191,0.004731022236577386,LOPO,61.0
PDOL,FABP5,33.0,4.863636363636362,0.05449932015398865,0.10869390796635554,63.0,1.9944085111381071,1.0,0.005100905768314,0.004547351618411191,0.004731022236577386,LOPO,61.0
PDOL,TLR2,33.0,4.863636363636362,0.05449932015398865,0.10869390796635554,63.0,1.9944085111381071,1.0,0.005100905768314,0.004547351618411191,0.004731022236577386,LOPO,61.0
PDOL,KCNH2,28.0,3.878787878787877,0.04597705761013412,0.10789110153767184,44.0,2.3466291047274592,1.0,0.004068012076910853,0.0038362652367494978,0.004696079201251565,LOPO,64.0
PDOL,SOAT1,30.0,3.9393939393939377,0.049093692680440004,0.10717151545784466,52.0,2.182999680945657,1.0,0.004131574765612585,0.004096313169290823,0.004664758423404036,LOPO,65.0
PDOL,CYP2C9,54.0,6.848484848484846,0.07161391092846445,0.10602172823011763,106.0,1.4804627600358728,1.0,0.007182583823295725,0.005975370570516631,0.00461471266607058,LOPO,66.0
PDOL,AKR1B10,43.0,5.71212121212121,0.06259641979705867,0.10490876897099227,87.0,1.6759547800195724,1.0,0.005990783410138249,0.005222962966631952,0.004566269886692765,LOPO,67.0
PDOL,MMP3,46.0,6.424242424242422,0.06119785214398679,0.10468751447692028,84.0,1.7106403380074624,1.0,0.006737645002383601,0.005106268320484361,0.004556639540788546,LOPO,68.0
PDOL,AKT1,39.0,6.015151515151513,0.05387493392144796,0.10418247925556573,67.0,1.9337838893216723,1.0,0.006308596853646909,0.004495253652105647,0.004534657325711481,LOPO,69.0
PDOL,HKDC1,1.0,0.0757575757575757,0.025252525252525235,0.10287500133378637,7.0,4.073850052817943,1.0,7.945336087716508e-05,0.002107037505267593,0.004477747906982265,LOPO,70.0
PDOL,MMP9,47.0,6.651515151515149,0.06340438347673172,0.10275898349135829,92.0,1.620692101344523,1.0,0.006976005085015095,0.00529037839376017,0.004472698102419742,LOPO,71.0
PDOL,MMP2,46.0,6.424242424242422,0.06119785214398679,0.10187332431592269,88.0,1.6646552247656392,1.0,0.006737645002383601,0.005106268320484361,0.004434148809902708,LOPO,72.0
PDOL,NR1H4,25.0,2.9848484848484835,0.04074770795227548,0.09941297880399183,40.0,2.4397195277934713,1.0,0.003130462418560305,0.003399935176801748,0.004327059557667788,LOPO,73.0
PDOL,AMY1A,45.0,6.318181818181816,0.057660024710607355,0.09931793928083484,83.0,1.7224747956544653,1.0,0.006626410297155569,0.004811076650948276,0.004322922857591197,LOPO,74.0
PDOL,CYP2C19,54.0,6.727272727272724,0.06626529400614334,0.09872551396384696,105.0,1.4898525003857117,1.0,0.00705545844589226,0.005529089006833706,0.004297136892208034,LOPO,75.0
PDOL,EGFR,49.0,6.8030303030303,0.0623525304025174,0.09778897711311714,97.0,1.568324115827207,1.0,0.007134911806769425,0.005202613156215107,0.004256373092754357,LOPO,76.0
PDOL,GBA,51.0,6.0757575757575735,0.06221725199962046,0.09757681673150327,97.0,1.568324115827207,1.0,0.006372159542348641,0.005191325704140267,0.004247138578125933,LOPO,77.0
PDOL,APP,48.0,6.545454545454543,0.06077409870154196,0.09720298701857417,94.0,1.599414702897238,1.0,0.006864770379787065,0.005070910890394148,0.004230867227526336,LOPO,78.0
PDOL,MAPK14,33.0,4.893939393939393,0.04536014261565895,0.09652365751222446,55.0,2.1279399037626296,1.0,0.0051326871126648665,0.003784790660725021,0.004201298661443511,LOPO,79.0
PDOL,DAPK1,46.0,5.787878787878785,0.055559073527031336,0.09636448989916296,82.0,1.734450986701181,1.0,0.0060702367710154135,0.004635776046503249,0.004194370715518796,LOPO,80.0
PDOL,DUSP3,40.0,5.545454545454543,0.052806935099214455,0.09624371544468154,75.0,1.8225582542114478,1.0,0.0058159860162084855,0.004406141234574153,0.004189113874169978,LOPO,81.0
PDOL,CA13,29.0,4.227272727272726,0.04406957324404079,0.0962038643311523,52.0,2.182999680945657,1.0,0.004433497536945813,0.0036771072491867166,0.004187379310496754,LOPO,82.0
PDOL,MAP2K1,34.0,4.939393939393938,0.04587667154127878,0.09522869136715806,58.0,2.0757541505920596,1.0,0.0051803591291911645,0.0038278891551509486,0.004144933831596558,LOPO,83.0
PDOL,PRKCA,34.0,4.909090909090907,0.045920247432548446,0.09378832753712357,60.0,2.042417730324468,1.0,0.005148577784840298,0.0038315250702252823,0.004082240407133761,LOPO,84.0
PDOL,MGLL,14.0,1.8484848484848477,0.032264881930084595,0.09341312666177232,25.0,2.8951950564762967,1.0,0.0019386620054028284,0.0026921393266568696,0.00406590937517731,LOPO,85.0
PDOL,HIF1A,54.0,6.696969696969694,0.061061937797349974,0.09332210635298092,101.0,1.5283187812135077,1.0,0.007023677101541394,0.005094927806099999,0.004061947615839284,LOPO,86.0
PDOL,PTGS2,46.0,5.9090909090909065,0.05621640688778397,0.09295281263059692,89.0,1.6534819241675138,1.0,0.0061973621484188775,0.004690623077868196,0.004045873699231484,LOPO,87.0
PDOL,MMP1,35.0,4.621212121212119,0.04761349309008392,0.09207420585193304,67.0,1.9337838893216723,1.0,0.004846655013507071,0.0039728072616252086,0.004007631370062924,LOPO,88.0
PDOL,CTSL,20.0,3.424242424242423,0.037325219287297054,0.091984723554104,39.0,2.4644121403838426,1.0,0.0035912919116478626,0.0031143672224546227,0.004003736554348503,LOPO,89.0
PDOL,PTPN6,21.0,2.469696969696969,0.036713790699609915,0.09140742422293821,38.0,2.4897299483681326,1.0,0.0025901795645955823,0.0030633504249990584,0.0039786089641826216,LOPO,90.0
PDOL,DPP4,47.0,6.136363636363634,0.05211752808642014,0.09039529801391792,82.0,1.734450986701181,1.0,0.006435722231050373,0.004348618019853009,0.0039345550545322305,LOPO,91.0
PDOL,TOP1,24.0,3.1515151515151505,0.04049939688266912,0.08996803164720335,50.0,2.221465961773453,1.0,0.0033052598124900683,0.0033792164276310525,0.0039159578146345355,LOPO,92.0
PDOL,PTPRF,19.0,2.227272727272726,0.03410323759644598,0.08763756745783907,35.0,2.569772656041669,1.0,0.002335928809788654,0.002845529306403837,0.0038145217902269633,LOPO,93.0
PDOL,CYP2D6,52.0,6.575757575757573,0.058771581171780926,0.08756098716039963,105.0,1.4898525003857117,1.0,0.00689655172413793,0.00490382346060372,0.003811188548310757,LOPO,94.0
PDOL,MAPK9,12.0,2.2121212121212115,0.026774469544152964,0.08736294779010248,17.0,3.2629198366016143,1.0,0.002320038137613221,0.0022340265359217398,0.0038025686662757525,LOPO,95.0
PDOL,ADORA3,43.0,5.74242424242424,0.04742577779212174,0.0870644079580822,74.0,1.8358034809614685,1.0,0.006022564754489115,0.003957144543969704,0.0037895743907895014,LOPO,96.0
PDOL,PTPN11,16.0,1.9393939393939386,0.032266365619450295,0.08671765457096398,31.0,2.6875556916980523,1.0,0.0020340060384554264,0.0026922631237468017,0.0037744815671367483,LOPO,97.0
PDOL,HSP90AB1,15.0,2.5909090909090904,0.02949216162623136,0.08654226415647762,24.0,2.9344157696295783,1.0,0.002717304941999047,0.0024607871900521753,0.003766847505885824,LOPO,98.0
PDOL,MET,35.0,4.833333333333331,0.04358479401069902,0.08558470772678131,65.0,1.9636368524713532,1.0,0.005069124423963133,0.0036366579073402482,0.0037251688060724623,LOPO,99.0
PDOL,PTPN2,19.0,2.0151515151515142,0.03321126487013495,0.08534540033583005,35.0,2.569772656041669,1.0,0.0021134593993325916,0.0027711042748785174,0.0037147526879187367,LOPO,100.0
PHOL,UGT1A1,73.0,9.63725490196078,0.6444850138623073,0.9363150648714914,109.0,1.4528112287053627,1.0,0.009309770049626851,0.05172106326825757,0.03914532733087919,LOPO,1.0
PHOL,EHMT2,89.0,10.049019607843132,0.33276517339109224,0.40558007041694427,138.0,1.2188176613670871,1.0,0.009707542523771638,0.026704994245390575,0.01695643401564981,LOPO,2.0
PHOL,CYP3A4,82.0,9.745098039215682,0.26427755514952067,0.3298228329336539,134.0,1.2480168160593494,1.0,0.00941394855476001,0.021208741640638174,0.013789186183987964,LOPO,3.0
PHOL,CXCL8,63.0,7.735294117647055,0.18197644278080197,0.2910557981645526,94.0,1.599414702897238,1.0,0.007472440050005682,0.0146039316787111,0.0121684194969836,LOPO,4.0
PHOL,AR,49.0,6.303921568627448,0.15469731198902117,0.2903089166671414,71.0,1.8766254754817235,1.0,0.006089707163692844,0.012414733141526487,0.012137193981352757,LOPO,5.0
PHOL,KMT2A,70.0,8.686274509803917,0.16843109013169164,0.25907583141872653,100.0,1.5381710776565196,1.0,0.008391105049816267,0.013516893149828917,0.010831405586534757,LOPO,6.0
PHOL,GABRR1,10.0,1.0980392156862742,0.0770304026239197,0.2557469643744325,16.0,3.3200782504415627,1.0,0.0010607265977194379,0.006181826174382229,0.010692232785648818,LOPO,7.0
PHOL,KDM4E,82.0,9.490196078431369,0.19713114499427656,0.24896529443888835,132.0,1.2629424662760251,1.0,0.009167708451717998,0.015820123359100092,0.010408705691578944,LOPO,8.0
PHOL,DRD1,55.0,6.5980392156862715,0.13003923461873396,0.23872647957463689,74.0,1.8358034809614685,1.0,0.00637383035951055,0.010435878781361816,0.009980642773039441,LOPO,9.0
PHOL,THRB,72.0,8.058823529411761,0.1569988309216705,0.23539325252575358,104.0,1.4993312443402556,1.0,0.007784975565405159,0.012599434110157669,0.009841287689700495,LOPO,10.0
PHOL,MAPT,82.0,9.470588235294114,0.1866632132000717,0.2315812344714255,135.0,1.240636708761727,1.0,0.009148766905330152,0.014980053301658003,0.009681915379965872,LOPO,11.0
PHOL,NR1I2,24.0,2.6274509803921555,0.09099079309874973,0.2242388151757132,39.0,2.4644121403838426,1.0,0.0025381672159715115,0.007302172223503128,0.009374944556239276,LOPO,12.0
PHOL,AKR1B1,76.0,9.627450980392153,0.15037963017135325,0.21310194322937126,113.0,1.4170931461032836,1.0,0.009300299276432928,0.012068231532240785,0.008909335794682637,LOPO,13.0
PHOL,TOP2A,58.0,7.8823529411764675,0.1232764024939945,0.2123404961948608,83.0,1.7224747956544653,1.0,0.0076145016479145355,0.009893149531382726,0.00887750132514419,LOPO,14.0
PHOL,ALOX15,76.0,9.156862745098035,0.14994689080479032,0.20859376781565483,116.0,1.391117659700023,1.0,0.008845702163124598,0.012033503432013076,0.008720858636879806,LOPO,15.0
PHOL,PTPN1,63.0,7.264705882352938,0.12465652382438382,0.20473987470532712,90.0,1.6424320879809289,1.0,0.0070178429366973515,0.010003906711319555,0.008559735620747726,LOPO,16.0
PHOL,MGLL,19.0,3.2450980392156854,0.06426857522300011,0.18607006127240497,25.0,2.8951950564762967,1.0,0.003134825927188696,0.005157666933710475,0.00777919071075155,LOPO,17.0
PHOL,AKR1B10,64.0,7.529411764705879,0.11097774783900767,0.18599368696659166,87.0,1.6759547800195724,1.0,0.007273553812933287,0.008906160723508093,0.007775997664614733,LOPO,18.0
PHOL,NR1H4,30.0,3.5882352941176454,0.07079519783365072,0.1727204266287597,40.0,2.4397195277934713,1.0,0.0034663029889760197,0.005681439952031768,0.007221071080427261,LOPO,19.0
PHOL,EGLN1,18.0,1.0980392156862735,0.057429621216769144,0.17086677782495208,23.0,2.975237764149833,1.0,0.0010607265977194372,0.004608828767986196,0.007143573994345984,LOPO,20.0
PHOL,IDH1,66.0,8.2156862745098,0.10818871763796205,0.16967497493203618,97.0,1.568324115827207,1.0,0.007936507936507936,0.008682336112566589,0.00709374726816436,LOPO,21.0
PHOL,PTPN6,29.0,3.970588235294116,0.06791723566994139,0.16909557565782946,38.0,2.4897299483681326,1.0,0.0038356631435390383,0.005450478393653835,0.0070695238255486965,LOPO,22.0
PHOL,SLCO1B1,57.0,7.107843137254899,0.09367801081377132,0.1636154232311762,81.0,1.746572347233526,1.0,0.006866310565594575,0.007517826202206671,0.006840410390752155,LOPO,23.0
PHOL,SLCO2B1,57.0,7.107843137254899,0.09367801081377132,0.1636154232311762,81.0,1.746572347233526,1.0,0.006866310565594575,0.007517826202206671,0.006840410390752155,LOPO,23.0
PHOL,SLCO1B3,57.0,7.107843137254899,0.09367801081377132,0.1624799182881496,82.0,1.734450986701181,1.0,0.006866310565594575,0.007517826202206671,0.006792937361268529,LOPO,25.0
PHOL,ACP1,18.0,2.392156862745097,0.05399960068193897,0.15845727979478186,24.0,2.9344157696295783,1.0,0.0023108686593173466,0.004333563548039164,0.0066247594621141595,LOPO,26.0
PHOL,APEX1,67.0,8.303921568627448,0.09678996208712494,0.15791311520389334,91.0,1.6315030174487386,1.0,0.008021744895253249,0.007767565800855034,0.006602009106137426,LOPO,27.0
PHOL,NOS2,15.0,2.1274509803921564,0.05227670746345732,0.1577605107434206,22.0,3.017797378568629,1.0,0.002055157783081411,0.004195298317287686,0.006595629040514773,LOPO,28.0
PHOL,PTPN11,23.0,2.7941176470588225,0.05727092956167425,0.15391881271231586,31.0,2.6875556916980523,1.0,0.0026991703602682123,0.004596093481739398,0.00643501587452387,LOPO,29.0
PHOL,CYP1A2,58.0,6.803921568627448,0.09078539560902708,0.15318977639855966,86.0,1.6873834758431951,1.0,0.006572716596582945,0.007285688711346001,0.006404536427798316,LOPO,30.0
PHOL,CYP19A1,76.0,8.490196078431369,0.10933669576326023,0.15303872650201544,115.0,1.3997014033914144,1.0,0.008201689585937796,0.008774463389341108,0.006398221355163732,LOPO,31.0
PHOL,RORC,72.0,8.333333333333329,0.10630590611164596,0.15252694052245738,111.0,1.4347927232026845,1.0,0.008050157214835018,0.008531237154514471,0.006376824679573657,LOPO,32.0
PHOL,BACE1,63.0,7.794117647058821,0.09602217122208564,0.1515787381968793,96.0,1.578580615994396,1.0,0.007529264689169224,0.007705949224746452,0.0063371823713344435,LOPO,33.0
PHOL,CA1,78.0,9.156862745098035,0.10953555237709424,0.1514446181828882,117.0,1.3826069700321142,1.0,0.008845702163124598,0.008790421984629124,0.0063315751008266,LOPO,34.0
PHOL,CA2,78.0,9.156862745098035,0.10953555237709424,0.1514446181828882,117.0,1.3826069700321142,1.0,0.008845702163124598,0.008790421984629124,0.0063315751008266,LOPO,34.0
PHOL,CDC25B,24.0,2.8235294117647047,0.05695522828981151,0.15131774111802374,32.0,2.6567840330312986,1.0,0.002727582679849983,0.004570757895799195,0.006326270642507773,LOPO,36.0
PHOL,ALOX5,70.0,8.549019607843134,0.1006380412281091,0.14993583735761867,105.0,1.4898525003857117,1.0,0.008258514225101337,0.0080763809640182,0.006268496206241222,LOPO,37.0
PHOL,PTPRF,26.0,3.0196078431372535,0.058172922224279555,0.1494911848539923,35.0,2.569772656041669,1.0,0.0029169981437284537,0.004668479989674679,0.006249906237483923,LOPO,38.0
PHOL,CA9,70.0,8.37254901960784,0.0985366907963358,0.1486820812607103,103.0,1.5089006953564064,1.0,0.008088040307610714,0.007907743871932538,0.006216079349300766,LOPO,39.0
PHOL,PTPN2,25.0,2.9313725490196068,0.05752886898254491,0.1478361144443476,35.0,2.569772656041669,1.0,0.002831761184983142,0.0046167935768840155,0.006180711288719443,LOPO,40.0
PHOL,TOP1,36.0,3.9999999999999982,0.0662917660624355,0.14726490185354904,50.0,2.221465961773453,1.0,0.003864075463120809,0.005320031580148249,0.006156830113801684,LOPO,41.0
PHOL,CA12,74.0,8.882352941176467,0.10340797342153542,0.14653873038808835,113.0,1.4170931461032836,1.0,0.008580520513694739,0.008298672926039825,0.00612647044024703,LOPO,42.0
PHOL,CA7,74.0,8.882352941176467,0.10340797342153542,0.14653873038808835,113.0,1.4170931461032836,1.0,0.008580520513694739,0.008298672926039825,0.00612647044024703,LOPO,42.0
PHOL,PPARA,68.0,8.117647058823525,0.09539587271334324,0.14579530391805565,101.0,1.5283187812135077,1.0,0.0078418002045687,0.007655687660708902,0.006095389371910418,LOPO,44.0
PHOL,PPARG,69.0,8.147058823529408,0.09585318459186593,0.14463293688279247,103.0,1.5089006953564064,1.0,0.007870212524150471,0.007692387748521108,0.00604679329588739,LOPO,45.0
PHOL,CYP2C9,69.0,8.362745098039213,0.09700676142891866,0.14361489776719838,106.0,1.4804627600358728,1.0,0.00807856953441679,0.007784964331825104,0.0060042312610438745,LOPO,46.0
PHOL,GAA,71.0,7.696078431372546,0.0955013306462615,0.13961756985158993,108.0,1.4619437122686354,1.0,0.007434556957229988,0.0076641508465135144,0.0058371115429318625,LOPO,47.0
PHOL,POLB,71.0,7.774509803921565,0.09569917076968648,0.13816676811713435,110.0,1.443761393185445,1.0,0.007510323142781376,0.007680027866646754,0.005776456629945638,LOPO,48.0
PHOL,FABP4,51.0,6.2647058823529385,0.07460463308170112,0.13796086461396762,73.0,1.849226501293609,1.0,0.00605182407091715,0.005987153874377276,0.005767848245511343,LOPO,49.0
PHOL,GSK3B,61.0,7.068627450980389,0.08166498886589799,0.13780015276723478,86.0,1.6873834758431951,1.0,0.006828427472818881,0.006553759924721949,0.005761129227434697,LOPO,50.0
PHOL,HKDC1,4.0,0.21568627450980368,0.033746805476567804,0.13747942527315263,7.0,4.073850052817943,1.0,0.00020835701026631799,0.0027082408801022166,0.005747720297886414,LOPO,51.0
PHOL,NFKB1,67.0,8.284313725490193,0.0904634015773443,0.1373743388711736,102.0,1.518562606268143,1.0,0.008002803348865401,0.007259848120290418,0.005743326860508517,LOPO,52.0
PHOL,PPARD,66.0,7.980392156862742,0.08798683944829593,0.1370986071041551,98.0,1.558171744363189,1.0,0.007709209379853771,0.0070610996252763085,0.005731799105930584,LOPO,53.0
PHOL,TERT,49.0,6.1078431372549,0.06982612915926471,0.13502864362188033,67.0,1.9337838893216723,1.0,0.005900291699814373,0.005603670475409129,0.005645258366475821,LOPO,54.0
PHOL,PTGS2,62.0,7.803921568627448,0.08053667791935093,0.1331659411721477,89.0,1.6534819241675138,1.0,0.007538735462363147,0.00646321097385822,0.005567382766850793,LOPO,55.0
PHOL,APP,65.0,7.970588235294114,0.08245251065050455,0.13187575782520808,94.0,1.599414702897238,1.0,0.007699738606659848,0.006616959942054655,0.005513442964611541,LOPO,56.0
PHOL,F3,43.0,5.460784313725488,0.06426004184945881,0.131245848824727,60.0,2.042417730324468,1.0,0.005275220669015418,0.005156982115377499,0.005487107818529189,LOPO,57.0
PHOL,MAPK1,75.0,8.343137254901956,0.09536037632449985,0.12945181088410623,120.0,1.3575010489010377,1.0,0.008059627988028941,0.0076528390126663955,0.005412102934954817,LOPO,58.0
PHOL,HIF1A,67.0,8.166666666666663,0.08382338037803243,0.12810884653655077,101.0,1.5283187812135077,1.0,0.007889154070538317,0.0067269746644841154,0.005355956472133593,LOPO,59.0
PHOL,ESR1,76.0,8.470588235294114,0.09166332428816816,0.1267343510571353,117.0,1.3826069700321142,1.0,0.008182748039549948,0.007356144042008778,0.005298491760227118,LOPO,60.0
PHOL,GBA,65.0,7.91176470588235,0.0803910477874076,0.12607921894160876,97.0,1.568324115827207,1.0,0.0076429139674963065,0.006451523897966624,0.005271102089731132,LOPO,61.0
PHOL,ACHE,64.0,7.607843137254899,0.07827164707778353,0.12436921726853203,95.0,1.5889434030299427,1.0,0.007349319998484676,0.006281438239129759,0.00519961058250207,LOPO,62.0
PHOL,UBE2N,12.0,1.7843137254901953,0.03584916194676448,0.12350901665753425,14.0,3.445241393395569,1.0,0.0017236807212940863,0.002876958708552304,0.0051636474374550006,LOPO,63.0
PHOL,DAPK1,56.0,7.33333333333333,0.0711055543314148,0.12332909887005683,82.0,1.734450986701181,1.0,0.0070841383490548165,0.005706346610388917,0.005156125460133811,LOPO,64.0
PHOL,SYK,52.0,6.843137254901958,0.06469760751744077,0.12323576681136066,69.0,1.90479635244842,1.0,0.006610599689358639,0.005192097534837892,0.005152223446671465,LOPO,65.0
PHOL,CA4,73.0,8.245098039215682,0.08578328268829205,0.12308122977360025,111.0,1.4347927232026845,1.0,0.007964920256089705,0.006884260294418405,0.005145762584131882,LOPO,66.0
PHOL,CA14,67.0,7.441176470588232,0.07842481333437268,0.12141113248131835,99.0,1.5481214085096875,1.0,0.007188316854187976,0.00629373010236508,0.005075939393591032,LOPO,67.0
PHOL,CA3,66.0,7.41176470588235,0.07687682571827362,0.12056777972221375,97.0,1.568324115827207,1.0,0.007159904534606205,0.006169501355833133,0.005040680621144515,LOPO,68.0
PHOL,CA5A,66.0,7.41176470588235,0.07687682571827362,0.12056777972221375,97.0,1.568324115827207,1.0,0.007159904534606205,0.006169501355833133,0.005040680621144515,LOPO,68.0
PHOL,CA5B,66.0,7.41176470588235,0.07687682571827362,0.12056777972221375,97.0,1.568324115827207,1.0,0.007159904534606205,0.006169501355833133,0.005040680621144515,LOPO,68.0
PHOL,CA6,67.0,7.460784313725487,0.07764275709082263,0.11942784334661402,100.0,1.5381710776565196,1.0,0.007207258400575823,0.006230968704377586,0.004993022322956872,LOPO,71.0
PHOL,PTPRS,37.0,5.18627450980392,0.051735123389018686,0.11915343864954987,46.0,2.3031439927877204,1.0,0.00501003901958556,0.004151835236569558,0.004981550050331225,LOPO,72.0
PHOL,SOAT1,38.0,4.215686274509802,0.05427683895465792,0.11848632212075705,52.0,2.182999680945657,1.0,0.004072432473387127,0.004355812410208584,0.004953659337186478,LOPO,73.0
PHOL,ESR2,29.0,3.754901960784312,0.04851009137833187,0.1149253525922976,43.0,2.369101960579518,1.0,0.00362730613327272,0.003893020708567941,0.004804782828587353,LOPO,74.0
PHOL,FABP3,50.0,6.019607843137252,0.06018710136313135,0.11379043907687601,70.0,1.8906117174564634,1.0,0.00581505474106906,0.004830121431187569,0.004757334525425089,LOPO,75.0
PHOL,KCNH2,32.0,3.7254901960784297,0.04831758177594842,0.11338344366548965,44.0,2.3466291047274592,1.0,0.0035988938136909494,0.00387757147218469,0.0047403189190350845,LOPO,76.0
PHOL,GPR35,52.0,6.019607843137252,0.05940095888354483,0.11230414889337946,70.0,1.8906117174564634,1.0,0.00581505474106906,0.0047670321055244495,0.004695195916398618,LOPO,77.0
PHOL,TYR,55.0,6.205882352941173,0.06240347907222609,0.11211301515244024,77.0,1.7965827678081872,1.0,0.005994999431753608,0.005007989665906423,0.0046872050240870985,LOPO,78.0
PHOL,DUSP3,56.0,6.039215686274507,0.060936044726643435,0.11105949129554196,75.0,1.8225582542114478,1.0,0.005833996287456907,0.004890225461933621,0.004643159448215868,LOPO,79.0
PHOL,CA13,35.0,4.284313725490194,0.04990067541273946,0.10893315850498303,52.0,2.182999680945657,1.0,0.004138727885744592,0.0040046175390239394,0.0045542620287214635,LOPO,80.0
PHOL,HSD17B1,51.0,6.343137254901958,0.056598341704080894,0.10700548801434016,70.0,1.8906117174564634,1.0,0.006127590256468538,0.004542117115512395,0.004473670254463673,LOPO,81.0
PHOL,HSD17B2,51.0,6.343137254901958,0.056598341704080894,0.10700548801434016,70.0,1.8906117174564634,1.0,0.006127590256468538,0.004542117115512395,0.004473670254463673,LOPO,81.0
PHOL,TRPV1,27.0,3.3627450980392144,0.04247663758631758,0.10685870802671397,37.0,2.515705434771393,1.0,0.0032484752055157782,0.0034088253609790677,0.00446753369757506,LOPO,83.0
PHOL,MMP9,65.0,6.5980392156862715,0.06449220823200354,0.10452201247987435,92.0,1.620692101344523,1.0,0.00637383035951055,0.00517561387857149,0.004369841461825122,LOPO,84.0
PHOL,CYP2C19,68.0,7.607843137254898,0.06967461379650697,0.1038048975781347,105.0,1.4898525003857117,1.0,0.007349319998484675,0.005591511099326289,0.004339860423801021,LOPO,85.0
PHOL,HCAR2,46.0,5.098039215686272,0.05185906073833494,0.10342815211616325,63.0,1.9944085111381071,1.0,0.004924802060840247,0.004161781428253474,0.004324109503002455,LOPO,86.0
PHOL,EGFR,67.0,7.225490196078428,0.06560928077134653,0.10289661725578102,97.0,1.568324115827207,1.0,0.006979959843921657,0.005265260927362195,0.004301887169006055,LOPO,87.0
PHOL,AMY1A,57.0,6.852941176470585,0.05953762278410953,0.1025520546388117,83.0,1.7224747956544653,1.0,0.006620070462552563,0.004777999625475354,0.00428748174402328,LOPO,88.0
PHOL,DPP4,60.0,6.37254901960784,0.05885623973699917,0.10208326308535946,82.0,1.734450986701181,1.0,0.006156002576050308,0.004723317429719841,0.004267882573297176,LOPO,89.0
PHOL,XDH,54.0,6.588235294117644,0.05519981624790794,0.10207696307216893,73.0,1.849226501293609,1.0,0.006364359586316626,0.004429882971901347,0.004267619183239935,LOPO,90.0
PHOL,CYP1B1,56.0,6.705882352941173,0.057160750738960486,0.10196584749547465,78.0,1.7838437420307574,1.0,0.006478008864643709,0.004587251436171496,0.004262973678981329,LOPO,91.0
PHOL,PIM1,56.0,6.8823529411764675,0.0573419933224631,0.10156786349853479,79.0,1.7712649598238974,1.0,0.006648482782134333,0.004601796474344011,0.004246334820527417,LOPO,92.0
PHOL,CYP1A1,56.0,6.705882352941173,0.057160750738960486,0.10124683486114865,79.0,1.7712649598238974,1.0,0.006478008864643709,0.004587251436171496,0.004232913300822624,LOPO,93.0
PHOL,MMP2,63.0,6.303921568627448,0.06066497091771831,0.10098626079843534,88.0,1.6646552247656392,1.0,0.006089707163692844,0.004868471308896357,0.004222019257394786,LOPO,94.0
PHOL,MMP3,60.0,6.156862745098036,0.05862216560661749,0.10028144118803359,84.0,1.7106403380074624,1.0,0.00594764556578399,0.0047045325663847256,0.004192552259165738,LOPO,95.0
PHOL,CYP2D6,67.0,7.441176470588232,0.06697372739875088,0.09978097522518005,105.0,1.4898525003857117,1.0,0.007188316854187976,0.005374760184636186,0.004171628849227274,LOPO,96.0
PHOL,RELA,17.0,3.049019607843136,0.0336634182576516,0.09878246539488912,24.0,2.9344157696295783,1.0,0.0029454104633102247,0.0027015489081671637,0.0041298832919717116,LOPO,97.0
PHOL,MMP1,50.0,4.9803921568627425,0.050826972214560534,0.09828838001151743,67.0,1.9337838893216723,1.0,0.004811152782513164,0.0040789544971559216,0.004109226640394561,LOPO,98.0
PHOL,ABCG2,48.0,6.117647058823527,0.048204914936168054,0.09614029262738204,63.0,1.9944085111381071,1.0,0.005909762473008296,0.0038685297588427568,0.004019419707939775,LOPO,99.0
PHOL,ALOX12,56.0,6.705882352941173,0.05420962905959058,0.09601961643830409,79.0,1.7712649598238974,1.0,0.006478008864643709,0.004350418697150465,0.004014374494955674,LOPO,100.0
WHIL,KDM4E,71.0,10.232142857142854,0.4502152768670653,0.568595992121635,132.0,1.2629424662760251,1.0,0.008805630686009345,0.03702210793620509,0.023988885606449566,LOPO,1.0
WHIL,UGT1A1,64.0,8.964285714285712,0.2743627468986164,0.39859727943275736,109.0,1.4528112287053627,1.0,0.007714531595770839,0.022561400626024262,0.01681669352553039,LOPO,2.0
WHIL,EHMT2,71.0,10.160714285714281,0.3091646310485817,0.37681531259205064,138.0,1.2188176613670871,1.0,0.0087441603147283,0.02542322957227692,0.015897719213250307,LOPO,3.0
WHIL,EGLN1,13.0,1.410714285714285,0.07982462144554367,0.2374972282337462,23.0,2.975237764149833,1.0,0.0012140398328005899,0.006564139208444122,0.010019933166763171,LOPO,4.0
WHIL,MAPT,69.0,9.696428571428568,0.18135806677851196,0.22499947507548257,135.0,1.240636708761727,1.0,0.008344602901401524,0.014913438677821841,0.009492656902059754,LOPO,5.0
WHIL,MGLL,15.0,3.910714285714285,0.07731709964377091,0.2238480846697308,25.0,2.8951950564762967,1.0,0.0033655028276370798,0.006357940646183807,0.009444080103920744,LOPO,6.0
WHIL,PTPN1,50.0,8.07142857142857,0.13576755385828218,0.22298898696352162,90.0,1.6424320879809289,1.0,0.006946151954757808,0.011164439083794133,0.009407835042603802,LOPO,7.0
WHIL,CYP3A4,72.0,10.071428571428568,0.17580005316001,0.21940142260782006,134.0,1.2480168160593494,1.0,0.008667322350626998,0.01445639203665281,0.009256476833739941,LOPO,8.0
WHIL,ACP1,15.0,3.8392857142857135,0.07375213161908416,0.2164194180668368,24.0,2.9344157696295783,1.0,0.003304032456356037,0.006064786153698553,0.009130667002501706,LOPO,9.0
WHIL,NR1I2,25.0,2.9464285714285703,0.08734127904818206,0.21524490844299285,39.0,2.4644121403838426,1.0,0.0025356528153430047,0.007182249084725693,0.009081114811841805,LOPO,10.0
WHIL,PTPN6,23.0,5.303571428571427,0.08624766581986003,0.2147333965685521,38.0,2.4897299483681326,1.0,0.004564175067617409,0.007092319068887171,0.009059534287159395,LOPO,11.0
WHIL,AKR1B10,54.0,8.678571428571425,0.12583262177929966,0.2108897839534122,87.0,1.6759547800195724,1.0,0.007468650110646668,0.010347469632365321,0.008897373482972136,LOPO,12.0
WHIL,AKR1B1,64.0,10.035714285714283,0.1463954643257733,0.20745600911666112,113.0,1.4170931461032836,1.0,0.008636587164986477,0.0120383935422075,0.008752503605416781,LOPO,13.0
WHIL,NOS2,12.0,2.8928571428571423,0.06723556373828339,0.20290330799597558,22.0,3.017797378568629,1.0,0.0024895500368822235,0.005528915667171617,0.008560426580784647,LOPO,14.0
WHIL,NR1H4,24.0,4.9642857142857135,0.0822257893169579,0.200607863884814,40.0,2.4397195277934713,1.0,0.004272190804032457,0.006761592073053809,0.008463582517580497,LOPO,15.0
WHIL,TOP2A,51.0,8.19642857142857,0.11582523502381051,0.1995060480292684,83.0,1.7224747956544653,1.0,0.007053725104499632,0.009524542087126858,0.008417097254081839,LOPO,16.0
WHIL,PTPN2,20.0,4.32142857142857,0.07689268271278575,0.19759671348500477,35.0,2.569772656041669,1.0,0.003718957462503074,0.006323039988129227,0.008336543031749253,LOPO,17.0
WHIL,PTPRF,20.0,4.32142857142857,0.07689268271278575,0.19759671348500477,35.0,2.569772656041669,1.0,0.003718957462503074,0.006323039988129227,0.008336543031749253,LOPO,17.0
WHIL,TOP1,33.0,5.553571428571427,0.08667038105152927,0.19253530139990715,50.0,2.221465961773453,1.0,0.0047793213671010575,0.007127079792783614,0.008123003651945581,LOPO,19.0
WHIL,PTPN11,17.0,3.4464285714285703,0.07121765834594229,0.19140142303704447,31.0,2.6875556916980523,1.0,0.0029659454143103024,0.005856371317728003,0.00807516568137381,LOPO,20.0
WHIL,IDH1,56.0,8.857142857142854,0.11924876104530377,0.18702070772986593,97.0,1.568324115827207,1.0,0.007622326038849275,0.009806065519143927,0.007890344683979499,LOPO,21.0
WHIL,CDC25B,17.0,3.374999999999999,0.07020269900896285,0.1865134098027147,32.0,2.6567840330312986,1.0,0.0029044750430292604,0.005772909169606345,0.007868941944404408,LOPO,22.0
WHIL,MAPK1,66.0,9.285714285714283,0.12593415480196374,0.17095574723613144,120.0,1.3575010489010377,1.0,0.00799114826653553,0.010355818897077786,0.007212569066676366,LOPO,23.0
WHIL,CYP1A2,49.0,7.196428571428569,0.0982139479563639,0.16572459287889202,86.0,1.6873834758431951,1.0,0.006193139906565036,0.008076330522109222,0.0069918683139375895,LOPO,24.0
WHIL,THRB,61.0,8.839285714285712,0.10612026522271344,0.15910942930608887,104.0,1.4993312443402556,1.0,0.0076069584460290145,0.008726482896434589,0.006712776648827893,LOPO,25.0
WHIL,ALOX15,63.0,8.946428571428568,0.11436851042381938,0.1591000545641613,116.0,1.391117659700023,1.0,0.007699164002950578,0.009404752692707618,0.006712381131422201,LOPO,26.0
WHIL,CA9,60.0,9.035714285714283,0.09986815126084779,0.150691122881452,103.0,1.5089006953564064,1.0,0.0077760019670518815,0.00821235898767618,0.006357610955402723,LOPO,27.0
WHIL,CA12,66.0,9.607142857142854,0.10596476651582323,0.15016194435800784,113.0,1.4170931461032836,1.0,0.008267764937300222,0.008713695924942883,0.006335285080369864,LOPO,28.0
WHIL,CA7,66.0,9.607142857142854,0.10596476651582323,0.15016194435800784,113.0,1.4170931461032836,1.0,0.008267764937300222,0.008713695924942883,0.006335285080369864,LOPO,28.0
WHIL,CA1,66.0,9.607142857142854,0.10596476651582323,0.1465076247626028,117.0,1.3826069700321142,1.0,0.008267764937300222,0.008713695924942883,0.006181110488993522,LOPO,30.0
WHIL,CA2,66.0,9.607142857142854,0.10596476651582323,0.1465076247626028,117.0,1.3826069700321142,1.0,0.008267764937300222,0.008713695924942883,0.006181110488993522,LOPO,30.0
WHIL,DUSP3,51.0,7.410714285714283,0.07923389236126571,0.1444083845363262,75.0,1.8225582542114478,1.0,0.006377551020408163,0.006515562367446229,0.006092544205821703,LOPO,32.0
WHIL,CA14,58.0,8.64285714285714,0.09093957983227637,0.14078551041922285,99.0,1.5481214085096875,1.0,0.007437914925006148,0.007478144597074124,0.005939696289258886,LOPO,33.0
WHIL,KMT2A,59.0,8.410714285714283,0.09026612041859636,0.13884473572014552,100.0,1.5381710776565196,1.0,0.007238136218342759,0.007422764674656972,0.005857815616709056,LOPO,34.0
WHIL,CYP19A1,63.0,8.910714285714283,0.09778799102093627,0.13687398826683153,115.0,1.3997014033914144,1.0,0.007668428817310057,0.008041303226391239,0.005774670403109594,LOPO,35.0
WHIL,BACE1,58.0,8.14285714285714,0.0858279808429847,0.135486386868674,96.0,1.578580615994396,1.0,0.00700762232603885,0.007057807528938538,0.005716127937687802,LOPO,36.0
WHIL,CA3,57.0,8.553571428571425,0.0862403317119756,0.13525279198082918,97.0,1.568324115827207,1.0,0.007361076960904844,0.007091715970441463,0.005706272643031483,LOPO,37.0
WHIL,CA5A,57.0,8.553571428571425,0.0862403317119756,0.13525279198082918,97.0,1.568324115827207,1.0,0.007361076960904844,0.007091715970441463,0.005706272643031483,LOPO,37.0
WHIL,CA5B,57.0,8.553571428571425,0.0862403317119756,0.13525279198082918,97.0,1.568324115827207,1.0,0.007361076960904844,0.007091715970441463,0.005706272643031483,LOPO,37.0
WHIL,APP,58.0,8.499999999999996,0.08368751342252509,0.13385103941689658,94.0,1.599414702897238,1.0,0.007314974182444062,0.0068817925868743125,0.005647133144388071,LOPO,40.0
WHIL,APEX1,54.0,7.964285714285712,0.08193479148945436,0.13367685954907801,91.0,1.6315030174487386,1.0,0.006853946397836244,0.006737662736284062,0.005639784550690717,LOPO,41.0
WHIL,CA6,58.0,8.607142857142854,0.08676554179600922,0.1334602469278193,100.0,1.5381710776565196,1.0,0.007407179739365626,0.007134905052241583,0.005630645732506475,LOPO,42.0
WHIL,ACHE,58.0,8.178571428571425,0.0837158384654278,0.13301972925876182,95.0,1.5889434030299427,1.0,0.00703835751167937,0.0068841218121350346,0.00561206043096186,LOPO,43.0
WHIL,EGFR,61.0,8.874999999999996,0.08480401921428102,0.13300018845283076,97.0,1.568324115827207,1.0,0.007637693631669535,0.0069736051042580596,0.005611236010521631,LOPO,44.0
WHIL,RORC,62.0,8.857142857142854,0.0925486294496353,0.13278810007671837,111.0,1.4347927232026845,1.0,0.007622326038849275,0.007610459984110982,0.005602288068813435,LOPO,45.0
WHIL,TYR,48.0,7.392857142857141,0.07377879513752962,0.1325497119737362,77.0,1.7965827678081872,1.0,0.006362183427587903,0.0060669787484605876,0.005592230549921964,LOPO,46.0
WHIL,GAA,59.0,7.874999999999997,0.09065270952530266,0.13252915869063125,108.0,1.4619437122686354,1.0,0.00677710843373494,0.007454554674621073,0.005591363413389043,LOPO,47.0
WHIL,CA4,63.0,9.124999999999996,0.09233694696695106,0.13248437959093357,111.0,1.4347927232026845,1.0,0.007852839931153184,0.007593052907708167,0.005589474197293447,LOPO,48.0
WHIL,CYP2C9,60.0,8.321428571428568,0.0870920839334119,0.12893658695733487,106.0,1.4804627600358728,1.0,0.007161298254241455,0.007161757269120512,0.005439793944843484,LOPO,49.0
WHIL,POLB,60.0,8.071428571428568,0.08919843463352778,0.12878125625646292,110.0,1.443761393185445,1.0,0.006946151954757806,0.0073349667246366485,0.005433240591555707,LOPO,50.0
WHIL,CYP2D6,59.0,8.374999999999996,0.08616547749538214,0.12837385209342386,105.0,1.4898525003857117,1.0,0.007207401032702237,0.007085560557623204,0.005416052338387991,LOPO,51.0
WHIL,NFKB1,59.0,8.410714285714283,0.08260824273513347,0.12544578838709566,102.0,1.518562606268143,1.0,0.007238136218342759,0.006793041987030068,0.005292518253954139,LOPO,52.0
WHIL,ESR1,61.0,8.874999999999996,0.09030466829023297,0.12485586380451415,117.0,1.3826069700321142,1.0,0.007637693631669535,0.007425934543690232,0.005267629521841949,LOPO,53.0
WHIL,ALOX5,58.0,8.607142857142854,0.08355200254849547,0.12448015990910934,105.0,1.4898525003857117,1.0,0.007407179739365626,0.0068706492550892045,0.005251778692969354,LOPO,54.0
WHIL,PTGS2,52.0,7.999999999999997,0.07462711645253622,0.12339458810701272,89.0,1.6534819241675138,1.0,0.0068846815834767644,0.006136737916801806,0.0052059787609633045,LOPO,55.0
WHIL,SLCO1B1,45.0,7.053571428571426,0.07058795645636111,0.12328697279440454,81.0,1.746572347233526,1.0,0.006070199164002951,0.005804589664546584,0.005201438504859797,LOPO,56.0
WHIL,SLCO2B1,45.0,7.053571428571426,0.07058795645636111,0.12328697279440454,81.0,1.746572347233526,1.0,0.006070199164002951,0.005804589664546584,0.005201438504859797,LOPO,56.0
WHIL,SLCO1B3,45.0,7.053571428571426,0.07058795645636111,0.12243135072495552,82.0,1.734450986701181,1.0,0.006070199164002951,0.005804589664546584,0.00516534007956176,LOPO,58.0
WHIL,CXCL8,53.0,7.232142857142854,0.07615817737777246,0.1218085086438651,94.0,1.599414702897238,1.0,0.006223875092205557,0.006262640136791864,0.005139062568567688,LOPO,59.0
WHIL,CYP2C19,59.0,8.089285714285712,0.08155987104825783,0.12151217781238316,105.0,1.4898525003857117,1.0,0.006961519547578068,0.006706832274159237,0.005126560464232484,LOPO,60.0
WHIL,TERT,41.0,6.767857142857141,0.0625239196087024,0.1209077484365521,67.0,1.9337838893216723,1.0,0.00582431767887878,0.005141467691758203,0.0051010597794670385,LOPO,61.0
WHIL,AR,43.0,5.946428571428569,0.06433625086344995,0.12073504736733319,71.0,1.8766254754817235,1.0,0.0051174084091467915,0.005290499336788838,0.005093773575816279,LOPO,62.0
WHIL,HCAR2,36.0,6.1428571428571415,0.060003661268539656,0.11967181273342348,63.0,1.9944085111381071,1.0,0.005286451930169659,0.0049342217783233805,0.005048916041892229,LOPO,63.0
WHIL,DRD1,46.0,6.392857142857141,0.0647315196708854,0.11883434913973721,74.0,1.8358034809614685,1.0,0.0055015982296533076,0.005323003086005263,0.005013583716960525,LOPO,64.0
WHIL,ABCB11,9.0,1.2678571428571423,0.03660153060132658,0.11744891719519682,18.0,3.2088526153313386,1.0,0.001091099090238505,0.0030098174943822163,0.004955132780102724,LOPO,65.0
WHIL,GSK3B,53.0,7.660714285714283,0.06906672466480848,0.11654204993000947,86.0,1.6873834758431951,1.0,0.0065926973198918125,0.005679495713993064,0.004916872336156156,LOPO,66.0
WHIL,HIF1A,57.0,8.339285714285712,0.07570892756665236,0.11570737590564786,101.0,1.5283187812135077,1.0,0.007176665847061717,0.006225697421046305,0.004881657702274596,LOPO,67.0
WHIL,MMP9,54.0,7.499999999999997,0.07096138620986855,0.11500655813079214,92.0,1.620692101344523,1.0,0.006454388984509466,0.005835297544423848,0.004852090421349436,LOPO,68.0
WHIL,MMP2,52.0,7.357142857142855,0.06903352551335115,0.11491701892979204,88.0,1.6646552247656392,1.0,0.006331448241947382,0.00567676568098042,0.00484831279069455,LOPO,69.0
WHIL,CYP2A6,37.0,4.982142857142855,0.057236183709198724,0.11153036891476989,66.0,1.948598975106813,1.0,0.004287558396852717,0.004706646531152907,0.004705431094507589,LOPO,70.0
WHIL,PPARA,57.0,8.26785714285714,0.0728754301029294,0.11137688851531925,101.0,1.5283187812135077,1.0,0.007115195475780675,0.0059926932243231255,0.004698955804853303,LOPO,71.0
WHIL,PPARG,57.0,8.26785714285714,0.0728754301029294,0.10996178715670737,103.0,1.5089006953564064,1.0,0.007115195475780675,0.0059926932243231255,0.004639253124771784,LOPO,72.0
WHIL,PPARD,55.0,7.9464285714285685,0.07051206471412996,0.10986990687426597,98.0,1.558171744363189,1.0,0.006838578805015982,0.005798348933907899,0.004635376724629127,LOPO,73.0
WHIL,MAOA,23.0,2.6607142857142843,0.04403631984198888,0.10963854432651754,38.0,2.4897299483681326,1.0,0.002289771330218834,0.003621195170560027,0.004625615611697527,LOPO,74.0
WHIL,ABCB1,19.0,3.303571428571428,0.03921237586134261,0.10924551306612583,28.0,2.7859957645113047,1.0,0.002843004671748218,0.003224512552474577,0.00460903374676015,LOPO,75.0
WHIL,MMP1,39.0,6.089285714285713,0.05571585591398008,0.10774242454622229,67.0,1.9337838893216723,1.0,0.005240349151708877,0.004581626918036543,0.004545618916089623,LOPO,76.0
WHIL,ESR2,27.0,4.160714285714285,0.045004959666056964,0.10662133818065767,43.0,2.369101960579518,1.0,0.0035806491271207284,0.0037008483719518223,0.004498320635850027,LOPO,77.0
WHIL,HTR7,36.0,5.6428571428571415,0.05053490360944104,0.10576190145913712,57.0,2.0928485839513593,1.0,0.004856159331202361,0.004155586787266813,0.004462061271584005,LOPO,78.0
WHIL,CYP1A1,49.0,7.303571428571426,0.05940198474135542,0.10521665411635667,79.0,1.7712649598238974,1.0,0.0062853454634866,0.004884744707071813,0.004439057458130493,LOPO,79.0
WHIL,F3,35.0,5.803571428571427,0.05146250381913465,0.10510793024709125,60.0,2.042417730324468,1.0,0.0049944676665847065,0.004231865218607256,0.0044344704323711895,LOPO,80.0
WHIL,SYK,46.0,6.964285714285712,0.0548857111795248,0.1045461024562963,69.0,1.90479635244842,1.0,0.005993361199901647,0.004513362446480749,0.004410767095044427,LOPO,81.0
WHIL,FABP4,42.0,6.107142857142855,0.05649109546730194,0.10446483082524202,73.0,1.849226501293609,1.0,0.005255716744529137,0.004645376426092378,0.004407338270558458,LOPO,82.0
WHIL,CYP1B1,48.0,7.249999999999997,0.05849399442658544,0.10434414590424644,78.0,1.7838437420307574,1.0,0.006239242685025818,0.004810078836841095,0.0044022466117984585,LOPO,83.0
WHIL,GBA,54.0,7.8214285714285685,0.06636371354002271,0.10407981236066616,97.0,1.568324115827207,1.0,0.006731005655274158,0.005457221671426245,0.004391094462949794,LOPO,84.0
WHIL,ALOX12,49.0,7.517857142857141,0.05872409419763239,0.1040159303496641,79.0,1.7712649598238974,1.0,0.0064697565773297275,0.0048290004039169086,0.004388399301050182,LOPO,85.0
WHIL,MMP3,49.0,6.982142857142855,0.06057598895542089,0.1036237302218375,84.0,1.7106403380074624,1.0,0.006008728792721909,0.004981285435394378,0.004371852501333636,LOPO,86.0
WHIL,TTR,40.0,6.285714285714284,0.052229338378013884,0.10335686358736029,64.0,1.9789043246021418,1.0,0.005409392672731743,0.004294923567061349,0.004360593482178815,LOPO,87.0
WHIL,DAPK1,50.0,7.392857142857141,0.05948796485435105,0.10317895933847436,82.0,1.734450986701181,1.0,0.006362183427587903,0.004891815024733716,0.004353087758018676,LOPO,88.0
WHIL,ADORA3,45.0,6.696428571428569,0.05608214798859319,0.10295580249725561,74.0,1.8358034809614685,1.0,0.005762847307597739,0.004611747852219118,0.0043436728412579746,LOPO,89.0
WHIL,AMY1A,52.0,7.535714285714283,0.0593545380550537,0.10223669580754381,83.0,1.7224747956544653,1.0,0.006485124170149988,0.004880843070606474,0.004313333956782266,LOPO,90.0
WHIL,DPP4,46.0,6.821428571428569,0.058102492369062335,0.10077592521931801,82.0,1.734450986701181,1.0,0.005870420457339563,0.004777884835047712,0.00425170450630468,LOPO,91.0
WHIL,GPR35,46.0,6.535714285714283,0.05289610922456822,0.1000060039078256,70.0,1.8906117174564634,1.0,0.005624538972215392,0.004349753475148049,0.0042192217689599396,LOPO,92.0
WHIL,SOAT1,31.0,4.910714285714284,0.04466394523486178,0.09750137819747755,52.0,2.182999680945657,1.0,0.004226088025571674,0.0036728060692397366,0.004113552400049476,LOPO,93.0
WHIL,GLO1,48.0,7.107142857142855,0.05252709884384824,0.09642943090234372,74.0,1.8358034809614685,1.0,0.006116301942463733,0.00431940900918576,0.0040683272816958325,LOPO,94.0
WHIL,AKR1C2,26.0,4.107142857142856,0.040979720988384684,0.09616420597495423,44.0,2.3466291047274592,1.0,0.0035345463486599464,0.0033698448977232645,0.0040571375256453455,LOPO,95.0
WHIL,AKR1C4,26.0,4.107142857142856,0.040979720988384684,0.09616420597495423,44.0,2.3466291047274592,1.0,0.0035345463486599464,0.0033698448977232645,0.0040571375256453455,LOPO,95.0
WHIL,PIM1,49.0,7.1964285714285685,0.05417247366465944,0.09595380438919414,79.0,1.7712649598238974,1.0,0.006193139906565036,0.004454711490779632,0.004048260749090202,LOPO,97.0
WHIL,HSD17B1,44.0,6.749999999999998,0.05059744304826724,0.09566011870039014,70.0,1.8906117174564634,1.0,0.005808950086058521,0.004160729531135047,0.004035870242490459,LOPO,98.0
WHIL,HSD17B2,44.0,6.749999999999998,0.05059744304826724,0.09566011870039014,70.0,1.8906117174564634,1.0,0.005808950086058521,0.004160729531135047,0.004035870242490459,LOPO,98.0
WHIL,CD38,45.0,5.767857142857141,0.04944302114048053,0.0956121177208521,67.0,1.9337838893216723,1.0,0.004963732480944185,0.004065799095252438,0.004033845096300386,LOPO,100.0
