canonical_name,target_id
一枝蒿,AKR1B1
一枝蒿,AKR1B10
一枝蒿,AKT1
一枝蒿,ALOX12
一枝蒿,ALOX5
一枝蒿,AMY1A
一枝蒿,AR
一枝蒿,AXL
一枝蒿,BCHE
一枝蒿,CA1
一枝蒿,CA14
一枝蒿,CA4
一枝蒿,CA5A
一枝蒿,CA6
一枝蒿,CA7
一枝蒿,CA9
一枝蒿,CCR4
一枝蒿,CDK6
一枝蒿,CXCL8
一枝蒿,CYP19A1
一枝蒿,CYP2C19
一枝蒿,CYP2D6
一枝蒿,CYP3A4
一枝蒿,DPP4
一枝蒿,EHMT2
一枝蒿,EPHX2
一枝蒿,ESR1
一枝蒿,F3
一枝蒿,FABP3
一枝蒿,FABP5
一枝蒿,GLO1
一枝蒿,GRIK2
一枝蒿,HIF1A
一枝蒿,IDH1
一枝蒿,MAPK1
一枝蒿,MAPT
一枝蒿,MMP2
一枝蒿,NFKB1
一枝蒿,PDE5A
一枝蒿,PIM1
一枝蒿,PLG
一枝蒿,PPARD
一枝蒿,RORC
一枝蒿,SYK
一枝蒿,THRB
一枝蒿,TOP1
一枝蒿,UGT1A1
一枝蒿,XDH
丹参,ABCB1
丹参,ABCB11
丹参,ABCC1
丹参,ABCG2
丹参,ACHE
丹参,ACP1
丹参,ADORA1
丹参,ADORA2A
丹参,ADORA2B
丹参,ADORA3
丹参,ADRB2
丹参,AKR1B1
丹参,AKR1B10
丹参,AKR1C2
丹参,AKR1C3
丹参,AKT1
丹参,ALK
丹参,ALOX12
丹参,ALOX15
丹参,ALOX5
丹参,ALPI
丹参,ALPL
丹参,AMY1A
丹参,APEX1
丹参,AR
丹参,AURKB
丹参,AXL
丹参,BACE1
丹参,BCHE
丹参,BCL2L1
丹参,CA1
丹参,CA12
丹参,CA13
丹参,CA14
丹参,CA2
丹参,CA3
丹参,CA4
丹参,CA5A
丹参,CA5B
丹参,CA6
丹参,CA7
丹参,CA9
丹参,CCR4
丹参,CD38
丹参,CDC25B
丹参,CDK6
丹参,CHRNA3
丹参,CNR1
丹参,CSNK2A1
丹参,CTBP2
丹参,CTSL
丹参,CXCL8
丹参,CXCR1
丹参,CYP19A1
丹参,CYP1A1
丹参,CYP1A2
丹参,CYP1B1
丹参,CYP2A6
丹参,CYP2C19
丹参,CYP2C8
丹参,CYP2C9
丹参,CYP2D6
丹参,CYP3A4
丹参,DPP4
丹参,DRD2
丹参,DYRK1A
丹参,EGFR
丹参,EHMT2
丹参,EP300
丹参,EPHX2
丹参,ESR1
丹参,ESRRA
丹参,F2
丹参,F3
丹参,FABP2
丹参,FABP3
丹参,FABP4
丹参,FABP5
丹参,FASN
丹参,FLT3
丹参,FUT7
丹参,GAA
丹参,GABRR1
丹参,GBA
丹参,GBA2
丹参,GLO1
丹参,GPR35
丹参,GRIK2
丹参,GRK6
丹参,GRM1
丹参,GRM2
丹参,GRM5
丹参,GSK3B
丹参,HCAR2
丹参,HIF1A
丹参,HKDC1
丹参,HMGCR
丹参,HSD17B1
丹参,HSD17B2
丹参,HSP90AA1
丹参,HSPA1A
丹参,HTR1A
丹参,HTR1B
丹参,HTR7
丹参,IDH1
丹参,IDO1
丹参,IGF1R
丹参,INSR
丹参,KCNH2
丹参,KDM4E
丹参,KDR
丹参,KMT2A
丹参,MAP2K1
丹参,MAPK1
丹参,MAPK14
丹参,MAPK9
丹参,MAPT
丹参,MCL1
丹参,MET
丹参,MMP12
丹参,MMP13
丹参,MMP2
丹参,MMP9
丹参,MPG
丹参,NEK2
丹参,NEK6
丹参,NFKB1
丹参,NOS2
丹参,NR1I2
丹参,OPRM1
丹参,PARP1
丹参,PDE4B
丹参,PDE5A
丹参,PHF8
丹参,PIK3CG
丹参,PIM1
丹参,PLG
丹参,PLK1
丹参,PNP
丹参,POLA1
丹参,POLB
丹参,PPARA
丹参,PPARD
丹参,PPARG
丹参,PRKCA
丹参,PTGS1
丹参,PTGS2
丹参,PTK2
丹参,PTPN1
丹参,PTPN2
丹参,PTPRS
丹参,PYGL
丹参,RELA
丹参,RORC
丹参,SIRT2
丹参,SLC22A12
丹参,SLC28A1
丹参,SLC28A3
丹参,SLC5A2
丹参,SLC6A4
丹参,SLCO1B1
丹参,SLCO1B3
丹参,SLCO2B1
丹参,SOAT1
丹参,SRC
丹参,SYK
丹参,TEK
丹参,TERT
丹参,TGM2
丹参,THRB
丹参,TLR2
丹参,TNKS2
丹参,TOP1
丹参,TOP2A
丹参,TRPV1
丹参,TTR
丹参,TYR
丹参,UGT1A1
丹参,XDH
乌梅,ABCB1
乌梅,ABCC1
乌梅,ACHE
乌梅,ADORA1
乌梅,ADRA1A
乌梅,AKR1B1
乌梅,AKR1B10
乌梅,AKR1C2
乌梅,AKT1
乌梅,ALK
乌梅,ALOX12
乌梅,ALOX15
乌梅,ALOX5
乌梅,ALPI
乌梅,ALPL
乌梅,AMY1A
乌梅,APEX1
乌梅,APP
乌梅,AR
乌梅,AURKB
乌梅,AVPR2
乌梅,AXL
乌梅,BACE1
乌梅,BCHE
乌梅,BCL2
乌梅,BCL2L1
乌梅,BRAF
乌梅,CA1
乌梅,CA12
乌梅,CA2
乌梅,CA3
乌梅,CA4
乌梅,CA5A
乌梅,CA5B
乌梅,CA6
乌梅,CA7
乌梅,CA9
乌梅,CAMK2B
乌梅,CD38
乌梅,CDC25B
乌梅,CDK6
乌梅,CNR2
乌梅,CXCL8
乌梅,CXCR1
乌梅,CYP19A1
乌梅,CYP1A1
乌梅,CYP1A2
乌梅,CYP2A6
乌梅,CYP2C19
乌梅,CYP2C9
乌梅,CYP2D6
乌梅,CYP2J2
乌梅,CYP3A4
乌梅,DPP4
乌梅,DRD1
乌梅,DUSP3
乌梅,EGFR
乌梅,EHMT2
乌梅,EPHX2
乌梅,ESR1
乌梅,ESRRA
乌梅,F2
乌梅,F3
乌梅,FABP3
乌梅,FABP4
乌梅,FABP5
乌梅,FASN
乌梅,FLT3
乌梅,GAA
乌梅,GBA
乌梅,GLO1
乌梅,GPR35
乌梅,GRM5
乌梅,GSK3B
乌梅,HCAR2
乌梅,HIF1A
乌梅,HSD11B1
乌梅,HSD17B2
乌梅,IDH1
乌梅,IDO1
乌梅,IGF1R
乌梅,INSR
乌梅,KCNA3
乌梅,KDM4E
乌梅,KDR
乌梅,KMT2A
乌梅,MAOA
乌梅,MAPK1
乌梅,MAPK14
乌梅,MAPT
乌梅,MCL1
乌梅,MET
乌梅,MMP1
乌梅,MMP12
乌梅,MMP13
乌梅,MMP2
乌梅,MMP3
乌梅,MMP9
乌梅,MPG
乌梅,NEK2
乌梅,NFKB1
乌梅,NQO2
乌梅,NUAK1
乌梅,PARP1
乌梅,PDE5A
乌梅,PIM1
乌梅,PKN1
乌梅,PLG
乌梅,PLK1
乌梅,PNP
乌梅,POLB
乌梅,PPARA
乌梅,PPARD
乌梅,PPARG
乌梅,PRKCA
乌梅,PTGES
乌梅,PTGS1
乌梅,PTPRF
乌梅,PTPRS
乌梅,PYGL
乌梅,RELA
乌梅,RORC
乌梅,RXRA
乌梅,SHBG
乌梅,SLC22A1
乌梅,SLC28A2
乌梅,SLCO1B1
乌梅,SLCO1B3
乌梅,SLCO2B1
乌梅,SOAT1
乌梅,SYK
乌梅,TBXAS1
乌梅,THRB
乌梅,TLR2
乌梅,TNKS
乌梅,TNKS2
乌梅,TOP2A
乌梅,TTR
乌梅,TYR
乌梅,UGT1A1
乌梅,XDH
五味子,ABCB1
五味子,ABCC1
五味子,ABCG2
五味子,ACHE
五味子,ADORA2A
五味子,ADORA2B
五味子,AKR1B1
五味子,AKR1B10
五味子,AKR1C2
五味子,ALK
五味子,ALOX12
五味子,ALOX15
五味子,ALOX5
五味子,ALPI
五味子,AMY1A
五味子,APEX1
五味子,APP
五味子,AR
五味子,AURKA
五味子,AURKB
五味子,AVPR2
五味子,AXL
五味子,BACE1
五味子,BCHE
五味子,BCL2
五味子,BCL2L1
五味子,CA12
五味子,CA13
五味子,CA14
五味子,CA2
五味子,CA3
五味子,CA4
五味子,CA5A
五味子,CA5B
五味子,CA6
五味子,CA7
五味子,CA9
五味子,CAMK2B
五味子,CD38
五味子,CDC25B
五味子,CDK6
五味子,CHRM2
五味子,CSNK2A1
五味子,CXCL8
五味子,CYP19A1
五味子,CYP1A1
五味子,CYP1A2
五味子,CYP2B6
五味子,CYP2C19
五味子,CYP2C8
五味子,CYP2C9
五味子,CYP2D6
五味子,CYP2J2
五味子,CYP3A4
五味子,DAPK1
五味子,DHFR
五味子,DPP4
五味子,DRD1
五味子,DUSP3
五味子,EGFR
五味子,EHMT2
五味子,EPHB4
五味子,EPHX2
五味子,ESR1
五味子,F2
五味子,F3
五味子,FABP2
五味子,FABP3
五味子,FABP4
五味子,FABP5
五味子,FASN
五味子,FLT3
五味子,GAA
五味子,GBA
五味子,GLO1
五味子,GSK3B
五味子,HCAR2
五味子,HIF1A
五味子,HSD11B1
五味子,HSD17B1
五味子,HSD17B2
五味子,HSP90AB1
五味子,HTR1A
五味子,HTR7
五味子,IDH1
五味子,IGF1R
五味子,KDM4E
五味子,KDR
五味子,KMT2A
五味子,MAP2K1
五味子,MAPK1
五味子,MAPK14
五味子,MAPK9
五味子,MAPKAPK2
五味子,MAPT
五味子,MCL1
五味子,MET
五味子,MMP12
五味子,MMP13
五味子,MMP2
五味子,MMP3
五味子,MMP9
五味子,MPG
五味子,NEK6
五味子,NFKB1
五味子,NR1H4
五味子,NR3C2
五味子,PDE5A
五味子,PIK3CG
五味子,PIM1
五味子,POLB
五味子,PPARA
五味子,PPARD
五味子,PPARG
五味子,PTGS1
五味子,PTGS2
五味子,PTK2
五味子,PTPN1
五味子,PTPN6
五味子,PTPRF
五味子,RELA
五味子,RORC
五味子,SLC28A1
五味子,SLC28A2
五味子,SLC28A3
五味子,SLCO1B1
五味子,SLCO1B3
五味子,SOAT1
五味子,SRC
五味子,TERT
五味子,THRB
五味子,TNKS2
五味子,TOP1
五味子,TOP2A
五味子,TTR
五味子,TYR
五味子,UGT1A1
五指毛桃,ABCC1
五指毛桃,ABCG2
五指毛桃,ACHE
五指毛桃,ADORA2A
五指毛桃,ADORA3
五指毛桃,AKR1B1
五指毛桃,AKR1B10
五指毛桃,ALOX15
五指毛桃,ALOX5
五指毛桃,AMY1A
五指毛桃,APEX1
五指毛桃,APP
五指毛桃,AR
五指毛桃,BACE1
五指毛桃,BCHE
五指毛桃,BCL2L1
五指毛桃,CA1
五指毛桃,CA12
五指毛桃,CA14
五指毛桃,CA2
五指毛桃,CA4
五指毛桃,CA5A
五指毛桃,CA5B
五指毛桃,CA7
五指毛桃,CA9
五指毛桃,CD38
五指毛桃,CDK6
五指毛桃,CXCL8
五指毛桃,CXCR1
五指毛桃,CYP19A1
五指毛桃,CYP1A1
五指毛桃,CYP1A2
五指毛桃,CYP1B1
五指毛桃,CYP2C9
五指毛桃,CYP3A4
五指毛桃,DAPK1
五指毛桃,DPP4
五指毛桃,DRD1
五指毛桃,EGFR
五指毛桃,EHMT2
五指毛桃,ESR1
五指毛桃,ESR2
五指毛桃,FABP5
五指毛桃,FASN
五指毛桃,GPR35
五指毛桃,GSK3B
五指毛桃,HIF1A
五指毛桃,HSD17B1
五指毛桃,HSPA8
五指毛桃,IDH1
五指毛桃,KDM4E
五指毛桃,KMT2A
五指毛桃,MAOA
五指毛桃,MAPK1
五指毛桃,MAPT
五指毛桃,MET
五指毛桃,MIF
五指毛桃,MMP1
五指毛桃,MMP12
五指毛桃,MMP2
五指毛桃,MMP3
五指毛桃,MMP9
五指毛桃,MPG
五指毛桃,NFKB1
五指毛桃,PDE5A
五指毛桃,POLB
五指毛桃,PPARA
五指毛桃,PPARD
五指毛桃,PPARG
五指毛桃,PRKCA
五指毛桃,PTGS1
五指毛桃,PTGS2
五指毛桃,PTPN1
五指毛桃,PTPN6
五指毛桃,PTPRS
五指毛桃,RORC
五指毛桃,SLC28A3
五指毛桃,SLCO1B1
五指毛桃,SLCO1B3
五指毛桃,SLCO2B1
五指毛桃,SRC
五指毛桃,STAT3
五指毛桃,SYK
五指毛桃,THRB
五指毛桃,TNKS2
五指毛桃,TOP2A
五指毛桃,UGT1A1
五指毛桃,XDH
人参,ABCB1
人参,ABCB11
人参,ABCG2
人参,ACHE
人参,ACP1
人参,ADORA2B
人参,ADORA3
人参,ADRB2
人参,AKR1B1
人参,AKR1B10
人参,AKR1C2
人参,AKR1C4
人参,AKT1
人参,ALK
人参,ALOX12
人参,ALOX15
人参,ALOX5
人参,ALPI
人参,ALPL
人参,AOC3
人参,AOX1
人参,APEX1
人参,APP
人参,AR
人参,AURKB
人参,AXL
人参,BACE1
人参,BCHE
人参,BCL2L1
人参,CA1
人参,CA12
人参,CA13
人参,CA14
人参,CA2
人参,CA3
人参,CA4
人参,CA5A
人参,CA5B
人参,CA6
人参,CA7
人参,CA9
人参,CAMK2B
人参,CARM1
人参,CBR1
人参,CCR4
人参,CD38
人参,CDC25B
人参,CDK6
人参,CHRM2
人参,CNR1
人参,CSNK2A1
人参,CXCL8
人参,CXCR1
人参,CYP19A1
人参,CYP1A1
人参,CYP1A2
人参,CYP1B1
人参,CYP2A6
人参,CYP2C19
人参,CYP2C8
人参,CYP2C9
人参,CYP2D6
人参,CYP2J2
人参,CYP3A4
人参,DAO
人参,DAPK1
人参,DPP4
人参,DRD1
人参,DUSP3
人参,EBP
人参,EGFR
人参,EHMT2
人参,ERBB2
人参,ERN1
人参,ESR1
人参,ESR2
人参,ESRRA
人参,F2
人参,F3
人参,FABP2
人参,FABP3
人参,FABP4
人参,FABP5
人参,FLT3
人参,FUT7
人参,FYN
人参,GAA
人参,GABRR1
人参,GBA
人参,GLO1
人参,GLRA1
人参,GPR35
人参,GRIA2
人参,GRIK5
人参,GSK3B
人参,GSTP1
人参,HCAR2
人参,HIF1A
人参,HSD11B1
人参,HSD17B1
人参,HSD17B2
人参,HSD17B3
人参,HSP90AA1
人参,HSP90AB1
人参,HSPA8
人参,HTR1A
人参,HTR2A
人参,HTR7
人参,IDH1
人参,IDO1
人参,IGF1R
人参,INSR
人参,KCNH2
人参,KDM4E
人参,KDR
人参,KMT2A
人参,MAOA
人参,MAOB
人参,MAP2K1
人参,MAP3K8
人参,MAPK1
人参,MAPK14
人参,MAPK9
人参,MAPKAPK2
人参,MAPT
人参,MCL1
人参,MET
人参,MMP1
人参,MMP12
人参,MMP13
人参,MMP2
人参,MMP3
人参,MMP9
人参,MPG
人参,MTNR1B
人参,NEK2
人参,NEK6
人参,NFKB1
人参,NQO1
人参,NR1I2
人参,PDE5A
人参,PDGFRB
人参,PDPK1
人参,PIM1
人参,PKN1
人参,PLA2G2A
人参,PLK1
人参,PNP
人参,POLB
人参,PPARA
人参,PPARD
人参,PPARG
人参,PRKCA
人参,PTGS1
人参,PTGS2
人参,PTK2
人参,PTPN1
人参,PTPRF
人参,PTPRS
人参,PYGL
人参,RELA
人参,RORC
人参,SLC22A1
人参,SLC28A1
人参,SLCO1B1
人参,SLCO1B3
人参,SLCO2B1
人参,SOAT1
人参,SRC
人参,STAT3
人参,SYK
人参,TBXAS1
人参,TERT
人参,THRB
人参,TLR2
人参,TNKS
人参,TOP2A
人参,TRPV1
人参,TTR
人参,TYR
人参,UBE2N
人参,UGT1A1
人参,XDH
仙鹤草,ACP1
仙鹤草,ADORA3
仙鹤草,AKR1B1
仙鹤草,AKR1C4
仙鹤草,ALK
仙鹤草,ALOX15
仙鹤草,ALOX5
仙鹤草,ALPI
仙鹤草,APP
仙鹤草,AURKB
仙鹤草,BACE1
仙鹤草,BCHE
仙鹤草,BCL2
仙鹤草,CA1
仙鹤草,CA12
仙鹤草,CA14
仙鹤草,CA2
仙鹤草,CA3
仙鹤草,CA4
仙鹤草,CA5A
仙鹤草,CA5B
仙鹤草,CA6
仙鹤草,CA7
仙鹤草,CCR4
仙鹤草,CYP19A1
仙鹤草,CYP2C19
仙鹤草,CYP2C9
仙鹤草,CYP3A4
仙鹤草,DRD1
仙鹤草,DRD2
仙鹤草,DUSP3
仙鹤草,EGFR
仙鹤草,EHMT2
仙鹤草,EPHX2
仙鹤草,ESR1
仙鹤草,F2
仙鹤草,FABP3
仙鹤草,FLT3
仙鹤草,GAA
仙鹤草,GBA
仙鹤草,GPR35
仙鹤草,GSK3B
仙鹤草,HCAR2
仙鹤草,HIF1A
仙鹤草,HSD11B1
仙鹤草,HSD17B2
仙鹤草,IDH1
仙鹤草,KDM4E
仙鹤草,KDR
仙鹤草,KMT2A
仙鹤草,MAPK1
仙鹤草,MAPKAPK2
仙鹤草,MAPT
仙鹤草,MMP13
仙鹤草,MMP2
仙鹤草,NEK2
仙鹤草,NOS2
仙鹤草,NR1H4
仙鹤草,PDE5A
仙鹤草,PKN1
仙鹤草,PLG
仙鹤草,PLK1
仙鹤草,POLB
仙鹤草,PPARA
仙鹤草,PPARD
仙鹤草,PRKCA
仙鹤草,PTGS2
仙鹤草,RORC
仙鹤草,SLC28A3
仙鹤草,SLCO2B1
仙鹤草,TERT
仙鹤草,THRB
仙鹤草,TOP1
仙鹤草,TOP2A
仙鹤草,UGT1A1
仙鹤草,XDH
佩兰,AKR1B1
佩兰,ALOX12
佩兰,ALOX15
佩兰,ALOX5
佩兰,CA1
佩兰,CA2
佩兰,CA3
佩兰,CA4
佩兰,CA9
佩兰,CDK6
佩兰,CYP2A6
佩兰,CYP2C19
佩兰,CYP2C9
佩兰,DPP4
佩兰,EHMT2
佩兰,F2
佩兰,KDM4E
佩兰,MAP2K1
佩兰,MMP2
佩兰,PPARA
佩兰,THRB
佩兰,TOP2A
侧柏叶,AKR1B10
侧柏叶,CA7
侧柏叶,CYP3A4
侧柏叶,EHMT2
侧柏叶,HIF1A
侧柏叶,MMP2
侧柏叶,MMP3
侧柏叶,SLCO1B1
党参,ABCB1
党参,ABCC1
党参,ABCG2
党参,ACHE
党参,ACP1
党参,ADORA2A
党参,ADORA3
党参,ADRB2
党参,AKR1B1
党参,AKR1B10
党参,AKR1C2
党参,AKR1C4
党参,AKT1
党参,ALK
党参,ALOX12
党参,ALOX15
党参,ALOX5
党参,ALPL
党参,APEX1
党参,APP
党参,AR
党参,AVPR2
党参,BCHE
党参,BCL2L1
党参,CA1
党参,CA12
党参,CA13
党参,CA14
党参,CA2
党参,CA3
党参,CA5A
党参,CA5B
党参,CA6
党参,CA7
党参,CA9
党参,CAMK2B
党参,CBR1
党参,CCR4
党参,CD38
党参,CDC25B
党参,CDK6
党参,CHRM3
党参,CNR2
党参,CSNK2A1
党参,CTSL
党参,CXCL8
党参,CYP19A1
党参,CYP1A1
党参,CYP1A2
党参,CYP1B1
党参,CYP2A13
党参,CYP2C19
党参,CYP2C9
党参,CYP2D6
党参,CYP2J2
党参,CYP3A4
党参,DAO
党参,DAPK1
党参,DRD1
党参,DUSP3
党参,EGFR
党参,EHMT2
党参,EPHX2
党参,ERBB2
党参,ESR1
党参,ESR2
党参,F2
党参,F3
党参,FABP3
党参,FABP4
党参,FABP5
党参,FASN
党参,GAA
党参,GABRR1
党参,GBA
党参,GPR35
党参,GRM5
党参,HCAR2
党参,HIF1A
党参,HSD11B1
党参,HSD17B2
党参,HSP90AB1
党参,HSPA8
党参,HTR1A
党参,HTR7
党参,IDH1
党参,KCNH2
党参,KDM4E
党参,KDR
党参,KMT2A
党参,LDHA
党参,MAOA
党参,MAPK1
党参,MAPK14
党参,MAPK9
党参,MAPKAPK2
党参,MET
党参,MMP1
党参,MMP13
党参,MMP2
党参,MMP3
党参,MMP9
党参,MPG
党参,NFKB1
党参,NR1I2
党参,NUAK1
党参,OPRK1
党参,PARP1
党参,PDE5A
党参,PIM1
党参,PKN1
党参,PLG
党参,PLK1
党参,PNP
党参,POLB
党参,PPARD
党参,PPARG
党参,PTGS1
党参,PTGS2
党参,PTK2
党参,PTPN1
党参,PTPN11
党参,PTPN6
党参,RORC
党参,SHBG
党参,SLC22A1
党参,SLC28A1
党参,SLC28A2
党参,SLC47A1
党参,SLCO1B1
党参,SLCO1B3
党参,SLCO2B1
党参,SRC
党参,SYK
党参,TBXAS1
党参,TERT
党参,TGM2
党参,THRB
党参,TLR2
党参,TOP1
党参,TOP2A
党参,TTR
党参,TYR
党参,UBE2N
党参,UGT1A1
全蝎,AKR1B1
全蝎,AKT1
全蝎,BACE1
全蝎,CYP1A2
全蝎,CYP2C19
全蝎,FLT3
全蝎,IDH1
全蝎,KDM4E
全蝎,PPARD
冬瓜子,ABCB11
冬瓜子,ACHE
冬瓜子,AKR1B1
冬瓜子,ALOX15
冬瓜子,AMY1A
冬瓜子,APP
冬瓜子,AR
冬瓜子,BACE1
冬瓜子,CA1
冬瓜子,CA12
冬瓜子,CA2
冬瓜子,CA3
冬瓜子,CA4
冬瓜子,CA5A
冬瓜子,CA5B
冬瓜子,CA6
冬瓜子,CA7
冬瓜子,CA9
冬瓜子,CAMK2B
冬瓜子,CCR4
冬瓜子,CSNK2A1
冬瓜子,CTSL
冬瓜子,CXCL8
冬瓜子,CYP19A1
冬瓜子,CYP1A1
冬瓜子,CYP1A2
冬瓜子,CYP1B1
冬瓜子,CYP2C19
冬瓜子,CYP2C8
冬瓜子,CYP2D6
冬瓜子,CYP3A4
冬瓜子,DPP4
冬瓜子,DRD1
冬瓜子,DRD2
冬瓜子,DUSP3
冬瓜子,EGFR
冬瓜子,EHMT2
冬瓜子,ESR1
冬瓜子,GAA
冬瓜子,GBA
冬瓜子,GRM5
冬瓜子,HIF1A
冬瓜子,HSD17B1
冬瓜子,IDH1
冬瓜子,KCNH2
冬瓜子,KDM4E
冬瓜子,KMT2A
冬瓜子,MAPT
冬瓜子,MMP1
冬瓜子,MMP12
冬瓜子,MMP2
冬瓜子,MMP3
冬瓜子,NEK2
冬瓜子,NFKB1
冬瓜子,NR1H4
冬瓜子,NR1I2
冬瓜子,PIM1
冬瓜子,POLB
冬瓜子,PPARA
冬瓜子,PPARD
冬瓜子,PTK2
冬瓜子,PTPN1
冬瓜子,PTPRS
冬瓜子,RORC
冬瓜子,SHBG
冬瓜子,SLC28A1
冬瓜子,SLCO2B1
冬瓜子,SOAT1
冬瓜子,SYK
冬瓜子,THRB
冬瓜子,TOP2A
冬瓜子,TTR
冬瓜子,TYR
冬瓜子,UGT1A1
冰片,CA4
冰片,EHMT2
冰片,ESR1
冰片,SRC
制半夏,CA2
制半夏,CYP3A4
制半夏,KDM4E
制半夏,MAPT
制半夏,PTPN1
制南星,KDM4E
前胡,ACHE
前胡,ADORA3
前胡,ADRB2
前胡,AKR1B10
前胡,AKT1
前胡,ALK
前胡,ALOX12
前胡,ALOX15
前胡,ALPI
前胡,APP
前胡,AURKB
前胡,AXL
前胡,BACE1
前胡,BCHE
前胡,CA1
前胡,CA12
前胡,CA14
前胡,CA2
前胡,CA3
前胡,CA4
前胡,CA5A
前胡,CA5B
前胡,CA6
前胡,CA7
前胡,CA9
前胡,CAMK2B
前胡,CDK6
前胡,CSNK2A1
前胡,CXCR1
前胡,CYP19A1
前胡,CYP1A1
前胡,CYP2C9
前胡,CYP2D6
前胡,CYP3A4
前胡,DAPK1
前胡,DPP4
前胡,DUSP3
前胡,EGFR
前胡,EHMT2
前胡,FABP3
前胡,FABP5
前胡,FLT3
前胡,GAA
前胡,GBA
前胡,GSK3B
前胡,HIF1A
前胡,HSD17B1
前胡,HSD17B2
前胡,IDO1
前胡,KDM4E
前胡,KDR
前胡,KMT2A
前胡,MAP2K1
前胡,MAPK1
前胡,MAPK14
前胡,MAPT
前胡,MCL1
前胡,MET
前胡,MMP13
前胡,MMP2
前胡,MMP3
前胡,MMP9
前胡,MPG
前胡,NEK6
前胡,NFKB1
前胡,OPRK1
前胡,PDE5A
前胡,PIM1
前胡,POLB
前胡,PPARA
前胡,PPARD
前胡,PPARG
前胡,PRKCA
前胡,PTGS1
前胡,PTK2
前胡,PTPN1
前胡,PTPN11
前胡,PTPRS
前胡,PYGL
前胡,RORC
前胡,SLC28A2
前胡,SLCO1B1
前胡,SLCO2B1
前胡,SRC
前胡,TERT
前胡,THRB
前胡,UGT1A1
化橘红,ABCB11
化橘红,APEX1
化橘红,CA12
化橘红,CYP3A4
化橘红,ERBB2
化橘红,GAA
化橘红,POLB
化橘红,UGT1A1
北沙参,ABCB11
北沙参,ABCC1
北沙参,ABCG2
北沙参,ACHE
北沙参,ADORA3
北沙参,ADRA2B
北沙参,ADRA2C
北沙参,ADRB1
北沙参,AKR1B1
北沙参,AKR1B10
北沙参,AKR1C2
北沙参,AKR1C3
北沙参,AKR1C4
北沙参,AKT1
北沙参,ALK
北沙参,ALOX12
北沙参,ALOX15
北沙参,ALOX5
北沙参,ALPI
北沙参,ALPL
北沙参,AMY1A
北沙参,APEX1
北沙参,APP
北沙参,AR
北沙参,AURKB
北沙参,AXL
北沙参,BACE1
北沙参,BCHE
北沙参,BCL2
北沙参,BCL2L1
北沙参,CA1
北沙参,CA12
北沙参,CA13
北沙参,CA14
北沙参,CA2
北沙参,CA3
北沙参,CA4
北沙参,CA5A
北沙参,CA5B
北沙参,CA6
北沙参,CA7
北沙参,CA9
北沙参,CAMK2B
北沙参,CBR1
北沙参,CCR4
北沙参,CD38
北沙参,CDC25B
北沙参,CSNK2A1
北沙参,CXCL8
北沙参,CXCR1
北沙参,CYP19A1
北沙参,CYP1A1
北沙参,CYP1A2
北沙参,CYP1B1
北沙参,CYP2B6
北沙参,CYP2C19
北沙参,CYP2C9
北沙参,CYP2D6
北沙参,CYP2J2
北沙参,CYP3A4
北沙参,DAO
北沙参,DHFR
北沙参,DPP4
北沙参,DUSP3
北沙参,EGFR
北沙参,EGLN1
北沙参,EHMT2
北沙参,EPHX2
北沙参,ERBB2
北沙参,ESR1
北沙参,FABP2
北沙参,FABP3
北沙参,FABP4
北沙参,FASN
北沙参,FLT3
北沙参,FUT7
北沙参,GAA
北沙参,GBA
北沙参,GLO1
北沙参,GPR35
北沙参,GRK6
北沙参,GSK3B
北沙参,HCAR2
北沙参,HIF1A
北沙参,HSD11B1
北沙参,HSD17B1
北沙参,HSD17B2
北沙参,HSP90AB1
北沙参,IDH1
北沙参,IDO1
北沙参,IGF1R
北沙参,INSR
北沙参,KCNH2
北沙参,KDM4E
北沙参,KMT2A
北沙参,MAOA
北沙参,MAP2K1
北沙参,MAPK1
北沙参,MAPK14
北沙参,MAPKAPK2
北沙参,MAPT
北沙参,MMP1
北沙参,MMP12
北沙参,MMP13
北沙参,MMP2
北沙参,MMP3
北沙参,MMP9
北沙参,MPG
北沙参,NEK2
北沙参,NEK6
北沙参,NFKB1
北沙参,NOS2
北沙参,NQO2
北沙参,NR1H4
北沙参,NR1I2
北沙参,NUAK1
北沙参,PARP1
北沙参,PDE5A
北沙参,PIK3CG
北沙参,PIM1
北沙参,PKN1
北沙参,PNP
北沙参,POLA1
北沙参,POLB
北沙参,PPARA
北沙参,PPARD
北沙参,PPARG
北沙参,PRKCA
北沙参,PTGS2
北沙参,PTK2
北沙参,PTPN1
北沙参,PTPN11
北沙参,PTPN2
北沙参,PTPN6
北沙参,PTPRF
北沙参,PTPRS
北沙参,PYGL
北沙参,SIRT3
北沙参,SLC28A2
北沙参,SLC28A3
北沙参,SLC5A2
北沙参,SLC6A15
北沙参,SLC6A3
北沙参,SLCO1B1
北沙参,SLCO1B3
北沙参,SLCO2B1
北沙参,SMAD3
北沙参,SOAT1
北沙参,SRC
北沙参,STAT3
北沙参,SYK
北沙参,TERT
北沙参,THRB
北沙参,TLR2
北沙参,TNKS
北沙参,TNKS2
北沙参,TOP1
北沙参,TOP2A
北沙参,TTR
北沙参,TYR
北沙参,UGT1A1
北沙参,XDH
北沙参,XPO1
半夏,ABCB11
半夏,ABCC1
半夏,ADORA3
半夏,AKR1B1
半夏,AKR1B10
半夏,AKR1C3
半夏,AKR1C4
半夏,AKT1
半夏,ALOX15
半夏,ALOX5
半夏,ALPI
半夏,AMY1A
半夏,APP
半夏,BACE1
半夏,BCL2
半夏,CA1
半夏,CA12
半夏,CA14
半夏,CA2
半夏,CA3
半夏,CA4
半夏,CA6
半夏,CA7
半夏,CA9
半夏,CAMK2B
半夏,CDK6
半夏,CXCL8
半夏,CYP19A1
半夏,CYP1A2
半夏,CYP1B1
半夏,CYP2C19
半夏,CYP2C9
半夏,CYP2D6
半夏,CYP2J2
半夏,CYP3A4
半夏,DAPK1
半夏,DPP4
半夏,DUSP3
半夏,EGFR
半夏,EGLN1
半夏,EHMT2
半夏,EPHB4
半夏,EPHX2
半夏,ESR1
半夏,F2
半夏,FABP3
半夏,FABP4
半夏,FLT3
半夏,FUT7
半夏,GAA
半夏,GBA
半夏,GPR35
半夏,GRM2
半夏,GRM5
半夏,GSK3B
半夏,HIF1A
半夏,HSD17B1
半夏,HSD17B2
半夏,IDO1
半夏,KDM4E
半夏,KDR
半夏,KMT2A
半夏,MAPK1
半夏,MAPT
半夏,MMP12
半夏,MMP2
半夏,MMP3
半夏,MMP9
半夏,MPG
半夏,NEK2
半夏,NFKB1
半夏,PKN1
半夏,POLA1
半夏,POLB
半夏,PPARA
半夏,PPARD
半夏,PPARG
半夏,PRKCA
半夏,PTGS1
半夏,PTGS2
半夏,PTPN1
半夏,PTPN6
半夏,RORC
半夏,SLC28A2
半夏,SLCO1B3
半夏,SRC
半夏,THRB
半夏,TOP2A
半夏,TTR
半夏,TYR
半夏,UGT1A1
半夏,XDH
半枝莲,ACHE
半枝莲,ADORA3
半枝莲,ADRB2
半枝莲,AKR1B1
半枝莲,AKR1B10
半枝莲,AKR1C2
半枝莲,ALOX12
半枝莲,ALOX15
半枝莲,ALOX5
半枝莲,ALPL
半枝莲,APEX1
半枝莲,APP
半枝莲,AR
半枝莲,BACE1
半枝莲,BCHE
半枝莲,BCL2
半枝莲,CA1
半枝莲,CA12
半枝莲,CA13
半枝莲,CA14
半枝莲,CA2
半枝莲,CA3
半枝莲,CA4
半枝莲,CA5A
半枝莲,CA5B
半枝莲,CA6
半枝莲,CA7
半枝莲,CA9
半枝莲,CAMK2B
半枝莲,CD38
半枝莲,CDK6
半枝莲,CES2
半枝莲,CSNK2A1
半枝莲,CTSD
半枝莲,CTSL
半枝莲,CXCL8
半枝莲,CYP19A1
半枝莲,CYP1A1
半枝莲,CYP1A2
半枝莲,CYP2A6
半枝莲,CYP2C19
半枝莲,CYP2C9
半枝莲,CYP2D6
半枝莲,CYP3A4
半枝莲,DAPK1
半枝莲,DPP4
半枝莲,DUSP3
半枝莲,DYRK1A
半枝莲,EGFR
半枝莲,EHMT2
半枝莲,EPHX2
半枝莲,ESR1
半枝莲,ESRRA
半枝莲,F3
半枝莲,FABP2
半枝莲,FABP3
半枝莲,FABP4
半枝莲,FABP5
半枝莲,FASN
半枝莲,FLT3
半枝莲,GAA
半枝莲,GLO1
半枝莲,GLRA1
半枝莲,GSK3B
半枝莲,HCAR2
半枝莲,HIF1A
半枝莲,HKDC1
半枝莲,HSD11B1
半枝莲,HSD17B1
半枝莲,HSD17B2
半枝莲,HSPA8
半枝莲,HTR1A
半枝莲,HTR7
半枝莲,IDH1
半枝莲,IDO1
半枝莲,IGF1R
半枝莲,KDM4E
半枝莲,KDM7A
半枝莲,KMT2A
半枝莲,MAOB
半枝莲,MAPK1
半枝莲,MAPT
半枝莲,MET
半枝莲,MGLL
半枝莲,MMP1
半枝莲,MMP12
半枝莲,MMP13
半枝莲,MMP2
半枝莲,MMP3
半枝莲,MMP9
半枝莲,MPG
半枝莲,NEK2
半枝莲,NEK6
半枝莲,NFKB1
半枝莲,NR1H4
半枝莲,NUAK1
半枝莲,PARP1
半枝莲,PDE5A
半枝莲,PIK3CG
半枝莲,PLG
半枝莲,PLK1
半枝莲,PLK4
半枝莲,POLB
半枝莲,PPARA
半枝莲,PPARD
半枝莲,PPARG
半枝莲,PRKCA
半枝莲,PTGS2
半枝莲,PTK2
半枝莲,PTPN1
半枝莲,PTPN11
半枝莲,RORC
半枝莲,SLC28A1
半枝莲,SLC28A3
半枝莲,SLCO1B3
半枝莲,SLCO2B1
半枝莲,SRC
半枝莲,TERT
半枝莲,THRB
半枝莲,TNKS
半枝莲,TOP2A
半枝莲,TYR
半枝莲,UGT1A1
南沙参,ADORA3
南沙参,ALOX15
南沙参,CA14
南沙参,CA4
南沙参,CSNK2A1
南沙参,CYP1B1
南沙参,CYP3A4
南沙参,EHMT2
南沙参,EPHX2
南沙参,GAA
南沙参,GSK3B
南沙参,MAPT
南沙参,POLB
南沙参,PPARD
南沙参,SLCO1B1
厚朴,ADORA3
厚朴,AKR1B1
厚朴,ALOX15
厚朴,CA5B
厚朴,CA7
厚朴,CYP3A4
厚朴,EGFR
厚朴,EPHX2
厚朴,GAA
厚朴,GBA
厚朴,HIF1A
厚朴,MAPT
厚朴,NUAK1
厚朴,TYR
厚朴,UGT1A1
厚朴花,CA1
厚朴花,CA14
厚朴花,CA7
厚朴花,CYP2C19
厚朴花,EHMT2
厚朴花,ESR1
厚朴花,MAPK1
厚朴花,MAPT
厚朴花,NUAK1
合欢皮,CYP2D6
合欢皮,ESR1
合欢皮,MAPK14
合欢皮,MMP3
地骨皮,ALOX15
地骨皮,ALPI
地骨皮,BACE1
地骨皮,CA1
地骨皮,CA12
地骨皮,CA14
地骨皮,CSNK2A1
地骨皮,CYP19A1
地骨皮,CYP1B1
地骨皮,CYP2C19
地骨皮,CYP2C9
地骨皮,CYP2D6
地骨皮,CYP3A4
地骨皮,EGFR
地骨皮,EHMT2
地骨皮,ESR1
地骨皮,FABP2
地骨皮,GSK3B
地骨皮,HSD17B2
地骨皮,KDM4E
地骨皮,KDR
地骨皮,KMT2A
地骨皮,MAP2K1
地骨皮,MAPK1
地骨皮,MAPT
地骨皮,MGLL
地骨皮,PPARA
地骨皮,RORC
地骨皮,SLCO1B3
地骨皮,TNKS2
地骨皮,TOP1
地骨皮,UGT1A1
地龙,CYP3A4
地龙,EHMT2
地龙,PIM1
夏枯草,ABCG2
夏枯草,ACHE
夏枯草,ACP1
夏枯草,ADORA2B
夏枯草,ADORA3
夏枯草,ADRB2
夏枯草,AKR1B1
夏枯草,AKR1B10
夏枯草,AKR1C3
夏枯草,AKR1C4
夏枯草,AKT1
夏枯草,ALOX15
夏枯草,ALOX5
夏枯草,AMY1A
夏枯草,APEX1
夏枯草,APP
夏枯草,AR
夏枯草,AURKB
夏枯草,AVPR2
夏枯草,AXL
夏枯草,BCHE
夏枯草,BCL2
夏枯草,BCL2L1
夏枯草,BRAF
夏枯草,CA1
夏枯草,CA12
夏枯草,CA13
夏枯草,CA14
夏枯草,CA2
夏枯草,CA3
夏枯草,CA4
夏枯草,CA5A
夏枯草,CA5B
夏枯草,CA6
夏枯草,CA7
夏枯草,CA9
夏枯草,CARM1
夏枯草,CBR1
夏枯草,CCR4
夏枯草,CDK6
夏枯草,CHRM1
夏枯草,CHRNA7
夏枯草,CSNK2A1
夏枯草,CTSL
夏枯草,CXCL8
夏枯草,CXCR1
夏枯草,CYP19A1
夏枯草,CYP1A1
夏枯草,CYP1A2
夏枯草,CYP1B1
夏枯草,CYP2A6
夏枯草,CYP2C19
夏枯草,CYP2C8
夏枯草,CYP2D6
夏枯草,CYP2E1
夏枯草,CYP3A4
夏枯草,DNMT3B
夏枯草,DPP4
夏枯草,DRD1
夏枯草,DUSP3
夏枯草,EGFR
夏枯草,EGLN1
夏枯草,EHMT2
夏枯草,EPHX2
夏枯草,ERBB2
夏枯草,ESR1
夏枯草,ESR2
夏枯草,ESRRA
夏枯草,F2
夏枯草,FABP2
夏枯草,FABP3
夏枯草,FABP4
夏枯草,FABP5
夏枯草,FASN
夏枯草,FLT3
夏枯草,FUT7
夏枯草,GAA
夏枯草,GBA
夏枯草,GLO1
夏枯草,GPR35
夏枯草,GSK3B
夏枯草,HIF1A
夏枯草,HSD11B1
夏枯草,HSD17B1
夏枯草,HSD17B2
夏枯草,HSPA8
夏枯草,HTR1A
夏枯草,HTR6
夏枯草,HTR7
夏枯草,IDH1
夏枯草,IGF1R
夏枯草,INSR
夏枯草,KCNH2
夏枯草,KDM4E
夏枯草,KDR
夏枯草,KMT2A
夏枯草,MAOB
夏枯草,MAP2K1
夏枯草,MAPK1
夏枯草,MAPT
夏枯草,MET
夏枯草,MMP1
夏枯草,MMP13
夏枯草,MMP2
夏枯草,MMP3
夏枯草,MMP9
夏枯草,MPG
夏枯草,NEK2
夏枯草,NEK6
夏枯草,NFKB1
夏枯草,NOS2
夏枯草,NUAK1
夏枯草,PDE5A
夏枯草,PIM1
夏枯草,PLG
夏枯草,PLK1
夏枯草,PLK4
夏枯草,PNP
夏枯草,POLB
夏枯草,PPARA
夏枯草,PPARD
夏枯草,PPARG
夏枯草,PRKCA
夏枯草,PTGS2
夏枯草,PTPN1
夏枯草,PTPN11
夏枯草,PTPN2
夏枯草,PYGL
夏枯草,RORC
夏枯草,SLC22A1
夏枯草,SLC28A1
夏枯草,SLC28A2
夏枯草,SLC28A3
夏枯草,SLCO1B1
夏枯草,SLCO1B3
夏枯草,SLCO2B1
夏枯草,SOAT1
夏枯草,SYK
夏枯草,THRB
夏枯草,TLR2
夏枯草,TNKS
夏枯草,TNKS2
夏枯草,TOP1
夏枯草,TOP2A
夏枯草,TRPV1
夏枯草,TTR
夏枯草,UGT1A1
大枣,ABCB11
大枣,ABCC1
大枣,ABCG2
大枣,ACHE
大枣,ACP1
大枣,ADORA2A
大枣,ADORA3
大枣,ADRA2A
大枣,AKR1B1
大枣,AKR1B10
大枣,AKR1C2
大枣,AKR1C3
大枣,AKR1C4
大枣,AKT1
大枣,ALK
大枣,ALOX15
大枣,ALOX5
大枣,ALPI
大枣,ALPL
大枣,APEX1
大枣,APP
大枣,AR
大枣,AURKA
大枣,AURKB
大枣,AVPR2
大枣,AXL
大枣,BCHE
大枣,BCL2
大枣,BCL2L1
大枣,CA1
大枣,CA12
大枣,CA13
大枣,CA2
大枣,CA3
大枣,CA4
大枣,CA5A
大枣,CA5B
大枣,CA6
大枣,CA7
大枣,CA9
大枣,CAMK2B
大枣,CCR4
大枣,CD38
大枣,CDK6
大枣,CES1
大枣,CES2
大枣,CHRM4
大枣,CHRNA7
大枣,CNR1
大枣,CNR2
大枣,CSNK2A1
大枣,CTSD
大枣,CTSL
大枣,CXCL8
大枣,CXCR1
大枣,CYP19A1
大枣,CYP1A1
大枣,CYP1A2
大枣,CYP1B1
大枣,CYP2A13
大枣,CYP2A6
大枣,CYP2C19
大枣,CYP2C8
大枣,CYP2C9
大枣,CYP2D6
大枣,CYP2E1
大枣,CYP2J2
大枣,CYP3A4
大枣,DAPK1
大枣,DHFR
大枣,DPP4
大枣,DRD1
大枣,DRD2
大枣,DUSP3
大枣,DYRK1A
大枣,EBP
大枣,EGFR
大枣,EHMT2
大枣,EPHB4
大枣,EPHX2
大枣,ESR1
大枣,F2
大枣,F3
大枣,FABP2
大枣,FABP3
大枣,FABP4
大枣,FABP5
大枣,FASN
大枣,FLT3
大枣,FLT4
大枣,FUCA1
大枣,FUT7
大枣,FYN
大枣,GAA
大枣,GBA
大枣,GBA2
大枣,GLO1
大枣,GSK3B
大枣,HCAR2
大枣,HIF1A
大枣,HRH1
大枣,HSD11B1
大枣,HSD17B2
大枣,HSP90AB1
大枣,HSPA1A
大枣,HSPA8
大枣,HTR1A
大枣,HTR2A
大枣,HTR7
大枣,IDH1
大枣,IDO1
大枣,IGF1R
大枣,KCNH2
大枣,KDM4E
大枣,KDR
大枣,KMT2A
大枣,LDHA
大枣,MAOA
大枣,MAOB
大枣,MAP2K1
大枣,MAP3K7
大枣,MAPK1
大枣,MAPK14
大枣,MAPK9
大枣,MAPKAPK2
大枣,MAPT
大枣,MCL1
大枣,MET
大枣,MGLL
大枣,MMP1
大枣,MMP12
大枣,MMP13
大枣,MMP2
大枣,MMP3
大枣,MMP9
大枣,MPG
大枣,NEK2
大枣,NFKB1
大枣,NOS2
大枣,NQO1
大枣,NR1I2
大枣,NUAK1
大枣,ODC1
大枣,OPRD1
大枣,PARP1
大枣,PDE5A
大枣,PDPK1
大枣,PIM1
大枣,PKN1
大枣,PLG
大枣,PLK1
大枣,POLB
大枣,PPARA
大枣,PPARD
大枣,PPARG
大枣,PRKCA
大枣,PTGES
大枣,PTGS1
大枣,PTGS2
大枣,PTK2
大枣,PTPN1
大枣,PTPN6
大枣,PTPRS
大枣,PYGL
大枣,RELA
大枣,RORC
大枣,SAE1
大枣,SLC22A1
大枣,SLC28A1
大枣,SLC28A2
大枣,SLC28A3
大枣,SLC5A2
大枣,SLCO1B1
大枣,SLCO1B3
大枣,SLCO2B1
大枣,SOAT1
大枣,SRC
大枣,STAT3
大枣,SYK
大枣,TBXAS1
大枣,TERT
大枣,THRB
大枣,TLR2
大枣,TNKS
大枣,TOP1
大枣,TOP2A
大枣,TRPV1
大枣,TTR
大枣,TYR
大枣,UGT1A1
大枣,XDH
大青叶,ABCC1
大青叶,ABCG2
大青叶,ACHE
大青叶,AKR1C3
大青叶,AKR1C4
大青叶,AKT1
大青叶,ALOX15
大青叶,ALOX5
大青叶,AMY1A
大青叶,APEX1
大青叶,AXL
大青叶,BACE1
大青叶,BCHE
大青叶,BCL2
大青叶,BCL2L1
大青叶,BRAF
大青叶,CA1
大青叶,CA12
大青叶,CA2
大青叶,CA5A
大青叶,CA6
大青叶,CA9
大青叶,CXCL8
大青叶,CXCR1
大青叶,CYP19A1
大青叶,CYP2C19
大青叶,CYP2C8
大青叶,CYP2C9
大青叶,CYP2D6
大青叶,CYP3A4
大青叶,DAPK1
大青叶,DUSP3
大青叶,EGFR
大青叶,EHMT2
大青叶,EPHX2
大青叶,ESR1
大青叶,FABP2
大青叶,FABP3
大青叶,FABP4
大青叶,FLT3
大青叶,FLT4
大青叶,GAA
大青叶,GBA
大青叶,GPR35
大青叶,GSTP1
大青叶,HCAR2
大青叶,HIF1A
大青叶,HTR7
大青叶,IDH1
大青叶,KCNH2
大青叶,KDM4E
大青叶,KMT2A
大青叶,MAPK1
大青叶,MAPKAPK2
大青叶,MAPT
大青叶,MCL1
大青叶,MMP1
大青叶,MMP13
大青叶,MMP2
大青叶,MMP3
大青叶,NEK6
大青叶,NFKB1
大青叶,PIM1
大青叶,PKN1
大青叶,PLK1
大青叶,POLB
大青叶,PPARD
大青叶,PPARG
大青叶,PTK2
大青叶,PTPN1
大青叶,RORC
大青叶,SLCO1B3
大青叶,SLCO2B1
大青叶,SRC
大青叶,TERT
大青叶,THRB
大青叶,TOP2A
大青叶,TTR
大青叶,UGT1A1
大黄,ABCB1
大黄,ABCC1
大黄,ABCG2
大黄,ACHE
大黄,ADORA2A
大黄,ADORA2B
大黄,AKR1B1
大黄,AKR1B10
大黄,AKR1C3
大黄,AKR1C4
大黄,AKT1
大黄,ALOX12
大黄,ALOX15
大黄,ALOX5
大黄,ALPL
大黄,AMY1A
大黄,ANPEP
大黄,APEX1
大黄,APP
大黄,AR
大黄,BACE1
大黄,BCL2
大黄,CA1
大黄,CA12
大黄,CA13
大黄,CA14
大黄,CA2
大黄,CA3
大黄,CA4
大黄,CA5A
大黄,CA5B
大黄,CA6
大黄,CA7
大黄,CA9
大黄,CAMK2B
大黄,CBR1
大黄,CDC25B
大黄,CDK6
大黄,CES2
大黄,CNR1
大黄,CTBP2
大黄,CXCL8
大黄,CXCR1
大黄,CYP19A1
大黄,CYP1A1
大黄,CYP2B6
大黄,CYP2C8
大黄,CYP2C9
大黄,CYP2D6
大黄,CYP2J2
大黄,CYP3A4
大黄,DAPK1
大黄,DRD1
大黄,EHMT2
大黄,EPHX2
大黄,ESR1
大黄,ESR2
大黄,F2
大黄,FABP2
大黄,FABP3
大黄,FABP4
大黄,FABP5
大黄,FLT3
大黄,GAA
大黄,GBA
大黄,GLO1
大黄,GPR35
大黄,GSK3B
大黄,HIF1A
大黄,HSD11B1
大黄,HSD17B2
大黄,HSP90AB1
大黄,HSPA8
大黄,HTR1A
大黄,HTR7
大黄,IDH1
大黄,IDO1
大黄,KCNH2
大黄,KDM4E
大黄,KMT2A
大黄,MAPK1
大黄,MAPK14
大黄,MAPT
大黄,MET
大黄,MMP1
大黄,MMP12
大黄,MMP13
大黄,MMP14
大黄,MMP2
大黄,MMP3
大黄,MMP9
大黄,MPG
大黄,NFKB1
大黄,NQO2
大黄,NUAK1
大黄,PARP1
大黄,PDE5A
大黄,PIK3CG
大黄,PIM1
大黄,PLG
大黄,POLA1
大黄,POLB
大黄,PPARA
大黄,PPARD
大黄,PPARG
大黄,PRKCA
大黄,PTGS1
大黄,PTGS2
大黄,PTPN1
大黄,PTPN6
大黄,RELA
大黄,RORC
大黄,SLC28A3
大黄,SLCO1B1
大黄,SLCO1B3
大黄,SLCO2B1
大黄,TEK
大黄,TERT
大黄,THRB
大黄,TLR2
大黄,TNKS
大黄,TOP1
大黄,TOP2A
大黄,TTR
大黄,TYR
大黄,UGT1A1
大黄,XDH
天冬,AVPR2
天冬,CA12
天冬,EHMT2
天竺黄,MAPT
天竺黄,RORC
天花粉,ABCC1
天花粉,ACHE
天花粉,AKR1B1
天花粉,AKR1B10
天花粉,AKR1C2
天花粉,AKT1
天花粉,ALOX12
天花粉,ALOX15
天花粉,ALOX5
天花粉,ALPI
天花粉,AMY1A
天花粉,APEX1
天花粉,AR
天花粉,BCHE
天花粉,BCR
天花粉,CA1
天花粉,CA12
天花粉,CA14
天花粉,CA2
天花粉,CA3
天花粉,CA4
天花粉,CA5A
天花粉,CA5B
天花粉,CA6
天花粉,CA9
天花粉,CD38
天花粉,CDK6
天花粉,CTBP2
天花粉,CXCL8
天花粉,CYP19A1
天花粉,CYP1A1
天花粉,CYP1A2
天花粉,CYP2A6
天花粉,CYP2C19
天花粉,CYP2C8
天花粉,CYP2C9
天花粉,CYP2D6
天花粉,CYP3A4
天花粉,DPP4
天花粉,DRD1
天花粉,EGFR
天花粉,EGLN1
天花粉,EHMT2
天花粉,EPHX2
天花粉,ESR1
天花粉,F2
天花粉,F3
天花粉,FABP3
天花粉,FLT3
天花粉,FLT4
天花粉,GAA
天花粉,GLO1
天花粉,GPR35
天花粉,HCAR2
天花粉,HIF1A
天花粉,HMGCR
天花粉,HSD17B1
天花粉,HSD17B2
天花粉,HSPA8
天花粉,HTR1A
天花粉,HTR7
天花粉,IDH1
天花粉,INSR
天花粉,KCNH2
天花粉,KDM4E
天花粉,KDR
天花粉,KMT2A
天花粉,MAOA
天花粉,MAP2K1
天花粉,MAPK1
天花粉,MAPT
天花粉,MET
天花粉,MGLL
天花粉,MMP1
天花粉,MMP12
天花粉,MMP13
天花粉,MMP2
天花粉,MMP3
天花粉,MMP9
天花粉,NFKB1
天花粉,NUAK1
天花粉,OXER1
天花粉,PARP1
天花粉,PDE5A
天花粉,PIK3CA
天花粉,PIK3CG
天花粉,PIM1
天花粉,PLK1
天花粉,POLB
天花粉,PPARA
天花粉,PPARD
天花粉,PPARG
天花粉,PRKCA
天花粉,PTGES
天花粉,PTGS2
天花粉,PTK2
天花粉,PTPN1
天花粉,RORC
天花粉,SLC22A1
天花粉,SLC28A1
天花粉,SLCO1B3
天花粉,SLCO2B1
天花粉,SRC
天花粉,THRB
天花粉,TLR2
天花粉,TOP2A
天花粉,TYR
太子参,ADORA1
太子参,ALOX12
太子参,CA1
太子参,CA12
太子参,CA4
太子参,CA5A
太子参,CA6
太子参,CA7
太子参,CXCL8
太子参,CYP19A1
太子参,CYP3A4
太子参,DAPK1
太子参,DUSP3
太子参,EHMT2
太子参,EPHX2
太子参,FABP4
太子参,GAA
太子参,GBA
太子参,KDM4E
太子参,MAPT
太子参,PTGS2
太子参,RORC
姜黄,ABCB1
姜黄,ACHE
姜黄,ADORA1
姜黄,ADORA2A
姜黄,AKR1B1
姜黄,AKR1B10
姜黄,ALOX15
姜黄,ALOX5
姜黄,AMY1A
姜黄,APP
姜黄,AR
姜黄,AVPR2
姜黄,AXL
姜黄,BACE1
姜黄,BCHE
姜黄,BRAF
姜黄,CA1
姜黄,CA12
姜黄,CA14
姜黄,CA2
姜黄,CA3
姜黄,CA4
姜黄,CA5A
姜黄,CA5B
姜黄,CA6
姜黄,CA7
姜黄,CDC25B
姜黄,CXCL8
姜黄,CYP19A1
姜黄,CYP1A1
姜黄,CYP1A2
姜黄,CYP2C9
姜黄,CYP2D6
姜黄,CYP2J2
姜黄,CYP3A4
姜黄,DAPK1
姜黄,DRD1
姜黄,DUSP3
姜黄,EGFR
姜黄,EHMT2
姜黄,EPHX2
姜黄,ERBB2
姜黄,ESR1
姜黄,F3
姜黄,FABP2
姜黄,FABP4
姜黄,FABP5
姜黄,FLT3
姜黄,GAA
姜黄,GBA
姜黄,GPR35
姜黄,GRIK5
姜黄,GSK3B
姜黄,HIF1A
姜黄,HSD11B1
姜黄,HSD17B1
姜黄,IDO1
姜黄,KDM4E
姜黄,MAP2K1
姜黄,MAPK1
姜黄,MAPK14
姜黄,MAPT
姜黄,MMP9
姜黄,NFKB1
姜黄,PDE5A
姜黄,PIM1
姜黄,PKN1
姜黄,PLG
姜黄,PNP
姜黄,PPARA
姜黄,PPARD
姜黄,PPARG
姜黄,PRKCA
姜黄,PTGS1
姜黄,PTGS2
姜黄,PTPN11
姜黄,PYGL
姜黄,RORC
姜黄,RXRA
姜黄,SLCO1B1
姜黄,SLCO2B1
姜黄,SRC
姜黄,THRB
姜黄,TNKS
姜黄,TNKS2
姜黄,TOP2A
姜黄,TTR
姜黄,TYR
姜黄,UGT1A1
姜黄,XDH
射干,ABCC1
射干,ALOX12
射干,ALOX15
射干,APP
射干,AXL
射干,CA1
射干,CA2
射干,CA3
射干,CA5A
射干,CA5B
射干,CA7
射干,CA9
射干,CDK6
射干,CXCL8
射干,CYP19A1
射干,CYP2A6
射干,CYP2D6
射干,CYP3A4
射干,DUSP3
射干,EGFR
射干,EHMT2
射干,ESR1
射干,IGF1R
射干,KDM4E
射干,MAPK1
射干,MAPT
射干,MMP12
射干,MMP2
射干,MMP9
射干,NR1I2
射干,NUAK1
射干,PDE5A
射干,PPARD
射干,PTGS2
射干,PTPN1
射干,PTPN11
射干,SLCO2B1
射干,SOAT1
射干,SYK
射干,TERT
射干,TYR
山楂,ABCB1
山楂,ABCC1
山楂,ACHE
山楂,ACP1
山楂,ADORA3
山楂,AKR1B1
山楂,AKR1B10
山楂,AKR1C2
山楂,AKR1C3
山楂,AKR1C4
山楂,AKT1
山楂,ALK
山楂,ALOX12
山楂,ALOX15
山楂,ALOX5
山楂,ALPI
山楂,ALPL
山楂,AMY1A
山楂,APEX1
山楂,APOBEC3G
山楂,APP
山楂,AR
山楂,AURKB
山楂,BACE1
山楂,BCHE
山楂,BCL2
山楂,CA1
山楂,CA12
山楂,CA13
山楂,CA14
山楂,CA2
山楂,CA3
山楂,CA4
山楂,CA5A
山楂,CA5B
山楂,CA6
山楂,CA7
山楂,CA9
山楂,CAMK2B
山楂,CBR1
山楂,CCR4
山楂,CD38
山楂,CDC25B
山楂,CDK6
山楂,CES2
山楂,CHRNA7
山楂,CSNK2A1
山楂,CTSL
山楂,CXCL8
山楂,CXCR1
山楂,CYP19A1
山楂,CYP1A1
山楂,CYP1A2
山楂,CYP1B1
山楂,CYP2A6
山楂,CYP2C19
山楂,CYP2C9
山楂,CYP2D6
山楂,CYP2J2
山楂,CYP3A4
山楂,DAO
山楂,DAPK1
山楂,DPP4
山楂,DRD1
山楂,DUSP3
山楂,EGFR
山楂,EGLN1
山楂,EHMT2
山楂,ERBB2
山楂,ESR1
山楂,ESR2
山楂,F2
山楂,F3
山楂,FABP2
山楂,FABP3
山楂,FABP4
山楂,FABP5
山楂,FASN
山楂,FLT3
山楂,FYN
山楂,GAA
山楂,GBA
山楂,GPR35
山楂,GRIK2
山楂,GRIK5
山楂,GRM5
山楂,GSK3B
山楂,HCAR2
山楂,HIF1A
山楂,HSD17B1
山楂,HSD17B2
山楂,HSD17B3
山楂,HSPA8
山楂,HTR1A
山楂,HTR2C
山楂,HTR7
山楂,IDH1
山楂,IDO1
山楂,INSR
山楂,JAK2
山楂,KCNH2
山楂,KDM4E
山楂,KDR
山楂,MAOA
山楂,MAP2K1
山楂,MAP3K8
山楂,MAPK1
山楂,MAPK14
山楂,MAPKAPK2
山楂,MAPT
山楂,MCL1
山楂,MET
山楂,MMP1
山楂,MMP13
山楂,MMP2
山楂,MMP9
山楂,MPG
山楂,NEK2
山楂,NFKB1
山楂,NQO1
山楂,NR1H4
山楂,NR1I2
山楂,OPRM1
山楂,PARP1
山楂,PDGFRB
山楂,PLG
山楂,PLK1
山楂,PNP
山楂,POLB
山楂,PPARA
山楂,PPARD
山楂,PPARG
山楂,PTGS1
山楂,PTGS2
山楂,PTK2
山楂,PTPN11
山楂,PTPN2
山楂,PTPN6
山楂,RELA
山楂,RORC
山楂,RXRA
山楂,SHBG
山楂,SLC28A1
山楂,SLCO1B1
山楂,SLCO1B3
山楂,SLCO2B1
山楂,SMAD3
山楂,SOAT1
山楂,SOAT2
山楂,SRC
山楂,SYK
山楂,THRB
山楂,TNKS
山楂,TNKS2
山楂,TOP2A
山楂,TTR
山楂,TYR
山楂,UGT1A1
山药,CA14
山药,KDM4E
山药,MAPT
山药,POLB
岩白菜,ABCC1
岩白菜,ACHE
岩白菜,ADORA3
岩白菜,AKR1C4
岩白菜,ALOX15
岩白菜,APP
岩白菜,CA13
岩白菜,CA14
岩白菜,CA2
岩白菜,CA3
岩白菜,CA5B
岩白菜,CA6
岩白菜,CA7
岩白菜,CA9
岩白菜,CDK6
岩白菜,CYP19A1
岩白菜,CYP1A2
岩白菜,CYP2C9
岩白菜,CYP3A4
岩白菜,DUSP3
岩白菜,EHMT2
岩白菜,FABP2
岩白菜,FLT3
岩白菜,GBA
岩白菜,HSPA8
岩白菜,HTR7
岩白菜,KDM4E
岩白菜,KMT2A
岩白菜,MAPK1
岩白菜,MAPK14
岩白菜,MAPT
岩白菜,MMP12
岩白菜,MPG
岩白菜,NFKB1
岩白菜,PDE5A
岩白菜,PPARA
岩白菜,PPARD
岩白菜,PPARG
岩白菜,PTGS2
岩白菜,PTPRS
岩白菜,RORC
岩白菜,SLCO1B3
岩白菜,SLCO2B1
岩白菜,TLR2
川芎,ACHE
川芎,ADRA2C
川芎,ADRB2
川芎,AKR1B1
川芎,ALK
川芎,ALOX12
川芎,ALOX5
川芎,AMY1A
川芎,APEX1
川芎,APP
川芎,AVPR2
川芎,BACE1
川芎,BCHE
川芎,CA12
川芎,CA14
川芎,CA2
川芎,CA3
川芎,CA4
川芎,CA5A
川芎,CA5B
川芎,CA6
川芎,CA9
川芎,CDK6
川芎,CYP1A2
川芎,CYP1B1
川芎,CYP2C19
川芎,CYP2C9
川芎,CYP2D6
川芎,CYP2J2
川芎,CYP3A4
川芎,DAPK1
川芎,EGFR
川芎,EHMT2
川芎,ESR1
川芎,ESRRA
川芎,F2
川芎,GAA
川芎,GBA
川芎,GLO1
川芎,GPR35
川芎,HIF1A
川芎,HSP90AB1
川芎,HTR7
川芎,KDM4E
川芎,KMT2A
川芎,MAPK1
川芎,MAPK14
川芎,MAPT
川芎,MET
川芎,MMP13
川芎,MMP3
川芎,NFKB1
川芎,NOS2
川芎,PIK3CG
川芎,PLK1
川芎,POLB
川芎,PPARA
川芎,PPARD
川芎,PTGS1
川芎,PTPN1
川芎,PTPN2
川芎,RORC
川芎,SRC
川芎,TGM2
川芎,THRB
川芎,TLR2
川贝母,ABCB11
川贝母,ABCG2
川贝母,ACHE
川贝母,ADORA2B
川贝母,ADORA3
川贝母,AKR1B1
川贝母,AKR1B10
川贝母,AKR1C3
川贝母,AKR1C4
川贝母,AKT1
川贝母,ALK
川贝母,ALOX12
川贝母,ALOX15
川贝母,ALOX5
川贝母,AOX1
川贝母,APEX1
川贝母,APP
川贝母,AR
川贝母,AURKA
川贝母,AURKB
川贝母,BACE1
川贝母,BCHE
川贝母,BCL2
川贝母,BCL2L1
川贝母,CA1
川贝母,CA12
川贝母,CA13
川贝母,CA14
川贝母,CA2
川贝母,CA3
川贝母,CA4
川贝母,CA5A
川贝母,CA5B
川贝母,CA6
川贝母,CA7
川贝母,CA9
川贝母,CAMK2B
川贝母,CBR1
川贝母,CD38
川贝母,CDK6
川贝母,CSNK2A1
川贝母,CTBP2
川贝母,CTSL
川贝母,CXCL8
川贝母,CXCR1
川贝母,CYP19A1
川贝母,CYP1A2
川贝母,CYP1B1
川贝母,CYP2A6
川贝母,CYP2C19
川贝母,CYP2C9
川贝母,CYP2D6
川贝母,CYP3A4
川贝母,DAO
川贝母,DNMT1
川贝母,DPP4
川贝母,DRD1
川贝母,DUSP3
川贝母,EGFR
川贝母,EGLN1
川贝母,EHMT2
川贝母,EPHX2
川贝母,ESR1
川贝母,F2
川贝母,F3
川贝母,FABP2
川贝母,FABP3
川贝母,FABP4
川贝母,FABP5
川贝母,FASN
川贝母,FLT3
川贝母,GAA
川贝母,GBA
川贝母,GLO1
川贝母,GPR35
川贝母,GSK3B
川贝母,HCAR2
川贝母,HIF1A
川贝母,HSD11B1
川贝母,HSD17B1
川贝母,HTR7
川贝母,IDH1
川贝母,IDO1
川贝母,IGF1R
川贝母,KDM4E
川贝母,KDR
川贝母,KMT2A
川贝母,MAPK1
川贝母,MAPKAPK2
川贝母,MAPT
川贝母,MET
川贝母,MGLL
川贝母,MMP1
川贝母,MMP12
川贝母,MMP13
川贝母,MMP2
川贝母,MMP3
川贝母,MMP9
川贝母,MTNR1A
川贝母,NEK6
川贝母,NFKB1
川贝母,NQO2
川贝母,NR1H4
川贝母,NR1I2
川贝母,NUAK1
川贝母,PDE5A
川贝母,PIM1
川贝母,PKN1
川贝母,PLG
川贝母,PLK1
川贝母,PNP
川贝母,POLB
川贝母,PPARA
川贝母,PPARD
川贝母,PPARG
川贝母,PRKCA
川贝母,PTGS1
川贝母,PTGS2
川贝母,PTK2
川贝母,PTPN1
川贝母,PTPN6
川贝母,PTPRF
川贝母,PTPRS
川贝母,RELA
川贝母,RORC
川贝母,SIRT2
川贝母,SIRT3
川贝母,SLC28A1
川贝母,SLC28A3
川贝母,SLCO1B1
川贝母,SLCO1B3
川贝母,SYK
川贝母,TERT
川贝母,THRB
川贝母,TLR2
川贝母,TNKS2
川贝母,TOP1
川贝母,TOP2A
川贝母,TTR
川贝母,TYR
川贝母,UGT1A1
川贝母,XDH
广藿香,ABCB1
广藿香,ABCC1
广藿香,ACHE
广藿香,ACP1
广藿香,ADORA2A
广藿香,ADORA2B
广藿香,ADORA3
广藿香,AKR1B1
广藿香,AKR1B10
广藿香,AKR1C2
广藿香,AKR1C3
广藿香,AKR1C4
广藿香,ALOX12
广藿香,ALOX15
广藿香,ALOX5
广藿香,ALPI
广藿香,ALPL
广藿香,AMY1A
广藿香,APEX1
广藿香,APOBEC3G
广藿香,APP
广藿香,AR
广藿香,AURKB
广藿香,AXL
广藿香,BACE1
广藿香,BCHE
广藿香,BCL2
广藿香,BCL2L1
广藿香,BCR
广藿香,CA1
广藿香,CA12
广藿香,CA13
广藿香,CA14
广藿香,CA2
广藿香,CA3
广藿香,CA4
广藿香,CA5A
广藿香,CA5B
广藿香,CA6
广藿香,CA7
广藿香,CA9
广藿香,CAMK2B
广藿香,CBR1
广藿香,CD38
广藿香,CDC25B
广藿香,CDK6
广藿香,CNR1
广藿香,CNR2
广藿香,CTBP2
广藿香,CXCL8
广藿香,CXCR1
广藿香,CYP19A1
广藿香,CYP1A1
广藿香,CYP1A2
广藿香,CYP1B1
广藿香,CYP2A6
广藿香,CYP2C19
广藿香,CYP2C8
广藿香,CYP2C9
广藿香,CYP2D6
广藿香,CYP2E1
广藿香,CYP2J2
广藿香,CYP3A4
广藿香,DAO
广藿香,DAPK1
广藿香,DPP4
广藿香,DRD1
广藿香,DUSP3
广藿香,EGFR
广藿香,EGLN1
广藿香,EHMT2
广藿香,ERBB2
广藿香,ESR1
广藿香,ESR2
广藿香,F10
广藿香,F2
广藿香,F3
广藿香,FABP2
广藿香,FABP3
广藿香,FABP5
广藿香,FASN
广藿香,FLT3
广藿香,FUT7
广藿香,GAA
广藿香,GBA
广藿香,GLO1
广藿香,GLRA1
广藿香,GPR35
广藿香,GRM2
广藿香,GRM3
广藿香,GSK3B
广藿香,GSTP1
广藿香,HCAR2
广藿香,HIF1A
广藿香,HSD11B2
广藿香,HSD17B1
广藿香,HSD17B2
广藿香,HTR2A
广藿香,HTR7
广藿香,IDH1
广藿香,INSR
广藿香,KCNH2
广藿香,KDM4E
广藿香,KDR
广藿香,KMT2A
广藿香,LDHA
广藿香,LIMK1
广藿香,MAOA
广藿香,MAP2K1
广藿香,MAP3K8
广藿香,MAPK1
广藿香,MAPKAPK2
广藿香,MAPT
广藿香,MET
广藿香,MMP1
广藿香,MMP12
广藿香,MMP13
广藿香,MMP2
广藿香,MMP9
广藿香,MPG
广藿香,NEK2
广藿香,NFKB1
广藿香,NR1H4
广藿香,NUAK1
广藿香,OPRM1
广藿香,PDE5A
广藿香,PIK3CA
广藿香,PIK3CG
广藿香,PIM1
广藿香,PKN1
广藿香,PLG
广藿香,PNP
广藿香,POLB
广藿香,PPARA
广藿香,PPARD
广藿香,PPARG
广藿香,PTGS1
广藿香,PTGS2
广藿香,PTPN1
广藿香,PTPN2
广藿香,PTPN6
广藿香,PTPRF
广藿香,PTPRS
广藿香,RELA
广藿香,RORC
广藿香,SHBG
广藿香,SLC28A1
广藿香,SLC28A3
广藿香,SLC47A1
广藿香,SLCO1B1
广藿香,SLCO1B3
广藿香,SLCO2B1
广藿香,SMAD3
广藿香,SOAT1
广藿香,SOAT2
广藿香,SRC
广藿香,STAT3
广藿香,SYK
广藿香,TBXAS1
广藿香,TEK
广藿香,TERT
广藿香,TGM2
广藿香,THRB
广藿香,TLR2
广藿香,TOP1
广藿香,TOP2A
广藿香,TTR
广藿香,TYR
广藿香,UBE2N
广藿香,UGT1A1
广藿香,VDR
广藿香,XDH
延胡索,ADORA2A
延胡索,ADORA3
延胡索,AKR1B1
延胡索,AKR1B10
延胡索,ALK
延胡索,ALOX12
延胡索,ALOX15
延胡索,ALOX5
延胡索,APEX1
延胡索,APP
延胡索,AVPR2
延胡索,BACE1
延胡索,BCL2L1
延胡索,CA1
延胡索,CA12
延胡索,CA14
延胡索,CA2
延胡索,CA3
延胡索,CA4
延胡索,CA5A
延胡索,CA5B
延胡索,CA6
延胡索,CA7
延胡索,CD38
延胡索,CSNK2A1
延胡索,CTSL
延胡索,CXCL8
延胡索,CYP19A1
延胡索,CYP1A1
延胡索,CYP1B1
延胡索,CYP2C19
延胡索,CYP2C9
延胡索,CYP2J2
延胡索,CYP3A4
延胡索,DAPK1
延胡索,DPP4
延胡索,DUSP3
延胡索,EGFR
延胡索,EHMT2
延胡索,ESR1
延胡索,FABP5
延胡索,FLT3
延胡索,GAA
延胡索,GBA
延胡索,GPR35
延胡索,HIF1A
延胡索,HSD17B2
延胡索,HSPA8
延胡索,IDH1
延胡索,KMT2A
延胡索,MAP2K1
延胡索,MAPK1
延胡索,MAPT
延胡索,MMP1
延胡索,MMP12
延胡索,MMP9
延胡索,NEK6
延胡索,NFKB1
延胡索,NUAK1
延胡索,PDE5A
延胡索,PLG
延胡索,PPARA
延胡索,PPARD
延胡索,PTGES
延胡索,PTPN1
延胡索,PTPN2
延胡索,RORC
延胡索,SLC22A1
延胡索,SLCO1B1
延胡索,TEK
延胡索,TERT
延胡索,THRB
延胡索,TOP1
延胡索,TYR
延胡索,XDH
当归,ACHE
当归,ACP1
当归,ADORA2A
当归,ADORA3
当归,AKR1B1
当归,AKR1B10
当归,AKR1C2
当归,ALK
当归,ALOX12
当归,ALOX15
当归,ALOX5
当归,ALPI
当归,AMY1A
当归,APEX1
当归,APP
当归,AR
当归,AVPR2
当归,AXL
当归,BCHE
当归,BCL2
当归,CA1
当归,CA12
当归,CA14
当归,CA2
当归,CA3
当归,CA4
当归,CA5B
当归,CA6
当归,CA7
当归,CA9
当归,CCR4
当归,CD38
当归,CDK6
当归,CSNK2A1
当归,CXCL8
当归,CYP19A1
当归,CYP1A2
当归,CYP1B1
当归,CYP2A6
当归,CYP2C19
当归,CYP2C9
当归,CYP2J2
当归,CYP3A4
当归,DAPK1
当归,DPP4
当归,DRD1
当归,DUSP3
当归,EGFR
当归,EHMT2
当归,EPHX2
当归,ESR1
当归,F2
当归,FABP2
当归,FABP3
当归,FABP4
当归,FASN
当归,FOLH1
当归,GBA
当归,GRM3
当归,GSK3B
当归,GSTP1
当归,HCAR2
当归,HIF1A
当归,HSD11B1
当归,HSD17B1
当归,HSD17B2
当归,HSD17B3
当归,HTR6
当归,HTR7
当归,IDH1
当归,IDO1
当归,IGF1R
当归,INSR
当归,KDM4E
当归,KMT2A
当归,MAP2K1
当归,MAPK1
当归,MAPK14
当归,MAPT
当归,MGLL
当归,MMP1
当归,MMP12
当归,MMP2
当归,MMP3
当归,MMP9
当归,NEK2
当归,NEK6
当归,NFKB1
当归,NR3C1
当归,NUAK1
当归,PDE5A
当归,PIM1
当归,PLG
当归,PLK1
当归,POLB
当归,PPARA
当归,PPARD
当归,PPARG
当归,PRKCA
当归,PTGS1
当归,PTGS2
当归,PTK2
当归,PTPN1
当归,PTPRF
当归,PTPRS
当归,PYGL
当归,RORC
当归,SLCO1B3
当归,SLCO2B1
当归,SOAT1
当归,SYK
当归,TERT
当归,THRB
当归,TLR2
当归,TNKS
当归,TNKS2
当归,TOP2A
当归,TTR
当归,TYR
当归,UBE2N
当归,UGT1A1
旋覆花,ADORA3
旋覆花,AKR1B10
旋覆花,AMY1A
旋覆花,CA14
旋覆花,CA4
旋覆花,CD38
旋覆花,CSNK2A1
旋覆花,CXCL8
旋覆花,CYP19A1
旋覆花,CYP2D6
旋覆花,CYP3A4
旋覆花,EHMT2
旋覆花,ESR1
旋覆花,ESR2
旋覆花,FABP2
旋覆花,GAA
旋覆花,GBA
旋覆花,GPR35
旋覆花,GSK3B
旋覆花,HIF1A
旋覆花,HSD11B1
旋覆花,KDM4E
旋覆花,KMT2A
旋覆花,MAPT
旋覆花,NFKB1
旋覆花,NUAK1
旋覆花,POLB
旋覆花,PPARA
旋覆花,PPARG
旋覆花,SYK
旋覆花,THRB
旋覆花,TNKS
木蝴蝶,ABCB11
木蝴蝶,ABCC1
木蝴蝶,ABCG2
木蝴蝶,ACHE
木蝴蝶,ADORA1
木蝴蝶,ADORA2A
木蝴蝶,ADORA2B
木蝴蝶,AKR1B1
木蝴蝶,AKR1B10
木蝴蝶,AKR1C2
木蝴蝶,AKR1C3
木蝴蝶,AKR1C4
木蝴蝶,AKT1
木蝴蝶,ALK
木蝴蝶,ALOX12
木蝴蝶,ALOX15
木蝴蝶,ALOX5
木蝴蝶,ALPL
木蝴蝶,AMY1A
木蝴蝶,APEX1
木蝴蝶,APP
木蝴蝶,AR
木蝴蝶,AURKA
木蝴蝶,AURKB
木蝴蝶,AVPR2
木蝴蝶,BACE1
木蝴蝶,BCHE
木蝴蝶,BCL2L1
木蝴蝶,CA1
木蝴蝶,CA12
木蝴蝶,CA13
木蝴蝶,CA14
木蝴蝶,CA2
木蝴蝶,CA3
木蝴蝶,CA4
木蝴蝶,CA5A
木蝴蝶,CA5B
木蝴蝶,CA6
木蝴蝶,CA7
木蝴蝶,CA9
木蝴蝶,CAMK2B
木蝴蝶,CBR1
木蝴蝶,CCR4
木蝴蝶,CDC25B
木蝴蝶,CDK6
木蝴蝶,CES1
木蝴蝶,CSNK2A1
木蝴蝶,CTSD
木蝴蝶,CTSL
木蝴蝶,CXCL8
木蝴蝶,CXCR1
木蝴蝶,CYP19A1
木蝴蝶,CYP1A1
木蝴蝶,CYP1A2
木蝴蝶,CYP1B1
木蝴蝶,CYP2A6
木蝴蝶,CYP2C19
木蝴蝶,CYP2C8
木蝴蝶,CYP2C9
木蝴蝶,CYP2D6
木蝴蝶,CYP3A4
木蝴蝶,DAO
木蝴蝶,DAPK1
木蝴蝶,DNMT1
木蝴蝶,DPP4
木蝴蝶,DRD3
木蝴蝶,DYRK1A
木蝴蝶,EGFR
木蝴蝶,EHMT2
木蝴蝶,EPHX2
木蝴蝶,ERBB2
木蝴蝶,ESR1
木蝴蝶,ESR2
木蝴蝶,ESRRA
木蝴蝶,F2
木蝴蝶,F3
木蝴蝶,FABP2
木蝴蝶,FABP3
木蝴蝶,FABP4
木蝴蝶,FASN
木蝴蝶,FDPS
木蝴蝶,FLT3
木蝴蝶,FUT7
木蝴蝶,GAA
木蝴蝶,GABRR1
木蝴蝶,GBA
木蝴蝶,GLO1
木蝴蝶,GPR35
木蝴蝶,GRM5
木蝴蝶,GSK3B
木蝴蝶,HCAR2
木蝴蝶,HDAC6
木蝴蝶,HIF1A
木蝴蝶,HSD17B1
木蝴蝶,HSPA8
木蝴蝶,HTR1A
木蝴蝶,HTR2B
木蝴蝶,HTR7
木蝴蝶,IDH1
木蝴蝶,IGF1R
木蝴蝶,INSR
木蝴蝶,KCNH2
木蝴蝶,KDM4E
木蝴蝶,KDR
木蝴蝶,KMT2A
木蝴蝶,MAOA
木蝴蝶,MAOB
木蝴蝶,MAPK1
木蝴蝶,MAPK14
木蝴蝶,MAPT
木蝴蝶,MET
木蝴蝶,MGLL
木蝴蝶,MMP1
木蝴蝶,MMP12
木蝴蝶,MMP13
木蝴蝶,MMP2
木蝴蝶,MMP3
木蝴蝶,MMP9
木蝴蝶,MPG
木蝴蝶,NEK2
木蝴蝶,NEK6
木蝴蝶,NFKB1
木蝴蝶,NOS2
木蝴蝶,NR1H4
木蝴蝶,NR1I2
木蝴蝶,NUAK1
木蝴蝶,PIK3CB
木蝴蝶,PIK3CG
木蝴蝶,PIM1
木蝴蝶,PLG
木蝴蝶,PLK1
木蝴蝶,PNP
木蝴蝶,POLA1
木蝴蝶,POLB
木蝴蝶,PPARA
木蝴蝶,PPARD
木蝴蝶,PPARG
木蝴蝶,PRKCA
木蝴蝶,PTGS1
木蝴蝶,PTGS2
木蝴蝶,PTK2
木蝴蝶,PTPN1
木蝴蝶,PTPN11
木蝴蝶,PTPN2
木蝴蝶,PTPN6
木蝴蝶,RORB
木蝴蝶,RORC
木蝴蝶,SLC28A2
木蝴蝶,SLC28A3
木蝴蝶,SLC5A2
木蝴蝶,SLCO1B3
木蝴蝶,SLCO2B1
木蝴蝶,SMAD3
木蝴蝶,SOAT1
木蝴蝶,SRC
木蝴蝶,SYK
木蝴蝶,TERT
木蝴蝶,THRB
木蝴蝶,TLR2
木蝴蝶,TNKS
木蝴蝶,TOP1
木蝴蝶,TOP2A
木蝴蝶,TRPV1
木蝴蝶,TTR
木蝴蝶,TYR
木蝴蝶,UGT1A1
木蝴蝶,XDH
木通,ACHE
木通,AKR1B1
木通,ALOX12
木通,ALOX15
木通,ALOX5
木通,APEX1
木通,AR
木通,BACE1
木通,BCL2
木通,CA1
木通,CA12
木通,CA13
木通,CA2
木通,CA3
木通,CA4
木通,CA5A
木通,CA6
木通,CA7
木通,CCR4
木通,CD38
木通,CDK6
木通,CSNK2A1
木通,CXCL8
木通,CYP19A1
木通,CYP1A2
木通,CYP2C19
木通,CYP2C8
木通,CYP2C9
木通,CYP2D6
木通,CYP2J2
木通,CYP3A4
木通,DAPK1
木通,EGFR
木通,EPHX2
木通,ESRRA
木通,F2
木通,FABP4
木通,FASN
木通,GAA
木通,GBA
木通,GSK3B
木通,HIF1A
木通,HSD11B1
木通,HSD17B2
木通,IDH1
木通,KDM4E
木通,KMT2A
木通,MAPK1
木通,MAPT
木通,MMP1
木通,MMP2
木通,NFKB1
木通,PDE5A
木通,PLK1
木通,PPARA
木通,PPARD
木通,PTGS2
木通,PTPRF
木通,PTPRS
木通,RORC
木通,SLCO1B1
木通,SYK
木通,THRB
木通,TTR
杏仁,ABCC1
杏仁,ABCG2
杏仁,ACHE
杏仁,ADORA3
杏仁,ADRB2
杏仁,AKR1B1
杏仁,AKR1B10
杏仁,AKR1C2
杏仁,AKT1
杏仁,ALK
杏仁,ALOX15
杏仁,ALOX5
杏仁,ALPL
杏仁,AMY1A
杏仁,APEX1
杏仁,APOBEC3G
杏仁,APP
杏仁,AR
杏仁,ATR
杏仁,BACE1
杏仁,BCHE
杏仁,BCL2
杏仁,BCL2L1
杏仁,BCR
杏仁,CA1
杏仁,CA12
杏仁,CA13
杏仁,CA14
杏仁,CA2
杏仁,CA3
杏仁,CA4
杏仁,CA5A
杏仁,CA5B
杏仁,CA6
杏仁,CA7
杏仁,CA9
杏仁,CCR4
杏仁,CD38
杏仁,CHRM2
杏仁,CHRM3
杏仁,CXCL8
杏仁,CYP19A1
杏仁,CYP1A2
杏仁,CYP1B1
杏仁,CYP2C19
杏仁,CYP2C8
杏仁,CYP2C9
杏仁,CYP2D6
杏仁,CYP3A4
杏仁,DAPK1
杏仁,DRD1
杏仁,DUSP3
杏仁,EGFR
杏仁,EHMT2
杏仁,EPHX2
杏仁,ERBB2
杏仁,ESR1
杏仁,ESR2
杏仁,F10
杏仁,F3
杏仁,FABP2
杏仁,FABP3
杏仁,FABP4
杏仁,FABP5
杏仁,FLT3
杏仁,FLT4
杏仁,GBA
杏仁,GLO1
杏仁,GSK3B
杏仁,HCAR2
杏仁,HIF1A
杏仁,HSD11B1
杏仁,HSD17B1
杏仁,HSD17B2
杏仁,HSP90AB1
杏仁,HSPA8
杏仁,HTR1A
杏仁,HTR5A
杏仁,HTR7
杏仁,IDH1
杏仁,IDO1
杏仁,KCNH2
杏仁,KDM4E
杏仁,KMT2A
杏仁,MAOA
杏仁,MAP2K1
杏仁,MAPK1
杏仁,MAPK14
杏仁,MAPK9
杏仁,MAPT
杏仁,MET
杏仁,MMP1
杏仁,MMP13
杏仁,MMP2
杏仁,MMP3
杏仁,MMP9
杏仁,NFKB1
杏仁,PDE5A
杏仁,PDGFRB
杏仁,PIK3CB
杏仁,PIM1
杏仁,PKN1
杏仁,PLG
杏仁,POLB
杏仁,PPARA
杏仁,PPARD
杏仁,PPARG
杏仁,PRKCA
杏仁,PRMT1
杏仁,PTGS1
杏仁,PTK2
杏仁,PTPN1
杏仁,PTPN2
杏仁,PTPRF
杏仁,PTPRS
杏仁,PYGL
杏仁,RORC
杏仁,SLC22A1
杏仁,SLC47A1
杏仁,SLCO1B3
杏仁,SLCO2B1
杏仁,SOAT1
杏仁,STAT3
杏仁,TERT
杏仁,THRB
杏仁,TLR2
杏仁,TNKS
杏仁,TNKS2
杏仁,TOP1
杏仁,TOP2A
杏仁,TTR
杏仁,TYR
杏仁,UGT1A1
杏仁,XDH
板蓝根,ACHE
板蓝根,ADORA2A
板蓝根,ADORA3
板蓝根,AKR1B1
板蓝根,AKR1B10
板蓝根,ALOX15
板蓝根,ALOX5
板蓝根,AMY1A
板蓝根,APEX1
板蓝根,APP
板蓝根,AR
板蓝根,AXL
板蓝根,BACE1
板蓝根,BCHE
板蓝根,CA1
板蓝根,CA12
板蓝根,CA14
板蓝根,CA2
板蓝根,CA3
板蓝根,CA4
板蓝根,CA5A
板蓝根,CA5B
板蓝根,CA6
板蓝根,CA7
板蓝根,CA9
板蓝根,CXCL8
板蓝根,CYP19A1
板蓝根,CYP1A1
板蓝根,CYP1B1
板蓝根,CYP2C19
板蓝根,CYP2C9
板蓝根,CYP2D6
板蓝根,CYP3A4
板蓝根,DPP4
板蓝根,DRD1
板蓝根,DYRK1A
板蓝根,ESR1
板蓝根,ESR2
板蓝根,F2
板蓝根,FABP3
板蓝根,FABP4
板蓝根,GAA
板蓝根,GBA
板蓝根,HCAR2
板蓝根,HDAC6
板蓝根,HIF1A
板蓝根,HSD17B1
板蓝根,HTR7
板蓝根,IDH1
板蓝根,KDR
板蓝根,MAPK1
板蓝根,MAPK14
板蓝根,MAPKAPK2
板蓝根,MAPT
板蓝根,MMP13
板蓝根,MMP2
板蓝根,MMP3
板蓝根,MMP9
板蓝根,MPG
板蓝根,PARP1
板蓝根,PDE5A
板蓝根,PIK3CG
板蓝根,PIM1
板蓝根,PLG
板蓝根,POLB
板蓝根,PPARA
板蓝根,PPARG
板蓝根,PRKCA
板蓝根,PTGS1
板蓝根,PTGS2
板蓝根,PTPRS
板蓝根,RORC
板蓝根,SLCO1B1
板蓝根,SLCO1B3
板蓝根,SLCO2B1
板蓝根,TLR2
板蓝根,TYR
板蓝根,UGT1A1
板蓝根,XDH
枳壳,ACHE
枳壳,ACP1
枳壳,ADORA2B
枳壳,ADORA3
枳壳,ADRB2
枳壳,AKR1B1
枳壳,AKR1B10
枳壳,AKR1C2
枳壳,AKR1C4
枳壳,AKT1
枳壳,ALK
枳壳,ALOX12
枳壳,ALOX15
枳壳,ALOX5
枳壳,ALPI
枳壳,AMY1A
枳壳,AOC3
枳壳,APEX1
枳壳,APP
枳壳,AR
枳壳,AURKB
枳壳,AVPR2
枳壳,BACE1
枳壳,CA1
枳壳,CA12
枳壳,CA14
枳壳,CA2
枳壳,CA3
枳壳,CA4
枳壳,CA5A
枳壳,CA5B
枳壳,CA6
枳壳,CA7
枳壳,CA9
枳壳,CAMK2B
枳壳,CCR4
枳壳,CD38
枳壳,CDK6
枳壳,CHRM5
枳壳,CTSL
枳壳,CXCL8
枳壳,CXCR1
枳壳,CYP19A1
枳壳,CYP1A1
枳壳,CYP1A2
枳壳,CYP1B1
枳壳,CYP2A13
枳壳,CYP2A6
枳壳,CYP2C19
枳壳,CYP2C8
枳壳,CYP2C9
枳壳,CYP2D6
枳壳,CYP3A4
枳壳,DAPK1
枳壳,DHFR
枳壳,DPP4
枳壳,DRD1
枳壳,DUSP3
枳壳,EGFR
枳壳,EHMT2
枳壳,EPHX2
枳壳,ERBB2
枳壳,ESR1
枳壳,ESRRA
枳壳,ESRRB
枳壳,F10
枳壳,F3
枳壳,FABP3
枳壳,FABP4
枳壳,FABP5
枳壳,FASN
枳壳,FDPS
枳壳,FLT3
枳壳,GAA
枳壳,GBA
枳壳,GLO1
枳壳,GPBAR1
枳壳,GPR35
枳壳,GRM3
枳壳,GRM4
枳壳,GSK3B
枳壳,HCAR2
枳壳,HIF1A
枳壳,HKDC1
枳壳,HSD11B1
枳壳,HSD17B1
枳壳,HSD17B2
枳壳,HSP90AB1
枳壳,HSPA1A
枳壳,HTR1A
枳壳,HTR2A
枳壳,IDH1
枳壳,IDO1
枳壳,IGF1R
枳壳,KDM4E
枳壳,KDM5C
枳壳,KDR
枳壳,KMT2A
枳壳,MAOA
枳壳,MAOB
枳壳,MAP2K1
枳壳,MAP3K8
枳壳,MAPK1
枳壳,MAPK14
枳壳,MAPKAPK2
枳壳,MAPT
枳壳,MET
枳壳,MMP1
枳壳,MMP12
枳壳,MMP2
枳壳,MMP3
枳壳,MMP9
枳壳,MPG
枳壳,NEK2
枳壳,NEK6
枳壳,NFKB1
枳壳,NOS2
枳壳,NR1H4
枳壳,NUAK1
枳壳,ODC1
枳壳,PARP1
枳壳,PDE5A
枳壳,PDPK1
枳壳,PIK3CB
枳壳,PIK3CG
枳壳,PIM1
枳壳,PLG
枳壳,PLK1
枳壳,POLB
枳壳,PPARA
枳壳,PPARD
枳壳,PPARG
枳壳,PRKCA
枳壳,PRKCD
枳壳,PTGES
枳壳,PTGS1
枳壳,PTGS2
枳壳,PTK2
枳壳,PTK2B
枳壳,PTPN1
枳壳,PTPN2
枳壳,PTPN6
枳壳,PTPRF
枳壳,PYGL
枳壳,RORC
枳壳,SLC15A2
枳壳,SLC1A1
枳壳,SLC28A2
枳壳,SLC28A3
枳壳,SLC5A1
枳壳,SLCO1B1
枳壳,SLCO1B3
枳壳,SLCO2B1
枳壳,SMAD3
枳壳,SOAT1
枳壳,SYK
枳壳,TERT
枳壳,TLR2
枳壳,TNKS
枳壳,TNKS2
枳壳,TOP1
枳壳,TOP2A
枳壳,TRPV1
枳壳,TTR
枳壳,TYR
枳壳,UGT1A1
枳壳,XDH
枳实,ABCB1
枳实,ABCC1
枳实,ABCG2
枳实,ACHE
枳实,ADORA1
枳实,ADORA2A
枳实,ADORA2B
枳实,ADORA3
枳实,ADRB2
枳实,AKR1B1
枳实,AKR1B10
枳实,AKR1C3
枳实,AKT1
枳实,ALK
枳实,ALOX12
枳实,ALOX15
枳实,ALOX5
枳实,ALPI
枳实,ALPL
枳实,AMY1A
枳实,APEX1
枳实,APP
枳实,AR
枳实,AURKB
枳实,AVPR2
枳实,AXL
枳实,BACE1
枳实,BCHE
枳实,BCL2L1
枳实,BRAF
枳实,CA1
枳实,CA12
枳实,CA13
枳实,CA14
枳实,CA2
枳实,CA3
枳实,CA4
枳实,CA5A
枳实,CA5B
枳实,CA7
枳实,CA9
枳实,CAMK2B
枳实,CCR4
枳实,CD38
枳实,CDK6
枳实,CES1
枳实,CHRNA7
枳实,CSNK2A1
枳实,CXCL8
枳实,CXCR1
枳实,CYP19A1
枳实,CYP1A1
枳实,CYP1A2
枳实,CYP1B1
枳实,CYP2A6
枳实,CYP2B6
枳实,CYP2C19
枳实,CYP2C8
枳实,CYP2C9
枳实,CYP2D6
枳实,CYP2J2
枳实,CYP3A4
枳实,DAPK1
枳实,DHFR
枳实,DPP4
枳实,DUSP3
枳实,EGFR
枳实,EHMT2
枳实,EPHX2
枳实,ERBB2
枳实,ESR1
枳实,ESR2
枳实,ESRRA
枳实,F2
枳实,F3
枳实,FABP4
枳实,FABP5
枳实,FASN
枳实,FLT3
枳实,GAA
枳实,GBA
枳实,GLO1
枳实,GLRA1
枳实,GPR35
枳实,GRIA1
枳实,GRM5
枳实,GSK3B
枳实,HCAR2
枳实,HIF1A
枳实,HSD11B1
枳实,HSD17B1
枳实,HSD17B2
枳实,HSPA1A
枳实,HSPA8
枳实,HTR1A
枳实,IDH1
枳实,IGF1R
枳实,KCNH2
枳实,KDM4E
枳实,KDR
枳实,KIT
枳实,KMT2A
枳实,MAOA
枳实,MAP2K1
枳实,MAPK1
枳实,MAPT
枳实,MGLL
枳实,MMP1
枳实,MMP12
枳实,MMP13
枳实,MMP2
枳实,MMP3
枳实,MMP9
枳实,MPG
枳实,NEK2
枳实,NEK6
枳实,NFKB1
枳实,NOS2
枳实,NQO1
枳实,NR1H4
枳实,NR1I2
枳实,NUAK1
枳实,PDE5A
枳实,PDGFRB
枳实,PIK3CG
枳实,PIM1
枳实,PKN1
枳实,PLA2G2A
枳实,PLG
枳实,PLK1
枳实,PNP
枳实,POLB
枳实,PPARA
枳实,PPARD
枳实,PPARG
枳实,PRKCA
枳实,PTGS1
枳实,PTGS2
枳实,PTK2
枳实,PTPN1
枳实,PTPN11
枳实,PTPN6
枳实,PTPRF
枳实,PTPRS
枳实,PYGL
枳实,RELA
枳实,RORB
枳实,RORC
枳实,SHBG
枳实,SLC28A1
枳实,SLC47A1
枳实,SLC5A1
枳实,SLCO1B1
枳实,SLCO1B3
枳实,SLCO2B1
枳实,SOAT1
枳实,STAT3
枳实,TBXAS1
枳实,TERT
枳实,THRB
枳实,TOP1
枳实,TOP2A
枳实,TRPV1
枳实,TTR
枳实,TYR
枳实,UGT1A1
枳实,XDH
柏子仁,ALOX5
柏子仁,CA1
柏子仁,DAPK1
柏子仁,EHMT2
柏子仁,KDM4E
柏子仁,XDH
柴胡,ABCC1
柴胡,ABCG2
柴胡,ADORA2A
柴胡,ADORA2B
柴胡,AKR1B1
柴胡,AKR1B10
柴胡,AKR1C2
柴胡,AKR1C4
柴胡,AKT1
柴胡,ALK
柴胡,ALOX12
柴胡,ALOX15
柴胡,ALOX5
柴胡,ALPI
柴胡,APEX1
柴胡,APP
柴胡,AR
柴胡,AURKB
柴胡,AVPR2
柴胡,BACE1
柴胡,BCHE
柴胡,BCL2L1
柴胡,CA1
柴胡,CA12
柴胡,CA14
柴胡,CA2
柴胡,CA3
柴胡,CA4
柴胡,CA5B
柴胡,CA6
柴胡,CA7
柴胡,CA9
柴胡,CAMK2B
柴胡,CCR4
柴胡,CD38
柴胡,CDC25B
柴胡,CDK6
柴胡,CSNK2A1
柴胡,CTSL
柴胡,CYP19A1
柴胡,CYP1A1
柴胡,CYP1A2
柴胡,CYP1B1
柴胡,CYP2A6
柴胡,CYP2C19
柴胡,CYP2C8
柴胡,CYP2C9
柴胡,CYP2D6
柴胡,CYP3A4
柴胡,DAO
柴胡,DAPK1
柴胡,DPP4
柴胡,DRD1
柴胡,DRD2
柴胡,EGFR
柴胡,EHMT2
柴胡,EPHX2
柴胡,ERBB2
柴胡,ESR1
柴胡,ESR2
柴胡,F2
柴胡,F3
柴胡,FABP2
柴胡,FABP3
柴胡,FABP5
柴胡,FASN
柴胡,FLT3
柴胡,FLT4
柴胡,GAA
柴胡,GBA
柴胡,GLO1
柴胡,GLRA1
柴胡,GPR35
柴胡,GRIA2
柴胡,GRK6
柴胡,GRM4
柴胡,GSK3B
柴胡,HSD11B1
柴胡,HSD17B1
柴胡,HSD17B2
柴胡,HTR1A
柴胡,HTR7
柴胡,IDH1
柴胡,IDO1
柴胡,KDM4E
柴胡,KDR
柴胡,KMT2A
柴胡,MAOB
柴胡,MAP2K1
柴胡,MAPK1
柴胡,MAPK14
柴胡,MAPK9
柴胡,MAPKAPK2
柴胡,MAPT
柴胡,MET
柴胡,MMP1
柴胡,MMP12
柴胡,MMP13
柴胡,MMP2
柴胡,MMP3
柴胡,MMP9
柴胡,NEK2
柴胡,NEK6
柴胡,NFKB1
柴胡,NOS2
柴胡,NUAK1
柴胡,ODC1
柴胡,PARP1
柴胡,PDE5A
柴胡,PDGFRB
柴胡,PIK3CG
柴胡,PIM1
柴胡,PKN1
柴胡,PLG
柴胡,PLK1
柴胡,POLB
柴胡,PPARA
柴胡,PPARD
柴胡,PRKCA
柴胡,PTGS1
柴胡,PTGS2
柴胡,PTK2
柴胡,PTPN1
柴胡,PTPN11
柴胡,PTPRF
柴胡,PYGL
柴胡,RELA
柴胡,RORC
柴胡,SLC28A2
柴胡,SLC28A3
柴胡,SLC47A1
柴胡,SLCO1B1
柴胡,SLCO1B3
柴胡,SLCO2B1
柴胡,SRC
柴胡,STAT3
柴胡,SYK
柴胡,TEK
柴胡,TERT
柴胡,TNKS
柴胡,TOP1
柴胡,TOP2A
柴胡,TTR
柴胡,TYR
柴胡,UGT1A1
柴胡,XDH
栀子,ABCB11
栀子,ABCC1
栀子,ABCG2
栀子,ADORA3
栀子,ADRB2
栀子,AKR1B1
栀子,AKR1B10
栀子,AKR1C2
栀子,AKR1C3
栀子,AKR1C4
栀子,AKT1
栀子,ALK
栀子,ALOX12
栀子,ALOX15
栀子,ALOX5
栀子,AMY1A
栀子,APEX1
栀子,APP
栀子,AR
栀子,AURKB
栀子,AVPR2
栀子,AXL
栀子,BACE1
栀子,BCHE
栀子,BCL2
栀子,CA1
栀子,CA12
栀子,CA13
栀子,CA14
栀子,CA2
栀子,CA3
栀子,CA4
栀子,CA5A
栀子,CA5B
栀子,CA6
栀子,CA7
栀子,CA9
栀子,CCR4
栀子,CD38
栀子,CDK6
栀子,CTSD
栀子,CXCL8
栀子,CXCR1
栀子,CYP19A1
栀子,CYP1A1
栀子,CYP1A2
栀子,CYP1B1
栀子,CYP2A6
栀子,CYP2C19
栀子,CYP2C8
栀子,CYP2C9
栀子,CYP2D6
栀子,CYP2J2
栀子,CYP3A4
栀子,DAPK1
栀子,DPP4
栀子,DUSP3
栀子,EGFR
栀子,EHMT2
栀子,EPHX2
栀子,ESR1
栀子,ESR2
栀子,ESRRA
栀子,F2
栀子,F3
栀子,FABP2
栀子,FABP3
栀子,FABP4
栀子,FABP5
栀子,FLT3
栀子,FUT7
栀子,GBA
栀子,GLO1
栀子,GPR35
栀子,GRK6
栀子,GRM5
栀子,GRM8
栀子,GSK3B
栀子,HCAR2
栀子,HIF1A
栀子,HSD17B1
栀子,HSP90AB1
栀子,HSPA8
栀子,HTR1A
栀子,IDH1
栀子,IDO1
栀子,INSR
栀子,KCNH2
栀子,KDM4E
栀子,KDR
栀子,KIT
栀子,KMT2A
栀子,MAOA
栀子,MAP2K1
栀子,MAPK1
栀子,MAPT
栀子,MET
栀子,MGLL
栀子,MMP1
栀子,MMP12
栀子,MMP13
栀子,MMP2
栀子,MMP3
栀子,MMP9
栀子,MPG
栀子,NEK2
栀子,NFKB1
栀子,NQO2
栀子,NR1H4
栀子,NR1I2
栀子,ODC1
栀子,OPRM1
栀子,PARP1
栀子,PDE5A
栀子,PIK3CG
栀子,PIM1
栀子,PKN1
栀子,PLG
栀子,PLK1
栀子,PLK4
栀子,POLB
栀子,PPARA
栀子,PPARD
栀子,PPARG
栀子,PRKCA
栀子,PTGS1
栀子,PTGS2
栀子,PTK2
栀子,PTK2B
栀子,PTPN1
栀子,PTPN11
栀子,PTPRF
栀子,PYGL
栀子,RORC
栀子,SHBG
栀子,SIGMAR1
栀子,SLC28A1
栀子,SLC28A3
栀子,SLCO1B1
栀子,SLCO1B3
栀子,SLCO2B1
栀子,SOAT1
栀子,SRC
栀子,STAT3
栀子,SYK
栀子,TERT
栀子,THRB
栀子,TLR2
栀子,TNKS2
栀子,TOP1
栀子,TOP2A
栀子,TRPV1
栀子,TYR
栀子,UGT1A1
栀子,VCP
栀子,VDR
栀子,XDH
栀子,XPO1
桂枝,ABCG2
桂枝,AKR1B1
桂枝,ALOX15
桂枝,ALOX5
桂枝,APEX1
桂枝,APP
桂枝,AR
桂枝,CA1
桂枝,CA12
桂枝,CA3
桂枝,CA6
桂枝,CA7
桂枝,CA9
桂枝,CYP19A1
桂枝,CYP1A1
桂枝,CYP1A2
桂枝,CYP1B1
桂枝,CYP2C19
桂枝,CYP2C9
桂枝,DPP4
桂枝,DUSP3
桂枝,EGFR
桂枝,EHMT2
桂枝,GAA
桂枝,HIF1A
桂枝,HSD17B1
桂枝,IDH1
桂枝,KDM4E
桂枝,MAPK1
桂枝,MAPT
桂枝,MET
桂枝,MMP12
桂枝,MMP13
桂枝,MMP9
桂枝,PLG
桂枝,POLB
桂枝,PPARA
桂枝,PTK2
桂枝,SLCO2B1
桂枝,SMAD3
桂枝,TOP2A
桂枝,UGT1A1
桃仁,ACHE
桃仁,AKR1B1
桃仁,AKR1B10
桃仁,ALOX12
桃仁,ALOX15
桃仁,ALOX5
桃仁,AMY1A
桃仁,APEX1
桃仁,APP
桃仁,AURKB
桃仁,AXL
桃仁,BACE1
桃仁,BCHE
桃仁,BCL2
桃仁,CA1
桃仁,CA12
桃仁,CA14
桃仁,CA2
桃仁,CA3
桃仁,CA5A
桃仁,CA6
桃仁,CA9
桃仁,CTBP2
桃仁,CTSL
桃仁,CYP19A1
桃仁,CYP1A1
桃仁,CYP1A2
桃仁,CYP2C19
桃仁,CYP2C9
桃仁,CYP3A4
桃仁,DAPK1
桃仁,DPP4
桃仁,DRD1
桃仁,EHMT2
桃仁,ESR1
桃仁,ESR2
桃仁,GAA
桃仁,GLO1
桃仁,GPR35
桃仁,GRM5
桃仁,GSK3B
桃仁,HIF1A
桃仁,HSD17B2
桃仁,IDH1
桃仁,KDM4E
桃仁,KMT2A
桃仁,MAPKAPK2
桃仁,MAPT
桃仁,MMP12
桃仁,MMP2
桃仁,MMP3
桃仁,MPG
桃仁,NFKB1
桃仁,NUAK1
桃仁,PIM1
桃仁,PLK1
桃仁,POLB
桃仁,PPARA
桃仁,PPARD
桃仁,PPARG
桃仁,PTAFR
桃仁,PTPN11
桃仁,PTPN2
桃仁,PTPRS
桃仁,SLC28A1
桃仁,SLCO1B1
桃仁,SLCO1B3
桃仁,SLCO2B1
桃仁,SRC
桃仁,THRB
桃仁,TLR2
桃仁,TNKS2
桃仁,TOP2A
桃仁,TTR
桃仁,TYR
桃仁,UGT1A1
桑叶,ABCC1
桑叶,ABCG2
桑叶,ACHE
桑叶,ADORA1
桑叶,ADORA2A
桑叶,ADORA2B
桑叶,ADORA3
桑叶,AKR1B1
桑叶,AKR1B10
桑叶,AKR1C2
桑叶,AKR1C3
桑叶,AKR1C4
桑叶,AKT1
桑叶,ALK
桑叶,ALOX12
桑叶,ALOX15
桑叶,ALOX5
桑叶,AMY1A
桑叶,APEX1
桑叶,APOBEC3G
桑叶,APP
桑叶,AR
桑叶,ATR
桑叶,AURKB
桑叶,AVPR2
桑叶,AXL
桑叶,BACE1
桑叶,BCHE
桑叶,BCL2
桑叶,BCL2L1
桑叶,CA1
桑叶,CA12
桑叶,CA13
桑叶,CA14
桑叶,CA2
桑叶,CA3
桑叶,CA4
桑叶,CA5A
桑叶,CA5B
桑叶,CA6
桑叶,CA7
桑叶,CA9
桑叶,CAMK2B
桑叶,CARM1
桑叶,CBR1
桑叶,CCR4
桑叶,CD38
桑叶,CDC25B
桑叶,CDK6
桑叶,CES1
桑叶,CNR1
桑叶,CSNK2A1
桑叶,CTSD
桑叶,CTSL
桑叶,CXCL8
桑叶,CXCR1
桑叶,CYP19A1
桑叶,CYP1A1
桑叶,CYP1A2
桑叶,CYP1B1
桑叶,CYP2A13
桑叶,CYP2A6
桑叶,CYP2C19
桑叶,CYP2C8
桑叶,CYP2C9
桑叶,CYP2D6
桑叶,CYP2J2
桑叶,CYP3A4
桑叶,CYP3A5
桑叶,DAO
桑叶,DAPK1
桑叶,DNMT1
桑叶,DPP4
桑叶,DRD1
桑叶,DUSP3
桑叶,DYRK1A
桑叶,EGFR
桑叶,EGLN1
桑叶,EHMT2
桑叶,EPHB4
桑叶,ERBB2
桑叶,ESR1
桑叶,ESR2
桑叶,ESRRA
桑叶,F2
桑叶,F3
桑叶,FABP2
桑叶,FABP3
桑叶,FABP4
桑叶,FABP5
桑叶,FASN
桑叶,FLT3
桑叶,FUT7
桑叶,GAA
桑叶,GBA
桑叶,GBA2
桑叶,GLO1
桑叶,GLRA1
桑叶,GPR35
桑叶,GRM4
桑叶,GRM5
桑叶,GSK3B
桑叶,HCAR2
桑叶,HDAC1
桑叶,HDAC2
桑叶,HIF1A
桑叶,HMGCR
桑叶,HSD17B1
桑叶,HSD17B3
桑叶,HSPA1A
桑叶,HTR1A
桑叶,HTR1E
桑叶,HTR6
桑叶,HTR7
桑叶,IDH1
桑叶,IGF1R
桑叶,INSR
桑叶,KCNH2
桑叶,KDM4E
桑叶,KDR
桑叶,KMT2A
桑叶,LDHA
桑叶,MAOA
桑叶,MAOB
桑叶,MAP2K1
桑叶,MAPK1
桑叶,MAPK14
桑叶,MAPK9
桑叶,MAPT
桑叶,MCL1
桑叶,MET
桑叶,MIF
桑叶,MMP1
桑叶,MMP12
桑叶,MMP13
桑叶,MMP14
桑叶,MMP2
桑叶,MMP3
桑叶,MMP9
桑叶,MPG
桑叶,MYLK
桑叶,NEK2
桑叶,NFKB1
桑叶,NR1H4
桑叶,NR1I2
桑叶,NR3C1
桑叶,NUAK1
桑叶,ODC1
桑叶,OPRD1
桑叶,OPRK1
桑叶,OPRM1
桑叶,PARP1
桑叶,PDE5A
桑叶,PDPK1
桑叶,PIK3CA
桑叶,PIK3CB
桑叶,PIK3CG
桑叶,PIM1
桑叶,PKN1
桑叶,PLA2G2A
桑叶,PLG
桑叶,PLK1
桑叶,PLK4
桑叶,PNP
桑叶,POLB
桑叶,PPARA
桑叶,PPARD
桑叶,PPARG
桑叶,PRKCA
桑叶,PRKCE
桑叶,PRMT1
桑叶,PTGES
桑叶,PTGS1
桑叶,PTGS2
桑叶,PTK2
桑叶,PTPN1
桑叶,PTPN2
桑叶,PTPN6
桑叶,PTPRF
桑叶,RELA
桑叶,RORC
桑叶,SENP8
桑叶,SHBG
桑叶,SLC1A1
桑叶,SLC28A2
桑叶,SLC28A3
桑叶,SLC5A1
桑叶,SLC6A2
桑叶,SLCO1B1
桑叶,SLCO1B3
桑叶,SLCO2B1
桑叶,SOAT1
桑叶,SRC
桑叶,STAT3
桑叶,SYK
桑叶,TBXAS1
桑叶,TERT
桑叶,THRB
桑叶,TLR2
桑叶,TOP1
桑叶,TOP2A
桑叶,TRPV1
桑叶,TTR
桑叶,TUBB3
桑叶,TYR
桑叶,UBE2N
桑叶,UGT1A1
桑叶,XDH
桑叶,XPO1
桑白皮,ACHE
桑白皮,AKR1B1
桑白皮,AKR1B10
桑白皮,ALOX15
桑白皮,ALOX5
桑白皮,ALPI
桑白皮,APEX1
桑白皮,APP
桑白皮,AR
桑白皮,CA1
桑白皮,CA2
桑白皮,CA4
桑白皮,CAMK2B
桑白皮,CXCR1
桑白皮,CYP2C19
桑白皮,CYP2C9
桑白皮,CYP2J2
桑白皮,CYP3A4
桑白皮,DRD1
桑白皮,EHMT2
桑白皮,GLO1
桑白皮,HIF1A
桑白皮,HTR7
桑白皮,KDM4E
桑白皮,KMT2A
桑白皮,MAP2K1
桑白皮,MAPT
桑白皮,MCL1
桑白皮,MPG
桑白皮,NFKB1
桑白皮,POLB
桑白皮,PPARD
桑白皮,PTGS2
桑白皮,RORC
桑白皮,SRC
桑白皮,SYK
桑白皮,TLR2
桑白皮,UGT1A1
桑白皮,XDH
桔梗,AKR1B1
桔梗,CA5B
桔梗,CYP2C19
桔梗,CYP3A4
桔梗,DRD1
桔梗,EHMT2
桔梗,FLT3
桔梗,GBA
桔梗,GSK3B
桔梗,HIF1A
桔梗,IGF1R
桔梗,KDM4E
桔梗,MAPK1
桔梗,PTGS2
桔梗,TERT
橘红,ACHE
橘红,ADORA3
橘红,AKR1C4
橘红,AKT1
橘红,ALOX12
橘红,ALOX15
橘红,AMY1A
橘红,APEX1
橘红,APP
橘红,AR
橘红,AXL
橘红,BCL2
橘红,BCL2L1
橘红,CA1
橘红,CA12
橘红,CA13
橘红,CA14
橘红,CA2
橘红,CA4
橘红,CA5A
橘红,CA7
橘红,CA9
橘红,CTSD
橘红,CXCL8
橘红,CYP1A1
橘红,CYP1B1
橘红,CYP2A6
橘红,CYP2C19
橘红,CYP2D6
橘红,CYP3A4
橘红,EHMT2
橘红,EPHX2
橘红,ESR1
橘红,ESRRA
橘红,FABP3
橘红,FABP4
橘红,FABP5
橘红,GAA
橘红,GBA
橘红,GLO1
橘红,GSK3B
橘红,HCAR2
橘红,HDAC3
橘红,HIF1A
橘红,HSD11B1
橘红,HSD17B1
橘红,IGF1R
橘红,KDM4E
橘红,KMT2A
橘红,MAOB
橘红,MAP2K1
橘红,MAPK1
橘红,MAPT
橘红,MET
橘红,MGLL
橘红,MMP1
橘红,MMP3
橘红,MMP9
橘红,OPRK1
橘红,PLG
橘红,POLB
橘红,PPARA
橘红,PPARD
橘红,PRKCA
橘红,PTPN1
橘红,PTPN6
橘红,PTPRS
橘红,PYGL
橘红,RORC
橘红,SLCO1B1
橘红,SRC
橘红,THRB
橘红,TLR2
橘红,TOP2A
橘红,UGT1A1
款冬花,ABCC1
款冬花,ABCG2
款冬花,ACHE
款冬花,ADORA1
款冬花,ADORA2A
款冬花,ADORA3
款冬花,ADRA2B
款冬花,ADRB2
款冬花,AKR1B1
款冬花,AKR1B10
款冬花,AKR1C2
款冬花,AKR1C3
款冬花,AKR1C4
款冬花,AKT1
款冬花,ALK
款冬花,ALOX12
款冬花,ALOX15
款冬花,ALOX5
款冬花,ALPI
款冬花,ALPL
款冬花,AMY1A
款冬花,APEX1
款冬花,APP
款冬花,AR
款冬花,AURKB
款冬花,AVPR2
款冬花,BACE1
款冬花,BCHE
款冬花,BCL2L1
款冬花,CA1
款冬花,CA12
款冬花,CA13
款冬花,CA14
款冬花,CA2
款冬花,CA3
款冬花,CA4
款冬花,CA5A
款冬花,CA5B
款冬花,CA6
款冬花,CA7
款冬花,CA9
款冬花,CARM1
款冬花,CCR4
款冬花,CD38
款冬花,CDC25B
款冬花,CDK6
款冬花,CES2
款冬花,CNR2
款冬花,CSNK2A1
款冬花,CXCL8
款冬花,CXCR1
款冬花,CYP19A1
款冬花,CYP1A1
款冬花,CYP1A2
款冬花,CYP1B1
款冬花,CYP2A6
款冬花,CYP2C19
款冬花,CYP2C9
款冬花,CYP2D6
款冬花,CYP2J2
款冬花,CYP3A4
款冬花,DAPK1
款冬花,DPP4
款冬花,DRD1
款冬花,DUSP3
款冬花,EGFR
款冬花,EGLN1
款冬花,EHMT2
款冬花,EPHX2
款冬花,ESR1
款冬花,ESR2
款冬花,F2
款冬花,FABP4
款冬花,FABP5
款冬花,FASN
款冬花,FLT3
款冬花,FUT7
款冬花,GAA
款冬花,GBA
款冬花,GLO1
款冬花,GPR35
款冬花,GRIA1
款冬花,GRIA4
款冬花,GRM4
款冬花,GRM5
款冬花,GSK3B
款冬花,HCAR2
款冬花,HIF1A
款冬花,HSD17B1
款冬花,HSD17B2
款冬花,HSP90AB1
款冬花,HSPA8
款冬花,HTR2A
款冬花,HTR7
款冬花,IDH1
款冬花,IGF1R
款冬花,KDM4E
款冬花,KDR
款冬花,MAPK1
款冬花,MAPK14
款冬花,MAPKAPK2
款冬花,MAPT
款冬花,MET
款冬花,MMP12
款冬花,MMP13
款冬花,MMP2
款冬花,MMP3
款冬花,MMP9
款冬花,MPG
款冬花,NEK2
款冬花,NEK6
款冬花,NFKB1
款冬花,NOS2
款冬花,NUAK1
款冬花,PARP1
款冬花,PIK3CG
款冬花,PIM1
款冬花,PKN1
款冬花,PLG
款冬花,POLB
款冬花,PPARA
款冬花,PPARD
款冬花,PPARG
款冬花,PRKCA
款冬花,PTGS1
款冬花,PTGS2
款冬花,PTK2
款冬花,PTPN1
款冬花,PTPN6
款冬花,PTPRF
款冬花,PTPRS
款冬花,PYGL
款冬花,RELA
款冬花,RORC
款冬花,SLC1A1
款冬花,SLC22A1
款冬花,SLC5A2
款冬花,SLCO1B1
款冬花,SLCO1B3
款冬花,SLCO2B1
款冬花,SMAD3
款冬花,SOAT1
款冬花,SRC
款冬花,SYK
款冬花,THRB
款冬花,TLR2
款冬花,TNKS
款冬花,TOP1
款冬花,TOP2A
款冬花,TRPV1
款冬花,TTR
款冬花,TYR
款冬花,UGT1A1
款冬花,XDH
水牛角,ABCB1
水牛角,ABCC1
水牛角,ACHE
水牛角,ADORA3
水牛角,AKR1B1
水牛角,ALOX12
水牛角,APEX1
水牛角,APP
水牛角,CA12
水牛角,CA14
水牛角,CA2
水牛角,CA5A
水牛角,CA5B
水牛角,CXCL8
水牛角,CYP19A1
水牛角,CYP2A6
水牛角,CYP2C19
水牛角,CYP2C8
水牛角,CYP2D6
水牛角,CYP3A4
水牛角,DPP4
水牛角,EGFR
水牛角,EHMT2
水牛角,ESR1
水牛角,FABP4
水牛角,FASN
水牛角,GBA
水牛角,HTR7
水牛角,IDH1
水牛角,KMT2A
水牛角,MAPK1
水牛角,MAPT
水牛角,MMP1
水牛角,MMP2
水牛角,NEK6
水牛角,NFKB1
水牛角,POLB
水牛角,PPARG
水牛角,PYGL
水牛角,RORC
水牛角,THRB
水牛角,TNKS
水牛角,TRPV1
水牛角,TTR
水牛角,UGT1A1
水牛角,XDH
沙参,CA12
沙参,CA9
沙参,CXCL8
沙参,CYP1B1
沙参,CYP2D6
沙参,ESR1
沙参,PPARG
沙参,THRB
沙参,UGT1A1
法半夏,KDM4E
法半夏,MAPK1
法半夏,MAPT
法半夏,SYK
法半夏,UGT1A1
海藻,ACP1
海藻,ADORA2B
海藻,ADORA3
海藻,ADRA2B
海藻,ADRB2
海藻,AKR1B1
海藻,AKR1B10
海藻,AKT1
海藻,ALK
海藻,ALOX12
海藻,ALOX15
海藻,ALPI
海藻,AMY1A
海藻,APEX1
海藻,APP
海藻,AR
海藻,AURKB
海藻,BACE1
海藻,BCHE
海藻,BCL2L1
海藻,CA1
海藻,CA12
海藻,CA13
海藻,CA2
海藻,CA3
海藻,CA4
海藻,CA5A
海藻,CA5B
海藻,CA6
海藻,CA7
海藻,CA9
海藻,CBR1
海藻,CCR4
海藻,CD38
海藻,CDK6
海藻,CSNK2A1
海藻,CXCL8
海藻,CYP19A1
海藻,CYP1A1
海藻,CYP1A2
海藻,CYP1B1
海藻,CYP2A6
海藻,CYP2C19
海藻,CYP2C8
海藻,CYP2D6
海藻,CYP3A4
海藻,DAPK1
海藻,DRD1
海藻,DUSP3
海藻,EHMT2
海藻,ESR1
海藻,F3
海藻,FABP2
海藻,FABP4
海藻,FABP5
海藻,FLT3
海藻,GAA
海藻,GBA
海藻,GLO1
海藻,GPR35
海藻,GSK3B
海藻,HCAR2
海藻,HIF1A
海藻,HSD11B1
海藻,HSD17B1
海藻,HSP90AB1
海藻,HTR1A
海藻,IDH1
海藻,IDO1
海藻,IGF1R
海藻,KDM4E
海藻,KDR
海藻,KMT2A
海藻,MAP2K1
海藻,MAPK1
海藻,MAPKAPK2
海藻,MAPT
海藻,MGAM
海藻,MMP1
海藻,MMP12
海藻,MMP2
海藻,MMP9
海藻,MPG
海藻,NEK6
海藻,NFKB1
海藻,NR1H4
海藻,NUAK1
海藻,PIM1
海藻,PLK1
海藻,PNP
海藻,POLB
海藻,PPARA
海藻,PPARD
海藻,PPARG
海藻,PTPN1
海藻,PTPN11
海藻,RORC
海藻,SLC28A2
海藻,SLCO1B1
海藻,SLCO1B3
海藻,SLCO2B1
海藻,SRC
海藻,SYK
海藻,TERT
海藻,THRB
海藻,TLR2
海藻,TNKS2
海藻,TRPV1
海藻,TYR
海藻,UGT1A1
海蛤壳,BACE1
海蛤壳,CA7
海蛤壳,CYP2C19
海蛤壳,EHMT2
海蛤壳,ESR1
海蛤壳,KDM4E
海蛤壳,MAPT
淡豆豉,EGFR
淫羊藿,AKR1B1
淫羊藿,ALOX12
淫羊藿,AR
淫羊藿,BACE1
淫羊藿,CA1
淫羊藿,CA5B
淫羊藿,CA6
淫羊藿,CA7
淫羊藿,CA9
淫羊藿,CYP2C19
淫羊藿,CYP2D6
淫羊藿,DPP4
淫羊藿,EHMT2
淫羊藿,FUT7
淫羊藿,GPR35
淫羊藿,GSK3B
淫羊藿,IDH1
淫羊藿,KDM4E
淫羊藿,KMT2A
淫羊藿,MAPT
淫羊藿,MMP12
淫羊藿,MMP9
淫羊藿,NFKB1
淫羊藿,PLK4
淫羊藿,PPARG
淫羊藿,TERT
淫羊藿,THRB
淫羊藿,TLR2
淫羊藿,UGT1A1
淫羊藿,XDH
火麻仁,ABCC1
火麻仁,ABCG2
火麻仁,ADORA3
火麻仁,ADRA2B
火麻仁,AKR1B1
火麻仁,AKR1B10
火麻仁,AKR1C2
火麻仁,AKT1
火麻仁,ALK
火麻仁,ALOX15
火麻仁,ALOX5
火麻仁,ALPL
火麻仁,AMY1A
火麻仁,APEX1
火麻仁,APP
火麻仁,AURKB
火麻仁,AVPR2
火麻仁,AXL
火麻仁,BACE1
火麻仁,BCL2
火麻仁,CA1
火麻仁,CA12
火麻仁,CA14
火麻仁,CA2
火麻仁,CA3
火麻仁,CA4
火麻仁,CA5A
火麻仁,CA5B
火麻仁,CA6
火麻仁,CA7
火麻仁,CA9
火麻仁,CCR4
火麻仁,CD38
火麻仁,CDC25B
火麻仁,CDK6
火麻仁,CXCL8
火麻仁,CYP19A1
火麻仁,CYP1A1
火麻仁,CYP1B1
火麻仁,CYP2A6
火麻仁,CYP2C19
火麻仁,CYP2C8
火麻仁,CYP2D6
火麻仁,CYP3A4
火麻仁,DAPK1
火麻仁,DPP4
火麻仁,DRD1
火麻仁,EGFR
火麻仁,EHMT2
火麻仁,EPHX2
火麻仁,ERBB2
火麻仁,ESR1
火麻仁,F3
火麻仁,FABP2
火麻仁,FABP3
火麻仁,FABP4
火麻仁,FABP5
火麻仁,FLT3
火麻仁,GAA
火麻仁,GBA
火麻仁,GPR35
火麻仁,HCAR2
火麻仁,HIF1A
火麻仁,HSPA8
火麻仁,HTR1A
火麻仁,HTR2A
火麻仁,HTR7
火麻仁,IDH1
火麻仁,IGF1R
火麻仁,KDM4E
火麻仁,KMT2A
火麻仁,MAP2K1
火麻仁,MAPK1
火麻仁,MAPK14
火麻仁,MAPT
火麻仁,MET
火麻仁,MMP13
火麻仁,MMP2
火麻仁,MMP3
火麻仁,NEK6
火麻仁,NR1H4
火麻仁,PCNA
火麻仁,PDE5A
火麻仁,PIM1
火麻仁,PLK1
火麻仁,POLB
火麻仁,PPARA
火麻仁,PPARD
火麻仁,PPARG
火麻仁,PRKCA
火麻仁,PTGS1
火麻仁,PTGS2
火麻仁,PTPN1
火麻仁,RORC
火麻仁,SHBG
火麻仁,SLC22A1
火麻仁,SLCO2B1
火麻仁,TBXAS1
火麻仁,TOP1
火麻仁,TTR
火麻仁,TYR
火麻仁,UGT1A1
炙甘草,ABCB1
炙甘草,ABCC1
炙甘草,ABCG2
炙甘草,ACHE
炙甘草,ADORA2B
炙甘草,ADORA3
炙甘草,ADRA1A
炙甘草,ADRA1B
炙甘草,AKR1B1
炙甘草,AKR1B10
炙甘草,AKR1C2
炙甘草,AKR1C3
炙甘草,AKT1
炙甘草,ALK
炙甘草,ALOX12
炙甘草,ALOX15
炙甘草,ALOX5
炙甘草,AMY1A
炙甘草,APEX1
炙甘草,APP
炙甘草,AR
炙甘草,BACE1
炙甘草,BCL2
炙甘草,BRAF
炙甘草,CA1
炙甘草,CA12
炙甘草,CA13
炙甘草,CA14
炙甘草,CA2
炙甘草,CA3
炙甘草,CA4
炙甘草,CA5A
炙甘草,CA5B
炙甘草,CA6
炙甘草,CA7
炙甘草,CA9
炙甘草,CCR4
炙甘草,CD38
炙甘草,CDK6
炙甘草,CHRNA7
炙甘草,CTSL
炙甘草,CXCR1
炙甘草,CYP19A1
炙甘草,CYP1A1
炙甘草,CYP1A2
炙甘草,CYP2A6
炙甘草,CYP2C19
炙甘草,CYP2C8
炙甘草,CYP2C9
炙甘草,CYP2D6
炙甘草,CYP2J2
炙甘草,CYP3A4
炙甘草,DAO
炙甘草,DAPK1
炙甘草,DPP4
炙甘草,DRD1
炙甘草,EGFR
炙甘草,EHMT2
炙甘草,EP300
炙甘草,EPHX2
炙甘草,ERBB2
炙甘草,ESR1
炙甘草,ESRRA
炙甘草,F2
炙甘草,F3
炙甘草,FABP2
炙甘草,FABP3
炙甘草,FABP5
炙甘草,FASN
炙甘草,FLT3
炙甘草,FUT7
炙甘草,GAA
炙甘草,GABRR1
炙甘草,GBA
炙甘草,GPR35
炙甘草,GSK3B
炙甘草,HCAR2
炙甘草,HDAC1
炙甘草,HIF1A
炙甘草,HSD11B1
炙甘草,HSD17B1
炙甘草,HSD17B2
炙甘草,HSP90AB1
炙甘草,IDH1
炙甘草,IDO1
炙甘草,INSR
炙甘草,KCNH2
炙甘草,KDM4E
炙甘草,KDR
炙甘草,KIT
炙甘草,KMT2A
炙甘草,MAP2K1
炙甘草,MAPK1
炙甘草,MAPKAPK2
炙甘草,MAPT
炙甘草,MET
炙甘草,MMP1
炙甘草,MMP12
炙甘草,MMP13
炙甘草,MMP2
炙甘草,MMP3
炙甘草,MMP9
炙甘草,MPG
炙甘草,NEK2
炙甘草,NEK6
炙甘草,NFKB1
炙甘草,NOS2
炙甘草,NR1I2
炙甘草,NT5E
炙甘草,NUAK1
炙甘草,PARP1
炙甘草,PDE5A
炙甘草,PIK3CG
炙甘草,PKN1
炙甘草,PNP
炙甘草,POLB
炙甘草,PPARA
炙甘草,PPARD
炙甘草,PPARG
炙甘草,PRKCA
炙甘草,PTGS2
炙甘草,PTK2
炙甘草,PTPN1
炙甘草,PTPRF
炙甘草,RORC
炙甘草,SLC22A12
炙甘草,SLC28A2
炙甘草,SLCO1B1
炙甘草,SLCO1B3
炙甘草,SLCO2B1
炙甘草,SRC
炙甘草,SYK
炙甘草,TERT
炙甘草,THRB
炙甘草,TLR2
炙甘草,TNKS
炙甘草,TNKS2
炙甘草,TOP2A
炙甘草,TRPV1
炙甘草,TTR
炙甘草,UGT1A1
炙甘草,VCP
炙甘草,XDH
炙麻黄,ABCG2
炙麻黄,ACHE
炙麻黄,ACP1
炙麻黄,ADORA1
炙麻黄,ADORA2A
炙麻黄,ADORA2B
炙麻黄,ADORA3
炙麻黄,AKR1B1
炙麻黄,AKR1B10
炙麻黄,AKR1C2
炙麻黄,AKR1C3
炙麻黄,AKR1C4
炙麻黄,ALK
炙麻黄,ALOX12
炙麻黄,ALOX15
炙麻黄,ALOX5
炙麻黄,ALPL
炙麻黄,AMY1A
炙麻黄,AOC3
炙麻黄,APEX1
炙麻黄,APP
炙麻黄,AVPR2
炙麻黄,AXL
炙麻黄,BACE1
炙麻黄,BCHE
炙麻黄,BCL2
炙麻黄,CA1
炙麻黄,CA12
炙麻黄,CA14
炙麻黄,CA2
炙麻黄,CA3
炙麻黄,CA4
炙麻黄,CA5A
炙麻黄,CA5B
炙麻黄,CA6
炙麻黄,CA7
炙麻黄,CA9
炙麻黄,CCR4
炙麻黄,CDK6
炙麻黄,CNR1
炙麻黄,CTSL
炙麻黄,CXCL8
炙麻黄,CYP19A1
炙麻黄,CYP1A2
炙麻黄,CYP1B1
炙麻黄,CYP2A6
炙麻黄,CYP2C19
炙麻黄,CYP2C9
炙麻黄,CYP2D6
炙麻黄,CYP2J2
炙麻黄,CYP3A4
炙麻黄,DAO
炙麻黄,DAPK1
炙麻黄,DNMT1
炙麻黄,DPP4
炙麻黄,DRD1
炙麻黄,DUSP3
炙麻黄,EGFR
炙麻黄,EHMT2
炙麻黄,EPHX2
炙麻黄,ERBB2
炙麻黄,ESR1
炙麻黄,ESR2
炙麻黄,ESRRA
炙麻黄,ESRRB
炙麻黄,F2
炙麻黄,FABP3
炙麻黄,FABP4
炙麻黄,FABP5
炙麻黄,FLT3
炙麻黄,GAA
炙麻黄,GABRR1
炙麻黄,GBA
炙麻黄,GLO1
炙麻黄,GPR35
炙麻黄,GSK3B
炙麻黄,HCAR2
炙麻黄,HIF1A
炙麻黄,HSD11B1
炙麻黄,HSD17B2
炙麻黄,HTR1A
炙麻黄,IDH1
炙麻黄,IDO1
炙麻黄,IGF1R
炙麻黄,INSR
炙麻黄,KCNH2
炙麻黄,KDM4E
炙麻黄,KDR
炙麻黄,KMT2A
炙麻黄,MAOA
炙麻黄,MAOB
炙麻黄,MAP2K1
炙麻黄,MAPK1
炙麻黄,MAPK14
炙麻黄,MAPT
炙麻黄,MET
炙麻黄,MMP12
炙麻黄,MMP13
炙麻黄,MMP2
炙麻黄,MMP3
炙麻黄,MMP9
炙麻黄,NEK2
炙麻黄,NFKB1
炙麻黄,NOS2
炙麻黄,NUAK1
炙麻黄,ODC1
炙麻黄,PARP1
炙麻黄,PDE5A
炙麻黄,PIK3CG
炙麻黄,PIM1
炙麻黄,PLK1
炙麻黄,PNP
炙麻黄,POLB
炙麻黄,PPARA
炙麻黄,PPARD
炙麻黄,PPARG
炙麻黄,PRKCA
炙麻黄,PTAFR
炙麻黄,PTGS1
炙麻黄,PTGS2
炙麻黄,PTPN1
炙麻黄,PTPN11
炙麻黄,PTPRF
炙麻黄,PYGL
炙麻黄,RELA
炙麻黄,RORC
炙麻黄,SIRT2
炙麻黄,SLC28A1
炙麻黄,SLCO1B1
炙麻黄,SLCO1B3
炙麻黄,SLCO2B1
炙麻黄,SOAT1
炙麻黄,SRC
炙麻黄,SYK
炙麻黄,TERT
炙麻黄,THRB
炙麻黄,TLR2
炙麻黄,TNKS
炙麻黄,TNKS2
炙麻黄,TOP1
炙麻黄,TOP2A
炙麻黄,TRPV1
炙麻黄,TYR
炙麻黄,UGT1A1
炙麻黄,XDH
焦槟榔,CA12
焦槟榔,CA14
焦槟榔,CYP2C9
焦槟榔,FABP4
焦槟榔,GAA
焦槟榔,HIF1A
焦槟榔,MAPT
焦槟榔,PPARA
熟地黄,ABCC1
熟地黄,ACHE
熟地黄,ADORA3
熟地黄,AKR1B10
熟地黄,AKT1
熟地黄,ALOX15
熟地黄,AMY1A
熟地黄,APP
熟地黄,AR
熟地黄,AURKA
熟地黄,AVPR2
熟地黄,BACE1
熟地黄,CA12
熟地黄,CA14
熟地黄,CA2
熟地黄,CA3
熟地黄,CA4
熟地黄,CA5A
熟地黄,CA6
熟地黄,CCR4
熟地黄,CXCL8
熟地黄,CXCR1
熟地黄,CYP19A1
熟地黄,CYP1A2
熟地黄,CYP1B1
熟地黄,CYP2B6
熟地黄,CYP2C19
熟地黄,CYP2C9
熟地黄,CYP2D6
熟地黄,CYP3A4
熟地黄,DHFR
熟地黄,DPP4
熟地黄,DUSP3
熟地黄,EGFR
熟地黄,EHMT2
熟地黄,EPHX2
熟地黄,ESR1
熟地黄,ESR2
熟地黄,F3
熟地黄,FABP4
熟地黄,FASN
熟地黄,FLT3
熟地黄,GAA
熟地黄,GBA
熟地黄,GLO1
熟地黄,GRM3
熟地黄,HCAR2
熟地黄,HSD11B1
熟地黄,HSPA8
熟地黄,IDH1
熟地黄,IGF1R
熟地黄,KDM4E
熟地黄,KDR
熟地黄,KMT2A
熟地黄,MAP2K1
熟地黄,MAPK1
熟地黄,MAPT
熟地黄,MGLL
熟地黄,MIF
熟地黄,MMP1
熟地黄,MMP13
熟地黄,MMP3
熟地黄,MMP9
熟地黄,MPG
熟地黄,NEK6
熟地黄,NFKB1
熟地黄,NR1I2
熟地黄,PKN1
熟地黄,PNP
熟地黄,POLB
熟地黄,PPARA
熟地黄,PPARD
熟地黄,PPARG
熟地黄,PTGS2
熟地黄,PTK2
熟地黄,PTPN11
熟地黄,PYGL
熟地黄,RORC
熟地黄,SHBG
熟地黄,SLC22A1
熟地黄,SLCO1B3
熟地黄,SLCO2B1
熟地黄,SYK
熟地黄,TERT
熟地黄,THRB
熟地黄,TLR2
熟地黄,TOP2A
熟地黄,TYR
熟地黄,UGT1A1
牛蒡子,ABCB1
牛蒡子,ABCB11
牛蒡子,ABCC1
牛蒡子,ACHE
牛蒡子,ADORA1
牛蒡子,ADORA2B
牛蒡子,ADORA3
牛蒡子,AKR1B1
牛蒡子,AKR1B10
牛蒡子,AKR1C4
牛蒡子,AKT1
牛蒡子,ALK
牛蒡子,ALOX12
牛蒡子,ALOX15
牛蒡子,ALOX5
牛蒡子,ALPI
牛蒡子,ALPL
牛蒡子,APEX1
牛蒡子,APP
牛蒡子,AR
牛蒡子,AVPR2
牛蒡子,AXL
牛蒡子,BACE1
牛蒡子,BCHE
牛蒡子,CA1
牛蒡子,CA12
牛蒡子,CA13
牛蒡子,CA14
牛蒡子,CA2
牛蒡子,CA3
牛蒡子,CA4
牛蒡子,CA5A
牛蒡子,CA5B
牛蒡子,CA6
牛蒡子,CA7
牛蒡子,CA9
牛蒡子,CCR4
牛蒡子,CDC25B
牛蒡子,CDK6
牛蒡子,CES2
牛蒡子,CSNK2A1
牛蒡子,CXCL8
牛蒡子,CYP19A1
牛蒡子,CYP1A1
牛蒡子,CYP1A2
牛蒡子,CYP1B1
牛蒡子,CYP2A6
牛蒡子,CYP2C19
牛蒡子,CYP2C9
牛蒡子,CYP2D6
牛蒡子,CYP3A4
牛蒡子,DAO
牛蒡子,DAPK1
牛蒡子,DPP4
牛蒡子,DRD1
牛蒡子,DRD3
牛蒡子,DUSP3
牛蒡子,EGFR
牛蒡子,EGLN1
牛蒡子,EHMT2
牛蒡子,ERBB2
牛蒡子,ESR1
牛蒡子,ESR2
牛蒡子,F2
牛蒡子,F3
牛蒡子,FABP3
牛蒡子,FABP4
牛蒡子,FABP5
牛蒡子,FASN
牛蒡子,FLT3
牛蒡子,FUT7
牛蒡子,GABRR1
牛蒡子,GBA
牛蒡子,GLO1
牛蒡子,GRIK2
牛蒡子,GSK3B
牛蒡子,HCAR2
牛蒡子,HSD11B1
牛蒡子,HSD17B1
牛蒡子,HTR7
牛蒡子,IDH1
牛蒡子,INSR
牛蒡子,KDM4E
牛蒡子,KDR
牛蒡子,MAP2K1
牛蒡子,MAPK1
牛蒡子,MAPK14
牛蒡子,MAPK9
牛蒡子,MAPT
牛蒡子,MET
牛蒡子,MGLL
牛蒡子,MMP12
牛蒡子,MMP13
牛蒡子,MMP2
牛蒡子,MMP3
牛蒡子,MMP9
牛蒡子,MPG
牛蒡子,NEK2
牛蒡子,NFKB1
牛蒡子,NR1H4
牛蒡子,NR1I2
牛蒡子,NUAK1
牛蒡子,OPRD1
牛蒡子,OPRK1
牛蒡子,PIM1
牛蒡子,PLG
牛蒡子,PLK1
牛蒡子,PNP
牛蒡子,POLB
牛蒡子,PPARA
牛蒡子,PPARD
牛蒡子,PPARG
牛蒡子,PTGS1
牛蒡子,PTGS2
牛蒡子,PTK2
牛蒡子,PTPN1
牛蒡子,PTPN11
牛蒡子,PTPN6
牛蒡子,PTPRF
牛蒡子,RELA
牛蒡子,RORC
牛蒡子,SAE1
牛蒡子,SLCO1B1
牛蒡子,SLCO2B1
牛蒡子,SOAT1
牛蒡子,SYK
牛蒡子,TBXAS1
牛蒡子,TERT
牛蒡子,THRB
牛蒡子,TLR2
牛蒡子,TTR
牛蒡子,TYR
牛蒡子,UGT1A1
牛蒡子,XDH
牡丹皮,CA12
牡丹皮,TNKS
牡蛎,AKR1B1
牡蛎,ALOX15
牡蛎,CA2
牡蛎,CA4
牡蛎,CA6
牡蛎,CA9
牡蛎,CXCL8
牡蛎,CYP2C9
牡蛎,CYP3A4
牡蛎,EHMT2
牡蛎,ESR1
牡蛎,KDM4E
牡蛎,MAPK1
牡蛎,MPG
牡蛎,NFKB1
牡蛎,POLB
牡蛎,PTGS2
牡蛎,TOP2A
玄参,ACHE
玄参,ADORA3
玄参,AKT1
玄参,ALOX12
玄参,ALOX15
玄参,ALOX5
玄参,AMY1A
玄参,APEX1
玄参,AURKB
玄参,BACE1
玄参,CA1
玄参,CA12
玄参,CA14
玄参,CA2
玄参,CA4
玄参,CA5A
玄参,CA7
玄参,CA9
玄参,CAMK2B
玄参,CD38
玄参,CXCL8
玄参,CYP2A6
玄参,CYP2C19
玄参,CYP2C9
玄参,CYP2D6
玄参,CYP3A4
玄参,DAPK1
玄参,DRD1
玄参,EGFR
玄参,EHMT2
玄参,EPHX2
玄参,ESR1
玄参,ESRRA
玄参,FABP3
玄参,FABP4
玄参,FLT3
玄参,GAA
玄参,GPR35
玄参,GSK3B
玄参,HTR5A
玄参,IDH1
玄参,KDM4E
玄参,MAPK1
玄参,MAPT
玄参,MMP1
玄参,MMP2
玄参,MMP3
玄参,NFKB1
玄参,POLB
玄参,PPARA
玄参,PPARD
玄参,PPARG
玄参,PRKCA
玄参,PTPN1
玄参,PTPN2
玄参,RORC
玄参,SLCO1B1
玄参,SLCO1B3
玄参,TERT
玄参,THRB
玄参,TLR2
玄参,TTR
玄参,UGT1A1
玄参,XDH
玉竹,AKR1B1
玉竹,ALOX15
玉竹,AMY1A
玉竹,APEX1
玉竹,CA12
玉竹,CA4
玉竹,CA5A
玉竹,CA7
玉竹,CA9
玉竹,CTBP2
玉竹,CYP2C9
玉竹,CYP2D6
玉竹,CYP3A4
玉竹,EGFR
玉竹,EHMT2
玉竹,ESR1
玉竹,HIF1A
玉竹,HSD11B1
玉竹,HSD17B1
玉竹,HTR7
玉竹,KMT2A
玉竹,MAPK1
玉竹,MAPK14
玉竹,MAPT
玉竹,MMP9
玉竹,NFKB1
玉竹,PLG
玉竹,POLB
玉竹,PPARG
玉竹,PTK2
玉竹,SLCO1B3
玉竹,TOP2A
瓜蒌,ACHE
瓜蒌,ADORA1
瓜蒌,ADORA2B
瓜蒌,ADORA3
瓜蒌,ADRB2
瓜蒌,AKR1B1
瓜蒌,AKR1B10
瓜蒌,AKR1C4
瓜蒌,ALOX12
瓜蒌,ALOX5
瓜蒌,ALPI
瓜蒌,AMY1A
瓜蒌,APP
瓜蒌,AR
瓜蒌,AVPR2
瓜蒌,BACE1
瓜蒌,BCHE
瓜蒌,BRAF
瓜蒌,CA1
瓜蒌,CA12
瓜蒌,CA14
瓜蒌,CA2
瓜蒌,CA3
瓜蒌,CA4
瓜蒌,CA5A
瓜蒌,CA5B
瓜蒌,CA6
瓜蒌,CA7
瓜蒌,CA9
瓜蒌,CAMK2B
瓜蒌,CXCL8
瓜蒌,CYP19A1
瓜蒌,CYP1A1
瓜蒌,CYP1A2
瓜蒌,CYP1B1
瓜蒌,CYP2C19
瓜蒌,CYP2C9
瓜蒌,CYP2D6
瓜蒌,CYP3A4
瓜蒌,DAPK1
瓜蒌,DPP4
瓜蒌,DRD1
瓜蒌,DUSP3
瓜蒌,EGFR
瓜蒌,EHMT2
瓜蒌,EPHX2
瓜蒌,ERBB2
瓜蒌,ESR1
瓜蒌,FABP2
瓜蒌,FABP3
瓜蒌,FABP4
瓜蒌,FASN
瓜蒌,FLT3
瓜蒌,GAA
瓜蒌,GBA
瓜蒌,GLO1
瓜蒌,GRM8
瓜蒌,GSK3B
瓜蒌,HDAC2
瓜蒌,HIF1A
瓜蒌,HSD11B1
瓜蒌,HSD17B1
瓜蒌,HSD17B2
瓜蒌,HTR7
瓜蒌,IDH1
瓜蒌,IGF1R
瓜蒌,KDM4E
瓜蒌,KDR
瓜蒌,KMT2A
瓜蒌,MAPK1
瓜蒌,MAPK14
瓜蒌,MAPT
瓜蒌,MMP12
瓜蒌,MMP2
瓜蒌,NFKB1
瓜蒌,NR1H4
瓜蒌,NR1I2
瓜蒌,PDE5A
瓜蒌,PIK3CG
瓜蒌,PIM1
瓜蒌,PKN1
瓜蒌,PLG
瓜蒌,PLK1
瓜蒌,POLB
瓜蒌,PPARA
瓜蒌,PPARD
瓜蒌,PPARG
瓜蒌,PRKCA
瓜蒌,PTGS2
瓜蒌,PTPN1
瓜蒌,RORB
瓜蒌,SLC22A1
瓜蒌,SLC28A1
瓜蒌,SLC28A2
瓜蒌,SLCO1B1
瓜蒌,SOAT1
瓜蒌,SRC
瓜蒌,SYK
瓜蒌,THRB
瓜蒌,TLR2
瓜蒌,TOP1
瓜蒌,TOP2A
瓜蒌,TRPV1
瓜蒌,TTR
瓜蒌,TYR
瓜蒌,UGT1A1
瓜蒌,XDH
瓜蒌子,ABCC1
瓜蒌子,ACHE
瓜蒌子,ALOX15
瓜蒌子,ALOX5
瓜蒌子,AMY1A
瓜蒌子,AXL
瓜蒌子,BCHE
瓜蒌子,BCL2
瓜蒌子,CA1
瓜蒌子,CA12
瓜蒌子,CA14
瓜蒌子,CA2
瓜蒌子,CA4
瓜蒌子,CA5A
瓜蒌子,CA5B
瓜蒌子,CA6
瓜蒌子,CA7
瓜蒌子,CA9
瓜蒌子,CYP19A1
瓜蒌子,CYP1A2
瓜蒌子,CYP2J2
瓜蒌子,CYP3A4
瓜蒌子,DUSP3
瓜蒌子,EHMT2
瓜蒌子,ESR2
瓜蒌子,ESRRA
瓜蒌子,FABP2
瓜蒌子,GBA
瓜蒌子,GLO1
瓜蒌子,GSK3B
瓜蒌子,HSD17B2
瓜蒌子,HTR1A
瓜蒌子,KDM4E
瓜蒌子,KMT2A
瓜蒌子,MAPK1
瓜蒌子,MAPT
瓜蒌子,MMP12
瓜蒌子,MMP2
瓜蒌子,MMP3
瓜蒌子,MMP9
瓜蒌子,NEK2
瓜蒌子,NEK6
瓜蒌子,PIM1
瓜蒌子,POLB
瓜蒌子,PPARA
瓜蒌子,PPARD
瓜蒌子,PTGS1
瓜蒌子,PTGS2
瓜蒌子,PTPN1
瓜蒌子,PTPN6
瓜蒌子,SHBG
瓜蒌子,SLC28A2
瓜蒌子,SLC5A1
瓜蒌子,SLCO1B3
瓜蒌子,SYK
瓜蒌子,TLR2
瓜蒌子,UGT1A1
瓜蒌皮,ABCB11
瓜蒌皮,ABCG2
瓜蒌皮,ACHE
瓜蒌皮,AKR1B1
瓜蒌皮,AKR1B10
瓜蒌皮,AKR1C3
瓜蒌皮,AKT1
瓜蒌皮,ALOX12
瓜蒌皮,ALOX15
瓜蒌皮,ALOX5
瓜蒌皮,ALPL
瓜蒌皮,APEX1
瓜蒌皮,APP
瓜蒌皮,AVPR2
瓜蒌皮,AXL
瓜蒌皮,BACE1
瓜蒌皮,BCHE
瓜蒌皮,CA1
瓜蒌皮,CA13
瓜蒌皮,CA14
瓜蒌皮,CA3
瓜蒌皮,CA4
瓜蒌皮,CA5A
瓜蒌皮,CA6
瓜蒌皮,CA7
瓜蒌皮,CA9
瓜蒌皮,CAMK2B
瓜蒌皮,CD38
瓜蒌皮,CDK6
瓜蒌皮,CSNK2A1
瓜蒌皮,CXCR1
瓜蒌皮,CYP19A1
瓜蒌皮,CYP1A1
瓜蒌皮,CYP1A2
瓜蒌皮,CYP1B1
瓜蒌皮,CYP2C19
瓜蒌皮,CYP2C9
瓜蒌皮,CYP2D6
瓜蒌皮,CYP3A4
瓜蒌皮,DAPK1
瓜蒌皮,DPP4
瓜蒌皮,DRD1
瓜蒌皮,EGFR
瓜蒌皮,EHMT2
瓜蒌皮,EPHX2
瓜蒌皮,ERBB2
瓜蒌皮,ESR1
瓜蒌皮,F2
瓜蒌皮,F3
瓜蒌皮,FABP3
瓜蒌皮,FABP4
瓜蒌皮,FABP5
瓜蒌皮,GAA
瓜蒌皮,GLO1
瓜蒌皮,GSK3B
瓜蒌皮,HCAR2
瓜蒌皮,HIF1A
瓜蒌皮,HSD17B1
瓜蒌皮,HTR1A
瓜蒌皮,HTR7
瓜蒌皮,IDH1
瓜蒌皮,IGF1R
瓜蒌皮,KDM4E
瓜蒌皮,MAOA
瓜蒌皮,MAOB
瓜蒌皮,MAP2K1
瓜蒌皮,MAPK1
瓜蒌皮,MAPKAPK2
瓜蒌皮,MAPT
瓜蒌皮,MMP12
瓜蒌皮,MMP13
瓜蒌皮,MMP3
瓜蒌皮,MMP9
瓜蒌皮,MPG
瓜蒌皮,NEK2
瓜蒌皮,NFKB1
瓜蒌皮,PDE5A
瓜蒌皮,PDGFRB
瓜蒌皮,PIK3CG
瓜蒌皮,PIM1
瓜蒌皮,POLB
瓜蒌皮,PPARA
瓜蒌皮,PPARD
瓜蒌皮,PPARG
瓜蒌皮,PTGS2
瓜蒌皮,PTK2
瓜蒌皮,PTPN1
瓜蒌皮,PTPN2
瓜蒌皮,PTPRS
瓜蒌皮,PYGL
瓜蒌皮,RELA
瓜蒌皮,RORC
瓜蒌皮,SLC22A1
瓜蒌皮,SLCO1B1
瓜蒌皮,SLCO1B3
瓜蒌皮,SLCO2B1
瓜蒌皮,SRC
瓜蒌皮,SYK
瓜蒌皮,TERT
瓜蒌皮,THRB
瓜蒌皮,TLR2
瓜蒌皮,TNKS
瓜蒌皮,TOP1
瓜蒌皮,TOP2A
瓜蒌皮,TYR
瓜蒌皮,UGT1A1
瓜蒌皮,XDH
甘草,ABCC1
甘草,ABCG2
甘草,ACHE
甘草,ACP1
甘草,ADORA2A
甘草,ADORA2B
甘草,ADORA3
甘草,ADRA2B
甘草,ADRB2
甘草,AKR1B1
甘草,AKR1B10
甘草,AKR1C4
甘草,AKT1
甘草,ALK
甘草,ALOX12
甘草,ALOX15
甘草,ALOX5
甘草,ALPI
甘草,ALPL
甘草,AMY1A
甘草,APEX1
甘草,AR
甘草,AVPR2
甘草,AXL
甘草,BACE1
甘草,BCHE
甘草,BCL2
甘草,CA1
甘草,CA12
甘草,CA14
甘草,CA2
甘草,CA3
甘草,CA4
甘草,CA5A
甘草,CA5B
甘草,CA6
甘草,CA7
甘草,CA9
甘草,CAMK2B
甘草,CD38
甘草,CDK6
甘草,CHRM5
甘草,CTSL
甘草,CXCL8
甘草,CYP19A1
甘草,CYP1A1
甘草,CYP1A2
甘草,CYP1B1
甘草,CYP2A6
甘草,CYP2C19
甘草,CYP2C9
甘草,CYP2D6
甘草,CYP2J2
甘草,CYP3A4
甘草,DAO
甘草,DAPK1
甘草,DPP4
甘草,DUSP3
甘草,EGFR
甘草,EGLN1
甘草,EHMT2
甘草,EPHX2
甘草,ESR1
甘草,ESR2
甘草,F2
甘草,FABP2
甘草,FABP3
甘草,FABP4
甘草,FABP5
甘草,FASN
甘草,FLT3
甘草,GAA
甘草,GLO1
甘草,GSK3B
甘草,HCAR2
甘草,HIF1A
甘草,HSD11B1
甘草,HSD17B3
甘草,HTR1A
甘草,HTR7
甘草,IDH1
甘草,IDO1
甘草,IGF1R
甘草,INSR
甘草,KDM4E
甘草,KDR
甘草,KMT2A
甘草,MAP2K1
甘草,MAPK1
甘草,MAPK14
甘草,MAPKAPK2
甘草,MAPT
甘草,MET
甘草,MGLL
甘草,MMP1
甘草,MMP12
甘草,MMP13
甘草,MMP3
甘草,MMP9
甘草,MPG
甘草,NEK2
甘草,NEK6
甘草,NR1H4
甘草,PARP1
甘草,PDE5A
甘草,PIK3CG
甘草,PIM1
甘草,PKN1
甘草,PLG
甘草,PLK1
甘草,PNP
甘草,POLB
甘草,PPARA
甘草,PPARD
甘草,PPARG
甘草,PTGS1
甘草,PTGS2
甘草,PTK2
甘草,PTPN1
甘草,RELA
甘草,RORC
甘草,SHBG
甘草,SLC22A1
甘草,SLCO1B1
甘草,SLCO1B3
甘草,SLCO2B1
甘草,SMAD3
甘草,SOAT1
甘草,SRC
甘草,STAT3
甘草,SYK
甘草,TERT
甘草,THRB
甘草,TLR2
甘草,TNKS
甘草,TNKS2
甘草,TOP2A
甘草,TRPV1
甘草,TTR
甘草,TYR
甘草,UGT1A1
甘草,XDH
甘草,XPO1
生地黄,ALOX12
生地黄,APEX1
生地黄,CA2
生地黄,CA7
生地黄,CYP19A1
生地黄,CYP2C8
生地黄,CYP2C9
生地黄,CYP3A4
生地黄,DAPK1
生地黄,FLT3
生地黄,GSK3B
生地黄,KDM4E
生地黄,MAPK9
生地黄,MAPT
生地黄,MMP13
生地黄,NFKB1
生地黄,PTPN1
生地黄,TLR2
生地黄,UGT1A1
生姜,ABCB1
生姜,ABCB11
生姜,ABCG2
生姜,ACHE
生姜,ACP1
生姜,ADORA1
生姜,ADORA2B
生姜,ADORA3
生姜,AKR1B1
生姜,AKR1B10
生姜,AKR1C3
生姜,AKR1C4
生姜,AKT1
生姜,ALK
生姜,ALOX12
生姜,ALOX15
生姜,ALOX5
生姜,ALPI
生姜,ALPL
生姜,AMY1A
生姜,APP
生姜,AR
生姜,AURKB
生姜,AVPR2
生姜,AXL
生姜,BACE1
生姜,BCHE
生姜,BCL2
生姜,BCL2L1
生姜,CA1
生姜,CA12
生姜,CA13
生姜,CA14
生姜,CA2
生姜,CA3
生姜,CA4
生姜,CA5A
生姜,CA5B
生姜,CA6
生姜,CA7
生姜,CA9
生姜,CAMK2B
生姜,CCR4
生姜,CD38
生姜,CDK6
生姜,CES2
生姜,CHRM2
生姜,CHRM3
生姜,CHRM4
生姜,CSNK2A1
生姜,CXCL8
生姜,CXCR1
生姜,CYP19A1
生姜,CYP1A1
生姜,CYP1A2
生姜,CYP1B1
生姜,CYP2A6
生姜,CYP2C19
生姜,CYP2C9
生姜,CYP2D6
生姜,CYP3A4
生姜,DAPK1
生姜,DPP4
生姜,DRD1
生姜,DUSP3
生姜,EGFR
生姜,EGLN1
生姜,EHMT2
生姜,EPHX2
生姜,ERN1
生姜,ESR1
生姜,ESR2
生姜,F2
生姜,F3
生姜,FABP2
生姜,FABP3
生姜,FABP5
生姜,FASN
生姜,FDPS
生姜,FLT3
生姜,FLT4
生姜,FYN
生姜,GAA
生姜,GBA
生姜,GLO1
生姜,GLRA2
生姜,GPR35
生姜,GSK3B
生姜,HCAR2
生姜,HDAC8
生姜,HIF1A
生姜,HSD11B1
生姜,HSD17B1
生姜,HSD17B2
生姜,HSPA1A
生姜,HTR1A
生姜,HTR3A
生姜,IDH1
生姜,IDO1
生姜,INSR
生姜,KDM4E
生姜,KDR
生姜,KMT2A
生姜,MAOA
生姜,MAOB
生姜,MAPK1
生姜,MAPK14
生姜,MAPKAPK2
生姜,MAPT
生姜,MET
生姜,MMP1
生姜,MMP12
生姜,MMP13
生姜,MMP2
生姜,MMP3
生姜,MMP9
生姜,MPG
生姜,MTNR1B
生姜,NEK2
生姜,NEK6
生姜,NFKB1
生姜,NOS2
生姜,NR1H4
生姜,PARP1
生姜,PDE4D
生姜,PDGFRB
生姜,PIK3CG
生姜,PIM1
生姜,PLA2G2A
生姜,PLG
生姜,PLK1
生姜,POLB
生姜,PPARA
生姜,PPARD
生姜,PPARG
生姜,PTGS1
生姜,PTGS2
生姜,PTK2
生姜,PTPN1
生姜,PTPN2
生姜,PTPRS
生姜,PYGL
生姜,RORC
生姜,RXRA
生姜,SHBG
生姜,SIRT2
生姜,SLC22A1
生姜,SLC28A3
生姜,SLCO1B1
生姜,SLCO1B3
生姜,SLCO2B1
生姜,SRC
生姜,STAT3
生姜,SYK
生姜,TBXAS1
生姜,TERT
生姜,THRB
生姜,TLR2
生姜,TNKS
生姜,TOP2A
生姜,TTR
生姜,UGT1A1
生姜,XDH
生晒参,ABCC1
生晒参,ABCG2
生晒参,ACHE
生晒参,ADORA1
生晒参,ADORA2A
生晒参,ADORA3
生晒参,AKR1B1
生晒参,AKR1B10
生晒参,AKR1C3
生晒参,AKR1C4
生晒参,AKT1
生晒参,ALK
生晒参,ALOX12
生晒参,ALOX15
生晒参,ALOX5
生晒参,ALPI
生晒参,ALPL
生晒参,AMY1A
生晒参,APEX1
生晒参,APP
生晒参,AR
生晒参,AURKA
生晒参,AURKB
生晒参,AVPR2
生晒参,AXL
生晒参,BACE1
生晒参,BCHE
生晒参,BCL2
生晒参,BCL2L1
生晒参,BRAF
生晒参,CA1
生晒参,CA12
生晒参,CA14
生晒参,CA2
生晒参,CA3
生晒参,CA4
生晒参,CA5A
生晒参,CA5B
生晒参,CA6
生晒参,CA7
生晒参,CA9
生晒参,CAMK2B
生晒参,CCR4
生晒参,CD38
生晒参,CDK6
生晒参,CHRM4
生晒参,CHRNA7
生晒参,CNR2
生晒参,CSNK2A1
生晒参,CTSL
生晒参,CXCL8
生晒参,CXCR1
生晒参,CYP19A1
生晒参,CYP1A1
生晒参,CYP1A2
生晒参,CYP1B1
生晒参,CYP2A6
生晒参,CYP2B6
生晒参,CYP2C19
生晒参,CYP2C8
生晒参,CYP2C9
生晒参,CYP2D6
生晒参,CYP2J2
生晒参,CYP3A4
生晒参,DAO
生晒参,DAPK1
生晒参,DNMT1
生晒参,DPP4
生晒参,DRD1
生晒参,DRD2
生晒参,DUSP3
生晒参,EGFR
生晒参,EHMT2
生晒参,EPHB4
生晒参,EPHX2
生晒参,ERN1
生晒参,ESR1
生晒参,ESR2
生晒参,ESRRA
生晒参,F2
生晒参,F3
生晒参,FABP2
生晒参,FABP3
生晒参,FABP4
生晒参,FABP5
生晒参,FASN
生晒参,FLT3
生晒参,GAA
生晒参,GBA
生晒参,GLO1
生晒参,GRM2
生晒参,GRM5
生晒参,GSK3B
生晒参,HCAR2
生晒参,HDAC2
生晒参,HDAC8
生晒参,HIF1A
生晒参,HSD17B1
生晒参,HSD17B2
生晒参,HSD17B3
生晒参,HSP90AB1
生晒参,HSPA8
生晒参,HTR1A
生晒参,HTR7
生晒参,IDH1
生晒参,IGF1R
生晒参,INSR
生晒参,KAT2B
生晒参,KCNA5
生晒参,KCNH2
生晒参,KDM4E
生晒参,KDR
生晒参,KMT2A
生晒参,LDHA
生晒参,MAOA
生晒参,MAP2K1
生晒参,MAP3K8
生晒参,MAPK1
生晒参,MAPK14
生晒参,MAPKAPK2
生晒参,MAPT
生晒参,MET
生晒参,MMP1
生晒参,MMP12
生晒参,MMP13
生晒参,MMP2
生晒参,MMP3
生晒参,MMP9
生晒参,MPG
生晒参,MPO
生晒参,NEK2
生晒参,NEK6
生晒参,NFKB1
生晒参,NOS2
生晒参,NR1I2
生晒参,NR3C1
生晒参,NUAK1
生晒参,OXTR
生晒参,PARP1
生晒参,PDE5A
生晒参,PDGFRB
生晒参,PDPK1
生晒参,PIK3CG
生晒参,PLG
生晒参,PLK1
生晒参,PLK4
生晒参,PNP
生晒参,POLB
生晒参,PPARA
生晒参,PPARD
生晒参,PPARG
生晒参,PRKCA
生晒参,PTGS1
生晒参,PTGS2
生晒参,PTK2
生晒参,PTPN1
生晒参,PTPN2
生晒参,PTPRF
生晒参,PTPRS
生晒参,PYGL
生晒参,RORC
生晒参,SLC15A2
生晒参,SLC22A1
生晒参,SLC28A3
生晒参,SLCO1B1
生晒参,SLCO1B3
生晒参,SLCO2B1
生晒参,SOAT1
生晒参,SRC
生晒参,STAT3
生晒参,SYK
生晒参,TBXAS1
生晒参,TERT
生晒参,THRB
生晒参,TLR2
生晒参,TNKS2
生晒参,TOP1
生晒参,TOP2A
生晒参,TRPV1
生晒参,TYR
生晒参,UGT1A1
生晒参,VCP
生晒参,XDH
白前,CYP2C9
白前,ESR1
白头翁,ADORA3
白头翁,AKR1B1
白头翁,ALOX15
白头翁,ALOX5
白头翁,APP
白头翁,BACE1
白头翁,CA1
白头翁,CA12
白头翁,CA2
白头翁,CA6
白头翁,CA7
白头翁,CXCR1
白头翁,CYP19A1
白头翁,CYP2C9
白头翁,CYP2J2
白头翁,CYP3A4
白头翁,FABP2
白头翁,GAA
白头翁,HSD11B1
白头翁,KCNH2
白头翁,MAPK1
白头翁,MAPK14
白头翁,MAPT
白头翁,MET
白头翁,POLB
白头翁,PPARA
白头翁,PPARG
白头翁,RORC
白头翁,UGT1A1
白术,ABCC1
白术,ABCG2
白术,ACHE
白术,ADORA1
白术,ADORA2B
白术,ADRA1B
白术,ADRB2
白术,AKR1B10
白术,AKT1
白术,ALOX12
白术,ALOX15
白术,AMY1A
白术,APEX1
白术,APP
白术,AR
白术,AURKB
白术,BACE1
白术,BCHE
白术,BCL2L1
白术,BRAF
白术,CA1
白术,CA12
白术,CA13
白术,CA14
白术,CA2
白术,CA3
白术,CA4
白术,CA5A
白术,CA6
白术,CA7
白术,CAMK2B
白术,CBR1
白术,CDC25B
白术,CDK6
白术,CES1
白术,CHRM1
白术,CXCL8
白术,CXCR1
白术,CYP19A1
白术,CYP1A1
白术,CYP1A2
白术,CYP1B1
白术,CYP2A6
白术,CYP2C19
白术,CYP2C9
白术,CYP2D6
白术,CYP3A4
白术,DPP4
白术,DRD1
白术,DRD2
白术,DUSP3
白术,EGFR
白术,EHMT2
白术,EPHX2
白术,ESR1
白术,ESR2
白术,F3
白术,FABP2
白术,FABP3
白术,FABP4
白术,FASN
白术,FUT7
白术,GAA
白术,GBA
白术,GLO1
白术,GPR35
白术,GRIA1
白术,GSK3B
白术,HCAR2
白术,HDAC8
白术,HIF1A
白术,HSD11B1
白术,HSD17B1
白术,HTR1A
白术,HTR7
白术,IDH1
白术,IGF1R
白术,INSR
白术,KDM4E
白术,KDR
白术,KMT2A
白术,MAPK1
白术,MAPKAPK2
白术,MAPT
白术,MET
白术,MMP1
白术,MMP2
白术,MMP3
白术,MMP9
白术,NFKB1
白术,NQO2
白术,NR1I2
白术,ODC1
白术,PARP1
白术,PDE5A
白术,PIK3CG
白术,PIM1
白术,PKN1
白术,PLG
白术,PLK1
白术,POLB
白术,PPARA
白术,PPARD
白术,PPARG
白术,PRKCA
白术,PTGS1
白术,PTK2
白术,PTPN1
白术,PTPN6
白术,PTPRS
白术,RORC
白术,SLC28A1
白术,SLC5A1
白术,SLC6A2
白术,SLCO1B1
白术,SLCO2B1
白术,SOAT1
白术,SRC
白术,SYK
白术,TAS2R31
白术,TERT
白术,THRB
白术,TNKS2
白术,TOP2A
白术,TRPV1
白术,TYR
白术,UGT1A1
白术,XDH
白果,ABCG2
白果,ACHE
白果,ADORA2A
白果,ADORA2B
白果,ADORA3
白果,AKR1B1
白果,AKR1B10
白果,AKR1C3
白果,AKT1
白果,ALK
白果,ALOX12
白果,ALOX15
白果,ALOX5
白果,ALPI
白果,AMY1A
白果,APEX1
白果,APP
白果,AR
白果,AURKB
白果,AVPR2
白果,BACE1
白果,BCHE
白果,BCL2L1
白果,CA1
白果,CA12
白果,CA13
白果,CA14
白果,CA2
白果,CA3
白果,CA4
白果,CA5A
白果,CA5B
白果,CA6
白果,CA7
白果,CA9
白果,CARM1
白果,CBR1
白果,CCR4
白果,CD38
白果,CDC25B
白果,CDK6
白果,CHRM2
白果,CNR1
白果,CNR2
白果,CSNK2A1
白果,CTSL
白果,CXCL8
白果,CYP19A1
白果,CYP1A1
白果,CYP1A2
白果,CYP1B1
白果,CYP2A6
白果,CYP2B6
白果,CYP2C19
白果,CYP2C8
白果,CYP2C9
白果,CYP2D6
白果,CYP2J2
白果,CYP3A4
白果,DAPK1
白果,DNMT1
白果,DPP4
白果,DRD1
白果,DRD2
白果,DUSP3
白果,EGFR
白果,EGLN1
白果,EHMT2
白果,EP300
白果,EPHX2
白果,ERBB2
白果,ESR1
白果,ESR2
白果,ESRRA
白果,ESRRB
白果,F2
白果,FABP2
白果,FABP4
白果,FASN
白果,FLT3
白果,FLT4
白果,FUT7
白果,GAA
白果,GBA
白果,GLO1
白果,GLRA1
白果,GPR35
白果,GRK6
白果,GSK3B
白果,HDAC3
白果,HIF1A
白果,HMGCR
白果,HSD11B1
白果,HSD17B1
白果,HSD17B2
白果,HSP90AB1
白果,HTR1A
白果,HTR7
白果,IDH1
白果,IDO1
白果,IGF1R
白果,INSR
白果,KCNH2
白果,KDM4E
白果,KDR
白果,KIT
白果,KMT2A
白果,MAN1B1
白果,MAOA
白果,MAOB
白果,MAPK1
白果,MAPK14
白果,MAPT
白果,MGLL
白果,MIF
白果,MMP1
白果,MMP12
白果,MMP13
白果,MMP2
白果,MMP3
白果,MMP9
白果,NEK2
白果,NFKB1
白果,NOS2
白果,NR1H4
白果,NUAK1
白果,ODC1
白果,OPRM1
白果,PARP1
白果,PDE5A
白果,PDGFRB
白果,PDPK1
白果,PIK3CG
白果,PIM1
白果,PIM3
白果,PKN1
白果,PLG
白果,PLK1
白果,POLB
白果,PPARA
白果,PPARG
白果,PRKCA
白果,PTGES
白果,PTGS1
白果,PTGS2
白果,PTK2
白果,PTPN1
白果,PTPN11
白果,PTPN2
白果,PTPRS
白果,PYGL
白果,RORC
白果,RXRA
白果,SIRT2
白果,SLC28A1
白果,SLC28A2
白果,SLC28A3
白果,SLCO1B1
白果,SLCO1B3
白果,SLCO2B1
白果,SOAT1
白果,SRC
白果,STAT3
白果,SYK
白果,THRB
白果,TNKS2
白果,TOP1
白果,TOP2A
白果,TRPV1
白果,TTR
白果,TYR
白果,UGT1A1
白果,XDH
白芍,APEX1
白芍,CA12
白芍,CA2
白芍,CA4
白芍,CYP2A6
白芍,CYP2C19
白芍,CYP3A4
白芍,EHMT2
白芍,GSK3B
白芍,HTR7
白芍,KDM4E
白芍,MGLL
白芍,MIF
白芍,RORC
白芥子,ABCC1
白芥子,ABCG2
白芥子,ACP1
白芥子,ADORA2A
白芥子,ADORA3
白芥子,AKR1B1
白芥子,AKR1B10
白芥子,AKR1C3
白芥子,AKR1C4
白芥子,AKT1
白芥子,ALK
白芥子,ALOX12
白芥子,ALOX15
白芥子,ALOX5
白芥子,ALPI
白芥子,ALPL
白芥子,AMY1A
白芥子,APEX1
白芥子,APP
白芥子,AR
白芥子,AURKB
白芥子,AVPR2
白芥子,AXL
白芥子,BACE1
白芥子,BCHE
白芥子,BCL2
白芥子,BRAF
白芥子,CA1
白芥子,CA12
白芥子,CA13
白芥子,CA14
白芥子,CA2
白芥子,CA3
白芥子,CA4
白芥子,CA5A
白芥子,CA5B
白芥子,CA6
白芥子,CA7
白芥子,CA9
白芥子,CAMK2B
白芥子,CCR4
白芥子,CD38
白芥子,CDK6
白芥子,CNR1
白芥子,CNR2
白芥子,CSNK2A1
白芥子,CXCL8
白芥子,CXCR1
白芥子,CYP19A1
白芥子,CYP1A1
白芥子,CYP1B1
白芥子,CYP2A13
白芥子,CYP2A6
白芥子,CYP2C19
白芥子,CYP2C8
白芥子,CYP2C9
白芥子,CYP2D6
白芥子,CYP2J2
白芥子,CYP3A4
白芥子,DAO
白芥子,DAPK1
白芥子,DPP4
白芥子,DRD1
白芥子,DUSP3
白芥子,EGFR
白芥子,EGLN1
白芥子,EHMT2
白芥子,EPHX2
白芥子,ERBB2
白芥子,ESR1
白芥子,ESRRA
白芥子,F2
白芥子,F3
白芥子,FABP2
白芥子,FABP3
白芥子,FABP4
白芥子,FABP5
白芥子,FLT3
白芥子,FUT7
白芥子,GAA
白芥子,GABRR1
白芥子,GBA
白芥子,GLO1
白芥子,GLRA1
白芥子,GPR35
白芥子,GRIA2
白芥子,GRK6
白芥子,GSK3B
白芥子,GSTP1
白芥子,HCAR2
白芥子,HDAC2
白芥子,HDAC3
白芥子,HIF1A
白芥子,HKDC1
白芥子,HSD11B1
白芥子,HSD17B1
白芥子,HSD17B2
白芥子,HSPA8
白芥子,HTR1A
白芥子,HTR7
白芥子,IDH1
白芥子,IDO1
白芥子,IGF1R
白芥子,INSR
白芥子,KAT2B
白芥子,KCNH2
白芥子,KDM4E
白芥子,KDR
白芥子,KMT2A
白芥子,MAOA
白芥子,MAP2K1
白芥子,MAPK1
白芥子,MAPK14
白芥子,MAPK9
白芥子,MAPKAPK2
白芥子,MAPT
白芥子,MCL1
白芥子,MET
白芥子,MMP1
白芥子,MMP13
白芥子,MMP2
白芥子,MMP3
白芥子,MMP9
白芥子,NEK2
白芥子,NEK6
白芥子,NFKB1
白芥子,NR1H4
白芥子,NUAK1
白芥子,OXER1
白芥子,PARP1
白芥子,PIK3CB
白芥子,PIK3CG
白芥子,PIM1
白芥子,PNP
白芥子,POLB
白芥子,PPARA
白芥子,PPARD
白芥子,PPARG
白芥子,PRKCA
白芥子,PTGES
白芥子,PTGS1
白芥子,PTGS2
白芥子,PTK2
白芥子,PTPN1
白芥子,PTPN2
白芥子,PTPN6
白芥子,PTPRS
白芥子,RORC
白芥子,SLC22A1
白芥子,SLC28A1
白芥子,SLC47A1
白芥子,SLCO1B1
白芥子,SLCO1B3
白芥子,SLCO2B1
白芥子,SOAT1
白芥子,SRC
白芥子,STAT3
白芥子,SYK
白芥子,TBXAS1
白芥子,TERT
白芥子,THRB
白芥子,TLR2
白芥子,TNKS2
白芥子,TOP1
白芥子,TOP2A
白芥子,TRPV1
白芥子,TTR
白芥子,TYR
白芥子,UGT1A1
白芥子,VCP
白芥子,XPO1
白芷,ACHE
白芷,CA1
白芷,CA2
白芷,CA5A
白芷,CYP2D6
白芷,CYP3A4
白芷,DUSP3
白芷,ESR1
白芷,GLO1
白芷,MAPK1
白芷,MAPT
白茅根,MAPT
百合,ABCB11
百合,ABCC1
百合,ABCG2
百合,ACHE
百合,ADORA2B
百合,AKR1B1
百合,AKR1B10
百合,AKR1C2
百合,AKR1C3
百合,AKT1
百合,ALDH2
百合,ALK
百合,ALOX12
百合,ALOX15
百合,ALOX5
百合,ALPI
百合,ALPL
百合,AMY1A
百合,APP
百合,AR
百合,AURKB
百合,AVPR2
百合,AXL
百合,BACE1
百合,BCL2
百合,BCR
百合,CA1
百合,CA12
百合,CA14
百合,CA2
百合,CA3
百合,CA4
百合,CA5A
百合,CA5B
百合,CA6
百合,CA7
百合,CCR4
百合,CD38
百合,CDK6
百合,CHRM4
百合,CSNK2A1
百合,CTSL
百合,CXCL8
百合,CXCR1
百合,CYP19A1
百合,CYP1A1
百合,CYP1A2
百合,CYP1B1
百合,CYP2A6
百合,CYP2B6
百合,CYP2C19
百合,CYP2C9
百合,CYP2D6
百合,CYP2J2
百合,CYP3A4
百合,DAPK1
百合,DPP4
百合,DRD1
百合,EGFR
百合,EHMT2
百合,ESR1
百合,ESR2
百合,F2
百合,FABP2
百合,FABP3
百合,FABP5
百合,FASN
百合,FLT3
百合,GAA
百合,GBA
百合,GLO1
百合,GLRA1
百合,GPR35
百合,GRM2
百合,GRM5
百合,GSK3B
百合,HCAR2
百合,HDAC6
百合,HIF1A
百合,HSD17B1
百合,HSD17B2
百合,HTR1A
百合,HTR7
百合,IDH1
百合,IGF1R
百合,KCNH2
百合,KDM4E
百合,KDR
百合,KMT2A
百合,MAP2K1
百合,MAPK1
百合,MAPK14
百合,MAPT
百合,MET
百合,MGLL
百合,MMP12
百合,MMP2
百合,MMP9
百合,MPG
百合,NFKB1
百合,NR1I2
百合,NUAK1
百合,PDE5A
百合,PIM1
百合,PKN1
百合,PLG
百合,PLK1
百合,PLK4
百合,POLB
百合,PPARD
百合,PPARG
百合,PTGS1
百合,PTGS2
百合,PTPN1
百合,PTPN2
百合,PYGL
百合,RORC
百合,SLC22A12
百合,SLC5A2
百合,SLCO1B3
百合,SLCO2B1
百合,SOAT1
百合,STAT3
百合,SYK
百合,TEK
百合,TERT
百合,THRB
百合,TNKS2
百合,TOP1
百合,TOP2A
百合,TRPV1
百合,TTR
百合,TYR
百合,UGT1A1
百合,XDH
百部,CA1
百部,EHMT2
皂角刺,ACHE
皂角刺,AKR1B1
皂角刺,ALOX15
皂角刺,APP
皂角刺,AURKB
皂角刺,AXL
皂角刺,BCL2L1
皂角刺,CA1
皂角刺,CA14
皂角刺,CA2
皂角刺,CA4
皂角刺,CA5A
皂角刺,CA5B
皂角刺,CA9
皂角刺,CTSL
皂角刺,CYP19A1
皂角刺,CYP1A2
皂角刺,CYP1B1
皂角刺,CYP2C9
皂角刺,CYP2D6
皂角刺,CYP3A4
皂角刺,DRD1
皂角刺,DUSP3
皂角刺,EHMT2
皂角刺,GAA
皂角刺,GBA
皂角刺,HCAR2
皂角刺,HIF1A
皂角刺,IDH1
皂角刺,KCNH2
皂角刺,KDM4E
皂角刺,MAPK1
皂角刺,MAPT
皂角刺,PKN1
皂角刺,POLB
皂角刺,PPARG
皂角刺,PTPN1
皂角刺,RORC
皂角刺,TOP2A
皂角刺,UGT1A1
知母,ABCB1
知母,ACHE
知母,AKR1B1
知母,AKR1C3
知母,ALOX15
知母,ALOX5
知母,AMY1A
知母,AURKB
知母,BCHE
知母,CA12
知母,CA2
知母,CA3
知母,CA4
知母,CA7
知母,CA9
知母,CD38
知母,CTSL
知母,CXCL8
知母,CYP19A1
知母,CYP1A2
知母,CYP1B1
知母,CYP2C19
知母,CYP2C8
知母,CYP2C9
知母,CYP3A4
知母,DAPK1
知母,DPP4
知母,DUSP3
知母,EGFR
知母,EPHX2
知母,ESR1
知母,F3
知母,FABP2
知母,FABP3
知母,GAA
知母,GBA
知母,GLO1
知母,HIF1A
知母,HSD17B2
知母,IGF1R
知母,INSR
知母,KDM4E
知母,KMT2A
知母,MAP2K1
知母,MAPT
知母,MMP12
知母,MMP2
知母,MMP3
知母,MMP9
知母,NFKB1
知母,PDE4D
知母,PIM1
知母,POLB
知母,PPARA
知母,PPARG
知母,PTK2
知母,PTPN1
知母,RORC
知母,SLC28A3
知母,SLCO1B1
知母,SOAT1
知母,STAT3
知母,TBXAS1
知母,TERT
知母,THRB
知母,TOP2A
知母,XDH
矮地茶,APP
矮地茶,BACE1
矮地茶,CA1
矮地茶,CA7
矮地茶,CSNK2A1
矮地茶,CYP19A1
矮地茶,CYP3A4
矮地茶,EHMT2
矮地茶,FABP4
矮地茶,IDH1
矮地茶,MAPK1
矮地茶,POLB
矮地茶,PPARD
矮地茶,RORC
石斛,MAPT
石斛,PRKCA
石菖蒲,ABCG2
石菖蒲,ACHE
石菖蒲,AKR1B1
石菖蒲,AKR1B10
石菖蒲,AKR1C2
石菖蒲,ALOX15
石菖蒲,ALOX5
石菖蒲,ALPI
石菖蒲,APP
石菖蒲,AR
石菖蒲,CA1
石菖蒲,CA14
石菖蒲,CA2
石菖蒲,CA5B
石菖蒲,CA6
石菖蒲,CA7
石菖蒲,CD38
石菖蒲,CYP19A1
石菖蒲,CYP1A1
石菖蒲,CYP2A6
石菖蒲,CYP2C19
石菖蒲,CYP2C8
石菖蒲,CYP2C9
石菖蒲,CYP2D6
石菖蒲,CYP2J2
石菖蒲,CYP3A4
石菖蒲,DPP4
石菖蒲,DRD1
石菖蒲,DUSP3
石菖蒲,EGFR
石菖蒲,EHMT2
石菖蒲,EPHX2
石菖蒲,ERBB2
石菖蒲,ESR1
石菖蒲,FLT3
石菖蒲,GAA
石菖蒲,GBA
石菖蒲,GLO1
石菖蒲,HCAR2
石菖蒲,HIF1A
石菖蒲,HKDC1
石菖蒲,HSD17B2
石菖蒲,HTR1A
石菖蒲,HTR7
石菖蒲,IDH1
石菖蒲,IDO1
石菖蒲,KMT2A
石菖蒲,MAPK1
石菖蒲,MAPT
石菖蒲,MET
石菖蒲,MMP13
石菖蒲,MMP2
石菖蒲,MMP3
石菖蒲,NEK6
石菖蒲,NFKB1
石菖蒲,PIK3CG
石菖蒲,POLB
石菖蒲,PPARA
石菖蒲,PTPN1
石菖蒲,PYGL
石菖蒲,SHBG
石菖蒲,SIRT2
石菖蒲,SLCO1B3
石菖蒲,SOAT1
石菖蒲,SRC
石菖蒲,SYK
石菖蒲,TNKS
石菖蒲,TNKS2
石菖蒲,TTR
石菖蒲,TYR
石菖蒲,UGT1A1
石菖蒲,XDH
砂仁,ABCG2
砂仁,ACHE
砂仁,ADORA1
砂仁,ADORA2A
砂仁,AKR1B1
砂仁,AKR1B10
砂仁,AKR1C2
砂仁,AKR1C3
砂仁,AKT1
砂仁,ALOX12
砂仁,ALOX15
砂仁,ALOX5
砂仁,ALPL
砂仁,AMY1A
砂仁,APEX1
砂仁,APP
砂仁,AR
砂仁,AURKA
砂仁,AURKB
砂仁,AVPR2
砂仁,BACE1
砂仁,BCHE
砂仁,BCL2L1
砂仁,CA1
砂仁,CA14
砂仁,CA2
砂仁,CA3
砂仁,CA4
砂仁,CA5A
砂仁,CA5B
砂仁,CA6
砂仁,CA7
砂仁,CA9
砂仁,CCR4
砂仁,CD38
砂仁,CES2
砂仁,CTSL
砂仁,CXCL8
砂仁,CXCR1
砂仁,CYP1A1
砂仁,CYP1A2
砂仁,CYP1B1
砂仁,CYP2C19
砂仁,CYP2C8
砂仁,CYP2C9
砂仁,CYP2D6
砂仁,CYP3A4
砂仁,DAPK1
砂仁,DHFR
砂仁,DNMT1
砂仁,DPP4
砂仁,DRD1
砂仁,DUSP3
砂仁,EHMT2
砂仁,ESR1
砂仁,ESRRB
砂仁,FABP2
砂仁,FABP3
砂仁,FABP4
砂仁,FABP5
砂仁,FLT3
砂仁,GAA
砂仁,GABRR1
砂仁,GBA
砂仁,GLO1
砂仁,GPR35
砂仁,GSK3B
砂仁,HCAR2
砂仁,HIF1A
砂仁,HSD17B2
砂仁,HSPA8
砂仁,HTR1A
砂仁,IDH1
砂仁,IDO1
砂仁,IGF1R
砂仁,KDM4E
砂仁,KDR
砂仁,KMT2A
砂仁,MAP2K1
砂仁,MAPK1
砂仁,MAPK14
砂仁,MAPT
砂仁,MET
砂仁,MGLL
砂仁,MMP1
砂仁,MMP12
砂仁,MMP3
砂仁,MMP9
砂仁,MPG
砂仁,NEK6
砂仁,NFKB1
砂仁,NUAK1
砂仁,PARP1
砂仁,PDE5A
砂仁,PIK3CG
砂仁,PIM1
砂仁,PKN1
砂仁,PLG
砂仁,POLB
砂仁,PPARA
砂仁,PPARD
砂仁,PPARG
砂仁,PTGS2
砂仁,PTK2
砂仁,PTPN1
砂仁,PTPN6
砂仁,PTPRF
砂仁,RORC
砂仁,SLC28A3
砂仁,SLCO1B1
砂仁,SLCO1B3
砂仁,SLCO2B1
砂仁,SYK
砂仁,THRB
砂仁,TOP1
砂仁,TOP2A
砂仁,TTR
砂仁,UGT1A1
砂仁,XDH
砂仁,XPO1
穿山龙,ALOX15
穿山龙,EHMT2
穿山龙,MAPK1
紫花地丁,CYP3A4
紫花地丁,EHMT2
紫花地丁,GAA
紫花地丁,KDM4E
紫花地丁,MAPK1
紫苏叶,AKR1B10
紫苏叶,AKR1C3
紫苏叶,ALOX5
紫苏叶,BACE1
紫苏叶,BCL2
紫苏叶,CA14
紫苏叶,CA2
紫苏叶,CA5A
紫苏叶,CA6
紫苏叶,CA7
紫苏叶,CYP19A1
紫苏叶,CYP2D6
紫苏叶,CYP3A4
紫苏叶,DAPK1
紫苏叶,EGFR
紫苏叶,EHMT2
紫苏叶,ESR1
紫苏叶,F2
紫苏叶,GAA
紫苏叶,GLO1
紫苏叶,IDH1
紫苏叶,KDM4E
紫苏叶,MAPK14
紫苏叶,MAPT
紫苏叶,MMP9
紫苏叶,PPARA
紫苏叶,PPARD
紫苏叶,PRKCA
紫苏叶,PTGS2
紫苏叶,RORC
紫苏叶,TBXAS1
紫苏子,CYP2D6
紫苏子,EHMT2
紫苏子,HIF1A
紫苏子,NFKB1
紫菀,ABCB1
紫菀,ABCC1
紫菀,ABCG2
紫菀,ACHE
紫菀,ADORA1
紫菀,ADORA2B
紫菀,ADRB2
紫菀,AKR1B1
紫菀,AKR1B10
紫菀,AKR1C2
紫菀,AKR1C3
紫菀,AKR1C4
紫菀,ALOX15
紫菀,ALOX5
紫菀,AMY1A
紫菀,APEX1
紫菀,AR
紫菀,AURKB
紫菀,AXL
紫菀,BACE1
紫菀,BBOX1
紫菀,BCHE
紫菀,BCL2L1
紫菀,CA1
紫菀,CA12
紫菀,CA14
紫菀,CA2
紫菀,CA3
紫菀,CA4
紫菀,CA5A
紫菀,CA5B
紫菀,CA6
紫菀,CA7
紫菀,CA9
紫菀,CAMK2B
紫菀,CCR4
紫菀,CDC25B
紫菀,CES1
紫菀,CNR2
紫菀,CXCL8
紫菀,CYP19A1
紫菀,CYP1A1
紫菀,CYP1A2
紫菀,CYP1B1
紫菀,CYP2A6
紫菀,CYP2B6
紫菀,CYP2C19
紫菀,CYP2C9
紫菀,CYP2D6
紫菀,CYP2J2
紫菀,CYP3A4
紫菀,DPP4
紫菀,DRD1
紫菀,EGFR
紫菀,EHMT2
紫菀,ESR1
紫菀,F2
紫菀,F3
紫菀,FABP2
紫菀,FABP3
紫菀,FABP4
紫菀,FABP5
紫菀,FASN
紫菀,FLT3
紫菀,GAA
紫菀,GLO1
紫菀,GPR35
紫菀,GRM8
紫菀,GSK3B
紫菀,HCAR2
紫菀,HIF1A
紫菀,HSD17B1
紫菀,HSD17B2
紫菀,HTR7
紫菀,IDH1
紫菀,IDO1
紫菀,IGF1R
紫菀,INSR
紫菀,KDM4E
紫菀,KDR
紫菀,KMT2A
紫菀,MAP2K1
紫菀,MAPK1
紫菀,MAPKAPK2
紫菀,MAPT
紫菀,MET
紫菀,MMP12
紫菀,MMP13
紫菀,MMP2
紫菀,MMP3
紫菀,MPG
紫菀,NFKB1
紫菀,NR1H4
紫菀,NR1I2
紫菀,NR3C1
紫菀,NUAK1
紫菀,ODC1
紫菀,OPRM1
紫菀,PARP1
紫菀,PDE5A
紫菀,PIM1
紫菀,PKN1
紫菀,PLG
紫菀,PLK1
紫菀,PNP
紫菀,POLB
紫菀,PPARA
紫菀,PPARG
紫菀,PTGS1
紫菀,PTGS2
紫菀,PTK2
紫菀,PTPRF
紫菀,PYGL
紫菀,RORC
紫菀,SHBG
紫菀,SLC28A1
紫菀,SLC28A2
紫菀,SLC5A1
紫菀,SLCO1B1
紫菀,SLCO1B3
紫菀,SLCO2B1
紫菀,SOAT1
紫菀,SRC
紫菀,STAT3
紫菀,THRB
紫菀,TLR2
紫菀,TNKS
紫菀,TNKS2
紫菀,TOP2A
紫菀,TYR
紫菀,UGT1A1
紫菀,XDH
红景天,ABCC1
红景天,AKR1B1
红景天,ALOX5
红景天,AMY1A
红景天,APP
红景天,BACE1
红景天,CA12
红景天,CA14
红景天,CA2
红景天,CA3
红景天,CA4
红景天,CA5B
红景天,CA6
红景天,CA9
红景天,CYP1A1
红景天,CYP1B1
红景天,CYP2C19
红景天,CYP2D6
红景天,CYP3A4
红景天,EHMT2
红景天,EPHX2
红景天,ESR1
红景天,FLT3
红景天,GAA
红景天,GPR35
红景天,HCAR2
红景天,HTR7
红景天,IGF1R
红景天,KMT2A
红景天,MAPK1
红景天,MAPT
红景天,MCL1
红景天,MMP12
红景天,MMP9
红景天,NEK2
红景天,PIM1
红景天,POLB
红景天,PPARG
红景天,PTGS1
红景天,PTGS2
红景天,RORC
红景天,SLC5A2
红景天,SLCO2B1
红景天,SRC
红景天,SYK
红景天,TNKS
红景天,UGT1A1
红花,ABCC1
红花,ABCG2
红花,ACHE
红花,ADORA1
红花,ADORA2A
红花,ADORA2B
红花,ADORA3
红花,ADRA2A
红花,AKR1B1
红花,AKR1B10
红花,AKR1C2
红花,AKR1C3
红花,AKR1C4
红花,ALOX12
红花,ALOX15
红花,ALOX5
红花,ALPI
红花,ALPL
红花,APEX1
红花,APP
红花,AR
红花,AURKB
红花,AVPR2
红花,BACE1
红花,BCHE
红花,BCL2
红花,BCL2L1
红花,BCR
红花,CA12
红花,CA14
红花,CA2
红花,CA3
红花,CA4
红花,CA5A
红花,CA5B
红花,CA6
红花,CA7
红花,CA9
红花,CAMK2B
红花,CCR4
红花,CDK6
红花,CHRM1
红花,CTSL
红花,CXCL8
红花,CXCR1
红花,CYP19A1
红花,CYP1A1
红花,CYP1A2
红花,CYP1B1
红花,CYP2A6
红花,CYP2C19
红花,CYP2C8
红花,CYP2C9
红花,CYP2D6
红花,CYP2J2
红花,CYP3A4
红花,DAO
红花,DAPK1
红花,DHFR
红花,DNMT1
红花,DRD1
红花,DUSP3
红花,EGFR
红花,EHMT2
红花,EPHX2
红花,ESR1
红花,ESR2
红花,FABP2
红花,FABP3
红花,FABP4
红花,FABP5
红花,FASN
红花,FLT3
红花,FUT7
红花,GAA
红花,GBA
红花,GLO1
红花,GPR35
红花,GRIA4
红花,GSK3B
红花,HCAR2
红花,HDAC8
红花,HIF1A
红花,HSD11B1
红花,HSD17B1
红花,HSD17B2
红花,HSPA8
红花,HTR1A
红花,IDH1
红花,IDO1
红花,IGF1R
红花,INSR
红花,KDM4E
红花,KDR
红花,KMT2A
红花,MAOA
红花,MAOB
红花,MAP2K1
红花,MAP2K7
红花,MAPK1
红花,MAPK9
红花,MAPKAPK2
红花,MAPT
红花,MCL1
红花,MET
红花,MGLL
红花,MMP1
红花,MMP13
红花,MMP2
红花,MMP3
红花,MMP9
红花,MPG
红花,NFKB1
红花,NR1H4
红花,NUAK1
红花,PDE5A
红花,PIK3CA
红花,PIK3CG
红花,PKN1
红花,PLG
红花,PLK1
红花,PLK4
红花,PNP
红花,POLB
红花,PPARA
红花,PPARD
红花,PPARG
红花,PTGS1
红花,PTGS2
红花,PTK2
红花,PTPN1
红花,PTPN2
红花,PTPRS
红花,PYGL
红花,RORC
红花,SHBG
红花,SLC22A1
红花,SLC47A1
红花,SLCO1B1
红花,SLCO1B3
红花,SLCO2B1
红花,SMAD3
红花,SRC
红花,SYK
红花,TERT
红花,THRB
红花,TLR2
红花,TNKS
红花,TOP1
红花,TOP2A
红花,TRPV1
红花,TTR
红花,TYR
红花,UGT1A1
红花,XDH
红花,XPO1
红藤,ACP1
红藤,AKR1B1
红藤,AKR1B10
红藤,ALOX12
红藤,ALOX15
红藤,AMY1A
红藤,APEX1
红藤,APP
红藤,AR
红藤,BCHE
红藤,CA1
红藤,CA14
红藤,CA3
红藤,CA5A
红藤,CA7
红藤,CAMK2B
红藤,CHRM5
红藤,CYP19A1
红藤,CYP1A2
红藤,CYP1B1
红藤,CYP2A13
红藤,CYP2C9
红藤,CYP3A4
红藤,EHMT2
红藤,ESR1
红藤,FABP2
红藤,FABP4
红藤,GLRA1
红藤,GPR35
红藤,HIF1A
红藤,HSD17B2
红藤,IDH1
红藤,KDM4E
红藤,MAPK1
红藤,MAPK14
红藤,MAPT
红藤,PLG
红藤,POLB
红藤,PPARA
红藤,PPARG
红藤,PTK2
红藤,PTPN6
红藤,RORC
红藤,SHBG
红藤,SLCO1B3
红藤,SLCO2B1
红藤,SYK
红藤,TLR2
红藤,TOP2A
细辛,ACHE
细辛,ADORA3
细辛,AKR1B1
细辛,AKR1B10
细辛,AKR1C3
细辛,ALOX12
细辛,ALOX15
细辛,ALOX5
细辛,ALPL
细辛,AMY1A
细辛,APEX1
细辛,APP
细辛,AURKB
细辛,BACE1
细辛,BCL2
细辛,BCL2L1
细辛,CA1
细辛,CA12
细辛,CA13
细辛,CA14
细辛,CA2
细辛,CA3
细辛,CA4
细辛,CA5B
细辛,CA6
细辛,CA7
细辛,CA9
细辛,CAMK2B
细辛,CD38
细辛,CDK6
细辛,CTSL
细辛,CXCL8
细辛,CXCR1
细辛,CYP19A1
细辛,CYP1A1
细辛,CYP1A2
细辛,CYP1B1
细辛,CYP2A6
细辛,CYP2C9
细辛,CYP2D6
细辛,CYP2J2
细辛,CYP3A4
细辛,DRD1
细辛,DUSP3
细辛,EGFR
细辛,EGLN1
细辛,EHMT2
细辛,ERBB2
细辛,ESR1
细辛,ESR2
细辛,F2
细辛,F3
细辛,FABP2
细辛,FABP3
细辛,FABP5
细辛,FLT3
细辛,GAA
细辛,GBA
细辛,GLO1
细辛,GPR35
细辛,GRM4
细辛,GSK3B
细辛,HCAR2
细辛,HIF1A
细辛,HSD17B1
细辛,HSD17B2
细辛,HSPA8
细辛,HTR7
细辛,IDH1
细辛,IDO1
细辛,INSR
细辛,KDM4E
细辛,KMT2A
细辛,MAOA
细辛,MAPK1
细辛,MAPKAPK2
细辛,MAPT
细辛,MGLL
细辛,MMP1
细辛,MMP12
细辛,MMP2
细辛,MMP3
细辛,MMP9
细辛,MPG
细辛,NEK6
细辛,NFKB1
细辛,NOS2
细辛,NQO2
细辛,NR1H4
细辛,NR1I2
细辛,NUAK1
细辛,PARP1
细辛,PDE5A
细辛,PDGFRB
细辛,PIK3CB
细辛,PIM1
细辛,PLG
细辛,PLK1
细辛,POLB
细辛,PPARA
细辛,PPARG
细辛,PRKCA
细辛,PTGS1
细辛,PTGS2
细辛,PTPN1
细辛,PTPN6
细辛,PYGL
细辛,RORC
细辛,SENP6
细辛,SLCO1B1
细辛,SLCO1B3
细辛,SLCO2B1
细辛,SOAT1
细辛,SRC
细辛,TERT
细辛,THRB
细辛,TLR2
细辛,TNKS2
细辛,TOP2A
细辛,TYR
细辛,UGT1A1
细辛,XDH
肉桂,ADORA3
肉桂,ALOX15
肉桂,ALOX5
肉桂,CA12
肉桂,CA14
肉桂,CA2
肉桂,CA4
肉桂,CA5B
肉桂,CA6
肉桂,CA7
肉桂,CA9
肉桂,CYP19A1
肉桂,CYP1A1
肉桂,CYP1A2
肉桂,CYP3A4
肉桂,DRD2
肉桂,EHMT2
肉桂,ESR1
肉桂,FABP3
肉桂,FASN
肉桂,GBA
肉桂,GLO1
肉桂,GSK3B
肉桂,HTR1A
肉桂,IDH1
肉桂,KDM4E
肉桂,KDR
肉桂,KMT2A
肉桂,MAPK1
肉桂,MAPT
肉桂,MPG
肉桂,NFKB1
肉桂,PPARG
肉桂,PTGS1
肉桂,PTPRS
肉桂,RORC
肉桂,SYK
肉桂,TERT
肉桂,THRB
肉桂,TOP2A
肉桂,TYR
肉桂,UGT1A1
芍药,ACHE
芍药,ADORA1
芍药,ADORA3
芍药,ADRA2B
芍药,ADRB2
芍药,AKR1B1
芍药,AKR1B10
芍药,AKR1C2
芍药,AKR1C4
芍药,AKT1
芍药,ALOX12
芍药,ALOX15
芍药,ALOX5
芍药,ALPL
芍药,AMY1A
芍药,APEX1
芍药,AR
芍药,BACE1
芍药,BCHE
芍药,CA1
芍药,CA12
芍药,CA13
芍药,CA2
芍药,CA3
芍药,CA4
芍药,CA5A
芍药,CA5B
芍药,CA6
芍药,CA7
芍药,CA9
芍药,CDC25B
芍药,CSNK2A1
芍药,CXCL8
芍药,CYP19A1
芍药,CYP1A1
芍药,CYP1A2
芍药,CYP2A6
芍药,CYP2C19
芍药,CYP2C9
芍药,CYP2D6
芍药,CYP3A4
芍药,DAPK1
芍药,DRD1
芍药,DRD3
芍药,DUSP3
芍药,EGFR
芍药,EHMT2
芍药,EPHB4
芍药,EPHX2
芍药,ESR1
芍药,ESRRA
芍药,F2
芍药,F3
芍药,FABP2
芍药,FABP4
芍药,FABP5
芍药,GAA
芍药,GBA
芍药,GLO1
芍药,GPR35
芍药,HDAC10
芍药,HSD17B1
芍药,HSPA8
芍药,IDH1
芍药,IDO1
芍药,IGF1R
芍药,KDM2A
芍药,KDM4E
芍药,KDR
芍药,KMT2A
芍药,MAPK1
芍药,MAPK14
芍药,MAPT
芍药,MET
芍药,MMP12
芍药,MMP13
芍药,MMP2
芍药,MMP3
芍药,MMP9
芍药,NEK6
芍药,NOS2
芍药,NR1I2
芍药,NUAK1
芍药,OPRD1
芍药,PARP1
芍药,PIK3CG
芍药,PIM1
芍药,POLB
芍药,PPARA
芍药,PPARD
芍药,PPARG
芍药,PRKCA
芍药,PTGS1
芍药,PTGS2
芍药,PTPN1
芍药,PTPRS
芍药,RORC
芍药,SLC28A2
芍药,SLCO1B1
芍药,SLCO1B3
芍药,SMAD3
芍药,SRC
芍药,SYK
芍药,TERT
芍药,THRB
芍药,TLR2
芍药,TOP2A
芍药,TTR
芍药,UGT1A1
芡实,CYP2C19
芡实,CYP2C9
芡实,EGFR
芡实,GAA
芦根,BCL2
芦根,CA12
芦根,CA3
芦根,CA4
芦根,CA6
芦根,CA9
芦根,CYP19A1
芦根,CYP1B1
芦根,CYP2C9
芦根,CYP2D6
芦根,CYP3A4
芦根,DAPK1
芦根,DPP4
芦根,EHMT2
芦根,ESR1
芦根,KMT2A
芦根,MAPT
芦根,MMP2
芦根,NFKB1
芦根,PLG
芦根,POLB
芦根,PPARA
芦根,PPARD
芦根,PTK2
芦根,PTPN1
芦根,UGT1A1
芦根,XDH
芫花,ACHE
芫花,ADORA1
芫花,AKR1B1
芫花,AKR1B10
芫花,AKT1
芫花,ALK
芫花,ALOX15
芫花,ALOX5
芫花,AMY1A
芫花,APEX1
芫花,APP
芫花,AR
芫花,AURKB
芫花,BCL2
芫花,CA1
芫花,CA12
芫花,CA14
芫花,CA2
芫花,CA3
芫花,CA4
芫花,CA5B
芫花,CA6
芫花,CA7
芫花,CA9
芫花,CAMK2B
芫花,CBR1
芫花,CCR4
芫花,CHRNA3
芫花,CYP19A1
芫花,CYP1A2
芫花,CYP1B1
芫花,CYP2C19
芫花,CYP2C9
芫花,CYP2D6
芫花,CYP2J2
芫花,CYP3A4
芫花,DRD1
芫花,DUSP3
芫花,EGFR
芫花,EHMT2
芫花,ESR1
芫花,ESR2
芫花,F2
芫花,FLT3
芫花,GAA
芫花,GLO1
芫花,HIF1A
芫花,HSD17B2
芫花,IDH1
芫花,KDM4E
芫花,KMT2A
芫花,MAOA
芫花,MAPK1
芫花,MAPKAPK2
芫花,MAPT
芫花,MET
芫花,MMP1
芫花,MMP13
芫花,MMP2
芫花,MMP3
芫花,MMP9
芫花,NEK2
芫花,NFKB1
芫花,NQO2
芫花,PARP1
芫花,PIK3CG
芫花,PIM1
芫花,PKN1
芫花,PLK1
芫花,PNP
芫花,POLB
芫花,PPARG
芫花,PRKCA
芫花,PTGS1
芫花,PTGS2
芫花,PTPN1
芫花,PYGL
芫花,RORC
芫花,SLCO2B1
芫花,SYK
芫花,THRB
芫花,TLR2
芫花,TOP1
芫花,UGT1A1
苍术,ABCC1
苍术,ACHE
苍术,ADORA2A
苍术,ADORA3
苍术,AKR1B1
苍术,AKR1B10
苍术,AKT1
苍术,ALOX15
苍术,ALOX5
苍术,APEX1
苍术,APP
苍术,BCHE
苍术,CA1
苍术,CA12
苍术,CA13
苍术,CA2
苍术,CA3
苍术,CA4
苍术,CA5A
苍术,CA7
苍术,CA9
苍术,CAMK2B
苍术,CDC25B
苍术,CDK6
苍术,CES2
苍术,CNR2
苍术,CXCL8
苍术,CXCR1
苍术,CYP19A1
苍术,CYP1A1
苍术,CYP1A2
苍术,CYP1B1
苍术,CYP2A6
苍术,CYP2C19
苍术,CYP2C8
苍术,CYP2C9
苍术,CYP2D6
苍术,CYP3A4
苍术,DAPK1
苍术,DPP4
苍术,DRD1
苍术,EGFR
苍术,EHMT2
苍术,EPHX2
苍术,ESR1
苍术,F3
苍术,FABP4
苍术,FABP5
苍术,FLT3
苍术,FLT4
苍术,GAA
苍术,GBA
苍术,GLO1
苍术,GPR35
苍术,GSK3B
苍术,GSTP1
苍术,HCAR2
苍术,HIF1A
苍术,HRH4
苍术,HSD17B1
苍术,HSPA8
苍术,IDH1
苍术,IGF1R
苍术,INSR
苍术,KDM4E
苍术,KMT2A
苍术,MAP2K1
苍术,MAPK1
苍术,MAPKAPK2
苍术,MAPT
苍术,MET
苍术,MMP1
苍术,MMP2
苍术,MMP3
苍术,MMP9
苍术,MPG
苍术,NEK6
苍术,NFKB1
苍术,PDE5A
苍术,PIK3CG
苍术,PIM1
苍术,PKN1
苍术,PLG
苍术,PLK1
苍术,POLB
苍术,PPARA
苍术,PPARD
苍术,PPARG
苍术,PRKCA
苍术,PTGS1
苍术,PTGS2
苍术,PTK2
苍术,PTPN11
苍术,PTPRS
苍术,RORC
苍术,SLC28A2
苍术,SLC5A1
苍术,SLCO1B1
苍术,SLCO1B3
苍术,SOAT1
苍术,SRC
苍术,SYK
苍术,TERT
苍术,THRB
苍术,TOP1
苍术,TOP2A
苍术,TTR
苍术,UGT1A1
苍术,XDH
苍耳子,APP
苍耳子,CA5B
苍耳子,KDM4E
苦地丁,BACE1
苦地丁,CA1
苦地丁,CA7
苦地丁,CA9
苦地丁,CYP19A1
苦地丁,CYP2C19
苦地丁,EPHX2
苦地丁,GPR35
苦地丁,HIF1A
苦地丁,HTR7
苦地丁,IGF1R
苦地丁,KDM4E
苦地丁,MAPK1
苦地丁,MAPT
苦地丁,PPARG
苦地丁,PTGS2
苦地丁,RORC
苦地丁,THRB
苦地丁,UGT1A1
苦杏仁,CA4
茯苓,ABCC1
茯苓,ABCG2
茯苓,ALOX15
茯苓,ALOX5
茯苓,ALPI
茯苓,AMY1A
茯苓,APEX1
茯苓,AURKB
茯苓,BCHE
茯苓,CA1
茯苓,CA12
茯苓,CA3
茯苓,CA4
茯苓,CA5B
茯苓,CA7
茯苓,CA9
茯苓,CXCL8
茯苓,CYP19A1
茯苓,CYP1A1
茯苓,CYP2A6
茯苓,CYP2C19
茯苓,CYP3A4
茯苓,DAO
茯苓,EGFR
茯苓,EHMT2
茯苓,ESR1
茯苓,F2
茯苓,FABP3
茯苓,FLT3
茯苓,FOLH1
茯苓,GAA
茯苓,GBA
茯苓,GSK3B
茯苓,HSD11B1
茯苓,IDH1
茯苓,KDM4E
茯苓,KMT2A
茯苓,MAPK1
茯苓,MAPT
茯苓,MMP1
茯苓,MPG
茯苓,PIM1
茯苓,PLG
茯苓,POLB
茯苓,PPARA
茯苓,PPARG
茯苓,PTGS1
茯苓,RORC
茯苓,SOAT1
茯苓,SYK
茯苓,THRB
茯苓,TOP1
茯苓,UGT1A1
茵陈,ABCB1
茵陈,ABCC1
茵陈,ABCG2
茵陈,ACHE
茵陈,ADORA3
茵陈,AKR1B1
茵陈,AKR1B10
茵陈,AKR1C2
茵陈,AKR1C4
茵陈,AKT1
茵陈,ALK
茵陈,ALOX12
茵陈,ALOX15
茵陈,ALOX5
茵陈,ALPI
茵陈,AMY1A
茵陈,APEX1
茵陈,APOBEC3G
茵陈,APP
茵陈,AR
茵陈,AURKB
茵陈,AXL
茵陈,BACE1
茵陈,BCL2
茵陈,BRAF
茵陈,CA1
茵陈,CA12
茵陈,CA13
茵陈,CA14
茵陈,CA2
茵陈,CA4
茵陈,CA5A
茵陈,CA5B
茵陈,CA6
茵陈,CA7
茵陈,CA9
茵陈,CAMK2B
茵陈,CBR1
茵陈,CCR4
茵陈,CD38
茵陈,CDK6
茵陈,CHRNA7
茵陈,CSNK2A1
茵陈,CTSD
茵陈,CTSL
茵陈,CXCL8
茵陈,CYP19A1
茵陈,CYP1A2
茵陈,CYP1B1
茵陈,CYP2A6
茵陈,CYP2C19
茵陈,CYP2C8
茵陈,CYP2C9
茵陈,CYP2D6
茵陈,CYP3A4
茵陈,DPP4
茵陈,DRD1
茵陈,DUSP3
茵陈,EGFR
茵陈,EHMT2
茵陈,ESR1
茵陈,F3
茵陈,FABP5
茵陈,FASN
茵陈,FLT3
茵陈,FLT4
茵陈,GAA
茵陈,GBA
茵陈,GLO1
茵陈,GPBAR1
茵陈,GPR35
茵陈,GRM1
茵陈,GRM5
茵陈,GRM8
茵陈,HCAR2
茵陈,HDAC6
茵陈,HIF1A
茵陈,HSD11B1
茵陈,HSD17B1
茵陈,HSD17B3
茵陈,HSPA8
茵陈,HTR1A
茵陈,HTR3A
茵陈,IDH1
茵陈,IDO1
茵陈,IGF1R
茵陈,INSR
茵陈,KCNH2
茵陈,KDM4E
茵陈,KDR
茵陈,KMT2A
茵陈,MAOA
茵陈,MAOB
茵陈,MAP2K1
茵陈,MAPK1
茵陈,MAPK14
茵陈,MAPK9
茵陈,MAPKAPK2
茵陈,MAPT
茵陈,MCL1
茵陈,MET
茵陈,MMP1
茵陈,MMP13
茵陈,MMP2
茵陈,MMP3
茵陈,MMP9
茵陈,MPG
茵陈,MPO
茵陈,NFKB1
茵陈,NR1H4
茵陈,NR1I2
茵陈,PARP1
茵陈,PDE5A
茵陈,PIK3CA
茵陈,PIM1
茵陈,PKN1
茵陈,PLG
茵陈,PLK1
茵陈,POLB
茵陈,PPARA
茵陈,PPARD
茵陈,PPARG
茵陈,PRKCA
茵陈,PTGES
茵陈,PTGS1
茵陈,PTGS2
茵陈,PTK2
茵陈,PTPN2
茵陈,PTPN6
茵陈,PTPRF
茵陈,PTPRS
茵陈,PYGL
茵陈,RORC
茵陈,SLC1A1
茵陈,SLC28A2
茵陈,SLC28A3
茵陈,SLC47A1
茵陈,SLC5A1
茵陈,SLCO1B1
茵陈,SLCO1B3
茵陈,SLCO2B1
茵陈,SOAT1
茵陈,SRC
茵陈,SYK
茵陈,TERT
茵陈,THRA
茵陈,THRB
茵陈,TNKS2
茵陈,TOP1
茵陈,TOP2A
茵陈,TYR
茵陈,UGT1A1
荆芥,ABCB11
荆芥,ABCC1
荆芥,ABCG2
荆芥,ACHE
荆芥,ADORA3
荆芥,AKR1B1
荆芥,AKR1B10
荆芥,AKT1
荆芥,ALOX12
荆芥,ALOX15
荆芥,ALOX5
荆芥,ALPL
荆芥,AMY1A
荆芥,APEX1
荆芥,APP
荆芥,AURKB
荆芥,BACE1
荆芥,BCHE
荆芥,BCR
荆芥,CA1
荆芥,CA14
荆芥,CA2
荆芥,CA3
荆芥,CA5A
荆芥,CA5B
荆芥,CA6
荆芥,CA7
荆芥,CA9
荆芥,CDK6
荆芥,CES2
荆芥,CXCL8
荆芥,CXCR1
荆芥,CYP19A1
荆芥,CYP1A2
荆芥,CYP1B1
荆芥,CYP2C19
荆芥,CYP2C9
荆芥,CYP3A4
荆芥,DAPK1
荆芥,DRD1
荆芥,DUSP3
荆芥,DYRK1A
荆芥,EHMT2
荆芥,EPHX2
荆芥,FABP2
荆芥,FABP3
荆芥,FABP5
荆芥,GAA
荆芥,GBA
荆芥,GLO1
荆芥,GRM1
荆芥,HIF1A
荆芥,HSD17B1
荆芥,HSD17B2
荆芥,IGF1R
荆芥,KDM4E
荆芥,KIT
荆芥,KMT2A
荆芥,MAPK1
荆芥,MAPT
荆芥,MMP2
荆芥,MMP3
荆芥,MMP9
荆芥,MPG
荆芥,NEK2
荆芥,NEK6
荆芥,NFKB1
荆芥,NUAK1
荆芥,PARP1
荆芥,PDE5A
荆芥,PKN1
荆芥,PLK1
荆芥,POLB
荆芥,PPARA
荆芥,PPARD
荆芥,PPARG
荆芥,PTGS1
荆芥,PTGS2
荆芥,PTPN1
荆芥,RORC
荆芥,SLCO1B1
荆芥,SLCO2B1
荆芥,SRC
荆芥,TERT
荆芥,THRB
荆芥,TLR2
荆芥,TTR
荆芥,TYR
莱菔子,ABCG2
莱菔子,AKR1B1
莱菔子,AKR1B10
莱菔子,ALOX12
莱菔子,ALOX15
莱菔子,ALOX5
莱菔子,AMY1A
莱菔子,APP
莱菔子,AVPR2
莱菔子,CA12
莱菔子,CA2
莱菔子,CA4
莱菔子,CA5B
莱菔子,CA6
莱菔子,CA7
莱菔子,CA9
莱菔子,CAMK2B
莱菔子,CXCL8
莱菔子,CYP19A1
莱菔子,CYP2C19
莱菔子,CYP3A4
莱菔子,DUSP3
莱菔子,EHMT2
莱菔子,ESR1
莱菔子,F2
莱菔子,FABP4
莱菔子,FLT3
莱菔子,GAA
莱菔子,GPR35
莱菔子,GSK3B
莱菔子,HSD17B1
莱菔子,HTR1A
莱菔子,IGF1R
莱菔子,KDM4E
莱菔子,KMT2A
莱菔子,MAPK1
莱菔子,MAPT
莱菔子,MMP3
莱菔子,MMP9
莱菔子,NR1I2
莱菔子,PARP1
莱菔子,PIM1
莱菔子,POLB
莱菔子,PRKCA
莱菔子,PTPN1
莱菔子,SLCO1B1
莱菔子,SLCO1B3
莱菔子,THRB
菊花,ABCB1
菊花,ABCG2
菊花,ACHE
菊花,ADORA1
菊花,AKR1B1
菊花,AKR1B10
菊花,AKR1C2
菊花,AKR1C3
菊花,ALK
菊花,ALOX12
菊花,ALOX15
菊花,ALOX5
菊花,ALPL
菊花,AMY1A
菊花,APEX1
菊花,APP
菊花,AURKB
菊花,AVPR2
菊花,BACE1
菊花,BCL2
菊花,BCL2L1
菊花,CA1
菊花,CA12
菊花,CA13
菊花,CA14
菊花,CA2
菊花,CA3
菊花,CA4
菊花,CA5A
菊花,CA5B
菊花,CA6
菊花,CA7
菊花,CA9
菊花,CAMK2B
菊花,CCR4
菊花,CD38
菊花,CDC25B
菊花,CDK6
菊花,CES2
菊花,CHRM3
菊花,CXCL8
菊花,CYP19A1
菊花,CYP1A1
菊花,CYP1A2
菊花,CYP1B1
菊花,CYP2A6
菊花,CYP2C19
菊花,CYP2C8
菊花,CYP2C9
菊花,CYP2D6
菊花,CYP2J2
菊花,CYP3A4
菊花,DAPK1
菊花,DRD1
菊花,DUSP3
菊花,DYRK1B
菊花,EGFR
菊花,EGLN1
菊花,EHMT2
菊花,EPHX2
菊花,ERBB2
菊花,ESR1
菊花,ESR2
菊花,F3
菊花,FABP2
菊花,FABP3
菊花,FABP4
菊花,FABP5
菊花,FASN
菊花,FLT3
菊花,GAA
菊花,GABRR1
菊花,GBA
菊花,GPR35
菊花,HCAR2
菊花,HIF1A
菊花,HRH3
菊花,HSD11B1
菊花,HSD17B1
菊花,HSD17B2
菊花,HSPA8
菊花,HTR7
菊花,IDH1
菊花,IDO1
菊花,IGF1R
菊花,INSR
菊花,KCNH2
菊花,KDM4E
菊花,KDR
菊花,KMT2A
菊花,MAOB
菊花,MAPK1
菊花,MAPK14
菊花,MAPT
菊花,MCL1
菊花,MET
菊花,MMP1
菊花,MMP12
菊花,MMP13
菊花,MMP2
菊花,MMP3
菊花,MMP9
菊花,NEK2
菊花,NFKB1
菊花,NR1H4
菊花,NR1I2
菊花,ODC1
菊花,PARP1
菊花,PDE5A
菊花,PIK3CA
菊花,PIM1
菊花,PKN1
菊花,PLG
菊花,PLK1
菊花,POLB
菊花,PPARA
菊花,PPARD
菊花,PPARG
菊花,PRKCA
菊花,PTGES
菊花,PTGS1
菊花,PTGS2
菊花,PTK2
菊花,PTPN11
菊花,PTPRF
菊花,PYGL
菊花,RELA
菊花,RORC
菊花,SLC22A12
菊花,SLC28A1
菊花,SLC28A2
菊花,SLCO1B1
菊花,SLCO1B3
菊花,SLCO2B1
菊花,SOAT1
菊花,SRC
菊花,SYK
菊花,TERT
菊花,THRB
菊花,TOP1
菊花,TOP2A
菊花,TRPV1
菊花,TTR
菊花,TYR
菊花,UBE2N
菊花,UGT1A1
菊花,XDH
菊花,XPO1
葛根,ABCC1
葛根,ACHE
葛根,ADORA2A
葛根,ADORA3
葛根,AKR1B1
葛根,ALOX15
葛根,ALOX5
葛根,AMY1A
葛根,AOC3
葛根,APP
葛根,BACE1
葛根,BCL2
葛根,CA1
葛根,CA12
葛根,CA14
葛根,CA5A
葛根,CA6
葛根,CA7
葛根,CA9
葛根,CARM1
葛根,CDC25B
葛根,CDK6
葛根,CYP2A6
葛根,CYP2C19
葛根,CYP2C9
葛根,DAPK1
葛根,DPP4
葛根,DRD1
葛根,DYRK1A
葛根,EGFR
葛根,EHMT2
葛根,ESR1
葛根,FABP4
葛根,FABP5
葛根,GAA
葛根,GLO1
葛根,GPR35
葛根,GSK3B
葛根,KCNH2
葛根,KDM4E
葛根,MAPK1
葛根,MAPT
葛根,MMP13
葛根,MMP2
葛根,MMP3
葛根,MMP9
葛根,NFKB1
葛根,NUAK1
葛根,POLB
葛根,PPARA
葛根,PPARD
葛根,PPARG
葛根,PTPN6
葛根,SLCO1B1
葛根,SLCO2B1
葛根,SYK
葛根,THRB
葛根,TRPV1
葛根,UGT1A1
葶苈子,ABCB1
葶苈子,ABCC1
葶苈子,ABCG2
葶苈子,ACHE
葶苈子,ADORA3
葶苈子,AKR1B1
葶苈子,AKR1B10
葶苈子,AKT1
葶苈子,ALK
葶苈子,ALOX12
葶苈子,ALOX15
葶苈子,ALOX5
葶苈子,AMY1A
葶苈子,APEX1
葶苈子,APP
葶苈子,AR
葶苈子,AVPR2
葶苈子,BACE1
葶苈子,BCHE
葶苈子,BCL2
葶苈子,CA1
葶苈子,CA12
葶苈子,CA13
葶苈子,CA14
葶苈子,CA2
葶苈子,CA3
葶苈子,CA4
葶苈子,CA5A
葶苈子,CA5B
葶苈子,CA6
葶苈子,CA7
葶苈子,CA9
葶苈子,CAMK2B
葶苈子,CCR4
葶苈子,CD38
葶苈子,CES1
葶苈子,CNR1
葶苈子,CTSD
葶苈子,CXCL8
葶苈子,CYP19A1
葶苈子,CYP1A1
葶苈子,CYP1A2
葶苈子,CYP1B1
葶苈子,CYP2A6
葶苈子,CYP2C19
葶苈子,CYP2C8
葶苈子,CYP2C9
葶苈子,CYP2D6
葶苈子,CYP2E1
葶苈子,CYP2J2
葶苈子,CYP3A4
葶苈子,DAPK1
葶苈子,DRD1
葶苈子,DUSP3
葶苈子,EGFR
葶苈子,EHMT2
葶苈子,EP300
葶苈子,EPHX2
葶苈子,ESR1
葶苈子,ESR2
葶苈子,F3
葶苈子,FABP3
葶苈子,FABP5
葶苈子,GAA
葶苈子,GBA
葶苈子,GPR35
葶苈子,GSK3B
葶苈子,HCAR2
葶苈子,HIF1A
葶苈子,HSD11B1
葶苈子,HSD11B2
葶苈子,HSD17B1
葶苈子,HSD17B2
葶苈子,HSP90AB1
葶苈子,HSPA8
葶苈子,HTR7
葶苈子,IDH1
葶苈子,INSR
葶苈子,KCNH2
葶苈子,KDM4E
葶苈子,KMT2A
葶苈子,MAOB
葶苈子,MAPK1
葶苈子,MAPKAPK2
葶苈子,MMP13
葶苈子,MMP2
葶苈子,MMP3
葶苈子,MMP9
葶苈子,NEK2
葶苈子,NEK6
葶苈子,NFKB1
葶苈子,NUAK1
葶苈子,OPRD1
葶苈子,PDE5A
葶苈子,PIK3CG
葶苈子,PIM1
葶苈子,PKN1
葶苈子,PLG
葶苈子,POLB
葶苈子,PPARA
葶苈子,PPARD
葶苈子,PPARG
葶苈子,PTGS2
葶苈子,PTPN1
葶苈子,PTPN11
葶苈子,PYGL
葶苈子,RORC
葶苈子,SLC28A1
葶苈子,SLCO1B1
葶苈子,SLCO1B3
葶苈子,SLCO2B1
葶苈子,SOAT1
葶苈子,SYK
葶苈子,TERT
葶苈子,THRB
葶苈子,TNKS2
葶苈子,TOP1
葶苈子,TOP2A
葶苈子,TTR
葶苈子,TYR
葶苈子,UBE2N
葶苈子,UGT1A1
葶苈子,XDH
蒲公英,ABCG2
蒲公英,ACHE
蒲公英,ACP1
蒲公英,ADORA1
蒲公英,ADORA2B
蒲公英,ADORA3
蒲公英,AKR1B1
蒲公英,AKR1B10
蒲公英,AKR1C2
蒲公英,AKR1C4
蒲公英,AKT1
蒲公英,ALK
蒲公英,ALOX12
蒲公英,ALOX15
蒲公英,ALOX5
蒲公英,ALPI
蒲公英,ALPL
蒲公英,AMY1A
蒲公英,AOX1
蒲公英,APEX1
蒲公英,APP
蒲公英,AR
蒲公英,AURKA
蒲公英,AURKB
蒲公英,BACE1
蒲公英,BCL2L1
蒲公英,CA1
蒲公英,CA12
蒲公英,CA13
蒲公英,CA14
蒲公英,CA2
蒲公英,CA3
蒲公英,CA4
蒲公英,CA5B
蒲公英,CA6
蒲公英,CA7
蒲公英,CA9
蒲公英,CARM1
蒲公英,CCR4
蒲公英,CD38
蒲公英,CDK6
蒲公英,CNR1
蒲公英,CTSD
蒲公英,CTSL
蒲公英,CXCL8
蒲公英,CXCR1
蒲公英,CYP19A1
蒲公英,CYP1A1
蒲公英,CYP1A2
蒲公英,CYP1B1
蒲公英,CYP2A6
蒲公英,CYP2C19
蒲公英,CYP2C8
蒲公英,CYP2C9
蒲公英,CYP2J2
蒲公英,CYP3A4
蒲公英,DPP4
蒲公英,DRD1
蒲公英,DRD3
蒲公英,DUSP3
蒲公英,EGLN1
蒲公英,EHMT2
蒲公英,EPHX2
蒲公英,ERBB2
蒲公英,ESR1
蒲公英,ESRRA
蒲公英,F3
蒲公英,FABP2
蒲公英,FABP3
蒲公英,FABP5
蒲公英,FASN
蒲公英,GAA
蒲公英,GBA
蒲公英,GLO1
蒲公英,GLRA1
蒲公英,GPR35
蒲公英,GRIA1
蒲公英,GRM1
蒲公英,GRM3
蒲公英,GSK3B
蒲公英,HCAR2
蒲公英,HIF1A
蒲公英,HSD17B1
蒲公英,HSD17B2
蒲公英,HSP90AB1
蒲公英,HSPA1A
蒲公英,HTR1A
蒲公英,IDH1
蒲公英,IDO1
蒲公英,IGF1R
蒲公英,KDM4E
蒲公英,KIT
蒲公英,KMT2A
蒲公英,MAP2K1
蒲公英,MAPK1
蒲公英,MAPK14
蒲公英,MAPKAPK2
蒲公英,MAPT
蒲公英,MET
蒲公英,MIF
蒲公英,MMP1
蒲公英,MMP13
蒲公英,MMP2
蒲公英,MMP3
蒲公英,MMP9
蒲公英,MPG
蒲公英,MTNR1A
蒲公英,NEK2
蒲公英,NEK6
蒲公英,NFKB1
蒲公英,NOS2
蒲公英,NR1H4
蒲公英,ODC1
蒲公英,OPRM1
蒲公英,PDE5A
蒲公英,PIK3CA
蒲公英,PIM1
蒲公英,PLG
蒲公英,PNP
蒲公英,POLB
蒲公英,PPARD
蒲公英,PPARG
蒲公英,PRKCA
蒲公英,PTGES
蒲公英,PTGS1
蒲公英,PTGS2
蒲公英,PTK2
蒲公英,PTPN1
蒲公英,PTPN2
蒲公英,PTPRF
蒲公英,PYGL
蒲公英,RORC
蒲公英,SENP8
蒲公英,SLC1A1
蒲公英,SLC28A1
蒲公英,SLC28A2
蒲公英,SLCO1B1
蒲公英,SLCO1B3
蒲公英,SLCO2B1
蒲公英,SOAT1
蒲公英,SRC
蒲公英,SYK
蒲公英,TERT
蒲公英,THRB
蒲公英,TLR2
蒲公英,TNKS2
蒲公英,TOP2A
蒲公英,TRPV1
蒲公英,TTR
蒲公英,TYR
蒲公英,UBE2N
蒲公英,UGT1A1
蒲公英,XDH
薄荷,ABCB1
薄荷,ABCG2
薄荷,AKR1B1
薄荷,ALOX15
薄荷,ALOX5
薄荷,ALPL
薄荷,AVPR2
薄荷,BACE1
薄荷,CA1
薄荷,CA12
薄荷,CA14
薄荷,CA2
薄荷,CA4
薄荷,CA5A
薄荷,CA9
薄荷,CD38
薄荷,CXCL8
薄荷,CYP19A1
薄荷,CYP1A1
薄荷,CYP2C19
薄荷,CYP3A4
薄荷,FABP4
薄荷,GBA
薄荷,GRIK5
薄荷,GSK3B
薄荷,KDM4E
薄荷,KMT2A
薄荷,MAPT
薄荷,MMP1
薄荷,MMP9
薄荷,NEK2
薄荷,NFKB1
薄荷,NUAK1
薄荷,PPARA
薄荷,PPARD
薄荷,PPARG
薄荷,PRKCA
薄荷,RORC
薄荷,SLC28A3
薄荷,THRB
薏苡仁,AKR1B1
薏苡仁,AR
薏苡仁,CA12
薏苡仁,CA2
薏苡仁,CA4
薏苡仁,CA7
薏苡仁,CYP2C9
薏苡仁,CYP2D6
薏苡仁,CYP3A4
薏苡仁,EGFR
薏苡仁,FLT3
薏苡仁,HIF1A
薏苡仁,KDM4E
薏苡仁,MAPK1
薏苡仁,MAPKAPK2
薏苡仁,RORC
薏苡仁,UGT1A1
薤白,ALOX12
薤白,ALOX5
薤白,APP
薤白,AVPR2
薤白,CA12
薤白,CA3
薤白,CA4
薤白,CA5A
薤白,CA5B
薤白,CA6
薤白,CACNA1D
薤白,CTSL
薤白,CXCL8
薤白,CYP19A1
薤白,CYP2C8
薤白,CYP2C9
薤白,CYP2D6
薤白,CYP3A4
薤白,EGFR
薤白,EHMT2
薤白,ESR1
薤白,HIF1A
薤白,KDM4E
薤白,KMT2A
薤白,MMP1
薤白,PDE5A
薤白,PLG
薤白,POLB
薤白,PPARG
薤白,PYGL
薤白,SLC47A1
薤白,THRB
薤白,TNKS
薤白,UGT1A1
藏青果,ACHE
藏青果,ADORA1
藏青果,ADORA2A
藏青果,ADORA3
藏青果,AKR1B1
藏青果,AKR1B10
藏青果,AKR1C4
藏青果,ALK
藏青果,ALOX15
藏青果,ALOX5
藏青果,ALPL
藏青果,AMY1A
藏青果,APEX1
藏青果,APP
藏青果,AURKB
藏青果,AVPR2
藏青果,AXL
藏青果,BACE1
藏青果,BCHE
藏青果,CA1
藏青果,CA12
藏青果,CA14
藏青果,CA2
藏青果,CA3
藏青果,CA4
藏青果,CA5A
藏青果,CA5B
藏青果,CA6
藏青果,CA7
藏青果,CA9
藏青果,CAMK2B
藏青果,CCR4
藏青果,CD38
藏青果,CDK6
藏青果,CNR1
藏青果,CNR2
藏青果,CXCL8
藏青果,CXCR1
藏青果,CYP19A1
藏青果,CYP1A1
藏青果,CYP2A13
藏青果,CYP2A6
藏青果,CYP2C19
藏青果,CYP2C8
藏青果,CYP2C9
藏青果,CYP2D6
藏青果,CYP2J2
藏青果,CYP3A4
藏青果,DAPK1
藏青果,DHFR
藏青果,DPP4
藏青果,DRD1
藏青果,DUSP3
藏青果,EGFR
藏青果,EHMT2
藏青果,EPHX2
藏青果,ERBB2
藏青果,ESR1
藏青果,ESRRA
藏青果,F3
藏青果,FABP2
藏青果,FABP3
藏青果,FABP4
藏青果,FLT3
藏青果,FUT7
藏青果,GAA
藏青果,GBA
藏青果,GPR35
藏青果,GRIA1
藏青果,GSK3B
藏青果,GSTP1
藏青果,HCAR2
藏青果,HSD17B1
藏青果,HSPA1A
藏青果,HTR1A
藏青果,HTR7
藏青果,IDH1
藏青果,IGF1R
藏青果,KDM4E
藏青果,KMT2A
藏青果,MAP2K1
藏青果,MAPK1
藏青果,MAPK9
藏青果,MAPKAPK2
藏青果,MAPT
藏青果,MET
藏青果,MMP1
藏青果,MMP12
藏青果,MMP2
藏青果,MMP3
藏青果,MMP9
藏青果,MPG
藏青果,NFKB1
藏青果,NR1I2
藏青果,NUAK1
藏青果,PDE5A
藏青果,PIM1
藏青果,PKN1
藏青果,PLG
藏青果,POLB
藏青果,PPARA
藏青果,PPARD
藏青果,PPARG
藏青果,PTGS2
藏青果,PTPN1
藏青果,PTPN11
藏青果,PTPRS
藏青果,RORC
藏青果,SLC28A2
藏青果,SLC28A3
藏青果,SLCO1B1
藏青果,SLCO1B3
藏青果,SLCO2B1
藏青果,SRC
藏青果,TERT
藏青果,THRB
藏青果,TLR2
藏青果,TNKS2
藏青果,TOP1
藏青果,TOP2A
藏青果,TTR
藏青果,TYR
藏青果,UGT1A1
藏青果,XDH
藿香,ABCB1
藿香,ABCC1
藿香,ABCG2
藿香,ACHE
藿香,ACP1
藿香,ADORA2B
藿香,ADORA3
藿香,ADRA1D
藿香,ADRA2B
藿香,ADRB2
藿香,AKR1B1
藿香,AKR1C2
藿香,AKR1C3
藿香,AKR1C4
藿香,AKT1
藿香,ALK
藿香,ALOX15
藿香,ALOX5
藿香,ALPI
藿香,ALPL
藿香,AMY1A
藿香,APEX1
藿香,APP
藿香,AR
藿香,AVPR2
藿香,AXL
藿香,BCHE
藿香,BCL2
藿香,CA1
藿香,CA12
藿香,CA13
藿香,CA14
藿香,CA2
藿香,CA3
藿香,CA4
藿香,CA5A
藿香,CA5B
藿香,CA6
藿香,CA7
藿香,CA9
藿香,CCR4
藿香,CD38
藿香,CDC25B
藿香,CDK6
藿香,CSNK2A1
藿香,CTBP2
藿香,CTSL
藿香,CXCL8
藿香,CXCR1
藿香,CYP19A1
藿香,CYP1A1
藿香,CYP1A2
藿香,CYP1B1
藿香,CYP2A13
藿香,CYP2A6
藿香,CYP2C19
藿香,CYP2C8
藿香,CYP2C9
藿香,CYP2D6
藿香,CYP2J2
藿香,CYP3A4
藿香,DAO
藿香,DAPK1
藿香,DPP4
藿香,DRD1
藿香,DRD2
藿香,DUSP3
藿香,EGFR
藿香,EHMT2
藿香,EP300
藿香,EPHB4
藿香,EPHX2
藿香,ESR1
藿香,ESR2
藿香,ESRRA
藿香,F2
藿香,F3
藿香,FABP2
藿香,FABP3
藿香,FABP4
藿香,FABP5
藿香,FASN
藿香,GAA
藿香,GBA
藿香,GLO1
藿香,GPR35
藿香,GRIA2
藿香,GRIA4
藿香,GSK3B
藿香,GSTP1
藿香,HDAC1
藿香,HIF1A
藿香,HRH1
藿香,HSD11B1
藿香,HSD17B1
藿香,HSD17B2
藿香,HSP90AB1
藿香,HSPA8
藿香,HTR1A
藿香,HTR2B
藿香,HTR7
藿香,IDH1
藿香,IDO1
藿香,KAT2B
藿香,KCNH2
藿香,KDM4E
藿香,KDR
藿香,KMT2A
藿香,MAOA
藿香,MAOB
藿香,MAP2K1
藿香,MAPK1
藿香,MAPK14
藿香,MAPKAPK2
藿香,MAPT
藿香,MET
藿香,MGLL
藿香,MIF
藿香,MMP1
藿香,MMP12
藿香,MMP13
藿香,MMP2
藿香,MMP3
藿香,MMP9
藿香,MPG
藿香,NEK2
藿香,NEK6
藿香,NFKB1
藿香,NOS2
藿香,NUAK1
藿香,PARP1
藿香,PDE5A
藿香,PIK3CB
藿香,PIK3CG
藿香,PIM1
藿香,PKN1
藿香,PLG
藿香,PLK1
藿香,POLB
藿香,PPARA
藿香,PPARD
藿香,PPARG
藿香,PRKCA
藿香,PTGES
藿香,PTGS1
藿香,PTGS2
藿香,PTK2
藿香,PTPN1
藿香,PTPN2
藿香,PTPN6
藿香,PTPRS
藿香,PYGL
藿香,RELA
藿香,RORC
藿香,SHBG
藿香,SLC28A2
藿香,SLC28A3
藿香,SLC6A3
藿香,SLCO1B1
藿香,SLCO1B3
藿香,SLCO2B1
藿香,SRC
藿香,SYK
藿香,TERT
藿香,THRB
藿香,TLR2
藿香,TOP1
藿香,TOP2A
藿香,TTR
藿香,TYR
藿香,UGT1A1
藿香,XDH
虎杖,ABCC1
虎杖,ABCG2
虎杖,ACHE
虎杖,ACP1
虎杖,ADORA2A
虎杖,AKR1B1
虎杖,AKR1B10
虎杖,AKR1C2
虎杖,AKR1C3
虎杖,AKR1C4
虎杖,AKT1
虎杖,ALK
虎杖,ALOX12
虎杖,ALOX15
虎杖,ALOX5
虎杖,ALPI
虎杖,AMY1A
虎杖,APEX1
虎杖,APOBEC3G
虎杖,APP
虎杖,AR
虎杖,AURKB
虎杖,AVPR2
虎杖,AXL
虎杖,BACE1
虎杖,BCHE
虎杖,BCL2L1
虎杖,CA1
虎杖,CA12
虎杖,CA13
虎杖,CA14
虎杖,CA2
虎杖,CA3
虎杖,CA4
虎杖,CA5A
虎杖,CA5B
虎杖,CA6
虎杖,CA7
虎杖,CA9
虎杖,CD38
虎杖,CDC25B
虎杖,CDK6
虎杖,CHRNA7
虎杖,CSNK2A1
虎杖,CTSD
虎杖,CXCL8
虎杖,CXCR1
虎杖,CYP19A1
虎杖,CYP1A1
虎杖,CYP1A2
虎杖,CYP1B1
虎杖,CYP2A6
虎杖,CYP2C19
虎杖,CYP2C9
虎杖,CYP2D6
虎杖,CYP2J2
虎杖,CYP3A4
虎杖,DAPK1
虎杖,DPP4
虎杖,DRD1
虎杖,DUSP3
虎杖,DYRK1A
虎杖,EGFR
虎杖,EHMT2
虎杖,EPHX2
虎杖,ESR1
虎杖,ESRRA
虎杖,F2
虎杖,F3
虎杖,FABP3
虎杖,FABP4
虎杖,FASN
虎杖,FLT3
虎杖,FUT7
虎杖,GAA
虎杖,GBA
虎杖,GLO1
虎杖,GPR35
虎杖,GRIA4
虎杖,GRM5
虎杖,GSK3B
虎杖,HDAC8
虎杖,HIF1A
虎杖,HKDC1
虎杖,HSD11B1
虎杖,HSD17B1
虎杖,HSD17B2
虎杖,HSPA1A
虎杖,HSPA8
虎杖,HTR1A
虎杖,HTR7
虎杖,IDH1
虎杖,KDM4E
虎杖,KMT2A
虎杖,MAP2K1
虎杖,MAP3K8
虎杖,MAPK1
虎杖,MAPK14
虎杖,MAPKAPK2
虎杖,MAPT
虎杖,MCL1
虎杖,MET
虎杖,MMP1
虎杖,MMP12
虎杖,MMP13
虎杖,MMP3
虎杖,MMP9
虎杖,MPG
虎杖,NEK2
虎杖,NFKB1
虎杖,NUAK1
虎杖,OPRD1
虎杖,OPRK1
虎杖,PARP1
虎杖,PDE5A
虎杖,PIM1
虎杖,PKN1
虎杖,PLG
虎杖,PLK1
虎杖,PPARA
虎杖,PPARD
虎杖,PPARG
虎杖,PTGS1
虎杖,PTGS2
虎杖,PTK2
虎杖,PTPN1
虎杖,PTPN11
虎杖,PTPN6
虎杖,PTPRF
虎杖,PTPRS
虎杖,PYGL
虎杖,RORC
虎杖,SLC22A1
虎杖,SLC28A3
虎杖,SLCO1B1
虎杖,SLCO1B3
虎杖,SLCO2B1
虎杖,SOAT1
虎杖,SRC
虎杖,SYK
虎杖,TERT
虎杖,TLR2
虎杖,TNKS
虎杖,TNKS2
虎杖,TOP1
虎杖,TOP2A
虎杖,TTR
虎杖,UBE2N
虎杖,UGT1A1
虎杖,XDH
虎杖,XIAP
蜜款冬花,ABCC1
蜜款冬花,ABCG2
蜜款冬花,ACHE
蜜款冬花,ADORA1
蜜款冬花,ADORA2A
蜜款冬花,ADORA2B
蜜款冬花,ADORA3
蜜款冬花,ADRA2B
蜜款冬花,ADRB2
蜜款冬花,AKR1B1
蜜款冬花,AKR1C2
蜜款冬花,AKR1C3
蜜款冬花,AKR1C4
蜜款冬花,AKT1
蜜款冬花,ALOX12
蜜款冬花,ALOX15
蜜款冬花,ALOX5
蜜款冬花,ALPI
蜜款冬花,ALPL
蜜款冬花,AMY1A
蜜款冬花,APEX1
蜜款冬花,APP
蜜款冬花,AR
蜜款冬花,AURKB
蜜款冬花,AXL
蜜款冬花,BACE1
蜜款冬花,BCHE
蜜款冬花,CA1
蜜款冬花,CA12
蜜款冬花,CA13
蜜款冬花,CA14
蜜款冬花,CA2
蜜款冬花,CA3
蜜款冬花,CA4
蜜款冬花,CA5A
蜜款冬花,CA5B
蜜款冬花,CA6
蜜款冬花,CA7
蜜款冬花,CA9
蜜款冬花,CAMK2B
蜜款冬花,CCR4
蜜款冬花,CD38
蜜款冬花,CDK6
蜜款冬花,CHRNA7
蜜款冬花,CSNK2A1
蜜款冬花,CXCL8
蜜款冬花,CXCR1
蜜款冬花,CYP19A1
蜜款冬花,CYP1A1
蜜款冬花,CYP1A2
蜜款冬花,CYP1B1
蜜款冬花,CYP2A6
蜜款冬花,CYP2B6
蜜款冬花,CYP2C19
蜜款冬花,CYP2C8
蜜款冬花,CYP2C9
蜜款冬花,CYP2D6
蜜款冬花,CYP2J2
蜜款冬花,CYP3A4
蜜款冬花,DAPK1
蜜款冬花,DPP4
蜜款冬花,DRD1
蜜款冬花,DUSP3
蜜款冬花,EGFR
蜜款冬花,EHMT2
蜜款冬花,EPHB4
蜜款冬花,EPHX2
蜜款冬花,ESR1
蜜款冬花,ESRRA
蜜款冬花,F2
蜜款冬花,F3
蜜款冬花,FABP2
蜜款冬花,FABP3
蜜款冬花,FABP4
蜜款冬花,FLT3
蜜款冬花,GAA
蜜款冬花,GBA
蜜款冬花,GLO1
蜜款冬花,GPR35
蜜款冬花,HCAR2
蜜款冬花,HIF1A
蜜款冬花,HRH3
蜜款冬花,HSD11B1
蜜款冬花,HSD17B1
蜜款冬花,HSD17B2
蜜款冬花,HSPA1A
蜜款冬花,HSPA8
蜜款冬花,HTR1A
蜜款冬花,HTR1E
蜜款冬花,IDH1
蜜款冬花,IDO1
蜜款冬花,IGF1R
蜜款冬花,INSR
蜜款冬花,KCNH2
蜜款冬花,KDM4E
蜜款冬花,KDR
蜜款冬花,KMT2A
蜜款冬花,MAOA
蜜款冬花,MAOB
蜜款冬花,MAPK1
蜜款冬花,MAPK14
蜜款冬花,MAPKAPK2
蜜款冬花,MAPT
蜜款冬花,MERTK
蜜款冬花,MET
蜜款冬花,MGLL
蜜款冬花,MMP13
蜜款冬花,MMP2
蜜款冬花,MMP3
蜜款冬花,MMP9
蜜款冬花,MPG
蜜款冬花,NEK2
蜜款冬花,NEK6
蜜款冬花,NFKB1
蜜款冬花,NR1H4
蜜款冬花,NR1I2
蜜款冬花,NUAK1
蜜款冬花,PARP1
蜜款冬花,PDE5A
蜜款冬花,PDGFRB
蜜款冬花,PIK3CG
蜜款冬花,PLG
蜜款冬花,PLK1
蜜款冬花,PNP
蜜款冬花,POLB
蜜款冬花,PPARA
蜜款冬花,PPARD
蜜款冬花,PPARG
蜜款冬花,PRMT1
蜜款冬花,PTGS1
蜜款冬花,PTGS2
蜜款冬花,PTPN1
蜜款冬花,PTPN2
蜜款冬花,PTPN6
蜜款冬花,RELA
蜜款冬花,RORC
蜜款冬花,SLC28A1
蜜款冬花,SLC28A3
蜜款冬花,SLC5A1
蜜款冬花,SLCO1B1
蜜款冬花,SLCO1B3
蜜款冬花,SLCO2B1
蜜款冬花,SRC
蜜款冬花,TEK
蜜款冬花,TERT
蜜款冬花,THRB
蜜款冬花,TLR2
蜜款冬花,TNKS
蜜款冬花,TNKS2
蜜款冬花,TOP2A
蜜款冬花,TTR
蜜款冬花,TYR
蜜款冬花,UGT1A1
蜜款冬花,XDH
蜜百部,AKR1B1
蜜百部,TERT
蜜紫菀,ABCG2
蜜紫菀,ACHE
蜜紫菀,ADORA1
蜜紫菀,ADORA3
蜜紫菀,ADRA2B
蜜紫菀,AKR1B1
蜜紫菀,AKR1B10
蜜紫菀,AKT1
蜜紫菀,ALK
蜜紫菀,ALOX12
蜜紫菀,ALOX15
蜜紫菀,ALOX5
蜜紫菀,ALPI
蜜紫菀,ALPL
蜜紫菀,AMY1A
蜜紫菀,APEX1
蜜紫菀,AR
蜜紫菀,AURKB
蜜紫菀,AVPR2
蜜紫菀,AXL
蜜紫菀,BACE1
蜜紫菀,BCHE
蜜紫菀,BCL2
蜜紫菀,CA1
蜜紫菀,CA12
蜜紫菀,CA14
蜜紫菀,CA2
蜜紫菀,CA3
蜜紫菀,CA4
蜜紫菀,CA5A
蜜紫菀,CA5B
蜜紫菀,CA6
蜜紫菀,CA9
蜜紫菀,CBR1
蜜紫菀,CCR4
蜜紫菀,CDK6
蜜紫菀,CHRM4
蜜紫菀,CNR2
蜜紫菀,CTSL
蜜紫菀,CYP19A1
蜜紫菀,CYP1A1
蜜紫菀,CYP1A2
蜜紫菀,CYP1B1
蜜紫菀,CYP2A6
蜜紫菀,CYP2C19
蜜紫菀,CYP2C8
蜜紫菀,CYP2C9
蜜紫菀,CYP2D6
蜜紫菀,DAO
蜜紫菀,DAPK1
蜜紫菀,DPP4
蜜紫菀,DRD1
蜜紫菀,DUSP3
蜜紫菀,EGFR
蜜紫菀,EHMT2
蜜紫菀,ENPP2
蜜紫菀,EPHX2
蜜紫菀,ERBB2
蜜紫菀,ESR1
蜜紫菀,F2
蜜紫菀,F3
蜜紫菀,FABP2
蜜紫菀,FABP5
蜜紫菀,GAA
蜜紫菀,GABRR1
蜜紫菀,GBA
蜜紫菀,GLO1
蜜紫菀,GPR35
蜜紫菀,GSK3B
蜜紫菀,HCAR2
蜜紫菀,HIF1A
蜜紫菀,HSD17B1
蜜紫菀,HSD17B2
蜜紫菀,HSP90AB1
蜜紫菀,HTR1A
蜜紫菀,HTR7
蜜紫菀,IDH1
蜜紫菀,IDO1
蜜紫菀,KCNH2
蜜紫菀,KDM4E
蜜紫菀,KMT2A
蜜紫菀,MAPK1
蜜紫菀,MAPK14
蜜紫菀,MAPK9
蜜紫菀,MAPT
蜜紫菀,MCL1
蜜紫菀,MET
蜜紫菀,MMP1
蜜紫菀,MMP13
蜜紫菀,MMP2
蜜紫菀,MMP3
蜜紫菀,MMP9
蜜紫菀,MPG
蜜紫菀,NEK2
蜜紫菀,NEK6
蜜紫菀,NFKB1
蜜紫菀,NR1H4
蜜紫菀,NR1I2
蜜紫菀,NUAK1
蜜紫菀,PARP1
蜜紫菀,PIK3CA
蜜紫菀,PIK3CG
蜜紫菀,PIM1
蜜紫菀,PKN1
蜜紫菀,PLG
蜜紫菀,PNP
蜜紫菀,POLB
蜜紫菀,PPARA
蜜紫菀,PPARD
蜜紫菀,PPARG
蜜紫菀,PTGS1
蜜紫菀,PTPN1
蜜紫菀,PTPN11
蜜紫菀,PTPN2
蜜紫菀,PTPRF
蜜紫菀,PYGL
蜜紫菀,RELA
蜜紫菀,RORC
蜜紫菀,SLC28A1
蜜紫菀,SLC28A3
蜜紫菀,SLC5A1
蜜紫菀,SLCO1B3
蜜紫菀,SLCO2B1
蜜紫菀,SOAT1
蜜紫菀,SRC
蜜紫菀,THRB
蜜紫菀,TOP2A
蜜紫菀,TTR
蜜紫菀,TYR
蜜紫菀,UGT1A1
蜜紫菀,VDR
蜜紫菀,XDH
蜜麻黄,ABCG2
蜜麻黄,ACHE
蜜麻黄,ADORA1
蜜麻黄,ADORA3
蜜麻黄,ADRA2B
蜜麻黄,AKR1B1
蜜麻黄,AKT1
蜜麻黄,ALK
蜜麻黄,ALOX12
蜜麻黄,ALOX15
蜜麻黄,ALOX5
蜜麻黄,ALPI
蜜麻黄,ALPL
蜜麻黄,AMY1A
蜜麻黄,APEX1
蜜麻黄,APP
蜜麻黄,AR
蜜麻黄,AURKB
蜜麻黄,AXL
蜜麻黄,BACE1
蜜麻黄,BCHE
蜜麻黄,CA1
蜜麻黄,CA12
蜜麻黄,CA14
蜜麻黄,CA2
蜜麻黄,CA3
蜜麻黄,CA4
蜜麻黄,CA5A
蜜麻黄,CA5B
蜜麻黄,CA6
蜜麻黄,CA7
蜜麻黄,CA9
蜜麻黄,CAMK2B
蜜麻黄,CBR1
蜜麻黄,CDC25B
蜜麻黄,CDK6
蜜麻黄,CHRM5
蜜麻黄,CNR1
蜜麻黄,CTSL
蜜麻黄,CXCL8
蜜麻黄,CYP19A1
蜜麻黄,CYP1A1
蜜麻黄,CYP1A2
蜜麻黄,CYP1B1
蜜麻黄,CYP2C19
蜜麻黄,CYP2C9
蜜麻黄,CYP2D6
蜜麻黄,CYP3A4
蜜麻黄,DAPK1
蜜麻黄,DRD1
蜜麻黄,DUSP3
蜜麻黄,EGFR
蜜麻黄,EHMT2
蜜麻黄,EPHX2
蜜麻黄,ERBB2
蜜麻黄,ESR1
蜜麻黄,ESR2
蜜麻黄,ESRRA
蜜麻黄,F2
蜜麻黄,F3
蜜麻黄,FABP2
蜜麻黄,FABP4
蜜麻黄,FABP5
蜜麻黄,FASN
蜜麻黄,FLT3
蜜麻黄,GAA
蜜麻黄,GBA
蜜麻黄,GLO1
蜜麻黄,GLRA1
蜜麻黄,GSK3B
蜜麻黄,HDAC1
蜜麻黄,HDAC6
蜜麻黄,HIF1A
蜜麻黄,HKDC1
蜜麻黄,HSD11B1
蜜麻黄,HSD17B1
蜜麻黄,HSPA8
蜜麻黄,HTR1A
蜜麻黄,HTR7
蜜麻黄,IDH1
蜜麻黄,IDO1
蜜麻黄,IGF1R
蜜麻黄,KCNH2
蜜麻黄,KDM4E
蜜麻黄,KDR
蜜麻黄,MAOB
蜜麻黄,MAP2K1
蜜麻黄,MAP3K8
蜜麻黄,MAPK1
蜜麻黄,MAPK14
蜜麻黄,MAPK9
蜜麻黄,MAPKAPK2
蜜麻黄,MAPT
蜜麻黄,MCL1
蜜麻黄,MET
蜜麻黄,MMP1
蜜麻黄,MMP12
蜜麻黄,MMP13
蜜麻黄,MMP2
蜜麻黄,MMP3
蜜麻黄,MMP9
蜜麻黄,MPG
蜜麻黄,NEK2
蜜麻黄,NEK6
蜜麻黄,NFKB1
蜜麻黄,NOS2
蜜麻黄,NR1H4
蜜麻黄,NR1I2
蜜麻黄,NUAK1
蜜麻黄,PDE4B
蜜麻黄,PDE5A
蜜麻黄,PIK3CG
蜜麻黄,PIM1
蜜麻黄,PLK1
蜜麻黄,PNP
蜜麻黄,POLB
蜜麻黄,PPARA
蜜麻黄,PPARD
蜜麻黄,PPARG
蜜麻黄,PRKCA
蜜麻黄,PTGS1
蜜麻黄,PTGS2
蜜麻黄,PTK2
蜜麻黄,PTPN1
蜜麻黄,PTPRF
蜜麻黄,PTPRS
蜜麻黄,RORC
蜜麻黄,SLC22A1
蜜麻黄,SLC28A3
蜜麻黄,SLCO1B1
蜜麻黄,SLCO1B3
蜜麻黄,SLCO2B1
蜜麻黄,SRC
蜜麻黄,SYK
蜜麻黄,TERT
蜜麻黄,THRB
蜜麻黄,TLR2
蜜麻黄,TNKS
蜜麻黄,TNKS2
蜜麻黄,TOP2A
蜜麻黄,TRPV1
蜜麻黄,TTR
蜜麻黄,TYR
蜜麻黄,XDH
蜜麻黄,XPO1
蝉蜕,CYP2C9
蝉蜕,PTGS2
补骨脂,AKR1B1
补骨脂,AKR1B10
补骨脂,ALOX15
补骨脂,ALOX5
补骨脂,APP
补骨脂,BACE1
补骨脂,BCHE
补骨脂,CA1
补骨脂,CA12
补骨脂,CA2
补骨脂,CA3
补骨脂,CA5B
补骨脂,CA6
补骨脂,CSNK2A1
补骨脂,CYP19A1
补骨脂,CYP2D6
补骨脂,CYP3A4
补骨脂,DAPK1
补骨脂,DPP4
补骨脂,EHMT2
补骨脂,ESR1
补骨脂,F2
补骨脂,F3
补骨脂,FABP2
补骨脂,FABP3
补骨脂,GAA
补骨脂,GLO1
补骨脂,HSD17B1
补骨脂,HSD17B2
补骨脂,IDH1
补骨脂,IGF1R
补骨脂,KDM4E
补骨脂,MAP2K1
补骨脂,MAPK1
补骨脂,MAPT
补骨脂,MET
补骨脂,MMP9
补骨脂,PDE5A
补骨脂,PPARG
补骨脂,PTK2
补骨脂,PTPN1
补骨脂,PTPN6
补骨脂,THRB
补骨脂,TLR2
补骨脂,TRPV1
补骨脂,UGT1A1
诃子,ACHE
诃子,ADORA3
诃子,AKR1B1
诃子,AKR1B10
诃子,AKR1C3
诃子,AKR1C4
诃子,ALOX12
诃子,ALOX15
诃子,ALOX5
诃子,AMY1A
诃子,ANPEP
诃子,APEX1
诃子,AR
诃子,AURKB
诃子,BACE1
诃子,BCHE
诃子,BCL2
诃子,CA1
诃子,CA12
诃子,CA13
诃子,CA14
诃子,CA2
诃子,CA3
诃子,CA4
诃子,CA5A
诃子,CA5B
诃子,CA6
诃子,CA7
诃子,CA9
诃子,CNR2
诃子,CSNK2A1
诃子,CXCL8
诃子,CYP19A1
诃子,CYP1A1
诃子,CYP1A2
诃子,CYP2A6
诃子,CYP2C8
诃子,CYP2C9
诃子,CYP2D6
诃子,CYP2J2
诃子,CYP3A4
诃子,DAO
诃子,DAPK1
诃子,DPP4
诃子,DRD1
诃子,DUSP3
诃子,EGFR
诃子,EHMT2
诃子,EPHX2
诃子,ERBB2
诃子,ESR1
诃子,ESR2
诃子,ESRRA
诃子,F2
诃子,F3
诃子,FABP2
诃子,FASN
诃子,FLT3
诃子,GAA
诃子,GABRR1
诃子,GBA
诃子,GPR35
诃子,GSK3B
诃子,HMGCR
诃子,HSD17B1
诃子,HSD17B2
诃子,HSP90AA1
诃子,HSPA8
诃子,HTR1A
诃子,IDH1
诃子,IDO1
诃子,IGF1R
诃子,INSR
诃子,KCNH2
诃子,KDM4E
诃子,KDR
诃子,KMT2A
诃子,MAPK1
诃子,MAPKAPK2
诃子,MAPT
诃子,MET
诃子,MMP1
诃子,MMP12
诃子,MMP2
诃子,MMP3
诃子,MMP9
诃子,MPG
诃子,NEK2
诃子,NEK6
诃子,NFKB1
诃子,NR1I2
诃子,NUAK1
诃子,PARP1
诃子,PDE5A
诃子,PIK3CG
诃子,PIM1
诃子,PLG
诃子,PLK1
诃子,PNP
诃子,POLB
诃子,PPARA
诃子,PPARD
诃子,PPARG
诃子,PRKCA
诃子,PTGS1
诃子,PTPN1
诃子,PTPN11
诃子,PTPRF
诃子,PYGL
诃子,RORC
诃子,SHBG
诃子,SLC5A2
诃子,SLCO1B1
诃子,SLCO2B1
诃子,SOAT1
诃子,SRC
诃子,SYK
诃子,TERT
诃子,THRB
诃子,TNKS
诃子,TOP2A
诃子,TRPV1
诃子,TYR
诃子,UGT1A1
豆蔻,ALOX5
败酱草,ABCC1
败酱草,ABCG2
败酱草,ACHE
败酱草,ADORA1
败酱草,ADORA3
败酱草,ADRA2B
败酱草,ADRB2
败酱草,AKR1B1
败酱草,AKR1B10
败酱草,AKR1C2
败酱草,AKR1C3
败酱草,AKT1
败酱草,ALK
败酱草,ALOX12
败酱草,ALOX15
败酱草,ALOX5
败酱草,ALPL
败酱草,AMY1A
败酱草,APEX1
败酱草,APP
败酱草,AURKA
败酱草,AURKB
败酱草,AVPR2
败酱草,BACE1
败酱草,BCHE
败酱草,BCL2L1
败酱草,CA1
败酱草,CA12
败酱草,CA14
败酱草,CA2
败酱草,CA3
败酱草,CA4
败酱草,CA5B
败酱草,CA6
败酱草,CA7
败酱草,CA9
败酱草,CAMK2B
败酱草,CD38
败酱草,CDC25B
败酱草,CDK6
败酱草,CHRNA7
败酱草,CSNK2A1
败酱草,CTSL
败酱草,CXCL8
败酱草,CXCR1
败酱草,CYP19A1
败酱草,CYP1A1
败酱草,CYP1A2
败酱草,CYP2A6
败酱草,CYP2C19
败酱草,CYP2C8
败酱草,CYP2C9
败酱草,CYP2D6
败酱草,CYP2J2
败酱草,CYP3A4
败酱草,DAO
败酱草,DAPK1
败酱草,DPP4
败酱草,DRD1
败酱草,DUSP3
败酱草,EDNRA
败酱草,EGFR
败酱草,EGLN1
败酱草,EHMT2
败酱草,ERBB2
败酱草,ESR1
败酱草,F3
败酱草,FABP3
败酱草,FABP4
败酱草,FLT3
败酱草,FUT7
败酱草,FYN
败酱草,GAA
败酱草,GBA
败酱草,GLO1
败酱草,GLRA1
败酱草,GRM5
败酱草,GSK3B
败酱草,GSTP1
败酱草,HCAR2
败酱草,HIF1A
败酱草,HMGCR
败酱草,HSD11B1
败酱草,HSD17B1
败酱草,HSD17B2
败酱草,HSP90AB1
败酱草,HTR1A
败酱草,HTR7
败酱草,IDH1
败酱草,IDO1
败酱草,IGF1R
败酱草,INSR
败酱草,KAT2B
败酱草,KCNH2
败酱草,KDM4E
败酱草,KDR
败酱草,KMT2A
败酱草,MAOA
败酱草,MAOB
败酱草,MAPK1
败酱草,MAPK14
败酱草,MAPKAPK2
败酱草,MAPT
败酱草,MET
败酱草,MMP1
败酱草,MMP12
败酱草,MMP13
败酱草,MMP3
败酱草,MMP9
败酱草,MPG
败酱草,NEK2
败酱草,NFKB1
败酱草,NR1H4
败酱草,NR1I2
败酱草,NUAK1
败酱草,PDE5A
败酱草,PIK3CG
败酱草,PIM1
败酱草,PKN1
败酱草,PLK1
败酱草,POLB
败酱草,PPARA
败酱草,PPARD
败酱草,PPARG
败酱草,PRKCA
败酱草,PTGS2
败酱草,PTK2
败酱草,PTPN11
败酱草,PTPN6
败酱草,PTPRF
败酱草,PTPRS
败酱草,PYGL
败酱草,RORC
败酱草,SLC22A1
败酱草,SLC28A1
败酱草,SLC28A3
败酱草,SLC6A4
败酱草,SLCO1B3
败酱草,SRC
败酱草,SYK
败酱草,TBXAS1
败酱草,THRB
败酱草,TLR2
败酱草,TNKS2
败酱草,TOP1
败酱草,TOP2A
败酱草,TYR
败酱草,UGT1A1
败酱草,XDH
贯众,ABCB1
贯众,ABCC1
贯众,ABCG2
贯众,ACHE
贯众,ACP1
贯众,ADORA2A
贯众,ADORA3
贯众,ADRB2
贯众,AKR1B1
贯众,AKR1B10
贯众,AKR1C2
贯众,AKR1C3
贯众,AKT1
贯众,ALDH2
贯众,ALK
贯众,ALOX12
贯众,ALOX15
贯众,ALOX5
贯众,ALPI
贯众,AMY1A
贯众,AOX1
贯众,APEX1
贯众,APOBEC3G
贯众,AURKA
贯众,AVPR2
贯众,AXL
贯众,BACE1
贯众,BCHE
贯众,BCL2
贯众,BCL2L1
贯众,CA1
贯众,CA12
贯众,CA14
贯众,CA2
贯众,CA3
贯众,CA4
贯众,CA5A
贯众,CA5B
贯众,CA6
贯众,CA7
贯众,CAMK2B
贯众,CARM1
贯众,CD38
贯众,CSNK2A1
贯众,CXCL8
贯众,CXCR1
贯众,CYP19A1
贯众,CYP1A1
贯众,CYP1A2
贯众,CYP1B1
贯众,CYP2A6
贯众,CYP2B6
贯众,CYP2C19
贯众,CYP2C9
贯众,CYP2D6
贯众,CYP2J2
贯众,CYP3A4
贯众,DAO
贯众,DAPK1
贯众,DPP4
贯众,DUSP3
贯众,DYRK1A
贯众,EGFR
贯众,EGLN1
贯众,EHMT2
贯众,EPHX2
贯众,ERBB2
贯众,ESR1
贯众,ESRRA
贯众,F2
贯众,F3
贯众,FABP2
贯众,FABP3
贯众,FABP4
贯众,FASN
贯众,GAA
贯众,GBA
贯众,GLO1
贯众,GSK3B
贯众,GSTP1
贯众,HCAR2
贯众,HIF1A
贯众,HSD11B1
贯众,HSD17B2
贯众,IDH1
贯众,IDO1
贯众,INSR
贯众,KDM4E
贯众,KDR
贯众,KMT2A
贯众,MAOA
贯众,MAOB
贯众,MAP2K1
贯众,MAPK1
贯众,MAPT
贯众,MET
贯众,MIF
贯众,MMP1
贯众,MMP12
贯众,MMP2
贯众,MMP3
贯众,MPG
贯众,NEK6
贯众,NFKB1
贯众,NR1H4
贯众,NR3C1
贯众,NUAK1
贯众,PARP1
贯众,PDE5A
贯众,PIK3CG
贯众,PIM1
贯众,PKN1
贯众,PLG
贯众,PLK1
贯众,POLB
贯众,PPARA
贯众,PPARD
贯众,PPARG
贯众,PRKCA
贯众,PTGS1
贯众,PTGS2
贯众,PTPN1
贯众,PTPN6
贯众,PTPRF
贯众,PTPRS
贯众,PYGL
贯众,RORC
贯众,RXRA
贯众,SLCO1B1
贯众,SLCO1B3
贯众,SLCO2B1
贯众,SOAT1
贯众,SRC
贯众,TBXAS1
贯众,TERT
贯众,THRB
贯众,TLR2
贯众,TNKS
贯众,TNKS2
贯众,TOP2A
贯众,TRPV1
贯众,TTR
贯众,UGT1A1
贯众,XDH
赤芍,ABCB11
赤芍,ACHE
赤芍,ACP1
赤芍,ADORA3
赤芍,AKR1B1
赤芍,AKR1B10
赤芍,ALK
赤芍,ALOX12
赤芍,ALOX15
赤芍,ALOX5
赤芍,ALPI
赤芍,AMY1A
赤芍,APEX1
赤芍,AURKB
赤芍,AVPR2
赤芍,BACE1
赤芍,BCHE
赤芍,CA1
赤芍,CA12
赤芍,CA13
赤芍,CA14
赤芍,CA2
赤芍,CA3
赤芍,CA4
赤芍,CA5A
赤芍,CA5B
赤芍,CA6
赤芍,CA7
赤芍,CA9
赤芍,CACNA1C
赤芍,CD38
赤芍,CDK6
赤芍,CXCL8
赤芍,CYP19A1
赤芍,CYP1A1
赤芍,CYP1A2
赤芍,CYP1B1
赤芍,CYP2A6
赤芍,CYP2C19
赤芍,CYP2C8
赤芍,CYP2C9
赤芍,CYP2D6
赤芍,CYP3A4
赤芍,DAO
赤芍,DPP4
赤芍,DRD1
赤芍,DUSP3
赤芍,EGFR
赤芍,EHMT2
赤芍,ERBB2
赤芍,ESR1
赤芍,F3
赤芍,FABP2
赤芍,FABP3
赤芍,FABP4
赤芍,FABP5
赤芍,FASN
赤芍,FOLH1
赤芍,GAA
赤芍,GABRR1
赤芍,GBA
赤芍,GPR35
赤芍,HCAR2
赤芍,HIF1A
赤芍,HSD11B1
赤芍,HSD17B2
赤芍,HSD17B3
赤芍,HTR7
赤芍,IDH1
赤芍,IDO1
赤芍,INSR
赤芍,KDM4E
赤芍,KMT2A
赤芍,MAPK1
赤芍,MAPKAPK2
赤芍,MAPT
赤芍,MMP12
赤芍,MMP2
赤芍,MMP3
赤芍,MMP9
赤芍,MPG
赤芍,NEK2
赤芍,NFKB1
赤芍,NUAK1
赤芍,PARP1
赤芍,PDE5A
赤芍,PIK3CG
赤芍,PIM1
赤芍,PLG
赤芍,PPARA
赤芍,PPARD
赤芍,PPARG
赤芍,PTGS1
赤芍,PTGS2
赤芍,PTPN1
赤芍,PYGL
赤芍,RORC
赤芍,SHBG
赤芍,SLCO1B1
赤芍,SLCO1B3
赤芍,SLCO2B1
赤芍,SOAT1
赤芍,SRC
赤芍,TERT
赤芍,THRB
赤芍,TOP1
赤芍,TYR
赤芍,UGT1A1
赤芍,XDH
车前子,ABCC1
车前子,ABCG2
车前子,ACHE
车前子,AKR1B1
车前子,AKR1B10
车前子,AKR1C2
车前子,ALOX15
车前子,ALOX5
车前子,APEX1
车前子,APP
车前子,AR
车前子,AXL
车前子,BACE1
车前子,BCHE
车前子,BCL2
车前子,CA1
车前子,CA13
车前子,CA14
车前子,CA2
车前子,CA4
车前子,CA5B
车前子,CA6
车前子,CA7
车前子,CA9
车前子,CD38
车前子,CSNK2A1
车前子,CXCL8
车前子,CYP19A1
车前子,CYP1B1
车前子,CYP2C19
车前子,CYP2D6
车前子,CYP3A4
车前子,DAPK1
车前子,EGFR
车前子,EHMT2
车前子,ESR1
车前子,ESRRA
车前子,F3
车前子,FABP2
车前子,FABP4
车前子,FASN
车前子,FLT3
车前子,GAA
车前子,GBA
车前子,GSK3B
车前子,HIF1A
车前子,HTR1A
车前子,KCNH2
车前子,KDM4E
车前子,KMT2A
车前子,MAP2K1
车前子,MAPK1
车前子,MAPKAPK2
车前子,MAPT
车前子,MMP1
车前子,MMP13
车前子,MMP9
车前子,NEK6
车前子,POLB
车前子,PTGS2
车前子,PTPN2
车前子,PTPRS
车前子,RORC
车前子,SRC
车前子,TAS2R31
车前子,TERT
车前子,THRB
车前子,TOP2A
车前子,TRPV1
车前子,TYR
车前子,UGT1A1
辛夷,ABCC1
辛夷,ALOX5
辛夷,APP
辛夷,CA1
辛夷,CA3
辛夷,CXCL8
辛夷,CYP3A4
辛夷,DRD1
辛夷,EGFR
辛夷,EHMT2
辛夷,FABP4
辛夷,GBA
辛夷,HTR1A
辛夷,KDM4E
辛夷,POLB
辛夷,THRB
连翘,ABCC1
连翘,ABCG2
连翘,ACHE
连翘,ADORA2A
连翘,ADORA3
连翘,AKR1B1
连翘,AKR1B10
连翘,ALK
连翘,ALOX12
连翘,ALOX15
连翘,ALPL
连翘,AMY1A
连翘,AOC3
连翘,APEX1
连翘,APP
连翘,AR
连翘,AURKB
连翘,AVPR2
连翘,AXL
连翘,BACE1
连翘,BCL2
连翘,BCL2L1
连翘,BCR
连翘,CA1
连翘,CA13
连翘,CA2
连翘,CA3
连翘,CA4
连翘,CA5A
连翘,CA5B
连翘,CA6
连翘,CA7
连翘,CBR1
连翘,CCR4
连翘,CD38
连翘,CDK6
连翘,CHRM1
连翘,CSNK2A1
连翘,CTSL
连翘,CXCL8
连翘,CYP1A1
连翘,CYP1A2
连翘,CYP2A13
连翘,CYP2A6
连翘,CYP2C19
连翘,CYP2C9
连翘,CYP2D6
连翘,CYP2J2
连翘,CYP3A4
连翘,DAO
连翘,DAPK1
连翘,DPP4
连翘,DRD1
连翘,DUSP3
连翘,EGFR
连翘,EGLN1
连翘,EHMT2
连翘,EPHX2
连翘,ERBB2
连翘,ESR1
连翘,ESR2
连翘,ESRRA
连翘,F2
连翘,F3
连翘,FABP2
连翘,FABP3
连翘,FABP4
连翘,FABP5
连翘,FASN
连翘,FLT3
连翘,GAA
连翘,GBA
连翘,GPR35
连翘,GSK3B
连翘,HCAR2
连翘,HIF1A
连翘,HSD11B1
连翘,HSD11B2
连翘,HSD17B1
连翘,HSD17B2
连翘,HSPA1A
连翘,HTR1A
连翘,IDH1
连翘,IDO1
连翘,IGF1R
连翘,INSR
连翘,KCNH2
连翘,KDM4E
连翘,KMT2A
连翘,MAOA
连翘,MAOB
连翘,MAP2K1
连翘,MAPK1
连翘,MAPK14
连翘,MAPKAPK2
连翘,MET
连翘,MGLL
连翘,MMP1
连翘,MMP2
连翘,MMP3
连翘,MMP9
连翘,MPG
连翘,NEK6
连翘,NFKB1
连翘,NR1H4
连翘,NR1I2
连翘,NUAK1
连翘,PARP1
连翘,PDE4D
连翘,PDE5A
连翘,PIK3CG
连翘,PIM1
连翘,PKN1
连翘,PLG
连翘,POLB
连翘,PPARA
连翘,PPARD
连翘,PPARG
连翘,PRKCA
连翘,PTGS1
连翘,PTGS2
连翘,PTK2
连翘,PTK2B
连翘,PTPN1
连翘,PTPN2
连翘,PTPN6
连翘,PTPRS
连翘,PYGL
连翘,RORC
连翘,SLC28A2
连翘,SLCO1B1
连翘,SLCO1B3
连翘,SLCO2B1
连翘,SRC
连翘,SYK
连翘,THRB
连翘,TLR2
连翘,TOP2A
连翘,TTR
连翘,TYR
连翘,UBE2N
连翘,UGT1A1
连翘,XDH
连翘,XPO1
通草,AKR1B1
通草,ALOX15
通草,AMY1A
通草,BACE1
通草,BCHE
通草,CA1
通草,CA14
通草,CA2
通草,CA4
通草,CD38
通草,CYP3A4
通草,DPP4
通草,HIF1A
通草,KDM4E
通草,MAPT
通草,MMP3
通草,NEK2
通草,PTPN1
通草,TOP2A
通草,UGT1A1
郁金,ACHE
郁金,ADORA2A
郁金,ADORA3
郁金,AKR1B1
郁金,AKR1C2
郁金,AKT1
郁金,ALOX15
郁金,ALPI
郁金,ALPL
郁金,AMY1A
郁金,APEX1
郁金,APP
郁金,AR
郁金,AURKB
郁金,BACE1
郁金,CA1
郁金,CA12
郁金,CA2
郁金,CA3
郁金,CA4
郁金,CA5A
郁金,CA5B
郁金,CA7
郁金,CA9
郁金,CDK6
郁金,CTSL
郁金,CYP19A1
郁金,CYP1A1
郁金,CYP1A2
郁金,CYP2C19
郁金,CYP2C8
郁金,CYP2C9
郁金,CYP2D6
郁金,CYP3A4
郁金,DAO
郁金,DAPK1
郁金,DPP4
郁金,EGFR
郁金,EHMT2
郁金,EPHX2
郁金,ESR1
郁金,FABP3
郁金,GAA
郁金,GBA
郁金,HIF1A
郁金,HSD11B1
郁金,HSD17B1
郁金,HSD17B2
郁金,HSD17B3
郁金,HSP90AB1
郁金,IDH1
郁金,KDM4E
郁金,KMT2A
郁金,MAPK1
郁金,MAPK14
郁金,MAPT
郁金,MGLL
郁金,MIF
郁金,MMP1
郁金,MMP12
郁金,MMP13
郁金,MMP9
郁金,MPG
郁金,NFKB1
郁金,NR1H4
郁金,PDE5A
郁金,PIK3CG
郁金,PKN1
郁金,POLB
郁金,PPARA
郁金,PPARD
郁金,PPARG
郁金,PTGS2
郁金,PTK2
郁金,PTK2B
郁金,RORC
郁金,SLCO1B3
郁金,THRB
郁金,TLR2
郁金,TOP2A
郁金,TTR
野菊花,ABCB11
野菊花,ABCC1
野菊花,ABCG2
野菊花,ACHE
野菊花,ACP1
野菊花,ADORA1
野菊花,ADORA3
野菊花,ADRB2
野菊花,AKR1B1
野菊花,AKR1B10
野菊花,AKR1C2
野菊花,AKR1C3
野菊花,AKR1C4
野菊花,AKT1
野菊花,ALK
野菊花,ALOX12
野菊花,ALOX15
野菊花,ALOX5
野菊花,ALPL
野菊花,AMY1A
野菊花,APEX1
野菊花,APP
野菊花,AR
野菊花,AURKB
野菊花,AVPR2
野菊花,BACE1
野菊花,BCHE
野菊花,BCL2
野菊花,BCL2L1
野菊花,CA1
野菊花,CA12
野菊花,CA13
野菊花,CA14
野菊花,CA2
野菊花,CA3
野菊花,CA4
野菊花,CA5A
野菊花,CA5B
野菊花,CA6
野菊花,CA7
野菊花,CA9
野菊花,CAMK2B
野菊花,CCR4
野菊花,CD38
野菊花,CDC25B
野菊花,CDK6
野菊花,CES1
野菊花,CNR2
野菊花,CSNK2A1
野菊花,CXCL8
野菊花,CXCR1
野菊花,CYP19A1
野菊花,CYP1A1
野菊花,CYP1A2
野菊花,CYP1B1
野菊花,CYP2C19
野菊花,CYP2C8
野菊花,CYP2C9
野菊花,CYP2D6
野菊花,CYP2J2
野菊花,CYP3A4
野菊花,DAO
野菊花,DAPK1
野菊花,DPP4
野菊花,DRD1
野菊花,DUSP3
野菊花,EHMT2
野菊花,EPHX2
野菊花,ERBB2
野菊花,ESR1
野菊花,ESRRA
野菊花,F10
野菊花,F2
野菊花,FABP2
野菊花,FABP3
野菊花,FABP4
野菊花,FABP5
野菊花,FASN
野菊花,FLT3
野菊花,FLT4
野菊花,GAA
野菊花,GABRR1
野菊花,GBA
野菊花,GLO1
野菊花,GRM5
野菊花,GSK3B
野菊花,HCAR2
野菊花,HIF1A
野菊花,HSD11B1
野菊花,HSD17B2
野菊花,HSP90AB1
野菊花,HSPA8
野菊花,IDH1
野菊花,IDO1
野菊花,IGF1R
野菊花,KDM4E
野菊花,KDR
野菊花,KMT2A
野菊花,MAOA
野菊花,MAP2K1
野菊花,MAP3K8
野菊花,MAPK1
野菊花,MAPK14
野菊花,MAPKAPK2
野菊花,MAPT
野菊花,MET
野菊花,MMP1
野菊花,MMP12
野菊花,MMP2
野菊花,MMP3
野菊花,NEK6
野菊花,NFKB1
野菊花,NOS2
野菊花,NR1H4
野菊花,NUAK1
野菊花,ODC1
野菊花,OPRD1
野菊花,OPRK1
野菊花,PARP1
野菊花,PDE5A
野菊花,PIK3CB
野菊花,PIK3CG
野菊花,PIM1
野菊花,PLK1
野菊花,POLB
野菊花,PPARA
野菊花,PPARD
野菊花,PPARG
野菊花,PRMT1
野菊花,PTGS1
野菊花,PTGS2
野菊花,PTPN1
野菊花,PTPN6
野菊花,PTPRF
野菊花,PTPRS
野菊花,RORC
野菊花,SLC22A1
野菊花,SLCO1B1
野菊花,SLCO1B3
野菊花,SLCO2B1
野菊花,SOAT1
野菊花,SRC
野菊花,THRB
野菊花,TLR2
野菊花,TNKS
野菊花,TNKS2
野菊花,TOP1
野菊花,TOP2A
野菊花,TTR
野菊花,TYR
野菊花,UBE2N
野菊花,UGT1A1
野菊花,XDH
野菊花,XPO1
金荞麦,ABCB1
金荞麦,ABCC1
金荞麦,ABCG2
金荞麦,ACHE
金荞麦,ADORA2B
金荞麦,ADORA3
金荞麦,AKR1B1
金荞麦,AKR1B10
金荞麦,AKR1C4
金荞麦,ALOX12
金荞麦,ALOX15
金荞麦,ALOX5
金荞麦,ALPI
金荞麦,AMY1A
金荞麦,APOBEC3G
金荞麦,APP
金荞麦,AR
金荞麦,AVPR2
金荞麦,AXL
金荞麦,BACE1
金荞麦,BCHE
金荞麦,BCL2
金荞麦,BCL2L1
金荞麦,CA1
金荞麦,CA12
金荞麦,CA14
金荞麦,CA2
金荞麦,CA3
金荞麦,CA4
金荞麦,CA5A
金荞麦,CA6
金荞麦,CA7
金荞麦,CA9
金荞麦,CAMK2B
金荞麦,CARM1
金荞麦,CBR1
金荞麦,CDK6
金荞麦,CES1
金荞麦,CNR1
金荞麦,CTSD
金荞麦,CTSL
金荞麦,CXCL8
金荞麦,CYP19A1
金荞麦,CYP1A1
金荞麦,CYP1A2
金荞麦,CYP2A6
金荞麦,CYP2C19
金荞麦,CYP2C8
金荞麦,CYP2C9
金荞麦,CYP2D6
金荞麦,DAO
金荞麦,DAPK1
金荞麦,DPP4
金荞麦,DRD1
金荞麦,DRD4
金荞麦,DRD5
金荞麦,DUSP3
金荞麦,EGFR
金荞麦,EHMT2
金荞麦,ERBB2
金荞麦,ESR1
金荞麦,F3
金荞麦,FABP2
金荞麦,FABP3
金荞麦,FABP5
金荞麦,FASN
金荞麦,FLT3
金荞麦,GAA
金荞麦,GBA
金荞麦,GLO1
金荞麦,GPR35
金荞麦,GRM1
金荞麦,GSK3B
金荞麦,HIF1A
金荞麦,HSD11B1
金荞麦,HSD17B3
金荞麦,HSP90AB1
金荞麦,HTR1A
金荞麦,HTR7
金荞麦,IDH1
金荞麦,INSR
金荞麦,KDM4E
金荞麦,KDR
金荞麦,KMT2A
金荞麦,MAOA
金荞麦,MAP2K1
金荞麦,MAP3K8
金荞麦,MAPK1
金荞麦,MAPK9
金荞麦,MAPKAPK2
金荞麦,MAPT
金荞麦,MET
金荞麦,MMP12
金荞麦,MMP13
金荞麦,MMP2
金荞麦,MMP3
金荞麦,MMP9
金荞麦,MPG
金荞麦,NEK2
金荞麦,NEK6
金荞麦,NFKB1
金荞麦,NR1I2
金荞麦,NUAK1
金荞麦,OPRD1
金荞麦,PARP1
金荞麦,PIK3CG
金荞麦,PIM1
金荞麦,PLG
金荞麦,PLK1
金荞麦,POLB
金荞麦,PPARA
金荞麦,PPARD
金荞麦,PPARG
金荞麦,PRKCA
金荞麦,PTGS1
金荞麦,PTGS2
金荞麦,PTK2
金荞麦,PTPN1
金荞麦,PTPN2
金荞麦,PTPN6
金荞麦,PTPRF
金荞麦,PTPRS
金荞麦,RORC
金荞麦,SHBG
金荞麦,SLC28A1
金荞麦,SLCO1B1
金荞麦,SLCO1B3
金荞麦,SLCO2B1
金荞麦,SRC
金荞麦,SYK
金荞麦,TERT
金荞麦,THRB
金荞麦,TLR2
金荞麦,TNKS
金荞麦,TOP1
金荞麦,TOP2A
金荞麦,TRPV1
金荞麦,TTR
金荞麦,TYR
金荞麦,UGT1A1
金荞麦,XDH
金银花,ABCB1
金银花,ABCB11
金银花,ABCC1
金银花,ABCG2
金银花,ACHE
金银花,ACP1
金银花,ADORA1
金银花,ADORA2A
金银花,ADORA3
金银花,ADRA2B
金银花,AKR1B1
金银花,AKR1B10
金银花,AKR1C2
金银花,AKR1C3
金银花,AKR1C4
金银花,AKT1
金银花,ALK
金银花,ALOX12
金银花,ALOX15
金银花,ALOX5
金银花,ALPI
金银花,ALPL
金银花,AMY1A
金银花,APEX1
金银花,APP
金银花,AURKB
金银花,BACE1
金银花,BCHE
金银花,BCL2
金银花,BCL2L1
金银花,BCR
金银花,CA1
金银花,CA12
金银花,CA13
金银花,CA14
金银花,CA2
金银花,CA3
金银花,CA4
金银花,CA5A
金银花,CA5B
金银花,CA6
金银花,CA7
金银花,CA9
金银花,CCR4
金银花,CD38
金银花,CDC25B
金银花,CES1
金银花,CHRM1
金银花,CHRM5
金银花,CHRNA3
金银花,CNR2
金银花,CTSL
金银花,CXCL8
金银花,CXCR1
金银花,CYP19A1
金银花,CYP1A1
金银花,CYP1A2
金银花,CYP1B1
金银花,CYP2A13
金银花,CYP2A6
金银花,CYP2C8
金银花,CYP2C9
金银花,CYP2D6
金银花,CYP3A4
金银花,DAPK1
金银花,DHFR
金银花,DPP4
金银花,DRD1
金银花,DRD5
金银花,DUSP3
金银花,EGFR
金银花,EHMT2
金银花,EPHB4
金银花,EPHX2
金银花,ERBB2
金银花,ESR1
金银花,ESR2
金银花,ESRRA
金银花,F2
金银花,F3
金银花,FABP3
金银花,FABP5
金银花,FLT3
金银花,FLT4
金银花,FOLH1
金银花,FUT7
金银花,GAA
金银花,GABRR1
金银花,GBA
金银花,GLO1
金银花,GLRA2
金银花,GPR35
金银花,GRIK5
金银花,GRK6
金银花,GSK3B
金银花,HCAR2
金银花,HDAC2
金银花,HIF1A
金银花,HSD11B1
金银花,HSD17B1
金银花,HSD17B2
金银花,HSPA8
金银花,HTR1A
金银花,HTR7
金银花,IDH1
金银花,IDO1
金银花,IGF1R
金银花,INSR
金银花,KCNH2
金银花,KDM4E
金银花,KDR
金银花,KMT2A
金银花,LDHA
金银花,MAOA
金银花,MAOB
金银花,MAP2K1
金银花,MAP3K8
金银花,MAPK1
金银花,MAPK14
金银花,MAPT
金银花,MCL1
金银花,MET
金银花,MGLL
金银花,MMP1
金银花,MMP12
金银花,MMP13
金银花,MMP2
金银花,MMP3
金银花,MMP9
金银花,MPG
金银花,NEK2
金银花,NEK6
金银花,NFKB1
金银花,NUAK1
金银花,PARP1
金银花,PDE5A
金银花,PGR
金银花,PIK3CB
金银花,PIK3CG
金银花,PIM1
金银花,PKN1
金银花,PLG
金银花,PLK1
金银花,POLB
金银花,PPARA
金银花,PPARD
金银花,PPARG
金银花,PRKCA
金银花,PTGS1
金银花,PTGS2
金银花,PTPN1
金银花,PTPN11
金银花,PTPN6
金银花,PTPRF
金银花,PTPRS
金银花,PYGL
金银花,RELA
金银花,RORC
金银花,SENP7
金银花,SLC28A2
金银花,SLC5A2
金银花,SLCO1B1
金银花,SLCO1B3
金银花,SLCO2B1
金银花,SOAT1
金银花,SYK
金银花,TEK
金银花,TERT
金银花,THRB
金银花,TLR2
金银花,TNKS
金银花,TOP2A
金银花,TRPV1
金银花,TTR
金银花,TYR
金银花,UBE2N
金银花,UGT1A1
金银花,XDH
银杏叶,ABCC1
银杏叶,ABCG2
银杏叶,ACHE
银杏叶,ACP1
银杏叶,ADORA1
银杏叶,ADORA2A
银杏叶,ADORA2B
银杏叶,ADORA3
银杏叶,ADRB2
银杏叶,AKR1B1
银杏叶,AKR1C2
银杏叶,AKR1C3
银杏叶,AKR1C4
银杏叶,AKT1
银杏叶,ALK
银杏叶,ALOX12
银杏叶,ALOX15
银杏叶,ALOX5
银杏叶,ALPI
银杏叶,ALPL
银杏叶,APEX1
银杏叶,APOBEC3G
银杏叶,APP
银杏叶,AR
银杏叶,ATR
银杏叶,AURKB
银杏叶,AVPR2
银杏叶,AXL
银杏叶,BACE1
银杏叶,BCHE
银杏叶,BCL2L1
银杏叶,CA1
银杏叶,CA12
银杏叶,CA13
银杏叶,CA14
银杏叶,CA2
银杏叶,CA3
银杏叶,CA4
银杏叶,CA5A
银杏叶,CA5B
银杏叶,CA6
银杏叶,CA7
银杏叶,CA9
银杏叶,CACNA1C
银杏叶,CBR1
银杏叶,CCR4
银杏叶,CD38
银杏叶,CDC25B
银杏叶,CDK6
银杏叶,CSNK2A1
银杏叶,CTSL
银杏叶,CXCL8
银杏叶,CXCR1
银杏叶,CYP19A1
银杏叶,CYP1A1
银杏叶,CYP1A2
银杏叶,CYP1B1
银杏叶,CYP2B6
银杏叶,CYP2C19
银杏叶,CYP2C8
银杏叶,CYP2C9
银杏叶,CYP2D6
银杏叶,CYP2J2
银杏叶,CYP3A4
银杏叶,DAO
银杏叶,DAPK1
银杏叶,DHFR
银杏叶,DPP4
银杏叶,DUSP3
银杏叶,EGFR
银杏叶,EHMT2
银杏叶,EP300
银杏叶,ERBB2
银杏叶,ESR1
银杏叶,ESR2
银杏叶,F2
银杏叶,F3
银杏叶,FABP4
银杏叶,FABP5
银杏叶,FASN
银杏叶,FLT3
银杏叶,GAA
银杏叶,GBA
银杏叶,GLO1
银杏叶,GPR35
银杏叶,GRIK2
银杏叶,GRM5
银杏叶,GSK3B
银杏叶,HCAR2
银杏叶,HDAC3
银杏叶,HIF1A
银杏叶,HSD11B1
银杏叶,HSD11B2
银杏叶,HSD17B1
银杏叶,HSD17B2
银杏叶,HSPA1A
银杏叶,HTR1A
银杏叶,HTR3A
银杏叶,HTR7
银杏叶,IDH1
银杏叶,IGF1R
银杏叶,KCNH2
银杏叶,KDM4E
银杏叶,KDR
银杏叶,KMT2A
银杏叶,MAOA
银杏叶,MAOB
银杏叶,MAP2K1
银杏叶,MAPK1
银杏叶,MAPK14
银杏叶,MAPKAPK2
银杏叶,MAPT
银杏叶,MCL1
银杏叶,MET
银杏叶,MMP1
银杏叶,MMP12
银杏叶,MMP13
银杏叶,MMP2
银杏叶,MMP3
银杏叶,MMP9
银杏叶,MPG
银杏叶,NEK2
银杏叶,NEK6
银杏叶,NFKB1
银杏叶,NR1H4
银杏叶,NR1I2
银杏叶,NT5E
银杏叶,ODC1
银杏叶,PARP1
银杏叶,PDE5A
银杏叶,PDPK1
银杏叶,PIK3CA
银杏叶,PIK3CG
银杏叶,PKN1
银杏叶,PLG
银杏叶,PLK1
银杏叶,PNP
银杏叶,POLB
银杏叶,PPARA
银杏叶,PPARD
银杏叶,PPARG
银杏叶,PRKCA
银杏叶,PTGS1
银杏叶,PTGS2
银杏叶,PTK2
银杏叶,PTK2B
银杏叶,PTPN1
银杏叶,PTPN2
银杏叶,PTPN6
银杏叶,PTPRF
银杏叶,PTPRS
银杏叶,PYGL
银杏叶,RELA
银杏叶,RORC
银杏叶,SENP8
银杏叶,SLC22A1
银杏叶,SLC28A2
银杏叶,SLCO1B1
银杏叶,SLCO1B3
银杏叶,SLCO2B1
银杏叶,SOAT1
银杏叶,SYK
银杏叶,TERT
银杏叶,THRB
银杏叶,TNKS
银杏叶,TNKS2
银杏叶,TOP1
银杏叶,TOP2A
银杏叶,TRPV1
银杏叶,TTR
银杏叶,TYR
银杏叶,UGT1A1
银杏叶,XDH
防风,ABCG2
防风,ACHE
防风,AKR1B1
防风,AKR1B10
防风,ALOX15
防风,AMY1A
防风,APEX1
防风,BACE1
防风,CA1
防风,CA12
防风,CA13
防风,CA14
防风,CA2
防风,CA4
防风,CA5B
防风,CD38
防风,CDK6
防风,CXCL8
防风,CYP19A1
防风,CYP1A1
防风,CYP1A2
防风,CYP2C19
防风,CYP2C9
防风,CYP3A4
防风,DAPK1
防风,DPP4
防风,EGFR
防风,EHMT2
防风,EPHX2
防风,GAA
防风,GBA
防风,HIF1A
防风,HSD17B1
防风,IDH1
防风,KCNH2
防风,KDM4E
防风,KDR
防风,KMT2A
防风,MAPK1
防风,MAPT
防风,MMP13
防风,MMP9
防风,PIM1
防风,PLK1
防风,PLK4
防风,POLB
防风,PTPN1
防风,RORC
防风,SLCO1B1
防风,SLCO1B3
防风,SOAT1
防风,SYK
防风,TERT
防风,THRB
附子,ALOX5
附子,ALPL
附子,CA1
附子,CA2
附子,CA7
附子,CA9
附子,CYP19A1
附子,CYP3A4
附子,EHMT2
附子,ESR1
附子,FABP5
附子,HSD17B2
附子,KDM4E
附子,MAPT
附子,NUAK1
附子,PIM1
附子,PPARA
附子,PPARG
附子,PTPN1
附子,PYGL
附子,SYK
附子,TTR
附子,TYR
附子,UGT1A1
陈皮,ACHE
陈皮,BACE1
陈皮,CA2
陈皮,EHMT2
陈皮,ESR1
陈皮,GAA
陈皮,GBA
陈皮,PPARA
陈皮,RORC
陈皮,SLCO1B1
陈皮,SLCO1B3
陈皮,THRB
青果,ABCC1
青果,ABCG2
青果,ACHE
青果,ADORA1
青果,AKR1B1
青果,AKR1C3
青果,AKT1
青果,ALOX12
青果,ALOX5
青果,APEX1
青果,APP
青果,AR
青果,AURKA
青果,AURKB
青果,AVPR2
青果,AXL
青果,BACE1
青果,BCHE
青果,CA1
青果,CA12
青果,CA14
青果,CA2
青果,CA3
青果,CA4
青果,CA5A
青果,CA5B
青果,CA6
青果,CA7
青果,CA9
青果,CBR1
青果,CD38
青果,CES1
青果,CNR1
青果,CTSL
青果,CXCR1
青果,CYP19A1
青果,CYP1A2
青果,CYP2A6
青果,CYP2C19
青果,CYP2D6
青果,CYP3A4
青果,DAPK1
青果,DPP4
青果,DRD1
青果,EGFR
青果,EHMT2
青果,ESR1
青果,F2
青果,FABP2
青果,FABP3
青果,FLT3
青果,FUT7
青果,GAA
青果,GBA
青果,GLO1
青果,GSK3B
青果,HSD11B2
青果,HSD17B1
青果,HSD17B2
青果,IDH1
青果,IGF1R
青果,KDM4E
青果,KMT2A
青果,MAPK1
青果,MAPT
青果,MCL1
青果,MET
青果,MMP12
青果,MMP2
青果,MMP3
青果,MMP9
青果,NEK6
青果,NFKB1
青果,NUAK1
青果,PDE4B
青果,PDE5A
青果,PIK3CG
青果,PIM1
青果,PLK1
青果,POLB
青果,PPARD
青果,PPARG
青果,PRKCA
青果,PTAFR
青果,PTGS1
青果,PTGS2
青果,PTK2
青果,PTPN1
青果,PTPN11
青果,PTPN6
青果,PTPRF
青果,RORC
青果,SLCO1B3
青果,SLCO2B1
青果,SRC
青果,STAT3
青果,TRPV1
青果,TYR
青果,UGT1A1
青葙子,PTGS2
青蒿,ACHE
青蒿,AKR1B1
青蒿,AKR1B10
青蒿,AKT1
青蒿,ALOX15
青蒿,ALOX5
青蒿,AMY1A
青蒿,APEX1
青蒿,APP
青蒿,AR
青蒿,AVPR2
青蒿,BACE1
青蒿,BCHE
青蒿,CA1
青蒿,CA12
青蒿,CA13
青蒿,CA3
青蒿,CA4
青蒿,CA5A
青蒿,CA7
青蒿,CA9
青蒿,CAMK2B
青蒿,CD38
青蒿,CSNK2A1
青蒿,CXCL8
青蒿,CYP19A1
青蒿,CYP2A6
青蒿,CYP2C19
青蒿,CYP2C9
青蒿,CYP3A4
青蒿,DAPK1
青蒿,DPP4
青蒿,EGFR
青蒿,EHMT2
青蒿,ERBB2
青蒿,ESR1
青蒿,GAA
青蒿,GBA
青蒿,GLO1
青蒿,GPR35
青蒿,HDAC1
青蒿,HIF1A
青蒿,HSD11B1
青蒿,HSD17B3
青蒿,HTR1A
青蒿,HTR2C
青蒿,IDH1
青蒿,KDM4E
青蒿,KDR
青蒿,MAP2K1
青蒿,MAPK1
青蒿,MAPK14
青蒿,MAPT
青蒿,MMP1
青蒿,MMP13
青蒿,MMP2
青蒿,MMP3
青蒿,NFKB1
青蒿,NUAK1
青蒿,PIK3CG
青蒿,PKN1
青蒿,PLG
青蒿,PPARD
青蒿,PPARG
青蒿,PTGS1
青蒿,PTGS2
青蒿,PTPN1
青蒿,PYGL
青蒿,RORC
青蒿,SLC22A1
青蒿,SLCO1B1
青蒿,SLCO2B1
青蒿,SYK
青蒿,THRB
青蒿,TOP2A
青蒿,TYR
青蒿,XDH
青黛,ALOX15
青黛,ALOX5
青黛,CA3
青黛,CYP19A1
青黛,CYP2C9
青黛,CYP3A4
青黛,EHMT2
青黛,HIF1A
青黛,HTR7
青黛,IDH1
青黛,KDM4E
青黛,MAPK1
青黛,MAPT
青黛,MMP3
青黛,MMP9
青黛,PIM1
青黛,PLG
青黛,PNP
青黛,PRKCA
青黛,SOAT1
青黛,XDH
香附,AKR1B1
香附,ALOX15
香附,APEX1
香附,CA1
香附,CA2
香附,CA4
香附,CA5A
香附,CA7
香附,CA9
香附,CD38
香附,CXCL8
香附,CYP2D6
香附,CYP3A4
香附,DPP4
香附,EHMT2
香附,ESR1
香附,F10
香附,FABP5
香附,FOLH1
香附,FUT7
香附,GAA
香附,GLO1
香附,IDH1
香附,KDM4E
香附,KDR
香附,KMT2A
香附,MAPK1
香附,MAPT
香附,MMP9
香附,NFKB1
香附,PLG
香附,PPARA
香附,PPARD
香附,PPARG
香附,PTGS2
香附,PTPN1
香附,PTPN2
香附,RORC
香附,SLCO1B1
香附,SLCO1B3
香附,TNKS
香附,TOP2A
香附,XDH
马鞭草,ABCC1
马鞭草,ABCG2
马鞭草,ADORA3
马鞭草,AKR1B1
马鞭草,AKR1C3
马鞭草,AKT1
马鞭草,ALOX15
马鞭草,ALOX5
马鞭草,AOX1
马鞭草,APOBEC3G
马鞭草,APP
马鞭草,AURKB
马鞭草,BCHE
马鞭草,CA1
马鞭草,CA12
马鞭草,CA14
马鞭草,CA2
马鞭草,CA3
马鞭草,CA4
马鞭草,CA5A
马鞭草,CA5B
马鞭草,CA6
马鞭草,CA7
马鞭草,CAMK2B
马鞭草,CD38
马鞭草,CYP19A1
马鞭草,CYP1A2
马鞭草,CYP2C19
马鞭草,CYP2C9
马鞭草,CYP2D6
马鞭草,CYP3A4
马鞭草,DAPK1
马鞭草,DPP4
马鞭草,DUSP3
马鞭草,EGFR
马鞭草,EGLN1
马鞭草,EHMT2
马鞭草,EPHX2
马鞭草,ERN1
马鞭草,ESR1
马鞭草,ESR2
马鞭草,ESRRA
马鞭草,F2
马鞭草,FABP2
马鞭草,FABP4
马鞭草,GAA
马鞭草,GBA
马鞭草,GLO1
马鞭草,HDAC3
马鞭草,HIF1A
马鞭草,HSD11B1
马鞭草,HSD17B2
马鞭草,IDH1
马鞭草,KDM4E
马鞭草,KDR
马鞭草,KMT2A
马鞭草,MAOA
马鞭草,MAOB
马鞭草,MAPK1
马鞭草,MAPT
马鞭草,MGLL
马鞭草,MMP13
马鞭草,MMP2
马鞭草,MMP9
马鞭草,MPG
马鞭草,NEK2
马鞭草,NEK6
马鞭草,NFKB1
马鞭草,NR1I2
马鞭草,PDE5A
马鞭草,PIM1
马鞭草,PLK1
马鞭草,POLB
马鞭草,PPARA
马鞭草,PPARD
马鞭草,PPARG
马鞭草,PTGS1
马鞭草,PTPN1
马鞭草,PTPRS
马鞭草,PYGL
马鞭草,RORC
马鞭草,SLC28A2
马鞭草,SLC28A3
马鞭草,SLC5A2
马鞭草,SLCO1B1
马鞭草,SLCO1B3
马鞭草,SLCO2B1
马鞭草,SMAD3
马鞭草,SOAT1
马鞭草,SRC
马鞭草,TERT
马鞭草,THRB
马鞭草,TLR2
马鞭草,TYR
马鞭草,UGT1A1
马鞭草,XDH
鱼腥草,ABCB1
鱼腥草,ABCC1
鱼腥草,ABCG2
鱼腥草,ACHE
鱼腥草,ADORA1
鱼腥草,ADORA2A
鱼腥草,ADORA2B
鱼腥草,ADORA3
鱼腥草,AGTR1
鱼腥草,AKR1B1
鱼腥草,AKR1B10
鱼腥草,AKR1C2
鱼腥草,AKT1
鱼腥草,ALOX12
鱼腥草,ALOX15
鱼腥草,ALOX5
鱼腥草,ALPL
鱼腥草,AMY1A
鱼腥草,APEX1
鱼腥草,APP
鱼腥草,AURKB
鱼腥草,AXL
鱼腥草,BACE1
鱼腥草,BCHE
鱼腥草,BCL2
鱼腥草,BCL2L1
鱼腥草,CA1
鱼腥草,CA12
鱼腥草,CA13
鱼腥草,CA14
鱼腥草,CA2
鱼腥草,CA3
鱼腥草,CA4
鱼腥草,CA5A
鱼腥草,CA5B
鱼腥草,CA6
鱼腥草,CA7
鱼腥草,CA9
鱼腥草,CCR4
鱼腥草,CD38
鱼腥草,CDK6
鱼腥草,CES1
鱼腥草,CES2
鱼腥草,CHRM1
鱼腥草,CSNK2A1
鱼腥草,CXCL8
鱼腥草,CXCR1
鱼腥草,CYP19A1
鱼腥草,CYP1A1
鱼腥草,CYP1A2
鱼腥草,CYP1B1
鱼腥草,CYP2C19
鱼腥草,CYP2C8
鱼腥草,CYP2C9
鱼腥草,CYP2D6
鱼腥草,CYP3A4
鱼腥草,DAO
鱼腥草,DAPK1
鱼腥草,DPP4
鱼腥草,DRD1
鱼腥草,EGFR
鱼腥草,EGLN1
鱼腥草,EHMT2
鱼腥草,EPHX2
鱼腥草,ESR1
鱼腥草,ESR2
鱼腥草,F2
鱼腥草,F3
鱼腥草,FLT3
鱼腥草,GAA
鱼腥草,GABRR1
鱼腥草,GBA
鱼腥草,GLO1
鱼腥草,GPBAR1
鱼腥草,GPR35
鱼腥草,GSK3B
鱼腥草,HCAR2
鱼腥草,HIF1A
鱼腥草,HSD11B1
鱼腥草,HSD17B1
鱼腥草,HSD17B2
鱼腥草,HSD17B3
鱼腥草,HSPA8
鱼腥草,HTR4
鱼腥草,HTR7
鱼腥草,IGF1R
鱼腥草,KCNH2
鱼腥草,KDM4E
鱼腥草,KDR
鱼腥草,KMT2A
鱼腥草,MAOA
鱼腥草,MAOB
鱼腥草,MAP2K1
鱼腥草,MAPK1
鱼腥草,MAPKAPK2
鱼腥草,MAPT
鱼腥草,MET
鱼腥草,MMP12
鱼腥草,MMP13
鱼腥草,MMP2
鱼腥草,MMP3
鱼腥草,MMP9
鱼腥草,MPG
鱼腥草,NFKB1
鱼腥草,NR1H4
鱼腥草,NR1I2
鱼腥草,NUAK1
鱼腥草,OPRD1
鱼腥草,PARP1
鱼腥草,PIK3CA
鱼腥草,PIM1
鱼腥草,PKN1
鱼腥草,PLG
鱼腥草,PLK1
鱼腥草,POLB
鱼腥草,PPARA
鱼腥草,PPARD
鱼腥草,PPARG
鱼腥草,PRKCA
鱼腥草,PTGS1
鱼腥草,PTGS2
鱼腥草,PTK2
鱼腥草,PTPN1
鱼腥草,PTPN2
鱼腥草,PTPN6
鱼腥草,PTPRS
鱼腥草,RORC
鱼腥草,RXRA
鱼腥草,SLC22A1
鱼腥草,SLC28A1
鱼腥草,SLC28A2
鱼腥草,SLC28A3
鱼腥草,SLCO1B1
鱼腥草,SLCO1B3
鱼腥草,SLCO2B1
鱼腥草,SOAT1
鱼腥草,SRC
鱼腥草,SYK
鱼腥草,THRB
鱼腥草,TLR2
鱼腥草,TOP1
鱼腥草,TTR
鱼腥草,TYR
鱼腥草,UGT1A1
鱼腥草,XDH
鱼腥草,XIAP
麦冬,ADORA3
麦冬,AKR1B1
麦冬,AKR1B10
麦冬,AKT1
麦冬,ALOX12
麦冬,ALOX15
麦冬,AXL
麦冬,BCHE
麦冬,CA1
麦冬,CA12
麦冬,CA2
麦冬,CA5A
麦冬,CA5B
麦冬,CXCL8
麦冬,CYP19A1
麦冬,CYP1B1
麦冬,CYP2D6
麦冬,CYP3A4
麦冬,DAPK1
麦冬,EHMT2
麦冬,EPHX2
麦冬,ESR1
麦冬,F3
麦冬,FASN
麦冬,GSK3B
麦冬,KMT2A
麦冬,MAPT
麦冬,PLG
麦冬,POLB
麦冬,PTK2
麦冬,RORC
麦冬,SHBG
麦冬,THRB
麦冬,TNKS2
麦冬,TYR
麦冬,UGT1A1
麦冬,XDH
麦芽,ACHE
麦芽,ADORA3
麦芽,AKR1B1
麦芽,AKR1B10
麦芽,ALOX15
麦芽,ALOX5
麦芽,AMY1A
麦芽,BACE1
麦芽,CA1
麦芽,CA12
麦芽,CA3
麦芽,CA4
麦芽,CA5A
麦芽,CA5B
麦芽,CA7
麦芽,CYP1A2
麦芽,CYP2C8
麦芽,CYP2D6
麦芽,CYP3A4
麦芽,EHMT2
麦芽,FLT3
麦芽,GPR35
麦芽,GRM5
麦芽,GSK3B
麦芽,HIF1A
麦芽,KCNH2
麦芽,KDM4E
麦芽,MAOB
麦芽,MAPT
麦芽,MMP1
麦芽,MMP12
麦芽,MMP2
麦芽,NEK6
麦芽,NFKB1
麦芽,NQO2
麦芽,NR1H4
麦芽,PIM1
麦芽,PLG
麦芽,PLK4
麦芽,POLB
麦芽,PPARG
麦芽,PTGS1
麦芽,PTGS2
麦芽,PTK2
麦芽,SLCO1B1
麦芽,SOAT1
麦芽,TERT
麦芽,TNKS
麦芽,TYR
麦芽,UGT1A1
麻黄,ABCC1
麻黄,ABCG2
麻黄,ACHE
麻黄,ADORA3
麻黄,ADRA2B
麻黄,AKR1B1
麻黄,AKR1B10
麻黄,AKR1C3
麻黄,AKT1
麻黄,ALK
麻黄,ALOX12
麻黄,ALOX15
麻黄,ALOX5
麻黄,ALPI
麻黄,ALPL
麻黄,AMY1A
麻黄,APEX1
麻黄,APP
麻黄,AR
麻黄,AXL
麻黄,BACE1
麻黄,BCHE
麻黄,BCL2
麻黄,BCL2L1
麻黄,CA1
麻黄,CA12
麻黄,CA13
麻黄,CA14
麻黄,CA2
麻黄,CA3
麻黄,CA4
麻黄,CA5A
麻黄,CA5B
麻黄,CA6
麻黄,CA7
麻黄,CA9
麻黄,CBR1
麻黄,CD38
麻黄,CDK6
麻黄,CES1
麻黄,CXCL8
麻黄,CXCR1
麻黄,CYP19A1
麻黄,CYP1A1
麻黄,CYP1B1
麻黄,CYP2A6
麻黄,CYP2B6
麻黄,CYP2C19
麻黄,CYP2D6
麻黄,CYP2J2
麻黄,CYP3A4
麻黄,DAPK1
麻黄,DPP4
麻黄,DRD1
麻黄,DRD4
麻黄,DUSP3
麻黄,DYRK1A
麻黄,EGFR
麻黄,EHMT2
麻黄,EP300
麻黄,EPHB4
麻黄,EPHX2
麻黄,ERBB2
麻黄,ESR1
麻黄,ESR2
麻黄,ESRRA
麻黄,F2
麻黄,F3
麻黄,FABP4
麻黄,FABP5
麻黄,FLT3
麻黄,FUT7
麻黄,FYN
麻黄,GAA
麻黄,GLO1
麻黄,GPR35
麻黄,GSK3B
麻黄,HCAR2
麻黄,HIF1A
麻黄,HSD11B1
麻黄,HSD17B1
麻黄,HSD17B2
麻黄,HSP90AB1
麻黄,HSPA8
麻黄,HTR7
麻黄,IDH1
麻黄,IDO1
麻黄,IGF1R
麻黄,INSR
麻黄,KCNH2
麻黄,KDM4E
麻黄,KMT2A
麻黄,MAOB
麻黄,MAP2K1
麻黄,MAPK1
麻黄,MAPKAPK2
麻黄,MAPT
麻黄,MCL1
麻黄,MET
麻黄,MMP1
麻黄,MMP12
麻黄,MMP13
麻黄,MMP2
麻黄,MMP3
麻黄,MMP9
麻黄,MPG
麻黄,NFKB1
麻黄,NR1I2
麻黄,NR3C1
麻黄,OPRK1
麻黄,PDE5A
麻黄,PIK3CA
麻黄,PIM1
麻黄,PKN1
麻黄,PLA2G2A
麻黄,PLK1
麻黄,POLB
麻黄,PPARA
麻黄,PPARD
麻黄,PPARG
麻黄,PRKCA
麻黄,PTGS2
麻黄,PTPN1
麻黄,PTPN11
麻黄,PTPN2
麻黄,RELA
麻黄,RORC
麻黄,SAE1
麻黄,SLC22A1
麻黄,SLC28A3
麻黄,SLCO1B1
麻黄,SLCO1B3
麻黄,SLCO2B1
麻黄,SMAD3
麻黄,SYK
麻黄,TEK
麻黄,THRB
麻黄,TLR2
麻黄,TNKS
麻黄,TNKS2
麻黄,TOP1
麻黄,TRPV1
麻黄,UBE2N
麻黄,UGT1A1
麻黄,XDH
麻黄绒,ABCB1
麻黄绒,ABCC1
麻黄绒,ABCG2
麻黄绒,ACHE
麻黄绒,ADORA3
麻黄绒,ADRB2
麻黄绒,AKR1B1
麻黄绒,AKR1C2
麻黄绒,AKR1C3
麻黄绒,AKR1C4
麻黄绒,AKT1
麻黄绒,ALOX12
麻黄绒,ALOX15
麻黄绒,ALOX5
麻黄绒,ALPL
麻黄绒,APEX1
麻黄绒,APP
麻黄绒,AURKB
麻黄绒,AXL
麻黄绒,BACE1
麻黄绒,BCHE
麻黄绒,BCL2
麻黄绒,BCL2L1
麻黄绒,CA1
麻黄绒,CA12
麻黄绒,CA13
麻黄绒,CA14
麻黄绒,CA2
麻黄绒,CA3
麻黄绒,CA4
麻黄绒,CA5A
麻黄绒,CA5B
麻黄绒,CA6
麻黄绒,CA7
麻黄绒,CA9
麻黄绒,CAMK2B
麻黄绒,CBR1
麻黄绒,CD38
麻黄绒,CDC25B
麻黄绒,CHRM4
麻黄绒,CLK1
麻黄绒,CNR2
麻黄绒,CSNK2A1
麻黄绒,CTSL
麻黄绒,CXCL8
麻黄绒,CYP19A1
麻黄绒,CYP1A1
麻黄绒,CYP1A2
麻黄绒,CYP1B1
麻黄绒,CYP2A6
麻黄绒,CYP2C19
麻黄绒,CYP2C9
麻黄绒,CYP2D6
麻黄绒,CYP2J2
麻黄绒,CYP3A4
麻黄绒,DAPK1
麻黄绒,DRD1
麻黄绒,EGFR
麻黄绒,EGLN1
麻黄绒,EHMT2
麻黄绒,EPHB4
麻黄绒,EPHX2
麻黄绒,ESR1
麻黄绒,ESRRA
麻黄绒,FABP2
麻黄绒,FABP3
麻黄绒,FABP4
麻黄绒,FABP5
麻黄绒,FASN
麻黄绒,FLT3
麻黄绒,GAA
麻黄绒,GBA
麻黄绒,GPR35
麻黄绒,GRIA4
麻黄绒,GRM5
麻黄绒,GSK3B
麻黄绒,HCAR2
麻黄绒,HIF1A
麻黄绒,HSD11B1
麻黄绒,HSD17B1
麻黄绒,HSD17B2
麻黄绒,HSPA8
麻黄绒,HTR7
麻黄绒,IDH1
麻黄绒,IGF1R
麻黄绒,INSR
麻黄绒,KDM4E
麻黄绒,KDR
麻黄绒,MAOA
麻黄绒,MAP2K1
麻黄绒,MAPK1
麻黄绒,MAPK14
麻黄绒,MAPKAPK2
麻黄绒,MAPT
麻黄绒,MCL1
麻黄绒,MET
麻黄绒,MMP1
麻黄绒,MMP12
麻黄绒,MMP13
麻黄绒,MMP3
麻黄绒,MMP9
麻黄绒,NEK6
麻黄绒,NFKB1
麻黄绒,NR1I2
麻黄绒,OPRM1
麻黄绒,PDE5A
麻黄绒,PIK3CB
麻黄绒,PIM1
麻黄绒,PKN1
麻黄绒,PLG
麻黄绒,PLK1
麻黄绒,PLK4
麻黄绒,PNP
麻黄绒,POLB
麻黄绒,PPARA
麻黄绒,PPARD
麻黄绒,PTGS1
麻黄绒,PTGS2
麻黄绒,PTK2
麻黄绒,PTPN1
麻黄绒,PTPN11
麻黄绒,PTPN2
麻黄绒,PTPRS
麻黄绒,PYGL
麻黄绒,RORC
麻黄绒,SLC22A1
麻黄绒,SLC28A1
麻黄绒,SLC5A1
麻黄绒,SLCO1B1
麻黄绒,SLCO1B3
麻黄绒,SLCO2B1
麻黄绒,SOAT1
麻黄绒,SRC
麻黄绒,TEK
麻黄绒,TERT
麻黄绒,THRB
麻黄绒,TNKS
麻黄绒,TNKS2
麻黄绒,TOP1
麻黄绒,TOP2A
麻黄绒,TRPV1
麻黄绒,TTR
麻黄绒,UBE2N
麻黄绒,UGT1A1
麻黄绒,XDH
黄芩,ABCB1
黄芩,ABCG2
黄芩,ACHE
黄芩,AKR1B1
黄芩,AKR1B10
黄芩,AKR1C4
黄芩,ALOX12
黄芩,ALOX15
黄芩,ALOX5
黄芩,AMY1A
黄芩,APEX1
黄芩,APP
黄芩,BACE1
黄芩,CA1
黄芩,CA12
黄芩,CA14
黄芩,CA2
黄芩,CA3
黄芩,CA4
黄芩,CA5B
黄芩,CA6
黄芩,CA7
黄芩,CA9
黄芩,CARM1
黄芩,CD38
黄芩,CDC25B
黄芩,CHRM2
黄芩,CTSD
黄芩,CXCL8
黄芩,CXCR1
黄芩,CYP19A1
黄芩,CYP1A1
黄芩,CYP1A2
黄芩,CYP1B1
黄芩,CYP2A6
黄芩,CYP2C19
黄芩,CYP2C9
黄芩,CYP2D6
黄芩,CYP2J2
黄芩,CYP3A4
黄芩,DAPK1
黄芩,DPP4
黄芩,DRD1
黄芩,DRD2
黄芩,EGFR
黄芩,EHMT2
黄芩,ESR1
黄芩,F2
黄芩,F3
黄芩,FABP2
黄芩,FABP3
黄芩,FABP4
黄芩,FABP5
黄芩,GAA
黄芩,GBA
黄芩,GSK3B
黄芩,HSD11B1
黄芩,HSD17B1
黄芩,HSD17B2
黄芩,HTR1A
黄芩,IDH1
黄芩,IDO1
黄芩,KDM4E
黄芩,KMT2A
黄芩,MAOA
黄芩,MAP2K1
黄芩,MAPK1
黄芩,MAPKAPK2
黄芩,MAPT
黄芩,MMP1
黄芩,MMP9
黄芩,MPG
黄芩,NEK2
黄芩,NFKB1
黄芩,NR1H4
黄芩,NUAK1
黄芩,PDE5A
黄芩,PIK3CG
黄芩,PKN1
黄芩,POLB
黄芩,PPARA
黄芩,PPARD
黄芩,PPARG
黄芩,PTGS1
黄芩,PTGS2
黄芩,PTPN1
黄芩,PTPN2
黄芩,RORC
黄芩,SLCO1B1
黄芩,SLCO2B1
黄芩,SRC
黄芩,THRB
黄芩,TNKS2
黄芩,TOP1
黄芩,TRPV1
黄芩,TTR
黄芩,TYR
黄芩,UGT1A1
黄芪,ABCB1
黄芪,ABCG2
黄芪,ACHE
黄芪,ADORA2A
黄芪,ADORA2B
黄芪,AKR1B1
黄芪,AKR1B10
黄芪,AKR1C3
黄芪,AKR1C4
黄芪,AKT1
黄芪,ALOX12
黄芪,ALOX5
黄芪,APEX1
黄芪,BCHE
黄芪,CA1
黄芪,CA12
黄芪,CA13
黄芪,CA14
黄芪,CA2
黄芪,CA3
黄芪,CA4
黄芪,CA5A
黄芪,CA7
黄芪,CA9
黄芪,CAMK2B
黄芪,CCR4
黄芪,CDK6
黄芪,CNR1
黄芪,CSNK2A1
黄芪,CXCL8
黄芪,CYP19A1
黄芪,CYP1A1
黄芪,CYP1A2
黄芪,CYP1B1
黄芪,CYP2C19
黄芪,CYP2C9
黄芪,CYP2D6
黄芪,CYP2J2
黄芪,CYP3A4
黄芪,DAPK1
黄芪,DPP4
黄芪,DRD1
黄芪,DUSP3
黄芪,EHMT2
黄芪,ESR1
黄芪,ESRRA
黄芪,F3
黄芪,FABP2
黄芪,FABP3
黄芪,FABP4
黄芪,FABP5
黄芪,FASN
黄芪,FLT3
黄芪,FUT7
黄芪,GAA
黄芪,GBA
黄芪,GPR35
黄芪,GSK3B
黄芪,HIF1A
黄芪,HSD17B1
黄芪,HSD17B2
黄芪,HTR1A
黄芪,HTR1D
黄芪,HTR2C
黄芪,INSR
黄芪,KDM4E
黄芪,KMT2A
黄芪,MAPK1
黄芪,MAPK14
黄芪,MAPKAPK2
黄芪,MAPT
黄芪,MMP13
黄芪,MMP2
黄芪,MMP3
黄芪,MMP9
黄芪,MPG
黄芪,NEK6
黄芪,NFKB1
黄芪,NR1H4
黄芪,PDE5A
黄芪,PIM1
黄芪,PKN1
黄芪,POLB
黄芪,PPARA
黄芪,PPARD
黄芪,PPARG
黄芪,PRKCA
黄芪,PTGS1
黄芪,PTGS2
黄芪,PTK2
黄芪,PTPN1
黄芪,PTPN2
黄芪,PTPRS
黄芪,RORC
黄芪,SLC22A1
黄芪,SLCO1B1
黄芪,SLCO2B1
黄芪,THRB
黄芪,TOP1
黄芪,TOP2A
黄芪,TTR
黄芪,TYR
黄芪,XDH
黄连,ACHE
黄连,AKR1B1
黄连,AKR1B10
黄连,ALOX15
黄连,APEX1
黄连,AURKB
黄连,AXL
黄连,BACE1
黄连,BCHE
黄连,BCL2
黄连,CA1
黄连,CA12
黄连,CA2
黄连,CA5B
黄连,CA6
黄连,CA7
黄连,CA9
黄连,CD38
黄连,CDK6
黄连,CYP19A1
黄连,CYP1B1
黄连,CYP2C19
黄连,CYP2C9
黄连,CYP2D6
黄连,DAPK1
黄连,DPP4
黄连,DUSP3
黄连,EHMT2
黄连,EPHX2
黄连,ESR1
黄连,ESR2
黄连,ESRRA
黄连,FABP3
黄连,FABP4
黄连,GAA
黄连,GBA
黄连,IGF1R
黄连,INSR
黄连,KDM4E
黄连,KMT2A
黄连,MAPK1
黄连,MAPT
黄连,MMP2
黄连,MMP9
黄连,NFKB1
黄连,PIK3CG
黄连,PPARA
黄连,PPARD
黄连,PPARG
黄连,PTPN1
黄连,SLC28A1
黄连,SLCO1B1
黄连,SLCO1B3
黄连,THRB
黄连,TNKS
黑芝麻,ABCC1
黑芝麻,ACHE
黑芝麻,AKR1B1
黑芝麻,AKR1C2
黑芝麻,AKR1C3
黑芝麻,AKT1
黑芝麻,ALOX15
黑芝麻,ALOX5
黑芝麻,ALPI
黑芝麻,AMY1A
黑芝麻,APEX1
黑芝麻,APP
黑芝麻,AXL
黑芝麻,BACE1
黑芝麻,BCHE
黑芝麻,CA1
黑芝麻,CA12
黑芝麻,CA14
黑芝麻,CA2
黑芝麻,CA5A
黑芝麻,CA5B
黑芝麻,CA6
黑芝麻,CA7
黑芝麻,CA9
黑芝麻,CAMK2B
黑芝麻,CSNK1D
黑芝麻,CXCL8
黑芝麻,CXCR1
黑芝麻,CYP19A1
黑芝麻,CYP1A1
黑芝麻,CYP1A2
黑芝麻,CYP1B1
黑芝麻,CYP2A6
黑芝麻,CYP2B6
黑芝麻,CYP2C8
黑芝麻,CYP2C9
黑芝麻,CYP2D6
黑芝麻,CYP3A4
黑芝麻,DNMT3B
黑芝麻,EGFR
黑芝麻,EHMT2
黑芝麻,EPHX2
黑芝麻,ERBB2
黑芝麻,ESR2
黑芝麻,ESRRA
黑芝麻,FABP4
黑芝麻,GAA
黑芝麻,GBA
黑芝麻,GLO1
黑芝麻,GRIA2
黑芝麻,GRM8
黑芝麻,GSK3B
黑芝麻,HCAR2
黑芝麻,HSD17B2
黑芝麻,HSPA8
黑芝麻,IDH1
黑芝麻,IDO1
黑芝麻,IGF1R
黑芝麻,INSR
黑芝麻,KCNH2
黑芝麻,KDM4E
黑芝麻,MAOB
黑芝麻,MAPK1
黑芝麻,MAPT
黑芝麻,MMP2
黑芝麻,NFKB1
黑芝麻,PKN1
黑芝麻,POLB
黑芝麻,PPARD
黑芝麻,PPARG
黑芝麻,PTGS1
黑芝麻,PTGS2
黑芝麻,PTPN1
黑芝麻,PTPN11
黑芝麻,PYGL
黑芝麻,RORC
黑芝麻,SLC28A2
黑芝麻,SLCO1B1
黑芝麻,SLCO1B3
黑芝麻,TEK
黑芝麻,TERT
黑芝麻,THRB
黑芝麻,TOP2A
黑芝麻,TYR
黑芝麻,UGT1A1
龙骨,ACHE
龙骨,PLK1
