canonical_name,target_id
一枝蒿,ABCG2
一枝蒿,ACHE
一枝蒿,AKR1B1
一枝蒿,ALOX15
一枝蒿,APP
一枝蒿,AVPR2
一枝蒿,BACE1
一枝蒿,CA1
一枝蒿,CA12
一枝蒿,CA14
一枝蒿,CA2
一枝蒿,CA4
一枝蒿,CA5B
一枝蒿,CA6
一枝蒿,CA7
一枝蒿,CSNK2A1
一枝蒿,CXCL8
一枝蒿,CXCR1
一枝蒿,CYP19A1
一枝蒿,CYP2C19
一枝蒿,CYP2D6
一枝蒿,CYP3A4
一枝蒿,EHMT2
一枝蒿,ESR1
一枝蒿,FABP3
一枝蒿,FABP4
一枝蒿,GAA
一枝蒿,GBA
一枝蒿,HIF1A
一枝蒿,HSD17B1
一枝蒿,HSD17B2
一枝蒿,IDH1
一枝蒿,INSR
一枝蒿,MAP2K1
一枝蒿,MAPK1
一枝蒿,MAPT
一枝蒿,MMP2
一枝蒿,MMP3
一枝蒿,NFKB1
一枝蒿,PIM1
一枝蒿,POLB
一枝蒿,PPARG
一枝蒿,PTK2
一枝蒿,SLC28A1
一枝蒿,THRB
一枝蒿,TYR
一枝蒿,UGT1A1
一枝蒿,XPO1
丹参,ABCC1
丹参,ABCG2
丹参,ACHE
丹参,ADORA2B
丹参,ADORA3
丹参,ADRB2
丹参,AKR1B1
丹参,AKR1B10
丹参,AKR1C2
丹参,AKR1C3
丹参,AKR1C4
丹参,AKT1
丹参,ALK
丹参,ALOX12
丹参,ALOX15
丹参,ALOX5
丹参,ALPL
丹参,AMY1A
丹参,APEX1
丹参,APP
丹参,AR
丹参,AURKA
丹参,AURKB
丹参,AVPR2
丹参,AXL
丹参,BACE1
丹参,BCHE
丹参,BCL2
丹参,BCL2L1
丹参,CA1
丹参,CA12
丹参,CA13
丹参,CA14
丹参,CA2
丹参,CA3
丹参,CA4
丹参,CA5A
丹参,CA5B
丹参,CA6
丹参,CA7
丹参,CA9
丹参,CAMK2B
丹参,CBR1
丹参,CCR4
丹参,CD38
丹参,CDC25B
丹参,CDK6
丹参,CES2
丹参,CHRNA3
丹参,CHRNA7
丹参,CSNK2A1
丹参,CTBP2
丹参,CTSL
丹参,CXCL8
丹参,CXCR1
丹参,CYP19A1
丹参,CYP1A1
丹参,CYP1A2
丹参,CYP1B1
丹参,CYP2A6
丹参,CYP2C19
丹参,CYP2C8
丹参,CYP2C9
丹参,CYP2D6
丹参,CYP3A4
丹参,DAO
丹参,DAPK1
丹参,DPP4
丹参,DRD1
丹参,DUSP3
丹参,EGFR
丹参,EGLN1
丹参,EHMT2
丹参,EPHB4
丹参,EPHX2
丹参,ERBB2
丹参,ERN1
丹参,ESR1
丹参,ESR2
丹参,ESRRA
丹参,F2
丹参,F3
丹参,FABP2
丹参,FABP3
丹参,FABP4
丹参,FABP5
丹参,FASN
丹参,FLT3
丹参,GAA
丹参,GBA
丹参,GLO1
丹参,GLRA1
丹参,GPR35
丹参,GRIA1
丹参,GRIA4
丹参,GSK3B
丹参,HCAR2
丹参,HDAC2
丹参,HDAC8
丹参,HIF1A
丹参,HSD11B1
丹参,HSD17B2
丹参,HSD17B3
丹参,HSP90AA1
丹参,HSP90AB1
丹参,HSPA8
丹参,HTR1A
丹参,HTR7
丹参,IDH1
丹参,IDO1
丹参,IGF1R
丹参,INSR
丹参,KCNH2
丹参,KDM4E
丹参,KMT2A
丹参,MAOB
丹参,MAP2K1
丹参,MAP3K8
丹参,MAPK1
丹参,MAPK14
丹参,MAPT
丹参,MET
丹参,MMP1
丹参,MMP12
丹参,MMP13
丹参,MMP2
丹参,MMP3
丹参,MMP9
丹参,MPG
丹参,MPO
丹参,NEK2
丹参,NFKB1
丹参,NR1H4
丹参,NUAK1
丹参,ODC1
丹参,PARP1
丹参,PDE5A
丹参,PIK3CG
丹参,PIM1
丹参,PKN1
丹参,PLK1
丹参,PNP
丹参,POLA1
丹参,POLB
丹参,PPARA
丹参,PPARD
丹参,PPARG
丹参,PRKCA
丹参,PTGS1
丹参,PTGS2
丹参,PTK2
丹参,PTK2B
丹参,PTPN1
丹参,PYGL
丹参,RORC
丹参,SHBG
丹参,SLC15A2
丹参,SLC1A1
丹参,SLC28A1
丹参,SLCO1B1
丹参,SLCO1B3
丹参,SLCO2B1
丹参,SMAD3
丹参,SOAT1
丹参,SRC
丹参,STAT3
丹参,SYK
丹参,TEK
丹参,TERT
丹参,THRB
丹参,TLR2
丹参,TNKS
丹参,TOP1
丹参,TOP2A
丹参,TRPV1
丹参,TTR
丹参,TYR
丹参,UGT1A1
丹参,XDH
乌梅,ABCB1
乌梅,ABCC1
乌梅,ACHE
乌梅,ADORA3
乌梅,ADRB2
乌梅,AKR1B1
乌梅,AKR1B10
乌梅,AKR1C3
乌梅,AKR1C4
乌梅,ALOX12
乌梅,ALOX15
乌梅,ALOX5
乌梅,AMY1A
乌梅,APEX1
乌梅,APP
乌梅,AR
乌梅,AURKB
乌梅,AXL
乌梅,BACE1
乌梅,BCHE
乌梅,CA1
乌梅,CA12
乌梅,CA14
乌梅,CA2
乌梅,CA3
乌梅,CA4
乌梅,CA5A
乌梅,CA5B
乌梅,CA6
乌梅,CA7
乌梅,CA9
乌梅,CCR4
乌梅,CD38
乌梅,CDC25B
乌梅,CDK6
乌梅,CES2
乌梅,CNR2
乌梅,CTSD
乌梅,CXCL8
乌梅,CXCR1
乌梅,CYP19A1
乌梅,CYP1A1
乌梅,CYP1B1
乌梅,CYP2C19
乌梅,CYP2C9
乌梅,CYP2J2
乌梅,CYP3A4
乌梅,DAO
乌梅,DAPK1
乌梅,DHFR
乌梅,DPP4
乌梅,DRD1
乌梅,DRD3
乌梅,DUSP3
乌梅,EHMT2
乌梅,EPHX2
乌梅,ESR1
乌梅,ESR2
乌梅,ESRRA
乌梅,F2
乌梅,FABP2
乌梅,FABP3
乌梅,FABP4
乌梅,FASN
乌梅,FLT3
乌梅,FUT7
乌梅,GAA
乌梅,GBA
乌梅,GLO1
乌梅,GRM4
乌梅,GSK3B
乌梅,GSTP1
乌梅,HIF1A
乌梅,HSD17B1
乌梅,HSD17B2
乌梅,HSPA8
乌梅,HTR1A
乌梅,IDH1
乌梅,IDO1
乌梅,IGF1R
乌梅,KCNH2
乌梅,KDM4E
乌梅,KDR
乌梅,KMT2A
乌梅,MAOA
乌梅,MAOB
乌梅,MAP2K1
乌梅,MAPK1
乌梅,MAPK14
乌梅,MAPKAPK2
乌梅,MAPT
乌梅,MET
乌梅,MGLL
乌梅,MMP1
乌梅,MMP12
乌梅,MMP13
乌梅,MMP2
乌梅,MMP3
乌梅,MMP9
乌梅,MPG
乌梅,NEK2
乌梅,NEK6
乌梅,NFKB1
乌梅,NR1H4
乌梅,NUAK1
乌梅,OPRK1
乌梅,OXER1
乌梅,PARP1
乌梅,PIM1
乌梅,PKN1
乌梅,PLG
乌梅,PNP
乌梅,POLA1
乌梅,POLB
乌梅,PPARA
乌梅,PPARD
乌梅,PRKCA
乌梅,PRMT1
乌梅,PTGS2
乌梅,PTPRF
乌梅,PYGL
乌梅,RORC
乌梅,SIRT3
乌梅,SLC22A1
乌梅,SLC28A1
乌梅,SLC28A2
乌梅,SLC28A3
乌梅,SLCO1B1
乌梅,SLCO1B3
乌梅,SYK
乌梅,TAS2R31
乌梅,TEK
乌梅,TERT
乌梅,THRB
乌梅,TLR2
乌梅,TNKS2
乌梅,TOP2A
乌梅,TTR
乌梅,TYR
乌梅,UGT1A1
乌梅,XDH
五味子,ABCB11
五味子,ABCC1
五味子,ABCG2
五味子,ACHE
五味子,ADORA1
五味子,ADORA2A
五味子,ADORA3
五味子,AKR1B1
五味子,AKR1B10
五味子,AKR1C3
五味子,AKR1C4
五味子,ALK
五味子,ALOX12
五味子,ALOX15
五味子,ALOX5
五味子,ALPI
五味子,AMY1A
五味子,APEX1
五味子,AVPR2
五味子,AXL
五味子,BACE1
五味子,BCHE
五味子,BCL2
五味子,BCL2L1
五味子,BCR
五味子,CA1
五味子,CA12
五味子,CA13
五味子,CA14
五味子,CA2
五味子,CA3
五味子,CA4
五味子,CA5A
五味子,CA5B
五味子,CA6
五味子,CA7
五味子,CA9
五味子,CAMK2B
五味子,CCR4
五味子,CD38
五味子,CDC25B
五味子,CDK6
五味子,CSNK2A1
五味子,CTBP2
五味子,CXCL8
五味子,CXCR1
五味子,CYP19A1
五味子,CYP1A1
五味子,CYP1B1
五味子,CYP2A6
五味子,CYP2C19
五味子,CYP2D6
五味子,CYP2J2
五味子,CYP3A4
五味子,DPP4
五味子,DRD1
五味子,DUSP3
五味子,EGFR
五味子,EGLN1
五味子,EHMT2
五味子,ERBB2
五味子,ESR1
五味子,ESR2
五味子,F2
五味子,FABP2
五味子,FABP5
五味子,FASN
五味子,FLT3
五味子,GAA
五味子,GBA
五味子,GLO1
五味子,GPR35
五味子,GRIA1
五味子,GRM2
五味子,GRM3
五味子,GSK3B
五味子,HCAR2
五味子,HDAC8
五味子,HIF1A
五味子,HSD17B2
五味子,HSPA8
五味子,HTR1A
五味子,IDH1
五味子,IGF1R
五味子,KDM4E
五味子,KMT2A
五味子,MAOB
五味子,MAP2K1
五味子,MAPK1
五味子,MAPK14
五味子,MAPKAPK2
五味子,MAPT
五味子,MCL1
五味子,MET
五味子,MMP1
五味子,MMP12
五味子,MMP13
五味子,MMP2
五味子,MMP3
五味子,MMP9
五味子,MPG
五味子,NFKB1
五味子,NQO2
五味子,NR1H4
五味子,NUAK1
五味子,PARP1
五味子,PIK3CG
五味子,PKN1
五味子,PLG
五味子,PLK1
五味子,PNP
五味子,POLB
五味子,PPARA
五味子,PPARG
五味子,PRKCA
五味子,PTGS2
五味子,PTK2B
五味子,PTPN1
五味子,PTPN2
五味子,PTPN6
五味子,PTPRF
五味子,PTPRS
五味子,PYGL
五味子,RELA
五味子,RORC
五味子,SLCO1B3
五味子,SLCO2B1
五味子,SRC
五味子,TBXAS1
五味子,TERT
五味子,THRB
五味子,TLR2
五味子,TNKS2
五味子,TOP1
五味子,TOP2A
五味子,UGT1A1
五味子,XDH
五指毛桃,ABCC1
五指毛桃,ACHE
五指毛桃,ADORA3
五指毛桃,AKR1B1
五指毛桃,AKR1B10
五指毛桃,AKT1
五指毛桃,ALK
五指毛桃,ALOX12
五指毛桃,ALOX15
五指毛桃,AMY1A
五指毛桃,APEX1
五指毛桃,APP
五指毛桃,AURKB
五指毛桃,BACE1
五指毛桃,BCL2L1
五指毛桃,CA1
五指毛桃,CA12
五指毛桃,CA2
五指毛桃,CA3
五指毛桃,CA5A
五指毛桃,CA5B
五指毛桃,CA7
五指毛桃,CA9
五指毛桃,CAMK2B
五指毛桃,CBR1
五指毛桃,CHRM4
五指毛桃,CTSL
五指毛桃,CXCL8
五指毛桃,CXCR1
五指毛桃,CYP19A1
五指毛桃,CYP1A2
五指毛桃,CYP1B1
五指毛桃,CYP2A6
五指毛桃,CYP2C19
五指毛桃,CYP2C9
五指毛桃,CYP2J2
五指毛桃,CYP3A4
五指毛桃,DAPK1
五指毛桃,DPP4
五指毛桃,DRD1
五指毛桃,EGFR
五指毛桃,EHMT2
五指毛桃,EPHX2
五指毛桃,ESRRA
五指毛桃,FABP2
五指毛桃,FABP3
五指毛桃,FABP4
五指毛桃,FABP5
五指毛桃,FLT3
五指毛桃,GBA
五指毛桃,GLO1
五指毛桃,GPR35
五指毛桃,GRM5
五指毛桃,GSK3B
五指毛桃,HIF1A
五指毛桃,HSD11B1
五指毛桃,HSD17B1
五指毛桃,HSD17B2
五指毛桃,HTR1A
五指毛桃,HTR7
五指毛桃,IDH1
五指毛桃,KDM4E
五指毛桃,KDR
五指毛桃,MAPK1
五指毛桃,MAPT
五指毛桃,MGLL
五指毛桃,MMP3
五指毛桃,NFKB1
五指毛桃,NR1I2
五指毛桃,PARP1
五指毛桃,PIM1
五指毛桃,PLG
五指毛桃,PLK1
五指毛桃,POLB
五指毛桃,PPARD
五指毛桃,PPARG
五指毛桃,PTGS2
五指毛桃,PTPN1
五指毛桃,RORC
五指毛桃,SLCO1B1
五指毛桃,SLCO1B3
五指毛桃,SLCO2B1
五指毛桃,SRC
五指毛桃,STAT3
五指毛桃,SYK
五指毛桃,THRB
五指毛桃,TTR
五指毛桃,TYR
人参,ABCC1
人参,ABCG2
人参,ACHE
人参,ACP1
人参,ADORA1
人参,ADORA2A
人参,ADORA2B
人参,ADORA3
人参,ADRB2
人参,AKR1B1
人参,AKR1B10
人参,AKR1C3
人参,AKR1C4
人参,AKT1
人参,ALOX12
人参,ALOX15
人参,ALOX5
人参,ALPI
人参,ALPL
人参,AMY1A
人参,APEX1
人参,APP
人参,AR
人参,AURKA
人参,AVPR2
人参,AXL
人参,BACE1
人参,BCHE
人参,BRAF
人参,CA1
人参,CA13
人参,CA14
人参,CA2
人参,CA3
人参,CA4
人参,CA5A
人参,CA5B
人参,CA6
人参,CA7
人参,CA9
人参,CAMK2B
人参,CD38
人参,CDC25B
人参,CDK6
人参,CHRM4
人参,CNR1
人参,CSNK2A1
人参,CTSL
人参,CXCL8
人参,CXCR1
人参,CYP19A1
人参,CYP1A1
人参,CYP1A2
人参,CYP1B1
人参,CYP2A6
人参,CYP2C19
人参,CYP2C8
人参,CYP2C9
人参,CYP2D6
人参,CYP2J2
人参,CYP3A4
人参,DAPK1
人参,DHFR
人参,DPP4
人参,DRD1
人参,DUSP3
人参,EGFR
人参,EGLN1
人参,EHMT2
人参,EPHB4
人参,EPHX2
人参,ERBB2
人参,ESR1
人参,ESR2
人参,F10
人参,F2
人参,FABP3
人参,FABP5
人参,FASN
人参,FLT3
人参,FLT4
人参,FUT7
人参,GAA
人参,GBA
人参,GLO1
人参,GLRA1
人参,GPR35
人参,GRIA2
人参,GRIA4
人参,GRIK5
人参,GRM5
人参,GSK3B
人参,HCAR2
人参,HIF1A
人参,HMGCR
人参,HSD11B1
人参,HSD17B1
人参,HSD17B2
人参,HSPA1A
人参,HSPA8
人参,HTR1A
人参,HTR2A
人参,HTR7
人参,IDH1
人参,IGF1R
人参,INSR
人参,KCNH2
人参,KDM4E
人参,KDR
人参,KIT
人参,KMT2A
人参,MAOA
人参,MAOB
人参,MAP2K1
人参,MAP3K8
人参,MAPK1
人参,MAPK14
人参,MAPT
人参,MCL1
人参,MGLL
人参,MMP1
人参,MMP12
人参,MMP13
人参,MMP3
人参,MMP9
人参,MPG
人参,NEK2
人参,NEK6
人参,NFKB1
人参,NOS2
人参,NR1H4
人参,NR1I2
人参,NUAK1
人参,PARP1
人参,PDE5A
人参,PIK3CA
人参,PIK3CG
人参,PKN1
人参,PLG
人参,PLK1
人参,PNP
人参,POLA1
人参,POLB
人参,PPARA
人参,PPARD
人参,PPARG
人参,PRKCA
人参,PTGS1
人参,PTGS2
人参,PTK2
人参,PTPN1
人参,PTPN6
人参,PTPRF
人参,PTPRS
人参,RELA
人参,RORC
人参,SHBG
人参,SLC28A2
人参,SLC28A3
人参,SLC6A2
人参,SLC6A3
人参,SLCO1B1
人参,SLCO1B3
人参,SLCO2B1
人参,SMAD3
人参,SOAT1
人参,SRC
人参,STAT3
人参,SYK
人参,TBXAS1
人参,TERT
人参,THRB
人参,TLR2
人参,TNKS
人参,TNKS2
人参,TOP1
人参,TOP2A
人参,TRPV1
人参,TTR
人参,TYR
人参,UBE2N
人参,UGT1A1
人参,XDH
仙鹤草,ABCC1
仙鹤草,ACHE
仙鹤草,ACP1
仙鹤草,ADORA2B
仙鹤草,ADORA3
仙鹤草,AKR1B1
仙鹤草,AKR1B10
仙鹤草,AKT1
仙鹤草,ALDH2
仙鹤草,ALOX15
仙鹤草,AMY1A
仙鹤草,AR
仙鹤草,AXL
仙鹤草,BACE1
仙鹤草,BCHE
仙鹤草,BCL2
仙鹤草,BCL2L1
仙鹤草,CA1
仙鹤草,CA12
仙鹤草,CA14
仙鹤草,CA2
仙鹤草,CA3
仙鹤草,CA5A
仙鹤草,CAMK2B
仙鹤草,CD38
仙鹤草,CYP19A1
仙鹤草,CYP1A2
仙鹤草,CYP1B1
仙鹤草,CYP2C8
仙鹤草,CYP2C9
仙鹤草,CYP2D6
仙鹤草,CYP3A4
仙鹤草,DPP4
仙鹤草,DRD1
仙鹤草,EGFR
仙鹤草,EHMT2
仙鹤草,ESR1
仙鹤草,ESR2
仙鹤草,F3
仙鹤草,FABP2
仙鹤草,GAA
仙鹤草,GLO1
仙鹤草,GPR35
仙鹤草,GSK3B
仙鹤草,HIF1A
仙鹤草,HSD17B2
仙鹤草,IDH1
仙鹤草,KDM4E
仙鹤草,MAPK1
仙鹤草,MAPT
仙鹤草,MCL1
仙鹤草,MET
仙鹤草,MMP12
仙鹤草,MMP13
仙鹤草,MMP3
仙鹤草,MMP9
仙鹤草,NFKB1
仙鹤草,NR1H4
仙鹤草,NUAK1
仙鹤草,PIM1
仙鹤草,PLK1
仙鹤草,PNP
仙鹤草,PPARA
仙鹤草,PPARG
仙鹤草,PRKCA
仙鹤草,PTGS2
仙鹤草,RORC
仙鹤草,SLC28A3
仙鹤草,SLCO1B1
仙鹤草,SLCO1B3
仙鹤草,SYK
仙鹤草,TBXAS1
仙鹤草,THRB
仙鹤草,TYR
仙鹤草,UGT1A1
仙鹤草,XDH
佩兰,AKR1B1
佩兰,ALPL
佩兰,APEX1
佩兰,CA12
佩兰,CA2
佩兰,CDK6
佩兰,CXCL8
佩兰,CYP2D6
佩兰,CYP3A4
佩兰,EHMT2
佩兰,ESR1
佩兰,GAA
佩兰,KDM4E
佩兰,MAPK1
佩兰,MAPT
佩兰,MMP9
佩兰,PPARA
佩兰,PTGS2
佩兰,TERT
佩兰,TLR2
佩兰,TYR
佩兰,UGT1A1
侧柏叶,CA2
侧柏叶,CA6
侧柏叶,DAPK1
侧柏叶,DYRK1A
侧柏叶,EHMT2
侧柏叶,IDH1
侧柏叶,POLB
侧柏叶,PTGS2
党参,ABCB11
党参,ABCC1
党参,ABCG2
党参,ACHE
党参,ADORA3
党参,ADRA2B
党参,AKR1B1
党参,AKR1B10
党参,AKR1C3
党参,AKR1C4
党参,AKT1
党参,ALK
党参,ALOX12
党参,ALOX15
党参,ALOX5
党参,ALPL
党参,AMY1A
党参,APEX1
党参,APP
党参,AR
党参,AURKA
党参,AURKB
党参,AVPR2
党参,AXL
党参,BACE1
党参,BCHE
党参,BCL2
党参,CA1
党参,CA12
党参,CA13
党参,CA14
党参,CA2
党参,CA3
党参,CA4
党参,CA5B
党参,CA6
党参,CA7
党参,CAMK2B
党参,CCR4
党参,CD38
党参,CDC25B
党参,CDK6
党参,CES1
党参,CHRM5
党参,CSNK2A1
党参,CXCL8
党参,CYP19A1
党参,CYP1A1
党参,CYP1A2
党参,CYP1B1
党参,CYP2A6
党参,CYP2C19
党参,CYP2C8
党参,CYP2C9
党参,CYP2D6
党参,CYP3A4
党参,DAPK1
党参,DHFR
党参,DPP4
党参,DRD1
党参,DUSP3
党参,EGFR
党参,EHMT2
党参,EPHX2
党参,ERBB2
党参,ESR1
党参,ESR2
党参,ESRRA
党参,F2
党参,F3
党参,FABP3
党参,FABP4
党参,FABP5
党参,FASN
党参,FLT3
党参,GAA
党参,GBA
党参,GBA2
党参,GPR35
党参,GRM5
党参,GSK3B
党参,GSTP1
党参,HIF1A
党参,HSPA8
党参,HTR1A
党参,IDH1
党参,IDO1
党参,IGF1R
党参,KCNH2
党参,KDM4E
党参,KDM7A
党参,KMT2A
党参,MAOA
党参,MAOB
党参,MAPK1
党参,MAPK14
党参,MAPKAPK2
党参,MAPT
党参,MGLL
党参,MMP1
党参,MMP2
党参,MMP3
党参,MMP9
党参,MPG
党参,NEK2
党参,NFKB1
党参,NQO1
党参,NR1H4
党参,PARP1
党参,PDE5A
党参,PDPK1
党参,PIM1
党参,PLG
党参,PLK1
党参,POLB
党参,PPARD
党参,PPARG
党参,PRKCA
党参,PTGES
党参,PTGS1
党参,PTGS2
党参,PTK2
党参,PTPN1
党参,PTPN6
党参,PTPRF
党参,PYGL
党参,RELA
党参,RORC
党参,SLC28A3
党参,SLCO1B1
党参,SLCO1B3
党参,SLCO2B1
党参,SOAT1
党参,SRC
党参,SYK
党参,TERT
党参,THRB
党参,TLR2
党参,TNKS
党参,TNKS2
党参,TOP2A
党参,TTR
党参,TYR
党参,UGT1A1
党参,XDH
全蝎,AKR1B10
全蝎,AKR1C4
全蝎,ALOX5
全蝎,CA4
全蝎,EGFR
全蝎,HIF1A
全蝎,KDM4E
全蝎,PTGS2
全蝎,UGT1A1
冬瓜子,ABCC1
冬瓜子,AKR1B1
冬瓜子,ALK
冬瓜子,ALOX15
冬瓜子,ALOX5
冬瓜子,APEX1
冬瓜子,AURKB
冬瓜子,AVPR2
冬瓜子,AXL
冬瓜子,BACE1
冬瓜子,CA1
冬瓜子,CA12
冬瓜子,CA14
冬瓜子,CA2
冬瓜子,CA3
冬瓜子,CA4
冬瓜子,CA5A
冬瓜子,CA5B
冬瓜子,CA6
冬瓜子,CA7
冬瓜子,CA9
冬瓜子,CAMK2B
冬瓜子,CSNK2A1
冬瓜子,CYP19A1
冬瓜子,CYP1A1
冬瓜子,CYP1A2
冬瓜子,CYP2C19
冬瓜子,CYP2C9
冬瓜子,CYP2D6
冬瓜子,CYP3A4
冬瓜子,DAPK1
冬瓜子,DPP4
冬瓜子,DRD1
冬瓜子,DUSP3
冬瓜子,EHMT2
冬瓜子,ESR1
冬瓜子,ESRRA
冬瓜子,F2
冬瓜子,FABP3
冬瓜子,FLT3
冬瓜子,FYN
冬瓜子,GAA
冬瓜子,GRM5
冬瓜子,HIF1A
冬瓜子,HSD17B1
冬瓜子,IDH1
冬瓜子,INSR
冬瓜子,KDM4E
冬瓜子,KMT2A
冬瓜子,MAPK1
冬瓜子,MAPKAPK2
冬瓜子,MAPT
冬瓜子,MET
冬瓜子,MIF
冬瓜子,MMP1
冬瓜子,MMP3
冬瓜子,NEK2
冬瓜子,NFKB1
冬瓜子,PDE5A
冬瓜子,PLG
冬瓜子,POLB
冬瓜子,PPARA
冬瓜子,PPARD
冬瓜子,PTGS1
冬瓜子,PTGS2
冬瓜子,PTPN6
冬瓜子,SLCO1B1
冬瓜子,SLCO1B3
冬瓜子,SYK
冬瓜子,TERT
冬瓜子,THRB
冬瓜子,TNKS
冬瓜子,TYR
冬瓜子,UGT1A1
冰片,CYP1B1
冰片,CYP3A4
冰片,EHMT2
冰片,GSK3B
制半夏,CA14
制半夏,FABP2
制半夏,IGF1R
制半夏,MAPT
制半夏,PIM1
制南星,CA6
前胡,ACHE
前胡,ADORA3
前胡,AKR1B1
前胡,AKR1B10
前胡,AKR1C2
前胡,AKT1
前胡,ALOX12
前胡,ALOX15
前胡,ALOX5
前胡,ALPI
前胡,ALPL
前胡,AMY1A
前胡,APEX1
前胡,APP
前胡,AVPR2
前胡,AXL
前胡,BACE1
前胡,CA1
前胡,CA14
前胡,CA2
前胡,CA4
前胡,CA5A
前胡,CA6
前胡,CA7
前胡,CA9
前胡,CD38
前胡,CXCL8
前胡,CYP19A1
前胡,CYP1A2
前胡,CYP1B1
前胡,CYP2A6
前胡,CYP2C19
前胡,CYP2C9
前胡,CYP3A4
前胡,DRD1
前胡,DRD3
前胡,DUSP3
前胡,EGFR
前胡,EHMT2
前胡,ESR1
前胡,FABP2
前胡,FABP4
前胡,FLT3
前胡,GAA
前胡,GBA
前胡,GLO1
前胡,GSK3B
前胡,HCAR2
前胡,HIF1A
前胡,HSD17B1
前胡,INSR
前胡,KDM4E
前胡,KDR
前胡,MAPK1
前胡,MAPT
前胡,MMP12
前胡,MMP2
前胡,MMP3
前胡,MMP9
前胡,MPG
前胡,NEK2
前胡,NFKB1
前胡,PARP1
前胡,PIK3CB
前胡,POLB
前胡,PPARA
前胡,PPARG
前胡,PRKCA
前胡,PTK2
前胡,PTPN1
前胡,PTPN2
前胡,RORC
前胡,SLC22A1
前胡,SLCO1B1
前胡,SLCO1B3
前胡,SLCO2B1
前胡,SRC
前胡,SYK
前胡,TEK
前胡,THRB
前胡,TNKS
前胡,TOP1
前胡,TOP2A
前胡,TRPV1
前胡,TYR
前胡,UGT1A1
前胡,XDH
化橘红,CA1
化橘红,CA12
化橘红,CA14
化橘红,CA4
化橘红,CA5A
化橘红,CA7
化橘红,CYP1A1
化橘红,DUSP3
北沙参,ABCB1
北沙参,ABCG2
北沙参,ACHE
北沙参,ADORA2B
北沙参,ADRA2B
北沙参,AKR1B1
北沙参,AKR1B10
北沙参,AKR1C3
北沙参,AKR1C4
北沙参,AKT1
北沙参,ALK
北沙参,ALOX12
北沙参,ALOX15
北沙参,ALOX5
北沙参,ALPI
北沙参,ALPL
北沙参,AMY1A
北沙参,APEX1
北沙参,APOBEC3G
北沙参,APP
北沙参,AR
北沙参,AURKB
北沙参,AXL
北沙参,BACE1
北沙参,BCHE
北沙参,BCL2
北沙参,BRAF
北沙参,CA12
北沙参,CA13
北沙参,CA14
北沙参,CA2
北沙参,CA3
北沙参,CA4
北沙参,CA5A
北沙参,CA5B
北沙参,CA6
北沙参,CA7
北沙参,CA9
北沙参,CAMK2B
北沙参,CBR1
北沙参,CCR4
北沙参,CD38
北沙参,CDC25B
北沙参,CHRM5
北沙参,CHRNA3
北沙参,CSNK2A1
北沙参,CTSL
北沙参,CXCL8
北沙参,CXCR1
北沙参,CYP19A1
北沙参,CYP1A1
北沙参,CYP1A2
北沙参,CYP1B1
北沙参,CYP2A6
北沙参,CYP2B6
北沙参,CYP2C8
北沙参,CYP2C9
北沙参,CYP2D6
北沙参,CYP2J2
北沙参,CYP3A4
北沙参,DAPK1
北沙参,DPP4
北沙参,DRD1
北沙参,DRD2
北沙参,DUSP3
北沙参,EGFR
北沙参,EHMT2
北沙参,ENPP2
北沙参,EPHX2
北沙参,ERBB2
北沙参,ESR1
北沙参,ESRRA
北沙参,F3
北沙参,FABP2
北沙参,FABP3
北沙参,FABP4
北沙参,FABP5
北沙参,FLT3
北沙参,FUT7
北沙参,FYN
北沙参,GAA
北沙参,GBA
北沙参,GLO1
北沙参,GPR35
北沙参,GRIA4
北沙参,GSK3B
北沙参,HDAC3
北沙参,HIF1A
北沙参,HSD11B1
北沙参,HSD17B1
北沙参,HSD17B2
北沙参,HSPA8
北沙参,HTR1A
北沙参,HTR7
北沙参,IDH1
北沙参,IDO1
北沙参,IGF1R
北沙参,INSR
北沙参,KCNH2
北沙参,KDM4E
北沙参,KDR
北沙参,KMT2A
北沙参,MAOA
北沙参,MAP2K1
北沙参,MAPK1
北沙参,MAPK14
北沙参,MAPK9
北沙参,MAPKAPK2
北沙参,MAPT
北沙参,MMP1
北沙参,MMP12
北沙参,MMP13
北沙参,MMP2
北沙参,MMP3
北沙参,MMP9
北沙参,MPG
北沙参,NEK6
北沙参,NFKB1
北沙参,NOS2
北沙参,NUAK1
北沙参,PDE5A
北沙参,PDPK1
北沙参,PIK3CA
北沙参,PIM1
北沙参,PKN1
北沙参,PLG
北沙参,PLK1
北沙参,POLB
北沙参,PPARA
北沙参,PPARD
北沙参,PPARG
北沙参,PRKCA
北沙参,PTAFR
北沙参,PTGES
北沙参,PTGS1
北沙参,PTGS2
北沙参,PTK2
北沙参,PTPN1
北沙参,PTPN2
北沙参,PTPN6
北沙参,PTPRF
北沙参,PTPRS
北沙参,RORC
北沙参,SLC28A2
北沙参,SLC47A1
北沙参,SLC5A1
北沙参,SLCO1B1
北沙参,SLCO1B3
北沙参,SLCO2B1
北沙参,SOAT1
北沙参,SRC
北沙参,SYK
北沙参,TERT
北沙参,THRB
北沙参,TLR2
北沙参,TNKS
北沙参,TOP1
北沙参,TOP2A
北沙参,TRPV1
北沙参,TTR
北沙参,UBE2N
北沙参,UGT1A1
北沙参,XDH
半夏,ABCG2
半夏,ACHE
半夏,ACP1
半夏,ADORA2A
半夏,ADORA3
半夏,AKR1B1
半夏,AKR1B10
半夏,AKT1
半夏,ALK
半夏,ALOX15
半夏,ALOX5
半夏,AMY1A
半夏,APEX1
半夏,AR
半夏,AURKB
半夏,BACE1
半夏,BCHE
半夏,BCL2
半夏,BCL2L1
半夏,CA1
半夏,CA12
半夏,CA3
半夏,CA4
半夏,CA5A
半夏,CA5B
半夏,CA6
半夏,CA9
半夏,CDK6
半夏,CXCL8
半夏,CYP19A1
半夏,CYP1B1
半夏,CYP2A6
半夏,CYP2C19
半夏,CYP2C8
半夏,CYP2C9
半夏,CYP2D6
半夏,CYP2J2
半夏,CYP3A4
半夏,DAPK1
半夏,DPP4
半夏,DUSP3
半夏,EHMT2
半夏,EPHX2
半夏,ESR1
半夏,ESR2
半夏,ESRRA
半夏,FABP4
半夏,FASN
半夏,FLT3
半夏,GAA
半夏,GBA
半夏,GPR35
半夏,GSK3B
半夏,HCAR2
半夏,HIF1A
半夏,HSD11B1
半夏,HSD17B2
半夏,HTR1A
半夏,IDH1
半夏,KAT2B
半夏,KDM4E
半夏,KDR
半夏,KMT2A
半夏,MAPK1
半夏,MAPT
半夏,MET
半夏,MMP1
半夏,MMP2
半夏,MMP3
半夏,NEK6
半夏,NFKB1
半夏,NQO1
半夏,NUAK1
半夏,PIM1
半夏,PLG
半夏,POLB
半夏,PPARA
半夏,PPARD
半夏,PPARG
半夏,PTGS1
半夏,PTGS2
半夏,PTPN1
半夏,PTPN11
半夏,SLC28A2
半夏,SLCO1B1
半夏,SLCO1B3
半夏,SLCO2B1
半夏,SYK
半夏,THRB
半夏,TLR2
半夏,TOP2A
半夏,UGT1A1
半枝莲,ABCB11
半枝莲,ABCG2
半枝莲,ACHE
半枝莲,ADORA2A
半枝莲,ADORA3
半枝莲,ADRA1A
半枝莲,ADRA2B
半枝莲,AKR1B1
半枝莲,AKR1B10
半枝莲,ALOX12
半枝莲,ALOX15
半枝莲,ALOX5
半枝莲,ALPI
半枝莲,APEX1
半枝莲,APP
半枝莲,AR
半枝莲,AURKB
半枝莲,AVPR2
半枝莲,AXL
半枝莲,BACE1
半枝莲,BCHE
半枝莲,BCL2
半枝莲,BCR
半枝莲,CA1
半枝莲,CA12
半枝莲,CA13
半枝莲,CA14
半枝莲,CA2
半枝莲,CA3
半枝莲,CA4
半枝莲,CA5B
半枝莲,CA6
半枝莲,CA7
半枝莲,CA9
半枝莲,CD38
半枝莲,CDK6
半枝莲,CSNK2A1
半枝莲,CXCL8
半枝莲,CXCR1
半枝莲,CYP19A1
半枝莲,CYP1A1
半枝莲,CYP1A2
半枝莲,CYP1B1
半枝莲,CYP2A6
半枝莲,CYP2C19
半枝莲,CYP2C9
半枝莲,CYP2D6
半枝莲,CYP2J2
半枝莲,CYP3A4
半枝莲,DAPK1
半枝莲,DPP4
半枝莲,DUSP3
半枝莲,EGFR
半枝莲,EHMT2
半枝莲,EPHX2
半枝莲,ERBB2
半枝莲,ESR1
半枝莲,F2
半枝莲,FABP3
半枝莲,FABP4
半枝莲,FABP5
半枝莲,FASN
半枝莲,FLT3
半枝莲,FUT7
半枝莲,GAA
半枝莲,GBA
半枝莲,GSK3B
半枝莲,HCAR2
半枝莲,HSD11B1
半枝莲,HSD17B1
半枝莲,HSD17B2
半枝莲,IDH1
半枝莲,INSR
半枝莲,KDM4E
半枝莲,KDR
半枝莲,KMT2A
半枝莲,MAOA
半枝莲,MAP3K8
半枝莲,MAPK1
半枝莲,MAPK14
半枝莲,MAPKAPK2
半枝莲,MAPT
半枝莲,MCL1
半枝莲,MET
半枝莲,MMP1
半枝莲,MMP12
半枝莲,MMP13
半枝莲,MMP2
半枝莲,MMP3
半枝莲,MMP9
半枝莲,MPG
半枝莲,NEK2
半枝莲,NFKB1
半枝莲,NUAK1
半枝莲,PIK3CB
半枝莲,PIK3CG
半枝莲,PIM1
半枝莲,PLG
半枝莲,PLK1
半枝莲,PPARA
半枝莲,PPARD
半枝莲,PPARG
半枝莲,PTGS1
半枝莲,PTGS2
半枝莲,PTPN1
半枝莲,PTPN6
半枝莲,PTPRS
半枝莲,PYGL
半枝莲,RORC
半枝莲,SLCO1B1
半枝莲,SLCO2B1
半枝莲,SOAT1
半枝莲,TERT
半枝莲,THRB
半枝莲,TLR2
半枝莲,TNKS
半枝莲,TNKS2
半枝莲,TOP2A
半枝莲,TTR
半枝莲,TYR
半枝莲,UBE2N
半枝莲,UGT1A1
半枝莲,XDH
南沙参,AKR1B1
南沙参,CA2
南沙参,CA9
南沙参,CSNK2A1
南沙参,CYP19A1
南沙参,CYP2C19
南沙参,CYP3A4
南沙参,EHMT2
南沙参,ESR1
南沙参,FABP2
南沙参,KDR
南沙参,PPARG
南沙参,RORC
南沙参,SLCO1B3
南沙参,THRB
厚朴,AKR1B1
厚朴,CA1
厚朴,CA2
厚朴,CA6
厚朴,CXCL8
厚朴,CYP1A2
厚朴,ESR1
厚朴,IDH1
厚朴,KDM4E
厚朴,MAPK1
厚朴,MAPT
厚朴,MMP12
厚朴,POLB
厚朴,SOAT1
厚朴,TTR
厚朴花,AKR1B1
厚朴花,BACE1
厚朴花,CYP2C19
厚朴花,MAPK1
厚朴花,MAPT
厚朴花,PKN1
厚朴花,PPARA
厚朴花,PPARD
厚朴花,SRC
合欢皮,CA2
合欢皮,EHMT2
合欢皮,ESR1
合欢皮,UGT1A1
地骨皮,ALOX15
地骨皮,ALOX5
地骨皮,AMY1A
地骨皮,AURKB
地骨皮,AXL
地骨皮,BCHE
地骨皮,CA1
地骨皮,CA14
地骨皮,CA3
地骨皮,CA4
地骨皮,CYP19A1
地骨皮,CYP1A1
地骨皮,CYP3A4
地骨皮,EHMT2
地骨皮,F2
地骨皮,FYN
地骨皮,GBA
地骨皮,HTR7
地骨皮,KDM4E
地骨皮,KMT2A
地骨皮,MAOA
地骨皮,MAPK1
地骨皮,MAPT
地骨皮,NFKB1
地骨皮,PARP1
地骨皮,PDE5A
地骨皮,PPARG
地骨皮,PTGS1
地骨皮,PTPN1
地骨皮,THRB
地骨皮,UGT1A1
地骨皮,XDH
地龙,CA12
地龙,CA7
地龙,EHMT2
夏枯草,ABCC1
夏枯草,ACHE
夏枯草,ACP1
夏枯草,ADORA1
夏枯草,ADORA3
夏枯草,ADRB2
夏枯草,AKR1B1
夏枯草,AKR1B10
夏枯草,AKR1C2
夏枯草,AKR1C4
夏枯草,ALK
夏枯草,ALOX12
夏枯草,ALOX15
夏枯草,ALOX5
夏枯草,ALPL
夏枯草,APEX1
夏枯草,APP
夏枯草,AR
夏枯草,AURKA
夏枯草,AXL
夏枯草,BACE1
夏枯草,BCHE
夏枯草,BRAF
夏枯草,CA1
夏枯草,CA12
夏枯草,CA13
夏枯草,CA14
夏枯草,CA2
夏枯草,CA3
夏枯草,CA4
夏枯草,CA5A
夏枯草,CA5B
夏枯草,CA6
夏枯草,CA7
夏枯草,CA9
夏枯草,CAMK2B
夏枯草,CD38
夏枯草,CDK6
夏枯草,CNR1
夏枯草,CNR2
夏枯草,CTSD
夏枯草,CXCL8
夏枯草,CYP19A1
夏枯草,CYP1A1
夏枯草,CYP1B1
夏枯草,CYP2A6
夏枯草,CYP2C19
夏枯草,CYP2C8
夏枯草,CYP2C9
夏枯草,CYP2D6
夏枯草,CYP2J2
夏枯草,CYP3A4
夏枯草,DPP4
夏枯草,DRD3
夏枯草,DUSP3
夏枯草,DYRK1A
夏枯草,EGFR
夏枯草,EGLN1
夏枯草,EHMT2
夏枯草,ERBB2
夏枯草,ESR1
夏枯草,ESR2
夏枯草,F10
夏枯草,F2
夏枯草,F3
夏枯草,FABP2
夏枯草,FABP3
夏枯草,FABP4
夏枯草,FABP5
夏枯草,FLT3
夏枯草,FUT7
夏枯草,GAA
夏枯草,GBA
夏枯草,GPR35
夏枯草,GRIA2
夏枯草,GRM8
夏枯草,HCAR2
夏枯草,HIF1A
夏枯草,HSD11B1
夏枯草,HSD17B1
夏枯草,HSPA1A
夏枯草,HTR1A
夏枯草,IDH1
夏枯草,IDO1
夏枯草,IGF1R
夏枯草,KCNH2
夏枯草,KDM4E
夏枯草,KMT2A
夏枯草,LDHA
夏枯草,MAOB
夏枯草,MAP2K1
夏枯草,MAPK1
夏枯草,MAPT
夏枯草,MET
夏枯草,MGLL
夏枯草,MMP12
夏枯草,MMP13
夏枯草,MMP2
夏枯草,MMP3
夏枯草,MMP9
夏枯草,MPG
夏枯草,NEK2
夏枯草,NEK6
夏枯草,NFKB1
夏枯草,NQO2
夏枯草,NUAK1
夏枯草,ODC1
夏枯草,PARP1
夏枯草,PDGFRB
夏枯草,PIK3CA
夏枯草,PIK3CG
夏枯草,PIM1
夏枯草,PKN1
夏枯草,PLG
夏枯草,POLB
夏枯草,PPARA
夏枯草,PPARD
夏枯草,PPARG
夏枯草,PRKCA
夏枯草,PTGS1
夏枯草,PTGS2
夏枯草,PTK2
夏枯草,PTPN1
夏枯草,PTPN6
夏枯草,PTPRS
夏枯草,PYGL
夏枯草,RORB
夏枯草,RORC
夏枯草,SLC28A2
夏枯草,SLC28A3
夏枯草,SLC5A1
夏枯草,SLCO1B1
夏枯草,SLCO1B3
夏枯草,SLCO2B1
夏枯草,SOAT1
夏枯草,SRC
夏枯草,SYK
夏枯草,TERT
夏枯草,THRB
夏枯草,TNKS2
夏枯草,TOP1
夏枯草,TOP2A
夏枯草,TRPV1
夏枯草,TYR
夏枯草,UGT1A1
夏枯草,XDH
夏枯草,XPO1
大枣,ABCB1
大枣,ABCC1
大枣,ACHE
大枣,ACP1
大枣,ADORA1
大枣,ADORA2B
大枣,ADORA3
大枣,ADRA1D
大枣,ADRA2B
大枣,ADRB2
大枣,AGTR1
大枣,AKR1B1
大枣,AKR1B10
大枣,AKR1C3
大枣,AKR1C4
大枣,AKT1
大枣,ALOX12
大枣,ALOX15
大枣,ALOX5
大枣,ALPI
大枣,AMY1A
大枣,AOC3
大枣,APEX1
大枣,APP
大枣,AR
大枣,AURKA
大枣,AVPR2
大枣,AXL
大枣,BACE1
大枣,BCHE
大枣,BCL2
大枣,BCL2L1
大枣,BRAF
大枣,CA1
大枣,CA12
大枣,CA13
大枣,CA14
大枣,CA2
大枣,CA3
大枣,CA4
大枣,CA5A
大枣,CA5B
大枣,CA6
大枣,CA7
大枣,CA9
大枣,CAMK2B
大枣,CCR4
大枣,CD38
大枣,CDC25B
大枣,CDK6
大枣,CES2
大枣,CHRNA7
大枣,CNR2
大枣,CSNK2A1
大枣,CTSL
大枣,CXCL8
大枣,CXCR1
大枣,CYP19A1
大枣,CYP1A1
大枣,CYP1A2
大枣,CYP1B1
大枣,CYP2A13
大枣,CYP2A6
大枣,CYP2C19
大枣,CYP2C8
大枣,CYP2C9
大枣,CYP2D6
大枣,CYP2J2
大枣,CYP3A4
大枣,DAPK1
大枣,DHFR
大枣,DNMT1
大枣,DPP4
大枣,DRD1
大枣,DRD2
大枣,DUSP3
大枣,EGFR
大枣,EGLN1
大枣,EHMT2
大枣,EPHX2
大枣,ERBB2
大枣,ESR1
大枣,ESRRA
大枣,F2
大枣,F3
大枣,FABP2
大枣,FABP3
大枣,FABP4
大枣,FASN
大枣,FLT3
大枣,FUT7
大枣,GAA
大枣,GBA
大枣,GLO1
大枣,GLRA1
大枣,GPR35
大枣,GRIA1
大枣,GRK6
大枣,GSK3B
大枣,GSTP1
大枣,HCAR2
大枣,HDAC2
大枣,HDAC3
大枣,HIF1A
大枣,HSD11B1
大枣,HSD17B1
大枣,HSD17B2
大枣,HSP90AB1
大枣,HSPA8
大枣,HTR1A
大枣,HTR3A
大枣,HTR7
大枣,IDH1
大枣,IDO1
大枣,IGF1R
大枣,INSR
大枣,KCNH2
大枣,KDM4E
大枣,KDR
大枣,KIT
大枣,KMT2A
大枣,LDHA
大枣,MAP2K1
大枣,MAPK1
大枣,MAPK14
大枣,MAPKAPK2
大枣,MAPT
大枣,MET
大枣,MGLL
大枣,MMP1
大枣,MMP12
大枣,MMP13
大枣,MMP2
大枣,MMP3
大枣,MMP9
大枣,NEK2
大枣,NEK6
大枣,NFKB1
大枣,NQO2
大枣,NUAK1
大枣,OPRD1
大枣,OPRK1
大枣,OXER1
大枣,PARP1
大枣,PDE5A
大枣,PDGFRB
大枣,PIK3CG
大枣,PIM1
大枣,PKN1
大枣,PLG
大枣,PLK1
大枣,PLK4
大枣,POLB
大枣,PPARA
大枣,PPARD
大枣,PPARG
大枣,PRKCA
大枣,PTGS1
大枣,PTGS2
大枣,PTK2
大枣,PTPN11
大枣,PTPN2
大枣,PTPN6
大枣,PYGL
大枣,RELA
大枣,RORC
大枣,SHBG
大枣,SLC22A1
大枣,SLC28A1
大枣,SLC28A2
大枣,SLC28A3
大枣,SLC47A1
大枣,SLCO1B1
大枣,SLCO2B1
大枣,SMAD3
大枣,SOAT1
大枣,SRC
大枣,STAT3
大枣,SYK
大枣,TBXAS1
大枣,TERT
大枣,THRB
大枣,TLR2
大枣,TNKS
大枣,TNKS2
大枣,TOP1
大枣,TOP2A
大枣,TRPV1
大枣,TYR
大枣,UGT1A1
大枣,XDH
大青叶,ABCC1
大青叶,ABCG2
大青叶,AKR1B1
大青叶,AKR1B10
大青叶,AKT1
大青叶,ALK
大青叶,ALOX12
大青叶,ALOX15
大青叶,ALOX5
大青叶,ALPI
大青叶,AOX1
大青叶,APP
大青叶,AVPR2
大青叶,BACE1
大青叶,CA1
大青叶,CA12
大青叶,CA13
大青叶,CA14
大青叶,CA2
大青叶,CA4
大青叶,CA5B
大青叶,CA7
大青叶,CA9
大青叶,CD38
大青叶,CDK6
大青叶,CXCR1
大青叶,CYP1A1
大青叶,CYP1B1
大青叶,CYP2A6
大青叶,CYP2C19
大青叶,CYP2C9
大青叶,CYP2D6
大青叶,CYP3A4
大青叶,DAO
大青叶,DAPK1
大青叶,DPP4
大青叶,EGFR
大青叶,EPHX2
大青叶,ESR1
大青叶,FABP2
大青叶,FASN
大青叶,FLT3
大青叶,GSK3B
大青叶,HCAR2
大青叶,HIF1A
大青叶,HSD17B1
大青叶,HTR7
大青叶,IDH1
大青叶,KCNH2
大青叶,KDM4E
大青叶,KDR
大青叶,KMT2A
大青叶,MAPK1
大青叶,MAPT
大青叶,MGLL
大青叶,MMP13
大青叶,MMP2
大青叶,MMP3
大青叶,NFKB1
大青叶,NR1H4
大青叶,PIM1
大青叶,POLB
大青叶,PPARD
大青叶,PPARG
大青叶,PTGS2
大青叶,PTK2
大青叶,PYGL
大青叶,RORC
大青叶,SLCO1B1
大青叶,SLCO1B3
大青叶,SOAT1
大青叶,SRC
大青叶,SYK
大青叶,TERT
大青叶,THRB
大青叶,TOP1
大青叶,TOP2A
大青叶,TYR
大青叶,XDH
大黄,ABCB1
大黄,ABCC1
大黄,ABCG2
大黄,ACHE
大黄,ADORA3
大黄,ADRB2
大黄,AKR1B1
大黄,AKR1B10
大黄,AKR1C4
大黄,AKT1
大黄,ALK
大黄,ALOX5
大黄,ALPI
大黄,ALPL
大黄,AMY1A
大黄,APP
大黄,AURKB
大黄,BACE1
大黄,BCHE
大黄,BCL2
大黄,BCL2L1
大黄,CA1
大黄,CA12
大黄,CA14
大黄,CA2
大黄,CA4
大黄,CA5A
大黄,CA5B
大黄,CA6
大黄,CA7
大黄,CA9
大黄,CAMK2B
大黄,CCR4
大黄,CD38
大黄,CDC25B
大黄,CDK6
大黄,CNR1
大黄,CTSL
大黄,CYP19A1
大黄,CYP1A1
大黄,CYP1B1
大黄,CYP2C19
大黄,CYP2C9
大黄,CYP2D6
大黄,CYP2J2
大黄,CYP3A4
大黄,DAPK1
大黄,DPP4
大黄,DRD1
大黄,DUSP3
大黄,EGFR
大黄,EHMT2
大黄,ERBB2
大黄,ESR1
大黄,F2
大黄,FABP3
大黄,FABP5
大黄,FASN
大黄,GAA
大黄,GBA
大黄,GPR35
大黄,GRIA2
大黄,GSK3B
大黄,HCAR2
大黄,HIF1A
大黄,HSD11B1
大黄,HSD17B1
大黄,HSD17B2
大黄,HSP90AB1
大黄,HTR7
大黄,IDH1
大黄,IDO1
大黄,IGF1R
大黄,JAK2
大黄,KCNH2
大黄,KDM4E
大黄,KDR
大黄,KMT2A
大黄,LDHA
大黄,MAOB
大黄,MAP2K1
大黄,MAPK1
大黄,MAPK14
大黄,MAPT
大黄,MET
大黄,MMP1
大黄,MMP13
大黄,MMP2
大黄,MMP3
大黄,MMP9
大黄,MPG
大黄,NEK6
大黄,NFKB1
大黄,NQO2
大黄,NR1H4
大黄,PARP1
大黄,PDE5A
大黄,PIK3CG
大黄,PIM1
大黄,PKN1
大黄,PLG
大黄,PPARA
大黄,PPARD
大黄,PPARG
大黄,PRKCA
大黄,PTGS1
大黄,PTGS2
大黄,PTK2
大黄,PTPN1
大黄,PTPN6
大黄,RORC
大黄,SLC22A1
大黄,SLCO1B1
大黄,SLCO1B3
大黄,SLCO2B1
大黄,SOAT1
大黄,SRC
大黄,TERT
大黄,THRB
大黄,TLR2
大黄,TNKS
大黄,TNKS2
大黄,TOP2A
大黄,TTR
大黄,TYR
大黄,UGT1A1
大黄,XDH
天冬,AKR1B1
天冬,CYP3A4
天冬,KDM4E
天竺黄,ADORA3
天竺黄,UGT1A1
天花粉,ABCC1
天花粉,ABCG2
天花粉,ACHE
天花粉,ADORA1
天花粉,ADORA2A
天花粉,ADRB2
天花粉,AKR1B1
天花粉,ALK
天花粉,ALOX12
天花粉,ALOX15
天花粉,ALOX5
天花粉,AMY1A
天花粉,APEX1
天花粉,APP
天花粉,AVPR2
天花粉,AXL
天花粉,BACE1
天花粉,BCHE
天花粉,BCL2L1
天花粉,CA1
天花粉,CA12
天花粉,CA14
天花粉,CA3
天花粉,CA4
天花粉,CA5B
天花粉,CA6
天花粉,CA7
天花粉,CA9
天花粉,CAMK2B
天花粉,CBR1
天花粉,CCR4
天花粉,CDC25B
天花粉,CHRM1
天花粉,CSNK2A1
天花粉,CTSD
天花粉,CXCL8
天花粉,CYP19A1
天花粉,CYP1A1
天花粉,CYP1B1
天花粉,CYP2A6
天花粉,CYP2C19
天花粉,CYP2C9
天花粉,CYP2D6
天花粉,CYP2J2
天花粉,CYP3A4
天花粉,DAO
天花粉,DAPK1
天花粉,DNMT1
天花粉,DPP4
天花粉,DUSP3
天花粉,EGFR
天花粉,EGLN1
天花粉,EHMT2
天花粉,EPHX2
天花粉,ESR1
天花粉,ESRRA
天花粉,FABP2
天花粉,FUT7
天花粉,GAA
天花粉,GABRR1
天花粉,GLO1
天花粉,GPR35
天花粉,HCAR2
天花粉,HIF1A
天花粉,HSD11B1
天花粉,HSD11B2
天花粉,HSD17B1
天花粉,HSD17B2
天花粉,HSP90AB1
天花粉,HTR1A
天花粉,KDM4E
天花粉,KMT2A
天花粉,MAOB
天花粉,MAP2K1
天花粉,MAPK1
天花粉,MAPKAPK2
天花粉,MAPT
天花粉,MET
天花粉,MMP12
天花粉,MMP13
天花粉,MMP2
天花粉,MMP3
天花粉,MMP9
天花粉,NEK2
天花粉,NFKB1
天花粉,NUAK1
天花粉,PIK3CG
天花粉,PKN1
天花粉,POLB
天花粉,PPARA
天花粉,PPARD
天花粉,PPARG
天花粉,PRKCA
天花粉,PTGS1
天花粉,PTGS2
天花粉,PTPN6
天花粉,PTPRS
天花粉,PYGL
天花粉,RORC
天花粉,SLCO1B3
天花粉,SLCO2B1
天花粉,SOAT1
天花粉,SRC
天花粉,THRB
天花粉,TTR
天花粉,UGT1A1
天花粉,XDH
太子参,ACHE
太子参,ADORA3
太子参,AKR1B1
太子参,ALOX15
太子参,AR
太子参,CA1
太子参,CA7
太子参,CDK6
太子参,CYP2C9
太子参,CYP3A4
太子参,EGFR
太子参,EHMT2
太子参,F2
太子参,GAA
太子参,GSK3B
太子参,KDR
太子参,MAPK1
太子参,MAPT
太子参,PTK2
太子参,SLCO1B1
太子参,THRB
太子参,UGT1A1
姜黄,ABCC1
姜黄,ACHE
姜黄,ADORA3
姜黄,ADRB2
姜黄,AKR1B1
姜黄,AKR1C4
姜黄,ALK
姜黄,ALOX15
姜黄,ALOX5
姜黄,ALPI
姜黄,AMY1A
姜黄,APEX1
姜黄,APP
姜黄,BACE1
姜黄,BCHE
姜黄,CA1
姜黄,CA12
姜黄,CA14
姜黄,CA2
姜黄,CA4
姜黄,CA5A
姜黄,CA5B
姜黄,CA7
姜黄,CA9
姜黄,CCR4
姜黄,CD38
姜黄,CDK6
姜黄,CXCL8
姜黄,CYP19A1
姜黄,CYP1A2
姜黄,CYP2C19
姜黄,CYP2C8
姜黄,CYP2C9
姜黄,CYP2D6
姜黄,CYP3A4
姜黄,DAPK1
姜黄,DPP4
姜黄,EGFR
姜黄,EHMT2
姜黄,ERBB2
姜黄,FABP3
姜黄,FABP4
姜黄,FLT3
姜黄,GAA
姜黄,GLO1
姜黄,GSK3B
姜黄,HDAC1
姜黄,HIF1A
姜黄,HSD17B2
姜黄,HSPA8
姜黄,HTR1A
姜黄,HTR7
姜黄,IDH1
姜黄,KCNH2
姜黄,KDM4E
姜黄,KMT2A
姜黄,MAPK1
姜黄,MAPK14
姜黄,MAPT
姜黄,MET
姜黄,MMP1
姜黄,MMP9
姜黄,NEK2
姜黄,NFKB1
姜黄,NUAK1
姜黄,PARP1
姜黄,PDE5A
姜黄,PIM1
姜黄,PLG
姜黄,PLK1
姜黄,PPARA
姜黄,PPARD
姜黄,PPARG
姜黄,PTGS1
姜黄,PTGS2
姜黄,PTK2
姜黄,PTPN1
姜黄,RORC
姜黄,SHBG
姜黄,SLCO1B1
姜黄,SLCO1B3
姜黄,SRC
姜黄,TERT
姜黄,TGM2
姜黄,THRB
姜黄,TNKS
姜黄,TOP1
姜黄,TOP2A
姜黄,UGT1A1
姜黄,XDH
射干,ACHE
射干,ADORA2A
射干,ALK
射干,ALOX15
射干,ALOX5
射干,APP
射干,AXL
射干,CA1
射干,CA12
射干,CA14
射干,CA5B
射干,CA6
射干,CA7
射干,CACNA1D
射干,CXCR1
射干,CYP19A1
射干,CYP1A2
射干,CYP2C19
射干,CYP2D6
射干,CYP3A4
射干,DPP4
射干,EGFR
射干,EHMT2
射干,EPHX2
射干,FABP3
射干,FLT4
射干,GAA
射干,GBA
射干,GLO1
射干,GPR35
射干,GSK3B
射干,KDM4E
射干,MAPK1
射干,MAPT
射干,MMP1
射干,PPARA
射干,PPARD
射干,PPARG
射干,RORC
射干,SLCO1B3
射干,UGT1A1
山楂,ABCB1
山楂,ABCC1
山楂,ABCG2
山楂,ACHE
山楂,ADORA2B
山楂,ADORA3
山楂,AKR1B1
山楂,AKR1B10
山楂,AKR1C2
山楂,AKR1C3
山楂,AKR1C4
山楂,AKT1
山楂,ALOX12
山楂,ALOX15
山楂,ALOX5
山楂,ALPI
山楂,ALPL
山楂,AMY1A
山楂,APEX1
山楂,APP
山楂,AR
山楂,AURKB
山楂,BACE1
山楂,BCL2L1
山楂,CA1
山楂,CA12
山楂,CA13
山楂,CA14
山楂,CA2
山楂,CA3
山楂,CA4
山楂,CA5A
山楂,CA5B
山楂,CA6
山楂,CA7
山楂,CA9
山楂,CBR1
山楂,CDK6
山楂,CNR1
山楂,CNR2
山楂,CSNK2A1
山楂,CTSD
山楂,CXCL8
山楂,CYP19A1
山楂,CYP1A1
山楂,CYP1A2
山楂,CYP2A6
山楂,CYP2C19
山楂,CYP2C8
山楂,CYP2C9
山楂,CYP2D6
山楂,CYP2J2
山楂,CYP3A4
山楂,DAO
山楂,DPP4
山楂,DRD1
山楂,DUSP3
山楂,DYRK1A
山楂,EGFR
山楂,EHMT2
山楂,EPHX2
山楂,ERBB2
山楂,ESR1
山楂,ESR2
山楂,ESRRA
山楂,ESRRB
山楂,F2
山楂,FABP2
山楂,FABP3
山楂,FABP4
山楂,FABP5
山楂,FASN
山楂,FLT3
山楂,FLT4
山楂,GAA
山楂,GABRR1
山楂,GBA
山楂,GLO1
山楂,GPR35
山楂,GSK3B
山楂,GSTP1
山楂,HCAR2
山楂,HIF1A
山楂,HSD11B1
山楂,HSD17B1
山楂,HSD17B2
山楂,HTR1A
山楂,HTR2A
山楂,HTR7
山楂,IDH1
山楂,IDO1
山楂,IGF1R
山楂,INSR
山楂,KCNH2
山楂,KDM4E
山楂,KDR
山楂,KMT2A
山楂,MAPK1
山楂,MAPKAPK2
山楂,MAPT
山楂,MCL1
山楂,MET
山楂,MMP1
山楂,MMP12
山楂,MMP13
山楂,MMP2
山楂,MMP3
山楂,MMP9
山楂,MPG
山楂,NEK2
山楂,NEK6
山楂,NFKB1
山楂,NOS2
山楂,NR3C1
山楂,NUAK1
山楂,OPRD1
山楂,PARP1
山楂,PDGFRB
山楂,PIK3CG
山楂,PKN1
山楂,PLA2G2A
山楂,PLG
山楂,PLK1
山楂,PLK4
山楂,PNP
山楂,POLB
山楂,PPARA
山楂,PPARG
山楂,PRKCA
山楂,PTGS1
山楂,PTGS2
山楂,PTK2
山楂,PTPN1
山楂,PTPN11
山楂,PTPN2
山楂,PTPRF
山楂,PYGL
山楂,RORC
山楂,SLC22A1
山楂,SLC28A3
山楂,SLCO1B1
山楂,SLCO1B3
山楂,SLCO2B1
山楂,SOAT1
山楂,SRC
山楂,SYK
山楂,TAS2R31
山楂,TEK
山楂,TERT
山楂,THRB
山楂,TLR2
山楂,TNKS2
山楂,TOP1
山楂,TOP2A
山楂,TTR
山楂,TYR
山楂,UGT1A1
山楂,XDH
山药,ALOX15
山药,CYP19A1
山药,CYP3A4
山药,KDM4E
岩白菜,ACHE
岩白菜,AKR1B10
岩白菜,ALK
岩白菜,ALOX15
岩白菜,ALOX5
岩白菜,APP
岩白菜,BACE1
岩白菜,BCHE
岩白菜,CA1
岩白菜,CA2
岩白菜,CA3
岩白菜,CA5A
岩白菜,CA5B
岩白菜,CA6
岩白菜,CA7
岩白菜,CA9
岩白菜,CD38
岩白菜,CDK6
岩白菜,CYP19A1
岩白菜,CYP2C9
岩白菜,CYP3A4
岩白菜,EGFR
岩白菜,EHMT2
岩白菜,ESR1
岩白菜,FABP3
岩白菜,FABP4
岩白菜,GAA
岩白菜,GBA
岩白菜,HDAC1
岩白菜,HSD17B1
岩白菜,IGF1R
岩白菜,KDM4E
岩白菜,KMT2A
岩白菜,MAPT
岩白菜,MMP1
岩白菜,NUAK1
岩白菜,PPARD
岩白菜,PTPRS
岩白菜,RORC
岩白菜,SLCO2B1
岩白菜,TERT
岩白菜,THRB
岩白菜,TOP2A
岩白菜,UGT1A1
川芎,AKR1B1
川芎,AKR1B10
川芎,AKR1C2
川芎,ALOX5
川芎,APEX1
川芎,AXL
川芎,BACE1
川芎,BCL2
川芎,CA12
川芎,CA14
川芎,CA3
川芎,CA4
川芎,CA5B
川芎,CA6
川芎,CA7
川芎,CCR4
川芎,CD38
川芎,CHRM1
川芎,CTBP2
川芎,CTSD
川芎,CXCL8
川芎,CYP19A1
川芎,CYP1A2
川芎,CYP2C19
川芎,CYP2C8
川芎,CYP2C9
川芎,CYP2D6
川芎,CYP3A4
川芎,DPP4
川芎,DUSP3
川芎,EHMT2
川芎,EPHX2
川芎,FABP2
川芎,FABP4
川芎,GAA
川芎,GBA
川芎,GPR35
川芎,HIF1A
川芎,HSD17B1
川芎,HSD17B2
川芎,HSP90AB1
川芎,HTR7
川芎,KAT2B
川芎,KDM4E
川芎,KMT2A
川芎,MAPK1
川芎,MAPT
川芎,MET
川芎,MMP3
川芎,MMP9
川芎,NR1H4
川芎,NUAK1
川芎,PIM1
川芎,PPARD
川芎,PPARG
川芎,PRKCA
川芎,PTK2
川芎,PTPN1
川芎,RORC
川芎,SLC28A1
川芎,SLC28A2
川芎,SLCO2B1
川芎,SYK
川芎,THRB
川芎,TOP2A
川芎,TTR
川贝母,ABCC1
川贝母,ABCG2
川贝母,ACHE
川贝母,ADORA2A
川贝母,ADORA2B
川贝母,ADORA3
川贝母,AKR1B1
川贝母,AKR1B10
川贝母,AKR1C2
川贝母,AKR1C3
川贝母,AKT1
川贝母,ALK
川贝母,ALOX12
川贝母,ALOX15
川贝母,ALOX5
川贝母,AMY1A
川贝母,APEX1
川贝母,APOBEC3G
川贝母,APP
川贝母,AR
川贝母,AVPR2
川贝母,BACE1
川贝母,BCHE
川贝母,BCL2L1
川贝母,CA1
川贝母,CA12
川贝母,CA14
川贝母,CA2
川贝母,CA3
川贝母,CA4
川贝母,CA5A
川贝母,CA5B
川贝母,CA6
川贝母,CA7
川贝母,CA9
川贝母,CAMK2B
川贝母,CARM1
川贝母,CD38
川贝母,CDK6
川贝母,CES1
川贝母,CNR2
川贝母,CYP19A1
川贝母,CYP1A1
川贝母,CYP1A2
川贝母,CYP1B1
川贝母,CYP2A6
川贝母,CYP2C19
川贝母,CYP2C8
川贝母,CYP2C9
川贝母,CYP2D6
川贝母,CYP3A4
川贝母,DAO
川贝母,DAPK1
川贝母,DPP4
川贝母,DRD1
川贝母,DUSP3
川贝母,DYRK1A
川贝母,EGFR
川贝母,EHMT2
川贝母,EPHB4
川贝母,EPHX2
川贝母,ERBB2
川贝母,ESR1
川贝母,F3
川贝母,FABP3
川贝母,FABP4
川贝母,FABP5
川贝母,FASN
川贝母,GAA
川贝母,GABRR1
川贝母,GBA
川贝母,GLO1
川贝母,GPR35
川贝母,GSK3B
川贝母,HCAR2
川贝母,HRH1
川贝母,HSD11B1
川贝母,HSD17B1
川贝母,HSD17B2
川贝母,HSPA8
川贝母,HTR1A
川贝母,HTR7
川贝母,IDH1
川贝母,IDO1
川贝母,IGF1R
川贝母,KCNH2
川贝母,KDM4E
川贝母,KDR
川贝母,KMT2A
川贝母,MAOA
川贝母,MAOB
川贝母,MAP2K1
川贝母,MAPK1
川贝母,MAPK14
川贝母,MAPKAPK2
川贝母,MAPT
川贝母,MET
川贝母,MMP1
川贝母,MMP12
川贝母,MMP13
川贝母,MMP2
川贝母,NEK2
川贝母,NFKB1
川贝母,NR1H4
川贝母,NUAK1
川贝母,PARP1
川贝母,PDE5A
川贝母,PIK3CG
川贝母,PIM1
川贝母,PLG
川贝母,PLK1
川贝母,POLB
川贝母,PPARA
川贝母,PPARD
川贝母,PPARG
川贝母,PRKCA
川贝母,PTGES
川贝母,PTGS1
川贝母,PTGS2
川贝母,PTK2B
川贝母,PTPN11
川贝母,PTPN2
川贝母,PTPRF
川贝母,PYGL
川贝母,RELA
川贝母,RORC
川贝母,SLC28A1
川贝母,SLC28A3
川贝母,SLCO1B1
川贝母,SLCO1B3
川贝母,SLCO2B1
川贝母,SYK
川贝母,TBXAS1
川贝母,TERT
川贝母,THRB
川贝母,TLR2
川贝母,TNKS
川贝母,TNKS2
川贝母,TOP1
川贝母,TTR
川贝母,TYR
川贝母,UGT1A1
广藿香,ABCC1
广藿香,ABCG2
广藿香,ACHE
广藿香,ADORA1
广藿香,ADORA3
广藿香,ADRB2
广藿香,AKR1B1
广藿香,AKR1B10
广藿香,AKR1C2
广藿香,AKR1C4
广藿香,AKT1
广藿香,ALOX12
广藿香,ALOX15
广藿香,ALOX5
广藿香,ALPI
广藿香,ALPL
广藿香,AMY1A
广藿香,APEX1
广藿香,APP
广藿香,AR
广藿香,AURKB
广藿香,AVPR2
广藿香,BACE1
广藿香,BCHE
广藿香,BCL2
广藿香,BCR
广藿香,CA1
广藿香,CA12
广藿香,CA13
广藿香,CA14
广藿香,CA2
广藿香,CA3
广藿香,CA4
广藿香,CA5A
广藿香,CA5B
广藿香,CA6
广藿香,CA7
广藿香,CA9
广藿香,CAMK2B
广藿香,CARM1
广藿香,CCR4
广藿香,CD38
广藿香,CDC25B
广藿香,CDK6
广藿香,CHRM3
广藿香,CHRNA7
广藿香,CNR1
广藿香,CSNK2A1
广藿香,CTBP2
广藿香,CTSL
广藿香,CXCL8
广藿香,CYP19A1
广藿香,CYP1A1
广藿香,CYP1A2
广藿香,CYP1B1
广藿香,CYP2A6
广藿香,CYP2C19
广藿香,CYP2C9
广藿香,CYP2D6
广藿香,CYP3A4
广藿香,DAPK1
广藿香,DPP4
广藿香,DRD1
广藿香,DUSP3
广藿香,EGFR
广藿香,EHMT2
广藿香,EP300
广藿香,EPHX2
广藿香,ESR1
广藿香,ESR2
广藿香,F2
广藿香,F3
广藿香,FABP2
广藿香,FABP3
广藿香,FABP4
广藿香,FABP5
广藿香,FASN
广藿香,FLT3
广藿香,FUCA1
广藿香,FUT7
广藿香,GAA
广藿香,GBA
广藿香,GBA2
广藿香,GLO1
广藿香,GPR35
广藿香,GRIA4
广藿香,GRIK2
广藿香,GRM3
广藿香,GSK3B
广藿香,HCAR2
广藿香,HIF1A
广藿香,HSD11B1
广藿香,HSD17B1
广藿香,HSD17B2
广藿香,HSD17B3
广藿香,HSP90AA1
广藿香,HSP90AB1
广藿香,HTR1A
广藿香,HTR7
广藿香,IDH1
广藿香,IDO1
广藿香,KCNH2
广藿香,KDM4E
广藿香,KDR
广藿香,KMT2A
广藿香,MAP2K1
广藿香,MAP3K8
广藿香,MAPK1
广藿香,MAPK14
广藿香,MAPKAPK2
广藿香,MAPT
广藿香,MET
广藿香,MGLL
广藿香,MMP1
广藿香,MMP12
广藿香,MMP13
广藿香,MMP2
广藿香,MMP3
广藿香,MMP9
广藿香,MPG
广藿香,NEK2
广藿香,NEK6
广藿香,NFKB1
广藿香,NR1H4
广藿香,NR1I2
广藿香,NUAK1
广藿香,PARP1
广藿香,PDE5A
广藿香,PDGFRB
广藿香,PIK3CG
广藿香,PIM1
广藿香,PKN1
广藿香,PLG
广藿香,PLK1
广藿香,POLB
广藿香,PPARA
广藿香,PPARD
广藿香,PPARG
广藿香,PRKCA
广藿香,PRKCE
广藿香,PTGS1
广藿香,PTGS2
广藿香,PTK2
广藿香,PTK2B
广藿香,PTPN1
广藿香,PTPN11
广藿香,PTPN6
广藿香,PTPRF
广藿香,PYGL
广藿香,RORC
广藿香,RXRA
广藿香,SIRT2
广藿香,SLC28A1
广藿香,SLC28A2
广藿香,SLC28A3
广藿香,SLCO1B1
广藿香,SLCO1B3
广藿香,SLCO2B1
广藿香,SMAD3
广藿香,SYK
广藿香,TERT
广藿香,THRB
广藿香,TLR2
广藿香,TNKS
广藿香,TNKS2
广藿香,TOP1
广藿香,TOP2A
广藿香,TRPV1
广藿香,TTR
广藿香,TYR
广藿香,UGT1A1
广藿香,XDH
延胡索,ADORA2B
延胡索,ADRB2
延胡索,AKR1B1
延胡索,AKR1B10
延胡索,AKR1C2
延胡索,AKR1C4
延胡索,AKT1
延胡索,ALOX15
延胡索,ALOX5
延胡索,ALPL
延胡索,APP
延胡索,AR
延胡索,AURKB
延胡索,CA1
延胡索,CA12
延胡索,CA2
延胡索,CA3
延胡索,CA4
延胡索,CA5B
延胡索,CA6
延胡索,CA7
延胡索,CHRM2
延胡索,CTSL
延胡索,CXCL8
延胡索,CYP19A1
延胡索,CYP1A1
延胡索,CYP1A2
延胡索,CYP1B1
延胡索,CYP2C9
延胡索,CYP2D6
延胡索,CYP3A4
延胡索,DPP4
延胡索,DRD1
延胡索,EGFR
延胡索,EHMT2
延胡索,ESR1
延胡索,F2
延胡索,FLT3
延胡索,FYN
延胡索,GAA
延胡索,GPR35
延胡索,HIF1A
延胡索,HSP90AB1
延胡索,HSPA8
延胡索,HTR1A
延胡索,HTR7
延胡索,IDH1
延胡索,IGF1R
延胡索,KDM4E
延胡索,KMT2A
延胡索,MAPK1
延胡索,MAPKAPK2
延胡索,MAPT
延胡索,MMP1
延胡索,MMP13
延胡索,MMP3
延胡索,MMP9
延胡索,NEK2
延胡索,NFKB1
延胡索,NR1H4
延胡索,PDE5A
延胡索,PLG
延胡索,POLB
延胡索,PPARD
延胡索,PPARG
延胡索,PRKCA
延胡索,PTPN1
延胡索,PTPN2
延胡索,PTPRS
延胡索,RORC
延胡索,TERT
延胡索,THRB
延胡索,TOP1
延胡索,TYR
延胡索,UGT1A1
当归,ABCC1
当归,ABCG2
当归,ACHE
当归,ADORA2A
当归,AKR1B1
当归,AKR1B10
当归,AKR1C2
当归,AKR1C3
当归,AKT1
当归,ALK
当归,ALOX12
当归,ALOX15
当归,ALOX5
当归,ALPL
当归,AMY1A
当归,APP
当归,AR
当归,AURKB
当归,BACE1
当归,BCHE
当归,BCL2
当归,BCL2L1
当归,CA1
当归,CA12
当归,CA13
当归,CA14
当归,CA2
当归,CA3
当归,CA4
当归,CA5A
当归,CA5B
当归,CA6
当归,CA7
当归,CA9
当归,CD38
当归,CHRNA7
当归,CLK1
当归,CSNK2A1
当归,CTSL
当归,CXCL8
当归,CYP19A1
当归,CYP1A1
当归,CYP1A2
当归,CYP1B1
当归,CYP2A13
当归,CYP2C19
当归,CYP2C9
当归,CYP2D6
当归,CYP2J2
当归,CYP3A4
当归,DAPK1
当归,DPP4
当归,DRD1
当归,DUSP3
当归,EGFR
当归,EHMT2
当归,EPHX2
当归,ESR1
当归,F2
当归,F3
当归,FABP2
当归,FABP5
当归,FASN
当归,FLT3
当归,FLT4
当归,GBA
当归,GLO1
当归,GPR35
当归,GSK3B
当归,HIF1A
当归,HSD11B1
当归,HSD17B2
当归,HSPA8
当归,HTR2A
当归,IDH1
当归,IGF1R
当归,KDM4E
当归,KDR
当归,KMT2A
当归,MAP2K1
当归,MAP3K8
当归,MAPK1
当归,MAPK14
当归,MAPKAPK2
当归,MAPT
当归,MET
当归,MMP1
当归,MMP12
当归,MMP13
当归,MMP3
当归,MPG
当归,NFKB1
当归,NR3C2
当归,PIM1
当归,PKN1
当归,POLB
当归,PPARA
当归,PPARD
当归,PPARG
当归,PTGS2
当归,PTK2
当归,PTPN1
当归,PTPN2
当归,PTPRF
当归,PYGL
当归,RORC
当归,SLC22A1
当归,SLCO1B1
当归,SLCO1B3
当归,SLCO2B1
当归,SOAT1
当归,THRB
当归,TLR2
当归,TNKS
当归,TOP2A
当归,TRPV1
当归,TTR
当归,TYR
当归,UGT1A1
当归,VCP
当归,XDH
旋覆花,ALOX15
旋覆花,ALOX5
旋覆花,BACE1
旋覆花,CA1
旋覆花,CA2
旋覆花,CA4
旋覆花,CA5B
旋覆花,CA9
旋覆花,CD38
旋覆花,CYP1A2
旋覆花,CYP2C19
旋覆花,CYP2C9
旋覆花,CYP2D6
旋覆花,CYP3A4
旋覆花,DAPK1
旋覆花,DRD1
旋覆花,EGFR
旋覆花,EHMT2
旋覆花,ESR1
旋覆花,GAA
旋覆花,HSD11B1
旋覆花,KDM4E
旋覆花,KDR
旋覆花,MAPK1
旋覆花,MAPT
旋覆花,MMP2
旋覆花,PLK1
旋覆花,POLB
旋覆花,PTGES
旋覆花,THRB
旋覆花,TOP2A
旋覆花,TTR
木蝴蝶,ABCB1
木蝴蝶,ABCC1
木蝴蝶,ACHE
木蝴蝶,ACP1
木蝴蝶,ADORA2A
木蝴蝶,ADORA3
木蝴蝶,ADRA2B
木蝴蝶,AKR1B1
木蝴蝶,AKR1B10
木蝴蝶,AKR1C2
木蝴蝶,AKR1C3
木蝴蝶,AKR1C4
木蝴蝶,AKT1
木蝴蝶,ALK
木蝴蝶,ALOX12
木蝴蝶,ALOX15
木蝴蝶,ALOX5
木蝴蝶,ALPL
木蝴蝶,AMY1A
木蝴蝶,APEX1
木蝴蝶,APP
木蝴蝶,AR
木蝴蝶,AURKB
木蝴蝶,AXL
木蝴蝶,BACE1
木蝴蝶,BCHE
木蝴蝶,BCL2
木蝴蝶,BCL2L1
木蝴蝶,CA1
木蝴蝶,CA12
木蝴蝶,CA14
木蝴蝶,CA2
木蝴蝶,CA3
木蝴蝶,CA4
木蝴蝶,CA5A
木蝴蝶,CA5B
木蝴蝶,CA6
木蝴蝶,CA7
木蝴蝶,CA9
木蝴蝶,CACNA1C
木蝴蝶,CAMK2B
木蝴蝶,CCR4
木蝴蝶,CDK6
木蝴蝶,CSNK2A1
木蝴蝶,CTSL
木蝴蝶,CXCL8
木蝴蝶,CYP19A1
木蝴蝶,CYP1A2
木蝴蝶,CYP1B1
木蝴蝶,CYP2A13
木蝴蝶,CYP2A6
木蝴蝶,CYP2C19
木蝴蝶,CYP2C9
木蝴蝶,CYP2D6
木蝴蝶,CYP2J2
木蝴蝶,CYP3A4
木蝴蝶,DAO
木蝴蝶,DAPK1
木蝴蝶,DPP4
木蝴蝶,DRD1
木蝴蝶,DUSP3
木蝴蝶,EGFR
木蝴蝶,EHMT2
木蝴蝶,EPHX2
木蝴蝶,ERBB2
木蝴蝶,ESR1
木蝴蝶,ESR2
木蝴蝶,ESRRA
木蝴蝶,F2
木蝴蝶,F3
木蝴蝶,FABP2
木蝴蝶,FABP3
木蝴蝶,FABP4
木蝴蝶,FABP5
木蝴蝶,FASN
木蝴蝶,FLT3
木蝴蝶,FUT7
木蝴蝶,GAA
木蝴蝶,GABRR1
木蝴蝶,GBA
木蝴蝶,GLO1
木蝴蝶,GPR35
木蝴蝶,GRIK2
木蝴蝶,GRM5
木蝴蝶,GSK3B
木蝴蝶,HCAR2
木蝴蝶,HIF1A
木蝴蝶,HRH1
木蝴蝶,HSD17B1
木蝴蝶,HSD17B2
木蝴蝶,HSPA8
木蝴蝶,HTR1A
木蝴蝶,HTR7
木蝴蝶,IDH1
木蝴蝶,IDO1
木蝴蝶,IGF1R
木蝴蝶,INSR
木蝴蝶,KDM4E
木蝴蝶,KMT2A
木蝴蝶,MAOB
木蝴蝶,MAP2K1
木蝴蝶,MAPK1
木蝴蝶,MAPK14
木蝴蝶,MAPK9
木蝴蝶,MAPKAPK2
木蝴蝶,MAPT
木蝴蝶,MCL1
木蝴蝶,MET
木蝴蝶,MMP12
木蝴蝶,MMP2
木蝴蝶,MMP3
木蝴蝶,MMP9
木蝴蝶,MPG
木蝴蝶,MTNR1B
木蝴蝶,NEK2
木蝴蝶,NEK6
木蝴蝶,NFKB1
木蝴蝶,NQO2
木蝴蝶,NR1I2
木蝴蝶,OPRM1
木蝴蝶,PARP1
木蝴蝶,PDE5A
木蝴蝶,PIK3CG
木蝴蝶,PIM1
木蝴蝶,PKN1
木蝴蝶,PLG
木蝴蝶,PLK1
木蝴蝶,PLK4
木蝴蝶,PNP
木蝴蝶,POLB
木蝴蝶,PPARA
木蝴蝶,PPARD
木蝴蝶,PPARG
木蝴蝶,PRKCA
木蝴蝶,PTGS1
木蝴蝶,PTGS2
木蝴蝶,PTK2
木蝴蝶,PTPN1
木蝴蝶,PTPRF
木蝴蝶,PTPRS
木蝴蝶,PYGL
木蝴蝶,RORC
木蝴蝶,RXRA
木蝴蝶,SENP8
木蝴蝶,SHBG
木蝴蝶,SLC28A1
木蝴蝶,SLC28A2
木蝴蝶,SLC28A3
木蝴蝶,SLCO1B1
木蝴蝶,SLCO1B3
木蝴蝶,SLCO2B1
木蝴蝶,SMAD3
木蝴蝶,SOAT1
木蝴蝶,SRC
木蝴蝶,STAT3
木蝴蝶,SYK
木蝴蝶,TERT
木蝴蝶,THRB
木蝴蝶,TLR2
木蝴蝶,TNKS
木蝴蝶,TNKS2
木蝴蝶,TOP1
木蝴蝶,TRPV1
木蝴蝶,TTR
木蝴蝶,TYR
木蝴蝶,UGT1A1
木蝴蝶,XDH
木通,ACHE
木通,AKR1B1
木通,ALOX15
木通,ALOX5
木通,AMY1A
木通,APEX1
木通,APP
木通,AVPR2
木通,BACE1
木通,BCHE
木通,BRAF
木通,CA1
木通,CA12
木通,CA13
木通,CA2
木通,CA3
木通,CA4
木通,CA6
木通,CA7
木通,CDK6
木通,CSNK2A1
木通,CYP19A1
木通,CYP1A1
木通,CYP1B1
木通,CYP2C19
木通,CYP2D6
木通,CYP3A4
木通,EGFR
木通,EHMT2
木通,ESR1
木通,F3
木通,FABP4
木通,FABP5
木通,FLT3
木通,GBA
木通,HIF1A
木通,HTR1A
木通,IDH1
木通,KCNH2
木通,KDM4E
木通,KMT2A
木通,MAOA
木通,MAP2K1
木通,MAPK1
木通,MAPT
木通,MMP2
木通,MMP3
木通,MMP9
木通,NR1H4
木通,PKN1
木通,POLB
木通,PPARA
木通,PPARD
木通,PPARG
木通,PTGS1
木通,PTK2
木通,RORC
木通,SLCO2B1
木通,SOAT1
木通,SYK
木通,THRB
木通,TOP2A
木通,TTR
木通,UGT1A1
杏仁,ABCB1
杏仁,ABCC1
杏仁,ABCG2
杏仁,ACHE
杏仁,ADORA1
杏仁,AKR1B1
杏仁,AKR1B10
杏仁,AKR1C3
杏仁,AKT1
杏仁,ALK
杏仁,ALOX12
杏仁,ALOX15
杏仁,ALOX5
杏仁,AMY1A
杏仁,APEX1
杏仁,APP
杏仁,AR
杏仁,AURKB
杏仁,AXL
杏仁,BACE1
杏仁,BCHE
杏仁,BCL2L1
杏仁,CA1
杏仁,CA12
杏仁,CA14
杏仁,CA2
杏仁,CA3
杏仁,CA4
杏仁,CA5A
杏仁,CA5B
杏仁,CA6
杏仁,CA7
杏仁,CA9
杏仁,CCR4
杏仁,CDC25B
杏仁,CDK6
杏仁,CES2
杏仁,CSNK2A1
杏仁,CTSL
杏仁,CXCL8
杏仁,CXCR1
杏仁,CYP19A1
杏仁,CYP1A1
杏仁,CYP1B1
杏仁,CYP2A6
杏仁,CYP2C19
杏仁,CYP2C9
杏仁,CYP2D6
杏仁,CYP2J2
杏仁,CYP3A4
杏仁,DAPK1
杏仁,DNMT1
杏仁,DPP4
杏仁,DRD1
杏仁,DRD2
杏仁,DUSP3
杏仁,EBP
杏仁,EGFR
杏仁,EGLN1
杏仁,EHMT2
杏仁,EPHX2
杏仁,ESR1
杏仁,ESR2
杏仁,F2
杏仁,F3
杏仁,FABP3
杏仁,FABP4
杏仁,FLT3
杏仁,FUT7
杏仁,GAA
杏仁,GBA
杏仁,GPR35
杏仁,GSK3B
杏仁,HDAC2
杏仁,HIF1A
杏仁,HSD17B1
杏仁,HSD17B2
杏仁,HSPA1A
杏仁,HSPA8
杏仁,HTR1A
杏仁,HTR6
杏仁,HTR7
杏仁,IDH1
杏仁,KCNH2
杏仁,KDM4E
杏仁,KDR
杏仁,MAOA
杏仁,MAPK1
杏仁,MAPK9
杏仁,MAPT
杏仁,MMP1
杏仁,MMP2
杏仁,MMP3
杏仁,MMP9
杏仁,MPG
杏仁,NEK2
杏仁,NFKB1
杏仁,NR1H4
杏仁,PIK3CA
杏仁,PIM1
杏仁,PLG
杏仁,PLK1
杏仁,PNP
杏仁,POLB
杏仁,PPARA
杏仁,PPARD
杏仁,PPARG
杏仁,PTAFR
杏仁,PTGES
杏仁,PTGS1
杏仁,PTGS2
杏仁,PTK2B
杏仁,PTPN1
杏仁,PTPN6
杏仁,PTPRS
杏仁,PYGL
杏仁,RORC
杏仁,SLCO1B1
杏仁,SLCO1B3
杏仁,SLCO2B1
杏仁,SOAT1
杏仁,SRC
杏仁,SYK
杏仁,TERT
杏仁,THRB
杏仁,TLR2
杏仁,TNKS
杏仁,TNKS2
杏仁,TOP1
杏仁,TOP2A
杏仁,TTR
杏仁,TYR
杏仁,UGT1A1
杏仁,XDH
板蓝根,ABCG2
板蓝根,ACP1
板蓝根,AKR1B1
板蓝根,AKR1B10
板蓝根,AKT1
板蓝根,ALOX15
板蓝根,ALPI
板蓝根,AMY1A
板蓝根,APEX1
板蓝根,APP
板蓝根,AR
板蓝根,AXL
板蓝根,BACE1
板蓝根,BCL2
板蓝根,BCL2L1
板蓝根,CA1
板蓝根,CA13
板蓝根,CA2
板蓝根,CA3
板蓝根,CA4
板蓝根,CA5A
板蓝根,CA6
板蓝根,CA9
板蓝根,CDK6
板蓝根,CXCL8
板蓝根,CYP1A1
板蓝根,CYP1A2
板蓝根,CYP1B1
板蓝根,CYP2C9
板蓝根,CYP2D6
板蓝根,CYP3A4
板蓝根,DAPK1
板蓝根,DPP4
板蓝根,DUSP3
板蓝根,EGFR
板蓝根,EHMT2
板蓝根,EPHX2
板蓝根,ESR1
板蓝根,F2
板蓝根,GAA
板蓝根,GBA
板蓝根,GLO1
板蓝根,GPR35
板蓝根,GSK3B
板蓝根,HCAR2
板蓝根,HIF1A
板蓝根,HSD17B1
板蓝根,HSP90AA1
板蓝根,HTR1D
板蓝根,HTR7
板蓝根,IDH1
板蓝根,IGF1R
板蓝根,KDM4E
板蓝根,KMT2A
板蓝根,MAPK1
板蓝根,MAPK14
板蓝根,MAPT
板蓝根,MET
板蓝根,MMP12
板蓝根,MMP13
板蓝根,MMP9
板蓝根,MPG
板蓝根,NEK6
板蓝根,NFKB1
板蓝根,PDPK1
板蓝根,POLB
板蓝根,PPARA
板蓝根,PPARD
板蓝根,PPARG
板蓝根,PTPN1
板蓝根,PTPN6
板蓝根,SLC22A12
板蓝根,SLCO1B1
板蓝根,SOAT1
板蓝根,THRB
板蓝根,TLR2
板蓝根,TTR
板蓝根,TYR
板蓝根,UGT1A1
枳壳,ABCB1
枳壳,ABCB11
枳壳,ABCC1
枳壳,ABCG2
枳壳,ACHE
枳壳,ACP1
枳壳,ADORA1
枳壳,ADORA2A
枳壳,ADORA3
枳壳,ADRA2B
枳壳,AKR1B1
枳壳,AKR1B10
枳壳,AKR1C2
枳壳,AKR1C4
枳壳,AKT1
枳壳,ALK
枳壳,ALOX12
枳壳,ALOX15
枳壳,ALOX5
枳壳,ALPL
枳壳,AMY1A
枳壳,APOBEC3G
枳壳,APP
枳壳,AR
枳壳,AURKB
枳壳,AVPR2
枳壳,AXL
枳壳,BACE1
枳壳,BCHE
枳壳,BCL2
枳壳,BCL2L1
枳壳,CA1
枳壳,CA12
枳壳,CA13
枳壳,CA14
枳壳,CA2
枳壳,CA3
枳壳,CA4
枳壳,CA5A
枳壳,CA5B
枳壳,CA6
枳壳,CA7
枳壳,CA9
枳壳,CBR1
枳壳,CCR4
枳壳,CD38
枳壳,CDK6
枳壳,CES1
枳壳,CHRM1
枳壳,CSNK2A1
枳壳,CTSL
枳壳,CXCL8
枳壳,CXCR1
枳壳,CYP19A1
枳壳,CYP1A1
枳壳,CYP1A2
枳壳,CYP1B1
枳壳,CYP2C19
枳壳,CYP2C8
枳壳,CYP2C9
枳壳,CYP2D6
枳壳,CYP2J2
枳壳,CYP3A4
枳壳,DAPK1
枳壳,DRD1
枳壳,DUSP3
枳壳,EGFR
枳壳,EGLN1
枳壳,EHMT2
枳壳,ERBB2
枳壳,ESR1
枳壳,ESR2
枳壳,ESRRA
枳壳,ESRRB
枳壳,F2
枳壳,F3
枳壳,FABP2
枳壳,FABP3
枳壳,FABP4
枳壳,FABP5
枳壳,FASN
枳壳,FLT3
枳壳,FUT7
枳壳,GAA
枳壳,GBA
枳壳,GLO1
枳壳,GLRA2
枳壳,GRIK2
枳壳,GRM1
枳壳,GRM3
枳壳,GRM4
枳壳,GRM5
枳壳,GSK3B
枳壳,HCAR2
枳壳,HIF1A
枳壳,HSD11B1
枳壳,HSD17B1
枳壳,HSD17B2
枳壳,HSP90AB1
枳壳,HSPA1A
枳壳,HSPA8
枳壳,HTR1A
枳壳,HTR7
枳壳,IDH1
枳壳,IDO1
枳壳,IGF1R
枳壳,KDM4E
枳壳,KDR
枳壳,MAOA
枳壳,MAOB
枳壳,MAP2K1
枳壳,MAP3K8
枳壳,MAPK1
枳壳,MAPK14
枳壳,MAPT
枳壳,MCL1
枳壳,MET
枳壳,MGLL
枳壳,MMP1
枳壳,MMP12
枳壳,MMP13
枳壳,MMP2
枳壳,MMP3
枳壳,MMP9
枳壳,NEK2
枳壳,NEK6
枳壳,NFKB1
枳壳,NR1I2
枳壳,NUAK1
枳壳,PDE5A
枳壳,PIK3CG
枳壳,PIM1
枳壳,PLG
枳壳,PLK1
枳壳,PNP
枳壳,POLB
枳壳,PPARA
枳壳,PPARD
枳壳,PPARG
枳壳,PTGS1
枳壳,PTPN1
枳壳,PTPN2
枳壳,PTPN6
枳壳,PTPRS
枳壳,PYGL
枳壳,RORC
枳壳,SHBG
枳壳,SLC5A1
枳壳,SLC5A2
枳壳,SLCO1B1
枳壳,SLCO1B3
枳壳,SLCO2B1
枳壳,SOAT1
枳壳,SRC
枳壳,STAT3
枳壳,SYK
枳壳,TBXAS1
枳壳,THRB
枳壳,TNKS
枳壳,TNKS2
枳壳,TOP1
枳壳,TOP2A
枳壳,TTR
枳壳,TYR
枳壳,UBE2N
枳壳,UGT1A1
枳壳,XDH
枳实,ABCB1
枳实,ABCB11
枳实,ABCC1
枳实,ACHE
枳实,ACP1
枳实,ADORA2B
枳实,ADORA3
枳实,ADRB2
枳实,AKR1B1
枳实,AKR1B10
枳实,AKR1C2
枳实,AKR1C3
枳实,AKT1
枳实,ALK
枳实,ALOX12
枳实,ALOX15
枳实,ALOX5
枳实,ALPI
枳实,AMY1A
枳实,AOC3
枳实,APEX1
枳实,APOBEC3G
枳实,APP
枳实,AR
枳实,AURKB
枳实,AXL
枳实,BACE1
枳实,BCL2L1
枳实,BRAF
枳实,CA1
枳实,CA12
枳实,CA13
枳实,CA14
枳实,CA2
枳实,CA3
枳实,CA4
枳实,CA5A
枳实,CA5B
枳实,CA6
枳实,CA7
枳实,CA9
枳实,CAMK2B
枳实,CCR4
枳实,CD38
枳实,CDC25B
枳实,CDK6
枳实,CES2
枳实,CHRM5
枳实,CTSD
枳实,CTSL
枳实,CXCL8
枳实,CYP19A1
枳实,CYP1A1
枳实,CYP1A2
枳实,CYP1B1
枳实,CYP2A6
枳实,CYP2B6
枳实,CYP2C19
枳实,CYP2C8
枳实,CYP2C9
枳实,CYP2D6
枳实,CYP2E1
枳实,CYP2J2
枳实,CYP3A4
枳实,DAPK1
枳实,DPP4
枳实,DRD1
枳实,DUSP3
枳实,EGFR
枳实,EHMT2
枳实,EPHB4
枳实,ESR1
枳实,ESR2
枳实,ESRRA
枳实,F3
枳实,FABP2
枳实,FABP3
枳实,FABP4
枳实,FABP5
枳实,FASN
枳实,FLT3
枳实,GAA
枳实,GABRR1
枳实,GBA
枳实,GLO1
枳实,GPR35
枳实,GRIA2
枳实,GSK3B
枳实,HCAR2
枳实,HIF1A
枳实,HSD11B1
枳实,HSD17B1
枳实,HSD17B2
枳实,HSPA8
枳实,HTR1A
枳实,HTR2C
枳实,HTR7
枳实,IDH1
枳实,IGF1R
枳实,KDM4E
枳实,KDR
枳实,KMT2A
枳实,MAOB
枳实,MAP2K1
枳实,MAP3K7
枳实,MAPK1
枳实,MAPK14
枳实,MAPKAPK2
枳实,MAPT
枳实,MET
枳实,MMP1
枳实,MMP12
枳实,MMP2
枳实,MMP3
枳实,MMP9
枳实,MPG
枳实,NEK2
枳实,NEK6
枳实,NFKB1
枳实,NOS2
枳实,NR1H4
枳实,NR1I2
枳实,NUAK1
枳实,OPRK1
枳实,PARP1
枳实,PDE5A
枳实,PIK3CB
枳实,PIK3CG
枳实,PIM1
枳实,PKN1
枳实,PLG
枳实,PLK1
枳实,PNP
枳实,POLB
枳实,PPARA
枳实,PPARD
枳实,PPARG
枳实,PRKCA
枳实,PTGS1
枳实,PTGS2
枳实,PTPN1
枳实,PTPN2
枳实,PYGL
枳实,RELA
枳实,RORC
枳实,SLC22A12
枳实,SLC28A1
枳实,SLC28A2
枳实,SLC5A1
枳实,SLCO1B1
枳实,SLCO1B3
枳实,SLCO2B1
枳实,SOAT1
枳实,SRC
枳实,STAT3
枳实,TBXAS1
枳实,TERT
枳实,THRB
枳实,TLR2
枳实,TNKS
枳实,TOP1
枳实,TOP2A
枳实,TRPV1
枳实,TTR
枳实,TYR
枳实,UBE2N
枳实,UGT1A1
柏子仁,ACP1
柏子仁,ALOX15
柏子仁,BACE1
柏子仁,ESR1
柏子仁,NR1H4
柏子仁,PKN1
柴胡,ABCB1
柴胡,ABCC1
柴胡,ABCG2
柴胡,ACHE
柴胡,ADORA1
柴胡,ADORA2A
柴胡,ADORA3
柴胡,ADRB2
柴胡,AKR1B10
柴胡,AKR1C3
柴胡,AKR1C4
柴胡,AKT1
柴胡,ALK
柴胡,ALOX12
柴胡,ALOX15
柴胡,ALOX5
柴胡,ALPI
柴胡,AMY1A
柴胡,APEX1
柴胡,APP
柴胡,AR
柴胡,AURKB
柴胡,AXL
柴胡,BACE1
柴胡,BCHE
柴胡,CA1
柴胡,CA12
柴胡,CA13
柴胡,CA14
柴胡,CA2
柴胡,CA3
柴胡,CA4
柴胡,CA5A
柴胡,CA5B
柴胡,CA6
柴胡,CA7
柴胡,CA9
柴胡,CBR1
柴胡,CCR4
柴胡,CD38
柴胡,CDK6
柴胡,CTSL
柴胡,CXCL8
柴胡,CXCR1
柴胡,CYP19A1
柴胡,CYP1A1
柴胡,CYP1B1
柴胡,CYP2C19
柴胡,CYP2C9
柴胡,CYP2D6
柴胡,CYP2J2
柴胡,CYP3A4
柴胡,DAPK1
柴胡,DPP4
柴胡,DRD1
柴胡,DRD2
柴胡,DUSP3
柴胡,EGFR
柴胡,EHMT2
柴胡,EPHX2
柴胡,ESR1
柴胡,ESR2
柴胡,F2
柴胡,FABP2
柴胡,FABP3
柴胡,FABP4
柴胡,FABP5
柴胡,FASN
柴胡,FLT3
柴胡,GAA
柴胡,GBA
柴胡,GLO1
柴胡,GPR35
柴胡,GRM1
柴胡,GSK3B
柴胡,GSTP1
柴胡,HCAR2
柴胡,HIF1A
柴胡,HKDC1
柴胡,HSD11B1
柴胡,HSD17B1
柴胡,HTR1A
柴胡,HTR7
柴胡,IDH1
柴胡,IDO1
柴胡,INSR
柴胡,KDM4E
柴胡,KMT2A
柴胡,LIMK1
柴胡,MAOA
柴胡,MAOB
柴胡,MAP2K1
柴胡,MAPK1
柴胡,MAPK14
柴胡,MAPT
柴胡,MET
柴胡,MGLL
柴胡,MIF
柴胡,MMP1
柴胡,MMP12
柴胡,MMP13
柴胡,MMP2
柴胡,MMP3
柴胡,MMP9
柴胡,MPG
柴胡,NEK6
柴胡,NFKB1
柴胡,NR1H4
柴胡,NR1I2
柴胡,NUAK1
柴胡,ODC1
柴胡,PARP1
柴胡,PDE5A
柴胡,PDGFRB
柴胡,PIK3CA
柴胡,PIM1
柴胡,PLG
柴胡,POLB
柴胡,PPARA
柴胡,PPARD
柴胡,PRKCA
柴胡,PRKCD
柴胡,PTGS2
柴胡,PTK2
柴胡,PTPN1
柴胡,PTPN2
柴胡,PTPN6
柴胡,RELA
柴胡,RORC
柴胡,SLC28A2
柴胡,SLCO1B1
柴胡,SLCO1B3
柴胡,SLCO2B1
柴胡,SRC
柴胡,TERT
柴胡,TGM2
柴胡,THRB
柴胡,TLR2
柴胡,TNKS2
柴胡,TOP1
柴胡,TOP2A
柴胡,TTR
柴胡,TYR
柴胡,UGT1A1
柴胡,XDH
柴胡,XPO1
栀子,ABCC1
栀子,ABCG2
栀子,ACHE
栀子,ADORA1
栀子,ADORA2A
栀子,ADORA2B
栀子,ADORA3
栀子,ADRA1B
栀子,ADRB2
栀子,AKR1B1
栀子,AKR1B10
栀子,AKR1C2
栀子,AKR1C3
栀子,AKR1C4
栀子,ALK
栀子,ALOX12
栀子,ALOX15
栀子,ALOX5
栀子,ALPI
栀子,ALPL
栀子,AMY1A
栀子,APEX1
栀子,APP
栀子,AR
栀子,AURKB
栀子,AVPR2
栀子,AXL
栀子,BACE1
栀子,BCHE
栀子,BCL2L1
栀子,CA1
栀子,CA12
栀子,CA14
栀子,CA2
栀子,CA3
栀子,CA4
栀子,CA5A
栀子,CA5B
栀子,CA6
栀子,CA7
栀子,CA9
栀子,CAMK2B
栀子,CARM1
栀子,CD38
栀子,CDC25B
栀子,CDK6
栀子,CES1
栀子,CES2
栀子,CTSL
栀子,CXCL8
栀子,CYP19A1
栀子,CYP1A1
栀子,CYP1A2
栀子,CYP2A6
栀子,CYP2B6
栀子,CYP2C19
栀子,CYP2C8
栀子,CYP2C9
栀子,CYP2D6
栀子,CYP3A4
栀子,DAPK1
栀子,DRD1
栀子,DRD4
栀子,DUSP3
栀子,EGFR
栀子,EHMT2
栀子,EPHB4
栀子,EPHX2
栀子,ESR1
栀子,ESR2
栀子,ESRRA
栀子,F2
栀子,F3
栀子,FABP2
栀子,FABP3
栀子,FABP4
栀子,FABP5
栀子,FASN
栀子,FLT3
栀子,FUT7
栀子,GAA
栀子,GABRR1
栀子,GBA
栀子,GLO1
栀子,GRIK5
栀子,GSK3B
栀子,HCAR2
栀子,HIF1A
栀子,HSD11B1
栀子,HSD11B2
栀子,HSD17B2
栀子,HSPA1A
栀子,HTR1A
栀子,HTR2A
栀子,HTR2C
栀子,HTR5A
栀子,HTR7
栀子,IDH1
栀子,IDO1
栀子,IGF1R
栀子,INSR
栀子,KDM4E
栀子,KDR
栀子,KMT2A
栀子,MAP2K1
栀子,MAP3K8
栀子,MAPK1
栀子,MAPKAPK2
栀子,MAPT
栀子,MCL1
栀子,MET
栀子,MGAM
栀子,MMP1
栀子,MMP12
栀子,MMP13
栀子,MMP3
栀子,MMP9
栀子,MPG
栀子,NEK2
栀子,NEK6
栀子,NOS2
栀子,NR1H4
栀子,NR1I2
栀子,ODC1
栀子,PARP1
栀子,PDE5A
栀子,PIK3CG
栀子,PIM1
栀子,PLG
栀子,PLK1
栀子,POLB
栀子,PPARA
栀子,PPARD
栀子,PPARG
栀子,PTGS1
栀子,PTGS2
栀子,PTK2
栀子,PTPN1
栀子,PTPN11
栀子,PTPN6
栀子,PTPRF
栀子,PYGL
栀子,RORC
栀子,SHBG
栀子,SLC28A2
栀子,SLC28A3
栀子,SLC5A2
栀子,SLCO1B1
栀子,SLCO1B3
栀子,SLCO2B1
栀子,SYK
栀子,TERT
栀子,THRB
栀子,TLR2
栀子,TNKS2
栀子,TOP2A
栀子,TRPV1
栀子,UGT1A1
桂枝,ACHE
桂枝,ALOX15
桂枝,ALOX5
桂枝,AURKB
桂枝,BCL2
桂枝,CA12
桂枝,CA2
桂枝,CA4
桂枝,CA5B
桂枝,CA6
桂枝,CA7
桂枝,CD38
桂枝,CDK6
桂枝,CSNK2A1
桂枝,CYP19A1
桂枝,CYP2C9
桂枝,CYP2D6
桂枝,CYP3A4
桂枝,DPP4
桂枝,EHMT2
桂枝,ESR1
桂枝,FABP3
桂枝,FABP4
桂枝,GBA
桂枝,GLO1
桂枝,HSD17B1
桂枝,IDO1
桂枝,KDM4E
桂枝,KDR
桂枝,KMT2A
桂枝,MAPK1
桂枝,MAPT
桂枝,MMP9
桂枝,NFKB1
桂枝,PLG
桂枝,POLB
桂枝,PPARA
桂枝,RORC
桂枝,SLCO1B3
桂枝,THRB
桂枝,TYR
桂枝,UGT1A1
桃仁,ABCC1
桃仁,ACHE
桃仁,ADORA3
桃仁,AKR1B1
桃仁,ALOX12
桃仁,ALOX15
桃仁,ALOX5
桃仁,APP
桃仁,AR
桃仁,AVPR2
桃仁,BCHE
桃仁,BCL2
桃仁,CA1
桃仁,CA12
桃仁,CA14
桃仁,CA3
桃仁,CA5A
桃仁,CA5B
桃仁,CA6
桃仁,CA7
桃仁,CD38
桃仁,CXCL8
桃仁,CYP19A1
桃仁,CYP1B1
桃仁,CYP2A6
桃仁,CYP2C19
桃仁,CYP2C8
桃仁,CYP2C9
桃仁,CYP3A4
桃仁,DPP4
桃仁,DRD1
桃仁,DUSP3
桃仁,EGFR
桃仁,EHMT2
桃仁,ERBB2
桃仁,ESR1
桃仁,FASN
桃仁,FLT3
桃仁,GBA
桃仁,GLO1
桃仁,GSK3B
桃仁,HIF1A
桃仁,HSD17B2
桃仁,HSD17B3
桃仁,HTR7
桃仁,IDH1
桃仁,KDM4E
桃仁,KMT2A
桃仁,MAP2K1
桃仁,MAPK1
桃仁,MAPT
桃仁,MMP13
桃仁,MMP3
桃仁,NEK2
桃仁,NFKB1
桃仁,NR1I2
桃仁,PDE5A
桃仁,PIM1
桃仁,PPARA
桃仁,PPARD
桃仁,PPARG
桃仁,PRKCA
桃仁,PTK2
桃仁,PTPN11
桃仁,PTPRF
桃仁,RORC
桃仁,SLCO1B3
桃仁,SLCO2B1
桃仁,SRC
桃仁,THRB
桃仁,TOP1
桃仁,TOP2A
桃仁,TRPV1
桃仁,TTR
桃仁,TYR
桃仁,UGT1A1
桑叶,ABCB1
桑叶,ABCB11
桑叶,ABCC1
桑叶,ABCG2
桑叶,ACHE
桑叶,ADORA1
桑叶,ADORA3
桑叶,ADRA2C
桑叶,AKR1B1
桑叶,AKR1B10
桑叶,AKR1C2
桑叶,AKR1C3
桑叶,AKR1C4
桑叶,AKT1
桑叶,ALOX12
桑叶,ALOX15
桑叶,ALOX5
桑叶,ALPI
桑叶,ALPL
桑叶,AMY1A
桑叶,APEX1
桑叶,APOBEC3G
桑叶,APP
桑叶,AR
桑叶,ATR
桑叶,AURKA
桑叶,AURKB
桑叶,AVPR2
桑叶,AXL
桑叶,BACE1
桑叶,BCHE
桑叶,BCL2
桑叶,BCL2L1
桑叶,BCR
桑叶,CA1
桑叶,CA12
桑叶,CA13
桑叶,CA14
桑叶,CA2
桑叶,CA3
桑叶,CA4
桑叶,CA5A
桑叶,CA5B
桑叶,CA6
桑叶,CA7
桑叶,CA9
桑叶,CAMK2B
桑叶,CCR4
桑叶,CD38
桑叶,CDC25B
桑叶,CDK6
桑叶,CES1
桑叶,CHRM1
桑叶,CHRNA7
桑叶,CNR1
桑叶,CNR2
桑叶,CSNK2A1
桑叶,CTSL
桑叶,CXCL8
桑叶,CYP19A1
桑叶,CYP1A1
桑叶,CYP1A2
桑叶,CYP1B1
桑叶,CYP2A6
桑叶,CYP2C19
桑叶,CYP2C8
桑叶,CYP2C9
桑叶,CYP2D6
桑叶,CYP2J2
桑叶,CYP3A4
桑叶,DAPK1
桑叶,DHFR
桑叶,DNMT1
桑叶,DPP4
桑叶,DRD1
桑叶,DRD2
桑叶,DUSP3
桑叶,EGFR
桑叶,EHMT2
桑叶,EPHX2
桑叶,ERBB2
桑叶,ESR1
桑叶,ESR2
桑叶,ESRRA
桑叶,F2
桑叶,F3
桑叶,FABP2
桑叶,FABP3
桑叶,FABP4
桑叶,FABP5
桑叶,FASN
桑叶,FLT3
桑叶,FLT4
桑叶,FUT7
桑叶,FYN
桑叶,GAA
桑叶,GBA
桑叶,GLO1
桑叶,GLRA1
桑叶,GPR35
桑叶,GRM5
桑叶,GSK3B
桑叶,HCAR2
桑叶,HDAC1
桑叶,HDAC3
桑叶,HDAC6
桑叶,HIF1A
桑叶,HSD11B1
桑叶,HSD11B2
桑叶,HSD17B1
桑叶,HSD17B2
桑叶,HSD17B3
桑叶,HSP90AB1
桑叶,HSPA8
桑叶,HTR1A
桑叶,HTR1E
桑叶,HTR2B
桑叶,HTR7
桑叶,IDH1
桑叶,IDO1
桑叶,IGF1R
桑叶,INSR
桑叶,KCNH2
桑叶,KDM4E
桑叶,KDR
桑叶,KMT2A
桑叶,LDHA
桑叶,MAOA
桑叶,MAP2K1
桑叶,MAPK1
桑叶,MAPK14
桑叶,MAPK9
桑叶,MAPT
桑叶,MET
桑叶,MGLL
桑叶,MIF
桑叶,MMP1
桑叶,MMP12
桑叶,MMP13
桑叶,MMP2
桑叶,MMP3
桑叶,MMP9
桑叶,MPG
桑叶,MTNR1A
桑叶,NEK2
桑叶,NEK6
桑叶,NFKB1
桑叶,NOS2
桑叶,NR1H4
桑叶,NR1I2
桑叶,NR3C1
桑叶,NUAK1
桑叶,ODC1
桑叶,PARP1
桑叶,PDE5A
桑叶,PIK3CA
桑叶,PIK3CG
桑叶,PIM1
桑叶,PKN1
桑叶,PLA2G2A
桑叶,PLG
桑叶,PLK1
桑叶,POLB
桑叶,PPARA
桑叶,PPARD
桑叶,PPARG
桑叶,PRKCA
桑叶,PTAFR
桑叶,PTGES
桑叶,PTGS1
桑叶,PTGS2
桑叶,PTK2
桑叶,PTPN1
桑叶,PTPN11
桑叶,PTPN2
桑叶,PTPN6
桑叶,PTPRS
桑叶,PYGL
桑叶,RELA
桑叶,RORC
桑叶,SENP6
桑叶,SHBG
桑叶,SLC1A1
桑叶,SLC22A1
桑叶,SLC28A1
桑叶,SLC28A2
桑叶,SLC5A2
桑叶,SLC6A3
桑叶,SLCO1B1
桑叶,SLCO1B3
桑叶,SLCO2B1
桑叶,SMAD3
桑叶,SOAT1
桑叶,SRC
桑叶,STAT3
桑叶,SYK
桑叶,TBXAS1
桑叶,TEK
桑叶,TERT
桑叶,THRB
桑叶,TLR2
桑叶,TNKS
桑叶,TNKS2
桑叶,TOP2A
桑叶,TRPV1
桑叶,TTR
桑叶,TYR
桑叶,UGT1A1
桑叶,XDH
桑白皮,ACHE
桑白皮,ALOX15
桑白皮,AMY1A
桑白皮,APEX1
桑白皮,AR
桑白皮,CA1
桑白皮,CA14
桑白皮,CA2
桑白皮,CA3
桑白皮,CA4
桑白皮,CA5A
桑白皮,CA7
桑白皮,CXCL8
桑白皮,CYP19A1
桑白皮,CYP2C8
桑白皮,CYP2D6
桑白皮,CYP3A4
桑白皮,EGFR
桑白皮,EHMT2
桑白皮,EP300
桑白皮,ESR1
桑白皮,GAA
桑白皮,GLO1
桑白皮,HIF1A
桑白皮,IDH1
桑白皮,KDM4E
桑白皮,MAPK1
桑白皮,MAPT
桑白皮,NFKB1
桑白皮,POLB
桑白皮,PPARG
桑白皮,PTGS1
桑白皮,RORC
桑白皮,SLC28A3
桑白皮,SLCO1B3
桑白皮,TERT
桑白皮,TOP2A
桑白皮,TRPV1
桑白皮,UGT1A1
桔梗,ADORA3
桔梗,ALOX12
桔梗,APEX1
桔梗,CA14
桔梗,CA4
桔梗,CA9
桔梗,CYP2D6
桔梗,CYP3A4
桔梗,F2
桔梗,KDM4E
桔梗,MAP2K1
桔梗,MAPT
桔梗,MMP12
桔梗,NFKB1
桔梗,PPARA
橘红,ACHE
橘红,AKR1B1
橘红,AKR1B10
橘红,ALOX15
橘红,ALOX5
橘红,APEX1
橘红,APP
橘红,BACE1
橘红,BCHE
橘红,BCL2
橘红,CA1
橘红,CA12
橘红,CA14
橘红,CA2
橘红,CA3
橘红,CA4
橘红,CA5B
橘红,CA7
橘红,CA9
橘红,CD38
橘红,CDK6
橘红,CHRNA3
橘红,CXCL8
橘红,CXCR1
橘红,CYP19A1
橘红,CYP1A1
橘红,CYP1A2
橘红,CYP1B1
橘红,CYP2A6
橘红,CYP2C19
橘红,CYP2C9
橘红,CYP2D6
橘红,CYP3A4
橘红,DPP4
橘红,DUSP3
橘红,EGFR
橘红,EHMT2
橘红,ESR1
橘红,ESR2
橘红,ESRRA
橘红,F3
橘红,FLT3
橘红,GBA
橘红,GSK3B
橘红,IDH1
橘红,IGF1R
橘红,KDM4E
橘红,KMT2A
橘红,MAPKAPK2
橘红,MAPT
橘红,MMP1
橘红,MMP12
橘红,MMP13
橘红,MMP2
橘红,NFKB1
橘红,NR3C1
橘红,PDE5A
橘红,PIM1
橘红,PKN1
橘红,PLG
橘红,PLK1
橘红,POLB
橘红,PPARA
橘红,PTPN1
橘红,RORC
橘红,SHBG
橘红,SLC15A2
橘红,SLCO1B1
橘红,SLCO2B1
橘红,SOAT1
橘红,TERT
橘红,THRB
橘红,TOP2A
橘红,TRPV1
橘红,UGT1A1
款冬花,ABCB1
款冬花,ABCC1
款冬花,ABCG2
款冬花,ACHE
款冬花,ADORA3
款冬花,AKR1B1
款冬花,AKR1B10
款冬花,AKR1C2
款冬花,AKR1C3
款冬花,AKR1C4
款冬花,AKT1
款冬花,ALK
款冬花,ALOX12
款冬花,ALOX15
款冬花,ALOX5
款冬花,AMY1A
款冬花,APEX1
款冬花,APOBEC3G
款冬花,APP
款冬花,AR
款冬花,AURKB
款冬花,AVPR2
款冬花,BACE1
款冬花,BCHE
款冬花,CA1
款冬花,CA12
款冬花,CA14
款冬花,CA3
款冬花,CA4
款冬花,CA5A
款冬花,CA5B
款冬花,CA6
款冬花,CA7
款冬花,CA9
款冬花,CCR4
款冬花,CD38
款冬花,CDK6
款冬花,CSNK2A1
款冬花,CTSD
款冬花,CXCL8
款冬花,CYP19A1
款冬花,CYP1A1
款冬花,CYP1A2
款冬花,CYP1B1
款冬花,CYP2A6
款冬花,CYP2C19
款冬花,CYP2C8
款冬花,CYP2C9
款冬花,CYP2D6
款冬花,CYP2J2
款冬花,CYP3A4
款冬花,DAPK1
款冬花,DHFR
款冬花,DPP4
款冬花,DRD1
款冬花,DUSP3
款冬花,EGFR
款冬花,EHMT2
款冬花,EP300
款冬花,EPHX2
款冬花,ERBB2
款冬花,ESR1
款冬花,ESR2
款冬花,ESRRA
款冬花,FABP2
款冬花,FABP3
款冬花,FABP4
款冬花,FABP5
款冬花,FLT3
款冬花,GAA
款冬花,GBA
款冬花,GLO1
款冬花,GLRA1
款冬花,GPR35
款冬花,GRM2
款冬花,GRM5
款冬花,GSK3B
款冬花,HDAC8
款冬花,HIF1A
款冬花,HSD11B1
款冬花,HSD17B1
款冬花,HSD17B2
款冬花,HSD17B3
款冬花,HSP90AB1
款冬花,HTR7
款冬花,IDH1
款冬花,IDO1
款冬花,IGF1R
款冬花,INSR
款冬花,KDM4E
款冬花,KDR
款冬花,KMT2A
款冬花,MAOA
款冬花,MAP2K1
款冬花,MAPK1
款冬花,MAPK14
款冬花,MAPK9
款冬花,MAPKAPK2
款冬花,MAPT
款冬花,MCL1
款冬花,MET
款冬花,MMP12
款冬花,MMP13
款冬花,MMP2
款冬花,MMP3
款冬花,MMP9
款冬花,MPG
款冬花,NEK2
款冬花,NEK6
款冬花,NFKB1
款冬花,NR1I2
款冬花,NR3C1
款冬花,NUAK1
款冬花,PARP1
款冬花,PDE5A
款冬花,PIK3CG
款冬花,PIM1
款冬花,PKN1
款冬花,PLG
款冬花,PNP
款冬花,POLB
款冬花,PPARA
款冬花,PPARD
款冬花,PPARG
款冬花,PRKCA
款冬花,PTGS1
款冬花,PTGS2
款冬花,PTK2
款冬花,PTPN1
款冬花,PTPN11
款冬花,PTPN2
款冬花,PTPN6
款冬花,PYGL
款冬花,RORC
款冬花,SLC28A2
款冬花,SLC28A3
款冬花,SLC5A1
款冬花,SLC5A2
款冬花,SLCO1B3
款冬花,SLCO2B1
款冬花,SMAD3
款冬花,SOAT1
款冬花,SYK
款冬花,TERT
款冬花,TGM2
款冬花,THRB
款冬花,TLR2
款冬花,TOP2A
款冬花,TTR
款冬花,TYR
款冬花,UBE2N
款冬花,UGT1A1
款冬花,XDH
款冬花,XIAP
水牛角,ABCG2
水牛角,AKR1B10
水牛角,AKT1
水牛角,ALOX12
水牛角,ALOX5
水牛角,APEX1
水牛角,AURKB
水牛角,BACE1
水牛角,BCHE
水牛角,CA12
水牛角,CA2
水牛角,CA3
水牛角,CA4
水牛角,CA5A
水牛角,CA5B
水牛角,CA7
水牛角,CA9
水牛角,CD38
水牛角,CNR1
水牛角,CYP19A1
水牛角,CYP2C8
水牛角,CYP2C9
水牛角,CYP2D6
水牛角,CYP3A4
水牛角,EGFR
水牛角,EHMT2
水牛角,F3
水牛角,FLT3
水牛角,GAA
水牛角,GBA
水牛角,HIF1A
水牛角,HTR7
水牛角,KDM4E
水牛角,MAPT
水牛角,MET
水牛角,MMP2
水牛角,PDE5A
水牛角,POLB
水牛角,PPARG
水牛角,PTGS1
水牛角,PTK2
水牛角,PTPN1
水牛角,RORC
水牛角,SYK
水牛角,THRB
水牛角,UGT1A1
沙参,ABCG2
沙参,CA2
沙参,CA7
沙参,CAMK2B
沙参,EHMT2
沙参,KMT2A
沙参,MAPT
沙参,NFKB1
沙参,PDE5A
法半夏,ALOX15
法半夏,CYP3A4
法半夏,EHMT2
法半夏,KDM5C
法半夏,PNP
海藻,ABCG2
海藻,ACHE
海藻,ADORA2A
海藻,ADORA3
海藻,ADRA2A
海藻,AKR1B1
海藻,AKR1C2
海藻,ALOX12
海藻,ALOX15
海藻,ALPI
海藻,AMY1A
海藻,APEX1
海藻,AR
海藻,AURKB
海藻,AVPR2
海藻,BACE1
海藻,BCHE
海藻,BCL2
海藻,CA1
海藻,CA12
海藻,CA14
海藻,CA2
海藻,CA3
海藻,CA4
海藻,CA5A
海藻,CA6
海藻,CA7
海藻,CD38
海藻,CSNK2A1
海藻,CXCL8
海藻,CXCR1
海藻,CYP19A1
海藻,CYP1A1
海藻,CYP1A2
海藻,CYP1B1
海藻,CYP2B6
海藻,CYP2C19
海藻,CYP2C9
海藻,CYP2D6
海藻,CYP3A4
海藻,DPP4
海藻,DRD1
海藻,DUSP3
海藻,EGFR
海藻,EHMT2
海藻,EPHB4
海藻,EPHX2
海藻,ESR1
海藻,ESR2
海藻,F2
海藻,FABP2
海藻,FABP3
海藻,FABP4
海藻,FABP5
海藻,FLT3
海藻,GAA
海藻,GBA
海藻,GPR35
海藻,GSK3B
海藻,HCAR2
海藻,HSD17B2
海藻,HSPA1A
海藻,IDH1
海藻,KDM4E
海藻,KDR
海藻,KMT2A
海藻,MAOA
海藻,MAOB
海藻,MAPK1
海藻,MAPK14
海藻,MAPT
海藻,MET
海藻,MMP1
海藻,MMP12
海藻,MMP13
海藻,MMP2
海藻,MMP3
海藻,MMP9
海藻,MPG
海藻,NEK2
海藻,NR1H4
海藻,NUAK1
海藻,ODC1
海藻,PDE5A
海藻,PIK3CA
海藻,PIM1
海藻,PKN1
海藻,PLK1
海藻,PNP
海藻,POLB
海藻,PPARA
海藻,PPARD
海藻,PPARG
海藻,PRKCA
海藻,PTGS1
海藻,PTPN1
海藻,PTPN6
海藻,PYGL
海藻,SLCO1B1
海藻,SLCO1B3
海藻,SLCO2B1
海藻,SRC
海藻,SYK
海藻,TERT
海藻,THRB
海藻,TLR2
海藻,TOP2A
海藻,TTR
海藻,TYR
海藻,UGT1A1
海蛤壳,CA1
海蛤壳,CA4
海蛤壳,CYP3A4
海蛤壳,MAPT
海蛤壳,PPARA
海蛤壳,RORC
海蛤壳,UGT1A1
淡豆豉,MPG
淫羊藿,ACHE
淫羊藿,ADORA3
淫羊藿,AKR1B1
淫羊藿,ALOX15
淫羊藿,APEX1
淫羊藿,APP
淫羊藿,BACE1
淫羊藿,BCHE
淫羊藿,CA12
淫羊藿,CA14
淫羊藿,CA2
淫羊藿,CA4
淫羊藿,CA5A
淫羊藿,CA5B
淫羊藿,CA6
淫羊藿,CA9
淫羊藿,CYP2C19
淫羊藿,CYP3A4
淫羊藿,EHMT2
淫羊藿,EPHX2
淫羊藿,ESR1
淫羊藿,FABP3
淫羊藿,KDM4E
淫羊藿,MAPT
淫羊藿,MMP1
淫羊藿,PTPN2
淫羊藿,RORC
淫羊藿,SLC5A1
淫羊藿,TYR
淫羊藿,XDH
火麻仁,ABCC1
火麻仁,ABCG2
火麻仁,ACHE
火麻仁,ADORA2A
火麻仁,ADORA2B
火麻仁,AKR1B1
火麻仁,AKR1B10
火麻仁,AKR1C2
火麻仁,AKR1C4
火麻仁,AKT1
火麻仁,ALOX15
火麻仁,ALOX5
火麻仁,ALPI
火麻仁,AMY1A
火麻仁,APEX1
火麻仁,AR
火麻仁,BACE1
火麻仁,BCHE
火麻仁,BCL2
火麻仁,BCL2L1
火麻仁,CA1
火麻仁,CA12
火麻仁,CA2
火麻仁,CA4
火麻仁,CA5A
火麻仁,CA5B
火麻仁,CA6
火麻仁,CA7
火麻仁,CA9
火麻仁,CCR4
火麻仁,CD38
火麻仁,CDK6
火麻仁,CXCL8
火麻仁,CYP19A1
火麻仁,CYP1A2
火麻仁,CYP2A6
火麻仁,CYP2C19
火麻仁,CYP2C9
火麻仁,CYP2D6
火麻仁,CYP3A4
火麻仁,DPP4
火麻仁,DRD1
火麻仁,DUSP3
火麻仁,EGFR
火麻仁,EHMT2
火麻仁,EPHX2
火麻仁,ESR1
火麻仁,ESRRA
火麻仁,F2
火麻仁,FABP4
火麻仁,FABP5
火麻仁,GAA
火麻仁,GBA
火麻仁,GPR35
火麻仁,GSK3B
火麻仁,HCAR2
火麻仁,HSD11B1
火麻仁,HSD17B2
火麻仁,HTR7
火麻仁,IDH1
火麻仁,IDO1
火麻仁,KDM4E
火麻仁,KIT
火麻仁,KMT2A
火麻仁,MAPK1
火麻仁,MAPT
火麻仁,MET
火麻仁,MMP1
火麻仁,MMP12
火麻仁,MMP13
火麻仁,MMP2
火麻仁,MMP9
火麻仁,MPG
火麻仁,NEK2
火麻仁,NFKB1
火麻仁,NOS2
火麻仁,NUAK1
火麻仁,PDE5A
火麻仁,PIK3CG
火麻仁,PIM1
火麻仁,PLG
火麻仁,PLK1
火麻仁,POLB
火麻仁,PPARA
火麻仁,PPARD
火麻仁,PPARG
火麻仁,PTGS2
火麻仁,PTPN1
火麻仁,PTPRS
火麻仁,RELA
火麻仁,RORC
火麻仁,SLC22A1
火麻仁,SLC28A3
火麻仁,SLCO1B1
火麻仁,SLCO1B3
火麻仁,SLCO2B1
火麻仁,STAT3
火麻仁,TERT
火麻仁,TLR2
火麻仁,TRPV1
火麻仁,UGT1A1
火麻仁,XDH
炙甘草,ABCB11
炙甘草,ABCG2
炙甘草,ACHE
炙甘草,ADORA2A
炙甘草,ADORA2B
炙甘草,ADORA3
炙甘草,ADRB2
炙甘草,AKR1B1
炙甘草,AKR1C3
炙甘草,AKR1C4
炙甘草,AKT1
炙甘草,ALOX12
炙甘草,ALOX15
炙甘草,ALOX5
炙甘草,ALPI
炙甘草,ALPL
炙甘草,AMY1A
炙甘草,APEX1
炙甘草,APP
炙甘草,AR
炙甘草,AURKB
炙甘草,AVPR2
炙甘草,BACE1
炙甘草,BCHE
炙甘草,BCL2
炙甘草,BCL2L1
炙甘草,CA1
炙甘草,CA12
炙甘草,CA13
炙甘草,CA14
炙甘草,CA2
炙甘草,CA3
炙甘草,CA4
炙甘草,CA5A
炙甘草,CA5B
炙甘草,CA6
炙甘草,CA7
炙甘草,CA9
炙甘草,CAMK2B
炙甘草,CBR1
炙甘草,CD38
炙甘草,CDC25B
炙甘草,CDK6
炙甘草,CHRNA7
炙甘草,CSNK2A1
炙甘草,CTSL
炙甘草,CXCL8
炙甘草,CYP19A1
炙甘草,CYP1A1
炙甘草,CYP1A2
炙甘草,CYP1B1
炙甘草,CYP2C19
炙甘草,CYP2C9
炙甘草,CYP2D6
炙甘草,CYP2E1
炙甘草,CYP3A4
炙甘草,DPP4
炙甘草,DRD1
炙甘草,EGFR
炙甘草,EHMT2
炙甘草,EPHX2
炙甘草,ERBB2
炙甘草,ESR1
炙甘草,ESR2
炙甘草,F2
炙甘草,F3
炙甘草,FABP4
炙甘草,FABP5
炙甘草,FASN
炙甘草,FLT3
炙甘草,GAA
炙甘草,GBA
炙甘草,GPBAR1
炙甘草,GPR35
炙甘草,GSK3B
炙甘草,HCAR2
炙甘草,HIF1A
炙甘草,HSD17B1
炙甘草,HSD17B2
炙甘草,HSP90AB1
炙甘草,HSPA1A
炙甘草,HSPA8
炙甘草,HTR1A
炙甘草,IGF1R
炙甘草,KCNH2
炙甘草,KDM4E
炙甘草,KMT2A
炙甘草,MAOA
炙甘草,MAP2K1
炙甘草,MAPK1
炙甘草,MAPKAPK2
炙甘草,MAPT
炙甘草,MGLL
炙甘草,MMP2
炙甘草,MMP3
炙甘草,MMP9
炙甘草,MPG
炙甘草,NEK2
炙甘草,NEK6
炙甘草,NFKB1
炙甘草,NOS2
炙甘草,NR1H4
炙甘草,NUAK1
炙甘草,PARP1
炙甘草,PDE5A
炙甘草,PIK3CG
炙甘草,PIM1
炙甘草,PLG
炙甘草,PLK1
炙甘草,PLK4
炙甘草,PNP
炙甘草,POLB
炙甘草,PPARA
炙甘草,PPARD
炙甘草,PPARG
炙甘草,PRKCA
炙甘草,PTGS1
炙甘草,PTGS2
炙甘草,PTPN1
炙甘草,PTPRS
炙甘草,PYGL
炙甘草,RELA
炙甘草,RORC
炙甘草,SHBG
炙甘草,SLC22A1
炙甘草,SLC28A2
炙甘草,SLC28A3
炙甘草,SLCO1B1
炙甘草,SLCO2B1
炙甘草,SOAT1
炙甘草,SRC
炙甘草,SYK
炙甘草,TERT
炙甘草,THRB
炙甘草,TLR2
炙甘草,TNKS
炙甘草,TNKS2
炙甘草,TOP1
炙甘草,TOP2A
炙甘草,TRPV1
炙甘草,TYR
炙甘草,UGT1A1
炙甘草,XDH
炙麻黄,ABCC1
炙麻黄,ABCG2
炙麻黄,ACHE
炙麻黄,ADORA1
炙麻黄,ADORA2A
炙麻黄,ADORA3
炙麻黄,ADRB2
炙麻黄,AKR1B1
炙麻黄,AKR1B10
炙麻黄,AKR1C2
炙麻黄,AKR1C4
炙麻黄,AKT1
炙麻黄,ALOX12
炙麻黄,ALOX15
炙麻黄,ALOX5
炙麻黄,AMY1A
炙麻黄,APP
炙麻黄,AR
炙麻黄,AURKB
炙麻黄,AVPR2
炙麻黄,AXL
炙麻黄,BACE1
炙麻黄,BCHE
炙麻黄,BCL2
炙麻黄,CA1
炙麻黄,CA12
炙麻黄,CA13
炙麻黄,CA14
炙麻黄,CA2
炙麻黄,CA3
炙麻黄,CA4
炙麻黄,CA5A
炙麻黄,CA5B
炙麻黄,CA6
炙麻黄,CA7
炙麻黄,CA9
炙麻黄,CAMK2B
炙麻黄,CBR1
炙麻黄,CCR4
炙麻黄,CD38
炙麻黄,CDC25B
炙麻黄,CNR2
炙麻黄,CSNK2A1
炙麻黄,CXCL8
炙麻黄,CXCR1
炙麻黄,CYP19A1
炙麻黄,CYP1A1
炙麻黄,CYP1A2
炙麻黄,CYP2A6
炙麻黄,CYP2B6
炙麻黄,CYP2C19
炙麻黄,CYP2C8
炙麻黄,CYP2C9
炙麻黄,CYP2D6
炙麻黄,CYP2E1
炙麻黄,CYP2J2
炙麻黄,CYP3A4
炙麻黄,DAO
炙麻黄,DAPK1
炙麻黄,DPP4
炙麻黄,DUSP3
炙麻黄,EGFR
炙麻黄,EHMT2
炙麻黄,ERBB2
炙麻黄,ESR1
炙麻黄,ESR2
炙麻黄,ESRRA
炙麻黄,F2
炙麻黄,F3
炙麻黄,FABP2
炙麻黄,FABP3
炙麻黄,FABP4
炙麻黄,FUT7
炙麻黄,GAA
炙麻黄,GBA
炙麻黄,GLRA1
炙麻黄,GPR35
炙麻黄,GRM1
炙麻黄,GSK3B
炙麻黄,HCAR2
炙麻黄,HIF1A
炙麻黄,HSD11B1
炙麻黄,HSD17B1
炙麻黄,HSD17B2
炙麻黄,HTR1A
炙麻黄,HTR7
炙麻黄,IDH1
炙麻黄,INSR
炙麻黄,KDM4E
炙麻黄,KDR
炙麻黄,KMT2A
炙麻黄,MAOA
炙麻黄,MAOB
炙麻黄,MAP2K1
炙麻黄,MAPK1
炙麻黄,MAPK14
炙麻黄,MAPT
炙麻黄,MCL1
炙麻黄,MET
炙麻黄,MMP1
炙麻黄,MMP2
炙麻黄,MMP3
炙麻黄,MMP9
炙麻黄,MPG
炙麻黄,NEK2
炙麻黄,NEK6
炙麻黄,NFKB1
炙麻黄,NR1I2
炙麻黄,PDE5A
炙麻黄,PIK3CB
炙麻黄,PIK3CG
炙麻黄,PIM1
炙麻黄,PKN1
炙麻黄,PLG
炙麻黄,POLB
炙麻黄,PPARA
炙麻黄,PPARD
炙麻黄,PPARG
炙麻黄,PRKCA
炙麻黄,PTGES
炙麻黄,PTGS1
炙麻黄,PTGS2
炙麻黄,PTK2
炙麻黄,PTPN1
炙麻黄,PTPN2
炙麻黄,PTPN6
炙麻黄,PTPRF
炙麻黄,RORC
炙麻黄,SLC28A3
炙麻黄,SLCO1B1
炙麻黄,SLCO1B3
炙麻黄,SLCO2B1
炙麻黄,SMAD3
炙麻黄,SOAT1
炙麻黄,STAT3
炙麻黄,SYK
炙麻黄,TERT
炙麻黄,TLR2
炙麻黄,TNKS
炙麻黄,TNKS2
炙麻黄,TOP2A
炙麻黄,TRPV1
炙麻黄,TTR
炙麻黄,TYR
炙麻黄,UGT1A1
焦槟榔,AKR1B1
焦槟榔,CA1
焦槟榔,CA12
焦槟榔,CA7
焦槟榔,EHMT2
焦槟榔,FABP4
焦槟榔,HIF1A
焦槟榔,KDM4E
熟地黄,ABCG2
熟地黄,ACHE
熟地黄,ADORA2A
熟地黄,ADORA3
熟地黄,AKR1B1
熟地黄,AKR1B10
熟地黄,AKR1C3
熟地黄,AKR1C4
熟地黄,ALOX12
熟地黄,ALOX15
熟地黄,ALOX5
熟地黄,AMY1A
熟地黄,APP
熟地黄,AR
熟地黄,AVPR2
熟地黄,BACE1
熟地黄,BCHE
熟地黄,CA1
熟地黄,CA12
熟地黄,CA13
熟地黄,CA14
熟地黄,CA2
熟地黄,CA3
熟地黄,CA5A
熟地黄,CA6
熟地黄,CA7
熟地黄,CBR1
熟地黄,CD38
熟地黄,CDC25B
熟地黄,CHRM4
熟地黄,CNR2
熟地黄,CTSL
熟地黄,CXCL8
熟地黄,CXCR1
熟地黄,CYP19A1
熟地黄,CYP1B1
熟地黄,CYP2A6
熟地黄,CYP2C19
熟地黄,CYP2C9
熟地黄,CYP3A4
熟地黄,DAPK1
熟地黄,DPP4
熟地黄,DUSP3
熟地黄,EHMT2
熟地黄,ESR1
熟地黄,ESRRA
熟地黄,F2
熟地黄,FABP5
熟地黄,FLT4
熟地黄,GBA
熟地黄,GLO1
熟地黄,GPR35
熟地黄,GRM5
熟地黄,GSK3B
熟地黄,HIF1A
熟地黄,IDH1
熟地黄,KDM4E
熟地黄,KDR
熟地黄,LDHA
熟地黄,MAP3K8
熟地黄,MAPK1
熟地黄,MAPK14
熟地黄,MMP1
熟地黄,MMP13
熟地黄,MMP2
熟地黄,MMP3
熟地黄,MMP9
熟地黄,NEK6
熟地黄,NFKB1
熟地黄,NUAK1
熟地黄,PIM1
熟地黄,PNP
熟地黄,POLB
熟地黄,PPARA
熟地黄,PPARG
熟地黄,PTGS1
熟地黄,PTGS2
熟地黄,PTPN1
熟地黄,PTPN11
熟地黄,PTPRF
熟地黄,RORC
熟地黄,SLCO1B3
熟地黄,SLCO2B1
熟地黄,TERT
熟地黄,THRB
熟地黄,TOP1
熟地黄,TOP2A
熟地黄,TYR
熟地黄,UGT1A1
牛蒡子,ABCB1
牛蒡子,ABCB11
牛蒡子,ABCG2
牛蒡子,ADORA2B
牛蒡子,ADORA3
牛蒡子,ADRB2
牛蒡子,AKR1B1
牛蒡子,AKR1B10
牛蒡子,AKR1C2
牛蒡子,AKR1C3
牛蒡子,AKR1C4
牛蒡子,AKT1
牛蒡子,ALK
牛蒡子,ALOX12
牛蒡子,ALOX15
牛蒡子,ALPI
牛蒡子,AMY1A
牛蒡子,APEX1
牛蒡子,APP
牛蒡子,AR
牛蒡子,AXL
牛蒡子,BACE1
牛蒡子,BCHE
牛蒡子,BCL2
牛蒡子,CA1
牛蒡子,CA12
牛蒡子,CA13
牛蒡子,CA14
牛蒡子,CA2
牛蒡子,CA4
牛蒡子,CA5A
牛蒡子,CA5B
牛蒡子,CA6
牛蒡子,CA7
牛蒡子,CA9
牛蒡子,CAMK2B
牛蒡子,CD38
牛蒡子,CDK6
牛蒡子,CTSL
牛蒡子,CXCL8
牛蒡子,CXCR1
牛蒡子,CYP19A1
牛蒡子,CYP1A1
牛蒡子,CYP1A2
牛蒡子,CYP1B1
牛蒡子,CYP2C19
牛蒡子,CYP2C8
牛蒡子,CYP2C9
牛蒡子,CYP2D6
牛蒡子,CYP3A4
牛蒡子,DAPK1
牛蒡子,DHFR
牛蒡子,DPP4
牛蒡子,DRD1
牛蒡子,DUSP3
牛蒡子,EGFR
牛蒡子,EHMT2
牛蒡子,EPHX2
牛蒡子,ESR1
牛蒡子,F2
牛蒡子,F3
牛蒡子,FABP3
牛蒡子,FABP4
牛蒡子,FABP5
牛蒡子,FASN
牛蒡子,FLT3
牛蒡子,GAA
牛蒡子,GBA
牛蒡子,GPR35
牛蒡子,GSK3B
牛蒡子,HCAR2
牛蒡子,HIF1A
牛蒡子,HSD17B1
牛蒡子,HSD17B2
牛蒡子,HTR1A
牛蒡子,IDH1
牛蒡子,IDO1
牛蒡子,IGF1R
牛蒡子,INSR
牛蒡子,KDM4E
牛蒡子,KDR
牛蒡子,KMT2A
牛蒡子,MAOA
牛蒡子,MAOB
牛蒡子,MAP2K1
牛蒡子,MAPK1
牛蒡子,MAPKAPK2
牛蒡子,MAPT
牛蒡子,MET
牛蒡子,MGLL
牛蒡子,MMP1
牛蒡子,MMP12
牛蒡子,MMP13
牛蒡子,MMP2
牛蒡子,MMP3
牛蒡子,MMP9
牛蒡子,NEK2
牛蒡子,NEK6
牛蒡子,NFKB1
牛蒡子,OPRD1
牛蒡子,PDE5A
牛蒡子,PIK3CG
牛蒡子,PIM1
牛蒡子,PLG
牛蒡子,PPARA
牛蒡子,PPARD
牛蒡子,PPARG
牛蒡子,PRKCA
牛蒡子,PTGS2
牛蒡子,PTK2
牛蒡子,PTPN1
牛蒡子,PTPN11
牛蒡子,PTPN6
牛蒡子,PTPRF
牛蒡子,RELA
牛蒡子,RORC
牛蒡子,RXRA
牛蒡子,SAE1
牛蒡子,SLC1A1
牛蒡子,SLC22A1
牛蒡子,SLC28A1
牛蒡子,SLCO1B1
牛蒡子,SLCO1B3
牛蒡子,SLCO2B1
牛蒡子,SYK
牛蒡子,THRB
牛蒡子,TLR2
牛蒡子,TOP1
牛蒡子,TOP2A
牛蒡子,TRPV1
牛蒡子,TTR
牛蒡子,TYR
牛蒡子,UGT1A1
牛蒡子,XDH
牡丹皮,PIM1
牡丹皮,PLK1
牡蛎,ALOX15
牡蛎,ALOX5
牡蛎,CA2
牡蛎,CTSL
牡蛎,CYP19A1
牡蛎,CYP2A6
牡蛎,CYP2C19
牡蛎,CYP2C9
牡蛎,CYP2D6
牡蛎,EPHX2
牡蛎,HIF1A
牡蛎,IDH1
牡蛎,KDM4E
牡蛎,MAPT
牡蛎,MMP1
牡蛎,PDE5A
牡蛎,PTGS2
牡蛎,XDH
玄参,ACHE
玄参,AKR1B1
玄参,ALK
玄参,ALOX15
玄参,ALOX5
玄参,ALPI
玄参,APEX1
玄参,APP
玄参,AR
玄参,AURKB
玄参,BACE1
玄参,BCHE
玄参,CA1
玄参,CA12
玄参,CA2
玄参,CA4
玄参,CA5A
玄参,CA5B
玄参,CA7
玄参,CA9
玄参,CXCL8
玄参,CYP19A1
玄参,CYP1A1
玄参,CYP1A2
玄参,CYP2A6
玄参,CYP2C8
玄参,CYP2D6
玄参,CYP2J2
玄参,DPP4
玄参,EHMT2
玄参,FABP2
玄参,FASN
玄参,GBA
玄参,GLO1
玄参,GPR35
玄参,GSK3B
玄参,HIF1A
玄参,HSD11B1
玄参,HSD17B2
玄参,IDH1
玄参,KDM4E
玄参,KMT2A
玄参,MAPK1
玄参,MAPT
玄参,MET
玄参,MMP12
玄参,MMP2
玄参,MMP3
玄参,MMP9
玄参,NFKB1
玄参,PIM1
玄参,PNP
玄参,POLB
玄参,PPARA
玄参,PPARD
玄参,PPARG
玄参,PTGS2
玄参,RORC
玄参,SLC28A3
玄参,SLCO1B3
玄参,THRB
玄参,TOP1
玄参,TOP2A
玄参,TYR
玉竹,ACHE
玉竹,AKR1B1
玉竹,ALOX5
玉竹,ALPL
玉竹,CA12
玉竹,CA2
玉竹,CA5A
玉竹,CA9
玉竹,CYP19A1
玉竹,CYP1A2
玉竹,CYP3A4
玉竹,DAPK1
玉竹,ESR1
玉竹,GSK3B
玉竹,HCAR2
玉竹,HIF1A
玉竹,KMT2A
玉竹,MAPK1
玉竹,MAPKAPK2
玉竹,MAPT
玉竹,MMP13
玉竹,NFKB1
玉竹,PARP1
玉竹,POLB
玉竹,PPARA
玉竹,PPARG
玉竹,PTPN11
玉竹,RORC
玉竹,SLC22A1
玉竹,SRC
玉竹,TERT
玉竹,TOP1
瓜蒌,ABCC1
瓜蒌,ACHE
瓜蒌,ADORA1
瓜蒌,ADORA3
瓜蒌,AKR1B1
瓜蒌,AKR1B10
瓜蒌,AKR1C2
瓜蒌,AKR1C3
瓜蒌,AKR1C4
瓜蒌,AKT1
瓜蒌,ALOX12
瓜蒌,ALOX5
瓜蒌,AMY1A
瓜蒌,APEX1
瓜蒌,APP
瓜蒌,AVPR2
瓜蒌,AXL
瓜蒌,BACE1
瓜蒌,CA1
瓜蒌,CA12
瓜蒌,CA13
瓜蒌,CA14
瓜蒌,CA2
瓜蒌,CA3
瓜蒌,CA4
瓜蒌,CA5A
瓜蒌,CA5B
瓜蒌,CA6
瓜蒌,CA7
瓜蒌,CA9
瓜蒌,CAMK2B
瓜蒌,CD38
瓜蒌,CXCL8
瓜蒌,CXCR1
瓜蒌,CYP19A1
瓜蒌,CYP1A1
瓜蒌,CYP1A2
瓜蒌,CYP2C19
瓜蒌,CYP2C9
瓜蒌,CYP2D6
瓜蒌,CYP3A4
瓜蒌,DAO
瓜蒌,DAPK1
瓜蒌,DNMT3B
瓜蒌,DRD1
瓜蒌,DUSP3
瓜蒌,EGFR
瓜蒌,EHMT2
瓜蒌,EPHX2
瓜蒌,ESR1
瓜蒌,FABP2
瓜蒌,FLT3
瓜蒌,GAA
瓜蒌,GBA
瓜蒌,GLO1
瓜蒌,GPR35
瓜蒌,GRM2
瓜蒌,GSK3B
瓜蒌,HCAR2
瓜蒌,HDAC2
瓜蒌,HDAC6
瓜蒌,HIF1A
瓜蒌,HSD11B1
瓜蒌,HSD17B1
瓜蒌,HTR7
瓜蒌,IDO1
瓜蒌,IGF1R
瓜蒌,KDM4E
瓜蒌,KMT2A
瓜蒌,MAOA
瓜蒌,MAPK1
瓜蒌,MAPT
瓜蒌,MMP1
瓜蒌,MMP12
瓜蒌,MMP3
瓜蒌,MMP9
瓜蒌,MPG
瓜蒌,NFKB1
瓜蒌,NUAK1
瓜蒌,PDE5A
瓜蒌,PIK3CG
瓜蒌,PLG
瓜蒌,PLK1
瓜蒌,POLB
瓜蒌,PPARA
瓜蒌,PPARG
瓜蒌,PTGS2
瓜蒌,PTK2
瓜蒌,PTPN11
瓜蒌,PYGL
瓜蒌,RELA
瓜蒌,RORC
瓜蒌,SLC22A1
瓜蒌,SLC28A1
瓜蒌,SLCO1B1
瓜蒌,SLCO1B3
瓜蒌,SLCO2B1
瓜蒌,SRC
瓜蒌,SYK
瓜蒌,TBXAS1
瓜蒌,THRB
瓜蒌,TLR2
瓜蒌,TOP1
瓜蒌,TTR
瓜蒌,TYR
瓜蒌,UGT1A1
瓜蒌,XDH
瓜蒌子,ACHE
瓜蒌子,ADORA3
瓜蒌子,AKR1B1
瓜蒌子,AKR1C2
瓜蒌子,AKR1C3
瓜蒌子,AKT1
瓜蒌子,ALOX15
瓜蒌子,ALOX5
瓜蒌子,AR
瓜蒌子,BCHE
瓜蒌子,BCL2
瓜蒌子,CA1
瓜蒌子,CA2
瓜蒌子,CA3
瓜蒌子,CA4
瓜蒌子,CA5A
瓜蒌子,CA6
瓜蒌子,CA9
瓜蒌子,CXCL8
瓜蒌子,CYP1B1
瓜蒌子,CYP2C19
瓜蒌子,CYP2D6
瓜蒌子,CYP3A4
瓜蒌子,EGFR
瓜蒌子,EHMT2
瓜蒌子,EPHB4
瓜蒌子,ERBB2
瓜蒌子,ESR1
瓜蒌子,FABP3
瓜蒌子,FABP4
瓜蒌子,FASN
瓜蒌子,FLT3
瓜蒌子,GLO1
瓜蒌子,HCAR2
瓜蒌子,MAP2K1
瓜蒌子,MAPK1
瓜蒌子,MAPT
瓜蒌子,MMP2
瓜蒌子,MMP9
瓜蒌子,NFKB1
瓜蒌子,PIK3CG
瓜蒌子,PIM1
瓜蒌子,POLB
瓜蒌子,PPARA
瓜蒌子,PPARD
瓜蒌子,PPARG
瓜蒌子,PRKCA
瓜蒌子,PTGS1
瓜蒌子,PTGS2
瓜蒌子,PTPN6
瓜蒌子,RORC
瓜蒌子,SLCO1B1
瓜蒌子,SLCO2B1
瓜蒌子,SRC
瓜蒌子,THRB
瓜蒌子,TTR
瓜蒌子,XDH
瓜蒌皮,ABCB1
瓜蒌皮,ABCB11
瓜蒌皮,ABCG2
瓜蒌皮,ADORA3
瓜蒌皮,AKR1B1
瓜蒌皮,AKT1
瓜蒌皮,ALK
瓜蒌皮,ALOX12
瓜蒌皮,ALOX15
瓜蒌皮,ALOX5
瓜蒌皮,ALPL
瓜蒌皮,AMY1A
瓜蒌皮,APEX1
瓜蒌皮,APP
瓜蒌皮,AURKB
瓜蒌皮,AXL
瓜蒌皮,BACE1
瓜蒌皮,BCHE
瓜蒌皮,CA1
瓜蒌皮,CA12
瓜蒌皮,CA13
瓜蒌皮,CA14
瓜蒌皮,CA2
瓜蒌皮,CA3
瓜蒌皮,CA4
瓜蒌皮,CA5B
瓜蒌皮,CA6
瓜蒌皮,CA7
瓜蒌皮,CA9
瓜蒌皮,CARM1
瓜蒌皮,CBR1
瓜蒌皮,CCR4
瓜蒌皮,CD38
瓜蒌皮,CDK6
瓜蒌皮,CTSL
瓜蒌皮,CXCL8
瓜蒌皮,CYP19A1
瓜蒌皮,CYP1A1
瓜蒌皮,CYP1A2
瓜蒌皮,CYP2C19
瓜蒌皮,CYP2C9
瓜蒌皮,CYP2D6
瓜蒌皮,CYP2J2
瓜蒌皮,CYP3A4
瓜蒌皮,DAO
瓜蒌皮,DAPK1
瓜蒌皮,DPP4
瓜蒌皮,EGFR
瓜蒌皮,EHMT2
瓜蒌皮,EPHX2
瓜蒌皮,ESR1
瓜蒌皮,F2
瓜蒌皮,F3
瓜蒌皮,FABP2
瓜蒌皮,FABP3
瓜蒌皮,FABP4
瓜蒌皮,FASN
瓜蒌皮,FLT3
瓜蒌皮,FOLH1
瓜蒌皮,GAA
瓜蒌皮,GLO1
瓜蒌皮,GPR35
瓜蒌皮,GSK3B
瓜蒌皮,HCAR2
瓜蒌皮,HIF1A
瓜蒌皮,HMGCR
瓜蒌皮,HSPA8
瓜蒌皮,HTR7
瓜蒌皮,IDH1
瓜蒌皮,KDM4E
瓜蒌皮,KDR
瓜蒌皮,KMT2A
瓜蒌皮,MAOB
瓜蒌皮,MAP2K1
瓜蒌皮,MAPK1
瓜蒌皮,MAPT
瓜蒌皮,MET
瓜蒌皮,MMP12
瓜蒌皮,MMP3
瓜蒌皮,MMP9
瓜蒌皮,MPG
瓜蒌皮,NFKB1
瓜蒌皮,NR1H4
瓜蒌皮,NR1I2
瓜蒌皮,NUAK1
瓜蒌皮,PIK3CG
瓜蒌皮,PIM1
瓜蒌皮,PLG
瓜蒌皮,POLB
瓜蒌皮,PPARA
瓜蒌皮,PPARD
瓜蒌皮,PPARG
瓜蒌皮,PRKCA
瓜蒌皮,PTGS2
瓜蒌皮,PTK2
瓜蒌皮,PTPN1
瓜蒌皮,PTPRS
瓜蒌皮,PYGL
瓜蒌皮,RORC
瓜蒌皮,SLC22A1
瓜蒌皮,SLCO1B1
瓜蒌皮,SLCO1B3
瓜蒌皮,SRC
瓜蒌皮,THRB
瓜蒌皮,TLR2
瓜蒌皮,TYR
瓜蒌皮,UGT1A1
甘草,ABCB1
甘草,ABCC1
甘草,ADORA2B
甘草,ADORA3
甘草,AKR1B1
甘草,AKR1B10
甘草,AKR1C2
甘草,AKR1C4
甘草,AKT1
甘草,ALK
甘草,ALOX15
甘草,ALOX5
甘草,ALPL
甘草,AMY1A
甘草,APEX1
甘草,APP
甘草,AXL
甘草,BACE1
甘草,BCHE
甘草,BCL2
甘草,BCL2L1
甘草,CA1
甘草,CA12
甘草,CA14
甘草,CA2
甘草,CA3
甘草,CA4
甘草,CA5A
甘草,CA6
甘草,CA7
甘草,CA9
甘草,CAMK2B
甘草,CD38
甘草,CDK6
甘草,CNR1
甘草,CXCL8
甘草,CXCR1
甘草,CYP19A1
甘草,CYP1A1
甘草,CYP1A2
甘草,CYP1B1
甘草,CYP2A6
甘草,CYP2C19
甘草,CYP2C8
甘草,CYP2C9
甘草,CYP2D6
甘草,CYP3A4
甘草,DAPK1
甘草,DPP4
甘草,DRD1
甘草,DUSP3
甘草,EGFR
甘草,EHMT2
甘草,EPHX2
甘草,ESR1
甘草,ESR2
甘草,ESRRA
甘草,F2
甘草,F3
甘草,FABP2
甘草,FABP3
甘草,FABP4
甘草,FABP5
甘草,FASN
甘草,GAA
甘草,GBA
甘草,GLO1
甘草,GPR35
甘草,GRM1
甘草,GSK3B
甘草,HCAR2
甘草,HDAC1
甘草,HIF1A
甘草,HSD11B1
甘草,HSD17B1
甘草,HSD17B2
甘草,HSP90AB1
甘草,HSPA8
甘草,HTR7
甘草,IDH1
甘草,IDO1
甘草,IGF1R
甘草,KCNH2
甘草,KDM4E
甘草,KDR
甘草,KMT2A
甘草,MAOB
甘草,MAP2K1
甘草,MAPK1
甘草,MAPK9
甘草,MAPKAPK2
甘草,MAPT
甘草,MMP1
甘草,MMP12
甘草,MMP13
甘草,MMP2
甘草,MMP3
甘草,MMP9
甘草,MPG
甘草,NEK2
甘草,NEK6
甘草,NFKB1
甘草,NR1I2
甘草,NUAK1
甘草,OPRM1
甘草,PDE5A
甘草,PIM1
甘草,PIM3
甘草,PLG
甘草,PLK1
甘草,PNP
甘草,POLB
甘草,PPARA
甘草,PPARD
甘草,PPARG
甘草,PRKCA
甘草,PTGS1
甘草,PTGS2
甘草,PTK2
甘草,PTPN1
甘草,PTPN11
甘草,PTPRS
甘草,PYGL
甘草,RELA
甘草,RORC
甘草,SLC28A1
甘草,SLCO1B1
甘草,SLCO2B1
甘草,SOAT1
甘草,STAT3
甘草,SYK
甘草,TBXAS1
甘草,THRB
甘草,TLR2
甘草,TNKS2
甘草,TOP1
甘草,TOP2A
甘草,TRPV1
甘草,TTR
甘草,TYR
甘草,UGT1A1
甘草,XDH
甘草,XPO1
生地黄,CA1
生地黄,CA3
生地黄,CA4
生地黄,CA7
生地黄,CA9
生地黄,CYP3A4
生地黄,EHMT2
生地黄,FABP5
生地黄,FLT3
生地黄,HSD17B1
生地黄,KMT2A
生地黄,MAPT
生地黄,MMP1
生地黄,MMP13
生地黄,NEK6
生地黄,PKN1
生地黄,POLB
生地黄,RORC
生地黄,XDH
生姜,ABCB1
生姜,ABCC1
生姜,ABCG2
生姜,ACHE
生姜,ACP1
生姜,ADORA1
生姜,ADORA2A
生姜,ADORA3
生姜,ADRA2C
生姜,AKR1B1
生姜,AKR1B10
生姜,AKR1C2
生姜,AKT1
生姜,ALK
生姜,ALOX12
生姜,ALOX15
生姜,ALOX5
生姜,ALPI
生姜,ALPL
生姜,AMY1A
生姜,APEX1
生姜,APP
生姜,AR
生姜,AURKB
生姜,BACE1
生姜,BCL2
生姜,BCL2L1
生姜,BCR
生姜,BRAF
生姜,CA1
生姜,CA12
生姜,CA13
生姜,CA14
生姜,CA2
生姜,CA3
生姜,CA4
生姜,CA5A
生姜,CA6
生姜,CA7
生姜,CA9
生姜,CBR1
生姜,CCR4
生姜,CD38
生姜,CDK6
生姜,CES1
生姜,CNR1
生姜,CSNK2A1
生姜,CTSD
生姜,CTSL
生姜,CXCL8
生姜,CYP19A1
生姜,CYP1A1
生姜,CYP1A2
生姜,CYP1B1
生姜,CYP2A6
生姜,CYP2C19
生姜,CYP2C8
生姜,CYP2C9
生姜,CYP2D6
生姜,CYP2J2
生姜,CYP3A4
生姜,DAO
生姜,DAPK1
生姜,DRD1
生姜,DUSP3
生姜,EGFR
生姜,EHMT2
生姜,EP300
生姜,EPHX2
生姜,ERBB2
生姜,ESR1
生姜,ESR2
生姜,ESRRA
生姜,F2
生姜,F3
生姜,FABP2
生姜,FABP3
生姜,FABP4
生姜,FABP5
生姜,FASN
生姜,FLT3
生姜,FOLH1
生姜,FUT7
生姜,GAA
生姜,GABRR1
生姜,GBA
生姜,GLO1
生姜,GPR35
生姜,GRIK2
生姜,GSK3B
生姜,HCAR2
生姜,HIF1A
生姜,HMGCR
生姜,HSD11B1
生姜,HSD17B1
生姜,HSD17B2
生姜,HSP90AB1
生姜,HTR1A
生姜,HTR7
生姜,IDH1
生姜,IDO1
生姜,KDM4E
生姜,KDR
生姜,KIT
生姜,KMT2A
生姜,MAOB
生姜,MAP2K1
生姜,MAPK1
生姜,MAPK14
生姜,MAPKAPK2
生姜,MAPT
生姜,MMP1
生姜,MMP12
生姜,MMP2
生姜,MMP3
生姜,MMP9
生姜,MPG
生姜,NEK2
生姜,NEK6
生姜,NFKB1
生姜,NR1I2
生姜,NUAK1
生姜,PDE5A
生姜,PHF8
生姜,PIK3CA
生姜,PIK3CG
生姜,PIM1
生姜,PKN1
生姜,PLG
生姜,PLK1
生姜,PNP
生姜,POLB
生姜,PPARA
生姜,PPARD
生姜,PPARG
生姜,PTGS2
生姜,PTK2
生姜,PTPN1
生姜,PTPN11
生姜,PTPRF
生姜,PTPRS
生姜,PYGL
生姜,RORC
生姜,SHBG
生姜,SLC22A1
生姜,SLC28A1
生姜,SLC5A2
生姜,SLCO1B1
生姜,SLCO2B1
生姜,SOAT1
生姜,SRC
生姜,SYK
生姜,TERT
生姜,THRB
生姜,TLR2
生姜,TNKS
生姜,TNKS2
生姜,TOP2A
生姜,TTR
生姜,TYR
生姜,UGT1A1
生姜,XDH
生姜,XPO1
生晒参,ABCB1
生晒参,ABCB11
生晒参,ABCC1
生晒参,ABCG2
生晒参,ACHE
生晒参,ACP1
生晒参,ADORA1
生晒参,ADRA1B
生晒参,ADRA2B
生晒参,ADRB1
生晒参,ADRB2
生晒参,AKR1B1
生晒参,AKR1B10
生晒参,AKR1C2
生晒参,AKR1C4
生晒参,AKT1
生晒参,ALK
生晒参,ALOX12
生晒参,ALOX15
生晒参,ALOX5
生晒参,ALPL
生晒参,AMY1A
生晒参,APEX1
生晒参,APP
生晒参,AR
生晒参,AURKB
生晒参,AVPR2
生晒参,AXL
生晒参,BACE1
生晒参,BCHE
生晒参,BCL2
生晒参,BCL2L1
生晒参,CA1
生晒参,CA12
生晒参,CA13
生晒参,CA14
生晒参,CA2
生晒参,CA3
生晒参,CA4
生晒参,CA5A
生晒参,CA5B
生晒参,CA6
生晒参,CA7
生晒参,CA9
生晒参,CAMK2B
生晒参,CARM1
生晒参,CBR1
生晒参,CCR4
生晒参,CD38
生晒参,CDK6
生晒参,CHRM2
生晒参,CNR1
生晒参,CNR2
生晒参,CSNK1D
生晒参,CTBP2
生晒参,CXCL8
生晒参,CXCR1
生晒参,CYP19A1
生晒参,CYP1A1
生晒参,CYP1B1
生晒参,CYP2A6
生晒参,CYP2B6
生晒参,CYP2C19
生晒参,CYP2C9
生晒参,CYP2D6
生晒参,CYP3A4
生晒参,DAPK1
生晒参,DPP4
生晒参,DRD1
生晒参,DRD5
生晒参,DUSP3
生晒参,EGFR
生晒参,EHMT2
生晒参,EPHX2
生晒参,ERN1
生晒参,ESR1
生晒参,F2
生晒参,F3
生晒参,FABP2
生晒参,FABP3
生晒参,FABP4
生晒参,FABP5
生晒参,FASN
生晒参,FLT3
生晒参,FLT4
生晒参,FUT7
生晒参,GAA
生晒参,GABRR1
生晒参,GBA
生晒参,GLO1
生晒参,GPR35
生晒参,GRIA4
生晒参,GRK6
生晒参,GRM3
生晒参,GRM8
生晒参,GSK3B
生晒参,HCAR2
生晒参,HIF1A
生晒参,HKDC1
生晒参,HRH3
生晒参,HSD11B1
生晒参,HSD17B1
生晒参,HSD17B2
生晒参,HSD17B3
生晒参,HSP90AB1
生晒参,HSPA8
生晒参,HTR1A
生晒参,HTR6
生晒参,HTR7
生晒参,IDH1
生晒参,IDO1
生晒参,IGF1R
生晒参,INSR
生晒参,KCNH2
生晒参,KDM4E
生晒参,KDR
生晒参,KMT2A
生晒参,MAOA
生晒参,MAOB
生晒参,MAP2K1
生晒参,MAP3K8
生晒参,MAPK1
生晒参,MAPK14
生晒参,MAPKAPK2
生晒参,MAPT
生晒参,MET
生晒参,MGLL
生晒参,MIF
生晒参,MMP1
生晒参,MMP12
生晒参,MMP13
生晒参,MMP14
生晒参,MMP2
生晒参,MMP3
生晒参,MTNR1A
生晒参,MYLK
生晒参,NEK6
生晒参,NOS2
生晒参,NR1H4
生晒参,NR1I2
生晒参,NUAK1
生晒参,OPRM1
生晒参,PARP1
生晒参,PDE4D
生晒参,PDE5A
生晒参,PIK3CG
生晒参,PIM1
生晒参,PKN1
生晒参,PLG
生晒参,PLK1
生晒参,POLB
生晒参,PPARA
生晒参,PPARD
生晒参,PPARG
生晒参,PRKCA
生晒参,PTGS1
生晒参,PTGS2
生晒参,PTPN1
生晒参,PTPN11
生晒参,PTPN2
生晒参,PTPN6
生晒参,PTPRF
生晒参,PTPRS
生晒参,PYGL
生晒参,RELA
生晒参,RORC
生晒参,SHBG
生晒参,SLC28A3
生晒参,SLC47A1
生晒参,SLC5A2
生晒参,SLC6A4
生晒参,SLCO1B1
生晒参,SLCO1B3
生晒参,SLCO2B1
生晒参,SRC
生晒参,SYK
生晒参,TNKS
生晒参,TNKS2
生晒参,TOP2A
生晒参,TRPV1
生晒参,TYR
生晒参,UBE2N
生晒参,UGT1A1
白前,CA4
白前,CYP3A4
白头翁,AKR1B10
白头翁,ALOX12
白头翁,ALOX15
白头翁,ALOX5
白头翁,BACE1
白头翁,CA1
白头翁,CA3
白头翁,CD38
白头翁,CYP19A1
白头翁,CYP2C19
白头翁,DPP4
白头翁,EGFR
白头翁,EHMT2
白头翁,GAA
白头翁,GLO1
白头翁,IDH1
白头翁,KCNH2
白头翁,KDM4E
白头翁,MAPK1
白头翁,MAPT
白头翁,MMP13
白头翁,MMP2
白头翁,NFKB1
白头翁,PPARA
白头翁,PPARG
白头翁,PTGS2
白头翁,RORC
白头翁,THRB
白头翁,UGT1A1
白术,ABCB1
白术,ABCB11
白术,ABCC1
白术,ABCG2
白术,ACHE
白术,ADORA2A
白术,ADORA2B
白术,ADORA3
白术,AKR1B1
白术,AKR1B10
白术,AKT1
白术,ALOX12
白术,ALOX15
白术,ALOX5
白术,AMY1A
白术,APEX1
白术,APP
白术,AXL
白术,BCHE
白术,BCL2
白术,CA1
白术,CA12
白术,CA13
白术,CA14
白术,CA2
白术,CA3
白术,CA4
白术,CA5A
白术,CA5B
白术,CA6
白术,CA7
白术,CA9
白术,CBR1
白术,CCR4
白术,CD38
白术,CES1
白术,CNR2
白术,CSNK2A1
白术,CXCL8
白术,CYP19A1
白术,CYP1A1
白术,CYP1A2
白术,CYP1B1
白术,CYP2A6
白术,CYP2C19
白术,CYP2C8
白术,CYP2C9
白术,CYP2D6
白术,CYP3A4
白术,DAPK1
白术,DRD1
白术,DUSP3
白术,EGFR
白术,EHMT2
白术,EPHX2
白术,ESR1
白术,ESRRB
白术,F2
白术,F3
白术,FABP2
白术,FABP3
白术,FABP4
白术,FABP5
白术,FASN
白术,FLT3
白术,FUT7
白术,GAA
白术,GBA
白术,GLO1
白术,GRIK2
白术,GSK3B
白术,HDAC6
白术,HKDC1
白术,HSD17B1
白术,HSPA8
白术,HTR7
白术,IDH1
白术,IDO1
白术,IGF1R
白术,KDM4E
白术,KMT2A
白术,MAP2K1
白术,MAPK1
白术,MAPT
白术,MMP12
白术,MMP13
白术,MMP3
白术,MMP9
白术,MPG
白术,NFKB1
白术,NR1H4
白术,NR1I2
白术,NUAK1
白术,OPRD1
白术,PIK3CG
白术,PIM1
白术,PKN1
白术,PLG
白术,PLK1
白术,PNP
白术,POLB
白术,PPARA
白术,PPARD
白术,PPARG
白术,PRKCA
白术,PTGS1
白术,PTGS2
白术,PTPN1
白术,PTPN11
白术,PTPN6
白术,PTPRS
白术,PYGL
白术,RORC
白术,SLC6A4
白术,SLCO1B1
白术,SLCO1B3
白术,SLCO2B1
白术,SRC
白术,SYK
白术,THRB
白术,TLR2
白术,TOP1
白术,TOP2A
白术,TRPV1
白术,TTR
白术,UGT1A1
白术,VCP
白术,XDH
白果,ACHE
白果,ACP1
白果,ADORA2A
白果,ADORA3
白果,ADRA2B
白果,AKR1B1
白果,AKR1C3
白果,AKT1
白果,ALK
白果,ALOX12
白果,ALOX15
白果,ALOX5
白果,ALPI
白果,ALPL
白果,AMY1A
白果,APEX1
白果,APP
白果,AR
白果,AURKA
白果,AURKB
白果,AVPR2
白果,AXL
白果,BACE1
白果,BCHE
白果,BCL2L1
白果,BRAF
白果,CA1
白果,CA12
白果,CA13
白果,CA14
白果,CA2
白果,CA3
白果,CA4
白果,CA5A
白果,CA5B
白果,CA6
白果,CA7
白果,CA9
白果,CAMK2B
白果,CBR1
白果,CCR4
白果,CDC25B
白果,CDK6
白果,CES1
白果,CES2
白果,CHRM3
白果,CSNK2A1
白果,CTSD
白果,CTSL
白果,CXCL8
白果,CYP19A1
白果,CYP1A1
白果,CYP1A2
白果,CYP1B1
白果,CYP2C19
白果,CYP2C8
白果,CYP2C9
白果,CYP2D6
白果,CYP2J2
白果,CYP3A4
白果,DAO
白果,DPP4
白果,DRD1
白果,DRD2
白果,DUSP3
白果,EGFR
白果,EGLN1
白果,EHMT2
白果,EPHB4
白果,EPHX2
白果,ERBB2
白果,ESR1
白果,ESR2
白果,F2
白果,F3
白果,FABP2
白果,FABP3
白果,FABP5
白果,FASN
白果,FDPS
白果,FLT3
白果,FUT7
白果,GAA
白果,GBA
白果,GLO1
白果,GLRA1
白果,GPR35
白果,GRIK5
白果,GRK6
白果,GRM1
白果,GRM2
白果,GRM5
白果,GRM8
白果,GSK3B
白果,HCAR2
白果,HIF1A
白果,HSD11B1
白果,HSD17B2
白果,HSP90AB1
白果,HTR2A
白果,HTR7
白果,IDH1
白果,IDO1
白果,IGF1R
白果,KCNH2
白果,KDM4E
白果,KDR
白果,KMT2A
白果,MAOA
白果,MAPK1
白果,MAPK14
白果,MAPK9
白果,MAPKAPK2
白果,MAPT
白果,MET
白果,MGLL
白果,MMP1
白果,MMP12
白果,MMP13
白果,MMP2
白果,MMP3
白果,MMP9
白果,MPG
白果,NEK6
白果,NFKB1
白果,NOS2
白果,NUAK1
白果,ODC1
白果,OPRM1
白果,PDE4B
白果,PDE5A
白果,PIK3CG
白果,PIM1
白果,PKN1
白果,PLG
白果,PNP
白果,POLB
白果,PPARA
白果,PPARD
白果,PPARG
白果,PRKCA
白果,PTGS1
白果,PTGS2
白果,PTK2
白果,PTPN1
白果,PTPN2
白果,PTPN6
白果,PTPRS
白果,RORC
白果,SENP7
白果,SHBG
白果,SLC22A1
白果,SLC28A1
白果,SLC28A3
白果,SLC5A1
白果,SLCO1B1
白果,SLCO1B3
白果,SLCO2B1
白果,SRC
白果,STAT3
白果,SYK
白果,TEK
白果,TERT
白果,TGM2
白果,THRB
白果,TLR2
白果,TNKS2
白果,TOP1
白果,TOP2A
白果,TTR
白果,TYR
白果,UGT1A1
白果,XDH
白芍,AKR1B1
白芍,BCL2
白芍,CA4
白芍,CYP2C19
白芍,CYP2C9
白芍,DUSP3
白芍,EHMT2
白芍,INSR
白芍,KDM4E
白芍,POLB
白芍,SLCO1B3
白芍,TERT
白芍,TOP2A
白芍,XDH
白芥子,ABCC1
白芥子,ABCG2
白芥子,ACHE
白芥子,ACP1
白芥子,ADORA1
白芥子,ADORA2A
白芥子,ADORA3
白芥子,ADRA1A
白芥子,AKR1B1
白芥子,AKR1B10
白芥子,AKR1C2
白芥子,AKR1C3
白芥子,AKT1
白芥子,ALK
白芥子,ALOX12
白芥子,ALOX15
白芥子,ALOX5
白芥子,ALPI
白芥子,ALPL
白芥子,AMY1A
白芥子,APEX1
白芥子,APP
白芥子,AR
白芥子,AURKB
白芥子,AXL
白芥子,BACE1
白芥子,BCHE
白芥子,BCL2
白芥子,BCL2L1
白芥子,BRAF
白芥子,CA1
白芥子,CA12
白芥子,CA13
白芥子,CA14
白芥子,CA2
白芥子,CA3
白芥子,CA4
白芥子,CA5A
白芥子,CA5B
白芥子,CA6
白芥子,CA7
白芥子,CA9
白芥子,CBR1
白芥子,CD38
白芥子,CDC25B
白芥子,CDK6
白芥子,CES2
白芥子,CSNK2A1
白芥子,CTSL
白芥子,CXCL8
白芥子,CYP19A1
白芥子,CYP1A1
白芥子,CYP1A2
白芥子,CYP1B1
白芥子,CYP2C19
白芥子,CYP2C8
白芥子,CYP2C9
白芥子,CYP2D6
白芥子,CYP2J2
白芥子,CYP3A4
白芥子,DAO
白芥子,DAPK1
白芥子,DPP4
白芥子,DRD1
白芥子,DUSP3
白芥子,DYRK1A
白芥子,EBP
白芥子,EGFR
白芥子,EHMT2
白芥子,EPHX2
白芥子,ERBB2
白芥子,ESR1
白芥子,ESR2
白芥子,ESRRA
白芥子,F2
白芥子,F3
白芥子,FABP2
白芥子,FABP3
白芥子,FABP4
白芥子,FASN
白芥子,FLT3
白芥子,FUT7
白芥子,GAA
白芥子,GABRR1
白芥子,GBA
白芥子,GPR35
白芥子,GRIA1
白芥子,GRK6
白芥子,GRM5
白芥子,GSK3B
白芥子,HCAR2
白芥子,HIF1A
白芥子,HKDC1
白芥子,HSD17B1
白芥子,HSD17B2
白芥子,HSP90AB1
白芥子,HSPA8
白芥子,HTR6
白芥子,IDH1
白芥子,IDO1
白芥子,INSR
白芥子,KAT2B
白芥子,KCNA5
白芥子,KDM4E
白芥子,KDR
白芥子,KMT2A
白芥子,MAOA
白芥子,MAOB
白芥子,MAP2K1
白芥子,MAPK1
白芥子,MAPK9
白芥子,MAPKAPK2
白芥子,MAPT
白芥子,MCL1
白芥子,MET
白芥子,MGLL
白芥子,MMP1
白芥子,MMP12
白芥子,MMP13
白芥子,MMP2
白芥子,MMP3
白芥子,MMP9
白芥子,MPG
白芥子,NEK2
白芥子,NEK6
白芥子,NFKB1
白芥子,NOS2
白芥子,NR1H4
白芥子,NUAK1
白芥子,ODC1
白芥子,PDE5A
白芥子,PDPK1
白芥子,PIK3CG
白芥子,PIM1
白芥子,PKN1
白芥子,PLG
白芥子,PLK1
白芥子,PLK4
白芥子,POLB
白芥子,PPARA
白芥子,PPARD
白芥子,PPARG
白芥子,PRKCA
白芥子,PTGS1
白芥子,PTGS2
白芥子,PTK2
白芥子,PTPN1
白芥子,PTPRF
白芥子,PTPRS
白芥子,PYGL
白芥子,RORC
白芥子,SIRT2
白芥子,SLC22A1
白芥子,SLC28A1
白芥子,SLC28A2
白芥子,SLC28A3
白芥子,SLCO1B1
白芥子,SLCO1B3
白芥子,SMAD3
白芥子,SRC
白芥子,SYK
白芥子,TEK
白芥子,TERT
白芥子,THRB
白芥子,TNKS2
白芥子,TOP1
白芥子,TOP2A
白芥子,TTR
白芥子,TYR
白芥子,UGT1A1
白芥子,XDH
白芷,AKR1B1
白芷,APP
白芷,CA5A
白芷,CYP19A1
白芷,CYP2D6
白芷,CYP3A4
白芷,NEK6
白芷,PLG
白芷,POLB
白芷,PPARD
白芷,RORC
白茅根,TTR
百合,ABCB11
百合,ACHE
百合,ACP1
百合,ADORA1
百合,ADORA2B
百合,ADORA3
百合,ADRB2
百合,AKR1B1
百合,ALK
百合,ALOX12
百合,ALOX15
百合,ALOX5
百合,ALPI
百合,ALPL
百合,AMY1A
百合,AOX1
百合,APP
百合,AR
百合,AURKA
百合,AURKB
百合,AVPR2
百合,AXL
百合,BACE1
百合,BCHE
百合,CA1
百合,CA12
百合,CA14
百合,CA2
百合,CA3
百合,CA4
百合,CA5B
百合,CA6
百合,CA7
百合,CA9
百合,CCR4
百合,CDC25B
百合,CDK6
百合,CHRM1
百合,CSNK2A1
百合,CTBP2
百合,CTSL
百合,CXCL8
百合,CYP19A1
百合,CYP1A1
百合,CYP1A2
百合,CYP1B1
百合,CYP2A6
百合,CYP2B6
百合,CYP2C19
百合,CYP2C9
百合,CYP2D6
百合,CYP3A4
百合,DAO
百合,DAPK1
百合,DPP4
百合,DUSP3
百合,EHMT2
百合,EPHX2
百合,ESR1
百合,ESRRA
百合,F3
百合,FABP2
百合,FABP3
百合,FABP4
百合,FABP5
百合,FASN
百合,FLT3
百合,GAA
百合,GBA
百合,GLO1
百合,GPR35
百合,GSK3B
百合,HCAR2
百合,HDAC3
百合,HIF1A
百合,HSD11B1
百合,HSD17B3
百合,HSP90AB1
百合,HTR3A
百合,HTR7
百合,IDH1
百合,IGF1R
百合,INSR
百合,KCNH2
百合,KDM4E
百合,KDR
百合,KMT2A
百合,MAOA
百合,MAOB
百合,MAP2K1
百合,MAPK1
百合,MAPK14
百合,MAPK9
百合,MAPT
百合,MET
百合,MGLL
百合,MMP12
百合,MMP2
百合,MMP3
百合,NEK2
百合,NOS2
百合,NUAK1
百合,PARP1
百合,PDE5A
百合,PKN1
百合,PLG
百合,PLK1
百合,POLB
百合,PPARA
百合,PPARD
百合,PPARG
百合,PRKCA
百合,PTGES
百合,PTPN1
百合,PTPN2
百合,PYGL
百合,RELA
百合,RORB
百合,SLC28A2
百合,SLC28A3
百合,SLCO1B1
百合,SLCO1B3
百合,SLCO2B1
百合,SMAD3
百合,SOAT1
百合,STAT3
百合,TERT
百合,TOP1
百合,TOP2A
百合,TRPV1
百合,TTR
百合,TYR
百合,UBE2N
百合,UGT1A1
百合,XDH
百部,CYP19A1
百部,CYP3A4
皂角刺,APEX1
皂角刺,CA12
皂角刺,CA2
皂角刺,CA4
皂角刺,CA5A
皂角刺,CA5B
皂角刺,CA9
皂角刺,CDK6
皂角刺,CYP19A1
皂角刺,CYP1B1
皂角刺,CYP2C19
皂角刺,CYP2C9
皂角刺,CYP2D6
皂角刺,CYP3A4
皂角刺,DAPK1
皂角刺,EHMT2
皂角刺,ESR1
皂角刺,GAA
皂角刺,GBA
皂角刺,HSD17B1
皂角刺,KDM4E
皂角刺,KMT2A
皂角刺,MAPT
皂角刺,MET
皂角刺,MMP2
皂角刺,MMP3
皂角刺,MMP9
皂角刺,NEK6
皂角刺,PIM1
皂角刺,POLB
皂角刺,PPARA
皂角刺,PPARD
皂角刺,PTGS1
皂角刺,RORC
皂角刺,SLC28A1
皂角刺,SLCO1B1
皂角刺,SLCO2B1
皂角刺,THRB
皂角刺,TLR2
皂角刺,TNKS
知母,ACHE
知母,ADORA2B
知母,AKR1B1
知母,AKR1B10
知母,ALOX5
知母,ALPI
知母,AMY1A
知母,APP
知母,AR
知母,BACE1
知母,BCHE
知母,CA12
知母,CA14
知母,CA2
知母,CA4
知母,CA5A
知母,CA6
知母,CA7
知母,CCR4
知母,CD38
知母,CHRNA7
知母,CTSD
知母,CXCL8
知母,CXCR1
知母,CYP19A1
知母,CYP1A1
知母,CYP1A2
知母,CYP1B1
知母,CYP2C19
知母,CYP2C8
知母,CYP2D6
知母,CYP3A4
知母,DAO
知母,DNMT1
知母,DRD1
知母,EGFR
知母,EHMT2
知母,EPHX2
知母,ESR1
知母,FABP3
知母,GAA
知母,GBA
知母,GPR35
知母,HCAR2
知母,HIF1A
知母,HSD11B1
知母,HSD17B2
知母,HTR1A
知母,IDH1
知母,INSR
知母,KMT2A
知母,MAPK1
知母,MAPT
知母,MMP12
知母,MMP13
知母,MMP2
知母,MMP3
知母,MMP9
知母,NFKB1
知母,NUAK1
知母,POLB
知母,PPARD
知母,PTPRF
知母,SLCO1B1
知母,TNKS
知母,TOP2A
知母,TYR
矮地茶,CA1
矮地茶,CA2
矮地茶,CA7
矮地茶,CYP3A4
矮地茶,DAPK1
矮地茶,EGFR
矮地茶,EHMT2
矮地茶,ESR1
矮地茶,GAA
矮地茶,HIF1A
矮地茶,KDM4E
矮地茶,MAPT
矮地茶,MMP9
矮地茶,PTK2
石斛,AKR1B1
石斛,POLB
石菖蒲,ACHE
石菖蒲,ADORA2A
石菖蒲,ADORA3
石菖蒲,AKR1B1
石菖蒲,AKR1C4
石菖蒲,ALOX15
石菖蒲,ALOX5
石菖蒲,AMY1A
石菖蒲,APEX1
石菖蒲,APP
石菖蒲,AR
石菖蒲,BACE1
石菖蒲,BCHE
石菖蒲,CA1
石菖蒲,CA12
石菖蒲,CA13
石菖蒲,CA14
石菖蒲,CA2
石菖蒲,CA3
石菖蒲,CA4
石菖蒲,CA5A
石菖蒲,CA5B
石菖蒲,CA7
石菖蒲,CA9
石菖蒲,CYP19A1
石菖蒲,CYP1A2
石菖蒲,CYP2A6
石菖蒲,CYP2C19
石菖蒲,CYP2C9
石菖蒲,CYP2D6
石菖蒲,DPP4
石菖蒲,DRD3
石菖蒲,DUSP3
石菖蒲,EGFR
石菖蒲,EHMT2
石菖蒲,EPHX2
石菖蒲,ESR1
石菖蒲,FABP2
石菖蒲,FABP4
石菖蒲,FLT3
石菖蒲,GAA
石菖蒲,GBA
石菖蒲,GLO1
石菖蒲,HSD17B2
石菖蒲,IDH1
石菖蒲,IGF1R
石菖蒲,KDM4E
石菖蒲,KMT2A
石菖蒲,MAPK1
石菖蒲,MAPT
石菖蒲,MMP12
石菖蒲,MMP13
石菖蒲,MMP2
石菖蒲,MMP9
石菖蒲,NEK6
石菖蒲,PDE5A
石菖蒲,PKN1
石菖蒲,PPARD
石菖蒲,PPARG
石菖蒲,PTGS1
石菖蒲,PTGS2
石菖蒲,PTPN1
石菖蒲,RORC
石菖蒲,SENP8
石菖蒲,SLCO1B3
石菖蒲,SLCO2B1
石菖蒲,SYK
石菖蒲,TERT
石菖蒲,TLR2
石菖蒲,TOP1
石菖蒲,TOP2A
石菖蒲,UGT1A1
砂仁,ABCC1
砂仁,ABCG2
砂仁,ACHE
砂仁,ADORA1
砂仁,ADORA2B
砂仁,AKR1B1
砂仁,AKR1B10
砂仁,ALK
砂仁,ALOX12
砂仁,ALOX15
砂仁,ALOX5
砂仁,ALPL
砂仁,AMY1A
砂仁,APEX1
砂仁,APOBEC3G
砂仁,AR
砂仁,AVPR2
砂仁,BACE1
砂仁,BCHE
砂仁,BCL2
砂仁,BCL2L1
砂仁,CA1
砂仁,CA12
砂仁,CA14
砂仁,CA2
砂仁,CA3
砂仁,CA4
砂仁,CA5A
砂仁,CA5B
砂仁,CA6
砂仁,CA7
砂仁,CA9
砂仁,CCR4
砂仁,CDK6
砂仁,CSNK2A1
砂仁,CXCL8
砂仁,CXCR1
砂仁,CYP19A1
砂仁,CYP1A1
砂仁,CYP1A2
砂仁,CYP1B1
砂仁,CYP2C19
砂仁,CYP2C9
砂仁,CYP2D6
砂仁,CYP3A4
砂仁,DAO
砂仁,DAPK1
砂仁,DPP4
砂仁,DRD1
砂仁,DUSP3
砂仁,EGFR
砂仁,EHMT2
砂仁,ESR1
砂仁,ESR2
砂仁,F3
砂仁,FABP2
砂仁,FABP4
砂仁,FABP5
砂仁,FASN
砂仁,FUT7
砂仁,GAA
砂仁,GBA
砂仁,GLO1
砂仁,GRIK5
砂仁,GSK3B
砂仁,HCAR2
砂仁,HIF1A
砂仁,HSD17B1
砂仁,HTR1A
砂仁,IDO1
砂仁,IGF1R
砂仁,INSR
砂仁,KDM4E
砂仁,KMT2A
砂仁,MAP2K1
砂仁,MAPK1
砂仁,MAPK14
砂仁,MAPKAPK2
砂仁,MAPT
砂仁,MET
砂仁,MMP1
砂仁,MMP12
砂仁,MMP13
砂仁,MMP2
砂仁,MMP3
砂仁,MMP9
砂仁,MPG
砂仁,NEK6
砂仁,NFKB1
砂仁,PARP1
砂仁,PDE4D
砂仁,PDE5A
砂仁,PIK3CG
砂仁,PIM1
砂仁,PKN1
砂仁,PLG
砂仁,PLK1
砂仁,PNP
砂仁,POLB
砂仁,PPARA
砂仁,PPARD
砂仁,PPARG
砂仁,PRKCA
砂仁,PTGS1
砂仁,PTGS2
砂仁,PTPN1
砂仁,PTPRS
砂仁,PYGL
砂仁,RORC
砂仁,SHBG
砂仁,SLC5A2
砂仁,SLCO1B3
砂仁,SLCO2B1
砂仁,SOAT1
砂仁,SRC
砂仁,SYK
砂仁,THRB
砂仁,TLR2
砂仁,UGT1A1
砂仁,XDH
穿山龙,CA12
穿山龙,DRD1
穿山龙,MAPT
紫花地丁,ALOX15
紫花地丁,CYP2C9
紫花地丁,EHMT2
紫花地丁,ESR1
紫花地丁,KDM4E
紫苏叶,AKR1B1
紫苏叶,AKT1
紫苏叶,ALOX15
紫苏叶,BCHE
紫苏叶,CA1
紫苏叶,CA14
紫苏叶,CA2
紫苏叶,CA3
紫苏叶,CA4
紫苏叶,CA5A
紫苏叶,CA6
紫苏叶,CA7
紫苏叶,CA9
紫苏叶,CYP19A1
紫苏叶,CYP2C9
紫苏叶,CYP3A4
紫苏叶,EHMT2
紫苏叶,EPHX2
紫苏叶,ESR1
紫苏叶,FABP4
紫苏叶,GBA
紫苏叶,HIF1A
紫苏叶,KDR
紫苏叶,MAPT
紫苏叶,MMP2
紫苏叶,PIK3CG
紫苏叶,POLB
紫苏叶,PPARG
紫苏叶,PTPN1
紫苏叶,UGT1A1
紫苏叶,XDH
紫苏子,CXCR1
紫苏子,CYP1A2
紫苏子,ESR1
紫苏子,THRB
紫菀,ABCC1
紫菀,ABCG2
紫菀,ACHE
紫菀,ADORA3
紫菀,ADRA2B
紫菀,AKR1B1
紫菀,AKR1B10
紫菀,AKR1C2
紫菀,AKR1C3
紫菀,AKR1C4
紫菀,AKT1
紫菀,ALK
紫菀,ALOX12
紫菀,ALOX15
紫菀,ALOX5
紫菀,AMY1A
紫菀,APEX1
紫菀,APP
紫菀,BACE1
紫菀,BCHE
紫菀,BCL2
紫菀,CA1
紫菀,CA12
紫菀,CA14
紫菀,CA2
紫菀,CA3
紫菀,CA4
紫菀,CA5A
紫菀,CA5B
紫菀,CA6
紫菀,CA7
紫菀,CCR4
紫菀,CDK6
紫菀,CSNK2A1
紫菀,CTSL
紫菀,CXCL8
紫菀,CXCR1
紫菀,CYP19A1
紫菀,CYP1A1
紫菀,CYP1A2
紫菀,CYP2A6
紫菀,CYP2B6
紫菀,CYP2C19
紫菀,CYP2C8
紫菀,CYP2C9
紫菀,CYP2D6
紫菀,CYP3A4
紫菀,DAPK1
紫菀,DPP4
紫菀,DRD1
紫菀,DUSP3
紫菀,EGFR
紫菀,EHMT2
紫菀,EPHX2
紫菀,ERBB2
紫菀,ESR1
紫菀,ESR2
紫菀,F3
紫菀,FABP2
紫菀,FABP3
紫菀,FABP5
紫菀,GAA
紫菀,GBA
紫菀,GLO1
紫菀,GPR35
紫菀,GRM4
紫菀,GSK3B
紫菀,HIF1A
紫菀,HSD11B2
紫菀,HSD17B1
紫菀,HSD17B2
紫菀,HSPA8
紫菀,HTR7
紫菀,IDH1
紫菀,IDO1
紫菀,IGF1R
紫菀,INSR
紫菀,KCNH2
紫菀,KDM4E
紫菀,KDR
紫菀,KMT2A
紫菀,MAOA
紫菀,MAP2K1
紫菀,MAPK1
紫菀,MAPKAPK2
紫菀,MAPT
紫菀,MCL1
紫菀,MMP12
紫菀,MMP3
紫菀,MMP9
紫菀,MPG
紫菀,MTNR1B
紫菀,NEK2
紫菀,NR1I2
紫菀,NUAK1
紫菀,PARP1
紫菀,PDE4B
紫菀,PDE4D
紫菀,PIK3CA
紫菀,PIM1
紫菀,PKN1
紫菀,PLK4
紫菀,POLB
紫菀,PPARA
紫菀,PPARD
紫菀,PPARG
紫菀,PRKCA
紫菀,PTGS1
紫菀,PTGS2
紫菀,PTPN1
紫菀,PTPN2
紫菀,PTPRS
紫菀,PYGL
紫菀,RELA
紫菀,RORC
紫菀,SHBG
紫菀,SLC28A2
紫菀,SLCO1B1
紫菀,SLCO1B3
紫菀,SLCO2B1
紫菀,SOAT1
紫菀,SRC
紫菀,SYK
紫菀,TERT
紫菀,THRB
紫菀,TLR2
紫菀,TOP1
紫菀,TOP2A
紫菀,TTR
紫菀,TYR
紫菀,UGT1A1
紫菀,XPO1
红景天,AKR1B1
红景天,ALOX12
红景天,ALOX15
红景天,ALPL
红景天,APEX1
红景天,AVPR2
红景天,CA1
红景天,CA12
红景天,CA13
红景天,CA14
红景天,CA3
红景天,CA4
红景天,CA6
红景天,CA7
红景天,CA9
红景天,CXCL8
红景天,CYP2C19
红景天,CYP2C9
红景天,CYP2D6
红景天,CYP3A4
红景天,DAPK1
红景天,EGFR
红景天,EHMT2
红景天,ESR1
红景天,FLT3
红景天,GAA
红景天,GLO1
红景天,GPR35
红景天,HIF1A
红景天,HSD17B2
红景天,MAPT
红景天,MMP12
红景天,MMP13
红景天,MMP3
红景天,NFKB1
红景天,NR1H4
红景天,PLK4
红景天,POLB
红景天,PPARA
红景天,PPARD
红景天,PPARG
红景天,PTK2
红景天,PTPN2
红景天,PTPRS
红景天,THRB
红景天,TOP2A
红景天,UGT1A1
红花,ABCC1
红花,ABCG2
红花,ACHE
红花,ADORA2B
红花,ADORA3
红花,ADRB2
红花,AKR1B1
红花,AKR1B10
红花,AKR1C2
红花,AKR1C3
红花,AKT1
红花,ALK
红花,ALOX12
红花,ALOX15
红花,ALOX5
红花,ALPI
红花,ALPL
红花,APEX1
红花,APP
红花,AR
红花,AURKB
红花,AVPR2
红花,AXL
红花,BACE1
红花,BCHE
红花,BCL2L1
红花,CA1
红花,CA12
红花,CA13
红花,CA14
红花,CA2
红花,CA3
红花,CA4
红花,CA5A
红花,CA5B
红花,CA6
红花,CA7
红花,CA9
红花,CAMK2B
红花,CARM1
红花,CCR4
红花,CES1
红花,CHRM5
红花,CXCL8
红花,CYP19A1
红花,CYP1A1
红花,CYP1A2
红花,CYP1B1
红花,CYP2A6
红花,CYP2C19
红花,CYP2C8
红花,CYP2C9
红花,CYP2D6
红花,CYP3A4
红花,DAO
红花,DAPK1
红花,DNMT1
红花,DRD1
红花,DUSP3
红花,EDNRA
红花,EGFR
红花,EGLN1
红花,EHMT2
红花,EP300
红花,EPHX2
红花,ERBB2
红花,ESR1
红花,ESRRA
红花,F2
红花,F3
红花,FABP2
红花,FABP3
红花,FABP4
红花,FABP5
红花,FDPS
红花,FLT3
红花,FYN
红花,GAA
红花,GABRR1
红花,GLO1
红花,GPR35
红花,GRM8
红花,GSK3B
红花,HCAR2
红花,HIF1A
红花,HKDC1
红花,HSD11B1
红花,HSD17B1
红花,HSD17B2
红花,HTR1A
红花,HTR1B
红花,HTR7
红花,IDH1
红花,IGF1R
红花,INSR
红花,KCNH2
红花,KDM4E
红花,KDR
红花,KMT2A
红花,MAP2K1
红花,MAPK1
红花,MAPK14
红花,MAPT
红花,MET
红花,MMP1
红花,MMP12
红花,MMP2
红花,MMP3
红花,MMP9
红花,MPG
红花,NEK2
红花,NEK6
红花,NFKB1
红花,NR1H4
红花,NUAK1
红花,OPRD1
红花,OPRM1
红花,PDE5A
红花,PIM1
红花,PKN1
红花,PLG
红花,PLK1
红花,POLB
红花,PPARA
红花,PPARD
红花,PRKCA
红花,PTGS1
红花,PTGS2
红花,PTPN1
红花,PTPN11
红花,PTPN2
红花,PTPN6
红花,PTPRS
红花,PYGL
红花,RELA
红花,RORC
红花,RXRA
红花,SLC28A3
红花,SLC47A1
红花,SLC5A1
红花,SLCO1B3
红花,SLCO2B1
红花,SOAT1
红花,SOAT2
红花,SRC
红花,SYK
红花,TBXAS1
红花,TERT
红花,THRB
红花,TLR2
红花,TNKS
红花,TOP1
红花,TOP2A
红花,UGT1A1
红花,XDH
红花,XPO1
红藤,ABCB1
红藤,ACHE
红藤,ADRA2B
红藤,AKR1B1
红藤,ALOX15
红藤,ALPL
红藤,APEX1
红藤,BACE1
红藤,CA1
红藤,CA12
红藤,CA2
红藤,CA5B
红藤,CA6
红藤,CA9
红藤,CYP19A1
红藤,CYP2J2
红藤,CYP3A4
红藤,DPP4
红藤,DRD1
红藤,DRD2
红藤,EHMT2
红藤,ESR1
红藤,FABP3
红藤,FLT3
红藤,FUT7
红藤,GAA
红藤,GLO1
红藤,HSD17B1
红藤,KDM4E
红藤,MAPK1
红藤,MAPK14
红藤,MAPT
红藤,MMP1
红藤,MMP2
红藤,NFKB1
红藤,NR1H4
红藤,PDE5A
红藤,PLK1
红藤,POLB
红藤,PPARD
红藤,PPARG
红藤,PTGS2
红藤,PTPN1
红藤,RORC
红藤,SLCO1B1
红藤,THRB
红藤,TNKS2
红藤,TRPV1
红藤,UGT1A1
细辛,ABCG2
细辛,ACHE
细辛,ADORA3
细辛,AKR1B1
细辛,AKR1B10
细辛,AKR1C4
细辛,AKT1
细辛,ALK
细辛,ALOX12
细辛,ALOX15
细辛,ALOX5
细辛,ALPL
细辛,AMY1A
细辛,APEX1
细辛,AR
细辛,AVPR2
细辛,BACE1
细辛,BCL2
细辛,CA1
细辛,CA12
细辛,CA13
细辛,CA14
细辛,CA2
细辛,CA3
细辛,CA4
细辛,CA5A
细辛,CA5B
细辛,CA6
细辛,CA7
细辛,CAMK2B
细辛,CCR4
细辛,CD38
细辛,CDK6
细辛,CTBP2
细辛,CTSL
细辛,CYP19A1
细辛,CYP1A1
细辛,CYP2A6
细辛,CYP2C8
细辛,CYP2C9
细辛,CYP2D6
细辛,CYP2J2
细辛,CYP3A4
细辛,DAPK1
细辛,DPP4
细辛,DRD1
细辛,DYRK1A
细辛,EGFR
细辛,EGLN1
细辛,EHMT2
细辛,EPHB4
细辛,EPHX2
细辛,ESR1
细辛,ESRRA
细辛,F10
细辛,F2
细辛,FABP2
细辛,FABP3
细辛,FABP5
细辛,FASN
细辛,GAA
细辛,GBA
细辛,GLO1
细辛,GPR35
细辛,GSK3B
细辛,HIF1A
细辛,HSD11B1
细辛,HSD17B1
细辛,HSD17B2
细辛,HSD17B3
细辛,HSPA8
细辛,IDH1
细辛,KCNH2
细辛,KDM4E
细辛,KMT2A
细辛,MAP2K1
细辛,MAPK1
细辛,MAPK14
细辛,MAPT
细辛,MCL1
细辛,MGLL
细辛,MMP12
细辛,MMP13
细辛,MMP2
细辛,MMP3
细辛,MMP9
细辛,MPG
细辛,NFKB1
细辛,NOS2
细辛,NUAK1
细辛,PDE5A
细辛,PIK3CB
细辛,PIK3CG
细辛,PIM1
细辛,PLA2G2A
细辛,PLG
细辛,PLK1
细辛,POLB
细辛,PPARA
细辛,PPARD
细辛,PPARG
细辛,PRKCA
细辛,PTGS1
细辛,PTGS2
细辛,PTPN1
细辛,PTPN6
细辛,PTPRF
细辛,PYGL
细辛,RORC
细辛,SLCO1B1
细辛,SLCO1B3
细辛,SLCO2B1
细辛,SOAT1
细辛,TERT
细辛,TLR2
细辛,TNKS
细辛,TNKS2
细辛,TOP1
细辛,TTR
细辛,TYR
细辛,UGT1A1
细辛,XPO1
肉桂,ALOX15
肉桂,ALOX5
肉桂,APEX1
肉桂,AXL
肉桂,CA1
肉桂,CA12
肉桂,CA3
肉桂,CA4
肉桂,CA5B
肉桂,CA7
肉桂,CA9
肉桂,CNR2
肉桂,CYP1A2
肉桂,CYP2A6
肉桂,CYP2C9
肉桂,CYP3A4
肉桂,DRD1
肉桂,DUSP3
肉桂,EGFR
肉桂,EHMT2
肉桂,EPHX2
肉桂,GAA
肉桂,IDH1
肉桂,KDM4E
肉桂,KMT2A
肉桂,MAPK1
肉桂,MAPKAPK2
肉桂,MAPT
肉桂,MMP9
肉桂,NEK2
肉桂,PIM1
肉桂,PPARD
肉桂,PRKCA
肉桂,PTGS1
肉桂,PTGS2
肉桂,PTPN1
肉桂,SLC28A1
肉桂,SLCO1B3
肉桂,SRC
肉桂,THRB
肉桂,TNKS2
肉桂,TOP1
芍药,ABCC1
芍药,ACHE
芍药,ACP1
芍药,ADORA1
芍药,ADORA2A
芍药,ADORA3
芍药,AKR1B10
芍药,AKR1C2
芍药,ALK
芍药,ALOX12
芍药,ALOX15
芍药,ALOX5
芍药,ALPI
芍药,ALPL
芍药,AMY1A
芍药,APEX1
芍药,APP
芍药,AR
芍药,AURKA
芍药,AURKB
芍药,AXL
芍药,BCHE
芍药,BCL2
芍药,CA1
芍药,CA12
芍药,CA14
芍药,CA2
芍药,CA3
芍药,CA4
芍药,CA5A
芍药,CA5B
芍药,CA6
芍药,CA7
芍药,CA9
芍药,CAMK2B
芍药,CCR4
芍药,CD38
芍药,CDK6
芍药,CSNK2A1
芍药,CXCR1
芍药,CYP19A1
芍药,CYP1A1
芍药,CYP1A2
芍药,CYP1B1
芍药,CYP2A6
芍药,CYP2B6
芍药,CYP2C19
芍药,CYP2C9
芍药,CYP2D6
芍药,CYP3A4
芍药,DAPK1
芍药,DUSP3
芍药,EGFR
芍药,EHMT2
芍药,EPHX2
芍药,ESR1
芍药,ESRRA
芍药,F2
芍药,FABP3
芍药,FUT7
芍药,GAA
芍药,GBA
芍药,GLO1
芍药,GPR35
芍药,GSK3B
芍药,HIF1A
芍药,HSD11B1
芍药,HTR7
芍药,IDH1
芍药,IGF1R
芍药,KCNH2
芍药,KDM4E
芍药,KDR
芍药,KMT2A
芍药,MAOB
芍药,MAPK1
芍药,MAPT
芍药,MET
芍药,MMP12
芍药,MMP13
芍药,MMP2
芍药,MMP9
芍药,MPG
芍药,NEK2
芍药,NEK6
芍药,NR1I2
芍药,NUAK1
芍药,PARP1
芍药,PDPK1
芍药,PIM1
芍药,PLG
芍药,PPARD
芍药,PRKCA
芍药,PTGS1
芍药,PTK2
芍药,PTPN1
芍药,RORC
芍药,SLC6A15
芍药,SLCO1B1
芍药,SLCO2B1
芍药,SRC
芍药,SYK
芍药,THRB
芍药,TNKS2
芍药,TOP1
芍药,TOP2A
芍药,TYR
芍药,UGT1A1
芍药,XDH
芡实,EHMT2
芡实,IDH1
芡实,KDM4E
芡实,TLR2
芦根,ADORA3
芦根,AKR1B10
芦根,BCHE
芦根,CA1
芦根,CA12
芦根,CA2
芦根,CA4
芦根,CA6
芦根,CXCL8
芦根,CYP2C19
芦根,CYP2C9
芦根,CYP3A4
芦根,DAPK1
芦根,EHMT2
芦根,GSK3B
芦根,KDM4E
芦根,KMT2A
芦根,MAPK1
芦根,MAPK14
芦根,MAPT
芦根,MMP2
芦根,MMP9
芦根,NFKB1
芦根,POLB
芦根,PPARG
芦根,SRC
芦根,TTR
芫花,ABCG2
芫花,ACHE
芫花,ADORA2B
芫花,AKR1B1
芫花,AKR1B10
芫花,ALOX12
芫花,ALOX5
芫花,AMY1A
芫花,APEX1
芫花,APP
芫花,AR
芫花,CA1
芫花,CA12
芫花,CA14
芫花,CA2
芫花,CA3
芫花,CA4
芫花,CA5A
芫花,CA5B
芫花,CA6
芫花,CA7
芫花,CA9
芫花,CD38
芫花,CHRM4
芫花,CNR2
芫花,CXCL8
芫花,CYP19A1
芫花,CYP1A2
芫花,CYP2C19
芫花,CYP2C8
芫花,CYP2C9
芫花,CYP2D6
芫花,CYP3A4
芫花,DAPK1
芫花,DRD2
芫花,DUSP3
芫花,EHMT2
芫花,ESR1
芫花,ESR2
芫花,F3
芫花,FABP2
芫花,FABP4
芫花,FLT3
芫花,GAA
芫花,GBA
芫花,GLO1
芫花,GPR35
芫花,HCAR2
芫花,HIF1A
芫花,HSD17B2
芫花,HTR7
芫花,IDH1
芫花,KDM4E
芫花,KDR
芫花,KMT2A
芫花,MAOA
芫花,MAPK1
芫花,MAPK14
芫花,MAPT
芫花,MMP1
芫花,MMP12
芫花,MMP13
芫花,MMP2
芫花,MMP9
芫花,NFKB1
芫花,NR1H4
芫花,PIK3CG
芫花,PIM1
芫花,PLG
芫花,POLB
芫花,PPARD
芫花,PPARG
芫花,PTGS2
芫花,PTK2
芫花,PTPN1
芫花,PTPRS
芫花,RORC
芫花,SLC28A3
芫花,SLCO1B1
芫花,SLCO2B1
芫花,SYK
芫花,THRB
芫花,TTR
芫花,TYR
苍术,ABCC1
苍术,ADORA3
苍术,AKR1B1
苍术,AKR1C2
苍术,AKR1C3
苍术,AKT1
苍术,ALOX12
苍术,AMY1A
苍术,APEX1
苍术,APP
苍术,AR
苍术,AURKB
苍术,AVPR2
苍术,AXL
苍术,BCHE
苍术,BCL2L1
苍术,CA1
苍术,CA12
苍术,CA14
苍术,CA2
苍术,CA3
苍术,CA4
苍术,CA5A
苍术,CA5B
苍术,CA6
苍术,CA7
苍术,CA9
苍术,CAMK2B
苍术,CHRNA7
苍术,CXCL8
苍术,CYP19A1
苍术,CYP1A2
苍术,CYP1B1
苍术,CYP2A6
苍术,CYP2B6
苍术,CYP2C19
苍术,CYP2C8
苍术,CYP2C9
苍术,CYP2D6
苍术,CYP2J2
苍术,CYP3A4
苍术,DUSP3
苍术,EGFR
苍术,EGLN1
苍术,EHMT2
苍术,EPHX2
苍术,ESR1
苍术,ESRRA
苍术,F3
苍术,FABP2
苍术,FABP4
苍术,FASN
苍术,FLT3
苍术,GAA
苍术,GBA
苍术,GLO1
苍术,GRM5
苍术,HDAC8
苍术,HIF1A
苍术,HSD17B1
苍术,HSD17B2
苍术,HTR1A
苍术,IDH1
苍术,INSR
苍术,KCNH2
苍术,KDM4E
苍术,KDR
苍术,MAOA
苍术,MAP2K1
苍术,MAPK1
苍术,MAPK14
苍术,MAPKAPK2
苍术,MAPT
苍术,MCL1
苍术,MET
苍术,MMP13
苍术,MMP2
苍术,MMP3
苍术,MMP9
苍术,MPG
苍术,NFKB1
苍术,OPRK1
苍术,PDE5A
苍术,PIK3CB
苍术,PIM1
苍术,PLG
苍术,PLK1
苍术,POLB
苍术,PPARA
苍术,PPARD
苍术,PPARG
苍术,PTGS2
苍术,PTPN1
苍术,PTPRS
苍术,RORC
苍术,SIRT2
苍术,SLC1A1
苍术,SLC22A1
苍术,SLC28A1
苍术,SLC28A2
苍术,SLCO1B1
苍术,SLCO1B3
苍术,SLCO2B1
苍术,SOAT1
苍术,TERT
苍术,THRB
苍术,TYR
苍术,UGT1A1
苍术,XDH
苍耳子,ALOX15
苍耳子,CYP3A4
苍耳子,RORC
苦地丁,AKR1B1
苦地丁,AKT1
苦地丁,ALOX5
苦地丁,ATR
苦地丁,CA12
苦地丁,CA5A
苦地丁,CYP2A6
苦地丁,CYP2D6
苦地丁,CYP3A4
苦地丁,EHMT2
苦地丁,ESR1
苦地丁,F10
苦地丁,KDM4E
苦地丁,MAPT
苦地丁,NFKB1
苦地丁,POLB
苦地丁,PPARA
苦地丁,PTPRS
苦地丁,THRB
苦杏仁,ESR1
茯苓,ACHE
茯苓,ADORA1
茯苓,ADORA2B
茯苓,ADORA3
茯苓,ALOX5
茯苓,ALPI
茯苓,BACE1
茯苓,BCR
茯苓,CA1
茯苓,CA12
茯苓,CA14
茯苓,CA5A
茯苓,CA5B
茯苓,CA7
茯苓,CA9
茯苓,CAMK2B
茯苓,CXCL8
茯苓,CYP1A2
茯苓,CYP1B1
茯苓,CYP2D6
茯苓,CYP3A4
茯苓,DRD1
茯苓,EHMT2
茯苓,EPHX2
茯苓,F3
茯苓,GAA
茯苓,HSD11B1
茯苓,KDM4E
茯苓,KMT2A
茯苓,MAPK1
茯苓,MAPT
茯苓,MET
茯苓,MMP1
茯苓,MMP12
茯苓,MMP13
茯苓,MMP2
茯苓,PARP1
茯苓,PDE5A
茯苓,PLG
茯苓,PNP
茯苓,POLB
茯苓,PPARD
茯苓,PPARG
茯苓,PTPN1
茯苓,PTPN11
茯苓,PTPRF
茯苓,SLC22A1
茯苓,SLCO2B1
茯苓,SOAT1
茯苓,TLR2
茯苓,TOP2A
茯苓,UGT1A1
茯苓,XDH
茵陈,ABCG2
茵陈,ADORA1
茵陈,ADORA3
茵陈,ADRB2
茵陈,AKR1B1
茵陈,AKR1B10
茵陈,AKR1C2
茵陈,AKR1C4
茵陈,AKT1
茵陈,ALOX12
茵陈,ALOX15
茵陈,ALOX5
茵陈,ALPL
茵陈,AMY1A
茵陈,APEX1
茵陈,APOBEC3G
茵陈,APP
茵陈,AR
茵陈,AURKB
茵陈,AVPR2
茵陈,AXL
茵陈,BACE1
茵陈,BCHE
茵陈,BCL2
茵陈,BCL2L1
茵陈,CA1
茵陈,CA12
茵陈,CA13
茵陈,CA14
茵陈,CA2
茵陈,CA3
茵陈,CA4
茵陈,CA5A
茵陈,CA5B
茵陈,CA6
茵陈,CA7
茵陈,CA9
茵陈,CAMK2B
茵陈,CCR4
茵陈,CD38
茵陈,CDC25B
茵陈,CDK6
茵陈,CES2
茵陈,CHRM5
茵陈,CSNK2A1
茵陈,CTSL
茵陈,CXCL8
茵陈,CXCR1
茵陈,CYP19A1
茵陈,CYP1A1
茵陈,CYP1B1
茵陈,CYP2A6
茵陈,CYP2C19
茵陈,CYP2C9
茵陈,CYP3A4
茵陈,DAO
茵陈,DAPK1
茵陈,DPP4
茵陈,DRD1
茵陈,DUSP3
茵陈,DYRK1A
茵陈,EGFR
茵陈,EGLN1
茵陈,EPHX2
茵陈,ERBB2
茵陈,ESR1
茵陈,ESR2
茵陈,ESRRA
茵陈,F3
茵陈,FABP2
茵陈,FABP3
茵陈,FABP4
茵陈,FABP5
茵陈,FLT3
茵陈,GAA
茵陈,GBA
茵陈,GLO1
茵陈,GLRA1
茵陈,GPR35
茵陈,GSK3B
茵陈,HDAC6
茵陈,HDAC8
茵陈,HIF1A
茵陈,HSD11B1
茵陈,HSD17B1
茵陈,HSD17B2
茵陈,HTR1A
茵陈,HTR7
茵陈,IDH1
茵陈,IDO1
茵陈,IGF1R
茵陈,INSR
茵陈,KCNH2
茵陈,KDM4E
茵陈,KDR
茵陈,KMT2A
茵陈,MAP2K1
茵陈,MAPK1
茵陈,MAPK14
茵陈,MAPKAPK2
茵陈,MAPT
茵陈,MET
茵陈,MMP1
茵陈,MMP12
茵陈,MMP13
茵陈,MMP3
茵陈,MMP9
茵陈,MPG
茵陈,NFKB1
茵陈,NOS2
茵陈,NR1I2
茵陈,NUAK1
茵陈,ODC1
茵陈,PARP1
茵陈,PDE5A
茵陈,PIK3CG
茵陈,PIM1
茵陈,PLG
茵陈,PLK1
茵陈,PNP
茵陈,POLB
茵陈,PPARA
茵陈,PRKCA
茵陈,PTGS1
茵陈,PTGS2
茵陈,PTK2
茵陈,PTPN1
茵陈,PTPN11
茵陈,PTPN2
茵陈,PTPRS
茵陈,PYGL
茵陈,RORC
茵陈,SLC28A1
茵陈,SLC28A2
茵陈,SLC28A3
茵陈,SLC47A1
茵陈,SLCO1B1
茵陈,SLCO1B3
茵陈,SLCO2B1
茵陈,SOAT1
茵陈,SYK
茵陈,TEK
茵陈,THRB
茵陈,TLR2
茵陈,TNKS2
茵陈,TOP1
茵陈,TOP2A
茵陈,TRPV1
茵陈,TTR
茵陈,UBE2N
茵陈,UGT1A1
茵陈,XDH
荆芥,ABCG2
荆芥,ADORA3
荆芥,AKR1B1
荆芥,ALOX15
荆芥,ALOX5
荆芥,AMY1A
荆芥,APEX1
荆芥,APP
荆芥,AVPR2
荆芥,BACE1
荆芥,CA1
荆芥,CA14
荆芥,CA2
荆芥,CA3
荆芥,CA5A
荆芥,CA5B
荆芥,CA6
荆芥,CA9
荆芥,CDK6
荆芥,CXCL8
荆芥,CXCR1
荆芥,CYP19A1
荆芥,CYP1A1
荆芥,CYP1A2
荆芥,CYP1B1
荆芥,CYP2A6
荆芥,CYP2C8
荆芥,CYP2C9
荆芥,CYP2D6
荆芥,CYP3A4
荆芥,DAO
荆芥,DPP4
荆芥,DRD2
荆芥,DRD5
荆芥,DUSP3
荆芥,EGFR
荆芥,EHMT2
荆芥,EPHX2
荆芥,ESR1
荆芥,FABP5
荆芥,FASN
荆芥,GAA
荆芥,GLO1
荆芥,GRM5
荆芥,GSK3B
荆芥,HCAR2
荆芥,HIF1A
荆芥,HSD11B1
荆芥,IDH1
荆芥,KCNH2
荆芥,KDM4E
荆芥,KMT2A
荆芥,MAOA
荆芥,MAPK1
荆芥,MAPK14
荆芥,MAPT
荆芥,MMP13
荆芥,MMP2
荆芥,MMP9
荆芥,NEK2
荆芥,NFKB1
荆芥,NR1I2
荆芥,OPRM1
荆芥,PDE5A
荆芥,PIM1
荆芥,PLG
荆芥,PLK1
荆芥,POLB
荆芥,PPARA
荆芥,PPARD
荆芥,PPARG
荆芥,PRKCA
荆芥,PTGS1
荆芥,PTGS2
荆芥,PTPN1
荆芥,RORC
荆芥,SLC22A12
荆芥,SLC5A2
荆芥,SLCO1B1
荆芥,SLCO1B3
荆芥,SLCO2B1
荆芥,SRC
荆芥,SYK
荆芥,TBXAS1
荆芥,THRB
荆芥,TOP2A
荆芥,TYR
荆芥,UGT1A1
莱菔子,AKR1B1
莱菔子,AKR1B10
莱菔子,ALOX15
莱菔子,APEX1
莱菔子,BCHE
莱菔子,CA1
莱菔子,CA12
莱菔子,CA14
莱菔子,CA4
莱菔子,CA5A
莱菔子,CA5B
莱菔子,CA7
莱菔子,CDK6
莱菔子,CXCL8
莱菔子,CYP19A1
莱菔子,CYP1A1
莱菔子,CYP1A2
莱菔子,CYP3A4
莱菔子,DAPK1
莱菔子,DRD1
莱菔子,EGFR
莱菔子,EHMT2
莱菔子,ERBB2
莱菔子,ESR1
莱菔子,FABP2
莱菔子,FLT3
莱菔子,GAA
莱菔子,GBA
莱菔子,GLO1
莱菔子,HIF1A
莱菔子,HMGCR
莱菔子,HSP90AB1
莱菔子,IDH1
莱菔子,KDM4E
莱菔子,KMT2A
莱菔子,MAPK1
莱菔子,MAPT
莱菔子,MMP1
莱菔子,MPG
莱菔子,NFKB1
莱菔子,ODC1
莱菔子,OPRD1
莱菔子,POLB
莱菔子,PPARA
莱菔子,PPARD
莱菔子,PPARG
莱菔子,RORC
莱菔子,SLCO1B1
菊花,ABCC1
菊花,ABCG2
菊花,ACHE
菊花,ADORA2B
菊花,ADORA3
菊花,AKR1B1
菊花,AKR1B10
菊花,AKR1C2
菊花,AKR1C3
菊花,AKT1
菊花,ALK
菊花,ALOX12
菊花,ALOX15
菊花,ALOX5
菊花,ALPL
菊花,AMY1A
菊花,ANPEP
菊花,APEX1
菊花,APOBEC3G
菊花,APP
菊花,AR
菊花,AURKB
菊花,AVPR2
菊花,AXL
菊花,BACE1
菊花,BCHE
菊花,BCL2L1
菊花,BRAF
菊花,CA1
菊花,CA12
菊花,CA14
菊花,CA2
菊花,CA3
菊花,CA4
菊花,CA5A
菊花,CA5B
菊花,CA6
菊花,CA7
菊花,CA9
菊花,CCR4
菊花,CD38
菊花,CDK6
菊花,CHRM2
菊花,CSNK2A1
菊花,CTSL
菊花,CXCL8
菊花,CXCR1
菊花,CYP19A1
菊花,CYP1A2
菊花,CYP2A6
菊花,CYP2C19
菊花,CYP2C9
菊花,CYP2D6
菊花,CYP2J2
菊花,CYP3A4
菊花,DAPK1
菊花,DPP4
菊花,DRD1
菊花,DUSP3
菊花,DYRK1A
菊花,EGFR
菊花,EHMT2
菊花,EPHX2
菊花,ESR1
菊花,ESR2
菊花,F2
菊花,F3
菊花,FABP3
菊花,FABP4
菊花,FABP5
菊花,FLT3
菊花,GAA
菊花,GABRR1
菊花,GBA
菊花,GRM5
菊花,GSK3B
菊花,GSTP1
菊花,HDAC10
菊花,HIF1A
菊花,HMGCR
菊花,HSD11B1
菊花,HSD17B2
菊花,HSPA1A
菊花,HSPA8
菊花,HTR1A
菊花,IDH1
菊花,IDO1
菊花,IGF1R
菊花,KDM4E
菊花,KDR
菊花,KMT2A
菊花,MAOA
菊花,MAP2K1
菊花,MAPK1
菊花,MAPK14
菊花,MAPT
菊花,MCL1
菊花,MET
菊花,MMP1
菊花,MMP13
菊花,MMP2
菊花,MMP3
菊花,MMP9
菊花,NEK2
菊花,NFKB1
菊花,NOS2
菊花,NR1I2
菊花,NR3C1
菊花,NUAK1
菊花,OPRM1
菊花,PARP1
菊花,PDE5A
菊花,PIK3CB
菊花,PLG
菊花,PLK4
菊花,POLB
菊花,PPARA
菊花,PPARD
菊花,PPARG
菊花,PRKCA
菊花,PTGS1
菊花,PTGS2
菊花,PTK2
菊花,PTPN1
菊花,PTPN11
菊花,PTPN2
菊花,PYGL
菊花,RORC
菊花,SIRT2
菊花,SLC22A1
菊花,SLC28A1
菊花,SLC28A3
菊花,SLCO1B1
菊花,SLCO1B3
菊花,SLCO2B1
菊花,SRC
菊花,STAT3
菊花,SYK
菊花,TERT
菊花,THRB
菊花,TLR2
菊花,TNKS
菊花,TOP1
菊花,TOP2A
菊花,TYR
菊花,UBE2N
菊花,UGT1A1
菊花,XDH
葛根,ACHE
葛根,ADORA2A
葛根,AKR1C3
葛根,AKT1
葛根,ALOX12
葛根,ALOX15
葛根,ALPI
葛根,AMY1A
葛根,APP
葛根,BCL2
葛根,CA12
葛根,CA14
葛根,CA5A
葛根,CA7
葛根,CA9
葛根,CDK6
葛根,CXCL8
葛根,CYP19A1
葛根,CYP2A6
葛根,CYP2B6
葛根,CYP2C19
葛根,CYP2C9
葛根,CYP3A4
葛根,DAPK1
葛根,DPP4
葛根,EHMT2
葛根,ESR1
葛根,FABP2
葛根,FABP4
葛根,FABP5
葛根,GAA
葛根,GBA
葛根,GPR35
葛根,GSK3B
葛根,HSD11B1
葛根,HSD17B1
葛根,HSP90AB1
葛根,IDH1
葛根,MAP2K1
葛根,MAPK1
葛根,MAPK9
葛根,MAPT
葛根,MET
葛根,MMP2
葛根,NFKB1
葛根,PDE5A
葛根,PIK3CG
葛根,PIM1
葛根,POLB
葛根,PPARA
葛根,PPARD
葛根,PTK2
葛根,RORC
葛根,SLCO1B3
葛根,SLCO2B1
葛根,SYK
葛根,THRB
葛根,TRPV1
葛根,TYR
葶苈子,ABCG2
葶苈子,ACHE
葶苈子,ADORA1
葶苈子,ADORA2A
葶苈子,ADORA3
葶苈子,AKR1B1
葶苈子,AKT1
葶苈子,ALOX12
葶苈子,ALOX15
葶苈子,ALOX5
葶苈子,AMY1A
葶苈子,APEX1
葶苈子,APP
葶苈子,BACE1
葶苈子,BCL2L1
葶苈子,CA1
葶苈子,CA12
葶苈子,CA14
葶苈子,CA2
葶苈子,CA4
葶苈子,CA5A
葶苈子,CA5B
葶苈子,CA6
葶苈子,CA7
葶苈子,CA9
葶苈子,CD38
葶苈子,CSNK2A1
葶苈子,CXCL8
葶苈子,CXCR1
葶苈子,CYP19A1
葶苈子,CYP1A1
葶苈子,CYP1A2
葶苈子,CYP2A6
葶苈子,CYP2C19
葶苈子,CYP2C9
葶苈子,CYP2D6
葶苈子,CYP3A4
葶苈子,DAPK1
葶苈子,DPP4
葶苈子,DRD1
葶苈子,DUSP3
葶苈子,EGFR
葶苈子,EHMT2
葶苈子,EPHX2
葶苈子,ERBB2
葶苈子,ESR1
葶苈子,ESR2
葶苈子,FABP2
葶苈子,FABP3
葶苈子,FABP4
葶苈子,FASN
葶苈子,FLT4
葶苈子,GAA
葶苈子,GABRR1
葶苈子,GBA
葶苈子,GLO1
葶苈子,GPR35
葶苈子,GSK3B
葶苈子,HCAR2
葶苈子,HIF1A
葶苈子,HSD11B1
葶苈子,HSD17B2
葶苈子,HTR1A
葶苈子,IDH1
葶苈子,IGF1R
葶苈子,KCNH2
葶苈子,KDM4E
葶苈子,KDR
葶苈子,KMT2A
葶苈子,MAN1B1
葶苈子,MAOB
葶苈子,MAP2K1
葶苈子,MAPK1
葶苈子,MAPK14
葶苈子,MAPKAPK2
葶苈子,MAPT
葶苈子,MET
葶苈子,MMP1
葶苈子,MMP2
葶苈子,MMP3
葶苈子,MPG
葶苈子,NEK2
葶苈子,NEK6
葶苈子,NFKB1
葶苈子,NUAK1
葶苈子,OPRM1
葶苈子,PARP1
葶苈子,PDGFRB
葶苈子,PIM1
葶苈子,PKN1
葶苈子,PLG
葶苈子,PLK1
葶苈子,POLB
葶苈子,PPARA
葶苈子,PPARD
葶苈子,PPARG
葶苈子,PRKCA
葶苈子,PTGS2
葶苈子,PTK2
葶苈子,PTPN11
葶苈子,PTPN2
葶苈子,PTPN6
葶苈子,PYGL
葶苈子,RORC
葶苈子,SIRT2
葶苈子,SLC22A1
葶苈子,SLC28A1
葶苈子,SLC28A3
葶苈子,SLC47A1
葶苈子,SLCO1B1
葶苈子,SLCO1B3
葶苈子,SLCO2B1
葶苈子,SOAT1
葶苈子,SRC
葶苈子,TBXAS1
葶苈子,TERT
葶苈子,THRB
葶苈子,TLR2
葶苈子,TOP1
葶苈子,TOP2A
葶苈子,TTR
葶苈子,TYR
葶苈子,UGT1A1
蒲公英,ABCB1
蒲公英,ABCC1
蒲公英,ABCG2
蒲公英,ACHE
蒲公英,ADORA3
蒲公英,ADRB2
蒲公英,AKR1B1
蒲公英,AKR1B10
蒲公英,AKR1C3
蒲公英,AKR1C4
蒲公英,AKT1
蒲公英,ALK
蒲公英,ALOX12
蒲公英,ALOX5
蒲公英,AMY1A
蒲公英,APEX1
蒲公英,APP
蒲公英,AR
蒲公英,AURKB
蒲公英,AVPR2
蒲公英,BACE1
蒲公英,BBOX1
蒲公英,BCHE
蒲公英,BCL2
蒲公英,CA1
蒲公英,CA12
蒲公英,CA13
蒲公英,CA14
蒲公英,CA2
蒲公英,CA3
蒲公英,CA4
蒲公英,CA5A
蒲公英,CA5B
蒲公英,CA6
蒲公英,CACNA1C
蒲公英,CAMK2B
蒲公英,CARM1
蒲公英,CCR4
蒲公英,CD38
蒲公英,CDC25B
蒲公英,CHRM4
蒲公英,CTSD
蒲公英,CTSL
蒲公英,CXCL8
蒲公英,CXCR1
蒲公英,CYP19A1
蒲公英,CYP1A1
蒲公英,CYP1A2
蒲公英,CYP1B1
蒲公英,CYP2A13
蒲公英,CYP2A6
蒲公英,CYP2C19
蒲公英,CYP2C8
蒲公英,CYP2C9
蒲公英,CYP2D6
蒲公英,CYP2J2
蒲公英,CYP3A4
蒲公英,DAO
蒲公英,DAPK1
蒲公英,DPP4
蒲公英,DUSP3
蒲公英,EGFR
蒲公英,EHMT2
蒲公英,EPHX2
蒲公英,ERBB2
蒲公英,ESR1
蒲公英,ESR2
蒲公英,ESRRA
蒲公英,F2
蒲公英,F3
蒲公英,FABP2
蒲公英,FABP3
蒲公英,FABP4
蒲公英,FABP5
蒲公英,FASN
蒲公英,FLT3
蒲公英,FUT7
蒲公英,GAA
蒲公英,GBA
蒲公英,GLO1
蒲公英,GLRA1
蒲公英,GPR35
蒲公英,GSK3B
蒲公英,HIF1A
蒲公英,HKDC1
蒲公英,HMGCR
蒲公英,HSD11B1
蒲公英,HSD17B1
蒲公英,HSD17B2
蒲公英,HTR1A
蒲公英,HTR7
蒲公英,IDH1
蒲公英,IDO1
蒲公英,IGF1R
蒲公英,INSR
蒲公英,KCNH2
蒲公英,KDM4E
蒲公英,KMT2A
蒲公英,MAPK1
蒲公英,MAPK14
蒲公英,MAPKAPK2
蒲公英,MAPT
蒲公英,MMP1
蒲公英,MMP13
蒲公英,MMP2
蒲公英,MMP3
蒲公英,MMP9
蒲公英,MPG
蒲公英,NEK2
蒲公英,NFKB1
蒲公英,NR1H4
蒲公英,NR1I2
蒲公英,NT5E
蒲公英,NUAK1
蒲公英,PARP1
蒲公英,PDE5A
蒲公英,PGR
蒲公英,PIK3CG
蒲公英,PIM1
蒲公英,PKN1
蒲公英,PLG
蒲公英,PLK1
蒲公英,POLB
蒲公英,PPARA
蒲公英,PPARD
蒲公英,PPARG
蒲公英,PRKCA
蒲公英,PTGS1
蒲公英,PTGS2
蒲公英,PTK2
蒲公英,PTPN1
蒲公英,PTPN2
蒲公英,PTPN6
蒲公英,PTPRF
蒲公英,RORB
蒲公英,RORC
蒲公英,SLC28A2
蒲公英,SLCO1B1
蒲公英,SLCO1B3
蒲公英,SLCO2B1
蒲公英,SOAT1
蒲公英,SRC
蒲公英,SYK
蒲公英,TERT
蒲公英,THRB
蒲公英,TLR2
蒲公英,TNKS2
蒲公英,TOP2A
蒲公英,TTR
蒲公英,TYR
蒲公英,UBE2N
蒲公英,UGT1A1
蒲公英,XDH
薄荷,ABCG2
薄荷,ADORA3
薄荷,AKR1B1
薄荷,ALOX15
薄荷,ALOX5
薄荷,AURKB
薄荷,CA1
薄荷,CA13
薄荷,CA14
薄荷,CA2
薄荷,CA4
薄荷,CA5B
薄荷,CA6
薄荷,CA7
薄荷,CYP19A1
薄荷,CYP1B1
薄荷,CYP2C19
薄荷,CYP2D6
薄荷,CYP3A4
薄荷,DPP4
薄荷,EGFR
薄荷,EHMT2
薄荷,ESR1
薄荷,FABP2
薄荷,FABP5
薄荷,GAA
薄荷,GBA
薄荷,HTR7
薄荷,INSR
薄荷,KDM4E
薄荷,MAPK14
薄荷,MAPT
薄荷,MMP9
薄荷,PPARG
薄荷,PTGS2
薄荷,RORC
薄荷,SYK
薄荷,TOP2A
薄荷,UGT1A1
薄荷,XDH
薏苡仁,ACHE
薏苡仁,APP
薏苡仁,CA1
薏苡仁,CA7
薏苡仁,CYP1A2
薏苡仁,CYP2C9
薏苡仁,CYP2J2
薏苡仁,CYP3A4
薏苡仁,EHMT2
薏苡仁,ESR1
薏苡仁,GAA
薏苡仁,MAPK1
薏苡仁,POLB
薏苡仁,PTGS2
薏苡仁,PTPN1
薏苡仁,RORC
薏苡仁,UGT1A1
薤白,ABCC1
薤白,ACHE
薤白,AKR1B1
薤白,ALOX12
薤白,ALOX15
薤白,ALOX5
薤白,ALPI
薤白,AMY1A
薤白,APP
薤白,BCHE
薤白,CA12
薤白,CA2
薤白,CA3
薤白,CA5B
薤白,CA6
薤白,CA7
薤白,CD38
薤白,CYP1A1
薤白,CYP2C9
薤白,EGFR
薤白,FABP3
薤白,GBA
薤白,GSK3B
薤白,HIF1A
薤白,HSD17B1
薤白,IDH1
薤白,INSR
薤白,KDM4E
薤白,KMT2A
薤白,MAPK1
薤白,MAPT
薤白,NEK6
薤白,NFKB1
薤白,RXRA
藏青果,ABCG2
藏青果,ACHE
藏青果,ADORA3
藏青果,ADRA2B
藏青果,AKR1B1
藏青果,AKR1B10
藏青果,AKR1C3
藏青果,ALOX12
藏青果,ALOX15
藏青果,ALOX5
藏青果,ALPL
藏青果,APEX1
藏青果,APP
藏青果,AR
藏青果,AURKB
藏青果,AVPR2
藏青果,BACE1
藏青果,BCL2
藏青果,CA1
藏青果,CA12
藏青果,CA13
藏青果,CA14
藏青果,CA2
藏青果,CA3
藏青果,CA5A
藏青果,CA5B
藏青果,CA6
藏青果,CA7
藏青果,CA9
藏青果,CDK6
藏青果,CES1
藏青果,CNR1
藏青果,CNR2
藏青果,CYP19A1
藏青果,CYP1A1
藏青果,CYP1A2
藏青果,CYP2C19
藏青果,CYP2C9
藏青果,CYP2D6
藏青果,CYP2J2
藏青果,DPP4
藏青果,DRD1
藏青果,DUSP3
藏青果,EHMT2
藏青果,EPHX2
藏青果,ESR1
藏青果,ESRRA
藏青果,F2
藏青果,F3
藏青果,FABP2
藏青果,FABP3
藏青果,FABP5
藏青果,FLT3
藏青果,FOLH1
藏青果,GAA
藏青果,GBA
藏青果,GLO1
藏青果,GRM3
藏青果,GSTP1
藏青果,HCAR2
藏青果,HIF1A
藏青果,HSD17B1
藏青果,HSPA8
藏青果,HTR1A
藏青果,HTR7
藏青果,INSR
藏青果,KDM4E
藏青果,KMT2A
藏青果,MAPK1
藏青果,MAPK14
藏青果,MAPK9
藏青果,MAPKAPK2
藏青果,MAPT
藏青果,MET
藏青果,MGLL
藏青果,MMP1
藏青果,MMP13
藏青果,MMP2
藏青果,MMP3
藏青果,MMP9
藏青果,MPG
藏青果,NEK6
藏青果,NFKB1
藏青果,NR1H4
藏青果,PDE5A
藏青果,PIK3CG
藏青果,PIM1
藏青果,PKN1
藏青果,PLK1
藏青果,PNP
藏青果,POLA1
藏青果,POLB
藏青果,PPARA
藏青果,PPARD
藏青果,PPARG
藏青果,PRKCA
藏青果,PTGS1
藏青果,PTGS2
藏青果,PTPN1
藏青果,PTPRS
藏青果,RORC
藏青果,SHBG
藏青果,SLC28A1
藏青果,SLC28A2
藏青果,SLC5A1
藏青果,SLCO1B1
藏青果,SLCO1B3
藏青果,SLCO2B1
藏青果,SOAT2
藏青果,SRC
藏青果,SYK
藏青果,TERT
藏青果,THRB
藏青果,TLR2
藏青果,TNKS
藏青果,TOP1
藏青果,TOP2A
藏青果,TRPV1
藏青果,TTR
藏青果,TYR
藏青果,UBE2N
藏青果,UGT1A1
藏青果,VCP
藏青果,XDH
藿香,ABCC1
藿香,ABCG2
藿香,ACHE
藿香,ACP1
藿香,ADORA2A
藿香,ADORA2B
藿香,ADORA3
藿香,AKR1B1
藿香,AKR1B10
藿香,AKR1C2
藿香,AKR1C3
藿香,AKR1C4
藿香,ALK
藿香,ALOX12
藿香,ALOX15
藿香,ALOX5
藿香,ALPI
藿香,ALPL
藿香,AMY1A
藿香,ANPEP
藿香,APEX1
藿香,APP
藿香,AR
藿香,AVPR2
藿香,BACE1
藿香,BCHE
藿香,BCL2
藿香,BCL2L1
藿香,BCR
藿香,CA1
藿香,CA12
藿香,CA13
藿香,CA14
藿香,CA2
藿香,CA3
藿香,CA4
藿香,CA5A
藿香,CA5B
藿香,CA6
藿香,CA7
藿香,CA9
藿香,CAMK2B
藿香,CBR1
藿香,CCR4
藿香,CDC25B
藿香,CDK6
藿香,CES2
藿香,CHRM2
藿香,CSNK2A1
藿香,CXCL8
藿香,CXCR1
藿香,CYP19A1
藿香,CYP1A1
藿香,CYP1A2
藿香,CYP1B1
藿香,CYP2A6
藿香,CYP2C19
藿香,CYP2C9
藿香,CYP2D6
藿香,CYP2J2
藿香,CYP3A4
藿香,DAPK1
藿香,DPP4
藿香,DRD1
藿香,DUSP3
藿香,EGFR
藿香,EGLN1
藿香,EHMT2
藿香,EPHX2
藿香,ERBB2
藿香,ESR1
藿香,F2
藿香,F3
藿香,FABP2
藿香,FABP3
藿香,FABP4
藿香,FABP5
藿香,FASN
藿香,FLT3
藿香,GAA
藿香,GABRR1
藿香,GBA
藿香,GLO1
藿香,GRIK5
藿香,GRM5
藿香,GSK3B
藿香,HIF1A
藿香,HRH3
藿香,HSD11B1
藿香,HSD17B1
藿香,HSD17B2
藿香,HSD17B3
藿香,HSP90AB1
藿香,HSPA1A
藿香,HSPA8
藿香,HTR1A
藿香,IDH1
藿香,IGF1R
藿香,KAT2B
藿香,KCNH2
藿香,KDM4E
藿香,KDR
藿香,KMT2A
藿香,MAOB
藿香,MAP2K1
藿香,MAPK1
藿香,MAPK14
藿香,MAPK9
藿香,MAPKAPK2
藿香,MAPT
藿香,MCL1
藿香,MET
藿香,MMP1
藿香,MMP12
藿香,MMP13
藿香,MMP2
藿香,MMP3
藿香,MMP9
藿香,MPG
藿香,NEK2
藿香,NEK6
藿香,NFKB1
藿香,NQO2
藿香,NR1H4
藿香,NR1I2
藿香,ODC1
藿香,OPRD1
藿香,OPRK1
藿香,PARP1
藿香,PCNA
藿香,PDE5A
藿香,PIK3CG
藿香,PKN1
藿香,PLK1
藿香,PNP
藿香,POLB
藿香,PPARA
藿香,PPARD
藿香,PPARG
藿香,PRKCA
藿香,PTGS1
藿香,PTGS2
藿香,PTK2
藿香,PTPN1
藿香,PTPN11
藿香,PTPN2
藿香,PTPRF
藿香,PTPRS
藿香,RELA
藿香,RORC
藿香,SLC22A1
藿香,SLC22A12
藿香,SLC28A1
藿香,SLC28A2
藿香,SLC47A1
藿香,SLC5A2
藿香,SLCO1B1
藿香,SLCO1B3
藿香,SLCO2B1
藿香,SRC
藿香,SYK
藿香,TBXAS1
藿香,TERT
藿香,THRB
藿香,TLR2
藿香,TNKS2
藿香,TOP1
藿香,TRPV1
藿香,TYR
藿香,UGT1A1
藿香,VDR
藿香,XDH
虎杖,ABCG2
虎杖,ACHE
虎杖,ADORA1
虎杖,ADORA3
虎杖,AKR1B1
虎杖,AKR1B10
虎杖,AKR1C3
虎杖,AKT1
虎杖,ALK
虎杖,ALOX12
虎杖,ALOX15
虎杖,ALOX5
虎杖,ALPI
虎杖,ALPL
虎杖,AMY1A
虎杖,APEX1
虎杖,APP
虎杖,AR
虎杖,AURKB
虎杖,BACE1
虎杖,BCHE
虎杖,BCL2
虎杖,BCL2L1
虎杖,CA1
虎杖,CA12
虎杖,CA13
虎杖,CA14
虎杖,CA2
虎杖,CA3
虎杖,CA4
虎杖,CA5A
虎杖,CA5B
虎杖,CA6
虎杖,CA7
虎杖,CA9
虎杖,CDK6
虎杖,CES2
虎杖,CNR2
虎杖,CSNK2A1
虎杖,CTSL
虎杖,CXCL8
虎杖,CXCR1
虎杖,CYP19A1
虎杖,CYP1A1
虎杖,CYP1A2
虎杖,CYP1B1
虎杖,CYP2A6
虎杖,CYP2C19
虎杖,CYP2C8
虎杖,CYP2C9
虎杖,CYP2D6
虎杖,CYP2J2
虎杖,CYP3A4
虎杖,DAPK1
虎杖,DPP4
虎杖,DRD1
虎杖,DYRK1B
虎杖,EHMT2
虎杖,EPHX2
虎杖,ERBB2
虎杖,ESR1
虎杖,ESR2
虎杖,F10
虎杖,F2
虎杖,F3
虎杖,FABP4
虎杖,FABP5
虎杖,FASN
虎杖,FLT3
虎杖,GAA
虎杖,GBA
虎杖,GLO1
虎杖,GRM2
虎杖,GSK3B
虎杖,GSTP1
虎杖,HCAR2
虎杖,HIF1A
虎杖,HSD11B1
虎杖,HSD17B2
虎杖,HSD17B3
虎杖,HSPA1A
虎杖,HTR7
虎杖,IDH1
虎杖,IDO1
虎杖,IGF1R
虎杖,KCNH2
虎杖,KDM4E
虎杖,KDR
虎杖,KMT2A
虎杖,MAOA
虎杖,MAPK1
虎杖,MAPK14
虎杖,MAPKAPK2
虎杖,MAPT
虎杖,MET
虎杖,MGLL
虎杖,MIF
虎杖,MMP1
虎杖,MMP13
虎杖,MMP2
虎杖,MMP3
虎杖,MMP9
虎杖,MPG
虎杖,NEK6
虎杖,NFKB1
虎杖,NOS2
虎杖,NR1H4
虎杖,NR1I2
虎杖,NUAK1
虎杖,ODC1
虎杖,PARP1
虎杖,PDE5A
虎杖,PIK3CG
虎杖,PIM1
虎杖,PLA2G2A
虎杖,PLG
虎杖,PNP
虎杖,POLB
虎杖,PPARA
虎杖,PPARD
虎杖,PPARG
虎杖,PRMT1
虎杖,PTGS1
虎杖,PTGS2
虎杖,PTPN1
虎杖,PTPN11
虎杖,PTPN2
虎杖,PTPN6
虎杖,RELA
虎杖,RORC
虎杖,SLC28A2
虎杖,SLC28A3
虎杖,SLCO1B1
虎杖,SLCO1B3
虎杖,SLCO2B1
虎杖,SOAT1
虎杖,SRC
虎杖,STAT3
虎杖,SYK
虎杖,TERT
虎杖,THRB
虎杖,TLR2
虎杖,TNKS
虎杖,TNKS2
虎杖,TOP2A
虎杖,TRPV1
虎杖,TTR
虎杖,TYR
虎杖,UGT1A1
虎杖,XDH
虎杖,XPO1
蜜款冬花,ABCB11
蜜款冬花,ACHE
蜜款冬花,ACP1
蜜款冬花,ADORA2A
蜜款冬花,AKR1B1
蜜款冬花,AKR1B10
蜜款冬花,AKR1C2
蜜款冬花,AKR1C3
蜜款冬花,AKR1C4
蜜款冬花,AKT1
蜜款冬花,ALK
蜜款冬花,ALOX12
蜜款冬花,ALOX15
蜜款冬花,ALOX5
蜜款冬花,ALPI
蜜款冬花,AMY1A
蜜款冬花,AOX1
蜜款冬花,APEX1
蜜款冬花,APP
蜜款冬花,AR
蜜款冬花,AURKB
蜜款冬花,AVPR2
蜜款冬花,BACE1
蜜款冬花,BCHE
蜜款冬花,BCL2
蜜款冬花,CA1
蜜款冬花,CA12
蜜款冬花,CA13
蜜款冬花,CA2
蜜款冬花,CA3
蜜款冬花,CA4
蜜款冬花,CA5A
蜜款冬花,CA6
蜜款冬花,CA7
蜜款冬花,CA9
蜜款冬花,CAMK2B
蜜款冬花,CD38
蜜款冬花,CDC25B
蜜款冬花,CDK6
蜜款冬花,CSNK2A1
蜜款冬花,CTSL
蜜款冬花,CXCL8
蜜款冬花,CXCR1
蜜款冬花,CYP19A1
蜜款冬花,CYP1A1
蜜款冬花,CYP1B1
蜜款冬花,CYP2A6
蜜款冬花,CYP2C19
蜜款冬花,CYP2C8
蜜款冬花,CYP2C9
蜜款冬花,CYP2D6
蜜款冬花,CYP2J2
蜜款冬花,CYP3A4
蜜款冬花,DAPK1
蜜款冬花,DPP4
蜜款冬花,DRD1
蜜款冬花,DUSP3
蜜款冬花,EGFR
蜜款冬花,EGLN1
蜜款冬花,EHMT2
蜜款冬花,EPHX2
蜜款冬花,ESR1
蜜款冬花,ESR2
蜜款冬花,ESRRA
蜜款冬花,F2
蜜款冬花,F3
蜜款冬花,FABP4
蜜款冬花,FABP5
蜜款冬花,FASN
蜜款冬花,FLT3
蜜款冬花,FUT7
蜜款冬花,GAA
蜜款冬花,GABRR1
蜜款冬花,GBA
蜜款冬花,GLO1
蜜款冬花,GPR35
蜜款冬花,GRIA1
蜜款冬花,GRM8
蜜款冬花,GSK3B
蜜款冬花,HIF1A
蜜款冬花,HSD11B2
蜜款冬花,HSD17B1
蜜款冬花,HSD17B2
蜜款冬花,HSP90AB1
蜜款冬花,HTR1A
蜜款冬花,HTR2B
蜜款冬花,HTR7
蜜款冬花,IDH1
蜜款冬花,IDO1
蜜款冬花,IGF1R
蜜款冬花,INSR
蜜款冬花,KCNA3
蜜款冬花,KCNH2
蜜款冬花,KDM4E
蜜款冬花,KDR
蜜款冬花,KMT2A
蜜款冬花,MAOB
蜜款冬花,MAP2K1
蜜款冬花,MAP2K7
蜜款冬花,MAPK1
蜜款冬花,MAPK14
蜜款冬花,MAPKAPK2
蜜款冬花,MAPT
蜜款冬花,MET
蜜款冬花,MGLL
蜜款冬花,MIF
蜜款冬花,MMP1
蜜款冬花,MMP12
蜜款冬花,MMP13
蜜款冬花,MMP2
蜜款冬花,MMP3
蜜款冬花,MMP9
蜜款冬花,MPG
蜜款冬花,NEK2
蜜款冬花,NFKB1
蜜款冬花,NOS2
蜜款冬花,NR1I2
蜜款冬花,NUAK1
蜜款冬花,PDE5A
蜜款冬花,PIK3CG
蜜款冬花,PIM1
蜜款冬花,PKN1
蜜款冬花,PLK1
蜜款冬花,POLB
蜜款冬花,PPARA
蜜款冬花,PPARD
蜜款冬花,PPARG
蜜款冬花,PTGES
蜜款冬花,PTGS1
蜜款冬花,PTGS2
蜜款冬花,PTK2
蜜款冬花,PTPN1
蜜款冬花,PTPN11
蜜款冬花,PTPRF
蜜款冬花,PYGL
蜜款冬花,RELA
蜜款冬花,RORC
蜜款冬花,RXRA
蜜款冬花,SENP8
蜜款冬花,SLC22A1
蜜款冬花,SLC28A3
蜜款冬花,SLCO1B1
蜜款冬花,SLCO1B3
蜜款冬花,SOAT1
蜜款冬花,SRC
蜜款冬花,TERT
蜜款冬花,THRB
蜜款冬花,TNKS
蜜款冬花,TOP1
蜜款冬花,TOP2A
蜜款冬花,TYR
蜜款冬花,UBE2N
蜜款冬花,UGT1A1
蜜款冬花,XDH
蜜百部,EGFR
蜜百部,KDM4E
蜜紫菀,ABCC1
蜜紫菀,ABCG2
蜜紫菀,ACHE
蜜紫菀,ADORA1
蜜紫菀,AKR1B1
蜜紫菀,AKR1B10
蜜紫菀,AKR1C2
蜜紫菀,AKR1C3
蜜紫菀,AKT1
蜜紫菀,ALOX15
蜜紫菀,ALOX5
蜜紫菀,APEX1
蜜紫菀,APP
蜜紫菀,AR
蜜紫菀,BACE1
蜜紫菀,BCHE
蜜紫菀,CA1
蜜紫菀,CA12
蜜紫菀,CA13
蜜紫菀,CA14
蜜紫菀,CA2
蜜紫菀,CA3
蜜紫菀,CA4
蜜紫菀,CA5A
蜜紫菀,CA5B
蜜紫菀,CA6
蜜紫菀,CA7
蜜紫菀,CA9
蜜紫菀,CAMK2B
蜜紫菀,CBR1
蜜紫菀,CD38
蜜紫菀,CDK6
蜜紫菀,CXCL8
蜜紫菀,CYP19A1
蜜紫菀,CYP1A1
蜜紫菀,CYP1A2
蜜紫菀,CYP1B1
蜜紫菀,CYP2A6
蜜紫菀,CYP2C19
蜜紫菀,CYP2C8
蜜紫菀,CYP2C9
蜜紫菀,CYP2D6
蜜紫菀,CYP2E1
蜜紫菀,CYP2J2
蜜紫菀,CYP3A4
蜜紫菀,DAPK1
蜜紫菀,DNMT1
蜜紫菀,DPP4
蜜紫菀,DRD1
蜜紫菀,EGFR
蜜紫菀,EGLN1
蜜紫菀,EHMT2
蜜紫菀,EPHX2
蜜紫菀,ESR1
蜜紫菀,ESRRA
蜜紫菀,ESRRB
蜜紫菀,F2
蜜紫菀,F3
蜜紫菀,FABP4
蜜紫菀,FABP5
蜜紫菀,FASN
蜜紫菀,GAA
蜜紫菀,GBA
蜜紫菀,GLO1
蜜紫菀,GPR35
蜜紫菀,GRK6
蜜紫菀,GSTP1
蜜紫菀,HCAR2
蜜紫菀,HIF1A
蜜紫菀,HSD17B1
蜜紫菀,HSD17B2
蜜紫菀,HSPA8
蜜紫菀,HTR1A
蜜紫菀,HTR7
蜜紫菀,IDH1
蜜紫菀,IDO1
蜜紫菀,IGF1R
蜜紫菀,KCNH2
蜜紫菀,KDM4E
蜜紫菀,KDR
蜜紫菀,KMT2A
蜜紫菀,MAOA
蜜紫菀,MAP2K1
蜜紫菀,MAPK1
蜜紫菀,MAPKAPK2
蜜紫菀,MAPT
蜜紫菀,MET
蜜紫菀,MMP2
蜜紫菀,MMP3
蜜紫菀,MMP9
蜜紫菀,MPG
蜜紫菀,NEK2
蜜紫菀,NFKB1
蜜紫菀,NR1H4
蜜紫菀,NR1I2
蜜紫菀,OPRD1
蜜紫菀,PDE5A
蜜紫菀,PDGFRB
蜜紫菀,PIK3CG
蜜紫菀,PIM1
蜜紫菀,PKN1
蜜紫菀,PLG
蜜紫菀,PNP
蜜紫菀,POLB
蜜紫菀,PPARA
蜜紫菀,PPARG
蜜紫菀,PTGES
蜜紫菀,PTGS1
蜜紫菀,PTK2
蜜紫菀,PTPN1
蜜紫菀,PTPN2
蜜紫菀,PTPN6
蜜紫菀,PTPRF
蜜紫菀,PYGL
蜜紫菀,RORC
蜜紫菀,SHBG
蜜紫菀,SLC28A2
蜜紫菀,SLC28A3
蜜紫菀,SLCO1B1
蜜紫菀,SLCO1B3
蜜紫菀,SLCO2B1
蜜紫菀,SOAT1
蜜紫菀,SRC
蜜紫菀,SYK
蜜紫菀,TERT
蜜紫菀,THRB
蜜紫菀,TNKS
蜜紫菀,TOP1
蜜紫菀,TOP2A
蜜紫菀,TRPV1
蜜紫菀,UGT1A1
蜜紫菀,XDH
蜜麻黄,ABCB1
蜜麻黄,ABCB11
蜜麻黄,ABCC1
蜜麻黄,ABCG2
蜜麻黄,ACHE
蜜麻黄,ADORA1
蜜麻黄,ADORA2B
蜜麻黄,ADORA3
蜜麻黄,AKR1B1
蜜麻黄,AKR1B10
蜜麻黄,AKT1
蜜麻黄,ALOX12
蜜麻黄,ALOX15
蜜麻黄,ALOX5
蜜麻黄,ALPI
蜜麻黄,ALPL
蜜麻黄,AMY1A
蜜麻黄,APP
蜜麻黄,AR
蜜麻黄,AURKA
蜜麻黄,AXL
蜜麻黄,BACE1
蜜麻黄,BCHE
蜜麻黄,BCL2L1
蜜麻黄,CA1
蜜麻黄,CA12
蜜麻黄,CA2
蜜麻黄,CA4
蜜麻黄,CA5A
蜜麻黄,CA5B
蜜麻黄,CA6
蜜麻黄,CA7
蜜麻黄,CA9
蜜麻黄,CAMK2B
蜜麻黄,CARM1
蜜麻黄,CBR1
蜜麻黄,CCR4
蜜麻黄,CD38
蜜麻黄,CDK6
蜜麻黄,CXCL8
蜜麻黄,CXCR1
蜜麻黄,CYP19A1
蜜麻黄,CYP1A1
蜜麻黄,CYP1A2
蜜麻黄,CYP1B1
蜜麻黄,CYP2A13
蜜麻黄,CYP2A6
蜜麻黄,CYP2C19
蜜麻黄,CYP2C9
蜜麻黄,CYP2D6
蜜麻黄,CYP2J2
蜜麻黄,CYP3A4
蜜麻黄,DAO
蜜麻黄,DAPK1
蜜麻黄,DHFR
蜜麻黄,DPP4
蜜麻黄,DRD1
蜜麻黄,DUSP3
蜜麻黄,EHMT2
蜜麻黄,ESR1
蜜麻黄,ESR2
蜜麻黄,F3
蜜麻黄,FABP2
蜜麻黄,FABP3
蜜麻黄,FABP4
蜜麻黄,FABP5
蜜麻黄,FASN
蜜麻黄,FLT3
蜜麻黄,FOLH1
蜜麻黄,GAA
蜜麻黄,GBA
蜜麻黄,GPR35
蜜麻黄,GRM4
蜜麻黄,GRM5
蜜麻黄,GSK3B
蜜麻黄,HCAR2
蜜麻黄,HIF1A
蜜麻黄,HSD11B1
蜜麻黄,HTR3A
蜜麻黄,HTR7
蜜麻黄,IDH1
蜜麻黄,IDO1
蜜麻黄,IGF1R
蜜麻黄,INSR
蜜麻黄,KCNH2
蜜麻黄,KDM4E
蜜麻黄,KMT2A
蜜麻黄,MAOB
蜜麻黄,MAP2K1
蜜麻黄,MAPK1
蜜麻黄,MAPK14
蜜麻黄,MAPT
蜜麻黄,MCL1
蜜麻黄,MET
蜜麻黄,MGLL
蜜麻黄,MMP1
蜜麻黄,MMP12
蜜麻黄,MMP2
蜜麻黄,MMP3
蜜麻黄,MMP9
蜜麻黄,MPG
蜜麻黄,NEK6
蜜麻黄,NFKB1
蜜麻黄,NOS2
蜜麻黄,NQO1
蜜麻黄,NQO2
蜜麻黄,NR1I2
蜜麻黄,NUAK1
蜜麻黄,PARP1
蜜麻黄,PIK3CG
蜜麻黄,PIM1
蜜麻黄,PKN1
蜜麻黄,PLG
蜜麻黄,PLK1
蜜麻黄,POLB
蜜麻黄,PPARA
蜜麻黄,PPARD
蜜麻黄,PPARG
蜜麻黄,PRKCA
蜜麻黄,PTGS1
蜜麻黄,PTGS2
蜜麻黄,PTK2
蜜麻黄,PTPN1
蜜麻黄,PTPN2
蜜麻黄,PTPN6
蜜麻黄,PTPRF
蜜麻黄,PTPRS
蜜麻黄,PYGL
蜜麻黄,RELA
蜜麻黄,RORC
蜜麻黄,SLC28A3
蜜麻黄,SLCO1B1
蜜麻黄,SLCO1B3
蜜麻黄,SLCO2B1
蜜麻黄,SOAT1
蜜麻黄,SRC
蜜麻黄,TERT
蜜麻黄,TLR2
蜜麻黄,TNKS2
蜜麻黄,TOP2A
蜜麻黄,TRPV1
蜜麻黄,TTR
蜜麻黄,TYR
蜜麻黄,UGT1A1
蜜麻黄,XDH
蝉蜕,MAPT
蝉蜕,PTPN1
补骨脂,AKR1B10
补骨脂,AKT1
补骨脂,ALOX5
补骨脂,ALPL
补骨脂,APP
补骨脂,BCHE
补骨脂,CA3
补骨脂,CA4
补骨脂,CA5A
补骨脂,CA6
补骨脂,CA7
补骨脂,CA9
补骨脂,CTSL
补骨脂,CXCL8
补骨脂,CYP1B1
补骨脂,CYP2A6
补骨脂,CYP2C19
补骨脂,CYP2C9
补骨脂,DRD1
补骨脂,EGFR
补骨脂,EHMT2
补骨脂,ESR1
补骨脂,GRM5
补骨脂,HSD17B1
补骨脂,IDH1
补骨脂,KDM4E
补骨脂,KMT2A
补骨脂,MAPK1
补骨脂,MAPT
补骨脂,MMP2
补骨脂,MMP3
补骨脂,MMP9
补骨脂,NFKB1
补骨脂,PDE5A
补骨脂,POLB
补骨脂,PPARA
补骨脂,PRKCA
补骨脂,PTGS1
补骨脂,PTPN1
补骨脂,RORC
补骨脂,RXRA
补骨脂,SHBG
补骨脂,SLCO2B1
补骨脂,THRB
补骨脂,TNKS
补骨脂,TOP2A
诃子,ABCB1
诃子,ABCC1
诃子,ACHE
诃子,ADORA2A
诃子,AKR1B1
诃子,AKR1B10
诃子,ALOX12
诃子,ALOX15
诃子,ALOX5
诃子,ALPL
诃子,AMY1A
诃子,APEX1
诃子,AR
诃子,AURKB
诃子,AXL
诃子,BACE1
诃子,BCHE
诃子,BCL2
诃子,CA1
诃子,CA12
诃子,CA14
诃子,CA2
诃子,CA3
诃子,CA4
诃子,CA5A
诃子,CA5B
诃子,CA6
诃子,CA7
诃子,CA9
诃子,CCR4
诃子,CDK6
诃子,CXCL8
诃子,CYP19A1
诃子,CYP1A1
诃子,CYP1A2
诃子,CYP1B1
诃子,CYP2A6
诃子,CYP2C19
诃子,CYP2D6
诃子,CYP2J2
诃子,CYP3A4
诃子,DAO
诃子,DAPK1
诃子,DRD1
诃子,DRD4
诃子,DUSP3
诃子,DYRK1A
诃子,EGFR
诃子,EHMT2
诃子,EP300
诃子,EPHB4
诃子,EPHX2
诃子,ESR1
诃子,F3
诃子,FABP2
诃子,FABP3
诃子,FABP4
诃子,FABP5
诃子,FASN
诃子,FLT3
诃子,GAA
诃子,GBA
诃子,GLO1
诃子,GPR35
诃子,GRM5
诃子,GSK3B
诃子,HCAR2
诃子,HIF1A
诃子,HSD11B1
诃子,HSPA8
诃子,HTR7
诃子,IDH1
诃子,IDO1
诃子,IGF1R
诃子,KCNH2
诃子,KDM4E
诃子,KMT2A
诃子,MAOB
诃子,MAPK1
诃子,MAPT
诃子,MCL1
诃子,MET
诃子,MMP1
诃子,MMP12
诃子,MMP2
诃子,MMP3
诃子,MMP9
诃子,MPG
诃子,NFKB1
诃子,NR1I2
诃子,PARP1
诃子,PDE5A
诃子,PIK3CG
诃子,PKN1
诃子,PLG
诃子,PLK1
诃子,POLB
诃子,PPARA
诃子,PPARD
诃子,PPARG
诃子,PRKCA
诃子,PTGS2
诃子,PTPN1
诃子,PTPN6
诃子,PTPRF
诃子,RORC
诃子,SLC22A1
诃子,SLC28A1
诃子,SLC6A2
诃子,SLCO1B1
诃子,SLCO1B3
诃子,SLCO2B1
诃子,STAT3
诃子,SYK
诃子,TERT
诃子,THRB
诃子,TNKS2
诃子,TOP1
诃子,TOP2A
诃子,TRPV1
诃子,TTR
诃子,TYR
诃子,UGT1A1
诃子,XDH
豆蔻,EHMT2
败酱草,ABCC1
败酱草,ABCG2
败酱草,ACHE
败酱草,ACP1
败酱草,ADORA3
败酱草,ADRA2B
败酱草,AKR1B1
败酱草,AKR1B10
败酱草,AKR1C3
败酱草,AKT1
败酱草,ALOX15
败酱草,ALOX5
败酱草,ALPI
败酱草,ALPL
败酱草,AMY1A
败酱草,APEX1
败酱草,APP
败酱草,AR
败酱草,ATR
败酱草,AURKB
败酱草,AXL
败酱草,BACE1
败酱草,BCHE
败酱草,BCL2L1
败酱草,CA1
败酱草,CA12
败酱草,CA13
败酱草,CA14
败酱草,CA2
败酱草,CA3
败酱草,CA4
败酱草,CA5A
败酱草,CA6
败酱草,CA7
败酱草,CA9
败酱草,CAMK2B
败酱草,CCR4
败酱草,CD38
败酱草,CDK6
败酱草,CNR2
败酱草,CSNK2A1
败酱草,CTBP2
败酱草,CXCL8
败酱草,CXCR1
败酱草,CYP19A1
败酱草,CYP1A2
败酱草,CYP1B1
败酱草,CYP2A6
败酱草,CYP2B6
败酱草,CYP2C19
败酱草,CYP2C9
败酱草,CYP2D6
败酱草,CYP2J2
败酱草,CYP3A4
败酱草,DNMT1
败酱草,DPP4
败酱草,DRD1
败酱草,DUSP3
败酱草,EGFR
败酱草,EHMT2
败酱草,EPHX2
败酱草,ERN1
败酱草,ESR1
败酱草,ESR2
败酱草,F2
败酱草,F3
败酱草,FABP2
败酱草,FABP3
败酱草,FABP4
败酱草,FABP5
败酱草,FLT4
败酱草,GAA
败酱草,GBA
败酱草,GLRA1
败酱草,GPR35
败酱草,GSK3B
败酱草,HCAR2
败酱草,HIF1A
败酱草,HSD11B1
败酱草,HSD17B1
败酱草,HSD17B2
败酱草,HSD17B3
败酱草,HSPA8
败酱草,IDH1
败酱草,IDO1
败酱草,IGF1R
败酱草,INSR
败酱草,KDM4E
败酱草,MAOA
败酱草,MAP2K1
败酱草,MAPK1
败酱草,MAPK14
败酱草,MAPT
败酱草,MET
败酱草,MIF
败酱草,MMP12
败酱草,MMP13
败酱草,MMP2
败酱草,MMP3
败酱草,MMP9
败酱草,MPG
败酱草,NEK2
败酱草,NFKB1
败酱草,NR1H4
败酱草,NR1I2
败酱草,NUAK1
败酱草,PARP1
败酱草,PDE5A
败酱草,PDGFRB
败酱草,PIK3CG
败酱草,PIM1
败酱草,PKN1
败酱草,PLG
败酱草,PLK1
败酱草,PNP
败酱草,POLB
败酱草,PPARA
败酱草,PPARD
败酱草,PPARG
败酱草,PRKCA
败酱草,PTGS1
败酱草,PTGS2
败酱草,PTK2
败酱草,PTPN1
败酱草,PTPN11
败酱草,PTPRF
败酱草,PTPRS
败酱草,PYGL
败酱草,RORC
败酱草,SHBG
败酱草,SLC22A1
败酱草,SLC5A1
败酱草,SLCO1B1
败酱草,SLCO1B3
败酱草,SLCO2B1
败酱草,SOAT1
败酱草,SRC
败酱草,STAT3
败酱草,SYK
败酱草,TERT
败酱草,THRB
败酱草,TLR2
败酱草,TNKS
败酱草,TNKS2
败酱草,TOP2A
败酱草,TRPV1
败酱草,TTR
败酱草,UGT1A1
败酱草,XDH
贯众,ABCB1
贯众,ABCG2
贯众,ACHE
贯众,ACP1
贯众,ADORA2A
贯众,ADORA3
贯众,ADRB2
贯众,AKR1B1
贯众,AKR1C2
贯众,AKR1C3
贯众,AKR1C4
贯众,AKT1
贯众,ALOX12
贯众,ALOX15
贯众,ALOX5
贯众,ALPI
贯众,AMY1A
贯众,AOC3
贯众,APEX1
贯众,APP
贯众,AR
贯众,AURKB
贯众,AXL
贯众,BACE1
贯众,BCHE
贯众,BCL2
贯众,BCL2L1
贯众,CA1
贯众,CA12
贯众,CA13
贯众,CA14
贯众,CA2
贯众,CA3
贯众,CA4
贯众,CA5A
贯众,CA5B
贯众,CA6
贯众,CA7
贯众,CA9
贯众,CAMK2B
贯众,CCR4
贯众,CD38
贯众,CDK6
贯众,CHRNA7
贯众,CTSL
贯众,CXCL8
贯众,CXCR1
贯众,CYP19A1
贯众,CYP1A1
贯众,CYP1A2
贯众,CYP1B1
贯众,CYP2A6
贯众,CYP2C19
贯众,CYP2C8
贯众,CYP2C9
贯众,CYP2D6
贯众,CYP3A4
贯众,DAPK1
贯众,DHFR
贯众,DPP4
贯众,DRD2
贯众,EGFR
贯众,EGLN1
贯众,EHMT2
贯众,EPHX2
贯众,ERBB2
贯众,ESR1
贯众,ESR2
贯众,F2
贯众,F3
贯众,FABP2
贯众,FABP3
贯众,FABP4
贯众,FABP5
贯众,FASN
贯众,FLT3
贯众,GAA
贯众,GBA
贯众,GBA2
贯众,GLO1
贯众,GLRA1
贯众,GPBAR1
贯众,GPR35
贯众,GSK3B
贯众,HCAR2
贯众,HIF1A
贯众,HKDC1
贯众,HSD11B1
贯众,HSD17B1
贯众,HSD17B2
贯众,HTR1A
贯众,HTR1E
贯众,INSR
贯众,KDM4E
贯众,KDR
贯众,KMT2A
贯众,MAP2K1
贯众,MAPK1
贯众,MAPK14
贯众,MAPKAPK2
贯众,MAPT
贯众,MET
贯众,MMP13
贯众,MMP2
贯众,MMP9
贯众,MPG
贯众,NEK2
贯众,NEK6
贯众,NFKB1
贯众,NR1H4
贯众,NR1I2
贯众,NUAK1
贯众,PDE5A
贯众,PIK3CA
贯众,PIK3CB
贯众,PIK3CG
贯众,PLG
贯众,PLK1
贯众,POLB
贯众,PPARA
贯众,PPARD
贯众,PPARG
贯众,PTGS1
贯众,PTGS2
贯众,PTK2
贯众,PTPN1
贯众,PTPRF
贯众,PTPRS
贯众,PYGL
贯众,RORC
贯众,SLC22A1
贯众,SLC28A1
贯众,SLC47A1
贯众,SOAT1
贯众,SRC
贯众,SYK
贯众,TERT
贯众,TLR2
贯众,TNKS
贯众,TOP2A
贯众,TTR
贯众,TYR
贯众,UGT1A1
贯众,XDH
赤芍,ABCB11
赤芍,ACP1
赤芍,ADORA2A
赤芍,ADORA2B
赤芍,ADORA3
赤芍,AKR1B10
赤芍,AKT1
赤芍,ALOX12
赤芍,ALOX15
赤芍,ALOX5
赤芍,AMY1A
赤芍,APEX1
赤芍,APP
赤芍,AURKB
赤芍,AVPR2
赤芍,AXL
赤芍,BACE1
赤芍,BCL2
赤芍,CA1
赤芍,CA14
赤芍,CA2
赤芍,CA3
赤芍,CA4
赤芍,CA5A
赤芍,CA5B
赤芍,CA7
赤芍,CA9
赤芍,CAMK2B
赤芍,CD38
赤芍,CHRM1
赤芍,CXCL8
赤芍,CXCR1
赤芍,CYP19A1
赤芍,CYP1A1
赤芍,CYP1A2
赤芍,CYP1B1
赤芍,CYP2C19
赤芍,CYP2C8
赤芍,CYP2C9
赤芍,CYP3A4
赤芍,DAO
赤芍,DAPK1
赤芍,DPP4
赤芍,DRD1
赤芍,EGLN1
赤芍,EHMT2
赤芍,ERBB2
赤芍,ESR1
赤芍,F3
赤芍,FABP2
赤芍,FABP3
赤芍,FABP4
赤芍,FABP5
赤芍,FLT3
赤芍,GAA
赤芍,GBA
赤芍,GLO1
赤芍,GPR35
赤芍,GSK3B
赤芍,HIF1A
赤芍,HSD17B1
赤芍,HSD17B2
赤芍,HSPA8
赤芍,HTR1A
赤芍,IDH1
赤芍,IGF1R
赤芍,INSR
赤芍,KDM4E
赤芍,KDR
赤芍,KMT2A
赤芍,LDHA
赤芍,MAP2K1
赤芍,MAPK1
赤芍,MAPKAPK2
赤芍,MAPT
赤芍,MMP1
赤芍,MMP13
赤芍,MMP2
赤芍,NEK6
赤芍,NFKB1
赤芍,NR1I2
赤芍,PDE5A
赤芍,PIK3CB
赤芍,PIM1
赤芍,PKN1
赤芍,POLB
赤芍,PPARD
赤芍,PPARG
赤芍,PTGS1
赤芍,PTGS2
赤芍,PTPN6
赤芍,RORC
赤芍,SLC22A1
赤芍,SLC28A2
赤芍,SLC28A3
赤芍,SLCO1B1
赤芍,SLCO1B3
赤芍,SLCO2B1
赤芍,SRC
赤芍,SYK
赤芍,TERT
赤芍,THRB
赤芍,TLR2
赤芍,TNKS
赤芍,TTR
赤芍,TYR
赤芍,UGT1A1
赤芍,VCP
赤芍,XDH
车前子,ABCG2
车前子,AKR1B1
车前子,AKR1B10
车前子,ALK
车前子,ALOX15
车前子,ALOX5
车前子,APEX1
车前子,APP
车前子,BACE1
车前子,BCR
车前子,CA1
车前子,CA12
车前子,CA2
车前子,CA3
车前子,CA5A
车前子,CA7
车前子,CA9
车前子,CAMK2B
车前子,CARM1
车前子,CBR1
车前子,CCR4
车前子,CNR1
车前子,CXCL8
车前子,CXCR1
车前子,CYP19A1
车前子,CYP1A2
车前子,CYP2C19
车前子,CYP3A4
车前子,DAPK1
车前子,EGFR
车前子,EHMT2
车前子,ESR2
车前子,FABP3
车前子,FABP4
车前子,FABP5
车前子,FLT3
车前子,GAA
车前子,GPR35
车前子,HIF1A
车前子,HSPA8
车前子,HTR1A
车前子,HTR7
车前子,KDM4E
车前子,KMT2A
车前子,MAPK1
车前子,MAPKAPK2
车前子,MAPT
车前子,MMP1
车前子,MMP3
车前子,MMP9
车前子,MPG
车前子,NFKB1
车前子,NUAK1
车前子,OPRM1
车前子,PIM1
车前子,PKN1
车前子,POLB
车前子,PPARA
车前子,PPARD
车前子,PTGS2
车前子,PTPN1
车前子,PTPRS
车前子,RORC
车前子,SLC28A1
车前子,SLCO2B1
车前子,SRC
车前子,TERT
车前子,THRB
车前子,TOP2A
车前子,TTR
车前子,XDH
辛夷,ALOX15
辛夷,CA1
辛夷,CA12
辛夷,CA5B
辛夷,CA6
辛夷,CA9
辛夷,CXCL8
辛夷,CYP3A4
辛夷,EHMT2
辛夷,FLT3
辛夷,HTR7
辛夷,KDM4E
辛夷,MAPK1
辛夷,MAPT
辛夷,PPARD
辛夷,SLC28A2
连翘,ABCB11
连翘,ABCC1
连翘,ABCG2
连翘,ACHE
连翘,ADORA2B
连翘,ADORA3
连翘,AKR1B1
连翘,AKR1B10
连翘,AKR1C2
连翘,AKT1
连翘,ALK
连翘,ALOX12
连翘,ALOX15
连翘,ALOX5
连翘,ALPI
连翘,AMY1A
连翘,APEX1
连翘,AURKB
连翘,AXL
连翘,BCHE
连翘,BCL2L1
连翘,CA1
连翘,CA14
连翘,CA2
连翘,CA3
连翘,CA4
连翘,CA5A
连翘,CA5B
连翘,CA6
连翘,CA7
连翘,CA9
连翘,CAMK2B
连翘,CCR4
连翘,CDC25B
连翘,CES1
连翘,CES2
连翘,CHRM2
连翘,CNR1
连翘,CSNK2A1
连翘,CTSL
连翘,CXCL8
连翘,CXCR1
连翘,CYP19A1
连翘,CYP1A1
连翘,CYP1A2
连翘,CYP1B1
连翘,CYP2A6
连翘,CYP2C19
连翘,CYP2C9
连翘,CYP2D6
连翘,CYP2J2
连翘,CYP3A4
连翘,DAPK1
连翘,DPP4
连翘,DRD1
连翘,DUSP3
连翘,EGFR
连翘,EGLN1
连翘,EHMT2
连翘,EPHX2
连翘,ESR1
连翘,F2
连翘,F3
连翘,FABP3
连翘,FABP4
连翘,FABP5
连翘,FASN
连翘,FLT3
连翘,GAA
连翘,GBA
连翘,GLO1
连翘,GLRA2
连翘,GSK3B
连翘,HCAR2
连翘,HDAC1
连翘,HDAC2
连翘,HIF1A
连翘,HSD11B1
连翘,HSD17B1
连翘,HSD17B2
连翘,HSP90AB1
连翘,HTR1A
连翘,HTR4
连翘,IDH1
连翘,IDO1
连翘,IGF1R
连翘,INSR
连翘,KCNH2
连翘,KDM4E
连翘,KDR
连翘,KMT2A
连翘,MAOB
连翘,MAP2K1
连翘,MAPK14
连翘,MAPK9
连翘,MAPKAPK2
连翘,MAPT
连翘,MCL1
连翘,MET
连翘,MMP1
连翘,MMP2
连翘,MMP3
连翘,MMP9
连翘,MPG
连翘,NEK6
连翘,NFKB1
连翘,NOS2
连翘,NR1I2
连翘,NUAK1
连翘,PDE5A
连翘,PIM1
连翘,PLG
连翘,PLK1
连翘,POLB
连翘,PPARA
连翘,PPARD
连翘,PPARG
连翘,PRKCA
连翘,PRMT1
连翘,PTGES
连翘,PTGS2
连翘,PTK2
连翘,PTPN1
连翘,PTPN2
连翘,PTPRF
连翘,PTPRS
连翘,RORC
连翘,SAE1
连翘,SLC28A1
连翘,SLC5A1
连翘,SLCO1B3
连翘,SLCO2B1
连翘,SOAT1
连翘,SRC
连翘,SYK
连翘,TBXAS1
连翘,TERT
连翘,THRB
连翘,TLR2
连翘,TNKS
连翘,TOP2A
连翘,TYR
连翘,UGT1A1
连翘,XDH
通草,ALOX15
通草,APP
通草,BACE1
通草,CA13
通草,CA14
通草,CA3
通草,CA4
通草,DAPK1
通草,EHMT2
通草,EPHX2
通草,ESR1
通草,F2
通草,GAA
通草,GSK3B
通草,HSD17B2
通草,KDM4E
通草,KMT2A
通草,MAPK1
通草,PPARA
通草,PPARD
郁金,ABCC1
郁金,ACHE
郁金,ADORA2B
郁金,ADORA3
郁金,AKR1B1
郁金,AKR1B10
郁金,ALOX12
郁金,ALOX15
郁金,ALOX5
郁金,ALPI
郁金,APEX1
郁金,APP
郁金,AR
郁金,BCHE
郁金,CA1
郁金,CA12
郁金,CA13
郁金,CA14
郁金,CA2
郁金,CA3
郁金,CA4
郁金,CA7
郁金,CA9
郁金,CD38
郁金,CDC25B
郁金,CDK6
郁金,CHRM3
郁金,CXCL8
郁金,CYP19A1
郁金,CYP1A1
郁金,CYP2C19
郁金,CYP2C8
郁金,CYP2C9
郁金,CYP2D6
郁金,CYP3A4
郁金,DAO
郁金,DNMT3B
郁金,DRD1
郁金,DUSP3
郁金,EGFR
郁金,EHMT2
郁金,ERBB2
郁金,ESR1
郁金,F3
郁金,FABP3
郁金,GAA
郁金,GBA
郁金,GPR35
郁金,GSK3B
郁金,HCAR2
郁金,HIF1A
郁金,HSD17B1
郁金,HSD17B2
郁金,HTR7
郁金,IDO1
郁金,IGF1R
郁金,KDM4E
郁金,KMT2A
郁金,MAP2K1
郁金,MAPK1
郁金,MAPT
郁金,MET
郁金,MMP12
郁金,MMP2
郁金,MMP3
郁金,MPG
郁金,NFKB1
郁金,NR3C1
郁金,PIK3CG
郁金,POLB
郁金,PPARA
郁金,PPARD
郁金,PPARG
郁金,PTPN1
郁金,PTPN2
郁金,RORC
郁金,SLCO1B3
郁金,SOAT1
郁金,SRC
郁金,TOP2A
郁金,UGT1A1
野菊花,ABCC1
野菊花,ABCG2
野菊花,ACHE
野菊花,ACP1
野菊花,ADORA1
野菊花,ADORA2A
野菊花,AKR1B1
野菊花,AKR1B10
野菊花,AKR1C2
野菊花,AKR1C3
野菊花,AKR1C4
野菊花,ALK
野菊花,ALOX12
野菊花,ALOX15
野菊花,ALOX5
野菊花,ALPI
野菊花,ALPL
野菊花,AMY1A
野菊花,AOC3
野菊花,APEX1
野菊花,APP
野菊花,AR
野菊花,AURKB
野菊花,AVPR2
野菊花,AXL
野菊花,BACE1
野菊花,BCHE
野菊花,CA1
野菊花,CA12
野菊花,CA13
野菊花,CA14
野菊花,CA2
野菊花,CA3
野菊花,CA4
野菊花,CA5A
野菊花,CA5B
野菊花,CA6
野菊花,CA7
野菊花,CA9
野菊花,CAMK2B
野菊花,CCR4
野菊花,CD38
野菊花,CDK6
野菊花,CSNK2A1
野菊花,CTSL
野菊花,CXCL8
野菊花,CYP19A1
野菊花,CYP1A1
野菊花,CYP2A13
野菊花,CYP2C19
野菊花,CYP2C8
野菊花,CYP2C9
野菊花,CYP2J2
野菊花,CYP3A4
野菊花,DAPK1
野菊花,DPP4
野菊花,DRD1
野菊花,EGFR
野菊花,EHMT2
野菊花,ERBB2
野菊花,ESR1
野菊花,ESR2
野菊花,F2
野菊花,F3
野菊花,FABP2
野菊花,FABP3
野菊花,FABP4
野菊花,FABP5
野菊花,FASN
野菊花,FLT3
野菊花,GAA
野菊花,GBA
野菊花,GLO1
野菊花,GPBAR1
野菊花,GRM4
野菊花,GSK3B
野菊花,HCAR2
野菊花,HIF1A
野菊花,HSD11B1
野菊花,HSD17B1
野菊花,HSD17B2
野菊花,HSP90AB1
野菊花,HSPA8
野菊花,HTR1A
野菊花,HTR2A
野菊花,HTR5A
野菊花,HTR7
野菊花,IDH1
野菊花,INSR
野菊花,KDM4E
野菊花,KIT
野菊花,KMT2A
野菊花,MAP2K1
野菊花,MAP3K8
野菊花,MAPK1
野菊花,MAPK14
野菊花,MAPKAPK2
野菊花,MAPT
野菊花,MCL1
野菊花,MIF
野菊花,MMP1
野菊花,MMP12
野菊花,MMP14
野菊花,MMP2
野菊花,MMP3
野菊花,MMP9
野菊花,MPG
野菊花,MPO
野菊花,NEK2
野菊花,NEK6
野菊花,NFKB1
野菊花,NOS2
野菊花,NUAK1
野菊花,PDE5A
野菊花,PIM1
野菊花,PLG
野菊花,PLK1
野菊花,PNP
野菊花,POLA1
野菊花,POLB
野菊花,PPARA
野菊花,PPARD
野菊花,PPARG
野菊花,PRKCA
野菊花,PTGS1
野菊花,PTGS2
野菊花,PTK2
野菊花,PTPN11
野菊花,PTPN6
野菊花,PTPRF
野菊花,PTPRS
野菊花,RORC
野菊花,SHBG
野菊花,SIGMAR1
野菊花,SLC28A1
野菊花,SLC28A3
野菊花,SLCO1B1
野菊花,SLCO1B3
野菊花,SLCO2B1
野菊花,SRC
野菊花,STAT3
野菊花,SYK
野菊花,TEK
野菊花,THRB
野菊花,TLR2
野菊花,TNKS
野菊花,TNKS2
野菊花,TOP1
野菊花,TOP2A
野菊花,TRPV1
野菊花,TTR
野菊花,TYR
野菊花,UGT1A1
野菊花,XDH
金荞麦,ABCB1
金荞麦,ACHE
金荞麦,ACP1
金荞麦,ADORA1
金荞麦,ADORA3
金荞麦,AKR1B1
金荞麦,AKR1B10
金荞麦,AKR1C2
金荞麦,AKR1C4
金荞麦,AKT1
金荞麦,ALOX12
金荞麦,ALOX15
金荞麦,ALOX5
金荞麦,ALPL
金荞麦,AMY1A
金荞麦,AOC3
金荞麦,APEX1
金荞麦,APP
金荞麦,AR
金荞麦,AXL
金荞麦,BACE1
金荞麦,BCL2
金荞麦,BCL2L1
金荞麦,CA1
金荞麦,CA12
金荞麦,CA13
金荞麦,CA14
金荞麦,CA2
金荞麦,CA3
金荞麦,CA4
金荞麦,CA5A
金荞麦,CA6
金荞麦,CA7
金荞麦,CA9
金荞麦,CAMK2B
金荞麦,CD38
金荞麦,CDC25B
金荞麦,CSNK2A1
金荞麦,CXCL8
金荞麦,CXCR1
金荞麦,CYP19A1
金荞麦,CYP1A1
金荞麦,CYP1A2
金荞麦,CYP1B1
金荞麦,CYP2A13
金荞麦,CYP2A6
金荞麦,CYP2C19
金荞麦,CYP2C8
金荞麦,CYP2C9
金荞麦,CYP2D6
金荞麦,CYP3A4
金荞麦,DAO
金荞麦,DAPK1
金荞麦,DPP4
金荞麦,DRD1
金荞麦,DUSP3
金荞麦,EGFR
金荞麦,EGLN1
金荞麦,EHMT2
金荞麦,EPHX2
金荞麦,ERBB2
金荞麦,ESR2
金荞麦,ESRRA
金荞麦,F2
金荞麦,F3
金荞麦,FABP2
金荞麦,FABP4
金荞麦,GAA
金荞麦,GBA
金荞麦,GLO1
金荞麦,GPR35
金荞麦,GSK3B
金荞麦,HCAR2
金荞麦,HIF1A
金荞麦,HSD11B1
金荞麦,HSD17B1
金荞麦,HSD17B2
金荞麦,HTR2C
金荞麦,IDH1
金荞麦,IDO1
金荞麦,IGF1R
金荞麦,INSR
金荞麦,KDM4E
金荞麦,KDR
金荞麦,KMT2A
金荞麦,MAOA
金荞麦,MAPK1
金荞麦,MAPK14
金荞麦,MAPT
金荞麦,MET
金荞麦,MGLL
金荞麦,MMP13
金荞麦,MMP2
金荞麦,MMP3
金荞麦,MMP9
金荞麦,MPG
金荞麦,NEK2
金荞麦,NEK6
金荞麦,NFKB1
金荞麦,NR1I2
金荞麦,NUAK1
金荞麦,PARP1
金荞麦,PDE4B
金荞麦,PDE5A
金荞麦,PDPK1
金荞麦,PIM1
金荞麦,PLG
金荞麦,POLB
金荞麦,PPARA
金荞麦,PPARD
金荞麦,PPARG
金荞麦,PRMT1
金荞麦,PTGS1
金荞麦,PTGS2
金荞麦,PTK2
金荞麦,PTPN1
金荞麦,PTPN11
金荞麦,PTPRF
金荞麦,PYGL
金荞麦,RORC
金荞麦,SLC22A1
金荞麦,SLC28A2
金荞麦,SLCO1B1
金荞麦,SLCO1B3
金荞麦,SLCO2B1
金荞麦,SOAT1
金荞麦,SRC
金荞麦,SYK
金荞麦,TEK
金荞麦,TERT
金荞麦,THRB
金荞麦,TLR2
金荞麦,TNKS
金荞麦,TNKS2
金荞麦,TOP1
金荞麦,TOP2A
金荞麦,TTR
金荞麦,TYR
金荞麦,UGT1A1
金荞麦,VDR
金荞麦,XDH
金银花,ABCB11
金银花,ABCC1
金银花,ABCG2
金银花,ACHE
金银花,ADORA1
金银花,ADORA2A
金银花,ADORA2B
金银花,ADORA3
金银花,ADRB2
金银花,AKR1B1
金银花,AKR1B10
金银花,AKR1C3
金银花,AKR1C4
金银花,AKT1
金银花,ALOX12
金银花,ALOX15
金银花,ALOX5
金银花,ALPI
金银花,ALPL
金银花,AMY1A
金银花,AOX1
金银花,APEX1
金银花,APP
金银花,AR
金银花,AURKA
金银花,AURKB
金银花,AVPR2
金银花,BACE1
金银花,BCHE
金银花,BCL2
金银花,BCL2L1
金银花,CA1
金银花,CA12
金银花,CA14
金银花,CA2
金银花,CA3
金银花,CA4
金银花,CA5A
金银花,CA5B
金银花,CA6
金银花,CA7
金银花,CA9
金银花,CAMK2B
金银花,CBR1
金银花,CD38
金银花,CDC25B
金银花,CDK6
金银花,CSNK2A1
金银花,CXCL8
金银花,CXCR1
金银花,CYP19A1
金银花,CYP1A1
金银花,CYP1A2
金银花,CYP1B1
金银花,CYP2A13
金银花,CYP2C19
金银花,CYP2C8
金银花,CYP2C9
金银花,CYP2D6
金银花,CYP2J2
金银花,CYP3A4
金银花,DAPK1
金银花,DHFR
金银花,DPP4
金银花,DRD1
金银花,DRD2
金银花,EGFR
金银花,EGLN1
金银花,EHMT2
金银花,EPHB4
金银花,EPHX2
金银花,ERBB2
金银花,ESR1
金银花,F2
金银花,F3
金银花,FABP2
金银花,FABP3
金银花,FABP4
金银花,FABP5
金银花,FASN
金银花,FLT3
金银花,FLT4
金银花,FUT7
金银花,GAA
金银花,GBA
金银花,GLO1
金银花,GLRA1
金银花,GPR35
金银花,GRK6
金银花,GSK3B
金银花,GSTP1
金银花,HCAR2
金银花,HDAC3
金银花,HIF1A
金银花,HSD11B1
金银花,HSD17B1
金银花,HSD17B2
金银花,HTR1A
金银花,IDH1
金银花,IDO1
金银花,IGF1R
金银花,INSR
金银花,KCNH2
金银花,KDM4E
金银花,KDR
金银花,KIT
金银花,KMT2A
金银花,MAOA
金银花,MAP2K1
金银花,MAPK1
金银花,MAPK14
金银花,MAPK9
金银花,MAPKAPK2
金银花,MAPT
金银花,MCL1
金银花,MET
金银花,MMP12
金银花,MMP13
金银花,MMP2
金银花,MMP3
金银花,MMP9
金银花,MPG
金银花,NEK2
金银花,NEK6
金银花,NFKB1
金银花,NOS2
金银花,NQO1
金银花,NQO2
金银花,NR1H4
金银花,NR1I2
金银花,NUAK1
金银花,ODC1
金银花,OXTR
金银花,PARP1
金银花,PDE5A
金银花,PDGFRB
金银花,PIK3CG
金银花,PIM1
金银花,PLA2G2A
金银花,PLG
金银花,PLK1
金银花,PLK4
金银花,POLB
金银花,PPARA
金银花,PPARD
金银花,PPARG
金银花,PRKCA
金银花,PTGES
金银花,PTGS1
金银花,PTGS2
金银花,PTK2
金银花,PTPN1
金银花,PTPN11
金银花,PTPRF
金银花,PTPRS
金银花,PYGL
金银花,RELA
金银花,RORC
金银花,SHBG
金银花,SLC1A1
金银花,SLC28A2
金银花,SLCO1B1
金银花,SLCO1B3
金银花,SMAD3
金银花,SOAT1
金银花,SRC
金银花,STAT3
金银花,SYK
金银花,TEK
金银花,TERT
金银花,THRB
金银花,TLR2
金银花,TNKS2
金银花,TOP2A
金银花,TTR
金银花,TYR
金银花,UGT1A1
金银花,XDH
银杏叶,ABCB1
银杏叶,ABCC1
银杏叶,ABCG2
银杏叶,ACHE
银杏叶,ADORA1
银杏叶,ADORA2A
银杏叶,ADORA3
银杏叶,ADRA2A
银杏叶,ADRA2B
银杏叶,ADRB2
银杏叶,AKR1B1
银杏叶,AKR1B10
银杏叶,AKR1C2
银杏叶,AKR1C3
银杏叶,AKR1C4
银杏叶,AKT1
银杏叶,ALK
银杏叶,ALOX12
银杏叶,ALOX15
银杏叶,ALOX5
银杏叶,ALPI
银杏叶,AMY1A
银杏叶,APEX1
银杏叶,APP
银杏叶,AR
银杏叶,AURKB
银杏叶,AVPR2
银杏叶,AXL
银杏叶,BACE1
银杏叶,BCHE
银杏叶,BCL2
银杏叶,BCL2L1
银杏叶,BRAF
银杏叶,CA1
银杏叶,CA12
银杏叶,CA14
银杏叶,CA2
银杏叶,CA3
银杏叶,CA4
银杏叶,CA5A
银杏叶,CA5B
银杏叶,CA6
银杏叶,CA7
银杏叶,CA9
银杏叶,CAMK2B
银杏叶,CBR1
银杏叶,CCR4
银杏叶,CDC25B
银杏叶,CHRM2
银杏叶,CHRM4
银杏叶,CHRNA7
银杏叶,CNR1
银杏叶,CSNK2A1
银杏叶,CTSL
银杏叶,CXCL8
银杏叶,CXCR1
银杏叶,CYP19A1
银杏叶,CYP1A1
银杏叶,CYP1A2
银杏叶,CYP1B1
银杏叶,CYP2A13
银杏叶,CYP2A6
银杏叶,CYP2B6
银杏叶,CYP2C19
银杏叶,CYP2C8
银杏叶,CYP2C9
银杏叶,CYP2D6
银杏叶,CYP2J2
银杏叶,CYP3A4
银杏叶,DAO
银杏叶,DAPK1
银杏叶,DHFR
银杏叶,DPP4
银杏叶,DRD1
银杏叶,DUSP3
银杏叶,DYRK1A
银杏叶,EGFR
银杏叶,EHMT2
银杏叶,EPHX2
银杏叶,ERBB2
银杏叶,ESR1
银杏叶,ESRRA
银杏叶,F2
银杏叶,F3
银杏叶,FABP2
银杏叶,FABP3
银杏叶,FABP4
银杏叶,FABP5
银杏叶,FASN
银杏叶,FLT3
银杏叶,GAA
银杏叶,GABRR1
银杏叶,GBA
银杏叶,GLO1
银杏叶,GPR35
银杏叶,GRK6
银杏叶,GSK3B
银杏叶,HCAR2
银杏叶,HIF1A
银杏叶,HSD11B1
银杏叶,HSD17B1
银杏叶,HSD17B2
银杏叶,HSPA1A
银杏叶,HSPA8
银杏叶,HTR1A
银杏叶,HTR7
银杏叶,IDH1
银杏叶,IDO1
银杏叶,IGF1R
银杏叶,KCNH2
银杏叶,KDM4E
银杏叶,KDR
银杏叶,KMT2A
银杏叶,MAOA
银杏叶,MAP2K1
银杏叶,MAPK1
银杏叶,MAPKAPK2
银杏叶,MAPT
银杏叶,MCL1
银杏叶,MET
银杏叶,MGLL
银杏叶,MMP1
银杏叶,MMP13
银杏叶,MMP2
银杏叶,MMP3
银杏叶,MMP9
银杏叶,MPG
银杏叶,NEK2
银杏叶,NEK6
银杏叶,NFKB1
银杏叶,NQO2
银杏叶,NR1I2
银杏叶,NUAK1
银杏叶,PARP1
银杏叶,PDE5A
银杏叶,PIK3CB
银杏叶,PIK3CG
银杏叶,PKN1
银杏叶,PLG
银杏叶,PLK1
银杏叶,PNP
银杏叶,POLB
银杏叶,PPARA
银杏叶,PPARD
银杏叶,PPARG
银杏叶,PRKCA
银杏叶,PTGS1
银杏叶,PTGS2
银杏叶,PTK2
银杏叶,PTPN1
银杏叶,PTPN11
银杏叶,PTPN2
银杏叶,PTPRS
银杏叶,RORC
银杏叶,SLC28A1
银杏叶,SLC28A2
银杏叶,SLC28A3
银杏叶,SLCO1B1
银杏叶,SLCO1B3
银杏叶,SLCO2B1
银杏叶,SRC
银杏叶,SYK
银杏叶,THRB
银杏叶,TLR2
银杏叶,TNKS
银杏叶,TNKS2
银杏叶,TOP1
银杏叶,TOP2A
银杏叶,TRPV1
银杏叶,TTR
银杏叶,TYR
银杏叶,UGT1A1
银杏叶,XDH
防风,ACHE
防风,AKR1B1
防风,AKR1C2
防风,ALOX12
防风,ALOX15
防风,ALOX5
防风,AMY1A
防风,APP
防风,AURKB
防风,BACE1
防风,CA2
防风,CA5A
防风,CA5B
防风,CA6
防风,CD38
防风,CXCR1
防风,CYP19A1
防风,CYP1A2
防风,CYP1B1
防风,CYP2A6
防风,CYP2C19
防风,CYP2C9
防风,CYP3A4
防风,DAPK1
防风,ESR1
防风,FABP2
防风,FLT3
防风,GAA
防风,GABRR1
防风,HIF1A
防风,HSD17B1
防风,HTR1A
防风,IDO1
防风,KDM4E
防风,MAP2K1
防风,MAPK1
防风,MAPT
防风,MMP1
防风,MMP13
防风,MMP2
防风,MMP3
防风,MMP9
防风,PIM1
防风,PKN1
防风,PLK1
防风,POLB
防风,PPARA
防风,PPARG
防风,PTPN1
防风,RORC
防风,SLCO1B1
防风,SLCO1B3
防风,SYK
防风,UGT1A1
附子,ACHE
附子,AKR1B10
附子,CA12
附子,CA2
附子,CBR1
附子,CYP19A1
附子,CYP1A2
附子,CYP2C9
附子,CYP2D6
附子,CYP2J2
附子,CYP3A4
附子,EHMT2
附子,ESR1
附子,GAA
附子,GBA
附子,GRM5
附子,HCAR2
附子,KDM4E
附子,MAPK1
附子,PPARA
附子,PTPN1
附子,RORC
附子,SMAD3
附子,THRB
陈皮,APP
陈皮,CA5B
陈皮,CYP2D6
陈皮,EHMT2
陈皮,HIF1A
陈皮,KDM4E
陈皮,MAPK1
陈皮,PPARG
陈皮,PTGS2
陈皮,SOAT1
陈皮,THRB
陈皮,TYR
青果,ABCC1
青果,ACHE
青果,ADORA2B
青果,AKR1B1
青果,AKR1C3
青果,ALK
青果,ALOX12
青果,ALOX15
青果,ALOX5
青果,AMY1A
青果,APEX1
青果,APP
青果,AR
青果,BACE1
青果,BCHE
青果,BCL2L1
青果,CA1
青果,CA12
青果,CA13
青果,CA14
青果,CA2
青果,CA3
青果,CA4
青果,CA5A
青果,CA5B
青果,CA6
青果,CA7
青果,CA9
青果,CAMK2B
青果,CDK6
青果,CXCR1
青果,CYP19A1
青果,CYP1A1
青果,CYP1A2
青果,CYP1B1
青果,CYP2C19
青果,CYP2C8
青果,CYP2C9
青果,CYP2D6
青果,CYP2J2
青果,CYP3A4
青果,DPP4
青果,EGFR
青果,EHMT2
青果,ESR1
青果,F3
青果,FLT3
青果,GBA
青果,GLO1
青果,GSK3B
青果,HIF1A
青果,HSD17B1
青果,HSD17B2
青果,HSPA8
青果,IDH1
青果,IDO1
青果,IGF1R
青果,KDM4E
青果,KDR
青果,KMT2A
青果,MAOA
青果,MAPK1
青果,MAPK9
青果,MAPKAPK2
青果,MAPT
青果,MET
青果,MMP1
青果,MMP12
青果,MMP2
青果,MMP9
青果,NEK6
青果,NFKB1
青果,PARP1
青果,PDE5A
青果,PIM1
青果,PLK1
青果,PNP
青果,POLB
青果,PPARA
青果,PPARD
青果,PPARG
青果,PTGS1
青果,PTGS2
青果,PTK2
青果,PTPN1
青果,PTPRF
青果,RORC
青果,SLC28A1
青果,SLC28A2
青果,SLCO1B1
青果,SLCO1B3
青果,SLCO2B1
青果,SOAT1
青果,SYK
青果,TERT
青果,THRB
青果,TLR2
青果,TTR
青果,UGT1A1
青葙子,CYP2D6
青蒿,ACHE
青蒿,AKR1B1
青蒿,AKR1B10
青蒿,AKR1C3
青蒿,AKT1
青蒿,ALK
青蒿,ALOX12
青蒿,ALOX15
青蒿,ALOX5
青蒿,APP
青蒿,AURKB
青蒿,BACE1
青蒿,BCHE
青蒿,CA1
青蒿,CA12
青蒿,CA14
青蒿,CA2
青蒿,CA4
青蒿,CA5A
青蒿,CA5B
青蒿,CA7
青蒿,CA9
青蒿,CCR4
青蒿,CDK6
青蒿,CSNK2A1
青蒿,CXCL8
青蒿,CYP19A1
青蒿,CYP1A1
青蒿,CYP1A2
青蒿,CYP1B1
青蒿,CYP2C19
青蒿,CYP2J2
青蒿,CYP3A4
青蒿,DAPK1
青蒿,DRD1
青蒿,EGFR
青蒿,EHMT2
青蒿,ESR1
青蒿,FABP3
青蒿,FABP5
青蒿,GBA
青蒿,GLO1
青蒿,GPR35
青蒿,HIF1A
青蒿,HSD17B1
青蒿,IDH1
青蒿,INSR
青蒿,KDM4E
青蒿,KDR
青蒿,MAOA
青蒿,MAOB
青蒿,MAPK1
青蒿,MAPKAPK2
青蒿,MAPT
青蒿,MMP12
青蒿,MMP13
青蒿,MMP2
青蒿,MMP3
青蒿,MMP9
青蒿,NFKB1
青蒿,PKN1
青蒿,POLB
青蒿,PPARD
青蒿,PTGS1
青蒿,PTGS2
青蒿,PTPN1
青蒿,PTPRF
青蒿,RORC
青蒿,SLCO1B3
青蒿,SYK
青蒿,TERT
青蒿,THRB
青蒿,TOP2A
青蒿,TYR
青蒿,UGT1A1
青蒿,XDH
青蒿,XPO1
青黛,ALOX15
青黛,BACE1
青黛,CA1
青黛,CA14
青黛,CA2
青黛,CA3
青黛,CA5B
青黛,CA9
青黛,CYP2C19
青黛,CYP2D6
青黛,CYP3A4
青黛,EHMT2
青黛,GAA
青黛,GBA
青黛,KDM4E
青黛,MAPK1
青黛,MAPT
青黛,NEK6
青黛,SLCO1B1
青黛,SLCO2B1
青黛,SRC
香附,ACHE
香附,AKR1B10
香附,AKR1C3
香附,ALOX15
香附,ALPI
香附,APEX1
香附,APP
香附,BCL2
香附,CA14
香附,CA2
香附,CA3
香附,CA5A
香附,CA7
香附,CA9
香附,CDC25B
香附,CDK6
香附,CYP1A2
香附,CYP2C8
香附,CYP2C9
香附,DAPK1
香附,EHMT2
香附,EPHX2
香附,FABP5
香附,GBA
香附,GSK3B
香附,HCAR2
香附,HSD11B1
香附,IDH1
香附,KDM4E
香附,KMT2A
香附,MAPT
香附,MMP1
香附,MMP9
香附,NFKB1
香附,PDE5A
香附,PPARA
香附,PTGS2
香附,PTPN1
香附,PTPRS
香附,RORC
香附,THRB
香附,TLR2
香附,UGT1A1
马鞭草,ABCB1
马鞭草,ABCC1
马鞭草,ABCG2
马鞭草,ACHE
马鞭草,ADORA2B
马鞭草,ADORA3
马鞭草,AKR1B1
马鞭草,AKR1B10
马鞭草,AKR1C2
马鞭草,ALOX12
马鞭草,ALOX15
马鞭草,ALOX5
马鞭草,AMY1A
马鞭草,APEX1
马鞭草,APP
马鞭草,AVPR2
马鞭草,BACE1
马鞭草,CA1
马鞭草,CA12
马鞭草,CA13
马鞭草,CA14
马鞭草,CA2
马鞭草,CA3
马鞭草,CA5A
马鞭草,CA5B
马鞭草,CA7
马鞭草,CA9
马鞭草,CCR4
马鞭草,CDC25B
马鞭草,CDK6
马鞭草,CXCL8
马鞭草,CYP19A1
马鞭草,CYP1A1
马鞭草,CYP1A2
马鞭草,CYP2A6
马鞭草,CYP2C19
马鞭草,CYP2C8
马鞭草,CYP2C9
马鞭草,CYP2D6
马鞭草,CYP2J2
马鞭草,CYP3A4
马鞭草,DAO
马鞭草,DAPK1
马鞭草,DPP4
马鞭草,DRD1
马鞭草,DUSP3
马鞭草,EGFR
马鞭草,EHMT2
马鞭草,EPHX2
马鞭草,F3
马鞭草,FABP3
马鞭草,FABP4
马鞭草,FLT3
马鞭草,GAA
马鞭草,GBA
马鞭草,HIF1A
马鞭草,HSD17B1
马鞭草,HSPA8
马鞭草,IDH1
马鞭草,IGF1R
马鞭草,KCNH2
马鞭草,KDM4E
马鞭草,KMT2A
马鞭草,MAPK1
马鞭草,MAPK14
马鞭草,MAPT
马鞭草,MIF
马鞭草,MMP12
马鞭草,MMP3
马鞭草,MMP9
马鞭草,NFKB1
马鞭草,NR1H4
马鞭草,OPRK1
马鞭草,PDE5A
马鞭草,PIM1
马鞭草,PKN1
马鞭草,POLB
马鞭草,PPARA
马鞭草,PPARD
马鞭草,PPARG
马鞭草,PRKCA
马鞭草,PTGS1
马鞭草,PTGS2
马鞭草,PTK2
马鞭草,PTPN1
马鞭草,PTPRS
马鞭草,PYGL
马鞭草,RELA
马鞭草,RORC
马鞭草,SOAT1
马鞭草,SRC
马鞭草,THRB
马鞭草,TLR2
马鞭草,TOP2A
马鞭草,TRPV1
马鞭草,UGT1A1
鱼腥草,ABCB11
鱼腥草,ABCC1
鱼腥草,ABCG2
鱼腥草,ACHE
鱼腥草,ACP1
鱼腥草,ADORA1
鱼腥草,ADORA2A
鱼腥草,ADORA3
鱼腥草,ADRB2
鱼腥草,AKR1B1
鱼腥草,AKR1B10
鱼腥草,AKR1C2
鱼腥草,AKR1C4
鱼腥草,ALK
鱼腥草,ALOX12
鱼腥草,ALOX15
鱼腥草,ALOX5
鱼腥草,AMY1A
鱼腥草,APEX1
鱼腥草,APP
鱼腥草,AR
鱼腥草,AURKB
鱼腥草,AVPR2
鱼腥草,BACE1
鱼腥草,CA1
鱼腥草,CA12
鱼腥草,CA13
鱼腥草,CA14
鱼腥草,CA2
鱼腥草,CA3
鱼腥草,CA4
鱼腥草,CA5B
鱼腥草,CA6
鱼腥草,CA7
鱼腥草,CA9
鱼腥草,CAMK2B
鱼腥草,CARM1
鱼腥草,CCR4
鱼腥草,CD38
鱼腥草,CDC25B
鱼腥草,CDK6
鱼腥草,CNR1
鱼腥草,CSNK2A1
鱼腥草,CTSD
鱼腥草,CTSL
鱼腥草,CXCL8
鱼腥草,CXCR1
鱼腥草,CYP19A1
鱼腥草,CYP1A1
鱼腥草,CYP1A2
鱼腥草,CYP1B1
鱼腥草,CYP2A6
鱼腥草,CYP2C19
鱼腥草,CYP2C9
鱼腥草,CYP2D6
鱼腥草,CYP2J2
鱼腥草,CYP3A4
鱼腥草,DAPK1
鱼腥草,DPP4
鱼腥草,DRD1
鱼腥草,DUSP3
鱼腥草,EGFR
鱼腥草,EGLN1
鱼腥草,EHMT2
鱼腥草,EPHX2
鱼腥草,ERBB2
鱼腥草,ESR1
鱼腥草,ESR2
鱼腥草,ESRRA
鱼腥草,F2
鱼腥草,F3
鱼腥草,FABP4
鱼腥草,FABP5
鱼腥草,FLT3
鱼腥草,GAA
鱼腥草,GBA
鱼腥草,GLO1
鱼腥草,GPR35
鱼腥草,GRIA2
鱼腥草,GSK3B
鱼腥草,HCAR2
鱼腥草,HIF1A
鱼腥草,HSD11B1
鱼腥草,HTR1A
鱼腥草,HTR7
鱼腥草,IDH1
鱼腥草,IGF1R
鱼腥草,INSR
鱼腥草,KCNH2
鱼腥草,KDM2A
鱼腥草,KDM4E
鱼腥草,KDR
鱼腥草,KMT2A
鱼腥草,MAPK1
鱼腥草,MAPK14
鱼腥草,MAPK9
鱼腥草,MAPKAPK2
鱼腥草,MAPT
鱼腥草,MERTK
鱼腥草,MET
鱼腥草,MMP1
鱼腥草,MMP12
鱼腥草,MMP2
鱼腥草,MMP3
鱼腥草,MMP9
鱼腥草,MPG
鱼腥草,NEK2
鱼腥草,NEK6
鱼腥草,NFKB1
鱼腥草,NOS2
鱼腥草,NR1H4
鱼腥草,NR1I2
鱼腥草,NUAK1
鱼腥草,PDE5A
鱼腥草,PDGFRB
鱼腥草,PIM1
鱼腥草,PLK1
鱼腥草,POLB
鱼腥草,PPARA
鱼腥草,PPARD
鱼腥草,PPARG
鱼腥草,PTGS1
鱼腥草,PTGS2
鱼腥草,PTK2
鱼腥草,PTPN1
鱼腥草,PTPN11
鱼腥草,PTPN2
鱼腥草,PTPN6
鱼腥草,PTPRS
鱼腥草,PYGL
鱼腥草,RORC
鱼腥草,SLCO1B1
鱼腥草,SLCO1B3
鱼腥草,SOAT1
鱼腥草,SRC
鱼腥草,SYK
鱼腥草,TBXAS1
鱼腥草,TERT
鱼腥草,THRB
鱼腥草,TNKS
鱼腥草,TOP2A
鱼腥草,TTR
鱼腥草,TYR
鱼腥草,UGT1A1
鱼腥草,VDR
鱼腥草,XDH
麦冬,AKR1B1
麦冬,AKR1B10
麦冬,AKT1
麦冬,APEX1
麦冬,CA12
麦冬,CA13
麦冬,CA2
麦冬,CA4
麦冬,CA7
麦冬,CA9
麦冬,CXCL8
麦冬,CYP19A1
麦冬,CYP2C19
麦冬,CYP2C9
麦冬,CYP2D6
麦冬,CYP3A4
麦冬,DRD1
麦冬,DYRK1A
麦冬,EHMT2
麦冬,ESR1
麦冬,GAA
麦冬,GLO1
麦冬,HCAR2
麦冬,HIF1A
麦冬,IDH1
麦冬,INSR
麦冬,MMP2
麦冬,NR1I2
麦冬,PIM1
麦冬,PLG
麦冬,PPARG
麦冬,RORC
麦冬,SLCO1B1
麦冬,THRB
麦冬,TLR2
麦冬,TOP2A
麦冬,UGT1A1
麦芽,ADORA3
麦芽,AKR1B1
麦芽,AKR1B10
麦芽,ALOX5
麦芽,CA1
麦芽,CA12
麦芽,CA2
麦芽,CA4
麦芽,CA5A
麦芽,CA5B
麦芽,CA6
麦芽,CA7
麦芽,CA9
麦芽,CD38
麦芽,CSNK2A1
麦芽,CYP19A1
麦芽,CYP1A2
麦芽,CYP2C9
麦芽,CYP2D6
麦芽,CYP3A4
麦芽,DAPK1
麦芽,DUSP3
麦芽,EGFR
麦芽,FLT3
麦芽,GAA
麦芽,GBA
麦芽,GSK3B
麦芽,HIF1A
麦芽,HSD17B2
麦芽,HSPA8
麦芽,KDM4E
麦芽,KMT2A
麦芽,MAPK1
麦芽,MAPT
麦芽,MMP13
麦芽,MMP9
麦芽,MPG
麦芽,NFKB1
麦芽,PDPK1
麦芽,POLB
麦芽,PPARA
麦芽,PPARD
麦芽,PPARG
麦芽,PTGS2
麦芽,PTK2
麦芽,PTPN1
麦芽,PTPRS
麦芽,SLCO2B1
麦芽,TYR
麦芽,UGT1A1
麻黄,ABCC1
麻黄,ABCG2
麻黄,ACHE
麻黄,ADORA2B
麻黄,ADORA3
麻黄,AKR1B1
麻黄,AKR1B10
麻黄,AKR1C3
麻黄,AKR1C4
麻黄,ALOX12
麻黄,ALOX15
麻黄,ALOX5
麻黄,ALPI
麻黄,ALPL
麻黄,AMY1A
麻黄,APEX1
麻黄,APOBEC3G
麻黄,APP
麻黄,AR
麻黄,AURKB
麻黄,AVPR2
麻黄,AXL
麻黄,BACE1
麻黄,BCL2
麻黄,BCL2L1
麻黄,CA1
麻黄,CA12
麻黄,CA14
麻黄,CA2
麻黄,CA3
麻黄,CA4
麻黄,CA5A
麻黄,CA5B
麻黄,CA6
麻黄,CA7
麻黄,CA9
麻黄,CAMK2B
麻黄,CD38
麻黄,CNR1
麻黄,CNR2
麻黄,CXCL8
麻黄,CYP19A1
麻黄,CYP1A1
麻黄,CYP1B1
麻黄,CYP2A6
麻黄,CYP2C19
麻黄,CYP2C8
麻黄,CYP2C9
麻黄,CYP2D6
麻黄,CYP2J2
麻黄,CYP3A4
麻黄,DAPK1
麻黄,DPP4
麻黄,DRD1
麻黄,DUSP3
麻黄,EGFR
麻黄,EHMT2
麻黄,EP300
麻黄,EPHX2
麻黄,ERBB2
麻黄,ESR1
麻黄,ESR2
麻黄,ESRRA
麻黄,F2
麻黄,F3
麻黄,FABP2
麻黄,FABP3
麻黄,FABP4
麻黄,FASN
麻黄,FLT3
麻黄,FLT4
麻黄,FOLH1
麻黄,GAA
麻黄,GBA
麻黄,GLO1
麻黄,GLRA1
麻黄,GPR35
麻黄,GRM5
麻黄,GSK3B
麻黄,HCAR2
麻黄,HIF1A
麻黄,HSD11B1
麻黄,HSD17B1
麻黄,HSD17B2
麻黄,HSPA1A
麻黄,HTR1A
麻黄,IDH1
麻黄,IDO1
麻黄,IGF1R
麻黄,KCNH2
麻黄,KDM4E
麻黄,KMT2A
麻黄,MAOA
麻黄,MAPK1
麻黄,MAPK14
麻黄,MAPK9
麻黄,MAPT
麻黄,MCL1
麻黄,MET
麻黄,MGLL
麻黄,MMP12
麻黄,MMP13
麻黄,MMP2
麻黄,MMP3
麻黄,MMP9
麻黄,MPG
麻黄,NEK6
麻黄,NFKB1
麻黄,OPRK1
麻黄,PARP1
麻黄,PDE5A
麻黄,PDGFRB
麻黄,PIK3CG
麻黄,PLK1
麻黄,PLK4
麻黄,POLB
麻黄,PPARA
麻黄,PPARD
麻黄,PPARG
麻黄,PRKCA
麻黄,PTGS1
麻黄,PTGS2
麻黄,PTPN2
麻黄,PTPN6
麻黄,PTPRS
麻黄,RORC
麻黄,SHBG
麻黄,SIRT3
麻黄,SLCO1B1
麻黄,SLCO1B3
麻黄,SLCO2B1
麻黄,SOAT1
麻黄,SRC
麻黄,SYK
麻黄,TERT
麻黄,THRA
麻黄,THRB
麻黄,TLR2
麻黄,TNKS
麻黄,TNKS2
麻黄,TOP1
麻黄,TTR
麻黄,TYR
麻黄,UGT1A1
麻黄,XDH
麻黄绒,ABCB1
麻黄绒,ABCC1
麻黄绒,ABCG2
麻黄绒,ACHE
麻黄绒,ADORA2A
麻黄绒,ADORA3
麻黄绒,AKR1B1
麻黄绒,AKR1B10
麻黄绒,AKT1
麻黄绒,ALDH2
麻黄绒,ALK
麻黄绒,ALOX12
麻黄绒,ALOX15
麻黄绒,ALOX5
麻黄绒,ALPI
麻黄绒,ALPL
麻黄绒,AMY1A
麻黄绒,APEX1
麻黄绒,APP
麻黄绒,AR
麻黄绒,AVPR2
麻黄绒,BACE1
麻黄绒,BCHE
麻黄绒,CA1
麻黄绒,CA12
麻黄绒,CA13
麻黄绒,CA14
麻黄绒,CA2
麻黄绒,CA3
麻黄绒,CA4
麻黄绒,CA5A
麻黄绒,CA5B
麻黄绒,CA6
麻黄绒,CA7
麻黄绒,CA9
麻黄绒,CCR4
麻黄绒,CDK6
麻黄绒,CES1
麻黄绒,CHRM3
麻黄绒,CSNK2A1
麻黄绒,CXCL8
麻黄绒,CYP19A1
麻黄绒,CYP1A1
麻黄绒,CYP1A2
麻黄绒,CYP1B1
麻黄绒,CYP2A13
麻黄绒,CYP2A6
麻黄绒,CYP2C19
麻黄绒,CYP2C8
麻黄绒,CYP2C9
麻黄绒,CYP2D6
麻黄绒,CYP2J2
麻黄绒,CYP3A4
麻黄绒,DAO
麻黄绒,DAPK1
麻黄绒,DRD1
麻黄绒,DUSP3
麻黄绒,EGFR
麻黄绒,EGLN1
麻黄绒,EHMT2
麻黄绒,EPHX2
麻黄绒,ERBB2
麻黄绒,ERN1
麻黄绒,ESR1
麻黄绒,ESRRA
麻黄绒,F2
麻黄绒,F3
麻黄绒,FABP3
麻黄绒,FABP5
麻黄绒,FDPS
麻黄绒,FLT3
麻黄绒,FUT7
麻黄绒,GAA
麻黄绒,GPR35
麻黄绒,GSK3B
麻黄绒,HCAR2
麻黄绒,HDAC6
麻黄绒,HIF1A
麻黄绒,HRH4
麻黄绒,HSD11B1
麻黄绒,HSD17B1
麻黄绒,HSD17B2
麻黄绒,HSPA8
麻黄绒,HTR1A
麻黄绒,HTR7
麻黄绒,IDH1
麻黄绒,IDO1
麻黄绒,KCNH2
麻黄绒,KDM4E
麻黄绒,KDR
麻黄绒,KMT2A
麻黄绒,MAOA
麻黄绒,MAP2K1
麻黄绒,MAPK1
麻黄绒,MAPKAPK2
麻黄绒,MAPT
麻黄绒,MET
麻黄绒,MMP1
麻黄绒,MMP12
麻黄绒,MMP2
麻黄绒,MMP3
麻黄绒,MMP9
麻黄绒,MPG
麻黄绒,NFKB1
麻黄绒,NR1I2
麻黄绒,NT5E
麻黄绒,NUAK1
麻黄绒,OPRD1
麻黄绒,OPRK1
麻黄绒,PDE5A
麻黄绒,PIK3CG
麻黄绒,PIM1
麻黄绒,PKN1
麻黄绒,PLG
麻黄绒,PLK1
麻黄绒,POLB
麻黄绒,PPARA
麻黄绒,PPARD
麻黄绒,PPARG
麻黄绒,PRKCA
麻黄绒,PTGS1
麻黄绒,PTGS2
麻黄绒,PTPN1
麻黄绒,PTPN2
麻黄绒,PYGL
麻黄绒,RORC
麻黄绒,SIRT2
麻黄绒,SLC5A2
麻黄绒,SLCO1B1
麻黄绒,SLCO1B3
麻黄绒,SLCO2B1
麻黄绒,SOAT1
麻黄绒,SRC
麻黄绒,SYK
麻黄绒,THRB
麻黄绒,TNKS2
麻黄绒,TOP1
麻黄绒,TOP2A
麻黄绒,TTR
麻黄绒,TUBB3
麻黄绒,TYR
麻黄绒,UBE2N
麻黄绒,UGT1A1
麻黄绒,XDH
麻黄绒,XPO1
黄芩,ABCC1
黄芩,ADORA1
黄芩,AKR1B1
黄芩,AKR1B10
黄芩,AKR1C2
黄芩,AKT1
黄芩,ALK
黄芩,ALOX12
黄芩,ALOX15
黄芩,ALOX5
黄芩,AMY1A
黄芩,APEX1
黄芩,AURKB
黄芩,AVPR2
黄芩,AXL
黄芩,BACE1
黄芩,BCHE
黄芩,CA1
黄芩,CA12
黄芩,CA2
黄芩,CA3
黄芩,CA4
黄芩,CA5A
黄芩,CA5B
黄芩,CA6
黄芩,CA7
黄芩,CA9
黄芩,CTSL
黄芩,CXCL8
黄芩,CYP19A1
黄芩,CYP1A2
黄芩,CYP1B1
黄芩,CYP2B6
黄芩,CYP2C19
黄芩,CYP2C9
黄芩,CYP2D6
黄芩,CYP3A4
黄芩,DAPK1
黄芩,DPP4
黄芩,DUSP3
黄芩,EGFR
黄芩,EHMT2
黄芩,EPHX2
黄芩,ESR1
黄芩,F2
黄芩,F3
黄芩,FABP3
黄芩,FLT3
黄芩,GAA
黄芩,GBA
黄芩,GPR35
黄芩,GRM5
黄芩,HSD17B1
黄芩,HSD17B2
黄芩,HSP90AB1
黄芩,HTR7
黄芩,IDH1
黄芩,IGF1R
黄芩,KDM4E
黄芩,KMT2A
黄芩,MAPK1
黄芩,MAPT
黄芩,MMP1
黄芩,MMP12
黄芩,MMP13
黄芩,MMP9
黄芩,MPG
黄芩,NEK2
黄芩,NFKB1
黄芩,NUAK1
黄芩,PDE5A
黄芩,PIK3CG
黄芩,PKN1
黄芩,PLK1
黄芩,PLK4
黄芩,POLB
黄芩,PPARA
黄芩,PPARD
黄芩,PPARG
黄芩,PTGS1
黄芩,PTK2
黄芩,PTPN1
黄芩,PTPRS
黄芩,PYGL
黄芩,RORC
黄芩,SAE1
黄芩,SLC47A1
黄芩,SLCO1B1
黄芩,SLCO2B1
黄芩,SRC
黄芩,SYK
黄芩,TERT
黄芩,THRB
黄芩,TOP2A
黄芩,TRPV1
黄芩,TYR
黄芩,UGT1A1
黄芩,XDH
黄芪,ABCB1
黄芪,AKR1B1
黄芪,AKR1B10
黄芪,AKR1C2
黄芪,AKR1C3
黄芪,AKT1
黄芪,ALOX15
黄芪,ALOX5
黄芪,ALPL
黄芪,AMY1A
黄芪,APEX1
黄芪,APP
黄芪,AR
黄芪,AURKB
黄芪,AVPR2
黄芪,BCHE
黄芪,BCL2
黄芪,BCL2L1
黄芪,CA1
黄芪,CA12
黄芪,CA14
黄芪,CA2
黄芪,CA3
黄芪,CA4
黄芪,CA5B
黄芪,CA6
黄芪,CA7
黄芪,CA9
黄芪,CAMK2B
黄芪,CCR4
黄芪,CDK6
黄芪,CES1
黄芪,CSNK2A1
黄芪,CXCL8
黄芪,CXCR1
黄芪,CYP19A1
黄芪,CYP1A1
黄芪,CYP1A2
黄芪,CYP1B1
黄芪,CYP2A6
黄芪,CYP2C19
黄芪,CYP2C9
黄芪,CYP2D6
黄芪,CYP3A4
黄芪,DAO
黄芪,DAPK1
黄芪,DPP4
黄芪,EGFR
黄芪,EHMT2
黄芪,ESR1
黄芪,FABP4
黄芪,GAA
黄芪,GBA
黄芪,GLO1
黄芪,GSK3B
黄芪,HCAR2
黄芪,HIF1A
黄芪,HSD11B1
黄芪,HSD17B2
黄芪,HSD17B3
黄芪,HTR1A
黄芪,HTR7
黄芪,IDH1
黄芪,IDO1
黄芪,KDM4E
黄芪,KMT2A
黄芪,MAOA
黄芪,MAPK1
黄芪,MAPK14
黄芪,MAPKAPK2
黄芪,MAPT
黄芪,MMP13
黄芪,MMP2
黄芪,MMP3
黄芪,MMP9
黄芪,NR1H4
黄芪,PARP1
黄芪,PIM1
黄芪,PLG
黄芪,PNP
黄芪,POLB
黄芪,PPARA
黄芪,PPARD
黄芪,PTGS1
黄芪,PTGS2
黄芪,PTK2
黄芪,PTPN1
黄芪,PTPN6
黄芪,PTPRS
黄芪,PYGL
黄芪,RORC
黄芪,SLC22A1
黄芪,SLCO1B3
黄芪,SLCO2B1
黄芪,SYK
黄芪,THRB
黄芪,TNKS
黄芪,TNKS2
黄芪,TOP2A
黄芪,TTR
黄芪,TYR
黄芪,UGT1A1
黄芪,XDH
黄连,ABCG2
黄连,ACHE
黄连,AKR1B10
黄连,AKR1C4
黄连,ALOX15
黄连,AMY1A
黄连,APP
黄连,CA1
黄连,CA12
黄连,CA14
黄连,CA2
黄连,CA3
黄连,CA4
黄连,CA5B
黄连,CA6
黄连,CA9
黄连,CXCL8
黄连,CYP19A1
黄连,CYP1A1
黄连,CYP2C19
黄连,CYP2D6
黄连,CYP3A4
黄连,DPP4
黄连,DRD1
黄连,DUSP3
黄连,EHMT2
黄连,ESR1
黄连,FABP2
黄连,FABP3
黄连,FABP4
黄连,GAA
黄连,GBA
黄连,HIF1A
黄连,HSPA8
黄连,IDH1
黄连,IGF1R
黄连,KDM4E
黄连,KMT2A
黄连,MAPK1
黄连,MAPT
黄连,MMP2
黄连,MMP9
黄连,NFKB1
黄连,PARP1
黄连,PDE5A
黄连,PKN1
黄连,POLB
黄连,PPARG
黄连,PRKCA
黄连,PTPN1
黄连,RELA
黄连,RORC
黄连,TERT
黄连,TOP2A
黄连,TTR
黑芝麻,ABCC1
黑芝麻,ACHE
黑芝麻,AKR1B1
黑芝麻,AKR1B10
黑芝麻,AKR1C4
黑芝麻,AKT1
黑芝麻,ALOX12
黑芝麻,ALOX15
黑芝麻,ALOX5
黑芝麻,ALPI
黑芝麻,AMY1A
黑芝麻,AOX1
黑芝麻,APEX1
黑芝麻,APP
黑芝麻,AR
黑芝麻,AURKB
黑芝麻,BACE1
黑芝麻,CA1
黑芝麻,CA12
黑芝麻,CA14
黑芝麻,CA2
黑芝麻,CA3
黑芝麻,CA4
黑芝麻,CA5A
黑芝麻,CA6
黑芝麻,CA7
黑芝麻,CA9
黑芝麻,CXCR1
黑芝麻,CYP19A1
黑芝麻,CYP1A2
黑芝麻,CYP1B1
黑芝麻,CYP2C19
黑芝麻,CYP2D6
黑芝麻,CYP3A4
黑芝麻,CYP3A5
黑芝麻,DAPK1
黑芝麻,DPP4
黑芝麻,EHMT2
黑芝麻,ESR1
黑芝麻,ESRRA
黑芝麻,FABP4
黑芝麻,FABP5
黑芝麻,GAA
黑芝麻,GLO1
黑芝麻,GPR35
黑芝麻,GSK3B
黑芝麻,HCAR2
黑芝麻,HIF1A
黑芝麻,HSD17B1
黑芝麻,IDH1
黑芝麻,KDM4E
黑芝麻,KDR
黑芝麻,KMT2A
黑芝麻,MAP2K1
黑芝麻,MAPK1
黑芝麻,MAPT
黑芝麻,MET
黑芝麻,MMP13
黑芝麻,MMP2
黑芝麻,MMP3
黑芝麻,MMP9
黑芝麻,MPG
黑芝麻,NEK6
黑芝麻,NFKB1
黑芝麻,NUAK1
黑芝麻,PDE5A
黑芝麻,PIK3CA
黑芝麻,PIM1
黑芝麻,PLK1
黑芝麻,POLB
黑芝麻,PPARA
黑芝麻,PPARD
黑芝麻,PPARG
黑芝麻,PTGS1
黑芝麻,PTK2
黑芝麻,PTPN1
黑芝麻,SLCO1B1
黑芝麻,SRC
黑芝麻,THRB
黑芝麻,TOP1
黑芝麻,TOP2A
黑芝麻,TTR
黑芝麻,UGT1A1
黑芝麻,XDH
黑芝麻,XIAP
龙骨,CA12
龙骨,PPARG
