family,term_id,term_name,n_frozen_targets,broad_gt50pct,primary_eligible
GO_BP,GO:0019222,regulation of metabolic process,184,False,True
GO_BP,GO:0010646,regulation of cell communication,183,False,True
GO_BP,GO:0048519,negative regulation of biological process,183,False,True
GO_BP,GO:0023051,regulation of signaling,182,False,True
GO_BP,GO:0070887,cellular response to chemical stimulus,181,False,True
GO_BP,GO:0048583,regulation of response to stimulus,180,False,True
GO_BP,GO:0048523,negative regulation of cellular process,178,False,True
GO_BP,GO:0065008,regulation of biological quality,173,False,True
GO_BP,GO:0060255,regulation of macromolecule metabolic process,160,False,True
GO_BP,GO:0009889,regulation of biosynthetic process,153,False,True
GO_BP,GO:0051239,regulation of multicellular organismal process,153,False,True
GO_BP,GO:0009966,regulation of signal transduction,150,False,True
GO_BP,GO:0032502,developmental process,150,False,True
GO_BP,GO:0080090,regulation of primary metabolic process,149,False,True
GO_BP,GO:1901700,response to oxygen-containing compound,146,False,True
GO_BP,GO:0010556,regulation of macromolecule biosynthetic process,141,False,True
GO_BP,GO:0048856,anatomical structure development,139,False,True
GO_BP,GO:0006950,response to stress,137,False,True
GO_BP,GO:0009893,positive regulation of metabolic process,137,False,True
GO_BP,GO:0010468,regulation of gene expression,135,False,True
GO_BP,GO:0043170,macromolecule metabolic process,134,False,True
GO_BP,GO:0160108,animal gross anatomical part developmental process,134,False,True
GO_BP,GO:0048584,positive regulation of response to stimulus,132,False,True
GO_BP,GO:0051179,localization,130,False,True
GO_BP,GO:1902531,regulation of intracellular signal transduction,128,False,True
GO_BP,GO:0051234,establishment of localization,121,False,True
GO_BP,GO:0010647,positive regulation of cell communication,120,False,True
GO_BP,GO:0071840,cellular component organization or biogenesis,120,False,True
GO_BP,GO:0016043,cellular component organization,119,False,True
GO_BP,GO:0023056,positive regulation of signaling,119,False,True
GO_BP,GO:0010604,positive regulation of macromolecule metabolic process,118,False,True
GO_BP,GO:0006810,transport,115,False,True
GO_BP,GO:0007275,multicellular organism development,115,False,True
GO_BP,GO:0032879,regulation of localization,113,False,True
GO_BP,GO:1901701,cellular response to oxygen-containing compound,113,False,True
GO_BP,GO:0003008,system process,111,False,True
GO_BP,GO:0009967,positive regulation of signal transduction,111,False,True
GO_BP,GO:0009891,positive regulation of biosynthetic process,109,False,True
GO_BP,GO:0048731,system development,108,False,True
GO_BP,GO:0009892,negative regulation of metabolic process,107,False,True
GO_BP,GO:0007166,cell surface receptor signaling pathway,103,False,True
GO_BP,GO:0019538,protein metabolic process,102,False,True
GO_BP,GO:0051240,positive regulation of multicellular organismal process,100,False,True
GO_BP,GO:0010557,positive regulation of macromolecule biosynthetic process,99,False,True
GO_BP,GO:0043067,regulation of programmed cell death,99,False,True
GO_BP,GO:0009058,biosynthetic process,98,False,True
GO_BP,GO:0019219,regulation of nucleobase-containing compound metabolic process,97,False,True
GO_BP,GO:0051128,regulation of cellular component organization,97,False,True
GO_BP,GO:0051049,regulation of transport,96,False,True
GO_BP,GO:0009719,response to endogenous stimulus,95,False,True
GO_BP,GO:0042981,regulation of apoptotic process,94,False,True
GO_BP,GO:1901698,response to nitrogen compound,94,False,True
GO_BP,GO:0007186,G protein-coupled receptor signaling pathway,91,False,True
GO_BP,GO:1902533,positive regulation of intracellular signal transduction,91,False,True
GO_BP,GO:0010605,negative regulation of macromolecule metabolic process,90,False,True
GO_BP,GO:0048513,animal organ development,90,False,True
GO_BP,GO:0048869,cellular developmental process,90,False,True
GO_BP,GO:0030154,cell differentiation,89,False,True
GO_BP,GO:0050793,regulation of developmental process,89,False,True
GO_BP,GO:0042127,regulation of cell population proliferation,88,False,True
GO_BP,GO:0080134,regulation of response to stress,88,False,True
GO_BP,GO:0051252,regulation of RNA metabolic process,87,False,True
GO_BP,GO:0009605,response to external stimulus,86,False,True
GO_BP,GO:0009056,catabolic process,84,False,True
GO_BP,GO:0035556,intracellular signal transduction,84,False,True
GO_BP,GO:0048585,negative regulation of response to stimulus,84,False,True
GO_BP,GO:2001141,regulation of RNA biosynthetic process,84,False,True
GO_BP,GO:0006355,regulation of DNA-templated transcription,81,False,True
GO_BP,GO:0009890,negative regulation of biosynthetic process,81,False,True
GO_BP,GO:0033993,response to lipid,81,False,True
GO_BP,GO:0010648,negative regulation of cell communication,80,False,True
GO_BP,GO:0044281,small molecule metabolic process,80,False,True
GO_BP,GO:0023057,negative regulation of signaling,79,False,True
GO_BP,GO:0009725,response to hormone,78,False,True
GO_BP,GO:0010558,negative regulation of macromolecule biosynthetic process,77,False,True
GO_BP,GO:0007267,cell-cell signaling,75,False,True
GO_BP,GO:0032101,regulation of response to external stimulus,75,False,True
GO_BP,GO:0071495,cellular response to endogenous stimulus,75,False,True
GO_BP,GO:0042592,homeostatic process,74,False,True
GO_BP,GO:0043069,negative regulation of programmed cell death,74,False,True
GO_BP,GO:0043412,macromolecule modification,74,False,True
GO_BP,GO:0033554,cellular response to stress,73,False,True
GO_BP,GO:0002682,regulation of immune system process,72,False,True
GO_BP,GO:0036211,protein modification process,72,False,True
GO_BP,GO:0002376,immune system process,71,False,True
GO_BP,GO:0006629,lipid metabolic process,70,False,True
GO_BP,GO:0043066,negative regulation of apoptotic process,70,False,True
GO_BP,GO:1901699,cellular response to nitrogen compound,69,False,True
GO_BP,GO:0009628,response to abiotic stimulus,67,False,True
GO_BP,GO:0009968,negative regulation of signal transduction,66,False,True
GO_BP,GO:0003013,circulatory system process,65,False,True
GO_BP,GO:0040012,regulation of locomotion,65,False,True
GO_BP,GO:0006357,regulation of transcription by RNA polymerase II,64,False,True
GO_BP,GO:0044419,biological process involved in interspecies interaction between organisms,64,False,True
GO_BP,GO:0045595,regulation of cell differentiation,64,False,True
GO_BP,GO:0051094,positive regulation of developmental process,64,False,True
GO_BP,GO:0007399,nervous system development,62,False,True
GO_BP,GO:0099536,synaptic signaling,62,False,True
GO_BP,GO:0009410,response to xenobiotic stimulus,61,False,True
GO_BP,GO:0010628,positive regulation of gene expression,61,False,True
GO_BP,GO:0043408,regulation of MAPK cascade,61,False,True
GO_BP,GO:0008284,positive regulation of cell population proliferation,60,False,True
GO_BP,GO:0044057,regulation of system process,60,False,True
GO_BP,GO:0051246,regulation of protein metabolic process,60,False,True
GO_BP,GO:0051254,positive regulation of RNA metabolic process,59,False,True
GO_BP,GO:0099537,trans-synaptic signaling,59,False,True
GO_BP,GO:1902680,positive regulation of RNA biosynthetic process,59,False,True
GO_BP,GO:2000145,regulation of cell motility,59,False,True
GO_BP,GO:0031347,regulation of defense response,58,False,True
GO_BP,GO:0032880,regulation of protein localization,58,False,True
GO_BP,GO:0045893,positive regulation of DNA-templated transcription,58,False,True
GO_BP,GO:0006952,defense response,57,False,True
GO_BP,GO:0030334,regulation of cell migration,57,False,True
GO_BP,GO:0032870,cellular response to hormone stimulus,57,False,True
GO_BP,GO:2000026,regulation of multicellular organismal development,57,False,True
GO_BP,GO:0009607,response to biotic stimulus,56,False,True
GO_BP,GO:0045934,negative regulation of nucleobase-containing compound metabolic process,56,False,True
GO_BP,GO:0007268,chemical synaptic transmission,55,False,True
GO_BP,GO:0051241,negative regulation of multicellular organismal process,55,False,True
GO_BP,GO:0098916,anterograde trans-synaptic signaling,55,False,True
GO_BP,GO:0009894,regulation of catabolic process,54,False,True
GO_BP,GO:0051050,positive regulation of transport,54,False,True
GO_BP,GO:0006139,nucleobase-containing compound metabolic process,53,False,True
GO_BP,GO:0008015,blood circulation,53,False,True
GO_BP,GO:0043207,response to external biotic stimulus,53,False,True
GO_BP,GO:0051707,response to other organism,53,False,True
GO_BP,GO:0019752,carboxylic acid metabolic process,52,False,True
GO_BP,GO:0043436,oxoacid metabolic process,52,False,True
GO_BP,GO:0048468,cell development,52,False,True
GO_BP,GO:0051253,negative regulation of RNA metabolic process,52,False,True
GO_BP,GO:0071396,cellular response to lipid,52,False,True
GO_BP,GO:0006796,phosphate-containing compound metabolic process,51,False,True
GO_BP,GO:0048878,chemical homeostasis,51,False,True
GO_BP,GO:0050776,regulation of immune response,51,False,True
GO_BP,GO:0051130,positive regulation of cellular component organization,51,False,True
GO_BP,GO:0099177,regulation of trans-synaptic signaling,51,False,True
GO_BP,GO:0007188,adenylate cyclase-modulating G protein-coupled receptor signaling pathway,50,False,True
GO_BP,GO:0010817,regulation of hormone levels,50,False,True
GO_BP,GO:0050804,modulation of chemical synaptic transmission,50,False,True
GO_BP,GO:0055085,transmembrane transport,50,False,True
GO_BP,GO:1902679,negative regulation of RNA biosynthetic process,50,False,True
GO_BP,GO:0002684,positive regulation of immune system process,49,False,True
GO_BP,GO:0010629,negative regulation of gene expression,49,False,True
GO_BP,GO:0045892,negative regulation of DNA-templated transcription,49,False,True
GO_BP,GO:0050877,nervous system process,49,False,True
GO_BP,GO:0033036,macromolecule localization,48,False,True
GO_BP,GO:0043410,positive regulation of MAPK cascade,48,False,True
GO_BP,GO:0044085,cellular component biogenesis,48,False,True
GO_BP,GO:0003018,vascular process in circulatory system,47,False,True
GO_BP,GO:0006996,organelle organization,47,False,True
GO_BP,GO:0007167,enzyme-linked receptor protein signaling pathway,47,False,True
GO_BP,GO:0009888,tissue development,47,False,True
GO_BP,GO:0022607,cellular component assembly,47,False,True
GO_BP,GO:1902532,negative regulation of intracellular signal transduction,47,False,True
GO_BP,GO:0001817,regulation of cytokine production,46,False,True
GO_BP,GO:0009653,anatomical structure morphogenesis,46,False,True
GO_BP,GO:0090066,regulation of anatomical structure size,46,False,True
GO_BP,GO:0044087,regulation of cellular component biogenesis,45,False,True
GO_BP,GO:0045597,positive regulation of cell differentiation,45,False,True
GO_BP,GO:0030155,regulation of cell adhesion,44,False,True
GO_BP,GO:0032787,monocarboxylic acid metabolic process,44,False,True
GO_BP,GO:0033043,regulation of organelle organization,44,False,True
GO_BP,GO:0042391,regulation of membrane potential,44,False,True
GO_BP,GO:0045944,positive regulation of transcription by RNA polymerase II,44,False,True
GO_BP,GO:0006468,protein phosphorylation,43,False,True
GO_BP,GO:0009059,macromolecule biosynthetic process,43,False,True
GO_BP,GO:0016310,phosphorylation,43,False,True
GO_BP,GO:0040017,positive regulation of locomotion,43,False,True
GO_BP,GO:0000122,negative regulation of transcription by RNA polymerase II,42,False,True
GO_BP,GO:0007169,cell surface receptor protein tyrosine kinase signaling pathway,42,False,True
GO_BP,GO:0016477,cell migration,42,False,True
GO_BP,GO:0030335,positive regulation of cell migration,42,False,True
GO_BP,GO:0048870,cell motility,42,False,True
GO_BP,GO:0051046,regulation of secretion,42,False,True
GO_BP,GO:2000147,positive regulation of cell motility,42,False,True
GO_BP,GO:0098657,import into cell,41,False,True
GO_BP,GO:0007610,behavior,40,False,True
GO_BP,GO:0080135,regulation of cellular response to stress,40,False,True
GO_BP,GO:0141124,intracellular signaling cassette,40,False,True
GO_BP,GO:1903530,regulation of secretion by cell,40,False,True
GO_BP,GO:0006955,immune response,39,False,True
GO_BP,GO:0034097,response to cytokine,39,False,True
GO_BP,GO:0051247,positive regulation of protein metabolic process,39,False,True
GO_BP,GO:0090304,nucleic acid metabolic process,39,False,True
GO_BP,GO:1901652,response to peptide,39,False,True
GO_BP,GO:0008219,cell death,38,False,True
GO_BP,GO:0010467,gene expression,38,False,True
GO_BP,GO:0012501,programmed cell death,38,False,True
GO_BP,GO:0032103,positive regulation of response to external stimulus,38,False,True
GO_BP,GO:0070201,regulation of establishment of protein localization,38,False,True
GO_BP,GO:1903522,regulation of blood circulation,38,False,True
GO_BP,GO:0006325,chromatin organization,37,False,True
GO_BP,GO:0006631,fatty acid metabolic process,37,False,True
GO_BP,GO:0006915,apoptotic process,37,False,True
GO_BP,GO:0008610,lipid biosynthetic process,37,False,True
GO_BP,GO:0022008,neurogenesis,37,False,True
GO_BP,GO:0043434,response to peptide hormone,37,False,True
GO_BP,GO:0051726,regulation of cell cycle,37,False,True
GO_BP,GO:0071466,cellular response to xenobiotic stimulus,37,False,True
GO_BP,GO:0002831,regulation of response to biotic stimulus,36,False,True
GO_BP,GO:0006811,monoatomic ion transport,36,False,True
GO_BP,GO:0022603,regulation of anatomical structure morphogenesis,36,False,True
GO_BP,GO:0031399,regulation of protein modification process,36,False,True
GO_BP,GO:0006338,chromatin remodeling,35,False,True
GO_BP,GO:0007193,adenylate cyclase-inhibiting G protein-coupled receptor signaling pathway,35,False,True
GO_BP,GO:0008202,steroid metabolic process,35,False,True
GO_BP,GO:0009617,response to bacterium,35,False,True
GO_BP,GO:0022414,reproductive process,35,False,True
GO_BP,GO:0044283,small molecule biosynthetic process,35,False,True
GO_BP,GO:0051093,negative regulation of developmental process,35,False,True
GO_BP,GO:0051223,regulation of protein transport,35,False,True
GO_BP,GO:0051641,cellular localization,35,False,True
GO_BP,GO:0051896,regulation of phosphatidylinositol 3-kinase/protein kinase B signal transduction,35,False,True
GO_BP,GO:0065009,regulation of molecular function,35,False,True
GO_BP,GO:0070848,response to growth factor,35,False,True
GO_BP,GO:0006805,xenobiotic metabolic process,34,False,True
GO_BP,GO:0006979,response to oxidative stress,34,False,True
GO_BP,GO:0034220,monoatomic ion transmembrane transport,34,False,True
GO_BP,GO:0035150,regulation of tube size,34,False,True
GO_BP,GO:0035296,regulation of tube diameter,34,False,True
GO_BP,GO:0050727,regulation of inflammatory response,34,False,True
GO_BP,GO:0051129,negative regulation of cellular component organization,34,False,True
GO_BP,GO:0071363,cellular response to growth factor stimulus,34,False,True
GO_BP,GO:0097746,blood vessel diameter maintenance,34,False,True
GO_BP,GO:0120254,olefinic compound metabolic process,34,False,True
GO_BP,GO:1903829,positive regulation of protein localization,34,False,True
GO_BP,GO:0001775,cell activation,33,False,True
GO_BP,GO:0001819,positive regulation of cytokine production,33,False,True
GO_BP,GO:0008285,negative regulation of cell population proliferation,33,False,True
GO_BP,GO:0019725,cellular homeostasis,33,False,True
GO_BP,GO:0048545,response to steroid hormone,33,False,True
GO_BP,GO:0070372,regulation of ERK1 and ERK2 cascade,33,False,True
GO_BP,GO:0043269,regulation of monoatomic ion transport,32,False,True
GO_BP,GO:0045088,regulation of innate immune response,32,False,True
GO_BP,GO:0006690,icosanoid metabolic process,31,False,True
GO_BP,GO:0009611,response to wounding,31,False,True
GO_BP,GO:0032102,negative regulation of response to external stimulus,31,False,True
GO_BP,GO:0006954,inflammatory response,30,False,True
GO_BP,GO:0019216,regulation of lipid metabolic process,30,False,True
GO_BP,GO:0048699,generation of neurons,30,False,True
GO_BP,GO:0071345,cellular response to cytokine stimulus,30,False,True
GO_BP,GO:0071375,cellular response to peptide hormone stimulus,30,False,True
GO_BP,GO:0007200,phospholipase C-activating G protein-coupled receptor signaling pathway,29,False,True
GO_BP,GO:0033559,unsaturated fatty acid metabolic process,29,False,True
GO_BP,GO:0043068,positive regulation of programmed cell death,29,False,True
GO_BP,GO:0050778,positive regulation of immune response,29,False,True
GO_BP,GO:0051897,positive regulation of phosphatidylinositol 3-kinase/protein kinase B signal transduction,29,False,True
GO_BP,GO:0062012,regulation of small molecule metabolic process,29,False,True
GO_BP,GO:0070482,response to oxygen levels,29,False,True
GO_BP,GO:0001666,response to hypoxia,28,False,True
GO_BP,GO:0006812,monoatomic cation transport,28,False,True
GO_BP,GO:0009896,positive regulation of catabolic process,28,False,True
GO_BP,GO:0034654,nucleobase-containing compound biosynthetic process,28,False,True
GO_BP,GO:0036293,response to decreased oxygen levels,28,False,True
GO_BP,GO:0050790,regulation of catalytic activity,28,False,True
GO_BP,GO:0055082,intracellular chemical homeostasis,28,False,True
GO_BP,GO:0060284,regulation of cell development,28,False,True
GO_BP,GO:0072359,circulatory system development,28,False,True
GO_BP,GO:0097305,response to alcohol,28,False,True
GO_BP,GO:0002237,response to molecule of bacterial origin,27,False,True
GO_BP,GO:0006066,alcohol metabolic process,27,False,True
GO_BP,GO:0006897,endocytosis,27,False,True
GO_BP,GO:0007049,cell cycle,27,False,True
GO_BP,GO:0007417,central nervous system development,27,False,True
GO_BP,GO:0010564,regulation of cell cycle process,27,False,True
GO_BP,GO:0030182,neuron differentiation,27,False,True
GO_BP,GO:0030522,intracellular receptor signaling pathway,27,False,True
GO_BP,GO:0031349,positive regulation of defense response,27,False,True
GO_BP,GO:0031667,response to nutrient levels,27,False,True
GO_BP,GO:0042445,hormone metabolic process,27,False,True
GO_BP,GO:0045785,positive regulation of cell adhesion,27,False,True
GO_BP,GO:0048871,multicellular organismal-level homeostasis,27,False,True
GO_BP,GO:0050865,regulation of cell activation,27,False,True
GO_BP,GO:0051052,regulation of DNA metabolic process,27,False,True
GO_BP,GO:0051649,establishment of localization in cell,27,False,True
GO_BP,GO:0060341,regulation of cellular localization,27,False,True
GO_BP,GO:0060429,epithelium development,27,False,True
GO_BP,GO:0002764,immune response-regulating signaling pathway,26,False,True
GO_BP,GO:0006974,DNA damage response,26,False,True
GO_BP,GO:0007187,"G protein-coupled receptor signaling pathway, coupled to cyclic nucleotide second messenger",26,False,True
GO_BP,GO:0010638,positive regulation of organelle organization,26,False,True
GO_BP,GO:0015849,organic acid transport,26,False,True
GO_BP,GO:0022407,regulation of cell-cell adhesion,26,False,True
GO_BP,GO:0032496,response to lipopolysaccharide,26,False,True
GO_BP,GO:0043065,positive regulation of apoptotic process,26,False,True
GO_BP,GO:0043933,protein-containing complex organization,26,False,True
GO_BP,GO:0044093,positive regulation of molecular function,26,False,True
GO_BP,GO:0046394,carboxylic acid biosynthetic process,26,False,True
GO_BP,GO:0046942,carboxylic acid transport,26,False,True
GO_BP,GO:0050801,monoatomic ion homeostasis,26,False,True
GO_BP,GO:0002683,negative regulation of immune system process,25,False,True
GO_BP,GO:0006793,phosphorus metabolic process,25,False,True
GO_BP,GO:0008104,intracellular protein localization,25,False,True
GO_BP,GO:0009895,negative regulation of catabolic process,25,False,True
GO_BP,GO:0019637,organophosphate metabolic process,25,False,True
GO_BP,GO:0022402,cell cycle process,25,False,True
GO_BP,GO:0030001,metal ion transport,25,False,True
GO_BP,GO:0030030,cell projection organization,25,False,True
GO_BP,GO:0031344,regulation of cell projection organization,25,False,True
GO_BP,GO:0031401,positive regulation of protein modification process,25,False,True
GO_BP,GO:0040011,locomotion,25,False,True
GO_BP,GO:0042325,regulation of phosphorylation,25,False,True
GO_BP,GO:0050878,regulation of body fluid levels,25,False,True
GO_BP,GO:0050890,cognition,25,False,True
GO_BP,GO:0062197,cellular response to chemical stress,25,False,True
GO_BP,GO:0070374,positive regulation of ERK1 and ERK2 cascade,25,False,True
GO_BP,GO:0090257,regulation of muscle system process,25,False,True
GO_BP,GO:0098771,inorganic ion homeostasis,25,False,True
GO_BP,GO:0120035,regulation of plasma membrane bounded cell projection organization,25,False,True
GO_BP,GO:0120036,plasma membrane bounded cell projection organization,25,False,True
GO_BP,GO:0141187,nucleic acid biosynthetic process,25,False,True
GO_BP,GO:1901135,carbohydrate derivative metabolic process,25,False,True
GO_BP,GO:2000377,regulation of reactive oxygen species metabolic process,25,False,True
GO_BP,GO:2001233,regulation of apoptotic signaling pathway,25,False,True
GO_BP,GO:0002253,activation of immune response,24,False,True
GO_BP,GO:0006869,lipid transport,24,False,True
GO_BP,GO:0006935,chemotaxis,24,False,True
GO_BP,GO:0009314,response to radiation,24,False,True
GO_BP,GO:0010876,lipid localization,24,False,True
GO_BP,GO:0034762,regulation of transmembrane transport,24,False,True
GO_BP,GO:0042330,taxis,24,False,True
GO_BP,GO:0051248,negative regulation of protein metabolic process,24,False,True
GO_BP,GO:0055080,monoatomic cation homeostasis,24,False,True
GO_BP,GO:0098655,monoatomic cation transmembrane transport,24,False,True
GO_BP,GO:0002757,immune response-activating signaling pathway,23,False,True
GO_BP,GO:0002768,immune response-regulating cell surface receptor signaling pathway,23,False,True
GO_BP,GO:0007010,cytoskeleton organization,23,False,True
GO_BP,GO:0007611,learning or memory,23,False,True
GO_BP,GO:0009636,response to toxic substance,23,False,True
GO_BP,GO:0010959,regulation of metal ion transport,23,False,True
GO_BP,GO:0016070,RNA metabolic process,23,False,True
GO_BP,GO:0030097,hemopoiesis,23,False,True
GO_BP,GO:0035295,tube development,23,False,True
GO_BP,GO:0040008,regulation of growth,23,False,True
GO_BP,GO:0042176,regulation of protein catabolic process,23,False,True
GO_BP,GO:0043254,regulation of protein-containing complex assembly,23,False,True
GO_BP,GO:0043523,regulation of neuron apoptotic process,23,False,True
GO_BP,GO:0044089,positive regulation of cellular component biogenesis,23,False,True
GO_BP,GO:0045321,leukocyte activation,23,False,True
GO_BP,GO:0045787,positive regulation of cell cycle,23,False,True
GO_BP,GO:0050708,regulation of protein secretion,23,False,True
GO_BP,GO:0072330,monocarboxylic acid biosynthetic process,23,False,True
GO_BP,GO:1904951,positive regulation of establishment of protein localization,23,False,True
GO_BP,GO:0001676,long-chain fatty acid metabolic process,22,False,True
GO_BP,GO:0001932,regulation of protein phosphorylation,22,False,True
GO_BP,GO:0006259,DNA metabolic process,22,False,True
GO_BP,GO:0006508,proteolysis,22,False,True
GO_BP,GO:0007346,regulation of mitotic cell cycle,22,False,True
GO_BP,GO:0009057,macromolecule catabolic process,22,False,True
GO_BP,GO:0031348,negative regulation of defense response,22,False,True
GO_BP,GO:0042060,wound healing,22,False,True
GO_BP,GO:0043085,positive regulation of catalytic activity,22,False,True
GO_BP,GO:0045937,positive regulation of phosphate metabolic process,22,False,True
GO_BP,GO:0046883,regulation of hormone secretion,22,False,True
GO_BP,GO:0048511,rhythmic process,22,False,True
GO_BP,GO:0071383,cellular response to steroid hormone stimulus,22,False,True
GO_BP,GO:0002694,regulation of leukocyte activation,21,False,True
GO_BP,GO:0006720,isoprenoid metabolic process,21,False,True
GO_BP,GO:0006721,terpenoid metabolic process,21,False,True
GO_BP,GO:0008016,regulation of heart contraction,21,False,True
GO_BP,GO:0010506,regulation of autophagy,21,False,True
GO_BP,GO:0016042,lipid catabolic process,21,False,True
GO_BP,GO:0019221,cytokine-mediated signaling pathway,21,False,True
GO_BP,GO:0034330,cell junction organization,21,False,True
GO_BP,GO:0034599,cellular response to oxidative stress,21,False,True
GO_BP,GO:0045596,negative regulation of cell differentiation,21,False,True
GO_BP,GO:0045765,regulation of angiogenesis,21,False,True
GO_BP,GO:0048666,neuron development,21,False,True
GO_BP,GO:0051051,negative regulation of transport,21,False,True
GO_BP,GO:0051222,positive regulation of protein transport,21,False,True
GO_BP,GO:0051493,regulation of cytoskeleton organization,21,False,True
GO_BP,GO:0065003,protein-containing complex assembly,21,False,True
GO_BP,GO:0098542,defense response to other organism,21,False,True
GO_BP,GO:0140546,defense response to symbiont,21,False,True
GO_BP,GO:1901342,regulation of vasculature development,21,False,True
GO_BP,GO:2001234,negative regulation of apoptotic signaling pathway,21,False,True
GO_BP,GO:0000278,mitotic cell cycle,20,False,True
GO_BP,GO:0002429,immune response-activating cell surface receptor signaling pathway,20,False,True
GO_BP,GO:0003012,muscle system process,20,False,True
GO_BP,GO:0006633,fatty acid biosynthetic process,20,False,True
GO_BP,GO:0006873,intracellular monoatomic ion homeostasis,20,False,True
GO_BP,GO:0007189,adenylate cyclase-activating G protein-coupled receptor signaling pathway,20,False,True
GO_BP,GO:0007600,sensory perception,20,False,True
GO_BP,GO:0008217,regulation of blood pressure,20,False,True
GO_BP,GO:0009416,response to light stimulus,20,False,True
GO_BP,GO:0009615,response to virus,20,False,True
GO_BP,GO:0009755,hormone-mediated signaling pathway,20,False,True
GO_BP,GO:0010038,response to metal ion,20,False,True
GO_BP,GO:0015718,monocarboxylic acid transport,20,False,True
GO_BP,GO:0019369,arachidonate metabolic process,20,False,True
GO_BP,GO:0032774,RNA biosynthetic process,20,False,True
GO_BP,GO:0032868,response to insulin,20,False,True
GO_BP,GO:0042327,positive regulation of phosphorylation,20,False,True
GO_BP,GO:0043279,response to alkaloid,20,False,True
GO_BP,GO:0045471,response to ethanol,20,False,True
GO_BP,GO:0051047,positive regulation of secretion,20,False,True
GO_BP,GO:0051249,regulation of lymphocyte activation,20,False,True
GO_BP,GO:0060078,regulation of postsynaptic membrane potential,20,False,True
GO_BP,GO:0071216,cellular response to biotic stimulus,20,False,True
GO_BP,GO:0141193,nuclear receptor-mediated signaling pathway,20,False,True
GO_BP,GO:0001934,positive regulation of protein phosphorylation,19,False,True
GO_BP,GO:0002521,leukocyte differentiation,19,False,True
GO_BP,GO:0002833,positive regulation of response to biotic stimulus,19,False,True
GO_BP,GO:0006936,muscle contraction,19,False,True
GO_BP,GO:0006937,regulation of muscle contraction,19,False,True
GO_BP,GO:0007162,negative regulation of cell adhesion,19,False,True
GO_BP,GO:0016192,vesicle-mediated transport,19,False,True
GO_BP,GO:0030003,intracellular monoatomic cation homeostasis,19,False,True
GO_BP,GO:0030855,epithelial cell differentiation,19,False,True
GO_BP,GO:0045834,positive regulation of lipid metabolic process,19,False,True
GO_BP,GO:0046903,secretion,19,False,True
GO_BP,GO:0048732,gland development,19,False,True
GO_BP,GO:0051054,positive regulation of DNA metabolic process,19,False,True
GO_BP,GO:0060322,head development,19,False,True
GO_BP,GO:0062013,positive regulation of small molecule metabolic process,19,False,True
GO_BP,GO:0071214,cellular response to abiotic stimulus,19,False,True
GO_BP,GO:0071219,cellular response to molecule of bacterial origin,19,False,True
GO_BP,GO:0071867,response to monoamine,19,False,True
GO_BP,GO:0071868,cellular response to monoamine stimulus,19,False,True
GO_BP,GO:0071869,response to catecholamine,19,False,True
GO_BP,GO:0071870,cellular response to catecholamine stimulus,19,False,True
GO_BP,GO:0072521,purine-containing compound metabolic process,19,False,True
GO_BP,GO:0104004,cellular response to environmental stimulus,19,False,True
GO_BP,GO:0000302,response to reactive oxygen species,18,False,True
GO_BP,GO:0001558,regulation of cell growth,18,False,True
GO_BP,GO:0007155,cell adhesion,18,False,True
GO_BP,GO:0007204,positive regulation of cytosolic calcium ion concentration,18,False,True
GO_BP,GO:0007507,heart development,18,False,True
GO_BP,GO:0007623,circadian rhythm,18,False,True
GO_BP,GO:0009887,animal organ morphogenesis,18,False,True
GO_BP,GO:0019229,regulation of vasoconstriction,18,False,True
GO_BP,GO:0022411,cellular component disassembly,18,False,True
GO_BP,GO:0033365,protein localization to organelle,18,False,True
GO_BP,GO:0043687,post-translational protein modification,18,False,True
GO_BP,GO:0045087,innate immune response,18,False,True
GO_BP,GO:0046907,intracellular transport,18,False,True
GO_BP,GO:0050678,regulation of epithelial cell proliferation,18,False,True
GO_BP,GO:0050867,positive regulation of cell activation,18,False,True
GO_BP,GO:0055086,nucleobase-containing small molecule metabolic process,18,False,True
GO_BP,GO:0071222,cellular response to lipopolysaccharide,18,False,True
GO_BP,GO:0071705,nitrogen compound transport,18,False,True
GO_BP,GO:0090068,positive regulation of cell cycle process,18,False,True
GO_BP,GO:0097190,apoptotic signaling pathway,18,False,True
GO_BP,GO:1903037,regulation of leukocyte cell-cell adhesion,18,False,True
GO_BP,GO:1903350,response to dopamine,18,False,True
GO_BP,GO:1903351,cellular response to dopamine,18,False,True
GO_BP,GO:1903532,positive regulation of secretion by cell,18,False,True
GO_BP,GO:2001242,regulation of intrinsic apoptotic signaling pathway,18,False,True
GO_BP,GO:0001944,vasculature development,17,False,True
GO_BP,GO:0002696,positive regulation of leukocyte activation,17,False,True
GO_BP,GO:0007420,brain development,17,False,True
GO_BP,GO:0007599,hemostasis,17,False,True
GO_BP,GO:0010810,regulation of cell-substrate adhesion,17,False,True
GO_BP,GO:0010975,regulation of neuron projection development,17,False,True
GO_BP,GO:0031175,neuron projection development,17,False,True
GO_BP,GO:0033044,regulation of chromosome organization,17,False,True
GO_BP,GO:0034308,primary alcohol metabolic process,17,False,True
GO_BP,GO:0035239,tube morphogenesis,17,False,True
GO_BP,GO:0038127,ERBB signaling pathway,17,False,True
GO_BP,GO:0042752,regulation of circadian rhythm,17,False,True
GO_BP,GO:0045089,positive regulation of innate immune response,17,False,True
GO_BP,GO:0046777,protein autophosphorylation,17,False,True
GO_BP,GO:0046890,regulation of lipid biosynthetic process,17,False,True
GO_BP,GO:0048609,multicellular organismal reproductive process,17,False,True
GO_BP,GO:0050803,regulation of synapse structure or activity,17,False,True
GO_BP,GO:0050807,regulation of synapse organization,17,False,True
GO_BP,GO:0051174,regulation of phosphorus metabolic process,17,False,True
GO_BP,GO:0051251,positive regulation of lymphocyte activation,17,False,True
GO_BP,GO:0051924,regulation of calcium ion transport,17,False,True
GO_BP,GO:0055074,calcium ion homeostasis,17,False,True
GO_BP,GO:0090087,regulation of peptide transport,17,False,True
GO_BP,GO:1903047,mitotic cell cycle process,17,False,True
GO_BP,GO:1903828,negative regulation of protein localization,17,False,True
GO_BP,GO:0001523,retinoid metabolic process,16,False,True
GO_BP,GO:0001568,blood vessel development,16,False,True
GO_BP,GO:0002791,regulation of peptide secretion,16,False,True
GO_BP,GO:0005975,carbohydrate metabolic process,16,False,True
GO_BP,GO:0006753,nucleoside phosphate metabolic process,16,False,True
GO_BP,GO:0007017,microtubule-based process,16,False,True
GO_BP,GO:0007173,epidermal growth factor receptor signaling pathway,16,False,True
GO_BP,GO:0007215,glutamate receptor signaling pathway,16,False,True
GO_BP,GO:0007423,sensory organ development,16,False,True
GO_BP,GO:0007596,blood coagulation,16,False,True
GO_BP,GO:0007612,learning,16,False,True
GO_BP,GO:0008283,cell population proliferation,16,False,True
GO_BP,GO:0009612,response to mechanical stimulus,16,False,True
GO_BP,GO:0009790,embryo development,16,False,True
GO_BP,GO:0010639,negative regulation of organelle organization,16,False,True
GO_BP,GO:0016101,diterpenoid metabolic process,16,False,True
GO_BP,GO:0022409,positive regulation of cell-cell adhesion,16,False,True
GO_BP,GO:0030163,protein catabolic process,16,False,True
GO_BP,GO:0033500,carbohydrate homeostasis,16,False,True
GO_BP,GO:0034765,regulation of monoatomic ion transmembrane transport,16,False,True
GO_BP,GO:0040013,negative regulation of locomotion,16,False,True
GO_BP,GO:0042593,glucose homeostasis,16,False,True
GO_BP,GO:0043122,regulation of canonical NF-kappaB signal transduction,16,False,True
GO_BP,GO:0046649,lymphocyte activation,16,False,True
GO_BP,GO:0048167,regulation of synaptic plasticity,16,False,True
GO_BP,GO:0048514,blood vessel morphogenesis,16,False,True
GO_BP,GO:0048646,anatomical structure formation involved in morphogenesis,16,False,True
GO_BP,GO:0048660,regulation of smooth muscle cell proliferation,16,False,True
GO_BP,GO:0050728,negative regulation of inflammatory response,16,False,True
GO_BP,GO:0050817,coagulation,16,False,True
GO_BP,GO:0050920,regulation of chemotaxis,16,False,True
GO_BP,GO:1901654,response to ketone,16,False,True
GO_BP,GO:1902903,regulation of supramolecular fiber organization,16,False,True
GO_BP,GO:1903131,mononuclear cell differentiation,16,False,True
GO_BP,GO:1904645,response to amyloid-beta,16,False,True
GO_BP,GO:0001818,negative regulation of cytokine production,15,False,True
GO_BP,GO:0003006,developmental process involved in reproduction,15,False,True
GO_BP,GO:0006874,intracellular calcium ion homeostasis,15,False,True
GO_BP,GO:0009411,response to UV,15,False,True
GO_BP,GO:0010594,regulation of endothelial cell migration,15,False,True
GO_BP,GO:0010720,positive regulation of cell development,15,False,True
GO_BP,GO:0015850,organic hydroxy compound transport,15,False,True
GO_BP,GO:0016125,sterol metabolic process,15,False,True
GO_BP,GO:0019748,secondary metabolic process,15,False,True
GO_BP,GO:0030100,regulation of endocytosis,15,False,True
GO_BP,GO:0030336,negative regulation of cell migration,15,False,True
GO_BP,GO:0030518,nuclear receptor-mediated steroid hormone signaling pathway,15,False,True
GO_BP,GO:0031647,regulation of protein stability,15,False,True
GO_BP,GO:0031960,response to corticosteroid,15,False,True
GO_BP,GO:0032869,cellular response to insulin stimulus,15,False,True
GO_BP,GO:0043401,steroid hormone receptor signaling pathway,15,False,True
GO_BP,GO:0045184,establishment of protein localization,15,False,True
GO_BP,GO:0050808,synapse organization,15,False,True
GO_BP,GO:0051604,protein maturation,15,False,True
GO_BP,GO:0060326,cell chemotaxis,15,False,True
GO_BP,GO:0060759,regulation of response to cytokine stimulus,15,False,True
GO_BP,GO:0061024,membrane organization,15,False,True
GO_BP,GO:0062207,regulation of pattern recognition receptor signaling pathway,15,False,True
GO_BP,GO:0090276,regulation of peptide hormone secretion,15,False,True
GO_BP,GO:0140352,export from cell,15,False,True
GO_BP,GO:1901873,regulation of post-translational protein modification,15,False,True
GO_BP,GO:1901888,regulation of cell junction assembly,15,False,True
GO_BP,GO:1903320,regulation of protein modification by small protein conjugation or removal,15,False,True
GO_BP,GO:1904062,regulation of monoatomic cation transmembrane transport,15,False,True
GO_BP,GO:1905952,regulation of lipid localization,15,False,True
GO_BP,GO:2000146,negative regulation of cell motility,15,False,True
GO_BP,GO:0001959,regulation of cytokine-mediated signaling pathway,14,False,True
GO_BP,GO:0006163,purine nucleotide metabolic process,14,False,True
GO_BP,GO:0006282,regulation of DNA repair,14,False,True
GO_BP,GO:0006351,DNA-templated transcription,14,False,True
GO_BP,GO:0006816,calcium ion transport,14,False,True
GO_BP,GO:0006909,phagocytosis,14,False,True
GO_BP,GO:0007584,response to nutrient,14,False,True
GO_BP,GO:0008277,regulation of G protein-coupled receptor signaling pathway,14,False,True
GO_BP,GO:0009117,nucleotide metabolic process,14,False,True
GO_BP,GO:0009266,response to temperature stimulus,14,False,True
GO_BP,GO:0010562,positive regulation of phosphorus metabolic process,14,False,True
GO_BP,GO:0010565,regulation of ketone metabolic process,14,False,True
GO_BP,GO:0015908,fatty acid transport,14,False,True
GO_BP,GO:0018108,peptidyl-tyrosine phosphorylation,14,False,True
GO_BP,GO:0030111,regulation of Wnt signaling pathway,14,False,True
GO_BP,GO:0031334,positive regulation of protein-containing complex assembly,14,False,True
GO_BP,GO:0031644,regulation of nervous system process,14,False,True
GO_BP,GO:0032355,response to estradiol,14,False,True
GO_BP,GO:0032368,regulation of lipid transport,14,False,True
GO_BP,GO:0032970,regulation of actin filament-based process,14,False,True
GO_BP,GO:0040029,epigenetic regulation of gene expression,14,False,True
GO_BP,GO:0042742,defense response to bacterium,14,False,True
GO_BP,GO:0044282,small molecule catabolic process,14,False,True
GO_BP,GO:0044703,multi-organism reproductive process,14,False,True
GO_BP,GO:0044706,multi-multicellular organism process,14,False,True
GO_BP,GO:0045732,positive regulation of protein catabolic process,14,False,True
GO_BP,GO:0050679,positive regulation of epithelial cell proliferation,14,False,True
GO_BP,GO:0050795,regulation of behavior,14,False,True
GO_BP,GO:0050796,regulation of insulin secretion,14,False,True
GO_BP,GO:0050863,regulation of T cell activation,14,False,True
GO_BP,GO:0051960,regulation of nervous system development,14,False,True
GO_BP,GO:0051966,"regulation of synaptic transmission, glutamatergic",14,False,True
GO_BP,GO:0080164,regulation of nitric oxide metabolic process,14,False,True
GO_BP,GO:0090092,regulation of transmembrane receptor protein serine/threonine kinase signaling pathway,14,False,True
GO_BP,GO:0090287,regulation of cellular response to growth factor stimulus,14,False,True
GO_BP,GO:0098754,detoxification,14,False,True
GO_BP,GO:1900180,regulation of protein localization to nucleus,14,False,True
GO_BP,GO:1901987,regulation of cell cycle phase transition,14,False,True
GO_BP,GO:1901990,regulation of mitotic cell cycle phase transition,14,False,True
GO_BP,GO:1903034,regulation of response to wounding,14,False,True
GO_BP,GO:1903039,positive regulation of leukocyte cell-cell adhesion,14,False,True
GO_BP,GO:1903706,regulation of hemopoiesis,14,False,True
GO_BP,GO:2000058,regulation of ubiquitin-dependent protein catabolic process,14,False,True
GO_BP,GO:2000628,regulation of miRNA metabolic process,14,False,True
GO_BP,GO:2001243,negative regulation of intrinsic apoptotic signaling pathway,14,False,True
GO_BP,GO:0000165,MAPK cascade,13,False,True
GO_BP,GO:0001952,regulation of cell-matrix adhesion,13,False,True
GO_BP,GO:0006692,prostanoid metabolic process,13,False,True
GO_BP,GO:0007565,female pregnancy,13,False,True
GO_BP,GO:0007626,locomotory behavior,13,False,True
GO_BP,GO:0010595,positive regulation of endothelial cell migration,13,False,True
GO_BP,GO:0022408,negative regulation of cell-cell adhesion,13,False,True
GO_BP,GO:0030029,actin filament-based process,13,False,True
GO_BP,GO:0030099,myeloid cell differentiation,13,False,True
GO_BP,GO:0030534,adult behavior,13,False,True
GO_BP,GO:0031346,positive regulation of cell projection organization,13,False,True
GO_BP,GO:0032006,regulation of TOR signaling,13,False,True
GO_BP,GO:0032386,regulation of intracellular transport,13,False,True
GO_BP,GO:0032886,regulation of microtubule-based process,13,False,True
GO_BP,GO:0034614,cellular response to reactive oxygen species,13,False,True
GO_BP,GO:0035094,response to nicotine,13,False,True
GO_BP,GO:0039531,regulation of cytoplasmic pattern recognition receptor signaling pathway,13,False,True
GO_BP,GO:0042063,gliogenesis,13,False,True
GO_BP,GO:0042178,xenobiotic catabolic process,13,False,True
GO_BP,GO:0042180,ketone metabolic process,13,False,True
GO_BP,GO:0042220,response to cocaine,13,False,True
GO_BP,GO:0043270,positive regulation of monoatomic ion transport,13,False,True
GO_BP,GO:0043524,negative regulation of neuron apoptotic process,13,False,True
GO_BP,GO:0045428,regulation of nitric oxide biosynthetic process,13,False,True
GO_BP,GO:0045927,positive regulation of growth,13,False,True
GO_BP,GO:0046328,regulation of JNK cascade,13,False,True
GO_BP,GO:0046889,positive regulation of lipid biosynthetic process,13,False,True
GO_BP,GO:0048661,positive regulation of smooth muscle cell proliferation,13,False,True
GO_BP,GO:0050900,leukocyte migration,13,False,True
GO_BP,GO:0051048,negative regulation of secretion,13,False,True
GO_BP,GO:0051276,chromosome organization,13,False,True
GO_BP,GO:0051338,regulation of transferase activity,13,False,True
GO_BP,GO:0051384,response to glucocorticoid,13,False,True
GO_BP,GO:0051952,regulation of amine transport,13,False,True
GO_BP,GO:0060627,regulation of vesicle-mediated transport,13,False,True
GO_BP,GO:0070647,protein modification by small protein conjugation or removal,13,False,True
GO_BP,GO:0099171,presynaptic modulation of chemical synaptic transmission,13,False,True
GO_BP,GO:0099565,"chemical synaptic transmission, postsynaptic",13,False,True
GO_BP,GO:1900015,regulation of cytokine production involved in inflammatory response,13,False,True
GO_BP,GO:1902652,secondary alcohol metabolic process,13,False,True
GO_BP,GO:1902893,regulation of miRNA transcription,13,False,True
GO_BP,GO:1903531,negative regulation of secretion by cell,13,False,True
GO_BP,GO:2001236,regulation of extrinsic apoptotic signaling pathway,13,False,True
GO_BP,GO:0000226,microtubule cytoskeleton organization,12,False,True
GO_BP,GO:0000902,cell morphogenesis,12,False,True
GO_BP,GO:0001525,angiogenesis,12,False,True
GO_BP,GO:0001654,eye development,12,False,True
GO_BP,GO:0001936,regulation of endothelial cell proliferation,12,False,True
GO_BP,GO:0002218,activation of innate immune response,12,False,True
GO_BP,GO:0002252,immune effector process,12,False,True
GO_BP,GO:0003014,renal system process,12,False,True
GO_BP,GO:0006281,DNA repair,12,False,True
GO_BP,GO:0006366,transcription by RNA polymerase II,12,False,True
GO_BP,GO:0006693,prostaglandin metabolic process,12,False,True
GO_BP,GO:0006940,regulation of smooth muscle contraction,12,False,True
GO_BP,GO:0007586,digestion,12,False,True
GO_BP,GO:0008203,cholesterol metabolic process,12,False,True
GO_BP,GO:0008210,estrogen metabolic process,12,False,True
GO_BP,GO:0009150,purine ribonucleotide metabolic process,12,False,True
GO_BP,GO:0009259,ribonucleotide metabolic process,12,False,True
GO_BP,GO:0009308,amine metabolic process,12,False,True
GO_BP,GO:0010001,glial cell differentiation,12,False,True
GO_BP,GO:0010608,post-transcriptional regulation of gene expression,12,False,True
GO_BP,GO:0010660,regulation of muscle cell apoptotic process,12,False,True
GO_BP,GO:0016032,viral process,12,False,True
GO_BP,GO:0018958,phenol-containing compound metabolic process,12,False,True
GO_BP,GO:0019693,ribose phosphate metabolic process,12,False,True
GO_BP,GO:0019722,calcium-mediated signaling,12,False,True
GO_BP,GO:0030168,platelet activation,12,False,True
GO_BP,GO:0032535,regulation of cellular component size,12,False,True
GO_BP,GO:0032680,regulation of tumor necrosis factor production,12,False,True
GO_BP,GO:0034655,nucleobase-containing compound catabolic process,12,False,True
GO_BP,GO:0034764,positive regulation of transmembrane transport,12,False,True
GO_BP,GO:0038093,Fc receptor signaling pathway,12,False,True
GO_BP,GO:0042572,retinol metabolic process,12,False,True
GO_BP,GO:0042759,long-chain fatty acid biosynthetic process,12,False,True
GO_BP,GO:0043549,regulation of kinase activity,12,False,True
GO_BP,GO:0045766,positive regulation of angiogenesis,12,False,True
GO_BP,GO:0045931,positive regulation of mitotic cell cycle,12,False,True
GO_BP,GO:0048880,sensory system development,12,False,True
GO_BP,GO:0050767,regulation of neurogenesis,12,False,True
GO_BP,GO:0050777,negative regulation of immune response,12,False,True
GO_BP,GO:0060079,excitatory postsynaptic potential,12,False,True
GO_BP,GO:0098664,G protein-coupled serotonin receptor signaling pathway,12,False,True
GO_BP,GO:0098926,postsynaptic signal transduction,12,False,True
GO_BP,GO:0120161,regulation of cold-induced thermogenesis,12,False,True
GO_BP,GO:0120162,positive regulation of cold-induced thermogenesis,12,False,True
GO_BP,GO:0150063,visual system development,12,False,True
GO_BP,GO:1900182,positive regulation of protein localization to nucleus,12,False,True
GO_BP,GO:1901136,carbohydrate derivative catabolic process,12,False,True
GO_BP,GO:1903555,regulation of tumor necrosis factor superfamily cytokine production,12,False,True
GO_BP,GO:1904018,positive regulation of vasculature development,12,False,True
GO_BP,GO:2000379,positive regulation of reactive oxygen species metabolic process,12,False,True
GO_BP,GO:2001237,negative regulation of extrinsic apoptotic signaling pathway,12,False,True
GO_BP,GO:0001503,ossification,11,False,True
GO_BP,GO:0002027,regulation of heart rate,11,False,True
GO_BP,GO:0002573,myeloid leukocyte differentiation,11,False,True
GO_BP,GO:0002685,regulation of leukocyte migration,11,False,True
GO_BP,GO:0002697,regulation of immune effector process,11,False,True
GO_BP,GO:0002758,innate immune response-activating signaling pathway,11,False,True
GO_BP,GO:0006109,regulation of carbohydrate metabolic process,11,False,True
GO_BP,GO:0006260,DNA replication,11,False,True
GO_BP,GO:0006694,steroid biosynthetic process,11,False,True
GO_BP,GO:0006898,receptor-mediated endocytosis,11,False,True
GO_BP,GO:0007613,memory,11,False,True
GO_BP,GO:0008306,associative learning,11,False,True
GO_BP,GO:0010232,vascular transport,11,False,True
GO_BP,GO:0010507,negative regulation of autophagy,11,False,True
GO_BP,GO:0014074,response to purine-containing compound,11,False,True
GO_BP,GO:0019217,regulation of fatty acid metabolic process,11,False,True
GO_BP,GO:0019373,epoxygenase P450 pathway,11,False,True
GO_BP,GO:0030177,positive regulation of Wnt signaling pathway,11,False,True
GO_BP,GO:0030198,extracellular matrix organization,11,False,True
GO_BP,GO:0031396,regulation of protein ubiquitination,11,False,True
GO_BP,GO:0032008,positive regulation of TOR signaling,11,False,True
GO_BP,GO:0032204,regulation of telomere maintenance,11,False,True
GO_BP,GO:0032434,regulation of proteasomal ubiquitin-dependent protein catabolic process,11,False,True
GO_BP,GO:0032446,protein modification by small protein conjugation,11,False,True
GO_BP,GO:0032922,circadian regulation of gene expression,11,False,True
GO_BP,GO:0036294,cellular response to decreased oxygen levels,11,False,True
GO_BP,GO:0042110,T cell activation,11,False,True
GO_BP,GO:0042311,vasodilation,11,False,True
GO_BP,GO:0043010,camera-type eye development,11,False,True
GO_BP,GO:0043062,extracellular structure organization,11,False,True
GO_BP,GO:0043123,positive regulation of canonical NF-kappaB signal transduction,11,False,True
GO_BP,GO:0043409,negative regulation of MAPK cascade,11,False,True
GO_BP,GO:0043467,regulation of generation of precursor metabolites and energy,11,False,True
GO_BP,GO:0045229,external encapsulating structure organization,11,False,True
GO_BP,GO:0045429,positive regulation of nitric oxide biosynthetic process,11,False,True
GO_BP,GO:0045598,regulation of fat cell differentiation,11,False,True
GO_BP,GO:0045859,regulation of protein kinase activity,11,False,True
GO_BP,GO:0046456,icosanoid biosynthetic process,11,False,True
GO_BP,GO:0046486,glycerolipid metabolic process,11,False,True
GO_BP,GO:0048638,regulation of developmental growth,11,False,True
GO_BP,GO:0050433,regulation of catecholamine secretion,11,False,True
GO_BP,GO:0050714,positive regulation of protein secretion,11,False,True
GO_BP,GO:0050729,positive regulation of inflammatory response,11,False,True
GO_BP,GO:0050866,negative regulation of cell activation,11,False,True
GO_BP,GO:0050870,positive regulation of T cell activation,11,False,True
GO_BP,GO:0051302,regulation of cell division,11,False,True
GO_BP,GO:0051607,defense response to virus,11,False,True
GO_BP,GO:0060828,regulation of canonical Wnt signaling pathway,11,False,True
GO_BP,GO:0061041,regulation of wound healing,11,False,True
GO_BP,GO:0061136,regulation of proteasomal protein catabolic process,11,False,True
GO_BP,GO:0061564,axon development,11,False,True
GO_BP,GO:0070925,organelle assembly,11,False,True
GO_BP,GO:0071453,cellular response to oxygen levels,11,False,True
GO_BP,GO:0071456,cellular response to hypoxia,11,False,True
GO_BP,GO:0071875,adrenergic receptor signaling pathway,11,False,True
GO_BP,GO:0097237,cellular response to toxic substance,11,False,True
GO_BP,GO:0099175,regulation of postsynapse organization,11,False,True
GO_BP,GO:0150104,transport across blood-brain barrier,11,False,True
GO_BP,GO:1905144,response to acetylcholine,11,False,True
GO_BP,GO:1905475,regulation of protein localization to membrane,11,False,True
GO_BP,GO:0001101,response to acid chemical,10,False,True
GO_BP,GO:0001938,positive regulation of endothelial cell proliferation,10,False,True
GO_BP,GO:0003073,regulation of systemic arterial blood pressure,10,False,True
GO_BP,GO:0006140,regulation of nucleotide metabolic process,10,False,True
GO_BP,GO:0006576,biogenic amine metabolic process,10,False,True
GO_BP,GO:0006636,unsaturated fatty acid biosynthetic process,10,False,True
GO_BP,GO:0007548,sex differentiation,10,False,True
GO_BP,GO:0010821,regulation of mitochondrion organization,10,False,True
GO_BP,GO:0015031,protein transport,10,False,True
GO_BP,GO:0016485,protein processing,10,False,True
GO_BP,GO:0016567,protein ubiquitination,10,False,True
GO_BP,GO:0021782,glial cell development,10,False,True
GO_BP,GO:0022600,digestive system process,10,False,True
GO_BP,GO:0030162,regulation of proteolysis,10,False,True
GO_BP,GO:0030258,lipid modification,10,False,True
GO_BP,GO:0030595,leukocyte chemotaxis,10,False,True
GO_BP,GO:0031345,negative regulation of cell projection organization,10,False,True
GO_BP,GO:0031669,cellular response to nutrient levels,10,False,True
GO_BP,GO:0032890,regulation of organic acid transport,10,False,True
GO_BP,GO:0032963,collagen metabolic process,10,False,True
GO_BP,GO:0033157,regulation of intracellular protein transport,10,False,True
GO_BP,GO:0033674,positive regulation of kinase activity,10,False,True
GO_BP,GO:0034644,cellular response to UV,10,False,True
GO_BP,GO:0042542,response to hydrogen peroxide,10,False,True
GO_BP,GO:0042908,xenobiotic transport,10,False,True
GO_BP,GO:0043200,response to amino acid,10,False,True
GO_BP,GO:0043491,phosphatidylinositol 3-kinase/protein kinase B signal transduction,10,False,True
GO_BP,GO:0045860,positive regulation of protein kinase activity,10,False,True
GO_BP,GO:0046434,organophosphate catabolic process,10,False,True
GO_BP,GO:0046887,positive regulation of hormone secretion,10,False,True
GO_BP,GO:0048608,reproductive structure development,10,False,True
GO_BP,GO:0048812,neuron projection morphogenesis,10,False,True
GO_BP,GO:0048858,cell projection morphogenesis,10,False,True
GO_BP,GO:0050805,negative regulation of synaptic transmission,10,False,True
GO_BP,GO:0050806,positive regulation of synaptic transmission,10,False,True
GO_BP,GO:0050851,antigen receptor-mediated signaling pathway,10,False,True
GO_BP,GO:0050921,positive regulation of chemotaxis,10,False,True
GO_BP,GO:0051606,detection of stimulus,10,False,True
GO_BP,GO:0051881,regulation of mitochondrial membrane potential,10,False,True
GO_BP,GO:0055088,lipid homeostasis,10,False,True
GO_BP,GO:0061458,reproductive system development,10,False,True
GO_BP,GO:0070588,calcium ion transmembrane transport,10,False,True
GO_BP,GO:0070663,regulation of leukocyte proliferation,10,False,True
GO_BP,GO:0071248,cellular response to metal ion,10,False,True
GO_BP,GO:0071478,cellular response to radiation,10,False,True
GO_BP,GO:0071482,cellular response to light stimulus,10,False,True
GO_BP,GO:0090407,organophosphate biosynthetic process,10,False,True
GO_BP,GO:0095500,acetylcholine receptor signaling pathway,10,False,True
GO_BP,GO:0098609,cell-cell adhesion,10,False,True
GO_BP,GO:0098739,import across plasma membrane,10,False,True
GO_BP,GO:0120039,plasma membrane bounded cell projection morphogenesis,10,False,True
GO_BP,GO:0140694,membraneless organelle assembly,10,False,True
GO_BP,GO:1900542,regulation of purine nucleotide metabolic process,10,False,True
GO_BP,GO:1901796,regulation of signal transduction by p53 class mediator,10,False,True
GO_BP,GO:1903578,regulation of ATP metabolic process,10,False,True
GO_BP,GO:1904375,regulation of protein localization to cell periphery,10,False,True
GO_BP,GO:1904646,cellular response to amyloid-beta,10,False,True
GO_BP,GO:1904705,regulation of vascular associated smooth muscle cell proliferation,10,False,True
GO_BP,GO:1905145,cellular response to acetylcholine,10,False,True
GO_BP,GO:1990776,response to angiotensin,10,False,True
GO_BP,GO:2000060,positive regulation of ubiquitin-dependent protein catabolic process,10,False,True
GO_BP,GO:2000378,negative regulation of reactive oxygen species metabolic process,10,False,True
GO_BP,GO:2000630,positive regulation of miRNA metabolic process,10,False,True
GO_BP,GO:0001894,tissue homeostasis,9,False,True
GO_BP,GO:0002274,myeloid leukocyte activation,9,False,True
GO_BP,GO:0006302,double-strand break repair,9,False,True
GO_BP,GO:0006584,catecholamine metabolic process,9,False,True
GO_BP,GO:0006644,phospholipid metabolic process,9,False,True
GO_BP,GO:0006836,neurotransmitter transport,9,False,True
GO_BP,GO:0006939,smooth muscle contraction,9,False,True
GO_BP,GO:0006942,regulation of striated muscle contraction,9,False,True
GO_BP,GO:0007005,mitochondrion organization,9,False,True
GO_BP,GO:0007051,spindle organization,9,False,True
GO_BP,GO:0007059,chromosome segregation,9,False,True
GO_BP,GO:0007210,serotonin receptor signaling pathway,9,False,True
GO_BP,GO:0009166,nucleotide catabolic process,9,False,True
GO_BP,GO:0009408,response to heat,9,False,True
GO_BP,GO:0009712,catechol-containing compound metabolic process,9,False,True
GO_BP,GO:0009743,response to carbohydrate,9,False,True
GO_BP,GO:0010508,positive regulation of autophagy,9,False,True
GO_BP,GO:0010656,negative regulation of muscle cell apoptotic process,9,False,True
GO_BP,GO:0010811,positive regulation of cell-substrate adhesion,9,False,True
GO_BP,GO:0015909,long-chain fatty acid transport,9,False,True
GO_BP,GO:0016241,regulation of macroautophagy,9,False,True
GO_BP,GO:0016311,dephosphorylation,9,False,True
GO_BP,GO:0018205,peptidyl-lysine modification,9,False,True
GO_BP,GO:0019058,viral life cycle,9,False,True
GO_BP,GO:0019218,regulation of steroid metabolic process,9,False,True
GO_BP,GO:0030036,actin cytoskeleton organization,9,False,True
GO_BP,GO:0030098,lymphocyte differentiation,9,False,True
GO_BP,GO:0030307,positive regulation of cell growth,9,False,True
GO_BP,GO:0030574,collagen catabolic process,9,False,True
GO_BP,GO:0031099,regeneration,9,False,True
GO_BP,GO:0031333,negative regulation of protein-containing complex assembly,9,False,True
GO_BP,GO:0032271,regulation of protein polymerization,9,False,True
GO_BP,GO:0032370,positive regulation of lipid transport,9,False,True
GO_BP,GO:0032388,positive regulation of intracellular transport,9,False,True
GO_BP,GO:0032479,regulation of type I interferon production,9,False,True
GO_BP,GO:0032526,response to retinoic acid,9,False,True
GO_BP,GO:0032675,regulation of interleukin-6 production,9,False,True
GO_BP,GO:0032956,regulation of actin cytoskeleton organization,9,False,True
GO_BP,GO:0034329,cell junction assembly,9,False,True
GO_BP,GO:0034976,response to endoplasmic reticulum stress,9,False,True
GO_BP,GO:0035924,cellular response to vascular endothelial growth factor stimulus,9,False,True
GO_BP,GO:0042177,negative regulation of protein catabolic process,9,False,True
GO_BP,GO:0042310,vasoconstriction,9,False,True
GO_BP,GO:0043266,regulation of potassium ion transport,9,False,True
GO_BP,GO:0044092,negative regulation of molecular function,9,False,True
GO_BP,GO:0045637,regulation of myeloid cell differentiation,9,False,True
GO_BP,GO:0045744,negative regulation of G protein-coupled receptor signaling pathway,9,False,True
GO_BP,GO:0045761,regulation of adenylate cyclase activity,9,False,True
GO_BP,GO:0045814,"negative regulation of gene expression, epigenetic",9,False,True
GO_BP,GO:0045907,positive regulation of vasoconstriction,9,False,True
GO_BP,GO:0045933,positive regulation of muscle contraction,9,False,True
GO_BP,GO:0046683,response to organophosphorus,9,False,True
GO_BP,GO:0048010,vascular endothelial growth factor receptor signaling pathway,9,False,True
GO_BP,GO:0048771,tissue remodeling,9,False,True
GO_BP,GO:0048872,homeostasis of number of cells,9,False,True
GO_BP,GO:0050709,negative regulation of protein secretion,9,False,True
GO_BP,GO:0050905,neuromuscular process,9,False,True
GO_BP,GO:0051224,negative regulation of protein transport,9,False,True
GO_BP,GO:0051259,protein complex oligomerization,9,False,True
GO_BP,GO:0051260,protein homooligomerization,9,False,True
GO_BP,GO:0051495,positive regulation of cytoskeleton organization,9,False,True
GO_BP,GO:0051640,organelle localization,9,False,True
GO_BP,GO:0051962,positive regulation of nervous system development,9,False,True
GO_BP,GO:0055117,regulation of cardiac muscle contraction,9,False,True
GO_BP,GO:0060249,anatomical structure homeostasis,9,False,True
GO_BP,GO:0070507,regulation of microtubule cytoskeleton organization,9,False,True
GO_BP,GO:0070555,response to interleukin-1,9,False,True
GO_BP,GO:0071715,icosanoid transport,9,False,True
GO_BP,GO:0090316,positive regulation of intracellular protein transport,9,False,True
GO_BP,GO:0097193,intrinsic apoptotic signaling pathway,9,False,True
GO_BP,GO:0097435,supramolecular fiber organization,9,False,True
GO_BP,GO:0097529,myeloid leukocyte migration,9,False,True
GO_BP,GO:1901292,nucleoside phosphate catabolic process,9,False,True
GO_BP,GO:1902115,regulation of organelle assembly,9,False,True
GO_BP,GO:1902895,positive regulation of miRNA transcription,9,False,True
GO_BP,GO:1902905,positive regulation of supramolecular fiber organization,9,False,True
GO_BP,GO:1903035,negative regulation of response to wounding,9,False,True
GO_BP,GO:1903169,regulation of calcium ion transmembrane transport,9,False,True
GO_BP,GO:1904385,cellular response to angiotensin,9,False,True
GO_BP,GO:1904950,negative regulation of establishment of protein localization,9,False,True
GO_BP,GO:1905954,positive regulation of lipid localization,9,False,True
GO_BP,GO:1990748,cellular detoxification,9,False,True
GO_BP,GO:1990806,ligand-gated ion channel signaling pathway,9,False,True
GO_BP,GO:0001501,skeletal system development,8,False,True
GO_BP,GO:0001889,liver development,8,False,True
GO_BP,GO:0001963,"synaptic transmission, dopaminergic",8,False,True
GO_BP,GO:0002220,innate immune response activating cell surface receptor signaling pathway,8,False,True
GO_BP,GO:0002221,pattern recognition receptor signaling pathway,8,False,True
GO_BP,GO:0002263,cell activation involved in immune response,8,False,True
GO_BP,GO:0002431,Fc receptor mediated stimulatory signaling pathway,8,False,True
GO_BP,GO:0002695,negative regulation of leukocyte activation,8,False,True
GO_BP,GO:0002793,positive regulation of peptide secretion,8,False,True
GO_BP,GO:0002832,negative regulation of response to biotic stimulus,8,False,True
GO_BP,GO:0006091,generation of precursor metabolites and energy,8,False,True
GO_BP,GO:0006195,purine nucleotide catabolic process,8,False,True
GO_BP,GO:0006814,sodium ion transport,8,False,True
GO_BP,GO:0006886,intracellular protein transport,8,False,True
GO_BP,GO:0006914,autophagy,8,False,True
GO_BP,GO:0006941,striated muscle contraction,8,False,True
GO_BP,GO:0007197,adenylate cyclase-inhibiting G protein-coupled acetylcholine receptor signaling pathway,8,False,True
GO_BP,GO:0007213,G protein-coupled acetylcholine receptor signaling pathway,8,False,True
GO_BP,GO:0008286,insulin receptor signaling pathway,8,False,True
GO_BP,GO:0008406,gonad development,8,False,True
GO_BP,GO:0008544,epidermis development,8,False,True
GO_BP,GO:0009154,purine ribonucleotide catabolic process,8,False,True
GO_BP,GO:0009261,ribonucleotide catabolic process,8,False,True
GO_BP,GO:0010256,endomembrane system organization,8,False,True
GO_BP,GO:0014075,response to amine,8,False,True
GO_BP,GO:0016071,mRNA metabolic process,8,False,True
GO_BP,GO:0017015,regulation of transforming growth factor beta receptor signaling pathway,8,False,True
GO_BP,GO:0019233,sensory perception of pain,8,False,True
GO_BP,GO:0021537,telencephalon development,8,False,True
GO_BP,GO:0022604,regulation of cell morphogenesis,8,False,True
GO_BP,GO:0022617,extracellular matrix disassembly,8,False,True
GO_BP,GO:0030900,forebrain development,8,False,True
GO_BP,GO:0031281,positive regulation of cyclase activity,8,False,True
GO_BP,GO:0031294,lymphocyte costimulation,8,False,True
GO_BP,GO:0031295,T cell costimulation,8,False,True
GO_BP,GO:0031400,negative regulation of protein modification process,8,False,True
GO_BP,GO:0031507,heterochromatin formation,8,False,True
GO_BP,GO:0032206,positive regulation of telomere maintenance,8,False,True
GO_BP,GO:0032436,positive regulation of proteasomal ubiquitin-dependent protein catabolic process,8,False,True
GO_BP,GO:0032465,regulation of cytokinesis,8,False,True
GO_BP,GO:0032642,regulation of chemokine production,8,False,True
GO_BP,GO:0033273,response to vitamin,8,False,True
GO_BP,GO:0034284,response to monosaccharide,8,False,True
GO_BP,GO:0035235,ionotropic glutamate receptor signaling pathway,8,False,True
GO_BP,GO:0035966,response to topologically incorrect protein,8,False,True
GO_BP,GO:0038094,Fc-gamma receptor signaling pathway,8,False,True
GO_BP,GO:0038096,Fc-gamma receptor signaling pathway involved in phagocytosis,8,False,True
GO_BP,GO:0042417,dopamine metabolic process,8,False,True
GO_BP,GO:0043271,negative regulation of monoatomic ion transport,8,False,True
GO_BP,GO:0043502,regulation of muscle adaptation,8,False,True
GO_BP,GO:0043535,regulation of blood vessel endothelial cell migration,8,False,True
GO_BP,GO:0044403,biological process involved in symbiotic interaction,8,False,True
GO_BP,GO:0044770,cell cycle phase transition,8,False,True
GO_BP,GO:0045137,development of primary sexual characteristics,8,False,True
GO_BP,GO:0045739,positive regulation of DNA repair,8,False,True
GO_BP,GO:0045833,negative regulation of lipid metabolic process,8,False,True
GO_BP,GO:0045981,positive regulation of nucleotide metabolic process,8,False,True
GO_BP,GO:0046457,prostanoid biosynthetic process,8,False,True
GO_BP,GO:0046822,regulation of nucleocytoplasmic transport,8,False,True
GO_BP,GO:0046824,positive regulation of nucleocytoplasmic transport,8,False,True
GO_BP,GO:0048598,embryonic morphogenesis,8,False,True
GO_BP,GO:0048667,cell morphogenesis involved in neuron differentiation,8,False,True
GO_BP,GO:0050769,positive regulation of neurogenesis,8,False,True
GO_BP,GO:0050821,protein stabilization,8,False,True
GO_BP,GO:0050906,detection of stimulus involved in sensory perception,8,False,True
GO_BP,GO:0050994,regulation of lipid catabolic process,8,False,True
GO_BP,GO:0051656,establishment of organelle localization,8,False,True
GO_BP,GO:0051783,regulation of nuclear division,8,False,True
GO_BP,GO:0051893,regulation of focal adhesion assembly,8,False,True
GO_BP,GO:0051899,membrane depolarization,8,False,True
GO_BP,GO:0051963,regulation of synapse assembly,8,False,True
GO_BP,GO:0061008,hepaticobiliary system development,8,False,True
GO_BP,GO:0061919,process utilizing autophagic mechanism,8,False,True
GO_BP,GO:0070301,cellular response to hydrogen peroxide,8,False,True
GO_BP,GO:0070542,response to fatty acid,8,False,True
GO_BP,GO:0070828,heterochromatin organization,8,False,True
GO_BP,GO:0070849,response to epidermal growth factor,8,False,True
GO_BP,GO:0071229,cellular response to acid chemical,8,False,True
GO_BP,GO:0071559,response to transforming growth factor beta,8,False,True
GO_BP,GO:0071560,cellular response to transforming growth factor beta stimulus,8,False,True
GO_BP,GO:0072523,purine-containing compound catabolic process,8,False,True
GO_BP,GO:0072524,pyridine-containing compound metabolic process,8,False,True
GO_BP,GO:0090109,regulation of cell-substrate junction assembly,8,False,True
GO_BP,GO:0090263,positive regulation of canonical Wnt signaling pathway,8,False,True
GO_BP,GO:0097306,cellular response to alcohol,8,False,True
GO_BP,GO:0110053,regulation of actin filament organization,8,False,True
GO_BP,GO:0150116,regulation of cell-substrate junction organization,8,False,True
GO_BP,GO:1900016,negative regulation of cytokine production involved in inflammatory response,8,False,True
GO_BP,GO:1900544,positive regulation of purine nucleotide metabolic process,8,False,True
GO_BP,GO:1901655,cellular response to ketone,8,False,True
GO_BP,GO:1901800,positive regulation of proteasomal protein catabolic process,8,False,True
GO_BP,GO:1901989,positive regulation of cell cycle phase transition,8,False,True
GO_BP,GO:1901992,positive regulation of mitotic cell cycle phase transition,8,False,True
GO_BP,GO:1902105,regulation of leukocyte differentiation,8,False,True
GO_BP,GO:1902894,negative regulation of miRNA transcription,8,False,True
GO_BP,GO:1903076,regulation of protein localization to plasma membrane,8,False,True
GO_BP,GO:1903580,positive regulation of ATP metabolic process,8,False,True
GO_BP,GO:1903844,regulation of cellular response to transforming growth factor beta stimulus,8,False,True
GO_BP,GO:1904707,positive regulation of vascular associated smooth muscle cell proliferation,8,False,True
GO_BP,GO:1904892,regulation of receptor signaling pathway via STAT,8,False,True
GO_BP,GO:1905897,regulation of response to endoplasmic reticulum stress,8,False,True
GO_BP,GO:2000106,regulation of leukocyte apoptotic process,8,False,True
GO_BP,GO:2000629,negative regulation of miRNA metabolic process,8,False,True
GO_BP,GO:2001252,positive regulation of chromosome organization,8,False,True
GO_BP,GO:0000723,telomere maintenance,7,False,True
GO_BP,GO:0001667,ameboidal-type cell migration,7,False,True
GO_BP,GO:0001678,intracellular glucose homeostasis,7,False,True
GO_BP,GO:0001954,positive regulation of cell-matrix adhesion,7,False,True
GO_BP,GO:0002366,leukocyte activation involved in immune response,7,False,True
GO_BP,GO:0002687,positive regulation of leukocyte migration,7,False,True
GO_BP,GO:0002688,regulation of leukocyte chemotaxis,7,False,True
GO_BP,GO:0002699,positive regulation of immune effector process,7,False,True
GO_BP,GO:0002703,regulation of leukocyte mediated immunity,7,False,True
GO_BP,GO:0003015,heart process,7,False,True
GO_BP,GO:0006417,regulation of translation,7,False,True
GO_BP,GO:0006470,protein dephosphorylation,7,False,True
GO_BP,GO:0006865,amino acid transport,7,False,True
GO_BP,GO:0006986,response to unfolded protein,7,False,True
GO_BP,GO:0007088,regulation of mitotic nuclear division,7,False,True
GO_BP,GO:0007178,cell surface receptor protein serine/threonine kinase signaling pathway,7,False,True
GO_BP,GO:0007216,G protein-coupled glutamate receptor signaling pathway,7,False,True
GO_BP,GO:0007409,axonogenesis,7,False,True
GO_BP,GO:0007631,feeding behavior,7,False,True
GO_BP,GO:0008654,phospholipid biosynthetic process,7,False,True
GO_BP,GO:0009141,nucleoside triphosphate metabolic process,7,False,True
GO_BP,GO:0009144,purine nucleoside triphosphate metabolic process,7,False,True
GO_BP,GO:0009205,purine ribonucleoside triphosphate metabolic process,7,False,True
GO_BP,GO:0009404,toxin metabolic process,7,False,True
GO_BP,GO:0009581,detection of external stimulus,7,False,True
GO_BP,GO:0009582,detection of abiotic stimulus,7,False,True
GO_BP,GO:0009746,response to hexose,7,False,True
GO_BP,GO:0009820,alkaloid metabolic process,7,False,True
GO_BP,GO:0010543,regulation of platelet activation,7,False,True
GO_BP,GO:0010611,regulation of cardiac muscle hypertrophy,7,False,True
GO_BP,GO:0010632,regulation of epithelial cell migration,7,False,True
GO_BP,GO:0010634,positive regulation of epithelial cell migration,7,False,True
GO_BP,GO:0010662,regulation of striated muscle cell apoptotic process,7,False,True
GO_BP,GO:0010721,negative regulation of cell development,7,False,True
GO_BP,GO:0010803,regulation of tumor necrosis factor-mediated signaling pathway,7,False,True
GO_BP,GO:0014072,response to isoquinoline alkaloid,7,False,True
GO_BP,GO:0014743,regulation of muscle hypertrophy,7,False,True
GO_BP,GO:0015698,inorganic anion transport,7,False,True
GO_BP,GO:0015980,energy derivation by oxidation of organic compounds,7,False,True
GO_BP,GO:0016137,glycoside metabolic process,7,False,True
GO_BP,GO:0016525,negative regulation of angiogenesis,7,False,True
GO_BP,GO:0018105,peptidyl-serine phosphorylation,7,False,True
GO_BP,GO:0019953,sexual reproduction,7,False,True
GO_BP,GO:0021953,central nervous system neuron differentiation,7,False,True
GO_BP,GO:0030278,regulation of ossification,7,False,True
GO_BP,GO:0030593,neutrophil chemotaxis,7,False,True
GO_BP,GO:0032200,telomere organization,7,False,True
GO_BP,GO:0032371,regulation of sterol transport,7,False,True
GO_BP,GO:0032374,regulation of cholesterol transport,7,False,True
GO_BP,GO:0032481,positive regulation of type I interferon production,7,False,True
GO_BP,GO:0032652,regulation of interleukin-1 production,7,False,True
GO_BP,GO:0032677,regulation of interleukin-8 production,7,False,True
GO_BP,GO:0032757,positive regulation of interleukin-8 production,7,False,True
GO_BP,GO:0032760,positive regulation of tumor necrosis factor production,7,False,True
GO_BP,GO:0032940,secretion by cell,7,False,True
GO_BP,GO:0032944,regulation of mononuclear cell proliferation,7,False,True
GO_BP,GO:0033143,regulation of intracellular steroid hormone receptor signaling pathway,7,False,True
GO_BP,GO:0033555,multicellular organismal response to stress,7,False,True
GO_BP,GO:0034103,regulation of tissue remodeling,7,False,True
GO_BP,GO:0034110,regulation of homotypic cell-cell adhesion,7,False,True
GO_BP,GO:0034502,protein localization to chromosome,7,False,True
GO_BP,GO:0034605,cellular response to heat,7,False,True
GO_BP,GO:0034612,response to tumor necrosis factor,7,False,True
GO_BP,GO:0035249,"synaptic transmission, glutamatergic",7,False,True
GO_BP,GO:0035335,peptidyl-tyrosine dephosphorylation,7,False,True
GO_BP,GO:0035725,sodium ion transmembrane transport,7,False,True
GO_BP,GO:0042306,regulation of protein import into nucleus,7,False,True
GO_BP,GO:0042307,positive regulation of protein import into nucleus,7,False,True
GO_BP,GO:0042446,hormone biosynthetic process,7,False,True
GO_BP,GO:0042632,cholesterol homeostasis,7,False,True
GO_BP,GO:0043278,response to morphine,7,False,True
GO_BP,GO:0043525,positive regulation of neuron apoptotic process,7,False,True
GO_BP,GO:0043536,positive regulation of blood vessel endothelial cell migration,7,False,True
GO_BP,GO:0043588,skin development,7,False,True
GO_BP,GO:0043627,response to estrogen,7,False,True
GO_BP,GO:0044772,mitotic cell cycle phase transition,7,False,True
GO_BP,GO:0044839,cell cycle G2/M phase transition,7,False,True
GO_BP,GO:0045667,regulation of osteoblast differentiation,7,False,True
GO_BP,GO:0045745,positive regulation of G protein-coupled receptor signaling pathway,7,False,True
GO_BP,GO:0045762,positive regulation of adenylate cyclase activity,7,False,True
GO_BP,GO:0045776,negative regulation of blood pressure,7,False,True
GO_BP,GO:0045777,positive regulation of blood pressure,7,False,True
GO_BP,GO:0045786,negative regulation of cell cycle,7,False,True
GO_BP,GO:0045807,positive regulation of endocytosis,7,False,True
GO_BP,GO:0045824,negative regulation of innate immune response,7,False,True
GO_BP,GO:0045913,positive regulation of carbohydrate metabolic process,7,False,True
GO_BP,GO:0045926,negative regulation of growth,7,False,True
GO_BP,GO:0046034,ATP metabolic process,7,False,True
GO_BP,GO:0046209,nitric oxide metabolic process,7,False,True
GO_BP,GO:0046330,positive regulation of JNK cascade,7,False,True
GO_BP,GO:0046425,regulation of receptor signaling pathway via JAK-STAT,7,False,True
GO_BP,GO:0046626,regulation of insulin receptor signaling pathway,7,False,True
GO_BP,GO:0046888,negative regulation of hormone secretion,7,False,True
GO_BP,GO:0048013,ephrin receptor signaling pathway,7,False,True
GO_BP,GO:0048568,embryonic organ development,7,False,True
GO_BP,GO:0048729,tissue morphogenesis,7,False,True
GO_BP,GO:0050670,regulation of lymphocyte proliferation,7,False,True
GO_BP,GO:0050951,sensory perception of temperature stimulus,7,False,True
GO_BP,GO:0051053,negative regulation of DNA metabolic process,7,False,True
GO_BP,GO:0051056,regulation of small GTPase mediated signal transduction,7,False,True
GO_BP,GO:0051349,positive regulation of lyase activity,7,False,True
GO_BP,GO:0051588,regulation of neurotransmitter transport,7,False,True
GO_BP,GO:0051701,biological process involved in interaction with host,7,False,True
GO_BP,GO:0051781,positive regulation of cell division,7,False,True
GO_BP,GO:0055092,sterol homeostasis,7,False,True
GO_BP,GO:0062014,negative regulation of small molecule metabolic process,7,False,True
GO_BP,GO:0070665,positive regulation of leukocyte proliferation,7,False,True
GO_BP,GO:0071230,cellular response to amino acid stimulus,7,False,True
GO_BP,GO:0071364,cellular response to epidermal growth factor stimulus,7,False,True
GO_BP,GO:0071621,granulocyte chemotaxis,7,False,True
GO_BP,GO:0071675,regulation of mononuclear cell migration,7,False,True
GO_BP,GO:0071880,adenylate cyclase-activating adrenergic receptor signaling pathway,7,False,True
GO_BP,GO:0071897,DNA biosynthetic process,7,False,True
GO_BP,GO:0071900,regulation of protein serine/threonine kinase activity,7,False,True
GO_BP,GO:0072593,reactive oxygen species metabolic process,7,False,True
GO_BP,GO:0072594,establishment of protein localization to organelle,7,False,True
GO_BP,GO:0090277,positive regulation of peptide hormone secretion,7,False,True
GO_BP,GO:0090303,positive regulation of wound healing,7,False,True
GO_BP,GO:0090322,regulation of superoxide metabolic process,7,False,True
GO_BP,GO:0097191,extrinsic apoptotic signaling pathway,7,False,True
GO_BP,GO:0097530,granulocyte migration,7,False,True
GO_BP,GO:0097553,calcium ion transmembrane import into cytosol,7,False,True
GO_BP,GO:0098815,modulation of excitatory postsynaptic potential,7,False,True
GO_BP,GO:0099505,regulation of presynaptic membrane potential,7,False,True
GO_BP,GO:0140115,export across plasma membrane,7,False,True
GO_BP,GO:0141091,transforming growth factor beta receptor superfamily signaling pathway,7,False,True
GO_BP,GO:1900076,regulation of cellular response to insulin stimulus,7,False,True
GO_BP,GO:1901099,negative regulation of signal transduction in absence of ligand,7,False,True
GO_BP,GO:1901343,negative regulation of vasculature development,7,False,True
GO_BP,GO:1901875,positive regulation of post-translational protein modification,7,False,True
GO_BP,GO:1902175,regulation of oxidative stress-induced intrinsic apoptotic signaling pathway,7,False,True
GO_BP,GO:1902806,regulation of cell cycle G1/S phase transition,7,False,True
GO_BP,GO:1902850,microtubule cytoskeleton organization involved in mitosis,7,False,True
GO_BP,GO:1903036,positive regulation of response to wounding,7,False,True
GO_BP,GO:1903038,negative regulation of leukocyte cell-cell adhesion,7,False,True
GO_BP,GO:1903311,regulation of mRNA metabolic process,7,False,True
GO_BP,GO:1903322,positive regulation of protein modification by small protein conjugation or removal,7,False,True
GO_BP,GO:1903432,regulation of TORC1 signaling,7,False,True
GO_BP,GO:1903557,positive regulation of tumor necrosis factor superfamily cytokine production,7,False,True
GO_BP,GO:1903725,regulation of phospholipid metabolic process,7,False,True
GO_BP,GO:1990266,neutrophil migration,7,False,True
GO_BP,GO:2000045,regulation of G1/S transition of mitotic cell cycle,7,False,True
GO_BP,GO:2000181,negative regulation of blood vessel morphogenesis,7,False,True
GO_BP,GO:2000351,regulation of endothelial cell apoptotic process,7,False,True
GO_BP,GO:2000779,regulation of double-strand break repair,7,False,True
GO_BP,GO:2001057,reactive nitrogen species metabolic process,7,False,True
GO_BP,GO:2001239,regulation of extrinsic apoptotic signaling pathway in absence of ligand,7,False,True
GO_BP,GO:2001240,negative regulation of extrinsic apoptotic signaling pathway in absence of ligand,7,False,True
GO_BP,GO:0000086,G2/M transition of mitotic cell cycle,6,False,True
GO_BP,GO:0000209,protein polyubiquitination,6,False,True
GO_BP,GO:0000280,nuclear division,6,False,True
GO_BP,GO:0001508,action potential,6,False,True
GO_BP,GO:0001516,prostaglandin biosynthetic process,6,False,True
GO_BP,GO:0001649,osteoblast differentiation,6,False,True
GO_BP,GO:0001659,temperature homeostasis,6,False,True
GO_BP,GO:0001822,kidney development,6,False,True
GO_BP,GO:0001890,placenta development,6,False,True
GO_BP,GO:0001960,negative regulation of cytokine-mediated signaling pathway,6,False,True
GO_BP,GO:0001975,response to amphetamine,6,False,True
GO_BP,GO:0002009,morphogenesis of an epithelium,6,False,True
GO_BP,GO:0002443,leukocyte mediated immunity,6,False,True
GO_BP,GO:0003007,heart morphogenesis,6,False,True
GO_BP,GO:0003044,regulation of systemic arterial blood pressure mediated by a chemical signal,6,False,True
GO_BP,GO:0005996,monosaccharide metabolic process,6,False,True
GO_BP,GO:0006110,regulation of glycolytic process,6,False,True
GO_BP,GO:0006261,DNA-templated DNA replication,6,False,True
GO_BP,GO:0006650,glycerophospholipid metabolic process,6,False,True
GO_BP,GO:0006706,steroid catabolic process,6,False,True
GO_BP,GO:0006778,porphyrin-containing compound metabolic process,6,False,True
GO_BP,GO:0006790,sulfur compound metabolic process,6,False,True
GO_BP,GO:0006959,humoral immune response,6,False,True
GO_BP,GO:0007052,mitotic spindle organization,6,False,True
GO_BP,GO:0007179,transforming growth factor beta receptor signaling pathway,6,False,True
GO_BP,GO:0007196,adenylate cyclase-inhibiting G protein-coupled glutamate receptor signaling pathway,6,False,True
GO_BP,GO:0007198,adenylate cyclase-inhibiting serotonin receptor signaling pathway,6,False,True
GO_BP,GO:0007212,G protein-coupled dopamine receptor signaling pathway,6,False,True
GO_BP,GO:0007218,neuropeptide signaling pathway,6,False,True
GO_BP,GO:0007589,body fluid secretion,6,False,True
GO_BP,GO:0008064,regulation of actin polymerization or depolymerization,6,False,True
GO_BP,GO:0008361,regulation of cell size,6,False,True
GO_BP,GO:0009100,glycoprotein metabolic process,6,False,True
GO_BP,GO:0010212,response to ionizing radiation,6,False,True
GO_BP,GO:0010389,regulation of G2/M transition of mitotic cell cycle,6,False,True
GO_BP,GO:0010498,proteasomal protein catabolic process,6,False,True
GO_BP,GO:0010574,regulation of vascular endothelial growth factor production,6,False,True
GO_BP,GO:0010575,positive regulation of vascular endothelial growth factor production,6,False,True
GO_BP,GO:0010665,regulation of cardiac muscle cell apoptotic process,6,False,True
GO_BP,GO:0010743,regulation of macrophage derived foam cell differentiation,6,False,True
GO_BP,GO:0010948,negative regulation of cell cycle process,6,False,True
GO_BP,GO:0010977,negative regulation of neuron projection development,6,False,True
GO_BP,GO:0014059,regulation of dopamine secretion,6,False,True
GO_BP,GO:0014910,regulation of smooth muscle cell migration,6,False,True
GO_BP,GO:0015721,bile acid and bile salt transport,6,False,True
GO_BP,GO:0016052,carbohydrate catabolic process,6,False,True
GO_BP,GO:0016098,monoterpenoid metabolic process,6,False,True
GO_BP,GO:0019098,reproductive behavior,6,False,True
GO_BP,GO:0019318,hexose metabolic process,6,False,True
GO_BP,GO:0021700,developmental maturation,6,False,True
GO_BP,GO:0030217,T cell differentiation,6,False,True
GO_BP,GO:0030308,negative regulation of cell growth,6,False,True
GO_BP,GO:0030512,negative regulation of transforming growth factor beta receptor signaling pathway,6,False,True
GO_BP,GO:0030811,regulation of nucleotide catabolic process,6,False,True
GO_BP,GO:0030832,regulation of actin filament length,6,False,True
GO_BP,GO:0030879,mammary gland development,6,False,True
GO_BP,GO:0031100,animal organ regeneration,6,False,True
GO_BP,GO:0031110,regulation of microtubule polymerization or depolymerization,6,False,True
GO_BP,GO:0031623,receptor internalization,6,False,True
GO_BP,GO:0032024,positive regulation of insulin secretion,6,False,True
GO_BP,GO:0032273,positive regulation of protein polymerization,6,False,True
GO_BP,GO:0032373,positive regulation of sterol transport,6,False,True
GO_BP,GO:0032376,positive regulation of cholesterol transport,6,False,True
GO_BP,GO:0032651,regulation of interleukin-1 beta production,6,False,True
GO_BP,GO:0032755,positive regulation of interleukin-6 production,6,False,True
GO_BP,GO:0032928,regulation of superoxide anion generation,6,False,True
GO_BP,GO:0032930,positive regulation of superoxide anion generation,6,False,True
GO_BP,GO:0033013,tetrapyrrole metabolic process,6,False,True
GO_BP,GO:0033121,regulation of purine nucleotide catabolic process,6,False,True
GO_BP,GO:0033628,regulation of cell adhesion mediated by integrin,6,False,True
GO_BP,GO:0034405,response to fluid shear stress,6,False,True
GO_BP,GO:0034504,protein localization to nucleus,6,False,True
GO_BP,GO:0034767,positive regulation of monoatomic ion transmembrane transport,6,False,True
GO_BP,GO:0035270,endocrine system development,6,False,True
GO_BP,GO:0038084,vascular endothelial growth factor signaling pathway,6,False,True
GO_BP,GO:0042440,pigment metabolic process,6,False,True
GO_BP,GO:0042573,retinoic acid metabolic process,6,False,True
GO_BP,GO:0042749,regulation of circadian sleep/wake cycle,6,False,True
GO_BP,GO:0043086,negative regulation of catalytic activity,6,False,True
GO_BP,GO:0043244,regulation of protein-containing complex disassembly,6,False,True
GO_BP,GO:0043255,regulation of carbohydrate biosynthetic process,6,False,True
GO_BP,GO:0043405,regulation of MAP kinase activity,6,False,True
GO_BP,GO:0043470,regulation of carbohydrate catabolic process,6,False,True
GO_BP,GO:0043487,regulation of RNA stability,6,False,True
GO_BP,GO:0043488,regulation of mRNA stability,6,False,True
GO_BP,GO:0044409,symbiont entry into host,6,False,True
GO_BP,GO:0045187,"regulation of circadian sleep/wake cycle, sleep",6,False,True
GO_BP,GO:0045600,positive regulation of fat cell differentiation,6,False,True
GO_BP,GO:0045619,regulation of lymphocyte differentiation,6,False,True
GO_BP,GO:0045639,positive regulation of myeloid cell differentiation,6,False,True
GO_BP,GO:0045646,regulation of erythrocyte differentiation,6,False,True
GO_BP,GO:0045664,regulation of neuron differentiation,6,False,True
GO_BP,GO:0045823,positive regulation of heart contraction,6,False,True
GO_BP,GO:0045923,positive regulation of fatty acid metabolic process,6,False,True
GO_BP,GO:0045936,negative regulation of phosphate metabolic process,6,False,True
GO_BP,GO:0045987,positive regulation of smooth muscle contraction,6,False,True
GO_BP,GO:0046165,alcohol biosynthetic process,6,False,True
GO_BP,GO:0046395,carboxylic acid catabolic process,6,False,True
GO_BP,GO:0046427,positive regulation of receptor signaling pathway via JAK-STAT,6,False,True
GO_BP,GO:0046496,nicotinamide nucleotide metabolic process,6,False,True
GO_BP,GO:0046503,glycerolipid catabolic process,6,False,True
GO_BP,GO:0046661,male sex differentiation,6,False,True
GO_BP,GO:0046718,symbiont entry into host cell,6,False,True
GO_BP,GO:0048009,insulin-like growth factor receptor signaling pathway,6,False,True
GO_BP,GO:0048148,behavioral response to cocaine,6,False,True
GO_BP,GO:0048168,regulation of neuronal synaptic plasticity,6,False,True
GO_BP,GO:0048259,regulation of receptor-mediated endocytosis,6,False,True
GO_BP,GO:0048285,organelle fission,6,False,True
GO_BP,GO:0048639,positive regulation of developmental growth,6,False,True
GO_BP,GO:0048708,astrocyte differentiation,6,False,True
GO_BP,GO:0050764,regulation of phagocytosis,6,False,True
GO_BP,GO:0050852,T cell receptor signaling pathway,6,False,True
GO_BP,GO:0051057,positive regulation of small GTPase mediated signal transduction,6,False,True
GO_BP,GO:0051147,regulation of muscle cell differentiation,6,False,True
GO_BP,GO:0051225,spindle assembly,6,False,True
GO_BP,GO:0051279,regulation of release of sequestered calcium ion into cytosol,6,False,True
GO_BP,GO:0051591,response to cAMP,6,False,True
GO_BP,GO:0051668,localization within membrane,6,False,True
GO_BP,GO:0051785,positive regulation of nuclear division,6,False,True
GO_BP,GO:0051898,negative regulation of phosphatidylinositol 3-kinase/protein kinase B signal transduction,6,False,True
GO_BP,GO:0051928,positive regulation of calcium ion transport,6,False,True
GO_BP,GO:0051983,regulation of chromosome segregation,6,False,True
GO_BP,GO:0055094,response to lipoprotein particle,6,False,True
GO_BP,GO:0060491,regulation of cell projection assembly,6,False,True
GO_BP,GO:0060761,negative regulation of response to cytokine stimulus,6,False,True
GO_BP,GO:0061013,regulation of mRNA catabolic process,6,False,True
GO_BP,GO:0061045,negative regulation of wound healing,6,False,True
GO_BP,GO:0070098,chemokine-mediated signaling pathway,6,False,True
GO_BP,GO:0070141,response to UV-A,6,False,True
GO_BP,GO:0070293,renal absorption,6,False,True
GO_BP,GO:0070988,demethylation,6,False,True
GO_BP,GO:0070989,oxidative demethylation,6,False,True
GO_BP,GO:0071356,cellular response to tumor necrosis factor,6,False,True
GO_BP,GO:0071384,cellular response to corticosteroid stimulus,6,False,True
GO_BP,GO:0071402,cellular response to lipoprotein particle stimulus,6,False,True
GO_BP,GO:0071404,cellular response to low-density lipoprotein particle stimulus,6,False,True
GO_BP,GO:0071498,cellular response to fluid shear stress,6,False,True
GO_BP,GO:0071674,mononuclear cell migration,6,False,True
GO_BP,GO:0071695,anatomical structure maturation,6,False,True
GO_BP,GO:0071902,positive regulation of protein serine/threonine kinase activity,6,False,True
GO_BP,GO:0072001,renal system development,6,False,True
GO_BP,GO:0090100,positive regulation of transmembrane receptor protein serine/threonine kinase signaling pathway,6,False,True
GO_BP,GO:0090101,negative regulation of transmembrane receptor protein serine/threonine kinase signaling pathway,6,False,True
GO_BP,GO:0090330,regulation of platelet aggregation,6,False,True
GO_BP,GO:0097267,omega-hydroxylase P450 pathway,6,False,True
GO_BP,GO:0098586,cellular response to virus,6,False,True
GO_BP,GO:0098659,inorganic cation import across plasma membrane,6,False,True
GO_BP,GO:0098869,cellular oxidant detoxification,6,False,True
GO_BP,GO:0099587,inorganic ion import across plasma membrane,6,False,True
GO_BP,GO:0106027,neuron projection organization,6,False,True
GO_BP,GO:0120032,regulation of plasma membrane bounded cell projection assembly,6,False,True
GO_BP,GO:0140374,antiviral innate immune response,6,False,True
GO_BP,GO:1900037,regulation of cellular response to hypoxia,6,False,True
GO_BP,GO:1900087,positive regulation of G1/S transition of mitotic cell cycle,6,False,True
GO_BP,GO:1900271,regulation of long-term synaptic potentiation,6,False,True
GO_BP,GO:1901264,carbohydrate derivative transport,6,False,True
GO_BP,GO:1902107,positive regulation of leukocyte differentiation,6,False,True
GO_BP,GO:1902644,tertiary alcohol metabolic process,6,False,True
GO_BP,GO:1902749,regulation of cell cycle G2/M phase transition,6,False,True
GO_BP,GO:1902808,positive regulation of cell cycle G1/S phase transition,6,False,True
GO_BP,GO:1903426,regulation of reactive oxygen species biosynthetic process,6,False,True
GO_BP,GO:1903524,positive regulation of blood circulation,6,False,True
GO_BP,GO:1903573,negative regulation of response to endoplasmic reticulum stress,6,False,True
GO_BP,GO:1903708,positive regulation of hemopoiesis,6,False,True
GO_BP,GO:1903727,positive regulation of phospholipid metabolic process,6,False,True
GO_BP,GO:1904064,positive regulation of cation transmembrane transport,6,False,True
GO_BP,GO:1904263,positive regulation of TORC1 signaling,6,False,True
GO_BP,GO:1904894,positive regulation of receptor signaling pathway via STAT,6,False,True
GO_BP,GO:1905477,positive regulation of protein localization to membrane,6,False,True
GO_BP,GO:1990089,response to nerve growth factor,6,False,True
GO_BP,GO:1990090,cellular response to nerve growth factor stimulus,6,False,True
GO_BP,GO:1990708,conditioned place preference,6,False,True
GO_BP,GO:1990868,response to chemokine,6,False,True
GO_BP,GO:1990869,cellular response to chemokine,6,False,True
GO_BP,GO:2000209,regulation of anoikis,6,False,True
GO_BP,GO:2000278,regulation of DNA biosynthetic process,6,False,True
GO_BP,GO:2000573,positive regulation of DNA biosynthetic process,6,False,True
GO_BP,GO:2000811,negative regulation of anoikis,6,False,True
GO_BP,GO:2001251,negative regulation of chromosome organization,6,False,True
GO_BP,GO:0001906,cell killing,5,False,True
GO_BP,GO:0001964,startle response,5,False,True
GO_BP,GO:0002040,sprouting angiogenesis,5,False,True
GO_BP,GO:0002064,epithelial cell development,5,False,True
GO_BP,GO:0002090,regulation of receptor internalization,5,False,True
GO_BP,GO:0002223,stimulatory C-type lectin receptor signaling pathway,5,False,True
GO_BP,GO:0002224,toll-like receptor signaling pathway,5,False,True
GO_BP,GO:0002250,adaptive immune response,5,False,True
GO_BP,GO:0002262,myeloid cell homeostasis,5,False,True
GO_BP,GO:0002444,myeloid leukocyte mediated immunity,5,False,True
GO_BP,GO:0002673,regulation of acute inflammatory response,5,False,True
GO_BP,GO:0002690,positive regulation of leukocyte chemotaxis,5,False,True
GO_BP,GO:0002752,cell surface pattern recognition receptor signaling pathway,5,False,True
GO_BP,GO:0002792,negative regulation of peptide secretion,5,False,True
GO_BP,GO:0002861,regulation of inflammatory response to antigenic stimulus,5,False,True
GO_BP,GO:0002933,lipid hydroxylation,5,False,True
GO_BP,GO:0006081,aldehyde metabolic process,5,False,True
GO_BP,GO:0006352,DNA-templated transcription initiation,5,False,True
GO_BP,GO:0006367,transcription initiation at RNA polymerase II promoter,5,False,True
GO_BP,GO:0006396,RNA processing,5,False,True
GO_BP,GO:0006457,protein folding,5,False,True
GO_BP,GO:0006511,ubiquitin-dependent protein catabolic process,5,False,True
GO_BP,GO:0006575,modified amino acid metabolic process,5,False,True
GO_BP,GO:0006638,neutral lipid metabolic process,5,False,True
GO_BP,GO:0006639,acylglycerol metabolic process,5,False,True
GO_BP,GO:0006641,triglyceride metabolic process,5,False,True
GO_BP,GO:0006665,sphingolipid metabolic process,5,False,True
GO_BP,GO:0006787,porphyrin-containing compound catabolic process,5,False,True
GO_BP,GO:0006820,monoatomic anion transport,5,False,True
GO_BP,GO:0006821,chloride transport,5,False,True
GO_BP,GO:0006913,nucleocytoplasmic transport,5,False,True
GO_BP,GO:0006970,response to osmotic stress,5,False,True
GO_BP,GO:0006997,nucleus organization,5,False,True
GO_BP,GO:0006998,nuclear envelope organization,5,False,True
GO_BP,GO:0007018,microtubule-based movement,5,False,True
GO_BP,GO:0007254,JNK cascade,5,False,True
GO_BP,GO:0007271,"synaptic transmission, cholinergic",5,False,True
GO_BP,GO:0007276,gamete generation,5,False,True
GO_BP,GO:0007411,axon guidance,5,False,True
GO_BP,GO:0007416,synapse assembly,5,False,True
GO_BP,GO:0007617,mating behavior,5,False,True
GO_BP,GO:0007632,visual behavior,5,False,True
GO_BP,GO:0008360,regulation of cell shape,5,False,True
GO_BP,GO:0008542,visual learning,5,False,True
GO_BP,GO:0008584,male gonad development,5,False,True
GO_BP,GO:0008585,female gonad development,5,False,True
GO_BP,GO:0008589,regulation of smoothened signaling pathway,5,False,True
GO_BP,GO:0008593,regulation of Notch signaling pathway,5,False,True
GO_BP,GO:0009267,cellular response to starvation,5,False,True
GO_BP,GO:0009299,mRNA transcription,5,False,True
GO_BP,GO:0009311,oligosaccharide metabolic process,5,False,True
GO_BP,GO:0009749,response to glucose,5,False,True
GO_BP,GO:0009822,alkaloid catabolic process,5,False,True
GO_BP,GO:0010039,response to iron ion,5,False,True
GO_BP,GO:0010332,response to gamma radiation,5,False,True
GO_BP,GO:0010664,negative regulation of striated muscle cell apoptotic process,5,False,True
GO_BP,GO:0010812,negative regulation of cell-substrate adhesion,5,False,True
GO_BP,GO:0010883,regulation of lipid storage,5,False,True
GO_BP,GO:0010906,regulation of glucose metabolic process,5,False,True
GO_BP,GO:0010970,transport along microtubule,5,False,True
GO_BP,GO:0010976,positive regulation of neuron projection development,5,False,True
GO_BP,GO:0014061,regulation of norepinephrine secretion,5,False,True
GO_BP,GO:0015931,nucleobase-containing compound transport,5,False,True
GO_BP,GO:0016236,macroautophagy,5,False,True
GO_BP,GO:0016239,positive regulation of macroautophagy,5,False,True
GO_BP,GO:0017157,regulation of exocytosis,5,False,True
GO_BP,GO:0019433,triglyceride catabolic process,5,False,True
GO_BP,GO:0019941,modification-dependent protein catabolic process,5,False,True
GO_BP,GO:0021543,pallium development,5,False,True
GO_BP,GO:0021954,central nervous system neuron development,5,False,True
GO_BP,GO:0030031,cell projection assembly,5,False,True
GO_BP,GO:0030048,actin filament-based movement,5,False,True
GO_BP,GO:0030193,regulation of blood coagulation,5,False,True
GO_BP,GO:0030225,macrophage differentiation,5,False,True
GO_BP,GO:0030500,regulation of bone mineralization,5,False,True
GO_BP,GO:0030638,polyketide metabolic process,5,False,True
GO_BP,GO:0030705,cytoskeleton-dependent intracellular transport,5,False,True
GO_BP,GO:0030808,regulation of nucleotide biosynthetic process,5,False,True
GO_BP,GO:0030833,regulation of actin filament polymerization,5,False,True
GO_BP,GO:0030901,midbrain development,5,False,True
GO_BP,GO:0031398,positive regulation of protein ubiquitination,5,False,True
GO_BP,GO:0031663,lipopolysaccharide-mediated signaling pathway,5,False,True
GO_BP,GO:0031664,regulation of lipopolysaccharide-mediated signaling pathway,5,False,True
GO_BP,GO:0032309,icosanoid secretion,5,False,True
GO_BP,GO:0032467,positive regulation of cytokinesis,5,False,True
GO_BP,GO:0032649,regulation of type II interferon production,5,False,True
GO_BP,GO:0032663,regulation of interleukin-2 production,5,False,True
GO_BP,GO:0032722,positive regulation of chemokine production,5,False,True
GO_BP,GO:0032731,positive regulation of interleukin-1 beta production,5,False,True
GO_BP,GO:0032732,positive regulation of interleukin-1 production,5,False,True
GO_BP,GO:0032946,positive regulation of mononuclear cell proliferation,5,False,True
GO_BP,GO:0033015,tetrapyrrole catabolic process,5,False,True
GO_BP,GO:0033146,regulation of intracellular estrogen receptor signaling pathway,5,False,True
GO_BP,GO:0034763,negative regulation of transmembrane transport,5,False,True
GO_BP,GO:0035590,purinergic nucleotide receptor signaling pathway,5,False,True
GO_BP,GO:0035967,cellular response to topologically incorrect protein,5,False,True
GO_BP,GO:0036119,response to platelet-derived growth factor,5,False,True
GO_BP,GO:0036120,cellular response to platelet-derived growth factor stimulus,5,False,True
GO_BP,GO:0038128,ERBB2 signaling pathway,5,False,True
GO_BP,GO:0039532,negative regulation of cytoplasmic pattern recognition receptor signaling pathway,5,False,True
GO_BP,GO:0042058,regulation of epidermal growth factor receptor signaling pathway,5,False,True
GO_BP,GO:0042113,B cell activation,5,False,True
GO_BP,GO:0042167,heme catabolic process,5,False,True
GO_BP,GO:0042168,heme metabolic process,5,False,True
GO_BP,GO:0042326,negative regulation of phosphorylation,5,False,True
GO_BP,GO:0042594,response to starvation,5,False,True
GO_BP,GO:0042789,mRNA transcription by RNA polymerase II,5,False,True
GO_BP,GO:0043114,regulation of vascular permeability,5,False,True
GO_BP,GO:0043124,negative regulation of canonical NF-kappaB signal transduction,5,False,True
GO_BP,GO:0043161,proteasome-mediated ubiquitin-dependent protein catabolic process,5,False,True
GO_BP,GO:0043268,positive regulation of potassium ion transport,5,False,True
GO_BP,GO:0043406,positive regulation of MAP kinase activity,5,False,True
GO_BP,GO:0043473,pigmentation,5,False,True
GO_BP,GO:0043484,regulation of RNA splicing,5,False,True
GO_BP,GO:0043542,endothelial cell migration,5,False,True
GO_BP,GO:0043632,modification-dependent macromolecule catabolic process,5,False,True
GO_BP,GO:0044597,daunorubicin metabolic process,5,False,True
GO_BP,GO:0044598,doxorubicin metabolic process,5,False,True
GO_BP,GO:0045165,cell fate commitment,5,False,True
GO_BP,GO:0045621,positive regulation of lymphocyte differentiation,5,False,True
GO_BP,GO:0045648,positive regulation of erythrocyte differentiation,5,False,True
GO_BP,GO:0045778,positive regulation of ossification,5,False,True
GO_BP,GO:0045840,positive regulation of mitotic nuclear division,5,False,True
GO_BP,GO:0045862,positive regulation of proteolysis,5,False,True
GO_BP,GO:0046149,pigment catabolic process,5,False,True
GO_BP,GO:0046320,regulation of fatty acid oxidation,5,False,True
GO_BP,GO:0046461,neutral lipid catabolic process,5,False,True
GO_BP,GO:0046464,acylglycerol catabolic process,5,False,True
GO_BP,GO:0046545,development of primary female sexual characteristics,5,False,True
GO_BP,GO:0046546,development of primary male sexual characteristics,5,False,True
GO_BP,GO:0046618,xenobiotic export from cell,5,False,True
GO_BP,GO:0046660,female sex differentiation,5,False,True
GO_BP,GO:0046676,negative regulation of insulin secretion,5,False,True
GO_BP,GO:0046902,regulation of mitochondrial membrane permeability,5,False,True
GO_BP,GO:0048169,regulation of long-term neuronal synaptic plasticity,5,False,True
GO_BP,GO:0048384,retinoic acid receptor signaling pathway,5,False,True
GO_BP,GO:0048469,cell maturation,5,False,True
GO_BP,GO:0048520,positive regulation of behavior,5,False,True
GO_BP,GO:0048678,response to axon injury,5,False,True
GO_BP,GO:0050671,positive regulation of lymphocyte proliferation,5,False,True
GO_BP,GO:0050730,regulation of peptidyl-tyrosine phosphorylation,5,False,True
GO_BP,GO:0050773,regulation of dendrite development,5,False,True
GO_BP,GO:0050792,regulation of viral process,5,False,True
GO_BP,GO:0050810,regulation of steroid biosynthetic process,5,False,True
GO_BP,GO:0050818,regulation of coagulation,5,False,True
GO_BP,GO:0050848,regulation of calcium-mediated signaling,5,False,True
GO_BP,GO:0050854,regulation of antigen receptor-mediated signaling pathway,5,False,True
GO_BP,GO:0050858,negative regulation of antigen receptor-mediated signaling pathway,5,False,True
GO_BP,GO:0050864,regulation of B cell activation,5,False,True
GO_BP,GO:0050868,negative regulation of T cell activation,5,False,True
GO_BP,GO:0050871,positive regulation of B cell activation,5,False,True
GO_BP,GO:0050892,intestinal absorption,5,False,True
GO_BP,GO:0050922,negative regulation of chemotaxis,5,False,True
GO_BP,GO:0050995,negative regulation of lipid catabolic process,5,False,True
GO_BP,GO:0051098,regulation of binding,5,False,True
GO_BP,GO:0051169,nuclear transport,5,False,True
GO_BP,GO:0051250,negative regulation of lymphocyte activation,5,False,True
GO_BP,GO:0051402,neuron apoptotic process,5,False,True
GO_BP,GO:0051481,negative regulation of cytosolic calcium ion concentration,5,False,True
GO_BP,GO:0051494,negative regulation of cytoskeleton organization,5,False,True
GO_BP,GO:0051580,regulation of neurotransmitter uptake,5,False,True
GO_BP,GO:0051930,regulation of sensory perception of pain,5,False,True
GO_BP,GO:0051931,regulation of sensory perception,5,False,True
GO_BP,GO:0051953,negative regulation of amine transport,5,False,True
GO_BP,GO:0051961,negative regulation of nervous system development,5,False,True
GO_BP,GO:0051967,"negative regulation of synaptic transmission, glutamatergic",5,False,True
GO_BP,GO:0060047,heart contraction,5,False,True
GO_BP,GO:0060048,cardiac muscle contraction,5,False,True
GO_BP,GO:0060338,regulation of type I interferon-mediated signaling pathway,5,False,True
GO_BP,GO:0060348,bone development,5,False,True
GO_BP,GO:0060416,response to growth hormone,5,False,True
GO_BP,GO:0060760,positive regulation of response to cytokine stimulus,5,False,True
GO_BP,GO:0061337,cardiac conduction,5,False,True
GO_BP,GO:0062208,positive regulation of pattern recognition receptor signaling pathway,5,False,True
GO_BP,GO:0070167,regulation of biomineral tissue development,5,False,True
GO_BP,GO:0070252,actin-mediated cell contraction,5,False,True
GO_BP,GO:0070373,negative regulation of ERK1 and ERK2 cascade,5,False,True
GO_BP,GO:0070633,transepithelial transport,5,False,True
GO_BP,GO:0070741,response to interleukin-6,5,False,True
GO_BP,GO:0071071,regulation of phospholipid biosynthetic process,5,False,True
GO_BP,GO:0071073,positive regulation of phospholipid biosynthetic process,5,False,True
GO_BP,GO:0071300,cellular response to retinoic acid,5,False,True
GO_BP,GO:0071312,cellular response to alkaloid,5,False,True
GO_BP,GO:0071322,cellular response to carbohydrate stimulus,5,False,True
GO_BP,GO:0071326,cellular response to monosaccharide stimulus,5,False,True
GO_BP,GO:0071331,cellular response to hexose stimulus,5,False,True
GO_BP,GO:0071347,cellular response to interleukin-1,5,False,True
GO_BP,GO:0071354,cellular response to interleukin-6,5,False,True
GO_BP,GO:0071385,cellular response to glucocorticoid stimulus,5,False,True
GO_BP,GO:0071398,cellular response to fatty acid,5,False,True
GO_BP,GO:0071677,positive regulation of mononuclear cell migration,5,False,True
GO_BP,GO:0071763,nuclear membrane organization,5,False,True
GO_BP,GO:0071825,protein-lipid complex organization,5,False,True
GO_BP,GO:0071827,plasma lipoprotein particle organization,5,False,True
GO_BP,GO:0072348,sulfur compound transport,5,False,True
GO_BP,GO:0072531,pyrimidine-containing compound transmembrane transport,5,False,True
GO_BP,GO:0086003,cardiac muscle cell contraction,5,False,True
GO_BP,GO:0086004,regulation of cardiac muscle cell contraction,5,False,True
GO_BP,GO:0086091,regulation of heart rate by cardiac conduction,5,False,True
GO_BP,GO:0090181,regulation of cholesterol metabolic process,5,False,True
GO_BP,GO:0090278,negative regulation of peptide hormone secretion,5,False,True
GO_BP,GO:0090398,cellular senescence,5,False,True
GO_BP,GO:0090559,regulation of membrane permeability,5,False,True
GO_BP,GO:0090596,sensory organ morphogenesis,5,False,True
GO_BP,GO:0097006,regulation of plasma lipoprotein particle levels,5,False,True
GO_BP,GO:0097009,energy homeostasis,5,False,True
GO_BP,GO:0097485,neuron projection guidance,5,False,True
GO_BP,GO:0098656,monoatomic anion transmembrane transport,5,False,True
GO_BP,GO:0098773,skin epidermis development,5,False,True
GO_BP,GO:0099111,microtubule-based transport,5,False,True
GO_BP,GO:0099170,postsynaptic modulation of chemical synaptic transmission,5,False,True
GO_BP,GO:0110075,regulation of ferroptosis,5,False,True
GO_BP,GO:0120031,plasma membrane bounded cell projection assembly,5,False,True
GO_BP,GO:0120178,steroid hormone biosynthetic process,5,False,True
GO_BP,GO:0140448,signaling receptor ligand precursor processing,5,False,True
GO_BP,GO:0141060,disruption of anatomical structure in another organism,5,False,True
GO_BP,GO:0141137,"positive regulation of gene expression, epigenetic",5,False,True
GO_BP,GO:0141161,regulation of cAMP/PKA signal transduction,5,False,True
GO_BP,GO:0150076,neuroinflammatory response,5,False,True
GO_BP,GO:0150117,positive regulation of cell-substrate junction organization,5,False,True
GO_BP,GO:1900034,regulation of cellular response to heat,5,False,True
GO_BP,GO:1900046,regulation of hemostasis,5,False,True
GO_BP,GO:1900371,regulation of purine nucleotide biosynthetic process,5,False,True
GO_BP,GO:1901184,regulation of ERBB signaling pathway,5,False,True
GO_BP,GO:1901222,regulation of non-canonical NF-kappaB signal transduction,5,False,True
GO_BP,GO:1901874,negative regulation of post-translational protein modification,5,False,True
GO_BP,GO:1901890,positive regulation of cell junction assembly,5,False,True
GO_BP,GO:1902476,chloride transmembrane transport,5,False,True
GO_BP,GO:1902904,negative regulation of supramolecular fiber organization,5,False,True
GO_BP,GO:1903115,regulation of actin filament-based movement,5,False,True
GO_BP,GO:1903321,negative regulation of protein modification by small protein conjugation or removal,5,False,True
GO_BP,GO:1903376,regulation of oxidative stress-induced neuron intrinsic apoptotic signaling pathway,5,False,True
GO_BP,GO:1903427,negative regulation of reactive oxygen species biosynthetic process,5,False,True
GO_BP,GO:1903900,regulation of viral life cycle,5,False,True
GO_BP,GO:1904356,regulation of telomere maintenance via telomere lengthening,5,False,True
GO_BP,GO:1905039,carboxylic acid transmembrane transport,5,False,True
GO_BP,GO:1905521,regulation of macrophage migration,5,False,True
GO_BP,GO:1905953,negative regulation of lipid localization,5,False,True
GO_BP,GO:1990840,response to lectin,5,False,True
GO_BP,GO:1990858,cellular response to lectin,5,False,True
GO_BP,GO:2000107,negative regulation of leukocyte apoptotic process,5,False,True
GO_BP,GO:2000191,regulation of fatty acid transport,5,False,True
GO_BP,GO:2000463,positive regulation of excitatory postsynaptic potential,5,False,True
GO_BP,GO:2000772,regulation of cellular senescence,5,False,True
GO_BP,GO:2001169,regulation of ATP biosynthetic process,5,False,True
GO_BP,GO:0008150,biological_process,367,True,False
GO_BP,GO:0009987,cellular process,360,True,False
GO_BP,GO:0065007,biological regulation,315,True,False
GO_BP,GO:0050896,response to stimulus,303,True,False
GO_BP,GO:0050789,regulation of biological process,298,True,False
GO_BP,GO:0050794,regulation of cellular process,288,True,False
GO_BP,GO:0051716,cellular response to stimulus,266,True,False
GO_BP,GO:0008152,metabolic process,242,True,False
GO_BP,GO:0042221,response to chemical,232,True,False
GO_BP,GO:0048518,positive regulation of biological process,228,True,False
GO_BP,GO:0048522,positive regulation of cellular process,214,True,False
GO_BP,GO:0032501,multicellular organismal process,213,True,False
GO_BP,GO:0044238,primary metabolic process,209,True,False
GO_BP,GO:0007154,cell communication,204,True,False
GO_BP,GO:0023052,signaling,203,True,False
GO_BP,GO:0007165,signal transduction,195,True,False
GO_BP,GO:0000018,regulation of DNA recombination,4,False,False
GO_BP,GO:0001504,neurotransmitter uptake,4,False,False
GO_BP,GO:0001541,ovarian follicle development,4,False,False
GO_BP,GO:0001763,morphogenesis of a branching structure,4,False,False
GO_BP,GO:0001776,leukocyte homeostasis,4,False,False
GO_BP,GO:0001836,release of cytochrome c from mitochondria,4,False,False
GO_BP,GO:0001909,leukocyte mediated cytotoxicity,4,False,False
GO_BP,GO:0001961,positive regulation of cytokine-mediated signaling pathway,4,False,False
GO_BP,GO:0001973,G protein-coupled adenosine receptor signaling pathway,4,False,False
GO_BP,GO:0002029,desensitization of G protein-coupled receptor signaling pathway,4,False,False
GO_BP,GO:0002092,positive regulation of receptor internalization,4,False,False
GO_BP,GO:0002209,behavioral defense response,4,False,False
GO_BP,GO:0002285,lymphocyte activation involved in immune response,4,False,False
GO_BP,GO:0002686,negative regulation of leukocyte migration,4,False,False
GO_BP,GO:0002700,regulation of production of molecular mediator of immune response,4,False,False
GO_BP,GO:0002702,positive regulation of production of molecular mediator of immune response,4,False,False
GO_BP,GO:0002718,regulation of cytokine production involved in immune response,4,False,False
GO_BP,GO:0002720,positive regulation of cytokine production involved in immune response,4,False,False
GO_BP,GO:0002753,cytoplasmic pattern recognition receptor signaling pathway,4,False,False
GO_BP,GO:0002819,regulation of adaptive immune response,4,False,False
GO_BP,GO:0002862,negative regulation of inflammatory response to antigenic stimulus,4,False,False
GO_BP,GO:0003084,positive regulation of systemic arterial blood pressure,4,False,False
GO_BP,GO:0003158,endothelium development,4,False,False
GO_BP,GO:0003254,regulation of membrane depolarization,4,False,False
GO_BP,GO:0005976,polysaccharide metabolic process,4,False,False
GO_BP,GO:0006275,regulation of DNA replication,4,False,False
GO_BP,GO:0006303,double-strand break repair via nonhomologous end joining,4,False,False
GO_BP,GO:0006310,DNA recombination,4,False,False
GO_BP,GO:0006476,protein deacetylation,4,False,False
GO_BP,GO:0006520,amino acid metabolic process,4,False,False
GO_BP,GO:0006606,protein import into nucleus,4,False,False
GO_BP,GO:0006691,leukotriene metabolic process,4,False,False
GO_BP,GO:0006695,cholesterol biosynthetic process,4,False,False
GO_BP,GO:0006801,superoxide metabolic process,4,False,False
GO_BP,GO:0006809,nitric oxide biosynthetic process,4,False,False
GO_BP,GO:0006855,xenobiotic transmembrane transport,4,False,False
GO_BP,GO:0007034,vacuolar transport,4,False,False
GO_BP,GO:0007041,lysosomal transport,4,False,False
GO_BP,GO:0007098,centrosome cycle,4,False,False
GO_BP,GO:0007190,activation of adenylate cyclase activity,4,False,False
GO_BP,GO:0007208,phospholipase C-activating serotonin receptor signaling pathway,4,False,False
GO_BP,GO:0007229,integrin-mediated signaling pathway,4,False,False
GO_BP,GO:0007249,canonical NF-kappaB signal transduction,4,False,False
GO_BP,GO:0007264,small GTPase-mediated signal transduction,4,False,False
GO_BP,GO:0007272,ensheathment of neurons,4,False,False
GO_BP,GO:0007422,peripheral nervous system development,4,False,False
GO_BP,GO:0007566,embryo implantation,4,False,False
GO_BP,GO:0007588,excretion,4,False,False
GO_BP,GO:0008088,axo-dendritic transport,4,False,False
GO_BP,GO:0008207,C21-steroid hormone metabolic process,4,False,False
GO_BP,GO:0008209,androgen metabolic process,4,False,False
GO_BP,GO:0008299,isoprenoid biosynthetic process,4,False,False
GO_BP,GO:0008344,adult locomotory behavior,4,False,False
GO_BP,GO:0008366,axon ensheathment,4,False,False
GO_BP,GO:0008630,intrinsic apoptotic signaling pathway in response to DNA damage,4,False,False
GO_BP,GO:0008637,apoptotic mitochondrial changes,4,False,False
GO_BP,GO:0009060,aerobic respiration,4,False,False
GO_BP,GO:0009698,phenylpropanoid metabolic process,4,False,False
GO_BP,GO:0009792,embryo development ending in birth or egg hatching,4,False,False
GO_BP,GO:0009804,coumarin metabolic process,4,False,False
GO_BP,GO:0009913,epidermal cell differentiation,4,False,False
GO_BP,GO:0010460,positive regulation of heart rate,4,False,False
GO_BP,GO:0010569,regulation of double-strand break repair via homologous recombination,4,False,False
GO_BP,GO:0010613,positive regulation of cardiac muscle hypertrophy,4,False,False
GO_BP,GO:0010661,positive regulation of muscle cell apoptotic process,4,False,False
GO_BP,GO:0010667,negative regulation of cardiac muscle cell apoptotic process,4,False,False
GO_BP,GO:0010744,positive regulation of macrophage derived foam cell differentiation,4,False,False
GO_BP,GO:0010758,regulation of macrophage chemotaxis,4,False,False
GO_BP,GO:0010804,negative regulation of tumor necrosis factor-mediated signaling pathway,4,False,False
GO_BP,GO:0010827,regulation of D-glucose transmembrane transport,4,False,False
GO_BP,GO:0010828,positive regulation of D-glucose transmembrane transport,4,False,False
GO_BP,GO:0010874,regulation of cholesterol efflux,4,False,False
GO_BP,GO:0010875,positive regulation of cholesterol efflux,4,False,False
GO_BP,GO:0010888,negative regulation of lipid storage,4,False,False
GO_BP,GO:0014002,astrocyte development,4,False,False
GO_BP,GO:0014037,Schwann cell differentiation,4,False,False
GO_BP,GO:0014044,Schwann cell development,4,False,False
GO_BP,GO:0014742,positive regulation of muscle hypertrophy,4,False,False
GO_BP,GO:0014820,tonic smooth muscle contraction,4,False,False
GO_BP,GO:0015732,prostaglandin transport,4,False,False
GO_BP,GO:0016048,detection of temperature stimulus,4,False,False
GO_BP,GO:0016055,Wnt signaling pathway,4,False,False
GO_BP,GO:0016114,terpenoid biosynthetic process,4,False,False
GO_BP,GO:0016126,sterol biosynthetic process,4,False,False
GO_BP,GO:0016242,negative regulation of macroautophagy,4,False,False
GO_BP,GO:0016486,peptide hormone processing,4,False,False
GO_BP,GO:0017148,negative regulation of translation,4,False,False
GO_BP,GO:0019371,cyclooxygenase pathway,4,False,False
GO_BP,GO:0019372,lipoxygenase pathway,4,False,False
GO_BP,GO:0019730,antimicrobial humoral response,4,False,False
GO_BP,GO:0021761,limbic system development,4,False,False
GO_BP,GO:0022401,negative adaptation of signaling pathway,4,False,False
GO_BP,GO:0022898,regulation of transmembrane transporter activity,4,False,False
GO_BP,GO:0023058,adaptation of signaling pathway,4,False,False
GO_BP,GO:0023061,signal release,4,False,False
GO_BP,GO:0030183,B cell differentiation,4,False,False
GO_BP,GO:0030195,negative regulation of blood coagulation,4,False,False
GO_BP,GO:0030397,membrane disassembly,4,False,False
GO_BP,GO:0030501,positive regulation of bone mineralization,4,False,False
GO_BP,GO:0030510,regulation of BMP signaling pathway,4,False,False
GO_BP,GO:0030516,regulation of axon extension,4,False,False
GO_BP,GO:0030810,positive regulation of nucleotide biosynthetic process,4,False,False
GO_BP,GO:0030813,positive regulation of nucleotide catabolic process,4,False,False
GO_BP,GO:0030968,endoplasmic reticulum unfolded protein response,4,False,False
GO_BP,GO:0031023,microtubule organizing center organization,4,False,False
GO_BP,GO:0031098,stress-activated protein kinase signaling cascade,4,False,False
GO_BP,GO:0031113,regulation of microtubule polymerization,4,False,False
GO_BP,GO:0031214,biomineral tissue development,4,False,False
GO_BP,GO:0031297,replication fork processing,4,False,False
GO_BP,GO:0031397,negative regulation of protein ubiquitination,4,False,False
GO_BP,GO:0031638,zymogen activation,4,False,False
GO_BP,GO:0031640,killing of cells of another organism,4,False,False
GO_BP,GO:0032098,regulation of appetite,4,False,False
GO_BP,GO:0032107,regulation of response to nutrient levels,4,False,False
GO_BP,GO:0032205,negative regulation of telomere maintenance,4,False,False
GO_BP,GO:0032210,regulation of telomere maintenance via telomerase,4,False,False
GO_BP,GO:0032212,positive regulation of telomere maintenance via telomerase,4,False,False
GO_BP,GO:0032222,"regulation of synaptic transmission, cholinergic",4,False,False
GO_BP,GO:0032228,"regulation of synaptic transmission, GABAergic",4,False,False
GO_BP,GO:0032648,regulation of interferon-beta production,4,False,False
GO_BP,GO:0032720,negative regulation of tumor necrosis factor production,4,False,False
GO_BP,GO:0032743,positive regulation of interleukin-2 production,4,False,False
GO_BP,GO:0032881,regulation of polysaccharide metabolic process,4,False,False
GO_BP,GO:0032885,regulation of polysaccharide biosynthetic process,4,False,False
GO_BP,GO:0032892,positive regulation of organic acid transport,4,False,False
GO_BP,GO:0032941,secretion by tissue,4,False,False
GO_BP,GO:0033045,regulation of sister chromatid segregation,4,False,False
GO_BP,GO:0033123,positive regulation of purine nucleotide catabolic process,4,False,False
GO_BP,GO:0033145,positive regulation of intracellular steroid hormone receptor signaling pathway,4,False,False
GO_BP,GO:0033148,positive regulation of intracellular estrogen receptor signaling pathway,4,False,False
GO_BP,GO:0033194,response to hydroperoxide,4,False,False
GO_BP,GO:0033209,tumor necrosis factor-mediated signaling pathway,4,False,False
GO_BP,GO:0033280,response to vitamin D,4,False,False
GO_BP,GO:0033604,negative regulation of catecholamine secretion,4,False,False
GO_BP,GO:0034341,response to type II interferon,4,False,False
GO_BP,GO:0034391,regulation of smooth muscle cell apoptotic process,4,False,False
GO_BP,GO:0034440,lipid oxidation,4,False,False
GO_BP,GO:0034620,cellular response to unfolded protein,4,False,False
GO_BP,GO:0034766,negative regulation of monoatomic ion transmembrane transport,4,False,False
GO_BP,GO:0034776,response to histamine,4,False,False
GO_BP,GO:0035020,regulation of Rac protein signal transduction,4,False,False
GO_BP,GO:0035022,positive regulation of Rac protein signal transduction,4,False,False
GO_BP,GO:0035303,regulation of dephosphorylation,4,False,False
GO_BP,GO:0035588,G protein-coupled purinergic receptor signaling pathway,4,False,False
GO_BP,GO:0035601,protein deacylation,4,False,False
GO_BP,GO:0035710,"CD4-positive, alpha-beta T cell activation",4,False,False
GO_BP,GO:0036230,granulocyte activation,4,False,False
GO_BP,GO:0036296,response to increased oxygen levels,4,False,False
GO_BP,GO:0038003,G protein-coupled opioid receptor signaling pathway,4,False,False
GO_BP,GO:0038034,signal transduction in absence of ligand,4,False,False
GO_BP,GO:0038095,Fc-epsilon receptor signaling pathway,4,False,False
GO_BP,GO:0038166,angiotensin-activated signaling pathway,4,False,False
GO_BP,GO:0042116,macrophage activation,4,False,False
GO_BP,GO:0042119,neutrophil activation,4,False,False
GO_BP,GO:0042129,regulation of T cell proliferation,4,False,False
GO_BP,GO:0042304,regulation of fatty acid biosynthetic process,4,False,False
GO_BP,GO:0042430,indole-containing compound metabolic process,4,False,False
GO_BP,GO:0042509,regulation of tyrosine phosphorylation of STAT protein,4,False,False
GO_BP,GO:0042698,ovulation cycle,4,False,False
GO_BP,GO:0042755,eating behavior,4,False,False
GO_BP,GO:0042770,signal transduction in response to DNA damage,4,False,False
GO_BP,GO:0043243,positive regulation of protein-containing complex disassembly,4,False,False
GO_BP,GO:0043367,"CD4-positive, alpha-beta T cell differentiation",4,False,False
GO_BP,GO:0043385,mycotoxin metabolic process,4,False,False
GO_BP,GO:0043648,dicarboxylic acid metabolic process,4,False,False
GO_BP,GO:0043651,linoleic acid metabolic process,4,False,False
GO_BP,GO:0044042,glucan metabolic process,4,False,False
GO_BP,GO:0044782,cilium organization,4,False,False
GO_BP,GO:0045005,DNA-templated DNA replication maintenance of fidelity,4,False,False
GO_BP,GO:0045017,glycerolipid biosynthetic process,4,False,False
GO_BP,GO:0045069,regulation of viral genome replication,4,False,False
GO_BP,GO:0045117,azole transmembrane transport,4,False,False
GO_BP,GO:0045124,regulation of bone resorption,4,False,False
GO_BP,GO:0045216,cell-cell junction organization,4,False,False
GO_BP,GO:0045333,cellular respiration,4,False,False
GO_BP,GO:0045444,fat cell differentiation,4,False,False
GO_BP,GO:0045638,negative regulation of myeloid cell differentiation,4,False,False
GO_BP,GO:0045668,negative regulation of osteoblast differentiation,4,False,False
GO_BP,GO:0045815,transcription initiation-coupled chromatin remodeling,4,False,False
GO_BP,GO:0045821,positive regulation of glycolytic process,4,False,False
GO_BP,GO:0045861,negative regulation of proteolysis,4,False,False
GO_BP,GO:0045995,regulation of embryonic development,4,False,False
GO_BP,GO:0046222,aflatoxin metabolic process,4,False,False
GO_BP,GO:0046329,negative regulation of JNK cascade,4,False,False
GO_BP,GO:0046474,glycerophospholipid biosynthetic process,4,False,False
GO_BP,GO:0046628,positive regulation of insulin receptor signaling pathway,4,False,False
GO_BP,GO:0046631,alpha-beta T cell activation,4,False,False
GO_BP,GO:0046632,alpha-beta T cell differentiation,4,False,False
GO_BP,GO:0046677,response to antibiotic,4,False,False
GO_BP,GO:0046685,response to arsenic-containing substance,4,False,False
GO_BP,GO:0046850,regulation of bone remodeling,4,False,False
GO_BP,GO:0048145,regulation of fibroblast proliferation,4,False,False
GO_BP,GO:0048260,positive regulation of receptor-mediated endocytosis,4,False,False
GO_BP,GO:0048565,digestive tract development,4,False,False
GO_BP,GO:0048736,appendage development,4,False,False
GO_BP,GO:0048762,mesenchymal cell differentiation,4,False,False
GO_BP,GO:0048863,stem cell differentiation,4,False,False
GO_BP,GO:0050482,arachidonate secretion,4,False,False
GO_BP,GO:0050673,epithelial cell proliferation,4,False,False
GO_BP,GO:0050680,negative regulation of epithelial cell proliferation,4,False,False
GO_BP,GO:0050768,negative regulation of neurogenesis,4,False,False
GO_BP,GO:0050770,regulation of axonogenesis,4,False,False
GO_BP,GO:0050819,negative regulation of coagulation,4,False,False
GO_BP,GO:0050829,defense response to Gram-negative bacterium,4,False,False
GO_BP,GO:0050853,B cell receptor signaling pathway,4,False,False
GO_BP,GO:0050856,regulation of T cell receptor signaling pathway,4,False,False
GO_BP,GO:0050860,negative regulation of T cell receptor signaling pathway,4,False,False
GO_BP,GO:0050879,multicellular organismal movement,4,False,False
GO_BP,GO:0050881,musculoskeletal movement,4,False,False
GO_BP,GO:0050926,regulation of positive chemotaxis,4,False,False
GO_BP,GO:0050927,positive regulation of positive chemotaxis,4,False,False
GO_BP,GO:0050954,sensory perception of mechanical stimulus,4,False,False
GO_BP,GO:0050955,thermoception,4,False,False
GO_BP,GO:0050961,detection of temperature stimulus involved in sensory perception,4,False,False
GO_BP,GO:0050982,detection of mechanical stimulus,4,False,False
GO_BP,GO:0051081,nuclear membrane disassembly,4,False,False
GO_BP,GO:0051149,positive regulation of muscle cell differentiation,4,False,False
GO_BP,GO:0051153,regulation of striated muscle cell differentiation,4,False,False
GO_BP,GO:0051170,import into nucleus,4,False,False
GO_BP,GO:0051180,vitamin transport,4,False,False
GO_BP,GO:0051209,release of sequestered calcium ion into cytosol,4,False,False
GO_BP,GO:0051321,meiotic cell cycle,4,False,False
GO_BP,GO:0051403,stress-activated MAPK cascade,4,False,False
GO_BP,GO:0051480,regulation of cytosolic calcium ion concentration,4,False,False
GO_BP,GO:0051584,regulation of dopamine uptake involved in synaptic transmission,4,False,False
GO_BP,GO:0051894,positive regulation of focal adhesion assembly,4,False,False
GO_BP,GO:0051900,regulation of mitochondrial depolarization,4,False,False
GO_BP,GO:0051988,regulation of attachment of spindle microtubules to kinetochore,4,False,False
GO_BP,GO:0055093,response to hyperoxia,4,False,False
GO_BP,GO:0055123,digestive system development,4,False,False
GO_BP,GO:0060041,retina development in camera-type eye,4,False,False
GO_BP,GO:0060134,prepulse inhibition,4,False,False
GO_BP,GO:0060158,phospholipase C-activating dopamine receptor signaling pathway,4,False,False
GO_BP,GO:0060173,limb development,4,False,False
GO_BP,GO:0060390,regulation of SMAD protein signal transduction,4,False,False
GO_BP,GO:0060396,growth hormone receptor signaling pathway,4,False,False
GO_BP,GO:0060485,mesenchyme development,4,False,False
GO_BP,GO:0060537,muscle tissue development,4,False,False
GO_BP,GO:0060765,regulation of androgen receptor signaling pathway,4,False,False
GO_BP,GO:0061178,regulation of insulin secretion involved in cellular response to glucose stimulus,4,False,False
GO_BP,GO:0061387,regulation of extent of cell growth,4,False,False
GO_BP,GO:0061900,glial cell activation,4,False,False
GO_BP,GO:0070050,neuron cellular homeostasis,4,False,False
GO_BP,GO:0070169,positive regulation of biomineral tissue development,4,False,False
GO_BP,GO:0070228,regulation of lymphocyte apoptotic process,4,False,False
GO_BP,GO:0070661,leukocyte proliferation,4,False,False
GO_BP,GO:0071260,cellular response to mechanical stimulus,4,False,False
GO_BP,GO:0071333,cellular response to glucose stimulus,4,False,False
GO_BP,GO:0071346,cellular response to type II interferon,4,False,False
GO_BP,GO:0071378,cellular response to growth hormone stimulus,4,False,False
GO_BP,GO:0071392,cellular response to estradiol stimulus,4,False,False
GO_BP,GO:0071492,cellular response to UV-A,4,False,False
GO_BP,GO:0071496,cellular response to external stimulus,4,False,False
GO_BP,GO:0071526,semaphorin-plexin signaling pathway,4,False,False
GO_BP,GO:0071622,regulation of granulocyte chemotaxis,4,False,False
GO_BP,GO:0071881,adenylate cyclase-inhibiting adrenergic receptor signaling pathway,4,False,False
GO_BP,GO:0072006,nephron development,4,False,False
GO_BP,GO:0072384,organelle transport along microtubule,4,False,False
GO_BP,GO:0072530,purine-containing compound transmembrane transport,4,False,False
GO_BP,GO:0086001,cardiac muscle cell action potential,4,False,False
GO_BP,GO:0086002,cardiac muscle cell action potential involved in contraction,4,False,False
GO_BP,GO:0090140,regulation of mitochondrial fission,4,False,False
GO_BP,GO:0097061,dendritic spine organization,4,False,False
GO_BP,GO:0097192,extrinsic apoptotic signaling pathway in absence of ligand,4,False,False
GO_BP,GO:0097421,liver regeneration,4,False,False
GO_BP,GO:0097699,vascular endothelial cell response to fluid shear stress,4,False,False
GO_BP,GO:0098732,macromolecule deacylation,4,False,False
GO_BP,GO:0098810,neurotransmitter reuptake,4,False,False
GO_BP,GO:0098900,regulation of action potential,4,False,False
GO_BP,GO:0099173,postsynapse organization,4,False,False
GO_BP,GO:0120034,positive regulation of plasma membrane bounded cell projection assembly,4,False,False
GO_BP,GO:0140014,mitotic nuclear division,4,False,False
GO_BP,GO:0140719,constitutive heterochromatin formation,4,False,False
GO_BP,GO:0140895,cell surface toll-like receptor signaling pathway,4,False,False
GO_BP,GO:0141061,disruption of cell in another organism,4,False,False
GO_BP,GO:0150077,regulation of neuroinflammatory response,4,False,False
GO_BP,GO:0170039,proteinogenic amino acid metabolic process,4,False,False
GO_BP,GO:1900017,positive regulation of cytokine production involved in inflammatory response,4,False,False
GO_BP,GO:1900038,negative regulation of cellular response to hypoxia,4,False,False
GO_BP,GO:1900047,negative regulation of hemostasis,4,False,False
GO_BP,GO:1900078,positive regulation of cellular response to insulin stimulus,4,False,False
GO_BP,GO:1900273,positive regulation of long-term synaptic potentiation,4,False,False
GO_BP,GO:1900373,positive regulation of purine nucleotide biosynthetic process,4,False,False
GO_BP,GO:1901224,positive regulation of non-canonical NF-kappaB signal transduction,4,False,False
GO_BP,GO:1901568,fatty acid derivative metabolic process,4,False,False
GO_BP,GO:1901570,fatty acid derivative biosynthetic process,4,False,False
GO_BP,GO:1901658,glycosyl compound catabolic process,4,False,False
GO_BP,GO:1901797,negative regulation of signal transduction by p53 class mediator,4,False,False
GO_BP,GO:1902003,regulation of amyloid-beta formation,4,False,False
GO_BP,GO:1902176,negative regulation of oxidative stress-induced intrinsic apoptotic signaling pathway,4,False,False
GO_BP,GO:1902235,regulation of endoplasmic reticulum stress-induced intrinsic apoptotic signaling pathway,4,False,False
GO_BP,GO:1902563,regulation of neutrophil activation,4,False,False
GO_BP,GO:1902653,secondary alcohol biosynthetic process,4,False,False
GO_BP,GO:1902743,regulation of lamellipodium organization,4,False,False
GO_BP,GO:1902745,positive regulation of lamellipodium organization,4,False,False
GO_BP,GO:1902991,regulation of amyloid precursor protein catabolic process,4,False,False
GO_BP,GO:1903046,meiotic cell cycle process,4,False,False
GO_BP,GO:1903053,regulation of extracellular matrix organization,4,False,False
GO_BP,GO:1903078,positive regulation of protein localization to plasma membrane,4,False,False
GO_BP,GO:1903305,regulation of regulated secretory pathway,4,False,False
GO_BP,GO:1903556,negative regulation of tumor necrosis factor superfamily cytokine production,4,False,False
GO_BP,GO:1903670,regulation of sprouting angiogenesis,4,False,False
GO_BP,GO:1903963,arachidonate transport,4,False,False
GO_BP,GO:1904063,negative regulation of cation transmembrane transport,4,False,False
GO_BP,GO:1904358,positive regulation of telomere maintenance via telomere lengthening,4,False,False
GO_BP,GO:1904377,positive regulation of protein localization to cell periphery,4,False,False
GO_BP,GO:1990961,xenobiotic detoxification by transmembrane export across the plasma membrane,4,False,False
GO_BP,GO:2000177,regulation of neural precursor cell proliferation,4,False,False
GO_BP,GO:2000241,regulation of reproductive process,4,False,False
GO_BP,GO:2000243,positive regulation of reproductive process,4,False,False
GO_BP,GO:2000352,negative regulation of endothelial cell apoptotic process,4,False,False
GO_BP,GO:2000736,regulation of stem cell differentiation,4,False,False
GO_BP,GO:2000781,positive regulation of double-strand break repair,4,False,False
GO_BP,GO:2001171,positive regulation of ATP biosynthetic process,4,False,False
GO_BP,GO:2001235,positive regulation of apoptotic signaling pathway,4,False,False
GO_BP,GO:0000075,cell cycle checkpoint signaling,3,False,False
GO_BP,GO:0000272,polysaccharide catabolic process,3,False,False
GO_BP,GO:0000819,sister chromatid segregation,3,False,False
GO_BP,GO:0001662,behavioral fear response,3,False,False
GO_BP,GO:0001704,formation of primary germ layer,3,False,False
GO_BP,GO:0001706,endoderm formation,3,False,False
GO_BP,GO:0001764,neuron migration,3,False,False
GO_BP,GO:0001774,microglial cell activation,3,False,False
GO_BP,GO:0001837,epithelial to mesenchymal transition,3,False,False
GO_BP,GO:0001893,maternal placenta development,3,False,False
GO_BP,GO:0001933,negative regulation of protein phosphorylation,3,False,False
GO_BP,GO:0001935,endothelial cell proliferation,3,False,False
GO_BP,GO:0001942,hair follicle development,3,False,False
GO_BP,GO:0001953,negative regulation of cell-matrix adhesion,3,False,False
GO_BP,GO:0001990,regulation of systemic arterial blood pressure by hormone,3,False,False
GO_BP,GO:0001993,regulation of systemic arterial blood pressure by norepinephrine-epinephrine,3,False,False
GO_BP,GO:0002155,regulation of thyroid hormone receptor signaling pathway,3,False,False
GO_BP,GO:0002157,positive regulation of thyroid hormone receptor signaling pathway,3,False,False
GO_BP,GO:0002269,leukocyte activation involved in inflammatory response,3,False,False
GO_BP,GO:0002275,myeloid cell activation involved in immune response,3,False,False
GO_BP,GO:0002286,T cell activation involved in immune response,3,False,False
GO_BP,GO:0002287,alpha-beta T cell activation involved in immune response,3,False,False
GO_BP,GO:0002292,T cell differentiation involved in immune response,3,False,False
GO_BP,GO:0002446,neutrophil mediated immunity,3,False,False
GO_BP,GO:0002705,positive regulation of leukocyte mediated immunity,3,False,False
GO_BP,GO:0002761,regulation of myeloid leukocyte differentiation,3,False,False
GO_BP,GO:0002822,regulation of adaptive immune response based on somatic recombination of immune receptors built from immunoglobulin superfamily domains,3,False,False
GO_BP,GO:0002886,regulation of myeloid leukocyte mediated immunity,3,False,False
GO_BP,GO:0002931,response to ischemia,3,False,False
GO_BP,GO:0003009,skeletal muscle contraction,3,False,False
GO_BP,GO:0003056,regulation of vascular associated smooth muscle contraction,3,False,False
GO_BP,GO:0003085,negative regulation of systemic arterial blood pressure,3,False,False
GO_BP,GO:0003333,amino acid transmembrane transport,3,False,False
GO_BP,GO:0003376,sphingosine-1-phosphate receptor signaling pathway,3,False,False
GO_BP,GO:0005977,glycogen metabolic process,3,False,False
GO_BP,GO:0005979,regulation of glycogen biosynthetic process,3,False,False
GO_BP,GO:0006006,glucose metabolic process,3,False,False
GO_BP,GO:0006112,energy reserve metabolic process,3,False,False
GO_BP,GO:0006278,RNA-templated DNA biosynthetic process,3,False,False
GO_BP,GO:0006284,base-excision repair,3,False,False
GO_BP,GO:0006301,DNA damage tolerance,3,False,False
GO_BP,GO:0006304,DNA modification,3,False,False
GO_BP,GO:0006346,DNA methylation-dependent constitutive heterochromatin formation,3,False,False
GO_BP,GO:0006356,regulation of transcription by RNA polymerase I,3,False,False
GO_BP,GO:0006703,estrogen biosynthetic process,3,False,False
GO_BP,GO:0006749,glutathione metabolic process,3,False,False
GO_BP,GO:0006813,potassium ion transport,3,False,False
GO_BP,GO:0006863,purine nucleobase transport,3,False,False
GO_BP,GO:0006887,exocytosis,3,False,False
GO_BP,GO:0006968,cellular defense response,3,False,False
GO_BP,GO:0007004,telomere maintenance via telomerase,3,False,False
GO_BP,GO:0007030,Golgi organization,3,False,False
GO_BP,GO:0007077,mitotic nuclear membrane disassembly,3,False,False
GO_BP,GO:0007093,mitotic cell cycle checkpoint signaling,3,False,False
GO_BP,GO:0007159,leukocyte cell-cell adhesion,3,False,False
GO_BP,GO:0007163,establishment or maintenance of cell polarity,3,False,False
GO_BP,GO:0007172,signal complex assembly,3,False,False
GO_BP,GO:0007191,adenylate cyclase-activating dopamine receptor signaling pathway,3,False,False
GO_BP,GO:0007192,adenylate cyclase-activating serotonin receptor signaling pathway,3,False,False
GO_BP,GO:0007195,adenylate cyclase-inhibiting dopamine receptor signaling pathway,3,False,False
GO_BP,GO:0007207,phospholipase C-activating G protein-coupled acetylcholine receptor signaling pathway,3,False,False
GO_BP,GO:0007266,Rho protein signal transduction,3,False,False
GO_BP,GO:0007274,neuromuscular synaptic transmission,3,False,False
GO_BP,GO:0007292,female gamete generation,3,False,False
GO_BP,GO:0007369,gastrulation,3,False,False
GO_BP,GO:0007492,endoderm development,3,False,False
GO_BP,GO:0007567,parturition,3,False,False
GO_BP,GO:0007595,lactation,3,False,False
GO_BP,GO:0007606,sensory perception of chemical stimulus,3,False,False
GO_BP,GO:0008206,bile acid metabolic process,3,False,False
GO_BP,GO:0008211,glucocorticoid metabolic process,3,False,False
GO_BP,GO:0008380,RNA splicing,3,False,False
GO_BP,GO:0008631,intrinsic apoptotic signaling pathway in response to oxidative stress,3,False,False
GO_BP,GO:0008643,carbohydrate transport,3,False,False
GO_BP,GO:0008645,hexose transmembrane transport,3,False,False
GO_BP,GO:0009063,amino acid catabolic process,3,False,False
GO_BP,GO:0009112,nucleobase metabolic process,3,False,False
GO_BP,GO:0009123,nucleoside monophosphate metabolic process,3,False,False
GO_BP,GO:0009125,nucleoside monophosphate catabolic process,3,False,False
GO_BP,GO:0009126,purine nucleoside monophosphate metabolic process,3,False,False
GO_BP,GO:0009128,purine nucleoside monophosphate catabolic process,3,False,False
GO_BP,GO:0009132,nucleoside diphosphate metabolic process,3,False,False
GO_BP,GO:0009134,nucleoside diphosphate catabolic process,3,False,False
GO_BP,GO:0009135,purine nucleoside diphosphate metabolic process,3,False,False
GO_BP,GO:0009137,purine nucleoside diphosphate catabolic process,3,False,False
GO_BP,GO:0009158,ribonucleoside monophosphate catabolic process,3,False,False
GO_BP,GO:0009167,purine ribonucleoside monophosphate metabolic process,3,False,False
GO_BP,GO:0009169,purine ribonucleoside monophosphate catabolic process,3,False,False
GO_BP,GO:0009179,purine ribonucleoside diphosphate metabolic process,3,False,False
GO_BP,GO:0009181,purine ribonucleoside diphosphate catabolic process,3,False,False
GO_BP,GO:0009185,ribonucleoside diphosphate metabolic process,3,False,False
GO_BP,GO:0009187,cyclic nucleotide metabolic process,3,False,False
GO_BP,GO:0009191,ribonucleoside diphosphate catabolic process,3,False,False
GO_BP,GO:0009214,cyclic nucleotide catabolic process,3,False,False
GO_BP,GO:0009251,glucan catabolic process,3,False,False
GO_BP,GO:0009310,amine catabolic process,3,False,False
GO_BP,GO:0009593,detection of chemical stimulus,3,False,False
GO_BP,GO:0009620,response to fungus,3,False,False
GO_BP,GO:0009753,response to jasmonic acid,3,False,False
GO_BP,GO:0010043,response to zinc ion,3,False,False
GO_BP,GO:0010288,response to lead ion,3,False,False
GO_BP,GO:0010310,regulation of hydrogen peroxide metabolic process,3,False,False
GO_BP,GO:0010453,regulation of cell fate commitment,3,False,False
GO_BP,GO:0010511,regulation of phosphatidylinositol biosynthetic process,3,False,False
GO_BP,GO:0010513,positive regulation of phosphatidylinositol biosynthetic process,3,False,False
GO_BP,GO:0010544,negative regulation of platelet activation,3,False,False
GO_BP,GO:0010614,negative regulation of cardiac muscle hypertrophy,3,False,False
GO_BP,GO:0010663,positive regulation of striated muscle cell apoptotic process,3,False,False
GO_BP,GO:0010666,positive regulation of cardiac muscle cell apoptotic process,3,False,False
GO_BP,GO:0010700,negative regulation of norepinephrine secretion,3,False,False
GO_BP,GO:0010717,regulation of epithelial to mesenchymal transition,3,False,False
GO_BP,GO:0010727,negative regulation of hydrogen peroxide metabolic process,3,False,False
GO_BP,GO:0010833,telomere maintenance via telomere lengthening,3,False,False
GO_BP,GO:0010885,regulation of cholesterol storage,3,False,False
GO_BP,GO:0010887,negative regulation of cholesterol storage,3,False,False
GO_BP,GO:0010907,positive regulation of glucose metabolic process,3,False,False
GO_BP,GO:0010962,regulation of glucan biosynthetic process,3,False,False
GO_BP,GO:0010972,negative regulation of G2/M transition of mitotic cell cycle,3,False,False
GO_BP,GO:0014004,microglia differentiation,3,False,False
GO_BP,GO:0014013,regulation of gliogenesis,3,False,False
GO_BP,GO:0014014,negative regulation of gliogenesis,3,False,False
GO_BP,GO:0014048,regulation of glutamate secretion,3,False,False
GO_BP,GO:0014060,regulation of epinephrine secretion,3,False,False
GO_BP,GO:0014062,regulation of serotonin secretion,3,False,False
GO_BP,GO:0014706,striated muscle tissue development,3,False,False
GO_BP,GO:0014741,negative regulation of muscle hypertrophy,3,False,False
GO_BP,GO:0014821,phasic smooth muscle contraction,3,False,False
GO_BP,GO:0014823,response to activity,3,False,False
GO_BP,GO:0014824,artery smooth muscle contraction,3,False,False
GO_BP,GO:0014829,vascular associated smooth muscle contraction,3,False,False
GO_BP,GO:0014842,regulation of skeletal muscle satellite cell proliferation,3,False,False
GO_BP,GO:0014857,regulation of skeletal muscle cell proliferation,3,False,False
GO_BP,GO:0014911,positive regulation of smooth muscle cell migration,3,False,False
GO_BP,GO:0014912,negative regulation of smooth muscle cell migration,3,False,False
GO_BP,GO:0015749,monosaccharide transmembrane transport,3,False,False
GO_BP,GO:0015807,L-amino acid transport,3,False,False
GO_BP,GO:0015851,nucleobase transport,3,False,False
GO_BP,GO:0015855,pyrimidine nucleobase transport,3,False,False
GO_BP,GO:0015858,nucleoside transport,3,False,False
GO_BP,GO:0015862,uridine transmembrane transport,3,False,False
GO_BP,GO:0015864,pyrimidine nucleoside transport,3,False,False
GO_BP,GO:0015918,sterol transport,3,False,False
GO_BP,GO:0016051,carbohydrate biosynthetic process,3,False,False
GO_BP,GO:0016358,dendrite development,3,False,False
GO_BP,GO:0018107,peptidyl-threonine phosphorylation,3,False,False
GO_BP,GO:0019080,viral gene expression,3,False,False
GO_BP,GO:0019082,viral protein processing,3,False,False
GO_BP,GO:0019226,transmission of nerve impulse,3,False,False
GO_BP,GO:0019336,phenol-containing compound catabolic process,3,False,False
GO_BP,GO:0019395,fatty acid oxidation,3,False,False
GO_BP,GO:0019614,catechol-containing compound catabolic process,3,False,False
GO_BP,GO:0019674,NAD+ metabolic process,3,False,False
GO_BP,GO:0019751,polyol metabolic process,3,False,False
GO_BP,GO:0019896,axonal transport of mitochondrion,3,False,False
GO_BP,GO:0021762,substantia nigra development,3,False,False
GO_BP,GO:0021766,hippocampus development,3,False,False
GO_BP,GO:0021885,forebrain cell migration,3,False,False
GO_BP,GO:0021987,cerebral cortex development,3,False,False
GO_BP,GO:0022029,telencephalon cell migration,3,False,False
GO_BP,GO:0022404,molting cycle process,3,False,False
GO_BP,GO:0022405,hair cycle process,3,False,False
GO_BP,GO:0022613,ribonucleoprotein complex biogenesis,3,False,False
GO_BP,GO:0022616,DNA strand elongation,3,False,False
GO_BP,GO:0030010,establishment of cell polarity,3,False,False
GO_BP,GO:0030071,regulation of mitotic metaphase/anaphase transition,3,False,False
GO_BP,GO:0030178,negative regulation of Wnt signaling pathway,3,False,False
GO_BP,GO:0030194,positive regulation of blood coagulation,3,False,False
GO_BP,GO:0030218,erythrocyte differentiation,3,False,False
GO_BP,GO:0030261,chromosome condensation,3,False,False
GO_BP,GO:0030279,negative regulation of ossification,3,False,False
GO_BP,GO:0030282,bone mineralization,3,False,False
GO_BP,GO:0030301,cholesterol transport,3,False,False
GO_BP,GO:0030316,osteoclast differentiation,3,False,False
GO_BP,GO:0030326,embryonic limb morphogenesis,3,False,False
GO_BP,GO:0030520,estrogen receptor signaling pathway,3,False,False
GO_BP,GO:0030838,positive regulation of actin filament polymerization,3,False,False
GO_BP,GO:0030888,regulation of B cell proliferation,3,False,False
GO_BP,GO:0030890,positive regulation of B cell proliferation,3,False,False
GO_BP,GO:0031016,pancreas development,3,False,False
GO_BP,GO:0031102,neuron projection regeneration,3,False,False
GO_BP,GO:0031103,axon regeneration,3,False,False
GO_BP,GO:0031112,positive regulation of microtubule polymerization or depolymerization,3,False,False
GO_BP,GO:0031445,regulation of heterochromatin formation,3,False,False
GO_BP,GO:0031452,negative regulation of heterochromatin formation,3,False,False
GO_BP,GO:0031589,cell-substrate adhesion,3,False,False
GO_BP,GO:0031650,regulation of heat generation,3,False,False
GO_BP,GO:0031666,positive regulation of lipopolysaccharide-mediated signaling pathway,3,False,False
GO_BP,GO:0031670,cellular response to nutrient,3,False,False
GO_BP,GO:0031998,regulation of fatty acid beta-oxidation,3,False,False
GO_BP,GO:0032094,response to food,3,False,False
GO_BP,GO:0032147,activation of protein kinase activity,3,False,False
GO_BP,GO:0032259,methylation,3,False,False
GO_BP,GO:0032418,lysosome localization,3,False,False
GO_BP,GO:0032655,regulation of interleukin-12 production,3,False,False
GO_BP,GO:0032728,positive regulation of interferon-beta production,3,False,False
GO_BP,GO:0032729,positive regulation of type II interferon production,3,False,False
GO_BP,GO:0032735,positive regulation of interleukin-12 production,3,False,False
GO_BP,GO:0032811,negative regulation of epinephrine secretion,3,False,False
GO_BP,GO:0032835,glomerulus development,3,False,False
GO_BP,GO:0032872,regulation of stress-activated MAPK cascade,3,False,False
GO_BP,GO:0032943,mononuclear cell proliferation,3,False,False
GO_BP,GO:0032984,protein-containing complex disassembly,3,False,False
GO_BP,GO:0033032,regulation of myeloid cell apoptotic process,3,False,False
GO_BP,GO:0033047,regulation of mitotic sister chromatid segregation,3,False,False
GO_BP,GO:0033120,positive regulation of RNA splicing,3,False,False
GO_BP,GO:0033135,regulation of peptidyl-serine phosphorylation,3,False,False
GO_BP,GO:0033138,positive regulation of peptidyl-serine phosphorylation,3,False,False
GO_BP,GO:0033629,negative regulation of cell adhesion mediated by integrin,3,False,False
GO_BP,GO:0034101,erythrocyte homeostasis,3,False,False
GO_BP,GO:0034104,negative regulation of tissue remodeling,3,False,False
GO_BP,GO:0034109,homotypic cell-cell adhesion,3,False,False
GO_BP,GO:0034111,negative regulation of homotypic cell-cell adhesion,3,False,False
GO_BP,GO:0034142,toll-like receptor 4 signaling pathway,3,False,False
GO_BP,GO:0034163,regulation of toll-like receptor 9 signaling pathway,3,False,False
GO_BP,GO:0034219,carbohydrate transmembrane transport,3,False,False
GO_BP,GO:0034310,primary alcohol catabolic process,3,False,False
GO_BP,GO:0034367,protein-containing complex remodeling,3,False,False
GO_BP,GO:0034368,protein-lipid complex remodeling,3,False,False
GO_BP,GO:0034369,plasma lipoprotein particle remodeling,3,False,False
GO_BP,GO:0034374,low-density lipoprotein particle remodeling,3,False,False
GO_BP,GO:0034392,negative regulation of smooth muscle cell apoptotic process,3,False,False
GO_BP,GO:0034643,"establishment of mitochondrion localization, microtubule-mediated",3,False,False
GO_BP,GO:0034698,response to gonadotropin,3,False,False
GO_BP,GO:0035023,regulation of Rho protein signal transduction,3,False,False
GO_BP,GO:0035095,behavioral response to nicotine,3,False,False
GO_BP,GO:0035107,appendage morphogenesis,3,False,False
GO_BP,GO:0035108,limb morphogenesis,3,False,False
GO_BP,GO:0035113,embryonic appendage morphogenesis,3,False,False
GO_BP,GO:0035162,embryonic hemopoiesis,3,False,False
GO_BP,GO:0035176,social behavior,3,False,False
GO_BP,GO:0035330,regulation of hippo signaling,3,False,False
GO_BP,GO:0035331,negative regulation of hippo signaling,3,False,False
GO_BP,GO:0035357,peroxisome proliferator activated receptor signaling pathway,3,False,False
GO_BP,GO:0035640,exploration behavior,3,False,False
GO_BP,GO:0035821,modulation of process of another organism,3,False,False
GO_BP,GO:0035872,"nucleotide-binding domain, leucine rich repeat containing receptor signaling pathway",3,False,False
GO_BP,GO:0035904,aorta development,3,False,False
GO_BP,GO:0035987,endodermal cell differentiation,3,False,False
GO_BP,GO:0036092,phosphatidylinositol-3-phosphate biosynthetic process,3,False,False
GO_BP,GO:0036336,dendritic cell migration,3,False,False
GO_BP,GO:0038083,peptidyl-tyrosine autophosphorylation,3,False,False
GO_BP,GO:0038112,interleukin-8-mediated signaling pathway,3,False,False
GO_BP,GO:0038129,ERBB3 signaling pathway,3,False,False
GO_BP,GO:0038133,ERBB2-ERBB3 signaling pathway,3,False,False
GO_BP,GO:0038183,bile acid signaling pathway,3,False,False
GO_BP,GO:0040007,growth,3,False,False
GO_BP,GO:0042026,protein refolding,3,False,False
GO_BP,GO:0042059,negative regulation of epidermal growth factor receptor signaling pathway,3,False,False
GO_BP,GO:0042093,T-helper cell differentiation,3,False,False
GO_BP,GO:0042157,lipoprotein metabolic process,3,False,False
GO_BP,GO:0042181,ketone biosynthetic process,3,False,False
GO_BP,GO:0042303,molting cycle,3,False,False
GO_BP,GO:0042359,vitamin D metabolic process,3,False,False
GO_BP,GO:0042398,modified amino acid biosynthetic process,3,False,False
GO_BP,GO:0042402,biogenic amine catabolic process,3,False,False
GO_BP,GO:0042420,dopamine catabolic process,3,False,False
GO_BP,GO:0042424,catecholamine catabolic process,3,False,False
GO_BP,GO:0042428,serotonin metabolic process,3,False,False
GO_BP,GO:0042448,progesterone metabolic process,3,False,False
GO_BP,GO:0042476,odontogenesis,3,False,False
GO_BP,GO:0042531,positive regulation of tyrosine phosphorylation of STAT protein,3,False,False
GO_BP,GO:0042552,myelination,3,False,False
GO_BP,GO:0042596,fear response,3,False,False
GO_BP,GO:0042633,hair cycle,3,False,False
GO_BP,GO:0042753,positive regulation of circadian rhythm,3,False,False
GO_BP,GO:0043009,chordate embryonic development,3,False,False
GO_BP,GO:0043252,sodium-independent organic anion transport,3,False,False
GO_BP,GO:0043267,negative regulation of potassium ion transport,3,False,False
GO_BP,GO:0043276,anoikis,3,False,False
GO_BP,GO:0043300,regulation of leukocyte degranulation,3,False,False
GO_BP,GO:0043393,regulation of protein binding,3,False,False
GO_BP,GO:0043457,regulation of cellular respiration,3,False,False
GO_BP,GO:0043516,"regulation of DNA damage response, signal transduction by p53 class mediator",3,False,False
GO_BP,GO:0043583,ear development,3,False,False
GO_BP,GO:0043586,tongue development,3,False,False
GO_BP,GO:0043954,cellular component maintenance,3,False,False
GO_BP,GO:0044058,regulation of digestive system process,3,False,False
GO_BP,GO:0044060,regulation of endocrine process,3,False,False
GO_BP,GO:0044272,sulfur compound biosynthetic process,3,False,False
GO_BP,GO:0044321,response to leptin,3,False,False
GO_BP,GO:0044344,cellular response to fibroblast growth factor stimulus,3,False,False
GO_BP,GO:0044788,host-mediated perturbation of viral process,3,False,False
GO_BP,GO:0044849,estrous cycle,3,False,False
GO_BP,GO:0045055,regulated exocytosis,3,False,False
GO_BP,GO:0045091,regulation of single stranded viral RNA replication via double stranded DNA intermediate,3,False,False
GO_BP,GO:0045188,"regulation of circadian sleep/wake cycle, non-REM sleep",3,False,False
GO_BP,GO:0045446,endothelial cell differentiation,3,False,False
GO_BP,GO:0045580,regulation of T cell differentiation,3,False,False
GO_BP,GO:0045599,negative regulation of fat cell differentiation,3,False,False
GO_BP,GO:0045666,positive regulation of neuron differentiation,3,False,False
GO_BP,GO:0045723,positive regulation of fatty acid biosynthetic process,3,False,False
GO_BP,GO:0045730,respiratory burst,3,False,False
GO_BP,GO:0045747,positive regulation of Notch signaling pathway,3,False,False
GO_BP,GO:0045879,negative regulation of smoothened signaling pathway,3,False,False
GO_BP,GO:0045912,negative regulation of carbohydrate metabolic process,3,False,False
GO_BP,GO:0045930,negative regulation of mitotic cell cycle,3,False,False
GO_BP,GO:0045940,positive regulation of steroid metabolic process,3,False,False
GO_BP,GO:0045943,positive regulation of transcription by RNA polymerase I,3,False,False
GO_BP,GO:0046031,ADP metabolic process,3,False,False
GO_BP,GO:0046032,ADP catabolic process,3,False,False
GO_BP,GO:0046164,alcohol catabolic process,3,False,False
GO_BP,GO:0046324,regulation of D-glucose import across plasma membrane,3,False,False
GO_BP,GO:0046326,positive regulation of D-glucose import across plasma membrane,3,False,False
GO_BP,GO:0046415,urate metabolic process,3,False,False
GO_BP,GO:0046605,regulation of centrosome cycle,3,False,False
GO_BP,GO:0046620,regulation of organ growth,3,False,False
GO_BP,GO:0046627,negative regulation of insulin receptor signaling pathway,3,False,False
GO_BP,GO:0046651,lymphocyte proliferation,3,False,False
GO_BP,GO:0046686,response to cadmium ion,3,False,False
GO_BP,GO:0046688,response to copper ion,3,False,False
GO_BP,GO:0046697,decidualization,3,False,False
GO_BP,GO:0046717,acid secretion,3,False,False
GO_BP,GO:0046849,bone remodeling,3,False,False
GO_BP,GO:0046854,phosphatidylinositol phosphate biosynthetic process,3,False,False
GO_BP,GO:0047497,mitochondrion transport along microtubule,3,False,False
GO_BP,GO:0048008,platelet-derived growth factor receptor signaling pathway,3,False,False
GO_BP,GO:0048015,phosphatidylinositol-mediated signaling,3,False,False
GO_BP,GO:0048066,developmental pigmentation,3,False,False
GO_BP,GO:0048143,astrocyte activation,3,False,False
GO_BP,GO:0048146,positive regulation of fibroblast proliferation,3,False,False
GO_BP,GO:0048149,behavioral response to ethanol,3,False,False
GO_BP,GO:0048521,negative regulation of behavior,3,False,False
GO_BP,GO:0048589,developmental growth,3,False,False
GO_BP,GO:0048640,negative regulation of developmental growth,3,False,False
GO_BP,GO:0048662,negative regulation of smooth muscle cell proliferation,3,False,False
GO_BP,GO:0048738,cardiac muscle tissue development,3,False,False
GO_BP,GO:0048754,branching morphogenesis of an epithelial tube,3,False,False
GO_BP,GO:0048814,regulation of dendrite morphogenesis,3,False,False
GO_BP,GO:0048844,artery morphogenesis,3,False,False
GO_BP,GO:0048857,neural nucleus development,3,False,False
GO_BP,GO:0050688,regulation of defense response to virus,3,False,False
GO_BP,GO:0050691,regulation of defense response to virus by host,3,False,False
GO_BP,GO:0050731,positive regulation of peptidyl-tyrosine phosphorylation,3,False,False
GO_BP,GO:0050820,positive regulation of coagulation,3,False,False
GO_BP,GO:0050830,defense response to Gram-positive bacterium,3,False,False
GO_BP,GO:0050847,progesterone receptor signaling pathway,3,False,False
GO_BP,GO:0050850,positive regulation of calcium-mediated signaling,3,False,False
GO_BP,GO:0050886,endocrine process,3,False,False
GO_BP,GO:0050918,positive chemotaxis,3,False,False
GO_BP,GO:0050965,detection of temperature stimulus involved in sensory perception of pain,3,False,False
GO_BP,GO:0050974,detection of mechanical stimulus involved in sensory perception,3,False,False
GO_BP,GO:0050996,positive regulation of lipid catabolic process,3,False,False
GO_BP,GO:0051099,positive regulation of binding,3,False,False
GO_BP,GO:0051122,hepoxilin biosynthetic process,3,False,False
GO_BP,GO:0051131,chaperone-mediated protein complex assembly,3,False,False
GO_BP,GO:0051155,positive regulation of striated muscle cell differentiation,3,False,False
GO_BP,GO:0051258,protein polymerization,3,False,False
GO_BP,GO:0051281,positive regulation of release of sequestered calcium ion into cytosol,3,False,False
GO_BP,GO:0051301,cell division,3,False,False
GO_BP,GO:0051385,response to mineralocorticoid,3,False,False
GO_BP,GO:0051445,regulation of meiotic cell cycle,3,False,False
GO_BP,GO:0051446,positive regulation of meiotic cell cycle,3,False,False
GO_BP,GO:0051541,elastin metabolic process,3,False,False
GO_BP,GO:0051590,positive regulation of neurotransmitter transport,3,False,False
GO_BP,GO:0051592,response to calcium ion,3,False,False
GO_BP,GO:0051620,norepinephrine uptake,3,False,False
GO_BP,GO:0051646,mitochondrion localization,3,False,False
GO_BP,GO:0051654,establishment of mitochondrion localization,3,False,False
GO_BP,GO:0051703,biological process involved in intraspecies interaction between organisms,3,False,False
GO_BP,GO:0051823,regulation of synapse structural plasticity,3,False,False
GO_BP,GO:0051851,host-mediated perturbation of symbiont process,3,False,False
GO_BP,GO:0051954,positive regulation of amine transport,3,False,False
GO_BP,GO:0051955,regulation of amino acid transport,3,False,False
GO_BP,GO:0051968,"positive regulation of synaptic transmission, glutamatergic",3,False,False
GO_BP,GO:0051984,positive regulation of chromosome segregation,3,False,False
GO_BP,GO:0051987,positive regulation of attachment of spindle microtubules to kinetochore,3,False,False
GO_BP,GO:0052652,cyclic purine nucleotide metabolic process,3,False,False
GO_BP,GO:0055090,acylglycerol homeostasis,3,False,False
GO_BP,GO:0060004,reflex,3,False,False
GO_BP,GO:0060070,canonical Wnt signaling pathway,3,False,False
GO_BP,GO:0060135,maternal process involved in female pregnancy,3,False,False
GO_BP,GO:0060159,regulation of dopamine receptor signaling pathway,3,False,False
GO_BP,GO:0060260,regulation of transcription initiation by RNA polymerase II,3,False,False
GO_BP,GO:0060271,cilium assembly,3,False,False
GO_BP,GO:0060291,long-term synaptic potentiation,3,False,False
GO_BP,GO:0060306,regulation of membrane repolarization,3,False,False
GO_BP,GO:0060324,face development,3,False,False
GO_BP,GO:0060391,positive regulation of SMAD protein signal transduction,3,False,False
GO_BP,GO:0060397,growth hormone receptor signaling pathway via JAK-STAT,3,False,False
GO_BP,GO:0060562,epithelial tube morphogenesis,3,False,False
GO_BP,GO:0060840,artery development,3,False,False
GO_BP,GO:0060998,regulation of dendritic spine development,3,False,False
GO_BP,GO:0061001,regulation of dendritic spine morphogenesis,3,False,False
GO_BP,GO:0061061,muscle structure development,3,False,False
GO_BP,GO:0061138,morphogenesis of a branching epithelium,3,False,False
GO_BP,GO:0061370,testosterone biosynthetic process,3,False,False
GO_BP,GO:0061437,renal system vasculature development,3,False,False
GO_BP,GO:0061440,kidney vasculature development,3,False,False
GO_BP,GO:0061448,connective tissue development,3,False,False
GO_BP,GO:0061515,myeloid cell development,3,False,False
GO_BP,GO:0061844,antimicrobial humoral immune response mediated by antimicrobial peptide,3,False,False
GO_BP,GO:0070059,intrinsic apoptotic signaling pathway in response to endoplasmic reticulum stress,3,False,False
GO_BP,GO:0070102,interleukin-6-mediated signaling pathway,3,False,False
GO_BP,GO:0070198,"protein localization to chromosome, telomeric region",3,False,False
GO_BP,GO:0070206,protein trimerization,3,False,False
GO_BP,GO:0070212,protein poly-ADP-ribosylation,3,False,False
GO_BP,GO:0070213,protein auto-ADP-ribosylation,3,False,False
GO_BP,GO:0070229,negative regulation of lymphocyte apoptotic process,3,False,False
GO_BP,GO:0070302,regulation of stress-activated protein kinase signaling cascade,3,False,False
GO_BP,GO:0070328,triglyceride homeostasis,3,False,False
GO_BP,GO:0070371,ERK1 and ERK2 cascade,3,False,False
GO_BP,GO:0070391,response to lipoteichoic acid,3,False,False
GO_BP,GO:0070424,"regulation of nucleotide-binding domain, leucine rich repeat containing receptor signaling pathway",3,False,False
GO_BP,GO:0070472,regulation of uterine smooth muscle contraction,3,False,False
GO_BP,GO:0070509,calcium ion import,3,False,False
GO_BP,GO:0070527,platelet aggregation,3,False,False
GO_BP,GO:0070646,protein modification by small protein removal,3,False,False
GO_BP,GO:0070664,negative regulation of leukocyte proliferation,3,False,False
GO_BP,GO:0070841,inclusion body assembly,3,False,False
GO_BP,GO:0070873,regulation of glycogen metabolic process,3,False,False
GO_BP,GO:0070942,neutrophil mediated cytotoxicity,3,False,False
GO_BP,GO:0070943,neutrophil-mediated killing of symbiont cell,3,False,False
GO_BP,GO:0070944,neutrophil-mediated killing of bacterium,3,False,False
GO_BP,GO:0071168,protein localization to chromatin,3,False,False
GO_BP,GO:0071223,cellular response to lipoteichoic acid,3,False,False
GO_BP,GO:0071277,cellular response to calcium ion,3,False,False
GO_BP,GO:0071280,cellular response to copper ion,3,False,False
GO_BP,GO:0071294,cellular response to zinc ion,3,False,False
GO_BP,GO:0071361,cellular response to ethanol,3,False,False
GO_BP,GO:0071395,cellular response to jasmonic acid stimulus,3,False,False
GO_BP,GO:0071470,cellular response to osmotic stress,3,False,False
GO_BP,GO:0071548,response to dexamethasone,3,False,False
GO_BP,GO:0071634,regulation of transforming growth factor beta production,3,False,False
GO_BP,GO:0071637,regulation of monocyte chemotactic protein-1 production,3,False,False
GO_BP,GO:0071731,response to nitric oxide,3,False,False
GO_BP,GO:0071774,response to fibroblast growth factor,3,False,False
GO_BP,GO:0071805,potassium ion transmembrane transport,3,False,False
GO_BP,GO:0071826,protein-RNA complex organization,3,False,False
GO_BP,GO:0071871,response to epinephrine,3,False,False
GO_BP,GO:0071872,cellular response to epinephrine stimulus,3,False,False
GO_BP,GO:0071887,leukocyte apoptotic process,3,False,False
GO_BP,GO:0072012,glomerulus vasculature development,3,False,False
GO_BP,GO:0072073,kidney epithelium development,3,False,False
GO_BP,GO:0072329,monocarboxylic acid catabolic process,3,False,False
GO_BP,GO:0072376,protein activation cascade,3,False,False
GO_BP,GO:0072378,"blood coagulation, fibrin clot formation",3,False,False
GO_BP,GO:0072522,purine-containing compound biosynthetic process,3,False,False
GO_BP,GO:0072526,pyridine-containing compound catabolic process,3,False,False
GO_BP,GO:0072657,protein localization to membrane,3,False,False
GO_BP,GO:0086010,membrane depolarization during action potential,3,False,False
GO_BP,GO:0086065,cell communication involved in cardiac conduction,3,False,False
GO_BP,GO:0090090,negative regulation of canonical Wnt signaling pathway,3,False,False
GO_BP,GO:0090150,establishment of protein localization to membrane,3,False,False
GO_BP,GO:0090169,regulation of spindle assembly,3,False,False
GO_BP,GO:0090199,regulation of release of cytochrome c from mitochondria,3,False,False
GO_BP,GO:0090205,positive regulation of cholesterol metabolic process,3,False,False
GO_BP,GO:0090224,regulation of spindle organization,3,False,False
GO_BP,GO:0090288,negative regulation of cellular response to growth factor stimulus,3,False,False
GO_BP,GO:0090335,regulation of brown fat cell differentiation,3,False,False
GO_BP,GO:0090493,catecholamine uptake,3,False,False
GO_BP,GO:0090494,dopamine uptake,3,False,False
GO_BP,GO:0090520,sphingolipid mediated signaling pathway,3,False,False
GO_BP,GO:0097035,regulation of membrane lipid distribution,3,False,False
GO_BP,GO:0097062,dendritic spine maintenance,3,False,False
GO_BP,GO:0097176,epoxide metabolic process,3,False,False
GO_BP,GO:0097242,amyloid-beta clearance,3,False,False
GO_BP,GO:0098703,calcium ion import across plasma membrane,3,False,False
GO_BP,GO:0098758,response to interleukin-8,3,False,False
GO_BP,GO:0098759,cellular response to interleukin-8,3,False,False
GO_BP,GO:0098813,nuclear chromosome segregation,3,False,False
GO_BP,GO:0098930,axonal transport,3,False,False
GO_BP,GO:0099509,regulation of presynaptic cytosolic calcium ion concentration,3,False,False
GO_BP,GO:0099541,trans-synaptic signaling by lipid,3,False,False
GO_BP,GO:0099542,trans-synaptic signaling by endocannabinoid,3,False,False
GO_BP,GO:0099623,regulation of cardiac muscle cell membrane repolarization,3,False,False
GO_BP,GO:0106014,regulation of inflammatory response to wounding,3,False,False
GO_BP,GO:0106070,regulation of adenylate cyclase-activating G protein-coupled receptor signaling pathway,3,False,False
GO_BP,GO:0110076,negative regulation of ferroptosis,3,False,False
GO_BP,GO:0120186,negative regulation of protein localization to chromatin,3,False,False
GO_BP,GO:0120255,olefinic compound biosynthetic process,3,False,False
GO_BP,GO:0120261,regulation of heterochromatin organization,3,False,False
GO_BP,GO:0120262,negative regulation of heterochromatin organization,3,False,False
GO_BP,GO:0140367,antibacterial innate immune response,3,False,False
GO_BP,GO:0140861,DNA repair-dependent chromatin remodeling,3,False,False
GO_BP,GO:0141111,positive regulation of cGAS/STING signaling pathway,3,False,False
GO_BP,GO:0141162,negative regulation of cAMP/PKA signal transduction,3,False,False
GO_BP,GO:0141188,nucleic acid catabolic process,3,False,False
GO_BP,GO:0150052,regulation of postsynapse assembly,3,False,False
GO_BP,GO:0150099,neuron-glial cell signaling,3,False,False
GO_BP,GO:0160049,negative regulation of cGAS/STING signaling pathway,3,False,False
GO_BP,GO:0160213,beta-arrestin-dependent dopamine receptor signaling pathway,3,False,False
GO_BP,GO:0170040,proteinogenic amino acid catabolic process,3,False,False
GO_BP,GO:1900048,positive regulation of hemostasis,3,False,False
GO_BP,GO:1900077,negative regulation of cellular response to insulin stimulus,3,False,False
GO_BP,GO:1900101,regulation of endoplasmic reticulum unfolded protein response,3,False,False
GO_BP,GO:1900117,regulation of execution phase of apoptosis,3,False,False
GO_BP,GO:1900449,regulation of glutamate receptor signaling pathway,3,False,False
GO_BP,GO:1900452,regulation of long-term synaptic depression,3,False,False
GO_BP,GO:1901028,regulation of mitochondrial outer membrane permeabilization involved in apoptotic signaling pathway,3,False,False
GO_BP,GO:1901137,carbohydrate derivative biosynthetic process,3,False,False
GO_BP,GO:1901185,negative regulation of ERBB signaling pathway,3,False,False
GO_BP,GO:1901293,nucleoside phosphate biosynthetic process,3,False,False
GO_BP,GO:1901298,regulation of hydrogen peroxide-mediated programmed cell death,3,False,False
GO_BP,GO:1901299,negative regulation of hydrogen peroxide-mediated programmed cell death,3,False,False
GO_BP,GO:1901379,regulation of potassium ion transmembrane transport,3,False,False
GO_BP,GO:1901642,nucleoside transmembrane transport,3,False,False
GO_BP,GO:1901879,regulation of protein depolymerization,3,False,False
GO_BP,GO:1901889,negative regulation of cell junction assembly,3,False,False
GO_BP,GO:1901988,negative regulation of cell cycle phase transition,3,False,False
GO_BP,GO:1901991,negative regulation of mitotic cell cycle phase transition,3,False,False
GO_BP,GO:1902065,response to L-glutamate,3,False,False
GO_BP,GO:1902099,regulation of metaphase/anaphase transition of cell cycle,3,False,False
GO_BP,GO:1902229,regulation of intrinsic apoptotic signaling pathway in response to DNA damage,3,False,False
GO_BP,GO:1902230,negative regulation of intrinsic apoptotic signaling pathway in response to DNA damage,3,False,False
GO_BP,GO:1902236,negative regulation of endoplasmic reticulum stress-induced intrinsic apoptotic signaling pathway,3,False,False
GO_BP,GO:1902275,regulation of chromatin organization,3,False,False
GO_BP,GO:1902459,positive regulation of stem cell population maintenance,3,False,False
GO_BP,GO:1902564,negative regulation of neutrophil activation,3,False,False
GO_BP,GO:1902622,regulation of neutrophil migration,3,False,False
GO_BP,GO:1902656,calcium ion import into cytosol,3,False,False
GO_BP,GO:1902750,negative regulation of cell cycle G2/M phase transition,3,False,False
GO_BP,GO:1902993,positive regulation of amyloid precursor protein catabolic process,3,False,False
GO_BP,GO:1903008,organelle disassembly,3,False,False
GO_BP,GO:1903317,regulation of protein maturation,3,False,False
GO_BP,GO:1903412,response to bile acid,3,False,False
GO_BP,GO:1903523,negative regulation of blood circulation,3,False,False
GO_BP,GO:1903939,regulation of TORC2 signaling,3,False,False
GO_BP,GO:1904035,regulation of epithelial cell apoptotic process,3,False,False
GO_BP,GO:1904177,regulation of adipose tissue development,3,False,False
GO_BP,GO:1904357,negative regulation of telomere maintenance via telomere lengthening,3,False,False
GO_BP,GO:1904427,positive regulation of calcium ion transmembrane transport,3,False,False
GO_BP,GO:1904659,D-glucose transmembrane transport,3,False,False
GO_BP,GO:1904752,regulation of vascular associated smooth muscle cell migration,3,False,False
GO_BP,GO:1904823,purine nucleobase transmembrane transport,3,False,False
GO_BP,GO:1904994,regulation of leukocyte adhesion to vascular endothelial cell,3,False,False
GO_BP,GO:1904996,positive regulation of leukocyte adhesion to vascular endothelial cell,3,False,False
GO_BP,GO:1905268,negative regulation of chromatin organization,3,False,False
GO_BP,GO:1905523,positive regulation of macrophage migration,3,False,False
GO_BP,GO:1905634,regulation of protein localization to chromatin,3,False,False
GO_BP,GO:1905818,regulation of chromosome separation,3,False,False
GO_BP,GO:1905898,positive regulation of response to endoplasmic reticulum stress,3,False,False
GO_BP,GO:1990000,amyloid fibril formation,3,False,False
GO_BP,GO:1990418,response to insulin-like growth factor stimulus,3,False,False
GO_BP,GO:1990849,vacuolar localization,3,False,False
GO_BP,GO:1990962,xenobiotic transport across blood-brain barrier,3,False,False
GO_BP,GO:2000036,regulation of stem cell population maintenance,3,False,False
GO_BP,GO:2000059,negative regulation of ubiquitin-dependent protein catabolic process,3,False,False
GO_BP,GO:2000108,positive regulation of leukocyte apoptotic process,3,False,False
GO_BP,GO:2000142,regulation of DNA-templated transcription initiation,3,False,False
GO_BP,GO:2000353,positive regulation of endothelial cell apoptotic process,3,False,False
GO_BP,GO:2000401,regulation of lymphocyte migration,3,False,False
GO_BP,GO:2000641,regulation of early endosome to late endosome transport,3,False,False
GO_BP,GO:2000773,negative regulation of cellular senescence,3,False,False
GO_BP,GO:2001301,lipoxin biosynthetic process,3,False,False
GO_BP,GO:0000017,alpha-glucoside transport,2,False,False
GO_BP,GO:0000023,maltose metabolic process,2,False,False
GO_BP,GO:0000070,mitotic sister chromatid segregation,2,False,False
GO_BP,GO:0000077,DNA damage checkpoint signaling,2,False,False
GO_BP,GO:0000082,G1/S transition of mitotic cell cycle,2,False,False
GO_BP,GO:0000255,allantoin metabolic process,2,False,False
GO_BP,GO:0000281,mitotic cytokinesis,2,False,False
GO_BP,GO:0000422,autophagy of mitochondrion,2,False,False
GO_BP,GO:0000423,mitophagy,2,False,False
GO_BP,GO:0000910,cytokinesis,2,False,False
GO_BP,GO:0001569,branching involved in blood vessel morphogenesis,2,False,False
GO_BP,GO:0001570,vasculogenesis,2,False,False
GO_BP,GO:0001580,detection of chemical stimulus involved in sensory perception of bitter taste,2,False,False
GO_BP,GO:0001656,metanephros development,2,False,False
GO_BP,GO:0001701,in utero embryonic development,2,False,False
GO_BP,GO:0001754,eye photoreceptor cell differentiation,2,False,False
GO_BP,GO:0001755,neural crest cell migration,2,False,False
GO_BP,GO:0001780,neutrophil homeostasis,2,False,False
GO_BP,GO:0001881,receptor recycling,2,False,False
GO_BP,GO:0001885,endothelial cell development,2,False,False
GO_BP,GO:0001895,retina homeostasis,2,False,False
GO_BP,GO:0001937,negative regulation of endothelial cell proliferation,2,False,False
GO_BP,GO:0001945,lymph vessel development,2,False,False
GO_BP,GO:0002025,norepinephrine-epinephrine-mediated vasodilation involved in regulation of systemic arterial blood pressure,2,False,False
GO_BP,GO:0002028,regulation of sodium ion transport,2,False,False
GO_BP,GO:0002031,G protein-coupled receptor internalization,2,False,False
GO_BP,GO:0002042,cell migration involved in sprouting angiogenesis,2,False,False
GO_BP,GO:0002065,columnar/cuboidal epithelial cell differentiation,2,False,False
GO_BP,GO:0002082,regulation of oxidative phosphorylation,2,False,False
GO_BP,GO:0002138,retinoic acid biosynthetic process,2,False,False
GO_BP,GO:0002154,thyroid hormone receptor signaling pathway,2,False,False
GO_BP,GO:0002230,positive regulation of defense response to virus by host,2,False,False
GO_BP,GO:0002244,hematopoietic progenitor cell differentiation,2,False,False
GO_BP,GO:0002251,organ or tissue specific immune response,2,False,False
GO_BP,GO:0002279,mast cell activation involved in immune response,2,False,False
GO_BP,GO:0002347,response to tumor cell,2,False,False
GO_BP,GO:0002357,defense response to tumor cell,2,False,False
GO_BP,GO:0002360,T cell lineage commitment,2,False,False
GO_BP,GO:0002363,alpha-beta T cell lineage commitment,2,False,False
GO_BP,GO:0002385,mucosal immune response,2,False,False
GO_BP,GO:0002407,dendritic cell chemotaxis,2,False,False
GO_BP,GO:0002448,mast cell mediated immunity,2,False,False
GO_BP,GO:0002460,adaptive immune response based on somatic recombination of immune receptors built from immunoglobulin superfamily domains,2,False,False
GO_BP,GO:0002478,antigen processing and presentation of exogenous peptide antigen,2,False,False
GO_BP,GO:0002495,antigen processing and presentation of peptide antigen via MHC class II,2,False,False
GO_BP,GO:0002504,antigen processing and presentation of peptide or polysaccharide antigen via MHC class II,2,False,False
GO_BP,GO:0002520,immune system development,2,False,False
GO_BP,GO:0002523,leukocyte migration involved in inflammatory response,2,False,False
GO_BP,GO:0002526,acute inflammatory response,2,False,False
GO_BP,GO:0002674,negative regulation of acute inflammatory response,2,False,False
GO_BP,GO:0002689,negative regulation of leukocyte chemotaxis,2,False,False
GO_BP,GO:0002691,regulation of cellular extravasation,2,False,False
GO_BP,GO:0002706,regulation of lymphocyte mediated immunity,2,False,False
GO_BP,GO:0002709,regulation of T cell mediated immunity,2,False,False
GO_BP,GO:0002756,MyD88-independent toll-like receptor signaling pathway,2,False,False
GO_BP,GO:0002762,negative regulation of myeloid leukocyte differentiation,2,False,False
GO_BP,GO:0002821,positive regulation of adaptive immune response,2,False,False
GO_BP,GO:0002824,positive regulation of adaptive immune response based on somatic recombination of immune receptors built from immunoglobulin superfamily domains,2,False,False
GO_BP,GO:0002902,regulation of B cell apoptotic process,2,False,False
GO_BP,GO:0002903,negative regulation of B cell apoptotic process,2,False,False
GO_BP,GO:0003081,regulation of systemic arterial blood pressure by renin-angiotensin,2,False,False
GO_BP,GO:0003205,cardiac chamber development,2,False,False
GO_BP,GO:0003206,cardiac chamber morphogenesis,2,False,False
GO_BP,GO:0003309,type B pancreatic cell differentiation,2,False,False
GO_BP,GO:0003321,positive regulation of blood pressure by epinephrine-norepinephrine,2,False,False
GO_BP,GO:0003323,type B pancreatic cell development,2,False,False
GO_BP,GO:0005980,glycogen catabolic process,2,False,False
GO_BP,GO:0005984,disaccharide metabolic process,2,False,False
GO_BP,GO:0006004,fucose metabolic process,2,False,False
GO_BP,GO:0006084,acetyl-CoA metabolic process,2,False,False
GO_BP,GO:0006090,pyruvate metabolic process,2,False,False
GO_BP,GO:0006096,glycolytic process,2,False,False
GO_BP,GO:0006111,regulation of gluconeogenesis,2,False,False
GO_BP,GO:0006144,purine nucleobase metabolic process,2,False,False
GO_BP,GO:0006148,inosine catabolic process,2,False,False
GO_BP,GO:0006149,deoxyinosine catabolic process,2,False,False
GO_BP,GO:0006152,purine nucleoside catabolic process,2,False,False
GO_BP,GO:0006157,deoxyadenosine catabolic process,2,False,False
GO_BP,GO:0006161,deoxyguanosine catabolic process,2,False,False
GO_BP,GO:0006164,purine nucleotide biosynthetic process,2,False,False
GO_BP,GO:0006196,AMP catabolic process,2,False,False
GO_BP,GO:0006198,cAMP catabolic process,2,False,False
GO_BP,GO:0006204,IMP catabolic process,2,False,False
GO_BP,GO:0006265,DNA topological change,2,False,False
GO_BP,GO:0006271,DNA strand elongation involved in DNA replication,2,False,False
GO_BP,GO:0006272,leading strand elongation,2,False,False
GO_BP,GO:0006287,"base-excision repair, gap-filling",2,False,False
GO_BP,GO:0006397,mRNA processing,2,False,False
GO_BP,GO:0006401,RNA catabolic process,2,False,False
GO_BP,GO:0006402,mRNA catabolic process,2,False,False
GO_BP,GO:0006403,RNA localization,2,False,False
GO_BP,GO:0006473,protein acetylation,2,False,False
GO_BP,GO:0006475,internal protein amino acid acetylation,2,False,False
GO_BP,GO:0006479,protein methylation,2,False,False
GO_BP,GO:0006515,protein quality control for misfolded or incompletely synthesized proteins,2,False,False
GO_BP,GO:0006516,glycoprotein catabolic process,2,False,False
GO_BP,GO:0006518,peptide metabolic process,2,False,False
GO_BP,GO:0006581,acetylcholine catabolic process,2,False,False
GO_BP,GO:0006605,protein targeting,2,False,False
GO_BP,GO:0006637,acyl-CoA metabolic process,2,False,False
GO_BP,GO:0006664,glycolipid metabolic process,2,False,False
GO_BP,GO:0006672,ceramide metabolic process,2,False,False
GO_BP,GO:0006699,bile acid biosynthetic process,2,False,False
GO_BP,GO:0006702,androgen biosynthetic process,2,False,False
GO_BP,GO:0006714,sesquiterpenoid metabolic process,2,False,False
GO_BP,GO:0006766,vitamin metabolic process,2,False,False
GO_BP,GO:0006833,water transport,2,False,False
GO_BP,GO:0006835,dicarboxylic acid transport,2,False,False
GO_BP,GO:0006857,oligopeptide transport,2,False,False
GO_BP,GO:0006888,endoplasmic reticulum to Golgi vesicle-mediated transport,2,False,False
GO_BP,GO:0006925,inflammatory cell apoptotic process,2,False,False
GO_BP,GO:0007015,actin filament organization,2,False,False
GO_BP,GO:0007043,cell-cell junction assembly,2,False,False
GO_BP,GO:0007044,cell-substrate junction assembly,2,False,False
GO_BP,GO:0007062,sister chromatid cohesion,2,False,False
GO_BP,GO:0007127,meiosis I,2,False,False
GO_BP,GO:0007160,cell-matrix adhesion,2,False,False
GO_BP,GO:0007194,negative regulation of adenylate cyclase activity,2,False,False
GO_BP,GO:0007206,phospholipase C-activating G protein-coupled glutamate receptor signaling pathway,2,False,False
GO_BP,GO:0007259,cell surface receptor signaling pathway via JAK-STAT,2,False,False
GO_BP,GO:0007269,neurotransmitter secretion,2,False,False
GO_BP,GO:0007283,spermatogenesis,2,False,False
GO_BP,GO:0007517,muscle organ development,2,False,False
GO_BP,GO:0007585,respiratory gaseous exchange by respiratory system,2,False,False
GO_BP,GO:0007601,visual perception,2,False,False
GO_BP,GO:0007605,sensory perception of sound,2,False,False
GO_BP,GO:0007616,long-term memory,2,False,False
GO_BP,GO:0007628,adult walking behavior,2,False,False
GO_BP,GO:0008053,mitochondrial fusion,2,False,False
GO_BP,GO:0008213,protein alkylation,2,False,False
GO_BP,GO:0008291,acetylcholine metabolic process,2,False,False
GO_BP,GO:0008300,isoprenoid catabolic process,2,False,False
GO_BP,GO:0008333,endosome to lysosome transport,2,False,False
GO_BP,GO:0008652,amino acid biosynthetic process,2,False,False
GO_BP,GO:0009062,fatty acid catabolic process,2,False,False
GO_BP,GO:0009101,glycoprotein biosynthetic process,2,False,False
GO_BP,GO:0009116,nucleoside metabolic process,2,False,False
GO_BP,GO:0009119,ribonucleoside metabolic process,2,False,False
GO_BP,GO:0009120,2'-deoxyribonucleoside metabolic process,2,False,False
GO_BP,GO:0009151,purine deoxyribonucleotide metabolic process,2,False,False
GO_BP,GO:0009155,purine deoxyribonucleotide catabolic process,2,False,False
GO_BP,GO:0009159,deoxyribonucleoside monophosphate catabolic process,2,False,False
GO_BP,GO:0009164,nucleoside catabolic process,2,False,False
GO_BP,GO:0009165,nucleotide biosynthetic process,2,False,False
GO_BP,GO:0009170,purine deoxyribonucleoside monophosphate metabolic process,2,False,False
GO_BP,GO:0009172,purine deoxyribonucleoside monophosphate catabolic process,2,False,False
GO_BP,GO:0009309,amine biosynthetic process,2,False,False
GO_BP,GO:0009394,2'-deoxyribonucleotide metabolic process,2,False,False
GO_BP,GO:0009409,response to cold,2,False,False
GO_BP,GO:0009435,NAD+ biosynthetic process,2,False,False
GO_BP,GO:0009651,response to salt stress,2,False,False
GO_BP,GO:0009750,response to fructose,2,False,False
GO_BP,GO:0009812,flavonoid metabolic process,2,False,False
GO_BP,GO:0010042,response to manganese ion,2,False,False
GO_BP,GO:0010171,body morphogenesis,2,False,False
GO_BP,GO:0010224,response to UV-B,2,False,False
GO_BP,GO:0010324,membrane invagination,2,False,False
GO_BP,GO:0010469,regulation of signaling receptor activity,2,False,False
GO_BP,GO:0010563,negative regulation of phosphorus metabolic process,2,False,False
GO_BP,GO:0010591,regulation of lamellipodium assembly,2,False,False
GO_BP,GO:0010592,positive regulation of lamellipodium assembly,2,False,False
GO_BP,GO:0010612,regulation of cardiac muscle adaptation,2,False,False
GO_BP,GO:0010616,negative regulation of cardiac muscle adaptation,2,False,False
GO_BP,GO:0010631,epithelial cell migration,2,False,False
GO_BP,GO:0010640,regulation of platelet-derived growth factor receptor signaling pathway,2,False,False
GO_BP,GO:0010669,epithelial structure maintenance,2,False,False
GO_BP,GO:0010712,regulation of collagen metabolic process,2,False,False
GO_BP,GO:0010715,regulation of extracellular matrix disassembly,2,False,False
GO_BP,GO:0010718,positive regulation of epithelial to mesenchymal transition,2,False,False
GO_BP,GO:0010728,regulation of hydrogen peroxide biosynthetic process,2,False,False
GO_BP,GO:0010730,negative regulation of hydrogen peroxide biosynthetic process,2,False,False
GO_BP,GO:0010742,macrophage derived foam cell differentiation,2,False,False
GO_BP,GO:0010745,negative regulation of macrophage derived foam cell differentiation,2,False,False
GO_BP,GO:0010759,positive regulation of macrophage chemotaxis,2,False,False
GO_BP,GO:0010762,regulation of fibroblast migration,2,False,False
GO_BP,GO:0010763,positive regulation of fibroblast migration,2,False,False
GO_BP,GO:0010799,regulation of peptidyl-threonine phosphorylation,2,False,False
GO_BP,GO:0010824,regulation of centrosome duplication,2,False,False
GO_BP,GO:0010830,regulation of myotube differentiation,2,False,False
GO_BP,GO:0010831,positive regulation of myotube differentiation,2,False,False
GO_BP,GO:0010880,regulation of release of sequestered calcium ion into cytosol by sarcoplasmic reticulum,2,False,False
GO_BP,GO:0010954,positive regulation of protein processing,2,False,False
GO_BP,GO:0010965,regulation of mitotic sister chromatid separation,2,False,False
GO_BP,GO:0010971,positive regulation of G2/M transition of mitotic cell cycle,2,False,False
GO_BP,GO:0014005,microglia development,2,False,False
GO_BP,GO:0014032,neural crest cell development,2,False,False
GO_BP,GO:0014033,neural crest cell differentiation,2,False,False
GO_BP,GO:0014056,"regulation of acetylcholine secretion, neurotransmission",2,False,False
GO_BP,GO:0014745,negative regulation of muscle adaptation,2,False,False
GO_BP,GO:0014827,intestine smooth muscle contraction,2,False,False
GO_BP,GO:0014831,gastro-intestinal system smooth muscle contraction,2,False,False
GO_BP,GO:0014854,response to inactivity,2,False,False
GO_BP,GO:0014858,positive regulation of skeletal muscle cell proliferation,2,False,False
GO_BP,GO:0015747,urate transport,2,False,False
GO_BP,GO:0015748,organophosphate ester transport,2,False,False
GO_BP,GO:0015800,acidic amino acid transport,2,False,False
GO_BP,GO:0015804,neutral amino acid transport,2,False,False
GO_BP,GO:0015833,peptide transport,2,False,False
GO_BP,GO:0015837,amine transport,2,False,False
GO_BP,GO:0015846,polyamine transport,2,False,False
GO_BP,GO:0015847,putrescine transport,2,False,False
GO_BP,GO:0015860,purine nucleoside transmembrane transport,2,False,False
GO_BP,GO:0015888,thiamine transport,2,False,False
GO_BP,GO:0015914,phospholipid transport,2,False,False
GO_BP,GO:0016049,cell growth,2,False,False
GO_BP,GO:0016072,rRNA metabolic process,2,False,False
GO_BP,GO:0016093,polyprenol metabolic process,2,False,False
GO_BP,GO:0016095,polyprenol catabolic process,2,False,False
GO_BP,GO:0016102,diterpenoid biosynthetic process,2,False,False
GO_BP,GO:0016107,sesquiterpenoid catabolic process,2,False,False
GO_BP,GO:0016115,terpenoid catabolic process,2,False,False
GO_BP,GO:0016139,glycoside catabolic process,2,False,False
GO_BP,GO:0016322,neuron remodeling,2,False,False
GO_BP,GO:0016487,farnesol metabolic process,2,False,False
GO_BP,GO:0016488,farnesol catabolic process,2,False,False
GO_BP,GO:0016540,protein autoprocessing,2,False,False
GO_BP,GO:0016925,protein sumoylation,2,False,False
GO_BP,GO:0016926,protein desumoylation,2,False,False
GO_BP,GO:0018022,peptidyl-lysine methylation,2,False,False
GO_BP,GO:0018393,internal peptidyl-lysine acetylation,2,False,False
GO_BP,GO:0018394,peptidyl-lysine acetylation,2,False,False
GO_BP,GO:0019062,virion attachment to host cell,2,False,False
GO_BP,GO:0019065,receptor-mediated endocytosis of virus by host cell,2,False,False
GO_BP,GO:0019079,viral genome replication,2,False,False
GO_BP,GO:0019359,nicotinamide nucleotide biosynthetic process,2,False,False
GO_BP,GO:0019363,pyridine nucleotide biosynthetic process,2,False,False
GO_BP,GO:0019364,pyridine nucleotide catabolic process,2,False,False
GO_BP,GO:0019377,glycolipid catabolic process,2,False,False
GO_BP,GO:0019607,phenylethylamine catabolic process,2,False,False
GO_BP,GO:0019627,urea metabolic process,2,False,False
GO_BP,GO:0019695,choline metabolic process,2,False,False
GO_BP,GO:0019731,antibacterial humoral response,2,False,False
GO_BP,GO:0019827,stem cell population maintenance,2,False,False
GO_BP,GO:0019882,antigen processing and presentation,2,False,False
GO_BP,GO:0019884,antigen processing and presentation of exogenous antigen,2,False,False
GO_BP,GO:0019886,antigen processing and presentation of exogenous peptide antigen via MHC class II,2,False,False
GO_BP,GO:0019985,translesion synthesis,2,False,False
GO_BP,GO:0021826,substrate-independent telencephalic tangential migration,2,False,False
GO_BP,GO:0021830,interneuron migration from the subpallium to the cortex,2,False,False
GO_BP,GO:0021843,substrate-independent telencephalic tangential interneuron migration,2,False,False
GO_BP,GO:0021853,cerebral cortex GABAergic interneuron migration,2,False,False
GO_BP,GO:0021872,forebrain generation of neurons,2,False,False
GO_BP,GO:0021879,forebrain neuron differentiation,2,False,False
GO_BP,GO:0021884,forebrain neuron development,2,False,False
GO_BP,GO:0021892,cerebral cortex GABAergic interneuron differentiation,2,False,False
GO_BP,GO:0021894,cerebral cortex GABAergic interneuron development,2,False,False
GO_BP,GO:0021895,cerebral cortex neuron differentiation,2,False,False
GO_BP,GO:0022612,gland morphogenesis,2,False,False
GO_BP,GO:0022618,protein-RNA complex assembly,2,False,False
GO_BP,GO:0023019,signal transduction involved in regulation of gene expression,2,False,False
GO_BP,GO:0030101,natural killer cell activation,2,False,False
GO_BP,GO:0030148,sphingolipid biosynthetic process,2,False,False
GO_BP,GO:0030149,sphingolipid catabolic process,2,False,False
GO_BP,GO:0030216,keratinocyte differentiation,2,False,False
GO_BP,GO:0030224,monocyte differentiation,2,False,False
GO_BP,GO:0030277,maintenance of gastrointestinal epithelium,2,False,False
GO_BP,GO:0030325,adrenal gland development,2,False,False
GO_BP,GO:0030511,positive regulation of transforming growth factor beta receptor signaling pathway,2,False,False
GO_BP,GO:0030656,regulation of vitamin metabolic process,2,False,False
GO_BP,GO:0030856,regulation of epithelial cell differentiation,2,False,False
GO_BP,GO:0030947,regulation of vascular endothelial growth factor receptor signaling pathway,2,False,False
GO_BP,GO:0031018,endocrine pancreas development,2,False,False
GO_BP,GO:0031032,actomyosin structure organization,2,False,False
GO_BP,GO:0031047,regulatory ncRNA-mediated gene silencing,2,False,False
GO_BP,GO:0031109,microtubule polymerization or depolymerization,2,False,False
GO_BP,GO:0031111,negative regulation of microtubule polymerization or depolymerization,2,False,False
GO_BP,GO:0031114,regulation of microtubule depolymerization,2,False,False
GO_BP,GO:0031116,positive regulation of microtubule polymerization,2,False,False
GO_BP,GO:0031122,cytoplasmic microtubule organization,2,False,False
GO_BP,GO:0031392,regulation of prostaglandin biosynthetic process,2,False,False
GO_BP,GO:0031570,DNA integrity checkpoint signaling,2,False,False
GO_BP,GO:0031620,regulation of fever generation,2,False,False
GO_BP,GO:0031645,negative regulation of nervous system process,2,False,False
GO_BP,GO:0031646,positive regulation of nervous system process,2,False,False
GO_BP,GO:0031648,protein destabilization,2,False,False
GO_BP,GO:0031652,positive regulation of heat generation,2,False,False
GO_BP,GO:0031665,negative regulation of lipopolysaccharide-mediated signaling pathway,2,False,False
GO_BP,GO:0031929,TOR signaling,2,False,False
GO_BP,GO:0031958,nuclear receptor-mediated corticosteroid signaling pathway,2,False,False
GO_BP,GO:0032007,negative regulation of TOR signaling,2,False,False
GO_BP,GO:0032091,negative regulation of protein binding,2,False,False
GO_BP,GO:0032224,"positive regulation of synaptic transmission, cholinergic",2,False,False
GO_BP,GO:0032229,"negative regulation of synaptic transmission, GABAergic",2,False,False
GO_BP,GO:0032231,regulation of actin filament bundle assembly,2,False,False
GO_BP,GO:0032233,positive regulation of actin filament bundle assembly,2,False,False
GO_BP,GO:0032272,negative regulation of protein polymerization,2,False,False
GO_BP,GO:0032303,regulation of icosanoid secretion,2,False,False
GO_BP,GO:0032330,regulation of chondrocyte differentiation,2,False,False
GO_BP,GO:0032350,regulation of hormone metabolic process,2,False,False
GO_BP,GO:0032354,response to follicle-stimulating hormone,2,False,False
GO_BP,GO:0032364,intracellular oxygen homeostasis,2,False,False
GO_BP,GO:0032365,intracellular lipid transport,2,False,False
GO_BP,GO:0032411,positive regulation of transporter activity,2,False,False
GO_BP,GO:0032435,negative regulation of proteasomal ubiquitin-dependent protein catabolic process,2,False,False
GO_BP,GO:0032459,regulation of protein oligomerization,2,False,False
GO_BP,GO:0032469,endoplasmic reticulum calcium ion homeostasis,2,False,False
GO_BP,GO:0032480,negative regulation of type I interferon production,2,False,False
GO_BP,GO:0032506,cytokinetic process,2,False,False
GO_BP,GO:0032507,maintenance of protein location in cell,2,False,False
GO_BP,GO:0032570,response to progesterone,2,False,False
GO_BP,GO:0032647,regulation of interferon-alpha production,2,False,False
GO_BP,GO:0032653,regulation of interleukin-10 production,2,False,False
GO_BP,GO:0032682,negative regulation of chemokine production,2,False,False
GO_BP,GO:0032689,negative regulation of type II interferon production,2,False,False
GO_BP,GO:0032692,negative regulation of interleukin-1 production,2,False,False
GO_BP,GO:0032715,negative regulation of interleukin-6 production,2,False,False
GO_BP,GO:0032733,positive regulation of interleukin-10 production,2,False,False
GO_BP,GO:0032784,regulation of DNA-templated transcription elongation,2,False,False
GO_BP,GO:0032786,"positive regulation of DNA-templated transcription, elongation",2,False,False
GO_BP,GO:0032891,negative regulation of organic acid transport,2,False,False
GO_BP,GO:0032909,regulation of transforming growth factor beta2 production,2,False,False
GO_BP,GO:0032945,negative regulation of mononuclear cell proliferation,2,False,False
GO_BP,GO:0032965,regulation of collagen biosynthetic process,2,False,False
GO_BP,GO:0033003,regulation of mast cell activation,2,False,False
GO_BP,GO:0033004,negative regulation of mast cell activation,2,False,False
GO_BP,GO:0033028,myeloid cell apoptotic process,2,False,False
GO_BP,GO:0033029,regulation of neutrophil apoptotic process,2,False,False
GO_BP,GO:0033031,positive regulation of neutrophil apoptotic process,2,False,False
GO_BP,GO:0033034,positive regulation of myeloid cell apoptotic process,2,False,False
GO_BP,GO:0033076,isoquinoline alkaloid metabolic process,2,False,False
GO_BP,GO:0033189,response to vitamin A,2,False,False
GO_BP,GO:0033198,response to ATP,2,False,False
GO_BP,GO:0033233,regulation of protein sumoylation,2,False,False
GO_BP,GO:0033238,regulation of amine metabolic process,2,False,False
GO_BP,GO:0033260,nuclear DNA replication,2,False,False
GO_BP,GO:0033344,cholesterol efflux,2,False,False
GO_BP,GO:0033385,geranylgeranyl diphosphate metabolic process,2,False,False
GO_BP,GO:0033386,geranylgeranyl diphosphate biosynthetic process,2,False,False
GO_BP,GO:0033574,response to testosterone,2,False,False
GO_BP,GO:0033594,response to hydroxyisoflavone,2,False,False
GO_BP,GO:0033595,response to genistein,2,False,False
GO_BP,GO:0033603,positive regulation of dopamine secretion,2,False,False
GO_BP,GO:0033605,positive regulation of catecholamine secretion,2,False,False
GO_BP,GO:0033630,positive regulation of cell adhesion mediated by integrin,2,False,False
GO_BP,GO:0033632,regulation of cell-cell adhesion mediated by integrin,2,False,False
GO_BP,GO:0033673,negative regulation of kinase activity,2,False,False
GO_BP,GO:0034112,positive regulation of homotypic cell-cell adhesion,2,False,False
GO_BP,GO:0034121,regulation of toll-like receptor signaling pathway,2,False,False
GO_BP,GO:0034165,positive regulation of toll-like receptor 9 signaling pathway,2,False,False
GO_BP,GO:0034204,lipid translocation,2,False,False
GO_BP,GO:0034243,regulation of transcription elongation by RNA polymerase II,2,False,False
GO_BP,GO:0034350,regulation of glial cell apoptotic process,2,False,False
GO_BP,GO:0034351,negative regulation of glial cell apoptotic process,2,False,False
GO_BP,GO:0034377,plasma lipoprotein particle assembly,2,False,False
GO_BP,GO:0034379,very-low-density lipoprotein particle assembly,2,False,False
GO_BP,GO:0034381,plasma lipoprotein particle clearance,2,False,False
GO_BP,GO:0034383,low-density lipoprotein particle clearance,2,False,False
GO_BP,GO:0034616,response to laminar fluid shear stress,2,False,False
GO_BP,GO:0034656,nucleobase-containing small molecule catabolic process,2,False,False
GO_BP,GO:0034694,response to prostaglandin,2,False,False
GO_BP,GO:0034699,response to luteinizing hormone,2,False,False
GO_BP,GO:0034983,peptidyl-lysine deacetylation,2,False,False
GO_BP,GO:0035019,somatic stem cell population maintenance,2,False,False
GO_BP,GO:0035025,positive regulation of Rho protein signal transduction,2,False,False
GO_BP,GO:0035051,cardiocyte differentiation,2,False,False
GO_BP,GO:0035306,positive regulation of dephosphorylation,2,False,False
GO_BP,GO:0035358,regulation of peroxisome proliferator activated receptor signaling pathway,2,False,False
GO_BP,GO:0035443,tripeptide transmembrane transport,2,False,False
GO_BP,GO:0035461,vitamin transmembrane transport,2,False,False
GO_BP,GO:0035589,G protein-coupled purinergic nucleotide receptor signaling pathway,2,False,False
GO_BP,GO:0035623,renal D-glucose absorption,2,False,False
GO_BP,GO:0035672,oligopeptide transmembrane transport,2,False,False
GO_BP,GO:0035726,common myeloid progenitor cell proliferation,2,False,False
GO_BP,GO:0035774,positive regulation of insulin secretion involved in cellular response to glucose stimulus,2,False,False
GO_BP,GO:0035791,platelet-derived growth factor receptor-beta signaling pathway,2,False,False
GO_BP,GO:0035795,negative regulation of mitochondrial membrane permeability,2,False,False
GO_BP,GO:0035809,regulation of urine volume,2,False,False
GO_BP,GO:0035825,homologous recombination,2,False,False
GO_BP,GO:0035883,enteroendocrine cell differentiation,2,False,False
GO_BP,GO:0035909,aorta morphogenesis,2,False,False
GO_BP,GO:0035994,response to muscle stretch,2,False,False
GO_BP,GO:0036017,response to erythropoietin,2,False,False
GO_BP,GO:0036018,cellular response to erythropoietin,2,False,False
GO_BP,GO:0036089,cleavage furrow formation,2,False,False
GO_BP,GO:0036196,zymosterol metabolic process,2,False,False
GO_BP,GO:0036197,zymosterol biosynthetic process,2,False,False
GO_BP,GO:0036269,swimming behavior,2,False,False
GO_BP,GO:0036297,interstrand cross-link repair,2,False,False
GO_BP,GO:0036314,response to sterol,2,False,False
GO_BP,GO:0036315,cellular response to sterol,2,False,False
GO_BP,GO:0036498,IRE1-mediated unfolded protein response,2,False,False
GO_BP,GO:0036503,ERAD pathway,2,False,False
GO_BP,GO:0038007,netrin-activated signaling pathway,2,False,False
GO_BP,GO:0038020,insulin receptor recycling,2,False,False
GO_BP,GO:0038061,non-canonical NF-kappaB signal transduction,2,False,False
GO_BP,GO:0038066,p38MAPK cascade,2,False,False
GO_BP,GO:0038124,toll-like receptor TLR6:TLR2 signaling pathway,2,False,False
GO_BP,GO:0038134,ERBB2-EGFR signaling pathway,2,False,False
GO_BP,GO:0038155,interleukin-23-mediated signaling pathway,2,False,False
GO_BP,GO:0038156,interleukin-3-mediated signaling pathway,2,False,False
GO_BP,GO:0038162,erythropoietin-mediated signaling pathway,2,False,False
GO_BP,GO:0038165,oncostatin-M-mediated signaling pathway,2,False,False
GO_BP,GO:0038171,cannabinoid signaling pathway,2,False,False
GO_BP,GO:0038185,nuclear receptor-mediated bile acid signaling pathway,2,False,False
GO_BP,GO:0042044,fluid transport,2,False,False
GO_BP,GO:0042053,regulation of dopamine metabolic process,2,False,False
GO_BP,GO:0042069,regulation of catecholamine metabolic process,2,False,False
GO_BP,GO:0042102,positive regulation of T cell proliferation,2,False,False
GO_BP,GO:0042130,negative regulation of T cell proliferation,2,False,False
GO_BP,GO:0042278,purine nucleoside metabolic process,2,False,False
GO_BP,GO:0042321,"negative regulation of circadian sleep/wake cycle, sleep",2,False,False
GO_BP,GO:0042373,vitamin K metabolic process,2,False,False
GO_BP,GO:0042401,biogenic amine biosynthetic process,2,False,False
GO_BP,GO:0042436,indole-containing compound catabolic process,2,False,False
GO_BP,GO:0042443,phenylethylamine metabolic process,2,False,False
GO_BP,GO:0042454,ribonucleoside catabolic process,2,False,False
GO_BP,GO:0042475,odontogenesis of dentin-containing tooth,2,False,False
GO_BP,GO:0042537,benzene-containing compound metabolic process,2,False,False
GO_BP,GO:0042551,neuron maturation,2,False,False
GO_BP,GO:0042574,retinal metabolic process,2,False,False
GO_BP,GO:0042659,regulation of cell fate specification,2,False,False
GO_BP,GO:0042692,muscle cell differentiation,2,False,False
GO_BP,GO:0042711,maternal behavior,2,False,False
GO_BP,GO:0042730,fibrinolysis,2,False,False
GO_BP,GO:0042733,embryonic digit morphogenesis,2,False,False
GO_BP,GO:0042743,hydrogen peroxide metabolic process,2,False,False
GO_BP,GO:0042754,negative regulation of circadian rhythm,2,False,False
GO_BP,GO:0042939,tripeptide transport,2,False,False
GO_BP,GO:0042946,glucoside transport,2,False,False
GO_BP,GO:0042976,activation of Janus kinase activity,2,False,False
GO_BP,GO:0042982,amyloid precursor protein metabolic process,2,False,False
GO_BP,GO:0043112,receptor metabolic process,2,False,False
GO_BP,GO:0043201,response to L-leucine,2,False,False
GO_BP,GO:0043242,negative regulation of protein-containing complex disassembly,2,False,False
GO_BP,GO:0043277,apoptotic cell clearance,2,False,False
GO_BP,GO:0043299,leukocyte degranulation,2,False,False
GO_BP,GO:0043303,mast cell degranulation,2,False,False
GO_BP,GO:0043304,regulation of mast cell degranulation,2,False,False
GO_BP,GO:0043335,protein unfolding,2,False,False
GO_BP,GO:0043368,positive T cell selection,2,False,False
GO_BP,GO:0043369,"CD4-positive or CD8-positive, alpha-beta T cell lineage commitment",2,False,False
GO_BP,GO:0043373,"CD4-positive, alpha-beta T cell lineage commitment",2,False,False
GO_BP,GO:0043388,positive regulation of DNA binding,2,False,False
GO_BP,GO:0043414,macromolecule methylation,2,False,False
GO_BP,GO:0043415,positive regulation of skeletal muscle tissue regeneration,2,False,False
GO_BP,GO:0043416,regulation of skeletal muscle tissue regeneration,2,False,False
GO_BP,GO:0043489,RNA stabilization,2,False,False
GO_BP,GO:0043518,"negative regulation of DNA damage response, signal transduction by p53 class mediator",2,False,False
GO_BP,GO:0043534,blood vessel endothelial cell migration,2,False,False
GO_BP,GO:0043543,protein acylation,2,False,False
GO_BP,GO:0043587,tongue morphogenesis,2,False,False
GO_BP,GO:0043650,dicarboxylic acid biosynthetic process,2,False,False
GO_BP,GO:0043696,dedifferentiation,2,False,False
GO_BP,GO:0043697,cell dedifferentiation,2,False,False
GO_BP,GO:0043921,host-mediated perturbation of viral transcription,2,False,False
GO_BP,GO:0044062,regulation of excretion,2,False,False
GO_BP,GO:0044070,regulation of monoatomic anion transport,2,False,False
GO_BP,GO:0044091,membrane biogenesis,2,False,False
GO_BP,GO:0044320,cellular response to leptin stimulus,2,False,False
GO_BP,GO:0044406,adhesion of symbiont to host,2,False,False
GO_BP,GO:0044550,secondary metabolite biosynthetic process,2,False,False
GO_BP,GO:0044650,adhesion of symbiont to host cell,2,False,False
GO_BP,GO:0044786,cell cycle DNA replication,2,False,False
GO_BP,GO:0044818,mitotic G2/M transition checkpoint,2,False,False
GO_BP,GO:0044843,cell cycle G1/S phase transition,2,False,False
GO_BP,GO:0045019,negative regulation of nitric oxide biosynthetic process,2,False,False
GO_BP,GO:0045058,T cell selection,2,False,False
GO_BP,GO:0045185,maintenance of protein location,2,False,False
GO_BP,GO:0045332,phospholipid translocation,2,False,False
GO_BP,GO:0045453,bone resorption,2,False,False
GO_BP,GO:0045454,cell redox homeostasis,2,False,False
GO_BP,GO:0045472,response to ether,2,False,False
GO_BP,GO:0045576,mast cell activation,2,False,False
GO_BP,GO:0045577,regulation of B cell differentiation,2,False,False
GO_BP,GO:0045579,positive regulation of B cell differentiation,2,False,False
GO_BP,GO:0045582,positive regulation of T cell differentiation,2,False,False
GO_BP,GO:0045649,regulation of macrophage differentiation,2,False,False
GO_BP,GO:0045661,regulation of myoblast differentiation,2,False,False
GO_BP,GO:0045665,negative regulation of neuron differentiation,2,False,False
GO_BP,GO:0045669,positive regulation of osteoblast differentiation,2,False,False
GO_BP,GO:0045682,regulation of epidermis development,2,False,False
GO_BP,GO:0045684,positive regulation of epidermis development,2,False,False
GO_BP,GO:0045685,regulation of glial cell differentiation,2,False,False
GO_BP,GO:0045686,negative regulation of glial cell differentiation,2,False,False
GO_BP,GO:0045725,positive regulation of glycogen biosynthetic process,2,False,False
GO_BP,GO:0045727,positive regulation of translation,2,False,False
GO_BP,GO:0045738,negative regulation of DNA repair,2,False,False
GO_BP,GO:0045740,positive regulation of DNA replication,2,False,False
GO_BP,GO:0045742,positive regulation of epidermal growth factor receptor signaling pathway,2,False,False
GO_BP,GO:0045746,negative regulation of Notch signaling pathway,2,False,False
GO_BP,GO:0045773,positive regulation of axon extension,2,False,False
GO_BP,GO:0045780,positive regulation of bone resorption,2,False,False
GO_BP,GO:0045793,positive regulation of cell size,2,False,False
GO_BP,GO:0045822,negative regulation of heart contraction,2,False,False
GO_BP,GO:0045838,positive regulation of membrane potential,2,False,False
GO_BP,GO:0045880,positive regulation of smoothened signaling pathway,2,False,False
GO_BP,GO:0045906,negative regulation of vasoconstriction,2,False,False
GO_BP,GO:0045910,negative regulation of DNA recombination,2,False,False
GO_BP,GO:0045911,positive regulation of DNA recombination,2,False,False
GO_BP,GO:0045921,positive regulation of exocytosis,2,False,False
GO_BP,GO:0045922,negative regulation of fatty acid metabolic process,2,False,False
GO_BP,GO:0045932,negative regulation of muscle contraction,2,False,False
GO_BP,GO:0045938,"positive regulation of circadian sleep/wake cycle, sleep",2,False,False
GO_BP,GO:0045939,negative regulation of steroid metabolic process,2,False,False
GO_BP,GO:0045980,negative regulation of nucleotide metabolic process,2,False,False
GO_BP,GO:0045989,positive regulation of striated muscle contraction,2,False,False
GO_BP,GO:0046033,AMP metabolic process,2,False,False
GO_BP,GO:0046040,IMP metabolic process,2,False,False
GO_BP,GO:0046053,dAMP metabolic process,2,False,False
GO_BP,GO:0046058,cAMP metabolic process,2,False,False
GO_BP,GO:0046059,dAMP catabolic process,2,False,False
GO_BP,GO:0046090,deoxyadenosine metabolic process,2,False,False
GO_BP,GO:0046094,deoxyinosine metabolic process,2,False,False
GO_BP,GO:0046102,inosine metabolic process,2,False,False
GO_BP,GO:0046121,2'-deoxyribonucleoside catabolic process,2,False,False
GO_BP,GO:0046122,purine deoxyribonucleoside metabolic process,2,False,False
GO_BP,GO:0046124,purine deoxyribonucleoside catabolic process,2,False,False
GO_BP,GO:0046128,purine ribonucleoside metabolic process,2,False,False
GO_BP,GO:0046130,purine ribonucleoside catabolic process,2,False,False
GO_BP,GO:0046137,negative regulation of vitamin metabolic process,2,False,False
GO_BP,GO:0046173,polyol biosynthetic process,2,False,False
GO_BP,GO:0046189,phenol-containing compound biosynthetic process,2,False,False
GO_BP,GO:0046321,positive regulation of fatty acid oxidation,2,False,False
GO_BP,GO:0046337,phosphatidylethanolamine metabolic process,2,False,False
GO_BP,GO:0046386,deoxyribose phosphate catabolic process,2,False,False
GO_BP,GO:0046470,phosphatidylcholine metabolic process,2,False,False
GO_BP,GO:0046530,photoreceptor cell differentiation,2,False,False
GO_BP,GO:0046541,saliva secretion,2,False,False
GO_BP,GO:0046599,regulation of centriole replication,2,False,False
GO_BP,GO:0046621,negative regulation of organ growth,2,False,False
GO_BP,GO:0046634,regulation of alpha-beta T cell activation,2,False,False
GO_BP,GO:0046635,positive regulation of alpha-beta T cell activation,2,False,False
GO_BP,GO:0046637,regulation of alpha-beta T cell differentiation,2,False,False
GO_BP,GO:0046638,positive regulation of alpha-beta T cell differentiation,2,False,False
GO_BP,GO:0046785,microtubule polymerization,2,False,False
GO_BP,GO:0046928,regulation of neurotransmitter secretion,2,False,False
GO_BP,GO:0048002,antigen processing and presentation of peptide antigen,2,False,False
GO_BP,GO:0048041,focal adhesion assembly,2,False,False
GO_BP,GO:0048170,positive regulation of long-term neuronal synaptic plasticity,2,False,False
GO_BP,GO:0048193,Golgi vesicle transport,2,False,False
GO_BP,GO:0048232,male gamete generation,2,False,False
GO_BP,GO:0048255,mRNA stabilization,2,False,False
GO_BP,GO:0048265,response to pain,2,False,False
GO_BP,GO:0048266,behavioral response to pain,2,False,False
GO_BP,GO:0048284,organelle fusion,2,False,False
GO_BP,GO:0048308,organelle inheritance,2,False,False
GO_BP,GO:0048313,Golgi inheritance,2,False,False
GO_BP,GO:0048385,regulation of retinoic acid receptor signaling pathway,2,False,False
GO_BP,GO:0048483,autonomic nervous system development,2,False,False
GO_BP,GO:0048484,enteric nervous system development,2,False,False
GO_BP,GO:0048524,positive regulation of viral process,2,False,False
GO_BP,GO:0048588,developmental cell growth,2,False,False
GO_BP,GO:0048592,eye morphogenesis,2,False,False
GO_BP,GO:0048644,muscle organ morphogenesis,2,False,False
GO_BP,GO:0048806,genitalia development,2,False,False
GO_BP,GO:0048839,inner ear development,2,False,False
GO_BP,GO:0048861,leukemia inhibitory factor signaling pathway,2,False,False
GO_BP,GO:0048864,stem cell development,2,False,False
GO_BP,GO:0050672,negative regulation of lymphocyte proliferation,2,False,False
GO_BP,GO:0050766,positive regulation of phagocytosis,2,False,False
GO_BP,GO:0050772,positive regulation of axonogenesis,2,False,False
GO_BP,GO:0050784,cocaine catabolic process,2,False,False
GO_BP,GO:0050832,defense response to fungus,2,False,False
GO_BP,GO:0050872,white fat cell differentiation,2,False,False
GO_BP,GO:0050873,brown fat cell differentiation,2,False,False
GO_BP,GO:0050907,detection of chemical stimulus involved in sensory perception,2,False,False
GO_BP,GO:0050909,sensory perception of taste,2,False,False
GO_BP,GO:0050912,detection of chemical stimulus involved in sensory perception of taste,2,False,False
GO_BP,GO:0050913,sensory perception of bitter taste,2,False,False
GO_BP,GO:0050953,sensory perception of light stimulus,2,False,False
GO_BP,GO:0050966,detection of mechanical stimulus involved in sensory perception of pain,2,False,False
GO_BP,GO:0051043,regulation of membrane protein ectodomain proteolysis,2,False,False
GO_BP,GO:0051044,positive regulation of membrane protein ectodomain proteolysis,2,False,False
GO_BP,GO:0051055,negative regulation of lipid biosynthetic process,2,False,False
GO_BP,GO:0051100,negative regulation of binding,2,False,False
GO_BP,GO:0051101,regulation of DNA binding,2,False,False
GO_BP,GO:0051148,negative regulation of muscle cell differentiation,2,False,False
GO_BP,GO:0051150,regulation of smooth muscle cell differentiation,2,False,False
GO_BP,GO:0051235,maintenance of location,2,False,False
GO_BP,GO:0051236,establishment of RNA localization,2,False,False
GO_BP,GO:0051262,protein tetramerization,2,False,False
GO_BP,GO:0051299,centrosome separation,2,False,False
GO_BP,GO:0051336,regulation of hydrolase activity,2,False,False
GO_BP,GO:0051341,regulation of oxidoreductase activity,2,False,False
GO_BP,GO:0051353,positive regulation of oxidoreductase activity,2,False,False
GO_BP,GO:0051412,response to corticosterone,2,False,False
GO_BP,GO:0051492,regulation of stress fiber assembly,2,False,False
GO_BP,GO:0051496,positive regulation of stress fiber assembly,2,False,False
GO_BP,GO:0051582,positive regulation of neurotransmitter uptake,2,False,False
GO_BP,GO:0051583,dopamine uptake involved in synaptic transmission,2,False,False
GO_BP,GO:0051586,positive regulation of dopamine uptake involved in synaptic transmission,2,False,False
GO_BP,GO:0051602,response to electrical stimulus,2,False,False
GO_BP,GO:0051610,serotonin uptake,2,False,False
GO_BP,GO:0051651,maintenance of location in cell,2,False,False
GO_BP,GO:0051788,response to misfolded protein,2,False,False
GO_BP,GO:0051895,negative regulation of focal adhesion assembly,2,False,False
GO_BP,GO:0051901,positive regulation of mitochondrial depolarization,2,False,False
GO_BP,GO:0051902,negative regulation of mitochondrial depolarization,2,False,False
GO_BP,GO:0051917,regulation of fibrinolysis,2,False,False
GO_BP,GO:0051918,negative regulation of fibrinolysis,2,False,False
GO_BP,GO:0051926,negative regulation of calcium ion transport,2,False,False
GO_BP,GO:0051969,regulation of transmission of nerve impulse,2,False,False
GO_BP,GO:0051970,negative regulation of transmission of nerve impulse,2,False,False
GO_BP,GO:0055001,muscle cell development,2,False,False
GO_BP,GO:0055021,regulation of cardiac muscle tissue growth,2,False,False
GO_BP,GO:0055064,chloride ion homeostasis,2,False,False
GO_BP,GO:0055070,copper ion homeostasis,2,False,False
GO_BP,GO:0055075,potassium ion homeostasis,2,False,False
GO_BP,GO:0055081,monoatomic anion homeostasis,2,False,False
GO_BP,GO:0055089,fatty acid homeostasis,2,False,False
GO_BP,GO:0055091,phospholipid homeostasis,2,False,False
GO_BP,GO:0060033,anatomical structure regression,2,False,False
GO_BP,GO:0060073,micturition,2,False,False
GO_BP,GO:0060080,inhibitory postsynaptic potential,2,False,False
GO_BP,GO:0060084,synaptic transmission involved in micturition,2,False,False
GO_BP,GO:0060160,negative regulation of dopamine receptor signaling pathway,2,False,False
GO_BP,GO:0060216,definitive hemopoiesis,2,False,False
GO_BP,GO:0060236,regulation of mitotic spindle organization,2,False,False
GO_BP,GO:0060259,regulation of feeding behavior,2,False,False
GO_BP,GO:0060309,elastin catabolic process,2,False,False
GO_BP,GO:0060312,regulation of blood vessel remodeling,2,False,False
GO_BP,GO:0060323,head morphogenesis,2,False,False
GO_BP,GO:0060325,face morphogenesis,2,False,False
GO_BP,GO:0060330,regulation of response to type II interferon,2,False,False
GO_BP,GO:0060331,negative regulation of response to type II interferon,2,False,False
GO_BP,GO:0060334,regulation of type II interferon-mediated signaling pathway,2,False,False
GO_BP,GO:0060336,negative regulation of type II interferon-mediated signaling pathway,2,False,False
GO_BP,GO:0060339,negative regulation of type I interferon-mediated signaling pathway,2,False,False
GO_BP,GO:0060353,regulation of cell adhesion molecule production,2,False,False
GO_BP,GO:0060372,regulation of atrial cardiac muscle cell membrane repolarization,2,False,False
GO_BP,GO:0060415,muscle tissue morphogenesis,2,False,False
GO_BP,GO:0060420,regulation of heart growth,2,False,False
GO_BP,GO:0060452,positive regulation of cardiac muscle contraction,2,False,False
GO_BP,GO:0060544,regulation of necroptotic process,2,False,False
GO_BP,GO:0060560,developmental growth involved in morphogenesis,2,False,False
GO_BP,GO:0060612,adipose tissue development,2,False,False
GO_BP,GO:0060620,regulation of cholesterol import,2,False,False
GO_BP,GO:0060632,regulation of microtubule-based movement,2,False,False
GO_BP,GO:0060633,negative regulation of transcription initiation by RNA polymerase II,2,False,False
GO_BP,GO:0060746,parental behavior,2,False,False
GO_BP,GO:0060788,ectodermal placode formation,2,False,False
GO_BP,GO:0060789,hair follicle placode formation,2,False,False
GO_BP,GO:0060973,cell migration involved in heart development,2,False,False
GO_BP,GO:0061000,negative regulation of dendritic spine development,2,False,False
GO_BP,GO:0061025,membrane fusion,2,False,False
GO_BP,GO:0061029,eyelid development in camera-type eye,2,False,False
GO_BP,GO:0061035,regulation of cartilage development,2,False,False
GO_BP,GO:0061081,positive regulation of myeloid leukocyte cytokine production involved in immune response,2,False,False
GO_BP,GO:0061179,negative regulation of insulin secretion involved in cellular response to glucose stimulus,2,False,False
GO_BP,GO:0061180,mammary gland epithelium development,2,False,False
GO_BP,GO:0061196,fungiform papilla development,2,False,False
GO_BP,GO:0061197,fungiform papilla morphogenesis,2,False,False
GO_BP,GO:0061198,fungiform papilla formation,2,False,False
GO_BP,GO:0061298,retina vasculature development in camera-type eye,2,False,False
GO_BP,GO:0061436,establishment of skin barrier,2,False,False
GO_BP,GO:0061450,trophoblast cell migration,2,False,False
GO_BP,GO:0061523,cilium disassembly,2,False,False
GO_BP,GO:0061640,cytoskeleton-dependent cytokinesis,2,False,False
GO_BP,GO:0061684,chaperone-mediated autophagy,2,False,False
GO_BP,GO:0061744,motor behavior,2,False,False
GO_BP,GO:0061771,response to caloric restriction,2,False,False
GO_BP,GO:0061982,meiosis I cell cycle process,2,False,False
GO_BP,GO:0062098,regulation of programmed necrotic cell death,2,False,False
GO_BP,GO:0065005,protein-lipid complex assembly,2,False,False
GO_BP,GO:0070120,ciliary neurotrophic factor-mediated signaling pathway,2,False,False
GO_BP,GO:0070163,regulation of adiponectin secretion,2,False,False
GO_BP,GO:0070165,positive regulation of adiponectin secretion,2,False,False
GO_BP,GO:0070199,establishment of protein localization to chromosome,2,False,False
GO_BP,GO:0070207,protein homotrimerization,2,False,False
GO_BP,GO:0070232,regulation of T cell apoptotic process,2,False,False
GO_BP,GO:0070431,nucleotide-binding oligomerization domain containing 2 signaling pathway,2,False,False
GO_BP,GO:0070474,positive regulation of uterine smooth muscle contraction,2,False,False
GO_BP,GO:0070498,interleukin-1-mediated signaling pathway,2,False,False
GO_BP,GO:0070528,protein kinase C signaling,2,False,False
GO_BP,GO:0070534,protein K63-linked ubiquitination,2,False,False
GO_BP,GO:0070561,vitamin D receptor signaling pathway,2,False,False
GO_BP,GO:0070562,regulation of vitamin D receptor signaling pathway,2,False,False
GO_BP,GO:0070564,positive regulation of vitamin D receptor signaling pathway,2,False,False
GO_BP,GO:0070585,protein localization to mitochondrion,2,False,False
GO_BP,GO:0070613,regulation of protein processing,2,False,False
GO_BP,GO:0070857,regulation of bile acid biosynthetic process,2,False,False
GO_BP,GO:0070875,positive regulation of glycogen metabolic process,2,False,False
GO_BP,GO:0070918,regulatory ncRNA processing,2,False,False
GO_BP,GO:0070935,3'-UTR-mediated mRNA stabilization,2,False,False
GO_BP,GO:0070945,neutrophil-mediated killing of gram-negative bacterium,2,False,False
GO_BP,GO:0071103,DNA conformation change,2,False,False
GO_BP,GO:0071287,cellular response to manganese ion,2,False,False
GO_BP,GO:0071295,cellular response to vitamin,2,False,False
GO_BP,GO:0071305,cellular response to vitamin D,2,False,False
GO_BP,GO:0071314,cellular response to cocaine,2,False,False
GO_BP,GO:0071316,cellular response to nicotine,2,False,False
GO_BP,GO:0071320,cellular response to cAMP,2,False,False
GO_BP,GO:0071371,cellular response to gonadotropin stimulus,2,False,False
GO_BP,GO:0071373,cellular response to luteinizing hormone stimulus,2,False,False
GO_BP,GO:0071379,cellular response to prostaglandin stimulus,2,False,False
GO_BP,GO:0071391,cellular response to estrogen stimulus,2,False,False
GO_BP,GO:0071447,cellular response to hydroperoxide,2,False,False
GO_BP,GO:0071479,cellular response to ionizing radiation,2,False,False
GO_BP,GO:0071499,cellular response to laminar fluid shear stress,2,False,False
GO_BP,GO:0071636,positive regulation of transforming growth factor beta production,2,False,False
GO_BP,GO:0071638,negative regulation of monocyte chemotactic protein-1 production,2,False,False
GO_BP,GO:0071676,negative regulation of mononuclear cell migration,2,False,False
GO_BP,GO:0071696,ectodermal placode development,2,False,False
GO_BP,GO:0071697,ectodermal placode morphogenesis,2,False,False
GO_BP,GO:0071709,membrane assembly,2,False,False
GO_BP,GO:0071732,cellular response to nitric oxide,2,False,False
GO_BP,GO:0071798,response to prostaglandin D,2,False,False
GO_BP,GO:0071799,cellular response to prostaglandin D stimulus,2,False,False
GO_BP,GO:0071806,protein transmembrane transport,2,False,False
GO_BP,GO:0071824,protein-DNA complex organization,2,False,False
GO_BP,GO:0071882,phospholipase C-activating adrenergic receptor signaling pathway,2,False,False
GO_BP,GO:0071932,replication fork reversal,2,False,False
GO_BP,GO:0071934,thiamine transmembrane transport,2,False,False
GO_BP,GO:0071941,nitrogen cycle metabolic process,2,False,False
GO_BP,GO:0072009,nephron epithelium development,2,False,False
GO_BP,GO:0072091,regulation of stem cell proliferation,2,False,False
GO_BP,GO:0072337,modified amino acid transport,2,False,False
GO_BP,GO:0072377,"blood coagulation, common pathway",2,False,False
GO_BP,GO:0072525,pyridine-containing compound biosynthetic process,2,False,False
GO_BP,GO:0072538,T-helper 17 type immune response,2,False,False
GO_BP,GO:0072539,T-helper 17 cell differentiation,2,False,False
GO_BP,GO:0072595,maintenance of protein localization in organelle,2,False,False
GO_BP,GO:0072676,lymphocyte migration,2,False,False
GO_BP,GO:0075509,endocytosis involved in viral entry into host cell,2,False,False
GO_BP,GO:0080184,response to phenylpropanoid,2,False,False
GO_BP,GO:0086009,membrane repolarization,2,False,False
GO_BP,GO:0086011,membrane repolarization during action potential,2,False,False
GO_BP,GO:0086012,membrane depolarization during cardiac muscle cell action potential,2,False,False
GO_BP,GO:0086013,membrane repolarization during cardiac muscle cell action potential,2,False,False
GO_BP,GO:0086014,atrial cardiac muscle cell action potential,2,False,False
GO_BP,GO:0086015,SA node cell action potential,2,False,False
GO_BP,GO:0086018,SA node cell to atrial cardiac muscle cell signaling,2,False,False
GO_BP,GO:0086026,atrial cardiac muscle cell to AV node cell signaling,2,False,False
GO_BP,GO:0086066,atrial cardiac muscle cell to AV node cell communication,2,False,False
GO_BP,GO:0086070,SA node cell to atrial cardiac muscle cell communication,2,False,False
GO_BP,GO:0086100,endothelin receptor signaling pathway,2,False,False
GO_BP,GO:0089718,amino acid import across plasma membrane,2,False,False
GO_BP,GO:0090022,regulation of neutrophil chemotaxis,2,False,False
GO_BP,GO:0090042,tubulin deacetylation,2,False,False
GO_BP,GO:0090049,regulation of cell migration involved in sprouting angiogenesis,2,False,False
GO_BP,GO:0090050,positive regulation of cell migration involved in sprouting angiogenesis,2,False,False
GO_BP,GO:0090077,foam cell differentiation,2,False,False
GO_BP,GO:0090083,regulation of inclusion body assembly,2,False,False
GO_BP,GO:0090130,tissue migration,2,False,False
GO_BP,GO:0090132,epithelium migration,2,False,False
GO_BP,GO:0090141,positive regulation of mitochondrial fission,2,False,False
GO_BP,GO:0090153,regulation of sphingolipid biosynthetic process,2,False,False
GO_BP,GO:0090154,positive regulation of sphingolipid biosynthetic process,2,False,False
GO_BP,GO:0090170,regulation of Golgi inheritance,2,False,False
GO_BP,GO:0090201,negative regulation of release of cytochrome c from mitochondria,2,False,False
GO_BP,GO:0090235,regulation of metaphase plate congression,2,False,False
GO_BP,GO:0090237,regulation of arachidonate secretion,2,False,False
GO_BP,GO:0090258,negative regulation of mitochondrial fission,2,False,False
GO_BP,GO:0090279,regulation of calcium ion import,2,False,False
GO_BP,GO:0090313,regulation of protein targeting to membrane,2,False,False
GO_BP,GO:0090314,positive regulation of protein targeting to membrane,2,False,False
GO_BP,GO:0090325,regulation of locomotion involved in locomotory behavior,2,False,False
GO_BP,GO:0090331,negative regulation of platelet aggregation,2,False,False
GO_BP,GO:0090336,positive regulation of brown fat cell differentiation,2,False,False
GO_BP,GO:0090345,organohalogen metabolic process,2,False,False
GO_BP,GO:0090399,replicative senescence,2,False,False
GO_BP,GO:0090497,mesenchymal cell migration,2,False,False
GO_BP,GO:0090592,DNA synthesis involved in DNA replication,2,False,False
GO_BP,GO:0090594,inflammatory response to wounding,2,False,False
GO_BP,GO:0090659,walking behavior,2,False,False
GO_BP,GO:0097028,dendritic cell differentiation,2,False,False
GO_BP,GO:0097066,response to thyroid hormone,2,False,False
GO_BP,GO:0097067,cellular response to thyroid hormone stimulus,2,False,False
GO_BP,GO:0097154,GABAergic neuron differentiation,2,False,False
GO_BP,GO:0097194,execution phase of apoptosis,2,False,False
GO_BP,GO:0097254,renal tubular secretion,2,False,False
GO_BP,GO:0097623,potassium ion export across plasma membrane,2,False,False
GO_BP,GO:0097696,cell surface receptor signaling pathway via STAT,2,False,False
GO_BP,GO:0097700,vascular endothelial cell response to laminar fluid shear stress,2,False,False
GO_BP,GO:0097702,response to oscillatory fluid shear stress,2,False,False
GO_BP,GO:0097704,cellular response to oscillatory fluid shear stress,2,False,False
GO_BP,GO:0097706,vascular endothelial cell response to oscillatory fluid shear stress,2,False,False
GO_BP,GO:0097744,renal urate salt excretion,2,False,False
GO_BP,GO:0098704,carbohydrate import across plasma membrane,2,False,False
GO_BP,GO:0098708,D-glucose import across plasma membrane,2,False,False
GO_BP,GO:0098719,sodium ion import across plasma membrane,2,False,False
GO_BP,GO:0098727,maintenance of cell number,2,False,False
GO_BP,GO:0098856,intestinal lipid absorption,2,False,False
GO_BP,GO:0098917,retrograde trans-synaptic signaling,2,False,False
GO_BP,GO:0098920,retrograde trans-synaptic signaling by lipid,2,False,False
GO_BP,GO:0098921,retrograde trans-synaptic signaling by endocannabinoid,2,False,False
GO_BP,GO:0099024,plasma membrane invagination,2,False,False
GO_BP,GO:0099039,sphingolipid translocation,2,False,False
GO_BP,GO:0099072,regulation of postsynaptic membrane neurotransmitter receptor levels,2,False,False
GO_BP,GO:0099150,regulation of postsynaptic specialization assembly,2,False,False
GO_BP,GO:0099151,regulation of postsynaptic density assembly,2,False,False
GO_BP,GO:0099527,postsynapse to nucleus signaling pathway,2,False,False
GO_BP,GO:0099560,synaptic membrane adhesion,2,False,False
GO_BP,GO:0099601,regulation of neurotransmitter receptor activity,2,False,False
GO_BP,GO:0099622,cardiac muscle cell membrane repolarization,2,False,False
GO_BP,GO:0099643,signal release from synapse,2,False,False
GO_BP,GO:0106015,negative regulation of inflammatory response to wounding,2,False,False
GO_BP,GO:0106072,negative regulation of adenylate cyclase-activating G protein-coupled receptor signaling pathway,2,False,False
GO_BP,GO:0110020,regulation of actomyosin structure organization,2,False,False
GO_BP,GO:0110095,cellular detoxification of aldehyde,2,False,False
GO_BP,GO:0110096,cellular response to aldehyde,2,False,False
GO_BP,GO:0120033,negative regulation of plasma membrane bounded cell projection assembly,2,False,False
GO_BP,GO:0120040,regulation of macrophage proliferation,2,False,False
GO_BP,GO:0120041,positive regulation of macrophage proliferation,2,False,False
GO_BP,GO:0120188,regulation of bile acid secretion,2,False,False
GO_BP,GO:0120252,hydrocarbon metabolic process,2,False,False
GO_BP,GO:0140013,meiotic nuclear division,2,False,False
GO_BP,GO:0140075,regulation of lipoprotein transport,2,False,False
GO_BP,GO:0140077,positive regulation of lipoprotein transport,2,False,False
GO_BP,GO:0140212,regulation of long-chain fatty acid import into cell,2,False,False
GO_BP,GO:0140271,hexose import across plasma membrane,2,False,False
GO_BP,GO:0140894,endolysosomal toll-like receptor signaling pathway,2,False,False
GO_BP,GO:0141163,positive regulation of cAMP/PKA signal transduction,2,False,False
GO_BP,GO:0150115,cell-substrate junction organization,2,False,False
GO_BP,GO:0150118,negative regulation of cell-substrate junction organization,2,False,False
GO_BP,GO:0160020,positive regulation of ferroptosis,2,False,False
GO_BP,GO:1900024,regulation of substrate adhesion-dependent cell spreading,2,False,False
GO_BP,GO:1900102,negative regulation of endoplasmic reticulum unfolded protein response,2,False,False
GO_BP,GO:1900103,positive regulation of endoplasmic reticulum unfolded protein response,2,False,False
GO_BP,GO:1900119,positive regulation of execution phase of apoptosis,2,False,False
GO_BP,GO:1900181,negative regulation of protein localization to nucleus,2,False,False
GO_BP,GO:1900221,regulation of amyloid-beta clearance,2,False,False
GO_BP,GO:1900272,negative regulation of long-term synaptic potentiation,2,False,False
GO_BP,GO:1900407,regulation of cellular response to oxidative stress,2,False,False
GO_BP,GO:1900451,positive regulation of glutamate receptor signaling pathway,2,False,False
GO_BP,GO:1900543,negative regulation of purine nucleotide metabolic process,2,False,False
GO_BP,GO:1900744,regulation of p38MAPK cascade,2,False,False
GO_BP,GO:1900745,positive regulation of p38MAPK cascade,2,False,False
GO_BP,GO:1901029,negative regulation of mitochondrial outer membrane permeabilization involved in apoptotic signaling pathway,2,False,False
GO_BP,GO:1901077,regulation of relaxation of muscle,2,False,False
GO_BP,GO:1901078,negative regulation of relaxation of muscle,2,False,False
GO_BP,GO:1901142,insulin metabolic process,2,False,False
GO_BP,GO:1901161,primary amino compound catabolic process,2,False,False
GO_BP,GO:1901186,positive regulation of ERBB signaling pathway,2,False,False
GO_BP,GO:1901201,regulation of extracellular matrix assembly,2,False,False
GO_BP,GO:1901381,positive regulation of potassium ion transmembrane transport,2,False,False
GO_BP,GO:1901656,glycoside transport,2,False,False
GO_BP,GO:1901661,quinone metabolic process,2,False,False
GO_BP,GO:1901673,regulation of mitotic spindle assembly,2,False,False
GO_BP,GO:1901731,positive regulation of platelet aggregation,2,False,False
GO_BP,GO:1901751,leukotriene A4 metabolic process,2,False,False
GO_BP,GO:1901799,negative regulation of proteasomal protein catabolic process,2,False,False
GO_BP,GO:1901857,positive regulation of cellular respiration,2,False,False
GO_BP,GO:1901880,negative regulation of protein depolymerization,2,False,False
GO_BP,GO:1901897,regulation of relaxation of cardiac muscle,2,False,False
GO_BP,GO:1901898,negative regulation of relaxation of cardiac muscle,2,False,False
GO_BP,GO:1901970,positive regulation of mitotic sister chromatid separation,2,False,False
GO_BP,GO:1902004,positive regulation of amyloid-beta formation,2,False,False
GO_BP,GO:1902017,regulation of cilium assembly,2,False,False
GO_BP,GO:1902041,regulation of extrinsic apoptotic signaling pathway via death domain receptors,2,False,False
GO_BP,GO:1902042,negative regulation of extrinsic apoptotic signaling pathway via death domain receptors,2,False,False
GO_BP,GO:1902074,response to salt,2,False,False
GO_BP,GO:1902106,negative regulation of leukocyte differentiation,2,False,False
GO_BP,GO:1902116,negative regulation of organelle assembly,2,False,False
GO_BP,GO:1902117,positive regulation of organelle assembly,2,False,False
GO_BP,GO:1902165,regulation of intrinsic apoptotic signaling pathway in response to DNA damage by p53 class mediator,2,False,False
GO_BP,GO:1902166,negative regulation of intrinsic apoptotic signaling pathway in response to DNA damage by p53 class mediator,2,False,False
GO_BP,GO:1902170,cellular response to reactive nitrogen species,2,False,False
GO_BP,GO:1902177,positive regulation of oxidative stress-induced intrinsic apoptotic signaling pathway,2,False,False
GO_BP,GO:1902202,regulation of hepatocyte growth factor receptor signaling pathway,2,False,False
GO_BP,GO:1902253,regulation of intrinsic apoptotic signaling pathway by p53 class mediator,2,False,False
GO_BP,GO:1902254,negative regulation of intrinsic apoptotic signaling pathway by p53 class mediator,2,False,False
GO_BP,GO:1902369,negative regulation of RNA catabolic process,2,False,False
GO_BP,GO:1902373,negative regulation of mRNA catabolic process,2,False,False
GO_BP,GO:1902410,mitotic cytokinetic process,2,False,False
GO_BP,GO:1902423,regulation of attachment of mitotic spindle microtubules to kinetochore,2,False,False
GO_BP,GO:1902425,positive regulation of attachment of mitotic spindle microtubules to kinetochore,2,False,False
GO_BP,GO:1902430,negative regulation of amyloid-beta formation,2,False,False
GO_BP,GO:1902455,negative regulation of stem cell population maintenance,2,False,False
GO_BP,GO:1902473,regulation of protein localization to synapse,2,False,False
GO_BP,GO:1902475,L-alpha-amino acid transmembrane transport,2,False,False
GO_BP,GO:1902514,regulation of calcium ion transmembrane transport via high voltage-gated calcium channel,2,False,False
GO_BP,GO:1902600,proton transmembrane transport,2,False,False
GO_BP,GO:1902624,positive regulation of neutrophil migration,2,False,False
GO_BP,GO:1902724,positive regulation of skeletal muscle satellite cell proliferation,2,False,False
GO_BP,GO:1902728,positive regulation of growth factor dependent skeletal muscle satellite cell proliferation,2,False,False
GO_BP,GO:1902751,positive regulation of cell cycle G2/M phase transition,2,False,False
GO_BP,GO:1902882,regulation of response to oxidative stress,2,False,False
GO_BP,GO:1902914,regulation of protein polyubiquitination,2,False,False
GO_BP,GO:1902916,positive regulation of protein polyubiquitination,2,False,False
GO_BP,GO:1902950,regulation of dendritic spine maintenance,2,False,False
GO_BP,GO:1902951,negative regulation of dendritic spine maintenance,2,False,False
GO_BP,GO:1902969,mitotic DNA replication,2,False,False
GO_BP,GO:1902988,neurofibrillary tangle assembly,2,False,False
GO_BP,GO:1902992,negative regulation of amyloid precursor protein catabolic process,2,False,False
GO_BP,GO:1903054,negative regulation of extracellular matrix organization,2,False,False
GO_BP,GO:1903055,positive regulation of extracellular matrix organization,2,False,False
GO_BP,GO:1903242,regulation of cardiac muscle hypertrophy in response to stress,2,False,False
GO_BP,GO:1903243,negative regulation of cardiac muscle hypertrophy in response to stress,2,False,False
GO_BP,GO:1903297,regulation of hypoxia-induced intrinsic apoptotic signaling pathway,2,False,False
GO_BP,GO:1903298,negative regulation of hypoxia-induced intrinsic apoptotic signaling pathway,2,False,False
GO_BP,GO:1903312,negative regulation of mRNA metabolic process,2,False,False
GO_BP,GO:1903319,positive regulation of protein maturation,2,False,False
GO_BP,GO:1903358,regulation of Golgi organization,2,False,False
GO_BP,GO:1903365,regulation of fear response,2,False,False
GO_BP,GO:1903377,negative regulation of oxidative stress-induced neuron intrinsic apoptotic signaling pathway,2,False,False
GO_BP,GO:1903378,positive regulation of oxidative stress-induced neuron intrinsic apoptotic signaling pathway,2,False,False
GO_BP,GO:1903413,cellular response to bile acid,2,False,False
GO_BP,GO:1903509,liposaccharide metabolic process,2,False,False
GO_BP,GO:1903533,regulation of protein targeting,2,False,False
GO_BP,GO:1903579,negative regulation of ATP metabolic process,2,False,False
GO_BP,GO:1903671,negative regulation of sprouting angiogenesis,2,False,False
GO_BP,GO:1903672,positive regulation of sprouting angiogenesis,2,False,False
GO_BP,GO:1903707,negative regulation of hemopoiesis,2,False,False
GO_BP,GO:1903715,regulation of aerobic respiration,2,False,False
GO_BP,GO:1903747,regulation of protein localization to mitochondrion,2,False,False
GO_BP,GO:1903750,regulation of intrinsic apoptotic signaling pathway in response to hydrogen peroxide,2,False,False
GO_BP,GO:1903751,negative regulation of intrinsic apoptotic signaling pathway in response to hydrogen peroxide,2,False,False
GO_BP,GO:1903846,positive regulation of cellular response to transforming growth factor beta stimulus,2,False,False
GO_BP,GO:1903862,positive regulation of oxidative phosphorylation,2,False,False
GO_BP,GO:1903897,regulation of PERK-mediated unfolded protein response,2,False,False
GO_BP,GO:1903898,negative regulation of PERK-mediated unfolded protein response,2,False,False
GO_BP,GO:1903969,regulation of response to macrophage colony-stimulating factor,2,False,False
GO_BP,GO:1903972,regulation of cellular response to macrophage colony-stimulating factor stimulus,2,False,False
GO_BP,GO:1904037,positive regulation of epithelial cell apoptotic process,2,False,False
GO_BP,GO:1904109,positive regulation of cholesterol import,2,False,False
GO_BP,GO:1904179,positive regulation of adipose tissue development,2,False,False
GO_BP,GO:1904180,negative regulation of membrane depolarization,2,False,False
GO_BP,GO:1904181,positive regulation of membrane depolarization,2,False,False
GO_BP,GO:1904353,regulation of telomere capping,2,False,False
GO_BP,GO:1904355,positive regulation of telomere capping,2,False,False
GO_BP,GO:1904515,positive regulation of TORC2 signaling,2,False,False
GO_BP,GO:1904589,regulation of protein import,2,False,False
GO_BP,GO:1904706,negative regulation of vascular associated smooth muscle cell proliferation,2,False,False
GO_BP,GO:1904749,regulation of protein localization to nucleolus,2,False,False
GO_BP,GO:1904751,positive regulation of protein localization to nucleolus,2,False,False
GO_BP,GO:1904754,positive regulation of vascular associated smooth muscle cell migration,2,False,False
GO_BP,GO:1904889,regulation of excitatory synapse assembly,2,False,False
GO_BP,GO:1904893,negative regulation of receptor signaling pathway via STAT,2,False,False
GO_BP,GO:1904936,interneuron migration,2,False,False
GO_BP,GO:1905063,regulation of vascular associated smooth muscle cell differentiation,2,False,False
GO_BP,GO:1905168,positive regulation of double-strand break repair via homologous recombination,2,False,False
GO_BP,GO:1905207,regulation of cardiocyte differentiation,2,False,False
GO_BP,GO:1905232,cellular response to L-glutamate,2,False,False
GO_BP,GO:1905323,telomerase holoenzyme complex assembly,2,False,False
GO_BP,GO:1905335,regulation of aggrephagy,2,False,False
GO_BP,GO:1905429,response to glycine,2,False,False
GO_BP,GO:1905430,cellular response to glycine,2,False,False
GO_BP,GO:1905459,regulation of vascular associated smooth muscle cell apoptotic process,2,False,False
GO_BP,GO:1905562,regulation of vascular endothelial cell proliferation,2,False,False
GO_BP,GO:1905709,negative regulation of membrane permeability,2,False,False
GO_BP,GO:1905784,regulation of anaphase-promoting complex-dependent catabolic process,2,False,False
GO_BP,GO:1905820,positive regulation of chromosome separation,2,False,False
GO_BP,GO:1905874,regulation of postsynaptic density organization,2,False,False
GO_BP,GO:1905906,regulation of amyloid fibril formation,2,False,False
GO_BP,GO:1990384,hyaloid vascular plexus regression,2,False,False
GO_BP,GO:1990416,cellular response to brain-derived neurotrophic factor stimulus,2,False,False
GO_BP,GO:1990535,neuron projection maintenance,2,False,False
GO_BP,GO:1990911,response to psychosocial stress,2,False,False
GO_BP,GO:2000008,regulation of protein localization to cell surface,2,False,False
GO_BP,GO:2000010,positive regulation of protein localization to cell surface,2,False,False
GO_BP,GO:2000042,negative regulation of double-strand break repair via homologous recombination,2,False,False
GO_BP,GO:2000074,regulation of type B pancreatic cell development,2,False,False
GO_BP,GO:2000143,negative regulation of DNA-templated transcription initiation,2,False,False
GO_BP,GO:2000178,negative regulation of neural precursor cell proliferation,2,False,False
GO_BP,GO:2000179,positive regulation of neural precursor cell proliferation,2,False,False
GO_BP,GO:2000193,positive regulation of fatty acid transport,2,False,False
GO_BP,GO:2000288,positive regulation of myoblast proliferation,2,False,False
GO_BP,GO:2000291,regulation of myoblast proliferation,2,False,False
GO_BP,GO:2000303,regulation of ceramide biosynthetic process,2,False,False
GO_BP,GO:2000304,positive regulation of ceramide biosynthetic process,2,False,False
GO_BP,GO:2000310,regulation of NMDA receptor activity,2,False,False
GO_BP,GO:2000392,regulation of lamellipodium morphogenesis,2,False,False
GO_BP,GO:2000394,positive regulation of lamellipodium morphogenesis,2,False,False
GO_BP,GO:2000403,positive regulation of lymphocyte migration,2,False,False
GO_BP,GO:2000737,negative regulation of stem cell differentiation,2,False,False
GO_BP,GO:2000780,negative regulation of double-strand break repair,2,False,False
GO_BP,GO:2000822,regulation of behavioral fear response,2,False,False
GO_BP,GO:2000831,regulation of steroid hormone secretion,2,False,False
GO_BP,GO:2001023,regulation of response to drug,2,False,False
GO_BP,GO:2001026,regulation of endothelial cell chemotaxis,2,False,False
GO_BP,GO:2001028,positive regulation of endothelial cell chemotaxis,2,False,False
GO_BP,GO:2001244,positive regulation of intrinsic apoptotic signaling pathway,2,False,False
GO_BP,GO:2001279,regulation of unsaturated fatty acid biosynthetic process,2,False,False
GO_BP,GO:2001302,lipoxin A4 metabolic process,2,False,False
GO_BP,GO:2001303,lipoxin A4 biosynthetic process,2,False,False
GO_BP,GO:0000012,single strand break repair,1,False,False
GO_BP,GO:0000022,mitotic spindle elongation,1,False,False
GO_BP,GO:0000025,maltose catabolic process,1,False,False
GO_BP,GO:0000041,transition metal ion transport,1,False,False
GO_BP,GO:0000050,urea cycle,1,False,False
GO_BP,GO:0000054,ribosomal subunit export from nucleus,1,False,False
GO_BP,GO:0000055,ribosomal large subunit export from nucleus,1,False,False
GO_BP,GO:0000056,ribosomal small subunit export from nucleus,1,False,False
GO_BP,GO:0000101,sulfur amino acid transport,1,False,False
GO_BP,GO:0000132,establishment of mitotic spindle orientation,1,False,False
GO_BP,GO:0000183,rDNA heterochromatin formation,1,False,False
GO_BP,GO:0000212,meiotic spindle organization,1,False,False
GO_BP,GO:0000303,response to superoxide,1,False,False
GO_BP,GO:0000304,response to singlet oxygen,1,False,False
GO_BP,GO:0000305,response to oxygen radical,1,False,False
GO_BP,GO:0000316,sulfite transmembrane transport,1,False,False
GO_BP,GO:0000338,protein deneddylation,1,False,False
GO_BP,GO:0000375,"RNA splicing, via transesterification reactions",1,False,False
GO_BP,GO:0000377,"RNA splicing, via transesterification reactions with bulged adenosine as nucleophile",1,False,False
GO_BP,GO:0000381,"regulation of alternative mRNA splicing, via spliceosome",1,False,False
GO_BP,GO:0000394,"RNA splicing, via endonucleolytic cleavage and ligation",1,False,False
GO_BP,GO:0000398,"mRNA splicing, via spliceosome",1,False,False
GO_BP,GO:0000712,resolution of meiotic recombination intermediates,1,False,False
GO_BP,GO:0000722,telomere maintenance via recombination,1,False,False
GO_BP,GO:0000724,double-strand break repair via homologous recombination,1,False,False
GO_BP,GO:0000725,recombinational repair,1,False,False
GO_BP,GO:0000729,DNA double-strand break processing,1,False,False
GO_BP,GO:0000731,DNA synthesis involved in DNA repair,1,False,False
GO_BP,GO:0001172,RNA-templated transcription,1,False,False
GO_BP,GO:0001507,acetylcholine catabolic process in synaptic cleft,1,False,False
GO_BP,GO:0001542,ovulation from ovarian follicle,1,False,False
GO_BP,GO:0001553,luteinization,1,False,False
GO_BP,GO:0001556,oocyte maturation,1,False,False
GO_BP,GO:0001578,microtubule bundle formation,1,False,False
GO_BP,GO:0001655,urogenital system development,1,False,False
GO_BP,GO:0001657,ureteric bud development,1,False,False
GO_BP,GO:0001696,gastric acid secretion,1,False,False
GO_BP,GO:0001709,cell fate determination,1,False,False
GO_BP,GO:0001779,natural killer cell differentiation,1,False,False
GO_BP,GO:0001781,neutrophil apoptotic process,1,False,False
GO_BP,GO:0001807,regulation of type IV hypersensitivity,1,False,False
GO_BP,GO:0001816,cytokine production,1,False,False
GO_BP,GO:0001820,serotonin secretion,1,False,False
GO_BP,GO:0001823,mesonephros development,1,False,False
GO_BP,GO:0001878,response to yeast,1,False,False
GO_BP,GO:0001886,endothelial cell morphogenesis,1,False,False
GO_BP,GO:0001892,embryonic placenta development,1,False,False
GO_BP,GO:0001910,regulation of leukocyte mediated cytotoxicity,1,False,False
GO_BP,GO:0001912,positive regulation of leukocyte mediated cytotoxicity,1,False,False
GO_BP,GO:0001919,regulation of receptor recycling,1,False,False
GO_BP,GO:0001946,lymphangiogenesis,1,False,False
GO_BP,GO:0001951,intestinal D-glucose absorption,1,False,False
GO_BP,GO:0001956,positive regulation of neurotransmitter secretion,1,False,False
GO_BP,GO:0001958,endochondral ossification,1,False,False
GO_BP,GO:0001966,thigmotaxis,1,False,False
GO_BP,GO:0001974,blood vessel remodeling,1,False,False
GO_BP,GO:0001976,nervous system process involved in regulation of systemic arterial blood pressure,1,False,False
GO_BP,GO:0001991,regulation of systemic arterial blood pressure by circulatory renin-angiotensin,1,False,False
GO_BP,GO:0001994,norepinephrine-epinephrine vasoconstriction involved in regulation of systemic arterial blood pressure,1,False,False
GO_BP,GO:0001996,positive regulation of heart rate by epinephrine-norepinephrine,1,False,False
GO_BP,GO:0002002,regulation of angiotensin levels in blood,1,False,False
GO_BP,GO:0002003,angiotensin maturation,1,False,False
GO_BP,GO:0002011,morphogenesis of an epithelial sheet,1,False,False
GO_BP,GO:0002016,regulation of blood volume by renin-angiotensin,1,False,False
GO_BP,GO:0002017,regulation of blood volume by renal aldosterone,1,False,False
GO_BP,GO:0002018,renin-angiotensin regulation of aldosterone production,1,False,False
GO_BP,GO:0002021,response to dietary excess,1,False,False
GO_BP,GO:0002034,maintenance of blood vessel diameter homeostasis by renin-angiotensin,1,False,False
GO_BP,GO:0002052,positive regulation of neuroblast proliferation,1,False,False
GO_BP,GO:0002066,columnar/cuboidal epithelial cell development,1,False,False
GO_BP,GO:0002076,osteoblast development,1,False,False
GO_BP,GO:0002086,diaphragm contraction,1,False,False
GO_BP,GO:0002087,regulation of respiratory gaseous exchange by nervous system process,1,False,False
GO_BP,GO:0002159,desmosome assembly,1,False,False
GO_BP,GO:0002181,cytoplasmic translation,1,False,False
GO_BP,GO:0002182,cytoplasmic translational elongation,1,False,False
GO_BP,GO:0002227,innate immune response in mucosa,1,False,False
GO_BP,GO:0002228,natural killer cell mediated immunity,1,False,False
GO_BP,GO:0002232,leukocyte chemotaxis involved in inflammatory response,1,False,False
GO_BP,GO:0002238,response to molecule of fungal origin,1,False,False
GO_BP,GO:0002246,wound healing involved in inflammatory response,1,False,False
GO_BP,GO:0002248,connective tissue replacement involved in inflammatory response wound healing,1,False,False
GO_BP,GO:0002260,lymphocyte homeostasis,1,False,False
GO_BP,GO:0002265,astrocyte activation involved in immune response,1,False,False
GO_BP,GO:0002281,macrophage activation involved in immune response,1,False,False
GO_BP,GO:0002283,neutrophil activation involved in immune response,1,False,False
GO_BP,GO:0002295,T-helper cell lineage commitment,1,False,False
GO_BP,GO:0002312,B cell activation involved in immune response,1,False,False
GO_BP,GO:0002313,mature B cell differentiation involved in immune response,1,False,False
GO_BP,GO:0002315,marginal zone B cell differentiation,1,False,False
GO_BP,GO:0002318,myeloid progenitor cell differentiation,1,False,False
GO_BP,GO:0002320,lymphoid progenitor cell differentiation,1,False,False
GO_BP,GO:0002327,immature B cell differentiation,1,False,False
GO_BP,GO:0002328,pro-B cell differentiation,1,False,False
GO_BP,GO:0002335,mature B cell differentiation,1,False,False
GO_BP,GO:0002351,serotonin production involved in inflammatory response,1,False,False
GO_BP,GO:0002387,immune response in gut-associated lymphoid tissue,1,False,False
GO_BP,GO:0002394,tolerance induction in gut-associated lymphoid tissue,1,False,False
GO_BP,GO:0002401,tolerance induction in mucosal-associated lymphoid tissue,1,False,False
GO_BP,GO:0002427,mucosal tolerance induction,1,False,False
GO_BP,GO:0002430,complement receptor mediated signaling pathway,1,False,False
GO_BP,GO:0002442,serotonin secretion involved in inflammatory response,1,False,False
GO_BP,GO:0002449,lymphocyte mediated immunity,1,False,False
GO_BP,GO:0002461,tolerance induction dependent upon immune response,1,False,False
GO_BP,GO:0002462,tolerance induction to nonself antigen,1,False,False
GO_BP,GO:0002507,tolerance induction,1,False,False
GO_BP,GO:0002532,production of molecular mediator involved in inflammatory response,1,False,False
GO_BP,GO:0002541,activation of plasma proteins involved in acute inflammatory response,1,False,False
GO_BP,GO:0002543,activation of blood coagulation via clotting cascade,1,False,False
GO_BP,GO:0002548,monocyte chemotaxis,1,False,False
GO_BP,GO:0002551,mast cell chemotaxis,1,False,False
GO_BP,GO:0002554,serotonin secretion by platelet,1,False,False
GO_BP,GO:0002576,platelet degranulation,1,False,False
GO_BP,GO:0002675,positive regulation of acute inflammatory response,1,False,False
GO_BP,GO:0002679,respiratory burst involved in defense response,1,False,False
GO_BP,GO:0002692,negative regulation of cellular extravasation,1,False,False
GO_BP,GO:0002698,negative regulation of immune effector process,1,False,False
GO_BP,GO:0002708,positive regulation of lymphocyte mediated immunity,1,False,False
GO_BP,GO:0002711,positive regulation of T cell mediated immunity,1,False,False
GO_BP,GO:0002724,regulation of T cell cytokine production,1,False,False
GO_BP,GO:0002726,positive regulation of T cell cytokine production,1,False,False
GO_BP,GO:0002730,regulation of dendritic cell cytokine production,1,False,False
GO_BP,GO:0002732,positive regulation of dendritic cell cytokine production,1,False,False
GO_BP,GO:0002755,MyD88-dependent toll-like receptor signaling pathway,1,False,False
GO_BP,GO:0002763,positive regulation of myeloid leukocyte differentiation,1,False,False
GO_BP,GO:0002820,negative regulation of adaptive immune response,1,False,False
GO_BP,GO:0002834,regulation of response to tumor cell,1,False,False
GO_BP,GO:0002864,regulation of acute inflammatory response to antigenic stimulus,1,False,False
GO_BP,GO:0002883,regulation of hypersensitivity,1,False,False
GO_BP,GO:0002905,regulation of mature B cell apoptotic process,1,False,False
GO_BP,GO:0002906,negative regulation of mature B cell apoptotic process,1,False,False
GO_BP,GO:0002930,trabecular meshwork development,1,False,False
GO_BP,GO:0002934,desmosome organization,1,False,False
GO_BP,GO:0003011,involuntary skeletal muscle contraction,1,False,False
GO_BP,GO:0003016,respiratory system process,1,False,False
GO_BP,GO:0003062,regulation of heart rate by chemical signal,1,False,False
GO_BP,GO:0003064,regulation of heart rate by hormone,1,False,False
GO_BP,GO:0003071,renal system process involved in regulation of systemic arterial blood pressure,1,False,False
GO_BP,GO:0003091,renal water homeostasis,1,False,False
GO_BP,GO:0003092,renal water retention,1,False,False
GO_BP,GO:0003094,glomerular filtration,1,False,False
GO_BP,GO:0003096,renal sodium ion transport,1,False,False
GO_BP,GO:0003097,renal water transport,1,False,False
GO_BP,GO:0003151,outflow tract morphogenesis,1,False,False
GO_BP,GO:0003157,endocardium development,1,False,False
GO_BP,GO:0003170,heart valve development,1,False,False
GO_BP,GO:0003207,cardiac chamber formation,1,False,False
GO_BP,GO:0003208,cardiac ventricle morphogenesis,1,False,False
GO_BP,GO:0003214,cardiac left ventricle morphogenesis,1,False,False
GO_BP,GO:0003220,left ventricular cardiac muscle tissue morphogenesis,1,False,False
GO_BP,GO:0003228,atrial cardiac muscle tissue development,1,False,False
GO_BP,GO:0003229,ventricular cardiac muscle tissue development,1,False,False
GO_BP,GO:0003231,cardiac ventricle development,1,False,False
GO_BP,GO:0003253,cardiac neural crest cell migration involved in outflow tract morphogenesis,1,False,False
GO_BP,GO:0003264,regulation of cardioblast proliferation,1,False,False
GO_BP,GO:0003300,cardiac muscle hypertrophy,1,False,False
GO_BP,GO:0003357,noradrenergic neuron differentiation,1,False,False
GO_BP,GO:0003382,epithelial cell morphogenesis,1,False,False
GO_BP,GO:0003407,neural retina development,1,False,False
GO_BP,GO:0005982,starch metabolic process,1,False,False
GO_BP,GO:0005983,starch catabolic process,1,False,False
GO_BP,GO:0005985,sucrose metabolic process,1,False,False
GO_BP,GO:0006000,fructose metabolic process,1,False,False
GO_BP,GO:0006029,proteoglycan metabolic process,1,False,False
GO_BP,GO:0006059,hexitol metabolic process,1,False,False
GO_BP,GO:0006060,D-sorbitol metabolic process,1,False,False
GO_BP,GO:0006067,ethanol metabolic process,1,False,False
GO_BP,GO:0006068,ethanol catabolic process,1,False,False
GO_BP,GO:0006089,lactate metabolic process,1,False,False
GO_BP,GO:0006099,tricarboxylic acid cycle,1,False,False
GO_BP,GO:0006102,isocitrate metabolic process,1,False,False
GO_BP,GO:0006103,2-oxoglutarate metabolic process,1,False,False
GO_BP,GO:0006113,fermentation,1,False,False
GO_BP,GO:0006145,purine nucleobase catabolic process,1,False,False
GO_BP,GO:0006147,guanine catabolic process,1,False,False
GO_BP,GO:0006154,adenosine catabolic process,1,False,False
GO_BP,GO:0006206,pyrimidine nucleobase metabolic process,1,False,False
GO_BP,GO:0006207,'de novo' pyrimidine nucleobase biosynthetic process,1,False,False
GO_BP,GO:0006269,"DNA replication, synthesis of primer",1,False,False
GO_BP,GO:0006270,DNA replication initiation,1,False,False
GO_BP,GO:0006273,lagging strand elongation,1,False,False
GO_BP,GO:0006285,"base-excision repair, AP site formation",1,False,False
GO_BP,GO:0006290,pyrimidine dimer repair,1,False,False
GO_BP,GO:0006298,mismatch repair,1,False,False
GO_BP,GO:0006307,DNA alkylation repair,1,False,False
GO_BP,GO:0006308,DNA catabolic process,1,False,False
GO_BP,GO:0006312,mitotic recombination,1,False,False
GO_BP,GO:0006337,nucleosome disassembly,1,False,False
GO_BP,GO:0006359,regulation of transcription by RNA polymerase III,1,False,False
GO_BP,GO:0006405,RNA export from nucleus,1,False,False
GO_BP,GO:0006406,mRNA export from nucleus,1,False,False
GO_BP,GO:0006412,translation,1,False,False
GO_BP,GO:0006414,translational elongation,1,False,False
GO_BP,GO:0006469,negative regulation of protein kinase activity,1,False,False
GO_BP,GO:0006487,protein N-linked glycosylation,1,False,False
GO_BP,GO:0006491,N-glycan processing,1,False,False
GO_BP,GO:0006509,membrane protein ectodomain proteolysis,1,False,False
GO_BP,GO:0006513,protein monoubiquitination,1,False,False
GO_BP,GO:0006517,protein deglycosylation,1,False,False
GO_BP,GO:0006521,regulation of amino acid metabolic process,1,False,False
GO_BP,GO:0006525,arginine metabolic process,1,False,False
GO_BP,GO:0006527,L-arginine catabolic process,1,False,False
GO_BP,GO:0006536,glutamate metabolic process,1,False,False
GO_BP,GO:0006560,L-proline metabolic process,1,False,False
GO_BP,GO:0006562,L-proline catabolic process,1,False,False
GO_BP,GO:0006569,L-tryptophan catabolic process,1,False,False
GO_BP,GO:0006577,amino-acid betaine metabolic process,1,False,False
GO_BP,GO:0006578,amino-acid betaine biosynthetic process,1,False,False
GO_BP,GO:0006580,ethanolamine metabolic process,1,False,False
GO_BP,GO:0006582,melanin metabolic process,1,False,False
GO_BP,GO:0006583,melanin biosynthetic process from tyrosine,1,False,False
GO_BP,GO:0006595,polyamine metabolic process,1,False,False
GO_BP,GO:0006596,polyamine biosynthetic process,1,False,False
GO_BP,GO:0006597,spermine biosynthetic process,1,False,False
GO_BP,GO:0006611,protein export from nucleus,1,False,False
GO_BP,GO:0006612,protein targeting to membrane,1,False,False
GO_BP,GO:0006622,protein targeting to lysosome,1,False,False
GO_BP,GO:0006623,protein targeting to vacuole,1,False,False
GO_BP,GO:0006635,fatty acid beta-oxidation,1,False,False
GO_BP,GO:0006646,phosphatidylethanolamine biosynthetic process,1,False,False
GO_BP,GO:0006677,glycosylceramide metabolic process,1,False,False
GO_BP,GO:0006678,glucosylceramide metabolic process,1,False,False
GO_BP,GO:0006680,glucosylceramide catabolic process,1,False,False
GO_BP,GO:0006687,glycosphingolipid metabolic process,1,False,False
GO_BP,GO:0006700,C21-steroid hormone biosynthetic process,1,False,False
GO_BP,GO:0006710,androgen catabolic process,1,False,False
GO_BP,GO:0006713,glucocorticoid catabolic process,1,False,False
GO_BP,GO:0006726,eye pigment biosynthetic process,1,False,False
GO_BP,GO:0006729,tetrahydrobiopterin biosynthetic process,1,False,False
GO_BP,GO:0006738,nicotinamide riboside catabolic process,1,False,False
GO_BP,GO:0006739,NADP+ metabolic process,1,False,False
GO_BP,GO:0006740,NADPH regeneration,1,False,False
GO_BP,GO:0006743,ubiquinone metabolic process,1,False,False
GO_BP,GO:0006750,glutathione biosynthetic process,1,False,False
GO_BP,GO:0006760,folic acid-containing compound metabolic process,1,False,False
GO_BP,GO:0006789,bilirubin conjugation,1,False,False
GO_BP,GO:0006808,regulation of nitrogen utilization,1,False,False
GO_BP,GO:0006817,phosphate ion transport,1,False,False
GO_BP,GO:0006829,zinc ion transport,1,False,False
GO_BP,GO:0006839,mitochondrial transport,1,False,False
GO_BP,GO:0006862,nucleotide transport,1,False,False
GO_BP,GO:0006867,asparagine transport,1,False,False
GO_BP,GO:0006878,intracellular copper ion homeostasis,1,False,False
GO_BP,GO:0006879,intracellular iron ion homeostasis,1,False,False
GO_BP,GO:0006882,intracellular zinc ion homeostasis,1,False,False
GO_BP,GO:0006885,regulation of pH,1,False,False
GO_BP,GO:0006900,vesicle budding from membrane,1,False,False
GO_BP,GO:0006901,vesicle coat assembly,1,False,False
GO_BP,GO:0006907,pinocytosis,1,False,False
GO_BP,GO:0006921,cellular component disassembly involved in execution phase of apoptosis,1,False,False
GO_BP,GO:0006924,activation-induced cell death of T cells,1,False,False
GO_BP,GO:0006953,acute-phase response,1,False,False
GO_BP,GO:0006971,hypotonic response,1,False,False
GO_BP,GO:0006972,hyperosmotic response,1,False,False
GO_BP,GO:0006983,ER overload response,1,False,False
GO_BP,GO:0006984,ER-nucleus signaling pathway,1,False,False
GO_BP,GO:0007000,nucleolus organization,1,False,False
GO_BP,GO:0007009,plasma membrane organization,1,False,False
GO_BP,GO:0007020,microtubule nucleation,1,False,False
GO_BP,GO:0007026,negative regulation of microtubule depolymerization,1,False,False
GO_BP,GO:0007033,vacuole organization,1,False,False
GO_BP,GO:0007040,lysosome organization,1,False,False
GO_BP,GO:0007063,regulation of sister chromatid cohesion,1,False,False
GO_BP,GO:0007064,mitotic sister chromatid cohesion,1,False,False
GO_BP,GO:0007076,mitotic chromosome condensation,1,False,False
GO_BP,GO:0007080,mitotic metaphase chromosome alignment,1,False,False
GO_BP,GO:0007084,mitotic nuclear membrane reassembly,1,False,False
GO_BP,GO:0007091,metaphase/anaphase transition of mitotic cell cycle,1,False,False
GO_BP,GO:0007094,mitotic spindle assembly checkpoint signaling,1,False,False
GO_BP,GO:0007095,mitotic G2 DNA damage checkpoint signaling,1,False,False
GO_BP,GO:0007096,regulation of exit from mitosis,1,False,False
GO_BP,GO:0007099,centriole replication,1,False,False
GO_BP,GO:0007100,mitotic centrosome separation,1,False,False
GO_BP,GO:0007131,reciprocal meiotic recombination,1,False,False
GO_BP,GO:0007143,female meiotic nuclear division,1,False,False
GO_BP,GO:0007185,cell surface receptor protein tyrosine phosphatase signaling pathway,1,False,False
GO_BP,GO:0007214,gamma-aminobutyric acid signaling pathway,1,False,False
GO_BP,GO:0007252,I-kappaB phosphorylation,1,False,False
GO_BP,GO:0007265,Ras protein signal transduction,1,False,False
GO_BP,GO:0007270,neuron-neuron synaptic transmission,1,False,False
GO_BP,GO:0007281,germ cell development,1,False,False
GO_BP,GO:0007498,mesoderm development,1,False,False
GO_BP,GO:0007528,neuromuscular junction development,1,False,False
GO_BP,GO:0007549,sex-chromosome dosage compensation,1,False,False
GO_BP,GO:0007597,"blood coagulation, intrinsic pathway",1,False,False
GO_BP,GO:0007598,"blood coagulation, extrinsic pathway",1,False,False
GO_BP,GO:0007608,sensory perception of smell,1,False,False
GO_BP,GO:0007614,short-term memory,1,False,False
GO_BP,GO:0007625,grooming behavior,1,False,False
GO_BP,GO:0007635,chemosensory behavior,1,False,False
GO_BP,GO:0007638,mechanosensory behavior,1,False,False
GO_BP,GO:0008037,cell recognition,1,False,False
GO_BP,GO:0008038,neuron recognition,1,False,False
GO_BP,GO:0008154,actin polymerization or depolymerization,1,False,False
GO_BP,GO:0008156,negative regulation of DNA replication,1,False,False
GO_BP,GO:0008215,spermine metabolic process,1,False,False
GO_BP,GO:0008216,spermidine metabolic process,1,False,False
GO_BP,GO:0008295,spermidine biosynthetic process,1,False,False
GO_BP,GO:0008347,glial cell migration,1,False,False
GO_BP,GO:0008354,primordial germ cell migration,1,False,False
GO_BP,GO:0008543,fibroblast growth factor receptor signaling pathway,1,False,False
GO_BP,GO:0008592,regulation of Toll signaling pathway,1,False,False
GO_BP,GO:0008608,attachment of spindle microtubules to kinetochore,1,False,False
GO_BP,GO:0008617,guanosine metabolic process,1,False,False
GO_BP,GO:0008625,extrinsic apoptotic signaling pathway via death domain receptors,1,False,False
GO_BP,GO:0008626,granzyme-mediated apoptotic signaling pathway,1,False,False
GO_BP,GO:0009048,dosage compensation by inactivation of X chromosome,1,False,False
GO_BP,GO:0009072,aromatic amino acid metabolic process,1,False,False
GO_BP,GO:0009074,aromatic amino acid catabolic process,1,False,False
GO_BP,GO:0009084,glutamate family amino acid biosynthetic process,1,False,False
GO_BP,GO:0009110,vitamin biosynthetic process,1,False,False
GO_BP,GO:0009111,vitamin catabolic process,1,False,False
GO_BP,GO:0009114,hypoxanthine catabolic process,1,False,False
GO_BP,GO:0009115,xanthine catabolic process,1,False,False
GO_BP,GO:0009240,isopentenyl diphosphate biosynthetic process,1,False,False
GO_BP,GO:0009247,glycolipid biosynthetic process,1,False,False
GO_BP,GO:0009268,response to pH,1,False,False
GO_BP,GO:0009303,rRNA transcription,1,False,False
GO_BP,GO:0009312,oligosaccharide biosynthetic process,1,False,False
GO_BP,GO:0009313,oligosaccharide catabolic process,1,False,False
GO_BP,GO:0009395,phospholipid catabolic process,1,False,False
GO_BP,GO:0009396,folic acid-containing compound biosynthetic process,1,False,False
GO_BP,GO:0009403,toxin biosynthetic process,1,False,False
GO_BP,GO:0009407,toxin catabolic process,1,False,False
GO_BP,GO:0009415,response to water,1,False,False
GO_BP,GO:0009437,carnitine metabolic process,1,False,False
GO_BP,GO:0009438,methylglyoxal metabolic process,1,False,False
GO_BP,GO:0009445,putrescine metabolic process,1,False,False
GO_BP,GO:0009446,putrescine biosynthetic process,1,False,False
GO_BP,GO:0009451,RNA modification,1,False,False
GO_BP,GO:0009595,detection of biotic stimulus,1,False,False
GO_BP,GO:0009624,response to nematode,1,False,False
GO_BP,GO:0009635,response to herbicide,1,False,False
GO_BP,GO:0009637,response to blue light,1,False,False
GO_BP,GO:0009692,ethylene metabolic process,1,False,False
GO_BP,GO:0009713,catechol-containing compound biosynthetic process,1,False,False
GO_BP,GO:0009744,response to sucrose,1,False,False
GO_BP,GO:0009791,post-embryonic development,1,False,False
GO_BP,GO:0009914,hormone transport,1,False,False
GO_BP,GO:0009994,oocyte differentiation,1,False,False
GO_BP,GO:0010041,response to iron(III) ion,1,False,False
GO_BP,GO:0010226,response to lithium ion,1,False,False
GO_BP,GO:0010248,establishment or maintenance of transmembrane electrochemical gradient,1,False,False
GO_BP,GO:0010286,heat acclimation,1,False,False
GO_BP,GO:0010335,response to non-ionic osmotic stress,1,False,False
GO_BP,GO:0010447,response to acidic pH,1,False,False
GO_BP,GO:0010455,positive regulation of cell fate commitment,1,False,False
GO_BP,GO:0010466,negative regulation of peptidase activity,1,False,False
GO_BP,GO:0010526,transposable element silencing,1,False,False
GO_BP,GO:0010549,regulation of membrane disassembly,1,False,False
GO_BP,GO:0010559,regulation of glycoprotein biosynthetic process,1,False,False
GO_BP,GO:0010560,positive regulation of glycoprotein biosynthetic process,1,False,False
GO_BP,GO:0010566,regulation of ketone biosynthetic process,1,False,False
GO_BP,GO:0010572,positive regulation of platelet activation,1,False,False
GO_BP,GO:0010573,vascular endothelial growth factor production,1,False,False
GO_BP,GO:0010596,negative regulation of endothelial cell migration,1,False,False
GO_BP,GO:0010641,positive regulation of platelet-derived growth factor receptor signaling pathway,1,False,False
GO_BP,GO:0010642,negative regulation of platelet-derived growth factor receptor signaling pathway,1,False,False
GO_BP,GO:0010644,cell communication by electrical coupling,1,False,False
GO_BP,GO:0010649,regulation of cell communication by electrical coupling,1,False,False
GO_BP,GO:0010657,muscle cell apoptotic process,1,False,False
GO_BP,GO:0010658,striated muscle cell apoptotic process,1,False,False
GO_BP,GO:0010659,cardiac muscle cell apoptotic process,1,False,False
GO_BP,GO:0010713,negative regulation of collagen metabolic process,1,False,False
GO_BP,GO:0010714,positive regulation of collagen metabolic process,1,False,False
GO_BP,GO:0010716,negative regulation of extracellular matrix disassembly,1,False,False
GO_BP,GO:0010719,negative regulation of epithelial to mesenchymal transition,1,False,False
GO_BP,GO:0010746,regulation of long-chain fatty acid import across plasma membrane,1,False,False
GO_BP,GO:0010748,negative regulation of long-chain fatty acid import across plasma membrane,1,False,False
GO_BP,GO:0010754,negative regulation of receptor guanylyl cyclase signaling pathway,1,False,False
GO_BP,GO:0010760,negative regulation of macrophage chemotaxis,1,False,False
GO_BP,GO:0010761,fibroblast migration,1,False,False
GO_BP,GO:0010766,negative regulation of sodium ion transport,1,False,False
GO_BP,GO:0010770,positive regulation of cell morphogenesis,1,False,False
GO_BP,GO:0010800,positive regulation of peptidyl-threonine phosphorylation,1,False,False
GO_BP,GO:0010801,negative regulation of peptidyl-threonine phosphorylation,1,False,False
GO_BP,GO:0010818,T cell chemotaxis,1,False,False
GO_BP,GO:0010826,negative regulation of centrosome duplication,1,False,False
GO_BP,GO:0010837,regulation of keratinocyte proliferation,1,False,False
GO_BP,GO:0010839,negative regulation of keratinocyte proliferation,1,False,False
GO_BP,GO:0010878,cholesterol storage,1,False,False
GO_BP,GO:0010881,regulation of cardiac muscle contraction by regulation of the release of sequestered calcium ion,1,False,False
GO_BP,GO:0010882,regulation of cardiac muscle contraction by calcium ion signaling,1,False,False
GO_BP,GO:0010884,positive regulation of lipid storage,1,False,False
GO_BP,GO:0010893,positive regulation of steroid biosynthetic process,1,False,False
GO_BP,GO:0010894,negative regulation of steroid biosynthetic process,1,False,False
GO_BP,GO:0010901,regulation of very-low-density lipoprotein particle remodeling,1,False,False
GO_BP,GO:0010903,negative regulation of very-low-density lipoprotein particle remodeling,1,False,False
GO_BP,GO:0010917,negative regulation of mitochondrial membrane potential,1,False,False
GO_BP,GO:0010918,positive regulation of mitochondrial membrane potential,1,False,False
GO_BP,GO:0010927,cellular component assembly involved in morphogenesis,1,False,False
GO_BP,GO:0010957,negative regulation of vitamin D biosynthetic process,1,False,False
GO_BP,GO:0010968,regulation of microtubule nucleation,1,False,False
GO_BP,GO:0010984,regulation of lipoprotein particle clearance,1,False,False
GO_BP,GO:0010988,regulation of low-density lipoprotein particle clearance,1,False,False
GO_BP,GO:0010996,response to auditory stimulus,1,False,False
GO_BP,GO:0014003,oligodendrocyte development,1,False,False
GO_BP,GO:0014012,peripheral nervous system axon regeneration,1,False,False
GO_BP,GO:0014016,neuroblast differentiation,1,False,False
GO_BP,GO:0014029,neural crest formation,1,False,False
GO_BP,GO:0014034,neural crest cell fate commitment,1,False,False
GO_BP,GO:0014047,glutamate secretion,1,False,False
GO_BP,GO:0014049,positive regulation of glutamate secretion,1,False,False
GO_BP,GO:0014050,negative regulation of glutamate secretion,1,False,False
GO_BP,GO:0014057,"positive regulation of acetylcholine secretion, neurotransmission",1,False,False
GO_BP,GO:0014063,negative regulation of serotonin secretion,1,False,False
GO_BP,GO:0014064,positive regulation of serotonin secretion,1,False,False
GO_BP,GO:0014733,regulation of skeletal muscle adaptation,1,False,False
GO_BP,GO:0014805,smooth muscle adaptation,1,False,False
GO_BP,GO:0014812,muscle cell migration,1,False,False
GO_BP,GO:0014832,urinary bladder smooth muscle contraction,1,False,False
GO_BP,GO:0014848,urinary tract smooth muscle contraction,1,False,False
GO_BP,GO:0014870,response to muscle inactivity,1,False,False
GO_BP,GO:0014896,muscle hypertrophy,1,False,False
GO_BP,GO:0014897,striated muscle hypertrophy,1,False,False
GO_BP,GO:0014909,smooth muscle cell migration,1,False,False
GO_BP,GO:0014916,regulation of lung blood pressure,1,False,False
GO_BP,GO:0015697,quaternary ammonium group transport,1,False,False
GO_BP,GO:0015701,bicarbonate transport,1,False,False
GO_BP,GO:0015722,canalicular bile acid transport,1,False,False
GO_BP,GO:0015740,C4-dicarboxylate transport,1,False,False
GO_BP,GO:0015750,pentose transmembrane transport,1,False,False
GO_BP,GO:0015756,fucose transmembrane transport,1,False,False
GO_BP,GO:0015757,galactose transmembrane transport,1,False,False
GO_BP,GO:0015798,myo-inositol transport,1,False,False
GO_BP,GO:0015802,basic amino acid transport,1,False,False
GO_BP,GO:0015803,branched-chain amino acid transport,1,False,False
GO_BP,GO:0015810,aspartate transmembrane transport,1,False,False
GO_BP,GO:0015813,L-glutamate transmembrane transport,1,False,False
GO_BP,GO:0015820,L-leucine transport,1,False,False
GO_BP,GO:0015824,proline transport,1,False,False
GO_BP,GO:0015835,peptidoglycan transport,1,False,False
GO_BP,GO:0015838,amino-acid betaine transport,1,False,False
GO_BP,GO:0015848,spermidine transport,1,False,False
GO_BP,GO:0015861,cytidine transport,1,False,False
GO_BP,GO:0015870,acetylcholine transport,1,False,False
GO_BP,GO:0015871,choline transport,1,False,False
GO_BP,GO:0015878,biotin transport,1,False,False
GO_BP,GO:0015879,carnitine transport,1,False,False
GO_BP,GO:0015889,cobalamin transport,1,False,False
GO_BP,GO:0015936,coenzyme A metabolic process,1,False,False
GO_BP,GO:0016045,detection of bacterium,1,False,False
GO_BP,GO:0016050,vesicle organization,1,False,False
GO_BP,GO:0016197,endosomal transport,1,False,False
GO_BP,GO:0016198,axon choice point recognition,1,False,False
GO_BP,GO:0016199,axon midline choice point recognition,1,False,False
GO_BP,GO:0016202,regulation of striated muscle tissue development,1,False,False
GO_BP,GO:0016482,cytosolic transport,1,False,False
GO_BP,GO:0016553,base conversion or substitution editing,1,False,False
GO_BP,GO:0016554,cytidine to uridine editing,1,False,False
GO_BP,GO:0016579,protein deubiquitination,1,False,False
GO_BP,GO:0017014,protein nitrosylation,1,False,False
GO_BP,GO:0017055,negative regulation of RNA polymerase II transcription preinitiation complex assembly,1,False,False
GO_BP,GO:0017085,response to insecticide,1,False,False
GO_BP,GO:0017143,insecticide metabolic process,1,False,False
GO_BP,GO:0017145,stem cell division,1,False,False
GO_BP,GO:0017158,regulation of calcium ion-dependent exocytosis,1,False,False
GO_BP,GO:0018023,peptidyl-lysine trimethylation,1,False,False
GO_BP,GO:0018027,peptidyl-lysine dimethylation,1,False,False
GO_BP,GO:0018119,peptidyl-cysteine S-nitrosylation,1,False,False
GO_BP,GO:0018885,carbon tetrachloride metabolic process,1,False,False
GO_BP,GO:0018894,dibenzo-p-dioxin metabolic process,1,False,False
GO_BP,GO:0018910,benzene metabolic process,1,False,False
GO_BP,GO:0018937,nitroglycerin metabolic process,1,False,False
GO_BP,GO:0018960,4-nitrophenol metabolic process,1,False,False
GO_BP,GO:0018969,thiocyanate metabolic process,1,False,False
GO_BP,GO:0019064,fusion of virus membrane with host plasma membrane,1,False,False
GO_BP,GO:0019184,nonribosomal peptide biosynthetic process,1,False,False
GO_BP,GO:0019228,neuronal action potential,1,False,False
GO_BP,GO:0019244,pyruvate fermentation to lactate,1,False,False
GO_BP,GO:0019287,"isopentenyl diphosphate biosynthetic process, mevalonate pathway",1,False,False
GO_BP,GO:0019319,hexose biosynthetic process,1,False,False
GO_BP,GO:0019320,hexose catabolic process,1,False,False
GO_BP,GO:0019341,dibenzo-p-dioxin catabolic process,1,False,False
GO_BP,GO:0019365,pyridine nucleotide salvage,1,False,False
GO_BP,GO:0019370,leukotriene biosynthetic process,1,False,False
GO_BP,GO:0019430,removal of superoxide radicals,1,False,False
GO_BP,GO:0019478,D-amino acid catabolic process,1,False,False
GO_BP,GO:0019585,glucuronate metabolic process,1,False,False
GO_BP,GO:0019626,short-chain fatty acid catabolic process,1,False,False
GO_BP,GO:0019660,pyruvate fermentation,1,False,False
GO_BP,GO:0019732,antifungal humoral response,1,False,False
GO_BP,GO:0019747,regulation of isoprenoid metabolic process,1,False,False
GO_BP,GO:0019805,quinolinate biosynthetic process,1,False,False
GO_BP,GO:0019856,pyrimidine nucleobase biosynthetic process,1,False,False
GO_BP,GO:0019915,lipid storage,1,False,False
GO_BP,GO:0021510,spinal cord development,1,False,False
GO_BP,GO:0021536,diencephalon development,1,False,False
GO_BP,GO:0021542,dentate gyrus development,1,False,False
GO_BP,GO:0021544,subpallium development,1,False,False
GO_BP,GO:0021591,ventricular system development,1,False,False
GO_BP,GO:0021670,lateral ventricle development,1,False,False
GO_BP,GO:0021675,nerve development,1,False,False
GO_BP,GO:0021756,striatum development,1,False,False
GO_BP,GO:0021769,orbitofrontal cortex development,1,False,False
GO_BP,GO:0021795,cerebral cortex cell migration,1,False,False
GO_BP,GO:0021936,regulation of cerebellar granule cell precursor proliferation,1,False,False
GO_BP,GO:0021941,negative regulation of cerebellar granule cell precursor proliferation,1,False,False
GO_BP,GO:0021955,central nervous system neuron axonogenesis,1,False,False
GO_BP,GO:0021983,pituitary gland development,1,False,False
GO_BP,GO:0021984,adenohypophysis development,1,False,False
GO_BP,GO:0022011,myelination in peripheral nervous system,1,False,False
GO_BP,GO:0022412,cellular process involved in reproduction in multicellular organism,1,False,False
GO_BP,GO:0022602,ovulation cycle process,1,False,False
GO_BP,GO:0023021,termination of signal transduction,1,False,False
GO_BP,GO:0030002,intracellular monoatomic anion homeostasis,1,False,False
GO_BP,GO:0030011,maintenance of cell polarity,1,False,False
GO_BP,GO:0030032,lamellipodium assembly,1,False,False
GO_BP,GO:0030038,contractile actin filament bundle assembly,1,False,False
GO_BP,GO:0030041,actin filament polymerization,1,False,False
GO_BP,GO:0030150,protein import into mitochondrial matrix,1,False,False
GO_BP,GO:0030199,collagen fibril organization,1,False,False
GO_BP,GO:0030219,megakaryocyte differentiation,1,False,False
GO_BP,GO:0030239,myofibril assembly,1,False,False
GO_BP,GO:0030262,apoptotic nuclear changes,1,False,False
GO_BP,GO:0030263,apoptotic chromosome condensation,1,False,False
GO_BP,GO:0030299,intestinal cholesterol absorption,1,False,False
GO_BP,GO:0030300,regulation of intestinal cholesterol absorption,1,False,False
GO_BP,GO:0030318,melanocyte differentiation,1,False,False
GO_BP,GO:0030422,siRNA processing,1,False,False
GO_BP,GO:0030432,peristalsis,1,False,False
GO_BP,GO:0030502,negative regulation of bone mineralization,1,False,False
GO_BP,GO:0030509,BMP signaling pathway,1,False,False
GO_BP,GO:0030513,positive regulation of BMP signaling pathway,1,False,False
GO_BP,GO:0030514,negative regulation of BMP signaling pathway,1,False,False
GO_BP,GO:0030517,negative regulation of axon extension,1,False,False
GO_BP,GO:0030521,androgen receptor signaling pathway,1,False,False
GO_BP,GO:0030539,male genitalia development,1,False,False
GO_BP,GO:0030592,DNA ADP-ribosylation,1,False,False
GO_BP,GO:0030644,intracellular chloride ion homeostasis,1,False,False
GO_BP,GO:0030728,ovulation,1,False,False
GO_BP,GO:0030809,negative regulation of nucleotide biosynthetic process,1,False,False
GO_BP,GO:0030812,negative regulation of nucleotide catabolic process,1,False,False
GO_BP,GO:0030834,regulation of actin filament depolymerization,1,False,False
GO_BP,GO:0030835,negative regulation of actin filament depolymerization,1,False,False
GO_BP,GO:0030837,negative regulation of actin filament polymerization,1,False,False
GO_BP,GO:0030850,prostate gland development,1,False,False
GO_BP,GO:0030857,negative regulation of epithelial cell differentiation,1,False,False
GO_BP,GO:0030858,positive regulation of epithelial cell differentiation,1,False,False
GO_BP,GO:0030865,cortical cytoskeleton organization,1,False,False
GO_BP,GO:0030878,thyroid gland development,1,False,False
GO_BP,GO:0030948,negative regulation of vascular endothelial growth factor receptor signaling pathway,1,False,False
GO_BP,GO:0030949,positive regulation of vascular endothelial growth factor receptor signaling pathway,1,False,False
GO_BP,GO:0030953,astral microtubule organization,1,False,False
GO_BP,GO:0030970,"retrograde protein transport, ER to cytosol",1,False,False
GO_BP,GO:0030997,regulation of centriole-centriole cohesion,1,False,False
GO_BP,GO:0031000,response to caffeine,1,False,False
GO_BP,GO:0031053,primary miRNA processing,1,False,False
GO_BP,GO:0031069,hair follicle morphogenesis,1,False,False
GO_BP,GO:0031115,negative regulation of microtubule polymerization,1,False,False
GO_BP,GO:0031117,positive regulation of microtubule depolymerization,1,False,False
GO_BP,GO:0031134,sister chromatid biorientation,1,False,False
GO_BP,GO:0031146,SCF-dependent proteasomal ubiquitin-dependent protein catabolic process,1,False,False
GO_BP,GO:0031223,auditory behavior,1,False,False
GO_BP,GO:0031272,regulation of pseudopodium assembly,1,False,False
GO_BP,GO:0031274,positive regulation of pseudopodium assembly,1,False,False
GO_BP,GO:0031341,regulation of cell killing,1,False,False
GO_BP,GO:0031343,positive regulation of cell killing,1,False,False
GO_BP,GO:0031394,positive regulation of prostaglandin biosynthetic process,1,False,False
GO_BP,GO:0031468,nuclear membrane reassembly,1,False,False
GO_BP,GO:0031503,protein-containing complex localization,1,False,False
GO_BP,GO:0031509,subtelomeric heterochromatin formation,1,False,False
GO_BP,GO:0031577,spindle checkpoint signaling,1,False,False
GO_BP,GO:0031583,phospholipase D-activating G protein-coupled receptor signaling pathway,1,False,False
GO_BP,GO:0031622,positive regulation of fever generation,1,False,False
GO_BP,GO:0031635,adenylate cyclase-inhibiting opioid receptor signaling pathway,1,False,False
GO_BP,GO:0031641,regulation of myelination,1,False,False
GO_BP,GO:0031959,nuclear receptor-mediated mineralocorticoid signaling pathway,1,False,False
GO_BP,GO:0031999,negative regulation of fatty acid beta-oxidation,1,False,False
GO_BP,GO:0032000,positive regulation of fatty acid beta-oxidation,1,False,False
GO_BP,GO:0032042,mitochondrial DNA metabolic process,1,False,False
GO_BP,GO:0032060,bleb assembly,1,False,False
GO_BP,GO:0032071,regulation of endodeoxyribonuclease activity,1,False,False
GO_BP,GO:0032077,positive regulation of deoxyribonuclease activity,1,False,False
GO_BP,GO:0032079,positive regulation of endodeoxyribonuclease activity,1,False,False
GO_BP,GO:0032092,positive regulation of protein binding,1,False,False
GO_BP,GO:0032095,regulation of response to food,1,False,False
GO_BP,GO:0032096,negative regulation of response to food,1,False,False
GO_BP,GO:0032099,negative regulation of appetite,1,False,False
GO_BP,GO:0032108,negative regulation of response to nutrient levels,1,False,False
GO_BP,GO:0032109,positive regulation of response to nutrient levels,1,False,False
GO_BP,GO:0032201,telomere maintenance via semi-conservative replication,1,False,False
GO_BP,GO:0032218,riboflavin transport,1,False,False
GO_BP,GO:0032223,"negative regulation of synaptic transmission, cholinergic",1,False,False
GO_BP,GO:0032225,"regulation of synaptic transmission, dopaminergic",1,False,False
GO_BP,GO:0032227,"negative regulation of synaptic transmission, dopaminergic",1,False,False
GO_BP,GO:0032230,"positive regulation of synaptic transmission, GABAergic",1,False,False
GO_BP,GO:0032238,adenosine transport,1,False,False
GO_BP,GO:0032239,regulation of nucleobase-containing compound transport,1,False,False
GO_BP,GO:0032241,positive regulation of nucleobase-containing compound transport,1,False,False
GO_BP,GO:0032242,regulation of nucleoside transport,1,False,False
GO_BP,GO:0032244,positive regulation of nucleoside transport,1,False,False
GO_BP,GO:0032261,purine nucleotide salvage,1,False,False
GO_BP,GO:0032276,regulation of gonadotropin secretion,1,False,False
GO_BP,GO:0032277,negative regulation of gonadotropin secretion,1,False,False
GO_BP,GO:0032292,peripheral nervous system axon ensheathment,1,False,False
GO_BP,GO:0032305,positive regulation of icosanoid secretion,1,False,False
GO_BP,GO:0032306,regulation of prostaglandin secretion,1,False,False
GO_BP,GO:0032308,positive regulation of prostaglandin secretion,1,False,False
GO_BP,GO:0032310,prostaglandin secretion,1,False,False
GO_BP,GO:0032328,alanine transport,1,False,False
GO_BP,GO:0032331,negative regulation of chondrocyte differentiation,1,False,False
GO_BP,GO:0032332,positive regulation of chondrocyte differentiation,1,False,False
GO_BP,GO:0032351,negative regulation of hormone metabolic process,1,False,False
GO_BP,GO:0032352,positive regulation of hormone metabolic process,1,False,False
GO_BP,GO:0032366,intracellular sterol transport,1,False,False
GO_BP,GO:0032367,intracellular cholesterol transport,1,False,False
GO_BP,GO:0032369,negative regulation of lipid transport,1,False,False
GO_BP,GO:0032400,melanosome localization,1,False,False
GO_BP,GO:0032401,establishment of melanosome localization,1,False,False
GO_BP,GO:0032402,melanosome transport,1,False,False
GO_BP,GO:0032410,negative regulation of transporter activity,1,False,False
GO_BP,GO:0032413,negative regulation of ion transmembrane transporter activity,1,False,False
GO_BP,GO:0032414,positive regulation of ion transmembrane transporter activity,1,False,False
GO_BP,GO:0032423,regulation of mismatch repair,1,False,False
GO_BP,GO:0032425,positive regulation of mismatch repair,1,False,False
GO_BP,GO:0032460,negative regulation of protein oligomerization,1,False,False
GO_BP,GO:0032461,positive regulation of protein oligomerization,1,False,False
GO_BP,GO:0032466,negative regulation of cytokinesis,1,False,False
GO_BP,GO:0032471,negative regulation of endoplasmic reticulum calcium ion concentration,1,False,False
GO_BP,GO:0032490,detection of molecule of bacterial origin,1,False,False
GO_BP,GO:0032493,response to bacterial lipoprotein,1,False,False
GO_BP,GO:0032494,response to peptidoglycan,1,False,False
GO_BP,GO:0032509,endosome transport via multivesicular body sorting pathway,1,False,False
GO_BP,GO:0032510,endosome to lysosome transport via multivesicular body sorting pathway,1,False,False
GO_BP,GO:0032660,regulation of interleukin-17 production,1,False,False
GO_BP,GO:0032661,regulation of interleukin-18 production,1,False,False
GO_BP,GO:0032673,regulation of interleukin-4 production,1,False,False
GO_BP,GO:0032674,regulation of interleukin-5 production,1,False,False
GO_BP,GO:0032687,negative regulation of interferon-alpha production,1,False,False
GO_BP,GO:0032688,negative regulation of interferon-beta production,1,False,False
GO_BP,GO:0032691,negative regulation of interleukin-1 beta production,1,False,False
GO_BP,GO:0032703,negative regulation of interleukin-2 production,1,False,False
GO_BP,GO:0032727,positive regulation of interferon-alpha production,1,False,False
GO_BP,GO:0032740,positive regulation of interleukin-17 production,1,False,False
GO_BP,GO:0032741,positive regulation of interleukin-18 production,1,False,False
GO_BP,GO:0032753,positive regulation of interleukin-4 production,1,False,False
GO_BP,GO:0032754,positive regulation of interleukin-5 production,1,False,False
GO_BP,GO:0032763,regulation of mast cell cytokine production,1,False,False
GO_BP,GO:0032765,positive regulation of mast cell cytokine production,1,False,False
GO_BP,GO:0032785,"negative regulation of DNA-templated transcription, elongation",1,False,False
GO_BP,GO:0032790,ribosome disassembly,1,False,False
GO_BP,GO:0032814,regulation of natural killer cell activation,1,False,False
GO_BP,GO:0032816,positive regulation of natural killer cell activation,1,False,False
GO_BP,GO:0032823,regulation of natural killer cell differentiation,1,False,False
GO_BP,GO:0032825,positive regulation of natural killer cell differentiation,1,False,False
GO_BP,GO:0032873,negative regulation of stress-activated MAPK cascade,1,False,False
GO_BP,GO:0032878,regulation of establishment or maintenance of cell polarity,1,False,False
GO_BP,GO:0032899,regulation of neurotrophin production,1,False,False
GO_BP,GO:0032900,negative regulation of neurotrophin production,1,False,False
GO_BP,GO:0032910,regulation of transforming growth factor beta3 production,1,False,False
GO_BP,GO:0032916,positive regulation of transforming growth factor beta3 production,1,False,False
GO_BP,GO:0032924,activin receptor signaling pathway,1,False,False
GO_BP,GO:0032966,negative regulation of collagen biosynthetic process,1,False,False
GO_BP,GO:0032967,positive regulation of collagen biosynthetic process,1,False,False
GO_BP,GO:0032968,positive regulation of transcription elongation by RNA polymerase II,1,False,False
GO_BP,GO:0032986,protein-DNA complex disassembly,1,False,False
GO_BP,GO:0032988,protein-RNA complex disassembly,1,False,False
GO_BP,GO:0032989,cellular anatomical entity morphogenesis,1,False,False
GO_BP,GO:0033007,negative regulation of mast cell activation involved in immune response,1,False,False
GO_BP,GO:0033033,negative regulation of myeloid cell apoptotic process,1,False,False
GO_BP,GO:0033046,negative regulation of sister chromatid segregation,1,False,False
GO_BP,GO:0033048,negative regulation of mitotic sister chromatid segregation,1,False,False
GO_BP,GO:0033059,cellular pigmentation,1,False,False
GO_BP,GO:0033081,regulation of T cell differentiation in thymus,1,False,False
GO_BP,GO:0033085,negative regulation of T cell differentiation in thymus,1,False,False
GO_BP,GO:0033122,negative regulation of purine nucleotide catabolic process,1,False,False
GO_BP,GO:0033144,negative regulation of intracellular steroid hormone receptor signaling pathway,1,False,False
GO_BP,GO:0033210,leptin-mediated signaling pathway,1,False,False
GO_BP,GO:0033234,negative regulation of protein sumoylation,1,False,False
GO_BP,GO:0033235,positive regulation of protein sumoylation,1,False,False
GO_BP,GO:0033383,geranyl diphosphate metabolic process,1,False,False
GO_BP,GO:0033384,geranyl diphosphate biosynthetic process,1,False,False
GO_BP,GO:0033484,intracellular nitric oxide homeostasis,1,False,False
GO_BP,GO:0033591,response to L-ascorbic acid,1,False,False
GO_BP,GO:0033602,negative regulation of dopamine secretion,1,False,False
GO_BP,GO:0033619,membrane protein proteolysis,1,False,False
GO_BP,GO:0033623,regulation of integrin activation,1,False,False
GO_BP,GO:0033625,positive regulation of integrin activation,1,False,False
GO_BP,GO:0033634,positive regulation of cell-cell adhesion mediated by integrin,1,False,False
GO_BP,GO:0033684,regulation of luteinizing hormone secretion,1,False,False
GO_BP,GO:0033685,negative regulation of luteinizing hormone secretion,1,False,False
GO_BP,GO:0033688,regulation of osteoblast proliferation,1,False,False
GO_BP,GO:0033689,negative regulation of osteoblast proliferation,1,False,False
GO_BP,GO:0033750,ribosome localization,1,False,False
GO_BP,GO:0034014,response to triglyceride,1,False,False
GO_BP,GO:0034063,cytoplasmic stress granule assembly,1,False,False
GO_BP,GO:0034067,protein localization to Golgi apparatus,1,False,False
GO_BP,GO:0034091,regulation of maintenance of sister chromatid cohesion,1,False,False
GO_BP,GO:0034092,negative regulation of maintenance of sister chromatid cohesion,1,False,False
GO_BP,GO:0034122,negative regulation of toll-like receptor signaling pathway,1,False,False
GO_BP,GO:0034134,toll-like receptor 2 signaling pathway,1,False,False
GO_BP,GO:0034138,toll-like receptor 3 signaling pathway,1,False,False
GO_BP,GO:0034139,regulation of toll-like receptor 3 signaling pathway,1,False,False
GO_BP,GO:0034162,toll-like receptor 9 signaling pathway,1,False,False
GO_BP,GO:0034164,negative regulation of toll-like receptor 9 signaling pathway,1,False,False
GO_BP,GO:0034182,regulation of maintenance of mitotic sister chromatid cohesion,1,False,False
GO_BP,GO:0034183,negative regulation of maintenance of mitotic sister chromatid cohesion,1,False,False
GO_BP,GO:0034198,cellular response to amino acid starvation,1,False,False
GO_BP,GO:0034205,amyloid-beta formation,1,False,False
GO_BP,GO:0034230,enkephalin processing,1,False,False
GO_BP,GO:0034244,negative regulation of transcription elongation by RNA polymerase II,1,False,False
GO_BP,GO:0034285,response to disaccharide,1,False,False
GO_BP,GO:0034311,diol metabolic process,1,False,False
GO_BP,GO:0034312,diol biosynthetic process,1,False,False
GO_BP,GO:0034332,adherens junction organization,1,False,False
GO_BP,GO:0034354,'de novo' NAD+ biosynthetic process from L-tryptophan,1,False,False
GO_BP,GO:0034355,NAD+ biosynthetic process via the salvage pathway,1,False,False
GO_BP,GO:0034393,positive regulation of smooth muscle cell apoptotic process,1,False,False
GO_BP,GO:0034418,urate biosynthetic process,1,False,False
GO_BP,GO:0034446,substrate adhesion-dependent cell spreading,1,False,False
GO_BP,GO:0034501,protein localization to kinetochore,1,False,False
GO_BP,GO:0034505,tooth mineralization,1,False,False
GO_BP,GO:0034516,response to vitamin B6,1,False,False
GO_BP,GO:0034635,glutathione transport,1,False,False
GO_BP,GO:0034638,phosphatidylcholine catabolic process,1,False,False
GO_BP,GO:0034650,cortisol metabolic process,1,False,False
GO_BP,GO:0034728,nucleosome organization,1,False,False
GO_BP,GO:0034775,glutathione transmembrane transport,1,False,False
GO_BP,GO:0035050,embryonic heart tube development,1,False,False
GO_BP,GO:0035106,operant conditioning,1,False,False
GO_BP,GO:0035115,embryonic forelimb morphogenesis,1,False,False
GO_BP,GO:0035136,forelimb morphogenesis,1,False,False
GO_BP,GO:0035166,post-embryonic hemopoiesis,1,False,False
GO_BP,GO:0035196,miRNA processing,1,False,False
GO_BP,GO:0035264,multicellular organism growth,1,False,False
GO_BP,GO:0035305,negative regulation of dephosphorylation,1,False,False
GO_BP,GO:0035313,"wound healing, spreading of epidermal cells",1,False,False
GO_BP,GO:0035337,fatty-acyl-CoA metabolic process,1,False,False
GO_BP,GO:0035340,inosine transport,1,False,False
GO_BP,GO:0035356,intracellular triglyceride homeostasis,1,False,False
GO_BP,GO:0035360,positive regulation of peroxisome proliferator activated receptor signaling pathway,1,False,False
GO_BP,GO:0035377,transepithelial water transport,1,False,False
GO_BP,GO:0035418,protein localization to synapse,1,False,False
GO_BP,GO:0035435,phosphate ion transmembrane transport,1,False,False
GO_BP,GO:0035441,cell migration involved in vasculogenesis,1,False,False
GO_BP,GO:0035442,dipeptide transmembrane transport,1,False,False
GO_BP,GO:0035455,response to interferon-alpha,1,False,False
GO_BP,GO:0035457,cellular response to interferon-alpha,1,False,False
GO_BP,GO:0035617,cytoplasmic stress granule disassembly,1,False,False
GO_BP,GO:0035627,ceramide transport,1,False,False
GO_BP,GO:0035633,maintenance of blood-brain barrier,1,False,False
GO_BP,GO:0035641,locomotory exploration behavior,1,False,False
GO_BP,GO:0035655,interleukin-18-mediated signaling pathway,1,False,False
GO_BP,GO:0035666,TRIF-dependent toll-like receptor signaling pathway,1,False,False
GO_BP,GO:0035668,TRAM-dependent toll-like receptor signaling pathway,1,False,False
GO_BP,GO:0035669,TRAM-dependent toll-like receptor 4 signaling pathway,1,False,False
GO_BP,GO:0035722,interleukin-12-mediated signaling pathway,1,False,False
GO_BP,GO:0035723,interleukin-15-mediated signaling pathway,1,False,False
GO_BP,GO:0035732,nitric oxide storage,1,False,False
GO_BP,GO:0035747,natural killer cell chemotaxis,1,False,False
GO_BP,GO:0035793,positive regulation of metanephric mesenchymal cell migration by platelet-derived growth factor receptor-beta signaling pathway,1,False,False
GO_BP,GO:0035794,positive regulation of mitochondrial membrane permeability,1,False,False
GO_BP,GO:0035810,positive regulation of urine volume,1,False,False
GO_BP,GO:0035811,negative regulation of urine volume,1,False,False
GO_BP,GO:0035813,regulation of renal sodium excretion,1,False,False
GO_BP,GO:0035850,epithelial cell differentiation involved in kidney development,1,False,False
GO_BP,GO:0035855,megakaryocyte development,1,False,False
GO_BP,GO:0035864,response to potassium ion,1,False,False
GO_BP,GO:0035881,amacrine cell differentiation,1,False,False
GO_BP,GO:0035886,vascular associated smooth muscle cell differentiation,1,False,False
GO_BP,GO:0035900,response to isolation stress,1,False,False
GO_BP,GO:0035902,response to immobilization stress,1,False,False
GO_BP,GO:0035962,response to interleukin-13,1,False,False
GO_BP,GO:0035963,cellular response to interleukin-13,1,False,False
GO_BP,GO:0035995,detection of muscle stretch,1,False,False
GO_BP,GO:0036005,response to macrophage colony-stimulating factor,1,False,False
GO_BP,GO:0036015,response to interleukin-3,1,False,False
GO_BP,GO:0036016,cellular response to interleukin-3,1,False,False
GO_BP,GO:0036075,replacement ossification,1,False,False
GO_BP,GO:0036088,D-serine catabolic process,1,False,False
GO_BP,GO:0036215,response to stem cell factor,1,False,False
GO_BP,GO:0036216,cellular response to stem cell factor stimulus,1,False,False
GO_BP,GO:0036228,protein localization to nuclear inner membrane,1,False,False
GO_BP,GO:0036268,swimming,1,False,False
GO_BP,GO:0036302,atrioventricular canal development,1,False,False
GO_BP,GO:0036303,lymph vessel morphogenesis,1,False,False
GO_BP,GO:0036324,vascular endothelial growth factor receptor-2 signaling pathway,1,False,False
GO_BP,GO:0036335,intestinal stem cell homeostasis,1,False,False
GO_BP,GO:0036507,protein demannosylation,1,False,False
GO_BP,GO:0036508,"protein alpha-1,2-demannosylation",1,False,False
GO_BP,GO:0036510,trimming of terminal mannose on C branch,1,False,False
GO_BP,GO:0038026,reelin-mediated signaling pathway,1,False,False
GO_BP,GO:0038043,interleukin-5-mediated signaling pathway,1,False,False
GO_BP,GO:0038060,nitric oxide-cGMP-mediated signaling,1,False,False
GO_BP,GO:0038065,collagen-activated signaling pathway,1,False,False
GO_BP,GO:0038086,VEGF-activated platelet-derived growth factor receptor signaling pathway,1,False,False
GO_BP,GO:0038091,positive regulation of cell proliferation by VEGF-activated platelet derived growth factor receptor signaling pathway,1,False,False
GO_BP,GO:0038092,nodal signaling pathway,1,False,False
GO_BP,GO:0038109,Kit signaling pathway,1,False,False
GO_BP,GO:0038110,interleukin-2-mediated signaling pathway,1,False,False
GO_BP,GO:0038113,interleukin-9-mediated signaling pathway,1,False,False
GO_BP,GO:0038123,toll-like receptor TLR1:TLR2 signaling pathway,1,False,False
GO_BP,GO:0038130,ERBB4 signaling pathway,1,False,False
GO_BP,GO:0038135,ERBB2-ERBB4 signaling pathway,1,False,False
GO_BP,GO:0038154,interleukin-11-mediated signaling pathway,1,False,False
GO_BP,GO:0038157,granulocyte-macrophage colony-stimulating factor signaling pathway,1,False,False
GO_BP,GO:0038161,prolactin signaling pathway,1,False,False
GO_BP,GO:0038163,thrombopoietin-mediated signaling pathway,1,False,False
GO_BP,GO:0038172,interleukin-33-mediated signaling pathway,1,False,False
GO_BP,GO:0038173,interleukin-17A-mediated signaling pathway,1,False,False
GO_BP,GO:0038184,adenylate cyclase-activating G protein-coupled bile acid receptor signaling pathway,1,False,False
GO_BP,GO:0038203,TORC2 signaling,1,False,False
GO_BP,GO:0039535,regulation of RIG-I signaling pathway,1,False,False
GO_BP,GO:0039654,fusion of virus membrane with host endosome membrane,1,False,False
GO_BP,GO:0039663,membrane fusion involved in viral entry into host cell,1,False,False
GO_BP,GO:0040001,establishment of mitotic spindle localization,1,False,False
GO_BP,GO:0040014,regulation of multicellular organism growth,1,False,False
GO_BP,GO:0040020,regulation of meiotic nuclear division,1,False,False
GO_BP,GO:0042045,epithelial fluid transport,1,False,False
GO_BP,GO:0042092,type 2 immune response,1,False,False
GO_BP,GO:0042098,T cell proliferation,1,False,False
GO_BP,GO:0042100,B cell proliferation,1,False,False
GO_BP,GO:0042159,lipoprotein catabolic process,1,False,False
GO_BP,GO:0042197,halogenated hydrocarbon metabolic process,1,False,False
GO_BP,GO:0042254,ribosome biogenesis,1,False,False
GO_BP,GO:0042267,natural killer cell mediated cytotoxicity,1,False,False
GO_BP,GO:0042323,"negative regulation of circadian sleep/wake cycle, non-REM sleep",1,False,False
GO_BP,GO:0042354,L-fucose metabolic process,1,False,False
GO_BP,GO:0042355,L-fucose catabolic process,1,False,False
GO_BP,GO:0042360,vitamin E metabolic process,1,False,False
GO_BP,GO:0042362,fat-soluble vitamin biosynthetic process,1,False,False
GO_BP,GO:0042363,fat-soluble vitamin catabolic process,1,False,False
GO_BP,GO:0042368,vitamin D biosynthetic process,1,False,False
GO_BP,GO:0042369,vitamin D catabolic process,1,False,False
GO_BP,GO:0042415,norepinephrine metabolic process,1,False,False
GO_BP,GO:0042416,dopamine biosynthetic process,1,False,False
GO_BP,GO:0042423,catecholamine biosynthetic process,1,False,False
GO_BP,GO:0042429,serotonin catabolic process,1,False,False
GO_BP,GO:0042438,melanin biosynthetic process,1,False,False
GO_BP,GO:0042441,eye pigment metabolic process,1,False,False
GO_BP,GO:0042447,hormone catabolic process,1,False,False
GO_BP,GO:0042461,photoreceptor cell development,1,False,False
GO_BP,GO:0042462,eye photoreceptor cell development,1,False,False
GO_BP,GO:0042471,ear morphogenesis,1,False,False
GO_BP,GO:0042474,middle ear morphogenesis,1,False,False
GO_BP,GO:0042494,detection of bacterial lipoprotein,1,False,False
GO_BP,GO:0042495,detection of triacyl bacterial lipopeptide,1,False,False
GO_BP,GO:0042496,detection of diacyl bacterial lipopeptide,1,False,False
GO_BP,GO:0042532,negative regulation of tyrosine phosphorylation of STAT protein,1,False,False
GO_BP,GO:0042538,hyperosmotic salinity response,1,False,False
GO_BP,GO:0042554,superoxide anion generation,1,False,False
GO_BP,GO:0042558,pteridine-containing compound metabolic process,1,False,False
GO_BP,GO:0042559,pteridine-containing compound biosynthetic process,1,False,False
GO_BP,GO:0042634,regulation of hair cycle,1,False,False
GO_BP,GO:0042635,positive regulation of hair cycle,1,False,False
GO_BP,GO:0042670,retinal cone cell differentiation,1,False,False
GO_BP,GO:0042726,flavin-containing compound metabolic process,1,False,False
GO_BP,GO:0042728,flavin-containing compound catabolic process,1,False,False
GO_BP,GO:0042744,hydrogen peroxide catabolic process,1,False,False
GO_BP,GO:0042756,drinking behavior,1,False,False
GO_BP,GO:0042771,intrinsic apoptotic signaling pathway in response to DNA damage by p53 class mediator,1,False,False
GO_BP,GO:0042816,vitamin B6 metabolic process,1,False,False
GO_BP,GO:0042822,pyridoxal 5'-phosphate metabolic process,1,False,False
GO_BP,GO:0042867,pyruvate catabolic process,1,False,False
GO_BP,GO:0042883,L-cysteine transport,1,False,False
GO_BP,GO:0042904,9-cis-retinoic acid biosynthetic process,1,False,False
GO_BP,GO:0042905,9-cis-retinoic acid metabolic process,1,False,False
GO_BP,GO:0042921,nuclear receptor-mediated glucocorticoid signaling pathway,1,False,False
GO_BP,GO:0042938,dipeptide transport,1,False,False
GO_BP,GO:0042940,D-amino acid transport,1,False,False
GO_BP,GO:0042984,regulation of amyloid precursor protein biosynthetic process,1,False,False
GO_BP,GO:0042986,positive regulation of amyloid precursor protein biosynthetic process,1,False,False
GO_BP,GO:0042987,amyloid precursor protein catabolic process,1,False,False
GO_BP,GO:0043029,T cell homeostasis,1,False,False
GO_BP,GO:0043030,regulation of macrophage activation,1,False,False
GO_BP,GO:0043043,peptide biosynthetic process,1,False,False
GO_BP,GO:0043087,regulation of GTPase activity,1,False,False
GO_BP,GO:0043094,metabolic compound salvage,1,False,False
GO_BP,GO:0043101,purine-containing compound salvage,1,False,False
GO_BP,GO:0043113,receptor clustering,1,False,False
GO_BP,GO:0043116,negative regulation of vascular permeability,1,False,False
GO_BP,GO:0043149,stress fiber assembly,1,False,False
GO_BP,GO:0043171,peptide catabolic process,1,False,False
GO_BP,GO:0043173,nucleotide salvage,1,False,False
GO_BP,GO:0043247,telomere maintenance in response to DNA damage,1,False,False
GO_BP,GO:0043302,positive regulation of leukocyte degranulation,1,False,False
GO_BP,GO:0043306,positive regulation of mast cell degranulation,1,False,False
GO_BP,GO:0043313,regulation of neutrophil degranulation,1,False,False
GO_BP,GO:0043324,pigment metabolic process involved in developmental pigmentation,1,False,False
GO_BP,GO:0043331,response to dsRNA,1,False,False
GO_BP,GO:0043370,"regulation of CD4-positive, alpha-beta T cell differentiation",1,False,False
GO_BP,GO:0043372,"positive regulation of CD4-positive, alpha-beta T cell differentiation",1,False,False
GO_BP,GO:0043397,regulation of corticotropin-releasing hormone secretion,1,False,False
GO_BP,GO:0043407,negative regulation of MAP kinase activity,1,False,False
GO_BP,GO:0043474,pigment metabolic process involved in pigmentation,1,False,False
GO_BP,GO:0043500,muscle adaptation,1,False,False
GO_BP,GO:0043504,mitochondrial DNA repair,1,False,False
GO_BP,GO:0043506,regulation of JUN kinase activity,1,False,False
GO_BP,GO:0043507,positive regulation of JUN kinase activity,1,False,False
GO_BP,GO:0043517,"positive regulation of DNA damage response, signal transduction by p53 class mediator",1,False,False
GO_BP,GO:0043537,negative regulation of blood vessel endothelial cell migration,1,False,False
GO_BP,GO:0043547,positive regulation of GTPase activity,1,False,False
GO_BP,GO:0043576,regulation of respiratory gaseous exchange,1,False,False
GO_BP,GO:0043615,astrocyte cell migration,1,False,False
GO_BP,GO:0043691,reverse cholesterol transport,1,False,False
GO_BP,GO:0043903,regulation of biological process involved in symbiotic interaction,1,False,False
GO_BP,GO:0043922,host-mediated suppression of viral transcription,1,False,False
GO_BP,GO:0043923,host-mediated activation of viral transcription,1,False,False
GO_BP,GO:0043931,ossification involved in bone maturation,1,False,False
GO_BP,GO:0044027,negative regulation of gene expression via chromosomal CpG island methylation,1,False,False
GO_BP,GO:0044029,positive regulation of gene expression via chromosomal CpG island demethylation,1,False,False
GO_BP,GO:0044065,regulation of respiratory system process,1,False,False
GO_BP,GO:0044241,lipid digestion,1,False,False
GO_BP,GO:0044319,"wound healing, spreading of cells",1,False,False
GO_BP,GO:0044351,macropinocytosis,1,False,False
GO_BP,GO:0044380,protein localization to cytoskeleton,1,False,False
GO_BP,GO:0044743,protein transmembrane import into intracellular organelle,1,False,False
GO_BP,GO:0044751,cellular response to human chorionic gonadotropin stimulus,1,False,False
GO_BP,GO:0044752,response to human chorionic gonadotropin,1,False,False
GO_BP,GO:0044773,mitotic DNA damage checkpoint signaling,1,False,False
GO_BP,GO:0044774,mitotic DNA integrity checkpoint signaling,1,False,False
GO_BP,GO:0044784,metaphase/anaphase transition of cell cycle,1,False,False
GO_BP,GO:0044793,host-mediated suppression of viral proces,1,False,False
GO_BP,GO:0044794,host-mediated activation of viral process,1,False,False
GO_BP,GO:0044878,mitotic cytokinesis checkpoint signaling,1,False,False
GO_BP,GO:0045006,DNA deamination,1,False,False
GO_BP,GO:0045007,depurination,1,False,False
GO_BP,GO:0045056,transcytosis,1,False,False
GO_BP,GO:0045064,T-helper 2 cell differentiation,1,False,False
GO_BP,GO:0045066,regulatory T cell differentiation,1,False,False
GO_BP,GO:0045070,positive regulation of viral genome replication,1,False,False
GO_BP,GO:0045071,negative regulation of viral genome replication,1,False,False
GO_BP,GO:0045113,regulation of integrin biosynthetic process,1,False,False
GO_BP,GO:0045123,cellular extravasation,1,False,False
GO_BP,GO:0045329,carnitine biosynthetic process,1,False,False
GO_BP,GO:0045337,"trans, trans-farnesyl diphosphate biosynthetic process",1,False,False
GO_BP,GO:0045338,farnesyl diphosphate metabolic process,1,False,False
GO_BP,GO:0045346,regulation of MHC class II biosynthetic process,1,False,False
GO_BP,GO:0045348,positive regulation of MHC class II biosynthetic process,1,False,False
GO_BP,GO:0045494,photoreceptor cell maintenance,1,False,False
GO_BP,GO:0045540,regulation of cholesterol biosynthetic process,1,False,False
GO_BP,GO:0045542,positive regulation of cholesterol biosynthetic process,1,False,False
GO_BP,GO:0045581,negative regulation of T cell differentiation,1,False,False
GO_BP,GO:0045604,regulation of epidermal cell differentiation,1,False,False
GO_BP,GO:0045606,positive regulation of epidermal cell differentiation,1,False,False
GO_BP,GO:0045616,regulation of keratinocyte differentiation,1,False,False
GO_BP,GO:0045618,positive regulation of keratinocyte differentiation,1,False,False
GO_BP,GO:0045620,negative regulation of lymphocyte differentiation,1,False,False
GO_BP,GO:0045622,regulation of T-helper cell differentiation,1,False,False
GO_BP,GO:0045624,positive regulation of T-helper cell differentiation,1,False,False
GO_BP,GO:0045650,negative regulation of macrophage differentiation,1,False,False
GO_BP,GO:0045651,positive regulation of macrophage differentiation,1,False,False
GO_BP,GO:0045652,regulation of megakaryocyte differentiation,1,False,False
GO_BP,GO:0045653,negative regulation of megakaryocyte differentiation,1,False,False
GO_BP,GO:0045655,regulation of monocyte differentiation,1,False,False
GO_BP,GO:0045656,negative regulation of monocyte differentiation,1,False,False
GO_BP,GO:0045662,negative regulation of myoblast differentiation,1,False,False
GO_BP,GO:0045663,positive regulation of myoblast differentiation,1,False,False
GO_BP,GO:0045719,negative regulation of glycogen biosynthetic process,1,False,False
GO_BP,GO:0045721,negative regulation of gluconeogenesis,1,False,False
GO_BP,GO:0045722,positive regulation of gluconeogenesis,1,False,False
GO_BP,GO:0045724,positive regulation of cilium assembly,1,False,False
GO_BP,GO:0045726,positive regulation of integrin biosynthetic process,1,False,False
GO_BP,GO:0045752,positive regulation of Toll signaling pathway,1,False,False
GO_BP,GO:0045759,negative regulation of action potential,1,False,False
GO_BP,GO:0045760,positive regulation of action potential,1,False,False
GO_BP,GO:0045764,positive regulation of amino acid metabolic process,1,False,False
GO_BP,GO:0045779,negative regulation of bone resorption,1,False,False
GO_BP,GO:0045797,positive regulation of intestinal cholesterol absorption,1,False,False
GO_BP,GO:0045806,negative regulation of endocytosis,1,False,False
GO_BP,GO:0045820,negative regulation of glycolytic process,1,False,False
GO_BP,GO:0045827,negative regulation of isoprenoid metabolic process,1,False,False
GO_BP,GO:0045836,positive regulation of meiotic nuclear division,1,False,False
GO_BP,GO:0045837,negative regulation of membrane potential,1,False,False
GO_BP,GO:0045839,negative regulation of mitotic nuclear division,1,False,False
GO_BP,GO:0045841,negative regulation of mitotic metaphase/anaphase transition,1,False,False
GO_BP,GO:0045842,positive regulation of mitotic metaphase/anaphase transition,1,False,False
GO_BP,GO:0045843,negative regulation of striated muscle tissue development,1,False,False
GO_BP,GO:0045848,positive regulation of nitrogen utilization,1,False,False
GO_BP,GO:0045869,negative regulation of single stranded viral RNA replication via double stranded DNA intermediate,1,False,False
GO_BP,GO:0045870,positive regulation of single stranded viral RNA replication via double stranded DNA intermediate,1,False,False
GO_BP,GO:0045875,negative regulation of sister chromatid cohesion,1,False,False
GO_BP,GO:0045898,regulation of RNA polymerase II transcription preinitiation complex assembly,1,False,False
GO_BP,GO:0045920,negative regulation of exocytosis,1,False,False
GO_BP,GO:0045945,positive regulation of transcription by RNA polymerase III,1,False,False
GO_BP,GO:0045955,negative regulation of calcium ion-dependent exocytosis,1,False,False
GO_BP,GO:0045986,negative regulation of smooth muscle contraction,1,False,False
GO_BP,GO:0045988,negative regulation of striated muscle contraction,1,False,False
GO_BP,GO:0046010,"positive regulation of circadian sleep/wake cycle, non-REM sleep",1,False,False
GO_BP,GO:0046037,GMP metabolic process,1,False,False
GO_BP,GO:0046038,GMP catabolic process,1,False,False
GO_BP,GO:0046054,dGMP metabolic process,1,False,False
GO_BP,GO:0046055,dGMP catabolic process,1,False,False
GO_BP,GO:0046068,cGMP metabolic process,1,False,False
GO_BP,GO:0046069,cGMP catabolic process,1,False,False
GO_BP,GO:0046085,adenosine metabolic process,1,False,False
GO_BP,GO:0046098,guanine metabolic process,1,False,False
GO_BP,GO:0046100,hypoxanthine metabolic process,1,False,False
GO_BP,GO:0046110,xanthine metabolic process,1,False,False
GO_BP,GO:0046112,nucleobase biosynthetic process,1,False,False
GO_BP,GO:0046113,nucleobase catabolic process,1,False,False
GO_BP,GO:0046115,guanosine catabolic process,1,False,False
GO_BP,GO:0046146,tetrahydrobiopterin metabolic process,1,False,False
GO_BP,GO:0046148,pigment biosynthetic process,1,False,False
GO_BP,GO:0046185,aldehyde catabolic process,1,False,False
GO_BP,GO:0046226,coumarin catabolic process,1,False,False
GO_BP,GO:0046271,phenylpropanoid catabolic process,1,False,False
GO_BP,GO:0046272,stilbene catabolic process,1,False,False
GO_BP,GO:0046322,negative regulation of fatty acid oxidation,1,False,False
GO_BP,GO:0046352,disaccharide catabolic process,1,False,False
GO_BP,GO:0046364,monosaccharide biosynthetic process,1,False,False
GO_BP,GO:0046365,monosaccharide catabolic process,1,False,False
GO_BP,GO:0046370,fructose biosynthetic process,1,False,False
GO_BP,GO:0046426,negative regulation of receptor signaling pathway via JAK-STAT,1,False,False
GO_BP,GO:0046452,dihydrofolate metabolic process,1,False,False
GO_BP,GO:0046459,short-chain fatty acid metabolic process,1,False,False
GO_BP,GO:0046462,monoacylglycerol metabolic process,1,False,False
GO_BP,GO:0046471,phosphatidylglycerol metabolic process,1,False,False
GO_BP,GO:0046473,phosphatidic acid metabolic process,1,False,False
GO_BP,GO:0046475,glycerophospholipid catabolic process,1,False,False
GO_BP,GO:0046477,glycosylceramide catabolic process,1,False,False
GO_BP,GO:0046479,glycosphingolipid catabolic process,1,False,False
GO_BP,GO:0046490,isopentenyl diphosphate metabolic process,1,False,False
GO_BP,GO:0046495,nicotinamide riboside metabolic process,1,False,False
GO_BP,GO:0046514,ceramide catabolic process,1,False,False
GO_BP,GO:0046548,retinal rod cell development,1,False,False
GO_BP,GO:0046549,retinal cone cell development,1,False,False
GO_BP,GO:0046600,negative regulation of centriole replication,1,False,False
GO_BP,GO:0046601,positive regulation of centriole replication,1,False,False
GO_BP,GO:0046602,regulation of mitotic centrosome separation,1,False,False
GO_BP,GO:0046606,negative regulation of centrosome cycle,1,False,False
GO_BP,GO:0046622,positive regulation of organ growth,1,False,False
GO_BP,GO:0046653,tetrahydrofolate metabolic process,1,False,False
GO_BP,GO:0046654,tetrahydrofolate biosynthetic process,1,False,False
GO_BP,GO:0046655,folic acid metabolic process,1,False,False
GO_BP,GO:0046813,receptor-mediated virion attachment to host cell,1,False,False
GO_BP,GO:0046825,regulation of protein export from nucleus,1,False,False
GO_BP,GO:0046827,positive regulation of protein export from nucleus,1,False,False
GO_BP,GO:0046839,phospholipid dephosphorylation,1,False,False
GO_BP,GO:0046851,negative regulation of bone remodeling,1,False,False
GO_BP,GO:0046864,isoprenoid transport,1,False,False
GO_BP,GO:0046865,terpenoid transport,1,False,False
GO_BP,GO:0046874,quinolinate metabolic process,1,False,False
GO_BP,GO:0046877,regulation of saliva secretion,1,False,False
GO_BP,GO:0046885,regulation of hormone biosynthetic process,1,False,False
GO_BP,GO:0046886,positive regulation of hormone biosynthetic process,1,False,False
GO_BP,GO:0046949,fatty-acyl-CoA biosynthetic process,1,False,False
GO_BP,GO:0046958,nonassociative learning,1,False,False
GO_BP,GO:0046960,sensitization,1,False,False
GO_BP,GO:0046984,regulation of hemoglobin biosynthetic process,1,False,False
GO_BP,GO:0046985,positive regulation of hemoglobin biosynthetic process,1,False,False
GO_BP,GO:0047484,regulation of response to osmotic stress,1,False,False
GO_BP,GO:0047496,vesicle transport along microtubule,1,False,False
GO_BP,GO:0048012,hepatocyte growth factor receptor signaling pathway,1,False,False
GO_BP,GO:0048014,Tie signaling pathway,1,False,False
GO_BP,GO:0048024,"regulation of mRNA splicing, via spliceosome",1,False,False
GO_BP,GO:0048069,eye pigmentation,1,False,False
GO_BP,GO:0048147,negative regulation of fibroblast proliferation,1,False,False
GO_BP,GO:0048172,regulation of short-term neuronal synaptic plasticity,1,False,False
GO_BP,GO:0048208,COPII vesicle coat assembly,1,False,False
GO_BP,GO:0048246,macrophage chemotaxis,1,False,False
GO_BP,GO:0048247,lymphocyte chemotaxis,1,False,False
GO_BP,GO:0048311,mitochondrion distribution,1,False,False
GO_BP,GO:0048312,intracellular distribution of mitochondria,1,False,False
GO_BP,GO:0048386,positive regulation of retinoic acid receptor signaling pathway,1,False,False
GO_BP,GO:0048477,oogenesis,1,False,False
GO_BP,GO:0048485,sympathetic nervous system development,1,False,False
GO_BP,GO:0048525,negative regulation of viral process,1,False,False
GO_BP,GO:0048534,hematopoietic or lymphoid organ development,1,False,False
GO_BP,GO:0048535,lymph node development,1,False,False
GO_BP,GO:0048537,mucosa-associated lymphoid tissue development,1,False,False
GO_BP,GO:0048541,Peyer's patch development,1,False,False
GO_BP,GO:0048548,regulation of pinocytosis,1,False,False
GO_BP,GO:0048549,positive regulation of pinocytosis,1,False,False
GO_BP,GO:0048562,embryonic organ morphogenesis,1,False,False
GO_BP,GO:0048566,embryonic digestive tract development,1,False,False
GO_BP,GO:0048593,camera-type eye morphogenesis,1,False,False
GO_BP,GO:0048599,oocyte development,1,False,False
GO_BP,GO:0048634,regulation of muscle organ development,1,False,False
GO_BP,GO:0048635,negative regulation of muscle organ development,1,False,False
GO_BP,GO:0048668,collateral sprouting,1,False,False
GO_BP,GO:0048669,collateral sprouting in absence of injury,1,False,False
GO_BP,GO:0048670,regulation of collateral sprouting,1,False,False
GO_BP,GO:0048671,negative regulation of collateral sprouting,1,False,False
GO_BP,GO:0048675,axon extension,1,False,False
GO_BP,GO:0048679,regulation of axon regeneration,1,False,False
GO_BP,GO:0048681,negative regulation of axon regeneration,1,False,False
GO_BP,GO:0048705,skeletal system morphogenesis,1,False,False
GO_BP,GO:0048706,embryonic skeletal system development,1,False,False
GO_BP,GO:0048709,oligodendrocyte differentiation,1,False,False
GO_BP,GO:0048710,regulation of astrocyte differentiation,1,False,False
GO_BP,GO:0048712,negative regulation of astrocyte differentiation,1,False,False
GO_BP,GO:0048713,regulation of oligodendrocyte differentiation,1,False,False
GO_BP,GO:0048715,negative regulation of oligodendrocyte differentiation,1,False,False
GO_BP,GO:0048730,epidermis morphogenesis,1,False,False
GO_BP,GO:0048745,smooth muscle tissue development,1,False,False
GO_BP,GO:0048755,branching morphogenesis of a nerve,1,False,False
GO_BP,GO:0048799,animal organ maturation,1,False,False
GO_BP,GO:0048813,dendrite morphogenesis,1,False,False
GO_BP,GO:0048854,brain morphogenesis,1,False,False
GO_BP,GO:0048865,stem cell fate commitment,1,False,False
GO_BP,GO:0048873,homeostasis of number of cells within a tissue,1,False,False
GO_BP,GO:0050000,chromosome localization,1,False,False
GO_BP,GO:0050435,amyloid-beta metabolic process,1,False,False
GO_BP,GO:0050657,nucleic acid transport,1,False,False
GO_BP,GO:0050658,RNA transport,1,False,False
GO_BP,GO:0050665,hydrogen peroxide biosynthetic process,1,False,False
GO_BP,GO:0050684,regulation of mRNA processing,1,False,False
GO_BP,GO:0050732,negative regulation of peptidyl-tyrosine phosphorylation,1,False,False
GO_BP,GO:0050765,negative regulation of phagocytosis,1,False,False
GO_BP,GO:0050771,negative regulation of axonogenesis,1,False,False
GO_BP,GO:0050775,positive regulation of dendrite morphogenesis,1,False,False
GO_BP,GO:0050849,negative regulation of calcium-mediated signaling,1,False,False
GO_BP,GO:0050855,regulation of B cell receptor signaling pathway,1,False,False
GO_BP,GO:0050859,negative regulation of B cell receptor signaling pathway,1,False,False
GO_BP,GO:0050883,"musculoskeletal movement, spinal reflex action",1,False,False
GO_BP,GO:0050891,multicellular organismal-level water homeostasis,1,False,False
GO_BP,GO:0050893,sensory processing,1,False,False
GO_BP,GO:0050910,detection of mechanical stimulus involved in sensory perception of sound,1,False,False
GO_BP,GO:0050919,negative chemotaxis,1,False,False
GO_BP,GO:0050930,induction of positive chemotaxis,1,False,False
GO_BP,GO:0050931,pigment cell differentiation,1,False,False
GO_BP,GO:0050960,detection of temperature stimulus involved in thermoception,1,False,False
GO_BP,GO:0050993,dimethylallyl diphosphate metabolic process,1,False,False
GO_BP,GO:0050999,regulation of nitric-oxide synthase activity,1,False,False
GO_BP,GO:0051000,positive regulation of nitric-oxide synthase activity,1,False,False
GO_BP,GO:0051017,actin filament bundle assembly,1,False,False
GO_BP,GO:0051028,mRNA transport,1,False,False
GO_BP,GO:0051123,RNA polymerase II preinitiation complex assembly,1,False,False
GO_BP,GO:0051145,smooth muscle cell differentiation,1,False,False
GO_BP,GO:0051146,striated muscle cell differentiation,1,False,False
GO_BP,GO:0051151,negative regulation of smooth muscle cell differentiation,1,False,False
GO_BP,GO:0051152,positive regulation of smooth muscle cell differentiation,1,False,False
GO_BP,GO:0051154,negative regulation of striated muscle cell differentiation,1,False,False
GO_BP,GO:0051156,glucose 6-phosphate metabolic process,1,False,False
GO_BP,GO:0051168,nuclear export,1,False,False
GO_BP,GO:0051205,protein insertion into membrane,1,False,False
GO_BP,GO:0051228,mitotic spindle disassembly,1,False,False
GO_BP,GO:0051230,spindle disassembly,1,False,False
GO_BP,GO:0051231,spindle elongation,1,False,False
GO_BP,GO:0051255,spindle midzone assembly,1,False,False
GO_BP,GO:0051256,mitotic spindle midzone assembly,1,False,False
GO_BP,GO:0051289,protein homotetramerization,1,False,False
GO_BP,GO:0051293,establishment of spindle localization,1,False,False
GO_BP,GO:0051294,establishment of spindle orientation,1,False,False
GO_BP,GO:0051298,centrosome duplication,1,False,False
GO_BP,GO:0051310,metaphase chromosome alignment,1,False,False
GO_BP,GO:0051315,attachment of mitotic spindle microtubules to kinetochore,1,False,False
GO_BP,GO:0051345,positive regulation of hydrolase activity,1,False,False
GO_BP,GO:0051346,negative regulation of hydrolase activity,1,False,False
GO_BP,GO:0051453,regulation of intracellular pH,1,False,False
GO_BP,GO:0051457,maintenance of protein location in nucleus,1,False,False
GO_BP,GO:0051489,regulation of filopodium assembly,1,False,False
GO_BP,GO:0051490,negative regulation of filopodium assembly,1,False,False
GO_BP,GO:0051547,regulation of keratinocyte migration,1,False,False
GO_BP,GO:0051549,positive regulation of keratinocyte migration,1,False,False
GO_BP,GO:0051552,flavone metabolic process,1,False,False
GO_BP,GO:0051560,mitochondrial calcium ion homeostasis,1,False,False
GO_BP,GO:0051561,positive regulation of mitochondrial calcium ion concentration,1,False,False
GO_BP,GO:0051593,response to folic acid,1,False,False
GO_BP,GO:0051599,response to hydrostatic pressure,1,False,False
GO_BP,GO:0051625,epinephrine uptake,1,False,False
GO_BP,GO:0051648,vesicle localization,1,False,False
GO_BP,GO:0051650,establishment of vesicle localization,1,False,False
GO_BP,GO:0051653,spindle localization,1,False,False
GO_BP,GO:0051702,biological process involved in interaction with symbiont,1,False,False
GO_BP,GO:0051775,response to redox state,1,False,False
GO_BP,GO:0051782,negative regulation of cell division,1,False,False
GO_BP,GO:0051784,negative regulation of nuclear division,1,False,False
GO_BP,GO:0051791,medium-chain fatty acid metabolic process,1,False,False
GO_BP,GO:0051875,pigment granule localization,1,False,False
GO_BP,GO:0051904,pigment granule transport,1,False,False
GO_BP,GO:0051905,establishment of pigment granule localization,1,False,False
GO_BP,GO:0051919,positive regulation of fibrinolysis,1,False,False
GO_BP,GO:0051932,"synaptic transmission, GABAergic",1,False,False
GO_BP,GO:0051938,L-glutamate import,1,False,False
GO_BP,GO:0051956,negative regulation of amino acid transport,1,False,False
GO_BP,GO:0051957,positive regulation of amino acid transport,1,False,False
GO_BP,GO:0051964,negative regulation of synapse assembly,1,False,False
GO_BP,GO:0051965,positive regulation of synapse assembly,1,False,False
GO_BP,GO:0051971,positive regulation of transmission of nerve impulse,1,False,False
GO_BP,GO:0051985,negative regulation of chromosome segregation,1,False,False
GO_BP,GO:0052008,symbiont-mediated disruption of host cellular anatomical structure,1,False,False
GO_BP,GO:0052111,symbiont-mediated disruption of host anatomical structure,1,False,False
GO_BP,GO:0052372,modulation by symbiont of entry into host,1,False,False
GO_BP,GO:0052547,regulation of peptidase activity,1,False,False
GO_BP,GO:0052651,monoacylglycerol catabolic process,1,False,False
GO_BP,GO:0055002,striated muscle cell development,1,False,False
GO_BP,GO:0055003,cardiac myofibril assembly,1,False,False
GO_BP,GO:0055006,cardiac cell development,1,False,False
GO_BP,GO:0055007,cardiac muscle cell differentiation,1,False,False
GO_BP,GO:0055008,cardiac muscle tissue morphogenesis,1,False,False
GO_BP,GO:0055010,ventricular cardiac muscle tissue morphogenesis,1,False,False
GO_BP,GO:0055013,cardiac muscle cell development,1,False,False
GO_BP,GO:0055022,negative regulation of cardiac muscle tissue growth,1,False,False
GO_BP,GO:0055023,positive regulation of cardiac muscle tissue growth,1,False,False
GO_BP,GO:0055062,phosphate ion homeostasis,1,False,False
GO_BP,GO:0055078,sodium ion homeostasis,1,False,False
GO_BP,GO:0055095,lipoprotein particle mediated signaling,1,False,False
GO_BP,GO:0055096,low-density lipoprotein particle mediated signaling,1,False,False
GO_BP,GO:0055118,negative regulation of cardiac muscle contraction,1,False,False
GO_BP,GO:0055119,relaxation of cardiac muscle,1,False,False
GO_BP,GO:0055130,D-alanine catabolic process,1,False,False
GO_BP,GO:0060012,"synaptic transmission, glycinergic",1,False,False
GO_BP,GO:0060019,radial glial cell differentiation,1,False,False
GO_BP,GO:0060037,pharyngeal system development,1,False,False
GO_BP,GO:0060042,retina morphogenesis in camera-type eye,1,False,False
GO_BP,GO:0060043,regulation of cardiac muscle cell proliferation,1,False,False
GO_BP,GO:0060045,positive regulation of cardiac muscle cell proliferation,1,False,False
GO_BP,GO:0060046,regulation of acrosome reaction,1,False,False
GO_BP,GO:0060054,positive regulation of epithelial cell proliferation involved in wound healing,1,False,False
GO_BP,GO:0060055,angiogenesis involved in wound healing,1,False,False
GO_BP,GO:0060056,mammary gland involution,1,False,False
GO_BP,GO:0060081,membrane hyperpolarization,1,False,False
GO_BP,GO:0060099,"regulation of phagocytosis, engulfment",1,False,False
GO_BP,GO:0060123,regulation of growth hormone secretion,1,False,False
GO_BP,GO:0060124,positive regulation of growth hormone secretion,1,False,False
GO_BP,GO:0060137,maternal process involved in parturition,1,False,False
GO_BP,GO:0060138,fetal process involved in parturition,1,False,False
GO_BP,GO:0060142,regulation of syncytium formation by plasma membrane fusion,1,False,False
GO_BP,GO:0060143,positive regulation of syncytium formation by plasma membrane fusion,1,False,False
GO_BP,GO:0060147,regulation of post-transcriptional gene silencing,1,False,False
GO_BP,GO:0060149,negative regulation of post-transcriptional gene silencing,1,False,False
GO_BP,GO:0060156,milk ejection reflex,1,False,False
GO_BP,GO:0060161,positive regulation of dopamine receptor signaling pathway,1,False,False
GO_BP,GO:0060179,male mating behavior,1,False,False
GO_BP,GO:0060180,female mating behavior,1,False,False
GO_BP,GO:0060219,camera-type eye photoreceptor cell differentiation,1,False,False
GO_BP,GO:0060221,retinal rod cell differentiation,1,False,False
GO_BP,GO:0060251,regulation of glial cell proliferation,1,False,False
GO_BP,GO:0060261,positive regulation of transcription initiation by RNA polymerase II,1,False,False
GO_BP,GO:0060263,regulation of respiratory burst,1,False,False
GO_BP,GO:0060267,positive regulation of respiratory burst,1,False,False
GO_BP,GO:0060290,transdifferentiation,1,False,False
GO_BP,GO:0060292,long-term synaptic depression,1,False,False
GO_BP,GO:0060304,regulation of phosphatidylinositol dephosphorylation,1,False,False
GO_BP,GO:0060307,regulation of ventricular cardiac muscle cell membrane repolarization,1,False,False
GO_BP,GO:0060313,negative regulation of blood vessel remodeling,1,False,False
GO_BP,GO:0060333,type II interferon-mediated signaling pathway,1,False,False
GO_BP,GO:0060340,positive regulation of type I interferon-mediated signaling pathway,1,False,False
GO_BP,GO:0060343,trabecula formation,1,False,False
GO_BP,GO:0060347,heart trabecula formation,1,False,False
GO_BP,GO:0060349,bone morphogenesis,1,False,False
GO_BP,GO:0060350,endochondral bone morphogenesis,1,False,False
GO_BP,GO:0060354,negative regulation of cell adhesion molecule production,1,False,False
GO_BP,GO:0060374,mast cell differentiation,1,False,False
GO_BP,GO:0060384,innervation,1,False,False
GO_BP,GO:0060385,axonogenesis involved in innervation,1,False,False
GO_BP,GO:0060392,negative regulation of SMAD protein signal transduction,1,False,False
GO_BP,GO:0060395,SMAD protein signal transduction,1,False,False
GO_BP,GO:0060398,regulation of growth hormone receptor signaling pathway,1,False,False
GO_BP,GO:0060399,positive regulation of growth hormone receptor signaling pathway,1,False,False
GO_BP,GO:0060402,calcium ion transport into cytosol,1,False,False
GO_BP,GO:0060414,aorta smooth muscle tissue morphogenesis,1,False,False
GO_BP,GO:0060421,positive regulation of heart growth,1,False,False
GO_BP,GO:0060443,mammary gland morphogenesis,1,False,False
GO_BP,GO:0060456,positive regulation of digestive system process,1,False,False
GO_BP,GO:0060512,prostate gland morphogenesis,1,False,False
GO_BP,GO:0060545,positive regulation of necroptotic process,1,False,False
GO_BP,GO:0060546,negative regulation of necroptotic process,1,False,False
GO_BP,GO:0060556,regulation of vitamin D biosynthetic process,1,False,False
GO_BP,GO:0060575,intestinal epithelial cell differentiation,1,False,False
GO_BP,GO:0060576,intestinal epithelial cell development,1,False,False
GO_BP,GO:0060623,regulation of chromosome condensation,1,False,False
GO_BP,GO:0060644,mammary gland epithelial cell differentiation,1,False,False
GO_BP,GO:0060696,regulation of phospholipid catabolic process,1,False,False
GO_BP,GO:0060697,positive regulation of phospholipid catabolic process,1,False,False
GO_BP,GO:0060706,cell differentiation involved in embryonic placenta development,1,False,False
GO_BP,GO:0060707,trophoblast giant cell differentiation,1,False,False
GO_BP,GO:0060729,intestinal epithelial structure maintenance,1,False,False
GO_BP,GO:0060740,prostate gland epithelium morphogenesis,1,False,False
GO_BP,GO:0060766,negative regulation of androgen receptor signaling pathway,1,False,False
GO_BP,GO:0060785,regulation of apoptosis involved in tissue homeostasis,1,False,False
GO_BP,GO:0060816,random inactivation of X chromosome,1,False,False
GO_BP,GO:0060964,regulation of miRNA-mediated gene silencing,1,False,False
GO_BP,GO:0060965,negative regulation of miRNA-mediated gene silencing,1,False,False
GO_BP,GO:0060966,regulation of gene silencing by regulatory ncRNA,1,False,False
GO_BP,GO:0060967,negative regulation of gene silencing by regulatory ncRNA,1,False,False
GO_BP,GO:0060976,coronary vasculature development,1,False,False
GO_BP,GO:0060977,coronary vasculature morphogenesis,1,False,False
GO_BP,GO:0060978,angiogenesis involved in coronary vascular morphogenesis,1,False,False
GO_BP,GO:0060981,cell migration involved in coronary angiogenesis,1,False,False
GO_BP,GO:0060992,response to fungicide,1,False,False
GO_BP,GO:0060999,positive regulation of dendritic spine development,1,False,False
GO_BP,GO:0061002,negative regulation of dendritic spine morphogenesis,1,False,False
GO_BP,GO:0061003,positive regulation of dendritic spine morphogenesis,1,False,False
GO_BP,GO:0061005,cell differentiation involved in kidney development,1,False,False
GO_BP,GO:0061028,establishment of endothelial barrier,1,False,False
GO_BP,GO:0061036,positive regulation of cartilage development,1,False,False
GO_BP,GO:0061037,negative regulation of cartilage development,1,False,False
GO_BP,GO:0061042,vascular wound healing,1,False,False
GO_BP,GO:0061043,regulation of vascular wound healing,1,False,False
GO_BP,GO:0061044,negative regulation of vascular wound healing,1,False,False
GO_BP,GO:0061050,regulation of cell growth involved in cardiac muscle cell development,1,False,False
GO_BP,GO:0061052,negative regulation of cell growth involved in cardiac muscle cell development,1,False,False
GO_BP,GO:0061117,negative regulation of heart growth,1,False,False
GO_BP,GO:0061187,regulation of rDNA heterochromatin formation,1,False,False
GO_BP,GO:0061188,negative regulation of rDNA heterochromatin formation,1,False,False
GO_BP,GO:0061299,retina vasculature morphogenesis in camera-type eye,1,False,False
GO_BP,GO:0061304,retinal blood vessel morphogenesis,1,False,False
GO_BP,GO:0061307,cardiac neural crest cell differentiation involved in heart development,1,False,False
GO_BP,GO:0061308,cardiac neural crest cell development involved in heart development,1,False,False
GO_BP,GO:0061309,cardiac neural crest cell development involved in outflow tract morphogenesis,1,False,False
GO_BP,GO:0061318,renal filtration cell differentiation,1,False,False
GO_BP,GO:0061326,renal tubule development,1,False,False
GO_BP,GO:0061356,regulation of Wnt protein secretion,1,False,False
GO_BP,GO:0061358,negative regulation of Wnt protein secretion,1,False,False
GO_BP,GO:0061383,trabecula morphogenesis,1,False,False
GO_BP,GO:0061384,heart trabecula morphogenesis,1,False,False
GO_BP,GO:0061431,cellular response to methionine,1,False,False
GO_BP,GO:0061433,cellular response to caloric restriction,1,False,False
GO_BP,GO:0061438,renal system vasculature morphogenesis,1,False,False
GO_BP,GO:0061439,kidney vasculature morphogenesis,1,False,False
GO_BP,GO:0061462,protein localization to lysosome,1,False,False
GO_BP,GO:0061512,protein localization to cilium,1,False,False
GO_BP,GO:0061514,interleukin-34-mediated signaling pathway,1,False,False
GO_BP,GO:0061548,ganglion development,1,False,False
GO_BP,GO:0061572,actin filament bundle organization,1,False,False
GO_BP,GO:0061577,calcium ion transmembrane transport via high voltage-gated calcium channel,1,False,False
GO_BP,GO:0061626,pharyngeal arch artery morphogenesis,1,False,False
GO_BP,GO:0061635,regulation of protein complex stability,1,False,False
GO_BP,GO:0061687,detoxification of inorganic compound,1,False,False
GO_BP,GO:0061723,glycophagy,1,False,False
GO_BP,GO:0061734,type 2 mitophagy,1,False,False
GO_BP,GO:0061740,protein targeting to lysosome involved in chaperone-mediated autophagy,1,False,False
GO_BP,GO:0061756,leukocyte adhesion to vascular endothelial cell,1,False,False
GO_BP,GO:0061767,negative regulation of lung blood pressure,1,False,False
GO_BP,GO:0061857,endoplasmic reticulum stress-induced pre-emptive quality control,1,False,False
GO_BP,GO:0061884,regulation of mini excitatory postsynaptic potential,1,False,False
GO_BP,GO:0061885,positive regulation of mini excitatory postsynaptic potential,1,False,False
GO_BP,GO:0061921,peptidyl-lysine propionylation,1,False,False
GO_BP,GO:0061952,midbody abscission,1,False,False
GO_BP,GO:0062033,positive regulation of mitotic sister chromatid segregation,1,False,False
GO_BP,GO:0062035,sensory perception of cold stimulus,1,False,False
GO_BP,GO:0062036,sensory perception of hot stimulus,1,False,False
GO_BP,GO:0062099,negative regulation of programmed necrotic cell death,1,False,False
GO_BP,GO:0062100,positive regulation of programmed necrotic cell death,1,False,False
GO_BP,GO:0062237,protein localization to postsynapse,1,False,False
GO_BP,GO:0065002,intracellular protein transmembrane transport,1,False,False
GO_BP,GO:0065004,protein-DNA complex assembly,1,False,False
GO_BP,GO:0070054,"mRNA splicing, via endonucleolytic cleavage and ligation",1,False,False
GO_BP,GO:0070099,regulation of chemokine-mediated signaling pathway,1,False,False
GO_BP,GO:0070101,positive regulation of chemokine-mediated signaling pathway,1,False,False
GO_BP,GO:0070103,regulation of interleukin-6-mediated signaling pathway,1,False,False
GO_BP,GO:0070104,negative regulation of interleukin-6-mediated signaling pathway,1,False,False
GO_BP,GO:0070168,negative regulation of biomineral tissue development,1,False,False
GO_BP,GO:0070179,D-serine biosynthetic process,1,False,False
GO_BP,GO:0070200,establishment of protein localization to telomere,1,False,False
GO_BP,GO:0070227,lymphocyte apoptotic process,1,False,False
GO_BP,GO:0070230,positive regulation of lymphocyte apoptotic process,1,False,False
GO_BP,GO:0070231,T cell apoptotic process,1,False,False
GO_BP,GO:0070233,negative regulation of T cell apoptotic process,1,False,False
GO_BP,GO:0070234,positive regulation of T cell apoptotic process,1,False,False
GO_BP,GO:0070243,regulation of thymocyte apoptotic process,1,False,False
GO_BP,GO:0070244,negative regulation of thymocyte apoptotic process,1,False,False
GO_BP,GO:0070254,mucus secretion,1,False,False
GO_BP,GO:0070294,renal sodium ion absorption,1,False,False
GO_BP,GO:0070295,renal water absorption,1,False,False
GO_BP,GO:0070303,negative regulation of stress-activated protein kinase signaling cascade,1,False,False
GO_BP,GO:0070305,response to cGMP,1,False,False
GO_BP,GO:0070327,thyroid hormone transport,1,False,False
GO_BP,GO:0070339,response to bacterial lipopeptide,1,False,False
GO_BP,GO:0070340,detection of bacterial lipopeptide,1,False,False
GO_BP,GO:0070341,fat cell proliferation,1,False,False
GO_BP,GO:0070343,white fat cell proliferation,1,False,False
GO_BP,GO:0070365,hepatocyte differentiation,1,False,False
GO_BP,GO:0070370,cellular heat acclimation,1,False,False
GO_BP,GO:0070383,DNA cytosine deamination,1,False,False
GO_BP,GO:0070426,"positive regulation of nucleotide-binding domain, leucine rich repeat containing receptor signaling pathway",1,False,False
GO_BP,GO:0070427,nucleotide-binding oligomerization domain containing 1 signaling pathway,1,False,False
GO_BP,GO:0070432,regulation of nucleotide-binding oligomerization domain containing 2 signaling pathway,1,False,False
GO_BP,GO:0070434,positive regulation of nucleotide-binding oligomerization domain containing 2 signaling pathway,1,False,False
GO_BP,GO:0070445,regulation of oligodendrocyte progenitor proliferation,1,False,False
GO_BP,GO:0070446,negative regulation of oligodendrocyte progenitor proliferation,1,False,False
GO_BP,GO:0070473,negative regulation of uterine smooth muscle contraction,1,False,False
GO_BP,GO:0070493,thrombin-activated receptor signaling pathway,1,False,False
GO_BP,GO:0070570,regulation of neuron projection regeneration,1,False,False
GO_BP,GO:0070571,negative regulation of neuron projection regeneration,1,False,False
GO_BP,GO:0070637,pyridine nucleoside metabolic process,1,False,False
GO_BP,GO:0070638,pyridine nucleoside catabolic process,1,False,False
GO_BP,GO:0070662,mast cell proliferation,1,False,False
GO_BP,GO:0070669,response to interleukin-2,1,False,False
GO_BP,GO:0070671,response to interleukin-12,1,False,False
GO_BP,GO:0070672,response to interleukin-15,1,False,False
GO_BP,GO:0070673,response to interleukin-18,1,False,False
GO_BP,GO:0070723,response to cholesterol,1,False,False
GO_BP,GO:0070729,cyclic nucleotide transport,1,False,False
GO_BP,GO:0070757,interleukin-35-mediated signaling pathway,1,False,False
GO_BP,GO:0070777,D-aspartate transmembrane transport,1,False,False
GO_BP,GO:0070778,L-aspartate transmembrane transport,1,False,False
GO_BP,GO:0070779,D-aspartate import across plasma membrane,1,False,False
GO_BP,GO:0070842,aggresome assembly,1,False,False
GO_BP,GO:0070843,misfolded protein transport,1,False,False
GO_BP,GO:0070844,polyubiquitinated protein transport,1,False,False
GO_BP,GO:0070845,polyubiquitinated misfolded protein transport,1,False,False
GO_BP,GO:0070874,negative regulation of glycogen metabolic process,1,False,False
GO_BP,GO:0070884,regulation of calcineurin-NFAT signaling cascade,1,False,False
GO_BP,GO:0070885,negative regulation of calcineurin-NFAT signaling cascade,1,False,False
GO_BP,GO:0070897,transcription preinitiation complex assembly,1,False,False
GO_BP,GO:0070920,regulation of regulatory ncRNA processing,1,False,False
GO_BP,GO:0070947,neutrophil-mediated killing of fungus,1,False,False
GO_BP,GO:0070977,bone maturation,1,False,False
GO_BP,GO:0071104,response to interleukin-9,1,False,False
GO_BP,GO:0071107,response to parathyroid hormone,1,False,False
GO_BP,GO:0071109,superior temporal gyrus development,1,False,False
GO_BP,GO:0071169,establishment of protein localization to chromatin,1,False,False
GO_BP,GO:0071173,spindle assembly checkpoint signaling,1,False,False
GO_BP,GO:0071174,mitotic spindle checkpoint signaling,1,False,False
GO_BP,GO:0071211,protein targeting to vacuole involved in autophagy,1,False,False
GO_BP,GO:0071218,cellular response to misfolded protein,1,False,False
GO_BP,GO:0071220,cellular response to bacterial lipoprotein,1,False,False
GO_BP,GO:0071221,cellular response to bacterial lipopeptide,1,False,False
GO_BP,GO:0071224,cellular response to peptidoglycan,1,False,False
GO_BP,GO:0071226,cellular response to molecule of fungal origin,1,False,False
GO_BP,GO:0071233,cellular response to L-leucine,1,False,False
GO_BP,GO:0071243,cellular response to arsenic-containing substance,1,False,False
GO_BP,GO:0071272,morphine metabolic process,1,False,False
GO_BP,GO:0071273,morphine catabolic process,1,False,False
GO_BP,GO:0071274,isoquinoline alkaloid catabolic process,1,False,False
GO_BP,GO:0071315,cellular response to morphine,1,False,False
GO_BP,GO:0071317,cellular response to isoquinoline alkaloid,1,False,False
GO_BP,GO:0071318,cellular response to ATP,1,False,False
GO_BP,GO:0071321,cellular response to cGMP,1,False,False
GO_BP,GO:0071332,cellular response to fructose stimulus,1,False,False
GO_BP,GO:0071349,cellular response to interleukin-12,1,False,False
GO_BP,GO:0071350,cellular response to interleukin-15,1,False,False
GO_BP,GO:0071351,cellular response to interleukin-18,1,False,False
GO_BP,GO:0071352,cellular response to interleukin-2,1,False,False
GO_BP,GO:0071355,cellular response to interleukin-9,1,False,False
GO_BP,GO:0071359,cellular response to dsRNA,1,False,False
GO_BP,GO:0071362,cellular response to ether,1,False,False
GO_BP,GO:0071372,cellular response to follicle-stimulating hormone stimulus,1,False,False
GO_BP,GO:0071374,cellular response to parathyroid hormone stimulus,1,False,False
GO_BP,GO:0071393,cellular response to progesterone stimulus,1,False,False
GO_BP,GO:0071394,cellular response to testosterone stimulus,1,False,False
GO_BP,GO:0071397,cellular response to cholesterol,1,False,False
GO_BP,GO:0071401,cellular response to triglyceride,1,False,False
GO_BP,GO:0071412,cellular response to genistein,1,False,False
GO_BP,GO:0071413,cellular response to hydroxyisoflavone,1,False,False
GO_BP,GO:0071418,cellular response to amine stimulus,1,False,False
GO_BP,GO:0071420,cellular response to histamine,1,False,False
GO_BP,GO:0071450,cellular response to oxygen radical,1,False,False
GO_BP,GO:0071451,cellular response to superoxide,1,False,False
GO_BP,GO:0071459,"protein localization to chromosome, centromeric region",1,False,False
GO_BP,GO:0071460,cellular response to cell-matrix adhesion,1,False,False
GO_BP,GO:0071462,cellular response to water stimulus,1,False,False
GO_BP,GO:0071464,cellular response to hydrostatic pressure,1,False,False
GO_BP,GO:0071467,cellular response to pH,1,False,False
GO_BP,GO:0071468,cellular response to acidic pH,1,False,False
GO_BP,GO:0071471,cellular response to non-ionic osmotic stress,1,False,False
GO_BP,GO:0071472,cellular response to salt stress,1,False,False
GO_BP,GO:0071474,cellular hyperosmotic response,1,False,False
GO_BP,GO:0071475,cellular hyperosmotic salinity response,1,False,False
GO_BP,GO:0071476,cellular hypotonic response,1,False,False
GO_BP,GO:0071480,cellular response to gamma radiation,1,False,False
GO_BP,GO:0071493,cellular response to UV-B,1,False,False
GO_BP,GO:0071529,cementum mineralization,1,False,False
GO_BP,GO:0071539,protein localization to centrosome,1,False,False
GO_BP,GO:0071542,dopaminergic neuron differentiation,1,False,False
GO_BP,GO:0071549,cellular response to dexamethasone stimulus,1,False,False
GO_BP,GO:0071577,zinc ion transmembrane transport,1,False,False
GO_BP,GO:0071616,acyl-CoA biosynthetic process,1,False,False
GO_BP,GO:0071623,negative regulation of granulocyte chemotaxis,1,False,False
GO_BP,GO:0071624,positive regulation of granulocyte chemotaxis,1,False,False
GO_BP,GO:0071635,negative regulation of transforming growth factor beta production,1,False,False
GO_BP,GO:0071639,positive regulation of monocyte chemotactic protein-1 production,1,False,False
GO_BP,GO:0071670,smooth muscle cell chemotaxis,1,False,False
GO_BP,GO:0071671,regulation of smooth muscle cell chemotaxis,1,False,False
GO_BP,GO:0071672,negative regulation of smooth muscle cell chemotaxis,1,False,False
GO_BP,GO:0071716,leukotriene transport,1,False,False
GO_BP,GO:0071724,response to diacyl bacterial lipopeptide,1,False,False
GO_BP,GO:0071725,response to triacyl bacterial lipopeptide,1,False,False
GO_BP,GO:0071726,cellular response to diacyl bacterial lipopeptide,1,False,False
GO_BP,GO:0071727,cellular response to triacyl bacterial lipopeptide,1,False,False
GO_BP,GO:0071772,response to BMP,1,False,False
GO_BP,GO:0071773,cellular response to BMP stimulus,1,False,False
GO_BP,GO:0071873,response to norepinephrine,1,False,False
GO_BP,GO:0071874,cellular response to norepinephrine stimulus,1,False,False
GO_BP,GO:0071878,negative regulation of adenylate cyclase-activating adrenergic receptor signaling pathway,1,False,False
GO_BP,GO:0071888,macrophage apoptotic process,1,False,False
GO_BP,GO:0071901,negative regulation of protein serine/threonine kinase activity,1,False,False
GO_BP,GO:0071985,multivesicular body sorting pathway,1,False,False
GO_BP,GO:0072010,glomerular epithelium development,1,False,False
GO_BP,GO:0072011,glomerular endothelium development,1,False,False
GO_BP,GO:0072014,proximal tubule development,1,False,False
GO_BP,GO:0072080,nephron tubule development,1,False,False
GO_BP,GO:0072089,stem cell proliferation,1,False,False
GO_BP,GO:0072102,glomerulus morphogenesis,1,False,False
GO_BP,GO:0072103,glomerulus vasculature morphogenesis,1,False,False
GO_BP,GO:0072104,glomerular capillary formation,1,False,False
GO_BP,GO:0072109,glomerular mesangium development,1,False,False
GO_BP,GO:0072110,glomerular mesangial cell proliferation,1,False,False
GO_BP,GO:0072111,cell proliferation involved in kidney development,1,False,False
GO_BP,GO:0072112,podocyte differentiation,1,False,False
GO_BP,GO:0072163,mesonephric epithelium development,1,False,False
GO_BP,GO:0072164,mesonephric tubule development,1,False,False
GO_BP,GO:0072170,metanephric tubule development,1,False,False
GO_BP,GO:0072203,cell proliferation involved in metanephros development,1,False,False
GO_BP,GO:0072207,metanephric epithelium development,1,False,False
GO_BP,GO:0072210,metanephric nephron development,1,False,False
GO_BP,GO:0072223,metanephric glomerular mesangium development,1,False,False
GO_BP,GO:0072224,metanephric glomerulus development,1,False,False
GO_BP,GO:0072234,metanephric nephron tubule development,1,False,False
GO_BP,GO:0072237,metanephric proximal tubule development,1,False,False
GO_BP,GO:0072239,metanephric glomerulus vasculature development,1,False,False
GO_BP,GO:0072243,metanephric nephron epithelium development,1,False,False
GO_BP,GO:0072262,metanephric glomerular mesangial cell proliferation involved in metanephros development,1,False,False
GO_BP,GO:0072275,metanephric glomerulus morphogenesis,1,False,False
GO_BP,GO:0072276,metanephric glomerulus vasculature morphogenesis,1,False,False
GO_BP,GO:0072277,metanephric glomerular capillary formation,1,False,False
GO_BP,GO:0072311,glomerular epithelial cell differentiation,1,False,False
GO_BP,GO:0072318,clathrin coat disassembly,1,False,False
GO_BP,GO:0072319,vesicle uncoating,1,False,False
GO_BP,GO:0072331,signal transduction by p53 class mediator,1,False,False
GO_BP,GO:0072332,intrinsic apoptotic signaling pathway by p53 class mediator,1,False,False
GO_BP,GO:0072344,rescue of stalled cytosolic ribosome,1,False,False
GO_BP,GO:0072350,tricarboxylic acid metabolic process,1,False,False
GO_BP,GO:0072386,plus-end-directed organelle transport along microtubule,1,False,False
GO_BP,GO:0072387,flavin adenine dinucleotide metabolic process,1,False,False
GO_BP,GO:0072389,flavin adenine dinucleotide catabolic process,1,False,False
GO_BP,GO:0072527,pyrimidine-containing compound metabolic process,1,False,False
GO_BP,GO:0072528,pyrimidine-containing compound biosynthetic process,1,False,False
GO_BP,GO:0072540,T-helper 17 cell lineage commitment,1,False,False
GO_BP,GO:0072583,clathrin-dependent endocytosis,1,False,False
GO_BP,GO:0072584,caveolin-mediated endocytosis,1,False,False
GO_BP,GO:0072656,maintenance of protein location in mitochondrion,1,False,False
GO_BP,GO:0072665,protein localization to vacuole,1,False,False
GO_BP,GO:0072666,establishment of protein localization to vacuole,1,False,False
GO_BP,GO:0072672,neutrophil extravasation,1,False,False
GO_BP,GO:0072678,T cell migration,1,False,False
GO_BP,GO:0072698,protein localization to microtubule cytoskeleton,1,False,False
GO_BP,GO:0072752,cellular response to rapamycin,1,False,False
GO_BP,GO:0075342,symbiont-mediated disruption of host cell PML body,1,False,False
GO_BP,GO:0080144,intracellular amino acid homeostasis,1,False,False
GO_BP,GO:0080171,lytic vacuole organization,1,False,False
GO_BP,GO:0086005,ventricular cardiac muscle cell action potential,1,False,False
GO_BP,GO:0086016,AV node cell action potential,1,False,False
GO_BP,GO:0086027,AV node cell to bundle of His cell signaling,1,False,False
GO_BP,GO:0086028,bundle of His cell to Purkinje myocyte signaling,1,False,False
GO_BP,GO:0086043,bundle of His cell action potential,1,False,False
GO_BP,GO:0086045,membrane depolarization during AV node cell action potential,1,False,False
GO_BP,GO:0086046,membrane depolarization during SA node cell action potential,1,False,False
GO_BP,GO:0086050,membrane repolarization during bundle of His cell action potential,1,False,False
GO_BP,GO:0086052,membrane repolarization during SA node cell action potential,1,False,False
GO_BP,GO:0086064,cell communication by electrical coupling involved in cardiac conduction,1,False,False
GO_BP,GO:0086067,AV node cell to bundle of His cell communication,1,False,False
GO_BP,GO:0086069,bundle of His cell to Purkinje myocyte communication,1,False,False
GO_BP,GO:0086097,phospholipase C-activating angiotensin-activated signaling pathway,1,False,False
GO_BP,GO:0090023,positive regulation of neutrophil chemotaxis,1,False,False
GO_BP,GO:0090024,negative regulation of neutrophil chemotaxis,1,False,False
GO_BP,GO:0090025,regulation of monocyte chemotaxis,1,False,False
GO_BP,GO:0090026,positive regulation of monocyte chemotaxis,1,False,False
GO_BP,GO:0090036,regulation of protein kinase C signaling,1,False,False
GO_BP,GO:0090037,positive regulation of protein kinase C signaling,1,False,False
GO_BP,GO:0090043,regulation of tubulin deacetylation,1,False,False
GO_BP,GO:0090063,positive regulation of microtubule nucleation,1,False,False
GO_BP,GO:0090067,regulation of thalamus size,1,False,False
GO_BP,GO:0090069,regulation of ribosome biogenesis,1,False,False
GO_BP,GO:0090071,negative regulation of ribosome biogenesis,1,False,False
GO_BP,GO:0090075,relaxation of muscle,1,False,False
GO_BP,GO:0090084,negative regulation of inclusion body assembly,1,False,False
GO_BP,GO:0090085,regulation of protein deubiquitination,1,False,False
GO_BP,GO:0090088,regulation of oligopeptide transport,1,False,False
GO_BP,GO:0090089,regulation of dipeptide transport,1,False,False
GO_BP,GO:0090091,positive regulation of extracellular matrix disassembly,1,False,False
GO_BP,GO:0090114,COPII-coated vesicle budding,1,False,False
GO_BP,GO:0090119,vesicle-mediated cholesterol transport,1,False,False
GO_BP,GO:0090122,cholesterol ester hydrolysis involved in cholesterol transport,1,False,False
GO_BP,GO:0090128,regulation of synapse maturation,1,False,False
GO_BP,GO:0090129,positive regulation of synapse maturation,1,False,False
GO_BP,GO:0090136,epithelial cell-cell adhesion,1,False,False
GO_BP,GO:0090200,positive regulation of release of cytochrome c from mitochondria,1,False,False
GO_BP,GO:0090231,regulation of spindle checkpoint,1,False,False
GO_BP,GO:0090232,positive regulation of spindle checkpoint,1,False,False
GO_BP,GO:0090234,regulation of kinetochore assembly,1,False,False
GO_BP,GO:0090238,positive regulation of arachidonate secretion,1,False,False
GO_BP,GO:0090266,regulation of mitotic cell cycle spindle assembly checkpoint,1,False,False
GO_BP,GO:0090267,positive regulation of mitotic cell cycle spindle assembly checkpoint,1,False,False
GO_BP,GO:0090270,regulation of fibroblast growth factor production,1,False,False
GO_BP,GO:0090271,positive regulation of fibroblast growth factor production,1,False,False
GO_BP,GO:0090280,positive regulation of calcium ion import,1,False,False
GO_BP,GO:0090307,mitotic spindle assembly,1,False,False
GO_BP,GO:0090310,negative regulation of DNA methylation-dependent heterochromatin formation,1,False,False
GO_BP,GO:0090311,regulation of protein deacetylation,1,False,False
GO_BP,GO:0090326,positive regulation of locomotion involved in locomotory behavior,1,False,False
GO_BP,GO:0090346,organofluorine metabolic process,1,False,False
GO_BP,GO:0090347,regulation of organohalogen metabolic process,1,False,False
GO_BP,GO:0090350,negative regulation of organofluorine metabolic process,1,False,False
GO_BP,GO:0090361,regulation of platelet-derived growth factor production,1,False,False
GO_BP,GO:0090362,positive regulation of platelet-derived growth factor production,1,False,False
GO_BP,GO:0090394,negative regulation of excitatory postsynaptic potential,1,False,False
GO_BP,GO:0090400,stress-induced premature senescence,1,False,False
GO_BP,GO:0090435,protein localization to nuclear envelope,1,False,False
GO_BP,GO:0090461,intracellular glutamate homeostasis,1,False,False
GO_BP,GO:0090504,epiboly,1,False,False
GO_BP,GO:0090505,epiboly involved in wound healing,1,False,False
GO_BP,GO:0090630,activation of GTPase activity,1,False,False
GO_BP,GO:0097017,renal protein absorption,1,False,False
GO_BP,GO:0097018,renal albumin absorption,1,False,False
GO_BP,GO:0097021,lymphocyte migration into lymphoid organs,1,False,False
GO_BP,GO:0097022,lymphocyte migration into lymph node,1,False,False
GO_BP,GO:0097049,motor neuron apoptotic process,1,False,False
GO_BP,GO:0097054,L-glutamate biosynthetic process,1,False,False
GO_BP,GO:0097084,vascular associated smooth muscle cell development,1,False,False
GO_BP,GO:0097120,receptor localization to synapse,1,False,False
GO_BP,GO:0097152,mesenchymal cell apoptotic process,1,False,False
GO_BP,GO:0097195,pilomotor reflex,1,False,False
GO_BP,GO:0097205,renal filtration,1,False,False
GO_BP,GO:0097324,melanocyte migration,1,False,False
GO_BP,GO:0097326,melanocyte adhesion,1,False,False
GO_BP,GO:0097352,autophagosome maturation,1,False,False
GO_BP,GO:0097396,response to interleukin-17,1,False,False
GO_BP,GO:0097398,cellular response to interleukin-17,1,False,False
GO_BP,GO:0097492,sympathetic neuron axon guidance,1,False,False
GO_BP,GO:0097531,mast cell migration,1,False,False
GO_BP,GO:0097581,lamellipodium organization,1,False,False
GO_BP,GO:0097638,L-arginine import across plasma membrane,1,False,False
GO_BP,GO:0097681,double-strand break repair via alternative nonhomologous end joining,1,False,False
GO_BP,GO:0097694,establishment of RNA localization to telomere,1,False,False
GO_BP,GO:0097695,establishment of protein-containing complex localization to telomere,1,False,False
GO_BP,GO:0097698,telomere maintenance via base-excision repair,1,False,False
GO_BP,GO:0097709,connective tissue replacement,1,False,False
GO_BP,GO:0097742,de novo centriole assembly,1,False,False
GO_BP,GO:0098534,centriole assembly,1,False,False
GO_BP,GO:0098535,de novo centriole assembly involved in multi-ciliated epithelial cell differentiation,1,False,False
GO_BP,GO:0098543,detection of other organism,1,False,False
GO_BP,GO:0098581,detection of external biotic stimulus,1,False,False
GO_BP,GO:0098696,regulation of neurotransmitter receptor localization to postsynaptic specialization membrane,1,False,False
GO_BP,GO:0098712,L-glutamate import across plasma membrane,1,False,False
GO_BP,GO:0098801,regulation of renal system process,1,False,False
GO_BP,GO:0098829,intestinal folate absorption,1,False,False
GO_BP,GO:0098901,regulation of cardiac muscle cell action potential,1,False,False
GO_BP,GO:0098908,regulation of neuronal action potential,1,False,False
GO_BP,GO:0098911,regulation of ventricular cardiac muscle cell action potential,1,False,False
GO_BP,GO:0098912,membrane depolarization during atrial cardiac muscle cell action potential,1,False,False
GO_BP,GO:0098914,membrane repolarization during atrial cardiac muscle cell action potential,1,False,False
GO_BP,GO:0098915,membrane repolarization during ventricular cardiac muscle cell action potential,1,False,False
GO_BP,GO:0098989,NMDA selective glutamate receptor signaling pathway,1,False,False
GO_BP,GO:0098990,AMPA selective glutamate receptor signaling pathway,1,False,False
GO_BP,GO:0099010,modification of postsynaptic structure,1,False,False
GO_BP,GO:0099040,ceramide translocation,1,False,False
GO_BP,GO:0099149,regulation of postsynaptic neurotransmitter receptor internalization,1,False,False
GO_BP,GO:0099159,regulation of modification of postsynaptic structure,1,False,False
GO_BP,GO:0099174,regulation of presynapse organization,1,False,False
GO_BP,GO:0099178,regulation of retrograde trans-synaptic signaling by endocanabinoid,1,False,False
GO_BP,GO:0099518,vesicle cytoskeletal trafficking,1,False,False
GO_BP,GO:0099538,synaptic signaling via neuropeptide,1,False,False
GO_BP,GO:0099550,"trans-synaptic signaling, modulating synaptic transmission",1,False,False
GO_BP,GO:0099552,"trans-synaptic signaling by lipid, modulating synaptic transmission",1,False,False
GO_BP,GO:0099553,"trans-synaptic signaling by endocannabinoid, modulating synaptic transmission",1,False,False
GO_BP,GO:0099563,modification of synaptic structure,1,False,False
GO_BP,GO:0099624,atrial cardiac muscle cell membrane repolarization,1,False,False
GO_BP,GO:0099625,ventricular cardiac muscle cell membrane repolarization,1,False,False
GO_BP,GO:0099633,protein localization to postsynaptic specialization membrane,1,False,False
GO_BP,GO:0099645,neurotransmitter receptor localization to postsynaptic specialization membrane,1,False,False
GO_BP,GO:0101024,mitotic nuclear membrane organization,1,False,False
GO_BP,GO:0106001,intestinal hexose absorption,1,False,False
GO_BP,GO:0106049,regulation of cellular response to osmotic stress,1,False,False
GO_BP,GO:0106056,regulation of calcineurin-mediated signaling,1,False,False
GO_BP,GO:0106057,negative regulation of calcineurin-mediated signaling,1,False,False
GO_BP,GO:0106071,positive regulation of adenylate cyclase-activating G protein-coupled receptor signaling pathway,1,False,False
GO_BP,GO:0106118,regulation of sterol biosynthetic process,1,False,False
GO_BP,GO:0106120,positive regulation of sterol biosynthetic process,1,False,False
GO_BP,GO:0106134,positive regulation of cardiac muscle cell contraction,1,False,False
GO_BP,GO:0106300,protein-DNA covalent cross-linking repair,1,False,False
GO_BP,GO:0110002,regulation of tRNA methylation,1,False,False
GO_BP,GO:0110030,regulation of G2/MI transition of meiotic cell cycle,1,False,False
GO_BP,GO:0110032,positive regulation of G2/MI transition of meiotic cell cycle,1,False,False
GO_BP,GO:0110061,regulation of angiotensin-activated signaling pathway,1,False,False
GO_BP,GO:0110063,positive regulation of angiotensin-activated signaling pathway,1,False,False
GO_BP,GO:0110088,hippocampal neuron apoptotic process,1,False,False
GO_BP,GO:0120054,intestinal motility,1,False,False
GO_BP,GO:0120056,large intestinal transit,1,False,False
GO_BP,GO:0120071,regulation of pyloric antrum smooth muscle contraction,1,False,False
GO_BP,GO:0120072,positive regulation of pyloric antrum smooth muscle contraction,1,False,False
GO_BP,GO:0120116,glucagon processing,1,False,False
GO_BP,GO:0120169,detection of cold stimulus involved in thermoception,1,False,False
GO_BP,GO:0120182,regulation of focal adhesion disassembly,1,False,False
GO_BP,GO:0120183,positive regulation of focal adhesion disassembly,1,False,False
GO_BP,GO:0120189,positive regulation of bile acid secretion,1,False,False
GO_BP,GO:0120256,olefinic compound catabolic process,1,False,False
GO_BP,GO:0140001,morula formation,1,False,False
GO_BP,GO:0140009,L-aspartate import across plasma membrane,1,False,False
GO_BP,GO:0140029,exocytic process,1,False,False
GO_BP,GO:0140052,cellular response to oxidised low-density lipoprotein particle stimulus,1,False,False
GO_BP,GO:0140058,neuron projection arborization,1,False,False
GO_BP,GO:0140059,dendrite arborization,1,False,False
GO_BP,GO:0140066,peptidyl-lysine crotonylation,1,False,False
GO_BP,GO:0140067,peptidyl-lysine butyrylation,1,False,False
GO_BP,GO:0140105,interleukin-10-mediated signaling pathway,1,False,False
GO_BP,GO:0140131,positive regulation of lymphocyte chemotaxis,1,False,False
GO_BP,GO:0140205,oligopeptide import across plasma membrane,1,False,False
GO_BP,GO:0140206,dipeptide import across plasma membrane,1,False,False
GO_BP,GO:0140207,tripeptide import across plasma membrane,1,False,False
GO_BP,GO:0140213,negative regulation of long-chain fatty acid import into cell,1,False,False
GO_BP,GO:0140214,positive regulation of long-chain fatty acid import into cell,1,False,False
GO_BP,GO:0140227,serotonin-gated cation-selective signaling pathway,1,False,False
GO_BP,GO:0140250,regulation protein catabolic process at synapse,1,False,False
GO_BP,GO:0140252,regulation protein catabolic process at postsynapse,1,False,False
GO_BP,GO:0140273,repair of mitotic kinetochore microtubule attachment defect,1,False,False
GO_BP,GO:0140274,repair of kinetochore microtubule attachment defect,1,False,False
GO_BP,GO:0140277,endoplasmic reticulum N-glycan trimming,1,False,False
GO_BP,GO:0140353,lipid export from cell,1,False,False
GO_BP,GO:0140455,cytoplasm protein quality control,1,False,False
GO_BP,GO:0140507,granzyme-mediated programmed cell death signaling pathway,1,False,False
GO_BP,GO:0140527,reciprocal homologous recombination,1,False,False
GO_BP,GO:0140645,neutrophil extracellular trap formation,1,False,False
GO_BP,GO:0140651,futile creatine cycle,1,False,False
GO_BP,GO:0140718,facultative heterochromatin formation,1,False,False
GO_BP,GO:0140745,siRNA transcription,1,False,False
GO_BP,GO:0140854,interleukin-19-mediated signaling pathway,1,False,False
GO_BP,GO:0140888,interferon-mediated signaling pathway,1,False,False
GO_BP,GO:0140896,cGAS/STING signaling pathway,1,False,False
GO_BP,GO:0140928,inhibition of non-skeletal tissue mineralization,1,False,False
GO_BP,GO:0140962,multicellular organismal-level chemical homeostasis,1,False,False
GO_BP,GO:0141085,regulation of inflammasome-mediated signaling pathway,1,False,False
GO_BP,GO:0141086,negative regulation of inflammasome-mediated signaling pathway,1,False,False
GO_BP,GO:0141119,chromosomal DNA methylation maintenance following DNA replication,1,False,False
GO_BP,GO:0141149,regulation of nitric oxide-cGMP mediated signal transduction,1,False,False
GO_BP,GO:0141150,positive regulation of nitric oxide-cGMP mediated signal transduction,1,False,False
GO_BP,GO:0141156,cAMP/PKA signal transduction,1,False,False
GO_BP,GO:0141212,phospholipase C/protein kinase C signal transduction,1,False,False
GO_BP,GO:0150003,regulation of spontaneous synaptic transmission,1,False,False
GO_BP,GO:0150031,regulation of protein localization to lysosome,1,False,False
GO_BP,GO:0150033,negative regulation of protein localization to lysosome,1,False,False
GO_BP,GO:0150078,positive regulation of neuroinflammatory response,1,False,False
GO_BP,GO:0150101,regulation of microtubule anchoring at centrosome,1,False,False
GO_BP,GO:0160145,negative regulation of GDF15-GFRAL signaling pathway,1,False,False
GO_BP,GO:0160162,CD27 signaling pathway,1,False,False
GO_BP,GO:0160244,sulfite export across plasma membrane,1,False,False
GO_BP,GO:0160245,detoxification of sulfite,1,False,False
GO_BP,GO:0160274,beige fat cell differentiation,1,False,False
GO_BP,GO:0160307,protein biosynthetic process,1,False,False
GO_BP,GO:0170036,import into the mitochondrion,1,False,False
GO_BP,GO:0170038,proteinogenic amino acid biosynthetic process,1,False,False
GO_BP,GO:0170041,non-proteinogenic amino acid metabolic process,1,False,False
GO_BP,GO:0170043,non-proteinogenic amino acid biosynthetic process,1,False,False
GO_BP,GO:0170044,non-proteinogenic amino acid catabolic process,1,False,False
GO_BP,GO:0170062,nutrient storage,1,False,False
GO_BP,GO:0180015,nucleoside import across plasma membrane,1,False,False
GO_BP,GO:1900006,positive regulation of dendrite development,1,False,False
GO_BP,GO:1900026,positive regulation of substrate adhesion-dependent cell spreading,1,False,False
GO_BP,GO:1900039,positive regulation of cellular response to hypoxia,1,False,False
GO_BP,GO:1900044,regulation of protein K63-linked ubiquitination,1,False,False
GO_BP,GO:1900052,regulation of retinoic acid biosynthetic process,1,False,False
GO_BP,GO:1900053,negative regulation of retinoic acid biosynthetic process,1,False,False
GO_BP,GO:1900118,negative regulation of execution phase of apoptosis,1,False,False
GO_BP,GO:1900120,regulation of receptor binding,1,False,False
GO_BP,GO:1900121,negative regulation of receptor binding,1,False,False
GO_BP,GO:1900125,regulation of hyaluronan biosynthetic process,1,False,False
GO_BP,GO:1900127,positive regulation of hyaluronan biosynthetic process,1,False,False
GO_BP,GO:1900163,positive regulation of phospholipid scramblase activity,1,False,False
GO_BP,GO:1900166,regulation of glial cell-derived neurotrophic factor production,1,False,False
GO_BP,GO:1900168,positive regulation of glial cell-derived neurotrophic factor production,1,False,False
GO_BP,GO:1900193,regulation of oocyte maturation,1,False,False
GO_BP,GO:1900195,positive regulation of oocyte maturation,1,False,False
GO_BP,GO:1900222,negative regulation of amyloid-beta clearance,1,False,False
GO_BP,GO:1900225,regulation of NLRP3 inflammasome complex assembly,1,False,False
GO_BP,GO:1900226,negative regulation of NLRP3 inflammasome complex assembly,1,False,False
GO_BP,GO:1900238,regulation of metanephric mesenchymal cell migration by platelet-derived growth factor receptor-beta signaling pathway,1,False,False
GO_BP,GO:1900239,regulation of phenotypic switching,1,False,False
GO_BP,GO:1900240,negative regulation of phenotypic switching,1,False,False
GO_BP,GO:1900242,regulation of synaptic vesicle endocytosis,1,False,False
GO_BP,GO:1900246,positive regulation of RIG-I signaling pathway,1,False,False
GO_BP,GO:1900368,regulation of post-transcriptional gene silencing by regulatory ncRNA,1,False,False
GO_BP,GO:1900369,negative regulation of post-transcriptional gene silencing by regulatory ncRNA,1,False,False
GO_BP,GO:1900372,negative regulation of purine nucleotide biosynthetic process,1,False,False
GO_BP,GO:1900424,regulation of defense response to bacterium,1,False,False
GO_BP,GO:1900425,negative regulation of defense response to bacterium,1,False,False
GO_BP,GO:1900454,positive regulation of long-term synaptic depression,1,False,False
GO_BP,GO:1900673,olefin metabolic process,1,False,False
GO_BP,GO:1900736,regulation of phospholipase C-activating G protein-coupled receptor signaling pathway,1,False,False
GO_BP,GO:1900738,positive regulation of phospholipase C-activating G protein-coupled receptor signaling pathway,1,False,False
GO_BP,GO:1900746,regulation of vascular endothelial growth factor signaling pathway,1,False,False
GO_BP,GO:1900747,negative regulation of vascular endothelial growth factor signaling pathway,1,False,False
GO_BP,GO:1900749,(R)-carnitine transport,1,False,False
GO_BP,GO:1901020,negative regulation of calcium ion transmembrane transporter activity,1,False,False
GO_BP,GO:1901027,dextrin catabolic process,1,False,False
GO_BP,GO:1901030,positive regulation of mitochondrial outer membrane permeabilization involved in apoptotic signaling pathway,1,False,False
GO_BP,GO:1901031,regulation of response to reactive oxygen species,1,False,False
GO_BP,GO:1901069,guanosine-containing compound catabolic process,1,False,False
GO_BP,GO:1901074,regulation of engulfment of apoptotic cell,1,False,False
GO_BP,GO:1901096,regulation of autophagosome maturation,1,False,False
GO_BP,GO:1901098,positive regulation of autophagosome maturation,1,False,False
GO_BP,GO:1901143,insulin catabolic process,1,False,False
GO_BP,GO:1901202,negative regulation of extracellular matrix assembly,1,False,False
GO_BP,GO:1901203,positive regulation of extracellular matrix assembly,1,False,False
GO_BP,GO:1901223,negative regulation of non-canonical NF-kappaB signal transduction,1,False,False
GO_BP,GO:1901355,response to rapamycin,1,False,False
GO_BP,GO:1901374,acetate ester transport,1,False,False
GO_BP,GO:1901380,negative regulation of potassium ion transmembrane transport,1,False,False
GO_BP,GO:1901385,regulation of voltage-gated calcium channel activity,1,False,False
GO_BP,GO:1901386,negative regulation of voltage-gated calcium channel activity,1,False,False
GO_BP,GO:1901497,response to diphenyl ether,1,False,False
GO_BP,GO:1901503,ether biosynthetic process,1,False,False
GO_BP,GO:1901524,regulation of mitophagy,1,False,False
GO_BP,GO:1901526,positive regulation of mitophagy,1,False,False
GO_BP,GO:1901594,response to capsazepine,1,False,False
GO_BP,GO:1901623,regulation of lymphocyte chemotaxis,1,False,False
GO_BP,GO:1901668,regulation of superoxide dismutase activity,1,False,False
GO_BP,GO:1901671,positive regulation of superoxide dismutase activity,1,False,False
GO_BP,GO:1901687,glutathione derivative biosynthetic process,1,False,False
GO_BP,GO:1901739,regulation of myoblast fusion,1,False,False
GO_BP,GO:1901741,positive regulation of myoblast fusion,1,False,False
GO_BP,GO:1901753,leukotriene A4 biosynthetic process,1,False,False
GO_BP,GO:1901755,vitamin D3 biosynthetic process,1,False,False
GO_BP,GO:1901798,positive regulation of signal transduction by p53 class mediator,1,False,False
GO_BP,GO:1901844,regulation of cell communication by electrical coupling involved in cardiac conduction,1,False,False
GO_BP,GO:1901847,nicotinate metabolic process,1,False,False
GO_BP,GO:1901861,regulation of muscle tissue development,1,False,False
GO_BP,GO:1901862,negative regulation of muscle tissue development,1,False,False
GO_BP,GO:1901881,positive regulation of protein depolymerization,1,False,False
GO_BP,GO:1901976,regulation of cell cycle checkpoint,1,False,False
GO_BP,GO:1901978,positive regulation of cell cycle checkpoint,1,False,False
GO_BP,GO:1901993,regulation of meiotic cell cycle phase transition,1,False,False
GO_BP,GO:1901995,positive regulation of meiotic cell cycle phase transition,1,False,False
GO_BP,GO:1902018,negative regulation of cilium assembly,1,False,False
GO_BP,GO:1902033,regulation of hematopoietic stem cell proliferation,1,False,False
GO_BP,GO:1902047,polyamine transmembrane transport,1,False,False
GO_BP,GO:1902071,regulation of hypoxia-inducible factor-1alpha signaling pathway,1,False,False
GO_BP,GO:1902072,negative regulation of hypoxia-inducible factor-1alpha signaling pathway,1,False,False
GO_BP,GO:1902075,cellular response to salt,1,False,False
GO_BP,GO:1902100,negative regulation of metaphase/anaphase transition of cell cycle,1,False,False
GO_BP,GO:1902101,positive regulation of metaphase/anaphase transition of cell cycle,1,False,False
GO_BP,GO:1902205,regulation of interleukin-2-mediated signaling pathway,1,False,False
GO_BP,GO:1902206,negative regulation of interleukin-2-mediated signaling pathway,1,False,False
GO_BP,GO:1902214,regulation of interleukin-4-mediated signaling pathway,1,False,False
GO_BP,GO:1902215,negative regulation of interleukin-4-mediated signaling pathway,1,False,False
GO_BP,GO:1902218,regulation of intrinsic apoptotic signaling pathway in response to osmotic stress,1,False,False
GO_BP,GO:1902219,negative regulation of intrinsic apoptotic signaling pathway in response to osmotic stress,1,False,False
GO_BP,GO:1902226,regulation of macrophage colony-stimulating factor signaling pathway,1,False,False
GO_BP,GO:1902227,negative regulation of macrophage colony-stimulating factor signaling pathway,1,False,False
GO_BP,GO:1902232,regulation of positive thymic T cell selection,1,False,False
GO_BP,GO:1902233,negative regulation of positive thymic T cell selection,1,False,False
GO_BP,GO:1902270,(R)-carnitine transmembrane transport,1,False,False
GO_BP,GO:1902292,cell cycle DNA replication initiation,1,False,False
GO_BP,GO:1902305,regulation of sodium ion transmembrane transport,1,False,False
GO_BP,GO:1902306,negative regulation of sodium ion transmembrane transport,1,False,False
GO_BP,GO:1902315,nuclear cell cycle DNA replication initiation,1,False,False
GO_BP,GO:1902340,negative regulation of chromosome condensation,1,False,False
GO_BP,GO:1902412,regulation of mitotic cytokinesis,1,False,False
GO_BP,GO:1902414,protein localization to cell junction,1,False,False
GO_BP,GO:1902474,positive regulation of protein localization to synapse,1,False,False
GO_BP,GO:1902523,positive regulation of protein K63-linked ubiquitination,1,False,False
GO_BP,GO:1902528,regulation of protein linear polyubiquitination,1,False,False
GO_BP,GO:1902530,positive regulation of protein linear polyubiquitination,1,False,False
GO_BP,GO:1902547,regulation of cellular response to vascular endothelial growth factor stimulus,1,False,False
GO_BP,GO:1902548,negative regulation of cellular response to vascular endothelial growth factor stimulus,1,False,False
GO_BP,GO:1902553,positive regulation of catalase activity,1,False,False
GO_BP,GO:1902603,carnitine transmembrane transport,1,False,False
GO_BP,GO:1902616,O-acyl-L-carnitine transmembrane transport,1,False,False
GO_BP,GO:1902623,negative regulation of neutrophil migration,1,False,False
GO_BP,GO:1902683,regulation of receptor localization to synapse,1,False,False
GO_BP,GO:1902692,regulation of neuroblast proliferation,1,False,False
GO_BP,GO:1902725,negative regulation of satellite cell differentiation,1,False,False
GO_BP,GO:1902930,regulation of alcohol biosynthetic process,1,False,False
GO_BP,GO:1902932,positive regulation of alcohol biosynthetic process,1,False,False
GO_BP,GO:1902975,mitotic DNA replication initiation,1,False,False
GO_BP,GO:1902990,mitotic telomere maintenance via semi-conservative replication,1,False,False
GO_BP,GO:1902996,regulation of neurofibrillary tangle assembly,1,False,False
GO_BP,GO:1903003,positive regulation of protein deubiquitination,1,False,False
GO_BP,GO:1903004,regulation of protein K63-linked deubiquitination,1,False,False
GO_BP,GO:1903006,positive regulation of protein K63-linked deubiquitination,1,False,False
GO_BP,GO:1903018,regulation of glycoprotein metabolic process,1,False,False
GO_BP,GO:1903020,positive regulation of glycoprotein metabolic process,1,False,False
GO_BP,GO:1903077,negative regulation of protein localization to plasma membrane,1,False,False
GO_BP,GO:1903083,protein localization to condensed chromosome,1,False,False
GO_BP,GO:1903116,positive regulation of actin filament-based movement,1,False,False
GO_BP,GO:1903126,negative regulation of centriole-centriole cohesion,1,False,False
GO_BP,GO:1903146,regulation of autophagy of mitochondrion,1,False,False
GO_BP,GO:1903165,response to polycyclic arene,1,False,False
GO_BP,GO:1903170,negative regulation of calcium ion transmembrane transport,1,False,False
GO_BP,GO:1903210,podocyte apoptotic process,1,False,False
GO_BP,GO:1903236,regulation of leukocyte tethering or rolling,1,False,False
GO_BP,GO:1903238,positive regulation of leukocyte tethering or rolling,1,False,False
GO_BP,GO:1903251,multi-ciliated epithelial cell differentiation,1,False,False
GO_BP,GO:1903265,positive regulation of tumor necrosis factor-mediated signaling pathway,1,False,False
GO_BP,GO:1903306,negative regulation of regulated secretory pathway,1,False,False
GO_BP,GO:1903307,positive regulation of regulated secretory pathway,1,False,False
GO_BP,GO:1903318,negative regulation of protein maturation,1,False,False
GO_BP,GO:1903326,regulation of tRNA metabolic process,1,False,False
GO_BP,GO:1903366,negative regulation of fear response,1,False,False
GO_BP,GO:1903367,positive regulation of fear response,1,False,False
GO_BP,GO:1903381,regulation of endoplasmic reticulum stress-induced neuron intrinsic apoptotic signaling pathway,1,False,False
GO_BP,GO:1903383,regulation of hydrogen peroxide-induced neuron intrinsic apoptotic signaling pathway,1,False,False
GO_BP,GO:1903384,negative regulation of hydrogen peroxide-induced neuron intrinsic apoptotic signaling pathway,1,False,False
GO_BP,GO:1903409,reactive oxygen species biosynthetic process,1,False,False
GO_BP,GO:1903421,regulation of synaptic vesicle recycling,1,False,False
GO_BP,GO:1903429,regulation of cell maturation,1,False,False
GO_BP,GO:1903431,positive regulation of cell maturation,1,False,False
GO_BP,GO:1903444,negative regulation of brown fat cell differentiation,1,False,False
GO_BP,GO:1903490,positive regulation of mitotic cytokinesis,1,False,False
GO_BP,GO:1903504,regulation of mitotic spindle checkpoint,1,False,False
GO_BP,GO:1903537,meiotic cell cycle process involved in oocyte maturation,1,False,False
GO_BP,GO:1903539,protein localization to postsynaptic membrane,1,False,False
GO_BP,GO:1903544,response to butyrate,1,False,False
GO_BP,GO:1903564,regulation of protein localization to cilium,1,False,False
GO_BP,GO:1903566,positive regulation of protein localization to cilium,1,False,False
GO_BP,GO:1903575,cornified envelope assembly,1,False,False
GO_BP,GO:1903587,regulation of blood vessel endothelial cell proliferation involved in sprouting angiogenesis,1,False,False
GO_BP,GO:1903589,positive regulation of blood vessel endothelial cell proliferation involved in sprouting angiogenesis,1,False,False
GO_BP,GO:1903599,positive regulation of autophagy of mitochondrion,1,False,False
GO_BP,GO:1903618,regulation of transdifferentiation,1,False,False
GO_BP,GO:1903620,positive regulation of transdifferentiation,1,False,False
GO_BP,GO:1903673,mitotic cleavage furrow formation,1,False,False
GO_BP,GO:1903711,spermidine transmembrane transport,1,False,False
GO_BP,GO:1903712,L-cysteine transmembrane transport,1,False,False
GO_BP,GO:1903748,negative regulation of protein localization to mitochondrion,1,False,False
GO_BP,GO:1903749,positive regulation of protein localization to mitochondrion,1,False,False
GO_BP,GO:1903764,regulation of potassium ion export across plasma membrane,1,False,False
GO_BP,GO:1903765,negative regulation of potassium ion export across plasma membrane,1,False,False
GO_BP,GO:1903798,regulation of miRNA processing,1,False,False
GO_BP,GO:1903799,negative regulation of miRNA processing,1,False,False
GO_BP,GO:1903826,L-arginine transmembrane transport,1,False,False
GO_BP,GO:1903842,response to arsenite ion,1,False,False
GO_BP,GO:1903843,cellular response to arsenite ion,1,False,False
GO_BP,GO:1903845,negative regulation of cellular response to transforming growth factor beta stimulus,1,False,False
GO_BP,GO:1903894,regulation of IRE1-mediated unfolded protein response,1,False,False
GO_BP,GO:1903896,positive regulation of IRE1-mediated unfolded protein response,1,False,False
GO_BP,GO:1903902,positive regulation of viral life cycle,1,False,False
GO_BP,GO:1903937,response to acrylamide,1,False,False
GO_BP,GO:1903940,negative regulation of TORC2 signaling,1,False,False
GO_BP,GO:1903943,regulation of hepatocyte apoptotic process,1,False,False
GO_BP,GO:1903944,negative regulation of hepatocyte apoptotic process,1,False,False
GO_BP,GO:1903971,positive regulation of response to macrophage colony-stimulating factor,1,False,False
GO_BP,GO:1903974,positive regulation of cellular response to macrophage colony-stimulating factor stimulus,1,False,False
GO_BP,GO:1903998,regulation of eating behavior,1,False,False
GO_BP,GO:1904000,positive regulation of eating behavior,1,False,False
GO_BP,GO:1904010,response to Aroclor 1254,1,False,False
GO_BP,GO:1904014,response to serotonin,1,False,False
GO_BP,GO:1904015,cellular response to serotonin,1,False,False
GO_BP,GO:1904019,epithelial cell apoptotic process,1,False,False
GO_BP,GO:1904020,regulation of G protein-coupled receptor internalization,1,False,False
GO_BP,GO:1904022,positive regulation of G protein-coupled receptor internalization,1,False,False
GO_BP,GO:1904036,negative regulation of epithelial cell apoptotic process,1,False,False
GO_BP,GO:1904044,response to aldosterone,1,False,False
GO_BP,GO:1904054,regulation of cholangiocyte proliferation,1,False,False
GO_BP,GO:1904056,positive regulation of cholangiocyte proliferation,1,False,False
GO_BP,GO:1904058,positive regulation of sensory perception of pain,1,False,False
GO_BP,GO:1904092,regulation of autophagic cell death,1,False,False
GO_BP,GO:1904094,positive regulation of autophagic cell death,1,False,False
GO_BP,GO:1904178,negative regulation of adipose tissue development,1,False,False
GO_BP,GO:1904262,negative regulation of TORC1 signaling,1,False,False
GO_BP,GO:1904304,regulation of gastro-intestinal system smooth muscle contraction,1,False,False
GO_BP,GO:1904306,positive regulation of gastro-intestinal system smooth muscle contraction,1,False,False
GO_BP,GO:1904313,response to methamphetamine hydrochloride,1,False,False
GO_BP,GO:1904321,response to forskolin,1,False,False
GO_BP,GO:1904322,cellular response to forskolin,1,False,False
GO_BP,GO:1904338,regulation of dopaminergic neuron differentiation,1,False,False
GO_BP,GO:1904339,negative regulation of dopaminergic neuron differentiation,1,False,False
GO_BP,GO:1904341,regulation of colon smooth muscle contraction,1,False,False
GO_BP,GO:1904343,positive regulation of colon smooth muscle contraction,1,False,False
GO_BP,GO:1904347,regulation of small intestine smooth muscle contraction,1,False,False
GO_BP,GO:1904349,positive regulation of small intestine smooth muscle contraction,1,False,False
GO_BP,GO:1904376,negative regulation of protein localization to cell periphery,1,False,False
GO_BP,GO:1904380,endoplasmic reticulum mannose trimming,1,False,False
GO_BP,GO:1904383,response to sodium phosphate,1,False,False
GO_BP,GO:1904464,regulation of matrix metallopeptidase secretion,1,False,False
GO_BP,GO:1904466,positive regulation of matrix metallopeptidase secretion,1,False,False
GO_BP,GO:1904470,regulation of endothelin production,1,False,False
GO_BP,GO:1904472,positive regulation of endothelin production,1,False,False
GO_BP,GO:1904478,regulation of intestinal absorption,1,False,False
GO_BP,GO:1904480,positive regulation of intestinal absorption,1,False,False
GO_BP,GO:1904502,regulation of lipophagy,1,False,False
GO_BP,GO:1904504,positive regulation of lipophagy,1,False,False
GO_BP,GO:1904591,positive regulation of protein import,1,False,False
GO_BP,GO:1904597,negative regulation of connective tissue replacement involved in inflammatory response wound healing,1,False,False
GO_BP,GO:1904612,"response to 2,3,7,8-tetrachlorodibenzodioxine",1,False,False
GO_BP,GO:1904627,response to phorbol 13-acetate 12-myristate,1,False,False
GO_BP,GO:1904640,response to methionine,1,False,False
GO_BP,GO:1904681,response to 3-methylcholanthrene,1,False,False
GO_BP,GO:1904695,positive regulation of vascular associated smooth muscle contraction,1,False,False
GO_BP,GO:1904729,regulation of intestinal lipid absorption,1,False,False
GO_BP,GO:1904731,positive regulation of intestinal lipid absorption,1,False,False
GO_BP,GO:1904753,negative regulation of vascular associated smooth muscle cell migration,1,False,False
GO_BP,GO:1904760,regulation of myofibroblast differentiation,1,False,False
GO_BP,GO:1904762,positive regulation of myofibroblast differentiation,1,False,False
GO_BP,GO:1904764,chaperone-mediated autophagy translocation complex disassembly,1,False,False
GO_BP,GO:1904776,regulation of protein localization to cell cortex,1,False,False
GO_BP,GO:1904779,regulation of protein localization to centrosome,1,False,False
GO_BP,GO:1904780,negative regulation of protein localization to centrosome,1,False,False
GO_BP,GO:1904781,positive regulation of protein localization to centrosome,1,False,False
GO_BP,GO:1904880,response to hydrogen sulfide,1,False,False
GO_BP,GO:1904881,cellular response to hydrogen sulfide,1,False,False
GO_BP,GO:1904882,regulation of telomerase catalytic core complex assembly,1,False,False
GO_BP,GO:1904884,positive regulation of telomerase catalytic core complex assembly,1,False,False
GO_BP,GO:1904888,cranial skeletal system development,1,False,False
GO_BP,GO:1904904,regulation of endothelial cell-matrix adhesion,1,False,False
GO_BP,GO:1904905,negative regulation of endothelial cell-matrix adhesion,1,False,False
GO_BP,GO:1904907,"regulation of maintenance of mitotic sister chromatid cohesion, telomeric",1,False,False
GO_BP,GO:1904908,"negative regulation of maintenance of mitotic sister chromatid cohesion, telomeric",1,False,False
GO_BP,GO:1904948,midbrain dopaminergic neuron differentiation,1,False,False
GO_BP,GO:1904997,regulation of leukocyte adhesion to arterial endothelial cell,1,False,False
GO_BP,GO:1904999,positive regulation of leukocyte adhesion to arterial endothelial cell,1,False,False
GO_BP,GO:1905048,regulation of metallopeptidase activity,1,False,False
GO_BP,GO:1905049,negative regulation of metallopeptidase activity,1,False,False
GO_BP,GO:1905051,regulation of base-excision repair,1,False,False
GO_BP,GO:1905062,positive regulation of cardioblast proliferation,1,False,False
GO_BP,GO:1905064,negative regulation of vascular associated smooth muscle cell differentiation,1,False,False
GO_BP,GO:1905065,positive regulation of vascular associated smooth muscle cell differentiation,1,False,False
GO_BP,GO:1905089,regulation of type 2 mitophagy,1,False,False
GO_BP,GO:1905091,positive regulation of type 2 mitophagy,1,False,False
GO_BP,GO:1905115,regulation of lateral attachment of mitotic spindle microtubules to kinetochore,1,False,False
GO_BP,GO:1905116,positive regulation of lateral attachment of mitotic spindle microtubules to kinetochore,1,False,False
GO_BP,GO:1905153,regulation of membrane invagination,1,False,False
GO_BP,GO:1905203,regulation of connective tissue replacement,1,False,False
GO_BP,GO:1905204,negative regulation of connective tissue replacement,1,False,False
GO_BP,GO:1905208,negative regulation of cardiocyte differentiation,1,False,False
GO_BP,GO:1905209,positive regulation of cardiocyte differentiation,1,False,False
GO_BP,GO:1905244,regulation of modification of synaptic structure,1,False,False
GO_BP,GO:1905336,negative regulation of aggrephagy,1,False,False
GO_BP,GO:1905337,positive regulation of aggrephagy,1,False,False
GO_BP,GO:1905460,negative regulation of vascular associated smooth muscle cell apoptotic process,1,False,False
GO_BP,GO:1905461,positive regulation of vascular associated smooth muscle cell apoptotic process,1,False,False
GO_BP,GO:1905476,negative regulation of protein localization to membrane,1,False,False
GO_BP,GO:1905508,protein localization to microtubule organizing center,1,False,False
GO_BP,GO:1905515,non-motile cilium assembly,1,False,False
GO_BP,GO:1905517,macrophage migration,1,False,False
GO_BP,GO:1905522,negative regulation of macrophage migration,1,False,False
GO_BP,GO:1905539,regulation of postsynapse to nucleus signaling pathway,1,False,False
GO_BP,GO:1905546,cellular response to phenylpropanoid,1,False,False
GO_BP,GO:1905550,regulation of protein localization to endoplasmic reticulum,1,False,False
GO_BP,GO:1905552,positive regulation of protein localization to endoplasmic reticulum,1,False,False
GO_BP,GO:1905557,regulation of mitotic nuclear envelope disassembly,1,False,False
GO_BP,GO:1905559,positive regulation of mitotic nuclear envelope disassembly,1,False,False
GO_BP,GO:1905563,negative regulation of vascular endothelial cell proliferation,1,False,False
GO_BP,GO:1905564,positive regulation of vascular endothelial cell proliferation,1,False,False
GO_BP,GO:1905606,regulation of presynapse assembly,1,False,False
GO_BP,GO:1905664,regulation of calcium ion import across plasma membrane,1,False,False
GO_BP,GO:1905693,regulation of phosphatidic acid biosynthetic process,1,False,False
GO_BP,GO:1905695,positive regulation of phosphatidic acid biosynthetic process,1,False,False
GO_BP,GO:1905699,regulation of xenobiotic detoxification by transmembrane export across the plasma membrane,1,False,False
GO_BP,GO:1905701,positive regulation of xenobiotic detoxification by transmembrane export across the plasma membrane,1,False,False
GO_BP,GO:1905710,positive regulation of membrane permeability,1,False,False
GO_BP,GO:1905786,positive regulation of anaphase-promoting complex-dependent catabolic process,1,False,False
GO_BP,GO:1905809,negative regulation of synapse organization,1,False,False
GO_BP,GO:1905819,negative regulation of chromosome separation,1,False,False
GO_BP,GO:1905841,response to oxidopamine,1,False,False
GO_BP,GO:1905867,epididymis development,1,False,False
GO_BP,GO:1905871,regulation of protein localization to cell leading edge,1,False,False
GO_BP,GO:1905908,positive regulation of amyloid fibril formation,1,False,False
GO_BP,GO:1905939,regulation of gonad development,1,False,False
GO_BP,GO:1905945,regulation of response to calcium ion,1,False,False
GO_BP,GO:1990051,activation of protein kinase C activity,1,False,False
GO_BP,GO:1990116,ribosome-associated ubiquitin-dependent protein catabolic process,1,False,False
GO_BP,GO:1990138,neuron projection extension,1,False,False
GO_BP,GO:1990267,response to transition metal nanoparticle,1,False,False
GO_BP,GO:1990268,response to gold nanoparticle,1,False,False
GO_BP,GO:1990379,lipid transport across blood-brain barrier,1,False,False
GO_BP,GO:1990542,mitochondrial transmembrane transport,1,False,False
GO_BP,GO:1990573,potassium ion import across plasma membrane,1,False,False
GO_BP,GO:1990700,nucleolar chromatin organization,1,False,False
GO_BP,GO:1990758,mitotic sister chromatid biorientation,1,False,False
GO_BP,GO:1990778,protein localization to cell periphery,1,False,False
GO_BP,GO:1990791,dorsal root ganglion development,1,False,False
GO_BP,GO:1990822,basic amino acid transmembrane transport,1,False,False
GO_BP,GO:1990834,response to odorant,1,False,False
GO_BP,GO:1990845,adaptive thermogenesis,1,False,False
GO_BP,GO:1990928,response to amino acid starvation,1,False,False
GO_BP,GO:1990966,ATP generation from poly-ADP-D-ribose,1,False,False
GO_BP,GO:2000035,regulation of stem cell division,1,False,False
GO_BP,GO:2000047,regulation of cell-cell adhesion mediated by cadherin,1,False,False
GO_BP,GO:2000048,negative regulation of cell-cell adhesion mediated by cadherin,1,False,False
GO_BP,GO:2000050,regulation of non-canonical Wnt signaling pathway,1,False,False
GO_BP,GO:2000052,positive regulation of non-canonical Wnt signaling pathway,1,False,False
GO_BP,GO:2000077,negative regulation of type B pancreatic cell development,1,False,False
GO_BP,GO:2000121,regulation of removal of superoxide radicals,1,False,False
GO_BP,GO:2000124,regulation of endocannabinoid signaling pathway,1,False,False
GO_BP,GO:2000136,regulation of cell proliferation involved in heart morphogenesis,1,False,False
GO_BP,GO:2000138,positive regulation of cell proliferation involved in heart morphogenesis,1,False,False
GO_BP,GO:2000144,positive regulation of DNA-templated transcription initiation,1,False,False
GO_BP,GO:2000171,negative regulation of dendrite development,1,False,False
GO_BP,GO:2000192,negative regulation of fatty acid transport,1,False,False
GO_BP,GO:2000194,regulation of female gonad development,1,False,False
GO_BP,GO:2000224,regulation of testosterone biosynthetic process,1,False,False
GO_BP,GO:2000232,regulation of rRNA processing,1,False,False
GO_BP,GO:2000233,negative regulation of rRNA processing,1,False,False
GO_BP,GO:2000235,regulation of tRNA processing,1,False,False
GO_BP,GO:2000253,positive regulation of feeding behavior,1,False,False
GO_BP,GO:2000292,regulation of defecation,1,False,False
GO_BP,GO:2000316,regulation of T-helper 17 type immune response,1,False,False
GO_BP,GO:2000318,positive regulation of T-helper 17 type immune response,1,False,False
GO_BP,GO:2000319,regulation of T-helper 17 cell differentiation,1,False,False
GO_BP,GO:2000321,positive regulation of T-helper 17 cell differentiation,1,False,False
GO_BP,GO:2000328,regulation of T-helper 17 cell lineage commitment,1,False,False
GO_BP,GO:2000330,positive regulation of T-helper 17 cell lineage commitment,1,False,False
GO_BP,GO:2000341,regulation of chemokine (C-X-C motif) ligand 2 production,1,False,False
GO_BP,GO:2000343,positive regulation of chemokine (C-X-C motif) ligand 2 production,1,False,False
GO_BP,GO:2000344,positive regulation of acrosome reaction,1,False,False
GO_BP,GO:2000369,regulation of clathrin-dependent endocytosis,1,False,False
GO_BP,GO:2000402,negative regulation of lymphocyte migration,1,False,False
GO_BP,GO:2000404,regulation of T cell migration,1,False,False
GO_BP,GO:2000406,positive regulation of T cell migration,1,False,False
GO_BP,GO:2000425,regulation of apoptotic cell clearance,1,False,False
GO_BP,GO:2000434,regulation of protein neddylation,1,False,False
GO_BP,GO:2000465,regulation of glycogen (starch) synthase activity,1,False,False
GO_BP,GO:2000466,negative regulation of glycogen (starch) synthase activity,1,False,False
GO_BP,GO:2000514,"regulation of CD4-positive, alpha-beta T cell activation",1,False,False
GO_BP,GO:2000516,"positive regulation of CD4-positive, alpha-beta T cell activation",1,False,False
GO_BP,GO:2000535,regulation of entry of bacterium into host cell,1,False,False
GO_BP,GO:2000537,regulation of B cell chemotaxis,1,False,False
GO_BP,GO:2000538,positive regulation of B cell chemotaxis,1,False,False
GO_BP,GO:2000586,regulation of platelet-derived growth factor receptor-beta signaling pathway,1,False,False
GO_BP,GO:2000587,negative regulation of platelet-derived growth factor receptor-beta signaling pathway,1,False,False
GO_BP,GO:2000589,regulation of metanephric mesenchymal cell migration,1,False,False
GO_BP,GO:2000591,positive regulation of metanephric mesenchymal cell migration,1,False,False
GO_BP,GO:2000634,regulation of primary miRNA processing,1,False,False
GO_BP,GO:2000635,negative regulation of primary miRNA processing,1,False,False
GO_BP,GO:2000644,regulation of receptor catabolic process,1,False,False
GO_BP,GO:2000646,positive regulation of receptor catabolic process,1,False,False
GO_BP,GO:2000648,positive regulation of stem cell proliferation,1,False,False
GO_BP,GO:2000668,regulation of dendritic cell apoptotic process,1,False,False
GO_BP,GO:2000669,negative regulation of dendritic cell apoptotic process,1,False,False
GO_BP,GO:2000696,regulation of epithelial cell differentiation involved in kidney development,1,False,False
GO_BP,GO:2000697,negative regulation of epithelial cell differentiation involved in kidney development,1,False,False
GO_BP,GO:2000705,regulation of dense core granule biogenesis,1,False,False
GO_BP,GO:2000707,positive regulation of dense core granule biogenesis,1,False,False
GO_BP,GO:2000725,regulation of cardiac muscle cell differentiation,1,False,False
GO_BP,GO:2000727,positive regulation of cardiac muscle cell differentiation,1,False,False
GO_BP,GO:2000739,regulation of mesenchymal stem cell differentiation,1,False,False
GO_BP,GO:2000740,negative regulation of mesenchymal stem cell differentiation,1,False,False
GO_BP,GO:2000752,regulation of glucosylceramide catabolic process,1,False,False
GO_BP,GO:2000753,positive regulation of glucosylceramide catabolic process,1,False,False
GO_BP,GO:2000754,regulation of sphingomyelin catabolic process,1,False,False
GO_BP,GO:2000755,positive regulation of sphingomyelin catabolic process,1,False,False
GO_BP,GO:2000816,negative regulation of mitotic sister chromatid separation,1,False,False
GO_BP,GO:2000819,regulation of nucleotide-excision repair,1,False,False
GO_BP,GO:2000833,positive regulation of steroid hormone secretion,1,False,False
GO_BP,GO:2000846,regulation of corticosteroid hormone secretion,1,False,False
GO_BP,GO:2000855,regulation of mineralocorticoid secretion,1,False,False
GO_BP,GO:2000858,regulation of aldosterone secretion,1,False,False
GO_BP,GO:2000864,regulation of estradiol secretion,1,False,False
GO_BP,GO:2000866,positive regulation of estradiol secretion,1,False,False
GO_BP,GO:2000878,positive regulation of oligopeptide transport,1,False,False
GO_BP,GO:2000880,positive regulation of dipeptide transport,1,False,False
GO_BP,GO:2000986,negative regulation of behavioral fear response,1,False,False
GO_BP,GO:2000987,positive regulation of behavioral fear response,1,False,False
GO_BP,GO:2001014,regulation of skeletal muscle cell differentiation,1,False,False
GO_BP,GO:2001015,negative regulation of skeletal muscle cell differentiation,1,False,False
GO_BP,GO:2001148,regulation of dipeptide transmembrane transport,1,False,False
GO_BP,GO:2001150,positive regulation of dipeptide transmembrane transport,1,False,False
GO_BP,GO:2001170,negative regulation of ATP biosynthetic process,1,False,False
GO_BP,GO:2001212,regulation of vasculogenesis,1,False,False
GO_BP,GO:2001214,positive regulation of vasculogenesis,1,False,False
GO_BP,GO:2001222,regulation of neuron migration,1,False,False
GO_BP,GO:2001225,regulation of chloride transport,1,False,False
GO_BP,GO:2001238,positive regulation of extrinsic apoptotic signaling pathway,1,False,False
GO_BP,GO:2001248,regulation of ammonia assimilation cycle,1,False,False
GO_BP,GO:2001250,positive regulation of ammonia assimilation cycle,1,False,False
GO_BP,GO:2001259,positive regulation of cation channel activity,1,False,False
GO_BP,GO:2001280,positive regulation of unsaturated fatty acid biosynthetic process,1,False,False
GO_BP,GO:2001286,regulation of caveolin-mediated endocytosis,1,False,False
GO_BP,GO:2001304,lipoxin B4 metabolic process,1,False,False
GO_BP,GO:2001306,lipoxin B4 biosynthetic process,1,False,False
GO_BP,GO:7770058,mitochondrial protein import pathway,1,False,False
