gene,logFC_GSE103119,p_GSE103119,fdr_GSE103119,t_GSE103119,Z_GSE103119,logFC_GSE196399,p_GSE196399,fdr_GSE196399,t_GSE196399,Z_GSE196399,Z_meta_equal,P_meta_equal,FDR_meta_equal,direction_consistent,cohort_direction_GSE103119,cohort_direction_GSE196399,meta_direction_equal,abs_Z_difference_between_cohorts,min_abs_cohort_Z,Z_meta_neff_weighted,P_meta_neff_weighted,FDR_meta_neff_weighted,in_direction_consistent_metaFDR05_module,in_strict_replicated_DEG_module,rank_abs_Z_meta_equal,rank_Z_meta_equal_desc,rank_Z_meta_equal_asc
LMNB1,1.65599390728528,4.33990116535952e-15,7.05857800163443e-12,8.61137444276722,7.844699885802748,2.433123377,3.4356200060868603e-19,3.00604275309004e-16,11.84495235,8.953764283132863,11.87830792737361,1.534419411575828e-32,1.194897078217957e-28,True,UP,UP,UP,1.1090643973301146,7.844699885802748,11.841802786666197,2.372966292757365e-32,1.433627585769362e-28,True,True,1,1,12083
CKAP4,1.57909402510113,8.82870112752803e-17,5.74373223604155e-13,9.24123590970647,8.31956462115161,2.645607315,2.94158548006197e-17,9.780048380514231e-15,10.82089331,8.448860955581987,11.85706743513027,1.9778152416088007e-32,1.194897078217957e-28,True,UP,UP,UP,0.1292963344303768,8.31956462115161,11.8458441847464,2.2612972283526085e-32,1.433627585769362e-28,True,True,2,2,12082
MMP9,2.36380359073425,1.4518565640376899e-11,2.79864173081131e-09,7.23472191141614,6.752633209142973,5.890697338,8.98619504216517e-21,1.65680928772865e-17,12.70295436,9.347360830022868,11.38441496215716,5.0002695064718825e-30,2.0139418815566586e-26,True,UP,UP,UP,2.5947276208798957,6.752633209142973,11.309923861552218,1.1719117464447778e-29,3.050947993716527e-26,True,True,3,3,12081
SLC2A3,1.27010540687345,1.5598569581431202e-14,1.3094244394115598e-11,8.40085869167482,7.682522860669965,2.620100515,5.2358727357288304e-17,1.47484354101828e-14,10.68981178,8.38127204154725,11.358818306947684,6.704537587929923e-30,2.0252731918739315e-26,True,UP,UP,UP,0.698749180877285,7.682522860669965,11.333240630595817,8.981888958810854e-30,3.050947993716527e-26,True,True,4,4,12080
GRN,1.02021185378296,7.393417739412809e-12,1.67303399854556e-09,7.35356474762056,6.849837009060403,1.688476164,7.72506471369847e-20,8.245896708343091e-17,12.19401521,9.116974654043128,11.290240800908963,1.4663439184702093e-29,3.353964870504383e-26,True,UP,UP,UP,2.267137644982725,6.849837009060403,11.224260748124582,3.099678060130037e-29,5.350487142935891e-26,True,True,5,5,12079
DYSF,1.80644578073455,8.370803191427241e-14,5.4458352862627793e-11,8.12116142708114,7.464355952494823,3.178007543,2.2601852375512402e-17,8.33433032777758e-15,10.88090886,8.479574738718613,11.274061510525337,1.7624796994936128e-29,3.353964870504383e-26,True,UP,UP,UP,1.01521878622379,7.464355952494823,11.240378622054408,2.5827225167650824e-29,5.201172695012082e-26,True,True,6,6,12078
SLC26A8,2.56199623685318,9.04688149300821e-19,2.35426997092553e-14,9.96514077373904,8.84630003944535,4.295652593,1.38557399055051e-12,5.0272920250895696e-11,8.410657887,7.085485778617567,11.265473788363956,1.9430401467790018e-29,3.353964870504383e-26,True,UP,UP,UP,1.7608142608277824,7.085485778617567,11.303389203080718,1.2624960662569423e-29,3.050947993716527e-26,True,True,7,7,12077
B4GALT5,1.35840577135399,5.96711745188902e-13,2.21831853500726e-10,7.78894880431765,7.201231411374412,2.379271679,5.14185420717803e-18,2.54346207745799e-15,11.21950804,8.65017938415064,11.208640064889408,3.698318379578118e-29,4.9651978867158225e-26,True,UP,UP,UP,1.448947972776228,7.201231411374412,11.163815030506491,6.130319061080286e-29,8.230293912781456e-26,True,True,9,9,12075
TBC1D2,1.02306100098127,2.70727205475291e-13,1.3548334746314402e-10,7.92335542574694,7.308208641097599,1.361223397,1.73775060382057e-17,6.91045490119314e-15,10.94084838,8.51010557103943,11.185237246341632,4.816156346351924e-29,5.819361713297029e-26,True,UP,UP,UP,1.2018969299418316,7.308208641097599,11.146799112813332,7.422874382555334e-29,8.969059116441609e-26,True,True,10,10,12074
MTF1,1.46243757135359,1.75048130664002e-17,1.51842583475644e-13,9.4987523140098,8.50925919675589,1.67857462,3.4697507686311597e-13,1.6675359084978297e-11,8.718573622,7.274784040832532,11.161004007840441,6.327293162755362e-29,6.950243935052094e-26,True,UP,UP,UP,1.2344751559233575,7.274784040832532,11.185414889995199,4.806520971558839e-29,7.259649112418181e-26,True,True,11,11,12073
ANXA3,2.49417076962213,3.60209888993462e-13,1.5887698205554e-10,7.87490647932783,7.269728815595352,4.702458186,2.99089453585343e-17,9.78360194865216e-15,10.81710941,8.446919638387975,11.113348699336678,1.0803073504478498e-28,1.0877794762884473e-25,True,UP,UP,UP,1.1771908227926229,7.269728815595352,11.075595553694018,1.6478089837381733e-28,1.5315750731160267e-25,True,True,12,12,12072
MCEMP1,2.81502170050494,4.00104248840139e-15,7.05857800163443e-12,8.62468544129081,7.8548959226373904,4.363885283,4.4469890844018504e-15,5.27423307723707e-13,9.689442132,7.8416402379354215,11.09912716028089,1.2667491743021113e-28,1.177394636391724e-25,True,UP,UP,UP,0.013255684701968917,7.8416402379354215,11.092084533325771,1.3705620794688407e-28,1.4929282738688524e-25,True,True,13,13,12071
SOCS3,2.0190074883314,1.90495397358698e-11,3.5409012324752904e-09,7.18661381343431,6.713128359141355,3.00320779,8.395695202617331e-19,5.93412423646766e-16,11.63739719,8.854636517273057,11.008072112030385,3.494002625089501e-28,3.0155738370683173e-25,True,UP,UP,UP,2.1415081581317024,6.713128359141355,10.945519717575463,6.981617046186838e-28,5.623925251271704e-25,True,True,14,14,12070
LILRA5,1.14899983366615,4.90416136159557e-13,2.05840308246454e-10,7.82240804568915,7.227928680382735,2.716899404,8.35423685119318e-17,2.1447123744183402e-14,10.58382502,8.326109733645518,10.99836603739543,3.8911865496516556e-28,3.13448047196273e-25,True,UP,UP,UP,1.098181053262783,7.227928680382735,10.962727017037714,5.773300800894421e-28,4.98277096980052e-25,True,True,15,15,12069
VNN1,2.71067281767274,6.825557186443211e-15,9.34849866646376e-12,8.53708966752375,7.787671109017941,3.736928394,1.70521526354021e-14,1.56855753861843e-12,9.38926749,7.671104515152211,10.931005072692017,8.193582336630375e-28,5.951630316941249e-25,True,UP,UP,UP,0.11656659386572965,7.671104515152211,10.926738640796971,8.587971799021177e-28,6.4855289529733055e-25,True,True,16,16,12068
GBA1,1.04059854440674,1.64886902588459e-12,5.23274617812132e-10,7.61453514565696,7.0613548677334315,1.950211449,4.67354100868701e-17,1.3540583599597301e-14,10.71561572,8.394632402150402,10.929033408467811,8.373559164777062e-28,5.951630316941249e-25,True,UP,UP,UP,1.33327753441697,7.0613548677334315,10.887377488652595,1.3239800502747595e-27,9.410382910276423e-25,True,True,17,17,12067
ADM,1.6345570804696,1.54379360964517e-13,8.61989453232401e-11,8.01827469869402,7.38332947256019,4.228775761,1.4672023099275601e-15,2.3066922517551e-13,9.937826986,7.979674041662493,10.863283964299619,1.7243443550470753e-27,1.157514046779656e-24,True,UP,UP,UP,0.5963445691023033,7.38332947256019,10.840676944345027,2.2083090463075897e-27,1.4823887892519226e-24,True,True,18,18,12066
AGTRAP,1.06337330570287,4.91213790363033e-11,7.6088431348912e-09,7.01753674984526,6.5735747985834205,1.833918028,3.43529766591009e-18,1.7417817990580602e-15,11.31216498,8.69608545716364,10.797280313253458,3.5455017641233534e-27,2.1420148907951238e-24,True,UP,UP,UP,2.12251065858022,6.5735747985834205,10.73535809965425,6.94491883065239e-27,4.195772711538641e-24,True,True,20,20,12064
FCGR1A,2.6920676817709,3.43480773900235e-14,2.4828889386682798e-11,8.26993150129682,7.580781072872638,3.492860519,4.12053657191155e-14,3.17751339220297e-12,9.192632565,7.557132030609777,10.70412100848511,9.73501432085047e-27,5.550115127854765e-24,True,UP,UP,UP,0.023649042262860576,7.557132030609777,10.697609227319797,1.0443806655397299e-26,5.736023446234799e-24,True,True,21,21,12063
KIF1B,1.49392212813514,1.8220720040129402e-15,3.95131498003572e-12,8.753085834304,7.952891984853812,2.02984381,7.08486678187357e-13,2.8911103260196696e-11,8.559835435,7.177787298604308,10.699005925292047,1.0287591580838993e-26,5.550115127854765e-24,True,UP,UP,UP,0.7751046862495041,7.177787298604308,10.711877235728227,8.952772063990167e-27,5.151254516628247e-24,True,True,22,22,12062
GYG1,1.73324085774914,2.81209851825745e-13,1.35517110630766e-10,7.91691788409429,7.303101035217855,2.723956133,5.1132164023529005e-15,5.76117454756218e-13,9.658222375,7.824095050963307,10.6965429328773,1.0564648509530712e-26,5.550115127854765e-24,True,UP,UP,UP,0.520994015745452,7.303101035217855,10.675990104681306,1.3184440412476344e-26,6.637816395997986e-24,True,True,23,23,12061
USB1,1.31959852733253,1.1152350965538999e-14,1.1608705167048898e-11,8.45626585186667,7.7253761691492375,1.749390273,1.58405556946133e-13,8.92395305673477e-12,8.892944397,7.379902445461328,10.681044940103268,1.2485822796169721e-26,6.286091535254947e-24,True,UP,UP,UP,0.34547372368790974,7.379902445461328,10.682848219449506,1.2245583142368116e-26,6.4331904830101714e-24,True,True,24,24,12060
SEMA4A,1.26124648067787,1.25939339370376e-12,4.14850560561429e-10,7.66095120493251,7.098696162207163,1.989130978,1.69264529662724e-15,2.58109317751106e-13,9.905767028,7.962011653643226,10.649528626057046,1.752502009955939e-26,8.470192714519044e-24,True,UP,UP,UP,0.8633154914360635,7.098696162207163,10.620178767257848,2.401008716734012e-26,1.1604555329718827e-23,True,True,25,25,12059
KREMEN1,2.02987833316084,2.44572476852196e-12,7.23239723309624e-10,7.54638358895702,7.006374648243742,5.214006359,9.01353645100389e-16,1.53605356417154e-13,10.04721104,8.03959570507707,10.6391076663649,1.959973491620294e-26,9.108599884326158e-24,True,UP,UP,UP,1.0332210568333284,7.006374648243742,10.605382956050134,2.8130915561012866e-26,1.3073302027835325e-23,True,True,26,26,12058
HK3,1.66933645450472,8.727012410040059e-12,1.88604350869433e-09,7.32444910423632,6.82607367443718,2.591809644,2.82354827006506e-16,5.9650398401239e-14,10.30850261,8.180633777040933,10.611344602222866,2.6392330396533936e-26,1.181105659930813e-23,True,UP,UP,UP,1.3545601026037533,6.82607367443718,10.569351180065956,4.1334434257222174e-26,1.72222058320695e-23,True,True,27,27,12057
SQOR,1.03890987335081,7.92414978002152e-13,2.8640298572986103e-10,7.74045605407925,7.162460859073137,1.949853148,5.10693891695082e-15,5.76117454756218e-13,9.658497054,7.8242496099774295,10.59720460034508,3.0702025052772466e-26,1.324902031116606e-23,True,UP,UP,UP,0.6617887509042921,7.162460859073137,10.57308683389987,3.9720132542894214e-26,1.71406557684211e-23,True,True,28,28,12056
PGD,1.14471520248614,1.5619937518250802e-09,1.13743333063559e-07,6.38042655728356,6.037831156794685,2.474729803,4.21686084533597e-19,3.42088619217036e-16,11.79726491,8.931128201947883,10.584652669872705,3.5108038677753525e-26,1.462794590838951e-23,True,UP,UP,UP,2.893297045153198,6.037831156794685,10.502993702748789,8.368327581322093e-26,3.3704834055038285e-23,True,True,29,29,12055
NAIP,2.65745602428972,9.99435604467222e-16,2.8898125261167197e-12,8.85065860165569,8.0269281711141,2.434484627,5.024666390450259e-12,1.40365370612564e-10,8.123886441,6.90487779408771,10.558381253355941,4.646044757107958e-26,1.871271960004515e-23,True,UP,UP,UP,1.1220503770263903,6.90487779408771,10.580293690927032,3.6780350983771475e-26,1.6459888182848546e-23,True,True,30,30,12054
BCL6,1.43091511887752,9.72327409614767e-13,3.37371682405401e-10,7.70539068287466,7.134368187633426,3.086069759,9.421728093590911e-15,9.91134387861365e-13,9.52165768,7.746826863319403,10.522593932688435,6.797594279355364e-26,2.6342138264910456e-23,True,UP,UP,UP,0.6124586756859767,7.134368187633426,10.49979800579489,8.656516238173566e-26,3.374086635672619e-23,True,True,31,31,12053
CD177,4.19769659828581,3.42294886831039e-11,5.78411677922347e-09,7.08225351108995,6.627121931563964,7.968301576,1.60750952113521e-16,3.83551771742862e-14,10.43569529,8.248235050257755,10.518465794416791,7.102057764792598e-26,2.6342138264910456e-23,True,UP,UP,UP,1.621113118693791,6.627121931563964,10.469659889300274,1.19070034914615e-25,4.496010099604041e-23,True,True,32,32,12052
LILRA6,1.98647536923641,1.33180455426112e-13,7.876715889894789e-11,8.04315473660306,7.40296141669134,2.324172137,1.36208220726887e-13,8.00718018322334e-12,8.926526249,7.399976870101408,10.467258044077127,1.2212937029594723e-25,4.216254803674087e-23,True,UP,UP,UP,0.002984546589931192,7.399976870101408,10.46037092522237,1.3134048924947253e-25,4.809051913943565e-23,True,True,35,34,12050
MAPK14,2.5872339809265,1.49995826632787e-13,8.61989453232401e-11,8.02312931051907,7.3871619828723185,2.235246584,1.56332074618686e-13,8.83167355248346e-12,8.8958751,7.381656527689893,10.443131718931946,1.5752647029743772e-25,5.144303623253892e-23,True,UP,UP,UP,0.0055054551824254006,7.381656527689893,10.436325664882945,1.6923484338701195e-25,5.842470321843616e-23,True,True,37,36,12048
IFITM3,1.92087486386221,8.6448558214277e-11,1.16562219192235e-08,6.91563142166919,6.488929231375598,3.231340055,3.88305064733774e-16,7.72079903712321e-14,10.23667354,8.14215457513362,10.345738575691353,4.375294857000964e-25,1.3555560963369907e-22,True,UP,UP,UP,1.653225343758022,6.488929231375598,10.296219430443708,7.328506676685703e-25,2.1083415755807943e-22,True,True,39,38,12046
BASP1,1.28882227631899,3.4895566948592397e-12,9.45924311149189e-10,7.48469221703704,6.9564493352686405,2.995724038,1.74230705677973e-14,1.59169952335809e-12,9.384468217,7.6683442862162705,10.341290743205747,4.583222984126442e-25,1.384477082929995e-22,True,UP,UP,UP,0.71189495094763,6.9564493352686405,10.316051026294511,5.962530927143228e-25,1.7803354906444148e-22,True,True,40,39,12045
SRPK1,1.22084434271857,3.78391687849295e-13,1.61424375293479e-10,7.86653892363582,7.263073677436887,2.111721215,2.1901342526265999e-13,1.15371721500052e-11,8.82089094,7.336645666553372,10.323560551555925,5.513962903797863e-25,1.6250052138192582e-22,True,UP,UP,UP,0.07357198911648499,7.263073677436887,10.314794680561745,6.0410291414732275e-25,1.7803354906444148e-22,True,True,41,40,12044
ITGAM,1.12058199167008,3.0101555161775903e-09,1.887548843313e-07,6.25558453371794,5.93104344142649,2.202937699,5.57416883418204e-18,2.6916599553820403e-15,11.20098372,8.640961935570582,10.303963817561462,6.761640539134588e-25,1.8708433199151712e-22,True,UP,UP,UP,2.709918494144092,5.93104344142649,10.22722084546547,1.4975534065465881e-24,3.9336821328918317e-22,True,True,43,42,12042
TLR5,1.99928112352825,8.14611522719018e-16,2.8898125261167197e-12,8.88379435191821,8.051986112505457,2.591623597,7.0778879223284e-11,1.18535627541488e-09,7.532654806,6.518997403366923,10.30324125263076,6.812638092879876e-25,1.8708433199151712e-22,True,UP,UP,UP,1.5329887091385341,6.518997403366923,10.335921347005886,4.847313300430516e-25,1.5017970925410752e-22,True,True,44,43,12041
F5,1.6025185365233,1.0648161557294302e-09,8.59464371335749e-08,6.45269357837491,6.099378568187561,2.375930824,2.5613206525105402e-17,8.956231750614881e-15,10.85241251,8.465009385589301,10.298577485947284,7.151091938687042e-25,1.8784053020685984e-22,True,UP,UP,UP,2.3656308174017404,6.099378568187561,10.230717115113741,1.444457648082134e-24,3.878529280394761e-22,True,True,46,45,12039
OSCAR,1.17549261964898,2.07682001063558e-10,2.29004606511736e-08,6.75602387705596,6.355550132851497,2.006735972,4.62597676781093e-16,8.93518426933081e-14,10.19724189,8.120937119883894,10.236422304169809,1.3617929064773585e-24,3.4280299352012335e-22,True,UP,UP,UP,1.7653869870323975,6.355550132851497,10.184083293210758,2.3355067175358487e-24,5.487412358172301e-22,True,True,48,47,12037
LTB4R,1.45679167547676,7.97840808558669e-12,1.7745479795831e-09,7.34020219026953,6.83893498577149,1.500033805,3.8791146425730503e-14,3.03754146973066e-12,9.206080159,7.564984296786299,10.185109000360283,2.3110075700000764e-24,5.369981628521331e-22,True,UP,UP,UP,0.7260493110148083,6.83893498577149,10.159608160173004,3.002808175376903e-24,6.596896578741657e-22,True,True,52,51,12033
DRAM1,1.35642279815627,6.07942891093064e-12,1.49249979763347e-09,7.38784812145845,6.877775701473003,1.978855883,5.47671253529692e-14,3.91102841297031e-12,9.129275681,7.5200217622402885,10.180780220742143,2.4161626533173115e-24,5.508394969817562e-22,True,UP,UP,UP,0.6422460607672855,6.877775701473003,10.15744350708193,3.0702123793159442e-24,6.624531460584742e-22,True,True,53,52,12032
ZNF438,1.60694348413827,2.6224640989485203e-15,5.2495679420721e-12,8.69373075047346,7.9076721220856,2.143386244,9.00028841066336e-11,1.4406854716390201e-09,7.478700031,6.482855175018352,10.175639436632322,2.5472143413212708e-24,5.699627941886096e-22,True,UP,UP,UP,1.4248169470672485,6.482855175018352,10.205614728220759,1.8713235650243984e-24,4.614531150242818e-22,True,True,54,53,12031
OPLAH,2.54950237865017,1.28839013409579e-14,1.1621137253499499e-11,8.4324498526931,7.7069710490251095,3.056227661,2.7990200933197696e-11,5.59831622412409e-10,7.740518509,6.65677455976916,10.156701923216922,3.093647203472813e-24,6.675096278493215e-22,True,UP,UP,UP,1.0501964892559492,6.65677455976916,10.177028528523484,2.5111240936877695e-24,5.724889136609305e-22,True,True,56,55,12029
HP,3.57399300457619,6.85681769822921e-14,4.6956570252899696e-11,8.15457840459814,7.490583326747714,5.033668641,6.68225011740472e-12,1.76440081425819e-10,8.060350155,6.86429055405976,10.150428664196616,3.299111071790117e-24,6.993536680778945e-22,True,UP,UP,UP,0.6262927726879539,6.86429055405976,10.15982716530757,2.996070873793161e-24,6.596896578741657e-22,True,True,57,56,12028
SERPINB1,1.26249144730642,1.01821280728139e-11,2.1029326891971e-09,7.29732271647984,6.803904174008639,2.113123398,4.77696833550775e-14,3.5091883929920097e-12,9.15971273,7.537873518251344,10.141168260466987,3.6273525375991406e-24,7.556775984794899e-22,True,UP,UP,UP,0.7339693442427055,6.803904174008639,10.115492401046094,4.716393976316513e-24,9.82554972686766e-22,True,True,58,57,12027
AP5B1,1.4042566354903,3.15887532236715e-12,8.83907661440434e-10,7.50199660483152,6.970468373529596,1.78695508,1.74645275487824e-13,9.62494791350151e-12,8.871236773,7.366897027926619,10.138048299719076,3.7450696691900934e-24,7.669775730987102e-22,True,UP,UP,UP,0.396428654397023,6.970468373529596,10.121079532070047,4.454747776672725e-24,9.443283751848515e-22,True,True,59,58,12026
ALPL,1.86487780611252,4.04082822054183e-12,1.06216639174909e-09,7.45916356200208,6.93574608418961,5.647895017,5.944040916966589e-13,2.5379177649894598e-11,8.598876978,7.2017596377976805,9.99672616508083,1.575185984633382e-23,3.0211067067182785e-21,True,UP,UP,UP,0.26601355360807055,6.93574608418961,9.98321476629745,1.8052128075531927e-23,3.518126831236327e-21,True,True,63,62,12022
BST1,1.03989275224331,2.29541405638741e-08,9.56480866339163e-07,5.85918873712216,5.58811970221689,2.073936247,2.25011375220628e-17,8.33433032777758e-15,10.88192666,8.48009436218821,9.947729564124806,2.5800215471931432e-23,4.8710000554273044e-21,True,UP,UP,UP,2.8919746599713196,5.58811970221689,9.866528459153093,5.814209027885825e-23,1.0208756317182976e-20,True,True,64,63,12021
PLBD1,1.42917218650587,2.92169270878083e-13,1.38238562473825e-10,7.91043690759543,7.297957323174921,2.290475778,1.4436203200096699e-11,3.24231048838496e-10,7.888500355,6.75345827826739,9.935851257050308,2.9068241811536946e-23,5.24226217625076e-21,True,UP,UP,UP,0.5444990449075311,6.75345827826739,9.943283099207267,2.69785918525515e-23,5.174322624672694e-21,True,True,67,65,12019
BAZ1A,1.00285734602211,3.20271559683484e-13,1.45314108009219e-10,7.89485965752278,7.285587485385668,1.628170575,1.89251236650495e-11,4.05729844662651e-10,7.828020819,6.7140840258787575,9.899262659999197,4.193553423537347e-23,7.451574414206143e-21,True,UP,UP,UP,0.5715034595069106,6.7140840258787575,9.907415276506597,3.86516005924208e-23,7.076171059973039e-21,True,True,68,66,12018
ECE1,1.29919496651379,9.092396197848751e-14,5.7710103965028796e-11,8.10729431622896,7.453459437105705,1.565406893,7.335092965882879e-11,1.2193690200087802e-09,7.524642939,6.513640502011434,9.876231080459943,5.278082137767487e-23,9.24276325661515e-21,True,UP,UP,UP,0.9398189350942712,6.513640502011434,9.893897703644559,4.4245772009363984e-23,7.979427808793209e-21,True,True,69,67,12017
TNFAIP6,1.53224452473481,4.2022423364939e-11,6.75030569892475e-09,7.04554101261,6.596765640924903,4.605102025,1.7535157825189e-13,9.637683898446029e-12,8.870339108,7.366358727548516,9.873419927498682,5.42816730336811e-23,9.369792218085268e-21,True,UP,UP,UP,0.7695930866236127,6.596765640924903,9.847003487126713,7.061799318865496e-23,1.218967445283597e-20,True,True,70,68,12016
SH3GLB1,1.13993479581553,1.1980768776114699e-12,4.00909301250044e-10,7.66953463604118,7.105592203406798,1.545545326,7.52726292079024e-12,1.9521792748919e-10,8.033802768,6.847269891793561,9.866163404476913,5.835399828605909e-23,9.930864243527491e-21,True,UP,UP,UP,0.25832231161323715,6.847269891793561,9.86626124778158,5.82971270285215e-23,1.0208756317182976e-20,True,True,71,69,12015
PYGL,1.3101820074872,2.4490532522267104e-09,1.62179772653052e-07,6.29499645318559,5.964819027086465,2.596617636,2.1970976469138903e-15,3.22893749109135e-13,9.84729414,7.929680862078568,9.824895092824327,8.796557107378598e-23,1.4363351287629137e-20,True,UP,UP,UP,1.964861834992103,5.964819027086465,9.767685516929616,1.5495135672572127e-22,2.4635226885748556e-20,True,True,74,72,12012
IL17RA,1.03345513878332,4.02617154997271e-11,6.5076436176981306e-09,7.05321009691531,6.603111254462699,1.722545025,3.62438629943459e-13,1.7254971487988897e-11,8.708878294,7.268895501634457,9.8089900459019,1.0299419165992754e-22,1.637472128719611e-20,True,UP,UP,UP,0.6657842471717581,6.603111254462699,9.785293653353293,1.3021673605577046e-22,2.0978784290158324e-20,True,True,76,74,12010
NFIL3,1.22471269807153,2.17530867690809e-10,2.36853797904516e-08,6.74753008185291,6.348424698212064,2.755297005,1.04349182791534e-13,6.47188310763031e-12,8.985801102,7.435276850624018,9.74654883503351,1.9084609498500608e-22,2.8824917071297856e-20,True,UP,UP,UP,1.0868521524119545,6.348424698212064,9.712034842263048,2.679338672611739e-22,4.0468061476459554e-20,True,True,80,77,12007
IL1RN,1.28888465167784,1.0810155876693501e-10,1.38577678019308e-08,6.87511565628925,6.455164297366331,2.707969393,2.81019227355963e-13,1.40033192874847e-11,8.765454474,7.3031922348597895,9.728627201919322,2.2764430366371638e-22,3.31400737490203e-20,True,UP,UP,UP,0.848027937493459,6.455164297366331,9.700284297223082,3.0065969533677145e-22,4.485026047844703e-20,True,True,83,80,12004
SMARCD3,1.33021382753868,1.42296276454396e-09,1.06407356384274e-07,6.39805191535832,6.052860286309688,2.2951329,1.33453634523085e-14,1.2766854536616399e-12,9.443946598,7.702477009449475,9.72649227933953,2.3247134881555707e-22,3.3439896520694955e-20,True,UP,UP,UP,1.6496167231397871,6.052860286309688,9.677478196426721,3.75872812500677e-22,5.1030013409502026e-20,True,True,84,81,12003
IRAK3,1.56295343936672,4.34523084441657e-10,4.2509752730922e-08,6.61998277439731,6.241093253104304,2.349666152,5.82246416763478e-14,4.03437949138965e-12,9.115646547,7.51201381714324,9.72491527175669,2.3610187448288716e-22,3.3562575875020304e-20,True,UP,UP,UP,1.2709205640389358,6.241093253104304,9.685668634295611,3.469309160731978e-22,4.931725010485234e-20,True,True,85,82,12002
NLRC4,1.76425148341496,6.361439246775509e-11,9.30020974824939e-09,6.97102265340264,6.534988586283918,2.423794568,6.03627857336256e-13,2.5718858350076897e-11,8.595452913,7.199660228446735,9.711863314111822,2.683852274502724e-22,3.7708124456763274e-20,True,UP,UP,UP,0.6646716421628174,6.534988586283918,9.688260235600154,3.3824104982598507e-22,4.8654364345802116e-20,True,True,86,83,12001
S100A12,1.93926664714723,1.23136141199034e-10,1.52432590745937e-08,6.85145327825922,6.43541534845803,4.226076185,2.99305607119519e-13,1.4733536451434397e-11,8.751436009,7.294708850180629,9.708663927390907,2.769433833743832e-22,3.804740215969287e-20,True,UP,UP,UP,0.8592935017225987,6.43541534845803,9.680043771069911,3.6655901955831687e-22,5.090957049796716e-20,True,True,87,84,12000
S100A11,1.1084168040958,1.12587361683705e-10,1.41539174545655e-08,6.86773224048366,6.449004310086922,2.207240658,3.31534635364323e-13,1.60091760471996e-11,8.728695596,7.280926764919242,9.708527368360762,2.7731461935328426e-22,3.804740215969287e-20,True,UP,UP,UP,0.8319224548323199,6.449004310086922,9.680613189350467,3.645230398939238e-22,5.090957049796716e-20,True,True,88,85,11999
GPR84,2.90192554253832,9.01701471938875e-16,2.8898125261167197e-12,8.86734008599979,8.039548425462854,4.434169838,1.28979204539743e-08,9.90093583372643e-08,6.346607026,5.6874117655149385,9.70642663611818,2.830879193514506e-22,3.804740215969287e-20,True,UP,UP,UP,2.3521366599479157,5.6874117655149385,9.76062924517871,1.6612126565563398e-22,2.6068094193727603e-20,True,True,89,86,11998
DDAH2,1.23145906056929,1.2111308229314399e-11,2.42355504851682e-09,7.26674249674511,6.778877594349127,2.12029614,3.70695150146093e-12,1.09433309171949e-10,8.191635307,6.947926074422517,9.706315958204808,2.8339536492364134e-22,3.804740215969287e-20,True,UP,UP,UP,0.16904848007339002,6.778877594349127,9.69549845923943,3.1509528907536604e-22,4.587104069756202e-20,True,True,90,87,11997
FCAR,1.48927836742055,4.0895979369845e-08,1.5116989646896e-06,5.7434910394186,5.486938343578951,2.842702155,2.31781647707089e-16,5.22307066349719e-14,10.35303741,8.204381166839653,9.681224869208677,3.623484193665706e-22,4.758973860006817e-20,True,UP,UP,UP,2.7174428232607015,5.486938343578951,9.604702169633633,7.637842105174084e-22,9.417147567022291e-20,True,True,92,88,11996
SLC22A4,1.75572880212849,1.8034082505178499e-12,5.58691582181263e-10,7.59907375535613,7.048897579618854,2.83452659,4.0037148523963594e-11,7.51150239791402e-10,7.660393995,6.603940050269973,9.654014070533261,4.726840879274785e-22,5.949418577528878e-20,True,UP,UP,UP,0.44495752934888166,6.603940050269973,9.659066295976395,4.499460686586506e-22,5.974393788574148e-20,True,True,96,92,11992
UPP1,1.23680061295645,3.4593580152603396e-11,5.80792733103999e-09,7.08036215202173,6.625559308277779,1.857506024,3.07633240920601e-12,9.496361886013259e-11,8.233156447,6.974192215457509,9.616476524885305,6.812483079385281e-22,7.991770198855568e-20,True,UP,UP,UP,0.34863290717972983,6.625559308277779,9.60108739989872,7.91053995005633e-22,9.637096604285671e-20,True,True,103,99,11985
LIMK2,1.78332724966206,5.65829928285573e-13,2.16157159282984e-10,7.7980185067727,7.2084725064696515,2.668782732,2.29338770202423e-10,3.1923264231127903e-09,7.268124391,6.340286171684022,9.580419137982547,9.665189951634128e-22,1.0914438335102352e-19,True,UP,UP,UP,0.8681863347856291,6.340286171684022,9.596435199982722,8.275721212171409e-22,9.879162323681251e-20,True,True,107,103,11981
PDLIM7,1.15554347859381,2.6926753091883e-10,2.8717823594675e-08,6.7083402133991,6.315512551185037,2.135105254,5.16301724614808e-13,2.2626436102e-11,8.630200459,7.220938047458862,9.5717160114978,1.0514576311373302e-21,1.1655745465167303e-19,True,UP,UP,UP,0.9054254962738248,6.315512551185037,9.541997247040092,1.4010758889671053e-21,1.5578430154340125e-19,True,True,109,104,11980
LRPAP1,1.0256591972931,3.07085122968445e-13,1.4270135991085401e-10,7.90199290288566,7.291253152677168,1.12090817,4.54791851269877e-10,5.68307673173406e-09,7.113365311,6.233959106249123,9.563769305274203,1.1354429131424356e-21,1.2472324290454592e-19,True,UP,UP,UP,1.0572940464280451,6.233959106249123,9.584673443903426,9.275058356713684e-22,1.0776012511939563e-19,True,True,110,105,11979
MGAM,1.91080828410699,1.65180337784246e-09,1.19402442504429e-07,6.3698432956411,6.028801183483501,4.006252259,6.809786514768011e-14,4.54306843111875e-12,9.080778661,7.491486547084431,9.560287137877863,1.174304425009434e-21,1.2766436840183848e-19,True,UP,UP,UP,1.4626853636009303,6.028801183483501,9.516204506815379,1.796198011926549e-21,1.9206602281511938e-19,True,True,111,106,11978
ASAP1,1.03351816786873,1.33971531954419e-14,1.1621137253499499e-11,8.42599933189786,7.701982220017825,1.287257183,6.0641216010451e-09,5.16315911800149e-08,6.521468007,5.814979779122803,9.55793549063321,1.2012906865303332e-21,1.284530563304957e-19,True,UP,UP,UP,1.8870024408950226,5.814979779122803,9.600241300764978,7.975748244877655e-22,9.637096604285671e-20,True,True,113,108,11976
DOK3,1.06909332319673,3.01124960271598e-08,1.17483880676878e-06,5.80498938994165,5.5407813801769565,2.135568453,1.6712197516995202e-15,2.56772786244075e-13,9.908623769,7.963587323119778,9.549030685744503,1.3091540503689653e-21,1.3755224687485398e-19,True,UP,UP,UP,2.422805942942821,5.5407813801769565,9.480194484646333,2.5380957740635348e-21,2.621180447693136e-19,True,True,115,110,11974
ARHGEF11,1.01888441298556,1.9377807200237397e-11,3.5763735941260805e-09,7.18358222825476,6.7106359035063035,1.304151937,1.1920237988642099e-11,2.78518832543377e-10,7.931252189,6.781174998255717,9.540150979122513,1.4262452401497991e-21,1.485631141097416e-19,True,UP,UP,UP,0.07053909474941378,6.7106359035063035,9.531984544064734,1.5430476604621742e-21,1.6949677164876774e-19,True,True,116,111,11973
ARG1,3.12921672865632,1.0302244430490398e-11,2.1109866678319102e-09,7.29525771571993,6.802215342603855,5.477644751,2.91703943866601e-11,5.788696365517151e-10,7.731278613,6.650699179988177,9.51264708564781,1.8587144531248516e-21,1.9032920963650494e-19,True,UP,UP,UP,0.15151616261567824,6.650699179988177,9.510225650399175,1.902494011663344e-21,1.9914988350726123e-19,True,True,118,113,11971
PHTF1,1.32845574343808,1.8291288091855e-13,9.916545625298779e-11,7.98966668675966,7.360725847465453,1.640530963,1.254692789658e-09,1.339285498266e-08,6.882807013,6.073093590795453,9.499144822029942,2.1162100773781612e-21,2.1487534760470861e-19,True,UP,UP,UP,1.2876322566700003,6.073093590795453,9.526032271052259,1.6340969237515214e-21,1.7788101918639307e-19,True,True,119,114,11970
PFKFB3,1.50876136123242,2.5566302758373303e-09,1.6674483626094e-07,6.28679535567961,5.95779558090683,2.683685253,9.082180924181671e-14,5.73818415337472e-12,9.016694473,7.453607675319898,9.483294187705262,2.463796611344763e-21,2.460335078915601e-19,True,UP,UP,UP,1.4958120944130675,5.95779558090683,9.438408458843963,3.784843529389481e-21,3.718070273627081e-19,True,True,121,116,11968
SLC16A3,1.09137499750736,3.8758805429284597e-11,6.30387746053921e-09,7.06002282443456,6.6087463841375715,1.879636154,1.0838918440352899e-11,2.59316089615593e-10,7.952474295,6.794898004410416,9.477807839755297,2.5968095122270503e-21,2.537362041645819e-19,True,UP,UP,UP,0.18615162027284438,6.6087463841375715,9.466701290130603,2.8882055502616886e-21,2.908182305317665e-19,True,True,123,118,11966
LILRB3,1.00578407126542,2.7010238204044304e-09,1.74413754040656e-07,6.27630499117203,5.948807916882463,2.219927575,9.937746478881031e-14,6.2014595796364995e-12,8.996662803,7.441726958150046,9.468538013850445,2.8378765971876737e-21,2.721433565382433e-19,True,UP,UP,UP,1.4929190412675828,5.948807916882463,9.42373671306778,4.3531397453274865e-21,4.1745228208565093e-19,True,True,126,121,11963
ADGRG3,1.73172826828177,2.13453410682957e-09,1.461762659527e-07,6.32117730668371,5.987223476473364,4.003201944,1.35126107292338e-13,7.98977429153323e-12,8.928300546,7.401035982735864,9.466929051891784,2.881916903242343e-21,2.741905664714743e-19,True,UP,UP,UP,1.4138125062624995,5.987223476473364,9.424168942001668,4.3352495476973744e-21,4.1745228208565093e-19,True,True,127,122,11962
ACSL1,1.42948213221527,8.36721437376065e-09,4.38991975097527e-07,6.05805611911172,5.760888819807602,3.223846818,2.76445586755562e-14,2.2607229616893398e-12,9.281554205,7.6088966988513755,9.453866003253465,3.2654214958997323e-21,3.0586114678260823e-19,True,UP,UP,UP,1.8480078790437737,5.760888819807602,9.39991688957462,5.4606187084127225e-21,4.998534534375069e-19,True,True,129,124,11960
SLC11A1,1.28304313840098,1.01843508720144e-08,5.13489418507003e-07,6.01964217629996,5.727629799817268,2.145289678,2.47905170250498e-14,2.09312339065142e-12,9.305839734,7.622969657074869,9.440299408873868,3.71715702972299e-21,3.4285807931406785e-19,True,UP,UP,UP,1.8953398572576008,5.727629799817268,9.385138651831182,6.2833715688573456e-21,5.6658193034703965e-19,True,True,131,126,11958
INSL3,1.91904781106963,1.16304705237478e-14,1.1621137253499499e-11,8.44934163176208,7.720027395612256,2.005128048,1.9761012342469e-08,1.43440619655553e-07,6.247159427,5.6140805748567395,9.428638166992219,4.154476611906647e-21,3.774326383584061e-19,True,UP,UP,UP,2.1059468207555163,5.6140805748567395,9.476676474191434,2.6251096381130137e-21,2.688067776044029e-19,True,True,133,128,11956
CRISPLD2,1.23493478731142,2.0382652766036703e-09,1.42585422830799e-07,6.32995330246542,5.994727826575925,2.402715014,2.57690578357268e-13,1.3000553780258099e-11,8.784725961,7.314838785109399,9.411284805776752,4.901088296443558e-21,4.386655547105742e-19,True,UP,UP,UP,1.3201109585334736,5.994727826575925,9.37097823612971,7.18633520646629e-21,6.202320592838013e-19,True,True,135,130,11954
TDRD9,2.32456148772407,2.13499921496598e-10,2.33441531811175e-08,6.75095968722289,6.35130212308774,3.416853048,3.6725105639e-12,1.08770980951428e-10,8.193714018,6.949243167161937,9.404905768214343,5.207684855077918e-21,4.6267982429343e-19,True,UP,UP,UP,0.5979410440741972,6.35130212308774,9.383227865882656,6.398330595624815e-21,5.726742858291455e-19,True,True,136,131,11953
CR1,1.85259936498114,1.14706170331721e-08,5.67490241547981e-07,5.99632274935698,5.707413070588789,2.687641326,3.52998859105387e-14,2.80751759275151e-12,9.227088521,7.577234335449071,9.393664266481649,5.794839655143409e-21,5.001360539506986e-19,True,UP,UP,UP,1.869821264860282,5.707413070588789,9.339192649311874,9.707146333559815e-21,8.14523952419467e-19,True,True,140,134,11950
CAMKK2,1.3228073490134,5.137335424873979e-11,7.910584601271921e-09,7.00948392069122,6.566900485509449,1.469301469,2.0122175063712297e-11,4.26434516684586e-10,7.814314524,6.705133912290706,9.384745522825606,6.3068553426841564e-21,5.404661922386714e-19,True,UP,UP,UP,0.13823342678125705,6.566900485509449,9.374936677259228,6.921730548511529e-21,6.016925914939914e-19,True,True,141,135,11949
STOM,1.14829772749284,8.769598607078899e-12,1.88604350869433e-09,7.32359356927647,6.825374911988985,1.891210972,1.2825402012755801e-10,1.94403571166442e-09,7.399072217,6.429227541287575,9.372419276643704,7.08886958118212e-21,6.032028954184758e-19,True,UP,UP,UP,0.39614737070141004,6.429227541287575,9.376400061992443,6.826368877257335e-21,5.977030082891332e-19,True,True,142,136,11948
FCER1G,1.15085035605571,2.65659068156128e-11,4.70288838818158e-09,7.12748396101017,6.664449588378014,2.496496016,4.5001037818646794e-11,8.222216648648421e-10,7.634211287,6.586600701154261,9.369907517572235,7.25961096692756e-21,6.102283274872283e-19,True,UP,UP,UP,0.0778488872237535,6.586600701154261,9.365681205524398,7.55612789875818e-21,6.429626295823598e-19,True,True,143,137,11947
AIM2,1.81008802295019,2.4343781890106e-14,1.91969162462494e-11,8.32713461133606,7.6253157319107405,2.068052966,2.45366511246949e-08,1.72308802444576e-07,6.196528446,5.576527946625817,9.335113189257955,1.0088340047193807e-20,8.1810344154525355e-19,True,UP,UP,UP,2.0487877852849232,5.576527946625817,9.38173961590746,6.489307345168441e-21,5.765463283211049e-19,True,True,149,140,11944
TRIM25,1.21589136559515,4.66628783089593e-12,1.1902625351103302e-09,7.43407455348515,6.915374561838896,1.832828925,3.8708430375349e-10,4.971790224461391e-09,7.149855844,6.259148839523602,9.315794836004281,1.2104280868395114e-20,9.55921736815805e-19,True,UP,UP,UP,0.6562257223152939,6.259148839523602,9.326520593438028,1.0940342410848766e-20,8.992663765325552e-19,True,True,153,143,11941
SLC16A6,1.87280892238001,8.730373035863799e-13,3.11219859605868e-10,7.72385969148222,7.149170671162824,1.002289623,2.54600640534607e-09,2.45416140241557e-08,6.721076128,5.95847624935185,9.268506022894893,1.8877136634863565e-20,1.434543660119852e-18,True,UP,UP,UP,1.1906944218109734,5.95847624935185,9.293046939533168,1.499334689606069e-20,1.1997656327490153e-18,True,True,159,147,11937
FAR2,1.22219511918826,5.7171680526833e-10,5.27581078847438e-08,6.56902337796675,6.198037061318204,1.99530018,5.18962731127715e-12,1.44179221232893e-10,8.116689061,6.900290583231985,9.261916299664657,2.007955669984396e-20,1.5069644944361153e-18,True,UP,UP,UP,0.7022535219137813,6.198037061318204,9.237643361407395,2.5198580940894897e-20,1.9149336698668743e-18,True,True,161,149,11935
RRP12,1.14355333724431,5.23854571957034e-13,2.12658429790571e-10,7.81116551929565,7.218963123727487,1.066924467,6.844686143947491e-09,5.72914072164255e-08,6.493497759,5.794691551136548,9.202043468616374,3.512062011678527e-20,2.496249722771273e-18,True,UP,UP,UP,1.4242715725909392,5.794691551136548,9.232652449311969,2.6401159512970284e-20,1.981398822330559e-18,True,True,170,155,11929
SIGLEC5,1.67920826639669,4.14361163168306e-10,4.10780252038715e-08,6.62878416887853,6.248519626796674,2.896725609,1.6223429279405098e-11,3.56476022985499e-10,7.862433702,6.736511648715677,9.181803668834188,4.239302101647332e-20,2.9210271288710084e-18,True,UP,UP,UP,0.4879920219190028,6.248519626796674,9.163109734750224,5.0422893400057924e-20,3.501493223867241e-18,True,True,175,159,11925
HPSE,1.68667364481226,6.727567999543609e-12,1.5772207392083202e-09,7.37010938789945,6.863325527291743,1.563478613,9.31859553319149e-10,1.04126961988241e-08,6.950546944,6.1206644474686716,9.181067358011239,4.268393147080484e-20,2.9210271288710084e-18,True,UP,UP,UP,0.7426610798230717,6.1206644474686716,9.194111879804463,3.781049957009159e-20,2.719430156579861e-18,True,True,176,160,11924
FCGR1CP,2.3186591519682,2.59580142169524e-13,1.35101080793551e-10,7.93047772868684,7.313857645920583,3.366181279,1.42999958829359e-08,1.08418024860495e-07,6.322594605,5.6697572827111005,9.180802160350355,4.2789191575781553e-20,2.9210271288710084e-18,True,UP,UP,UP,1.6441003632094828,5.6697572827111005,9.217094554691656,3.052593241882701e-20,2.257703504940065e-18,True,True,177,161,11923
C3AR1,1.81257779118578,2.9713648748512597e-12,8.40476392807112e-10,7.51262346886438,6.979071854850147,2.215768516,1.9935651557794802e-09,1.9838810070836e-08,6.77707751,5.998330454951252,9.176409175446533,4.4570619387067734e-20,3.0255437868198848e-18,True,UP,UP,UP,0.9807413998988954,5.998330454951252,9.195596776159947,3.729187762160442e-20,2.698190163484109e-18,True,True,178,162,11922
CREB5,1.35297677732512,1.90937538072754e-10,2.15098162479103e-08,6.77141944675981,6.368458403769936,2.448241104,4.2255870820458095e-11,7.86952540045648e-10,7.648312784,6.595943896474816,9.16721678053354,4.853889963230766e-20,3.258308468095408e-18,True,UP,UP,UP,0.22748549270488017,6.368458403769936,9.15525089255828,5.423164283963625e-20,3.723187161541618e-18,True,True,180,164,11920
SLC9A8,1.03471239860666,1.77144075512267e-10,2.02185099870866e-08,6.78513629062247,6.379951500211568,1.422017448,4.83027793470839e-11,8.69235730202492e-10,7.618344832,6.5760753639270755,9.161294452867514,5.127846873404507e-20,3.4231919210688763e-18,True,UP,UP,UP,0.19612386371550716,6.379951500211568,9.15014130683732,5.685912423503061e-20,3.859712349055477e-18,True,True,181,165,11919
APOBR,1.55664010145378,4.03462538807709e-16,2.0998611294786e-12,8.99732964795386,8.137518265396233,1.557982914,1.72617610949551e-06,7.17920143795054e-06,5.169892611,4.783093697762836,9.136252336229807,6.465406657626668e-20,4.1776207831071135e-18,True,UP,UP,UP,3.354424567633397,4.783093697762836,9.216682829154763,3.064333152446997e-20,2.257703504940065e-18,True,True,187,170,11914
VPS9D1,1.11458937071566,9.5541210062599e-11,1.26850454564235e-08,6.89751945874491,6.473842946045199,1.697322352,1.28544781161426e-10,1.9455348557723e-09,7.398562693,6.428883279013925,9.123605209532808,7.266589877278123e-20,4.596974109274951e-18,True,UP,UP,UP,0.044959667031274186,6.428883279013925,9.118694570082418,7.603464089889674e-20,5.020363748532073e-18,True,True,191,174,11910
UBE2C,1.37336333483339,1.30544046264336e-09,9.90422074617148e-08,6.41432501158176,6.066725925042018,2.16066161,9.81446522907813e-12,2.39034482509243e-10,7.974626875,6.809197521655701,9.104652783198821,8.654281191231632e-20,5.4463374809193655e-18,True,UP,UP,UP,0.742471596613683,6.066725925042018,9.07944727042282,1.091276097112199e-19,6.796850041962218e-18,True,True,192,175,11909
TOR1AIP2,1.36399172096086,3.66819789180892e-13,1.59095856230906e-10,7.87181707689036,7.267271978557226,1.070231515,2.07427840420921e-08,1.49178866367968e-07,6.235828418,5.605689242926847,9.102558173662848,8.822872294893898e-20,5.523666628974247e-18,True,UP,UP,UP,1.6615827356303798,5.605689242926847,9.139353487569874,6.282679156190669e-20,4.217422902458436e-18,True,True,193,176,11908
CEACAM1,1.5927273822886,1.1113468175149e-08,5.51919431912025e-07,6.00252988450386,5.712796296282549,3.924653085,8.4818010684316e-13,3.35320482395441e-11,8.519815465,7.153135167249473,9.097587384144854,9.236063778654938e-20,5.75254425966431e-18,True,UP,UP,UP,1.440338870966924,5.712796296282549,9.0543889026065,1.3733460702653416e-19,8.380879074250566e-18,True,True,194,177,11907
SLC36A1,1.29758325215945,2.6266907811375903e-10,2.82456091725386e-08,6.71290369885225,6.319348050658567,1.512488506,6.46768683760101e-11,1.1022786281797201e-09,7.552886149,6.532509094193352,9.087635337965573,1.0121636905445413e-19,6.271781473256253e-18,True,UP,UP,UP,0.21316104353478504,6.319348050658567,9.07609181803508,1.1254342145001849e-19,6.973652109643966e-18,True,True,195,178,11906
FOLR3,2.11384025056559,6.44452155277281e-12,1.5248673623615402e-09,7.37763855589507,6.869460373138185,3.249852604,2.3363782729710203e-09,2.27698643700746e-08,6.740760559,5.97250510872072,9.080640875986001,1.0793740706714594e-19,6.622089154131697e-18,True,UP,UP,UP,0.896955264417465,5.97250510872072,9.097731388265087,9.223828859892533e-20,5.8658696902148145e-18,True,True,196,179,11905
HMGB2,1.16874446007592,2.70528233969398e-12,7.82217359176182e-10,7.52890123544794,6.992241726416771,2.313557759,4.925102195963731e-09,4.3259418638519e-08,6.569454564,5.849683178600728,9.080612183826284,1.079658663712608e-19,6.622089154131697e-18,True,UP,UP,UP,1.1425585478160434,5.849683178600728,9.10403670862119,8.703534567595807e-20,5.593872775545752e-18,True,True,197,180,11904
C5AR1,1.01311681303502,2.7565124811896403e-09,1.76247479847661e-07,6.27241956637617,5.945478014285524,2.024392067,5.64762829933882e-12,1.54909751626357e-10,8.097843303,6.888266638265366,9.074827871835327,1.138573200788143e-19,6.948171709658147e-18,True,UP,UP,UP,0.9427886239798413,5.945478014285524,9.044476120071389,1.503845295356074e-19,9.131137037079117e-18,True,True,198,181,11903
LRG1,1.22297281673126,7.17774958441393e-07,1.58336916091872e-05,5.14568020580972,4.95649152748463,4.043054591,6.76368537762667e-15,7.37496253460465e-13,9.595693923,7.788821921503233,9.01229756812742,2.017839542324744e-19,1.1500733580146172e-17,True,UP,UP,UP,2.8323303940186033,4.95649152748463,8.933257023544268,4.1364719185015905e-19,2.1921486925988913e-17,True,True,212,191,11893
SBNO2,1.06639661687938,5.41536937972077e-10,5.14321742220707e-08,6.57911264047503,6.206569453504566,1.720457427,6.751534636936289e-11,1.1420172975121301e-09,7.543248708,6.526075390976479,9.00333951197248,2.189539614802541e-19,1.224824405817551e-17,True,UP,UP,UP,0.3195059374719129,6.206569453504566,8.989109490933014,2.492416369277847e-19,1.420559763678501e-17,True,True,216,194,11890
PGLYRP1,1.59726288981516,1.57216173165847e-07,4.5365816540621e-06,5.46781580072586,5.243901476015267,4.124879094,7.01934543023899e-14,4.62205664515185e-12,9.074032445,7.487508248348825,9.002466150162203,2.207032476616634e-19,1.2289204338690688e-17,True,UP,UP,UP,2.2436067723335578,5.243901476015267,8.938615052567112,3.9407804101133453e-19,2.1069225528937853e-17,True,True,217,195,11889
DNAJC3,1.01685765183287,1.4631381443328601e-09,1.08108947035134e-07,6.39279071077158,6.0483752892415,1.174409047,2.7947287453632296e-11,5.59786772076158e-10,7.740861759,6.657000164860345,8.984057141116525,2.6096212875242634e-19,1.413993453684111e-17,True,UP,UP,UP,0.6086248756188448,6.0483752892415,8.962383707305602,3.177340037005428e-19,1.7450818030516628e-17,True,True,223,201,11883
SERPINA1,1.03011246488177,9.425787916506731e-09,4.82848974313493e-07,6.03478895751425,5.740750497662959,1.917948283,3.50230998618363e-12,1.04456395337927e-10,8.204281082,6.95593513152825,8.977912506994889,2.7595238835779255e-19,1.4819256482343145e-17,True,UP,UP,UP,1.2151846338652907,5.740750497662959,8.94060026981032,3.870620704239516e-19,2.0786093319700475e-17,True,True,225,203,11881
MTARC1,1.16837125125903,2.90541244864014e-07,7.53063228595243e-06,5.33908258333281,5.129481549482628,2.66731933,4.04693302704602e-14,3.13266598173742e-12,9.196646935,7.559476980135409,8.972448622487796,2.899945756676095e-19,1.550444450350321e-17,True,UP,UP,UP,2.429995430652782,5.129481549482628,8.90381062015814,5.3961484625333985e-19,2.810416460034097e-17,True,True,226,204,11880
MYBPC3,1.66624374042831,1.43348036333324e-12,4.66293243687761e-10,7.63866465213424,7.080777370795375,2.070731946,2.0697714195909e-08,1.48907535156875e-07,6.236336859,5.606065934147118,8.970952932775985,2.9396005903124613e-19,1.5647221996804173e-17,True,UP,UP,UP,1.4747114366482572,5.606065934147118,9.00301648333371,2.195993642846584e-19,1.2818449848558102e-17,True,True,227,205,11879
NCF2,1.0066342109506,1.80657187104043e-08,7.9672132874246e-07,5.90675052491308,5.629572153718076,1.722369754,1.7586872125939099e-12,6.09708296728496e-11,8.357607939,7.05239135598882,8.967502396474094,3.0331389901820307e-19,1.607430632384626e-17,True,UP,UP,UP,1.4228192022707438,5.629572153718076,8.924842287273016,4.463347066640099e-19,2.3550490221053413e-17,True,True,228,206,11878
JAG1,1.18263563501477,6.01166416212444e-07,1.3722941797453e-05,5.18396873936755,4.990842052108655,2.152742037,2.00493189540816e-14,1.78342209520934e-12,9.353159705,7.6503114033236255,8.938645330355923,3.939700983820627e-19,2.060753549242625e-17,True,UP,UP,UP,2.6594693512149705,4.990842052108655,8.864111793346208,7.711634988443563e-19,3.882486898556816e-17,True,True,231,208,11876
AQP9,1.0818069647541,1.54314269650927e-09,1.1280113031253e-07,6.38272381599509,6.039790692244153,2.974933046,4.2125978430408593e-11,7.85976971984468e-10,7.649002449,6.5964005731108495,8.935136532102742,4.066757210034863e-19,2.1089539643283798e-17,True,UP,UP,UP,0.5566098808666968,6.039790692244153,8.914837088517126,4.885339711343589e-19,2.5665025970506343e-17,True,True,233,210,11874
GPAT3,1.15889944056364,8.176862595126571e-09,4.30741893346111e-07,6.06254452315113,5.764771339607264,1.990174016,8.001646298649909e-12,2.04642356346682e-10,8.02017495,6.838518265929379,8.911871545332886,5.0178250231534255e-19,2.5368765358032485e-17,True,UP,UP,UP,1.0737469263221149,5.764771339607264,8.878250858707675,6.791992472615754e-19,3.477442586721023e-17,True,True,238,214,11870
TSPO,1.04753693879112,7.1947794433285e-09,3.84455329473794e-07,6.0874643890915,5.786313708615026,1.801728137,1.1121666848319399e-11,2.6412005310394203e-10,7.946727724,6.79118438818016,8.89363419460477,5.914216380688045e-19,2.916794960320557e-17,True,UP,UP,UP,1.0048706795651343,5.786313708615026,8.861801927758817,7.873138976215938e-19,3.8988171413777535e-17,True,True,245,219,11865
LIN7A,1.44393034755889,2.03954664792278e-08,8.72946092416029e-07,5.88269033550101,5.608612872045354,2.489134894,3.72264510721169e-12,1.0957759857672001e-10,8.190694494,6.947329892733994,8.878392273165645,6.783364856083353e-19,3.304975707905449e-17,True,UP,UP,UP,1.33871702068864,5.608612872045354,8.837960406617642,9.748180838221853e-19,4.7304124123789016e-17,True,True,248,221,11863
SIPA1L2,1.50986268858091,3.5077850499142503e-09,2.13278248490464e-07,6.22626094211643,5.905875646472668,2.841638655,3.4421947068699795e-11,6.636040955326051e-10,7.694230696,6.626293914973,8.861582079877873,7.888683580127356e-19,3.7675479722797967e-17,True,UP,UP,UP,0.7204182685003317,5.905875646472668,8.837107032182423,9.822902480140526e-19,4.7476052267015194e-17,True,True,253,226,11858
CA4,1.65025714607328,6.2739118886289e-08,2.16246369639457e-06,5.65680886311685,5.410813404186995,5.856533337,1.13678203792655e-12,4.2225414855656197e-11,8.454681219,7.112841017188297,8.855560966591357,8.326399405562373e-19,3.9609403156460686e-17,True,UP,UP,UP,1.7020276130013023,5.410813404186995,8.80577468050861,1.2995187013817592e-18,6.133626745623357e-17,True,True,254,227,11857
DDIAS,1.2976826870895,7.058177822493809e-11,1.00368831406971e-08,6.95227870867785,6.519415732545122,2.174977476,1.93379840563449e-09,1.93294063404007e-08,6.784038984,6.003272346209107,8.854877659171052,8.377564725775466e-19,3.969651552217449e-17,True,UP,UP,UP,0.5161433863360152,6.003272346209107,8.86229741687459,7.838215680048191e-19,3.8988171413777535e-17,True,True,255,228,11856
ANPEP,1.16569871415328,4.87309233842007e-07,1.14835256405123e-05,5.22907419547501,5.031243310916932,2.071782759,7.30956368357962e-14,4.77778880178269e-12,9.065015273,7.482187352517346,8.848331678022056,8.883729473682426e-19,4.193050907441592e-17,True,UP,UP,UP,2.4509440416004136,5.031243310916932,8.779235998483605,1.6458884584813427e-18,7.533056910541691e-17,True,True,256,229,11855
GLT1D1,1.25549123396154,3.8483692086046505e-09,2.29167304154505e-07,6.20846071819555,5.890582399997667,2.183783393,3.5758973029424e-11,6.861189517594601e-10,7.68569956,6.620663673805894,8.846786939880067,9.007513044460291e-19,4.2349330784518945e-17,True,UP,UP,UP,0.730081273808227,5.890582399997667,8.822072531332836,1.1236043103612849e-18,5.387504318291827e-17,True,True,257,230,11854
RGL4,1.30247612461372,8.56612219590613e-10,7.21411643702477e-08,6.49352449817219,6.134065500784517,2.948365241,2.09368524372656e-10,2.9426216512833203e-09,7.288675653,6.354306856317133,8.830612779689204,1.0410379965797405e-18,4.782837305198861e-17,True,UP,UP,UP,0.22024135553261637,6.134065500784517,8.819057664397317,1.154269888133613e-18,5.490961833983641e-17,True,True,263,235,11849
SAMSN1,1.26232602318129,4.71187200734636e-08,1.70173726431405e-06,5.71489383674914,5.46185412412472,2.406247252,2.28770978371902e-12,7.4833938909041e-11,8.299086857,7.0157180500627385,8.822975897112524,1.1145734427598672e-18,5.101284435177074e-17,True,UP,UP,UP,1.5538639259380185,5.46185412412472,8.777032362529646,1.678447156943953e-18,7.653085659378786e-17,True,True,264,236,11848
RNF24,1.16917992114533,5.709120128738701e-10,5.27581078847438e-08,6.56928555226304,6.198258828646615,2.145709836,4.0401868555311903e-10,5.150158995413451e-09,7.140166206,6.252467172810291,8.803992786325846,1.3203288048422804e-18,5.93068139364657e-17,True,UP,UP,UP,0.05420834416367537,6.198258828646615,8.796737295330527,1.4085153259537776e-18,6.545804109038266e-17,True,True,269,239,11845
PSTPIP2,1.03130272718605,4.38019582056405e-07,1.04766393233951e-05,5.25188221250608,5.051645718590174,2.310469519,1.42668530486069e-13,8.2670299051085e-12,8.916218433,7.39382091871891,8.800273854272191,1.3648268581814747e-18,6.08807408093087e-17,True,UP,UP,UP,2.342175200128736,5.051645718590174,8.734015246004118,2.457879658320373e-18,1.0760347794016327e-16,True,True,270,240,11844
CLEC4D,1.47818111653877,5.45453709370787e-08,1.91815430796703e-06,5.68524795459794,5.43581878015378,2.641783242,2.89054383829311e-12,9.046777713645469e-11,8.247024813,6.982945589493754,8.78139249973565,1.6146302183035183e-18,7.094391610095058e-17,True,UP,UP,UP,1.5471268093399742,5.43581878015378,8.735650378545104,2.4225818651265964e-18,1.0644384245936242e-16,True,True,275,244,11840
GAS7,1.185194186127,3.8962941957718e-08,1.46081332398459e-06,5.75324683502977,5.495488914889149,1.675226675,5.67822383172057e-12,1.55411683577767e-10,8.096639293,6.88749783184282,8.75609389995732,2.0213334062265396e-18,8.785529333609811e-17,True,UP,UP,UP,1.392008916953671,5.495488914889149,8.714369028115645,2.923825119808614e-18,1.2617349615231244e-16,True,True,278,247,11837
CYSTM1,1.46546550593415,2.25232549506189e-07,6.13099020481124e-06,5.39269799289684,5.177206770273755,3.491125076,6.51104937197047e-13,2.72006013380204e-11,8.578616944,7.189329032381241,8.744461325843572,2.240821166790879e-18,9.669943627976497e-17,True,UP,UP,UP,2.0121222621074857,5.177206770273755,8.686751761225043,3.7294986734908186e-18,1.5701579258463263e-16,True,True,280,248,11836
PPARG,1.9765272534402,5.68538060591482e-09,3.20239522743986e-07,6.13316275896105,5.825758427807403,3.395504493,6.41033261206121e-11,1.09526500172884e-09,7.554884589,6.5338425741076485,8.73955768121418,2.340248746507388e-18,1.002738496597474e-16,True,UP,UP,UP,0.7080841463002452,5.825758427807403,8.71548191016433,2.8952443441136426e-18,1.2583898348893935e-16,True,True,282,250,11834
TCN2,2.24720154722815,1.55683450416642e-13,8.61989453232401e-11,8.01685680884873,7.38220993383595,2.074677914,7.01833974129102e-07,3.23203788131524e-06,5.393170182,4.960855474579278,8.72786525091951,2.5952459948280455e-18,1.1041675125178616e-16,True,UP,UP,UP,2.4213544592566727,4.960855474579278,8.784504012199266,1.5705597487778e-18,7.215617279270782e-17,True,True,284,252,11832
MGAM2,1.92470918977198,1.0152858329742701e-09,8.25649475984047e-08,6.4616450083847,6.106988449580606,5.455109312,5.13327126095839e-10,6.3057464835552505e-09,7.085935152,6.2149753348375345,8.71294414949712,2.9608254825360274e-18,1.2465384775429554e-16,True,UP,UP,UP,0.10798688525692857,6.106988449580606,8.70436231175358,3.193652905413965e-18,1.3635656556931782e-16,True,True,287,255,11829
BMX,2.26548985470307,2.86687769054865e-09,1.81079510051329e-07,6.26491481672765,5.939044659147844,4.967422046,2.2722519627848001e-10,3.1694320534552e-09,7.270213391,6.341712407253761,8.683806599757187,3.8273934942337775e-18,1.5730066527492085e-16,True,UP,UP,UP,0.4026677481059169,5.939044659147844,8.667644466673789,4.4115172021355276e-18,1.8380814604621924e-16,True,True,294,260,11824
MIIP,1.02968828547964,5.06327156840932e-10,4.84417338326161e-08,6.59160762003095,6.217130963408884,1.100539172,1.6763048629018902e-09,1.70839894093031e-08,6.816698558,6.026420713885758,8.65749841682297,4.822302356034277e-18,1.9293999790715952e-16,True,UP,UP,UP,0.19071024952312587,6.026420713885758,8.656656727240504,4.8580292043671644e-18,1.9898158263175744e-16,True,True,302,264,11820
NQO2,1.22520611035651,3.76907891770493e-07,9.27935105727866e-06,5.28391059745544,5.080265419326058,2.193258615,8.11164851349183e-13,3.23554135579651e-11,8.529738717,7.159255320875839,8.654648113870152,4.944347187302843e-18,1.9717012232402725e-16,True,UP,UP,UP,2.0789899015497806,5.080265419326058,8.59527381884484,8.306648436475113e-18,3.176241552466101e-16,True,True,303,265,11819
SORT1,1.26224397602855,3.15311436316721e-09,1.96770971397363e-07,6.2466999706477,5.923421418272163,1.876425898,3.05880332568968e-10,4.06354150805717e-09,7.203095247,6.295768630921743,8.640272144392194,5.6079277312220235e-18,2.1787971310725307e-16,True,UP,UP,UP,0.37234721264958015,5.923421418272163,8.624920928086944,6.4136953286938754e-18,2.557646226290696e-16,True,True,311,270,11814
RNASE2,1.41064591314215,5.20124876509967e-08,1.85413830978341e-06,5.69488972954441,5.444289782885196,3.028808178,1.2528128523747599e-11,2.90380542388713e-10,7.920150153,6.77398659518251,8.639626081343083,5.639729537358698e-18,2.1841298717918315e-16,True,UP,UP,UP,1.329696812297314,5.444289782885196,8.599585697951111,8.000438363851572e-18,3.0884759345181646e-16,True,True,312,271,11813
MANSC1,1.49723901935535,9.76962651280553e-08,3.09288309906008e-06,5.56620805075541,5.330957532771305,3.965012877,6.13865236693365e-12,1.65116722352495e-10,8.079263116,6.876394114731778,8.631901130278203,6.034053266180733e-18,2.3072615701032214e-16,True,UP,UP,UP,1.5454365819604732,5.330957532771305,8.586302059039188,8.981334581998927e-18,3.423390086886216e-16,True,True,316,273,11811
SULT1B1,1.56766117842558,9.82159543243376e-12,2.06358325512521e-09,7.30366860831575,6.809093031282128,1.744976385,6.78302584994519e-08,4.16742039572064e-07,5.956941869,5.396825608332659,8.630887840682893,6.0877557979545676e-18,2.3204527856998436e-16,True,UP,UP,UP,1.4122674229494692,5.396825608332659,8.661567241952554,4.653219099149258e-18,1.918936736348822e-16,True,True,317,274,11810
MKNK1,1.11723536595283,3.4784728577043805e-09,2.11991332964967e-07,6.22787139725878,5.907258700681749,1.643220453,3.2924278500421003e-10,4.33595644329246e-09,7.186459979,6.284343134316317,8.620764331053488,6.6508665512637215e-18,2.497991478881808e-16,True,UP,UP,UP,0.37708443363456823,5.907258700681749,8.605303923004243,7.611480946055967e-18,2.966758847457879e-16,True,True,321,277,11807
HAUS4,1.13611748264569,5.12491040569482e-10,4.88518474312807e-08,6.58935966156374,6.215231292211835,1.649017965,2.46873959163337e-09,2.38990490013921e-08,6.728137856,5.963511572896229,8.611671666245194,7.20028169057797e-18,2.678876209857597e-16,True,UP,UP,UP,0.25171971931560666,5.963511572896229,8.612433871768877,7.152555677310855e-18,2.805984748342437e-16,True,True,324,280,11804
PGS1,1.32897162590984,1.10481442851006e-09,8.81919812058813e-08,6.44575879795092,6.093481015422289,1.71659545,1.76100299893509e-09,1.78396112994019e-08,6.805436519,6.01844520847572,8.564425166149457,1.086163489848402e-17,3.882873801135575e-16,True,UP,UP,UP,0.07503580694656886,6.01844520847572,8.56066221058353,1.1222105528501331e-17,4.108990942450957e-16,True,True,338,291,11793
CCPG1,1.29801400940018,3.41645451878748e-09,2.08845235366776e-07,6.23132315854075,5.910222736140083,1.613174849,6.00301319847765e-10,7.144783490512041e-09,7.050445168,6.190351675251922,8.556398222547703,1.1644855195746947e-17,4.150583638059303e-16,True,UP,UP,UP,0.28012893911183845,5.910222736140083,8.543481075342525,1.3023785312034183e-17,4.683523747777055e-16,True,True,339,292,11792
CACNA1E,2.23210029470798,9.843549070002609e-11,1.29373069418524e-08,6.89210972368713,6.46933447666477,5.055118947,1.80508697790676e-08,1.32593151028348e-07,6.268296192,5.629713986563078,8.555319214253087,1.17543007268675e-17,4.1650209877636366e-16,True,UP,UP,UP,0.8396204901016917,5.629713986563078,8.57128059725748,1.0234054488497265e-17,3.828423541316175e-16,True,True,341,293,11791
ABCA1,1.23966347731156,3.87675646801189e-12,1.03102789987114e-09,7.46638228622798,6.941602914807634,2.087057778,2.74685626181746e-07,1.42187319667994e-06,5.622000605,5.140036143246596,8.543008905798397,1.3077131704283687e-17,4.5800284748655e-16,True,UP,UP,UP,1.8015667715610375,5.140036143246596,8.5837866223053,9.180018013828013e-18,3.4751337078771305e-16,True,True,345,296,11788
GRB10,1.38777843225678,6.73040870962738e-07,1.50210485292138e-05,5.15960003444831,4.968985543294373,3.436570688,1.59606861581884e-12,5.6295421908559897e-11,8.379194718,7.06587515745522,8.509931612135523,1.7403597183724523e-17,6.077678172570619e-16,True,UP,UP,UP,2.0968896141608466,4.968985543294373,8.450191974881392,2.9082421844681164e-17,9.954756463152478e-16,True,True,346,297,11787
MUC1,1.16931234848577,1.05326594927323e-10,1.36935490752979e-08,6.87983589805931,6.459101297046524,2.397892671,2.90695205981084e-08,1.9930998892841e-07,6.156789196,5.5469503736618115,8.489560551633941,2.0741992252876482e-17,7.115791696565894e-16,True,UP,UP,UP,0.9121509233847123,5.5469503736618115,8.507436211110612,1.7782150657008284e-17,6.282506619550618e-16,True,True,352,302,11782
NTNG2,1.38043583964886,3.00914182898248e-07,7.75315819956546e-06,5.33166795102824,5.122873535150965,2.304773512,5.8683272133704896e-12,1.59324691050023e-10,8.089300344,6.882810010033638,8.489300247579783,2.0788500114936362e-17,7.115791696565894e-16,True,UP,UP,UP,1.7599364748826734,5.122873535150965,8.438264200152672,3.220849447599802e-17,1.0931888729030451e-15,True,True,353,303,11781
ELL2,1.29370095137543,8.58829235314509e-08,2.79017642828832e-06,5.592669515643,5.354311236377446,1.677680199,3.06534710175222e-11,6.03575772530454e-10,7.720182046,6.643397003323981,8.483660854990596,2.1821719391830006e-17,7.448356932527739e-16,True,UP,UP,UP,1.2890857669465356,5.354311236377446,8.444771578375914,3.0464054606517354e-17,1.036893441719857e-15,True,True,354,304,11780
CYP1B1,1.85195199509262,3.5405545841391703e-09,2.14442868442492e-07,6.2244761048113,5.904342719930046,2.256005269,1.1767823084046202e-09,1.27151422465392e-08,6.897417477,6.083375598784244,8.476596914117073,2.3187659094002904e-17,7.87012597845048e-16,True,UP,UP,UP,0.17903287885419772,5.904342719930046,8.466340080369326,2.5322410408988213e-17,8.767068337300992e-16,True,True,356,306,11778
PIWIL4,1.46504427538599,1.11718932728928e-10,1.41539174545655e-08,6.86913872047317,6.450177898875225,1.425593309,3.57771454126883e-08,2.39233856285767e-07,6.108012249,5.510521819896492,8.457491878879512,2.7318956119714222e-17,9.169304077625193e-16,True,UP,UP,UP,0.9396560789787332,5.510521819896492,8.47609821938034,2.328721764255624e-17,8.108917889769656e-16,True,True,360,308,11776
SSH1,1.33067143258984,2.21629118934933e-11,4.0051767791970605e-09,7.1597314390454,6.691014223201952,1.031700829,1.66142249065019e-07,9.12410222931939e-07,5.743201963,5.233708666951651,8.432052419398058,3.3965476507216765e-17,1.1122082727281848e-15,True,UP,UP,UP,1.4573055562503008,5.233708666951651,8.464025622416242,2.5830303641330108e-17,8.91735882566262e-16,True,True,369,316,11768
STXBP2,1.05891854001802,4.31669456112353e-08,1.57993449457268e-06,5.73259013124977,5.4773800396680965,1.645174759,1.17850353890423e-10,1.81239620125709e-09,7.418103266,6.442075849798618,8.428328087495844,3.506388154650826e-17,1.1450726506120523e-15,True,UP,UP,UP,0.9646958101305216,5.4773800396680965,8.397841489707723,4.5476049548029266e-17,1.4891249503762538e-15,True,True,370,317,11767
HSPA6,1.37373770444062,3.61948433993892e-07,8.97901248600863e-06,5.2925209773539,5.08795331701638,2.960322226,8.83472985307678e-12,2.21753906126547e-10,7.998086305,6.824312630706705,8.423244030932588,3.6620062237817307e-17,1.1926690350931172e-15,True,UP,UP,UP,1.7363593136903246,5.08795331701638,8.372859976031506,5.623641334749532e-17,1.802399423018e-15,True,True,371,318,11766
MAP3K20,1.38683800930346,1.35275390667057e-10,1.62975532005964e-08,6.83434119298063,6.421119937096554,1.276672065,5.07805510534292e-08,3.25055785532343e-07,6.025459357,5.448555482529255,8.393127979700688,4.733758238369179e-17,1.509182079003029e-15,True,UP,UP,UP,0.9725644545672996,5.448555482529255,8.412625834433303,4.0093233643765863e-17,1.3382501163470245e-15,True,True,379,325,11759
PLIN4,1.87182757385385,3.5434205675852803e-09,2.14442868442492e-07,6.22432077723942,5.904209309548635,3.922483681,2.5756842646779e-09,2.47805752238769e-08,6.718420118,5.956581669124837,8.386845731256239,4.9935960325671645e-17,1.579518870720132e-15,True,UP,UP,UP,0.05237235957620179,5.904209309548635,8.37991512623022,5.2965883016211967e-17,1.7157822104152525e-15,True,True,382,328,11756
KCNJ15,1.21134806038171,5.42724865276677e-08,1.91114061828078e-06,5.68626545077546,5.436712883382792,4.002901845,1.6090982616542002e-10,2.35116151618219e-09,7.348007904,6.394655401949129,8.366040745273656,5.958659921607573e-17,1.8273727876341192e-15,True,UP,UP,UP,0.9579425185663375,5.436712883382792,8.335769752796535,7.699562257130359e-17,2.3916146723112116e-15,True,True,394,336,11748
H2BC5,1.29395533826977,8.83697010422868e-09,4.59922262143758e-07,6.04739429554704,5.751663229011567,2.34900613,1.20862305979736e-09,1.30106604436042e-08,6.891333615,6.079095576787689,8.365609778163114,5.980481866412502e-17,1.8294218327053737e-15,True,UP,UP,UP,0.3274323477761225,5.751663229011567,8.35159963384715,6.734460272213421e-17,2.1246079234766256e-15,True,True,395,337,11747
DDX60L,1.16337656458927,5.89919315341281e-10,5.36764697312103e-08,6.56318864673581,6.193100916572654,1.672200186,1.8456056781766e-08,1.35080219267772e-07,6.263114465,5.6258837918863795,8.357284234091493,6.417854097505661e-17,1.9533232005078313e-15,True,UP,UP,UP,0.567217124686274,5.6258837918863795,8.366352219005599,5.942937411562697e-17,1.88969770378716e-15,True,True,397,339,11745
PLSCR1,1.42067994416116,4.21850294263148e-07,1.01458504691404e-05,5.25991153616364,5.058823864381736,2.144901962,1.75674787305539e-11,3.79431348385905e-10,7.844653531,6.724931732101357,8.332373490118124,7.92375112302678e-17,2.3935671204883145e-15,True,UP,UP,UP,1.6661078677196208,5.058823864381736,8.283861645141464,1.1924413408275138e-16,3.5401151649186362e-15,True,True,400,342,11742
TECPR2,1.66513542127024,1.75484131131429e-10,2.02062988691733e-08,6.78685750078167,6.381393161135893,1.884051275,6.93009530938649e-08,4.24408583441617e-07,5.951854759,5.392974078662516,8.325734919442187,8.380715521128506e-17,2.519009593079496e-15,True,UP,UP,UP,0.988419082473377,5.392974078662516,8.345686495621703,7.08013958225243e-17,2.2105769140143695e-15,True,True,402,344,11740
TP53I3,1.25872631961313,2.8572144816365e-08,1.13690049626341e-06,5.81549819459368,5.549968271412488,2.20369158,5.18783331952656e-10,6.357368432224661e-09,7.083538817,6.213314908100049,8.317897305250966,8.953753896162424e-17,2.6581869367894486e-15,True,UP,UP,UP,0.6633466366875611,5.549968271412488,8.29525583317689,1.0835176255272828e-16,3.256752106777651e-15,True,True,407,346,11738
B3GNT8,1.02951359013239,4.76364168614291e-07,1.12694770544088e-05,5.23393847025054,5.035596057890082,2.624048341,1.8851043907553597e-11,4.04569334909094e-10,7.828897225,6.714655974681662,8.308682892882493,9.677013959130012e-17,2.8449479237997065e-15,True,UP,UP,UP,1.67905991679158,5.035596057890082,8.259852782495281,1.4585224230173316e-16,4.2568421346179755e-15,True,True,411,350,11734
GPR141,1.5567709596302,1.37392277504165e-07,4.08612484284671e-06,5.495805371195,5.268701357234372,1.89666901,9.146378267012769e-11,1.46176278670832e-09,7.475082599,6.480426366834469,8.307887886715944,9.74205045276457e-17,2.8571163985619973e-15,True,UP,UP,UP,1.211725009600097,5.268701357234372,8.271110653216699,1.3271680126894205e-16,3.9208242291751265e-15,True,True,412,351,11733
STK3,1.108825399408,5.68752635880998e-10,5.27581078847438e-08,6.56999080596861,6.198855373873716,1.60755165,3.15166386183902e-08,2.1399027379296e-07,6.1378147,5.532795758069211,8.29553006991168,1.0810207636671077e-16,3.1398975690840536e-15,True,UP,UP,UP,0.6660596158045049,5.532795758069211,8.307188242644566,9.799642168004436e-17,2.9602269078999396e-15,True,True,416,354,11730
ETS2,1.03466071191157,6.93203380684326e-07,1.53656146299388e-05,5.15321813437955,4.963258172744383,2.038331544,1.60560912541635e-11,3.53181764344565e-10,7.864749557,6.73801869692631,8.274052223085445,1.294814065443194e-16,3.725056750654789e-15,True,UP,UP,UP,1.7747605241819269,4.963258172744383,8.22277707946193,1.9884422440696282e-16,5.574558616030932e-15,True,True,420,356,11728
TRPM2,1.1604828460735,2.69655513907596e-07,7.10247514009856e-06,5.35482810688629,5.143507757610964,1.670705606,7.552947748340759e-11,1.2484216241572901e-09,7.518072743,6.509244946656633,8.239740456677497,1.7258462659353723e-16,4.816027813232587e-15,True,UP,UP,UP,1.365737189045669,5.143507757610964,8.199036661273983,2.4232102426060494e-16,6.7309538761859525e-15,True,True,433,366,11718
SLC1A3,2.13438253844024,6.2180559070937e-11,9.14194739380223e-09,6.97513056563995,6.5383997108976875,3.139650895,3.37689549692388e-07,1.7019586872046e-06,5.571940489,5.101097491086532,8.230367401124887,1.8664010374012853e-16,5.137066910004494e-15,True,UP,UP,UP,1.4373022198111558,5.101097491086532,8.261958912805907,1.4330103411390478e-16,4.192509431472909e-15,True,True,439,370,11714
CLEC5A,1.77511536684194,4.2017939732495306e-09,2.47382996755368e-07,6.19155519493079,5.876046872684107,2.337681263,8.581087175263391e-09,6.94188388518216e-08,6.441186194,5.756627704242054,8.22554307668084,1.943084174042297e-16,5.323874393413395e-15,True,UP,UP,UP,0.11941916844205291,5.756627704242054,8.223150212626228,1.9822630673517134e-16,5.570159219258315e-15,True,True,441,371,11713
PPP1R3B,1.48882035568941,3.1383003668675e-08,1.21529747688978e-06,5.79671013500418,5.533540745530478,2.835340159,1.24217084585163e-09,1.32871660995342e-08,6.885093413,6.074703416258905,8.208268164470422,2.244015890209377e-16,6.038851670690402e-15,True,UP,UP,UP,0.5411626707284274,5.533540745530478,8.188850698135909,2.637324577015328e-16,7.258950538513944e-15,True,True,449,376,11708
KLHL2,1.14800801723186,4.57887552104226e-06,7.12655967010065e-05,4.73313132761324,4.583211924907114,2.129884145,2.56456602025032e-12,8.255867215348669e-11,8.273660576,6.999729807739868,8.19037664524334,2.604099471811122e-16,6.961357061480926e-15,True,UP,UP,UP,2.4165178828327543,4.583211924907114,8.12260655163088,4.562766162014347e-16,1.183088058704278e-14,True,True,452,378,11706
SLPI,2.23404455901178,3.3073579317276e-08,1.27130539818829e-06,5.78618806285789,5.524335047793996,4.119617645,1.53227785398029e-09,1.58309358922946e-08,6.837213649,6.040930699220016,8.177877835938109,2.8888642811413255e-16,7.589264232636025e-15,True,UP,UP,UP,0.5165956514260195,5.524335047793996,8.159114160833521,3.3749055246769e-16,9.082178943133849e-15,True,True,459,384,11700
MMP25,1.12388658541565,2.39425044715442e-07,6.45206370672182e-06,5.37986221759061,5.165790346729233,3.220446254,1.9968502389529e-10,2.8208413764321503e-09,7.2993542,6.361582946786115,8.151083825113409,3.6067699159060374e-16,9.292238996565598e-15,True,UP,UP,UP,1.1957926000568815,5.165790346729233,8.114821806049642,4.864981622228094e-16,1.2533810861701933e-14,True,True,469,392,11692
PLXNC1,1.22124714504435,2.32287862664871e-09,1.56601737049947e-07,6.30507877715592,5.9734500981265555,1.802205742,3.00141878682822e-08,2.05231875979984e-07,6.149283751,5.541353931739183,8.142196013552248,3.8817215313694396e-16,9.895114190619606e-15,True,UP,UP,UP,0.4320961663873728,5.541353931739183,8.147922395116774,3.7022981034455644e-16,9.875246795570144e-15,True,True,474,395,11689
TNFSF13B,1.03800337935592,2.05525050267148e-08,8.78223051412477e-07,5.881166852954,5.607285023126447,1.707077747,3.80420447240624e-09,3.47054851111896e-08,6.628896116,5.892489425616435,8.131568494821883,4.2377096381602544e-16,1.0667551157893823e-14,True,UP,UP,UP,0.28520440248998824,5.607285023126447,8.118803102031418,4.708036191617838e-16,1.218141355531442e-14,True,True,480,398,11686
TGFA,1.51352088780359,2.29720071268484e-08,9.56480866339163e-07,5.85903382542719,5.587984553599903,2.759876501,3.91383060630598e-09,3.54675596633117e-08,6.622363213,5.88779461916152,8.114601272458952,4.873824331664779e-16,1.2122859537158188e-14,True,UP,UP,UP,0.2998100655616165,5.587984553599903,8.101470495124879,5.42988151042948e-16,1.3870879131188034e-14,True,True,485,402,11682
ADGRE2,1.30398170162198,2.5023050059499402e-09,1.64854387771735e-07,6.29089353528822,5.9613055908992,1.677040762,5.12006802549778e-08,3.27055431890143e-07,6.023512775,5.447089581041045,8.066953588534815,7.207393124428164e-16,1.7176909491610553e-14,True,UP,UP,UP,0.5142160098581554,5.447089581041045,8.074847862708795,6.75608282695457e-16,1.6971673346796688e-14,True,True,507,414,11670
TLR8,1.02369149717648,2.05909090609898e-07,5.68829327488469e-06,5.41150350538946,5.19392231416991,1.925675456,6.33597393596538e-10,7.501452854367411e-09,7.038197065,6.181837474209384,8.043876887512244,8.703996653534486e-16,2.046116567405782e-14,True,UP,UP,UP,0.9879151600394733,5.19392231416991,8.013047257128045,1.119006166632352e-15,2.6459787693578687e-14,True,True,514,419,11665
CEACAM4,1.11519123101491,4.97787876393428e-06,7.64243888341367e-05,4.71394976600516,4.56571787481685,2.206523738,1.2731324164831899e-11,2.9408198791224903e-10,7.916558687,6.7716597894982975,8.016736627310143,1.0859161956266267e-15,2.4710217310275953e-14,True,UP,UP,UP,2.205941914681447,4.56571787481685,7.954512715489684,1.7983790340883257e-15,4.0240396053498595e-14,True,True,531,430,11654
TRIM6,1.96747767807385,3.81408153742295e-08,1.43430410185487e-06,5.75754030432056,5.499250876579919,2.97444517,5.86429277358864e-09,5.0267845199134e-08,6.529202844,5.8205823863024415,8.004330862085158,1.2011802876358356e-15,2.712871292617533e-14,True,UP,UP,UP,0.32133150972252267,5.499250876579919,7.990718422049554,1.3415465233462e-15,3.0934936338916287e-14,True,True,535,433,11651
PNPLA1,1.47280843637189,8.04071658759991e-05,0.0007476876693137,4.03953519343763,3.9431832568235903,2.803788185,1.96716247331077e-13,1.0569955911782198e-11,8.844769401,7.351008949677976,7.986199897241513,1.3916196353501357e-15,3.090981627561708e-14,True,UP,UP,UP,3.4078256928543853,3.9431832568235903,7.893000283516109,2.9500694484639185e-15,6.339310507197644e-14,True,True,544,440,11644
PARP9,1.0731063260393,2.94224992483888e-08,1.15658866758432e-06,5.80963014710514,5.5448388682981395,1.688158655,9.47446841842423e-09,7.58293977877119e-08,6.418234841,5.739878172112517,7.979499943045762,1.4692731357166477e-15,3.245562577488895e-14,True,UP,UP,UP,0.19503930381437762,5.5448388682981395,7.969161040273663,1.5975516953229447e-15,3.608077969081709e-14,True,True,547,443,11641
MGST1,1.04955119931331,1.07739991634766e-06,2.2269402718916e-05,5.05723218337484,4.876947690622339,1.559295934,1.95120158004803e-10,2.76536123305061e-09,7.304568157,6.365133336330844,7.949351728807222,1.8749003127878586e-15,4.0599319855583683e-14,True,UP,UP,UP,1.488185645708505,4.876947690622339,7.905683246950124,2.664679638877962e-15,5.79088562528101e-14,True,True,558,450,11634
ST3GAL4,1.35110910561199,2.6794203125269e-09,1.73449141275839e-07,6.27783895412062,5.9501224040334995,1.881651282,1.41786644599973e-07,7.95456414697664e-07,5.781222992,5.262918236413444,7.928817074580382,2.2124315133277053e-15,4.7314707921307364e-14,True,UP,UP,UP,0.6872041676200551,5.262918236413444,7.941264537320338,2.0013033094231977e-15,4.4370179610569724e-14,True,True,565,455,11629
ZDHHC19,3.15203338968636,5.516693555723179e-11,8.250627379343921e-09,6.99667503372886,6.556279108328432,5.125794817,3.23517435057821e-06,1.26348105149387e-05,5.011567886,4.655294824092515,7.927779955389179,2.230981628621607e-15,4.754312348965587e-14,True,UP,UP,UP,1.9009842842359177,4.655294824092515,7.971530927771979,1.567206608915161e-15,3.5461718081501664e-14,True,True,567,456,11628
FCGR2A,1.02979308544202,2.56289913993679e-07,6.83957006775044e-06,5.36554043030134,5.153045379495603,2.20477974,1.7620870845067e-09,1.78416815581031e-08,6.805295884,6.018345568928325,7.899366294916574,2.8032495749011435e-15,5.839942174746641e-14,True,UP,UP,UP,0.8653001894327224,5.153045379495603,7.871794993049688,3.495886890471693e-15,7.384755471603053e-14,True,True,580,464,11620
CARD16,1.03403922387917,1.1114256632253e-09,8.84484098902505e-08,6.44463639264472,6.092526315867171,1.758545889,3.86794620085228e-07,1.91191364610005e-06,5.538934359,5.075344474203303,7.896877167073997,2.8597794823922627e-15,5.947455333174821e-14,True,UP,UP,UP,1.0171818416638683,5.075344474203303,7.917855849479521,2.4164127492815884e-15,5.2894049365162014e-14,True,True,581,465,11619
KCNJ2,1.04742118430481,4.19420561817366e-08,1.54597468557696e-06,5.73839808497682,5.482473196631707,3.408022639,1.83404583374487e-08,1.34428202219659e-07,6.26458123,5.626968142282005,7.855561305940043,3.979857647770436e-15,7.948532224464492e-14,True,UP,UP,UP,0.14449494565029752,5.482473196631707,7.846608377451867,4.274393767988394e-15,8.843749982637632e-14,True,True,605,480,11604
PEAK3,1.44000621555507,4.70841424726176e-06,7.2802613017114e-05,4.72673258814376,4.577377462792329,2.694972193,9.787347311436301e-11,1.54713320984598e-09,7.459862731,6.470199711111091,7.811816735348822,5.636948471261315e-15,1.0863038018859724e-13,True,UP,UP,UP,1.8928222483187618,4.577377462792329,7.757804370341277,8.641230691340618e-15,1.6721555509441263e-13,True,True,627,495,11589
GTPBP1,1.44693761466046,1.59203638220757e-05,0.0001977544762491,4.44107189160812,4.315553290157596,1.354280117,2.7520922023121596e-11,5.53722043205287e-10,7.744300941,6.659260259691134,7.760365083356042,8.46852497929174e-15,1.5550940322915213e-13,True,UP,UP,UP,2.343706969533538,4.315553290157596,7.694758844847848,1.4176128700154158e-14,2.5680684120534135e-13,True,True,658,512,11572
GK,1.22140989479071,4.39260449814989e-08,1.59872373224272e-06,5.72907112536379,5.474293529835305,2.109946853,3.82628699063187e-08,2.53432156946457e-07,6.092205671,5.498687426240277,7.759069243871888,8.555493192894803e-15,1.568680185883883e-13,True,UP,UP,UP,0.02439389640497236,5.474293529835305,7.753277863301402,8.955037362609673e-15,1.7093794068311638e-13,True,True,659,513,11571
TLR2,1.16690048677946,1.37051184346628e-06,2.68965533201531e-05,5.00433254771602,4.829245747279052,1.834523037,8.10234809255725e-10,9.252461805470361e-09,6.982349223,6.1429094426649,7.758485339040539,8.594967739899781e-15,1.5735302303213494e-13,True,UP,UP,UP,1.3136636953858476,4.829245747279052,7.719444683845212,1.1683761179345181e-14,2.1520561940553023e-13,True,True,660,514,11570
LTF,2.20083633472509,8.45565339283503e-06,0.0001195227964376,4.59101172000836,4.453310000427979,3.711477129,7.64464317151817e-11,1.2604960013135e-09,7.515363601,6.507431813514416,7.7504148634736065,9.159281119830473e-15,1.6667408700438494e-13,True,UP,UP,UP,2.0541218130864376,4.453310000427979,7.692283510351036,1.445319072025845e-14,2.6026513185228445e-13,True,True,664,517,11567
COL17A1,2.23354187388504,1.55981032872467e-08,7.0839344126356e-07,5.935802501271,5.654851544458604,3.741132438,1.15187982952256e-07,6.61792487890848e-07,5.830920226,5.300971640164446,7.746936867327754,9.41357288119917e-15,1.7104391146395422e-13,True,UP,UP,UP,0.35387990429415783,5.300971640164446,7.750909062494989,9.123700957467439e-15,1.7350842949958123e-13,True,True,665,518,11566
FFAR2,1.03220834377994,8.98417418157754e-07,1.90386941960254e-05,5.09692288132438,4.9126758512714295,3.452179826,1.5594097872117702e-09,1.6029594472601e-08,6.833206532,6.038098388175343,7.74336672395577,9.68182679070374e-15,1.7565392359170164e-13,True,UP,UP,UP,1.1254225369039137,4.9126758512714295,7.7091907786385425,1.2661801560957141e-14,2.314562000923527e-13,True,True,666,519,11565
IL1R2,1.11232923615628,0.0027982889579824,0.0134826649793699,3.03256114436914,2.98906903800793,5.76444838,1.8170169666071103e-15,2.70962655145286e-13,9.889868478,7.953236028569344,7.737378114388705,1.0148789657961498e-14,1.8221073616218241e-13,True,UP,UP,UP,4.964166990561414,2.98906903800793,7.604206735341387,2.8665670608190367e-14,4.770899420919617e-13,True,True,673,523,11561
TIFA,1.05169511672413,1.42997244291541e-07,4.2382884831421e-06,5.48751143736143,5.261355503513273,1.891880913,1.39420973689257e-08,1.06135329760564e-07,6.328494942,5.674098406459155,7.732533615094448,1.0542696858651836e-14,1.8844290849569544e-13,True,UP,UP,UP,0.41274290294588223,5.261355503513273,7.716744550600046,1.1933848889245757e-14,2.1947746747147106e-13,True,True,676,524,11560
IL1R1,1.75515524139131,3.42981811478011e-05,0.0003742312654126,4.25420161319098,4.142873057799971,3.295075131,1.15486434890224e-11,2.72030242277426e-10,7.938320388,6.785748182757657,7.727702188217638,1.0950515530553989e-14,1.945809987583586e-13,True,UP,UP,UP,2.642875124957686,4.142873057799971,7.654402274686898,1.9421343816121555e-14,3.396065084373325e-13,True,True,680,528,11556
ALPK1,1.10120548277775,1.3471097733421e-08,6.33921114496952e-07,5.96471573806883,5.679979384870939,1.812583285,1.6535932092051e-07,9.09095252802619e-07,5.744336193,5.234581249797832,7.717759838446035,1.1839200486254839e-14,2.0944811050573532e-13,True,UP,UP,UP,0.4453981350731073,5.234581249797832,7.724111657935443,1.1263607687526886e-14,2.087395271294285e-13,True,True,683,529,11555
COL7A1,1.75483648019186,5.38005261279255e-08,1.900487665911e-06,5.68803709751519,5.438269591160314,1.687119322,5.01093888970825e-08,3.21400542764621e-07,6.028602285,5.450921848308247,7.699821108486722,1.3625685106249383e-14,2.3895377814050986e-13,True,UP,UP,UP,0.012652257147933277,5.438269591160314,7.694371958324579,1.4219085424362545e-14,2.5719941494397097e-13,True,True,689,532,11552
GALNT14,1.70724178382891,1.21660188872544e-07,3.70288081290082e-06,5.52098052056758,5.2909837318341335,4.4044201,2.80896817381177e-08,1.93310768690453e-07,6.164833196,5.552944788055147,7.66781539111591,1.749504394899558e-14,2.981560169756186e-13,True,UP,UP,UP,0.26196105622101307,5.2909837318341335,7.6559579781000515,1.9187646381031694e-14,3.3649394952395637e-13,True,True,709,544,11540
DOCK8-AS1,1.04471034071478,5.95974208044599e-09,3.32164462832795e-07,6.12403210430846,5.81788347952551,1.567133788,6.51786312446921e-07,3.02560727917967e-06,5.411353828,4.975204981626513,7.631866040826875,2.313798005513605e-14,3.8350646502909314e-13,True,UP,UP,UP,0.842678497898997,4.975204981626513,7.648520681410967,2.0330452180921438e-14,3.53966647985697e-13,True,True,729,558,11526
ANKRD22,2.10384546189638,2.96616370515472e-07,7.66519146963666e-06,5.3347093766559,5.125584325602036,4.145296006,1.46988941190838e-08,1.11151480846062e-07,6.316188136,5.665041518421223,7.630124707555659,2.345267323762791e-14,3.8765889292784957e-13,True,UP,UP,UP,0.5394571928191869,5.125584325602036,7.611135875807237,2.716974077979191e-14,4.572311669111777e-13,True,True,731,560,11524
ROPN1L,1.13562346907155,1.97173282649341e-07,5.5214521485764e-06,5.42057703873578,5.201982984041735,3.037266013,2.36386851587177e-08,1.66869534877812e-07,6.205258071,5.5830131591479,7.626143907920152,2.4187980904899646e-14,3.981789826619924e-13,True,UP,UP,UP,0.3810301751061651,5.201982984041735,7.611243483125091,2.7147125760012284e-14,4.572311669111777e-13,True,True,734,562,11522
SIGLEC9,1.07694592806938,2.55752297688957e-07,6.83310271330567e-06,5.36598262455545,5.153438996462481,1.585772777,1.81269682455258e-08,1.33055752076551e-07,6.267314291,5.628988309276192,7.624327465538809,2.453099210904904e-14,4.0272823050766243e-13,True,UP,UP,UP,0.47554931281371093,5.153438996462481,7.606990645054268,2.8055161024301014e-14,4.688665430935396e-13,True,True,736,564,11520
GADD45A,1.23314930097228,5.31294036749456e-07,1.23225175742701e-05,5.21054205488013,5.014652484805781,2.800997754,8.62954383628646e-09,6.97302229112249e-08,6.439881861,5.755676628905857,7.615772751916398,2.6211850092284664e-14,4.274194125034758e-13,True,UP,UP,UP,0.7410241441000762,5.014652484805781,7.591595151743013,3.1599099560200576e-14,5.173603251841512e-13,True,True,741,566,11518
CST7,1.2779614241236,4.39823337002574e-07,1.05101218538274e-05,5.25100445385082,5.050860873823365,1.896904418,1.08808333277013e-08,8.55989839872424e-08,6.386124325,5.716393932960691,7.613598888640455,2.6656720084816268e-14,4.3350356498631893e-13,True,UP,UP,UP,0.6655330591373261,5.050860873823365,7.591369614440459,3.165415898559668e-14,5.175604912354055e-13,True,True,743,567,11517
PROK2,1.15153362780577,1.10790076901871e-06,2.27173198124708e-05,5.05111447258598,4.871435954880389,2.872599453,6.140231901305811e-09,5.22576765381381e-08,6.518588219,5.812892980182014,7.554961442410269,4.189839559027923e-14,6.473891482318976e-13,True,UP,UP,UP,0.9414570253016254,4.871435954880389,7.52565523134117,5.245659015772002e-14,8.220920607986134e-13,True,True,782,595,11489
KDM6B,1.06983028848327,5.982155210864351e-09,3.32635950966502e-07,6.12330452456766,5.817255827722145,1.439440001,1.15914870322372e-06,5.0350599379054e-06,5.269177243,4.86249574695904,7.551724759844775,4.295314913695886e-14,6.619934962013697e-13,True,UP,UP,UP,0.9547600807631049,4.86249574695904,7.571323251550174,3.694414753579832e-14,5.928235520253003e-13,True,True,784,597,11487
TBKBP1,1.26323722713268,1.30878471465558e-06,2.59592260895443e-05,5.01449300070526,4.838415264563923,1.348265985,6.2677899764112205e-09,5.32093128972775e-08,6.513840197,5.809451360864245,7.529178696010177,5.1060465537142096e-14,7.799792731798836e-13,True,UP,UP,UP,0.9710360963003222,4.838415264563923,7.499126808388722,6.424435416204923e-14,9.87613907557304e-13,True,True,791,601,11483
NAMPT,1.0660855212161,7.14520062415399e-07,1.5811186721289e-05,5.14666418560245,4.957374937268733,2.597576629,1.40577794630182e-08,1.06861253856623e-07,6.326571565,5.672683517183219,7.516586417552365,5.6224921983956964e-14,8.502700029188385e-13,True,UP,UP,UP,0.7153085799144865,4.957374937268733,7.493138000485129,6.724613014155499e-14,1.0298288852983637e-12,True,True,799,606,11478
IL18R1,1.68299962275414,5.0780589004855e-07,1.19158094470094e-05,5.22024420203678,5.023339780705394,2.548440335,2.16727823360768e-08,1.55097282483407e-07,6.22557386,5.598088733612996,7.510484128362689,5.890909755402087e-14,8.875294585352046e-13,True,UP,UP,UP,0.5747489529076022,5.023339780705394,7.49066473809903,6.852565503730574e-14,1.0467705307405376e-12,True,True,802,609,11475
BAMBI,1.29908024179877,2.66627124268897e-05,0.0003031209110899,4.3161568683096,4.200244306727804,2.845925175,1.6034276608833701e-10,2.3462565938222e-09,7.348803061,6.395194837831183,7.492106868767052,6.777669858444632e-14,1.0060759815674017e-12,True,UP,UP,UP,2.1949505311033795,4.200244306727804,7.430515466883167,1.0817528536639748e-13,1.5805102455649102e-12,True,True,814,619,11465
CXCL16,1.0322434342587,1.88593759047456e-06,3.48069176715741e-05,4.93355901310711,4.76527766080062,1.861624793,8.86506612066336e-09,7.14028617923644e-08,6.433643752,5.751126668073903,7.436220814646737,1.0360659620269712e-13,1.4641853823592858e-12,True,UP,UP,UP,0.9858490072732833,4.76527766080062,7.405848755853644,1.3031428586038505e-13,1.8524559012365086e-12,True,True,855,645,11439
MCTP2,1.4457121674823,1.30586719424865e-07,3.92408568082362e-06,5.506331475308,5.278020696070692,1.856804718,2.02236768544068e-07,1.08363643404023e-06,5.69592305,5.197269774552864,7.4071489266767365,1.290435239220264e-13,1.7758916851364978e-12,True,UP,UP,UP,0.08075092151782837,5.197269774552864,7.404303321675318,1.3184076587863704e-13,1.8719529660535506e-12,True,True,878,660,11424
GADD45G,1.36021463551911,1.06065170585931e-07,3.30951311050081e-06,5.54929047057933,5.316013694430005,2.909390655,2.89304603121592e-07,1.48729699769557e-06,5.609446163,5.130284493290317,7.386648286833781,1.505762038939748e-13,2.037415757727769e-12,True,UP,UP,UP,0.18572920113968827,5.130284493290317,7.386523661912137,1.5071733823628156e-13,2.112665426808573e-12,True,True,893,669,11415
BPI,2.23000377546258,7.65664814676933e-07,1.66875171460116e-05,5.13168336925483,4.9439216605689635,3.182631757,4.39043252882091e-08,2.85850279669396e-07,6.05980119,5.474381121403219,7.366852545587204,1.7470353456718287e-13,2.3402913616133822e-12,True,UP,UP,UP,0.5304594608342557,4.9439216605689635,7.348270921680836,2.007872148228443e-13,2.7290347769453633e-12,True,True,902,675,11409
PDE1B,1.2229280289699,4.3116414065491e-05,0.0004495266198823,4.1973376596811,4.090112426115271,1.091003798,3.22953333493414e-10,4.26698147008465e-09,7.19081997,6.28733915335886,7.337966383281205,2.1686361773401174e-13,2.8297657592657278e-12,True,UP,UP,UP,2.1972267272435895,4.090112426115271,7.276418832303134,3.4279820474264997e-13,4.434722385337729e-12,True,True,926,688,11396
H2AC20,1.4479116139108,8.815124422405501e-16,2.8898125261167197e-12,8.87100930869623,8.04232288795304,1.810056201,0.023607886,0.038938804,2.308174872,2.263451258658418,7.287282784445966,3.162686293521376e-13,3.9683009849033e-12,True,UP,UP,UP,5.778871629294621,2.263451258658418,7.43146878806915,1.0739834648292126e-13,1.5767852011581258e-12,True,True,963,711,11373
TMC4,1.04909309683341,1.49719029213148e-06,2.89460497564172e-05,4.98480222484547,4.811610352855782,1.586362237,4.94715767546128e-08,3.17610968078601e-07,6.0316278,5.45319927298964,7.258316494024246,3.919376396018329e-13,4.829659909865858e-12,True,UP,UP,UP,0.6415889201338585,4.811610352855782,7.23694110484992,4.589173098986395e-13,5.7641349849327045e-12,True,True,980,722,11362
ST14,1.1735811540565,1.14998224553997e-07,3.54153703854281e-06,5.53261375077892,5.301272601028346,1.131273706,7.36598977042534e-07,3.37374974105683e-06,5.381273626,4.951456998015609,7.249774625156014,4.1746569411299555e-13,5.126258111755412e-12,True,UP,UP,UP,0.34981560301273706,4.951456998015609,7.253972776490818,4.0472149965010545e-13,5.162316151517878e-12,True,True,984,725,11359
NSUN7,1.5257064918579,9.9614257676492e-07,2.07879857860092e-05,5.07438977830603,4.892398962304614,3.40601758,1.3234218538073e-07,7.48057932471175e-07,5.797728717,5.275572626175161,7.1898416611261995,6.486650344046103e-13,7.536365010298949e-12,True,UP,UP,UP,0.3831736638705472,4.892398962304614,7.175176237905674,7.221409900741933e-13,8.622912361234628e-12,True,True,1040,757,11327
DHRS9,1.26196215551716,1.72969440689996e-05,0.000212119875357,4.42115360976066,4.297199589996407,3.114104606,7.470653923429831e-09,6.18417682535022e-08,6.473263268,5.7799866815436465,7.125646747885953,1.0359309283315688e-12,1.1504736587344067e-11,True,UP,UP,UP,1.4827870915472392,4.297199589996407,7.082665520611643,1.414077024354245e-12,1.5675497876396647e-11,True,True,1088,781,11303
NME8,1.11875221645893,7.29194571312581e-07,1.60133589276517e-05,5.14226193515693,4.953422370157146,1.141493179,3.13163123437445e-07,1.59279936013812e-06,5.590239404,5.115347953009073,7.119695773720699,1.0816554682961536e-12,1.191398634769592e-11,True,UP,UP,UP,0.1619255828519277,4.953422370157146,7.11078290423362,1.1538652008264967e-12,1.3030049739800523e-11,True,True,1097,787,11297
ARHGAP26,1.21619368965517,6.95540685560811e-10,6.1808767828567e-08,6.53247891244082,6.167099331166809,1.087910171,0.000103287,0.000287645,4.089690424,3.8827376224294547,7.106307859707073,1.191883920855568e-12,1.2962676341762222e-11,True,UP,UP,UP,2.2843617087373542,3.8827376224294547,7.160492498781302,8.03877292188693e-13,9.476340801479002e-12,True,True,1111,796,11288
CAMP,1.56382448535503,5.30510239391954e-07,1.23174264031988e-05,5.210859027845,5.014936353776743,2.796434509,5.28611293648117e-07,2.50836819056562e-06,5.462706268,5.0156257778277435,7.092678502370523,1.3154080465838408e-12,1.4191138773993346e-11,True,UP,UP,UP,0.0006894240510009197,5.014936353776743,7.087941812920744,1.3612117625479363e-12,1.520103671614299e-11,True,True,1120,799,11285
TMEM88,1.29726597573092,3.35597908588985e-07,8.44609707467229e-06,5.30856680842269,5.102273145419119,1.837395442,1.02723292662045e-06,4.51817631420287e-06,5.29914319,4.886348521516416,7.0630221153969925,1.6291978100924984e-12,1.7162682771881132e-11,True,UP,UP,UP,0.21592462390270306,4.886348521516416,7.063891531618598,1.6190314234401985e-12,1.775204781254802e-11,True,True,1147,818,11266
NIBAN1,1.04521545867639,8.74483036230032e-07,1.86072543350892e-05,5.10280433129592,4.917965535500109,1.791791166,4.03719797680699e-07,1.9839692795644e-06,5.528507025,5.0671954017917775,7.060575009998116,1.658150072301282e-12,1.7422110716188164e-11,True,UP,UP,UP,0.14922986629166868,4.917965535500109,7.05202889138225,1.7632757795680166e-12,1.915976730622333e-11,True,True,1150,821,11263
SLC2A14,1.67937111960642,6.655301874328891e-09,3.62163398589067e-07,6.10261425060693,5.799398973171213,3.325834019,2.90906900135939e-05,9.14143607322122e-05,4.438241293,4.180470227244185,7.056833186968495,1.7033990196027162e-12,1.7850971685914675e-11,True,UP,UP,UP,1.618928745927028,4.180470227244185,7.093889538744622,1.30394222952541e-12,1.4642689553304397e-11,True,True,1153,824,11260
OSM,1.31855845023006,4.30905399319391e-07,1.03445121831075e-05,5.25537881495877,5.054771926898072,2.784860764,9.51550203205689e-07,4.22191854544182e-06,5.318088691,4.901402194719903,7.040078236070088,1.9213192197968482e-12,1.999595188010794e-11,True,UP,UP,UP,0.1533697321781684,4.901402194719903,7.039349656038641,1.931391496960643e-12,2.073706997647293e-11,True,True,1161,828,11256
OASL,1.19301730375902,6.65157444543482e-05,0.0006432327082629,4.08803052965115,3.9884167233023757,2.35138169,3.1136483241808503e-09,2.91773084642792e-08,6.674914228,5.925491425095339,7.010191679792593,2.379918469830564e-12,2.428763080317796e-11,True,UP,UP,UP,1.9370747017929637,3.9884167233023757,6.955571402937374,3.511358775288916e-12,3.549686515665259e-11,True,True,1184,842,11242
CASP5,2.40426543019433,1.4781945207531e-08,6.83251438961952e-07,5.94641170876825,5.664075341822851,2.455455596,2.48333213417237e-05,7.92891357259914e-05,4.480740643,4.216309197285303,6.986486908334095,2.8185469135684085e-12,2.821582631039526e-11,True,UP,UP,UP,1.4477661445375487,4.216309197285303,7.019175859812713,2.2318073294632404e-12,2.3653304947101663e-11,True,True,1207,856,11228
RSPH9,1.03543918206303,0.0003916942645483,0.0027261459872535,3.61640938345885,3.5456175345291805,2.563669713,3.2002131523309403e-10,4.23375883512223e-09,7.192881453,6.288755360768798,6.95395176298238,3.551931031050014e-12,3.466719115361657e-11,True,UP,UP,UP,2.7431378262396175,3.5456175345291805,6.878580914013441,6.045171134542479e-12,5.769652671301483e-11,True,True,1238,876,11208
BCAT1,1.38021045201902,7.42146696703019e-10,6.46082194193047e-08,6.5203636853736,6.15683164210734,1.266040732,0.000381672,0.000933287,3.711799578,3.5524427928599,6.865493793366519,6.62616460071399e-12,6.07004904248879e-11,True,UP,UP,UP,2.60438884924744,3.5524427928599,6.928092000926455,4.265543252308695e-12,4.214273026790349e-11,True,True,1319,916,11168
KCNK5,1.3064319327156,3.71127141166799e-05,0.0003990843634125,4.23466407135871,4.1247565277780245,1.764538089,2.57249426328866e-08,1.79103179381247e-07,6.185449811,5.568291351345326,6.854019885694003,7.180309386309615e-12,6.533108306835775e-11,True,UP,UP,UP,1.4435348235673011,4.1247565277780245,6.8122316751070855,9.609618310975295e-12,8.783132984229537e-11,True,True,1328,921,11163
UPB1,1.68070031528648,5.30788611504668e-08,1.879280549277e-06,5.69077567883682,5.440675700262568,2.122198299,2.15137634131978e-05,6.96108225563279e-05,4.519102751,4.248571863662128,6.851332657046387,7.316515321734838e-12,6.637046143582736e-11,True,UP,UP,UP,1.19210383660044,4.248571863662128,6.877518118567763,6.0904278930424925e-12,5.8082588975242655e-11,True,True,1332,923,11161
CDC25A,1.36403697095227,4.76939611931895e-05,0.0004878694780386,4.17208374714791,4.06664916687952,2.52638578,2.31032061233351e-08,1.64117731484189e-07,6.210621196,5.586995234974108,6.826157419714252,8.721922156999681e-12,7.800665094228508e-11,True,UP,UP,UP,1.5203460680945877,4.06664916687952,6.782406820665558,1.181900918422688e-11,1.0570620871429562e-10,True,True,1351,932,11152
EIF2AK2,1.05606569497208,6.47068665683745e-08,2.22439470106844e-06,5.65052123940433,5.4052810046502175,1.161250302,2.47847471467374e-05,7.91589695878712e-05,4.481265214,4.216750923928203,6.8038040254912735,1.018921260226226e-11,8.973488037400502e-11,True,UP,UP,UP,1.188530080722015,4.216750923928203,6.829928943332794,8.495670247823416e-12,7.836120885835904e-11,True,True,1372,942,11142
KCNE1,1.21228143494482,0.0033901790336661,0.0157579859449253,2.97106123854484,2.9299487583984507,3.071943209,2.6911581089125598e-11,5.42561960343675e-10,7.749309396,6.662550494169418,6.782921270017629,1.177698243449361e-11,1.0178918365950378e-10,True,UP,UP,UP,3.732601735770967,2.9299487583984507,6.682146401357212,2.354676091996827e-11,1.9635860496911692e-10,True,True,1398,952,11132
OMG,1.2057473392055,0.0001314259790066,0.0011206088635941,3.91186854890716,3.823771019212958,2.233587814,8.5181048231387e-09,6.9019450226958e-08,6.442892467,5.757871714341224,6.77524455180297,1.2419599969198157e-11,1.0696081712603089e-10,True,UP,UP,UP,1.934100695128266,3.823771019212958,6.720857288494294,1.806584696770836e-11,1.553662839222919e-10,True,True,1403,955,11129
TNNI2,1.22702690972619,1.86643086958579e-08,8.16304714608925e-07,5.90029057896119,5.62394685963186,1.364017621,7.64279574180163e-05,0.000218715,4.173954381,3.9553335111343944,6.773574109056003,1.2563917046397069e-11,1.0797283760427866e-10,True,UP,UP,UP,1.6686133484974657,3.9553335111343944,6.81210026169308,9.618403086002544e-12,8.7845173460445e-11,True,True,1406,957,11127
PLAU,1.22600398247444,1.50868115635131e-06,2.9124933035408e-05,4.98311072702862,4.8100823641685775,2.566845299,2.37790551237186e-06,9.55922729363997e-06,5.089433147,4.718328289763234,6.7376037873253285,1.610199218070941e-11,1.3483047229349397e-10,True,UP,UP,UP,0.09175407440534311,4.718328289763234,6.73548741106367,1.6338131048913253e-11,1.417183327092741e-10,True,True,1443,975,11109
DSC2,1.09415734068255,8.80085579678988e-06,0.0001233304633278,4.58163330953414,4.444714752958109,2.155192909,3.9621198642955e-07,1.95085586229126e-06,5.533078382,5.0707687436833115,6.728462906743828,1.7146469434479687e-11,1.4298191178524365e-10,True,UP,UP,UP,0.626053990725203,4.444714752958109,6.707840678945048,1.97525415278434e-11,1.6843328107334634e-10,True,True,1449,978,11106
LINC02363,1.33260485188126,0.0002033429858697,0.001601572191673,3.79583297727953,3.7148267223865137,2.664954162,6.767266369931741e-09,5.67605166454034e-08,6.496126817,5.796600435625511,6.725594642192195,1.7487678036857617e-11,1.4542574929067486e-10,True,UP,UP,UP,2.0817737132389977,3.7148267223865137,6.66743199418245,2.6031801608786822e-11,2.1426584389575692e-10,True,True,1453,980,11104
CEACAM6,2.4836079365317,5.40993724704866e-07,1.25029126980415e-05,5.20665663633593,5.011172568183964,3.108291327,7.72600329687878e-06,2.76010345013209e-05,4.78832493,4.472639314406599,6.706067693677343,1.9993899939323875e-11,1.6257489432493297e-10,True,UP,UP,UP,0.5385332537773655,4.472639314406599,6.715494524427112,1.8742946593359245e-11,1.6073174143900622e-10,True,True,1486,997,11087
LONRF3,1.68112270178757,7.15240352705462e-07,1.58136785883214e-05,5.14644606160531,4.9571791100344,1.010888653,6.16704854970266e-06,2.25155556501385e-05,4.846580724,4.520579822893259,6.701787611924525,2.058851392284193e-11,1.6729725200383256e-10,True,UP,UP,UP,0.43659928714114127,4.520579822893259,6.708588461137803,1.9651602575685157e-11,1.6792808622489658e-10,True,True,1487,998,11086
FGD4,1.12313692638858,0.000307479170664,0.0022245011004147,3.68341742784597,3.608915976667001,1.638738978,4.53514584713896e-09,4.03208269512047e-08,6.58845619,5.863388807703717,6.697930946494312,2.1139110685960155e-11,1.7165582958229606e-10,True,UP,UP,UP,2.2544728310367157,3.608915976667001,6.635332874521691,3.237710268786795e-11,2.6080835451833895e-10,True,True,1488,999,11085
AURKB,1.18565308198589,0.0001777923294681,0.0014341877835552,3.83180878687941,3.7486452916417217,1.687734091,1.11675141283978e-08,8.74472409413268e-08,6.380085714,5.711970970698526,6.689665913304518,2.2368065673421356e-11,1.801822250213002e-10,True,UP,UP,UP,1.9633256790568043,3.7486452916417217,6.634581888658855,3.254236477071867e-11,2.6179054162755903e-10,True,True,1500,1005,11079
CCNB2,1.18406717380361,0.000443971843382,0.0030197279875409,3.58136514549866,3.512464181743924,2.429622221,3.6277620388759305e-09,3.33369469462812e-08,6.639813308,5.900329561438824,6.655850285714827,2.8166686149844338e-11,2.2331894274840495e-10,True,UP,UP,UP,2.3878653796948996,3.512464181743924,6.589840079665139,4.403005784719738e-11,3.4479273426292023e-10,True,True,1524,1017,11067
WDFY3,1.03411044223373,0.000112619228277,0.0009847640609367,3.95232124870011,3.8616599847520883,2.095469263,2.93874792731297e-08,2.01285872049424e-07,6.154236416,5.545047255133967,6.651546477960021,2.900292329250763e-11,2.2904726937475146e-10,True,UP,UP,UP,1.6833872703818784,3.8616599847520883,6.603707295178647,4.010009078538836e-11,3.164790313258312e-10,True,True,1530,1020,11064
ANLN,1.4267094023602,0.000228832110052,0.0017592017724918,3.76398299312062,3.684855853575207,2.162351682,1.1171928250942e-08,8.74480420136451e-08,6.37999394,5.711903735021127,6.644512426276179,3.042224433570118e-11,2.3792361055551935e-10,True,UP,UP,UP,2.02704788144592,3.684855853575207,6.587815077506531,4.463460722247768e-11,3.485878952768662e-10,True,True,1545,1028,11056
SLC49A4,1.02714619801212,2.25093240532578e-08,9.43253043217274e-07,5.86308405298321,5.5915177789382975,1.046415756,0.000143803,0.000387468,3.995962741,3.801534000954025,6.6418906095982315,3.0968477747716373e-11,2.4157012048137956e-10,True,UP,UP,UP,1.7899837779842724,3.801534000954025,6.683634460483871,2.330877911833403e-11,1.946371652293228e-10,True,True,1549,1030,11054
AATK,1.09638566659186,0.0008345306645506,0.0050567919242273,3.40076157296754,3.341080354906543,2.499005214,1.7844638086304202e-09,1.79874306674123e-08,6.802412039,6.016302130560701,6.616668609630119,3.6738379872146863e-11,2.825651457639405e-10,True,UP,UP,UP,2.6752217756541583,3.341080354906543,6.543273685374969,6.018653806938202e-11,4.562320824920595e-10,True,True,1571,1043,11041
MPO,2.18442565299115,3.409084289212e-06,5.6112966766707e-05,4.80043163004582,4.644495530321221,2.531350676,2.75736760844985e-06,1.09222993099554e-05,5.052053298,4.688112256534656,6.599150252240168,4.135210588635219e-11,3.146457779753108e-10,True,UP,UP,UP,0.043616726213435264,4.644495530321221,6.593634842630181,4.291865779825686e-11,3.3674424816645303e-10,True,True,1588,1053,11031
SYN2,1.04660051037021,0.0024878250067264,0.0122406258555573,3.06979499213544,3.024818345279863,3.9684249,3.39751324480891e-10,4.4541025286341e-09,7.179356784,6.279459846732738,6.57911820361822,4.73246445089922e-11,3.5428976431360146e-10,True,UP,UP,UP,3.254641501452875,3.024818345279863,6.490805299616962,8.5378759858259e-11,6.203436893369473e-10,True,True,1614,1068,11016
OLFM4,3.48263849156785,1.19202807583656e-07,3.63659397625964e-06,5.52519758581824,5.294714021970299,4.094065273,8.7545030439389e-05,0.000247526,4.136074069,3.9227471040126614,6.517729267505941,7.13796721054498e-11,5.124661782829173e-10,True,UP,UP,UP,1.371966917957638,3.9227471040126614,6.548775266907157,5.8010850705286536e-11,4.422366618750645e-10,True,True,1683,1098,10986
IL18RAP,1.23450866165067,4.57319679107596e-06,7.12198085542607e-05,4.73341582192047,4.583471299622892,1.792389725,3.60883365362842e-06,1.39198849998551e-05,4.983792255,4.6327252361729245,6.51683506720919,7.180630428563297e-11,5.152230253463795e-10,True,UP,UP,UP,0.04925393655003241,4.583471299622892,6.511229042629434,7.453838577722199e-11,5.498457358645747e-10,True,True,1684,1099,10985
FFAR3,1.76605092171616,1.20022372513963e-05,0.0001586258100523,4.5084517531028,4.377547203439837,4.116755978,1.45392018536388e-06,6.15722599276779e-06,5.212785699,4.8174671495180945,6.501857002084187,7.933449760184237e-11,5.620446711628573e-10,True,UP,UP,UP,0.43991994607825724,4.377547203439837,6.486185849668389,8.803656130237296e-11,6.366962873840938e-10,True,True,1705,1113,10971
PLB1,1.43579678657305,2.07098132775998e-05,0.0002467634940123,4.37768000238077,4.2570974135706185,1.920610765,9.85682755304028e-07,4.35431302223733e-06,5.30936793,4.894475458450356,6.471139236328879,9.726675218670246e-11,6.789567687301709e-10,True,UP,UP,UP,0.6373780448797373,4.2570974135706185,6.450396169386211,1.115581412564963e-10,7.924497476791563e-10,True,True,1731,1125,10959
CCNA2,1.0642577233128,2.49123784223057e-05,0.0002869831003469,4.33275268993536,4.21559201817959,1.689899256,8.82803682341708e-07,3.95409485017053e-06,5.336625492,4.916110970857948,6.457089107329908,1.0673605692807057e-10,7.378099404244147e-10,True,UP,UP,UP,0.7005189526783573,4.21559201817959,6.434727013853797,1.2369543772581557e-10,8.699720454255119e-10,True,True,1748,1134,10950
C1QC,1.47260690638409,5.44465672421273e-05,0.0005459973099583,4.13877282320229,4.035670569339297,2.735668162,3.71027251447741e-07,1.84748433258326e-06,5.549060133,5.083251831086399,6.448051866454919,1.1329699593047823e-10,7.787073958065805e-10,True,UP,UP,UP,1.0475812617471023,4.035670569339297,6.416745211559563,1.392186303077887e-10,9.696447162321531e-10,True,True,1758,1141,10943
CEP55,1.28698238301808,1.26692802220364e-05,0.000164681657951,4.49560721642971,4.365740527673743,2.335580087,2.02012681799579e-06,8.24018342634203e-06,5.130461187,4.751400377529883,6.446792159102742,1.1424228102948871e-10,7.847580907784605e-10,True,UP,UP,UP,0.38565984985614055,4.365740527673743,6.432556984914867,1.2547496584002859e-10,8.814616350262009e-10,True,True,1759,1142,10942
C1QB,2.30429336565839,2.65264258502198e-07,7.01536073638426e-06,5.35828945179634,5.146589976604886,1.85981424,7.91390449984832e-05,0.000225773,4.164249522,3.946992469700516,6.430133813061504,1.274916605797532e-10,8.70820652789801e-10,True,UP,UP,UP,1.1995975069043703,3.946992469700516,6.456792765353017,1.0694518474311541e-10,7.628209369840989e-10,True,True,1769,1146,10938
CLTCL1,1.14027513434033,0.0007331081611259,0.0045412220130874,3.43842032898244,3.3768882947058283,1.557622912,1.10236426123926e-08,8.65545860712093e-08,6.383096774,5.714176673084408,6.428353686931938,1.2899332849315972e-10,8.800826584883394e-10,True,UP,UP,UP,2.3372883783785796,3.3768882947058283,6.363799196327342,1.9682342620938743e-10,1.3271302783973373e-09,True,True,1771,1147,10937
DEFA3,1.97365294040961,2.95970534189169e-07,7.65610458370252e-06,5.33517012014366,5.125994953085546,2.830515827,7.86648063105122e-05,0.000224528,4.165923809,3.948431840280917,6.416588720970323,1.3936174737151727e-10,9.433658226834976e-10,True,UP,UP,UP,1.1775631128046289,3.948431840280917,6.442688428415148,1.1737549931879316e-10,8.302731705402837e-10,True,True,1785,1152,10932
CDCA5,1.20175241482332,4.40256488221576e-05,0.0004571745647641,4.19212363703997,4.085269699675862,2.223851561,7.37702795452948e-07,3.37651780514133e-06,5.380904992,4.951165639847091,6.389724706330441,1.6618466483487868e-10,1.1093974061877563e-09,True,UP,UP,UP,0.865895940171229,4.085269699675862,6.363142436917769,1.976672237061259e-10,1.3320764439716224e-09,True,True,1810,1168,10916
CAV2,1.32730880069031,4.59887390826984e-08,1.6644853367859e-06,5.71980115904302,5.4661607203851705,1.448409512,0.00037122,0.000911025,3.720056435,3.5597415149420315,6.382276676926681,1.7447436253195155e-10,1.1596115085113148e-09,True,UP,UP,UP,1.906419205443139,3.5597415149420315,6.42719606950653,1.2997912605515304e-10,9.104566841300952e-10,True,True,1818,1174,10910
PFKFB2,1.49649496262611,0.0008211055691506,0.0049924369686931,3.40549203646347,3.345580376519756,2.577890491,1.59105805001319e-08,1.1876425584217e-07,6.297733063,5.651443696170274,6.361856732297729,1.9932932664635915e-10,1.3089653553630204e-09,True,UP,UP,UP,2.305863319650518,3.345580376519756,6.298156921046215,3.0120550980698655e-10,1.966216193948038e-09,True,True,1840,1183,10901
ANKRD34B,1.25419512050162,0.0041297953887593,0.0184460702357713,2.90679429313677,2.868073532651839,3.735275037,9.21777465355582e-10,1.03284910358434e-08,6.953021607,6.122397443795495,6.357222993506751,2.054336678746052e-10,1.3461252759917866e-09,True,UP,UP,UP,3.254323911143656,2.868073532651839,6.269065911602837,3.6322036944482766e-10,2.3394412174849962e-09,True,True,1844,1185,10899
H4C8,1.1197059054147,6.30263903905404e-05,0.0006168242787262,4.10173186748877,4.001183747122066,1.92139238,6.38789101245104e-07,2.97139489962201e-06,5.416300401,4.979105217302063,6.35002322375902,2.1528242489071295e-10,1.4068456138207057e-09,True,UP,UP,UP,0.9779214701799974,4.001183747122066,6.320578282735746,2.605862793306589e-10,1.7215221504386832e-09,True,True,1849,1189,10895
CTRC,1.235872424183,3.63250309284267e-08,1.38402090754092e-06,5.76735301833631,5.507846316197249,1.043615976,0.000569857,0.001339507,3.591348529,3.445569693034328,6.331021174911843,2.4354391558632944e-10,1.5787237832776924e-09,True,UP,UP,UP,2.0622766231629206,3.445569693034328,6.379994158529792,1.7709473871857553e-10,1.2089467389472024e-09,True,True,1864,1198,10886
RNASE1,1.29755006542611,0.0054722275613216,0.023177698214237,2.81324493909319,2.7778357297893295,4.02618302,7.14644564322346e-10,8.320152932848171e-09,7.010870808,6.162811732117726,6.321992448512773,2.582120017986207e-10,1.6702224934329412e-09,True,UP,UP,UP,3.3849760023283966,2.7778357297893295,6.230489350116636,4.649804402217703e-10,2.940009764102381e-09,True,True,1868,1199,10885
RRM2,1.48980736526327,1.12284319910176e-05,0.0001505396629068,4.52424263231751,4.392054930355462,1.901426614,7.69361605131037e-06,2.7504711287965e-05,4.789413863,4.47353721506534,6.268920325261241,3.6356008425849193e-10,2.2843975549117825e-09,True,UP,UP,UP,0.08148228470987817,4.392054930355462,6.26264808964503,3.7849413934107096e-10,2.4339247927930604e-09,True,True,1923,1226,10858
TMT1B,1.68158190304249,0.0001565974262646,0.001294780927501,3.86558974269483,3.780366887368905,6.188997378,4.65155975021339e-07,2.24614960223995e-06,5.493964029,5.040154580735243,6.237050543697965,4.4589795228485716e-10,2.7587224564556725e-09,True,UP,UP,UP,1.2597876933663383,3.780366887368905,6.20041156816963,5.63156960975392e-10,3.4931342707729268e-09,True,True,1953,1244,10840
THBD,1.01252311184664,0.0015129030226291,0.0081867904674313,3.2236673526391,3.1721970749300468,2.26573295,1.82454124115277e-08,1.33828285395368e-07,6.265794083,5.627864686597827,6.222583346436795,4.89034837782917e-10,3.001019779040622e-09,True,UP,UP,UP,2.4556676116677805,3.1721970749300468,6.1551128143310105,7.502407086455675e-10,4.5507823707652565e-09,True,True,1969,1252,10832
PAQR6,1.28249705417719,0.0014779998947069,0.0080363542122772,3.23075223413055,3.1789688191524825,1.671483957,2.11559479610597e-08,1.51773533993014e-07,6.231217707,5.6022726075974,6.209275360091076,5.322948055527709e-10,3.2499838986832397e-09,True,UP,UP,UP,2.4233037884449176,3.1789688191524825,6.1426483298848,8.115683071806057e-10,4.893303321189251e-09,True,True,1979,1259,10825
FCGR3B,1.27052375898191,0.0005768728199902,0.0037361775496783,3.50727434538031,3.442261256877782,3.8956813,1.01059128392786e-07,5.90486944089341e-07,5.862147233,5.324809078633756,6.199254885379628,5.673109404989083e-10,3.4446322080644772e-09,True,UP,UP,UP,1.8825478217559737,3.442261256877782,6.146580364631977,7.917121833729077e-10,4.780738786454195e-09,True,True,1990,1264,10820
RFX2,1.23426054236582,7.04586046019475e-05,0.0006733544868,4.07335083608478,3.9747318183116547,1.841373789,1.94421003378214e-06,7.96898215342273e-06,5.140078288,4.759138494510353,6.175778924200315,6.583806049278667e-10,3.9440817299669876e-09,True,UP,UP,UP,0.7844066761986981,3.9747318183116547,6.151440567334762,7.678229946010769e-10,4.6504286936164475e-09,True,True,2017,1271,10813
FBXL13,1.20321675464437,6.90672119033789e-07,1.53356318716863e-05,5.15400936034508,4.963968326623515,2.751709436,0.000165183,0.000439585,3.956335541,3.7670574490279884,6.173767532677713,6.668156521469309e-10,3.99065553486447e-09,True,UP,UP,UP,1.1969108775955268,3.7670574490279884,6.2005277639869805,5.627413127402737e-10,3.4923488864102347e-09,True,True,2019,1272,10812
RAB13,1.42444309517165,1.2631814781701e-07,3.81785965231364e-06,5.51321036874988,5.284108826390873,2.158332722,0.000617807,0.001442023,3.566775646,3.423673939264141,6.15733224269401,7.398054135877817e-10,4.373321336781393e-09,True,UP,UP,UP,1.8604348871267318,3.423673939264141,6.201215381589035,5.602877315086451e-10,3.4806975114750434e-09,True,True,2044,1286,10798
TPX2,1.01361497126975,0.0001386345560124,0.0011720880607898,3.89780940281302,3.8105917344520845,1.896099925,1.05004083300837e-06,4.6124925566911e-06,5.293701687,4.8820209759500575,6.146605393753728,7.915873209529301e-10,4.661184015143399e-09,True,UP,UP,UP,1.071429241497973,3.8105917344520845,6.1148842693870975,9.662706171581365e-10,5.728875302807539e-09,True,True,2052,1290,10794
LCN2,1.1286892883169,0.0008718480580629,0.0052373273349425,3.38797700163867,3.328915646246895,3.632586598,8.46462987276805e-08,5.06853139798078e-07,5.904347617,5.3569334106163025,6.141822768470745,8.157985319739697e-10,4.789744247736383e-09,True,UP,UP,UP,2.0280177643694075,3.328915646246895,6.085434856972946,1.1617555399319966e-09,6.77812273732415e-09,True,True,2058,1294,10790
RNASE3,1.49406385330908,0.0003180887855204,0.0022910668324379,3.67408212708304,3.6001049343379647,2.567566633,4.25563751386948e-07,2.07522443901868e-06,5.515667021,5.057152128560852,6.121605175650886,9.263733903595994e-10,5.374017947783266e-09,True,UP,UP,UP,1.4570471942228873,3.6001049343379647,6.079955778415365,1.2021569743488064e-09,6.996947360817258e-09,True,True,2082,1307,10777
RETN,1.80677085724326,3.79782403057176e-06,6.1119835960154e-05,4.77587371633787,4.622150452345891,2.906572099,5.88957241879952e-05,0.000172835,4.246117083,4.017192051929157,6.108937669766055,1.0029648560514363e-09,5.781881849078963e-09,True,UP,UP,UP,0.6049584004167343,4.017192051929157,6.120474857153871,9.329690409686818e-10,5.550499715423231e-09,True,True,2096,1311,10773
ST6GALNAC3,1.10610080250672,0.0006039420932587,0.0038791318975179,3.49417912922597,3.4298378286020483,2.085938228,1.91383207792854e-07,1.03120160394444e-06,5.709203061,5.207518067972075,6.107532925989175,1.0118294325281127e-09,5.8218738253510404e-09,True,UP,UP,UP,1.777680239370027,3.4298378286020483,6.057623915546869,1.3814691487741933e-09,7.937371243289861e-09,True,True,2100,1314,10770
HDAC4,1.06795319353003,1.2134457532298e-05,0.0001599117978982,4.5058520218444,4.375157960000555,1.122925098,2.03744127439797e-05,6.62944753506581e-05,4.533606254,4.260747706452699,6.106507458436427,1.0183487971345828e-09,5.851026398372403e-09,True,UP,UP,UP,0.11441025354785594,4.260747706452699,6.105395256183757,1.0254658764063885e-09,6.04129896860965e-09,True,True,2103,1315,10769
DEFA1,1.97365294040961,2.95970534189169e-07,7.65610458370252e-06,5.33517012014366,5.125994953085546,3.400514957,0.000488656,0.001165384,3.637827558,3.4868989246624493,6.090235666595706,1.127445960368092e-09,6.41079037135419e-09,True,UP,UP,UP,1.6390960284230967,3.4868989246624493,6.12845522096689,8.873639499251047e-10,5.310558993038653e-09,True,True,2125,1326,10758
MCM10,1.15140193074014,2.83460943265302e-05,0.0003190529466519,4.30115375587725,4.186362158418532,2.058172647,1.02293373158492e-05,3.55302603361429e-05,4.715297094,4.4122680182193665,6.080149706815939,1.2007038912023806e-09,6.7921840437258264e-09,True,UP,UP,UP,0.2259058598008341,4.186362158418532,6.070278448069275,1.276886606520873e-09,7.396270789353647e-09,True,True,2136,1330,10754
TCN1,1.16833677343034,0.0007569064233845,0.0046640060990867,3.42916455809917,3.3680908774130836,2.793732868,2.21593445754454e-07,1.17340383116086e-06,5.673892472,5.1802460234928915,6.044586990497811,1.497932170093113e-09,8.310153540511977e-09,True,UP,UP,UP,1.812155146079808,3.3680908774130836,5.993830767655966,2.049546613701854e-09,1.1396535542273125e-08,True,True,2178,1349,10735
CDC45,1.42174299294354,4.15038758106103e-05,0.0004355061936369,4.20684906256584,4.098944375344215,1.879555403,8.68130765182424e-06,3.06360884786232e-05,4.758057233,4.447654347738092,6.0433579131717865,1.509393044026234e-09,8.361692889922796e-09,True,UP,UP,UP,0.3487099723938769,4.098944375344215,6.030344072349873,1.6361096442271648e-09,9.276918268980212e-09,True,True,2181,1351,10733
CEACAM8,2.0704596498097,0.0001278925024135,0.0010951453077681,3.91902988834599,3.830481974668085,3.290028803,2.45170059570064e-06,9.82278541710879e-06,5.081727184,4.7121057728528,6.040521725153132,1.536166980608444e-09,8.479322336321403e-09,True,UP,UP,UP,0.8816237981847146,3.830481974668085,6.013766173816886,1.8126191466672054e-09,1.0196404631834192e-08,True,True,2189,1354,10730
ASGR2,1.26859458995247,9.82386977461758e-07,2.05338604935641e-05,5.07742816936389,4.89513413649837,1.264424377,0.000297074,0.000743821,3.785929404,3.617838206970206,6.019580472120165,1.7486970413689866e-09,9.569522803832185e-09,True,UP,UP,UP,1.2772959295281634,3.617838206970206,6.048516380120558,1.4618576131962015e-09,8.355546613173936e-09,True,True,2208,1367,10717
SCO2,1.01991450489629,1.68280752725639e-05,0.0002074452879289,4.42776112002105,4.303289469219567,1.538483838,3.19377753070737e-05,9.93603345609389e-05,4.413063482,4.1591902870929465,5.98387682134246,2.178881184892555e-09,1.166995627529111e-08,True,UP,UP,UP,0.1440991821266202,4.1591902870929465,5.983611871391222,2.1824301713247997e-09,1.2074314908478733e-08,True,True,2256,1386,10698
DHCR24,1.28279120548512,3.04859520158681e-05,0.0003383095647372,4.28327016902294,4.1698056384050215,1.169366256,1.77551803164133e-05,5.85611988936702e-05,4.570178852,4.291397941192248,5.982974428133119,2.190991767164767e-09,1.1724425829340955e-08,True,UP,UP,UP,0.1215923027872261,4.1698056384050215,5.975858019846485,2.2888227937174876e-09,1.259373671060492e-08,True,True,2258,1387,10697
KAZN,1.07410544145567,0.0021401956499108,0.0108863001168158,3.11695995254896,3.0700547065543846,3.398749304,8.85072207756468e-08,5.26397344443077e-07,5.893736564,5.348865629721499,5.953075660050006,2.631495672859973e-09,1.3915256986944005e-08,True,UP,UP,UP,2.2788109231671143,3.0700547065543846,5.890345488131548,3.853890571576625e-09,2.022874012874038e-08,True,True,2285,1396,10688
ELANE,2.22278801695063,1.78603969775477e-05,0.0002176960705136,4.41343722849917,4.290085965105458,2.803613883,4.72341781449166e-05,0.000141793,4.306706775,4.068907081538606,5.9107006671732165,3.4065557814747217e-09,1.7597868109259965e-08,True,UP,UP,UP,0.22117888356685178,4.068907081538606,5.912472252199769,3.370106332921082e-09,1.7899338382718873e-08,True,True,2339,1420,10664
ACOX2,1.03126218736431,0.0009815955151759,0.0057739738000505,3.3531434100398,3.2957493470093375,2.196650245,4.28699710416452e-07,2.08900980945604e-06,5.513877075,5.0557512973443925,5.905402738706344,3.517862827459854e-09,1.8103209771804693e-08,True,UP,UP,UP,1.760001950335055,3.2957493470093375,5.8560841245456485,4.739082321202907e-09,2.440849603030466e-08,True,True,2348,1425,10659
LSMEM1,1.1502117785612,3.8617836009425e-06,6.19575799305343e-05,4.77206776597043,4.618685657963796,1.966181929,0.000219495,0.000567513,3.874343329,3.6954530963138215,5.878983892875578,4.12792532216272e-09,2.099230709919703e-08,True,UP,UP,UP,0.9232325616499741,3.6954530963138215,5.898882214655113,3.6597236232645033e-09,1.9310236043626635e-08,True,True,2376,1438,10646
HJURP,1.09236093593402,0.0005533495646867,0.0036062648940252,3.51913154180384,3.453506209217644,2.081572729,1.41090240903919e-06,5.9900589821486e-06,5.220275484,4.823458348329126,5.852697766282032,4.836625856809633e-09,2.4259423091669074e-08,True,UP,UP,UP,1.369952139111482,3.453506209217644,5.813473419453501,6.118969179491261e-09,3.07552015789488e-08,True,True,2409,1452,10632
CENPW,1.0217501709715,0.0002683925802875,0.001994397520509,3.72065603188846,3.6440391380947323,1.590574779,3.64485270834625e-06,1.40321294187491e-05,4.981265043,4.630669496879075,5.851102588132859,4.883248931766982e-09,2.44592628820509e-08,True,UP,UP,UP,0.9866303587843426,3.6440391380947323,5.8217649914461145,5.822938961975103e-09,2.940182677707696e-08,True,True,2412,1453,10631
FOXM1,1.09057025022269,0.000358297562536,0.0025309385097384,3.64118470644966,3.5690357303797455,2.035352966,2.97196142268252e-06,1.1685543814972e-05,5.033084722,4.672748126552143,5.827821254310356,5.615567794895174e-09,2.7706372260399507e-08,True,UP,UP,UP,1.1037123961723978,3.5690357303797455,5.795479656387106,6.812618641942137e-09,3.395910521888896e-08,True,True,2449,1472,10612
ZMYND15,1.33481893585128,3.31119095997543e-06,5.47788444700831e-05,4.80704279135865,4.650507566574435,1.557824449,0.000378037,0.000925962,3.71464628,3.5549597191316415,5.80214156052714,6.547324831552036e-09,3.2002963567816845e-08,True,UP,UP,UP,1.095547847442793,3.5549597191316415,5.826534937500529,5.659002441175828e-09,2.8673514796904157e-08,True,True,2472,1480,10604
GPER1,1.83977856333764,2.52163274750311e-06,4.38639364894876e-05,4.86855179381085,4.706372741084997,1.61117802,0.000506402,0.001203603,3.627073902,3.4773469867379414,5.786763714873726,7.175539935985371e-09,3.4736397855172773e-08,True,UP,UP,UP,1.2290257543470555,3.4773469867379414,5.8146096556369935,6.077553565659671e-09,3.058520605325523e-08,True,True,2496,1491,10593
KIF11,1.23594160120129,0.0001058178818681,0.0009334571999504,3.96855262610421,3.8768492354445105,1.290989555,2.33683268712744e-05,7.51320604432969e-05,4.497016914,4.230007742634918,5.732413543309446,9.901150675332103e-09,4.665975179798667e-08,True,UP,UP,UP,0.3531585071904071,3.8768492354445105,5.71949185475073,1.0684309597956307e-08,5.1433670466974534e-08,True,True,2564,1520,10564
ADCY3,1.06392835115125,1.77432890770466e-06,3.31705180784471e-05,4.94713632293649,4.777562520900201,1.239796242,0.000905701,0.002040719,3.448989452,3.3182909182254554,5.724632866298184,1.0365765643443653e-08,4.865949738528736e-08,True,UP,UP,UP,1.4592716026747454,3.3182909182254554,5.758458076416052,8.48857426315744e-09,4.1626397249079285e-08,True,True,2574,1527,10557
NEK2,1.22269667895604,0.0007483410610829,0.0046212813081538,3.4324640408159,3.371227226221845,2.16679964,3.29023864907477e-06,1.28202363192863e-05,5.00728361,4.651816460311943,5.673148596503959,1.4019651834944679e-08,6.414216324181618e-08,True,UP,UP,UP,1.2805892340900984,3.371227226221845,5.636348334934235,1.736938680649942e-08,7.964869099921536e-08,True,True,2641,1558,10526
GGT1,1.13553326926365,0.0004229455443853,0.0028994499213754,3.59496716759056,3.52533626490831,1.357302243,7.92963026840266e-06,2.82439113933043e-05,4.781578725,4.467075089128532,5.651488266471806,1.5906454728390286e-08,7.193027413291162e-08,True,UP,UP,UP,0.9417388242202214,3.52533626490831,5.623441209039912,1.871904888378495e-08,8.503092769277202e-08,True,True,2672,1573,10511
SMPDL3A,1.04007687263204,3.42053722392767e-05,0.0003736886657358,4.25487170305918,4.143494202298775,1.532652893,0.00013956,0.000377137,4.00449636,3.8089467618283646,5.623224932719985,1.8742509865789546e-08,8.347428924007927e-08,True,UP,UP,UP,0.3345474404704101,3.8089467618283646,5.628111503336297,1.8219330542585955e-08,8.294806742504374e-08,True,True,2713,1597,10487
LINC02649,1.12796208188156,3.03135550000672e-05,0.0003369712267265,4.28466565346263,4.171097925687557,2.077701625,0.00015877,0.000423987,3.967678683,3.776935227799092,5.620108139925909,1.9083796970071387e-08,8.49004119253949e-08,True,UP,UP,UP,0.39416269788846536,3.776935227799092,5.626534233724188,1.8386631041201737e-08,8.361522878089596e-08,True,True,2716,1600,10484
SIGLEC16,1.38104303420768,7.9653084389547e-07,1.72017611209061e-05,5.12310610992159,4.936215516696579,1.145739573,0.002950686,0.00594564,3.068169048,2.9728291981504085,5.592539150575928,2.2377267390808582e-08,9.857255628258844e-08,True,UP,UP,UP,1.9633863185461702,2.9728291981504085,5.639453127406078,1.7059107959775235e-08,7.84342471377337e-08,True,True,2743,1612,10472
G0S2,1.51594473531843,2.07896942208119e-05,0.0002473754973517,4.37674724337801,4.256236340547982,5.104367208,0.000291136,0.000730941,3.791864347,3.623062002043357,5.57150528903826,2.5254769667445537e-08,1.1004449401072644e-07,True,UP,UP,UP,0.6331743385046251,3.623062002043357,5.584127717396848,2.348760587393924e-08,1.0487832290273758e-07,True,True,2773,1621,10463
DLGAP5,1.03748319868677,0.001225363364472,0.0068856900958012,3.28723476313485,3.232909589263994,1.92709886,3.94203417247471e-06,1.50267318790507e-05,4.961298989,4.6144153391095895,5.548896671027198,2.8747801029771527e-08,1.2379176045713805e-07,True,UP,UP,UP,1.3815057498455956,3.232909589263994,5.509576487315395,3.596980720191455e-08,1.5500113424419881e-07,True,True,2806,1635,10449
MS4A4A,1.07565624445998,0.0093105722303252,0.035458659615067,2.62991929262724,2.600434753617406,2.493786362,1.75322999961879e-07,9.55981633931272e-07,5.730281109,5.223763160193837,5.5325434022015685,3.156203095106314e-08,1.3466243643421467e-07,True,UP,UP,UP,2.6233284065764306,2.600434753617406,5.461208075090886,4.7290537791388545e-08,1.9951521233706276e-07,True,True,2832,1646,10438
DEFA4,2.28325347929412,5.67282045454477e-05,0.0005639025085789,4.12840599285598,4.026022743171424,2.755681722,0.000163128,0.000434573,3.959923737,3.7701828276086946,5.51274982662296,3.532702137788179e-08,1.4914619123303484e-07,True,UP,UP,UP,0.25583991556272956,3.7701828276086946,5.515680068538998,3.474337998226487e-08,1.5030585761751035e-07,True,True,2862,1658,10426
SLC51A,1.28084902172367,0.0023308331592729,0.0116323629975599,3.09028745467633,3.044479498575482,4.931073457,2.14648265265019e-06,8.70482197128543e-06,5.115212612,4.739120094648783,5.503836054409731,3.7161514659501814e-08,1.5591061862179181e-07,True,UP,UP,UP,1.6946405960733006,3.044479498575482,5.4564702497408115,4.856926073998297e-08,2.0426814393359352e-07,True,True,2880,1667,10417
IRAG1-AS1,1.35305130688472,6.49523979697466e-05,0.0006311200118665,4.09408220081927,3.9940564165332915,2.007892232,0.000197044,0.000514781,3.905581856,3.7227764168480917,5.456624825766975,4.8527017270554384e-08,1.988982190231033e-07,True,UP,UP,UP,0.2712799996851998,3.7227764168480917,5.459990601361214,4.761597895757401e-08,2.007480368961503e-07,True,True,2948,1691,10393
CDC20,1.01429206475731,0.002695070720796,0.0130895530733996,3.04449794885785,3.000533538716521,2.246801217,2.60260604658328e-06,1.03685200382113e-05,5.066651356,4.699922214695282,5.445044481464451,5.179244129532014e-08,2.1113632529397883e-07,True,UP,UP,UP,1.6993886759787609,3.000533538716521,5.397595341324012,6.753998512914228e-08,2.7533253721842985e-07,True,True,2964,1697,10387
CDCA2,1.20584231264852,0.0019145836494249,0.009907180415388,3.15152507185779,3.1031719495048575,2.091925682,4.98919066006459e-06,1.85730131748844e-05,4.901066646,4.56524174346905,5.4223873232456254,5.880828402718746e-08,2.3638739051913042e-07,True,UP,UP,UP,1.4620697939641927,3.1031719495048575,5.381073599995563,7.404291162439434e-08,2.990175471783278e-07,True,True,3006,1711,10373
CD163,1.34009598528615,7.47969762743871e-06,0.0001074788356481,4.6196730073081,4.4795602485626524,1.487643372,0.001525505,0.003273596,3.284321634,3.1697874200461262,5.408905608126775,6.341103769542325e-08,2.5337155042122986e-07,True,UP,UP,UP,1.3097728285165262,3.1697874200461262,5.439085375058507,5.3554788821720655e-08,2.23138797700983e-07,True,True,3024,1719,10365
C10ORF105,1.08402318200083,2.56671480627713e-06,4.45587854594729e-05,4.86456686887823,4.702757279224989,1.309298125,0.003230063,0.00645408,3.037770721,2.944950533196957,5.4077460546968945,6.382282908056173e-08,2.5476420342927893e-07,True,UP,UP,UP,1.7578067460280318,2.944950533196957,5.449481177591018,5.051696899872788e-08,2.117226973332046e-07,True,True,3027,1722,10362
BIRC5,1.02530689680669,0.0033590367247018,0.0156512466762608,2.97404099989116,2.932815285030606,2.333537707,2.76678355966048e-06,1.09480851739561e-05,5.051191176,4.6874144071040496,5.388316089507492,7.112088885335865e-08,2.809263484848423e-07,True,UP,UP,UP,1.7545991220734436,2.932815285030606,5.339480840473538,9.321311951292666e-08,3.678295633816763e-07,True,True,3059,1735,10349
KIF20A,1.01575252413951,0.0039277033682332,0.0176957452824676,2.92323394560688,2.8839105219492778,2.406462736,2.23582691566313e-06,9.02923251225883e-06,5.1049518,4.730849087295363,5.38444815680231,7.266724402415051e-08,2.863790963939369e-07,True,UP,UP,UP,1.8469385653460852,2.8839105219492778,5.333234090275551,9.647880516270113e-08,3.7947701913441327e-07,True,True,3066,1738,10346
LLCFC1,1.23884178149266,0.0001126558278987,0.0009847640609367,3.9522364540436,3.8615806140235063,2.149183074,0.000176092,0.000465076,3.937975826,3.7510550902466653,5.382946329192268,7.327639240529658e-08,2.885914763471964e-07,True,UP,UP,UP,0.110525523776841,3.7510550902466653,5.382215342156316,7.357467081966107e-08,2.974248067962411e-07,True,True,3068,1740,10344
CYB5R2,1.01607234113749,0.0005429350735109,0.0035597882131455,3.52453306891592,3.4586275768354486,1.747274716,4.31592380546918e-05,0.000130741,4.331349849,4.089882174327923,5.337602432900399,9.418369531551629e-08,3.6358517268287007e-07,True,UP,UP,UP,0.6312545974924744,3.4586275768354486,5.317771452883352,1.0504589844292013e-07,4.10633966640506e-07,True,True,3130,1769,10315
CDT1,1.12137332108364,0.0058713105447756,0.0245705919399502,2.78948269297997,2.7548831197889876,1.732269143,1.70618959985562e-06,7.10976603136877e-06,5.172807712,4.785433161222439,5.331808774594508,9.723930638026807e-08,3.746627994237178e-07,True,UP,UP,UP,2.0305500414334516,2.7548831197889876,5.275894476359611,1.3211009584182987e-07,5.053137980553436e-07,True,True,3136,1774,10310
PIMREG,1.00480723158164,0.0024914298839471,0.0122544933809835,3.06933861114751,3.0243803624863577,2.221517666,8.58456364689166e-06,3.03369115390503e-05,4.760970784,4.450061666076361,5.285228643982432,1.255478479487771e-07,4.727310205513562e-07,True,UP,UP,UP,1.4256813035900033,3.0243803624863577,5.244944617403415,1.5632927881617945e-07,5.890011462226057e-07,True,True,3209,1799,10285
TOP2A,1.02167461982123,0.0023599350737679,0.0117536058229023,3.08639436924507,3.0407451250350266,1.772835319,1.16509163779268e-05,4.00020712816547e-05,4.681252723,4.384019824349983,5.2501016444263335,1.52015305506056e-07,5.632630899815009e-07,True,UP,UP,UP,1.3432746993149567,3.0407451250350266,5.211966216239463,1.8684958182864836e-07,6.914865228899106e-07,True,True,3261,1822,10262
IFI27,2.32610057320805,0.0010416476321833,0.0060560313521684,3.33559551831464,3.279029454418566,5.051605555,3.78605276993377e-05,0.000116059,4.366995889,4.12016250215609,5.232018807794898,1.676686857937835e-07,6.182303113964864e-07,True,UP,UP,UP,0.8411330477375238,3.279029454418566,5.206845408060677,1.9207798327143507e-07,7.084488009367369e-07,True,True,3277,1831,10253
PRTN3,1.51251380813283,0.0012804770189975,0.0071471825777235,3.27404405965699,3.2203197197431104,3.791502684,2.93140587384559e-05,9.20592172924473e-05,4.436181512,4.178730666654063,5.2319187025623854,1.6775953423587537e-07,6.183610558446682e-07,True,UP,UP,UP,0.958410946910953,3.2203197197431104,5.203720827444797,1.9533738520894245e-07,7.195919589876988e-07,True,True,3278,1832,10252
BUB1,1.04019822469117,0.004619853975265,0.0201698838276731,2.86979746927637,2.832410205695925,1.836594187,5.28924823766816e-06,1.95679028654046e-05,4.886081302,4.5529753115381775,5.222256180913151,1.7675620590547182e-07,6.477844209753763e-07,True,UP,UP,UP,1.7205651058422524,2.832410205695925,5.1744091363681735,2.2863333916368583e-07,8.32853975614958e-07,True,True,3297,1838,10246
CBS,1.04506360644247,0.0021319833964862,0.0108551367495133,3.11815765778784,3.071202731853665,3.272695721,1.66906494361108e-05,5.54237298813738e-05,4.586563863,4.305105076259609,5.2158372712361745,1.8298877209656937e-07,6.677901942744934e-07,True,UP,UP,UP,1.2339023444059434,3.071202731853665,5.180545301572645,2.2123818825918026e-07,8.086973103735456e-07,True,True,3311,1845,10239
SIGLEC14,1.00819168084465,2.56903697010726e-06,4.45693660487341e-05,4.86436344615007,4.702572702636972,2.858790171,0.007770208,0.014291066,2.731725185,2.661895142259208,5.207465152956368,1.9143777438997775e-07,6.954728286091706e-07,True,UP,UP,UP,2.040677560377764,2.661895142259208,5.256628632546014,1.4672016572162614e-07,5.56440603394353e-07,True,True,3326,1855,10229
BATF2,1.2276182965258,0.0043555505162309,0.0191853731158068,2.88927864951441,2.8511931330263165,3.142449708,6.4455883139234e-06,2.34270567373979e-05,4.835188136,4.511219812386784,5.206012119597226,1.929420496571004e-07,7.005164621414496e-07,True,UP,UP,UP,1.6600266793604677,2.8511931330263165,5.159737140181492,2.4729680553665477e-07,8.951729482622527e-07,True,True,3328,1856,10228
OLR1,1.49367532352347,0.0035479264089527,0.016332511753083,2.9563432216047,2.915786986651951,2.742184357,9.09229431945368e-06,3.19243276549805e-05,4.746022359,4.4377054025867615,5.199704333834361,1.9960578551168734e-07,7.22569098171162e-07,True,UP,UP,UP,1.5219184159348105,2.915786986651951,5.156995298427008,2.5094410152687297e-07,9.059329485357651e-07,True,True,3337,1861,10223
CENPE,1.15598022273774,0.0003310650399445,0.0023700978086595,3.66305614925561,3.5896950444068327,1.069008154,0.00021953,0.000567532,3.874296223,3.6954125884517475,5.151349008868179,2.586193946494281e-07,9.147828294932785e-07,True,UP,UP,UP,0.10571754404491474,3.5896950444068327,5.145195301200097,2.6724263676184376e-07,9.61039517855166e-07,True,True,3416,1897,10187
AMPH,1.32640529004439,0.002556089296644,0.0125149786954973,3.06125448012972,3.0166212961017496,4.114310809,2.1641979339642e-05,7.00033465689441e-05,4.517517499,4.2472403074276865,5.136325797456253,2.801618019820191e-07,9.880896244450486e-07,True,UP,UP,UP,1.230619011325937,3.0166212961017496,5.101171404082993,3.3755767903646023e-07,1.1936521614859668e-06,True,True,3426,1902,10182
ZNF608,1.0531200049723,0.0027232255267465,0.0131947806538238,3.04120072408838,2.9973671164298104,2.02362397,2.55342904863458e-05,8.1220349020323e-05,4.473279352,4.210024581443989,5.096395544234188,3.4618143343295274e-07,1.2009504048723422e-06,True,UP,UP,UP,1.2126574650141784,2.9973671164298104,5.0617309371564785,4.154670859643355e-07,1.446711469656215e-06,True,True,3483,1931,10153
EXO1,1.32153016017769,0.0016767070717641,0.0088974200914595,3.19232223841882,3.142222254735049,1.514875131,5.39653614407151e-05,0.000159847,4.270179179,4.037754167827768,5.077010017153696,3.834206655131938e-07,1.3209551551080765e-06,True,UP,UP,UP,0.8955319130927193,3.142222254735049,5.050536826847319,4.405701601205562e-07,1.5292758531274578e-06,True,True,3507,1943,10141
OLAH,1.46792746995594,0.0029758738673639,0.0141963640055748,3.01294238051632,2.9702191355315404,7.092832461,3.30959237834828e-05,0.000102633,4.403438522,4.151045996850789,5.035494865734862,4.7661590473604136e-07,1.6081960281836324e-06,True,UP,UP,UP,1.180826861319249,2.9702191355315404,5.001691673503349,5.682942714368105e-07,1.9370097832922377e-06,True,True,3581,1975,10109
CNTNAP3B,1.16073869693188,0.0007360702418378,0.0045563168181125,3.43725308747356,3.375778980578136,3.217045296,0.000246071,0.000627193,3.841094025,3.6663147797380344,4.9795122516710375,6.374471778148833e-07,2.10042930175545e-06,True,UP,UP,UP,0.29053579915989847,3.375778980578136,4.968706494573156,6.740099927591033e-07,2.25597305886655e-06,True,True,3666,2012,10071
CNTNAP3,1.16073869693188,0.0007360702418378,0.0045563168181125,3.43725308747356,3.375778980578136,3.217045296,0.000246071,0.000627193,3.841094025,3.6663147797380344,4.9795122516710375,6.374471778148833e-07,2.10042930175545e-06,True,UP,UP,UP,0.29053579915989847,3.375778980578136,4.968706494573156,6.740099927591033e-07,2.25597305886655e-06,True,True,3666,2012,10071
CKAP2L,1.09220975044641,0.0074294036376318,0.0296754214677045,2.70890490307109,2.6769575989410526,1.931148274,1.29195216294969e-05,4.3882233824791e-05,4.654125393,4.361463728415655,4.976915449421949,6.46055247515707e-07,2.1241593348931395e-06,True,UP,UP,UP,1.6845061294746029,2.6769575989410526,4.930161579351582,8.216163210111179e-07,2.702855977886561e-06,True,True,3675,2016,10068
CES1,1.46007119439891,4.8799218985033e-05,0.0004960820288604,4.16633438623781,4.0613047598924075,1.312985258,0.004479715,0.008651028,2.926186527,2.8422442988620786,4.881546353699304,1.0525717393886043e-06,3.3267654530558474e-06,True,UP,UP,UP,1.2190604610303288,2.8422442988620786,4.909737554545007,9.119836255719389e-07,2.976633751427806e-06,True,True,3823,2083,10001
SERPING1,1.48481495626302,0.0039253833517988,0.0176914185943648,2.92342713127766,2.8840965883986613,2.777655954,6.79672578591016e-05,0.000196471,4.206528088,3.9832916576541324,4.855976797824721,1.197947291291592e-06,3.737360475258535e-06,True,UP,UP,UP,1.099195069255471,2.8840965883986613,4.824398288384031,1.4042655511788607e-06,4.42098505859671e-06,True,True,3873,2108,9976
C1QA,1.04214510773193,4.73702916305814e-05,0.0004847491541889,4.17379155024034,4.0682364881616655,1.011066293,0.009157797,0.016620069,2.671935117,2.6061065456690837,4.719473219186917,2.3645617211710517e-06,7.0095680267197786e-06,True,UP,UP,UP,1.4621299424925818,2.6061065456690837,4.754040898591893,1.993906751485049e-06,6.1055183168256074e-06,True,True,4076,2189,9895
MELK,1.01729996327601,0.0058328255633461,0.024454264481224,2.79170906651679,2.7570341715267226,1.5551373,0.000104598,0.000290835,4.086139636,3.8796706419381857,4.692858978334437,2.694132131394376e-06,7.926271863559349e-06,True,UP,UP,UP,1.122636470411463,2.7570341715267226,4.6607844519050765,3.1500648202519025e-06,9.297076996361441e-06,True,True,4107,2203,9881
CYP1B1-AS1,1.17052891862872,0.0001241564683972,0.0010691342743556,3.92680929390922,3.837770434488736,1.152610667,0.006639291,0.012386299,2.78816657,2.714415129401332,4.63309484381927,3.6023939768370013e-06,1.0351421265665038e-05,True,UP,UP,UP,1.1233553050874039,2.714415129401332,4.6589831536662025,3.177752045566263e-06,9.365067796726137e-06,True,True,4205,2246,9838
CTSG,1.89362206072174,0.0003316528344444,0.002373652835739,3.66256641283142,3.589232594325036,1.835973145,0.00404827,0.007892587,2.961027925,2.8743757659935634,4.570461302515342,4.866517827735203e-06,1.3646352961829765e-05,True,UP,UP,UP,0.7148568283314725,2.8743757659935634,4.585856299764183,4.521295064576166e-06,1.301353222136108e-05,True,True,4309,2294,9790
OAS1,1.26547535227255,0.0044024186037662,0.0193716840253314,2.88574666970389,2.8477883934728054,1.31140189,0.000526715,0.001247642,3.615196114,3.466789090532737,4.465080559268207,8.003862997315873e-06,2.1587204597448147e-05,True,UP,UP,UP,0.6190006970599318,2.8477883934728054,4.446146108912026,8.742449882119002e-06,2.3813124870523874e-05,True,True,4480,2370,9714
AZU1,1.62707885632351,0.0043493935564288,0.0191785942207176,2.88974521783588,2.851642871714768,2.078465368,0.000591208,0.00138552,3.580173571,3.435616138580415,4.445763481255945,8.7580264754475e-06,2.349538941004266e-05,True,UP,UP,UP,0.5839732668656472,2.851642871714768,4.4277452239493424,9.522328392838453e-06,2.57804826284264e-05,True,True,4504,2379,9705
IFI44,1.03540466571939,0.0044217040549131,0.0194433938190273,2.88430329243143,2.846396931741023,1.649120317,0.000596123,0.001396072,3.577655111,3.4333722714282926,4.440467387847465,8.976370776956426e-06,2.402779975586276e-05,True,UP,UP,UP,0.5869753396872697,2.846396931741023,4.4223752320948915,9.762172440788756e-06,2.63825384929659e-05,True,True,4514,2383,9701
EPSTI1,1.07939195789347,0.00137983442334,0.0075800830191496,3.25154617407515,3.1988364091186114,1.397033245,0.002247372,0.004652812,3.158519467,3.055431143649154,4.42243499791708,9.759471596588958e-06,2.595722987047862e-05,True,UP,UP,UP,0.14340526546945753,3.055431143649154,4.4231910125626115,9.725368517465047e-06,2.629483727825692e-05,True,True,4543,2395,9689
LIPN,1.21406533229403,0.0011171287805931,0.0063878361365359,3.31483214097418,3.2592355404263667,1.039473675,0.003685941,0.00726125,2.993051579,2.9038590153845565,4.357965953507796,1.31276798910444e-05,3.407556522523942e-05,True,UP,UP,UP,0.35537652504181017,2.9038590153845565,4.364231500090827,1.2757042776778171e-05,3.369253505394768e-05,True,True,4655,2442,9642
OTOF,2.11658722333584,0.0021289257367784,0.0108416897158877,3.11860468849322,3.0716312110626443,2.223678416,0.008615387,0.015710185,2.694254543,2.6269504834399755,4.0295057593283286,5.5894246497868135e-05,0.00012982894664239535,True,UP,UP,UP,0.44468072762266875,2.6269504834399755,4.038292950926467,5.384158710256262e-05,0.00012736254834774162,True,True,5202,2688,9396
PGM5,1.14351126262468,0.0121482328230817,0.0439440454204971,2.53449431106666,2.507808955751674,1.141638003,0.002954785,0.005951533,3.067704079,2.972403062525451,3.875095080463771,0.00010658307492743305,0.00023539449723051974,True,UP,UP,UP,0.4645941067737769,2.507808955751674,3.860535233473373,0.00011313892451879888,0.00025250417897315235,True,True,5471,2797,9287
MYOM2,-1.07088901681624,0.0043221305055169,0.0190991343428542,-2.89181847036142,-2.853641279248714,-2.203402515,0.000121467,0.000332766,-4.043924001,-3.843146320198797,-4.735343923735315,2.1868394120726464e-06,6.527564381441153e-06,True,DOWN,DOWN,DOWN,0.9895050409500832,2.853641279248714,-4.7066745282623295,2.5179042560978135e-06,7.570001773184842e-06,True,True,4048,10214,1870
CLEC4C,-1.26278824220892,0.0002725323569045,0.0020167110488803,-3.71647741541241,-3.640099830240501,-1.665149741,0.000588505,0.001379664,-3.581566904,-3.436857563060345,-5.004164562971301,5.610481399253039e-07,1.870624910242121e-06,True,DOWN,DOWN,DOWN,0.20324226718015614,3.436857563060345,-5.006076708786683,5.555062662364205e-07,1.8957117167010873e-06,True,True,3624,10450,1634
ADM5,-1.04816600201095,0.0010985214982623,0.0063161345446932,-3.31982622769427,-3.2639974611185023,-1.135048954,0.000132021,0.000358773,-4.02029076,-3.822657683375723,-5.011021908602399,5.414174961760412e-07,1.811170433636519e-06,True,DOWN,DOWN,DOWN,0.5586602222572208,3.2639974611185023,-4.993280384410258,5.936227986455085e-07,2.018217297702217e-06,True,True,3612,10459,1625
GZMH,-1.34748884291333,7.31018182998696e-06,0.0001054505885597,-4.62501644348511,-4.484451242998688,-1.196575648,0.007107477,0.013180938,-2.763807885,-2.6917661138303104,-5.074351956282386,3.888188064147758e-07,1.3373463244832725e-06,True,DOWN,DOWN,DOWN,1.7926851291683774,2.6917661138303104,-5.117208390479462,3.1009095596349856e-07,1.1055854295978026e-06,True,True,3513,10516,1568
MAP3K7CL,-1.0447698276178,5.15115765339907e-06,7.87131976596618e-05,-4.70607831616598,-4.558535426118553,-1.115041713,0.003806546,0.0074785,-2.98208052,-2.8937636250775967,-5.269571194530871,1.3674282631570702e-07,5.112201641004604e-07,True,DOWN,DOWN,DOWN,1.6647718010409562,2.8937636250775967,-5.308998920518421,1.1022898620252489e-07,4.2881417910016366e-07,True,True,3232,10662,1422
SMPD3,-1.01043351326931,0.0009174411669705,0.0054582925212791,-3.37303437072248,-3.3146921030104135,-1.540188572,6.86679162577569e-06,2.47891422147306e-05,-4.818841026,-4.497776222914299,-5.524249331066478,3.308972843003626e-08,1.4053539143062498e-07,True,DOWN,DOWN,DOWN,1.183084119903885,3.3146921030104135,-5.490062746477281,4.0179097976506526e-08,1.7173117822784871e-07,True,True,2845,10891,1193
SPON2,-1.35724804029724,0.0002433536952814,0.0018479116464279,-3.74730967806718,-3.669154801208544,-1.386813272,2.742819831474e-05,8.6754723958397e-05,-4.454071333,-4.193831312433849,-5.5599708013321925,2.6981978758756146e-08,1.1685421123370987e-07,True,DOWN,DOWN,DOWN,0.5246765112253047,3.669154801208544,-5.542740473752251,2.9777404384520578e-08,1.3036245549933412e-07,True,True,2790,10925,1159
PTGDS,-1.47724010540191,2.87633397387011e-06,4.89221169947855e-05,-4.83890133080452,-4.6794586229746775,-1.213566521,0.001289418,0.002812356,-3.337977091,-3.218324613225075,-5.584576082658281,2.3427094302971673e-08,1.0278488760450499e-07,True,DOWN,DOWN,DOWN,1.4611340097496024,3.218324613225075,-5.618542506131065,1.925750220090022e-08,8.7235648258477e-08,True,True,2754,10946,1138
SIRT4,-1.02448351068612,0.0006130944571784,0.0039287261903851,-3.48987596119162,-3.4257544124717625,-1.073612157,4.27759691044996e-06,1.61643269872994e-05,-4.940449665,-4.597417611167486,-5.673239344541507,1.4012223950025606e-08,6.413246287430279e-08,True,DOWN,DOWN,DOWN,1.171663198695723,3.4257544124717625,-5.639248173933051,1.7079423058135044e-08,7.849778197468456e-08,True,True,2640,11001,1083
CD8A,-1.13483195863767,2.93601770902168e-06,4.9709817073436e-05,-4.83426309614419,-4.6752457841981,-1.351944401,0.000810981,0.001845753,-3.483252749,-3.349019458165439,-5.6740123669147735,1.3949105520332864e-08,6.394045599475797e-08,True,DOWN,DOWN,DOWN,1.3262263260326606,3.349019458165439,-5.7044400806737645,1.1672614511704234e-08,5.557139525016638e-08,True,True,2636,11002,1082
CNTNAP2,-1.32859347155035,0.000233990962224,0.0017877706429701,-3.75794790332673,-3.6791735909947194,-2.055145218,1.31185933498355e-05,4.44467410170422e-05,-4.650105339,-4.358117530591651,-5.683223054444155,1.321796923440685e-08,6.088933368636599e-08,True,DOWN,DOWN,DOWN,0.6789439395969312,3.6791735909947194,-5.6619322399388725,1.4967793130414525e-08,6.972083438504191e-08,True,True,2623,11009,1075
PRF1,-1.07264047986793,1.50156331733132e-05,0.0001887689961686,-4.45508583942757,-4.328458921681393,-1.377261632,0.00018249,0.000480036,-3.92770857,-3.742098436766929,-5.706745836113798,1.151565398787539e-08,5.351678735980705e-08,True,DOWN,DOWN,DOWN,0.5863604849144637,3.742098436766929,-5.718070978750288,1.0774014039926636e-08,5.183418127988045e-08,True,True,2600,11021,1063
MS4A1,-1.2674298298847,4.87372800939758e-05,0.0004958132290404,-4.16665327231206,-4.061601211640118,-1.522681942,5.98365880093532e-05,0.000175292,-4.241747161,-4.013454314226815,-5.70992652079841,1.130249606381937e-08,5.2566612755631044e-08,True,DOWN,DOWN,DOWN,0.04814689741330369,4.013454314226815,-5.7073692713999415,1.1473568131796947e-08,5.4666846899251774e-08,True,True,2598,11023,1061
SPNS3,-1.33185499565768,2.11402015158101e-05,0.0002509723832326,-4.37269468360635,-4.252494918390491,-1.103859701,8.0740952325372e-05,0.000229987,-4.158664627,-3.942190062895509,-5.7945173199548865,6.851795289150012e-09,3.326245177934897e-08,True,DOWN,DOWN,DOWN,0.3103048554949823,3.942190062895509,-5.79866472122047,6.6845024079190055e-09,3.336176893634256e-08,True,True,2489,11081,1003
HIP1R,-1.05808532493911,0.0003242321126205,0.0023288689668024,-3.66881020674661,-3.595128008721572,-1.195198683,3.68709974629967e-06,1.41759374321713e-05,-4.978331758,-4.628282979096599,-5.814829673970193,6.069565507016182e-09,2.982454657229627e-08,True,DOWN,DOWN,DOWN,1.0331549703750271,3.595128008721572,-5.784316362522373,7.280780896796599e-09,3.6128819538395606e-08,True,True,2459,11100,984
DTX3,-1.121779376413,5.6667519404591e-05,0.0005637075143217,-4.12867652377041,-4.026274552299432,-1.377017577,1.69785017200582e-05,5.62189376954288e-05,-4.582035388,-4.301318231923251,-5.88849732868402,3.897228459670647e-09,1.9902878900338303e-08,True,DOWN,DOWN,DOWN,0.2750436796238187,4.026274552299432,-5.877486339017061,4.165430784943158e-09,2.168500653790098e-08,True,True,2366,11151,933
ZNF683,-1.41764896426355,5.47666574263695e-07,1.26346872890639e-05,-5.20402282202372,-5.0088133344424435,-1.474623517,0.0008251,0.001874102,-3.477912884,-3.34423437402797,-5.906496678234181,3.494593394237393e-09,1.8021840368147852e-08,True,DOWN,DOWN,DOWN,1.6645789604144734,3.34423437402797,-5.945495670911454,2.756215348529362e-09,1.4981264082897114e-08,True,True,2343,11162,922
SERPINF1,-1.10622165010858,0.0005150889826094,0.003406991372535,-3.53946862707081,-3.47278438562037,-1.35939653,9.04189277707627e-07,4.03890576227359e-06,-5.330711629,-4.91142054155809,-5.928528158865552,3.056620027300054e-09,1.5960734567790214e-08,True,DOWN,DOWN,DOWN,1.4386361559377194,3.47278438562037,-5.887482031904495,3.9212378653324235e-09,2.0528733590472996e-08,True,True,2314,11177,907
LLGL2,-1.19199886225794,0.0002813922382801,0.0020725888244298,-3.70773241362699,-3.6318540711193013,-1.262059868,1.70051900040022e-06,7.08904950608776e-06,-5.173640878,-4.786101714095584,-5.952393619453974,2.6424889532021168e-09,1.3961169226734227e-08,True,DOWN,DOWN,DOWN,1.1542476429762827,3.6318540711193013,-5.918665860591791,3.245635919595774e-09,1.7384839752113126e-08,True,True,2287,11194,890
GGT7,-1.17011369583404,0.0002455332621241,0.0018601199651405,-3.74488882220925,-3.666874459734717,-1.273379128,4.79193421751518e-07,2.30351310418169e-06,-5.486703004,-5.034461718768082,-6.152773817203168,7.61393568810223e-10,4.494342204168991e-09,True,DOWN,DOWN,DOWN,1.3675872590333649,3.666874459734717,-6.113410812557269,9.7523885246757e-10,5.779210914352942e-09,True,True,2047,11325,759
CD8B,-1.26248788632527,1.21948314236271e-05,0.0001603567954204,-4.5046739989018,-4.374075244901784,-1.662761585,8.55512428464405e-06,3.02381449314859e-05,-4.76186373,-4.450799363807454,-6.240128678939281,4.3721107735404023e-10,2.707750613874356e-09,True,DOWN,DOWN,DOWN,0.07672411890567066,4.374075244901784,-6.233998309879637,4.546779879730625e-10,2.883923427127829e-09,True,True,1951,11375,709
C1ORF159,-1.04197009212922,0.0011102358903342,0.0063610172631383,-3.31667304261702,-3.260990936447083,-1.010677485,1.98698690217704e-08,1.44065201869424e-07,-6.245875949,-5.613130448279456,-6.274951408212691,3.497435029225079e-10,2.2067627915470827e-09,True,DOWN,DOWN,DOWN,2.352139511832373,3.260990936447083,-6.210115975636913,5.294551164264834e-10,3.30273937624223e-09,True,True,1915,11391,693
PACSIN1,-1.21562108327821,0.0002447642373222,0.0018559148449409,-3.7457406520859,-3.667676865445329,-1.857102862,1.76104482694911e-07,9.59584904227695e-07,-5.729212226,-5.222939980989223,-6.28661546104523,3.2446172602667814e-10,2.060152935144694e-09,True,DOWN,DOWN,DOWN,1.5552631155438945,3.667676865445329,-6.242323336443248,4.3111858615982655e-10,2.746185471621434e-09,True,True,1903,11399,685
ACKR3,-1.10918949150974,8.21088661388548e-05,0.0007606689297014,-4.03415424084152,-3.9381599171707995,-1.121430264,7.08304174014696e-07,3.26109351945336e-06,-5.390912898,-4.959072814226505,-6.291293598165942,3.1483122666325467e-10,2.0053272070490806e-09,True,DOWN,DOWN,DOWN,1.0209128970557053,3.9381599171707995,-6.260779002484086,3.8305906369053136e-10,2.460660641452786e-09,True,True,1897,11402,682
HLA-DPB1,-1.0595142815286,6.94682544937609e-06,0.0001009928707648,-4.63688468445424,-4.495311256773185,-1.443196404,6.77719817780585e-06,2.45005982609769e-05,-4.822234756,-4.500568430545203,-6.3610475296411515,2.003824212415467e-10,1.3137389017154687e-09,True,DOWN,DOWN,DOWN,0.0052571737720183975,4.495311256773185,-6.356679809682224,2.0616109018635592e-10,1.380845040311385e-09,True,True,1843,11425,659
ZAP70,-1.03641751181003,1.37408222119139e-06,2.69057499187838e-05,-5.00375851877442,-4.828727598011612,-1.697111353,2.79283591567395e-05,8.81854354752971e-05,-4.449213243,-4.189732421085497,-6.377014235363326,1.8057368268430674e-10,1.1966565264896456e-09,True,DOWN,DOWN,DOWN,0.6389951769261151,4.189732421085497,-6.389250858216962,1.6670039548413315e-10,1.1425075885619858e-09,True,True,1823,11436,648
GNLY,-1.64428232273419,7.26997058856881e-07,1.59785848501965e-05,-5.14291566285281,-4.954009362747692,-1.803660318,4.57982344783464e-05,0.000137768,-4.315147663,-4.076095404850193,-6.3852483159934375,1.7111956647694936e-10,1.138567027390407e-09,True,DOWN,DOWN,DOWN,0.8779139578974995,4.076095404850193,-6.403641063783996,1.5171454897399811e-10,1.0475271104610107e-09,True,True,1816,11440,644
GPR68,-1.1829643119977,0.0001218468017604,0.0010520302993405,-3.93173073715408,-3.8423803829401106,-1.310593105,2.12469875185179e-07,1.13205173832209e-06,-5.684029878,-5.188083028371434,-6.385501915395395,1.7083620517430283e-10,1.138028538491081e-09,True,DOWN,DOWN,DOWN,1.3457026454313232,3.8423803829401106,-6.346548465722017,2.2019919837426233e-10,1.4707943139614215e-09,True,True,1813,11441,643
CTSW,-1.31148580113457,3.83800414172147e-09,2.29074270137656e-07,-6.20897921729412,-5.891028041485051,-1.233536476,0.001646307,0.003507958,-3.259819573,-3.1475752944966633,-6.391257711328021,1.6452681861815338e-10,1.099545104736254e-09,True,DOWN,DOWN,DOWN,2.743452746988388,3.1475752944966633,-6.457757830882677,1.062656081608068e-10,7.588695883020263e-10,True,True,1808,11442,642
FGFBP2,-1.81456139748247,2.61639491075257e-07,6.95469302987886e-06,-5.3611889423917,-5.149171557697886,-1.613543595,8.41376183955994e-05,0.000238723,-4.147167253,-3.932298156160118,-6.421568817809249,1.3487701310884775e-10,9.145448649799143e-10,True,DOWN,DOWN,DOWN,1.216873401537768,3.932298156160118,-6.448679005789525,1.1282924521692997e-10,8.010080904560311e-10,True,True,1782,11453,631
CPA3,-1.37113881197782,2.03165806735423e-05,0.0002430797144218,-4.38232269529801,-4.261382892537051,-2.266770166,1.30240675734976e-06,5.58319836098298e-06,-5.240207309,-4.839386300482727,-6.435215610397909,1.2329818046694143e-10,8.431306817102735e-10,True,DOWN,DOWN,DOWN,0.5780034079456762,4.261382892537051,-6.416027688230146,1.3987601756063736e-10,9.735725346688831e-10,True,True,1767,11461,623
GZMK,-1.14441022521606,5.61770299885259e-06,8.45514662458884e-05,-4.68609212348643,-4.540289537525058,-1.584972219,2.18311807733946e-06,8.8357249504134e-06,-5.110955552,-4.735689314765472,-6.559107548597642,5.413075334540371e-11,3.9857519358471236e-10,True,DOWN,DOWN,DOWN,0.19539977724041435,4.540289537525058,-6.54970436658835,5.7651096536051277e-11,4.3977159055878007e-10,True,True,1641,11520,564
NPR2,-1.39112659653431,4.57697599271491e-05,0.0004717094901323,-4.18240410878622,-4.076240098475456,-1.347543738,1.83574770375441e-07,9.95742155117498e-07,-5.719224168,-5.21524466446728,-6.570071883168288,5.029097766745642e-11,3.7348855756353776e-10,True,DOWN,DOWN,DOWN,1.139004565991824,4.076240098475456,-6.53632628165143,6.30482917070988e-11,4.737639979458177e-10,True,True,1627,11530,554
PCED1B-AS1,-1.14279690093279,3.92918559495264e-06,6.28066319026121e-05,-4.76812236454504,-4.615093407228817,-1.179115822,2.88691045649419e-06,1.13820822255363e-05,-5.040437268,-4.678705992689398,-6.571708578669635,4.974114470451219e-11,3.7054392815328043e-10,True,DOWN,DOWN,DOWN,0.06361258546058135,4.615093407228817,-6.565695742760771,5.1790469642015944e-11,3.9935178346169667e-10,True,True,1622,11533,551
ADGRG1,-1.48770836321905,2.13756954241151e-07,5.87391469927927e-06,-5.40366668660725,-5.186957965146985,-1.716689188,3.78874685540006e-05,0.000116107,-4.366802729,-4.119998609472686,-6.581012106122292,4.672565332460851e-11,3.5023949697347685e-10,True,DOWN,DOWN,DOWN,1.0669593556742987,4.119998609472686,-6.604150000205473,3.998045622873949e-11,3.1574108013847013e-10,True,True,1612,11539,545
TSEN54,-1.07202865345234,1.32056518196097e-06,2.61729381037093e-05,-5.01251850215501,-4.83663361078692,-1.267097515,7.003353516495e-06,2.52327256471905e-05,-4.813750292,-4.4935865601088185,-6.597461952803885,4.1825597819373615e-11,3.1784823801980593e-10,True,DOWN,DOWN,DOWN,0.34304705067810115,4.4935865601088185,-6.6019195438143745,4.058677793754493e-11,3.200947414647875e-10,True,True,1590,11547,537
HOPX,-1.20839134755875,8.39387279772268e-08,2.74202606325653e-06,-5.59736257331234,-5.358450497574966,-1.025936722,6.90768030705971e-05,0.000199366,-4.202040471,-3.979443398728047,-6.602888096076331,4.032239184899606e-11,3.075855181258961e-10,True,DOWN,DOWN,DOWN,1.3790070988469187,3.979443398728047,-6.634059000463115,3.265791886396319e-11,2.623707670433958e-10,True,True,1584,11551,533
IL23A,-1.30023821069201,3.4509309780633e-06,5.65870049414879e-05,-4.79766139609598,-4.641975913048241,-1.434514456,2.33992936521238e-06,9.41776294024056e-06,-5.093490411,-4.72160312540846,-6.621050234268945,3.5665573188573426e-11,2.7483872502393665e-10,True,DOWN,DOWN,DOWN,0.07962721236021864,4.641975913048241,-6.614591560596821,3.725789965565155e-11,2.967118266333591e-10,True,True,1568,11556,528
GATA2,-1.27739955832255,0.0001030654732897,0.0009138237858323,-3.9754051667626,-3.8832594921516264,-2.073818947,3.67937598639634e-08,2.45223215182728e-07,-6.101420391,-5.505588243805321,-6.63891790162312,3.159943278625431e-11,2.463328686169747e-10,True,DOWN,DOWN,DOWN,1.6223287516536948,3.8832594921516264,-6.592661791447081,4.3200997363532965e-11,3.3873955298090123e-10,True,True,1550,11564,520
KIT,-1.29795872172528,3.96378819139651e-05,0.0004213629906238,-4.21830720471828,-4.109580327190156,-1.441010716,9.15554095053724e-08,5.42616966738299e-07,-5.885676849,-5.342733321910575,-6.683795079181286,2.328323297943012e-11,1.8680697482765877e-10,True,DOWN,DOWN,DOWN,1.2331529947204185,4.109580327190156,-6.647545771412173,2.980203259423599e-11,2.421432989149986e-10,True,True,1506,11586,498
TMSB15B,-1.01871979590489,9.49974762467734e-05,0.000856293496491,-3.99654483987927,-3.903026043453599,-1.195958244,2.22338687935532e-08,1.58628330907238e-07,-6.219595512,-5.593654892109158,-6.715167488301431,1.8785032379367365e-11,1.5440785458496316e-10,True,DOWN,DOWN,DOWN,1.690628848655559,3.903026043453599,-6.667099220206251,2.6090871589554314e-11,2.146058552869876e-10,True,True,1470,11601,483
HDC,-1.85251073910693,4.94831999677179e-05,0.0005024195523838,-4.16283848630073,-4.058054601762921,-3.086423778,5.23180829561762e-08,3.33248442347427e-07,-6.018411286,-5.4432467919385665,-6.718434645583516,1.8368709391648528e-11,1.5150110278449773e-10,True,DOWN,DOWN,DOWN,1.3851921901756459,4.058054601762921,-6.678241271871339,2.4182668715713614e-11,2.0109534659317458e-10,True,True,1465,11605,479
ZNF286A,-1.00799036184179,0.0011394013360315,0.0064852670532695,-3.30895532651088,-3.253631108360981,-1.355133429,3.76672658955946e-10,4.86579502948124e-09,-7.156024772,-6.263400035761684,-6.729557258772703,1.70180109133354e-11,1.4200871952060196e-10,True,DOWN,DOWN,DOWN,3.009768927400703,3.253631108360981,-6.647459413250632,2.9819517403419506e-11,2.421432989149986e-10,True,True,1448,11613,471
PDZD4,-1.31863387583964,3.00974482437658e-05,0.0003351415899219,-4.28642573557459,-4.172727762502122,-1.886519131,8.76326100005509e-08,5.22421212057958e-07,-5.896099709,-5.350662937202973,-6.734054143650372,1.6499973217196363e-11,1.3795242115982336e-10,True,DOWN,DOWN,DOWN,1.1779351747008509,4.172727762502122,-6.699195439125705,2.095701555977995e-11,1.7683213617934438e-10,True,True,1445,11615,469
FASLG,-1.63445033867219,1.92860731752166e-06,3.54185943711122e-05,-4.92857306045589,-4.760764771261261,-1.430875771,1.76928293222632e-06,7.33350238064216e-06,-5.163716231,-4.7781353268114035,-6.745020944408204,1.5300495143688975e-11,1.288333678196473e-10,True,DOWN,DOWN,DOWN,0.01737055555014244,4.760764771261261,-6.74008536035613,1.582936077803024e-11,1.381980970238001e-10,True,True,1435,11621,463
ADGRG5,-1.19819087458749,2.77202074947819e-06,4.75206165768583e-05,-4.84723618702195,-4.68702724613719,-1.250517625,1.21957067053359e-06,5.26930395592071e-06,-5.256552923,-4.852431250884575,-6.745415792091721,1.5258941324505213e-11,1.2857307393584134e-10,True,DOWN,DOWN,DOWN,0.16540400474738437,4.68702724613719,-6.736662232150925,1.6206632451711215e-11,1.408811078518177e-10,True,True,1434,11622,462
PARP15,-1.2758595757914,2.04760339807405e-05,0.0002444256111379,-4.38042979826341,-4.259635718722622,-1.575898195,9.32702032829333e-08,5.51008736609721e-07,-5.88125831,-5.339369840262624,-6.787521923405834,1.1407592891279165e-11,9.902151214463085e-11,True,DOWN,DOWN,DOWN,1.0797341215400023,4.259635718722622,-6.755160204711511,1.4267751460715676e-11,1.2583740211666241e-10,True,True,1392,11641,443
SIRPG,-1.08982678575469,0.0001455335375221,0.0012165818332603,-3.88499003353678,-3.798569643952892,-1.663873389,6.61302164633649e-09,5.57898053283487e-08,-6.501454747,-5.8004676880037165,-6.787544390289343,1.1405817157581209e-11,9.902151214463085e-11,True,DOWN,DOWN,DOWN,2.0018980440508245,3.798569643952892,-6.7314004818231705,1.6803774782954406e-11,1.454441337410015e-10,True,True,1391,11642,442
IL5RA,-1.74183109951463,2.01325621023606e-08,8.63113119587694e-07,-5.88526675552375,-5.610858254894993,-1.517467277,6.17602931452223e-05,0.000180302,-4.233014986,-4.00598222690616,-6.800133118270899,1.045225251594186e-11,9.171718747285802e-11,True,DOWN,DOWN,DOWN,1.6048760279888326,4.00598222690616,-6.836997845049162,8.086995726794699e-12,7.493494583348187e-11,True,True,1377,11650,434
SLC45A3,-1.07098721514615,7.74295205121005e-08,2.57508901719737e-06,-5.61388641333831,-5.3730181759360285,-1.126216934,1.97181398329023e-05,6.43449065086229e-05,-4.542321774,-4.268058755001911,-6.817270875807403,9.278621795779429e-12,8.261870829653857e-11,True,DOWN,DOWN,DOWN,1.1049594209341178,4.268058755001911,-6.841231585768305,7.851520706468069e-12,7.292077224923418e-11,True,True,1357,11661,423
TCF7,-1.01495446132543,0.0001987449485165,0.0015729743902818,-3.80197860243518,-3.7206064472521585,-2.50337943,2.2448107727586603e-09,2.19618944921941e-08,-6.749915271,-5.979022120063272,-6.858673134939497,6.9503061739054146e-12,6.338154679192387e-11,True,DOWN,DOWN,DOWN,2.2584156728111133,3.7206064472521585,-6.795866433738532,1.076634913742138e-11,9.759268121740195e-11,True,True,1325,11677,407
FHIT,-1.25706013192499,1.51389826743175e-05,0.0001900442576622,-4.45312813105306,-4.3266564157507545,-1.688388986,6.2262303742523e-08,3.86159566422663e-07,-5.977240722,-5.412179283673647,-6.886396763924628,5.722325213301731e-12,5.294246213807413e-11,True,DOWN,DOWN,DOWN,1.0855228679228928,4.3266564157507545,-6.853819972647836,7.1903561229157176e-12,6.732601496572494e-11,True,True,1306,11689,395
DLL1,-1.20613727791113,2.54990976919654e-05,0.0002921897927071,-4.32706838233303,-4.210336170989577,-1.692598834,3.02084693533632e-08,2.06351622416827e-07,-6.147769148,-5.5402241735019455,-6.894687339958593,5.398340141656537e-12,5.048617951365011e-11,True,DOWN,DOWN,DOWN,1.3298880025123685,4.210336170989577,-6.855802970636077,7.091305904583327e-12,6.652503823375803e-11,True,True,1292,11697,387
PRR5L,-1.10246877915135,8.63055352892607e-06,0.0001214672225436,-4.58621486013174,-4.448914066637558,-1.412401803,9.682811749453e-08,5.69374036215298e-07,-5.872340622,-5.332578070856773,-6.916559420545139,4.627443726073808e-12,4.378496675187926e-11,True,DOWN,DOWN,DOWN,0.8836640042192148,4.448914066637558,-6.889168406782814,5.611947262726434e-12,5.390235196782472e-11,True,True,1277,11702,382
EXTL2,-1.0397841800553,1.12530291581648e-05,0.0001507141419366,-4.52372476819327,-4.391579273876817,-1.090531673,6.3823732632463e-08,3.94636927292372e-07,-5.97137303,-5.407743518385277,-6.92916759744442,4.233240514445233e-12,4.0403037232260463e-11,True,DOWN,DOWN,DOWN,1.0161642445084595,4.391579273876817,-6.898351076174836,5.260960161821298e-12,5.089526151744335e-11,True,True,1266,11708,376
FCRL6,-1.73660276454678,8.05345058609493e-07,1.73538893542613e-05,-5.12071599830117,-4.934067696703154,-1.827668704,7.93492934965123e-07,3.59857562925484e-06,-5.362945114,-4.936961092644497,-6.97987139423536,2.9545039388073426e-12,2.935795320115882e-11,True,DOWN,DOWN,DOWN,0.00289339594134308,4.934067696703154,-6.975152918347781,3.0553829506227106e-12,3.147330962691749e-11,True,True,1216,11728,356
PLEKHF1,-1.11955960143937,5.40896615129449e-07,1.25029126980415e-05,-5.20669519884376,-5.011207108684921,-1.246203002,7.23854458947628e-07,3.32288191080055e-06,-5.385569531,-4.9548517812949955,-7.047067822809274,1.8272726918839604e-12,1.9049987865430453e-11,True,DOWN,DOWN,DOWN,0.05635532738992577,4.9548517812949955,-7.043832636483219,1.8702276906965212e-12,2.0176751059541133e-11,True,True,1159,11752,332
FAM135A,-1.00225705666354,0.0004345790493454,0.0029635876837307,-3.58736473045383,-3.5181424271659987,-1.20394626,6.767796494820429e-11,1.14286162124441e-09,-7.542708864,-6.525714856954548,-7.1020795948715385,1.22893413239356e-12,1.332963296383428e-11,True,DOWN,DOWN,DOWN,3.0075724297885493,3.5181424271659987,-7.019790548976348,2.2220108828351717e-12,2.3572043456801914e-11,True,True,1114,11767,317
CD200R1,-1.11252076067255,8.7341217513512e-06,0.0001225933389079,-4.58341835216152,-4.446350950731444,-1.050326944,1.85607714549096e-08,1.35748649793372e-07,-6.26179362,-5.624907212437878,-7.1214549422574,1.0679364820218288e-12,1.1816736732847763e-11,True,DOWN,DOWN,DOWN,1.1785562617064347,4.446350950731444,-7.086322474217657,1.3772268619464744e-12,1.5339818807587877e-11,True,True,1092,11774,310
KLRD1,-1.46223352213686,6.76271062443677e-08,2.30183061631567e-06,-5.64152628414713,-5.397363981689392,-1.549090551,2.50366336453025e-06,1.00052801371503e-05,-5.076435964,-4.707831159642588,-7.145452009649195,8.97002262491289e-13,1.0082305430402088e-11,True,DOWN,DOWN,DOWN,0.6895328220468047,4.707831159642588,-7.158480716696181,8.157606026586932e-13,9.597697528651402e-12,True,True,1075,11780,304
CRIP2,-1.3719677754363,8.40373687942906e-05,0.0007760484202036,-4.02818315583319,-3.9325846585347435,-1.900385948,6.67045650385238e-10,7.856186315599891e-09,-7.026520818,-6.173713036437572,-7.1462316328048985,8.919250684525933e-13,1.0034572255225963e-11,True,DOWN,DOWN,DOWN,2.241128377902829,3.9325846585347435,-7.083679444056192,1.4037641498543898e-12,1.5575465769229194e-11,True,True,1074,11781,303
MS4A2,-1.07450779568541,0.0003054167960936,0.0022120404354984,-3.68526734779298,-3.6106617198074082,-2.912336956,6.851459374918419e-11,1.15506606469427e-09,-7.539951775,-6.523873295706695,-7.166198433642535,7.710898455135058e-13,8.823437612144904e-12,True,DOWN,DOWN,DOWN,2.9132115758992865,3.6106617198074082,-7.086300250264941,1.3774479356312875e-12,1.5339818807587877e-11,True,True,1055,11791,293
TIGIT,-1.20208990629787,2.18060506037876e-05,0.0002575845914037,-4.36517077097713,-4.245547294417601,-1.880554373,3.4273546872900303e-09,3.16963886971861e-08,-6.652870979,-5.909698011063234,-7.180842820118349,6.928296899457484e-13,8.003308932709827e-12,True,DOWN,DOWN,DOWN,1.6641507166456329,4.245547294417601,-7.133147586941773,9.80992697711428e-13,1.1299651826927724e-11,True,True,1046,11798,286
ID3,-1.27276580908991,7.75802094102423e-08,2.57508901719737e-06,-5.61348877365027,-5.372667725680035,-1.218892031,1.57099037786126e-06,6.6020007984675e-06,-5.193452029,-4.801986817404575,-7.194567223645641,6.265919007375023e-13,7.315082064358687e-12,True,DOWN,DOWN,DOWN,0.5706809082754605,4.801986817404575,-7.204498118215083,5.825802731126609e-13,7.139267180547953e-12,True,True,1035,11803,281
TMIGD2,-1.03029244082928,0.0002984253807352,0.0021716788822352,-3.69162756185025,-3.616663036468331,-2.022175881,4.666094028175649e-11,8.45035298076288e-10,-7.626094781,-6.5812181370585545,-7.210990931535488,5.554615436419935e-13,6.5479432505621536e-12,True,DOWN,DOWN,DOWN,2.9645551005902235,3.616663036468331,-7.129738821350306,1.0055955662639611e-12,1.1550010672212398e-11,True,True,1025,11809,275
NOXA1,-1.26414545827712,1.25497685778554e-05,0.0001634547686193,-4.49785991211461,-4.3678115822402965,-1.533358057,5.26463820976657e-09,4.58807487843742e-08,-6.554087147,-5.838583860681932,-7.217011429161784,5.314251219204756e-13,6.319542688449175e-12,True,DOWN,DOWN,DOWN,1.4707722784416353,4.3678115822402965,-7.174279271417983,7.26890946766501e-13,8.657542883368436e-12,True,True,1016,11813,271
SAMD3,-1.2209942541705,3.44696230031193e-06,5.65870049414879e-05,-4.79792272242325,-4.642213608654254,-1.63259261,2.60358586673068e-08,1.8058592668661e-07,-6.182634588,-5.566197202182281,-7.2184365094805765,5.258867941181051e-13,6.269669145320053e-12,True,DOWN,DOWN,DOWN,0.9239835935280274,4.642213608654254,-7.189804827196825,6.488400491166659e-13,7.832102211265409e-12,True,True,1013,11816,268
TNFRSF25,-1.13950095270773,8.71870314281536e-08,2.82197527220751e-06,-5.58957934078357,-5.351585280995515,-1.857752684,5.96835676535406e-07,2.79871083371435e-06,-5.432969972,-4.992238251394395,-7.314187763149891,2.5894285920444846e-13,3.332062372489192e-12,True,DOWN,DOWN,DOWN,0.3593470296011203,4.992238251394395,-7.318588870075995,2.5059204334592526e-13,3.323714225849413e-12,True,True,939,11840,244
PRR5,-1.01064484937207,1.3397656824719e-06,2.64728339825105e-05,-5.00933667885515,-4.833762270224,-1.173345056,3.33416293351156e-08,2.24577078892554e-07,-6.124589189,-5.522917511613194,-7.323278504314693,2.4198485657308246e-13,3.1305171541462047e-12,True,DOWN,DOWN,DOWN,0.6891552413891944,4.833762270224,-7.300633181432249,2.864166247618348e-13,3.760018557819957e-12,True,True,934,11843,241
S1PR5,-1.82371204208075,1.18547653871721e-07,3.6208516393237e-06,-5.52633620948443,-5.295721105722299,-1.918405506,3.53012207540425e-07,1.77126189538035e-06,-5.561160618,-5.092693458440633,-7.345718384096702,2.046568758999713e-13,2.696089218633237e-12,True,DOWN,DOWN,DOWN,0.2030276472816661,5.092693458440633,-7.346067109516435,2.0412391676176351e-13,2.7588694476872353e-12,True,True,917,11850,234
DRC2,-1.44019701786633,5.6572440766059e-07,1.2959371708232e-05,-5.19704878568772,-5.0025651949119325,-1.817105612,6.92578536847388e-08,4.243560515348e-07,-5.952002318,-5.393085818811989,-7.350835326652991,1.969719686145768e-13,2.6011063352676846e-12,True,DOWN,DOWN,DOWN,0.3905206239000565,5.0025651949119325,-7.335873316278713,2.202803117494985e-13,2.96397216800578e-12,True,True,915,11851,233
GZMM,-1.20824067626059,3.90702868037228e-08,1.46081332398459e-06,-5.75269278982515,-5.495003408615794,-1.596732978,8.68176372418142e-07,3.89632330360972e-06,-5.340751952,-4.9193825651475285,-7.364082943942112,1.7836877059017346e-13,2.3841038219480817e-12,True,DOWN,DOWN,DOWN,0.5756208434682657,4.9193825651475285,-7.374028454715906,1.6554783079883954e-13,2.315178749470345e-12,True,True,904,11855,229
CD244,-1.11717051098467,2.74473437959241e-08,1.10396016630809e-06,-5.82352833043627,-5.556985572467462,-1.288456433,8.30662116340854e-07,3.74815764441074e-06,-5.351655024,-4.9280221275113645,-7.4140200454481935,1.2252738797610592e-13,1.6939341291936932e-12,True,DOWN,DOWN,DOWN,0.6289634449560975,4.9280221275113645,-7.425308012669264,1.1251776560439515e-13,1.6340771175455608e-12,True,True,874,11868,216
CLIC3,-1.42855469908355,1.69581196525522e-07,4.84946316174028e-06,-5.45205261365009,-5.229922411908496,-1.706011766,1.25453333778187e-07,7.1389423747346e-07,-5.8105175,-5.28536650082367,-7.4354320963286336,1.0422669751911972e-13,1.4695113023611711e-12,True,DOWN,DOWN,DOWN,0.05544408891517438,5.229922411908496,-7.429055268526436,1.0937604160938456e-13,1.5922779647785465e-12,True,True,857,11872,212
KRT72,-1.33331326019874,8.13898346140749e-06,0.0001154856960829,-4.59994541672988,-4.461495029152887,-2.457319526,1.3804488658468701e-09,1.45061572270675e-08,-6.861025478,-6.05774279673364,-7.438224399598398,1.0204760827618233e-13,1.44553487784421e-12,True,DOWN,DOWN,DOWN,1.5962477675807527,4.461495029152887,-7.392109110186935,1.4451785583183806e-13,2.03996407945806e-12,True,True,853,11875,209
CD40LG,-1.07388169850966,0.000333930027228,0.0023888120209555,-3.66067681278479,-3.5874482136849073,-1.702248383,4.13520195320381e-12,1.19467280360294e-10,-8.167286717,-6.932481994646208,-7.43871398792014,1.0167017899711665e-13,1.441878841340564e-12,True,DOWN,DOWN,DOWN,3.345033780961301,3.5874482136849073,-7.347498002130647,2.0195131422066746e-13,2.737524578692829e-12,True,True,852,11876,208
PDGFD,-1.13532226370343,9.95482716842178e-06,0.0001361295151885,-4.55267010911516,-4.418152288222414,-1.389468211,7.14133196206402e-10,8.318974929501461e-09,-7.01103337,-6.162925037715687,-7.481951529430051,7.322695593390407e-14,1.0780435730904077e-12,True,DOWN,DOWN,DOWN,1.744772749493273,4.418152288222414,-7.431976757844896,1.0698660297226371e-13,1.5726510020849907e-12,True,True,820,11886,198
IL2RB,-1.17706099871607,9.57320720464635e-08,3.04552042893046e-06,-5.57038345435099,-5.334644224020639,-1.804961617,1.09848380325097e-07,6.34710826602078e-07,-5.842253299,-5.309629382668381,-7.526638048094795,5.206343156715339e-14,7.922952690502701e-13,True,DOWN,DOWN,DOWN,0.02501484135225862,5.309629382668381,-7.522275537092533,5.383098555675617e-14,8.394881830568161e-13,True,True,794,11892,192
ZC3H12B,-1.02526679670426,6.03210834312835e-05,0.0005939218895695,-4.11286251491504,-4.011551230191546,-1.689040786,2.7960356989948598e-11,5.59786772076158e-10,-7.740757165,-6.6569314197001415,-7.543756426709439,4.5662364678973574e-14,7.010652508462995e-13,True,DOWN,DOWN,DOWN,2.6453801895085958,4.011551230191546,-7.470514291758258,7.988199397261762e-14,1.2020101284821155e-12,True,True,787,11895,189
SKAP1,-1.05010851257522,2.53587796592686e-06,4.40822660703504e-05,-4.86728521653599,-4.705223652300979,-1.546853146,2.1006809254156e-09,2.07419230030933e-08,-6.765103909,-5.989824115775575,-7.5625408019209805,3.952710689790892e-14,6.163890902360789e-13,True,DOWN,DOWN,DOWN,1.2846004634745967,4.705223652300979,-7.524380039897187,5.2971061535439256e-14,8.280069036645699e-13,True,True,774,11900,184
UBASH3A,-1.06581704441151,9.2277841784433e-06,0.0001278672138847,-4.57051318470032,-4.434519560435605,-1.720084108,2.67791316754854e-10,3.6255511983345803e-09,-7.233135777,-6.316362600331684,-7.6020216796160325,2.9153987639435064e-14,4.67198451786862e-13,True,DOWN,DOWN,DOWN,1.8818430398960784,4.434519560435605,-7.54843204434438,4.405294625897024e-14,6.985456032114665e-13,True,True,754,11905,179
FCRL3,-1.51962007053022,6.78540155782419e-07,1.51178514331557e-05,-5.15784114585477,-4.967407187057862,-1.827404802,7.158328721893921e-09,5.96213818516347e-08,-6.483140043,-5.787167275427871,-7.60463253119933,2.857145449331211e-14,4.591435857502971e-13,True,DOWN,DOWN,DOWN,0.8197600883700087,4.967407187057862,-7.578431779796348,3.497567279492327e-14,5.642337174646968e-13,True,True,751,11907,177
ZNF571,-1.04563322728623,0.0002879291591388,0.0021118321612935,-3.70144553837664,-3.625924785554403,-1.5017338,8.82128037189995e-13,3.4470980197014e-11,-8.511087935,-7.147748395068578,-7.618137364306149,2.5736234351266293e-14,4.2023097252209543e-13,True,DOWN,DOWN,DOWN,3.521823609514175,3.625924785554403,-7.522242677619203,5.384452055524559e-14,8.394881830568161e-13,True,True,740,11909,175
TMEM220,-1.06814372285989,0.0004276895408514,0.0029273447978896,-3.59184349389695,-3.5223806666752053,-1.712322891,4.09539745303835e-13,1.90939668379473e-11,-8.681710993,-7.252370502249573,-7.61889961714439,2.5584732558723522e-14,4.183224945968286e-13,True,DOWN,DOWN,DOWN,3.7299898355743673,3.5223806666752053,-7.517635914029068,5.577556485752758e-14,8.651298461790831e-13,True,True,739,11910,174
EEIG1,-1.23827481447882,3.77584080227418e-06,6.08789995028382e-05,-4.77719616436443,-4.623354247291151,-1.94330164,7.16639622805338e-10,8.32426585917243e-09,-7.010237689,-6.162370435041434,-7.626659062888492,2.4091562379835284e-14,3.971328079611865e-13,True,DOWN,DOWN,DOWN,1.539016187750283,4.623354247291151,-7.581894379483785,3.40545468713193e-14,5.511678320309538e-13,True,True,733,11912,172
LY9,-1.14602074096576,5.5942054984302e-06,8.42465333828987e-05,-4.68705971614166,-4.541173177858522,-1.5089255,3.95035036093804e-10,5.04833369062283e-09,-7.14525512,-6.255976972677457,-7.634738088933344,2.2627995766332904e-14,3.7712285909600067e-13,True,DOWN,DOWN,DOWN,1.714803794818935,4.541173177858522,-7.585434550485473,3.313745631016689e-14,5.37449509524492e-13,True,True,725,11913,171
TMEM204,-1.08195029000288,1.33789535139821e-06,2.64559655998751e-05,-5.00964467072618,-4.834040223240272,-1.74637503,2.39166968734038e-09,2.32528537530921e-08,-6.735403494,-5.9686893565972525,-7.638683341227616,2.194542934139038e-14,3.66252241342569e-13,True,DOWN,DOWN,DOWN,1.1346491333569801,4.834040223240272,-7.604339094393663,2.863635075570838e-14,4.770899420919617e-13,True,True,724,11914,170
ERBB2,-1.13337542057964,8.28396679575665e-06,0.0001172233104545,-4.59581439391806,-4.4577105178219805,-1.551214112,1.93733313618329e-10,2.7476261073379903e-09,-7.306176261,-6.366228057675405,-7.653680365880861,1.953073776437976e-14,3.297534088839606e-13,True,DOWN,DOWN,DOWN,1.9085175398534249,4.4577105178219805,-7.599368438152401,2.97579434847184e-14,4.939082845135335e-13,True,True,715,11917,167
AXIN2,-1.02230158112948,4.50448651177523e-05,0.0004658496704593,-4.18640000778519,-4.079952702401264,-2.279373523,1.15135575446387e-11,2.71519140189322e-10,-7.938999452,-6.786187404857901,-7.683521355166074,1.5477415097354683e-14,2.6646421075297825e-13,True,DOWN,DOWN,DOWN,2.706234702456637,4.079952702401264,-7.608616822309768,2.770447738561358e-14,4.64290152913133e-13,True,True,701,11923,161
FMNL3,-1.06313134107106,3.4900877791315e-05,0.0003795342844811,-4.24989188794507,-4.1388777976301405,-1.638258867,1.4946604691638198e-11,3.33845913822812e-10,-7.880741516,-6.748417790403558,-7.698480539081008,1.3769369926960457e-14,2.4112361859052636e-13,True,DOWN,DOWN,DOWN,2.609539992773417,4.1388777976301405,-7.626059764749663,2.420376550724304e-14,4.130707607683865e-13,True,True,690,11926,158
CARNS1,-1.07942944663996,1.06752930041444e-06,2.20829212914825e-05,-5.05924803187174,-4.8787635842965305,-2.020452004,1.29590003910982e-09,1.37602872739195e-08,-6.875439745,-6.067904396179832,-7.740463160392485,9.905530188435079e-15,1.7863958398038963e-13,True,DOWN,DOWN,DOWN,1.1891408118833011,4.8787635842965305,-7.704645882466624,1.3120661540429954e-14,2.39120593352964e-13,True,True,670,11934,150
CAMK4,-1.13813244495835,3.23912897996435e-05,0.0003558119605133,-4.26833178009501,-4.155968186415766,-2.087486742,9.62111034224021e-12,2.35944061488481e-10,-7.979065834,-6.812059786943803,-7.755566956206296,8.794965937008913e-15,1.605280565209648e-13,True,DOWN,DOWN,DOWN,2.656091600528037,4.155968186415766,-7.681907656951118,1.567368069263599e-14,2.8015544942177615e-13,True,True,662,11937,147
ELOVL4,-1.00112103946978,0.0001638362294962,0.00134410788152,-3.85358905594036,-3.7691015433719586,-1.907763723,5.16544544905379e-13,2.2626436102e-11,-8.630095907,-7.220874114554242,-7.771086312794704,7.781584883523209e-15,1.4416897638202947e-13,True,DOWN,DOWN,DOWN,3.4517725711822833,3.7691015433719586,-7.676896449332697,1.629890762899137e-14,2.8919192493553994e-13,True,True,652,11938,146
PLA2G7,-1.46395189427982,1.84043679207791e-05,0.0002233847324638,-4.40620646576915,-4.283418322199141,-2.390172275,1.93525202538681e-11,4.1271131784300703e-10,-7.823030336,-6.71082642597635,-7.774105015459476,7.598268582878585e-15,1.4124596813372606e-13,True,DOWN,DOWN,DOWN,2.427408103777209,4.283418322199141,-7.706331022508567,1.2948649500361752e-14,2.363421932218596e-13,True,True,650,11939,145
EOMES,-1.26536163018366,6.28761581107704e-08,2.16432045306426e-06,-5.6563647750129,-5.410422703534487,-1.571062487,2.19129181146961e-08,1.56539588687619e-07,-6.222996707,-5.5961776405454735,-7.782841741109126,7.0913320995130405e-15,1.322292681457038e-13,True,DOWN,DOWN,DOWN,0.18575493701098633,5.410422703534487,-7.772873118675267,7.672558686248921e-15,1.5025531054448253e-13,True,True,648,11941,143
RORA,-1.17615000437956,1.11667840963553e-06,2.28633534649452e-05,-5.04938417616096,-4.869876817109674,-2.124507456,6.76807370423838e-10,7.95268266487014e-09,-7.023222716,-6.171416815123796,-7.807373600424131,5.839198810896301e-15,1.1181464220611728e-13,True,DOWN,DOWN,DOWN,1.301539998014122,4.869876817109674,-7.768613083297023,7.935014631506026e-15,1.5489302389739469e-13,True,True,631,11950,134
PID1,-1.06970761533732,0.0001165913643663,0.0010136529709132,-3.94326807942435,-3.8531847179038548,-3.340792283,6.13100991520312e-13,2.59588751754143e-11,-8.591990303,-7.197536591767263,-7.8140399750711325,5.538351737739181e-15,1.0710955701041754e-13,True,DOWN,DOWN,DOWN,3.3443518738634084,3.8531847179038548,-7.722591863001355,1.1398771151850815e-14,2.109209063213069e-13,True,True,624,11952,132
MTUS1,-1.14852760644705,0.0006777513663003,0.0042622338823668,-3.46108878529834,-3.3984246226652424,-2.077350158,1.52599706006913e-14,1.43281233218806e-12,-9.414036183,-7.685332864992244,-7.837400080549779,4.59970700392878e-15,9.111190119421549e-14,True,DOWN,DOWN,DOWN,4.2869082423270015,3.3984246226652424,-7.721628340070227,1.1485287735023209e-14,2.1219683746526825e-13,True,True,610,11957,127
NSG1,-1.50531490308959,1.62347696000833e-05,0.0002011797187156,-4.43638065213096,-4.311231676388214,-2.044970863,1.0851890785280598e-11,2.59316089615593e-10,-7.952207389,-6.794725559329632,-7.853097672943892,4.058853205088583e-15,8.0929246331824e-14,True,DOWN,DOWN,DOWN,2.483493882941418,4.311231676388214,-7.783824698575929,7.036424047383283e-15,1.3915075575209854e-13,True,True,606,11958,126
ZNF74,-1.04355368291542,3.53788236434677e-06,5.78669470568171e-05,-4.79200766783949,-4.6368328752043,-1.370430122,9.41667841137567e-11,1.4978796459694902e-09,-7.468538706,-6.476030879603187,-7.857981319426573,3.9037350442692465e-15,7.809409029785647e-14,True,DOWN,DOWN,DOWN,1.8391980043988871,4.6368328752043,-7.805321184228365,5.935019966250178e-15,1.1952141042033484e-13,True,True,604,11959,125
TC2N,-1.13427605286738,5.47702195100285e-06,8.28172819470931e-05,-4.69194452058382,-4.54563368905507,-1.777816453,4.96587666178659e-11,8.89690323124504e-10,-7.612139591,-6.571955318003293,-7.861322577335984,3.800985307345249e-15,7.629120509742964e-14,True,DOWN,DOWN,DOWN,2.0263216289482227,4.54563368905507,-7.803834388661046,6.005399079070716e-15,1.207374992885382e-13,True,True,602,11960,124
GPR183,-1.17078722546964,2.64761824636008e-07,7.01536073638426e-06,-5.35868904143324,-5.146945771510373,-1.304933311,1.82919989839815e-09,1.84017872715342e-08,-6.796752658,-6.0122906395713525,-7.890771739139718,3.003235174535004e-15,6.17144398195688e-14,True,DOWN,DOWN,DOWN,0.8653448680609799,5.146945771510373,-7.863205003172324,3.744274808908696e-15,7.881894166558148e-14,True,True,588,11964,120
TBC1D4,-1.02198579694106,2.36686477775735e-07,6.38930727298543e-06,-5.38228021318721,-5.167941409670089,-1.812922095,1.5880438524008e-09,1.62744403085097e-08,-6.829051942,-6.035160889084524,-7.9217896057759845,2.3411621708175683e-15,4.954161560418332e-14,True,DOWN,DOWN,DOWN,0.8672194794144348,5.167941409670089,-7.894153887616542,2.9229133978312373e-15,6.295465701603358e-14,True,True,571,11971,113
DOCK9,-1.0612468354619,0.0001591112427303,0.0013119619358591,-3.86136367208795,-3.7764002423496654,-1.398115367,9.15119272615089e-14,5.76383042481572e-12,-9.015010038,-7.452609385156076,-7.940108853618337,2.020038957369124e-15,4.366391900159414e-14,True,DOWN,DOWN,DOWN,3.6762091428064103,3.7764002423496654,-7.840018422010548,4.504803366615804e-15,9.241347891140705e-14,True,True,559,11975,109
KLRC1,-1.53786420051355,2.89381270933169e-07,7.50804467945549e-06,-5.33992771278504,-5.130234617072236,-1.932954596,8.79956043058497e-10,9.93769881488543e-09,-6.963582231,-6.129789165221962,-7.962039172782024,1.6922687874497332e-15,3.697591999774887e-14,True,DOWN,DOWN,DOWN,0.9995545481497263,5.130234617072236,-7.930963816408751,2.1745157497794996e-15,4.7859150828024945e-14,True,True,553,11978,106
CD96,-1.14329182519582,1.64657941645649e-07,4.72438648031257e-06,-5.45819016368412,-5.235366344408564,-1.70052825,1.5338196396902401e-09,1.58342796412375e-08,-6.836984062,-6.040768446708637,-7.973431376372526,1.5432832208491673e-15,3.402826853562133e-14,True,DOWN,DOWN,DOWN,0.8054021023000733,5.235366344408564,-7.947355540994347,1.9053498830411985e-15,4.247151591073076e-14,True,True,548,11979,105
KRT73,-1.23012728409138,5.66148113479717e-06,8.50136893080362e-05,-4.68429978061028,-4.538652624825404,-2.620776445,1.03144494020575e-11,2.49626907306836e-10,-7.963541055,-6.802044822080061,-8.019084068091821,1.065365760662225e-15,2.428832921902201e-14,True,DOWN,DOWN,DOWN,2.2633921972546576,4.538652624825404,-7.9553769786409205,1.7858689476079743e-15,4.01090232229501e-14,True,True,530,11983,101
LBH,-1.12237533983137,7.30734496176447e-08,2.45683511550384e-06,-5.62572057223315,-5.383445327783926,-1.690055976,2.07620842160473e-09,2.05503089304859e-08,-6.767785201,-5.991729672727832,-8.043463380045553,8.733431413013402e-16,2.0490495488046784e-14,True,DOWN,DOWN,DOWN,0.6082843449439057,5.383445327783926,-8.022424525351273,1.0367810367668596e-15,2.4856002514392787e-14,True,True,515,11988,96
FCGBP,-1.33085680325411,1.30172072655889e-06,2.58388088994981e-05,-5.01568526626187,-4.83949102011072,-2.423711771,3.96748312731171e-11,7.457323939296461e-10,-7.662430038,-6.605286870876828,-8.092680055891169,5.836603006756338e-16,1.4161380347517435e-14,True,DOWN,DOWN,DOWN,1.765795850766108,4.83949102011072,-8.041756777740137,8.855953811852838e-16,2.1927387476783396e-14,True,True,498,11994,90
FEZ1,-1.47513549630018,1.37973246460485e-05,0.0001762630236937,-4.47529840066752,-4.347061970353513,-1.902052424,1.0747095067790998e-12,4.01858620005104e-11,-8.467170296,-7.120583691549258,-8.108850011775944,5.110107765454156e-16,1.2601108597955628e-14,True,DOWN,DOWN,DOWN,2.7735217211957446,4.347061970353513,-8.031927198100181,9.595330656455447e-16,2.3375076677812735e-14,True,True,490,11998,86
PPP2R2B,-1.76468110756726,2.23361478303789e-08,9.39020315007997e-07,-5.86462099671787,-5.59285837817714,-1.584768676,3.5330289256342604e-09,3.25549112407035e-08,-6.64589411,-5.9046935374151275,-8.129996926559672,4.2930131883578217e-16,1.0750884936235242e-14,True,DOWN,DOWN,DOWN,0.31183515923798755,5.59285837817714,-8.116545784647222,4.796398176299681e-16,1.238352118893783e-14,True,True,482,12001,83
KLF12,-1.19409497467556,3.22115006077613e-07,8.16873162029331e-06,-5.31725800286232,-5.110025691778434,-1.848555829,9.43991766173906e-11,1.4992245113369602e-09,-7.467984851,-6.475658752270569,-8.192316035074546,2.5624671652707154e-16,6.865252939682052e-15,True,DOWN,DOWN,DOWN,1.3656330604921347,5.110025691778434,-8.151646477571687,3.590024895270666e-16,9.59696256848572e-15,True,True,451,12010,74
ABLIM1,-1.24043889113379,1.53120225157972e-07,4.44715136081016e-06,-5.47330513715986,-5.2487674429626265,-1.700055276,1.54286363335403e-10,2.2732622109355204e-09,-7.357474608,-6.401075388780872,-8.237682866083318,1.7557784022559736e-16,4.8665906017477244e-15,True,DOWN,DOWN,DOWN,1.1523079458182455,5.2487674429626265,-8.202484679666881,2.354687557877564e-16,6.5708290443036035e-15,True,True,435,12016,68
P2RY10,-1.29121798222866,6.137937757808041e-09,3.3912431904764e-07,-6.11832017382816,-5.812955512562268,-1.427512084,4.67364838101256e-09,4.14094638773769e-08,-6.581528014,-5.858393977458692,-8.252890369991974,1.546088706517322e-16,4.364810710478692e-15,True,DOWN,DOWN,DOWN,0.045438464896424335,5.812955512562268,-8.246227710200547,1.634730260471421e-16,4.669608921341886e-15,True,True,428,12017,67
TMEM8B,-1.12984270880419,1.94271777780337e-06,3.56087257967613e-05,-4.9269477517166,-4.759293489615412,-1.739709992,3.0149728045944297e-12,9.33536846564573e-11,-8.237641956,-6.977024438088272,-8.298829992840524,1.0514169914127058e-16,3.0612702427083675e-15,True,DOWN,DOWN,DOWN,2.2177309484728607,4.759293489615412,-8.236114364668126,1.7789389021879425e-16,5.033938818533235e-15,True,True,415,12022,62
PRSS23,-1.6634260225119,1.05089287638226e-08,5.2692457268007e-07,-6.01349632099619,-5.722303613878294,-2.160498129,1.46237343802043e-09,1.52172374019971e-08,-6.847871548,-6.048459531269729,-8.323186439674862,8.562959789148726e-17,2.561045622086239e-15,True,DOWN,DOWN,DOWN,0.3261559173914348,5.722303613878294,-8.30923743904693,9.631902271652524e-17,2.9168490012124676e-15,True,True,404,12025,59
TARP,-1.32328646988696,3.58162522246189e-08,1.36864365879774e-06,-5.77018865257535,-5.510329535983082,-1.770497856,1.6090642077655301e-10,2.35116151618219e-09,-7.348012671,-6.394658635897668,-8.418097866282517,3.826460810572456e-17,1.2395476132479084e-15,True,DOWN,DOWN,DOWN,0.8843290999145852,5.510329535983082,-8.389690694621018,4.8742285283854956e-17,1.5832070781849986e-15,True,True,373,12030,54
NCALD,-1.27389487691329,1.77103267047402e-07,5.02590874413799e-06,-5.44300294831586,-5.221893031914823,-1.74457931,1.7240463071029e-11,3.73561785837114e-10,-7.848851406,-6.727667239354999,-8.44961510001225,2.922647415515437e-17,9.728470722223974e-16,True,DOWN,DOWN,DOWN,1.5057742074401759,5.221893031914823,-8.405160181564405,4.272780105879227e-17,1.4183517038279863e-15,True,True,363,12031,53
ZNF540,-1.17755795240766,4.9718032871387e-05,0.0005042137059283,-4.16164887757977,-4.056948531200793,-2.113995537,7.82340319844542e-16,1.37970817624062e-13,-10.07903426,-8.056930607872042,-8.565806085712659,1.0732236907622136e-17,3.864454238015402e-16,True,DOWN,DOWN,DOWN,3.999982076671249,4.056948531200793,-8.456949412428216,2.7446291147226773e-17,9.44824888694989e-16,True,True,335,12037,47
TXK,-1.0280400295201,2.50434633108704e-06,4.36215559396775e-05,-4.87009810827407,-4.707775545758217,-1.850999957,1.1649405980067499e-13,7.0107300499035195e-12,-8.961306434,-7.420710090268899,-8.576134438758409,9.811485952117779e-18,3.592490447255731e-16,True,DOWN,DOWN,DOWN,2.7129345445106816,4.707775545758217,-8.50046324569215,1.8883558940160543e-17,6.61362442533217e-16,True,True,330,12039,45
CACNA2D3,-1.74114716585512,5.22892961911434e-07,1.21819548324273e-05,-5.21396344843991,-5.017716370992364,-2.73005383,7.04833208415036e-13,2.88782268684148e-11,-8.560985118,-7.1784943154727365,-8.62402328117931,6.464196915440514e-18,2.4484918911996154e-16,True,DOWN,DOWN,DOWN,2.1607779444803725,5.017716370992364,-8.562560086258022,1.1038847777286389e-17,4.054176221670256e-16,True,True,319,12040,44
KLRC3,-1.66896848654239,1.35574771628398e-08,6.36834346946896e-07,-5.96345693572331,-5.678886029316076,-2.45530732,6.605615868085109e-11,1.1227823333325301e-09,-7.548151547,-6.529349023291178,-8.632525792017896,6.001180586602762e-18,2.301976667553053e-16,True,DOWN,DOWN,DOWN,0.8504629939751016,5.678886029316076,-8.604849347886928,7.64170617269396e-18,2.9689625622077525e-16,True,True,315,12041,43
KLRG1,-1.29112090691408,3.77410646443343e-09,2.26298554202653e-07,-6.21220629975053,-5.893801439971459,-1.858858508,2.6423605125993803e-10,3.5869955526123203e-09,-7.236153698,-6.31842876161307,-8.635350788951579,5.8547096748896385e-18,2.2529444904997293e-16,True,DOWN,DOWN,DOWN,0.4246273216416112,5.893801439971459,-8.61865456745076,6.774538727575176e-18,2.6838279162390446e-16,True,True,314,12042,42
MATK,-1.34221836032085,7.168853285171509e-11,1.01388624478271e-08,-6.94947043220614,-6.517081390147748,-1.856382222,1.10576006175459e-08,8.67204942476596e-08,-6.38238258,-5.713653549360652,-8.648435614621627,5.221019559253223e-18,2.0460826802305228e-16,True,DOWN,DOWN,DOWN,0.8034278407870961,5.713653549360652,-8.663401653866803,4.578915733814564e-18,1.9012728113979854e-16,True,True,308,12044,40
EPHA4,-1.04385777678599,1.16768075553786e-05,0.0001551125895934,-4.51496972515809,-4.383536497250209,-2.030512092,3.4986912098086604e-15,4.56352793305637e-13,-9.743103501,-7.871694698182675,-8.66575708329951,4.485223744944315e-18,1.812540418400072e-16,True,DOWN,DOWN,DOWN,3.4881582009324656,4.383536497250209,-8.570033608070537,1.034548435861093e-17,3.8366063597412547e-16,True,True,299,12047,37
CACNG6,-1.54634805993127,1.08468884446594e-07,3.3686903322215e-06,-5.54467206349653,-5.311932329561833,-2.875243342,3.2818653373083e-12,9.96340301235428e-11,-8.218756918,-6.965093148006386,-8.6811679679885,3.9172514088554306e-18,1.6044796194305143e-16,True,DOWN,DOWN,DOWN,1.6531608184445536,5.311932329561833,-8.632757960968897,5.9890078631363995e-18,2.4202402010126124e-16,True,True,295,12049,35
SCML1,-1.21618565218986,9.188853703581141e-09,4.7257221329702e-07,-6.03976577189006,-5.745059743474347,-1.537291637,5.4250266974818094e-11,9.558729053142351e-10,-7.592314902,-6.558778625836218,-8.700127545562733,3.3151136205333046e-18,1.3860386808617273e-16,True,DOWN,DOWN,DOWN,0.8137188823618704,5.745059743474347,-8.673353737946355,4.195759697181772e-18,1.754234063012019e-16,True,True,289,12050,34
MMP23B,-1.41936886677955,3.65036867159365e-10,3.72523701728947e-08,-6.65223099902969,-6.268288982878119,-2.022487145,1.4597804592470302e-09,1.51980531283311e-08,-6.848276547,-6.048745500492229,-8.709458607299718,3.0532957456792242e-18,1.2810059894111828e-16,True,DOWN,DOWN,DOWN,0.21954348238589017,6.048745500492229,-8.709325943045002,3.0568710479779677e-18,1.3097933642807725e-16,True,True,288,12051,33
MYBL1,-1.62552457137236,3.46936569989854e-08,1.32769564130088e-06,-5.77658733503793,-5.515931911530368,-2.221602599,4.9250299963615294e-12,1.38152881543856e-10,-8.128348828,-6.907720527512566,-8.78484888675205,1.5657487919234458e-18,6.904723595916422e-17,True,DOWN,DOWN,DOWN,1.3917886159821986,5.515931911530368,-8.743110565066102,2.267785572793681e-18,1.0037235558998552e-16,True,True,274,12053,31
PLEKHA1,-1.01919853489878,1.14274996163962e-07,3.52761355299499e-06,-5.53391602360099,-5.302424079788561,-1.774290102,7.65374882240125e-13,3.1045135973424e-11,-8.542660323,-7.167217316523711,-8.817367990296896,1.1718162458128588e-18,5.322953269983749e-17,True,DOWN,DOWN,DOWN,1.8647932367351503,5.302424079788561,-8.763409465755592,1.8943204880941707e-18,8.540699424493233e-17,True,True,266,12054,30
NOG,-1.39828708440745,4.91573278030511e-05,0.0004995006409288,-4.16449825225793,-4.059597741879903,-3.972677734,3.9859626924016e-17,1.2248380206757101e-14,-10.75177938,-8.413311007484218,-8.81967835779639,1.147889700823161e-18,5.233943869828775e-17,True,DOWN,DOWN,DOWN,4.3537132656043145,4.059597741879903,-8.701530216532076,3.274385731540265e-18,1.3931127744436978e-16,True,True,265,12055,29
SLC16A10,-1.43236837778378,3.21426440179262e-05,0.00035352832852,-4.27023270825635,-4.157729401498644,-2.814299801,4.28467966898224e-17,1.27790571127395e-14,-10.73535388,-8.40483379299408,-8.883073623910342,6.503788804769283e-19,3.1815902885840987e-17,True,DOWN,DOWN,DOWN,4.247104391495435,4.157729401498644,-8.76763269726579,1.824619300404683e-18,8.288298874733002e-17,True,True,247,12057,27
DNASE1L3,-1.61151576385007,1.25764155042093e-05,0.0001635562522069,-4.49735585644559,-4.367348184034636,-3.163042195,2.04432674327604e-16,4.82104542795132e-14,-10.38138527,-8.219453459952636,-8.900212795913385,5.573971818764615e-19,2.7716173451083475e-17,True,DOWN,DOWN,DOWN,3.8521052759179994,4.367348184034636,-8.794947308046249,1.4311512484273972e-18,6.625517446263693e-17,True,True,243,12058,26
ARK2C,-1.12800203163019,2.20626095689985e-05,0.0002600250402237,-4.36233045971686,-4.242924074051695,-2.603648054,6.771740330152621e-17,1.8070745478398102e-14,-10.63143804,-8.350947699862237,-8.905212132728396,5.328405372943176e-19,2.6826300883863498e-17,True,DOWN,DOWN,DOWN,4.108023625810542,4.242924074051695,-8.793343304545665,1.451740215686342e-18,6.695182071045066e-17,True,True,240,12059,25
NCR3,-1.60477975832883,7.19482656840487e-10,6.32537066856757e-08,-6.52615870841679,-6.161743636333468,-1.860579411,1.06824417042323e-10,1.6691109414756202e-09,-7.440192044,-6.45696382854108,-8.9227736182221,4.547536605880658e-19,2.3283002037650846e-17,True,DOWN,DOWN,DOWN,0.2952201922076121,6.161743636333468,-8.909223517355464,5.139121148035581e-19,2.68813856414346e-17,True,True,236,12060,24
OXNAD1,-1.02554962982285,1.29045115501435e-07,3.89124106685266e-06,-5.5087901478618,-5.28019692557459,-1.704932732,5.96009360756816e-14,4.099545030853199e-12,-9.110445568,-7.508955595525271,-9.043296473298742,1.5201687902329e-19,8.916601695332104e-18,True,DOWN,DOWN,DOWN,2.2287586699506807,5.28019692557459,-8.979801136015965,2.7125658867755452e-19,1.5244620283678562e-17,True,True,206,12063,21
SH2D1B,-1.4549922950448,7.46708878011608e-08,2.50085008140233e-06,-5.6213026914422,-5.379553294270503,-2.347482004,1.2438796435521e-13,7.41974207378826e-12,-8.946720408,-7.412022161638248,-9.04500974693248,1.4965181898099032e-19,8.863935925231893e-18,True,DOWN,DOWN,DOWN,2.0324688673677453,5.379553294270503,-8.986575491669472,2.5505351713104124e-19,1.4468599284011132e-17,True,True,204,12064,20
TNFRSF21,-1.81257110242717,3.6140061240568503e-09,2.17702040199841e-07,-6.22053368523928,-5.90095630825915,-2.066486791,4.39189275406474e-12,1.26173577691085e-10,-8.153872172,-6.923960223962023,-9.068585448085052,1.2057209278472765e-19,7.320967824712885e-18,True,DOWN,DOWN,DOWN,1.0230039157028736,5.90095630825915,-9.036169134806642,1.6225854663789574e-19,9.802850095128472e-18,True,True,199,12066,18
CD160,-1.90508293582936,6.02104442466321e-09,3.34084518258019e-07,-6.12204841785305,-5.8161721920210265,-2.573562084,1.0217248409508499e-12,3.87334641725397e-11,-8.478415046,-7.127548221461995,-9.152592478156587,5.558332984486089e-20,3.6500726875839895e-18,True,DOWN,DOWN,DOWN,1.3113760294409689,5.8161721920210265,-9.112683291727345,8.036915281789973e-20,5.2777199646667524e-18,True,True,184,12067,17
LRRN3,-1.4751259944667,1.72864496880799e-06,3.2432969014629e-05,-4.9529341202542,-4.782806520949633,-3.765123357,2.21536175299766e-16,5.04828670927477e-14,-10.36324322,-8.209811410844091,-9.187168244937277,4.0331866056045735e-20,2.8007467675586243e-18,True,DOWN,DOWN,DOWN,3.4270048898944587,4.782806520949633,-9.092674978991866,9.66317768638478e-20,6.049750051014886e-18,True,True,174,12068,16
KLHL3,-1.39189451234112,3.54611860591166e-06,5.79652289457533e-05,-4.7914791199424,-4.6363520158867,-2.246565689,5.06684822761964e-17,1.44733449161062e-14,-10.69726316,-8.385132891147377,-9.207580278882077,3.335591249358557e-20,2.3848490571597305e-18,True,DOWN,DOWN,DOWN,3.7487808752606764,4.6363520158867,-9.104774980712268,8.644544644192417e-20,5.585670210469357e-18,True,True,169,12069,15
ABCB1,-1.23070195971254,1.92090911958433e-08,8.33130300315717e-07,-5.89458530808718,-5.618977459832512,-2.053521393,8.976600555612971e-14,5.68920112088708e-12,-9.019296425,-7.455149469897521,-9.244803810105763,2.3567265698270557e-20,1.7363614111719704e-18,True,DOWN,DOWN,DOWN,1.8361720100650096,5.618977459832512,-9.191299031447521,3.8812550343794555e-20,2.7749825195507076e-18,True,True,164,12071,13
LINC00954,-1.09085382468944,1.76700135404746e-06,3.30572798248576e-05,-4.94805645740849,-4.7783948411630455,-1.616803161,6.47908110449561e-17,1.75202991840367e-14,-10.64145952,-8.356163653329057,-9.287535379346735,1.579022075838494e-20,1.2152435504685682e-18,True,DOWN,DOWN,DOWN,3.5777688121660116,4.7783948411630455,-9.189087206209376,3.961889067957752e-20,2.8159709181255008e-18,True,True,157,12072,12
CD1C,-1.19714916623376,4.56410924446117e-09,2.669602773497e-07,-6.17561566809139,-5.862332136816778,-2.592756885,3.21440479428625e-13,1.55960152231865e-11,-8.735570985,-7.2850963555769646,-9.296635842136842,1.449596921324752e-20,1.122787153869678e-18,True,DOWN,DOWN,DOWN,1.4227642187601868,5.862332136816778,-9.253758171468496,2.1673506089069426e-20,1.6680316820014387e-18,True,True,156,12073,11
PTGDR,-1.64728377803642,1.23595575634603e-10,1.52432590745937e-08,-6.85077591248307,-6.434849692243224,-2.073520929,1.1154129763487299e-11,2.64272086137016e-10,-7.946077299,-6.790763953703569,-9.351921094402316,8.606997223839961e-21,7.074717513990357e-19,True,DOWN,DOWN,DOWN,0.35591426146034433,6.434849692243224,-9.336520201047946,9.955222282942756e-21,8.238969235945023e-19,True,True,147,12075,9
KLRB1,-1.62160859846329,8.332332368816621e-15,1.0171163396459098e-11,-8.50428899055322,-7.762420925046122,-2.082121376,4.5094875287617e-08,2.92943358650916e-07,-6.053490823,-5.469640724577024,-9.356480521526981,8.243696427225058e-21,6.822505748641122e-19,True,DOWN,DOWN,DOWN,2.292780200469098,5.469640724577024,-9.409385181927863,4.990474138972401e-21,4.63845377086181e-19,True,True,146,12076,8
KLRF1,-1.61745943857073,7.174517210348e-09,3.84161443137626e-07,-6.08801295876237,-5.786787668949911,-2.476811105,9.58585896808042e-14,6.000333510235769e-12,-9.004684383,-7.4464868455797655,-9.35733814652705,8.17707449924781e-21,6.814040770649054e-19,True,DOWN,DOWN,DOWN,1.6596991766298546,5.786787668949911,-9.308309647948732,1.2988286430952428e-20,1.0603882766567445e-18,True,True,145,12077,7
NELL2,-1.36230222668974,9.18013619288287e-09,4.7257221329702e-07,-6.03995127451702,-5.745220345843523,-2.676238745,4.49796268203393e-14,3.36249588559192e-12,-9.173114274,-7.545719779214808,-9.398113890773125,5.554987796021414e-21,4.899337046666185e-19,True,DOWN,DOWN,DOWN,1.800499433371285,5.745220345843523,-9.345427090677813,9.151935761691596e-21,7.733065720875493e-19,True,True,137,12078,6
EPHX2,-1.18279051761976,1.71515130238057e-08,7.69541074859474e-07,-5.9170328324168,-5.63852278374289,-2.046038445,2.64012901174287e-15,3.61786868156468e-13,-9.806142137,-7.90683607704613,-9.578015104069204,9.892780994529597e-22,1.1068006736750104e-19,True,DOWN,DOWN,DOWN,2.2683132933032395,5.63852278374289,-9.513143911958943,1.8498558300219315e-21,1.9606849117679823e-19,True,True,108,12079,5
FCER1A,-2.57317067237257,3.62545140161261e-10,3.71437487496712e-08,-6.65349682966953,-6.269355679339283,-4.112956335,1.13397896141492e-13,6.88569680133411e-12,-8.967299319,-7.424276678287884,-9.682860299153699,3.565970535047182e-22,4.734903513733528e-20,True,DOWN,DOWN,DOWN,1.1549209989486018,6.269355679339283,-9.646633216107753,5.079607251229258e-22,6.671401567022078e-20,True,True,91,12080,4
LEF1-AS1,-1.16669407976589,9.47689787658385e-08,3.02227099806791e-06,-5.57246141834371,-5.336478738939139,-3.151076406,2.34722881202191e-17,8.500740631538641e-15,-10.87229772,-8.475176754587643,-9.76631525888522,1.5706065173326906e-22,2.402232727712772e-20,True,DOWN,DOWN,DOWN,3.1386980156485045,5.336478738939139,-9.678871973135944,3.70784309228685e-22,5.09112137319341e-20,True,True,79,12081,3
NRCAM,-1.29714959648934,2.44333083573626e-05,0.0002827038206556,-4.33749014265904,-4.219971611873121,-3.938771955,7.319342107295141e-23,2.9688715455610503e-19,-13.86836064,-9.843401540244553,-9.944306522219238,2.670273545407345e-23,4.963833115254915e-21,True,DOWN,DOWN,DOWN,5.623429928371432,4.219971611873121,-9.792664745068777,1.2106247734457712e-22,2.0316637691035074e-20,True,True,65,12082,2
DHRS3,-1.11515907478406,1.74219019685916e-09,1.23871627029688e-07,-6.35974832616974,-6.020183899468763,-2.131057402,8.485262208843861e-19,5.93412423646766e-16,-11.63493845,-8.853452740208365,-10.51724932882039,7.194327259306837e-26,2.6342138264910456e-23,True,DOWN,DOWN,DOWN,2.833268840739602,6.020183899468763,-10.437183305792509,1.677132435497258e-25,5.842470321843616e-23,True,True,33,12083,1
