gene,logFC_GSE103119,p_GSE103119,fdr_GSE103119,t_GSE103119,Z_GSE103119,logFC_GSE196399,p_GSE196399,fdr_GSE196399,t_GSE196399,Z_GSE196399,Z_meta_equal,P_meta_equal,FDR_meta_equal,direction_consistent,cohort_direction_GSE103119,cohort_direction_GSE196399,meta_direction_equal,abs_Z_difference_between_cohorts,min_abs_cohort_Z,Z_meta_neff_weighted,P_meta_neff_weighted,FDR_meta_neff_weighted,in_direction_consistent_metaFDR05_module,in_strict_replicated_DEG_module,rank_abs_Z_meta_equal,rank_Z_meta_equal_desc,rank_Z_meta_equal_asc,top_set
LMNB1,1.65599390728528,4.33990116535952e-15,7.05857800163443e-12,8.61137444276722,7.844699885802748,2.433123377,3.4356200060868603e-19,3.00604275309004e-16,11.84495235,8.953764283132863,11.87830792737361,1.534419411575828e-32,1.194897078217957e-28,True,UP,UP,UP,1.1090643973301146,7.844699885802748,11.841802786666197,2.372966292757365e-32,1.433627585769362e-28,True,True,1,1,12083,top_200_CAP_UP_by_metaZ
CKAP4,1.57909402510113,8.82870112752803e-17,5.74373223604155e-13,9.24123590970647,8.31956462115161,2.645607315,2.94158548006197e-17,9.780048380514231e-15,10.82089331,8.448860955581987,11.85706743513027,1.9778152416088007e-32,1.194897078217957e-28,True,UP,UP,UP,0.1292963344303768,8.31956462115161,11.8458441847464,2.2612972283526085e-32,1.433627585769362e-28,True,True,2,2,12082,top_200_CAP_UP_by_metaZ
MMP9,2.36380359073425,1.4518565640376899e-11,2.79864173081131e-09,7.23472191141614,6.752633209142973,5.890697338,8.98619504216517e-21,1.65680928772865e-17,12.70295436,9.347360830022868,11.38441496215716,5.0002695064718825e-30,2.0139418815566586e-26,True,UP,UP,UP,2.5947276208798957,6.752633209142973,11.309923861552218,1.1719117464447778e-29,3.050947993716527e-26,True,True,3,3,12081,top_200_CAP_UP_by_metaZ
SLC2A3,1.27010540687345,1.5598569581431202e-14,1.3094244394115598e-11,8.40085869167482,7.682522860669965,2.620100515,5.2358727357288304e-17,1.47484354101828e-14,10.68981178,8.38127204154725,11.358818306947684,6.704537587929923e-30,2.0252731918739315e-26,True,UP,UP,UP,0.698749180877285,7.682522860669965,11.333240630595817,8.981888958810854e-30,3.050947993716527e-26,True,True,4,4,12080,top_200_CAP_UP_by_metaZ
GRN,1.02021185378296,7.393417739412809e-12,1.67303399854556e-09,7.35356474762056,6.849837009060403,1.688476164,7.72506471369847e-20,8.245896708343091e-17,12.19401521,9.116974654043128,11.290240800908963,1.4663439184702093e-29,3.353964870504383e-26,True,UP,UP,UP,2.267137644982725,6.849837009060403,11.224260748124582,3.099678060130037e-29,5.350487142935891e-26,True,True,5,5,12079,top_200_CAP_UP_by_metaZ
DYSF,1.80644578073455,8.370803191427241e-14,5.4458352862627793e-11,8.12116142708114,7.464355952494823,3.178007543,2.2601852375512402e-17,8.33433032777758e-15,10.88090886,8.479574738718613,11.274061510525337,1.7624796994936128e-29,3.353964870504383e-26,True,UP,UP,UP,1.01521878622379,7.464355952494823,11.240378622054408,2.5827225167650824e-29,5.201172695012082e-26,True,True,6,6,12078,top_200_CAP_UP_by_metaZ
SLC26A8,2.56199623685318,9.04688149300821e-19,2.35426997092553e-14,9.96514077373904,8.84630003944535,4.295652593,1.38557399055051e-12,5.0272920250895696e-11,8.410657887,7.085485778617567,11.265473788363956,1.9430401467790018e-29,3.353964870504383e-26,True,UP,UP,UP,1.7608142608277824,7.085485778617567,11.303389203080718,1.2624960662569423e-29,3.050947993716527e-26,True,True,7,7,12077,top_200_CAP_UP_by_metaZ
CTSD,0.952914133374884,2.00106943330923e-08,8.60724460545556e-07,5.88647223513856,5.611908762154885,2.022054956,1.25636636373632e-24,2.5480366222936302e-20,14.88671111,10.244218058489238,11.211974798231351,3.561571657106772e-29,4.9651978867158225e-26,True,UP,UP,UP,4.632309296334354,5.611908762154885,11.08505015047866,1.4826731181350848e-28,1.4929282738688524e-25,True,False,8,8,12076,top_200_CAP_UP_by_metaZ
B4GALT5,1.35840577135399,5.96711745188902e-13,2.21831853500726e-10,7.78894880431765,7.201231411374412,2.379271679,5.14185420717803e-18,2.54346207745799e-15,11.21950804,8.65017938415064,11.208640064889408,3.698318379578118e-29,4.9651978867158225e-26,True,UP,UP,UP,1.448947972776228,7.201231411374412,11.163815030506491,6.130319061080286e-29,8.230293912781456e-26,True,True,9,9,12075,top_200_CAP_UP_by_metaZ
TBC1D2,1.02306100098127,2.70727205475291e-13,1.3548334746314402e-10,7.92335542574694,7.308208641097599,1.361223397,1.73775060382057e-17,6.91045490119314e-15,10.94084838,8.51010557103943,11.185237246341632,4.816156346351924e-29,5.819361713297029e-26,True,UP,UP,UP,1.2018969299418316,7.308208641097599,11.146799112813332,7.422874382555334e-29,8.969059116441609e-26,True,True,10,10,12074,top_200_CAP_UP_by_metaZ
MTF1,1.46243757135359,1.75048130664002e-17,1.51842583475644e-13,9.4987523140098,8.50925919675589,1.67857462,3.4697507686311597e-13,1.6675359084978297e-11,8.718573622,7.274784040832532,11.161004007840441,6.327293162755362e-29,6.950243935052094e-26,True,UP,UP,UP,1.2344751559233575,7.274784040832532,11.185414889995199,4.806520971558839e-29,7.259649112418181e-26,True,True,11,11,12073,top_200_CAP_UP_by_metaZ
ANXA3,2.49417076962213,3.60209888993462e-13,1.5887698205554e-10,7.87490647932783,7.269728815595352,4.702458186,2.99089453585343e-17,9.78360194865216e-15,10.81710941,8.446919638387975,11.113348699336678,1.0803073504478498e-28,1.0877794762884473e-25,True,UP,UP,UP,1.1771908227926229,7.269728815595352,11.075595553694018,1.6478089837381733e-28,1.5315750731160267e-25,True,True,12,12,12072,top_200_CAP_UP_by_metaZ
MCEMP1,2.81502170050494,4.00104248840139e-15,7.05857800163443e-12,8.62468544129081,7.8548959226373904,4.363885283,4.4469890844018504e-15,5.27423307723707e-13,9.689442132,7.8416402379354215,11.09912716028089,1.2667491743021113e-28,1.177394636391724e-25,True,UP,UP,UP,0.013255684701968917,7.8416402379354215,11.092084533325771,1.3705620794688407e-28,1.4929282738688524e-25,True,True,13,13,12071,top_200_CAP_UP_by_metaZ
SOCS3,2.0190074883314,1.90495397358698e-11,3.5409012324752904e-09,7.18661381343431,6.713128359141355,3.00320779,8.395695202617331e-19,5.93412423646766e-16,11.63739719,8.854636517273057,11.008072112030385,3.494002625089501e-28,3.0155738370683173e-25,True,UP,UP,UP,2.1415081581317024,6.713128359141355,10.945519717575463,6.981617046186838e-28,5.623925251271704e-25,True,True,14,14,12070,top_200_CAP_UP_by_metaZ
LILRA5,1.14899983366615,4.90416136159557e-13,2.05840308246454e-10,7.82240804568915,7.227928680382735,2.716899404,8.35423685119318e-17,2.1447123744183402e-14,10.58382502,8.326109733645518,10.99836603739543,3.8911865496516556e-28,3.13448047196273e-25,True,UP,UP,UP,1.098181053262783,7.227928680382735,10.962727017037714,5.773300800894421e-28,4.98277096980052e-25,True,True,15,15,12069,top_200_CAP_UP_by_metaZ
VNN1,2.71067281767274,6.825557186443211e-15,9.34849866646376e-12,8.53708966752375,7.787671109017941,3.736928394,1.70521526354021e-14,1.56855753861843e-12,9.38926749,7.671104515152211,10.931005072692017,8.193582336630375e-28,5.951630316941249e-25,True,UP,UP,UP,0.11656659386572965,7.671104515152211,10.926738640796971,8.587971799021177e-28,6.4855289529733055e-25,True,True,16,16,12068,top_200_CAP_UP_by_metaZ
GBA1,1.04059854440674,1.64886902588459e-12,5.23274617812132e-10,7.61453514565696,7.0613548677334315,1.950211449,4.67354100868701e-17,1.3540583599597301e-14,10.71561572,8.394632402150402,10.929033408467811,8.373559164777062e-28,5.951630316941249e-25,True,UP,UP,UP,1.33327753441697,7.0613548677334315,10.887377488652595,1.3239800502747595e-27,9.410382910276423e-25,True,True,17,17,12067,top_200_CAP_UP_by_metaZ
ADM,1.6345570804696,1.54379360964517e-13,8.61989453232401e-11,8.01827469869402,7.38332947256019,4.228775761,1.4672023099275601e-15,2.3066922517551e-13,9.937826986,7.979674041662493,10.863283964299619,1.7243443550470753e-27,1.157514046779656e-24,True,UP,UP,UP,0.5963445691023033,7.38332947256019,10.840676944345027,2.2083090463075897e-27,1.4823887892519226e-24,True,True,18,18,12066,top_200_CAP_UP_by_metaZ
UBE2J1,0.831117505300618,7.62179598432499e-13,2.7935492521139303e-10,7.74711501066601,7.167790242173815,1.765225783,5.31943143516668e-16,1.01776782015675e-13,10.16579783,8.103969802272431,10.79876508808171,3.488639451114024e-27,2.1420148907951238e-24,True,UP,UP,UP,0.9361795600986156,7.167790242173815,10.767436808958863,4.904657080106358e-27,3.119103763101322e-24,True,False,19,19,12065,top_200_CAP_UP_by_metaZ
AGTRAP,1.06337330570287,4.91213790363033e-11,7.6088431348912e-09,7.01753674984526,6.5735747985834205,1.833918028,3.43529766591009e-18,1.7417817990580602e-15,11.31216498,8.69608545716364,10.797280313253458,3.5455017641233534e-27,2.1420148907951238e-24,True,UP,UP,UP,2.12251065858022,6.5735747985834205,10.73535809965425,6.94491883065239e-27,4.195772711538641e-24,True,True,20,20,12064,top_200_CAP_UP_by_metaZ
FCGR1A,2.6920676817709,3.43480773900235e-14,2.4828889386682798e-11,8.26993150129682,7.580781072872638,3.492860519,4.12053657191155e-14,3.17751339220297e-12,9.192632565,7.557132030609777,10.70412100848511,9.73501432085047e-27,5.550115127854765e-24,True,UP,UP,UP,0.023649042262860576,7.557132030609777,10.697609227319797,1.0443806655397299e-26,5.736023446234799e-24,True,True,21,21,12063,top_200_CAP_UP_by_metaZ
KIF1B,1.49392212813514,1.8220720040129402e-15,3.95131498003572e-12,8.753085834304,7.952891984853812,2.02984381,7.08486678187357e-13,2.8911103260196696e-11,8.559835435,7.177787298604308,10.699005925292047,1.0287591580838993e-26,5.550115127854765e-24,True,UP,UP,UP,0.7751046862495041,7.177787298604308,10.711877235728227,8.952772063990167e-27,5.151254516628247e-24,True,True,22,22,12062,top_200_CAP_UP_by_metaZ
GYG1,1.73324085774914,2.81209851825745e-13,1.35517110630766e-10,7.91691788409429,7.303101035217855,2.723956133,5.1132164023529005e-15,5.76117454756218e-13,9.658222375,7.824095050963307,10.6965429328773,1.0564648509530712e-26,5.550115127854765e-24,True,UP,UP,UP,0.520994015745452,7.303101035217855,10.675990104681306,1.3184440412476344e-26,6.637816395997986e-24,True,True,23,23,12061,top_200_CAP_UP_by_metaZ
USB1,1.31959852733253,1.1152350965538999e-14,1.1608705167048898e-11,8.45626585186667,7.7253761691492375,1.749390273,1.58405556946133e-13,8.92395305673477e-12,8.892944397,7.379902445461328,10.681044940103268,1.2485822796169721e-26,6.286091535254947e-24,True,UP,UP,UP,0.34547372368790974,7.379902445461328,10.682848219449506,1.2245583142368116e-26,6.4331904830101714e-24,True,True,24,24,12060,top_200_CAP_UP_by_metaZ
SEMA4A,1.26124648067787,1.25939339370376e-12,4.14850560561429e-10,7.66095120493251,7.098696162207163,1.989130978,1.69264529662724e-15,2.58109317751106e-13,9.905767028,7.962011653643226,10.649528626057046,1.752502009955939e-26,8.470192714519044e-24,True,UP,UP,UP,0.8633154914360635,7.098696162207163,10.620178767257848,2.401008716734012e-26,1.1604555329718827e-23,True,True,25,25,12059,top_200_CAP_UP_by_metaZ
KREMEN1,2.02987833316084,2.44572476852196e-12,7.23239723309624e-10,7.54638358895702,7.006374648243742,5.214006359,9.01353645100389e-16,1.53605356417154e-13,10.04721104,8.03959570507707,10.6391076663649,1.959973491620294e-26,9.108599884326158e-24,True,UP,UP,UP,1.0332210568333284,7.006374648243742,10.605382956050134,2.8130915561012866e-26,1.3073302027835325e-23,True,True,26,26,12058,top_200_CAP_UP_by_metaZ
HK3,1.66933645450472,8.727012410040059e-12,1.88604350869433e-09,7.32444910423632,6.82607367443718,2.591809644,2.82354827006506e-16,5.9650398401239e-14,10.30850261,8.180633777040933,10.611344602222866,2.6392330396533936e-26,1.181105659930813e-23,True,UP,UP,UP,1.3545601026037533,6.82607367443718,10.569351180065956,4.1334434257222174e-26,1.72222058320695e-23,True,True,27,27,12057,top_200_CAP_UP_by_metaZ
SQOR,1.03890987335081,7.92414978002152e-13,2.8640298572986103e-10,7.74045605407925,7.162460859073137,1.949853148,5.10693891695082e-15,5.76117454756218e-13,9.658497054,7.8242496099774295,10.59720460034508,3.0702025052772466e-26,1.324902031116606e-23,True,UP,UP,UP,0.6617887509042921,7.162460859073137,10.57308683389987,3.9720132542894214e-26,1.71406557684211e-23,True,True,28,28,12056,top_200_CAP_UP_by_metaZ
PGD,1.14471520248614,1.5619937518250802e-09,1.13743333063559e-07,6.38042655728356,6.037831156794685,2.474729803,4.21686084533597e-19,3.42088619217036e-16,11.79726491,8.931128201947883,10.584652669872705,3.5108038677753525e-26,1.462794590838951e-23,True,UP,UP,UP,2.893297045153198,6.037831156794685,10.502993702748789,8.368327581322093e-26,3.3704834055038285e-23,True,True,29,29,12055,top_200_CAP_UP_by_metaZ
NAIP,2.65745602428972,9.99435604467222e-16,2.8898125261167197e-12,8.85065860165569,8.0269281711141,2.434484627,5.024666390450259e-12,1.40365370612564e-10,8.123886441,6.90487779408771,10.558381253355941,4.646044757107958e-26,1.871271960004515e-23,True,UP,UP,UP,1.1220503770263903,6.90487779408771,10.580293690927032,3.6780350983771475e-26,1.6459888182848546e-23,True,True,30,30,12054,top_200_CAP_UP_by_metaZ
BCL6,1.43091511887752,9.72327409614767e-13,3.37371682405401e-10,7.70539068287466,7.134368187633426,3.086069759,9.421728093590911e-15,9.91134387861365e-13,9.52165768,7.746826863319403,10.522593932688435,6.797594279355364e-26,2.6342138264910456e-23,True,UP,UP,UP,0.6124586756859767,7.134368187633426,10.49979800579489,8.656516238173566e-26,3.374086635672619e-23,True,True,31,31,12053,top_200_CAP_UP_by_metaZ
CD177,4.19769659828581,3.42294886831039e-11,5.78411677922347e-09,7.08225351108995,6.627121931563964,7.968301576,1.60750952113521e-16,3.83551771742862e-14,10.43569529,8.248235050257755,10.518465794416791,7.102057764792598e-26,2.6342138264910456e-23,True,UP,UP,UP,1.621113118693791,6.627121931563964,10.469659889300274,1.19070034914615e-25,4.496010099604041e-23,True,True,32,32,12052,top_200_CAP_UP_by_metaZ
H2BC12,0.770787786947956,3.73348609800304e-10,3.78040889993514e-08,6.64806920544055,6.26478147049627,2.037745666,1.19499525642962e-17,5.15653165864874e-15,11.02636074,8.553414783990126,10.47804705650043,1.089707057495835e-25,3.872626581094757e-23,True,UP,UP,UP,2.2886333134938566,6.26478147049627,10.412053010246636,2.184588330146798e-25,7.332327998101045e-23,True,False,34,33,12051,top_200_CAP_UP_by_metaZ
LILRA6,1.98647536923641,1.33180455426112e-13,7.876715889894789e-11,8.04315473660306,7.40296141669134,2.324172137,1.36208220726887e-13,8.00718018322334e-12,8.926526249,7.399976870101408,10.467258044077127,1.2212937029594723e-25,4.216254803674087e-23,True,UP,UP,UP,0.002984546589931192,7.399976870101408,10.46037092522237,1.3134048924947253e-25,4.809051913943565e-23,True,True,35,34,12050,top_200_CAP_UP_by_metaZ
BRI3,0.775053465532499,1.65491575736919e-08,7.46375610988186e-07,5.92410535020496,5.644677074144654,1.874730783,6.92055186028877e-20,8.245896708343091e-17,12.21986367,9.128889496923899,10.446489104713464,1.5205015760854483e-25,5.1033945955112415e-23,True,UP,UP,UP,3.484212422779245,5.644677074144654,10.349682630447267,4.198753232540922e-25,1.3350930344418937e-22,True,False,36,35,12049,top_200_CAP_UP_by_metaZ
MAPK14,2.5872339809265,1.49995826632787e-13,8.61989453232401e-11,8.02312931051907,7.3871619828723185,2.235246584,1.56332074618686e-13,8.83167355248346e-12,8.8958751,7.381656527689893,10.443131718931946,1.5752647029743772e-25,5.144303623253892e-23,True,UP,UP,UP,0.0055054551824254006,7.381656527689893,10.436325664882945,1.6923484338701195e-25,5.842470321843616e-23,True,True,37,36,12048,top_200_CAP_UP_by_metaZ
ARID3A,0.881806903018179,3.23875735485328e-13,1.45314108009219e-10,7.89296056987567,7.284078774929025,1.350917799,1.5457553640852199e-13,8.75683367011517e-12,8.898388422,7.383160466817363,10.371304329124305,3.3492164201919645e-25,1.0649626843468291e-22,True,UP,UP,UP,0.09908169188833771,7.284078774929025,10.361848809917973,3.6974509827252246e-25,1.2074675736288887e-22,True,False,38,37,12047,top_200_CAP_UP_by_metaZ
IFITM3,1.92087486386221,8.6448558214277e-11,1.16562219192235e-08,6.91563142166919,6.488929231375598,3.231340055,3.88305064733774e-16,7.72079903712321e-14,10.23667354,8.14215457513362,10.345738575691353,4.375294857000964e-25,1.3555560963369907e-22,True,UP,UP,UP,1.653225343758022,6.488929231375598,10.296219430443708,7.328506676685703e-25,2.1083415755807943e-22,True,True,39,38,12046,top_200_CAP_UP_by_metaZ
BASP1,1.28882227631899,3.4895566948592397e-12,9.45924311149189e-10,7.48469221703704,6.9564493352686405,2.995724038,1.74230705677973e-14,1.59169952335809e-12,9.384468217,7.6683442862162705,10.341290743205747,4.583222984126442e-25,1.384477082929995e-22,True,UP,UP,UP,0.71189495094763,6.9564493352686405,10.316051026294511,5.962530927143228e-25,1.7803354906444148e-22,True,True,40,39,12045,top_200_CAP_UP_by_metaZ
SRPK1,1.22084434271857,3.78391687849295e-13,1.61424375293479e-10,7.86653892363582,7.263073677436887,2.111721215,2.1901342526265999e-13,1.15371721500052e-11,8.82089094,7.336645666553372,10.323560551555925,5.513962903797863e-25,1.6250052138192582e-22,True,UP,UP,UP,0.07357198911648499,7.263073677436887,10.314794680561745,6.0410291414732275e-25,1.7803354906444148e-22,True,True,41,40,12044,top_200_CAP_UP_by_metaZ
MYD88,0.881873741637836,3.2537412806264094e-11,5.5341247938392905e-09,7.09131234945639,6.634604337135558,1.597050011,1.9937658122831102e-15,2.95150105393531e-13,9.869058467,7.941732486247224,10.307026612673143,6.549639916477101e-25,1.8708433199151712e-22,True,UP,UP,UP,1.3071281491116657,6.634604337135558,10.266458907555357,9.98008962850098e-25,2.8044051856087754e-22,True,False,42,41,12043,top_200_CAP_UP_by_metaZ
ITGAM,1.12058199167008,3.0101555161775903e-09,1.887548843313e-07,6.25558453371794,5.93104344142649,2.202937699,5.57416883418204e-18,2.6916599553820403e-15,11.20098372,8.640961935570582,10.303963817561462,6.761640539134588e-25,1.8708433199151712e-22,True,UP,UP,UP,2.709918494144092,5.93104344142649,10.22722084546547,1.4975534065465881e-24,3.9336821328918317e-22,True,True,43,42,12042,top_200_CAP_UP_by_metaZ
TLR5,1.99928112352825,8.14611522719018e-16,2.8898125261167197e-12,8.88379435191821,8.051986112505457,2.591623597,7.0778879223284e-11,1.18535627541488e-09,7.532654806,6.518997403366923,10.30324125263076,6.812638092879876e-25,1.8708433199151712e-22,True,UP,UP,UP,1.5329887091385341,6.518997403366923,10.335921347005886,4.847313300430516e-25,1.5017970925410752e-22,True,True,44,43,12041,top_200_CAP_UP_by_metaZ
PLIN3,0.734533747862766,8.5777442673892e-11,1.16259707849098e-08,6.9170418014249,6.490103470545438,1.786671773,6.66633472382469e-16,1.21906006265443e-13,10.11501923,8.076479528902043,10.300129617625991,7.036642402930824e-25,1.8784053020685984e-22,True,UP,UP,UP,1.5863760583566053,6.490103470545438,10.25236482868666,1.1548295593050954e-24,3.171319446609879e-22,True,False,45,44,12040,top_200_CAP_UP_by_metaZ
F5,1.6025185365233,1.0648161557294302e-09,8.59464371335749e-08,6.45269357837491,6.099378568187561,2.375930824,2.5613206525105402e-17,8.956231750614881e-15,10.85241251,8.465009385589301,10.298577485947284,7.151091938687042e-25,1.8784053020685984e-22,True,UP,UP,UP,2.3656308174017404,6.099378568187561,10.230717115113741,1.444457648082134e-24,3.878529280394761e-22,True,True,46,45,12039,top_200_CAP_UP_by_metaZ
CLIC1,0.513240075824525,3.71533843069187e-10,3.77672859304275e-08,6.64897004198585,6.265540741414169,1.712143505,2.08421285686964e-16,4.8586116034681705e-14,10.37702178,8.217135642778285,10.240798680992752,1.301574232713696e-24,3.346153500825445e-22,True,UP,UP,UP,1.9515949013641158,6.265540741414169,10.183654543607194,2.3458235459346022e-24,5.487412358172301e-22,True,False,47,46,12038,top_200_CAP_UP_by_metaZ
OSCAR,1.17549261964898,2.07682001063558e-10,2.29004606511736e-08,6.75602387705596,6.355550132851497,2.006735972,4.62597676781093e-16,8.93518426933081e-14,10.19724189,8.120937119883894,10.236422304169809,1.3617929064773585e-24,3.4280299352012335e-22,True,UP,UP,UP,1.7653869870323975,6.355550132851497,10.184083293210758,2.3355067175358487e-24,5.487412358172301e-22,True,True,48,47,12037,top_200_CAP_UP_by_metaZ
PELO,0.867469968522347,7.651110440755571e-14,5.1052524871738994e-11,8.1362264709179,7.476185213545702,1.712893779,3.1933445658599697e-12,9.761121745077329e-11,8.224844978,6.968941493467154,10.214247049627694,1.7120313260292182e-24,4.2217294923287845e-22,True,UP,UP,UP,0.5072437200785478,6.968941493467154,10.220532871810997,1.6045637762528027e-24,4.0606590223639285e-22,True,False,49,48,12036,top_200_CAP_UP_by_metaZ
GAPDH,0.77434219658652,9.84789201868454e-12,2.06358325512521e-09,7.30319802986745,6.808708306385225,1.564969094,2.31381910853515e-14,1.98841378560175e-12,9.321214702,7.6318648653176595,10.211027213931638,1.7698115886468668e-24,4.276926685124018e-22,True,UP,UP,UP,0.8231565589324346,6.808708306385225,10.183004779451883,2.361544671231976e-24,5.487412358172301e-22,True,False,50,49,12035,top_200_CAP_UP_by_metaZ
MTX1,0.911493231825946,4.2416795132449904e-15,7.05857800163443e-12,8.6151234580587,7.847572281852531,1.559177501,5.0768966155571e-11,9.063779952474781e-10,7.607183549,6.568663209810709,10.193817875337258,2.1129939440924423e-24,5.006138397346859e-22,True,UP,UP,UP,1.278909072041822,6.568663209810709,10.220018176796906,1.6131062904367174e-24,4.0606590223639285e-22,True,False,51,50,12034,top_200_CAP_UP_by_metaZ
LTB4R,1.45679167547676,7.97840808558669e-12,1.7745479795831e-09,7.34020219026953,6.83893498577149,1.500033805,3.8791146425730503e-14,3.03754146973066e-12,9.206080159,7.564984296786299,10.185109000360283,2.3110075700000764e-24,5.369981628521331e-22,True,UP,UP,UP,0.7260493110148083,6.83893498577149,10.159608160173004,3.002808175376903e-24,6.596896578741657e-22,True,True,52,51,12033,top_200_CAP_UP_by_metaZ
DRAM1,1.35642279815627,6.07942891093064e-12,1.49249979763347e-09,7.38784812145845,6.877775701473003,1.978855883,5.47671253529692e-14,3.91102841297031e-12,9.129275681,7.5200217622402885,10.180780220742143,2.4161626533173115e-24,5.508394969817562e-22,True,UP,UP,UP,0.6422460607672855,6.877775701473003,10.15744350708193,3.0702123793159442e-24,6.624531460584742e-22,True,True,53,52,12032,top_200_CAP_UP_by_metaZ
ZNF438,1.60694348413827,2.6224640989485203e-15,5.2495679420721e-12,8.69373075047346,7.9076721220856,2.143386244,9.00028841066336e-11,1.4406854716390201e-09,7.478700031,6.482855175018352,10.175639436632322,2.5472143413212708e-24,5.699627941886096e-22,True,UP,UP,UP,1.4248169470672485,6.482855175018352,10.205614728220759,1.8713235650243984e-24,4.614531150242818e-22,True,True,54,53,12031,top_200_CAP_UP_by_metaZ
MAFG,0.781330553706614,1.2602507643630402e-09,9.6821578097531e-08,6.4209689416416,6.072384068253195,1.897791652,9.70220906120402e-17,2.3996402679302303e-14,10.54993642,8.308374284516564,10.16873174984858,2.734457774434431e-24,6.0073551433620425e-22,True,UP,UP,UP,2.235990216263369,6.072384068253195,10.104301138406646,5.287118125222693e-24,1.0827838696112848e-21,True,False,55,54,12030,top_200_CAP_UP_by_metaZ
OPLAH,2.54950237865017,1.28839013409579e-14,1.1621137253499499e-11,8.4324498526931,7.7069710490251095,3.056227661,2.7990200933197696e-11,5.59831622412409e-10,7.740518509,6.65677455976916,10.156701923216922,3.093647203472813e-24,6.675096278493215e-22,True,UP,UP,UP,1.0501964892559492,6.65677455976916,10.177028528523484,2.5111240936877695e-24,5.724889136609305e-22,True,True,56,55,12029,top_200_CAP_UP_by_metaZ
HP,3.57399300457619,6.85681769822921e-14,4.6956570252899696e-11,8.15457840459814,7.490583326747714,5.033668641,6.68225011740472e-12,1.76440081425819e-10,8.060350155,6.86429055405976,10.150428664196616,3.299111071790117e-24,6.993536680778945e-22,True,UP,UP,UP,0.6262927726879539,6.86429055405976,10.15982716530757,2.996070873793161e-24,6.596896578741657e-22,True,True,57,56,12028,top_200_CAP_UP_by_metaZ
SERPINB1,1.26249144730642,1.01821280728139e-11,2.1029326891971e-09,7.29732271647984,6.803904174008639,2.113123398,4.77696833550775e-14,3.5091883929920097e-12,9.15971273,7.537873518251344,10.141168260466987,3.6273525375991406e-24,7.556775984794899e-22,True,UP,UP,UP,0.7339693442427055,6.803904174008639,10.115492401046094,4.716393976316513e-24,9.82554972686766e-22,True,True,58,57,12027,top_200_CAP_UP_by_metaZ
AP5B1,1.4042566354903,3.15887532236715e-12,8.83907661440434e-10,7.50199660483152,6.970468373529596,1.78695508,1.74645275487824e-13,9.62494791350151e-12,8.871236773,7.366897027926619,10.138048299719076,3.7450696691900934e-24,7.669775730987102e-22,True,UP,UP,UP,0.396428654397023,6.970468373529596,10.121079532070047,4.454747776672725e-24,9.443283751848515e-22,True,True,59,58,12026,top_200_CAP_UP_by_metaZ
S100A6,0.734984706377176,4.485697608383249e-11,7.161429991592481e-09,7.03383693666648,6.587076973559966,1.893449591,2.58315620923532e-14,2.14708979834023e-12,9.296671325,7.617659999629501,10.044265838713544,9.737001260517708e-24,1.9608697705139243e-21,True,UP,UP,UP,1.030583026069535,6.587076973559966,10.011004922865796,1.3636029834159868e-23,2.7460691414358947e-21,True,False,60,59,12025,top_200_CAP_UP_by_metaZ
HTATIP2,0.819433614283719,2.5840806508226597e-11,4.605858272353291e-09,7.13241353490573,6.668513057054218,1.594064702,5.41783804165298e-14,3.88265630115774e-12,9.131682015,7.521434712627373,10.033808292624778,1.0825872348753975e-23,2.1444100916392507e-21,True,UP,UP,UP,0.8529216555731551,6.668513057054218,10.005136137779568,1.4469254201976615e-23,2.8660983364341547e-21,True,False,61,60,12024,top_200_CAP_UP_by_metaZ
S100A9,0.334418293227603,1.77938844274846e-07,5.04412041891538e-06,5.4420209093745,5.221021536307302,3.569651579,3.5572716372053203e-19,3.00604275309004e-16,11.83684978,8.949924007147189,10.020371689601955,1.2403559595032115e-23,2.4172937191415005e-21,True,UP,UP,UP,3.728902470839887,5.221021536307302,9.917538278779512,3.492639074258353e-23,6.5939934272287004e-21,True,False,62,61,12023,top_200_CAP_UP_by_metaZ
ALPL,1.86487780611252,4.04082822054183e-12,1.06216639174909e-09,7.45916356200208,6.93574608418961,5.647895017,5.944040916966589e-13,2.5379177649894598e-11,8.598876978,7.2017596377976805,9.99672616508083,1.575185984633382e-23,3.0211067067182785e-21,True,UP,UP,UP,0.26601355360807055,6.93574608418961,9.98321476629745,1.8052128075531927e-23,3.518126831236327e-21,True,True,63,62,12022,top_200_CAP_UP_by_metaZ
BST1,1.03989275224331,2.29541405638741e-08,9.56480866339163e-07,5.85918873712216,5.58811970221689,2.073936247,2.25011375220628e-17,8.33433032777758e-15,10.88192666,8.48009436218821,9.947729564124806,2.5800215471931432e-23,4.8710000554273044e-21,True,UP,UP,UP,2.8919746599713196,5.58811970221689,9.866528459153093,5.814209027885825e-23,1.0208756317182976e-20,True,True,64,63,12021,top_200_CAP_UP_by_metaZ
EDEM2,0.615006850427233,3.17165788510964e-11,5.465963784384641e-09,7.0958757165573,6.63837237522741,1.124023091,1.21701488362838e-13,7.30244936534532e-12,8.951577697,7.4149164675748285,9.937175838718712,2.8684410191077945e-23,5.24226217625076e-21,True,UP,UP,UP,0.7765440923474181,6.63837237522741,9.910537717010225,3.746244629139698e-23,6.963980592906919e-21,True,False,66,64,12020,top_200_CAP_UP_by_metaZ
PLBD1,1.42917218650587,2.92169270878083e-13,1.38238562473825e-10,7.91043690759543,7.297957323174921,2.290475778,1.4436203200096699e-11,3.24231048838496e-10,7.888500355,6.75345827826739,9.935851257050308,2.9068241811536946e-23,5.24226217625076e-21,True,UP,UP,UP,0.5444990449075311,6.75345827826739,9.943283099207267,2.69785918525515e-23,5.174322624672694e-21,True,True,67,65,12019,top_200_CAP_UP_by_metaZ
BAZ1A,1.00285734602211,3.20271559683484e-13,1.45314108009219e-10,7.89485965752278,7.285587485385668,1.628170575,1.89251236650495e-11,4.05729844662651e-10,7.828020819,6.7140840258787575,9.899262659999197,4.193553423537347e-23,7.451574414206143e-21,True,UP,UP,UP,0.5715034595069106,6.7140840258787575,9.907415276506597,3.86516005924208e-23,7.076171059973039e-21,True,True,68,66,12018,top_200_CAP_UP_by_metaZ
ECE1,1.29919496651379,9.092396197848751e-14,5.7710103965028796e-11,8.10729431622896,7.453459437105705,1.565406893,7.335092965882879e-11,1.2193690200087802e-09,7.524642939,6.513640502011434,9.876231080459943,5.278082137767487e-23,9.24276325661515e-21,True,UP,UP,UP,0.9398189350942712,6.513640502011434,9.893897703644559,4.4245772009363984e-23,7.979427808793209e-21,True,True,69,67,12017,top_200_CAP_UP_by_metaZ
TNFAIP6,1.53224452473481,4.2022423364939e-11,6.75030569892475e-09,7.04554101261,6.596765640924903,4.605102025,1.7535157825189e-13,9.637683898446029e-12,8.870339108,7.366358727548516,9.873419927498682,5.42816730336811e-23,9.369792218085268e-21,True,UP,UP,UP,0.7695930866236127,6.596765640924903,9.847003487126713,7.061799318865496e-23,1.218967445283597e-20,True,True,70,68,12016,top_200_CAP_UP_by_metaZ
SH3GLB1,1.13993479581553,1.1980768776114699e-12,4.00909301250044e-10,7.66953463604118,7.105592203406798,1.545545326,7.52726292079024e-12,1.9521792748919e-10,8.033802768,6.847269891793561,9.866163404476913,5.835399828605909e-23,9.930864243527491e-21,True,UP,UP,UP,0.25832231161323715,6.847269891793561,9.86626124778158,5.82971270285215e-23,1.0208756317182976e-20,True,True,71,69,12015,top_200_CAP_UP_by_metaZ
RAB31,0.985030268145785,1.76785056323636e-10,2.02185099870866e-08,6.78550720960543,6.380262186243553,1.700170524,4.57626689331656e-14,3.39968017814481e-12,9.169270838,7.543470415821544,9.845565742348443,7.163505639690989e-23,1.2021755367275864e-20,True,UP,UP,UP,1.1632082295779913,6.380262186243553,9.809016684129194,1.0296700926832739e-22,1.752324468998873e-20,True,False,72,70,12014,top_200_CAP_UP_by_metaZ
ZDHHC12,0.545193720206195,1.2908801754218202e-09,9.83973779851915e-08,6.41644068654414,6.068527869835856,1.327325846,4.12148672752869e-15,5.03541399524153e-13,9.706445847,7.851177646056857,9.842718162407525,7.369243387774797e-23,1.2197612034860669e-20,True,UP,UP,UP,1.7826497762210005,6.068527869835856,9.790195891936715,1.240553077914108e-22,2.0444685724603967e-20,True,False,73,71,12013,top_200_CAP_UP_by_metaZ
PYGL,1.3101820074872,2.4490532522267104e-09,1.62179772653052e-07,6.29499645318559,5.964819027086465,2.596617636,2.1970976469138903e-15,3.22893749109135e-13,9.84729414,7.929680862078568,9.824895092824327,8.796557107378598e-23,1.4363351287629137e-20,True,UP,UP,UP,1.964861834992103,5.964819027086465,9.767685516929616,1.5495135672572127e-22,2.4635226885748556e-20,True,True,74,72,12012,top_200_CAP_UP_by_metaZ
CAP1,0.591305648470305,2.69080602068834e-11,4.73127331597114e-09,7.12520379253109,6.66256971684669,1.348979249,5.5641484750551e-13,2.3972601935073397e-11,8.613562913,7.210757460701976,9.809923724864287,1.0204566535534621e-22,1.637472128719611e-20,True,UP,UP,UP,0.5481877438552862,6.66256971684669,9.789259469756097,1.2520952939010953e-22,2.0444685724603967e-20,True,False,75,73,12011,top_200_CAP_UP_by_metaZ
IL17RA,1.03345513878332,4.02617154997271e-11,6.5076436176981306e-09,7.05321009691531,6.603111254462699,1.722545025,3.62438629943459e-13,1.7254971487988897e-11,8.708878294,7.268895501634457,9.8089900459019,1.0299419165992754e-22,1.637472128719611e-20,True,UP,UP,UP,0.6657842471717581,6.603111254462699,9.785293653353293,1.3021673605577046e-22,2.0978784290158324e-20,True,True,76,74,12010,top_200_CAP_UP_by_metaZ
PRKCD,0.796719664236639,5.7897768327488e-10,5.30518882107824e-08,6.56667431580913,6.196049925824314,1.68709508,2.2042380715966602e-14,1.91863314721253e-12,9.332030364,7.6381156642768175,9.782232300818105,1.3421708028924816e-22,2.106162313162319e-20,True,UP,UP,UP,1.442065738452504,6.196049925824314,9.738533775385193,2.0651242246301275e-22,3.19908923156485e-20,True,False,77,75,12009,top_200_CAP_UP_by_metaZ
IFNGR2,0.742965553985108,3.09553911199164e-10,3.20937108810193e-08,6.68266314970382,6.293916737666699,1.699669638,5.06430796728548e-14,3.68133440446297e-12,9.146706359,7.530250479750306,9.77516238369233,1.439263450639254e-22,2.2295667018043725e-20,True,UP,UP,UP,1.2363337420836071,6.293916737666699,9.736774293669258,2.1011833164919278e-22,3.2137465839458183e-20,True,False,78,76,12008,top_200_CAP_UP_by_metaZ
NFIL3,1.22471269807153,2.17530867690809e-10,2.36853797904516e-08,6.74753008185291,6.348424698212064,2.755297005,1.04349182791534e-13,6.47188310763031e-12,8.985801102,7.435276850624018,9.74654883503351,1.9084609498500608e-22,2.8824917071297856e-20,True,UP,UP,UP,1.0868521524119545,6.348424698212064,9.712034842263048,2.679338672611739e-22,4.0468061476459554e-20,True,True,80,77,12007,top_200_CAP_UP_by_metaZ
PADI4,0.924344874731521,3.61613660008177e-06,5.8887811479304e-05,4.78703317748576,4.632306845237111,2.838481016,5.74302082829338e-20,7.27963783866363e-17,12.26374123,9.149061653078054,9.744899119189318,1.9397142972956607e-22,2.8935268955831446e-20,True,UP,UP,UP,4.516754807840942,4.632306845237111,9.62193064405268,6.460695870519023e-22,8.131727937862641e-20,True,False,81,78,12006,top_200_CAP_UP_by_metaZ
SHKBP1,0.915172235481585,5.55170550031913e-10,5.2344939215509e-08,6.57448806933095,6.20265897936411,1.683375016,3.75533220125401e-14,2.95201133231134e-12,9.213303771,7.569198754864885,9.738173993409724,2.0724474873523726e-22,3.0538271938632585e-20,True,UP,UP,UP,1.366539775500775,6.20265897936411,9.696452560046712,3.121637058084448e-22,4.587104069756202e-20,True,False,82,79,12005,top_200_CAP_UP_by_metaZ
IL1RN,1.28888465167784,1.0810155876693501e-10,1.38577678019308e-08,6.87511565628925,6.455164297366331,2.707969393,2.81019227355963e-13,1.40033192874847e-11,8.765454474,7.3031922348597895,9.728627201919322,2.2764430366371638e-22,3.31400737490203e-20,True,UP,UP,UP,0.848027937493459,6.455164297366331,9.700284297223082,3.0065969533677145e-22,4.485026047844703e-20,True,True,83,80,12004,top_200_CAP_UP_by_metaZ
SMARCD3,1.33021382753868,1.42296276454396e-09,1.06407356384274e-07,6.39805191535832,6.052860286309688,2.2951329,1.33453634523085e-14,1.2766854536616399e-12,9.443946598,7.702477009449475,9.72649227933953,2.3247134881555707e-22,3.3439896520694955e-20,True,UP,UP,UP,1.6496167231397871,6.052860286309688,9.677478196426721,3.75872812500677e-22,5.1030013409502026e-20,True,True,84,81,12003,top_200_CAP_UP_by_metaZ
IRAK3,1.56295343936672,4.34523084441657e-10,4.2509752730922e-08,6.61998277439731,6.241093253104304,2.349666152,5.82246416763478e-14,4.03437949138965e-12,9.115646547,7.51201381714324,9.72491527175669,2.3610187448288716e-22,3.3562575875020304e-20,True,UP,UP,UP,1.2709205640389358,6.241093253104304,9.685668634295611,3.469309160731978e-22,4.931725010485234e-20,True,True,85,82,12002,top_200_CAP_UP_by_metaZ
NLRC4,1.76425148341496,6.361439246775509e-11,9.30020974824939e-09,6.97102265340264,6.534988586283918,2.423794568,6.03627857336256e-13,2.5718858350076897e-11,8.595452913,7.199660228446735,9.711863314111822,2.683852274502724e-22,3.7708124456763274e-20,True,UP,UP,UP,0.6646716421628174,6.534988586283918,9.688260235600154,3.3824104982598507e-22,4.8654364345802116e-20,True,True,86,83,12001,top_200_CAP_UP_by_metaZ
S100A12,1.93926664714723,1.23136141199034e-10,1.52432590745937e-08,6.85145327825922,6.43541534845803,4.226076185,2.99305607119519e-13,1.4733536451434397e-11,8.751436009,7.294708850180629,9.708663927390907,2.769433833743832e-22,3.804740215969287e-20,True,UP,UP,UP,0.8592935017225987,6.43541534845803,9.680043771069911,3.6655901955831687e-22,5.090957049796716e-20,True,True,87,84,12000,top_200_CAP_UP_by_metaZ
S100A11,1.1084168040958,1.12587361683705e-10,1.41539174545655e-08,6.86773224048366,6.449004310086922,2.207240658,3.31534635364323e-13,1.60091760471996e-11,8.728695596,7.280926764919242,9.708527368360762,2.7731461935328426e-22,3.804740215969287e-20,True,UP,UP,UP,0.8319224548323199,6.449004310086922,9.680613189350467,3.645230398939238e-22,5.090957049796716e-20,True,True,88,85,11999,top_200_CAP_UP_by_metaZ
GPR84,2.90192554253832,9.01701471938875e-16,2.8898125261167197e-12,8.86734008599979,8.039548425462854,4.434169838,1.28979204539743e-08,9.90093583372643e-08,6.346607026,5.6874117655149385,9.70642663611818,2.830879193514506e-22,3.804740215969287e-20,True,UP,UP,UP,2.3521366599479157,5.6874117655149385,9.76062924517871,1.6612126565563398e-22,2.6068094193727603e-20,True,True,89,86,11998,top_200_CAP_UP_by_metaZ
DDAH2,1.23145906056929,1.2111308229314399e-11,2.42355504851682e-09,7.26674249674511,6.778877594349127,2.12029614,3.70695150146093e-12,1.09433309171949e-10,8.191635307,6.947926074422517,9.706315958204808,2.8339536492364134e-22,3.804740215969287e-20,True,UP,UP,UP,0.16904848007339002,6.778877594349127,9.69549845923943,3.1509528907536604e-22,4.587104069756202e-20,True,True,90,87,11997,top_200_CAP_UP_by_metaZ
FCAR,1.48927836742055,4.0895979369845e-08,1.5116989646896e-06,5.7434910394186,5.486938343578951,2.842702155,2.31781647707089e-16,5.22307066349719e-14,10.35303741,8.204381166839653,9.681224869208677,3.623484193665706e-22,4.758973860006817e-20,True,UP,UP,UP,2.7174428232607015,5.486938343578951,9.604702169633633,7.637842105174084e-22,9.417147567022291e-20,True,True,92,88,11996,top_200_CAP_UP_by_metaZ
TOM1,0.805184483780423,3.00846742271688e-10,3.13157390965445e-08,6.6879219165438,6.298341702223816,1.365983095,1.5386957482874899e-13,8.74125727479515e-12,8.899406599,7.383769643494589,9.674713713506883,3.861709416104386e-22,5.0173155779343324e-20,True,UP,UP,UP,1.0854279412707735,6.298341702223816,9.640284243904244,5.403813539340474e-22,6.946199893175633e-20,True,False,93,89,11995,top_200_CAP_UP_by_metaZ
TFE3,0.723102677382919,2.38937916045129e-09,1.59925322687726e-07,6.2996996453831,5.9688457157439325,1.549647024,1.30347293191809e-14,1.25802653266127e-12,9.449201909,7.705484994382903,9.669211973318141,4.07503706248323e-22,5.206499589540034e-20,True,UP,UP,UP,1.7366392786389708,5.9688457157439325,9.617991729338662,6.712894877760135e-22,8.362052454430487e-20,True,False,94,90,11994,top_200_CAP_UP_by_metaZ
TXN,0.714750718599802,7.64398636930733e-11,1.0637404133074e-08,6.93788114046184,6.507444724966392,2.480444296,7.70902586763593e-13,3.1114042648147796e-11,8.541060022,7.1662317011370735,9.668749324648395,4.0934988082951523e-22,5.206499589540034e-20,True,UP,UP,UP,0.6587869761706813,6.507444724966392,9.645326693563355,5.144711620077537e-22,6.684252742515794e-20,True,False,95,91,11993,top_200_CAP_UP_by_metaZ
SLC22A4,1.75572880212849,1.8034082505178499e-12,5.58691582181263e-10,7.59907375535613,7.048897579618854,2.83452659,4.0037148523963594e-11,7.51150239791402e-10,7.660393995,6.603940050269973,9.654014070533261,4.726840879274785e-22,5.949418577528878e-20,True,UP,UP,UP,0.44495752934888166,6.603940050269973,9.659066295976395,4.499460686586506e-22,5.974393788574148e-20,True,True,96,92,11992,top_200_CAP_UP_by_metaZ
QPCT,0.930451271766929,1.09338100105168e-06,2.25638808805455e-05,5.05400611199741,4.8740413291221065,2.638314638,1.7684997187507e-18,9.69376832323863e-16,11.46512585,8.771150440253777,9.648607630716553,4.982765551307299e-22,6.206882077984133e-20,True,UP,UP,UP,3.8971091111316705,4.8740413291221065,9.541683592092012,1.4053206048357807e-21,1.5578430154340125e-19,True,False,97,93,11991,top_200_CAP_UP_by_metaZ
AKIRIN2,0.695095512916733,6.99282851325607e-10,6.18960463947152e-08,6.53147707181234,6.166250479968622,1.372982716,8.63260740966942e-14,5.522962488186299e-12,9.027991536,7.460299427086147,9.635425843455346,5.665659239685586e-22,6.985526591134789e-20,True,UP,UP,UP,1.294048947117525,6.166250479968622,9.59564227506374,8.339605702354445e-22,9.879162323681251e-20,True,False,98,94,11990,top_200_CAP_UP_by_metaZ
NBEAL2,0.993975173134553,7.46771436213207e-10,6.46082194193047e-08,6.51920258805586,6.155847316008963,1.601796073,8.45646387443635e-14,5.4273906277672e-12,9.03257914,7.463015119860626,9.629989980450127,5.973530323569158e-22,7.290723929261226e-20,True,UP,UP,UP,1.3071678038516632,6.155847316008963,9.589871699494559,8.819461433580871e-22,1.0346170145821133e-19,True,False,99,95,11989,top_200_CAP_UP_by_metaZ
CUX1,0.979947824796587,1.2403158259970901e-14,1.1621137253499499e-11,8.43872740889755,7.711824537717058,0.83712914,3.5996342560357504e-09,3.31084727195741e-08,6.641602202,5.901613604581626,9.626154425682994,6.200669697720835e-22,7.461378826563461e-20,True,UP,UP,UP,1.8102109331354317,5.901613604581626,9.66643443135984,4.18712391384075e-22,5.62144647232642e-20,True,False,100,96,11988,top_200_CAP_UP_by_metaZ
PTK2B,0.588411056567884,2.44924300244589e-09,1.62179772653052e-07,6.29498167838693,5.964806376173678,1.063326383,2.04469410719566e-14,1.80458019317088e-12,9.348781115,7.647785814867601,9.625556247812332,6.236855594495652e-22,7.461378826563461e-20,True,UP,UP,UP,1.6829794386939225,5.964806376173678,9.575748911005087,1.0112174505544022e-21,1.163670519528461e-19,True,False,101,97,11987,top_200_CAP_UP_by_metaZ
TADA3,0.415858994328612,2.0502650167153704e-09,1.43040339222477e-07,6.3288374299989,5.993773805384325,0.977293519,2.6649446187864802e-14,2.2060302781064697e-12,9.289724236,7.61363414481384,9.62189043595686,6.463222313973112e-22,7.656383845072266e-20,True,UP,UP,UP,1.6198603394295157,5.993773805384325,9.573713350042611,1.0313340352118382e-21,1.1756235044777962e-19,True,False,102,98,11986,top_200_CAP_UP_by_metaZ
UPP1,1.23680061295645,3.4593580152603396e-11,5.80792733103999e-09,7.08036215202173,6.625559308277779,1.857506024,3.07633240920601e-12,9.496361886013259e-11,8.233156447,6.974192215457509,9.616476524885305,6.812483079385281e-22,7.991770198855568e-20,True,UP,UP,UP,0.34863290717972983,6.625559308277779,9.60108739989872,7.91053995005633e-22,9.637096604285671e-20,True,True,103,99,11985,top_200_CAP_UP_by_metaZ
NRDC,0.567853468204099,5.521375207296471e-10,5.22482716434458e-08,6.57550714095793,6.203520762363173,1.199967614,1.63219962180358e-13,9.16970651794968e-12,8.886285031,7.375915137046746,9.602111209160798,7.832340679834061e-22,9.099824272541822e-20,True,UP,UP,UP,1.1723943746835737,6.203520762363173,9.565487220037468,1.1167422116970193e-21,1.261083751769634e-19,True,False,104,100,11984,top_200_CAP_UP_by_metaZ
S100A8,0.344446775129406,1.46409606522691e-07,4.29539705810596e-06,5.48261595836191,5.257018478672353,4.062386573,9.39415463909121e-17,2.38153562794261e-14,10.55724458,8.31220299594731,9.594888520125687,8.400786650992698e-22,9.66730524799474e-20,True,UP,UP,UP,3.0551845172749568,5.257018478672353,9.509713062156953,1.9118916235075977e-21,1.9914988350726123e-19,True,False,105,101,11983,top_200_CAP_UP_by_metaZ
AFTPH,0.527795785386429,5.5385431142305905e-15,8.03804004760213e-12,8.57139659973939,7.8140356221333755,0.693530848,9.712500241457361e-09,7.75203531668622e-08,6.41248122,5.7356745557691955,9.58109194990729,9.60242765238152e-22,1.0914438335102352e-19,True,UP,UP,UP,2.07836106636418,5.7356745557691955,9.62831740270861,6.071548895535689e-22,7.72237108471134e-20,True,False,106,102,11982,top_200_CAP_UP_by_metaZ
LIMK2,1.78332724966206,5.65829928285573e-13,2.16157159282984e-10,7.7980185067727,7.2084725064696515,2.668782732,2.29338770202423e-10,3.1923264231127903e-09,7.268124391,6.340286171684022,9.580419137982547,9.665189951634128e-22,1.0914438335102352e-19,True,UP,UP,UP,0.8681863347856291,6.340286171684022,9.596435199982722,8.275721212171409e-22,9.879162323681251e-20,True,True,107,103,11981,top_200_CAP_UP_by_metaZ
PDLIM7,1.15554347859381,2.6926753091883e-10,2.8717823594675e-08,6.7083402133991,6.315512551185037,2.135105254,5.16301724614808e-13,2.2626436102e-11,8.630200459,7.220938047458862,9.5717160114978,1.0514576311373302e-21,1.1655745465167303e-19,True,UP,UP,UP,0.9054254962738248,6.315512551185037,9.541997247040092,1.4010758889671053e-21,1.5578430154340125e-19,True,True,109,104,11980,top_200_CAP_UP_by_metaZ
LRPAP1,1.0256591972931,3.07085122968445e-13,1.4270135991085401e-10,7.90199290288566,7.291253152677168,1.12090817,4.54791851269877e-10,5.68307673173406e-09,7.113365311,6.233959106249123,9.563769305274203,1.1354429131424356e-21,1.2472324290454592e-19,True,UP,UP,UP,1.0572940464280451,6.233959106249123,9.584673443903426,9.275058356713684e-22,1.0776012511939563e-19,True,True,110,105,11979,top_200_CAP_UP_by_metaZ
MGAM,1.91080828410699,1.65180337784246e-09,1.19402442504429e-07,6.3698432956411,6.028801183483501,4.006252259,6.809786514768011e-14,4.54306843111875e-12,9.080778661,7.491486547084431,9.560287137877863,1.174304425009434e-21,1.2766436840183848e-19,True,UP,UP,UP,1.4626853636009303,6.028801183483501,9.516204506815379,1.796198011926549e-21,1.9206602281511938e-19,True,True,111,106,11978,top_200_CAP_UP_by_metaZ
FGR,0.86906208216857,8.75505302707128e-10,7.33534277616695e-08,6.48943697241777,6.130595888303471,1.65797557,1.48417597757518e-13,8.502986723503429e-12,8.907430883,7.3885688237523945,9.55949304387258,1.183349272614906e-21,1.2766436840183848e-19,True,UP,UP,UP,1.2579729354489233,6.130595888303471,9.520690378595766,1.720323355629333e-21,1.8559524201847528e-19,True,False,112,107,11977,top_200_CAP_UP_by_metaZ
ASAP1,1.03351816786873,1.33971531954419e-14,1.1621137253499499e-11,8.42599933189786,7.701982220017825,1.287257183,6.0641216010451e-09,5.16315911800149e-08,6.521468007,5.814979779122803,9.55793549063321,1.2012906865303332e-21,1.284530563304957e-19,True,UP,UP,UP,1.8870024408950226,5.814979779122803,9.600241300764978,7.975748244877655e-22,9.637096604285671e-20,True,True,113,108,11976,top_200_CAP_UP_by_metaZ
SRGN,0.55922122270675,8.67530522116601e-07,1.84981095446626e-05,5.10454210932144,4.919528238855812,2.40806946,8.88986408162249e-18,4.00656296531968e-15,11.09402258,8.587478642600349,9.550896159411012,1.2857917648851177e-21,1.362826482026919e-19,True,UP,UP,UP,3.6679504037445367,4.919528238855812,9.44994702582976,3.390022231361508e-21,3.385259390210009e-19,True,False,114,109,11975,top_200_CAP_UP_by_metaZ
DOK3,1.06909332319673,3.01124960271598e-08,1.17483880676878e-06,5.80498938994165,5.5407813801769565,2.135568453,1.6712197516995202e-15,2.56772786244075e-13,9.908623769,7.963587323119778,9.549030685744503,1.3091540503689653e-21,1.3755224687485398e-19,True,UP,UP,UP,2.422805942942821,5.5407813801769565,9.480194484646333,2.5380957740635348e-21,2.621180447693136e-19,True,True,115,110,11974,top_200_CAP_UP_by_metaZ
ARHGEF11,1.01888441298556,1.9377807200237397e-11,3.5763735941260805e-09,7.18358222825476,6.7106359035063035,1.304151937,1.1920237988642099e-11,2.78518832543377e-10,7.931252189,6.781174998255717,9.540150979122513,1.4262452401497991e-21,1.485631141097416e-19,True,UP,UP,UP,0.07053909474941378,6.7106359035063035,9.531984544064734,1.5430476604621742e-21,1.6949677164876774e-19,True,True,116,111,11973,top_200_CAP_UP_by_metaZ
ALOX5AP,0.718857165114871,3.51292657372475e-06,5.75310813266452e-05,4.79361646286402,4.638296458687054,2.760220765,1.1643579983604199e-18,7.16568809148319e-16,11.56168854,8.818083128491558,9.515097256314231,1.8154299865940363e-21,1.8748581647876703e-19,True,UP,UP,UP,4.179786669804504,4.638296458687054,9.400971923387058,5.406135369400378e-21,4.986437684615631e-19,True,False,117,112,11972,top_200_CAP_UP_by_metaZ
ARG1,3.12921672865632,1.0302244430490398e-11,2.1109866678319102e-09,7.29525771571993,6.802215342603855,5.477644751,2.91703943866601e-11,5.788696365517151e-10,7.731278613,6.650699179988177,9.51264708564781,1.8587144531248516e-21,1.9032920963650494e-19,True,UP,UP,UP,0.15151616261567824,6.650699179988177,9.510225650399175,1.902494011663344e-21,1.9914988350726123e-19,True,True,118,113,11971,top_200_CAP_UP_by_metaZ
PHTF1,1.32845574343808,1.8291288091855e-13,9.916545625298779e-11,7.98966668675966,7.360725847465453,1.640530963,1.254692789658e-09,1.339285498266e-08,6.882807013,6.073093590795453,9.499144822029942,2.1162100773781612e-21,2.1487534760470861e-19,True,UP,UP,UP,1.2876322566700003,6.073093590795453,9.526032271052259,1.6340969237515214e-21,1.7788101918639307e-19,True,True,119,114,11970,top_200_CAP_UP_by_metaZ
CDA,0.951927036788936,9.20851617862078e-07,1.94192233805712e-05,5.09154663560417,4.907839502427846,2.504114176,1.59209900869604e-17,6.5896653051764e-15,10.96082599,8.520249547400782,9.495092825510646,2.200152688960679e-21,2.2153704117259904e-19,True,UP,UP,UP,3.612410044972936,4.907839502427846,9.395613178861371,5.6885505798001015e-21,5.168026816219896e-19,True,False,120,115,11969,top_200_CAP_UP_by_metaZ
PFKFB3,1.50876136123242,2.5566302758373303e-09,1.6674483626094e-07,6.28679535567961,5.95779558090683,2.683685253,9.082180924181671e-14,5.73818415337472e-12,9.016694473,7.453607675319898,9.483294187705262,2.463796611344763e-21,2.460335078915601e-19,True,UP,UP,UP,1.4958120944130675,5.95779558090683,9.438408458843963,3.784843529389481e-21,3.718070273627081e-19,True,True,121,116,11968,top_200_CAP_UP_by_metaZ
FERMT3,0.51605585243777,1.2330747940556901e-09,9.55009088265215e-08,6.42507817033206,6.075882758587594,1.2389736,2.30486828056552e-13,1.1804301413674099e-11,8.809535801,7.329805596370782,9.4792531422646,2.5610951880059344e-21,2.5365338653012873e-19,True,UP,UP,UP,1.2539228377831888,6.075882758587594,9.440608312415398,3.706214191606805e-21,3.670670989933199e-19,True,False,122,117,11967,top_200_CAP_UP_by_metaZ
SLC16A3,1.09137499750736,3.8758805429284597e-11,6.30387746053921e-09,7.06002282443456,6.6087463841375715,1.879636154,1.0838918440352899e-11,2.59316089615593e-10,7.952474295,6.794898004410416,9.477807839755297,2.5968095122270503e-21,2.537362041645819e-19,True,UP,UP,UP,0.18615162027284438,6.6087463841375715,9.466701290130603,2.8882055502616886e-21,2.908182305317665e-19,True,True,123,118,11966,top_200_CAP_UP_by_metaZ
METTL9,0.945875107412863,1.41954660871351e-08,6.59658239259851e-07,5.9543958805268,5.671014163071416,1.9222999,1.05682088935684e-14,1.06633753517643e-12,9.496019877,7.732226024659095,9.477522026616297,2.6039302587443645e-21,2.537362041645819e-19,True,UP,UP,UP,2.0612118615876787,5.671014163071416,9.418058743422018,4.5950459787483076e-21,4.337651606344984e-19,True,False,124,119,11965,top_200_CAP_UP_by_metaZ
KIAA2013,0.52482865795146,2.30521139286704e-09,1.55814327471633e-07,6.30653329539452,5.97469493715122,0.999958826,1.1571267744722899e-13,6.984430986033489e-12,8.962803692,7.42160132609549,9.472611930525757,2.7293205454321217e-21,2.638270412036506e-19,True,UP,UP,UP,1.44690638894427,5.97469493715122,9.428994563991255,4.140386165122246e-21,4.0345391962235563e-19,True,False,125,120,11964,top_200_CAP_UP_by_metaZ
LILRB3,1.00578407126542,2.7010238204044304e-09,1.74413754040656e-07,6.27630499117203,5.948807916882463,2.219927575,9.937746478881031e-14,6.2014595796364995e-12,8.996662803,7.441726958150046,9.468538013850445,2.8378765971876737e-21,2.721433565382433e-19,True,UP,UP,UP,1.4929190412675828,5.948807916882463,9.42373671306778,4.3531397453274865e-21,4.1745228208565093e-19,True,True,126,121,11963,top_200_CAP_UP_by_metaZ
ADGRG3,1.73172826828177,2.13453410682957e-09,1.461762659527e-07,6.32117730668371,5.987223476473364,4.003201944,1.35126107292338e-13,7.98977429153323e-12,8.928300546,7.401035982735864,9.466929051891784,2.881916903242343e-21,2.741905664714743e-19,True,UP,UP,UP,1.4138125062624995,5.987223476473364,9.424168942001668,4.3352495476973744e-21,4.1745228208565093e-19,True,True,127,122,11962,top_200_CAP_UP_by_metaZ
ZNF787,0.585540439289835,2.74172843847609e-12,7.840439467523431e-10,7.52658031608253,6.9903645711224,1.077961907,1.65728174548582e-10,2.40941441435111e-09,7.3413618,6.3901453253138865,9.461449283503807,3.037041857420698e-21,2.8669200596261164e-19,True,UP,UP,UP,0.6002192458085132,6.3901453253138865,9.470633753195239,2.781509262110915e-21,2.82428373227615e-19,True,False,128,123,11961,top_200_CAP_UP_by_metaZ
ACSL1,1.42948213221527,8.36721437376065e-09,4.38991975097527e-07,6.05805611911172,5.760888819807602,3.223846818,2.76445586755562e-14,2.2607229616893398e-12,9.281554205,7.6088966988513755,9.453866003253465,3.2654214958997323e-21,3.0586114678260823e-19,True,UP,UP,UP,1.8480078790437737,5.760888819807602,9.39991688957462,5.4606187084127225e-21,4.998534534375069e-19,True,True,129,124,11960,top_200_CAP_UP_by_metaZ
CTSA,0.75995650638373,1.29211818785669e-07,3.89175828733733e-06,5.50852289815973,5.279960386945485,1.610618653,6.56085887085513e-16,1.21906006265443e-13,10.1186061,8.07842502973203,9.445804913836154,3.526831030832727e-21,3.2780537958116803e-19,True,UP,UP,UP,2.798464642786544,5.279960386945485,9.367349329448427,7.437688535839658e-21,6.373729828265998e-19,True,False,130,125,11959,top_200_CAP_UP_by_metaZ
SLC11A1,1.28304313840098,1.01843508720144e-08,5.13489418507003e-07,6.01964217629996,5.727629799817268,2.145289678,2.47905170250498e-14,2.09312339065142e-12,9.305839734,7.622969657074869,9.440299408873868,3.71715702972299e-21,3.4285807931406785e-19,True,UP,UP,UP,1.8953398572576008,5.727629799817268,9.385138651831182,6.2833715688573456e-21,5.6658193034703965e-19,True,True,131,126,11958,top_200_CAP_UP_by_metaZ
OPRL1,0.915940759834905,1.21654426964764e-10,1.5147431353608e-08,6.85365493937701,6.4372537948551525,1.610710367,4.915773162515569e-12,1.38152881543856e-10,8.128767978,6.907987490748451,9.436510609620987,3.854002573804794e-21,3.5278722044911615e-19,True,UP,UP,UP,0.4707336958932986,6.4372537948551525,9.418092297733487,4.593578079297797e-21,4.337651606344984e-19,True,False,132,127,11957,top_200_CAP_UP_by_metaZ
INSL3,1.91904781106963,1.16304705237478e-14,1.1621137253499499e-11,8.44934163176208,7.720027395612256,2.005128048,1.9761012342469e-08,1.43440619655553e-07,6.247159427,5.6140805748567395,9.428638166992219,4.154476611906647e-21,3.774326383584061e-19,True,UP,UP,UP,2.1059468207555163,5.6140805748567395,9.476676474191434,2.6251096381130137e-21,2.688067776044029e-19,True,True,133,128,11956,top_200_CAP_UP_by_metaZ
MTMR3,0.814486359160167,8.422929797661e-11,1.14759111059965e-08,6.92033725021112,6.49284686162447,1.467667555,7.99615423259961e-12,2.04642356346682e-10,8.02032806,6.8386166454279635,9.426768248977767,4.229186249581841e-21,3.813526675649059e-19,True,UP,UP,UP,0.3457697838034939,6.49284686162447,9.41157917954141,4.8873791281227044e-21,4.577845116674933e-19,True,False,134,129,11955,top_200_CAP_UP_by_metaZ
CRISPLD2,1.23493478731142,2.0382652766036703e-09,1.42585422830799e-07,6.32995330246542,5.994727826575925,2.402715014,2.57690578357268e-13,1.3000553780258099e-11,8.784725961,7.314838785109399,9.411284805776752,4.901088296443558e-21,4.386655547105742e-19,True,UP,UP,UP,1.3201109585334736,5.994727826575925,9.37097823612971,7.18633520646629e-21,6.202320592838013e-19,True,True,135,130,11954,top_200_CAP_UP_by_metaZ
TDRD9,2.32456148772407,2.13499921496598e-10,2.33441531811175e-08,6.75095968722289,6.35130212308774,3.416853048,3.6725105639e-12,1.08770980951428e-10,8.193714018,6.949243167161937,9.404905768214343,5.207684855077918e-21,4.6267982429343e-19,True,UP,UP,UP,0.5979410440741972,6.35130212308774,9.383227865882656,6.398330595624815e-21,5.726742858291455e-19,True,True,136,131,11953,top_200_CAP_UP_by_metaZ
IFITM2,0.626969647952844,1.52752620465701e-10,1.8064315604107e-08,6.81219269629663,6.402600392575902,2.494611753,5.771645473471499e-12,1.57331642268112e-10,8.093002595,6.8851752065009295,9.395876232992366,5.6743527216930655e-21,4.94955497003509e-19,True,UP,UP,UP,0.48257481392502743,6.402600392575902,9.377179579140533,6.776103146914724e-21,5.97632513315114e-19,True,False,138,132,11952,top_200_CAP_UP_by_metaZ
GLIPR2,0.624248280361281,1.81617145433549e-08,7.98348475611023e-07,5.90570055749864,5.628657950719977,1.421364598,1.87960664374599e-14,1.6942356596361099e-12,9.367552538,7.658606959538296,9.395515121465687,5.6938520304136185e-21,4.94955497003509e-19,True,UP,UP,UP,2.0299490088183187,5.628657950719977,9.336912653508158,9.918403082437353e-21,8.238969235945023e-19,True,False,139,133,11951,top_200_CAP_UP_by_metaZ
CR1,1.85259936498114,1.14706170331721e-08,5.67490241547981e-07,5.99632274935698,5.707413070588789,2.687641326,3.52998859105387e-14,2.80751759275151e-12,9.227088521,7.577234335449071,9.393664266481649,5.794839655143409e-21,5.001360539506986e-19,True,UP,UP,UP,1.869821264860282,5.707413070588789,9.339192649311874,9.707146333559815e-21,8.14523952419467e-19,True,True,140,134,11950,top_200_CAP_UP_by_metaZ
CAMKK2,1.3228073490134,5.137335424873979e-11,7.910584601271921e-09,7.00948392069122,6.566900485509449,1.469301469,2.0122175063712297e-11,4.26434516684586e-10,7.814314524,6.705133912290706,9.384745522825606,6.3068553426841564e-21,5.404661922386714e-19,True,UP,UP,UP,0.13823342678125705,6.566900485509449,9.374936677259228,6.921730548511529e-21,6.016925914939914e-19,True,True,141,135,11949,top_200_CAP_UP_by_metaZ
STOM,1.14829772749284,8.769598607078899e-12,1.88604350869433e-09,7.32359356927647,6.825374911988985,1.891210972,1.2825402012755801e-10,1.94403571166442e-09,7.399072217,6.429227541287575,9.372419276643704,7.08886958118212e-21,6.032028954184758e-19,True,UP,UP,UP,0.39614737070141004,6.429227541287575,9.376400061992443,6.826368877257335e-21,5.977030082891332e-19,True,True,142,136,11948,top_200_CAP_UP_by_metaZ
FCER1G,1.15085035605571,2.65659068156128e-11,4.70288838818158e-09,7.12748396101017,6.664449588378014,2.496496016,4.5001037818646794e-11,8.222216648648421e-10,7.634211287,6.586600701154261,9.369907517572235,7.25961096692756e-21,6.102283274872283e-19,True,UP,UP,UP,0.0778488872237535,6.586600701154261,9.365681205524398,7.55612789875818e-21,6.429626295823598e-19,True,True,143,137,11947,top_200_CAP_UP_by_metaZ
AGPAT2,0.733826370143389,4.45339831336153e-08,1.61632893038504e-06,5.72629548881477,5.471858710339022,1.387980655,7.31416438055779e-15,7.80729304221539e-13,9.578211481,7.778928048936446,9.369721173540599,7.272438894162118e-21,6.102283274872283e-19,True,UP,UP,UP,2.3070693385974232,5.471858710339022,9.30398906358133,1.3527302256123918e-20,1.0969825044345324e-18,True,False,144,138,11946,top_200_CAP_UP_by_metaZ
DNAJC5,0.663818626716153,5.87541603226868e-08,2.04954358455399e-06,5.67015509945489,5.422551861197262,1.222351601,6.925989497664611e-15,7.47159537245404e-13,9.590395343,7.785824756370121,9.33973267474773,9.657764816620954e-21,7.884781910758851e-19,True,UP,UP,UP,2.3632728951728588,5.422551861197262,9.272571053423286,1.8171194731938032e-20,1.435049319908544e-18,True,False,148,139,11945,top_200_CAP_UP_by_metaZ
AIM2,1.81008802295019,2.4343781890106e-14,1.91969162462494e-11,8.32713461133606,7.6253157319107405,2.068052966,2.45366511246949e-08,1.72308802444576e-07,6.196528446,5.576527946625817,9.335113189257955,1.0088340047193807e-20,8.1810344154525355e-19,True,UP,UP,UP,2.0487877852849232,5.576527946625817,9.38173961590746,6.489307345168441e-21,5.765463283211049e-19,True,True,149,140,11944,top_200_CAP_UP_by_metaZ
DNTTIP1,0.598199116096108,5.261351520025341e-09,2.99597703732209e-07,6.14816175288184,5.8386879236544615,1.437831711,2.0007573293387e-13,1.0706427281350399e-11,8.841003407,7.348745490255976,9.324923593422133,1.1106358604071631e-20,8.887293444569372e-19,True,UP,UP,UP,1.5100575666015148,5.8386879236544615,9.27977584783525,1.6983547762517948e-20,1.3500803132533182e-18,True,False,151,141,11943,top_200_CAP_UP_by_metaZ
GNG5,0.676429308064629,1.40072197266894e-08,6.53243510658851e-07,5.95702726143691,5.67330050854527,1.512086143,6.22528809954263e-14,4.23674724653772e-12,9.100754519,7.503253736861219,9.31723085959932,1.1941618766905166e-20,9.492801286875995e-19,True,UP,UP,UP,1.829953228315949,5.67330050854527,9.263838273151084,1.9721241388557057e-20,1.53736619159958e-18,True,False,152,142,11942,top_200_CAP_UP_by_metaZ
TRIM25,1.21589136559515,4.66628783089593e-12,1.1902625351103302e-09,7.43407455348515,6.915374561838896,1.832828925,3.8708430375349e-10,4.971790224461391e-09,7.149855844,6.259148839523602,9.315794836004281,1.2104280868395114e-20,9.55921736815805e-19,True,UP,UP,UP,0.6562257223152939,6.259148839523602,9.326520593438028,1.0940342410848766e-20,8.992663765325552e-19,True,True,153,143,11941,top_200_CAP_UP_by_metaZ
TRIP6,0.736044725749136,3.8009018419455e-11,6.2583587754114904e-09,7.06351973277023,6.611638144462191,0.986577156,5.88328597962246e-11,1.01634516995505e-09,7.574130088,6.546673326929534,9.304331270385827,1.3483815441582857e-20,1.0566346890833507e-18,True,UP,UP,UP,0.06496481753265648,6.546673326929534,9.299816313495572,1.406885266074169e-20,1.1332929779982789e-18,True,False,154,144,11940,top_200_CAP_UP_by_metaZ
ZYX,0.760217655882443,9.9402917344405e-09,5.03261112461761e-07,6.02439123359039,5.731744521113472,1.612200494,1.12115782968347e-13,6.82828887201516e-12,8.96982905,7.425781694954356,9.303776011021336,1.3554446479178958e-20,1.0566346890833507e-18,True,UP,UP,UP,1.6940371738408837,5.731744521113472,9.253897587633931,2.1645243510047656e-20,1.6680316820014387e-18,True,False,155,145,11939,top_200_CAP_UP_by_metaZ
RTN4,0.53983057207957,1.8602292532562702e-09,1.30834448263481e-07,6.3473135142722,6.009563994543921,1.143375748,1.2317180611474e-12,4.5419043632964195e-11,8.436840544,7.1017669569959265,9.271111026214895,1.8421690013578938e-20,1.4087929141397109e-18,True,UP,UP,UP,1.0922029624520055,6.009563994543921,9.236775357428288,2.5403767763211992e-20,1.918460786768066e-18,True,False,158,146,11938,top_200_CAP_UP_by_metaZ
SLC16A6,1.87280892238001,8.730373035863799e-13,3.11219859605868e-10,7.72385969148222,7.149170671162824,1.002289623,2.54600640534607e-09,2.45416140241557e-08,6.721076128,5.95847624935185,9.268506022894893,1.8877136634863565e-20,1.434543660119852e-18,True,UP,UP,UP,1.1906944218109734,5.95847624935185,9.293046939533168,1.499334689606069e-20,1.1997656327490153e-18,True,True,159,147,11937,top_200_CAP_UP_by_metaZ
STAT3,0.737922433151248,2.0089760793111701e-10,2.24375899192766e-08,6.76210892384894,6.360653170040316,1.319175006,1.5902182443219e-11,3.51320438051115e-10,7.866900911,6.7394184430560395,9.263149471649827,1.9848922491053864e-20,1.4989658153712741e-18,True,UP,UP,UP,0.3787652730157234,6.360653170040316,9.24721832307509,2.3041080415458402e-20,1.762059333291037e-18,True,False,160,148,11936,top_200_CAP_UP_by_metaZ
FAR2,1.22219511918826,5.7171680526833e-10,5.27581078847438e-08,6.56902337796675,6.198037061318204,1.99530018,5.18962731127715e-12,1.44179221232893e-10,8.116689061,6.900290583231985,9.261916299664657,2.007955669984396e-20,1.5069644944361153e-18,True,UP,UP,UP,0.7022535219137813,6.198037061318204,9.237643361407395,2.5198580940894897e-20,1.9149336698668743e-18,True,True,161,149,11935,top_200_CAP_UP_by_metaZ
MSRB1,0.80346312143196,9.13153753472278e-08,2.92647784810457e-06,5.5800863139815,5.3432089956393884,2.614066652,1.0462877563866701e-14,1.06631969785317e-12,9.498256027,7.733500723389245,9.24663011793318,2.3168185418120017e-20,1.7270388609873619e-18,True,UP,UP,UP,2.3902917277498563,5.3432089956393884,9.178833636702366,4.357858478793443e-20,3.0613955813523937e-18,True,False,162,150,11934,top_200_CAP_UP_by_metaZ
PPP1R3D,0.997825990810544,2.58211453468576e-10,2.78814798905094e-08,6.71605095221764,6.321992776573322,2.160419687,1.4394947327786799e-11,3.23662889972112e-10,7.889139409,6.753873295248123,9.246033569272047,2.3297801402047505e-20,1.7270388609873619e-18,True,UP,UP,UP,0.4318805186748014,6.321992776573322,9.228743991009864,2.7382380185739515e-20,2.0423537023721637e-18,True,False,163,151,11933,top_200_CAP_UP_by_metaZ
RRAGD,0.928382863755004,2.8789618312528203e-09,1.81402478776494e-07,6.26411040613456,5.9383549625797,2.018275526,9.859162289143e-13,3.7798425403801396e-11,8.486349651,7.132458759301752,9.24246101836855,2.4089172001368423e-20,1.764057365409301e-18,True,UP,UP,UP,1.194103796722052,5.9383549625797,9.205516436342634,3.4003214969735753e-20,2.47506534023685e-18,True,False,165,152,11932,top_200_CAP_UP_by_metaZ
COPG1,0.488948988800749,3.1936312348383103e-09,1.97820739422052e-07,6.2442538383869,5.921322373921808,0.759464459,1.0739807715611798e-12,4.01858620005104e-11,8.467321162,7.120677173609668,9.222086320291389,2.9137475097874764e-20,2.1081922850755735e-18,True,UP,UP,UP,1.1993547996878595,5.921322373921808,9.185019873082108,4.1145133393731783e-20,2.907348811675211e-18,True,False,167,153,11931,top_200_CAP_UP_by_metaZ
NEU1,0.363899069219838,7.68611149958116e-06,0.0001098987250294,4.61332199288798,4.47374578614877,1.504637793,1.09429884457885e-17,4.824668449326881e-15,11.04648548,8.563565259214284,9.218771048614492,3.0052472373237364e-20,2.161452521939447e-18,True,UP,UP,UP,4.089819473065514,4.47374578614877,9.107163079587497,8.456422475768831e-20,5.493492084662085e-18,True,False,168,154,11930,top_200_CAP_UP_by_metaZ
RRP12,1.14355333724431,5.23854571957034e-13,2.12658429790571e-10,7.81116551929565,7.218963123727487,1.066924467,6.844686143947491e-09,5.72914072164255e-08,6.493497759,5.794691551136548,9.202043468616374,3.512062011678527e-20,2.496249722771273e-18,True,UP,UP,UP,1.4242715725909392,5.794691551136548,9.232652449311969,2.6401159512970284e-20,1.981398822330559e-18,True,True,170,155,11929,top_200_CAP_UP_by_metaZ
GNS,0.814283842747548,1.5647739782789801e-09,1.13743333063559e-07,6.38009005669958,6.037544108914561,1.320657907,3.1390670331216e-12,9.6313795005657e-11,8.228661862,6.971353227970465,9.198679522671021,3.623753309341152e-20,2.5605737565362074e-18,True,UP,UP,UP,0.9338091190559039,6.037544108914561,9.168476946993666,4.7974909440952324e-20,3.3507562472544907e-18,True,False,171,156,11928,top_200_CAP_UP_by_metaZ
G6PD,0.688677752948546,2.7764885559842e-09,1.76606477736926e-07,6.27103958339078,5.9442951992807345,1.502036476,1.67042971048601e-12,5.85112002735178e-11,8.369063389,7.059549745174627,9.19510694172279,3.746217747083724e-20,2.6317179673263162e-18,True,UP,UP,UP,1.115254545893893,5.9442951992807345,9.160227350546828,5.178809428830008e-20,3.575745961631599e-18,True,False,172,157,11927,top_200_CAP_UP_by_metaZ
TIMP2,0.867864161387597,8.791279797210921e-09,4.58467884093827e-07,6.04840659750351,5.752539346811582,1.639071863,4.3674615104561e-13,1.97638208609112e-11,8.66740946,7.243656683111464,9.189698342388272,3.93944544407517e-20,2.7514635433965477e-18,True,UP,UP,UP,1.4911173362998822,5.752539346811582,9.145129024682154,5.95587242945206e-20,4.0203802550318015e-18,True,False,173,158,11926,top_200_CAP_UP_by_metaZ
SIGLEC5,1.67920826639669,4.14361163168306e-10,4.10780252038715e-08,6.62878416887853,6.248519626796674,2.896725609,1.6223429279405098e-11,3.56476022985499e-10,7.862433702,6.736511648715677,9.181803668834188,4.239302101647332e-20,2.9210271288710084e-18,True,UP,UP,UP,0.4879920219190028,6.248519626796674,9.163109734750224,5.0422893400057924e-20,3.501493223867241e-18,True,True,175,159,11925,top_200_CAP_UP_by_metaZ
HPSE,1.68667364481226,6.727567999543609e-12,1.5772207392083202e-09,7.37010938789945,6.863325527291743,1.563478613,9.31859553319149e-10,1.04126961988241e-08,6.950546944,6.1206644474686716,9.181067358011239,4.268393147080484e-20,2.9210271288710084e-18,True,UP,UP,UP,0.7426610798230717,6.1206644474686716,9.194111879804463,3.781049957009159e-20,2.719430156579861e-18,True,True,176,160,11924,top_200_CAP_UP_by_metaZ
FCGR1CP,2.3186591519682,2.59580142169524e-13,1.35101080793551e-10,7.93047772868684,7.313857645920583,3.366181279,1.42999958829359e-08,1.08418024860495e-07,6.322594605,5.6697572827111005,9.180802160350355,4.2789191575781553e-20,2.9210271288710084e-18,True,UP,UP,UP,1.6441003632094828,5.6697572827111005,9.217094554691656,3.052593241882701e-20,2.257703504940065e-18,True,True,177,161,11923,top_200_CAP_UP_by_metaZ
C3AR1,1.81257779118578,2.9713648748512597e-12,8.40476392807112e-10,7.51262346886438,6.979071854850147,2.215768516,1.9935651557794802e-09,1.9838810070836e-08,6.77707751,5.998330454951252,9.176409175446533,4.4570619387067734e-20,3.0255437868198848e-18,True,UP,UP,UP,0.9807413998988954,5.998330454951252,9.195596776159947,3.729187762160442e-20,2.698190163484109e-18,True,True,178,162,11922,top_200_CAP_UP_by_metaZ
RAB1A,0.59357801647081,3.20034320780401e-09,1.97820739422052e-07,6.24385155991209,5.920977154288958,1.274847305,1.81537387171653e-12,6.272163116232169e-11,8.350549334,7.047977190788894,9.17043556230329,4.711116008839486e-20,3.180134901385894e-18,True,UP,UP,UP,1.1270000364999362,5.920977154288958,9.135269474828622,6.524408165477608e-20,4.355493031130715e-18,True,False,179,163,11921,top_200_CAP_UP_by_metaZ
CREB5,1.35297677732512,1.90937538072754e-10,2.15098162479103e-08,6.77141944675981,6.368458403769936,2.448241104,4.2255870820458095e-11,7.86952540045648e-10,7.648312784,6.595943896474816,9.16721678053354,4.853889963230766e-20,3.258308468095408e-18,True,UP,UP,UP,0.22748549270488017,6.368458403769936,9.15525089255828,5.423164283963625e-20,3.723187161541618e-18,True,True,180,164,11920,top_200_CAP_UP_by_metaZ
SLC9A8,1.03471239860666,1.77144075512267e-10,2.02185099870866e-08,6.78513629062247,6.379951500211568,1.422017448,4.83027793470839e-11,8.69235730202492e-10,7.618344832,6.5760753639270755,9.161294452867514,5.127846873404507e-20,3.4231919210688763e-18,True,UP,UP,UP,0.19612386371550716,6.379951500211568,9.15014130683732,5.685912423503061e-20,3.859712349055477e-18,True,True,181,165,11919,top_200_CAP_UP_by_metaZ
WSB1,0.69437186683475,1.27024953566588e-10,1.55191097026446e-08,6.84579686886771,6.430691238805655,1.448737404,6.95999868711074e-11,1.1694758357356501e-09,7.536424446,6.521516664722451,9.158594039922718,5.257784053336383e-20,3.490648610794699e-18,True,UP,UP,UP,0.09082542591679665,6.430691238805655,9.150158287832733,5.685018710539923e-20,3.859712349055477e-18,True,False,182,166,11918,top_200_CAP_UP_by_metaZ
RHOG,0.585503786168765,5.38969333836345e-08,1.900487665911e-06,5.6876739722319,5.437950530049436,1.653539906,6.01269554450169e-14,4.11971210601482e-12,9.108489452,7.507805048539117,9.154031557203542,5.484753918017245e-20,3.621436152535649e-18,True,UP,UP,UP,2.069854518489681,5.437950530049436,9.094560609017789,9.496969304320241e-20,6.007951837911072e-18,True,False,183,167,11917,top_200_CAP_UP_by_metaZ
TRIB1,0.869110060377098,2.27946998583744e-09,1.54878975042945e-07,6.30867227199716,5.97652542046607,2.910838965,3.2865818328805297e-12,9.96340301235428e-11,8.218437157,6.96489096996828,9.15096328783486,5.642810347560956e-20,3.6855176988961634e-18,True,UP,UP,UP,0.9883655495022108,5.97652542046607,9.119385474041271,7.555150531860625e-20,5.015872740465491e-18,True,False,185,168,11916,top_200_CAP_UP_by_metaZ
FRAT2,0.877318903141836,1.4225958200634502e-09,1.06407356384274e-07,6.39810063880609,6.052901816497572,2.085267606,6.34196268639945e-12,1.69685152035445e-10,8.072000709,6.871748652769176,9.13910799128441,6.296956415278667e-20,4.0906518476243075e-18,True,UP,UP,UP,0.8188468362716037,6.052901816497572,9.111909873136566,8.09442783187753e-20,5.286755215814929e-18,True,False,186,169,11915,top_200_CAP_UP_by_metaZ
APOBR,1.55664010145378,4.03462538807709e-16,2.0998611294786e-12,8.99732964795386,8.137518265396233,1.557982914,1.72617610949551e-06,7.17920143795054e-06,5.169892611,4.783093697762836,9.136252336229807,6.465406657626668e-20,4.1776207831071135e-18,True,UP,UP,UP,3.354424567633397,4.783093697762836,9.216682829154763,3.064333152446997e-20,2.257703504940065e-18,True,True,187,170,11914,top_200_CAP_UP_by_metaZ
MICU1,0.648587643288681,1.66887234636027e-07,4.77767492511918e-06,5.45538916160354,5.232882055246898,1.200677004,1.54619605257576e-14,1.44508765632668e-12,9.41110281,7.6836492766548,9.133366894196199,6.640136995801831e-20,4.267700814908166e-18,True,UP,UP,UP,2.4507672214079026,5.232882055246898,9.064086134789259,1.256531088435474e-19,7.706936620084177e-18,True,False,188,171,11913,top_200_CAP_UP_by_metaZ
FPR1,0.964932624310359,8.24693932958353e-08,2.7063064586854e-06,5.6009803497486,5.361640824768994,2.623276262,4.2310199813612e-14,3.2380874053579797e-12,9.186739566,7.553688321326473,9.132516820460365,6.692498272230415e-20,4.2785955885375714e-18,True,UP,UP,UP,2.192047496557479,5.361640824768994,9.069908886921823,1.191165808461008e-19,7.343294114099163e-18,True,False,189,172,11912,top_200_CAP_UP_by_metaZ
FBXL5,0.902015475158628,1.47312582486403e-09,1.08108947035134e-07,6.3915048097069,6.047278943566652,1.687501035,6.705278948243449e-12,1.7661008097315001e-10,8.059583239,6.863799365246706,9.129511024592468,6.880937634847349e-20,4.375914181150554e-18,True,UP,UP,UP,0.8165204216800541,6.047278943566652,9.102379288650843,8.837419953278977e-20,5.6498701214534335e-18,True,False,190,173,11911,top_200_CAP_UP_by_metaZ
VPS9D1,1.11458937071566,9.5541210062599e-11,1.26850454564235e-08,6.89751945874491,6.473842946045199,1.697322352,1.28544781161426e-10,1.9455348557723e-09,7.398562693,6.428883279013925,9.123605209532808,7.266589877278123e-20,4.596974109274951e-18,True,UP,UP,UP,0.044959667031274186,6.428883279013925,9.118694570082418,7.603464089889674e-20,5.020363748532073e-18,True,True,191,174,11910,top_200_CAP_UP_by_metaZ
UBE2C,1.37336333483339,1.30544046264336e-09,9.90422074617148e-08,6.41432501158176,6.066725925042018,2.16066161,9.81446522907813e-12,2.39034482509243e-10,7.974626875,6.809197521655701,9.104652783198821,8.654281191231632e-20,5.4463374809193655e-18,True,UP,UP,UP,0.742471596613683,6.066725925042018,9.07944727042282,1.091276097112199e-19,6.796850041962218e-18,True,True,192,175,11909,top_200_CAP_UP_by_metaZ
TOR1AIP2,1.36399172096086,3.66819789180892e-13,1.59095856230906e-10,7.87181707689036,7.267271978557226,1.070231515,2.07427840420921e-08,1.49178866367968e-07,6.235828418,5.605689242926847,9.102558173662848,8.822872294893898e-20,5.523666628974247e-18,True,UP,UP,UP,1.6615827356303798,5.605689242926847,9.139353487569874,6.282679156190669e-20,4.217422902458436e-18,True,True,193,176,11908,top_200_CAP_UP_by_metaZ
CEACAM1,1.5927273822886,1.1113468175149e-08,5.51919431912025e-07,6.00252988450386,5.712796296282549,3.924653085,8.4818010684316e-13,3.35320482395441e-11,8.519815465,7.153135167249473,9.097587384144854,9.236063778654938e-20,5.75254425966431e-18,True,UP,UP,UP,1.440338870966924,5.712796296282549,9.0543889026065,1.3733460702653416e-19,8.380879074250566e-18,True,True,194,177,11907,top_200_CAP_UP_by_metaZ
SLC36A1,1.29758325215945,2.6266907811375903e-10,2.82456091725386e-08,6.71290369885225,6.319348050658567,1.512488506,6.46768683760101e-11,1.1022786281797201e-09,7.552886149,6.532509094193352,9.087635337965573,1.0121636905445413e-19,6.271781473256253e-18,True,UP,UP,UP,0.21316104353478504,6.319348050658567,9.07609181803508,1.1254342145001849e-19,6.973652109643966e-18,True,True,195,178,11906,top_200_CAP_UP_by_metaZ
FOLR3,2.11384025056559,6.44452155277281e-12,1.5248673623615402e-09,7.37763855589507,6.869460373138185,3.249852604,2.3363782729710203e-09,2.27698643700746e-08,6.740760559,5.97250510872072,9.080640875986001,1.0793740706714594e-19,6.622089154131697e-18,True,UP,UP,UP,0.896955264417465,5.97250510872072,9.097731388265087,9.223828859892533e-20,5.8658696902148145e-18,True,True,196,179,11905,top_200_CAP_UP_by_metaZ
HMGB2,1.16874446007592,2.70528233969398e-12,7.82217359176182e-10,7.52890123544794,6.992241726416771,2.313557759,4.925102195963731e-09,4.3259418638519e-08,6.569454564,5.849683178600728,9.080612183826284,1.079658663712608e-19,6.622089154131697e-18,True,UP,UP,UP,1.1425585478160434,5.849683178600728,9.10403670862119,8.703534567595807e-20,5.593872775545752e-18,True,True,197,180,11904,top_200_CAP_UP_by_metaZ
C5AR1,1.01311681303502,2.7565124811896403e-09,1.76247479847661e-07,6.27241956637617,5.945478014285524,2.024392067,5.64762829933882e-12,1.54909751626357e-10,8.097843303,6.888266638265366,9.074827871835327,1.138573200788143e-19,6.948171709658147e-18,True,UP,UP,UP,0.9427886239798413,5.945478014285524,9.044476120071389,1.503845295356074e-19,9.131137037079117e-18,True,True,198,181,11903,top_200_CAP_UP_by_metaZ
QSOX1,0.944857445895701,2.37027156978759e-08,9.75974320578836e-07,5.85279722948922,5.58254287087982,1.664511329,5.1364256924146e-13,2.2596930470251697e-11,8.63134865,7.221640123019941,9.053924622539991,1.3792003998279817e-19,8.332439215560752e-18,True,UP,UP,UP,1.6390972521401208,5.58254287087982,9.00562930538303,2.1443243486886613e-19,1.2638961514734193e-17,True,False,200,182,11902,top_200_CAP_UP_by_metaZ
FES,0.79657520252306,9.78957843737419e-07,2.04786334144524e-05,5.07819204166174,4.895821728324151,1.657220225,2.6294414479609102e-15,3.61786868156468e-13,9.807050653,7.907341237394946,9.053203353696441,1.3883441754741746e-19,8.345951578236046e-18,True,UP,UP,UP,3.011519509070795,4.895821728324151,8.969514390435679,2.9782455605901153e-19,1.6507404178261635e-17,True,False,201,183,11901,top_200_CAP_UP_by_metaZ
ERO1A,0.999458921524804,2.65704176452968e-13,1.3548334746314402e-10,7.92652817110893,7.310725328069021,0.691909859,3.98488724043595e-08,2.62054144368617e-07,6.082642134,5.491520205355178,9.05255463109944,1.396619413813635e-19,8.35413484015354e-18,True,UP,UP,UP,1.8192051227138437,5.491520205355178,9.093448220821028,9.594675581160712e-20,6.038149221206505e-18,True,False,202,184,11900,top_200_CAP_UP_by_metaZ
LRRFIP2,0.660558513215705,9.171192906693281e-10,7.5765699368533e-08,6.48073158174925,6.12320438353404,1.159760877,2.60041104463914e-11,5.27917281244508e-10,7.756981893,6.667588248417959,9.044456206804186,1.504119404819451e-19,8.865499887040697e-18,True,UP,UP,UP,0.544383864883919,6.12320438353404,9.02439933373401,1.8068386158277868e-19,1.0754695071451797e-17,True,False,205,185,11899,top_200_CAP_UP_by_metaZ
EIF4G3,0.55844468816426,1.9990537589008203e-09,1.40219342231472e-07,6.33364518062242,5.997883883642412,1.087186721,1.2596092860500299e-11,2.91622556282884e-10,7.918942462,6.773204243055013,9.03052301751875,1.7085323875513576e-19,9.973041951102925e-18,True,UP,UP,UP,0.7753203594126008,5.997883883642412,9.004519670671149,2.1661192733400374e-19,1.2705446203770714e-17,True,False,207,186,11898,top_200_CAP_UP_by_metaZ
ALOX5,0.831294605691321,2.01591268204735e-07,5.62273266076293e-06,5.41594034125434,5.197864236994271,2.071634274,4.00186467103826e-14,3.1096481759895398e-12,9.199141233,7.5609336129908025,9.021832479512788,1.8496891567902894e-19,1.074509330841205e-17,True,UP,UP,UP,2.363069375996531,5.197864236994271,8.954887612598704,3.400818871133195e-19,1.8509952441397477e-17,True,False,208,187,11897,top_200_CAP_UP_by_metaZ
VIM,0.719378052050462,1.3628702953959599e-11,2.64671445500665e-09,7.24590165982931,6.761800774528546,1.287048366,2.0454346781523203e-09,2.03051692156667e-08,6.771201748,5.994157178344108,9.019824369006724,1.883910873094546e-19,1.0891528746220765e-17,True,UP,UP,UP,0.7676435961844383,5.994157178344108,9.033620456555989,1.660839925974299e-19,9.984044191814656e-18,True,False,209,188,11896,top_200_CAP_UP_by_metaZ
SPI1,0.989443600169768,1.05466267270354e-09,8.54999586659325e-08,6.45449472851494,6.10091002430932,1.756821881,2.8844281511200898e-11,5.73520464047712e-10,7.733793994,6.652353533504389,9.017919143989348,1.916957311812907e-19,1.1029807237445406e-17,True,UP,UP,UP,0.5514435091950691,6.10091002430932,8.997697861676274,2.305001425357969e-19,1.3390063568557855e-17,True,False,210,189,11895,top_200_CAP_UP_by_metaZ
PRKCB,0.463820749916966,4.55036519720469e-11,7.1766153652641e-09,7.03126915322685,6.584950645816166,0.722262936,7.15674475360662e-10,8.32258832270045e-09,7.010543754,6.162583771033494,9.013868029563296,1.9891402525892572e-19,1.1390891787694784e-17,True,UP,UP,UP,0.4223668747826723,6.162583771033494,9.018763555372233,1.9022407727376017e-19,1.1267046694602178e-17,True,False,211,190,11894,top_200_CAP_UP_by_metaZ
LRG1,1.22297281673126,7.17774958441393e-07,1.58336916091872e-05,5.14568020580972,4.95649152748463,4.043054591,6.76368537762667e-15,7.37496253460465e-13,9.595693923,7.788821921503233,9.01229756812742,2.017839542324744e-19,1.1500733580146172e-17,True,UP,UP,UP,2.8323303940186033,4.95649152748463,8.933257023544268,4.1364719185015905e-19,2.1921486925988913e-17,True,True,212,191,11893,top_200_CAP_UP_by_metaZ
CNIH4,0.926183564918189,7.86148464577596e-10,6.77415281248436e-08,6.50959372208482,6.147699386143312,1.510998815,4.24473792916518e-11,7.89793852673385e-10,7.647299812,6.595273088809801,9.010642249512868,2.0485324963989883e-19,1.1620853593422053e-17,True,UP,UP,UP,0.44757370266648877,6.147699386143312,8.993104562240234,2.4034340975674227e-19,1.3828902000431986e-17,True,False,213,192,11892,top_200_CAP_UP_by_metaZ
TIMP1,0.752527266887714,1.78984071582717e-08,7.92126274625349e-07,5.90859364747279,5.631176856265793,1.692735904,1.1906981524165899e-12,4.40666956736513e-11,8.444374359,7.106445302883653,9.006859004926605,2.1204242297185018e-19,1.1972470078359186e-17,True,UP,UP,UP,1.4752684466178598,5.631176856265793,8.962820069539484,3.164787445113181e-19,1.7450818030516628e-17,True,False,214,193,11891,top_200_CAP_UP_by_metaZ
SBNO2,1.06639661687938,5.41536937972077e-10,5.14321742220707e-08,6.57911264047503,6.206569453504566,1.720457427,6.751534636936289e-11,1.1420172975121301e-09,7.543248708,6.526075390976479,9.00333951197248,2.189539614802541e-19,1.224824405817551e-17,True,UP,UP,UP,0.3195059374719129,6.206569453504566,8.989109490933014,2.492416369277847e-19,1.420559763678501e-17,True,True,216,194,11890,top_200_CAP_UP_by_metaZ
PGLYRP1,1.59726288981516,1.57216173165847e-07,4.5365816540621e-06,5.46781580072586,5.243901476015267,4.124879094,7.01934543023899e-14,4.62205664515185e-12,9.074032445,7.487508248348825,9.002466150162203,2.207032476616634e-19,1.2289204338690688e-17,True,UP,UP,UP,2.2436067723335578,5.243901476015267,8.938615052567112,3.9407804101133453e-19,2.1069225528937853e-17,True,True,217,195,11889,top_200_CAP_UP_by_metaZ
ACOT9,0.844443157021399,1.61638746097783e-10,1.88624443484422e-08,6.80187253565358,6.393964713278562,0.964147871,2.39504607461265e-10,3.3007001156474402e-09,7.258337123,6.33360086565404,8.999747928859728,2.2623651633709316e-19,1.2486306459074351e-17,True,UP,UP,UP,0.06036384762452229,6.33360086565404,8.995316960875533,2.3555154189211995e-19,1.3618034835801366e-17,True,False,218,196,11888,top_200_CAP_UP_by_metaZ
UIMC1,0.636303138322045,2.63880834654149e-12,7.71569770809543e-10,7.53321513861345,6.995730243387973,0.943216109,9.962453461860931e-09,7.90487162206578e-08,6.406587818,5.731366854165703,8.999416662499831,2.2692015034830686e-19,1.2486306459074351e-17,True,UP,UP,UP,1.2643633892222699,5.731366854165703,9.026036498099554,1.7800220215768902e-19,1.0647527765699783e-17,True,False,219,197,11887,top_200_CAP_UP_by_metaZ
MCMBP,0.896476486713305,1.43596448930432e-09,1.06766011157618e-07,6.39633345125436,6.051395469371481,1.019743468,2.46537817673119e-11,5.060762631810251e-10,7.768907595,6.675412444574128,8.99921217880956,2.273431615489826e-19,1.2486306459074351e-17,True,UP,UP,UP,0.6240169752026477,6.051395469371481,8.977131707005118,2.7791711769769063e-19,1.5546632097875905e-17,True,False,220,198,11886,top_200_CAP_UP_by_metaZ
RGS19,0.614265166606483,1.2410646433193e-08,5.96972739613644e-07,5.98084906026573,5.693987101227267,1.407244763,2.26825690420448e-12,7.465644494798709e-11,8.3009874,7.016911800578453,8.987962808443465,2.518552317949367e-19,1.3769985365512309e-17,True,UP,UP,UP,1.3229246993511854,5.693987101227267,8.9478653188496,3.624228633439464e-19,1.9549801150825467e-17,True,False,221,199,11885,top_200_CAP_UP_by_metaZ
RHOT1,0.600121827914808,2.11703210981991e-09,1.45744779348792e-07,6.32274350178102,5.988562941688325,1.117530653,1.8179124104196398e-11,3.91807455852504e-10,7.837006994,6.719946544083405,8.986273236162754,2.5575563543154717e-19,1.392024929242966e-17,True,UP,UP,UP,0.7313836023950806,5.988562941688325,8.961432437979337,3.2048754301405814e-19,1.7522402634564998e-17,True,False,222,200,11884,top_200_CAP_UP_by_metaZ
DHRS3,-1.11515907478406,1.74219019685916e-09,1.23871627029688e-07,-6.35974832616974,-6.020183899468763,-2.131057402,8.485262208843861e-19,5.93412423646766e-16,-11.63493845,-8.853452740208365,-10.51724932882039,7.194327259306837e-26,2.6342138264910456e-23,True,DOWN,DOWN,DOWN,2.833268840739602,6.020183899468763,-10.437183305792509,1.677132435497258e-25,5.842470321843616e-23,True,True,33,12083,1,top_200_CAP_DOWN_by_metaZ
NRCAM,-1.29714959648934,2.44333083573626e-05,0.0002827038206556,-4.33749014265904,-4.219971611873121,-3.938771955,7.319342107295141e-23,2.9688715455610503e-19,-13.86836064,-9.843401540244553,-9.944306522219238,2.670273545407345e-23,4.963833115254915e-21,True,DOWN,DOWN,DOWN,5.623429928371432,4.219971611873121,-9.792664745068777,1.2106247734457712e-22,2.0316637691035074e-20,True,True,65,12082,2,top_200_CAP_DOWN_by_metaZ
LEF1-AS1,-1.16669407976589,9.47689787658385e-08,3.02227099806791e-06,-5.57246141834371,-5.336478738939139,-3.151076406,2.34722881202191e-17,8.500740631538641e-15,-10.87229772,-8.475176754587643,-9.76631525888522,1.5706065173326906e-22,2.402232727712772e-20,True,DOWN,DOWN,DOWN,3.1386980156485045,5.336478738939139,-9.678871973135944,3.70784309228685e-22,5.09112137319341e-20,True,True,79,12081,3,top_200_CAP_DOWN_by_metaZ
FCER1A,-2.57317067237257,3.62545140161261e-10,3.71437487496712e-08,-6.65349682966953,-6.269355679339283,-4.112956335,1.13397896141492e-13,6.88569680133411e-12,-8.967299319,-7.424276678287884,-9.682860299153699,3.565970535047182e-22,4.734903513733528e-20,True,DOWN,DOWN,DOWN,1.1549209989486018,6.269355679339283,-9.646633216107753,5.079607251229258e-22,6.671401567022078e-20,True,True,91,12080,4,top_200_CAP_DOWN_by_metaZ
EPHX2,-1.18279051761976,1.71515130238057e-08,7.69541074859474e-07,-5.9170328324168,-5.63852278374289,-2.046038445,2.64012901174287e-15,3.61786868156468e-13,-9.806142137,-7.90683607704613,-9.578015104069204,9.892780994529597e-22,1.1068006736750104e-19,True,DOWN,DOWN,DOWN,2.2683132933032395,5.63852278374289,-9.513143911958943,1.8498558300219315e-21,1.9606849117679823e-19,True,True,108,12079,5,top_200_CAP_DOWN_by_metaZ
NELL2,-1.36230222668974,9.18013619288287e-09,4.7257221329702e-07,-6.03995127451702,-5.745220345843523,-2.676238745,4.49796268203393e-14,3.36249588559192e-12,-9.173114274,-7.545719779214808,-9.398113890773125,5.554987796021414e-21,4.899337046666185e-19,True,DOWN,DOWN,DOWN,1.800499433371285,5.745220345843523,-9.345427090677813,9.151935761691596e-21,7.733065720875493e-19,True,True,137,12078,6,top_200_CAP_DOWN_by_metaZ
KLRF1,-1.61745943857073,7.174517210348e-09,3.84161443137626e-07,-6.08801295876237,-5.786787668949911,-2.476811105,9.58585896808042e-14,6.000333510235769e-12,-9.004684383,-7.4464868455797655,-9.35733814652705,8.17707449924781e-21,6.814040770649054e-19,True,DOWN,DOWN,DOWN,1.6596991766298546,5.786787668949911,-9.308309647948732,1.2988286430952428e-20,1.0603882766567445e-18,True,True,145,12077,7,top_200_CAP_DOWN_by_metaZ
KLRB1,-1.62160859846329,8.332332368816621e-15,1.0171163396459098e-11,-8.50428899055322,-7.762420925046122,-2.082121376,4.5094875287617e-08,2.92943358650916e-07,-6.053490823,-5.469640724577024,-9.356480521526981,8.243696427225058e-21,6.822505748641122e-19,True,DOWN,DOWN,DOWN,2.292780200469098,5.469640724577024,-9.409385181927863,4.990474138972401e-21,4.63845377086181e-19,True,True,146,12076,8,top_200_CAP_DOWN_by_metaZ
PTGDR,-1.64728377803642,1.23595575634603e-10,1.52432590745937e-08,-6.85077591248307,-6.434849692243224,-2.073520929,1.1154129763487299e-11,2.64272086137016e-10,-7.946077299,-6.790763953703569,-9.351921094402316,8.606997223839961e-21,7.074717513990357e-19,True,DOWN,DOWN,DOWN,0.35591426146034433,6.434849692243224,-9.336520201047946,9.955222282942756e-21,8.238969235945023e-19,True,True,147,12075,9,top_200_CAP_DOWN_by_metaZ
LINC00402,-0.960984032404376,3.6447797925333e-08,1.38404832667138e-06,-5.76667460646031,-5.507252174443952,-2.532029644,1.51439756004185e-14,1.43281233218806e-12,-9.415738339,-7.6863096231788,-9.329257015102824,1.0661563574063488e-20,8.588244844360608e-19,True,DOWN,DOWN,DOWN,2.1790574487348477,5.507252174443952,-9.2668531933752,1.9171864159164992e-20,1.5042443807479908e-18,True,False,150,12074,10,top_200_CAP_DOWN_by_metaZ
CD1C,-1.19714916623376,4.56410924446117e-09,2.669602773497e-07,-6.17561566809139,-5.862332136816778,-2.592756885,3.21440479428625e-13,1.55960152231865e-11,-8.735570985,-7.2850963555769646,-9.296635842136842,1.449596921324752e-20,1.122787153869678e-18,True,DOWN,DOWN,DOWN,1.4227642187601868,5.862332136816778,-9.253758171468496,2.1673506089069426e-20,1.6680316820014387e-18,True,True,156,12073,11,top_200_CAP_DOWN_by_metaZ
LINC00954,-1.09085382468944,1.76700135404746e-06,3.30572798248576e-05,-4.94805645740849,-4.7783948411630455,-1.616803161,6.47908110449561e-17,1.75202991840367e-14,-10.64145952,-8.356163653329057,-9.287535379346735,1.579022075838494e-20,1.2152435504685682e-18,True,DOWN,DOWN,DOWN,3.5777688121660116,4.7783948411630455,-9.189087206209376,3.961889067957752e-20,2.8159709181255008e-18,True,True,157,12072,12,top_200_CAP_DOWN_by_metaZ
ABCB1,-1.23070195971254,1.92090911958433e-08,8.33130300315717e-07,-5.89458530808718,-5.618977459832512,-2.053521393,8.976600555612971e-14,5.68920112088708e-12,-9.019296425,-7.455149469897521,-9.244803810105763,2.3567265698270557e-20,1.7363614111719704e-18,True,DOWN,DOWN,DOWN,1.8361720100650096,5.618977459832512,-9.191299031447521,3.8812550343794555e-20,2.7749825195507076e-18,True,True,164,12071,13,top_200_CAP_DOWN_by_metaZ
TNRC6C,-1.14280198958271,2.66905605762123e-10,2.8583064110073e-08,-6.709960933992,-6.316874819069654,-0.911253145,1.65320946063386e-11,3.62079150610546e-10,-7.858223795,-6.733771315963786,-9.228200380948152,2.752167938122807e-20,2.003279831104691e-18,True,DOWN,DOWN,DOWN,0.41689649689413155,6.316874819069654,-9.21130909837489,3.2217146932577316e-20,2.3592714326444346e-18,True,False,166,12070,14,top_200_CAP_DOWN_by_metaZ
KLHL3,-1.39189451234112,3.54611860591166e-06,5.79652289457533e-05,-4.7914791199424,-4.6363520158867,-2.246565689,5.06684822761964e-17,1.44733449161062e-14,-10.69726316,-8.385132891147377,-9.207580278882077,3.335591249358557e-20,2.3848490571597305e-18,True,DOWN,DOWN,DOWN,3.7487808752606764,4.6363520158867,-9.104774980712268,8.644544644192417e-20,5.585670210469357e-18,True,True,169,12069,15,top_200_CAP_DOWN_by_metaZ
LRRN3,-1.4751259944667,1.72864496880799e-06,3.2432969014629e-05,-4.9529341202542,-4.782806520949633,-3.765123357,2.21536175299766e-16,5.04828670927477e-14,-10.36324322,-8.209811410844091,-9.187168244937277,4.0331866056045735e-20,2.8007467675586243e-18,True,DOWN,DOWN,DOWN,3.4270048898944587,4.782806520949633,-9.092674978991866,9.66317768638478e-20,6.049750051014886e-18,True,True,174,12068,16,top_200_CAP_DOWN_by_metaZ
CD160,-1.90508293582936,6.02104442466321e-09,3.34084518258019e-07,-6.12204841785305,-5.8161721920210265,-2.573562084,1.0217248409508499e-12,3.87334641725397e-11,-8.478415046,-7.127548221461995,-9.152592478156587,5.558332984486089e-20,3.6500726875839895e-18,True,DOWN,DOWN,DOWN,1.3113760294409689,5.8161721920210265,-9.112683291727345,8.036915281789973e-20,5.2777199646667524e-18,True,True,184,12067,17,top_200_CAP_DOWN_by_metaZ
TNFRSF21,-1.81257110242717,3.6140061240568503e-09,2.17702040199841e-07,-6.22053368523928,-5.90095630825915,-2.066486791,4.39189275406474e-12,1.26173577691085e-10,-8.153872172,-6.923960223962023,-9.068585448085052,1.2057209278472765e-19,7.320967824712885e-18,True,DOWN,DOWN,DOWN,1.0230039157028736,5.90095630825915,-9.036169134806642,1.6225854663789574e-19,9.802850095128472e-18,True,True,199,12066,18,top_200_CAP_DOWN_by_metaZ
AGAP6,-0.934039968402605,1.35803048446927e-07,4.04348138413545e-06,-5.49821714314445,-5.270836979965422,-1.06776492,5.3371388250222205e-14,3.83838696844949e-12,-9.135023263,-7.523396168595917,-9.046889019429436,1.4709941200488585e-19,8.755675838694757e-18,True,DOWN,DOWN,DOWN,2.252559188630495,5.270836979965422,-8.982777487741428,2.640160965953033e-19,1.4907039697014253e-17,True,False,203,12065,19,top_200_CAP_DOWN_by_metaZ
SH2D1B,-1.4549922950448,7.46708878011608e-08,2.50085008140233e-06,-5.6213026914422,-5.379553294270503,-2.347482004,1.2438796435521e-13,7.41974207378826e-12,-8.946720408,-7.412022161638248,-9.04500974693248,1.4965181898099032e-19,8.863935925231893e-18,True,DOWN,DOWN,DOWN,2.0324688673677453,5.379553294270503,-8.986575491669472,2.5505351713104124e-19,1.4468599284011132e-17,True,True,204,12064,20,top_200_CAP_DOWN_by_metaZ
OXNAD1,-1.02554962982285,1.29045115501435e-07,3.89124106685266e-06,-5.5087901478618,-5.28019692557459,-1.704932732,5.96009360756816e-14,4.099545030853199e-12,-9.110445568,-7.508955595525271,-9.043296473298742,1.5201687902329e-19,8.916601695332104e-18,True,DOWN,DOWN,DOWN,2.2287586699506807,5.28019692557459,-8.979801136015965,2.7125658867755452e-19,1.5244620283678562e-17,True,True,206,12063,21,top_200_CAP_DOWN_by_metaZ
ZNF248,-0.983342772321272,3.16260320470435e-07,8.06076622879738e-06,-5.32114283946102,-5.113490110797129,-1.495262142,2.47930971067156e-14,2.09312339065142e-12,-9.305816538,-7.622956228655597,-9.006027574845602,2.136554687672783e-19,1.200743734472104e-17,True,DOWN,DOWN,DOWN,2.5094661178584676,5.113490110797129,-8.935317719995954,4.0600982526536414e-19,2.1611527395072225e-17,True,False,215,12062,22,top_200_CAP_DOWN_by_metaZ
COLQ,-0.857507876064703,1.49592118559428e-06,2.89430163663346e-05,-4.98498981345272,-4.811779802186032,-1.657568393,4.08699035680054e-15,5.02353038947101e-13,-9.708326216,-7.852231547364941,-8.954808302290893,3.4032644633051757e-19,1.795705000441766e-17,True,DOWN,DOWN,DOWN,3.040451745178909,4.811779802186032,-8.870438654553551,7.285833098654316e-19,3.7145452038413544e-17,True,False,229,12061,23,top_200_CAP_DOWN_by_metaZ
NCR3,-1.60477975832883,7.19482656840487e-10,6.32537066856757e-08,-6.52615870841679,-6.161743636333468,-1.860579411,1.06824417042323e-10,1.6691109414756202e-09,-7.440192044,-6.45696382854108,-8.9227736182221,4.547536605880658e-19,2.3283002037650846e-17,True,DOWN,DOWN,DOWN,0.2952201922076121,6.161743636333468,-8.909223517355464,5.139121148035581e-19,2.68813856414346e-17,True,True,236,12060,24,top_200_CAP_DOWN_by_metaZ
ARK2C,-1.12800203163019,2.20626095689985e-05,0.0002600250402237,-4.36233045971686,-4.242924074051695,-2.603648054,6.771740330152621e-17,1.8070745478398102e-14,-10.63143804,-8.350947699862237,-8.905212132728396,5.328405372943176e-19,2.6826300883863498e-17,True,DOWN,DOWN,DOWN,4.108023625810542,4.242924074051695,-8.793343304545665,1.451740215686342e-18,6.695182071045066e-17,True,True,240,12059,25,top_200_CAP_DOWN_by_metaZ
DNASE1L3,-1.61151576385007,1.25764155042093e-05,0.0001635562522069,-4.49735585644559,-4.367348184034636,-3.163042195,2.04432674327604e-16,4.82104542795132e-14,-10.38138527,-8.219453459952636,-8.900212795913385,5.573971818764615e-19,2.7716173451083475e-17,True,DOWN,DOWN,DOWN,3.8521052759179994,4.367348184034636,-8.794947308046249,1.4311512484273972e-18,6.625517446263693e-17,True,True,243,12058,26,top_200_CAP_DOWN_by_metaZ
SLC16A10,-1.43236837778378,3.21426440179262e-05,0.00035352832852,-4.27023270825635,-4.157729401498644,-2.814299801,4.28467966898224e-17,1.27790571127395e-14,-10.73535388,-8.40483379299408,-8.883073623910342,6.503788804769283e-19,3.1815902885840987e-17,True,DOWN,DOWN,DOWN,4.247104391495435,4.157729401498644,-8.76763269726579,1.824619300404683e-18,8.288298874733002e-17,True,True,247,12057,27,top_200_CAP_DOWN_by_metaZ
ZNF253,-0.79959570653835,4.01981752780858e-07,9.74001038418648e-06,-5.27019832930393,-5.068016885622181,-1.220251264,1.14904740143686e-13,6.95636726822118e-12,-8.964362511,-7.422529091347,-8.832149761037257,1.0268283558682634e-18,4.73555993280772e-17,True,DOWN,DOWN,DOWN,2.354512205724819,5.068016885622181,-8.765551779466927,1.8586408221211522e-18,8.411219870295836e-17,True,False,262,12056,28,top_200_CAP_DOWN_by_metaZ
NOG,-1.39828708440745,4.91573278030511e-05,0.0004995006409288,-4.16449825225793,-4.059597741879903,-3.972677734,3.9859626924016e-17,1.2248380206757101e-14,-10.75177938,-8.413311007484218,-8.81967835779639,1.147889700823161e-18,5.233943869828775e-17,True,DOWN,DOWN,DOWN,4.3537132656043145,4.059597741879903,-8.701530216532076,3.274385731540265e-18,1.3931127744436978e-16,True,True,265,12055,29,top_200_CAP_DOWN_by_metaZ
PLEKHA1,-1.01919853489878,1.14274996163962e-07,3.52761355299499e-06,-5.53391602360099,-5.302424079788561,-1.774290102,7.65374882240125e-13,3.1045135973424e-11,-8.542660323,-7.167217316523711,-8.817367990296896,1.1718162458128588e-18,5.322953269983749e-17,True,DOWN,DOWN,DOWN,1.8647932367351503,5.302424079788561,-8.763409465755592,1.8943204880941707e-18,8.540699424493233e-17,True,True,266,12054,30,top_200_CAP_DOWN_by_metaZ
MYBL1,-1.62552457137236,3.46936569989854e-08,1.32769564130088e-06,-5.77658733503793,-5.515931911530368,-2.221602599,4.9250299963615294e-12,1.38152881543856e-10,-8.128348828,-6.907720527512566,-8.78484888675205,1.5657487919234458e-18,6.904723595916422e-17,True,DOWN,DOWN,DOWN,1.3917886159821986,5.515931911530368,-8.743110565066102,2.267785572793681e-18,1.0037235558998552e-16,True,True,274,12053,31,top_200_CAP_DOWN_by_metaZ
ZNF529,-0.73018186407125,6.79789786473012e-06,9.91601435727981e-05,-4.64192302162411,-4.499920195243615,-1.321624621,3.5102330139381405e-15,4.56352793305637e-13,-9.742366402,-7.871282743753792,-8.747761489600013,2.1762663786183896e-18,9.425027474138352e-17,True,DOWN,DOWN,DOWN,3.3713625485101764,4.499920195243615,-8.654995560167338,4.929308515384371e-18,2.0121903645739646e-16,True,False,279,12052,32,top_200_CAP_DOWN_by_metaZ
MMP23B,-1.41936886677955,3.65036867159365e-10,3.72523701728947e-08,-6.65223099902969,-6.268288982878119,-2.022487145,1.4597804592470302e-09,1.51980531283311e-08,-6.848276547,-6.048745500492229,-8.709458607299718,3.0532957456792242e-18,1.2810059894111828e-16,True,DOWN,DOWN,DOWN,0.21954348238589017,6.048745500492229,-8.709325943045002,3.0568710479779677e-18,1.3097933642807725e-16,True,True,288,12051,33,top_200_CAP_DOWN_by_metaZ
SCML1,-1.21618565218986,9.188853703581141e-09,4.7257221329702e-07,-6.03976577189006,-5.745059743474347,-1.537291637,5.4250266974818094e-11,9.558729053142351e-10,-7.592314902,-6.558778625836218,-8.700127545562733,3.3151136205333046e-18,1.3860386808617273e-16,True,DOWN,DOWN,DOWN,0.8137188823618704,5.745059743474347,-8.673353737946355,4.195759697181772e-18,1.754234063012019e-16,True,True,289,12050,34,top_200_CAP_DOWN_by_metaZ
CACNG6,-1.54634805993127,1.08468884446594e-07,3.3686903322215e-06,-5.54467206349653,-5.311932329561833,-2.875243342,3.2818653373083e-12,9.96340301235428e-11,-8.218756918,-6.965093148006386,-8.6811679679885,3.9172514088554306e-18,1.6044796194305143e-16,True,DOWN,DOWN,DOWN,1.6531608184445536,5.311932329561833,-8.632757960968897,5.9890078631363995e-18,2.4202402010126124e-16,True,True,295,12049,35,top_200_CAP_DOWN_by_metaZ
TTC39B,-0.880143654563291,7.86318492245129e-07,1.70377736250583e-05,-5.12590769175128,-4.938732845143918,-1.431736677,2.26600658464288e-13,1.1723693761005698e-11,-8.813317315,-7.332084192087992,-8.676777937726104,4.071389726615326e-18,1.6619797995504386e-16,True,DOWN,DOWN,DOWN,2.3933513469440735,4.938732845143918,-8.609281685100818,7.351979267588257e-18,2.8748856145718093e-16,True,False,296,12048,36,top_200_CAP_DOWN_by_metaZ
EPHA4,-1.04385777678599,1.16768075553786e-05,0.0001551125895934,-4.51496972515809,-4.383536497250209,-2.030512092,3.4986912098086604e-15,4.56352793305637e-13,-9.743103501,-7.871694698182675,-8.66575708329951,4.485223744944315e-18,1.812540418400072e-16,True,DOWN,DOWN,DOWN,3.4881582009324656,4.383536497250209,-8.570033608070537,1.034548435861093e-17,3.8366063597412547e-16,True,True,299,12047,37,top_200_CAP_DOWN_by_metaZ
SH3YL1,-0.821826686799239,4.78182263157516e-05,0.0004885644693422,-4.17143102031709,-4.066042465110128,-1.623994672,2.67080017220622e-16,5.76239343537386e-14,-10.32104876,-8.18733229174703,-8.664444382993759,4.537203098897188e-18,1.827434168132491e-16,True,DOWN,DOWN,DOWN,4.121289826636902,4.066042465110128,-8.552393613610477,1.2056182690182458e-17,4.374620283647887e-16,True,False,300,12046,38,top_200_CAP_DOWN_by_metaZ
CD47,-0.507368288220434,8.15169690496687e-08,2.68181553170611e-06,-5.60335918016319,-5.363738334425142,-0.607084933,6.52375194041514e-12,1.73632825595222e-10,-8.065701201,-6.867716899922426,-8.648944939986857,5.197773139749351e-18,2.0460826802305228e-16,True,DOWN,DOWN,DOWN,1.5039785654972837,5.363738334425142,-8.604403711929416,7.671452009026716e-18,2.9709664943932633e-16,True,False,306,12045,39,top_200_CAP_DOWN_by_metaZ
MATK,-1.34221836032085,7.168853285171509e-11,1.01388624478271e-08,-6.94947043220614,-6.517081390147748,-1.856382222,1.10576006175459e-08,8.67204942476596e-08,-6.38238258,-5.713653549360652,-8.648435614621627,5.221019559253223e-18,2.0460826802305228e-16,True,DOWN,DOWN,DOWN,0.8034278407870961,5.713653549360652,-8.663401653866803,4.578915733814564e-18,1.9012728113979854e-16,True,True,308,12044,40,top_200_CAP_DOWN_by_metaZ
SNRPN,-0.638230241620068,3.36745777260649e-06,5.55331771967926e-05,-4.80322011399191,-4.647031489543511,-1.304140309,3.45890827312813e-14,2.76181569635085e-12,-9.231620052,-7.579873957164352,-8.645727754293864,5.346344614915512e-18,2.0838671607104557e-16,True,DOWN,DOWN,DOWN,2.9328424676208416,4.647031489543511,-8.564338937175519,1.0869765796276325e-17,4.004249393792891e-16,True,False,310,12043,41,top_200_CAP_DOWN_by_metaZ
KLRG1,-1.29112090691408,3.77410646443343e-09,2.26298554202653e-07,-6.21220629975053,-5.893801439971459,-1.858858508,2.6423605125993803e-10,3.5869955526123203e-09,-7.236153698,-6.31842876161307,-8.635350788951579,5.8547096748896385e-18,2.2529444904997293e-16,True,DOWN,DOWN,DOWN,0.4246273216416112,5.893801439971459,-8.61865456745076,6.774538727575176e-18,2.6838279162390446e-16,True,True,314,12042,42,top_200_CAP_DOWN_by_metaZ
KLRC3,-1.66896848654239,1.35574771628398e-08,6.36834346946896e-07,-5.96345693572331,-5.678886029316076,-2.45530732,6.605615868085109e-11,1.1227823333325301e-09,-7.548151547,-6.529349023291178,-8.632525792017896,6.001180586602762e-18,2.301976667553053e-16,True,DOWN,DOWN,DOWN,0.8504629939751016,5.678886029316076,-8.604849347886928,7.64170617269396e-18,2.9689625622077525e-16,True,True,315,12041,43,top_200_CAP_DOWN_by_metaZ
CACNA2D3,-1.74114716585512,5.22892961911434e-07,1.21819548324273e-05,-5.21396344843991,-5.017716370992364,-2.73005383,7.04833208415036e-13,2.88782268684148e-11,-8.560985118,-7.1784943154727365,-8.62402328117931,6.464196915440514e-18,2.4484918911996154e-16,True,DOWN,DOWN,DOWN,2.1607779444803725,5.017716370992364,-8.562560086258022,1.1038847777286389e-17,4.054176221670256e-16,True,True,319,12040,44,top_200_CAP_DOWN_by_metaZ
TXK,-1.0280400295201,2.50434633108704e-06,4.36215559396775e-05,-4.87009810827407,-4.707775545758217,-1.850999957,1.1649405980067499e-13,7.0107300499035195e-12,-8.961306434,-7.420710090268899,-8.576134438758409,9.811485952117779e-18,3.592490447255731e-16,True,DOWN,DOWN,DOWN,2.7129345445106816,4.707775545758217,-8.50046324569215,1.8883558940160543e-17,6.61362442533217e-16,True,True,330,12039,45,top_200_CAP_DOWN_by_metaZ
LILRA4,-0.515470946801833,0.0008410801045382,0.0050910353566159,-3.39847959897773,-3.338909336407901,-3.274596247,1.6257959618087e-18,9.4207908289835e-16,-11.48454615,-8.780617480501878,-8.569799597009117,1.0366528417991088e-17,3.750262361514561e-16,True,DOWN,DOWN,DOWN,5.441708144093976,3.338909336407901,-8.423758828026715,3.6459437555227044e-17,1.2271292032863742e-15,True,False,334,12038,46,top_200_CAP_DOWN_by_metaZ
ZNF540,-1.17755795240766,4.9718032871387e-05,0.0005042137059283,-4.16164887757977,-4.056948531200793,-2.113995537,7.82340319844542e-16,1.37970817624062e-13,-10.07903426,-8.056930607872042,-8.565806085712659,1.0732236907622136e-17,3.864454238015402e-16,True,DOWN,DOWN,DOWN,3.999982076671249,4.056948531200793,-8.456949412428216,2.7446291147226773e-17,9.44824888694989e-16,True,True,335,12037,47,top_200_CAP_DOWN_by_metaZ
DET1,-0.560560043999781,0.0001515975237742,0.0012599879786574,-3.87419022110168,-3.7884378189435246,-1.772153057,9.51414819202856e-17,2.3821782652164302e-14,-10.55436969,-8.310697116057693,-8.555380359030417,1.1748071672598178e-17,4.1650209877636366e-16,True,DOWN,DOWN,DOWN,4.522259297114168,3.7884378189435246,-8.433061337773339,3.3673809028777045e-17,1.139721665251297e-15,True,False,340,12036,48,top_200_CAP_DOWN_by_metaZ
NDRG2,-0.805657637242647,3.6585678869815e-06,5.93929582800496e-05,-4.78437924810479,-4.629891837791871,-1.949286627,8.6812861939985e-14,5.5366404182541995e-12,-9.026740232,-7.459558525694875,-8.548532332839649,1.24663542554253e-17,4.378806932218137e-16,True,DOWN,DOWN,DOWN,2.8296666879030035,4.629891837791871,-8.469869036840208,2.456690887378183e-17,8.529941377066261e-16,True,False,344,12035,49,top_200_CAP_DOWN_by_metaZ
SHISAL2A,-0.749206486480754,0.000128578721103,0.0010995741239779,-3.91762452569943,-3.8291651143394985,-1.574239593,2.74033543296881e-16,5.850183464846361e-14,-10.31525042,-8.184237334792183,-8.49475833690409,1.9834516371901225e-17,6.827933370988106e-16,True,DOWN,DOWN,DOWN,4.355072220452684,3.8291651143394985,-8.376791325017232,5.439015726919678e-17,1.7478624209672996e-15,True,False,351,12034,50,top_200_CAP_DOWN_by_metaZ
CASD1,-0.740055250057305,1.68865485109655e-06,3.17972975326234e-05,-4.95813254338769,-4.787507433486307,-1.193885896,6.31493592703385e-13,2.65712065427746e-11,-8.5854176,-7.193503876054671,-8.471854342449143,2.4151702401507776e-17,8.174370311412281e-16,True,DOWN,DOWN,DOWN,2.405996442568364,4.787507433486307,-8.404168318758368,4.3090430726812925e-17,1.4264703410193986e-15,True,False,357,12033,51,top_200_CAP_DOWN_by_metaZ
BBS2,-0.498652172547129,4.37107341708365e-05,0.000454630070075,-4.19391776099985,-4.086936155649737,-1.078319291,3.2172720161388603e-15,4.26467279472628e-13,-9.761872947,-7.882176472557825,-8.463440704191106,2.596024309107551e-17,8.761944616465514e-16,True,DOWN,DOWN,DOWN,3.795240316908088,4.086936155649737,-8.359932330673931,6.275424154357948e-17,1.9901824161970364e-15,True,False,358,12032,52,top_200_CAP_DOWN_by_metaZ
NCALD,-1.27389487691329,1.77103267047402e-07,5.02590874413799e-06,-5.44300294831586,-5.221893031914823,-1.74457931,1.7240463071029e-11,3.73561785837114e-10,-7.848851406,-6.727667239354999,-8.44961510001225,2.922647415515437e-17,9.728470722223974e-16,True,DOWN,DOWN,DOWN,1.5057742074401759,5.221893031914823,-8.405160181564405,4.272780105879227e-17,1.4183517038279863e-15,True,True,363,12031,53,top_200_CAP_DOWN_by_metaZ
TARP,-1.32328646988696,3.58162522246189e-08,1.36864365879774e-06,-5.77018865257535,-5.510329535983082,-1.770497856,1.6090642077655301e-10,2.35116151618219e-09,-7.348012671,-6.394658635897668,-8.418097866282517,3.826460810572456e-17,1.2395476132479084e-15,True,DOWN,DOWN,DOWN,0.8843290999145852,5.510329535983082,-8.389690694621018,4.8742285283854956e-17,1.5832070781849986e-15,True,True,373,12030,54,top_200_CAP_DOWN_by_metaZ
AUTS2,-0.910923793762618,9.42927846033513e-06,0.0001302950576479,-4.56543607899746,-4.429863425590069,-1.970773763,1.0893463574828099e-13,6.674632470123509e-12,-8.976232966,-7.429590207426677,-8.385900085073578,5.033907893441913e-17,1.5881125085237241e-15,True,DOWN,DOWN,DOWN,2.999726781836608,4.429863425590069,-8.302959221740284,1.0154973802320306e-16,3.0599139265196074e-15,True,False,383,12029,55,top_200_CAP_DOWN_by_metaZ
LDB2,-0.655520454371862,0.0003422237927924,0.0024348625018683,-3.65389599964879,-3.5810441656274112,-2.903469373,1.29524883873866e-16,3.1649327347540804e-14,-10.48453537,-8.274012215895755,-8.382790758723885,5.168731210822814e-17,1.6264005005305226e-15,True,DOWN,DOWN,DOWN,4.692968050268345,3.5810441656274112,-8.256184066354006,1.504036217030709e-16,4.3685744255726096e-15,True,False,384,12028,56,top_200_CAP_DOWN_by_metaZ
ZNF439,-0.685378923759694,1.64887748456454e-05,0.0002038419894575,-4.43265400114546,-4.307798154632717,-1.403355742,4.5096340460578996e-14,3.36249588559192e-12,-9.172537175,-7.545382077571748,-8.381464120818112,5.2273337455440144e-17,1.636317970140112e-15,True,DOWN,DOWN,DOWN,3.237583922939031,4.307798154632717,-8.292391984774502,1.1099344764616027e-16,3.319638187892462e-15,True,False,386,12027,57,top_200_CAP_DOWN_by_metaZ
PAFAH2,-0.689921894839645,5.30601198862002e-07,1.23174264031988e-05,-5.2108222198666,-5.014903390125469,-0.786937866,8.70337868218427e-12,2.1899903604637602e-10,-8.00142727,-6.826462904054144,-8.373110405128223,5.611698452629221e-17,1.7386192923876634e-15,True,DOWN,DOWN,DOWN,1.8115595139286746,5.014903390125469,-8.320820327316838,8.73565862526746e-17,2.6790092174900184e-15,True,False,390,12026,58,top_200_CAP_DOWN_by_metaZ
PRSS23,-1.6634260225119,1.05089287638226e-08,5.2692457268007e-07,-6.01349632099619,-5.722303613878294,-2.160498129,1.46237343802043e-09,1.52172374019971e-08,-6.847871548,-6.048459531269729,-8.323186439674862,8.562959789148726e-17,2.561045622086239e-15,True,DOWN,DOWN,DOWN,0.3261559173914348,5.722303613878294,-8.30923743904693,9.631902271652524e-17,2.9168490012124676e-15,True,True,404,12025,59,top_200_CAP_DOWN_by_metaZ
GNPDA2,-0.887537386115159,1.04443024574722e-06,2.16567396693865e-05,-5.06403710971428,-4.883077070387094,-1.156152253,5.6896426071928595e-12,1.55514341935955e-10,-8.096191594,-6.887211940164392,-8.322851175886454,8.58722386464261e-17,2.5619611347278183e-15,True,DOWN,DOWN,DOWN,2.0041348697772987,4.883077070387094,-8.265628108548027,1.389611237706866e-16,4.08532179688858e-15,True,False,405,12024,60,top_200_CAP_DOWN_by_metaZ
SNURF,-0.638230241620068,3.36745777260649e-06,5.55331771967926e-05,-4.80322011399191,-4.647031489543511,-2.067395107,1.06753450322561e-12,4.0093828259108595e-11,-8.468660167,-7.121506821281438,-8.321613244237998,8.677405613810427e-17,2.5824899515189997e-15,True,DOWN,DOWN,DOWN,2.474475331737927,4.647031489543511,-8.252261140721174,1.5542533115752237e-16,4.49283319707259e-15,True,False,406,12023,61,top_200_CAP_DOWN_by_metaZ
TMEM8B,-1.12984270880419,1.94271777780337e-06,3.56087257967613e-05,-4.9269477517166,-4.759293489615412,-1.739709992,3.0149728045944297e-12,9.33536846564573e-11,-8.237641956,-6.977024438088272,-8.298829992840524,1.0514169914127058e-16,3.0612702427083675e-15,True,DOWN,DOWN,DOWN,2.2177309484728607,4.759293489615412,-8.236114364668126,1.7789389021879425e-16,5.033938818533235e-15,True,True,415,12022,62,top_200_CAP_DOWN_by_metaZ
ZNF548,-0.827393194650289,1.68027008740347e-06,3.16623233052139e-05,-4.95923762386561,-4.788506635581547,-1.502915221,3.87529618927156e-12,1.13576419096267e-10,-8.181744523,-6.941656125695997,-8.294477632921268,1.0906339644484463e-16,3.160223067729155e-15,True,DOWN,DOWN,DOWN,2.1531494901144494,4.788506635581547,-8.233430425971664,1.8192705862696713e-16,5.136038900443093e-15,True,False,417,12021,63,top_200_CAP_DOWN_by_metaZ
TMEM134,-0.748919089078091,8.27264281749362e-10,7.01556122769393e-08,-6.50005322230294,-6.139605959501918,-1.03828984,2.50163160220553e-08,1.75191956230422e-07,-6.191993925,-5.573157535267946,-8.282174493586014,1.2094619620477884e-16,3.4878111903158535e-15,True,DOWN,DOWN,DOWN,0.5664484242339727,5.573157535267946,-8.291272626180502,1.1204314608914337e-16,3.342758849864492e-15,True,False,419,12020,64,top_200_CAP_DOWN_by_metaZ
LOC100507547,-0.748786951850247,6.787344620563551e-09,3.67208043785708e-07,-6.09879771085347,-5.79610334852735,-2.078733063,3.75537907389118e-09,3.43540112754114e-08,-6.631866055,-5.89462294307247,-8.266591837786091,1.3784288412224686e-16,3.9561889996415884e-15,True,DOWN,DOWN,DOWN,0.09851959454512027,5.79610334852735,-8.25855112469274,1.474513087945734e-16,4.293142564252604e-15,True,False,421,12019,65,top_200_CAP_DOWN_by_metaZ
GPA33,-0.754682059854787,2.08794731273992e-05,0.0002482167789832,-4.37570300620231,-4.255272324506546,-2.349323261,1.08268322210015e-13,6.65390861436764e-12,-8.977598001,-7.430401760061799,-8.263019387934177,1.4203315976610842e-16,4.057178887597844e-15,True,DOWN,DOWN,DOWN,3.1751294355552533,4.255272324506546,-8.175636727607012,2.943074781839555e-16,8.045514160399852e-15,True,False,423,12018,66,top_200_CAP_DOWN_by_metaZ
P2RY10,-1.29121798222866,6.137937757808041e-09,3.3912431904764e-07,-6.11832017382816,-5.812955512562268,-1.427512084,4.67364838101256e-09,4.14094638773769e-08,-6.581528014,-5.858393977458692,-8.252890369991974,1.546088706517322e-16,4.364810710478692e-15,True,DOWN,DOWN,DOWN,0.045438464896424335,5.812955512562268,-8.246227710200547,1.634730260471421e-16,4.669608921341886e-15,True,True,428,12017,67,top_200_CAP_DOWN_by_metaZ
ABLIM1,-1.24043889113379,1.53120225157972e-07,4.44715136081016e-06,-5.47330513715986,-5.2487674429626265,-1.700055276,1.54286363335403e-10,2.2732622109355204e-09,-7.357474608,-6.401075388780872,-8.237682866083318,1.7557784022559736e-16,4.8665906017477244e-15,True,DOWN,DOWN,DOWN,1.1523079458182455,5.2487674429626265,-8.202484679666881,2.354687557877564e-16,6.5708290443036035e-15,True,True,435,12016,68,top_200_CAP_DOWN_by_metaZ
FBLN2,-0.771935366684999,0.0001445246853078,0.0012100919838375,-3.88682812944052,-3.800293714713361,-2.884500159,4.37549473534454e-15,5.25085258742738e-13,-9.69306742,-7.843674760664325,-8.233529068861946,1.8177724427806704e-16,5.026120005976852e-15,True,DOWN,DOWN,DOWN,4.043381045950964,3.800293714713361,-8.123774227476138,4.519060481135822e-16,1.1742754364207342e-14,True,False,437,12015,69,top_200_CAP_DOWN_by_metaZ
ZCCHC14,-0.554997926089628,2.6167283759264e-05,0.0002984010627814,-4.32074566037178,-4.204488849482058,-0.742038739,1.09985117116062e-13,6.718699277803789e-12,-8.974097792,-7.428320604350464,-8.225638449055953,1.941538543183376e-16,5.323874393413395e-15,True,DOWN,DOWN,DOWN,3.2238317548684066,4.204488849482058,-8.137024649099823,4.051102637743086e-16,1.0641189819967327e-14,True,False,440,12014,70,top_200_CAP_DOWN_by_metaZ
RPS17,-0.767499275279024,9.8711884100754e-13,3.37997284204463e-10,-7.70280034329456,-7.1322910206408645,-0.785987581,6.84296416639686e-06,2.47119224107362e-05,-4.81973936,-4.498515396043515,-8.224222087905533,1.9646176503835582e-16,5.358572250470549e-15,True,DOWN,DOWN,DOWN,2.63377562459735,4.498515396043515,-8.286674175842602,1.1645910073578167e-16,3.4659490497301725e-15,True,False,443,12013,71,top_200_CAP_DOWN_by_metaZ
TBC1D10A,-0.493784999632062,1.09318856320091e-06,2.25638808805455e-05,-5.05404468609285,-4.874076082548763,-0.739579902,1.43926258495529e-11,3.23662889972112e-10,-7.889175423,-6.7538966829632585,-8.222218393946042,1.9977297304070274e-16,5.436614489303629e-15,True,DOWN,DOWN,DOWN,1.8798206004144955,4.874076082548763,-8.16826828640383,3.128475816282103e-16,8.475644235008218e-15,True,False,444,12012,72,top_200_CAP_DOWN_by_metaZ
ZNF84,-0.70011089661759,0.0003120766501018,0.0022527519183361,-3.67933537957476,-3.605063468987243,-1.353945899,1.18706641299079e-15,1.91070586681477e-13,-9.985374264,-8.0057853375335,-8.210109926422549,2.2098608617002216e-16,5.960211783911557e-15,True,DOWN,DOWN,DOWN,4.400721868546256,3.605063468987243,-8.091155014161293,5.910158009308048e-16,1.500261328287167e-14,True,False,448,12011,73,top_200_CAP_DOWN_by_metaZ
KLF12,-1.19409497467556,3.22115006077613e-07,8.16873162029331e-06,-5.31725800286232,-5.110025691778434,-1.848555829,9.43991766173906e-11,1.4992245113369602e-09,-7.467984851,-6.475658752270569,-8.192316035074546,2.5624671652707154e-16,6.865252939682052e-15,True,DOWN,DOWN,DOWN,1.3656330604921347,5.110025691778434,-8.151646477571687,3.590024895270666e-16,9.59696256848572e-15,True,True,451,12010,74,top_200_CAP_DOWN_by_metaZ
CFAP410,-0.873602189709305,1.75823755268395e-08,7.84813307607109e-07,-5.912121596552,-5.634248094030701,-1.285245902,2.7103346984585704e-09,2.58067126851823e-08,-6.706738934,-5.9482445416520795,-8.190059085734541,2.6109796601190247e-16,6.964341552586794e-15,True,DOWN,DOWN,DOWN,0.31399644762137857,5.634248094030701,-8.17651224457977,2.92177845740195e-16,8.005407959362304e-15,True,False,453,12009,75,top_200_CAP_DOWN_by_metaZ
ZNF737,-0.79959570653835,4.01981752780858e-07,9.74001038418648e-06,-5.27019832930393,-5.068016885622181,-1.154257392,8.537997779121749e-11,1.38527306366695e-09,-7.49054501,-6.490803150729206,-8.173320030219001,3.0001676440108687e-16,7.829595171184304e-15,True,DOWN,DOWN,DOWN,1.4227862651070247,5.068016885622181,-8.131189156834168,4.250993926884205e-16,1.1069991297099536e-14,True,False,463,12008,76,top_200_CAP_DOWN_by_metaZ
GARRE1,-0.600463105520576,9.09379391574417e-06,0.0001263469295618,-4.573948860296,-4.4376698942382795,-1.052280559,1.2639893021142998e-12,4.6524441081996594e-11,-8.4310877,-7.098192629913914,-8.157086617663778,3.432022718116221e-16,8.879899465310127e-15,True,DOWN,DOWN,DOWN,2.6605227356756345,4.4376698942382795,-8.083045901960773,6.316883327846245e-16,1.5961425321543064e-14,True,False,467,12007,77,top_200_CAP_DOWN_by_metaZ
ZNF789,-0.575049929935703,0.0004910058436502,0.0032855348596838,-3.55301126630715,-3.4856156962242864,-0.906549049,9.08862618710045e-16,1.53605356417154e-13,-10.04534708,-8.038578993263583,-8.14883621265087,3.674432156361135e-16,9.446417818151402e-15,True,DOWN,DOWN,DOWN,4.552963297039296,3.4856156962242864,-8.025995832092157,1.007056412726475e-15,2.4434262319224893e-14,True,False,470,12006,78,top_200_CAP_DOWN_by_metaZ
SEMA4C,-0.700655463298466,5.06634112834011e-06,7.75994085831634e-05,-4.70989873682205,-4.562021692762804,-1.589253091,3.37635774646973e-12,1.01568672816064e-10,-8.212436514,-6.9610959209794805,-8.148074605087317,3.6976421994378143e-16,9.485904606328474e-15,True,DOWN,DOWN,DOWN,2.3990742282166764,4.562021692762804,-8.080782519586787,6.435248618828101e-16,1.6199397721104154e-14,True,False,471,12005,79,top_200_CAP_DOWN_by_metaZ
NMT2,-0.82808053037625,0.0002760943783262,0.0020402166756523,-3.7129297282494,-3.6367549346617634,-1.823742612,3.4381466585745503e-15,4.52786054432146e-13,-9.747010462,-7.873877838029912,-8.139246489318396,3.9774548532682135e-16,1.0117807787797858e-14,True,DOWN,DOWN,DOWN,4.2371229033681495,3.6367549346617634,-8.024557864546697,1.0189225287872565e-15,2.4476423290927273e-14,True,False,475,12004,80,top_200_CAP_DOWN_by_metaZ
NOPCHAP1,-0.627273609075118,5.4939431380334e-05,0.0005498404976151,-4.13649875444878,-4.03355449922357,-1.467640707,7.903788595022351e-14,5.10499160814166e-12,-9.047620468,-7.471911957822939,-8.135593352491947,4.099256164204329e-16,1.0383922899807317e-14,True,DOWN,DOWN,DOWN,3.438357458599369,4.03355449922357,-8.041506944219233,8.874031677685245e-16,2.1927387476783396e-14,True,False,477,12003,81,top_200_CAP_DOWN_by_metaZ
ZFP3,-0.51508042412085,0.0001996429227827,0.0015781615369304,-3.80076787805056,-3.719467892399902,-1.3674064,6.9768493030750704e-15,7.48663919130505e-13,-9.588760558,-7.784899774767137,-8.134816390717075,4.125631478223374e-16,1.0428871370580132e-14,True,DOWN,DOWN,DOWN,4.0654318823672355,3.719467892399902,-8.024558544247363,1.0189168874841918e-15,2.4476423290927273e-14,True,False,478,12002,82,top_200_CAP_DOWN_by_metaZ
PPP2R2B,-1.76468110756726,2.23361478303789e-08,9.39020315007997e-07,-5.86462099671787,-5.59285837817714,-1.584768676,3.5330289256342604e-09,3.25549112407035e-08,-6.64589411,-5.9046935374151275,-8.129996926559672,4.2930131883578217e-16,1.0750884936235242e-14,True,DOWN,DOWN,DOWN,0.31183515923798755,5.59285837817714,-8.116545784647222,4.796398176299681e-16,1.238352118893783e-14,True,True,482,12001,83,top_200_CAP_DOWN_by_metaZ
MAGEE1,-0.842807824927964,1.64296790359447e-06,3.11852324983507e-05,-4.96421961042577,-4.793010782980411,-1.80793939,2.3955685233118797e-11,4.94247459016157e-10,-7.775330922,-6.679623522414034,-8.112377515417828,4.96387986764236e-16,1.2290688614902178e-14,True,DOWN,DOWN,DOWN,1.8866127394336232,4.793010782980411,-8.058325321265118,7.734674795650876e-16,1.923005669873447e-14,True,False,488,12000,84,top_200_CAP_DOWN_by_metaZ
ZNF549,-0.674951750731903,8.82805524954163e-05,0.0008077794717258,-4.0154923062165,-3.9207315811967782,-1.482159937,4.33428276089075e-14,3.29226923871256e-12,-9.181369387,-7.55054870360866,-8.111420078277474,5.003156366848293e-16,1.236260498581348e-14,True,DOWN,DOWN,DOWN,3.629817122411882,3.9207315811967782,-8.012412098112305,1.1248022810695394e-15,2.649315002371003e-14,True,False,489,11999,85,top_200_CAP_DOWN_by_metaZ
FEZ1,-1.47513549630018,1.37973246460485e-05,0.0001762630236937,-4.47529840066752,-4.347061970353513,-1.902052424,1.0747095067790998e-12,4.01858620005104e-11,-8.467170296,-7.120583691549258,-8.108850011775944,5.110107765454156e-16,1.2601108597955628e-14,True,DOWN,DOWN,DOWN,2.7735217211957446,4.347061970353513,-8.031927198100181,9.595330656455447e-16,2.3375076677812735e-14,True,True,490,11998,86,top_200_CAP_DOWN_by_metaZ
ZNF875,-0.772894779070427,4.02221080089868e-05,0.0004258339775093,-4.21466520946215,-4.1062001021008605,-1.15462545,1.87568410914498e-13,1.0226007907948699e-11,-8.855359832,-7.357370364970043,-8.105968413875674,5.232703891583437e-16,1.2877140758045351e-14,True,DOWN,DOWN,DOWN,3.2511702628691825,4.1062001021008605,-8.016729185641172,1.0859819599138434e-15,2.5881499056487118e-14,True,False,491,11997,87,top_200_CAP_DOWN_by_metaZ
ALG13,-0.640215970939914,4.40467973142899e-06,6.91332814541476e-05,-4.74201741713784,-4.591312154487947,-0.734843923,6.5383696992717e-12,1.73779132158216e-10,-8.06520229,-6.867397503374407,-8.102531302722253,5.382728663595898e-16,1.3165892802070695e-14,True,DOWN,DOWN,DOWN,2.2760853488864594,4.591312154487947,-8.038441343631096,9.098839617949678e-16,2.230046229283691e-14,True,False,494,11996,88,top_200_CAP_DOWN_by_metaZ
TMEM106B,-0.570519997006337,0.0001315960981846,0.0011216918647426,-3.9115284020232,-3.8234522274281493,-0.777251849,2.4546581013760202e-14,2.0917193678154197e-12,-9.308043812,-7.624245507953473,-8.094744697662227,5.738457777910591e-16,1.3951264654022871e-14,True,DOWN,DOWN,DOWN,3.800793280525324,3.8234522274281493,-7.9913384170967,1.3348158535790533e-15,3.0897662756313606e-14,True,False,497,11995,89,top_200_CAP_DOWN_by_metaZ
FCGBP,-1.33085680325411,1.30172072655889e-06,2.58388088994981e-05,-5.01568526626187,-4.83949102011072,-2.423711771,3.96748312731171e-11,7.457323939296461e-10,-7.662430038,-6.605286870876828,-8.092680055891169,5.836603006756338e-16,1.4161380347517435e-14,True,DOWN,DOWN,DOWN,1.765795850766108,4.83949102011072,-8.041756777740137,8.855953811852838e-16,2.1927387476783396e-14,True,True,498,11994,90,top_200_CAP_DOWN_by_metaZ
ZBTB25,-0.785658398339282,4.70021685538546e-06,7.27507393561542e-05,-4.72713243817687,-4.577742091194559,-1.379400275,6.640524734727209e-12,1.755886338266e-10,-8.061746457,-6.86518476812912,-8.091371178849455,5.899676776611142e-16,1.4247149348982707e-14,True,DOWN,DOWN,DOWN,2.2874426769345604,4.577742091194559,-8.026995744664763,9.988854810974593e-16,2.428477518732515e-14,True,False,500,11993,91,top_200_CAP_DOWN_by_metaZ
DBP,-0.998965960483702,1.2265808967867e-05,0.000160964773964,-4.50329623447028,-4.372808892180652,-1.308733881,1.5701072981049398e-12,5.5670185512003794e-11,-8.382843247,-7.068151812121519,-8.089980897300883,5.96740901284682e-16,1.4363387072156997e-14,True,DOWN,DOWN,DOWN,2.6953429199408667,4.372808892180652,-8.015086832245363,1.1005923329460817e-15,2.617806527359745e-14,True,False,502,11992,92,top_200_CAP_DOWN_by_metaZ
BCAS4,-0.795309144167416,4.18607878795743e-06,6.61812444100949e-05,-4.75366206335586,-4.601923045618191,-1.560853428,8.128777097497359e-12,2.0737072743942602e-10,-8.016659744,-6.8362592719629705,-8.088016281209699,6.064430091594752e-16,1.456789439298994e-14,True,DOWN,DOWN,DOWN,2.2343362263447792,4.601923045618191,-8.02501266954942,1.0151546590692582e-15,2.4476423290927273e-14,True,False,503,11991,93,top_200_CAP_DOWN_by_metaZ
TYSND1,-0.520995671243273,6.09759915086229e-06,9.03632247738551e-05,-4.66714105231102,-4.522976572738591,-1.066767134,6.54638612340994e-12,1.73779132158216e-10,-8.064929158,-6.867222642311985,-8.054087104027952,8.007418190967673e-16,1.8934174951362504e-14,True,DOWN,DOWN,DOWN,2.344246069573394,4.522976572738591,-7.988271542889047,1.3684377229238623e-15,3.1435043737811835e-14,True,False,511,11990,94,top_200_CAP_DOWN_by_metaZ
SPON1,-0.7829584937382,0.0028798392298645,0.013819298594646,-3.02341363482591,-2.980281162252676,-2.924907502,4.25105306316602e-17,1.27790571127395e-14,-10.73714445,-8.405758444192452,-8.051145816575957,8.202247651571562e-16,1.9319251145017385e-14,True,DOWN,DOWN,DOWN,5.425477281939776,2.980281162252676,-7.905868705278858,2.660715006345259e-15,5.79088562528101e-14,True,False,513,11989,95,top_200_CAP_DOWN_by_metaZ
LBH,-1.12237533983137,7.30734496176447e-08,2.45683511550384e-06,-5.62572057223315,-5.383445327783926,-1.690055976,2.07620842160473e-09,2.05503089304859e-08,-6.767785201,-5.991729672727832,-8.043463380045553,8.733431413013402e-16,2.0490495488046784e-14,True,DOWN,DOWN,DOWN,0.6082843449439057,5.383445327783926,-8.022424525351273,1.0367810367668596e-15,2.4856002514392787e-14,True,True,515,11988,96,top_200_CAP_DOWN_by_metaZ
ZCCHC18,-0.676615215014129,8.51595373758879e-08,2.77360030179316e-06,-5.59440344822213,-5.355840651181735,-1.806392032,1.76523151243994e-09,1.78646009499972e-08,-6.804888452,-6.018056898487723,-8.04256008589233,8.798072252723328e-16,2.0602152525127125e-14,True,DOWN,DOWN,DOWN,0.662216247305988,5.355840651181735,-8.020130953725147,1.0563248915347229e-15,2.524897353281328e-14,True,False,516,11987,97,top_200_CAP_DOWN_by_metaZ
ENOSF1,-0.819950516398749,3.51284397886625e-05,0.0003814486724277,-4.24828316967773,-4.137386315303346,-1.708639708,5.123268077732919e-13,2.2588043453152498e-11,-8.631918979,-7.221988833845351,-8.032291198004993,9.566896823757318e-16,2.214498358648653e-14,True,DOWN,DOWN,DOWN,3.0846025185420043,4.137386315303346,-7.947396692747894,1.90471727057632e-15,4.247151591073076e-14,True,False,522,11986,98,top_200_CAP_DOWN_by_metaZ
DMAC2L,-0.604690752974906,4.4853448290522e-06,7.01455099077076e-05,-4.73786108355284,-4.587523718442159,-0.784807449,1.3119323163262798e-11,3.00308118593829e-10,-7.909856941,-6.7673161121114624,-8.029084243471575,9.820291042322946e-16,2.2644766539005375e-14,True,DOWN,DOWN,DOWN,2.1797923936693033,4.587523718442159,-7.9675265003959455,1.6188175373020495e-15,3.649285877466542e-14,True,False,524,11985,99,top_200_CAP_DOWN_by_metaZ
TMEM116,-0.511322839144826,8.81910256156698e-06,0.0001234532038513,-4.58114750520592,-4.44426943937863,-1.044744028,5.09694374293358e-12,1.42188605296336e-10,-8.120704316,-6.90285001432353,-8.02362511264659,1.0266931429308245e-15,2.3450913508569286e-14,True,DOWN,DOWN,DOWN,2.4585805749449,4.44426943937863,-7.954881185276428,1.7930349666916627e-15,4.019525325145707e-14,True,False,529,11984,100,top_200_CAP_DOWN_by_metaZ
KRT73,-1.23012728409138,5.66148113479717e-06,8.50136893080362e-05,-4.68429978061028,-4.538652624825404,-2.620776445,1.03144494020575e-11,2.49626907306836e-10,-7.963541055,-6.802044822080061,-8.019084068091821,1.065365760662225e-15,2.428832921902201e-14,True,DOWN,DOWN,DOWN,2.2633921972546576,4.538652624825404,-7.9553769786409205,1.7858689476079743e-15,4.01090232229501e-14,True,True,530,11983,101,top_200_CAP_DOWN_by_metaZ
ATM,-0.638458479285321,2.52143192510553e-07,6.75053734434373e-06,-5.36897480447318,-5.156102289380354,-1.018310154,6.78753125723699e-10,7.970927702838641e-09,-7.022570975,-6.170962984933351,-8.009444666409882,1.1522756815237598e-15,2.612185189465589e-14,True,DOWN,DOWN,DOWN,1.014860695552997,5.156102289380354,-7.977943031796746,1.48792035386242e-15,3.3794251194961695e-14,True,False,533,11982,102,top_200_CAP_DOWN_by_metaZ
ZNF345,-0.838726647735392,0.0007114233751098,0.0044332783741577,-3.44710258661318,-3.3851385427679794,-1.257471151,2.2480967247866902e-15,3.28011868168338e-13,-9.842152278,-7.926830571558301,-7.998770069312897,1.2566813409720053e-15,2.8329254930904367e-14,True,DOWN,DOWN,DOWN,4.5416920287903215,3.3851385427679794,-7.876320211662971,3.3716349334809803e-15,7.15983565927077e-14,True,False,536,11981,103,top_200_CAP_DOWN_by_metaZ
TCTN1,-0.757877792347284,2.31501151671822e-06,4.09263211274173e-05,-4.88774580418306,-4.723779734305357,-1.369465909,4.540593273782589e-11,8.28127447712093e-10,-7.632204272,-6.585270051777071,-7.99670579251516,1.277921000401092e-15,2.870096551644311e-14,True,DOWN,DOWN,DOWN,1.8614903174717137,4.723779734305357,-7.943378452687832,1.967474828161381e-15,4.3700364611533023e-14,True,False,538,11980,104,top_200_CAP_DOWN_by_metaZ
CD96,-1.14329182519582,1.64657941645649e-07,4.72438648031257e-06,-5.45819016368412,-5.235366344408564,-1.70052825,1.5338196396902401e-09,1.58342796412375e-08,-6.836984062,-6.040768446708637,-7.973431376372526,1.5432832208491673e-15,3.402826853562133e-14,True,DOWN,DOWN,DOWN,0.8054021023000733,5.235366344408564,-7.947355540994347,1.9053498830411985e-15,4.247151591073076e-14,True,True,548,11979,105,top_200_CAP_DOWN_by_metaZ
KLRC1,-1.53786420051355,2.89381270933169e-07,7.50804467945549e-06,-5.33992771278504,-5.130234617072236,-1.932954596,8.79956043058497e-10,9.93769881488543e-09,-6.963582231,-6.129789165221962,-7.962039172782024,1.6922687874497332e-15,3.697591999774887e-14,True,DOWN,DOWN,DOWN,0.9995545481497263,5.130234617072236,-7.930963816408751,2.1745157497794996e-15,4.7859150828024945e-14,True,True,553,11978,106,top_200_CAP_DOWN_by_metaZ
USP53,-0.644621318303327,0.0118515997421717,0.0430445471166133,-2.54347308724013,-2.516532415927727,-1.361500508,2.4151605837990697e-18,1.2559454307699701e-15,-11.39326792,-8.73599715305518,-7.9567399637299525,1.7663138914714017e-15,3.838555890404487e-14,True,DOWN,DOWN,DOWN,6.219464737127453,2.516532415927727,-7.79104909876985,6.645508231696161e-15,1.3185168466926882e-13,True,False,556,11977,107,top_200_CAP_DOWN_by_metaZ
SLC25A26,-0.544565364883425,1.08716848049819e-05,0.0001465006694165,-4.53187890529043,-4.399067824902307,-1.093631579,7.48904348078906e-12,1.94974699401647e-10,-8.034937768,-6.847998339089688,-7.95287675301251,1.8222961254891063e-15,3.9531066578608383e-14,True,DOWN,DOWN,DOWN,2.4489305141873814,4.399067824902307,-7.884428766565941,3.1597759157136653e-15,6.745507489323006e-14,True,False,557,11976,108,top_200_CAP_DOWN_by_metaZ
DOCK9,-1.0612468354619,0.0001591112427303,0.0013119619358591,-3.86136367208795,-3.7764002423496654,-1.398115367,9.15119272615089e-14,5.76383042481572e-12,-9.015010038,-7.452609385156076,-7.940108853618337,2.020038957369124e-15,4.366391900159414e-14,True,DOWN,DOWN,DOWN,3.6762091428064103,3.7764002423496654,-7.840018422010548,4.504803366615804e-15,9.241347891140705e-14,True,True,559,11975,109,top_200_CAP_DOWN_by_metaZ
GIMAP5,-0.921283743751601,4.03270908545475e-06,6.41462032584284e-05,-4.7621882099032,-4.609689447256747,-1.787608508,3.8428953321605696e-11,7.25002420758591e-10,-7.669575473,-6.610011745312456,-7.933526796152478,2.1300857578849257e-15,4.57968437945259e-14,True,DOWN,DOWN,DOWN,2.0003222980557096,4.609689447256747,-7.876661079021651,3.3624536129788167e-15,7.152909684088564e-14,True,False,562,11974,110,top_200_CAP_DOWN_by_metaZ
ZNF431,-0.741075392096703,3.81900231157481e-06,6.13751813603406e-05,-4.77460667273463,-4.6209970365704685,-0.733487486,4.3557268788729e-11,8.030772439129201e-10,-7.641517339,-6.591442783755796,-7.928392230598775,2.2200119162894054e-15,4.739293990198743e-14,True,DOWN,DOWN,DOWN,1.9704457471853276,4.6209970365704685,-7.872300431830365,3.4817880896810664e-15,7.380779910108127e-14,True,False,566,11973,111,top_200_CAP_DOWN_by_metaZ
DYRK2,-0.829329115955038,3.1191016711374e-05,0.0003446640458089,-4.27764058814937,-4.164591758308672,-1.84192257,1.93931387145883e-12,6.599198762928959e-11,-8.335854001,-7.038779203569088,-7.921979579292216,2.3375870935771335e-15,4.954161560418332e-14,True,DOWN,DOWN,DOWN,2.874187445260416,4.164591758308672,-7.842584972695984,4.4136486413091404e-15,9.085198727928168e-14,True,False,570,11972,112,top_200_CAP_DOWN_by_metaZ
TBC1D4,-1.02198579694106,2.36686477775735e-07,6.38930727298543e-06,-5.38228021318721,-5.167941409670089,-1.812922095,1.5880438524008e-09,1.62744403085097e-08,-6.829051942,-6.035160889084524,-7.9217896057759845,2.3411621708175683e-15,4.954161560418332e-14,True,DOWN,DOWN,DOWN,0.8672194794144348,5.167941409670089,-7.894153887616542,2.9229133978312373e-15,6.295465701603358e-14,True,True,571,11971,113,top_200_CAP_DOWN_by_metaZ
SYTL2,-0.952020415393271,1.79827460736197e-05,0.0002188797947024,-4.41179262807797,-4.2885695881355,-1.838603329,4.74141055384956e-12,1.34115128929739e-10,-8.136813847,-6.913110280431628,-7.92078379574465,2.3601802367395018e-15,4.976973438136719e-14,True,DOWN,DOWN,DOWN,2.6245406922961276,4.2885695881355,-7.8478282573375555,4.233033383035088e-15,8.773197661614575e-14,True,False,573,11970,114,top_200_CAP_DOWN_by_metaZ
KLHL29,-0.652129525445108,1.03728043977207e-05,0.0001408093316859,-4.54297248950256,-4.40925246779014,-2.035904822,1.23206329231132e-11,2.8589789051906005e-10,-7.923878093,-6.776401102633124,-7.909451491649807,2.585254105765992e-15,5.43263049738617e-14,True,DOWN,DOWN,DOWN,2.3671486348429838,4.40925246779014,-7.8431415132422675,4.394123193165368e-15,9.060442072187226e-14,True,False,575,11969,115,top_200_CAP_DOWN_by_metaZ
LINC02210,-0.435757011160871,0.0002815433076263,0.0020725888244298,-3.70758557165571,-3.631715593935167,-1.584059623,4.6184660116133104e-14,3.40607669751017e-12,-9.167226779,-7.542273849509574,-7.901203708366672,2.7622278838483647e-15,5.764421333426562e-14,True,DOWN,DOWN,DOWN,3.9105582555744065,3.631715593935167,-7.795095407530735,6.435983189024982e-15,1.2811529633111837e-13,True,False,579,11968,116,top_200_CAP_DOWN_by_metaZ
P4HTM,-0.511224455237482,1.86083739733e-07,5.25782536272732e-06,-5.43267721151635,-5.212727904303803,-0.893295512,2.61358738513589e-09,2.50620169068279e-08,-6.715071797,-5.954192683213089,-7.896205272404859,2.87523012948894e-15,5.969313686359942e-14,True,DOWN,DOWN,DOWN,0.7414647789092861,5.212727904303803,-7.871829730759355,3.4949161142834022e-15,7.384755471603053e-14,True,False,582,11967,117,top_200_CAP_DOWN_by_metaZ
ENTPD1-AS1,-0.750594709350168,7.69199877262466e-07,1.67365287675595e-05,-5.13068415440427,-4.943024057239614,-0.825883502,4.99496777083518e-10,6.15823351734397e-09,-7.092124659,-6.219262587615549,-7.892928580125121,2.9517655358418056e-15,6.09566969944227e-14,True,DOWN,DOWN,DOWN,1.2762385303759345,4.943024057239614,-7.854763654431732,4.005266925523058e-15,8.329714330653202e-14,True,False,585,11966,118,top_200_CAP_DOWN_by_metaZ
CD1E,-0.878267870571918,0.0001616143596729,0.0013296523812109,-3.85721809824409,-3.7725086530439125,-2.749337388,1.47372111687632e-13,8.49106192368427e-12,-8.9090033,-7.389508892568999,-7.892738298226113,2.9562711610305142e-15,6.09566969944227e-14,True,DOWN,DOWN,DOWN,3.617000239525087,3.7725086530439125,-7.794206353085192,6.4814552928682315e-15,1.2880826365744546e-13,True,False,586,11965,119,top_200_CAP_DOWN_by_metaZ
GPR183,-1.17078722546964,2.64761824636008e-07,7.01536073638426e-06,-5.35868904143324,-5.146945771510373,-1.304933311,1.82919989839815e-09,1.84017872715342e-08,-6.796752658,-6.0122906395713525,-7.890771739139718,3.003235174535004e-15,6.17144398195688e-14,True,DOWN,DOWN,DOWN,0.8653448680609799,5.146945771510373,-7.863205003172324,3.744274808908696e-15,7.881894166558148e-14,True,True,588,11964,120,top_200_CAP_DOWN_by_metaZ
PTPDC1,-0.928870519945677,0.0009997522174084,0.0058569455095946,-3.34773444276212,-3.2905964513775157,-1.458704357,4.35893466433186e-15,5.25085258742738e-13,-9.693915606,-7.844150679574561,-7.873455203093667,3.449786417721655e-15,6.982205910440664e-14,True,DOWN,DOWN,DOWN,4.553554228197045,3.2905964513775157,-7.750782799527436,9.132778379684984e-15,1.7350842949958123e-13,True,False,597,11963,121,top_200_CAP_DOWN_by_metaZ
MAN1C1,-0.812877329929605,0.0004234543253996,0.0029021732709702,-3.59463058646097,-3.5250178070066247,-1.860768278,2.95588695973173e-14,2.39793373721277e-12,-9.266634086,-7.600237092718018,-7.866743182024159,3.639927985247207e-15,7.35287578251114e-14,True,DOWN,DOWN,DOWN,4.075219285711393,3.5250178070066247,-7.756411277809805,8.736637986870991e-15,1.6809681018369775e-13,True,False,598,11962,122,top_200_CAP_DOWN_by_metaZ
ZNF419,-0.379346783590598,9.05634238498203e-06,0.0001259610891952,-4.574917888904,-4.4385583737392285,-1.092539929,2.2938850173559297e-11,4.79117219742488e-10,-7.785029002,-6.685977352793199,-7.866234649783096,3.654747355190412e-15,7.360052048794292e-14,True,DOWN,DOWN,DOWN,2.247418979053971,4.4385583737392285,-7.803041196095693,6.043281101876042e-15,1.2129728497336912e-13,True,False,600,11961,123,top_200_CAP_DOWN_by_metaZ
TC2N,-1.13427605286738,5.47702195100285e-06,8.28172819470931e-05,-4.69194452058382,-4.54563368905507,-1.777816453,4.96587666178659e-11,8.89690323124504e-10,-7.612139591,-6.571955318003293,-7.861322577335984,3.800985307345249e-15,7.629120509742964e-14,True,DOWN,DOWN,DOWN,2.0263216289482227,4.54563368905507,-7.803834388661046,6.005399079070716e-15,1.207374992885382e-13,True,True,602,11960,124,top_200_CAP_DOWN_by_metaZ
ZNF74,-1.04355368291542,3.53788236434677e-06,5.78669470568171e-05,-4.79200766783949,-4.6368328752043,-1.370430122,9.41667841137567e-11,1.4978796459694902e-09,-7.468538706,-6.476030879603187,-7.857981319426573,3.9037350442692465e-15,7.809409029785647e-14,True,DOWN,DOWN,DOWN,1.8391980043988871,4.6368328752043,-7.805321184228365,5.935019966250178e-15,1.1952141042033484e-13,True,True,604,11959,125,top_200_CAP_DOWN_by_metaZ
NSG1,-1.50531490308959,1.62347696000833e-05,0.0002011797187156,-4.43638065213096,-4.311231676388214,-2.044970863,1.0851890785280598e-11,2.59316089615593e-10,-7.952207389,-6.794725559329632,-7.853097672943892,4.058853205088583e-15,8.0929246331824e-14,True,DOWN,DOWN,DOWN,2.483493882941418,4.311231676388214,-7.783824698575929,7.036424047383283e-15,1.3915075575209854e-13,True,True,606,11958,126,top_200_CAP_DOWN_by_metaZ
MTUS1,-1.14852760644705,0.0006777513663003,0.0042622338823668,-3.46108878529834,-3.3984246226652424,-2.077350158,1.52599706006913e-14,1.43281233218806e-12,-9.414036183,-7.685332864992244,-7.837400080549779,4.59970700392878e-15,9.111190119421549e-14,True,DOWN,DOWN,DOWN,4.2869082423270015,3.3984246226652424,-7.721628340070227,1.1485287735023209e-14,2.1219683746526825e-13,True,True,610,11957,127,top_200_CAP_DOWN_by_metaZ
WWP1,-0.471120601156827,7.34840409455811e-05,0.0006953727991006,-4.06260902582528,-3.96471385919187,-0.831843093,1.13582244872061e-12,4.2225414855656197e-11,-8.454869052,-7.112957523273519,-7.833096554297433,4.75998476101148e-15,9.397858801846685e-14,True,DOWN,DOWN,DOWN,3.1482436640816496,3.96471385919187,-7.746693302185028,9.43163907351396e-15,1.7785901377344498e-13,True,False,612,11956,128,top_200_CAP_DOWN_by_metaZ
RNF144A,-0.848259949325055,5.1886392991833e-07,1.21097722405962e-05,-5.21562331113021,-5.019202645462733,-1.032316827,1.43892489068459e-09,1.50194728296315e-08,-6.851560208,-6.051063747997862,-7.827860436357532,4.9624235541391074e-15,9.76562928414704e-14,True,DOWN,DOWN,DOWN,1.031861102535129,5.019202645462733,-7.796041181067786,6.387954783108092e-15,1.273690720202889e-13,True,False,614,11955,129,top_200_CAP_DOWN_by_metaZ
PRAG1,-0.726310709345086,8.27825318474641e-05,0.0007658193481217,-4.03205336599408,-3.9361984310690583,-1.75671078,9.942187210843619e-13,3.80448110987018e-11,-8.484484599,-7.1313048078602534,-7.825906591050995,5.040114695630214e-15,9.88668232636828e-14,True,DOWN,DOWN,DOWN,3.195106376791195,3.9361984310690583,-7.738299555203879,1.0075523744137016e-14,1.8848341887413684e-13,True,False,615,11954,130,top_200_CAP_DOWN_by_metaZ
LYPD2,-0.93446583206627,0.0014503915849613,0.007912691869067,-3.23646738519808,-3.184430452131227,-3.611217111,3.1944373490938205e-15,4.26226209716919e-13,-9.76346745,-7.883066193286068,-7.825901928733935,5.040301508766747e-15,9.88668232636828e-14,True,DOWN,DOWN,DOWN,4.698635741154842,3.184430452131227,-7.699519579232506,1.3657874445623702e-14,2.4778993532503184e-13,True,False,616,11953,131,top_200_CAP_DOWN_by_metaZ
PID1,-1.06970761533732,0.0001165913643663,0.0010136529709132,-3.94326807942435,-3.8531847179038548,-3.340792283,6.13100991520312e-13,2.59588751754143e-11,-8.591990303,-7.197536591767263,-7.8140399750711325,5.538351737739181e-15,1.0710955701041754e-13,True,DOWN,DOWN,DOWN,3.3443518738634084,3.8531847179038548,-7.722591863001355,1.1398771151850815e-14,2.109209063213069e-13,True,True,624,11952,132,top_200_CAP_DOWN_by_metaZ
MICOS10,-0.601744367003528,3.94698839668527e-06,6.30137908263441e-05,-4.76709119424449,-4.614154451642832,-0.63244224,1.2839059587221002e-10,1.94465248310999e-09,-7.398832741,-6.429065740139183,-7.8087358837452685,5.7764404094898756e-15,1.1096459374859486e-13,True,DOWN,DOWN,DOWN,1.8149112884963516,4.614154451642832,-7.756734855586765,8.714385435724867e-15,1.6793607531078719e-13,True,False,629,11951,133,top_200_CAP_DOWN_by_metaZ
RORA,-1.17615000437956,1.11667840963553e-06,2.28633534649452e-05,-5.04938417616096,-4.869876817109674,-2.124507456,6.76807370423838e-10,7.95268266487014e-09,-7.023222716,-6.171416815123796,-7.807373600424131,5.839198810896301e-15,1.1181464220611728e-13,True,DOWN,DOWN,DOWN,1.301539998014122,4.869876817109674,-7.768613083297023,7.935014631506026e-15,1.5489302389739469e-13,True,True,631,11950,134,top_200_CAP_DOWN_by_metaZ
TMEM42,-0.538997975573148,2.24408792232462e-06,3.99165413551973e-05,-4.894718759812,-4.730100432676752,-0.973300909,2.8082892718621403e-10,3.78605650011682e-09,-7.222399815,-6.309008373070195,-7.805828694799796,5.911182754481737e-15,1.1301395763038423e-13,True,DOWN,DOWN,DOWN,1.5789079403934423,4.730100432676752,-7.7599160164557315,8.498564427520414e-15,1.6509349514104367e-13,True,False,632,11949,135,top_200_CAP_DOWN_by_metaZ
CYP2U1,-0.786977696640684,0.0014738748910875,0.0080157219438886,-3.23159980612523,-3.179778845669309,-1.538040805,3.9051925881385606e-15,4.85896999264038e-13,-9.71850643,-7.85793454790929,-7.804841989393007,5.957614055112602e-15,1.1372172295090927e-13,True,DOWN,DOWN,DOWN,4.67815570223998,3.179778845669309,-7.67900182210924,1.6033295569212127e-14,2.85737920889071e-13,True,False,633,11948,136,top_200_CAP_DOWN_by_metaZ
OPN3,-0.995692278677228,1.89595385698389e-05,0.0002291292099526,-4.39903554997658,-4.276804239901708,-0.763372309,1.3982870301119199e-11,3.16856528018993e-10,-7.895624651,-6.758083749105535,-7.802844126661005,6.052729345825639e-15,1.1535509256405552e-13,True,DOWN,DOWN,DOWN,2.4812795092038273,4.276804239901708,-7.7336616947034225,1.0449649814541522e-14,1.945502599523963e-13,True,False,634,11947,137,top_200_CAP_DOWN_by_metaZ
CA5B,-0.803399696328188,6.10946087544779e-05,0.0006006290153448,-4.1096320460984,-4.008542639606123,-1.130998178,2.2388481142891198e-12,7.407190637177419e-11,-8.303891771,-7.018735710099395,-7.797463299108372,6.316399905658096e-15,1.2019064576388468e-13,True,DOWN,DOWN,DOWN,3.010193070493272,4.008542639606123,-7.714644014583456,1.2132037514482699e-14,2.2278329678950522e-13,True,False,635,11946,138,top_200_CAP_DOWN_by_metaZ
RORC,-0.903233726039901,0.0010146718727692,0.0059296667741012,-3.34335803126575,-3.2864266741646553,-2.220965451,1.00831343887094e-14,1.0380510078041399e-12,-9.506509457,-7.7382035323177405,-7.795590779077749,6.410783000282685e-15,1.217947971578863e-13,True,DOWN,DOWN,DOWN,4.451776858153085,3.2864266741646553,-7.675594970978321,1.6465261262220097e-14,2.917151786384244e-13,True,False,636,11945,139,top_200_CAP_DOWN_by_metaZ
ZNF831,-0.918269051858161,1.72394210660169e-06,3.23680703030994e-05,-4.95353937425133,-4.783353896562988,-1.854973824,4.3972884337317103e-10,5.5323453303047605e-09,-7.120992674,-6.239230425742092,-7.794144120502447,6.484650093426918e-15,1.2270333002627113e-13,True,DOWN,DOWN,DOWN,1.455876529179104,4.783353896562988,-7.751412138514761,9.087621402867785e-15,1.7319515679945024e-13,True,False,638,11944,140,top_200_CAP_DOWN_by_metaZ
HEMK2,-0.758190968211623,0.0003421081711715,0.0024348625018683,-3.65398945880695,-3.5811324405228926,-1.34339507,1.03508361709175e-13,6.43942663749623e-12,-8.987601156,-7.436346186451808,-7.790533848711663,6.6726661013489375e-15,1.2539008476298477e-13,True,DOWN,DOWN,DOWN,3.8552137459289155,3.5811324405228926,-7.685926487814594,1.518937110558799e-14,2.727090209046355e-13,True,False,643,11943,141,top_200_CAP_DOWN_by_metaZ
ANKRD46,-0.740914147264712,3.73252977376959e-06,6.02927512742434e-05,-4.77982355673149,-4.625745732366129,-0.928317824,1.74558290996328e-10,2.5107919856003803e-09,-7.329666598,-6.382203052034905,-7.7837952324041835,7.038063928682807e-15,1.3143883531727103e-13,True,DOWN,DOWN,DOWN,1.756457319668776,4.625745732366129,-7.7333182982160835,1.0477888193506772e-14,1.9477588160329589e-13,True,False,647,11942,142,top_200_CAP_DOWN_by_metaZ
EOMES,-1.26536163018366,6.28761581107704e-08,2.16432045306426e-06,-5.6563647750129,-5.410422703534487,-1.571062487,2.19129181146961e-08,1.56539588687619e-07,-6.222996707,-5.5961776405454735,-7.782841741109126,7.0913320995130405e-15,1.322292681457038e-13,True,DOWN,DOWN,DOWN,0.18575493701098633,5.410422703534487,-7.772873118675267,7.672558686248921e-15,1.5025531054448253e-13,True,True,648,11941,143,top_200_CAP_DOWN_by_metaZ
SLC4A7,-0.698763144540628,1.54417314735225e-06,2.96561017074151e-05,-4.97796396532745,-4.805432519807875,-1.375857909,5.99462148537675e-10,7.1389852228376904e-09,-7.050762512,-6.19057216466944,-7.775349478352951,7.52393959497886e-15,1.4007975674288068e-13,True,DOWN,DOWN,DOWN,1.3851396448615656,4.805432519807875,-7.734454271891891,1.0384759734772194e-14,1.936405121531673e-13,True,False,649,11940,144,top_200_CAP_DOWN_by_metaZ
PLA2G7,-1.46395189427982,1.84043679207791e-05,0.0002233847324638,-4.40620646576915,-4.283418322199141,-2.390172275,1.93525202538681e-11,4.1271131784300703e-10,-7.823030336,-6.71082642597635,-7.774105015459476,7.598268582878585e-15,1.4124596813372606e-13,True,DOWN,DOWN,DOWN,2.427408103777209,4.283418322199141,-7.706331022508567,1.2948649500361752e-14,2.363421932218596e-13,True,True,650,11939,145,top_200_CAP_DOWN_by_metaZ
ELOVL4,-1.00112103946978,0.0001638362294962,0.00134410788152,-3.85358905594036,-3.7691015433719586,-1.907763723,5.16544544905379e-13,2.2626436102e-11,-8.630095907,-7.220874114554242,-7.771086312794704,7.781584883523209e-15,1.4416897638202947e-13,True,DOWN,DOWN,DOWN,3.4517725711822833,3.7691015433719586,-7.676896449332697,1.629890762899137e-14,2.8919192493553994e-13,True,True,652,11938,146,top_200_CAP_DOWN_by_metaZ
CAMK4,-1.13813244495835,3.23912897996435e-05,0.0003558119605133,-4.26833178009501,-4.155968186415766,-2.087486742,9.62111034224021e-12,2.35944061488481e-10,-7.979065834,-6.812059786943803,-7.755566956206296,8.794965937008913e-15,1.605280565209648e-13,True,DOWN,DOWN,DOWN,2.656091600528037,4.155968186415766,-7.681907656951118,1.567368069263599e-14,2.8015544942177615e-13,True,True,662,11937,147,top_200_CAP_DOWN_by_metaZ
CILK1,-0.516552757220929,4.40986688852793e-05,0.000457567647688,-4.19170938278054,-4.084884909376266,-0.621222362,6.69012487631056e-12,1.76440081425819e-10,-8.06008761,-6.864122404583097,-7.742117318961771,9.777470440555388e-15,1.7712320139914656e-13,True,DOWN,DOWN,DOWN,2.7792374952068313,4.084884909376266,-7.665291093199721,1.784260628934141e-14,3.142743612159071e-13,True,False,667,11936,148,top_200_CAP_DOWN_by_metaZ
CLYBL,-0.793232805784816,0.0005522048970232,0.0036015107857732,-3.51972053489614,-3.454064691292854,-1.654965502,6.64648409350855e-14,4.44875722443719e-12,-9.086181448,-7.494671047777123,-7.741925286515887,9.792252988241353e-15,1.7712543840856325e-13,True,DOWN,DOWN,DOWN,4.040606356484269,3.454064691292854,-7.632569077498476,2.301210779779999e-14,3.944046787529323e-13,True,False,668,11935,149,top_200_CAP_DOWN_by_metaZ
CARNS1,-1.07942944663996,1.06752930041444e-06,2.20829212914825e-05,-5.05924803187174,-4.8787635842965305,-2.020452004,1.29590003910982e-09,1.37602872739195e-08,-6.875439745,-6.067904396179832,-7.740463160392485,9.905530188435079e-15,1.7863958398038963e-13,True,DOWN,DOWN,DOWN,1.1891408118833011,4.8787635842965305,-7.704645882466624,1.3120661540429954e-14,2.39120593352964e-13,True,True,670,11934,150,top_200_CAP_DOWN_by_metaZ
STMN3,-0.953628139693992,6.939295993137561e-09,3.73101858738469e-07,-6.09449485038654,-5.792387131306709,-1.440221723,2.6503686455407e-07,1.37825965385156e-06,-5.630652185,-5.146750923279245,-7.735138698733544,1.0329043345953507e-14,1.8517185571091429e-13,True,DOWN,DOWN,DOWN,0.6456362080274642,5.146750923279245,-7.746643001635568,9.435374313397189e-15,1.7785901377344498e-13,True,False,674,11933,151,top_200_CAP_DOWN_by_metaZ
YPEL1,-0.73750043093463,1.42614216641046e-08,6.61541846639917e-07,-5.95348200938343,-5.67022006208983,-1.157367506,1.39510811819847e-07,7.83989685374985e-07,-5.785099061,-5.265891308535821,-7.732998509980705,1.0504252724258963e-14,1.880339046921793e-13,True,DOWN,DOWN,DOWN,0.404328753554009,5.265891308535821,-7.738281030781513,1.0076991524678673e-14,1.8848341887413684e-13,True,False,675,11932,152,top_200_CAP_DOWN_by_metaZ
IKZF2,-0.978357042584687,0.0002945284223249,0.002149330660169,-3.69523405881232,-3.620065523437826,-2.091674124,2.9305305529179996e-13,1.4460849183389299e-11,-8.756130479,-7.297550820592912,-7.719920551257217,1.1640223805960518e-14,2.0653278156743161e-13,True,DOWN,DOWN,DOWN,3.677485297155086,3.620065523437826,-7.61994370417798,2.5378637551241818e-14,4.3008426021269966e-13,True,False,681,11931,153,top_200_CAP_DOWN_by_metaZ
SORBS3,-0.946926237658754,5.74327061177418e-05,0.0005693604995436,-4.12528544244352,-4.023117987363647,-1.731252018,5.48933197094275e-12,1.5105718005792401e-10,-8.104178535,-6.892310686648991,-7.71837363495242,1.1782339067536171e-14,2.0874780491648028e-13,True,DOWN,DOWN,DOWN,2.8691926992853443,4.023117987363647,-7.639243303866689,2.1850206460676057e-14,3.7770535717360346e-13,True,False,682,11930,154,top_200_CAP_DOWN_by_metaZ
STAT4,-0.864817866164179,2.48908864456014e-06,4.34139100518689e-05,-4.87147155802621,-4.709021461844232,-1.247098608,5.56704461343351e-10,6.7245522218609304e-09,-7.067545421,-6.2022248926261305,-7.715416288442989,1.2058798715182185e-14,2.1302114747886892e-13,True,DOWN,DOWN,DOWN,1.4932034307818984,4.709021461844232,-7.671774042476515,1.6963359218182356e-14,2.9966121262177983e-13,True,False,684,11929,155,top_200_CAP_DOWN_by_metaZ
MACROH2A2,-0.56484400749856,0.0006835694251804,0.004293634359515,-3.45862626150318,-3.3960857436970815,-1.59613172,5.719548301239221e-14,4.02629797236622e-12,-9.119616784,-7.5143474845822515,-7.7148413213993505,1.2113284348326656e-14,2.1367126245376786e-13,True,DOWN,DOWN,DOWN,4.1182617408851705,3.3960857436970815,-7.603500435995803,2.882262816312043e-14,4.79042388026113e-13,True,False,685,11928,156,top_200_CAP_DOWN_by_metaZ
EDAR,-0.84790705215523,0.0011578272143317,0.0065643001304038,-3.30417389967935,-3.249070640860892,-2.680285677,1.97161901842648e-14,1.7693099695888298e-12,-9.356895594,-7.652465574070829,-7.708550182928947,1.2725508102941306e-14,2.2381705153979592e-13,True,DOWN,DOWN,DOWN,4.403394933209937,3.249070640860892,-7.589860031925731,3.202512366469945e-14,5.2150885342394e-13,True,False,687,11927,157,top_200_CAP_DOWN_by_metaZ
FMNL3,-1.06313134107106,3.4900877791315e-05,0.0003795342844811,-4.24989188794507,-4.1388777976301405,-1.638258867,1.4946604691638198e-11,3.33845913822812e-10,-7.880741516,-6.748417790403558,-7.698480539081008,1.3769369926960457e-14,2.4112361859052636e-13,True,DOWN,DOWN,DOWN,2.609539992773417,4.1388777976301405,-7.626059764749663,2.420376550724304e-14,4.130707607683865e-13,True,True,690,11926,158,top_200_CAP_DOWN_by_metaZ
PLEKHG4,-0.935105161192047,3.39780625446159e-06,5.59981710955376e-05,-4.80118385829451,-4.645179662284016,-1.810028447,4.37616041297058e-10,5.509181212629191e-09,-7.122083242,-6.239983861393734,-7.696972941916991,1.3932738555912302e-14,2.4363137477726246e-13,True,DOWN,DOWN,DOWN,1.594804199109718,4.645179662284016,-7.650722730562667,1.9985284993750475e-14,3.4845916100936074e-13,True,False,691,11925,159,top_200_CAP_DOWN_by_metaZ
ZNF91,-0.755057535851047,7.91461321996374e-05,0.0007384796694984,-4.04359321931486,-3.946971021108013,-1.382080907,4.4020249016826395e-12,1.26276473876981e-10,-8.153358866,-6.923633955130665,-7.686678494298596,1.5100396314264544e-14,2.606544123789407e-13,True,DOWN,DOWN,DOWN,2.976662934022652,3.946971021108013,-7.604797643740499,2.8535001945453015e-14,4.762271111973879e-13,True,False,700,11924,160,top_200_CAP_DOWN_by_metaZ
AXIN2,-1.02230158112948,4.50448651177523e-05,0.0004658496704593,-4.18640000778519,-4.079952702401264,-2.279373523,1.15135575446387e-11,2.71519140189322e-10,-7.938999452,-6.786187404857901,-7.683521355166074,1.5477415097354683e-14,2.6646421075297825e-13,True,DOWN,DOWN,DOWN,2.706234702456637,4.079952702401264,-7.608616822309768,2.770447738561358e-14,4.64290152913133e-13,True,True,701,11923,161,top_200_CAP_DOWN_by_metaZ
TNRC6A,-1.10754995704186,3.9239306819245703e-10,3.94256556508583e-08,-6.63886745517605,-6.2570239915650445,-0.392570841,4.04467815863966e-06,1.53787247347902e-05,-4.954743106,-4.60907325435891,-7.683491047625296,1.5481078866886597e-14,2.6646421075297825e-13,True,DOWN,DOWN,DOWN,1.6479507372061342,4.60907325435891,-7.7208789341640625,1.1553024767449184e-14,2.1312244009937173e-13,True,False,702,11922,162,top_200_CAP_DOWN_by_metaZ
ZNF10,-0.699056189791507,0.0001082683596835,0.0009524907113063,-3.96259307417034,-3.8712732105506693,-1.2717874,2.6826135311830996e-12,8.581401423647389e-11,-8.26364336,-6.993421833892164,-7.682499541449405,1.5601410190598384e-14,2.6815339876671447e-13,True,DOWN,DOWN,DOWN,3.1221486233414946,3.8712732105506693,-7.596869463580839,3.033802839189016e-14,5.014697634188903e-13,True,False,703,11921,163,top_200_CAP_DOWN_by_metaZ
TRMT13,-0.706875712289928,9.39351355103931e-06,0.0001299560888562,-4.56632957796426,-4.430682899798975,-1.095516629,1.25965988842091e-10,1.91795511989974e-09,-7.403122313,-6.431963505915149,-7.681050935112133,1.5778872218049984e-14,2.708183423447414e-13,True,DOWN,DOWN,DOWN,2.0012806061161745,4.430682899798975,-7.624328481214469,2.4530798981550432e-14,4.1806155725539333e-13,True,False,704,11920,164,top_200_CAP_DOWN_by_metaZ
ABTB3,-0.736980415939445,4.25753756933006e-05,0.0004447767971363,-4.20049040946113,-4.0930402629495335,-1.378213584,1.4083463034212e-11,3.18424430096826e-10,-7.894024109,-6.757044824864947,-7.672168742044656,1.6911227033536756e-14,2.890217202916897e-13,True,DOWN,DOWN,DOWN,2.664004561915413,4.0930402629495335,-7.598360857830297,2.999050789243763e-14,4.970854689496899e-13,True,False,707,11919,165,top_200_CAP_DOWN_by_metaZ
DIMT1,-0.555195907332793,7.33313653301018e-07,1.60631491581249e-05,-5.14104170962019,-4.952326670686509,-0.772897692,4.0444868690171505e-09,3.64885401203456e-08,-6.614810012,-5.882363571342395,-7.6612829421943545,1.8408479341840864e-14,3.1284058493314087e-13,True,DOWN,DOWN,DOWN,0.9300369006558862,4.952326670686509,-7.6322005128306865,2.307801168605337e-14,3.9497395921045734e-13,True,False,711,11918,166,top_200_CAP_DOWN_by_metaZ
ERBB2,-1.13337542057964,8.28396679575665e-06,0.0001172233104545,-4.59581439391806,-4.4577105178219805,-1.551214112,1.93733313618329e-10,2.7476261073379903e-09,-7.306176261,-6.366228057675405,-7.653680365880861,1.953073776437976e-14,3.297534088839606e-13,True,DOWN,DOWN,DOWN,1.9085175398534249,4.4577105178219805,-7.599368438152401,2.97579434847184e-14,4.939082845135335e-13,True,True,715,11917,167,top_200_CAP_DOWN_by_metaZ
ZFP90,-0.611330492316587,7.76477235548853e-06,0.0001109015757447,-4.61094492671056,-4.471569205298346,-0.962274219,2.32641903883945e-10,3.2313742320406403e-09,-7.264897714,-6.338082733461471,-7.643578188163377,2.1126673717302683e-14,3.550397754188711e-13,True,DOWN,DOWN,DOWN,1.866513528163125,4.471569205298346,-7.590356245378704,3.190271492763944e-14,5.20349938003398e-13,True,False,719,11916,168,top_200_CAP_DOWN_by_metaZ
PER3,-0.579688438097847,0.0188346954880919,0.0623819881235351,-2.37111015968942,-2.3487866490428844,-1.409175257,2.67393290762045e-17,9.191531067703451e-15,-10.84261319,-8.459993123628564,-7.64296147360797,2.122815253693916e-14,3.5624967653310534e-13,True,DOWN,DOWN,DOWN,6.11120647458568,2.3487866490428844,-7.480271301925646,7.41693341570589e-14,1.1272805844273493e-12,True,False,720,11915,169,top_200_CAP_DOWN_by_metaZ
TMEM204,-1.08195029000288,1.33789535139821e-06,2.64559655998751e-05,-5.00964467072618,-4.834040223240272,-1.74637503,2.39166968734038e-09,2.32528537530921e-08,-6.735403494,-5.9686893565972525,-7.638683341227616,2.194542934139038e-14,3.66252241342569e-13,True,DOWN,DOWN,DOWN,1.1346491333569801,4.834040223240272,-7.604339094393663,2.863635075570838e-14,4.770899420919617e-13,True,True,724,11914,170,top_200_CAP_DOWN_by_metaZ
LY9,-1.14602074096576,5.5942054984302e-06,8.42465333828987e-05,-4.68705971614166,-4.541173177858522,-1.5089255,3.95035036093804e-10,5.04833369062283e-09,-7.14525512,-6.255976972677457,-7.634738088933344,2.2627995766332904e-14,3.7712285909600067e-13,True,DOWN,DOWN,DOWN,1.714803794818935,4.541173177858522,-7.585434550485473,3.313745631016689e-14,5.37449509524492e-13,True,True,725,11913,171,top_200_CAP_DOWN_by_metaZ
EEIG1,-1.23827481447882,3.77584080227418e-06,6.08789995028382e-05,-4.77719616436443,-4.623354247291151,-1.94330164,7.16639622805338e-10,8.32426585917243e-09,-7.010237689,-6.162370435041434,-7.626659062888492,2.4091562379835284e-14,3.971328079611865e-13,True,DOWN,DOWN,DOWN,1.539016187750283,4.623354247291151,-7.581894379483785,3.40545468713193e-14,5.511678320309538e-13,True,True,733,11912,172,top_200_CAP_DOWN_by_metaZ
ZDHHC14,-0.72640915803191,0.0001725722413063,0.0013994538596182,-3.83975901681232,-3.7561138060426704,-1.411141778,2.14484329442644e-12,7.142786018762329e-11,-8.313437959,-7.024727568659466,-7.6232060429483814,2.4745142027490625e-14,4.056927423584386e-13,True,DOWN,DOWN,DOWN,3.2686137626167953,3.7561138060426704,-7.533838147091442,4.927019227961822e-14,7.751715277534205e-13,True,False,737,11911,173,top_200_CAP_DOWN_by_metaZ
TMEM220,-1.06814372285989,0.0004276895408514,0.0029273447978896,-3.59184349389695,-3.5223806666752053,-1.712322891,4.09539745303835e-13,1.90939668379473e-11,-8.681710993,-7.252370502249573,-7.61889961714439,2.5584732558723522e-14,4.183224945968286e-13,True,DOWN,DOWN,DOWN,3.7299898355743673,3.5223806666752053,-7.517635914029068,5.577556485752758e-14,8.651298461790831e-13,True,True,739,11910,174,top_200_CAP_DOWN_by_metaZ
ZNF571,-1.04563322728623,0.0002879291591388,0.0021118321612935,-3.70144553837664,-3.625924785554403,-1.5017338,8.82128037189995e-13,3.4470980197014e-11,-8.511087935,-7.147748395068578,-7.618137364306149,2.5736234351266293e-14,4.2023097252209543e-13,True,DOWN,DOWN,DOWN,3.521823609514175,3.625924785554403,-7.522242677619203,5.384452055524559e-14,8.394881830568161e-13,True,True,740,11909,175,top_200_CAP_DOWN_by_metaZ
PYHIN1,-0.962483975423229,6.21336375228238e-06,9.18702338512309e-05,-4.6627854045624,-4.518995764953107,-1.664610605,4.13494483374882e-10,5.238027243801361e-09,-7.134919013,-6.24884671033205,-7.614014433022673,2.657111080691975e-14,4.3269370873316895e-13,True,DOWN,DOWN,DOWN,1.729850945378943,4.518995764953107,-7.564336623511004,3.898489729828372e-14,6.230879815544474e-13,True,False,742,11908,176,top_200_CAP_DOWN_by_metaZ
FCRL3,-1.51962007053022,6.78540155782419e-07,1.51178514331557e-05,-5.15784114585477,-4.967407187057862,-1.827404802,7.158328721893921e-09,5.96213818516347e-08,-6.483140043,-5.787167275427871,-7.60463253119933,2.857145449331211e-14,4.591435857502971e-13,True,DOWN,DOWN,DOWN,0.8197600883700087,4.967407187057862,-7.578431779796348,3.497567279492327e-14,5.642337174646968e-13,True,True,751,11907,177,top_200_CAP_DOWN_by_metaZ
AGAP4,-0.934039968402605,1.35803048446927e-07,4.04348138413545e-06,-5.49821714314445,-5.270836979965422,-0.603046145,4.16491360723077e-08,2.72831436912943e-07,-6.072232018,-5.483712534487314,-7.604614890276021,2.85753518566766e-14,4.591435857502971e-13,True,DOWN,DOWN,DOWN,0.21287555452189189,5.270836979965422,-7.59406541794941,3.1002175740698625e-14,5.089664259169314e-13,True,False,752,11906,178,top_200_CAP_DOWN_by_metaZ
UBASH3A,-1.06581704441151,9.2277841784433e-06,0.0001278672138847,-4.57051318470032,-4.434519560435605,-1.720084108,2.67791316754854e-10,3.6255511983345803e-09,-7.233135777,-6.316362600331684,-7.6020216796160325,2.9153987639435064e-14,4.67198451786862e-13,True,DOWN,DOWN,DOWN,1.8818430398960784,4.434519560435605,-7.54843204434438,4.405294625897024e-14,6.985456032114665e-13,True,True,754,11905,179,top_200_CAP_DOWN_by_metaZ
IGIP,-0.640665570186914,1.6067931658697e-05,0.0001993020903499,-4.43885904796629,-4.313514884585662,-1.173061823,1.27268613617437e-10,1.9319870904006202e-09,-7.400807617,-6.430399966739003,-7.597095047862527,3.0285210286846695e-14,4.845790077919989e-13,True,DOWN,DOWN,DOWN,2.116885082153341,4.313514884585662,-7.537447066410249,4.7926107045347844e-14,7.563172039140311e-13,True,False,755,11904,180,top_200_CAP_DOWN_by_metaZ
ZNF256,-0.697647975753852,0.0002764347358386,0.0020413340325563,-3.71259300840253,-3.636437443964926,-1.49376457,1.3391312418181e-12,4.8846979703800096e-11,-8.418241992,-7.0902053704885155,-7.5848818734659815,3.3279011788292584e-14,5.264547462331045e-13,True,DOWN,DOWN,DOWN,3.4537679265235894,3.636437443964926,-7.490764436491148,6.847361690197275e-14,1.0467705307405376e-12,True,False,763,11903,181,top_200_CAP_DOWN_by_metaZ
ZNF69,-0.359028291818864,0.0038033226296014,0.0172910315845771,-2.93374154064358,-2.8940296360892,-1.642682208,5.0807669883984e-15,5.76117454756218e-13,-9.659645897,-7.824896015108241,-7.57942501499614,3.4708973509831816e-14,5.460788110928358e-13,True,DOWN,DOWN,DOWN,4.93086637901904,2.8940296360892,-7.447217532642829,9.532936530898851e-14,1.4115989228290541e-12,True,False,768,11902,182,top_200_CAP_DOWN_by_metaZ
ZNF626,-0.79959570653835,4.01981752780858e-07,9.74001038418648e-06,-5.27019832930393,-5.068016885622181,-1.080746117,1.69458648527073e-08,1.25247479984605e-07,-6.283034829,-5.640599967542615,-7.572135594001374,3.6713795189880606e-14,5.75373264953732e-13,True,DOWN,DOWN,DOWN,0.5725830819204338,5.068016885622181,-7.5523310425056644,4.2753609235061233e-14,6.797261320884801e-13,True,False,771,11901,183,top_200_CAP_DOWN_by_metaZ
SKAP1,-1.05010851257522,2.53587796592686e-06,4.40822660703504e-05,-4.86728521653599,-4.705223652300979,-1.546853146,2.1006809254156e-09,2.07419230030933e-08,-6.765103909,-5.989824115775575,-7.5625408019209805,3.952710689790892e-14,6.163890902360789e-13,True,DOWN,DOWN,DOWN,1.2846004634745967,4.705223652300979,-7.524380039897187,5.2971061535439256e-14,8.280069036645699e-13,True,True,774,11900,184,top_200_CAP_DOWN_by_metaZ
DPH6,-0.524904561550921,0.0037938211553089,0.0172568795533308,-2.93455711058808,-2.8948149459269326,-1.60374606,6.181107197506271e-15,6.85022049577184e-13,-9.615822422,-7.800196051036179,-7.562514800817315,3.953501158097833e-14,6.163890902360789e-13,True,DOWN,DOWN,DOWN,4.905381105109247,2.8948149459269326,-7.430975822443199,1.077994170079092e-13,1.5805102455649102e-12,True,False,775,11899,185,top_200_CAP_DOWN_by_metaZ
FCMR,-0.805680875261,6.47500700793473e-06,9.51434824209404e-05,-4.65322279906027,-4.510253932764892,-1.802961977,6.32975386315834e-10,7.49846601043892e-09,-7.038419953,-6.181992487939289,-7.560559950197516,4.0133785458998366e-14,6.241139378392242e-13,True,DOWN,DOWN,DOWN,1.6717385551743975,4.510253932764892,-7.5124163963610515,5.804581194627393e-14,8.968894446890381e-13,True,False,777,11898,186,top_200_CAP_DOWN_by_metaZ
BCL11B,-0.958778959173911,1.13241131556646e-05,0.0001515881670009,-4.52223428262969,-4.390210219935603,-2.171622563,3.03014908223641e-10,4.04039799716217e-09,-7.205222039,-6.297228263705765,-7.557160225296884,4.1196438235856266e-14,6.381750810305785e-13,True,DOWN,DOWN,DOWN,1.9070180437701625,4.390210219935603,-7.502951185766614,6.239679369642778e-14,9.604337047566075e-13,True,False,780,11897,187,top_200_CAP_DOWN_by_metaZ
CLEC2D,-0.76104918940651,1.12352386461919e-05,0.0001505533549381,-4.52409921704946,-4.391923204767334,-1.071630063,3.30093892711257e-10,4.34434408700649e-09,-7.185876345,-6.283942003396909,-7.548976683726469,4.38691393941138e-14,6.743903451642202e-13,True,DOWN,DOWN,DOWN,1.8920187986295751,4.391923204767334,-7.49515991237366,6.621758181933163e-14,1.016654435988544e-12,True,False,786,11896,188,top_200_CAP_DOWN_by_metaZ
ZC3H12B,-1.02526679670426,6.03210834312835e-05,0.0005939218895695,-4.11286251491504,-4.011551230191546,-1.689040786,2.7960356989948598e-11,5.59786772076158e-10,-7.740757165,-6.6569314197001415,-7.543756426709439,4.5662364678973574e-14,7.010652508462995e-13,True,DOWN,DOWN,DOWN,2.6453801895085958,4.011551230191546,-7.470514291758258,7.988199397261762e-14,1.2020101284821155e-12,True,True,787,11895,189,top_200_CAP_DOWN_by_metaZ
ZIK1,-0.726064578350196,0.0004652177393817,0.0031412457789132,-3.56822368698478,-3.5000231586621804,-1.498146475,8.62591152503656e-13,3.3969342065877e-11,-8.516068692,-7.150823066142664,-7.531285590934645,5.024316037401515e-14,7.684659579737026e-13,True,DOWN,DOWN,DOWN,3.6507999074804833,3.5000231586621804,-7.432122450374925,1.0686879598375867e-13,1.5726510020849907e-12,True,False,790,11894,190,top_200_CAP_DOWN_by_metaZ
CCDC66,-0.553690544294282,0.0002412629815881,0.0018357855467453,-3.7496512005719,-3.6713602570072164,-0.904725528,3.1005456719400098e-12,9.54205869083691e-11,-8.231410948,-6.973089800917976,-7.526762817960442,5.201372728642612e-14,7.922952690502701e-13,True,DOWN,DOWN,DOWN,3.30172954391076,3.6713602570072164,-7.436605047368225,1.0330582198629945e-13,1.5222490817810443e-12,True,False,793,11893,191,top_200_CAP_DOWN_by_metaZ
IL2RB,-1.17706099871607,9.57320720464635e-08,3.04552042893046e-06,-5.57038345435099,-5.334644224020639,-1.804961617,1.09848380325097e-07,6.34710826602078e-07,-5.842253299,-5.309629382668381,-7.526638048094795,5.206343156715339e-14,7.922952690502701e-13,True,DOWN,DOWN,DOWN,0.02501484135225862,5.309629382668381,-7.522275537092533,5.383098555675617e-14,8.394881830568161e-13,True,True,794,11892,192,top_200_CAP_DOWN_by_metaZ
FNBP4,-0.54601325858656,4.09474048132528e-07,9.8939119355179e-06,-5.26626230873934,-5.0644998091095665,-0.767794829,2.434433751013e-08,1.71273970902751e-07,-6.198371146,-5.57789724817359,-7.525311127284678,5.2594931703672354e-14,7.993768047490228e-13,True,DOWN,DOWN,DOWN,0.5133974390640237,5.0644998091095665,-7.50706409905601,6.046812396161787e-14,9.319341094747816e-13,True,False,795,11891,193,top_200_CAP_DOWN_by_metaZ
DSC1,-0.882036139299307,0.0080970582017786,0.0317620961086652,-2.67899450618652,-2.6479955876683032,-3.115537059,1.7785375847524203e-15,2.67189042639732e-13,-9.894667663,-7.955886243460774,-7.498076749692194,6.47609802214141e-14,9.648667373802055e-13,True,DOWN,DOWN,DOWN,5.3078906557924705,2.6479955876683032,-7.356200110891701,1.8921929204234078e-13,2.5834313059294956e-12,True,False,811,11890,194,top_200_CAP_DOWN_by_metaZ
AKAP7,-0.622513817889283,3.9290450885626e-05,0.000418011203351,-4.22049749085074,-4.111612990012229,-0.841206749,8.60896453309509e-11,1.3934430143312201e-09,-7.488685767,-6.489556101718396,-7.496158553267958,6.571529383057538e-14,9.778791814714806e-13,True,DOWN,DOWN,DOWN,2.377943111706167,4.111612990012229,-7.42984516293029,1.0872487522731249e-13,1.585824445018448e-12,True,False,812,11889,195,top_200_CAP_DOWN_by_metaZ
TMEM181,-0.462161231313161,7.7614214337504e-07,1.6859388144448e-05,-5.12873478337111,-4.941272821544491,-0.866853987,1.64750210895234e-08,1.22396005239958e-07,-6.28960612,-5.645449516671389,-7.485943155891551,7.103513834029621e-14,1.0518597752031853e-12,True,DOWN,DOWN,DOWN,0.7041766951268986,4.941272821544491,-7.462802212521494,8.470144750325729e-14,1.2658246581464826e-12,True,False,816,11888,196,top_200_CAP_DOWN_by_metaZ
LINC01128,-0.86184204206059,0.0002186222671298,0.0016977640279082,-3.77631652840255,-3.696465134865681,-1.181367964,5.759360419462139e-12,1.5720806011724301e-10,-8.093477456,-6.885478521465327,-7.482564117525624,7.288631385089849e-14,1.0753178635658199e-12,True,DOWN,DOWN,DOWN,3.1890133865996457,3.696465134865681,-7.395342650070315,1.4104408942661518e-13,1.9955921926718866e-12,True,False,819,11887,197,top_200_CAP_DOWN_by_metaZ
PDGFD,-1.13532226370343,9.95482716842178e-06,0.0001361295151885,-4.55267010911516,-4.418152288222414,-1.389468211,7.14133196206402e-10,8.318974929501461e-09,-7.01103337,-6.162925037715687,-7.481951529430051,7.322695593390407e-14,1.0780435730904077e-12,True,DOWN,DOWN,DOWN,1.744772749493273,4.418152288222414,-7.431976757844896,1.0698660297226371e-13,1.5726510020849907e-12,True,True,820,11886,198,top_200_CAP_DOWN_by_metaZ
SLC7A6,-0.696307864269267,2.33839535740017e-06,4.12556355156776e-05,-4.88549208162982,-4.721736478803988,-0.98732637,4.9236107688167e-09,4.3259418638519e-08,-6.569524357,-5.849733556786683,-7.475158149276556,7.711106166734283e-14,1.1310601748894427e-12,True,DOWN,DOWN,DOWN,1.1279970779826947,4.721736478803988,-7.441094252609646,9.985466679971589e-14,1.4749925903923802e-12,True,False,823,11885,199,top_200_CAP_DOWN_by_metaZ
DNAJC24,-0.497724709009763,0.0021813117720375,0.0110565399773538,-3.11102660016049,-3.064366948354778,-1.154890945,6.319327248460941e-14,4.28257907355025e-12,-9.097417015,-7.50128903539521,-7.471046993793839,7.955923335055378e-14,1.162411386426531e-12,True,DOWN,DOWN,DOWN,4.436922087040433,3.064366948354778,-7.351650209138364,1.957745899171198e-13,2.6669045884651167e-12,True,False,827,11884,200,top_200_CAP_DOWN_by_metaZ
